source,interaction,target,weight
R-HSA-5693568,abstraction:IsAComponentOf,R-HSA-5693537,6.344934360097766
R-HSA-5693554,abstraction:IsAComponentOf,R-HSA-5693537,6.344934360097766
R-HSA-9031528,abstraction:IsAComponentOf,R-HSA-9024446,5.315314942916608
R-HSA-9029569,abstraction:IsAComponentOf,R-HSA-9024446,5.315314942916608
R-HSA-9623433,abstraction:IsAComponentOf,R-HSA-9024446,5.315314942916608
R-HSA-9632974,abstraction:IsAComponentOf,R-HSA-9024446,5.315314942916608
R-HSA-9031525,abstraction:IsAComponentOf,R-HSA-9024446,5.315314942916608
R-HSA-9029558,abstraction:IsAComponentOf,R-HSA-9024446,5.315314942916608
R-HSA-1295596,abstraction:IsAComponentOf,R-HSA-5654732,5.651787179537821
R-HSA-9734779,abstraction:IsAComponentOf,R-HSA-9734767,3.235873401236772
R-HSA-9820448,abstraction:IsAComponentOf,R-HSA-9734767,3.235873401236772
R-HSA-203754,abstraction:IsAComponentOf,R-HSA-202131,2.143231279555166
R-HSA-203641,abstraction:IsAComponentOf,R-HSA-202131,2.143231279555166
R-HSA-203615,abstraction:IsAComponentOf,R-HSA-202131,2.143231279555166
R-HSA-9683686,abstraction:IsAComponentOf,R-HSA-9683701,4.958639998977875
R-HSA-9683612,abstraction:IsAComponentOf,R-HSA-9683701,4.958639998977875
R-HSA-9683683,abstraction:IsAComponentOf,R-HSA-9683701,4.958639998977875
R-HSA-9683610,abstraction:IsAComponentOf,R-HSA-9683701,4.958639998977875
R-HSA-9683673,abstraction:IsAComponentOf,R-HSA-9683701,4.958639998977875
R-HSA-2855086,abstraction:IsAComponentOf,R-HSA-166662,6.855759983863757
R-HSA-211981,abstraction:IsAComponentOf,R-HSA-211897,5.1211589284756505
R-HSA-211916,abstraction:IsAComponentOf,R-HSA-211897,5.1211589284756505
R-HSA-211935,abstraction:IsAComponentOf,R-HSA-211897,5.1211589284756505
R-HSA-211958,abstraction:IsAComponentOf,R-HSA-211897,5.1211589284756505
R-HSA-211979,abstraction:IsAComponentOf,R-HSA-211897,5.1211589284756505
R-HSA-211976,abstraction:IsAComponentOf,R-HSA-211897,5.1211589284756505
R-HSA-9772573,abstraction:IsAComponentOf,R-HSA-9694516,4.104224670821808
R-HSA-9772572,abstraction:IsAComponentOf,R-HSA-9694516,4.104224670821808
R-HSA-9705683,abstraction:IsAComponentOf,R-HSA-9694516,4.104224670821808
R-HSA-5657655,abstraction:IsAComponentOf,R-HSA-73942,3.8112375461403336
R-HSA-9729902,abstraction:IsAComponentOf,R-HSA-73942,3.8112375461403336
R-HSA-73943,abstraction:IsAComponentOf,R-HSA-73942,3.8112375461403336
R-HSA-111448,abstraction:IsAComponentOf,R-HSA-114452,5.009933293365426
R-HSA-139910,abstraction:IsAComponentOf,R-HSA-114452,5.009933293365426
R-HSA-111447,abstraction:IsAComponentOf,R-HSA-114452,5.009933293365426
R-HSA-111446,abstraction:IsAComponentOf,R-HSA-114452,5.009933293365426
R-HSA-139915,abstraction:IsAComponentOf,R-HSA-114452,5.009933293365426
R-HSA-9649948,abstraction:IsAComponentOf,R-HSA-6802949,5.181783550292085
R-HSA-9649913,abstraction:IsAComponentOf,R-HSA-6802949,5.181783550292085
R-HSA-5674499,abstraction:IsAComponentOf,R-HSA-5675221,6.162612803303811
R-HSA-1237044,abstraction:IsAComponentOf,R-HSA-1480926,3.691692395490551
R-HSA-1247673,abstraction:IsAComponentOf,R-HSA-1480926,3.691692395490551
R-HSA-159424,abstraction:IsAComponentOf,R-HSA-156587,5.469465622743866
R-HSA-500792,abstraction:IsAComponentOf,R-HSA-372790,1.9309246795708337
R-HSA-388396,abstraction:IsAComponentOf,R-HSA-372790,1.9309246795708337
R-HSA-9669917,abstraction:IsAComponentOf,R-HSA-9669937,5.3894229150703294
R-HSA-9669914,abstraction:IsAComponentOf,R-HSA-9669937,5.3894229150703294
R-HSA-9669924,abstraction:IsAComponentOf,R-HSA-9669937,5.3894229150703294
R-HSA-9669926,abstraction:IsAComponentOf,R-HSA-9669937,5.3894229150703294
R-HSA-9669936,abstraction:IsAComponentOf,R-HSA-9669937,5.3894229150703294
R-HSA-9669934,abstraction:IsAComponentOf,R-HSA-9669937,5.3894229150703294
R-HSA-9669929,abstraction:IsAComponentOf,R-HSA-9669937,5.3894229150703294
R-HSA-211957,abstraction:IsAComponentOf,R-HSA-211981,5.757147695195647
R-HSA-211999,abstraction:IsAComponentOf,R-HSA-211981,5.757147695195647
R-HSA-4411364,abstraction:IsAComponentOf,R-HSA-201722,5.651787179537821
R-HSA-75892,abstraction:IsAComponentOf,R-HSA-109582,0
R-HSA-76002,abstraction:IsAComponentOf,R-HSA-109582,0
R-HSA-75205,abstraction:IsAComponentOf,R-HSA-109582,0
R-HSA-983231,abstraction:IsAComponentOf,R-HSA-109582,0
R-HSA-418346,abstraction:IsAComponentOf,R-HSA-109582,0
R-HSA-202733,abstraction:IsAComponentOf,R-HSA-109582,0
R-HSA-140877,abstraction:IsAComponentOf,R-HSA-109582,0
R-HSA-2219530,abstraction:IsAComponentOf,R-HSA-2219528,2.8244735576087927
R-HSA-5674400,abstraction:IsAComponentOf,R-HSA-2219528,2.8244735576087927
R-HSA-5674404,abstraction:IsAComponentOf,R-HSA-2219528,2.8244735576087927
R-HSA-1369062,abstraction:IsAComponentOf,R-HSA-382556,3.691692395490551
R-HSA-1369007,abstraction:IsAComponentOf,R-HSA-382556,3.691692395490551
R-HSA-5655332,abstraction:IsAComponentOf,R-HSA-1226099,2.8244735576087927
R-HSA-5655253,abstraction:IsAComponentOf,R-HSA-1226099,2.8244735576087927
R-HSA-5655302,abstraction:IsAComponentOf,R-HSA-1226099,2.8244735576087927
R-HSA-5655291,abstraction:IsAComponentOf,R-HSA-1226099,2.8244735576087927
R-HSA-419037,abstraction:IsAComponentOf,R-HSA-375165,4.316786112805481
R-HSA-9026766,abstraction:IsAComponentOf,R-HSA-9026395,5.87493073085203
R-HSA-9026762,abstraction:IsAComponentOf,R-HSA-9026395,5.87493073085203
R-HSA-2644602,abstraction:IsAComponentOf,R-HSA-2644603,2.8244735576087927
R-HSA-2691230,abstraction:IsAComponentOf,R-HSA-2644603,2.8244735576087927
R-HSA-2644605,abstraction:IsAComponentOf,R-HSA-2644603,2.8244735576087927
R-HSA-2894858,abstraction:IsAComponentOf,R-HSA-2644603,2.8244735576087927
R-HSA-2660825,abstraction:IsAComponentOf,R-HSA-2644603,2.8244735576087927
R-HSA-174414,abstraction:IsAComponentOf,R-HSA-174417,6.162612803303811
R-HSA-174430,abstraction:IsAComponentOf,R-HSA-174417,6.162612803303811
R-HSA-174411,abstraction:IsAComponentOf,R-HSA-174417,6.162612803303811
R-HSA-8849469,abstraction:IsAComponentOf,R-HSA-8848021,5.651787179537821
R-HSA-8857538,abstraction:IsAComponentOf,R-HSA-8848021,5.651787179537821
R-HSA-8849474,abstraction:IsAComponentOf,R-HSA-8848021,5.651787179537821
R-HSA-8847993,abstraction:IsAComponentOf,R-HSA-8848021,5.651787179537821
R-HSA-8849470,abstraction:IsAComponentOf,R-HSA-8848021,5.651787179537821
R-HSA-8849472,abstraction:IsAComponentOf,R-HSA-8848021,5.651787179537821
R-HSA-8849473,abstraction:IsAComponentOf,R-HSA-8848021,5.651787179537821
R-HSA-8849471,abstraction:IsAComponentOf,R-HSA-8848021,5.651787179537821
R-HSA-8849468,abstraction:IsAComponentOf,R-HSA-8848021,5.651787179537821
R-HSA-5423646,abstraction:IsAComponentOf,R-HSA-211859,2.143231279555166
R-HSA-156580,abstraction:IsAComponentOf,R-HSA-211859,2.143231279555166
R-HSA-211945,abstraction:IsAComponentOf,R-HSA-211859,2.143231279555166
R-HSA-76066,abstraction:IsAComponentOf,R-HSA-76046,6.008462123476553
R-HSA-76061,abstraction:IsAComponentOf,R-HSA-76046,6.008462123476553
R-HSA-76071,abstraction:IsAComponentOf,R-HSA-76046,6.008462123476553
R-HSA-68882,abstraction:IsAComponentOf,R-HSA-2555396,4.818878056602717
R-HSA-68881,abstraction:IsAComponentOf,R-HSA-2555396,4.818878056602717
R-HSA-68867,abstraction:IsAComponentOf,R-HSA-69002,5.064000514635702
R-HSA-68962,abstraction:IsAComponentOf,R-HSA-69002,5.064000514635702
R-HSA-1295596,abstraction:IsAComponentOf,R-HSA-5654727,5.556476999733496
R-HSA-2995383,abstraction:IsAComponentOf,R-HSA-2995410,6.344934360097766
R-HSA-9615933,abstraction:IsAComponentOf,R-HSA-2995410,6.344934360097766
R-HSA-9668328,abstraction:IsAComponentOf,R-HSA-2995410,6.344934360097766
R-HSA-2393930,abstraction:IsAComponentOf,R-HSA-74259,6.568077911411976
R-HSA-74158,abstraction:IsAComponentOf,R-HSA-74160,0
R-HSA-75944,abstraction:IsAComponentOf,R-HSA-74160,0
R-HSA-73857,abstraction:IsAComponentOf,R-HSA-74160,0
R-HSA-211000,abstraction:IsAComponentOf,R-HSA-74160,0
R-HSA-212165,abstraction:IsAComponentOf,R-HSA-74160,0
R-HSA-73864,abstraction:IsAComponentOf,R-HSA-74160,0
R-HSA-5610783,abstraction:IsAComponentOf,R-HSA-5610787,5.651787179537821
R-HSA-5610780,abstraction:IsAComponentOf,R-HSA-5610787,5.651787179537821
R-HSA-5610785,abstraction:IsAComponentOf,R-HSA-5610787,5.651787179537821
R-HSA-5358565,abstraction:IsAComponentOf,R-HSA-5358508,3.8112375461403336
R-HSA-5358606,abstraction:IsAComponentOf,R-HSA-5358508,3.8112375461403336
R-HSA-9735786,abstraction:IsAComponentOf,R-HSA-9735804,2.7020988444852363
R-HSA-9734207,abstraction:IsAComponentOf,R-HSA-9735804,2.7020988444852363
R-HSA-75157,abstraction:IsAComponentOf,R-HSA-73887,1.9309246795708337
R-HSA-193704,abstraction:IsAComponentOf,R-HSA-73887,1.9309246795708337
R-HSA-75893,abstraction:IsAComponentOf,R-HSA-73887,1.9309246795708337
R-HSA-75158,abstraction:IsAComponentOf,R-HSA-73887,1.9309246795708337
R-HSA-1989781,abstraction:IsAComponentOf,R-HSA-400206,3.1340907069268296
R-HSA-69239,abstraction:IsAComponentOf,R-HSA-69306,0
R-HSA-9913635,abstraction:IsAComponentOf,R-HSA-69306,0
R-HSA-69002,abstraction:IsAComponentOf,R-HSA-69306,0
R-HSA-5654738,abstraction:IsAComponentOf,R-HSA-190236,2.937092435716942
R-HSA-5654736,abstraction:IsAComponentOf,R-HSA-190236,2.937092435716942
R-HSA-5654743,abstraction:IsAComponentOf,R-HSA-190236,2.937092435716942
R-HSA-5654741,abstraction:IsAComponentOf,R-HSA-190236,2.937092435716942
R-HSA-416482,abstraction:IsAComponentOf,R-HSA-388396,3.8434984083585553
R-HSA-418594,abstraction:IsAComponentOf,R-HSA-388396,3.8434984083585553
R-HSA-416476,abstraction:IsAComponentOf,R-HSA-388396,3.8434984083585553
R-HSA-418555,abstraction:IsAComponentOf,R-HSA-388396,3.8434984083585553
R-HSA-397795,abstraction:IsAComponentOf,R-HSA-388396,3.8434984083585553
R-HSA-418597,abstraction:IsAComponentOf,R-HSA-388396,3.8434984083585553
R-HSA-379726,abstraction:IsAComponentOf,R-HSA-379724,4.696275734510384
R-HSA-379716,abstraction:IsAComponentOf,R-HSA-379724,4.696275734510384
R-HSA-9635644,abstraction:IsAComponentOf,R-HSA-9637690,5.064000514635702
R-HSA-9635465,abstraction:IsAComponentOf,R-HSA-9637690,5.064000514635702
R-HSA-9636667,abstraction:IsAComponentOf,R-HSA-9637690,5.064000514635702
R-HSA-9636569,abstraction:IsAComponentOf,R-HSA-9637690,5.064000514635702
R-HSA-9637687,abstraction:IsAComponentOf,R-HSA-9637690,5.064000514635702
R-HSA-6782315,abstraction:IsAComponentOf,R-HSA-72306,3.9470390872993955
R-HSA-6787450,abstraction:IsAComponentOf,R-HSA-72306,3.9470390872993955
R-HSA-6785470,abstraction:IsAComponentOf,R-HSA-72306,3.9470390872993955
R-HSA-6784531,abstraction:IsAComponentOf,R-HSA-72306,3.9470390872993955
R-HSA-69895,abstraction:IsAComponentOf,R-HSA-69560,6.568077911411976
R-HSA-9759785,abstraction:IsAComponentOf,R-HSA-9759774,2.7020988444852363
R-HSA-9931530,abstraction:IsAComponentOf,R-HSA-9909396,0
R-HSA-9931529,abstraction:IsAComponentOf,R-HSA-9909396,0
R-HSA-9933387,abstraction:IsAComponentOf,R-HSA-9909396,0
R-HSA-9931512,abstraction:IsAComponentOf,R-HSA-9909396,0
R-HSA-9931510,abstraction:IsAComponentOf,R-HSA-9909396,0
R-HSA-1368108,abstraction:IsAComponentOf,R-HSA-9909396,0
R-HSA-9931521,abstraction:IsAComponentOf,R-HSA-9909396,0
R-HSA-9931509,abstraction:IsAComponentOf,R-HSA-9909396,0
R-HSA-9932298,abstraction:IsAComponentOf,R-HSA-9909396,0
R-HSA-69613,abstraction:IsAComponentOf,R-HSA-69615,5.009933293365426
R-HSA-69580,abstraction:IsAComponentOf,R-HSA-69615,5.009933293365426
R-HSA-9025094,abstraction:IsAComponentOf,R-HSA-9018683,4.958639998977875
R-HSA-9025106,abstraction:IsAComponentOf,R-HSA-9018683,4.958639998977875
R-HSA-975871,abstraction:IsAComponentOf,R-HSA-168176,4.147709782761547
R-HSA-8856825,abstraction:IsAComponentOf,R-HSA-8856828,4.553174890869711
R-HSA-190828,abstraction:IsAComponentOf,R-HSA-157858,4.553174890869711
R-HSA-191650,abstraction:IsAComponentOf,R-HSA-157858,4.553174890869711
R-HSA-181438,abstraction:IsAComponentOf,R-HSA-168898,3.218173824137371
R-HSA-166016,abstraction:IsAComponentOf,R-HSA-168898,3.218173824137371
R-HSA-5686938,abstraction:IsAComponentOf,R-HSA-168898,3.218173824137371
R-HSA-168181,abstraction:IsAComponentOf,R-HSA-168898,3.218173824137371
R-HSA-1679131,abstraction:IsAComponentOf,R-HSA-168898,3.218173824137371
R-HSA-168138,abstraction:IsAComponentOf,R-HSA-168898,3.218173824137371
R-HSA-168164,abstraction:IsAComponentOf,R-HSA-168898,3.218173824137371
R-HSA-168142,abstraction:IsAComponentOf,R-HSA-168898,3.218173824137371
R-HSA-168176,abstraction:IsAComponentOf,R-HSA-168898,3.218173824137371
R-HSA-8868773,abstraction:IsAComponentOf,R-HSA-72312,3.9470390872993955
R-HSA-8868766,abstraction:IsAComponentOf,R-HSA-72312,3.9470390872993955
R-HSA-180534,abstraction:IsAComponentOf,R-HSA-162909,4.06255197442124
R-HSA-176033,abstraction:IsAComponentOf,R-HSA-162909,4.06255197442124
R-HSA-164952,abstraction:IsAComponentOf,R-HSA-162909,4.06255197442124
R-HSA-176034,abstraction:IsAComponentOf,R-HSA-162909,4.06255197442124
R-HSA-177243,abstraction:IsAComponentOf,R-HSA-162909,4.06255197442124
R-HSA-180585,abstraction:IsAComponentOf,R-HSA-162909,4.06255197442124
R-HSA-180689,abstraction:IsAComponentOf,R-HSA-162909,4.06255197442124
R-HSA-418360,abstraction:IsAComponentOf,R-HSA-418346,4.316786112805481
R-HSA-392851,abstraction:IsAComponentOf,R-HSA-418346,4.316786112805481
R-HSA-392154,abstraction:IsAComponentOf,R-HSA-418346,4.316786112805481
R-HSA-432142,abstraction:IsAComponentOf,R-HSA-418346,4.316786112805481
R-HSA-5663220,abstraction:IsAComponentOf,R-HSA-195258,4.399024211042453
R-HSA-5626467,abstraction:IsAComponentOf,R-HSA-195258,4.399024211042453
R-HSA-5627117,abstraction:IsAComponentOf,R-HSA-195258,4.399024211042453
R-HSA-5668599,abstraction:IsAComponentOf,R-HSA-195258,4.399024211042453
R-HSA-5627083,abstraction:IsAComponentOf,R-HSA-195258,4.399024211042453
R-HSA-5627123,abstraction:IsAComponentOf,R-HSA-195258,4.399024211042453
R-HSA-5666185,abstraction:IsAComponentOf,R-HSA-195258,4.399024211042453
R-HSA-5625900,abstraction:IsAComponentOf,R-HSA-195258,4.399024211042453
R-HSA-5625740,abstraction:IsAComponentOf,R-HSA-195258,4.399024211042453
R-HSA-5663213,abstraction:IsAComponentOf,R-HSA-195258,4.399024211042453
R-HSA-5625970,abstraction:IsAComponentOf,R-HSA-195258,4.399024211042453
R-HSA-5205647,abstraction:IsAComponentOf,R-HSA-9663891,6.008462123476553
R-HSA-9646399,abstraction:IsAComponentOf,R-HSA-9663891,6.008462123476553
R-HSA-9613354,abstraction:IsAComponentOf,R-HSA-9663891,6.008462123476553
R-HSA-9664873,abstraction:IsAComponentOf,R-HSA-9663891,6.008462123476553
R-HSA-69091,abstraction:IsAComponentOf,R-HSA-69109,6.162612803303811
R-HSA-9005895,abstraction:IsAComponentOf,R-HSA-9697154,5.757147695195647
R-HSA-156711,abstraction:IsAComponentOf,R-HSA-69275,5.3894229150703294
R-HSA-69273,abstraction:IsAComponentOf,R-HSA-69275,5.3894229150703294
R-HSA-8854518,abstraction:IsAComponentOf,R-HSA-69275,5.3894229150703294
R-HSA-2565942,abstraction:IsAComponentOf,R-HSA-69275,5.3894229150703294
R-HSA-8854050,abstraction:IsAComponentOf,R-HSA-69275,5.3894229150703294
R-HSA-8852276,abstraction:IsAComponentOf,R-HSA-69275,5.3894229150703294
R-HSA-8854521,abstraction:IsAComponentOf,R-HSA-69275,5.3894229150703294
R-HSA-380287,abstraction:IsAComponentOf,R-HSA-69275,5.3894229150703294
R-HSA-5621575,abstraction:IsAComponentOf,R-HSA-5621481,3.218173824137371
R-HSA-5621480,abstraction:IsAComponentOf,R-HSA-5621481,3.218173824137371
R-HSA-5607764,abstraction:IsAComponentOf,R-HSA-5621481,3.218173824137371
R-HSA-5250992,abstraction:IsAComponentOf,R-HSA-168799,5.469465622743866
R-HSA-5250958,abstraction:IsAComponentOf,R-HSA-168799,5.469465622743866
R-HSA-5250981,abstraction:IsAComponentOf,R-HSA-168799,5.469465622743866
R-HSA-5250968,abstraction:IsAComponentOf,R-HSA-168799,5.469465622743866
R-HSA-5250955,abstraction:IsAComponentOf,R-HSA-168799,5.469465622743866
R-HSA-5250982,abstraction:IsAComponentOf,R-HSA-168799,5.469465622743866
R-HSA-5250989,abstraction:IsAComponentOf,R-HSA-168799,5.469465622743866
R-HSA-5250971,abstraction:IsAComponentOf,R-HSA-168799,5.469465622743866
R-HSA-1980145,abstraction:IsAComponentOf,R-HSA-157118,1.9309246795708337
R-HSA-1980143,abstraction:IsAComponentOf,R-HSA-157118,1.9309246795708337
R-HSA-1912422,abstraction:IsAComponentOf,R-HSA-157118,1.9309246795708337
R-HSA-9013694,abstraction:IsAComponentOf,R-HSA-157118,1.9309246795708337
R-HSA-9012852,abstraction:IsAComponentOf,R-HSA-157118,1.9309246795708337
R-HSA-5467337,abstraction:IsAComponentOf,R-HSA-4839744,4.958639998977875
R-HSA-5467333,abstraction:IsAComponentOf,R-HSA-4839744,4.958639998977875
R-HSA-68616,abstraction:IsAComponentOf,R-HSA-68867,6.568077911411976
R-HSA-68689,abstraction:IsAComponentOf,R-HSA-68867,6.568077911411976
R-HSA-1614603,abstraction:IsAComponentOf,R-HSA-1614635,4.193172156838304
R-HSA-1614558,abstraction:IsAComponentOf,R-HSA-1614635,4.193172156838304
R-HSA-1237112,abstraction:IsAComponentOf,R-HSA-1614635,4.193172156838304
R-HSA-190861,abstraction:IsAComponentOf,R-HSA-190828,5.757147695195647
R-HSA-190873,abstraction:IsAComponentOf,R-HSA-190828,5.757147695195647
R-HSA-9701192,abstraction:IsAComponentOf,R-HSA-9675136,4.52038506804672
R-HSA-9699150,abstraction:IsAComponentOf,R-HSA-9675136,4.52038506804672
R-HSA-9701190,abstraction:IsAComponentOf,R-HSA-9675136,4.52038506804672
R-HSA-9701193,abstraction:IsAComponentOf,R-HSA-9675136,4.52038506804672
R-HSA-9663199,abstraction:IsAComponentOf,R-HSA-9675136,4.52038506804672
R-HSA-168268,abstraction:IsAComponentOf,R-HSA-168255,2.97076565082353
R-HSA-168271,abstraction:IsAComponentOf,R-HSA-168255,2.97076565082353
R-HSA-168277,abstraction:IsAComponentOf,R-HSA-168255,2.97076565082353
R-HSA-168274,abstraction:IsAComponentOf,R-HSA-168255,2.97076565082353
R-HSA-168275,abstraction:IsAComponentOf,R-HSA-168255,2.97076565082353
R-HSA-168273,abstraction:IsAComponentOf,R-HSA-168255,2.97076565082353
R-HSA-168270,abstraction:IsAComponentOf,R-HSA-168255,2.97076565082353
R-HSA-168276,abstraction:IsAComponentOf,R-HSA-168255,2.97076565082353
R-HSA-1660662,abstraction:IsAComponentOf,R-HSA-428157,3.1340907069268296
R-HSA-1660661,abstraction:IsAComponentOf,R-HSA-428157,3.1340907069268296
R-HSA-9845614,abstraction:IsAComponentOf,R-HSA-428157,3.1340907069268296
R-HSA-75896,abstraction:IsAComponentOf,R-HSA-8848584,3.1340907069268296
R-HSA-9640463,abstraction:IsAComponentOf,R-HSA-8848584,3.1340907069268296
R-HSA-5693579,abstraction:IsAComponentOf,R-HSA-5685942,5.87493073085203
R-HSA-5693537,abstraction:IsAComponentOf,R-HSA-5685942,5.87493073085203
R-HSA-9758274,abstraction:IsAComponentOf,R-HSA-445989,6.855759983863757
R-HSA-9659787,abstraction:IsAComponentOf,R-HSA-9687139,5.651787179537821
R-HSA-9687136,abstraction:IsAComponentOf,R-HSA-9687139,5.651787179537821
R-HSA-9856651,abstraction:IsAComponentOf,R-HSA-9730414,3.235873401236772
R-HSA-9856649,abstraction:IsAComponentOf,R-HSA-9730414,3.235873401236772
R-HSA-5602415,abstraction:IsAComponentOf,R-HSA-5602358,5.3894229150703294
R-HSA-5602680,abstraction:IsAComponentOf,R-HSA-5602358,5.3894229150703294
R-HSA-5603041,abstraction:IsAComponentOf,R-HSA-5602358,5.3894229150703294
R-HSA-5602636,abstraction:IsAComponentOf,R-HSA-5602358,5.3894229150703294
R-HSA-5602410,abstraction:IsAComponentOf,R-HSA-5602358,5.3894229150703294
R-HSA-5602571,abstraction:IsAComponentOf,R-HSA-5602358,5.3894229150703294
R-HSA-9824856,abstraction:IsAComponentOf,R-HSA-5602358,5.3894229150703294
R-HSA-5603037,abstraction:IsAComponentOf,R-HSA-5602358,5.3894229150703294
R-HSA-5603027,abstraction:IsAComponentOf,R-HSA-5602358,5.3894229150703294
R-HSA-5603029,abstraction:IsAComponentOf,R-HSA-5602358,5.3894229150703294
R-HSA-5602498,abstraction:IsAComponentOf,R-HSA-5602358,5.3894229150703294
R-HSA-5602566,abstraction:IsAComponentOf,R-HSA-5602358,5.3894229150703294
R-HSA-164843,abstraction:IsAComponentOf,R-HSA-162592,5.757147695195647
R-HSA-175567,abstraction:IsAComponentOf,R-HSA-162592,5.757147695195647
R-HSA-177539,abstraction:IsAComponentOf,R-HSA-162592,5.757147695195647
R-HSA-2395516,abstraction:IsAComponentOf,R-HSA-1362409,2.143231279555166
R-HSA-561048,abstraction:IsAComponentOf,R-HSA-9955298,4.48863636973214
R-HSA-879518,abstraction:IsAComponentOf,R-HSA-9955298,4.48863636973214
R-HSA-9958517,abstraction:IsAComponentOf,R-HSA-9955298,4.48863636973214
R-HSA-433692,abstraction:IsAComponentOf,R-HSA-9955298,4.48863636973214
R-HSA-428643,abstraction:IsAComponentOf,R-HSA-9955298,4.48863636973214
R-HSA-141444,abstraction:IsAComponentOf,R-HSA-141424,6.568077911411976
R-HSA-8986944,abstraction:IsAComponentOf,R-HSA-212436,3.4004953809313254
R-HSA-8878166,abstraction:IsAComponentOf,R-HSA-212436,3.4004953809313254
R-HSA-8953750,abstraction:IsAComponentOf,R-HSA-212436,3.4004953809313254
R-HSA-350054,abstraction:IsAComponentOf,R-HSA-212436,3.4004953809313254
R-HSA-8853884,abstraction:IsAComponentOf,R-HSA-212436,3.4004953809313254
R-HSA-8878171,abstraction:IsAComponentOf,R-HSA-212436,3.4004953809313254
R-HSA-9634815,abstraction:IsAComponentOf,R-HSA-212436,3.4004953809313254
R-HSA-9614085,abstraction:IsAComponentOf,R-HSA-212436,3.4004953809313254
R-HSA-3700989,abstraction:IsAComponentOf,R-HSA-212436,3.4004953809313254
R-HSA-8878159,abstraction:IsAComponentOf,R-HSA-212436,3.4004953809313254
R-HSA-2173793,abstraction:IsAComponentOf,R-HSA-212436,3.4004953809313254
R-HSA-8864260,abstraction:IsAComponentOf,R-HSA-212436,3.4004953809313254
R-HSA-383280,abstraction:IsAComponentOf,R-HSA-212436,3.4004953809313254
R-HSA-2032785,abstraction:IsAComponentOf,R-HSA-212436,3.4004953809313254
R-HSA-9909648,abstraction:IsAComponentOf,R-HSA-389948,5.246322071429656
R-HSA-9674403,abstraction:IsAComponentOf,R-HSA-9674415,5.651787179537821
R-HSA-9674401,abstraction:IsAComponentOf,R-HSA-9674415,5.651787179537821
R-HSA-9674396,abstraction:IsAComponentOf,R-HSA-9674415,5.651787179537821
R-HSA-9674404,abstraction:IsAComponentOf,R-HSA-9674415,5.651787179537821
R-HSA-2644607,abstraction:IsAComponentOf,R-HSA-2644605,5.651787179537821
R-HSA-9856872,abstraction:IsAComponentOf,R-HSA-611105,5.1211589284756505
R-HSA-9864848,abstraction:IsAComponentOf,R-HSA-611105,5.1211589284756505
R-HSA-6799198,abstraction:IsAComponentOf,R-HSA-611105,5.1211589284756505
R-HSA-9865881,abstraction:IsAComponentOf,R-HSA-611105,5.1211589284756505
R-HSA-75815,abstraction:IsAComponentOf,R-HSA-69242,3.4770354580536598
R-HSA-69239,abstraction:IsAComponentOf,R-HSA-69242,3.4770354580536598
R-HSA-2468052,abstraction:IsAComponentOf,R-HSA-69242,3.4770354580536598
R-HSA-69656,abstraction:IsAComponentOf,R-HSA-69242,3.4770354580536598
R-HSA-111453,abstraction:IsAComponentOf,R-HSA-109606,4.399024211042453
R-HSA-75108,abstraction:IsAComponentOf,R-HSA-109606,4.399024211042453
R-HSA-111452,abstraction:IsAComponentOf,R-HSA-109606,4.399024211042453
R-HSA-114294,abstraction:IsAComponentOf,R-HSA-109606,4.399024211042453
R-HSA-111471,abstraction:IsAComponentOf,R-HSA-109606,4.399024211042453
R-HSA-114452,abstraction:IsAComponentOf,R-HSA-109606,4.399024211042453
R-HSA-163615,abstraction:IsAComponentOf,R-HSA-111931,6.568077911411976
R-HSA-6807047,abstraction:IsAComponentOf,R-HSA-191273,4.958639998977875
R-HSA-9969896,abstraction:IsAComponentOf,R-HSA-191273,4.958639998977875
R-HSA-6807062,abstraction:IsAComponentOf,R-HSA-191273,4.958639998977875
R-HSA-9969901,abstraction:IsAComponentOf,R-HSA-191273,4.958639998977875
R-HSA-9636003,abstraction:IsAComponentOf,R-HSA-73929,5.1211589284756505
R-HSA-73928,abstraction:IsAComponentOf,R-HSA-73929,5.1211589284756505
R-HSA-9730737,abstraction:IsAComponentOf,R-HSA-73929,5.1211589284756505
R-HSA-73927,abstraction:IsAComponentOf,R-HSA-73929,5.1211589284756505
R-HSA-6799990,abstraction:IsAComponentOf,R-HSA-6803157,3.218173824137371
R-HSA-6803544,abstraction:IsAComponentOf,R-HSA-6803157,3.218173824137371
R-HSA-1461973,abstraction:IsAComponentOf,R-HSA-6803157,3.218173824137371
R-HSA-9665250,abstraction:IsAComponentOf,R-HSA-9665230,5.315314942916608
R-HSA-9665245,abstraction:IsAComponentOf,R-HSA-9665230,5.315314942916608
R-HSA-9665251,abstraction:IsAComponentOf,R-HSA-9665230,5.315314942916608
R-HSA-9665233,abstraction:IsAComponentOf,R-HSA-9665230,5.315314942916608
R-HSA-9665244,abstraction:IsAComponentOf,R-HSA-9665230,5.315314942916608
R-HSA-9665247,abstraction:IsAComponentOf,R-HSA-9665230,5.315314942916608
R-HSA-9665246,abstraction:IsAComponentOf,R-HSA-9665230,5.315314942916608
R-HSA-9665249,abstraction:IsAComponentOf,R-HSA-9665230,5.315314942916608
R-HSA-193670,abstraction:IsAComponentOf,R-HSA-193704,4.863329819173551
R-HSA-193697,abstraction:IsAComponentOf,R-HSA-193704,4.863329819173551
R-HSA-193692,abstraction:IsAComponentOf,R-HSA-193704,4.863329819173551
R-HSA-193639,abstraction:IsAComponentOf,R-HSA-193704,4.863329819173551
R-HSA-193681,abstraction:IsAComponentOf,R-HSA-193704,4.863329819173551
R-HSA-204998,abstraction:IsAComponentOf,R-HSA-193704,4.863329819173551
R-HSA-205017,abstraction:IsAComponentOf,R-HSA-193704,4.863329819173551
R-HSA-166208,abstraction:IsAComponentOf,R-HSA-165159,1.9309246795708337
R-HSA-380972,abstraction:IsAComponentOf,R-HSA-165159,1.9309246795708337
R-HSA-165181,abstraction:IsAComponentOf,R-HSA-165159,1.9309246795708337
R-HSA-75876,abstraction:IsAComponentOf,R-HSA-75105,4.553174890869711
R-HSA-168333,abstraction:IsAComponentOf,R-HSA-168274,4.696275734510384
R-HSA-168330,abstraction:IsAComponentOf,R-HSA-168274,4.696275734510384
R-HSA-2142691,abstraction:IsAComponentOf,R-HSA-2142753,4.553174890869711
R-HSA-2142816,abstraction:IsAComponentOf,R-HSA-2142753,4.553174890869711
R-HSA-2142712,abstraction:IsAComponentOf,R-HSA-2142753,4.553174890869711
R-HSA-2142696,abstraction:IsAComponentOf,R-HSA-2142753,4.553174890869711
R-HSA-2142670,abstraction:IsAComponentOf,R-HSA-2142753,4.553174890869711
R-HSA-2142770,abstraction:IsAComponentOf,R-HSA-2142753,4.553174890869711
R-HSA-2142688,abstraction:IsAComponentOf,R-HSA-2142753,4.553174890869711
R-HSA-2162123,abstraction:IsAComponentOf,R-HSA-2142753,4.553174890869711
R-HSA-168249,abstraction:IsAComponentOf,R-HSA-168256,0
R-HSA-1280215,abstraction:IsAComponentOf,R-HSA-168256,0
R-HSA-1280218,abstraction:IsAComponentOf,R-HSA-168256,0
R-HSA-9764302,abstraction:IsAComponentOf,R-HSA-9764260,5.181783550292085
R-HSA-9759475,abstraction:IsAComponentOf,R-HSA-9764260,5.181783550292085
R-HSA-6811436,abstraction:IsAComponentOf,R-HSA-8856688,6.344934360097766
R-HSA-6811434,abstraction:IsAComponentOf,R-HSA-8856688,6.344934360097766
R-HSA-9638334,abstraction:IsAComponentOf,R-HSA-9638482,5.651787179537821
R-HSA-9927020,abstraction:IsAComponentOf,R-HSA-9638482,5.651787179537821
R-HSA-9013419,abstraction:IsAComponentOf,R-HSA-9715370,4.26549281841793
R-HSA-9013425,abstraction:IsAComponentOf,R-HSA-9715370,4.26549281841793
R-HSA-9766229,abstraction:IsAComponentOf,R-HSA-9764561,6.008462123476553
R-HSA-170984,abstraction:IsAComponentOf,R-HSA-169893,6.162612803303811
R-HSA-170968,abstraction:IsAComponentOf,R-HSA-169893,6.162612803303811
R-HSA-9682706,abstraction:IsAComponentOf,R-HSA-9679514,4.958639998977875
R-HSA-9682708,abstraction:IsAComponentOf,R-HSA-9679514,4.958639998977875
R-HSA-8963678,abstraction:IsAComponentOf,R-HSA-8963676,6.162612803303811
R-HSA-8981373,abstraction:IsAComponentOf,R-HSA-8963676,6.162612803303811
R-HSA-9734009,abstraction:IsAComponentOf,R-HSA-9645723,1.2937971226921803
R-HSA-9693928,abstraction:IsAComponentOf,R-HSA-9645723,1.2937971226921803
R-HSA-9710421,abstraction:IsAComponentOf,R-HSA-9645723,1.2937971226921803
R-HSA-187706,abstraction:IsAComponentOf,R-HSA-187687,4.958639998977875
R-HSA-169893,abstraction:IsAComponentOf,R-HSA-187687,4.958639998977875
R-HSA-167044,abstraction:IsAComponentOf,R-HSA-187687,4.958639998977875
R-HSA-5365859,abstraction:IsAComponentOf,R-HSA-5362517,5.315314942916608
R-HSA-3645790,abstraction:IsAComponentOf,R-HSA-3642278,5.556476999733496
R-HSA-3642279,abstraction:IsAComponentOf,R-HSA-3642278,5.556476999733496
R-HSA-389542,abstraction:IsAComponentOf,R-HSA-8978934,4.818878056602717
R-HSA-1474151,abstraction:IsAComponentOf,R-HSA-8978934,4.818878056602717
R-HSA-2142789,abstraction:IsAComponentOf,R-HSA-8978934,4.818878056602717
R-HSA-73930,abstraction:IsAComponentOf,R-HSA-110381,6.008462123476553
R-HSA-168928,abstraction:IsAComponentOf,R-HSA-168249,2.5790938648477013
R-HSA-879415,abstraction:IsAComponentOf,R-HSA-168249,2.5790938648477013
R-HSA-166658,abstraction:IsAComponentOf,R-HSA-168249,2.5790938648477013
R-HSA-168898,abstraction:IsAComponentOf,R-HSA-168249,2.5790938648477013
R-HSA-1222556,abstraction:IsAComponentOf,R-HSA-168249,2.5790938648477013
R-HSA-5621481,abstraction:IsAComponentOf,R-HSA-168249,2.5790938648477013
R-HSA-2172127,abstraction:IsAComponentOf,R-HSA-168249,2.5790938648477013
R-HSA-2454202,abstraction:IsAComponentOf,R-HSA-168249,2.5790938648477013
R-HSA-6798695,abstraction:IsAComponentOf,R-HSA-168249,2.5790938648477013
R-HSA-9686114,abstraction:IsAComponentOf,R-HSA-168249,2.5790938648477013
R-HSA-1834949,abstraction:IsAComponentOf,R-HSA-168249,2.5790938648477013
R-HSA-9645460,abstraction:IsAComponentOf,R-HSA-168249,2.5790938648477013
R-HSA-2029480,abstraction:IsAComponentOf,R-HSA-168249,2.5790938648477013
R-HSA-168643,abstraction:IsAComponentOf,R-HSA-168249,2.5790938648477013
R-HSA-6803157,abstraction:IsAComponentOf,R-HSA-168249,2.5790938648477013
R-HSA-5693616,abstraction:IsAComponentOf,R-HSA-5693579,6.344934360097766
R-HSA-1461957,abstraction:IsAComponentOf,R-HSA-1461973,6.344934360097766
R-HSA-1462054,abstraction:IsAComponentOf,R-HSA-1461973,6.344934360097766
R-HSA-6783984,abstraction:IsAComponentOf,R-HSA-389661,4.193172156838304
R-HSA-6814122,abstraction:IsAComponentOf,R-HSA-390466,5.87493073085203
R-HSA-389958,abstraction:IsAComponentOf,R-HSA-390466,5.87493073085203
R-HSA-390471,abstraction:IsAComponentOf,R-HSA-390466,5.87493073085203
R-HSA-9033500,abstraction:IsAComponentOf,R-HSA-9033241,6.344934360097766
R-HSA-2029485,abstraction:IsAComponentOf,R-HSA-2029480,3.218173824137371
R-HSA-2029481,abstraction:IsAComponentOf,R-HSA-2029480,3.218173824137371
R-HSA-2029482,abstraction:IsAComponentOf,R-HSA-2029480,3.218173824137371
R-HSA-9942503,abstraction:IsAComponentOf,R-HSA-9945266,3.235873401236772
R-HSA-9608290,abstraction:IsAComponentOf,R-HSA-9605310,5.469465622743866
R-HSA-9608287,abstraction:IsAComponentOf,R-HSA-9605310,5.469465622743866
R-HSA-1296067,abstraction:IsAComponentOf,R-HSA-1296065,5.181783550292085
R-HSA-1296059,abstraction:IsAComponentOf,R-HSA-1296065,5.181783550292085
R-HSA-1296025,abstraction:IsAComponentOf,R-HSA-1296065,5.181783550292085
R-HSA-1296053,abstraction:IsAComponentOf,R-HSA-1296065,5.181783550292085
R-HSA-9735763,abstraction:IsAComponentOf,R-HSA-9735786,6.162612803303811
R-HSA-9660826,abstraction:IsAComponentOf,R-HSA-9664424,5.3894229150703294
R-HSA-1482798,abstraction:IsAComponentOf,R-HSA-1483206,4.48863636973214
R-HSA-1482922,abstraction:IsAComponentOf,R-HSA-1483206,4.48863636973214
R-HSA-1482788,abstraction:IsAComponentOf,R-HSA-1483206,4.48863636973214
R-HSA-1483166,abstraction:IsAComponentOf,R-HSA-1483206,4.48863636973214
R-HSA-1483213,abstraction:IsAComponentOf,R-HSA-1483206,4.48863636973214
R-HSA-1483076,abstraction:IsAComponentOf,R-HSA-1483206,4.48863636973214
R-HSA-1483226,abstraction:IsAComponentOf,R-HSA-1483206,4.48863636973214
R-HSA-1482839,abstraction:IsAComponentOf,R-HSA-1483206,4.48863636973214
R-HSA-1482801,abstraction:IsAComponentOf,R-HSA-1483206,4.48863636973214
R-HSA-1483196,abstraction:IsAComponentOf,R-HSA-1483206,4.48863636973214
R-HSA-1483101,abstraction:IsAComponentOf,R-HSA-1483206,4.48863636973214
R-HSA-1483152,abstraction:IsAComponentOf,R-HSA-1483206,4.48863636973214
R-HSA-1483191,abstraction:IsAComponentOf,R-HSA-1483206,4.48863636973214
R-HSA-1482925,abstraction:IsAComponentOf,R-HSA-1483206,4.48863636973214
R-HSA-1483115,abstraction:IsAComponentOf,R-HSA-1483206,4.48863636973214
R-HSA-1483171,abstraction:IsAComponentOf,R-HSA-1483206,4.48863636973214
R-HSA-1482883,abstraction:IsAComponentOf,R-HSA-1483206,4.48863636973214
R-HSA-1483148,abstraction:IsAComponentOf,R-HSA-1483206,4.48863636973214
R-HSA-2022854,abstraction:IsAComponentOf,R-HSA-1638074,5.315314942916608
R-HSA-2022857,abstraction:IsAComponentOf,R-HSA-1638074,5.315314942916608
R-HSA-1222538,abstraction:IsAComponentOf,R-HSA-1222499,5.064000514635702
R-HSA-1222449,abstraction:IsAComponentOf,R-HSA-1222499,5.064000514635702
R-HSA-1222541,abstraction:IsAComponentOf,R-HSA-1222499,5.064000514635702
R-HSA-1222387,abstraction:IsAComponentOf,R-HSA-1222499,5.064000514635702
R-HSA-5213460,abstraction:IsAComponentOf,R-HSA-5218859,4.240800205827559
R-HSA-5620971,abstraction:IsAComponentOf,R-HSA-5218859,4.240800205827559
R-HSA-9768777,abstraction:IsAComponentOf,R-HSA-9768759,6.568077911411976
R-HSA-9768778,abstraction:IsAComponentOf,R-HSA-9768759,6.568077911411976
R-HSA-3781860,abstraction:IsAComponentOf,R-HSA-3781865,2.7020988444852363
R-HSA-5609975,abstraction:IsAComponentOf,R-HSA-3781865,2.7020988444852363
R-HSA-3906995,abstraction:IsAComponentOf,R-HSA-3781865,2.7020988444852363
R-HSA-3560782,abstraction:IsAComponentOf,R-HSA-3781865,2.7020988444852363
R-HSA-164525,abstraction:IsAComponentOf,R-HSA-162589,5.757147695195647
R-HSA-164516,abstraction:IsAComponentOf,R-HSA-162589,5.757147695195647
R-HSA-176409,abstraction:IsAComponentOf,R-HSA-176814,5.181783550292085
R-HSA-176412,abstraction:IsAComponentOf,R-HSA-176814,5.181783550292085
R-HSA-170822,abstraction:IsAComponentOf,R-HSA-70171,6.568077911411976
R-HSA-9634600,abstraction:IsAComponentOf,R-HSA-70171,6.568077911411976
R-HSA-916853,abstraction:IsAComponentOf,R-HSA-888590,5.757147695195647
R-HSA-888593,abstraction:IsAComponentOf,R-HSA-888590,5.757147695195647
R-HSA-888568,abstraction:IsAComponentOf,R-HSA-888590,5.757147695195647
R-HSA-9006821,abstraction:IsAComponentOf,R-HSA-9673013,5.651787179537821
R-HSA-159854,abstraction:IsAComponentOf,R-HSA-163841,3.584924420064845
R-HSA-5358493,abstraction:IsAComponentOf,R-HSA-163841,3.584924420064845
R-HSA-9629569,abstraction:IsAComponentOf,R-HSA-163841,3.584924420064845
R-HSA-1663150,abstraction:IsAComponentOf,R-HSA-163841,3.584924420064845
R-HSA-204626,abstraction:IsAComponentOf,R-HSA-163841,3.584924420064845
R-HSA-205043,abstraction:IsAComponentOf,R-HSA-204998,5.315314942916608
R-HSA-193648,abstraction:IsAComponentOf,R-HSA-204998,5.315314942916608
R-HSA-205025,abstraction:IsAComponentOf,R-HSA-204998,5.315314942916608
R-HSA-8956319,abstraction:IsAComponentOf,R-HSA-15869,2.143231279555166
R-HSA-499943,abstraction:IsAComponentOf,R-HSA-15869,2.143231279555166
R-HSA-8956321,abstraction:IsAComponentOf,R-HSA-15869,2.143231279555166
R-HSA-8956320,abstraction:IsAComponentOf,R-HSA-15869,2.143231279555166
R-HSA-9668250,abstraction:IsAComponentOf,R-HSA-9651496,4.818878056602717
R-HSA-9657688,abstraction:IsAComponentOf,R-HSA-9651496,4.818878056602717
R-HSA-9672383,abstraction:IsAComponentOf,R-HSA-9651496,4.818878056602717
R-HSA-9657689,abstraction:IsAComponentOf,R-HSA-9651496,4.818878056602717
R-HSA-9662001,abstraction:IsAComponentOf,R-HSA-9651496,4.818878056602717
R-HSA-9616333,abstraction:IsAComponentOf,R-HSA-9605308,4.52038506804672
R-HSA-9629232,abstraction:IsAComponentOf,R-HSA-9605308,4.52038506804672
R-HSA-9616334,abstraction:IsAComponentOf,R-HSA-9605308,4.52038506804672
R-HSA-9605310,abstraction:IsAComponentOf,R-HSA-9605308,4.52038506804672
R-HSA-9656249,abstraction:IsAComponentOf,R-HSA-9605308,4.52038506804672
R-HSA-983168,abstraction:IsAComponentOf,R-HSA-983169,4.240800205827559
R-HSA-1236975,abstraction:IsAComponentOf,R-HSA-983169,4.240800205827559
R-HSA-9912633,abstraction:IsAComponentOf,R-HSA-983169,4.240800205827559
R-HSA-983170,abstraction:IsAComponentOf,R-HSA-983169,4.240800205827559
R-HSA-5678420,abstraction:IsAComponentOf,R-HSA-5619084,3.5000249762783584
R-HSA-5678771,abstraction:IsAComponentOf,R-HSA-5619084,3.5000249762783584
R-HSA-5683371,abstraction:IsAComponentOf,R-HSA-5619084,3.5000249762783584
R-HSA-5683177,abstraction:IsAComponentOf,R-HSA-5619084,3.5000249762783584
R-HSA-5683678,abstraction:IsAComponentOf,R-HSA-5619084,3.5000249762783584
R-HSA-5679096,abstraction:IsAComponentOf,R-HSA-5619084,3.5000249762783584
R-HSA-5678520,abstraction:IsAComponentOf,R-HSA-5619084,3.5000249762783584
R-HSA-5682294,abstraction:IsAComponentOf,R-HSA-5619084,3.5000249762783584
R-HSA-5683329,abstraction:IsAComponentOf,R-HSA-5619084,3.5000249762783584
R-HSA-5690338,abstraction:IsAComponentOf,R-HSA-5619084,3.5000249762783584
R-HSA-5682113,abstraction:IsAComponentOf,R-HSA-5619084,3.5000249762783584
R-HSA-5678895,abstraction:IsAComponentOf,R-HSA-5619084,3.5000249762783584
R-HSA-5679090,abstraction:IsAComponentOf,R-HSA-5619084,3.5000249762783584
R-HSA-5684045,abstraction:IsAComponentOf,R-HSA-5619084,3.5000249762783584
R-HSA-5679001,abstraction:IsAComponentOf,R-HSA-5619084,3.5000249762783584
R-HSA-2691232,abstraction:IsAComponentOf,R-HSA-2691230,5.651787179537821
R-HSA-3215018,abstraction:IsAComponentOf,R-HSA-2990846,3.584924420064845
R-HSA-3108232,abstraction:IsAComponentOf,R-HSA-2990846,3.584924420064845
R-HSA-2559584,abstraction:IsAComponentOf,R-HSA-2559586,6.344934360097766
R-HSA-9934037,abstraction:IsAComponentOf,R-HSA-9932451,6.162612803303811
R-HSA-9933937,abstraction:IsAComponentOf,R-HSA-9932451,6.162612803303811
R-HSA-9933946,abstraction:IsAComponentOf,R-HSA-9932451,6.162612803303811
R-HSA-9933947,abstraction:IsAComponentOf,R-HSA-9932451,6.162612803303811
R-HSA-9933939,abstraction:IsAComponentOf,R-HSA-9932451,6.162612803303811
R-HSA-380320,abstraction:IsAComponentOf,R-HSA-68877,4.818878056602717
R-HSA-9648025,abstraction:IsAComponentOf,R-HSA-68877,4.818878056602717
R-HSA-2500257,abstraction:IsAComponentOf,R-HSA-68877,4.818878056602717
R-HSA-2514853,abstraction:IsAComponentOf,R-HSA-68877,4.818878056602717
R-HSA-8957275,abstraction:IsAComponentOf,R-HSA-597592,3.086837822076284
R-HSA-163841,abstraction:IsAComponentOf,R-HSA-597592,3.086837822076284
R-HSA-163125,abstraction:IsAComponentOf,R-HSA-597592,3.086837822076284
R-HSA-5173105,abstraction:IsAComponentOf,R-HSA-597592,3.086837822076284
R-HSA-2990846,abstraction:IsAComponentOf,R-HSA-597592,3.086837822076284
R-HSA-8955332,abstraction:IsAComponentOf,R-HSA-597592,3.086837822076284
R-HSA-5688426,abstraction:IsAComponentOf,R-HSA-597592,3.086837822076284
R-HSA-446203,abstraction:IsAComponentOf,R-HSA-597592,3.086837822076284
R-HSA-9907900,abstraction:IsAComponentOf,R-HSA-597592,3.086837822076284
R-HSA-8852135,abstraction:IsAComponentOf,R-HSA-597592,3.086837822076284
R-HSA-9857492,abstraction:IsAComponentOf,R-HSA-597592,3.086837822076284
R-HSA-8873719,abstraction:IsAComponentOf,R-HSA-597592,3.086837822076284
R-HSA-8876725,abstraction:IsAComponentOf,R-HSA-597592,3.086837822076284
R-HSA-8951664,abstraction:IsAComponentOf,R-HSA-597592,3.086837822076284
R-HSA-111885,abstraction:IsAComponentOf,R-HSA-418594,4.553174890869711
R-HSA-8862803,abstraction:IsAComponentOf,R-HSA-8863678,6.344934360097766
R-HSA-159231,abstraction:IsAComponentOf,R-HSA-159234,6.344934360097766
R-HSA-159230,abstraction:IsAComponentOf,R-HSA-159234,6.344934360097766
R-HSA-159227,abstraction:IsAComponentOf,R-HSA-159234,6.344934360097766
R-HSA-532668,abstraction:IsAComponentOf,R-HSA-446203,3.584924420064845
R-HSA-948021,abstraction:IsAComponentOf,R-HSA-446203,3.584924420064845
R-HSA-446193,abstraction:IsAComponentOf,R-HSA-446203,3.584924420064845
R-HSA-187577,abstraction:IsAComponentOf,R-HSA-69656,5.181783550292085
R-HSA-69200,abstraction:IsAComponentOf,R-HSA-69202,5.87493073085203
R-HSA-187577,abstraction:IsAComponentOf,R-HSA-69202,5.87493073085203
R-HSA-177162,abstraction:IsAComponentOf,R-HSA-159424,6.568077911411976
R-HSA-177128,abstraction:IsAComponentOf,R-HSA-159424,6.568077911411976
R-HSA-177135,abstraction:IsAComponentOf,R-HSA-159424,6.568077911411976
R-HSA-432047,abstraction:IsAComponentOf,R-HSA-445717,3.691692395490551
R-HSA-432030,abstraction:IsAComponentOf,R-HSA-445717,3.691692395490551
R-HSA-432040,abstraction:IsAComponentOf,R-HSA-445717,3.691692395490551
R-HSA-112303,abstraction:IsAComponentOf,R-HSA-112307,3.6105668506781825
R-HSA-936837,abstraction:IsAComponentOf,R-HSA-983712,3.691692395490551
R-HSA-2672351,abstraction:IsAComponentOf,R-HSA-983712,3.691692395490551
R-HSA-5173214,abstraction:IsAComponentOf,R-HSA-5173105,3.584924420064845
R-HSA-8931838,abstraction:IsAComponentOf,R-HSA-5173105,3.584924420064845
R-HSA-913709,abstraction:IsAComponentOf,R-HSA-5173105,3.584924420064845
R-HSA-9824446,abstraction:IsAComponentOf,R-HSA-5663205,1.2937971226921803
R-HSA-9824443,abstraction:IsAComponentOf,R-HSA-5663205,1.2937971226921803
R-HSA-9824439,abstraction:IsAComponentOf,R-HSA-5663205,1.2937971226921803
R-HSA-8934903,abstraction:IsAComponentOf,R-HSA-5205647,6.162612803303811
R-HSA-5205685,abstraction:IsAComponentOf,R-HSA-5205647,6.162612803303811
R-HSA-5654700,abstraction:IsAComponentOf,R-HSA-5654696,5.556476999733496
R-HSA-5654221,abstraction:IsAComponentOf,R-HSA-5654696,5.556476999733496
R-HSA-5654699,abstraction:IsAComponentOf,R-HSA-5654696,5.556476999733496
R-HSA-5654695,abstraction:IsAComponentOf,R-HSA-5654696,5.556476999733496
R-HSA-167826,abstraction:IsAComponentOf,R-HSA-166187,5.1211589284756505
R-HSA-9673163,abstraction:IsAComponentOf,R-HSA-166187,5.1211589284756505
R-HSA-977444,abstraction:IsAComponentOf,R-HSA-977443,4.457864711065386
R-HSA-9636383,abstraction:IsAComponentOf,R-HSA-9637687,5.87493073085203
R-HSA-9636249,abstraction:IsAComponentOf,R-HSA-9637687,5.87493073085203
R-HSA-9636467,abstraction:IsAComponentOf,R-HSA-9637687,5.87493073085203
R-HSA-174437,abstraction:IsAComponentOf,R-HSA-174414,6.568077911411976
R-HSA-9707587,abstraction:IsAComponentOf,R-HSA-9707564,5.246322071429656
R-HSA-141430,abstraction:IsAComponentOf,R-HSA-141405,6.568077911411976
R-HSA-74217,abstraction:IsAComponentOf,R-HSA-8956321,5.469465622743866
R-HSA-73614,abstraction:IsAComponentOf,R-HSA-8956321,5.469465622743866
R-HSA-975634,abstraction:IsAComponentOf,R-HSA-2187338,5.1211589284756505
R-HSA-2453902,abstraction:IsAComponentOf,R-HSA-2187338,5.1211589284756505
R-HSA-2187335,abstraction:IsAComponentOf,R-HSA-2187338,5.1211589284756505
R-HSA-2514856,abstraction:IsAComponentOf,R-HSA-2187338,5.1211589284756505
R-HSA-167590,abstraction:IsAComponentOf,R-HSA-164938,6.162612803303811
R-HSA-164940,abstraction:IsAComponentOf,R-HSA-164938,6.162612803303811
R-HSA-164939,abstraction:IsAComponentOf,R-HSA-164938,6.162612803303811
R-HSA-182218,abstraction:IsAComponentOf,R-HSA-164938,6.162612803303811
R-HSA-9678110,abstraction:IsAComponentOf,R-HSA-9678108,4.104224670821808
R-HSA-9692914,abstraction:IsAComponentOf,R-HSA-9678108,4.104224670821808
R-HSA-9683701,abstraction:IsAComponentOf,R-HSA-9678108,4.104224670821808
R-HSA-9679514,abstraction:IsAComponentOf,R-HSA-9678108,4.104224670821808
R-HSA-9679509,abstraction:IsAComponentOf,R-HSA-9678108,4.104224670821808
R-HSA-9679504,abstraction:IsAComponentOf,R-HSA-9678108,4.104224670821808
R-HSA-179409,abstraction:IsAComponentOf,R-HSA-179419,6.344934360097766
R-HSA-174184,abstraction:IsAComponentOf,R-HSA-179419,6.344934360097766
R-HSA-3371568,abstraction:IsAComponentOf,R-HSA-3371571,6.568077911411976
R-HSA-5607763,abstraction:IsAComponentOf,R-HSA-5607764,6.162612803303811
R-HSA-5660668,abstraction:IsAComponentOf,R-HSA-5607764,6.162612803303811
R-HSA-5607761,abstraction:IsAComponentOf,R-HSA-5607764,6.162612803303811
R-HSA-9637679,abstraction:IsAComponentOf,R-HSA-9635486,4.1257308760427716
R-HSA-9637628,abstraction:IsAComponentOf,R-HSA-9635486,4.1257308760427716
R-HSA-9639775,abstraction:IsAComponentOf,R-HSA-9635486,4.1257308760427716
R-HSA-1222499,abstraction:IsAComponentOf,R-HSA-9635486,4.1257308760427716
R-HSA-9637690,abstraction:IsAComponentOf,R-HSA-9635486,4.1257308760427716
R-HSA-5617833,abstraction:IsAComponentOf,R-HSA-1852241,0
R-HSA-1592230,abstraction:IsAComponentOf,R-HSA-1852241,0
R-HSA-420092,abstraction:IsAComponentOf,R-HSA-373080,4.587076442545392
R-HSA-419812,abstraction:IsAComponentOf,R-HSA-373080,4.587076442545392
R-HSA-71064,abstraction:IsAComponentOf,R-HSA-71291,2.143231279555166
R-HSA-71288,abstraction:IsAComponentOf,R-HSA-71291,2.143231279555166
R-HSA-1614635,abstraction:IsAComponentOf,R-HSA-71291,2.143231279555166
R-HSA-71262,abstraction:IsAComponentOf,R-HSA-71291,2.143231279555166
R-HSA-209776,abstraction:IsAComponentOf,R-HSA-71291,2.143231279555166
R-HSA-70921,abstraction:IsAComponentOf,R-HSA-71291,2.143231279555166
R-HSA-977347,abstraction:IsAComponentOf,R-HSA-71291,2.143231279555166
R-HSA-70635,abstraction:IsAComponentOf,R-HSA-71291,2.143231279555166
R-HSA-8963691,abstraction:IsAComponentOf,R-HSA-71291,2.143231279555166
R-HSA-351202,abstraction:IsAComponentOf,R-HSA-71291,2.143231279555166
R-HSA-8964539,abstraction:IsAComponentOf,R-HSA-71291,2.143231279555166
R-HSA-2408522,abstraction:IsAComponentOf,R-HSA-71291,2.143231279555166
R-HSA-70688,abstraction:IsAComponentOf,R-HSA-71291,2.143231279555166
R-HSA-8849175,abstraction:IsAComponentOf,R-HSA-71291,2.143231279555166
R-HSA-8964540,abstraction:IsAComponentOf,R-HSA-71291,2.143231279555166
R-HSA-6798163,abstraction:IsAComponentOf,R-HSA-71291,2.143231279555166
R-HSA-8963693,abstraction:IsAComponentOf,R-HSA-71291,2.143231279555166
R-HSA-70895,abstraction:IsAComponentOf,R-HSA-71291,2.143231279555166
R-HSA-389661,abstraction:IsAComponentOf,R-HSA-71291,2.143231279555166
R-HSA-71240,abstraction:IsAComponentOf,R-HSA-71291,2.143231279555166
R-HSA-5662702,abstraction:IsAComponentOf,R-HSA-71291,2.143231279555166
R-HSA-9637698,abstraction:IsAComponentOf,R-HSA-9637679,5.064000514635702
R-HSA-3323169,abstraction:IsAComponentOf,R-HSA-3296482,2.7020988444852363
R-HSA-3296469,abstraction:IsAComponentOf,R-HSA-3296482,2.7020988444852363
R-HSA-9793528,abstraction:IsAComponentOf,R-HSA-9748784,0
R-HSA-9755088,abstraction:IsAComponentOf,R-HSA-9748784,0
R-HSA-9754706,abstraction:IsAComponentOf,R-HSA-9748784,0
R-HSA-9749641,abstraction:IsAComponentOf,R-HSA-9748784,0
R-HSA-2161522,abstraction:IsAComponentOf,R-HSA-9748784,0
R-HSA-9748787,abstraction:IsAComponentOf,R-HSA-9748784,0
R-HSA-9757110,abstraction:IsAComponentOf,R-HSA-9748784,0
R-HSA-9753281,abstraction:IsAComponentOf,R-HSA-9748784,0
R-HSA-9924644,abstraction:IsAComponentOf,R-HSA-9734779,5.556476999733496
R-HSA-9725554,abstraction:IsAComponentOf,R-HSA-9734779,5.556476999733496
R-HSA-170834,abstraction:IsAComponentOf,R-HSA-9006936,1.9309246795708337
R-HSA-1502540,abstraction:IsAComponentOf,R-HSA-9006936,1.9309246795708337
R-HSA-9839373,abstraction:IsAComponentOf,R-HSA-9006936,1.9309246795708337
R-HSA-201451,abstraction:IsAComponentOf,R-HSA-9006936,1.9309246795708337
R-HSA-189085,abstraction:IsAComponentOf,R-HSA-8935690,6.162612803303811
R-HSA-192456,abstraction:IsAComponentOf,R-HSA-8935690,6.162612803303811
R-HSA-352230,abstraction:IsAComponentOf,R-HSA-9958863,4.48863636973214
R-HSA-428559,abstraction:IsAComponentOf,R-HSA-9958863,4.48863636973214
R-HSA-173736,abstraction:IsAComponentOf,R-HSA-166663,5.757147695195647
R-HSA-166786,abstraction:IsAComponentOf,R-HSA-166663,5.757147695195647
R-HSA-210991,abstraction:IsAComponentOf,R-HSA-202733,4.316786112805481
R-HSA-210993,abstraction:IsAComponentOf,R-HSA-202733,4.316786112805481
R-HSA-210990,abstraction:IsAComponentOf,R-HSA-202733,4.316786112805481
R-HSA-8875360,abstraction:IsAComponentOf,R-HSA-8876384,4.1257308760427716
R-HSA-8876493,abstraction:IsAComponentOf,R-HSA-8876384,4.1257308760427716
R-HSA-2046104,abstraction:IsAComponentOf,R-HSA-8978868,3.1340907069268296
R-HSA-200425,abstraction:IsAComponentOf,R-HSA-8978868,3.1340907069268296
R-HSA-390918,abstraction:IsAComponentOf,R-HSA-8978868,3.1340907069268296
R-HSA-77289,abstraction:IsAComponentOf,R-HSA-8978868,3.1340907069268296
R-HSA-2142753,abstraction:IsAComponentOf,R-HSA-8978868,3.1340907069268296
R-HSA-75105,abstraction:IsAComponentOf,R-HSA-8978868,3.1340907069268296
R-HSA-5579024,abstraction:IsAComponentOf,R-HSA-5579029,2.7020988444852363
R-HSA-5578995,abstraction:IsAComponentOf,R-HSA-5579029,2.7020988444852363
R-HSA-5579030,abstraction:IsAComponentOf,R-HSA-5579029,2.7020988444852363
R-HSA-5579022,abstraction:IsAComponentOf,R-HSA-5579029,2.7020988444852363
R-HSA-5579016,abstraction:IsAComponentOf,R-HSA-5579029,2.7020988444852363
R-HSA-5579020,abstraction:IsAComponentOf,R-HSA-5579029,2.7020988444852363
R-HSA-5579013,abstraction:IsAComponentOf,R-HSA-5579029,2.7020988444852363
R-HSA-5579007,abstraction:IsAComponentOf,R-HSA-5579029,2.7020988444852363
R-HSA-5579021,abstraction:IsAComponentOf,R-HSA-5579029,2.7020988444852363
R-HSA-9035968,abstraction:IsAComponentOf,R-HSA-5579029,2.7020988444852363
R-HSA-5579014,abstraction:IsAComponentOf,R-HSA-5579029,2.7020988444852363
R-HSA-5579026,abstraction:IsAComponentOf,R-HSA-5579029,2.7020988444852363
R-HSA-5578996,abstraction:IsAComponentOf,R-HSA-5579029,2.7020988444852363
R-HSA-5579027,abstraction:IsAComponentOf,R-HSA-5579029,2.7020988444852363
R-HSA-5579028,abstraction:IsAComponentOf,R-HSA-5579029,2.7020988444852363
R-HSA-5579019,abstraction:IsAComponentOf,R-HSA-5579029,2.7020988444852363
R-HSA-5579006,abstraction:IsAComponentOf,R-HSA-5579029,2.7020988444852363
R-HSA-5579032,abstraction:IsAComponentOf,R-HSA-5579029,2.7020988444852363
R-HSA-5579015,abstraction:IsAComponentOf,R-HSA-5579029,2.7020988444852363
R-HSA-5579000,abstraction:IsAComponentOf,R-HSA-5579029,2.7020988444852363
R-HSA-5579011,abstraction:IsAComponentOf,R-HSA-5579029,2.7020988444852363
R-HSA-5578999,abstraction:IsAComponentOf,R-HSA-5579029,2.7020988444852363
R-HSA-5578998,abstraction:IsAComponentOf,R-HSA-5579029,2.7020988444852363
R-HSA-5579002,abstraction:IsAComponentOf,R-HSA-5579029,2.7020988444852363
R-HSA-5579005,abstraction:IsAComponentOf,R-HSA-5579029,2.7020988444852363
R-HSA-5579010,abstraction:IsAComponentOf,R-HSA-5579029,2.7020988444852363
R-HSA-5579004,abstraction:IsAComponentOf,R-HSA-5579029,2.7020988444852363
R-HSA-5579017,abstraction:IsAComponentOf,R-HSA-5579029,2.7020988444852363
R-HSA-5579012,abstraction:IsAComponentOf,R-HSA-5579029,2.7020988444852363
R-HSA-5579009,abstraction:IsAComponentOf,R-HSA-5579029,2.7020988444852363
R-HSA-5578997,abstraction:IsAComponentOf,R-HSA-5579029,2.7020988444852363
R-HSA-1660517,abstraction:IsAComponentOf,R-HSA-1483255,4.48863636973214
R-HSA-8847453,abstraction:IsAComponentOf,R-HSA-1483255,4.48863636973214
R-HSA-1660537,abstraction:IsAComponentOf,R-HSA-1483255,4.48863636973214
R-HSA-1660516,abstraction:IsAComponentOf,R-HSA-1483255,4.48863636973214
R-HSA-6814848,abstraction:IsAComponentOf,R-HSA-1483255,4.48863636973214
R-HSA-1660514,abstraction:IsAComponentOf,R-HSA-1483255,4.48863636973214
R-HSA-1660502,abstraction:IsAComponentOf,R-HSA-1483255,4.48863636973214
R-HSA-1483196,abstraction:IsAComponentOf,R-HSA-1483255,4.48863636973214
R-HSA-1483248,abstraction:IsAComponentOf,R-HSA-1483255,4.48863636973214
R-HSA-1660524,abstraction:IsAComponentOf,R-HSA-1483255,4.48863636973214
R-HSA-1660508,abstraction:IsAComponentOf,R-HSA-1483255,4.48863636973214
R-HSA-1660499,abstraction:IsAComponentOf,R-HSA-1483255,4.48863636973214
R-HSA-1660510,abstraction:IsAComponentOf,R-HSA-1483255,4.48863636973214
R-HSA-427975,abstraction:IsAComponentOf,R-HSA-9959399,4.48863636973214
R-HSA-159763,abstraction:IsAComponentOf,R-HSA-159854,5.87493073085203
R-HSA-159782,abstraction:IsAComponentOf,R-HSA-159854,5.87493073085203
R-HSA-159740,abstraction:IsAComponentOf,R-HSA-159854,5.87493073085203
R-HSA-190374,abstraction:IsAComponentOf,R-HSA-190242,5.469465622743866
R-HSA-190370,abstraction:IsAComponentOf,R-HSA-190242,5.469465622743866
R-HSA-190373,abstraction:IsAComponentOf,R-HSA-190242,5.469465622743866
R-HSA-9679191,abstraction:IsAComponentOf,R-HSA-9679506,2.97076565082353
R-HSA-9678108,abstraction:IsAComponentOf,R-HSA-9679506,2.97076565082353
R-HSA-9694516,abstraction:IsAComponentOf,R-HSA-9679506,2.97076565082353
R-HSA-2023837,abstraction:IsAComponentOf,R-HSA-1839126,6.344934360097766
R-HSA-8853333,abstraction:IsAComponentOf,R-HSA-1839126,6.344934360097766
R-HSA-8851708,abstraction:IsAComponentOf,R-HSA-1839126,6.344934360097766
R-HSA-2033519,abstraction:IsAComponentOf,R-HSA-1839126,6.344934360097766
R-HSA-5688031,abstraction:IsAComponentOf,R-HSA-5687613,2.7020988444852363
R-HSA-5688849,abstraction:IsAComponentOf,R-HSA-5687613,2.7020988444852363
R-HSA-5687583,abstraction:IsAComponentOf,R-HSA-5687613,2.7020988444852363
R-HSA-5688354,abstraction:IsAComponentOf,R-HSA-5687613,2.7020988444852363
R-HSA-5688399,abstraction:IsAComponentOf,R-HSA-5687613,2.7020988444852363
R-HSA-5688890,abstraction:IsAComponentOf,R-HSA-5687613,2.7020988444852363
R-HSA-5687868,abstraction:IsAComponentOf,R-HSA-5687613,2.7020988444852363
R-HSA-199418,abstraction:IsAComponentOf,R-HSA-1257604,5.064000514635702
R-HSA-198693,abstraction:IsAComponentOf,R-HSA-1257604,5.064000514635702
R-HSA-6807070,abstraction:IsAComponentOf,R-HSA-1257604,5.064000514635702
R-HSA-198323,abstraction:IsAComponentOf,R-HSA-1257604,5.064000514635702
R-HSA-9920951,abstraction:IsAComponentOf,R-HSA-9918481,6.008462123476553
R-HSA-9920588,abstraction:IsAComponentOf,R-HSA-9918481,6.008462123476553
R-HSA-6811558,abstraction:IsAComponentOf,R-HSA-199418,5.651787179537821
R-HSA-622312,abstraction:IsAComponentOf,R-HSA-168643,3.218173824137371
R-HSA-168638,abstraction:IsAComponentOf,R-HSA-168643,3.218173824137371
R-HSA-168874,abstraction:IsAComponentOf,R-HSA-168316,6.344934360097766
R-HSA-381038,abstraction:IsAComponentOf,R-HSA-381070,5.87493073085203
R-HSA-9820952,abstraction:IsAComponentOf,R-HSA-9824446,2.6120380205670553
R-HSA-168255,abstraction:IsAComponentOf,R-HSA-9824446,2.6120380205670553
R-HSA-162906,abstraction:IsAComponentOf,R-HSA-9824446,2.6120380205670553
R-HSA-9609646,abstraction:IsAComponentOf,R-HSA-9824446,2.6120380205670553
R-HSA-9839923,abstraction:IsAComponentOf,R-HSA-9824446,2.6120380205670553
R-HSA-9679506,abstraction:IsAComponentOf,R-HSA-9824446,2.6120380205670553
R-HSA-9855142,abstraction:IsAComponentOf,R-HSA-8953897,0
R-HSA-5660526,abstraction:IsAComponentOf,R-HSA-8953897,0
R-HSA-2262752,abstraction:IsAComponentOf,R-HSA-8953897,0
R-HSA-389960,abstraction:IsAComponentOf,R-HSA-389958,6.162612803303811
R-HSA-389957,abstraction:IsAComponentOf,R-HSA-389958,6.162612803303811
R-HSA-390450,abstraction:IsAComponentOf,R-HSA-389958,6.162612803303811
R-HSA-5649702,abstraction:IsAComponentOf,R-HSA-73933,5.1211589284756505
R-HSA-110357,abstraction:IsAComponentOf,R-HSA-73933,5.1211589284756505
R-HSA-110373,abstraction:IsAComponentOf,R-HSA-73933,5.1211589284756505
R-HSA-110381,abstraction:IsAComponentOf,R-HSA-73933,5.1211589284756505
R-HSA-168336,abstraction:IsAComponentOf,R-HSA-168270,4.696275734510384
R-HSA-168288,abstraction:IsAComponentOf,R-HSA-168270,4.696275734510384
R-HSA-351143,abstraction:IsAComponentOf,R-HSA-351202,4.193172156838304
R-HSA-350562,abstraction:IsAComponentOf,R-HSA-351202,4.193172156838304
R-HSA-351200,abstraction:IsAComponentOf,R-HSA-351202,4.193172156838304
R-HSA-5673000,abstraction:IsAComponentOf,R-HSA-5673001,5.651787179537821
R-HSA-5658442,abstraction:IsAComponentOf,R-HSA-5673001,5.651787179537821
R-HSA-9648002,abstraction:IsAComponentOf,R-HSA-5673001,5.651787179537821
R-HSA-5675221,abstraction:IsAComponentOf,R-HSA-5673001,5.651787179537821
R-HSA-5674135,abstraction:IsAComponentOf,R-HSA-5673001,5.651787179537821
R-HSA-6802955,abstraction:IsAComponentOf,R-HSA-6802957,2.8244735576087927
R-HSA-9652817,abstraction:IsAComponentOf,R-HSA-6802957,2.8244735576087927
R-HSA-6802949,abstraction:IsAComponentOf,R-HSA-6802957,2.8244735576087927
R-HSA-9660537,abstraction:IsAComponentOf,R-HSA-6802957,2.8244735576087927
R-HSA-6802952,abstraction:IsAComponentOf,R-HSA-6802957,2.8244735576087927
R-HSA-6802948,abstraction:IsAComponentOf,R-HSA-6802957,2.8244735576087927
R-HSA-9656223,abstraction:IsAComponentOf,R-HSA-6802957,2.8244735576087927
R-HSA-6802953,abstraction:IsAComponentOf,R-HSA-6802957,2.8244735576087927
R-HSA-6802946,abstraction:IsAComponentOf,R-HSA-6802957,2.8244735576087927
R-HSA-9652169,abstraction:IsAComponentOf,R-HSA-6802957,2.8244735576087927
R-HSA-190375,abstraction:IsAComponentOf,R-HSA-190241,5.556476999733496
R-HSA-190377,abstraction:IsAComponentOf,R-HSA-190241,5.556476999733496
R-HSA-5663202,abstraction:IsAComponentOf,R-HSA-1643685,0
R-HSA-5619115,abstraction:IsAComponentOf,R-HSA-1643685,0
R-HSA-9675143,abstraction:IsAComponentOf,R-HSA-1643685,0
R-HSA-9645723,abstraction:IsAComponentOf,R-HSA-1643685,0
R-HSA-5663205,abstraction:IsAComponentOf,R-HSA-1643685,0
R-HSA-9675126,abstraction:IsAComponentOf,R-HSA-1643685,0
R-HSA-9671793,abstraction:IsAComponentOf,R-HSA-1643685,0
R-HSA-9675135,abstraction:IsAComponentOf,R-HSA-1643685,0
R-HSA-5260271,abstraction:IsAComponentOf,R-HSA-1643685,0
R-HSA-9675132,abstraction:IsAComponentOf,R-HSA-1643685,0
R-HSA-5668914,abstraction:IsAComponentOf,R-HSA-1643685,0
R-HSA-9675151,abstraction:IsAComponentOf,R-HSA-1643685,0
R-HSA-8849932,abstraction:IsAComponentOf,R-HSA-6794362,3.6105668506781825
R-HSA-388844,abstraction:IsAComponentOf,R-HSA-6794362,3.6105668506781825
R-HSA-6794361,abstraction:IsAComponentOf,R-HSA-6794362,3.6105668506781825
R-HSA-427413,abstraction:IsAComponentOf,R-HSA-5250941,5.064000514635702
R-HSA-427359,abstraction:IsAComponentOf,R-HSA-5250941,5.064000514635702
R-HSA-9851695,abstraction:IsAComponentOf,R-HSA-9818564,6.568077911411976
R-HSA-8964041,abstraction:IsAComponentOf,R-HSA-8963899,5.246322071429656
R-HSA-8963901,abstraction:IsAComponentOf,R-HSA-8963899,5.246322071429656
R-HSA-8964058,abstraction:IsAComponentOf,R-HSA-8963899,5.246322071429656
R-HSA-8963889,abstraction:IsAComponentOf,R-HSA-8963899,5.246322071429656
R-HSA-9764274,abstraction:IsAComponentOf,R-HSA-9759476,5.064000514635702
R-HSA-9764260,abstraction:IsAComponentOf,R-HSA-9759476,5.064000514635702
R-HSA-381070,abstraction:IsAComponentOf,R-HSA-381119,4.104224670821808
R-HSA-8874177,abstraction:IsAComponentOf,R-HSA-381119,4.104224670821808
R-HSA-8874211,abstraction:IsAComponentOf,R-HSA-381119,4.104224670821808
R-HSA-381033,abstraction:IsAComponentOf,R-HSA-381119,4.104224670821808
R-HSA-381042,abstraction:IsAComponentOf,R-HSA-381119,4.104224670821808
R-HSA-167200,abstraction:IsAComponentOf,R-HSA-167246,6.568077911411976
R-HSA-9022702,abstraction:IsAComponentOf,R-HSA-8986944,3.5355316647352684
R-HSA-9022699,abstraction:IsAComponentOf,R-HSA-8986944,3.5355316647352684
R-HSA-9022927,abstraction:IsAComponentOf,R-HSA-8986944,3.5355316647352684
R-HSA-9022707,abstraction:IsAComponentOf,R-HSA-8986944,3.5355316647352684
R-HSA-9022692,abstraction:IsAComponentOf,R-HSA-8986944,3.5355316647352684
R-HSA-9861718,abstraction:IsAComponentOf,R-HSA-70268,5.1211589284756505
R-HSA-9861559,abstraction:IsAComponentOf,R-HSA-70268,5.1211589284756505
R-HSA-167290,abstraction:IsAComponentOf,R-HSA-167172,4.958639998977875
R-HSA-167162,abstraction:IsAComponentOf,R-HSA-167172,4.958639998977875
R-HSA-167152,abstraction:IsAComponentOf,R-HSA-167172,4.958639998977875
R-HSA-167161,abstraction:IsAComponentOf,R-HSA-167172,4.958639998977875
R-HSA-167287,abstraction:IsAComponentOf,R-HSA-167172,4.958639998977875
R-HSA-167243,abstraction:IsAComponentOf,R-HSA-167172,4.958639998977875
R-HSA-167238,abstraction:IsAComponentOf,R-HSA-167172,4.958639998977875
R-HSA-167169,abstraction:IsAComponentOf,R-HSA-167172,4.958639998977875
R-HSA-167160,abstraction:IsAComponentOf,R-HSA-167172,4.958639998977875
R-HSA-997272,abstraction:IsAComponentOf,R-HSA-991365,6.855759983863757
R-HSA-170670,abstraction:IsAComponentOf,R-HSA-991365,6.855759983863757
R-HSA-195253,abstraction:IsAComponentOf,R-HSA-195721,1.9309246795708337
R-HSA-3858494,abstraction:IsAComponentOf,R-HSA-195721,1.9309246795708337
R-HSA-3238698,abstraction:IsAComponentOf,R-HSA-195721,1.9309246795708337
R-HSA-201681,abstraction:IsAComponentOf,R-HSA-195721,1.9309246795708337
R-HSA-418592,abstraction:IsAComponentOf,R-HSA-392518,5.1211589284756505
R-HSA-428930,abstraction:IsAComponentOf,R-HSA-392518,5.1211589284756505
R-HSA-392170,abstraction:IsAComponentOf,R-HSA-392518,5.1211589284756505
R-HSA-450294,abstraction:IsAComponentOf,R-HSA-448424,4.216702654248498
R-HSA-9818028,abstraction:IsAComponentOf,R-HSA-9759194,5.556476999733496
R-HSA-9762114,abstraction:IsAComponentOf,R-HSA-9759194,5.556476999733496
R-HSA-9818025,abstraction:IsAComponentOf,R-HSA-9759194,5.556476999733496
R-HSA-9818030,abstraction:IsAComponentOf,R-HSA-9759194,5.556476999733496
R-HSA-9818035,abstraction:IsAComponentOf,R-HSA-9759194,5.556476999733496
R-HSA-9818026,abstraction:IsAComponentOf,R-HSA-9759194,5.556476999733496
R-HSA-9818749,abstraction:IsAComponentOf,R-HSA-9759194,5.556476999733496
R-HSA-9818032,abstraction:IsAComponentOf,R-HSA-9759194,5.556476999733496
R-HSA-9818027,abstraction:IsAComponentOf,R-HSA-9759194,5.556476999733496
R-HSA-9005891,abstraction:IsAComponentOf,R-HSA-9005895,6.162612803303811
R-HSA-4420097,abstraction:IsAComponentOf,R-HSA-194138,2.937092435716942
R-HSA-194306,abstraction:IsAComponentOf,R-HSA-194138,2.937092435716942
R-HSA-194313,abstraction:IsAComponentOf,R-HSA-194138,2.937092435716942
R-HSA-3371378,abstraction:IsAComponentOf,R-HSA-140534,6.568077911411976
R-HSA-69416,abstraction:IsAComponentOf,R-HSA-140534,6.568077911411976
R-HSA-70171,abstraction:IsAComponentOf,R-HSA-70326,4.370853334075757
R-HSA-70263,abstraction:IsAComponentOf,R-HSA-70326,4.370853334075757
R-HSA-9694786,abstraction:IsAComponentOf,R-HSA-9694682,6.008462123476553
R-HSA-9694686,abstraction:IsAComponentOf,R-HSA-9694682,6.008462123476553
R-HSA-5659996,abstraction:IsAComponentOf,R-HSA-6791465,4.370853334075757
R-HSA-6791461,abstraction:IsAComponentOf,R-HSA-6791465,4.370853334075757
R-HSA-6791055,abstraction:IsAComponentOf,R-HSA-6791465,4.370853334075757
R-HSA-6791462,abstraction:IsAComponentOf,R-HSA-6791465,4.370853334075757
R-HSA-162791,abstraction:IsAComponentOf,R-HSA-163125,3.584924420064845
R-HSA-162710,abstraction:IsAComponentOf,R-HSA-163125,3.584924420064845
R-HSA-162699,abstraction:IsAComponentOf,R-HSA-163125,3.584924420064845
R-HSA-9840309,abstraction:IsAComponentOf,R-HSA-1660662,6.344934360097766
R-HSA-9840310,abstraction:IsAComponentOf,R-HSA-1660662,6.344934360097766
R-HSA-2428928,abstraction:IsAComponentOf,R-HSA-2428924,5.757147695195647
R-HSA-2428933,abstraction:IsAComponentOf,R-HSA-2428924,5.757147695195647
R-HSA-73980,abstraction:IsAComponentOf,R-HSA-74158,3.0198983394011747
R-HSA-76046,abstraction:IsAComponentOf,R-HSA-74158,3.0198983394011747
R-HSA-73780,abstraction:IsAComponentOf,R-HSA-74158,3.0198983394011747
R-HSA-749476,abstraction:IsAComponentOf,R-HSA-74158,3.0198983394011747
R-HSA-2122948,abstraction:IsAComponentOf,R-HSA-1980143,5.009933293365426
R-HSA-2122947,abstraction:IsAComponentOf,R-HSA-1980143,5.009933293365426
R-HSA-211859,abstraction:IsAComponentOf,R-HSA-1430728,0
R-HSA-71291,abstraction:IsAComponentOf,R-HSA-1430728,0
R-HSA-2564830,abstraction:IsAComponentOf,R-HSA-1430728,0
R-HSA-189445,abstraction:IsAComponentOf,R-HSA-1430728,0
R-HSA-1483249,abstraction:IsAComponentOf,R-HSA-1430728,0
R-HSA-163685,abstraction:IsAComponentOf,R-HSA-1430728,0
R-HSA-1475029,abstraction:IsAComponentOf,R-HSA-1430728,0
R-HSA-556833,abstraction:IsAComponentOf,R-HSA-1430728,0
R-HSA-15869,abstraction:IsAComponentOf,R-HSA-1430728,0
R-HSA-202131,abstraction:IsAComponentOf,R-HSA-1430728,0
R-HSA-196854,abstraction:IsAComponentOf,R-HSA-1430728,0
R-HSA-71387,abstraction:IsAComponentOf,R-HSA-1430728,0
R-HSA-71737,abstraction:IsAComponentOf,R-HSA-1430728,0
R-HSA-1362409,abstraction:IsAComponentOf,R-HSA-1430728,0
R-HSA-1428517,abstraction:IsAComponentOf,R-HSA-1430728,0
R-HSA-5632987,abstraction:IsAComponentOf,R-HSA-5423599,4.52038506804672
R-HSA-5545483,abstraction:IsAComponentOf,R-HSA-5423599,4.52038506804672
R-HSA-5632928,abstraction:IsAComponentOf,R-HSA-5423599,4.52038506804672
R-HSA-5632968,abstraction:IsAComponentOf,R-HSA-5423599,4.52038506804672
R-HSA-5632927,abstraction:IsAComponentOf,R-HSA-5423599,4.52038506804672
R-HSA-5694530,abstraction:IsAComponentOf,R-HSA-199977,5.651787179537821
R-HSA-204005,abstraction:IsAComponentOf,R-HSA-199977,5.651787179537821
R-HSA-6807878,abstraction:IsAComponentOf,R-HSA-199977,5.651787179537821
R-HSA-211728,abstraction:IsAComponentOf,R-HSA-169911,4.399024211042453
R-HSA-211733,abstraction:IsAComponentOf,R-HSA-169911,4.399024211042453
R-HSA-9944997,abstraction:IsAComponentOf,R-HSA-9944971,5.757147695195647
R-HSA-351906,abstraction:IsAComponentOf,R-HSA-111465,6.162612803303811
R-HSA-264870,abstraction:IsAComponentOf,R-HSA-111465,6.162612803303811
R-HSA-352238,abstraction:IsAComponentOf,R-HSA-111465,6.162612803303811
R-HSA-9032759,abstraction:IsAComponentOf,R-HSA-9032500,5.651787179537821
R-HSA-9937383,abstraction:IsAComponentOf,R-HSA-5368287,4.696275734510384
R-HSA-5368286,abstraction:IsAComponentOf,R-HSA-5368287,4.696275734510384
R-HSA-5389840,abstraction:IsAComponentOf,R-HSA-5368287,4.696275734510384
R-HSA-5419276,abstraction:IsAComponentOf,R-HSA-5368287,4.696275734510384
R-HSA-2168880,abstraction:IsAComponentOf,R-HSA-2173782,4.343454359887642
R-HSA-3000480,abstraction:IsAComponentOf,R-HSA-2173782,4.343454359887642
R-HSA-3000471,abstraction:IsAComponentOf,R-HSA-2173782,4.343454359887642
R-HSA-3000484,abstraction:IsAComponentOf,R-HSA-2173782,4.343454359887642
R-HSA-3000497,abstraction:IsAComponentOf,R-HSA-2173782,4.343454359887642
R-HSA-174490,abstraction:IsAComponentOf,R-HSA-174495,6.855759983863757
R-HSA-114516,abstraction:IsAComponentOf,R-HSA-76005,5.1211589284756505
R-HSA-114608,abstraction:IsAComponentOf,R-HSA-76005,5.1211589284756505
R-HSA-111932,abstraction:IsAComponentOf,R-HSA-111933,6.344934360097766
R-HSA-111931,abstraction:IsAComponentOf,R-HSA-111933,6.344934360097766
R-HSA-111957,abstraction:IsAComponentOf,R-HSA-111933,6.344934360097766
R-HSA-1169092,abstraction:IsAComponentOf,R-HSA-1168372,6.162612803303811
R-HSA-1169091,abstraction:IsAComponentOf,R-HSA-1168372,6.162612803303811
R-HSA-2025928,abstraction:IsAComponentOf,R-HSA-1168372,6.162612803303811
R-HSA-5358751,abstraction:IsAComponentOf,R-HSA-4839743,4.958639998977875
R-HSA-5358749,abstraction:IsAComponentOf,R-HSA-4839743,4.958639998977875
R-HSA-5358747,abstraction:IsAComponentOf,R-HSA-4839743,4.958639998977875
R-HSA-5358752,abstraction:IsAComponentOf,R-HSA-4839743,4.958639998977875
R-HSA-6796648,abstraction:IsAComponentOf,R-HSA-3700989,3.5355316647352684
R-HSA-5628897,abstraction:IsAComponentOf,R-HSA-3700989,3.5355316647352684
R-HSA-5633007,abstraction:IsAComponentOf,R-HSA-3700989,3.5355316647352684
R-HSA-5633008,abstraction:IsAComponentOf,R-HSA-3700989,3.5355316647352684
R-HSA-6791312,abstraction:IsAComponentOf,R-HSA-3700989,3.5355316647352684
R-HSA-9013508,abstraction:IsAComponentOf,R-HSA-9012852,5.009933293365426
R-HSA-9013507,abstraction:IsAComponentOf,R-HSA-9012852,5.009933293365426
R-HSA-912694,abstraction:IsAComponentOf,R-HSA-909733,5.469465622743866
R-HSA-162588,abstraction:IsAComponentOf,R-HSA-162599,4.52038506804672
R-HSA-175474,abstraction:IsAComponentOf,R-HSA-162599,4.52038506804672
R-HSA-165054,abstraction:IsAComponentOf,R-HSA-162599,4.52038506804672
R-HSA-167172,abstraction:IsAComponentOf,R-HSA-162599,4.52038506804672
R-HSA-9723905,abstraction:IsAComponentOf,R-HSA-9723907,6.344934360097766
R-HSA-9956593,abstraction:IsAComponentOf,R-HSA-9640148,4.1257308760427716
R-HSA-9638737,abstraction:IsAComponentOf,R-HSA-9640148,4.1257308760427716
R-HSA-9760173,abstraction:IsAComponentOf,R-HSA-9640148,4.1257308760427716
R-HSA-9638482,abstraction:IsAComponentOf,R-HSA-9640148,4.1257308760427716
R-HSA-9931953,abstraction:IsAComponentOf,R-HSA-9640148,4.1257308760427716
R-HSA-9913143,abstraction:IsAComponentOf,R-HSA-9638737,5.651787179537821
R-HSA-9638771,abstraction:IsAComponentOf,R-HSA-9638737,5.651787179537821
R-HSA-75094,abstraction:IsAComponentOf,R-HSA-72200,6.344934360097766
R-HSA-975155,abstraction:IsAComponentOf,R-HSA-168181,4.147709782761547
R-HSA-9860276,abstraction:IsAComponentOf,R-HSA-168181,4.147709782761547
R-HSA-9818564,abstraction:IsAComponentOf,R-HSA-9917777,5.064000514635702
R-HSA-9772755,abstraction:IsAComponentOf,R-HSA-9917777,5.064000514635702
R-HSA-399955,abstraction:IsAComponentOf,R-HSA-373755,4.316786112805481
R-HSA-399956,abstraction:IsAComponentOf,R-HSA-373755,4.316786112805481
R-HSA-400685,abstraction:IsAComponentOf,R-HSA-373755,4.316786112805481
R-HSA-416700,abstraction:IsAComponentOf,R-HSA-373755,4.316786112805481
R-HSA-399954,abstraction:IsAComponentOf,R-HSA-373755,4.316786112805481
R-HSA-2151209,abstraction:IsAComponentOf,R-HSA-1592230,5.469465622743866
R-HSA-2151201,abstraction:IsAComponentOf,R-HSA-1592230,5.469465622743866
R-HSA-8949613,abstraction:IsAComponentOf,R-HSA-1592230,5.469465622743866
R-HSA-629594,abstraction:IsAComponentOf,R-HSA-622327,6.344934360097766
R-HSA-629587,abstraction:IsAComponentOf,R-HSA-622327,6.344934360097766
R-HSA-9026286,abstraction:IsAComponentOf,R-HSA-9025094,6.344934360097766
R-HSA-9026290,abstraction:IsAComponentOf,R-HSA-9025094,6.344934360097766
R-HSA-9026403,abstraction:IsAComponentOf,R-HSA-9025094,6.344934360097766
R-HSA-5656169,abstraction:IsAComponentOf,R-HSA-110313,6.008462123476553
R-HSA-110320,abstraction:IsAComponentOf,R-HSA-110313,6.008462123476553
R-HSA-110312,abstraction:IsAComponentOf,R-HSA-110313,6.008462123476553
R-HSA-5655862,abstraction:IsAComponentOf,R-HSA-110313,6.008462123476553
R-HSA-5656121,abstraction:IsAComponentOf,R-HSA-110313,6.008462123476553
R-HSA-2173789,abstraction:IsAComponentOf,R-HSA-170834,5.181783550292085
R-HSA-2173791,abstraction:IsAComponentOf,R-HSA-170834,5.181783550292085
R-HSA-2173793,abstraction:IsAComponentOf,R-HSA-170834,5.181783550292085
R-HSA-937061,abstraction:IsAComponentOf,R-HSA-166166,4.863329819173551
R-HSA-9824878,abstraction:IsAComponentOf,R-HSA-936964,5.181783550292085
R-HSA-9754560,abstraction:IsAComponentOf,R-HSA-9705683,4.77631844218392
R-HSA-9705677,abstraction:IsAComponentOf,R-HSA-9705683,4.77631844218392
R-HSA-9755779,abstraction:IsAComponentOf,R-HSA-9705683,4.77631844218392
R-HSA-9705671,abstraction:IsAComponentOf,R-HSA-9705683,4.77631844218392
R-HSA-9754678,abstraction:IsAComponentOf,R-HSA-9705683,4.77631844218392
R-HSA-168888,abstraction:IsAComponentOf,R-HSA-168305,6.568077911411976
R-HSA-9705462,abstraction:IsAComponentOf,R-HSA-9674555,3.720265767934607
R-HSA-9018682,abstraction:IsAComponentOf,R-HSA-9018677,4.958639998977875
R-HSA-9018681,abstraction:IsAComponentOf,R-HSA-9018677,4.958639998977875
R-HSA-9026395,abstraction:IsAComponentOf,R-HSA-9018677,4.958639998977875
R-HSA-9020265,abstraction:IsAComponentOf,R-HSA-9018677,4.958639998977875
R-HSA-9018676,abstraction:IsAComponentOf,R-HSA-9018677,4.958639998977875
R-HSA-9694301,abstraction:IsAComponentOf,R-HSA-9694676,6.008462123476553
R-HSA-9694271,abstraction:IsAComponentOf,R-HSA-9694676,6.008462123476553
R-HSA-9841922,abstraction:IsAComponentOf,R-HSA-9851695,7.261225091971921
R-HSA-5637810,abstraction:IsAComponentOf,R-HSA-5637812,6.162612803303811
R-HSA-380270,abstraction:IsAComponentOf,R-HSA-380287,5.556476999733496
R-HSA-380284,abstraction:IsAComponentOf,R-HSA-380287,5.556476999733496
R-HSA-9032500,abstraction:IsAComponentOf,R-HSA-9006115,4.26549281841793
R-HSA-9026527,abstraction:IsAComponentOf,R-HSA-9006115,4.26549281841793
R-HSA-9026519,abstraction:IsAComponentOf,R-HSA-9006115,4.26549281841793
R-HSA-9025046,abstraction:IsAComponentOf,R-HSA-9006115,4.26549281841793
R-HSA-9028731,abstraction:IsAComponentOf,R-HSA-9006115,4.26549281841793
R-HSA-9026357,abstraction:IsAComponentOf,R-HSA-9006115,4.26549281841793
R-HSA-9028335,abstraction:IsAComponentOf,R-HSA-9006115,4.26549281841793
R-HSA-9032845,abstraction:IsAComponentOf,R-HSA-9006115,4.26549281841793
R-HSA-9024909,abstraction:IsAComponentOf,R-HSA-9006115,4.26549281841793
R-HSA-9662851,abstraction:IsAComponentOf,R-HSA-9664433,5.3894229150703294
R-HSA-445989,abstraction:IsAComponentOf,R-HSA-9020702,5.651787179537821
R-HSA-5684264,abstraction:IsAComponentOf,R-HSA-9020702,5.651787179537821
R-HSA-9672387,abstraction:IsAComponentOf,R-HSA-9662001,5.181783550292085
R-HSA-9674519,abstraction:IsAComponentOf,R-HSA-9662001,5.181783550292085
R-HSA-9672393,abstraction:IsAComponentOf,R-HSA-9662001,5.181783550292085
R-HSA-9672395,abstraction:IsAComponentOf,R-HSA-9662001,5.181783550292085
R-HSA-9672396,abstraction:IsAComponentOf,R-HSA-9662001,5.181783550292085
R-HSA-9672397,abstraction:IsAComponentOf,R-HSA-9662001,5.181783550292085
R-HSA-9672391,abstraction:IsAComponentOf,R-HSA-9662001,5.181783550292085
R-HSA-73621,abstraction:IsAComponentOf,R-HSA-8956319,5.469465622743866
R-HSA-8850843,abstraction:IsAComponentOf,R-HSA-8956319,5.469465622743866
R-HSA-74259,abstraction:IsAComponentOf,R-HSA-8956319,5.469465622743866
R-HSA-3229121,abstraction:IsAComponentOf,R-HSA-5663084,2.7020988444852363
R-HSA-5659898,abstraction:IsAComponentOf,R-HSA-5663084,2.7020988444852363
R-HSA-2206281,abstraction:IsAComponentOf,R-HSA-5663084,2.7020988444852363
R-HSA-5657562,abstraction:IsAComponentOf,R-HSA-5663084,2.7020988444852363
R-HSA-5662853,abstraction:IsAComponentOf,R-HSA-5663084,2.7020988444852363
R-HSA-5657560,abstraction:IsAComponentOf,R-HSA-5663084,2.7020988444852363
R-HSA-6791465,abstraction:IsAComponentOf,R-HSA-5663084,2.7020988444852363
R-HSA-9833109,abstraction:IsAComponentOf,R-HSA-9833110,5.757147695195647
R-HSA-8851805,abstraction:IsAComponentOf,R-HSA-6806834,2.937092435716942
R-HSA-8865999,abstraction:IsAComponentOf,R-HSA-6806834,2.937092435716942
R-HSA-8875791,abstraction:IsAComponentOf,R-HSA-6806834,2.937092435716942
R-HSA-8875656,abstraction:IsAComponentOf,R-HSA-6806834,2.937092435716942
R-HSA-8851907,abstraction:IsAComponentOf,R-HSA-6806834,2.937092435716942
R-HSA-6806942,abstraction:IsAComponentOf,R-HSA-6806834,2.937092435716942
R-HSA-6807004,abstraction:IsAComponentOf,R-HSA-6806834,2.937092435716942
R-HSA-8875878,abstraction:IsAComponentOf,R-HSA-6806834,2.937092435716942
R-HSA-390247,abstraction:IsAComponentOf,R-HSA-390918,4.553174890869711
R-HSA-389887,abstraction:IsAComponentOf,R-HSA-390918,4.553174890869711
R-HSA-389599,abstraction:IsAComponentOf,R-HSA-390918,4.553174890869711
R-HSA-9732724,abstraction:IsAComponentOf,R-HSA-877300,5.469465622743866
R-HSA-877312,abstraction:IsAComponentOf,R-HSA-877300,5.469465622743866
R-HSA-2129379,abstraction:IsAComponentOf,R-HSA-1566948,5.009933293365426
R-HSA-9634638,abstraction:IsAComponentOf,R-HSA-9009391,6.568077911411976
R-HSA-9634635,abstraction:IsAComponentOf,R-HSA-9009391,6.568077911411976
R-HSA-2980736,abstraction:IsAComponentOf,R-HSA-392499,0
R-HSA-72766,abstraction:IsAComponentOf,R-HSA-392499,0
R-HSA-5683826,abstraction:IsAComponentOf,R-HSA-392499,0
R-HSA-391251,abstraction:IsAComponentOf,R-HSA-392499,0
R-HSA-5676934,abstraction:IsAComponentOf,R-HSA-392499,0
R-HSA-977225,abstraction:IsAComponentOf,R-HSA-392499,0
R-HSA-381426,abstraction:IsAComponentOf,R-HSA-392499,0
R-HSA-597592,abstraction:IsAComponentOf,R-HSA-392499,0
R-HSA-9837999,abstraction:IsAComponentOf,R-HSA-392499,0
R-HSA-174113,abstraction:IsAComponentOf,R-HSA-176408,5.181783550292085
R-HSA-176417,abstraction:IsAComponentOf,R-HSA-176408,5.181783550292085
R-HSA-141405,abstraction:IsAComponentOf,R-HSA-176408,5.181783550292085
R-HSA-435354,abstraction:IsAComponentOf,R-HSA-425410,4.48863636973214
R-HSA-425986,abstraction:IsAComponentOf,R-HSA-425410,4.48863636973214
R-HSA-425561,abstraction:IsAComponentOf,R-HSA-425410,4.48863636973214
R-HSA-444411,abstraction:IsAComponentOf,R-HSA-5223345,3.691692395490551
R-HSA-112409,abstraction:IsAComponentOf,R-HSA-5684996,5.469465622743866
R-HSA-5673001,abstraction:IsAComponentOf,R-HSA-5684996,5.469465622743866
R-HSA-442742,abstraction:IsAComponentOf,R-HSA-438064,5.469465622743866
R-HSA-442729,abstraction:IsAComponentOf,R-HSA-438064,5.469465622743866
R-HSA-9619229,abstraction:IsAComponentOf,R-HSA-438064,5.469465622743866
R-HSA-9620244,abstraction:IsAComponentOf,R-HSA-438064,5.469465622743866
R-HSA-442720,abstraction:IsAComponentOf,R-HSA-438064,5.469465622743866
R-HSA-9619483,abstraction:IsAComponentOf,R-HSA-438064,5.469465622743866
R-HSA-381771,abstraction:IsAComponentOf,R-HSA-400508,5.87493073085203
R-HSA-400511,abstraction:IsAComponentOf,R-HSA-400508,5.87493073085203
R-HSA-9948299,abstraction:IsAComponentOf,R-HSA-72766,3.086837822076284
R-HSA-5368287,abstraction:IsAComponentOf,R-HSA-72766,3.086837822076284
R-HSA-72613,abstraction:IsAComponentOf,R-HSA-72766,3.086837822076284
R-HSA-379724,abstraction:IsAComponentOf,R-HSA-72766,3.086837822076284
R-HSA-156842,abstraction:IsAComponentOf,R-HSA-72766,3.086837822076284
R-HSA-72764,abstraction:IsAComponentOf,R-HSA-72766,3.086837822076284
R-HSA-1799339,abstraction:IsAComponentOf,R-HSA-72766,3.086837822076284
R-HSA-6809371,abstraction:IsAComponentOf,R-HSA-6805567,3.235873401236772
R-HSA-9009391,abstraction:IsAComponentOf,R-HSA-8939211,5.315314942916608
R-HSA-9018519,abstraction:IsAComponentOf,R-HSA-8939211,5.315314942916608
R-HSA-77348,abstraction:IsAComponentOf,R-HSA-77286,5.651787179537821
R-HSA-77305,abstraction:IsAComponentOf,R-HSA-77286,5.651787179537821
R-HSA-77310,abstraction:IsAComponentOf,R-HSA-77286,5.651787179537821
R-HSA-77352,abstraction:IsAComponentOf,R-HSA-77286,5.651787179537821
R-HSA-77285,abstraction:IsAComponentOf,R-HSA-77286,5.651787179537821
R-HSA-77346,abstraction:IsAComponentOf,R-HSA-77286,5.651787179537821
R-HSA-77350,abstraction:IsAComponentOf,R-HSA-77286,5.651787179537821
R-HSA-419408,abstraction:IsAComponentOf,R-HSA-373076,4.587076442545392
R-HSA-3296197,abstraction:IsAComponentOf,R-HSA-373076,4.587076442545392
R-HSA-375280,abstraction:IsAComponentOf,R-HSA-373076,4.587076442545392
R-HSA-391903,abstraction:IsAComponentOf,R-HSA-373076,4.587076442545392
R-HSA-444209,abstraction:IsAComponentOf,R-HSA-373076,4.587076442545392
R-HSA-419771,abstraction:IsAComponentOf,R-HSA-373076,4.587076442545392
R-HSA-375276,abstraction:IsAComponentOf,R-HSA-373076,4.587076442545392
R-HSA-375281,abstraction:IsAComponentOf,R-HSA-373076,4.587076442545392
R-HSA-418038,abstraction:IsAComponentOf,R-HSA-373076,4.587076442545392
R-HSA-111469,abstraction:IsAComponentOf,R-HSA-111471,5.009933293365426
R-HSA-111461,abstraction:IsAComponentOf,R-HSA-111471,5.009933293365426
R-HSA-111457,abstraction:IsAComponentOf,R-HSA-111471,5.009933293365426
R-HSA-9845323,abstraction:IsAComponentOf,R-HSA-9842860,5.064000514635702
R-HSA-9843940,abstraction:IsAComponentOf,R-HSA-9842860,5.064000514635702
R-HSA-9843970,abstraction:IsAComponentOf,R-HSA-9842860,5.064000514635702
R-HSA-191273,abstraction:IsAComponentOf,R-HSA-8957322,3.1340907069268296
R-HSA-1655829,abstraction:IsAComponentOf,R-HSA-8957322,3.1340907069268296
R-HSA-196071,abstraction:IsAComponentOf,R-HSA-8957322,3.1340907069268296
R-HSA-194068,abstraction:IsAComponentOf,R-HSA-8957322,3.1340907069268296
R-HSA-196791,abstraction:IsAComponentOf,R-HSA-8957322,3.1340907069268296
R-HSA-8876198,abstraction:IsAComponentOf,R-HSA-9007101,4.553174890869711
R-HSA-8854214,abstraction:IsAComponentOf,R-HSA-9007101,4.553174890869711
R-HSA-201556,abstraction:IsAComponentOf,R-HSA-9006934,1.9309246795708337
R-HSA-74752,abstraction:IsAComponentOf,R-HSA-9006934,1.9309246795708337
R-HSA-6806834,abstraction:IsAComponentOf,R-HSA-9006934,1.9309246795708337
R-HSA-2404192,abstraction:IsAComponentOf,R-HSA-9006934,1.9309246795708337
R-HSA-194138,abstraction:IsAComponentOf,R-HSA-9006934,1.9309246795708337
R-HSA-1433557,abstraction:IsAComponentOf,R-HSA-9006934,1.9309246795708337
R-HSA-1236394,abstraction:IsAComponentOf,R-HSA-9006934,1.9309246795708337
R-HSA-8852405,abstraction:IsAComponentOf,R-HSA-9006934,1.9309246795708337
R-HSA-166520,abstraction:IsAComponentOf,R-HSA-9006934,1.9309246795708337
R-HSA-1227986,abstraction:IsAComponentOf,R-HSA-9006934,1.9309246795708337
R-HSA-177929,abstraction:IsAComponentOf,R-HSA-9006934,1.9309246795708337
R-HSA-186797,abstraction:IsAComponentOf,R-HSA-9006934,1.9309246795708337
R-HSA-190236,abstraction:IsAComponentOf,R-HSA-9006934,1.9309246795708337
R-HSA-9842663,abstraction:IsAComponentOf,R-HSA-9006934,1.9309246795708337
R-HSA-9833576,abstraction:IsAComponentOf,R-HSA-9762292,6.568077911411976
R-HSA-9604323,abstraction:IsAComponentOf,R-HSA-9013694,5.009933293365426
R-HSA-9013700,abstraction:IsAComponentOf,R-HSA-9013694,5.009933293365426
R-HSA-9013695,abstraction:IsAComponentOf,R-HSA-9013694,5.009933293365426
R-HSA-212718,abstraction:IsAComponentOf,R-HSA-177929,2.937092435716942
R-HSA-179812,abstraction:IsAComponentOf,R-HSA-177929,2.937092435716942
R-HSA-180292,abstraction:IsAComponentOf,R-HSA-177929,2.937092435716942
R-HSA-182971,abstraction:IsAComponentOf,R-HSA-177929,2.937092435716942
R-HSA-180336,abstraction:IsAComponentOf,R-HSA-177929,2.937092435716942
R-HSA-9657050,abstraction:IsAComponentOf,R-HSA-9656249,5.469465622743866
R-HSA-9656256,abstraction:IsAComponentOf,R-HSA-9656249,5.469465622743866
R-HSA-9656255,abstraction:IsAComponentOf,R-HSA-9656249,5.469465622743866
R-HSA-195399,abstraction:IsAComponentOf,R-HSA-194313,6.162612803303811
R-HSA-450341,abstraction:IsAComponentOf,R-HSA-450282,5.87493073085203
R-HSA-198753,abstraction:IsAComponentOf,R-HSA-450282,5.87493073085203
R-HSA-199920,abstraction:IsAComponentOf,R-HSA-450282,5.87493073085203
R-HSA-2894862,abstraction:IsAComponentOf,R-HSA-2894858,5.651787179537821
R-HSA-112122,abstraction:IsAComponentOf,R-HSA-73943,6.344934360097766
R-HSA-112126,abstraction:IsAComponentOf,R-HSA-73943,6.344934360097766
R-HSA-8939211,abstraction:IsAComponentOf,R-HSA-9006931,1.9309246795708337
R-HSA-9024446,abstraction:IsAComponentOf,R-HSA-9006931,1.9309246795708337
R-HSA-5362517,abstraction:IsAComponentOf,R-HSA-9006931,1.9309246795708337
R-HSA-606279,abstraction:IsAComponentOf,R-HSA-774815,5.469465622743866
R-HSA-9911233,abstraction:IsAComponentOf,R-HSA-1912408,6.568077911411976
R-HSA-111997,abstraction:IsAComponentOf,R-HSA-111996,5.87493073085203
R-HSA-111995,abstraction:IsAComponentOf,R-HSA-111996,5.87493073085203
R-HSA-2046105,abstraction:IsAComponentOf,R-HSA-2046104,4.553174890869711
R-HSA-2046106,abstraction:IsAComponentOf,R-HSA-2046104,4.553174890869711
R-HSA-2426168,abstraction:IsAComponentOf,R-HSA-1655829,4.958639998977875
R-HSA-975163,abstraction:IsAComponentOf,R-HSA-975138,5.246322071429656
R-HSA-445989,abstraction:IsAComponentOf,R-HSA-975138,5.246322071429656
R-HSA-450294,abstraction:IsAComponentOf,R-HSA-975138,5.246322071429656
R-HSA-975144,abstraction:IsAComponentOf,R-HSA-975138,5.246322071429656
R-HSA-9673324,abstraction:IsAComponentOf,R-HSA-9664420,5.3894229150703294
R-HSA-1296346,abstraction:IsAComponentOf,R-HSA-1296071,3.6105668506781825
R-HSA-1296052,abstraction:IsAComponentOf,R-HSA-1296071,3.6105668506781825
R-HSA-1296061,abstraction:IsAComponentOf,R-HSA-1296071,3.6105668506781825
R-HSA-1296072,abstraction:IsAComponentOf,R-HSA-1296071,3.6105668506781825
R-HSA-1296065,abstraction:IsAComponentOf,R-HSA-1296071,3.6105668506781825
R-HSA-173623,abstraction:IsAComponentOf,R-HSA-166786,6.344934360097766
R-HSA-166662,abstraction:IsAComponentOf,R-HSA-166786,6.344934360097766
R-HSA-9027284,abstraction:IsAComponentOf,R-HSA-9006335,1.9309246795708337
R-HSA-9027283,abstraction:IsAComponentOf,R-HSA-9006335,1.9309246795708337
R-HSA-9027276,abstraction:IsAComponentOf,R-HSA-9006335,1.9309246795708337
R-HSA-9027277,abstraction:IsAComponentOf,R-HSA-9006335,1.9309246795708337
R-HSA-9931929,abstraction:IsAComponentOf,R-HSA-5609975,3.8600277103097658
R-HSA-4085023,abstraction:IsAComponentOf,R-HSA-5609975,3.8600277103097658
R-HSA-4719360,abstraction:IsAComponentOf,R-HSA-5609975,3.8600277103097658
R-HSA-4717374,abstraction:IsAComponentOf,R-HSA-5609975,3.8600277103097658
R-HSA-4755609,abstraction:IsAComponentOf,R-HSA-5609975,3.8600277103097658
R-HSA-4085011,abstraction:IsAComponentOf,R-HSA-5609975,3.8600277103097658
R-HSA-4043911,abstraction:IsAComponentOf,R-HSA-5609975,3.8600277103097658
R-HSA-4755583,abstraction:IsAComponentOf,R-HSA-5609975,3.8600277103097658
R-HSA-5609977,abstraction:IsAComponentOf,R-HSA-5609975,3.8600277103097658
R-HSA-5609976,abstraction:IsAComponentOf,R-HSA-5609975,3.8600277103097658
R-HSA-5609974,abstraction:IsAComponentOf,R-HSA-5609975,3.8600277103097658
R-HSA-4755579,abstraction:IsAComponentOf,R-HSA-5609975,3.8600277103097658
R-HSA-4043916,abstraction:IsAComponentOf,R-HSA-5609975,3.8600277103097658
R-HSA-4719377,abstraction:IsAComponentOf,R-HSA-5609975,3.8600277103097658
R-HSA-5609978,abstraction:IsAComponentOf,R-HSA-5609975,3.8600277103097658
R-HSA-400451,abstraction:IsAComponentOf,R-HSA-422356,5.315314942916608
R-HSA-400042,abstraction:IsAComponentOf,R-HSA-422356,5.315314942916608
R-HSA-399997,abstraction:IsAComponentOf,R-HSA-422356,5.315314942916608
R-HSA-381676,abstraction:IsAComponentOf,R-HSA-422356,5.315314942916608
R-HSA-9770562,abstraction:IsAComponentOf,R-HSA-72187,5.556476999733496
R-HSA-9034864,abstraction:IsAComponentOf,R-HSA-9034015,4.26549281841793
R-HSA-9034793,abstraction:IsAComponentOf,R-HSA-9034015,4.26549281841793
R-HSA-9034013,abstraction:IsAComponentOf,R-HSA-9034015,4.26549281841793
R-HSA-9603505,abstraction:IsAComponentOf,R-HSA-9034015,4.26549281841793
R-HSA-9603381,abstraction:IsAComponentOf,R-HSA-9034015,4.26549281841793
R-HSA-8941413,abstraction:IsAComponentOf,R-HSA-1222556,3.218173824137371
R-HSA-164378,abstraction:IsAComponentOf,R-HSA-163359,5.315314942916608
R-HSA-9022538,abstraction:IsAComponentOf,R-HSA-9005891,6.344934360097766
R-HSA-9022537,abstraction:IsAComponentOf,R-HSA-9005891,6.344934360097766
R-HSA-9022535,abstraction:IsAComponentOf,R-HSA-9005891,6.344934360097766
R-HSA-9022534,abstraction:IsAComponentOf,R-HSA-9005891,6.344934360097766
R-HSA-111997,abstraction:IsAComponentOf,R-HSA-1489509,5.064000514635702
R-HSA-6811555,abstraction:IsAComponentOf,R-HSA-6804758,5.87493073085203
R-HSA-5693565,abstraction:IsAComponentOf,R-HSA-5693606,5.246322071429656
R-HSA-5693548,abstraction:IsAComponentOf,R-HSA-5693606,5.246322071429656
R-HSA-5362798,abstraction:IsAComponentOf,R-HSA-5358346,5.651787179537821
R-HSA-9020956,abstraction:IsAComponentOf,R-HSA-447115,4.216702654248498
R-HSA-9020933,abstraction:IsAComponentOf,R-HSA-447115,4.216702654248498
R-HSA-8984722,abstraction:IsAComponentOf,R-HSA-447115,4.216702654248498
R-HSA-9020591,abstraction:IsAComponentOf,R-HSA-447115,4.216702654248498
R-HSA-6781827,abstraction:IsAComponentOf,R-HSA-5696398,3.8112375461403336
R-HSA-5696399,abstraction:IsAComponentOf,R-HSA-5696398,3.8112375461403336
R-HSA-174143,abstraction:IsAComponentOf,R-HSA-453276,3.4770354580536598
R-HSA-174495,abstraction:IsAComponentOf,R-HSA-175474,4.958639998977875
R-HSA-171286,abstraction:IsAComponentOf,R-HSA-175474,4.958639998977875
R-HSA-163282,abstraction:IsAComponentOf,R-HSA-75944,3.0198983394011747
R-HSA-163316,abstraction:IsAComponentOf,R-HSA-75944,3.0198983394011747
R-HSA-1168372,abstraction:IsAComponentOf,R-HSA-983705,4.240800205827559
R-HSA-5690714,abstraction:IsAComponentOf,R-HSA-983705,4.240800205827559
R-HSA-983695,abstraction:IsAComponentOf,R-HSA-983705,4.240800205827559
R-HSA-6783589,abstraction:IsAComponentOf,R-HSA-449147,3.720265767934607
R-HSA-446652,abstraction:IsAComponentOf,R-HSA-449147,3.720265767934607
R-HSA-1266695,abstraction:IsAComponentOf,R-HSA-449147,3.720265767934607
R-HSA-512988,abstraction:IsAComponentOf,R-HSA-449147,3.720265767934607
R-HSA-451927,abstraction:IsAComponentOf,R-HSA-449147,3.720265767934607
R-HSA-6785807,abstraction:IsAComponentOf,R-HSA-449147,3.720265767934607
R-HSA-8854691,abstraction:IsAComponentOf,R-HSA-449147,3.720265767934607
R-HSA-6783783,abstraction:IsAComponentOf,R-HSA-449147,3.720265767934607
R-HSA-449836,abstraction:IsAComponentOf,R-HSA-449147,3.720265767934607
R-HSA-447115,abstraction:IsAComponentOf,R-HSA-449147,3.720265767934607
R-HSA-448424,abstraction:IsAComponentOf,R-HSA-449147,3.720265767934607
R-HSA-2871809,abstraction:IsAComponentOf,R-HSA-2454202,3.218173824137371
R-HSA-2871796,abstraction:IsAComponentOf,R-HSA-2454202,3.218173824137371
R-HSA-2730905,abstraction:IsAComponentOf,R-HSA-2454202,3.218173824137371
R-HSA-2871837,abstraction:IsAComponentOf,R-HSA-2454202,3.218173824137371
R-HSA-8875555,abstraction:IsAComponentOf,R-HSA-8875878,5.469465622743866
R-HSA-8875513,abstraction:IsAComponentOf,R-HSA-8875878,5.469465622743866
R-HSA-8874081,abstraction:IsAComponentOf,R-HSA-8875878,5.469465622743866
R-HSA-9630221,abstraction:IsAComponentOf,R-HSA-9616333,5.469465622743866
R-HSA-9630222,abstraction:IsAComponentOf,R-HSA-9616333,5.469465622743866
R-HSA-8943724,abstraction:IsAComponentOf,R-HSA-6807070,5.651787179537821
R-HSA-8948751,abstraction:IsAComponentOf,R-HSA-6807070,5.651787179537821
R-HSA-8948747,abstraction:IsAComponentOf,R-HSA-6807070,5.651787179537821
R-HSA-8943723,abstraction:IsAComponentOf,R-HSA-6807070,5.651787179537821
R-HSA-9830364,abstraction:IsAComponentOf,R-HSA-9830369,3.235873401236772
R-HSA-9830674,abstraction:IsAComponentOf,R-HSA-9830369,3.235873401236772
R-HSA-9831926,abstraction:IsAComponentOf,R-HSA-9830369,3.235873401236772
R-HSA-163680,abstraction:IsAComponentOf,R-HSA-163685,2.143231279555166
R-HSA-163358,abstraction:IsAComponentOf,R-HSA-163685,2.143231279555166
R-HSA-163765,abstraction:IsAComponentOf,R-HSA-163685,2.143231279555166
R-HSA-163359,abstraction:IsAComponentOf,R-HSA-163685,2.143231279555166
R-HSA-422356,abstraction:IsAComponentOf,R-HSA-163685,2.143231279555166
R-HSA-163754,abstraction:IsAComponentOf,R-HSA-163685,2.143231279555166
R-HSA-163767,abstraction:IsAComponentOf,R-HSA-163685,2.143231279555166
R-HSA-166058,abstraction:IsAComponentOf,R-HSA-168188,5.181783550292085
R-HSA-9734091,abstraction:IsAComponentOf,R-HSA-6807004,5.469465622743866
R-HSA-159236,abstraction:IsAComponentOf,R-HSA-72202,5.556476999733496
R-HSA-159234,abstraction:IsAComponentOf,R-HSA-72202,5.556476999733496
R-HSA-69481,abstraction:IsAComponentOf,R-HSA-69620,3.1421879171594487
R-HSA-69618,abstraction:IsAComponentOf,R-HSA-69620,3.1421879171594487
R-HSA-69615,abstraction:IsAComponentOf,R-HSA-69620,3.1421879171594487
R-HSA-5576886,abstraction:IsAComponentOf,R-HSA-5576891,5.651787179537821
R-HSA-5578775,abstraction:IsAComponentOf,R-HSA-5576891,5.651787179537821
R-HSA-5578768,abstraction:IsAComponentOf,R-HSA-5576891,5.651787179537821
R-HSA-5576892,abstraction:IsAComponentOf,R-HSA-5576891,5.651787179537821
R-HSA-5576894,abstraction:IsAComponentOf,R-HSA-5576891,5.651787179537821
R-HSA-5576893,abstraction:IsAComponentOf,R-HSA-5576891,5.651787179537821
R-HSA-5576890,abstraction:IsAComponentOf,R-HSA-5576891,5.651787179537821
R-HSA-9617324,abstraction:IsAComponentOf,R-HSA-442755,4.457864711065386
R-HSA-438066,abstraction:IsAComponentOf,R-HSA-442755,4.457864711065386
R-HSA-9609736,abstraction:IsAComponentOf,R-HSA-442755,4.457864711065386
R-HSA-438064,abstraction:IsAComponentOf,R-HSA-442755,4.457864711065386
R-HSA-1059683,abstraction:IsAComponentOf,R-HSA-6783589,4.216702654248498
R-HSA-6788467,abstraction:IsAComponentOf,R-HSA-6783589,4.216702654248498
R-HSA-110313,abstraction:IsAComponentOf,R-HSA-73893,3.8112375461403336
R-HSA-110314,abstraction:IsAComponentOf,R-HSA-73893,3.8112375461403336
R-HSA-418457,abstraction:IsAComponentOf,R-HSA-392154,6.008462123476553
R-HSA-975871,abstraction:IsAComponentOf,R-HSA-168142,4.147709782761547
R-HSA-1221632,abstraction:IsAComponentOf,R-HSA-1500620,5.87493073085203
R-HSA-912446,abstraction:IsAComponentOf,R-HSA-1500620,5.87493073085203
R-HSA-991365,abstraction:IsAComponentOf,R-HSA-977444,6.568077911411976
R-HSA-9035034,abstraction:IsAComponentOf,R-HSA-9012999,4.399024211042453
R-HSA-9013148,abstraction:IsAComponentOf,R-HSA-9012999,4.399024211042453
R-HSA-9013409,abstraction:IsAComponentOf,R-HSA-9012999,4.399024211042453
R-HSA-9013405,abstraction:IsAComponentOf,R-HSA-9012999,4.399024211042453
R-HSA-9013026,abstraction:IsAComponentOf,R-HSA-9012999,4.399024211042453
R-HSA-9013408,abstraction:IsAComponentOf,R-HSA-9012999,4.399024211042453
R-HSA-9013420,abstraction:IsAComponentOf,R-HSA-9012999,4.399024211042453
R-HSA-9013149,abstraction:IsAComponentOf,R-HSA-9012999,4.399024211042453
R-HSA-8980692,abstraction:IsAComponentOf,R-HSA-9012999,4.399024211042453
R-HSA-9013407,abstraction:IsAComponentOf,R-HSA-9012999,4.399024211042453
R-HSA-9696270,abstraction:IsAComponentOf,R-HSA-9012999,4.399024211042453
R-HSA-9013406,abstraction:IsAComponentOf,R-HSA-9012999,4.399024211042453
R-HSA-9696264,abstraction:IsAComponentOf,R-HSA-9012999,4.399024211042453
R-HSA-9706574,abstraction:IsAComponentOf,R-HSA-9012999,4.399024211042453
R-HSA-9696273,abstraction:IsAComponentOf,R-HSA-9012999,4.399024211042453
R-HSA-9013404,abstraction:IsAComponentOf,R-HSA-9012999,4.399024211042453
R-HSA-9013423,abstraction:IsAComponentOf,R-HSA-9012999,4.399024211042453
R-HSA-9013424,abstraction:IsAComponentOf,R-HSA-9012999,4.399024211042453
R-HSA-9013106,abstraction:IsAComponentOf,R-HSA-9012999,4.399024211042453
R-HSA-9856530,abstraction:IsAComponentOf,R-HSA-9860931,6.568077911411976
R-HSA-9860927,abstraction:IsAComponentOf,R-HSA-9860931,6.568077911411976
R-HSA-9912529,abstraction:IsAComponentOf,R-HSA-9865114,5.469465622743866
R-HSA-9865125,abstraction:IsAComponentOf,R-HSA-9865114,5.469465622743866
R-HSA-9907570,abstraction:IsAComponentOf,R-HSA-9865114,5.469465622743866
R-HSA-9865113,abstraction:IsAComponentOf,R-HSA-9865114,5.469465622743866
R-HSA-1839126,abstraction:IsAComponentOf,R-HSA-5655253,5.009933293365426
R-HSA-9686347,abstraction:IsAComponentOf,R-HSA-9693928,5.757147695195647
R-HSA-1839128,abstraction:IsAComponentOf,R-HSA-5655291,5.009933293365426
R-HSA-73884,abstraction:IsAComponentOf,R-HSA-73894,0
R-HSA-73942,abstraction:IsAComponentOf,R-HSA-73894,0
R-HSA-5358508,abstraction:IsAComponentOf,R-HSA-73894,0
R-HSA-73893,abstraction:IsAComponentOf,R-HSA-73894,0
R-HSA-5693532,abstraction:IsAComponentOf,R-HSA-73894,0
R-HSA-5696398,abstraction:IsAComponentOf,R-HSA-73894,0
R-HSA-6783310,abstraction:IsAComponentOf,R-HSA-73894,0
R-HSA-69166,abstraction:IsAComponentOf,R-HSA-69183,6.855759983863757
R-HSA-8951911,abstraction:IsAComponentOf,R-HSA-8878159,3.5355316647352684
R-HSA-8951936,abstraction:IsAComponentOf,R-HSA-8878159,3.5355316647352684
R-HSA-8951430,abstraction:IsAComponentOf,R-HSA-8878159,3.5355316647352684
R-HSA-8949275,abstraction:IsAComponentOf,R-HSA-8878159,3.5355316647352684
R-HSA-8941855,abstraction:IsAComponentOf,R-HSA-8878159,3.5355316647352684
R-HSA-8952158,abstraction:IsAComponentOf,R-HSA-8878159,3.5355316647352684
R-HSA-8941856,abstraction:IsAComponentOf,R-HSA-8878159,3.5355316647352684
R-HSA-8951671,abstraction:IsAComponentOf,R-HSA-8878159,3.5355316647352684
R-HSA-8941858,abstraction:IsAComponentOf,R-HSA-8878159,3.5355316647352684
R-HSA-75035,abstraction:IsAComponentOf,R-HSA-69473,6.568077911411976
R-HSA-69560,abstraction:IsAComponentOf,R-HSA-69563,6.344934360097766
R-HSA-69541,abstraction:IsAComponentOf,R-HSA-69563,6.344934360097766
R-HSA-380612,abstraction:IsAComponentOf,R-HSA-380615,6.344934360097766
R-HSA-5693571,abstraction:IsAComponentOf,R-HSA-5693532,3.8112375461403336
R-HSA-5693538,abstraction:IsAComponentOf,R-HSA-5693532,3.8112375461403336
R-HSA-5693606,abstraction:IsAComponentOf,R-HSA-5693532,3.8112375461403336
R-HSA-8848021,abstraction:IsAComponentOf,R-HSA-9006927,1.9309246795708337
R-HSA-5625886,abstraction:IsAComponentOf,R-HSA-5625740,5.469465622743866
R-HSA-9932444,abstraction:IsAComponentOf,R-HSA-4839726,0
R-HSA-3247509,abstraction:IsAComponentOf,R-HSA-4839726,0
R-HSA-5218900,abstraction:IsAComponentOf,R-HSA-5675482,7.261225091971921
R-HSA-8964046,abstraction:IsAComponentOf,R-HSA-8964043,5.246322071429656
R-HSA-8964026,abstraction:IsAComponentOf,R-HSA-8964043,5.246322071429656
R-HSA-8964038,abstraction:IsAComponentOf,R-HSA-8964043,5.246322071429656
R-HSA-8964011,abstraction:IsAComponentOf,R-HSA-8964043,5.246322071429656
R-HSA-8866427,abstraction:IsAComponentOf,R-HSA-8964043,5.246322071429656
R-HSA-3371599,abstraction:IsAComponentOf,R-HSA-3323169,5.181783550292085
R-HSA-3371598,abstraction:IsAComponentOf,R-HSA-3323169,5.181783550292085
R-HSA-5467345,abstraction:IsAComponentOf,R-HSA-4839735,4.958639998977875
R-HSA-5467340,abstraction:IsAComponentOf,R-HSA-4839735,4.958639998977875
R-HSA-72649,abstraction:IsAComponentOf,R-HSA-72662,6.008462123476553
R-HSA-111463,abstraction:IsAComponentOf,R-HSA-111469,5.87493073085203
R-HSA-111464,abstraction:IsAComponentOf,R-HSA-111469,5.87493073085203
R-HSA-9632693,abstraction:IsAComponentOf,R-HSA-9630747,5.757147695195647
R-HSA-9646303,abstraction:IsAComponentOf,R-HSA-9630747,5.757147695195647
R-HSA-9630750,abstraction:IsAComponentOf,R-HSA-9630747,5.757147695195647
R-HSA-9646304,abstraction:IsAComponentOf,R-HSA-9630747,5.757147695195647
R-HSA-77042,abstraction:IsAComponentOf,R-HSA-75064,6.344934360097766
R-HSA-75102,abstraction:IsAComponentOf,R-HSA-75064,6.344934360097766
R-HSA-163210,abstraction:IsAComponentOf,R-HSA-1428517,2.143231279555166
R-HSA-880009,abstraction:IsAComponentOf,R-HSA-1428517,2.143231279555166
R-HSA-71403,abstraction:IsAComponentOf,R-HSA-1428517,2.143231279555166
R-HSA-611105,abstraction:IsAComponentOf,R-HSA-1428517,2.143231279555166
R-HSA-166187,abstraction:IsAComponentOf,R-HSA-1428517,2.143231279555166
R-HSA-70268,abstraction:IsAComponentOf,R-HSA-1428517,2.143231279555166
R-HSA-74749,abstraction:IsAComponentOf,R-HSA-74751,5.651787179537821
R-HSA-112399,abstraction:IsAComponentOf,R-HSA-74751,5.651787179537821
R-HSA-74713,abstraction:IsAComponentOf,R-HSA-74751,5.651787179537821
R-HSA-446199,abstraction:IsAComponentOf,R-HSA-446219,5.87493073085203
R-HSA-446210,abstraction:IsAComponentOf,R-HSA-446219,5.87493073085203
R-HSA-446205,abstraction:IsAComponentOf,R-HSA-446219,5.87493073085203
R-HSA-6787639,abstraction:IsAComponentOf,R-HSA-446219,5.87493073085203
R-HSA-4085001,abstraction:IsAComponentOf,R-HSA-446219,5.87493073085203
R-HSA-480985,abstraction:IsAComponentOf,R-HSA-446219,5.87493073085203
R-HSA-162699,abstraction:IsAComponentOf,R-HSA-446219,5.87493073085203
R-HSA-69231,abstraction:IsAComponentOf,R-HSA-69236,5.246322071429656
R-HSA-2173788,abstraction:IsAComponentOf,R-HSA-2173789,6.162612803303811
R-HSA-171319,abstraction:IsAComponentOf,R-HSA-180786,5.757147695195647
R-HSA-174417,abstraction:IsAComponentOf,R-HSA-180786,5.757147695195647
R-HSA-110056,abstraction:IsAComponentOf,R-HSA-112409,5.651787179537821
R-HSA-112411,abstraction:IsAComponentOf,R-HSA-112409,5.651787179537821
R-HSA-9925561,abstraction:IsAComponentOf,R-HSA-9820448,5.556476999733496
R-HSA-9937080,abstraction:IsAComponentOf,R-HSA-9820448,5.556476999733496
R-HSA-9925563,abstraction:IsAComponentOf,R-HSA-9820448,5.556476999733496
R-HSA-167060,abstraction:IsAComponentOf,R-HSA-9036866,4.26549281841793
R-HSA-8940973,abstraction:IsAComponentOf,R-HSA-8941326,6.162612803303811
R-HSA-8941284,abstraction:IsAComponentOf,R-HSA-8941326,6.162612803303811
R-HSA-8853383,abstraction:IsAComponentOf,R-HSA-71387,2.143231279555166
R-HSA-5661270,abstraction:IsAComponentOf,R-HSA-71387,2.143231279555166
R-HSA-1630316,abstraction:IsAComponentOf,R-HSA-71387,2.143231279555166
R-HSA-5653890,abstraction:IsAComponentOf,R-HSA-71387,2.143231279555166
R-HSA-70326,abstraction:IsAComponentOf,R-HSA-71387,2.143231279555166
R-HSA-70370,abstraction:IsAComponentOf,R-HSA-71387,2.143231279555166
R-HSA-9033658,abstraction:IsAComponentOf,R-HSA-71387,2.143231279555166
R-HSA-5652084,abstraction:IsAComponentOf,R-HSA-71387,2.143231279555166
R-HSA-71336,abstraction:IsAComponentOf,R-HSA-71387,2.143231279555166
R-HSA-8982491,abstraction:IsAComponentOf,R-HSA-71387,2.143231279555166
R-HSA-629587,abstraction:IsAComponentOf,R-HSA-622323,6.344934360097766
R-HSA-629597,abstraction:IsAComponentOf,R-HSA-622323,6.344934360097766
R-HSA-180786,abstraction:IsAComponentOf,R-HSA-157579,5.469465622743866
R-HSA-9670095,abstraction:IsAComponentOf,R-HSA-157579,5.469465622743866
R-HSA-171306,abstraction:IsAComponentOf,R-HSA-157579,5.469465622743866
R-HSA-9706377,abstraction:IsAComponentOf,R-HSA-9682385,2.8244735576087927
R-HSA-9702506,abstraction:IsAComponentOf,R-HSA-9682385,2.8244735576087927
R-HSA-9703648,abstraction:IsAComponentOf,R-HSA-9682385,2.8244735576087927
R-HSA-9702509,abstraction:IsAComponentOf,R-HSA-9682385,2.8244735576087927
R-HSA-9703465,abstraction:IsAComponentOf,R-HSA-9682385,2.8244735576087927
R-HSA-9856532,abstraction:IsAComponentOf,R-HSA-9855142,3.929020581796717
R-HSA-9860931,abstraction:IsAComponentOf,R-HSA-9855142,3.929020581796717
R-HSA-1538133,abstraction:IsAComponentOf,R-HSA-453279,3.4770354580536598
R-HSA-69206,abstraction:IsAComponentOf,R-HSA-453279,3.4770354580536598
R-HSA-69236,abstraction:IsAComponentOf,R-HSA-453279,3.4770354580536598
R-HSA-9659379,abstraction:IsAComponentOf,R-HSA-9709957,0
R-HSA-9717189,abstraction:IsAComponentOf,R-HSA-9709957,0
R-HSA-381753,abstraction:IsAComponentOf,R-HSA-9709957,0
R-HSA-2187338,abstraction:IsAComponentOf,R-HSA-9709957,0
R-HSA-9617828,abstraction:IsAComponentOf,R-HSA-9614085,3.5355316647352684
R-HSA-9617629,abstraction:IsAComponentOf,R-HSA-9614085,3.5355316647352684
R-HSA-9614399,abstraction:IsAComponentOf,R-HSA-9614085,3.5355316647352684
R-HSA-9615017,abstraction:IsAComponentOf,R-HSA-9614085,3.5355316647352684
R-HSA-9614657,abstraction:IsAComponentOf,R-HSA-9614085,3.5355316647352684
R-HSA-6811440,abstraction:IsAComponentOf,R-HSA-6811442,4.553174890869711
R-HSA-6811438,abstraction:IsAComponentOf,R-HSA-6811442,4.553174890869711
R-HSA-8856688,abstraction:IsAComponentOf,R-HSA-6811442,4.553174890869711
R-HSA-203927,abstraction:IsAComponentOf,R-HSA-211000,3.0198983394011747
R-HSA-5578749,abstraction:IsAComponentOf,R-HSA-211000,3.0198983394011747
R-HSA-426496,abstraction:IsAComponentOf,R-HSA-211000,3.0198983394011747
R-HSA-9708296,abstraction:IsAComponentOf,R-HSA-211000,3.0198983394011747
R-HSA-426486,abstraction:IsAComponentOf,R-HSA-211000,3.0198983394011747
R-HSA-5601884,abstraction:IsAComponentOf,R-HSA-211000,3.0198983394011747
R-HSA-446219,abstraction:IsAComponentOf,R-HSA-446193,4.818878056602717
R-HSA-983189,abstraction:IsAComponentOf,R-HSA-983231,4.316786112805481
R-HSA-2473224,abstraction:IsAComponentOf,R-HSA-1502540,5.181783550292085
R-HSA-1236382,abstraction:IsAComponentOf,R-HSA-5637815,6.162612803303811
R-HSA-2644606,abstraction:IsAComponentOf,R-HSA-2644602,5.651787179537821
R-HSA-9027307,abstraction:IsAComponentOf,R-HSA-9018682,5.87493073085203
R-HSA-1296041,abstraction:IsAComponentOf,R-HSA-1296059,6.344934360097766
R-HSA-416572,abstraction:IsAComponentOf,R-HSA-400685,6.008462123476553
R-HSA-416550,abstraction:IsAComponentOf,R-HSA-400685,6.008462123476553
R-HSA-9764561,abstraction:IsAComponentOf,R-HSA-9764265,5.87493073085203
R-HSA-9764562,abstraction:IsAComponentOf,R-HSA-9764265,5.87493073085203
R-HSA-9764560,abstraction:IsAComponentOf,R-HSA-9764265,5.87493073085203
R-HSA-9768727,abstraction:IsAComponentOf,R-HSA-9764265,5.87493073085203
R-HSA-4641258,abstraction:IsAComponentOf,R-HSA-201681,4.909849834808443
R-HSA-5368598,abstraction:IsAComponentOf,R-HSA-201681,4.909849834808443
R-HSA-201688,abstraction:IsAComponentOf,R-HSA-201681,4.909849834808443
R-HSA-4641257,abstraction:IsAComponentOf,R-HSA-201681,4.909849834808443
R-HSA-4641263,abstraction:IsAComponentOf,R-HSA-201681,4.909849834808443
R-HSA-4641262,abstraction:IsAComponentOf,R-HSA-201681,4.909849834808443
R-HSA-201722,abstraction:IsAComponentOf,R-HSA-201681,4.909849834808443
R-HSA-3772470,abstraction:IsAComponentOf,R-HSA-201681,4.909849834808443
R-HSA-3769402,abstraction:IsAComponentOf,R-HSA-201681,4.909849834808443
R-HSA-190872,abstraction:IsAComponentOf,R-HSA-190861,6.008462123476553
R-HSA-190827,abstraction:IsAComponentOf,R-HSA-190861,6.008462123476553
R-HSA-190704,abstraction:IsAComponentOf,R-HSA-190861,6.008462123476553
R-HSA-5658623,abstraction:IsAComponentOf,R-HSA-5654736,4.193172156838304
R-HSA-190242,abstraction:IsAComponentOf,R-HSA-5654736,4.193172156838304
R-HSA-5654726,abstraction:IsAComponentOf,R-HSA-5654736,4.193172156838304
R-HSA-5654687,abstraction:IsAComponentOf,R-HSA-5654736,4.193172156838304
R-HSA-2995410,abstraction:IsAComponentOf,R-HSA-68882,6.008462123476553
R-HSA-2467813,abstraction:IsAComponentOf,R-HSA-68882,6.008462123476553
R-HSA-2453864,abstraction:IsAComponentOf,R-HSA-2474795,5.469465622743866
R-HSA-6809583,abstraction:IsAComponentOf,R-HSA-2474795,5.469465622743866
R-HSA-1638091,abstraction:IsAComponentOf,R-HSA-1630316,4.370853334075757
R-HSA-1638074,abstraction:IsAComponentOf,R-HSA-1630316,4.370853334075757
R-HSA-174362,abstraction:IsAComponentOf,R-HSA-1630316,4.370853334075757
R-HSA-1793185,abstraction:IsAComponentOf,R-HSA-1630316,4.370853334075757
R-HSA-2142845,abstraction:IsAComponentOf,R-HSA-1630316,4.370853334075757
R-HSA-1971475,abstraction:IsAComponentOf,R-HSA-1630316,4.370853334075757
R-HSA-2022090,abstraction:IsAComponentOf,R-HSA-1474290,5.009933293365426
R-HSA-1650814,abstraction:IsAComponentOf,R-HSA-1474290,5.009933293365426
R-HSA-165160,abstraction:IsAComponentOf,R-HSA-109703,6.855759983863757
R-HSA-420499,abstraction:IsAComponentOf,R-HSA-500792,3.8434984083585553
R-HSA-373080,abstraction:IsAComponentOf,R-HSA-500792,3.8434984083585553
R-HSA-373076,abstraction:IsAComponentOf,R-HSA-500792,3.8434984083585553
R-HSA-6803204,abstraction:IsAComponentOf,R-HSA-5633008,4.958639998977875
R-HSA-6803207,abstraction:IsAComponentOf,R-HSA-5633008,4.958639998977875
R-HSA-6803211,abstraction:IsAComponentOf,R-HSA-5633008,4.958639998977875
R-HSA-6803205,abstraction:IsAComponentOf,R-HSA-5633008,4.958639998977875
R-HSA-727802,abstraction:IsAComponentOf,R-HSA-425397,4.48863636973214
R-HSA-83936,abstraction:IsAComponentOf,R-HSA-425397,4.48863636973214
R-HSA-804914,abstraction:IsAComponentOf,R-HSA-425397,4.48863636973214
R-HSA-3560783,abstraction:IsAComponentOf,R-HSA-3560782,3.8600277103097658
R-HSA-3560792,abstraction:IsAComponentOf,R-HSA-3560782,3.8600277103097658
R-HSA-3656244,abstraction:IsAComponentOf,R-HSA-3560782,3.8600277103097658
R-HSA-3656243,abstraction:IsAComponentOf,R-HSA-3560782,3.8600277103097658
R-HSA-4420332,abstraction:IsAComponentOf,R-HSA-3560782,3.8600277103097658
R-HSA-3656234,abstraction:IsAComponentOf,R-HSA-3560782,3.8600277103097658
R-HSA-3656237,abstraction:IsAComponentOf,R-HSA-3560782,3.8600277103097658
R-HSA-3656248,abstraction:IsAComponentOf,R-HSA-3560782,3.8600277103097658
R-HSA-3656253,abstraction:IsAComponentOf,R-HSA-3560782,3.8600277103097658
R-HSA-3595172,abstraction:IsAComponentOf,R-HSA-3560782,3.8600277103097658
R-HSA-3656225,abstraction:IsAComponentOf,R-HSA-3560782,3.8600277103097658
R-HSA-3595177,abstraction:IsAComponentOf,R-HSA-3560782,3.8600277103097658
R-HSA-3595174,abstraction:IsAComponentOf,R-HSA-3560782,3.8600277103097658
R-HSA-3560796,abstraction:IsAComponentOf,R-HSA-3560782,3.8600277103097658
R-HSA-3560801,abstraction:IsAComponentOf,R-HSA-3560782,3.8600277103097658
R-HSA-9828211,abstraction:IsAComponentOf,R-HSA-9013973,5.181783550292085
R-HSA-418885,abstraction:IsAComponentOf,R-HSA-373752,4.316786112805481
R-HSA-418886,abstraction:IsAComponentOf,R-HSA-373752,4.316786112805481
R-HSA-376172,abstraction:IsAComponentOf,R-HSA-373752,4.316786112805481
R-HSA-418890,abstraction:IsAComponentOf,R-HSA-373752,4.316786112805481
R-HSA-9927426,abstraction:IsAComponentOf,R-HSA-9924644,6.162612803303811
R-HSA-9927418,abstraction:IsAComponentOf,R-HSA-9924644,6.162612803303811
R-HSA-9927432,abstraction:IsAComponentOf,R-HSA-9924644,6.162612803303811
R-HSA-9938206,abstraction:IsAComponentOf,R-HSA-9924644,6.162612803303811
R-HSA-451306,abstraction:IsAComponentOf,R-HSA-451326,4.457864711065386
R-HSA-500657,abstraction:IsAComponentOf,R-HSA-451326,4.457864711065386
R-HSA-9610379,abstraction:IsAComponentOf,R-HSA-9609646,2.97076565082353
R-HSA-9609690,abstraction:IsAComponentOf,R-HSA-9609646,2.97076565082353
R-HSA-9669937,abstraction:IsAComponentOf,R-HSA-9669938,2.8244735576087927
R-HSA-9669921,abstraction:IsAComponentOf,R-HSA-9669938,2.8244735576087927
R-HSA-9680187,abstraction:IsAComponentOf,R-HSA-9669938,2.8244735576087927
R-HSA-9670439,abstraction:IsAComponentOf,R-HSA-9669938,2.8244735576087927
R-HSA-9669935,abstraction:IsAComponentOf,R-HSA-9669938,2.8244735576087927
R-HSA-9669933,abstraction:IsAComponentOf,R-HSA-9669938,2.8244735576087927
R-HSA-9707564,abstraction:IsAComponentOf,R-HSA-9711123,4.104224670821808
R-HSA-9755511,abstraction:IsAComponentOf,R-HSA-9711123,4.104224670821808
R-HSA-3299685,abstraction:IsAComponentOf,R-HSA-9711123,4.104224670821808
R-HSA-140875,abstraction:IsAComponentOf,R-HSA-140877,4.316786112805481
R-HSA-140834,abstraction:IsAComponentOf,R-HSA-140877,4.316786112805481
R-HSA-140837,abstraction:IsAComponentOf,R-HSA-140877,4.316786112805481
R-HSA-422475,abstraction:IsAComponentOf,R-HSA-9675108,3.235873401236772
R-HSA-9619665,abstraction:IsAComponentOf,R-HSA-9675108,3.235873401236772
R-HSA-917937,abstraction:IsAComponentOf,R-HSA-382551,0
R-HSA-8981607,abstraction:IsAComponentOf,R-HSA-382551,0
R-HSA-9845576,abstraction:IsAComponentOf,R-HSA-382551,0
R-HSA-8949215,abstraction:IsAComponentOf,R-HSA-382551,0
R-HSA-1480926,abstraction:IsAComponentOf,R-HSA-382551,0
R-HSA-174824,abstraction:IsAComponentOf,R-HSA-382551,0
R-HSA-983712,abstraction:IsAComponentOf,R-HSA-382551,0
R-HSA-382556,abstraction:IsAComponentOf,R-HSA-382551,0
R-HSA-425407,abstraction:IsAComponentOf,R-HSA-382551,0
R-HSA-445717,abstraction:IsAComponentOf,R-HSA-382551,0
R-HSA-5223345,abstraction:IsAComponentOf,R-HSA-382551,0
R-HSA-6806003,abstraction:IsAComponentOf,R-HSA-5633007,4.958639998977875
R-HSA-6804759,abstraction:IsAComponentOf,R-HSA-5633007,4.958639998977875
R-HSA-6804760,abstraction:IsAComponentOf,R-HSA-5633007,4.958639998977875
R-HSA-6804758,abstraction:IsAComponentOf,R-HSA-5633007,4.958639998977875
R-HSA-6804756,abstraction:IsAComponentOf,R-HSA-5633007,4.958639998977875
R-HSA-2465910,abstraction:IsAComponentOf,R-HSA-68875,4.818878056602717
R-HSA-2299718,abstraction:IsAComponentOf,R-HSA-68875,4.818878056602717
R-HSA-2980766,abstraction:IsAComponentOf,R-HSA-68875,4.818878056602717
R-HSA-162658,abstraction:IsAComponentOf,R-HSA-68875,4.818878056602717
R-HSA-9014843,abstraction:IsAComponentOf,R-HSA-446652,4.216702654248498
R-HSA-9014826,abstraction:IsAComponentOf,R-HSA-446652,4.216702654248498
R-HSA-9020702,abstraction:IsAComponentOf,R-HSA-446652,4.216702654248498
R-HSA-9008059,abstraction:IsAComponentOf,R-HSA-446652,4.216702654248498
R-HSA-448706,abstraction:IsAComponentOf,R-HSA-446652,4.216702654248498
R-HSA-9007892,abstraction:IsAComponentOf,R-HSA-446652,4.216702654248498
R-HSA-9012546,abstraction:IsAComponentOf,R-HSA-446652,4.216702654248498
R-HSA-3311021,abstraction:IsAComponentOf,R-HSA-3304347,5.556476999733496
R-HSA-196849,abstraction:IsAComponentOf,R-HSA-196854,2.143231279555166
R-HSA-8978934,abstraction:IsAComponentOf,R-HSA-196854,2.143231279555166
R-HSA-6806667,abstraction:IsAComponentOf,R-HSA-196854,2.143231279555166
R-HSA-9929491,abstraction:IsAComponentOf,R-HSA-9909615,6.008462123476553
R-HSA-9931295,abstraction:IsAComponentOf,R-HSA-9909615,6.008462123476553
R-HSA-9929356,abstraction:IsAComponentOf,R-HSA-9909615,6.008462123476553
R-HSA-9931269,abstraction:IsAComponentOf,R-HSA-9909615,6.008462123476553
R-HSA-113507,abstraction:IsAComponentOf,R-HSA-113510,5.87493073085203
R-HSA-113501,abstraction:IsAComponentOf,R-HSA-113510,5.87493073085203
R-HSA-141333,abstraction:IsAComponentOf,R-HSA-140179,5.1211589284756505
R-HSA-141334,abstraction:IsAComponentOf,R-HSA-140179,5.1211589284756505
R-HSA-3359469,abstraction:IsAComponentOf,R-HSA-3296469,5.181783550292085
R-HSA-3359462,abstraction:IsAComponentOf,R-HSA-3296469,5.181783550292085
R-HSA-3359473,abstraction:IsAComponentOf,R-HSA-3296469,5.181783550292085
R-HSA-3359467,abstraction:IsAComponentOf,R-HSA-3296469,5.181783550292085
R-HSA-3359475,abstraction:IsAComponentOf,R-HSA-3296469,5.181783550292085
R-HSA-3359463,abstraction:IsAComponentOf,R-HSA-3296469,5.181783550292085
R-HSA-3359485,abstraction:IsAComponentOf,R-HSA-3296469,5.181783550292085
R-HSA-3359474,abstraction:IsAComponentOf,R-HSA-3296469,5.181783550292085
R-HSA-5683329,abstraction:IsAComponentOf,R-HSA-3296469,5.181783550292085
R-HSA-3359457,abstraction:IsAComponentOf,R-HSA-3296469,5.181783550292085
R-HSA-3359454,abstraction:IsAComponentOf,R-HSA-3296469,5.181783550292085
R-HSA-3359471,abstraction:IsAComponentOf,R-HSA-3296469,5.181783550292085
R-HSA-1299361,abstraction:IsAComponentOf,R-HSA-1296346,5.181783550292085
R-HSA-1299287,abstraction:IsAComponentOf,R-HSA-1296346,5.181783550292085
R-HSA-1299503,abstraction:IsAComponentOf,R-HSA-1296346,5.181783550292085
R-HSA-1299316,abstraction:IsAComponentOf,R-HSA-1296346,5.181783550292085
R-HSA-1299344,abstraction:IsAComponentOf,R-HSA-1296346,5.181783550292085
R-HSA-1299308,abstraction:IsAComponentOf,R-HSA-1296346,5.181783550292085
R-HSA-110331,abstraction:IsAComponentOf,R-HSA-73927,5.87493073085203
R-HSA-110330,abstraction:IsAComponentOf,R-HSA-73927,5.87493073085203
R-HSA-156902,abstraction:IsAComponentOf,R-HSA-156842,4.696275734510384
R-HSA-9012999,abstraction:IsAComponentOf,R-HSA-194315,4.26549281841793
R-HSA-195258,abstraction:IsAComponentOf,R-HSA-194315,4.26549281841793
R-HSA-6791226,abstraction:IsAComponentOf,R-HSA-8868773,6.344934360097766
R-HSA-6790901,abstraction:IsAComponentOf,R-HSA-8868773,6.344934360097766
R-HSA-9824272,abstraction:IsAComponentOf,R-HSA-9793380,5.556476999733496
R-HSA-9956551,abstraction:IsAComponentOf,R-HSA-9956522,5.757147695195647
R-HSA-9956553,abstraction:IsAComponentOf,R-HSA-9956522,5.757147695195647
R-HSA-9664422,abstraction:IsAComponentOf,R-HSA-9664417,7.261225091971921
R-HSA-380994,abstraction:IsAComponentOf,R-HSA-381042,5.87493073085203
R-HSA-1170546,abstraction:IsAComponentOf,R-HSA-1280215,2.5790938648477013
R-HSA-913531,abstraction:IsAComponentOf,R-HSA-1280215,2.5790938648477013
R-HSA-5668541,abstraction:IsAComponentOf,R-HSA-1280215,2.5790938648477013
R-HSA-9607240,abstraction:IsAComponentOf,R-HSA-1280215,2.5790938648477013
R-HSA-449147,abstraction:IsAComponentOf,R-HSA-1280215,2.5790938648477013
R-HSA-9680350,abstraction:IsAComponentOf,R-HSA-1280215,2.5790938648477013
R-HSA-9674555,abstraction:IsAComponentOf,R-HSA-1280215,2.5790938648477013
R-HSA-982772,abstraction:IsAComponentOf,R-HSA-1280215,2.5790938648477013
R-HSA-9914274,abstraction:IsAComponentOf,R-HSA-9865118,2.7020988444852363
R-HSA-9865114,abstraction:IsAComponentOf,R-HSA-9865118,2.7020988444852363
R-HSA-9912481,abstraction:IsAComponentOf,R-HSA-9865118,2.7020988444852363
R-HSA-9909438,abstraction:IsAComponentOf,R-HSA-9865118,2.7020988444852363
R-HSA-9914355,abstraction:IsAComponentOf,R-HSA-9865118,2.7020988444852363
R-HSA-9916720,abstraction:IsAComponentOf,R-HSA-9865118,2.7020988444852363
R-HSA-9916722,abstraction:IsAComponentOf,R-HSA-9865118,2.7020988444852363
R-HSA-9915355,abstraction:IsAComponentOf,R-HSA-9865118,2.7020988444852363
R-HSA-380259,abstraction:IsAComponentOf,R-HSA-380284,6.855759983863757
R-HSA-9918438,abstraction:IsAComponentOf,R-HSA-2453864,5.556476999733496
R-HSA-9918436,abstraction:IsAComponentOf,R-HSA-2453864,5.556476999733496
R-HSA-9918440,abstraction:IsAComponentOf,R-HSA-2453864,5.556476999733496
R-HSA-9918450,abstraction:IsAComponentOf,R-HSA-2453864,5.556476999733496
R-HSA-9918449,abstraction:IsAComponentOf,R-HSA-2453864,5.556476999733496
R-HSA-9918454,abstraction:IsAComponentOf,R-HSA-2453864,5.556476999733496
R-HSA-2466712,abstraction:IsAComponentOf,R-HSA-2453864,5.556476999733496
R-HSA-9918443,abstraction:IsAComponentOf,R-HSA-2453864,5.556476999733496
R-HSA-9918442,abstraction:IsAComponentOf,R-HSA-2453864,5.556476999733496
R-HSA-186763,abstraction:IsAComponentOf,R-HSA-186797,2.937092435716942
R-HSA-202433,abstraction:IsAComponentOf,R-HSA-202403,4.240800205827559
R-HSA-202430,abstraction:IsAComponentOf,R-HSA-202403,4.240800205827559
R-HSA-202427,abstraction:IsAComponentOf,R-HSA-202403,4.240800205827559
R-HSA-202424,abstraction:IsAComponentOf,R-HSA-202403,4.240800205827559
R-HSA-204174,abstraction:IsAComponentOf,R-HSA-9861718,6.855759983863757
R-HSA-947581,abstraction:IsAComponentOf,R-HSA-196849,4.818878056602717
R-HSA-199220,abstraction:IsAComponentOf,R-HSA-196849,4.818878056602717
R-HSA-196843,abstraction:IsAComponentOf,R-HSA-196849,4.818878056602717
R-HSA-196741,abstraction:IsAComponentOf,R-HSA-196849,4.818878056602717
R-HSA-196757,abstraction:IsAComponentOf,R-HSA-196849,4.818878056602717
R-HSA-196819,abstraction:IsAComponentOf,R-HSA-196849,4.818878056602717
R-HSA-196807,abstraction:IsAComponentOf,R-HSA-196849,4.818878056602717
R-HSA-964975,abstraction:IsAComponentOf,R-HSA-196849,4.818878056602717
R-HSA-196780,abstraction:IsAComponentOf,R-HSA-196849,4.818878056602717
R-HSA-196836,abstraction:IsAComponentOf,R-HSA-196849,4.818878056602717
R-HSA-113418,abstraction:IsAComponentOf,R-HSA-75955,3.4004953809313254
R-HSA-112382,abstraction:IsAComponentOf,R-HSA-75955,3.4004953809313254
R-HSA-2173782,abstraction:IsAComponentOf,R-HSA-5653656,0
R-HSA-199991,abstraction:IsAComponentOf,R-HSA-5653656,0
R-HSA-2979096,abstraction:IsAComponentOf,R-HSA-1980145,5.009933293365426
R-HSA-2197563,abstraction:IsAComponentOf,R-HSA-1980145,5.009933293365426
R-HSA-72187,abstraction:IsAComponentOf,R-HSA-72203,3.9470390872993955
R-HSA-72172,abstraction:IsAComponentOf,R-HSA-72203,3.9470390872993955
R-HSA-72202,abstraction:IsAComponentOf,R-HSA-72203,3.9470390872993955
R-HSA-193144,abstraction:IsAComponentOf,R-HSA-196071,4.958639998977875
R-HSA-196108,abstraction:IsAComponentOf,R-HSA-196071,4.958639998977875
R-HSA-194002,abstraction:IsAComponentOf,R-HSA-196071,4.958639998977875
R-HSA-193048,abstraction:IsAComponentOf,R-HSA-196071,4.958639998977875
R-HSA-193993,abstraction:IsAComponentOf,R-HSA-196071,4.958639998977875
R-HSA-9909615,abstraction:IsAComponentOf,R-HSA-9909648,5.87493073085203
R-HSA-9909620,abstraction:IsAComponentOf,R-HSA-9909648,5.87493073085203
R-HSA-9909649,abstraction:IsAComponentOf,R-HSA-9909648,5.87493073085203
R-HSA-9697154,abstraction:IsAComponentOf,R-HSA-9675151,1.2937971226921803
R-HSA-9944971,abstraction:IsAComponentOf,R-HSA-9675151,1.2937971226921803
R-HSA-5654704,abstraction:IsAComponentOf,R-HSA-5654708,5.651787179537821
R-HSA-5654710,abstraction:IsAComponentOf,R-HSA-5654708,5.651787179537821
R-HSA-5654706,abstraction:IsAComponentOf,R-HSA-5654708,5.651787179537821
R-HSA-5654227,abstraction:IsAComponentOf,R-HSA-5654708,5.651787179537821
R-HSA-9842860,abstraction:IsAComponentOf,R-HSA-212165,3.0198983394011747
R-HSA-5334118,abstraction:IsAComponentOf,R-HSA-212165,3.0198983394011747
R-HSA-5250913,abstraction:IsAComponentOf,R-HSA-212165,3.0198983394011747
R-HSA-9917777,abstraction:IsAComponentOf,R-HSA-212165,3.0198983394011747
R-HSA-212300,abstraction:IsAComponentOf,R-HSA-212165,3.0198983394011747
R-HSA-5250941,abstraction:IsAComponentOf,R-HSA-212165,3.0198983394011747
R-HSA-5221030,abstraction:IsAComponentOf,R-HSA-212165,3.0198983394011747
R-HSA-418889,abstraction:IsAComponentOf,R-HSA-5357769,4.399024211042453
R-HSA-140534,abstraction:IsAComponentOf,R-HSA-5357769,4.399024211042453
R-HSA-3134975,abstraction:IsAComponentOf,R-HSA-1834949,3.218173824137371
R-HSA-1606322,abstraction:IsAComponentOf,R-HSA-1834949,3.218173824137371
R-HSA-3134963,abstraction:IsAComponentOf,R-HSA-1834949,3.218173824137371
R-HSA-1834941,abstraction:IsAComponentOf,R-HSA-1834949,3.218173824137371
R-HSA-3134973,abstraction:IsAComponentOf,R-HSA-1834949,3.218173824137371
R-HSA-6804754,abstraction:IsAComponentOf,R-HSA-6806003,5.87493073085203
R-HSA-6804757,abstraction:IsAComponentOf,R-HSA-6806003,5.87493073085203
R-HSA-209543,abstraction:IsAComponentOf,R-HSA-193639,5.315314942916608
R-HSA-209560,abstraction:IsAComponentOf,R-HSA-193639,5.315314942916608
R-HSA-173599,abstraction:IsAComponentOf,R-HSA-156588,5.469465622743866
R-HSA-3322077,abstraction:IsAComponentOf,R-HSA-8982491,4.370853334075757
R-HSA-70221,abstraction:IsAComponentOf,R-HSA-8982491,4.370853334075757
R-HSA-73929,abstraction:IsAComponentOf,R-HSA-73884,3.8112375461403336
R-HSA-73933,abstraction:IsAComponentOf,R-HSA-73884,3.8112375461403336
R-HSA-9037628,abstraction:IsAComponentOf,R-HSA-9033658,4.370853334075757
R-HSA-9037629,abstraction:IsAComponentOf,R-HSA-9033658,4.370853334075757
R-HSA-9033807,abstraction:IsAComponentOf,R-HSA-9033658,4.370853334075757
R-HSA-428542,abstraction:IsAComponentOf,R-HSA-376176,4.316786112805481
R-HSA-428890,abstraction:IsAComponentOf,R-HSA-376176,4.316786112805481
R-HSA-8985586,abstraction:IsAComponentOf,R-HSA-376176,4.316786112805481
R-HSA-8985801,abstraction:IsAComponentOf,R-HSA-376176,4.316786112805481
R-HSA-428543,abstraction:IsAComponentOf,R-HSA-376176,4.316786112805481
R-HSA-9010642,abstraction:IsAComponentOf,R-HSA-376176,4.316786112805481
R-HSA-428540,abstraction:IsAComponentOf,R-HSA-376176,4.316786112805481
R-HSA-9010553,abstraction:IsAComponentOf,R-HSA-376176,4.316786112805481
R-HSA-8948700,abstraction:IsAComponentOf,R-HSA-8943723,6.344934360097766
R-HSA-209931,abstraction:IsAComponentOf,R-HSA-209776,4.193172156838304
R-HSA-209905,abstraction:IsAComponentOf,R-HSA-209776,4.193172156838304
R-HSA-209968,abstraction:IsAComponentOf,R-HSA-209776,4.193172156838304
R-HSA-141424,abstraction:IsAComponentOf,R-HSA-69618,5.009933293365426
R-HSA-141405,abstraction:IsAComponentOf,R-HSA-69618,5.009933293365426
R-HSA-2660826,abstraction:IsAComponentOf,R-HSA-2660825,5.651787179537821
R-HSA-5654688,abstraction:IsAComponentOf,R-HSA-5654687,5.469465622743866
R-HSA-5654693,abstraction:IsAComponentOf,R-HSA-5654687,5.469465622743866
R-HSA-5654689,abstraction:IsAComponentOf,R-HSA-5654687,5.469465622743866
R-HSA-5654219,abstraction:IsAComponentOf,R-HSA-5654687,5.469465622743866
R-HSA-176408,abstraction:IsAComponentOf,R-HSA-174143,5.1211589284756505
R-HSA-176407,abstraction:IsAComponentOf,R-HSA-174143,5.1211589284756505
R-HSA-174084,abstraction:IsAComponentOf,R-HSA-174143,5.1211589284756505
R-HSA-174178,abstraction:IsAComponentOf,R-HSA-174143,5.1211589284756505
R-HSA-176814,abstraction:IsAComponentOf,R-HSA-174143,5.1211589284756505
R-HSA-446388,abstraction:IsAComponentOf,R-HSA-446353,4.696275734510384
R-HSA-446343,abstraction:IsAComponentOf,R-HSA-446353,4.696275734510384
R-HSA-2474795,abstraction:IsAComponentOf,R-HSA-9675143,1.2937971226921803
R-HSA-174048,abstraction:IsAComponentOf,R-HSA-176409,6.008462123476553
R-HSA-179419,abstraction:IsAComponentOf,R-HSA-176409,6.008462123476553
R-HSA-174154,abstraction:IsAComponentOf,R-HSA-176409,6.008462123476553
R-HSA-9664424,abstraction:IsAComponentOf,R-HSA-9658195,5.315314942916608
R-HSA-9664433,abstraction:IsAComponentOf,R-HSA-9658195,5.315314942916608
R-HSA-9664407,abstraction:IsAComponentOf,R-HSA-9658195,5.315314942916608
R-HSA-9664420,abstraction:IsAComponentOf,R-HSA-9658195,5.315314942916608
R-HSA-2980767,abstraction:IsAComponentOf,R-HSA-2980766,6.008462123476553
R-HSA-4419969,abstraction:IsAComponentOf,R-HSA-2980766,6.008462123476553
R-HSA-3301854,abstraction:IsAComponentOf,R-HSA-2980766,6.008462123476553
R-HSA-181429,abstraction:IsAComponentOf,R-HSA-112310,3.9840803589797447
R-HSA-264642,abstraction:IsAComponentOf,R-HSA-112310,3.9840803589797447
R-HSA-210500,abstraction:IsAComponentOf,R-HSA-112310,3.9840803589797447
R-HSA-212676,abstraction:IsAComponentOf,R-HSA-112310,3.9840803589797447
R-HSA-181430,abstraction:IsAComponentOf,R-HSA-112310,3.9840803589797447
R-HSA-888590,abstraction:IsAComponentOf,R-HSA-112310,3.9840803589797447
R-HSA-2033514,abstraction:IsAComponentOf,R-HSA-5655332,5.009933293365426
R-HSA-9020958,abstraction:IsAComponentOf,R-HSA-451927,4.216702654248498
R-HSA-912526,abstraction:IsAComponentOf,R-HSA-451927,4.216702654248498
R-HSA-8983432,abstraction:IsAComponentOf,R-HSA-451927,4.216702654248498
R-HSA-9020558,abstraction:IsAComponentOf,R-HSA-451927,4.216702654248498
R-HSA-8985947,abstraction:IsAComponentOf,R-HSA-451927,4.216702654248498
R-HSA-75064,abstraction:IsAComponentOf,R-HSA-75072,3.9470390872993955
R-HSA-72200,abstraction:IsAComponentOf,R-HSA-75072,3.9470390872993955
R-HSA-5685939,abstraction:IsAComponentOf,R-HSA-5693538,5.246322071429656
R-HSA-5693567,abstraction:IsAComponentOf,R-HSA-5693538,5.246322071429656
R-HSA-68949,abstraction:IsAComponentOf,R-HSA-69052,5.556476999733496
R-HSA-69017,abstraction:IsAComponentOf,R-HSA-69052,5.556476999733496
R-HSA-844456,abstraction:IsAComponentOf,R-HSA-622312,6.162612803303811
R-HSA-844455,abstraction:IsAComponentOf,R-HSA-622312,6.162612803303811
R-HSA-844623,abstraction:IsAComponentOf,R-HSA-622312,6.162612803303811
R-HSA-844615,abstraction:IsAComponentOf,R-HSA-622312,6.162612803303811
R-HSA-202040,abstraction:IsAComponentOf,R-HSA-111885,5.246322071429656
R-HSA-180024,abstraction:IsAComponentOf,R-HSA-111885,5.246322071429656
R-HSA-112040,abstraction:IsAComponentOf,R-HSA-111885,5.246322071429656
R-HSA-422085,abstraction:IsAComponentOf,R-HSA-2980736,3.086837822076284
R-HSA-264876,abstraction:IsAComponentOf,R-HSA-2980736,3.086837822076284
R-HSA-2022377,abstraction:IsAComponentOf,R-HSA-2980736,3.086837822076284
R-HSA-209952,abstraction:IsAComponentOf,R-HSA-2980736,3.086837822076284
R-HSA-400508,abstraction:IsAComponentOf,R-HSA-2980736,3.086837822076284
R-HSA-5083632,abstraction:IsAComponentOf,R-HSA-3906995,3.8600277103097658
R-HSA-5083636,abstraction:IsAComponentOf,R-HSA-3906995,3.8600277103097658
R-HSA-5083628,abstraction:IsAComponentOf,R-HSA-3906995,3.8600277103097658
R-HSA-5083630,abstraction:IsAComponentOf,R-HSA-3906995,3.8600277103097658
R-HSA-5083629,abstraction:IsAComponentOf,R-HSA-3906995,3.8600277103097658
R-HSA-5083635,abstraction:IsAComponentOf,R-HSA-3906995,3.8600277103097658
R-HSA-5083627,abstraction:IsAComponentOf,R-HSA-3906995,3.8600277103097658
R-HSA-5083633,abstraction:IsAComponentOf,R-HSA-3906995,3.8600277103097658
R-HSA-5083625,abstraction:IsAComponentOf,R-HSA-3906995,3.8600277103097658
R-HSA-9954714,abstraction:IsAComponentOf,R-HSA-9948299,4.696275734510384
R-HSA-9954716,abstraction:IsAComponentOf,R-HSA-9948299,4.696275734510384
R-HSA-9954709,abstraction:IsAComponentOf,R-HSA-9948299,4.696275734510384
R-HSA-420597,abstraction:IsAComponentOf,R-HSA-418990,4.909849834808443
R-HSA-9759476,abstraction:IsAComponentOf,R-HSA-418990,4.909849834808443
R-HSA-110362,abstraction:IsAComponentOf,R-HSA-110373,6.008462123476553
R-HSA-5651801,abstraction:IsAComponentOf,R-HSA-110373,6.008462123476553
R-HSA-350864,abstraction:IsAComponentOf,R-HSA-209968,6.568077911411976
R-HSA-9663891,abstraction:IsAComponentOf,R-HSA-1632852,5.651787179537821
R-HSA-5632684,abstraction:IsAComponentOf,R-HSA-5358351,1.9309246795708337
R-HSA-5610787,abstraction:IsAComponentOf,R-HSA-5358351,1.9309246795708337
R-HSA-5358346,abstraction:IsAComponentOf,R-HSA-5358351,1.9309246795708337
R-HSA-9706374,abstraction:IsAComponentOf,R-HSA-9607240,3.720265767934607
R-HSA-9645135,abstraction:IsAComponentOf,R-HSA-9607240,3.720265767934607
R-HSA-9706369,abstraction:IsAComponentOf,R-HSA-9607240,3.720265767934607
R-HSA-9768759,abstraction:IsAComponentOf,R-HSA-9634815,3.5355316647352684
R-HSA-9768919,abstraction:IsAComponentOf,R-HSA-9634815,3.5355316647352684
R-HSA-8866423,abstraction:IsAComponentOf,R-HSA-8963898,5.246322071429656
R-HSA-8963896,abstraction:IsAComponentOf,R-HSA-8963898,5.246322071429656
R-HSA-8963888,abstraction:IsAComponentOf,R-HSA-8963898,5.246322071429656
R-HSA-5685938,abstraction:IsAComponentOf,R-HSA-5693567,5.651787179537821
R-HSA-5693607,abstraction:IsAComponentOf,R-HSA-5693567,5.651787179537821
R-HSA-5685942,abstraction:IsAComponentOf,R-HSA-5693567,5.651787179537821
R-HSA-3371571,abstraction:IsAComponentOf,R-HSA-3371556,4.104224670821808
R-HSA-3371453,abstraction:IsAComponentOf,R-HSA-3371556,4.104224670821808
R-HSA-3371511,abstraction:IsAComponentOf,R-HSA-3371556,4.104224670821808
R-HSA-6782861,abstraction:IsAComponentOf,R-HSA-6782315,6.344934360097766
R-HSA-2161517,abstraction:IsAComponentOf,R-HSA-2161522,5.651787179537821
R-HSA-2161541,abstraction:IsAComponentOf,R-HSA-2161522,5.651787179537821
R-HSA-72737,abstraction:IsAComponentOf,R-HSA-72613,4.696275734510384
R-HSA-156827,abstraction:IsAComponentOf,R-HSA-72613,4.696275734510384
R-HSA-9717207,abstraction:IsAComponentOf,R-HSA-9717189,5.1211589284756505
R-HSA-9729555,abstraction:IsAComponentOf,R-HSA-9717189,5.1211589284756505
R-HSA-9730628,abstraction:IsAComponentOf,R-HSA-9717189,5.1211589284756505
R-HSA-5676594,abstraction:IsAComponentOf,R-HSA-5668541,3.720265767934607
R-HSA-5669034,abstraction:IsAComponentOf,R-HSA-5668541,3.720265767934607
R-HSA-5676590,abstraction:IsAComponentOf,R-HSA-5668541,3.720265767934607
R-HSA-450302,abstraction:IsAComponentOf,R-HSA-450294,5.757147695195647
R-HSA-5684264,abstraction:IsAComponentOf,R-HSA-450294,5.757147695195647
R-HSA-450321,abstraction:IsAComponentOf,R-HSA-450294,5.757147695195647
R-HSA-450282,abstraction:IsAComponentOf,R-HSA-450294,5.757147695195647
R-HSA-1181150,abstraction:IsAComponentOf,R-HSA-1266738,0
R-HSA-9843745,abstraction:IsAComponentOf,R-HSA-1266738,0
R-HSA-9616222,abstraction:IsAComponentOf,R-HSA-1266738,0
R-HSA-9816359,abstraction:IsAComponentOf,R-HSA-1266738,0
R-HSA-5619507,abstraction:IsAComponentOf,R-HSA-1266738,0
R-HSA-9734767,abstraction:IsAComponentOf,R-HSA-1266738,0
R-HSA-525793,abstraction:IsAComponentOf,R-HSA-1266738,0
R-HSA-9945266,abstraction:IsAComponentOf,R-HSA-1266738,0
R-HSA-6805567,abstraction:IsAComponentOf,R-HSA-1266738,0
R-HSA-9733709,abstraction:IsAComponentOf,R-HSA-1266738,0
R-HSA-9690406,abstraction:IsAComponentOf,R-HSA-1266738,0
R-HSA-452723,abstraction:IsAComponentOf,R-HSA-1266738,0
R-HSA-5682910,abstraction:IsAComponentOf,R-HSA-1266738,0
R-HSA-186712,abstraction:IsAComponentOf,R-HSA-1266738,0
R-HSA-9675108,abstraction:IsAComponentOf,R-HSA-1266738,0
R-HSA-9730414,abstraction:IsAComponentOf,R-HSA-1266738,0
R-HSA-9830369,abstraction:IsAComponentOf,R-HSA-1266738,0
R-HSA-9758941,abstraction:IsAComponentOf,R-HSA-1266738,0
R-HSA-9708530,abstraction:IsAComponentOf,R-HSA-9755511,5.246322071429656
R-HSA-9759194,abstraction:IsAComponentOf,R-HSA-9755511,5.246322071429656
R-HSA-162909,abstraction:IsAComponentOf,R-HSA-162906,2.97076565082353
R-HSA-162587,abstraction:IsAComponentOf,R-HSA-162906,2.97076565082353
R-HSA-9753510,abstraction:IsAComponentOf,R-HSA-9649913,6.568077911411976
R-HSA-9753512,abstraction:IsAComponentOf,R-HSA-9649913,6.568077911411976
R-HSA-9630791,abstraction:IsAComponentOf,R-HSA-9630750,5.87493073085203
R-HSA-9630794,abstraction:IsAComponentOf,R-HSA-9630750,5.87493073085203
R-HSA-2033515,abstraction:IsAComponentOf,R-HSA-2033514,6.568077911411976
R-HSA-8853334,abstraction:IsAComponentOf,R-HSA-2033514,6.568077911411976
R-HSA-1839130,abstraction:IsAComponentOf,R-HSA-2033514,6.568077911411976
R-HSA-174403,abstraction:IsAComponentOf,R-HSA-156590,5.469465622743866
R-HSA-9844594,abstraction:IsAComponentOf,R-HSA-9843743,6.855759983863757
R-HSA-75109,abstraction:IsAComponentOf,R-HSA-8979227,3.1340907069268296
R-HSA-163560,abstraction:IsAComponentOf,R-HSA-8979227,3.1340907069268296
R-HSA-196025,abstraction:IsAComponentOf,R-HSA-190873,6.008462123476553
R-HSA-5620916,abstraction:IsAComponentOf,R-HSA-5620920,6.008462123476553
R-HSA-5620922,abstraction:IsAComponentOf,R-HSA-5620920,6.008462123476553
R-HSA-5624958,abstraction:IsAComponentOf,R-HSA-5620920,6.008462123476553
R-HSA-5624138,abstraction:IsAComponentOf,R-HSA-5620920,6.008462123476553
R-HSA-72163,abstraction:IsAComponentOf,R-HSA-72172,5.556476999733496
R-HSA-72165,abstraction:IsAComponentOf,R-HSA-72172,5.556476999733496
R-HSA-975634,abstraction:IsAComponentOf,R-HSA-6806667,4.818878056602717
R-HSA-6806664,abstraction:IsAComponentOf,R-HSA-6806667,4.818878056602717
R-HSA-8877627,abstraction:IsAComponentOf,R-HSA-6806667,4.818878056602717
R-HSA-1855196,abstraction:IsAComponentOf,R-HSA-1483249,2.143231279555166
R-HSA-1855156,abstraction:IsAComponentOf,R-HSA-1483249,2.143231279555166
R-HSA-1855204,abstraction:IsAComponentOf,R-HSA-1483249,2.143231279555166
R-HSA-1855215,abstraction:IsAComponentOf,R-HSA-1483249,2.143231279555166
R-HSA-1855184,abstraction:IsAComponentOf,R-HSA-1483249,2.143231279555166
R-HSA-1855167,abstraction:IsAComponentOf,R-HSA-1483249,2.143231279555166
R-HSA-1855229,abstraction:IsAComponentOf,R-HSA-1483249,2.143231279555166
R-HSA-1855183,abstraction:IsAComponentOf,R-HSA-1483249,2.143231279555166
R-HSA-1855170,abstraction:IsAComponentOf,R-HSA-1483249,2.143231279555166
R-HSA-1855191,abstraction:IsAComponentOf,R-HSA-1483249,2.143231279555166
R-HSA-1855231,abstraction:IsAComponentOf,R-HSA-1483249,2.143231279555166
R-HSA-1855192,abstraction:IsAComponentOf,R-HSA-1483249,2.143231279555166
R-HSA-5638302,abstraction:IsAComponentOf,R-HSA-1643713,2.8244735576087927
R-HSA-5637815,abstraction:IsAComponentOf,R-HSA-1643713,2.8244735576087927
R-HSA-5637812,abstraction:IsAComponentOf,R-HSA-1643713,2.8244735576087927
R-HSA-9913351,abstraction:IsAComponentOf,R-HSA-3000171,5.009933293365426
R-HSA-3000170,abstraction:IsAComponentOf,R-HSA-3000171,5.009933293365426
R-HSA-211994,abstraction:IsAComponentOf,R-HSA-211976,5.757147695195647
R-HSA-9752946,abstraction:IsAComponentOf,R-HSA-381753,5.1211589284756505
R-HSA-5619073,abstraction:IsAComponentOf,R-HSA-5619102,3.5000249762783584
R-HSA-5619058,abstraction:IsAComponentOf,R-HSA-5619102,3.5000249762783584
R-HSA-5619094,abstraction:IsAComponentOf,R-HSA-5619102,3.5000249762783584
R-HSA-5619107,abstraction:IsAComponentOf,R-HSA-5619102,3.5000249762783584
R-HSA-5619063,abstraction:IsAComponentOf,R-HSA-5619102,3.5000249762783584
R-HSA-5619047,abstraction:IsAComponentOf,R-HSA-5619102,3.5000249762783584
R-HSA-5619101,abstraction:IsAComponentOf,R-HSA-5619102,3.5000249762783584
R-HSA-5619053,abstraction:IsAComponentOf,R-HSA-5619102,3.5000249762783584
R-HSA-5619097,abstraction:IsAComponentOf,R-HSA-5619102,3.5000249762783584
R-HSA-3560792,abstraction:IsAComponentOf,R-HSA-5619102,3.5000249762783584
R-HSA-5619039,abstraction:IsAComponentOf,R-HSA-5619102,3.5000249762783584
R-HSA-5656364,abstraction:IsAComponentOf,R-HSA-5619102,3.5000249762783584
R-HSA-5619099,abstraction:IsAComponentOf,R-HSA-5619102,3.5000249762783584
R-HSA-5660862,abstraction:IsAComponentOf,R-HSA-5619102,3.5000249762783584
R-HSA-5660724,abstraction:IsAComponentOf,R-HSA-5619102,3.5000249762783584
R-HSA-5663020,abstraction:IsAComponentOf,R-HSA-5619102,3.5000249762783584
R-HSA-5658208,abstraction:IsAComponentOf,R-HSA-5619102,3.5000249762783584
R-HSA-5660686,abstraction:IsAComponentOf,R-HSA-5619102,3.5000249762783584
R-HSA-5619066,abstraction:IsAComponentOf,R-HSA-5619102,3.5000249762783584
R-HSA-5655799,abstraction:IsAComponentOf,R-HSA-5619102,3.5000249762783584
R-HSA-5619068,abstraction:IsAComponentOf,R-HSA-5619102,3.5000249762783584
R-HSA-5619056,abstraction:IsAComponentOf,R-HSA-5619102,3.5000249762783584
R-HSA-5619081,abstraction:IsAComponentOf,R-HSA-5619102,3.5000249762783584
R-HSA-5619110,abstraction:IsAComponentOf,R-HSA-5619102,3.5000249762783584
R-HSA-5619046,abstraction:IsAComponentOf,R-HSA-5619102,3.5000249762783584
R-HSA-5619044,abstraction:IsAComponentOf,R-HSA-5619102,3.5000249762783584
R-HSA-5619048,abstraction:IsAComponentOf,R-HSA-5619102,3.5000249762783584
R-HSA-5619071,abstraction:IsAComponentOf,R-HSA-5619102,3.5000249762783584
R-HSA-5619050,abstraction:IsAComponentOf,R-HSA-5619102,3.5000249762783584
R-HSA-5619036,abstraction:IsAComponentOf,R-HSA-5619102,3.5000249762783584
R-HSA-5619076,abstraction:IsAComponentOf,R-HSA-5619102,3.5000249762783584
R-HSA-5660883,abstraction:IsAComponentOf,R-HSA-5619102,3.5000249762783584
R-HSA-5619096,abstraction:IsAComponentOf,R-HSA-5619102,3.5000249762783584
R-HSA-5619104,abstraction:IsAComponentOf,R-HSA-5619102,3.5000249762783584
R-HSA-5619098,abstraction:IsAComponentOf,R-HSA-5619102,3.5000249762783584
R-HSA-5619078,abstraction:IsAComponentOf,R-HSA-5619102,3.5000249762783584
R-HSA-5619061,abstraction:IsAComponentOf,R-HSA-5619102,3.5000249762783584
R-HSA-5619037,abstraction:IsAComponentOf,R-HSA-5619102,3.5000249762783584
R-HSA-5619049,abstraction:IsAComponentOf,R-HSA-5619102,3.5000249762783584
R-HSA-5619108,abstraction:IsAComponentOf,R-HSA-5619102,3.5000249762783584
R-HSA-5619035,abstraction:IsAComponentOf,R-HSA-5619102,3.5000249762783584
R-HSA-5619114,abstraction:IsAComponentOf,R-HSA-5619102,3.5000249762783584
R-HSA-5619041,abstraction:IsAComponentOf,R-HSA-5619102,3.5000249762783584
R-HSA-5619055,abstraction:IsAComponentOf,R-HSA-5619102,3.5000249762783584
R-HSA-5619040,abstraction:IsAComponentOf,R-HSA-5619102,3.5000249762783584
R-HSA-5619060,abstraction:IsAComponentOf,R-HSA-5619102,3.5000249762783584
R-HSA-5619111,abstraction:IsAComponentOf,R-HSA-5619102,3.5000249762783584
R-HSA-5619095,abstraction:IsAComponentOf,R-HSA-5619102,3.5000249762783584
R-HSA-5619092,abstraction:IsAComponentOf,R-HSA-5619102,3.5000249762783584
R-HSA-5619054,abstraction:IsAComponentOf,R-HSA-5619102,3.5000249762783584
R-HSA-5619067,abstraction:IsAComponentOf,R-HSA-5619102,3.5000249762783584
R-HSA-5619109,abstraction:IsAComponentOf,R-HSA-5619102,3.5000249762783584
R-HSA-5619088,abstraction:IsAComponentOf,R-HSA-5619102,3.5000249762783584
R-HSA-5619113,abstraction:IsAComponentOf,R-HSA-5619102,3.5000249762783584
R-HSA-5619043,abstraction:IsAComponentOf,R-HSA-5619102,3.5000249762783584
R-HSA-5619077,abstraction:IsAComponentOf,R-HSA-5619102,3.5000249762783584
R-HSA-5619089,abstraction:IsAComponentOf,R-HSA-5619102,3.5000249762783584
R-HSA-5619085,abstraction:IsAComponentOf,R-HSA-5619102,3.5000249762783584
R-HSA-9036092,abstraction:IsAComponentOf,R-HSA-5619102,3.5000249762783584
R-HSA-5619072,abstraction:IsAComponentOf,R-HSA-5619102,3.5000249762783584
R-HSA-5619045,abstraction:IsAComponentOf,R-HSA-5619102,3.5000249762783584
R-HSA-5619070,abstraction:IsAComponentOf,R-HSA-5619102,3.5000249762783584
R-HSA-5658471,abstraction:IsAComponentOf,R-HSA-5619102,3.5000249762783584
R-HSA-5659735,abstraction:IsAComponentOf,R-HSA-5619102,3.5000249762783584
R-HSA-5619062,abstraction:IsAComponentOf,R-HSA-5619102,3.5000249762783584
R-HSA-5619083,abstraction:IsAComponentOf,R-HSA-5619102,3.5000249762783584
R-HSA-5619052,abstraction:IsAComponentOf,R-HSA-5619102,3.5000249762783584
R-HSA-5619042,abstraction:IsAComponentOf,R-HSA-5619102,3.5000249762783584
R-HSA-5619087,abstraction:IsAComponentOf,R-HSA-5619102,3.5000249762783584
R-HSA-3248023,abstraction:IsAComponentOf,R-HSA-3134975,5.651787179537821
R-HSA-936964,abstraction:IsAComponentOf,R-HSA-937061,5.1211589284756505
R-HSA-937072,abstraction:IsAComponentOf,R-HSA-937061,5.1211589284756505
R-HSA-937041,abstraction:IsAComponentOf,R-HSA-937061,5.1211589284756505
R-HSA-445989,abstraction:IsAComponentOf,R-HSA-937061,5.1211589284756505
R-HSA-450294,abstraction:IsAComponentOf,R-HSA-937061,5.1211589284756505
R-HSA-2562578,abstraction:IsAComponentOf,R-HSA-937061,5.1211589284756505
R-HSA-9825895,abstraction:IsAComponentOf,R-HSA-9856651,5.651787179537821
R-HSA-9825892,abstraction:IsAComponentOf,R-HSA-9856651,5.651787179537821
R-HSA-9854909,abstraction:IsAComponentOf,R-HSA-9856651,5.651787179537821
R-HSA-9824594,abstraction:IsAComponentOf,R-HSA-9856651,5.651787179537821
R-HSA-9857377,abstraction:IsAComponentOf,R-HSA-9856651,5.651787179537821
R-HSA-9854907,abstraction:IsAComponentOf,R-HSA-9856651,5.651787179537821
R-HSA-9824585,abstraction:IsAComponentOf,R-HSA-9856651,5.651787179537821
R-HSA-9926550,abstraction:IsAComponentOf,R-HSA-9856651,5.651787179537821
R-HSA-9758881,abstraction:IsAComponentOf,R-HSA-196741,5.315314942916608
R-HSA-9758890,abstraction:IsAComponentOf,R-HSA-196741,5.315314942916608
R-HSA-9759218,abstraction:IsAComponentOf,R-HSA-196741,5.315314942916608
R-HSA-5654733,abstraction:IsAComponentOf,R-HSA-5654743,4.193172156838304
R-HSA-190322,abstraction:IsAComponentOf,R-HSA-5654743,4.193172156838304
R-HSA-5654716,abstraction:IsAComponentOf,R-HSA-5654743,4.193172156838304
R-HSA-9858328,abstraction:IsAComponentOf,R-HSA-71064,4.193172156838304
R-HSA-9956508,abstraction:IsAComponentOf,R-HSA-9955698,2.7020988444852363
R-HSA-9955693,abstraction:IsAComponentOf,R-HSA-9955698,2.7020988444852363
R-HSA-9956514,abstraction:IsAComponentOf,R-HSA-9955698,2.7020988444852363
R-HSA-9955542,abstraction:IsAComponentOf,R-HSA-9955698,2.7020988444852363
R-HSA-9956529,abstraction:IsAComponentOf,R-HSA-9955698,2.7020988444852363
R-HSA-9956522,abstraction:IsAComponentOf,R-HSA-9955698,2.7020988444852363
R-HSA-9956520,abstraction:IsAComponentOf,R-HSA-9955698,2.7020988444852363
R-HSA-2024101,abstraction:IsAComponentOf,R-HSA-1793185,5.315314942916608
R-HSA-2022923,abstraction:IsAComponentOf,R-HSA-1793185,5.315314942916608
R-HSA-2022870,abstraction:IsAComponentOf,R-HSA-1793185,5.315314942916608
R-HSA-180910,abstraction:IsAComponentOf,R-HSA-176033,5.1211589284756505
R-HSA-180897,abstraction:IsAComponentOf,R-HSA-176033,5.1211589284756505
R-HSA-3656535,abstraction:IsAComponentOf,R-HSA-3656534,5.556476999733496
R-HSA-3656532,abstraction:IsAComponentOf,R-HSA-3656534,5.556476999733496
R-HSA-9734195,abstraction:IsAComponentOf,R-HSA-9734207,6.162612803303811
R-HSA-9734281,abstraction:IsAComponentOf,R-HSA-9734207,6.162612803303811
R-HSA-9734735,abstraction:IsAComponentOf,R-HSA-9734207,6.162612803303811
R-HSA-444257,abstraction:IsAComponentOf,R-HSA-442742,5.87493073085203
R-HSA-442982,abstraction:IsAComponentOf,R-HSA-442742,5.87493073085203
R-HSA-73772,abstraction:IsAComponentOf,R-HSA-73854,6.344934360097766
R-HSA-73762,abstraction:IsAComponentOf,R-HSA-73854,6.344934360097766
R-HSA-73728,abstraction:IsAComponentOf,R-HSA-73854,6.344934360097766
R-HSA-8941332,abstraction:IsAComponentOf,R-HSA-8878166,3.5355316647352684
R-HSA-8941326,abstraction:IsAComponentOf,R-HSA-8878166,3.5355316647352684
R-HSA-8939902,abstraction:IsAComponentOf,R-HSA-8878166,3.5355316647352684
R-HSA-8941333,abstraction:IsAComponentOf,R-HSA-8878166,3.5355316647352684
R-HSA-9670621,abstraction:IsAComponentOf,R-HSA-9006821,6.568077911411976
R-HSA-8963684,abstraction:IsAComponentOf,R-HSA-8963691,4.193172156838304
R-HSA-8964208,abstraction:IsAComponentOf,R-HSA-8963691,4.193172156838304
R-HSA-211163,abstraction:IsAComponentOf,R-HSA-210745,6.344934360097766
R-HSA-9702518,abstraction:IsAComponentOf,R-HSA-9703648,4.958639998977875
R-HSA-9948011,abstraction:IsAComponentOf,R-HSA-9686114,3.218173824137371
R-HSA-9948001,abstraction:IsAComponentOf,R-HSA-9686114,3.218173824137371
R-HSA-9960525,abstraction:IsAComponentOf,R-HSA-9686114,3.218173824137371
R-HSA-9960519,abstraction:IsAComponentOf,R-HSA-9686114,3.218173824137371
R-HSA-173107,abstraction:IsAComponentOf,R-HSA-162594,4.52038506804672
R-HSA-162589,abstraction:IsAComponentOf,R-HSA-162594,4.52038506804672
R-HSA-162592,abstraction:IsAComponentOf,R-HSA-162594,4.52038506804672
R-HSA-162585,abstraction:IsAComponentOf,R-HSA-162594,4.52038506804672
R-HSA-9932451,abstraction:IsAComponentOf,R-HSA-9932444,5.3894229150703294
R-HSA-69478,abstraction:IsAComponentOf,R-HSA-69481,5.009933293365426
R-HSA-69473,abstraction:IsAComponentOf,R-HSA-69481,5.009933293365426
R-HSA-176187,abstraction:IsAComponentOf,R-HSA-69481,5.009933293365426
R-HSA-901042,abstraction:IsAComponentOf,R-HSA-532668,4.818878056602717
R-HSA-171007,abstraction:IsAComponentOf,R-HSA-167044,6.162612803303811
R-HSA-69190,abstraction:IsAComponentOf,R-HSA-69239,5.181783550292085
R-HSA-68952,abstraction:IsAComponentOf,R-HSA-69239,5.181783550292085
R-HSA-69052,abstraction:IsAComponentOf,R-HSA-69239,5.181783550292085
R-HSA-9764790,abstraction:IsAComponentOf,R-HSA-9764560,6.008462123476553
R-HSA-9764725,abstraction:IsAComponentOf,R-HSA-9764560,6.008462123476553
R-HSA-162594,abstraction:IsAComponentOf,R-HSA-162587,4.06255197442124
R-HSA-162599,abstraction:IsAComponentOf,R-HSA-162587,4.06255197442124
R-HSA-349425,abstraction:IsAComponentOf,R-HSA-69541,6.568077911411976
R-HSA-9839406,abstraction:IsAComponentOf,R-HSA-9839373,5.181783550292085
R-HSA-9839394,abstraction:IsAComponentOf,R-HSA-9839373,5.181783550292085
R-HSA-9839383,abstraction:IsAComponentOf,R-HSA-9839373,5.181783550292085
R-HSA-9839389,abstraction:IsAComponentOf,R-HSA-9839373,5.181783550292085
R-HSA-9839397,abstraction:IsAComponentOf,R-HSA-9839373,5.181783550292085
R-HSA-8939256,abstraction:IsAComponentOf,R-HSA-8878171,3.5355316647352684
R-HSA-8936459,abstraction:IsAComponentOf,R-HSA-8878171,3.5355316647352684
R-HSA-8934593,abstraction:IsAComponentOf,R-HSA-8878171,3.5355316647352684
R-HSA-8939247,abstraction:IsAComponentOf,R-HSA-8878171,3.5355316647352684
R-HSA-8939246,abstraction:IsAComponentOf,R-HSA-8878171,3.5355316647352684
R-HSA-8935964,abstraction:IsAComponentOf,R-HSA-8878171,3.5355316647352684
R-HSA-8931987,abstraction:IsAComponentOf,R-HSA-8878171,3.5355316647352684
R-HSA-8939242,abstraction:IsAComponentOf,R-HSA-8878171,3.5355316647352684
R-HSA-8939236,abstraction:IsAComponentOf,R-HSA-8878171,3.5355316647352684
R-HSA-8939243,abstraction:IsAComponentOf,R-HSA-8878171,3.5355316647352684
R-HSA-8877330,abstraction:IsAComponentOf,R-HSA-8878171,3.5355316647352684
R-HSA-8939245,abstraction:IsAComponentOf,R-HSA-8878171,3.5355316647352684
R-HSA-1236977,abstraction:IsAComponentOf,R-HSA-1236975,5.87493073085203
R-HSA-1236974,abstraction:IsAComponentOf,R-HSA-1236975,5.87493073085203
R-HSA-1236973,abstraction:IsAComponentOf,R-HSA-1236975,5.87493073085203
R-HSA-1236978,abstraction:IsAComponentOf,R-HSA-1236975,5.87493073085203
R-HSA-168303,abstraction:IsAComponentOf,R-HSA-168268,4.696275734510384
R-HSA-168316,abstraction:IsAComponentOf,R-HSA-168268,4.696275734510384
R-HSA-168298,abstraction:IsAComponentOf,R-HSA-168268,4.696275734510384
R-HSA-168302,abstraction:IsAComponentOf,R-HSA-168268,4.696275734510384
R-HSA-9918432,abstraction:IsAComponentOf,R-HSA-9918487,6.008462123476553
R-HSA-9725371,abstraction:IsAComponentOf,R-HSA-9725370,5.556476999733496
R-HSA-2892245,abstraction:IsAComponentOf,R-HSA-452723,3.235873401236772
R-HSA-2892247,abstraction:IsAComponentOf,R-HSA-452723,3.235873401236772
R-HSA-388841,abstraction:IsAComponentOf,R-HSA-1280218,2.5790938648477013
R-HSA-2132295,abstraction:IsAComponentOf,R-HSA-1280218,2.5790938648477013
R-HSA-392517,abstraction:IsAComponentOf,R-HSA-1280218,2.5790938648477013
R-HSA-8851680,abstraction:IsAComponentOf,R-HSA-1280218,2.5790938648477013
R-HSA-983169,abstraction:IsAComponentOf,R-HSA-1280218,2.5790938648477013
R-HSA-983705,abstraction:IsAComponentOf,R-HSA-1280218,2.5790938648477013
R-HSA-202403,abstraction:IsAComponentOf,R-HSA-1280218,2.5790938648477013
R-HSA-198933,abstraction:IsAComponentOf,R-HSA-1280218,2.5790938648477013
R-HSA-9673767,abstraction:IsAComponentOf,R-HSA-9671555,2.8244735576087927
R-HSA-9674428,abstraction:IsAComponentOf,R-HSA-9671555,2.8244735576087927
R-HSA-9673770,abstraction:IsAComponentOf,R-HSA-9671555,2.8244735576087927
R-HSA-9673768,abstraction:IsAComponentOf,R-HSA-9671555,2.8244735576087927
R-HSA-9674415,abstraction:IsAComponentOf,R-HSA-9671555,2.8244735576087927
R-HSA-9673766,abstraction:IsAComponentOf,R-HSA-9671555,2.8244735576087927
R-HSA-379397,abstraction:IsAComponentOf,R-HSA-379401,6.344934360097766
R-HSA-379398,abstraction:IsAComponentOf,R-HSA-379401,6.344934360097766
R-HSA-9017802,abstraction:IsAComponentOf,R-HSA-9013507,6.855759983863757
R-HSA-9662360,abstraction:IsAComponentOf,R-HSA-9659379,5.1211589284756505
R-HSA-9662361,abstraction:IsAComponentOf,R-HSA-9659379,5.1211589284756505
R-HSA-72689,abstraction:IsAComponentOf,R-HSA-72737,5.757147695195647
R-HSA-72702,abstraction:IsAComponentOf,R-HSA-72737,5.757147695195647
R-HSA-72695,abstraction:IsAComponentOf,R-HSA-72737,5.757147695195647
R-HSA-72731,abstraction:IsAComponentOf,R-HSA-72737,5.757147695195647
R-HSA-72706,abstraction:IsAComponentOf,R-HSA-72737,5.757147695195647
R-HSA-72662,abstraction:IsAComponentOf,R-HSA-72737,5.757147695195647
R-HSA-71384,abstraction:IsAComponentOf,R-HSA-211945,4.48863636973214
R-HSA-140179,abstraction:IsAComponentOf,R-HSA-211945,4.48863636973214
R-HSA-8937144,abstraction:IsAComponentOf,R-HSA-211945,4.48863636973214
R-HSA-211897,abstraction:IsAComponentOf,R-HSA-211945,4.48863636973214
R-HSA-217271,abstraction:IsAComponentOf,R-HSA-211945,4.48863636973214
R-HSA-140180,abstraction:IsAComponentOf,R-HSA-211945,4.48863636973214
R-HSA-164944,abstraction:IsAComponentOf,R-HSA-164952,5.1211589284756505
R-HSA-164938,abstraction:IsAComponentOf,R-HSA-164952,5.1211589284756505
R-HSA-176974,abstraction:IsAComponentOf,R-HSA-69190,5.556476999733496
R-HSA-69186,abstraction:IsAComponentOf,R-HSA-69190,5.556476999733496
R-HSA-69109,abstraction:IsAComponentOf,R-HSA-69190,5.556476999733496
R-HSA-8964043,abstraction:IsAComponentOf,R-HSA-174824,3.691692395490551
R-HSA-8963898,abstraction:IsAComponentOf,R-HSA-174824,3.691692395490551
R-HSA-8963899,abstraction:IsAComponentOf,R-HSA-174824,3.691692395490551
R-HSA-2160916,abstraction:IsAComponentOf,R-HSA-2142845,5.315314942916608
R-HSA-71032,abstraction:IsAComponentOf,R-HSA-77289,4.553174890869711
R-HSA-77286,abstraction:IsAComponentOf,R-HSA-77289,4.553174890869711
R-HSA-77288,abstraction:IsAComponentOf,R-HSA-77289,4.553174890869711
R-HSA-1963640,abstraction:IsAComponentOf,R-HSA-1227986,2.937092435716942
R-HSA-6785631,abstraction:IsAComponentOf,R-HSA-1227986,2.937092435716942
R-HSA-1963642,abstraction:IsAComponentOf,R-HSA-1227986,2.937092435716942
R-HSA-8847993,abstraction:IsAComponentOf,R-HSA-1227986,2.937092435716942
R-HSA-9652282,abstraction:IsAComponentOf,R-HSA-1227986,2.937092435716942
R-HSA-1251932,abstraction:IsAComponentOf,R-HSA-1227986,2.937092435716942
R-HSA-8863795,abstraction:IsAComponentOf,R-HSA-1227986,2.937092435716942
R-HSA-1306955,abstraction:IsAComponentOf,R-HSA-1227986,2.937092435716942
R-HSA-1250196,abstraction:IsAComponentOf,R-HSA-1227986,2.937092435716942
R-HSA-5675482,abstraction:IsAComponentOf,R-HSA-5213460,6.568077911411976
R-HSA-774815,abstraction:IsAComponentOf,R-HSA-73886,3.1421879171594487
R-HSA-157579,abstraction:IsAComponentOf,R-HSA-73886,3.1421879171594487
R-HSA-9683439,abstraction:IsAComponentOf,R-HSA-9679504,4.958639998977875
R-HSA-9684325,abstraction:IsAComponentOf,R-HSA-9679504,4.958639998977875
R-HSA-5689896,abstraction:IsAComponentOf,R-HSA-5688426,3.584924420064845
R-HSA-5689877,abstraction:IsAComponentOf,R-HSA-5688426,3.584924420064845
R-HSA-5689603,abstraction:IsAComponentOf,R-HSA-5688426,3.584924420064845
R-HSA-5689880,abstraction:IsAComponentOf,R-HSA-5688426,3.584924420064845
R-HSA-5689901,abstraction:IsAComponentOf,R-HSA-5688426,3.584924420064845
R-HSA-69278,abstraction:IsAComponentOf,R-HSA-1640170,0
R-HSA-73886,abstraction:IsAComponentOf,R-HSA-1640170,0
R-HSA-1500620,abstraction:IsAComponentOf,R-HSA-1640170,0
R-HSA-69620,abstraction:IsAComponentOf,R-HSA-1640170,0
R-HSA-5620924,abstraction:IsAComponentOf,R-HSA-5617833,5.469465622743866
R-HSA-5620912,abstraction:IsAComponentOf,R-HSA-5617833,5.469465622743866
R-HSA-5620920,abstraction:IsAComponentOf,R-HSA-5617833,5.469465622743866
R-HSA-8948216,abstraction:IsAComponentOf,R-HSA-1650814,6.344934360097766
R-HSA-2408499,abstraction:IsAComponentOf,R-HSA-2408522,4.193172156838304
R-HSA-5263617,abstraction:IsAComponentOf,R-HSA-2408522,4.193172156838304
R-HSA-2408508,abstraction:IsAComponentOf,R-HSA-2408522,4.193172156838304
R-HSA-2408550,abstraction:IsAComponentOf,R-HSA-2408522,4.193172156838304
R-HSA-2408557,abstraction:IsAComponentOf,R-HSA-2408522,4.193172156838304
R-HSA-2408552,abstraction:IsAComponentOf,R-HSA-2408522,4.193172156838304
R-HSA-73817,abstraction:IsAComponentOf,R-HSA-8956320,5.469465622743866
R-HSA-500753,abstraction:IsAComponentOf,R-HSA-8956320,5.469465622743866
R-HSA-165158,abstraction:IsAComponentOf,R-HSA-109704,6.344934360097766
R-HSA-109703,abstraction:IsAComponentOf,R-HSA-109704,6.344934360097766
R-HSA-9665737,abstraction:IsAComponentOf,R-HSA-1227990,2.8244735576087927
R-HSA-9634285,abstraction:IsAComponentOf,R-HSA-1227990,2.8244735576087927
R-HSA-9664565,abstraction:IsAComponentOf,R-HSA-1227990,2.8244735576087927
R-HSA-9665348,abstraction:IsAComponentOf,R-HSA-1227990,2.8244735576087927
R-HSA-9665230,abstraction:IsAComponentOf,R-HSA-1227990,2.8244735576087927
R-HSA-9665686,abstraction:IsAComponentOf,R-HSA-1227990,2.8244735576087927
R-HSA-109606,abstraction:IsAComponentOf,R-HSA-109581,4.240800205827559
R-HSA-75153,abstraction:IsAComponentOf,R-HSA-109581,4.240800205827559
R-HSA-169911,abstraction:IsAComponentOf,R-HSA-109581,4.240800205827559
R-HSA-5357769,abstraction:IsAComponentOf,R-HSA-109581,4.240800205827559
R-HSA-9694322,abstraction:IsAComponentOf,R-HSA-9772573,4.77631844218392
R-HSA-9694635,abstraction:IsAComponentOf,R-HSA-9772573,4.77631844218392
R-HSA-9733458,abstraction:IsAComponentOf,R-HSA-9772573,4.77631844218392
R-HSA-9727281,abstraction:IsAComponentOf,R-HSA-9772573,4.77631844218392
R-HSA-446353,abstraction:IsAComponentOf,R-HSA-446728,4.587076442545392
R-HSA-446107,abstraction:IsAComponentOf,R-HSA-446728,4.587076442545392
R-HSA-421270,abstraction:IsAComponentOf,R-HSA-446728,4.587076442545392
R-HSA-210455,abstraction:IsAComponentOf,R-HSA-112313,3.9840803589797447
R-HSA-4793954,abstraction:IsAComponentOf,R-HSA-3781860,3.8600277103097658
R-HSA-4551295,abstraction:IsAComponentOf,R-HSA-3781860,3.8600277103097658
R-HSA-4549349,abstraction:IsAComponentOf,R-HSA-3781860,3.8600277103097658
R-HSA-4720454,abstraction:IsAComponentOf,R-HSA-3781860,3.8600277103097658
R-HSA-4724325,abstraction:IsAComponentOf,R-HSA-3781860,3.8600277103097658
R-HSA-4724289,abstraction:IsAComponentOf,R-HSA-3781860,3.8600277103097658
R-HSA-5633231,abstraction:IsAComponentOf,R-HSA-3781860,3.8600277103097658
R-HSA-4720475,abstraction:IsAComponentOf,R-HSA-3781860,3.8600277103097658
R-HSA-4793953,abstraction:IsAComponentOf,R-HSA-3781860,3.8600277103097658
R-HSA-4720489,abstraction:IsAComponentOf,R-HSA-3781860,3.8600277103097658
R-HSA-4793952,abstraction:IsAComponentOf,R-HSA-3781860,3.8600277103097658
R-HSA-4687000,abstraction:IsAComponentOf,R-HSA-3781860,3.8600277103097658
R-HSA-4549356,abstraction:IsAComponentOf,R-HSA-3781860,3.8600277103097658
R-HSA-4549380,abstraction:IsAComponentOf,R-HSA-3781860,3.8600277103097658
R-HSA-4793950,abstraction:IsAComponentOf,R-HSA-3781860,3.8600277103097658
R-HSA-4570571,abstraction:IsAComponentOf,R-HSA-3781860,3.8600277103097658
R-HSA-4341670,abstraction:IsAComponentOf,R-HSA-3781860,3.8600277103097658
R-HSA-881907,abstraction:IsAComponentOf,R-HSA-416476,4.553174890869711
R-HSA-114508,abstraction:IsAComponentOf,R-HSA-416476,4.553174890869711
R-HSA-1912399,abstraction:IsAComponentOf,R-HSA-1912422,5.009933293365426
R-HSA-1912420,abstraction:IsAComponentOf,R-HSA-1912422,5.009933293365426
R-HSA-1912408,abstraction:IsAComponentOf,R-HSA-1912422,5.009933293365426
R-HSA-3928662,abstraction:IsAComponentOf,R-HSA-2682334,4.316786112805481
R-HSA-3928664,abstraction:IsAComponentOf,R-HSA-2682334,4.316786112805481
R-HSA-3928663,abstraction:IsAComponentOf,R-HSA-2682334,4.316786112805481
R-HSA-3928665,abstraction:IsAComponentOf,R-HSA-2682334,4.316786112805481
R-HSA-1614517,abstraction:IsAComponentOf,R-HSA-1614558,6.568077911411976
R-HSA-964739,abstraction:IsAComponentOf,R-HSA-948021,4.818878056602717
R-HSA-199977,abstraction:IsAComponentOf,R-HSA-948021,4.818878056602717
R-HSA-975576,abstraction:IsAComponentOf,R-HSA-948021,4.818878056602717
R-HSA-5626978,abstraction:IsAComponentOf,R-HSA-75893,4.863329819173551
R-HSA-5357905,abstraction:IsAComponentOf,R-HSA-75893,4.863329819173551
R-HSA-5357956,abstraction:IsAComponentOf,R-HSA-75893,4.863329819173551
R-HSA-5357786,abstraction:IsAComponentOf,R-HSA-75893,4.863329819173551
R-HSA-69202,abstraction:IsAComponentOf,R-HSA-69206,5.246322071429656
R-HSA-68962,abstraction:IsAComponentOf,R-HSA-69206,5.246322071429656
R-HSA-69205,abstraction:IsAComponentOf,R-HSA-69206,5.246322071429656
R-HSA-113510,abstraction:IsAComponentOf,R-HSA-69206,5.246322071429656
R-HSA-70350,abstraction:IsAComponentOf,R-HSA-5652084,4.370853334075757
R-HSA-5652227,abstraction:IsAComponentOf,R-HSA-5652084,4.370853334075757
R-HSA-8856828,abstraction:IsAComponentOf,R-HSA-199991,4.343454359887642
R-HSA-9007101,abstraction:IsAComponentOf,R-HSA-199991,4.343454359887642
R-HSA-199992,abstraction:IsAComponentOf,R-HSA-199991,4.343454359887642
R-HSA-1445148,abstraction:IsAComponentOf,R-HSA-199991,4.343454359887642
R-HSA-157858,abstraction:IsAComponentOf,R-HSA-199991,4.343454359887642
R-HSA-917729,abstraction:IsAComponentOf,R-HSA-199991,4.343454359887642
R-HSA-199977,abstraction:IsAComponentOf,R-HSA-199991,4.343454359887642
R-HSA-6811442,abstraction:IsAComponentOf,R-HSA-199991,4.343454359887642
R-HSA-187037,abstraction:IsAComponentOf,R-HSA-166520,2.937092435716942
R-HSA-9006115,abstraction:IsAComponentOf,R-HSA-166520,2.937092435716942
R-HSA-9036866,abstraction:IsAComponentOf,R-HSA-166520,2.937092435716942
R-HSA-9034015,abstraction:IsAComponentOf,R-HSA-166520,2.937092435716942
R-HSA-9918487,abstraction:IsAComponentOf,R-HSA-9839923,2.97076565082353
R-HSA-9918485,abstraction:IsAComponentOf,R-HSA-9839923,2.97076565082353
R-HSA-9918476,abstraction:IsAComponentOf,R-HSA-9839923,2.97076565082353
R-HSA-9918481,abstraction:IsAComponentOf,R-HSA-9839923,2.97076565082353
R-HSA-109581,abstraction:IsAComponentOf,R-HSA-5357801,0
R-HSA-5218859,abstraction:IsAComponentOf,R-HSA-5357801,0
R-HSA-9715370,abstraction:IsAComponentOf,R-HSA-9716542,1.9309246795708337
R-HSA-194315,abstraction:IsAComponentOf,R-HSA-9716542,1.9309246795708337
R-HSA-9706019,abstraction:IsAComponentOf,R-HSA-9716542,1.9309246795708337
R-HSA-9632697,abstraction:IsAComponentOf,R-HSA-9632693,5.87493073085203
R-HSA-9632700,abstraction:IsAComponentOf,R-HSA-9632693,5.87493073085203
R-HSA-1234158,abstraction:IsAComponentOf,R-HSA-1234174,4.104224670821808
R-HSA-1234176,abstraction:IsAComponentOf,R-HSA-1234174,4.104224670821808
R-HSA-3065679,abstraction:IsAComponentOf,R-HSA-3215018,5.1211589284756505
R-HSA-3065678,abstraction:IsAComponentOf,R-HSA-3215018,5.1211589284756505
R-HSA-3065676,abstraction:IsAComponentOf,R-HSA-3215018,5.1211589284756505
R-HSA-433137,abstraction:IsAComponentOf,R-HSA-9958790,4.48863636973214
R-HSA-426117,abstraction:IsAComponentOf,R-HSA-9958790,4.48863636973214
R-HSA-425381,abstraction:IsAComponentOf,R-HSA-9958790,4.48863636973214
R-HSA-427601,abstraction:IsAComponentOf,R-HSA-9958790,4.48863636973214
R-HSA-427652,abstraction:IsAComponentOf,R-HSA-9958790,4.48863636973214
R-HSA-111367,abstraction:IsAComponentOf,R-HSA-75067,3.9470390872993955
R-HSA-77595,abstraction:IsAComponentOf,R-HSA-75067,3.9470390872993955
R-HSA-77588,abstraction:IsAComponentOf,R-HSA-75067,3.9470390872993955
R-HSA-75953,abstraction:IsAComponentOf,R-HSA-76042,3.4004953809313254
R-HSA-73776,abstraction:IsAComponentOf,R-HSA-76042,3.4004953809313254
R-HSA-434316,abstraction:IsAComponentOf,R-HSA-400451,6.162612803303811
R-HSA-434313,abstraction:IsAComponentOf,R-HSA-400451,6.162612803303811
R-HSA-196299,abstraction:IsAComponentOf,R-HSA-195253,4.909849834808443
R-HSA-4641265,abstraction:IsAComponentOf,R-HSA-195253,4.909849834808443
R-HSA-5635851,abstraction:IsAComponentOf,R-HSA-5632684,5.651787179537821
R-HSA-5632681,abstraction:IsAComponentOf,R-HSA-5632684,5.651787179537821
R-HSA-5635838,abstraction:IsAComponentOf,R-HSA-5632684,5.651787179537821
R-HSA-5467343,abstraction:IsAComponentOf,R-HSA-4839748,4.958639998977875
R-HSA-5467348,abstraction:IsAComponentOf,R-HSA-4839748,4.958639998977875
R-HSA-917977,abstraction:IsAComponentOf,R-HSA-917937,3.691692395490551
R-HSA-381340,abstraction:IsAComponentOf,R-HSA-9843745,3.235873401236772
R-HSA-9843743,abstraction:IsAComponentOf,R-HSA-9843745,3.235873401236772
R-HSA-977068,abstraction:IsAComponentOf,R-HSA-913709,5.87493073085203
R-HSA-8866910,abstraction:IsAComponentOf,R-HSA-8864260,3.5355316647352684
R-HSA-8866904,abstraction:IsAComponentOf,R-HSA-8864260,3.5355316647352684
R-HSA-8866911,abstraction:IsAComponentOf,R-HSA-8864260,3.5355316647352684
R-HSA-8869496,abstraction:IsAComponentOf,R-HSA-8864260,3.5355316647352684
R-HSA-8866906,abstraction:IsAComponentOf,R-HSA-8864260,3.5355316647352684
R-HSA-8866907,abstraction:IsAComponentOf,R-HSA-8864260,3.5355316647352684
R-HSA-9754119,abstraction:IsAComponentOf,R-HSA-69231,7.261225091971921
R-HSA-446728,abstraction:IsAComponentOf,R-HSA-1500931,0
R-HSA-373753,abstraction:IsAComponentOf,R-HSA-1500931,0
R-HSA-391160,abstraction:IsAComponentOf,R-HSA-1500931,0
R-HSA-399710,abstraction:IsAComponentOf,R-HSA-399721,4.457864711065386
R-HSA-399719,abstraction:IsAComponentOf,R-HSA-399721,4.457864711065386
R-HSA-9694719,abstraction:IsAComponentOf,R-HSA-9694635,5.757147695195647
R-HSA-9694548,abstraction:IsAComponentOf,R-HSA-9694635,5.757147695195647
R-HSA-9694631,abstraction:IsAComponentOf,R-HSA-9694635,5.757147695195647
R-HSA-9694594,abstraction:IsAComponentOf,R-HSA-9694635,5.757147695195647
R-HSA-9694493,abstraction:IsAComponentOf,R-HSA-9694635,5.757147695195647
R-HSA-937039,abstraction:IsAComponentOf,R-HSA-975871,5.315314942916608
R-HSA-445989,abstraction:IsAComponentOf,R-HSA-975871,5.315314942916608
R-HSA-450294,abstraction:IsAComponentOf,R-HSA-975871,5.315314942916608
R-HSA-937042,abstraction:IsAComponentOf,R-HSA-975871,5.315314942916608
R-HSA-9854311,abstraction:IsAComponentOf,R-HSA-71403,5.1211589284756505
R-HSA-9853506,abstraction:IsAComponentOf,R-HSA-71403,5.1211589284756505
R-HSA-9627069,abstraction:IsAComponentOf,R-HSA-111458,6.855759983863757
R-HSA-9953111,abstraction:IsAComponentOf,R-HSA-2206281,4.370853334075757
R-HSA-2206296,abstraction:IsAComponentOf,R-HSA-2206281,4.370853334075757
R-HSA-9953078,abstraction:IsAComponentOf,R-HSA-2206281,4.370853334075757
R-HSA-2206282,abstraction:IsAComponentOf,R-HSA-2206281,4.370853334075757
R-HSA-2206280,abstraction:IsAComponentOf,R-HSA-2206281,4.370853334075757
R-HSA-2206308,abstraction:IsAComponentOf,R-HSA-2206281,4.370853334075757
R-HSA-2206285,abstraction:IsAComponentOf,R-HSA-2206281,4.370853334075757
R-HSA-2206302,abstraction:IsAComponentOf,R-HSA-2206281,4.370853334075757
R-HSA-2206290,abstraction:IsAComponentOf,R-HSA-2206281,4.370853334075757
R-HSA-2206292,abstraction:IsAComponentOf,R-HSA-2206281,4.370853334075757
R-HSA-9953097,abstraction:IsAComponentOf,R-HSA-2206281,4.370853334075757
R-HSA-2206305,abstraction:IsAComponentOf,R-HSA-2206281,4.370853334075757
R-HSA-2206307,abstraction:IsAComponentOf,R-HSA-2206281,4.370853334075757
R-HSA-9953080,abstraction:IsAComponentOf,R-HSA-2206281,4.370853334075757
R-HSA-2206291,abstraction:IsAComponentOf,R-HSA-2206281,4.370853334075757
R-HSA-9953038,abstraction:IsAComponentOf,R-HSA-2206281,4.370853334075757
R-HSA-975155,abstraction:IsAComponentOf,R-HSA-168138,4.147709782761547
R-HSA-9860276,abstraction:IsAComponentOf,R-HSA-168138,4.147709782761547
R-HSA-9700645,abstraction:IsAComponentOf,R-HSA-9700206,2.8244735576087927
R-HSA-9700649,abstraction:IsAComponentOf,R-HSA-9700206,2.8244735576087927
R-HSA-9725370,abstraction:IsAComponentOf,R-HSA-9700206,2.8244735576087927
R-HSA-975957,abstraction:IsAComponentOf,R-HSA-927802,3.9470390872993955
R-HSA-975956,abstraction:IsAComponentOf,R-HSA-927802,3.9470390872993955
R-HSA-1358803,abstraction:IsAComponentOf,R-HSA-8863795,5.651787179537821
R-HSA-166058,abstraction:IsAComponentOf,R-HSA-166016,4.147709782761547
R-HSA-166020,abstraction:IsAComponentOf,R-HSA-166016,4.147709782761547
R-HSA-166166,abstraction:IsAComponentOf,R-HSA-166016,4.147709782761547
R-HSA-9704646,abstraction:IsAComponentOf,R-HSA-9701193,5.556476999733496
R-HSA-9704331,abstraction:IsAComponentOf,R-HSA-9701193,5.556476999733496
R-HSA-111996,abstraction:IsAComponentOf,R-HSA-112043,5.556476999733496
R-HSA-68877,abstraction:IsAComponentOf,R-HSA-68886,3.4770354580536598
R-HSA-2555396,abstraction:IsAComponentOf,R-HSA-68886,3.4770354580536598
R-HSA-68875,abstraction:IsAComponentOf,R-HSA-68886,3.4770354580536598
R-HSA-68884,abstraction:IsAComponentOf,R-HSA-68886,3.4770354580536598
R-HSA-9667769,abstraction:IsAComponentOf,R-HSA-9662361,6.855759983863757
R-HSA-9859138,abstraction:IsAComponentOf,R-HSA-70895,4.193172156838304
R-HSA-112315,abstraction:IsAComponentOf,R-HSA-112316,0
R-HSA-112307,abstraction:IsAComponentOf,R-HSA-112316,0
R-HSA-6794362,abstraction:IsAComponentOf,R-HSA-112316,0
R-HSA-1296071,abstraction:IsAComponentOf,R-HSA-112316,0
R-HSA-9638630,abstraction:IsAComponentOf,R-HSA-9931953,5.651787179537821
R-HSA-964827,abstraction:IsAComponentOf,R-HSA-964739,5.651787179537821
R-HSA-9762292,abstraction:IsAComponentOf,R-HSA-9759475,6.162612803303811
R-HSA-9762293,abstraction:IsAComponentOf,R-HSA-9759475,6.162612803303811
R-HSA-9759811,abstraction:IsAComponentOf,R-HSA-9759475,6.162612803303811
R-HSA-417973,abstraction:IsAComponentOf,R-HSA-418038,4.77631844218392
R-HSA-417957,abstraction:IsAComponentOf,R-HSA-418038,4.77631844218392
R-HSA-8957322,abstraction:IsAComponentOf,R-HSA-556833,2.143231279555166
R-HSA-1483257,abstraction:IsAComponentOf,R-HSA-556833,2.143231279555166
R-HSA-400206,abstraction:IsAComponentOf,R-HSA-556833,2.143231279555166
R-HSA-8978868,abstraction:IsAComponentOf,R-HSA-556833,2.143231279555166
R-HSA-8979227,abstraction:IsAComponentOf,R-HSA-556833,2.143231279555166
R-HSA-74182,abstraction:IsAComponentOf,R-HSA-556833,2.143231279555166
R-HSA-8848584,abstraction:IsAComponentOf,R-HSA-556833,2.143231279555166
R-HSA-428157,abstraction:IsAComponentOf,R-HSA-556833,2.143231279555166
R-HSA-8964572,abstraction:IsAComponentOf,R-HSA-556833,2.143231279555166
R-HSA-9018678,abstraction:IsAComponentOf,R-HSA-556833,2.143231279555166
R-HSA-9726840,abstraction:IsAComponentOf,R-HSA-9660537,5.181783550292085
R-HSA-9726842,abstraction:IsAComponentOf,R-HSA-9660537,5.181783550292085
R-HSA-9694676,abstraction:IsAComponentOf,R-HSA-9772572,4.77631844218392
R-HSA-9694682,abstraction:IsAComponentOf,R-HSA-9772572,4.77631844218392
R-HSA-9694614,abstraction:IsAComponentOf,R-HSA-9772572,4.77631844218392
R-HSA-391906,abstraction:IsAComponentOf,R-HSA-391903,4.77631844218392
R-HSA-391908,abstraction:IsAComponentOf,R-HSA-391903,4.77631844218392
R-HSA-168927,abstraction:IsAComponentOf,R-HSA-168164,4.147709782761547
R-HSA-9014325,abstraction:IsAComponentOf,R-HSA-168164,4.147709782761547
R-HSA-9013957,abstraction:IsAComponentOf,R-HSA-168164,4.147709782761547
R-HSA-9013973,abstraction:IsAComponentOf,R-HSA-168164,4.147709782761547
R-HSA-445989,abstraction:IsAComponentOf,R-HSA-168164,4.147709782761547
R-HSA-450294,abstraction:IsAComponentOf,R-HSA-168164,4.147709782761547
R-HSA-1300642,abstraction:IsAComponentOf,R-HSA-1187000,5.87493073085203
R-HSA-1300645,abstraction:IsAComponentOf,R-HSA-1187000,5.87493073085203
R-HSA-2534343,abstraction:IsAComponentOf,R-HSA-1187000,5.87493073085203
R-HSA-2428924,abstraction:IsAComponentOf,R-HSA-2404192,2.937092435716942
R-HSA-933541,abstraction:IsAComponentOf,R-HSA-168928,3.218173824137371
R-HSA-918233,abstraction:IsAComponentOf,R-HSA-168928,3.218173824137371
R-HSA-933543,abstraction:IsAComponentOf,R-HSA-168928,3.218173824137371
R-HSA-936440,abstraction:IsAComponentOf,R-HSA-168928,3.218173824137371
R-HSA-933542,abstraction:IsAComponentOf,R-HSA-168928,3.218173824137371
R-HSA-68886,abstraction:IsAComponentOf,R-HSA-69278,3.1421879171594487
R-HSA-453276,abstraction:IsAComponentOf,R-HSA-69278,3.1421879171594487
R-HSA-69242,abstraction:IsAComponentOf,R-HSA-69278,3.1421879171594487
R-HSA-453279,abstraction:IsAComponentOf,R-HSA-69278,3.1421879171594487
R-HSA-453274,abstraction:IsAComponentOf,R-HSA-69278,3.1421879171594487
R-HSA-189483,abstraction:IsAComponentOf,R-HSA-189445,2.143231279555166
R-HSA-189451,abstraction:IsAComponentOf,R-HSA-189445,2.143231279555166
R-HSA-975110,abstraction:IsAComponentOf,R-HSA-975155,5.1211589284756505
R-HSA-975138,abstraction:IsAComponentOf,R-HSA-975155,5.1211589284756505
R-HSA-3304356,abstraction:IsAComponentOf,R-HSA-3304349,5.556476999733496
R-HSA-3315487,abstraction:IsAComponentOf,R-HSA-3304349,5.556476999733496
R-HSA-2219528,abstraction:IsAComponentOf,R-HSA-5663202,1.2937971226921803
R-HSA-5387390,abstraction:IsAComponentOf,R-HSA-5663202,1.2937971226921803
R-HSA-6802957,abstraction:IsAComponentOf,R-HSA-5663202,1.2937971226921803
R-HSA-9700206,abstraction:IsAComponentOf,R-HSA-5663202,1.2937971226921803
R-HSA-3304351,abstraction:IsAComponentOf,R-HSA-5663202,1.2937971226921803
R-HSA-9669938,abstraction:IsAComponentOf,R-HSA-5663202,1.2937971226921803
R-HSA-1226099,abstraction:IsAComponentOf,R-HSA-5663202,1.2937971226921803
R-HSA-2644603,abstraction:IsAComponentOf,R-HSA-5663202,1.2937971226921803
R-HSA-4791275,abstraction:IsAComponentOf,R-HSA-5663202,1.2937971226921803
R-HSA-1227990,abstraction:IsAComponentOf,R-HSA-5663202,1.2937971226921803
R-HSA-9682385,abstraction:IsAComponentOf,R-HSA-5663202,1.2937971226921803
R-HSA-1643713,abstraction:IsAComponentOf,R-HSA-5663202,1.2937971226921803
R-HSA-9671555,abstraction:IsAComponentOf,R-HSA-5663202,1.2937971226921803
R-HSA-9842640,abstraction:IsAComponentOf,R-HSA-5663202,1.2937971226921803
R-HSA-373756,abstraction:IsAComponentOf,R-HSA-421270,4.696275734510384
R-HSA-418990,abstraction:IsAComponentOf,R-HSA-421270,4.696275734510384
R-HSA-420029,abstraction:IsAComponentOf,R-HSA-421270,4.696275734510384
R-HSA-9018677,abstraction:IsAComponentOf,R-HSA-9018678,3.1340907069268296
R-HSA-9018683,abstraction:IsAComponentOf,R-HSA-9018678,3.1340907069268296
R-HSA-9018679,abstraction:IsAComponentOf,R-HSA-9018678,3.1340907069268296
R-HSA-9027604,abstraction:IsAComponentOf,R-HSA-9018678,3.1340907069268296
R-HSA-2142700,abstraction:IsAComponentOf,R-HSA-9018678,3.1340907069268296
R-HSA-73843,abstraction:IsAComponentOf,R-HSA-71336,4.370853334075757
R-HSA-1307965,abstraction:IsAComponentOf,R-HSA-190322,5.757147695195647
R-HSA-190239,abstraction:IsAComponentOf,R-HSA-5654741,4.193172156838304
R-HSA-5654732,abstraction:IsAComponentOf,R-HSA-5654741,4.193172156838304
R-HSA-5654708,abstraction:IsAComponentOf,R-HSA-5654741,4.193172156838304
R-HSA-5684996,abstraction:IsAComponentOf,R-HSA-5683057,1.9309246795708337
R-HSA-5687128,abstraction:IsAComponentOf,R-HSA-5683057,1.9309246795708337
R-HSA-9764265,abstraction:IsAComponentOf,R-HSA-9764274,5.181783550292085
R-HSA-2586552,abstraction:IsAComponentOf,R-HSA-162582,0
R-HSA-73887,abstraction:IsAComponentOf,R-HSA-162582,0
R-HSA-9006936,abstraction:IsAComponentOf,R-HSA-162582,0
R-HSA-9006927,abstraction:IsAComponentOf,R-HSA-162582,0
R-HSA-9716542,abstraction:IsAComponentOf,R-HSA-162582,0
R-HSA-9006934,abstraction:IsAComponentOf,R-HSA-162582,0
R-HSA-354192,abstraction:IsAComponentOf,R-HSA-162582,0
R-HSA-9006335,abstraction:IsAComponentOf,R-HSA-162582,0
R-HSA-9006931,abstraction:IsAComponentOf,R-HSA-162582,0
R-HSA-195721,abstraction:IsAComponentOf,R-HSA-162582,0
R-HSA-372790,abstraction:IsAComponentOf,R-HSA-162582,0
R-HSA-2028269,abstraction:IsAComponentOf,R-HSA-162582,0
R-HSA-5683057,abstraction:IsAComponentOf,R-HSA-162582,0
R-HSA-157118,abstraction:IsAComponentOf,R-HSA-162582,0
R-HSA-9006925,abstraction:IsAComponentOf,R-HSA-162582,0
R-HSA-165159,abstraction:IsAComponentOf,R-HSA-162582,0
R-HSA-5358351,abstraction:IsAComponentOf,R-HSA-162582,0
R-HSA-1810476,abstraction:IsAComponentOf,R-HSA-1606322,5.651787179537821
R-HSA-1606341,abstraction:IsAComponentOf,R-HSA-1606322,5.651787179537821
R-HSA-170670,abstraction:IsAComponentOf,R-HSA-112040,5.315314942916608
R-HSA-170660,abstraction:IsAComponentOf,R-HSA-112040,5.315314942916608
R-HSA-112043,abstraction:IsAComponentOf,R-HSA-112040,5.315314942916608
R-HSA-1295596,abstraction:IsAComponentOf,R-HSA-5654726,5.469465622743866
R-HSA-2470946,abstraction:IsAComponentOf,R-HSA-68884,4.818878056602717
R-HSA-110329,abstraction:IsAComponentOf,R-HSA-73928,5.87493073085203
R-HSA-110328,abstraction:IsAComponentOf,R-HSA-73928,5.87493073085203
R-HSA-3214815,abstraction:IsAComponentOf,R-HSA-3247509,5.3894229150703294
R-HSA-3214841,abstraction:IsAComponentOf,R-HSA-3247509,5.3894229150703294
R-HSA-3214847,abstraction:IsAComponentOf,R-HSA-3247509,5.3894229150703294
R-HSA-3214858,abstraction:IsAComponentOf,R-HSA-3247509,5.3894229150703294
R-HSA-3214842,abstraction:IsAComponentOf,R-HSA-3247509,5.3894229150703294
R-HSA-9633012,abstraction:IsAComponentOf,R-HSA-9711097,4.104224670821808
R-HSA-9639288,abstraction:IsAComponentOf,R-HSA-9711097,4.104224670821808
R-HSA-187015,abstraction:IsAComponentOf,R-HSA-187037,4.26549281841793
R-HSA-198725,abstraction:IsAComponentOf,R-HSA-187037,4.26549281841793
R-HSA-198203,abstraction:IsAComponentOf,R-HSA-187037,4.26549281841793
R-HSA-187687,abstraction:IsAComponentOf,R-HSA-187037,4.26549281841793
R-HSA-167021,abstraction:IsAComponentOf,R-HSA-187037,4.26549281841793
R-HSA-177504,abstraction:IsAComponentOf,R-HSA-187037,4.26549281841793
R-HSA-198765,abstraction:IsAComponentOf,R-HSA-187037,4.26549281841793
R-HSA-198745,abstraction:IsAComponentOf,R-HSA-187037,4.26549281841793
R-HSA-180746,abstraction:IsAComponentOf,R-HSA-177243,5.1211589284756505
R-HSA-165054,abstraction:IsAComponentOf,R-HSA-177243,5.1211589284756505
R-HSA-9828721,abstraction:IsAComponentOf,R-HSA-9820965,5.757147695195647
R-HSA-9834752,abstraction:IsAComponentOf,R-HSA-9820965,5.757147695195647
R-HSA-9828806,abstraction:IsAComponentOf,R-HSA-9820965,5.757147695195647
R-HSA-9828642,abstraction:IsAComponentOf,R-HSA-9820965,5.757147695195647
R-HSA-9834899,abstraction:IsAComponentOf,R-HSA-9758941,3.235873401236772
R-HSA-9823730,abstraction:IsAComponentOf,R-HSA-9758941,3.235873401236772
R-HSA-9761174,abstraction:IsAComponentOf,R-HSA-9758941,3.235873401236772
R-HSA-9796292,abstraction:IsAComponentOf,R-HSA-9758941,3.235873401236772
R-HSA-9758919,abstraction:IsAComponentOf,R-HSA-9758941,3.235873401236772
R-HSA-9832991,abstraction:IsAComponentOf,R-HSA-9758941,3.235873401236772
R-HSA-9793380,abstraction:IsAComponentOf,R-HSA-9758941,3.235873401236772
R-HSA-9754189,abstraction:IsAComponentOf,R-HSA-9758941,3.235873401236772
R-HSA-9758920,abstraction:IsAComponentOf,R-HSA-9758941,3.235873401236772
R-HSA-9823739,abstraction:IsAComponentOf,R-HSA-9758941,3.235873401236772
R-HSA-168325,abstraction:IsAComponentOf,R-HSA-168273,4.696275734510384
R-HSA-192869,abstraction:IsAComponentOf,R-HSA-168273,4.696275734510384
R-HSA-192814,abstraction:IsAComponentOf,R-HSA-168273,4.696275734510384
R-HSA-192823,abstraction:IsAComponentOf,R-HSA-168273,4.696275734510384
R-HSA-192905,abstraction:IsAComponentOf,R-HSA-168273,4.696275734510384
R-HSA-196783,abstraction:IsAComponentOf,R-HSA-199220,5.315314942916608
R-HSA-9670613,abstraction:IsAComponentOf,R-HSA-9670621,6.855759983863757
R-HSA-9670615,abstraction:IsAComponentOf,R-HSA-9670621,6.855759983863757
R-HSA-9661070,abstraction:IsAComponentOf,R-HSA-9659787,6.568077911411976
R-HSA-9661069,abstraction:IsAComponentOf,R-HSA-9659787,6.568077911411976
R-HSA-190840,abstraction:IsAComponentOf,R-HSA-190872,6.568077911411976
R-HSA-427589,abstraction:IsAComponentOf,R-HSA-427652,6.162612803303811
R-HSA-73863,abstraction:IsAComponentOf,R-HSA-73864,3.0198983394011747
R-HSA-73854,abstraction:IsAComponentOf,R-HSA-73864,3.0198983394011747
R-HSA-354194,abstraction:IsAComponentOf,R-HSA-354192,6.568077911411976
R-HSA-372708,abstraction:IsAComponentOf,R-HSA-354192,6.568077911411976
R-HSA-426048,abstraction:IsAComponentOf,R-HSA-114508,6.568077911411976
R-HSA-1362300,abstraction:IsAComponentOf,R-HSA-1538133,5.246322071429656
R-HSA-1362277,abstraction:IsAComponentOf,R-HSA-1538133,5.246322071429656
R-HSA-9846298,abstraction:IsAComponentOf,R-HSA-9823587,4.818878056602717
R-HSA-9845622,abstraction:IsAComponentOf,R-HSA-9823587,4.818878056602717
R-HSA-9845620,abstraction:IsAComponentOf,R-HSA-9823587,4.818878056602717
R-HSA-9845621,abstraction:IsAComponentOf,R-HSA-9823587,4.818878056602717
R-HSA-9845619,abstraction:IsAComponentOf,R-HSA-9823587,4.818878056602717
R-HSA-389977,abstraction:IsAComponentOf,R-HSA-391251,3.086837822076284
R-HSA-390466,abstraction:IsAComponentOf,R-HSA-391251,3.086837822076284
R-HSA-432722,abstraction:IsAComponentOf,R-HSA-199992,4.553174890869711
R-HSA-432720,abstraction:IsAComponentOf,R-HSA-199992,4.553174890869711
R-HSA-451308,abstraction:IsAComponentOf,R-HSA-451306,6.568077911411976
R-HSA-451307,abstraction:IsAComponentOf,R-HSA-451306,6.568077911411976
R-HSA-8983711,abstraction:IsAComponentOf,R-HSA-1169410,5.469465622743866
R-HSA-9833482,abstraction:IsAComponentOf,R-HSA-1169410,5.469465622743866
R-HSA-1169408,abstraction:IsAComponentOf,R-HSA-1169410,5.469465622743866
R-HSA-9953170,abstraction:IsAComponentOf,R-HSA-1169410,5.469465622743866
R-HSA-381183,abstraction:IsAComponentOf,R-HSA-381033,5.87493073085203
R-HSA-2022928,abstraction:IsAComponentOf,R-HSA-1638091,5.315314942916608
R-HSA-2024096,abstraction:IsAComponentOf,R-HSA-1638091,5.315314942916608
R-HSA-1433559,abstraction:IsAComponentOf,R-HSA-1433557,2.937092435716942
R-HSA-5696394,abstraction:IsAComponentOf,R-HSA-5696399,5.757147695195647
R-HSA-5696400,abstraction:IsAComponentOf,R-HSA-5696399,5.757147695195647
R-HSA-5696397,abstraction:IsAComponentOf,R-HSA-5696399,5.757147695195647
R-HSA-5696395,abstraction:IsAComponentOf,R-HSA-5696399,5.757147695195647
R-HSA-5617472,abstraction:IsAComponentOf,R-HSA-5619507,3.235873401236772
R-HSA-5579029,abstraction:IsAComponentOf,R-HSA-5668914,1.2937971226921803
R-HSA-3781865,abstraction:IsAComponentOf,R-HSA-5668914,1.2937971226921803
R-HSA-9759774,abstraction:IsAComponentOf,R-HSA-5668914,1.2937971226921803
R-HSA-5579031,abstraction:IsAComponentOf,R-HSA-5668914,1.2937971226921803
R-HSA-2978092,abstraction:IsAComponentOf,R-HSA-5668914,1.2937971226921803
R-HSA-9865118,abstraction:IsAComponentOf,R-HSA-5668914,1.2937971226921803
R-HSA-9955698,abstraction:IsAComponentOf,R-HSA-5668914,1.2937971226921803
R-HSA-5663084,abstraction:IsAComponentOf,R-HSA-5668914,1.2937971226921803
R-HSA-5687613,abstraction:IsAComponentOf,R-HSA-5668914,1.2937971226921803
R-HSA-3296482,abstraction:IsAComponentOf,R-HSA-5668914,1.2937971226921803
R-HSA-9735804,abstraction:IsAComponentOf,R-HSA-5668914,1.2937971226921803
R-HSA-2160456,abstraction:IsAComponentOf,R-HSA-5668914,1.2937971226921803
R-HSA-9031628,abstraction:IsAComponentOf,R-HSA-198725,4.958639998977875
R-HSA-198753,abstraction:IsAComponentOf,R-HSA-198725,4.958639998977875
R-HSA-199920,abstraction:IsAComponentOf,R-HSA-198725,4.958639998977875
R-HSA-1489509,abstraction:IsAComponentOf,R-HSA-9006925,1.9309246795708337
R-HSA-1257604,abstraction:IsAComponentOf,R-HSA-9006925,1.9309246795708337
R-HSA-111458,abstraction:IsAComponentOf,R-HSA-111461,5.87493073085203
R-HSA-111459,abstraction:IsAComponentOf,R-HSA-111461,5.87493073085203
R-HSA-912526,abstraction:IsAComponentOf,R-HSA-512988,4.216702654248498
R-HSA-912631,abstraction:IsAComponentOf,R-HSA-512988,4.216702654248498
R-HSA-389948,abstraction:IsAComponentOf,R-HSA-388841,4.240800205827559
R-HSA-9927353,abstraction:IsAComponentOf,R-HSA-388841,4.240800205827559
R-HSA-389513,abstraction:IsAComponentOf,R-HSA-388841,4.240800205827559
R-HSA-9927354,abstraction:IsAComponentOf,R-HSA-388841,4.240800205827559
R-HSA-389356,abstraction:IsAComponentOf,R-HSA-388841,4.240800205827559
R-HSA-9717323,abstraction:IsAComponentOf,R-HSA-9700649,5.556476999733496
R-HSA-9717329,abstraction:IsAComponentOf,R-HSA-9700649,5.556476999733496
R-HSA-9717316,abstraction:IsAComponentOf,R-HSA-9700649,5.556476999733496
R-HSA-9717319,abstraction:IsAComponentOf,R-HSA-9700649,5.556476999733496
R-HSA-9717301,abstraction:IsAComponentOf,R-HSA-9700649,5.556476999733496
R-HSA-9717264,abstraction:IsAComponentOf,R-HSA-9700649,5.556476999733496
R-HSA-9717326,abstraction:IsAComponentOf,R-HSA-9700649,5.556476999733496
R-HSA-5362768,abstraction:IsAComponentOf,R-HSA-5387390,2.8244735576087927
R-HSA-5658034,abstraction:IsAComponentOf,R-HSA-5387390,2.8244735576087927
R-HSA-442755,abstraction:IsAComponentOf,R-HSA-112314,3.9840803589797447
R-HSA-451326,abstraction:IsAComponentOf,R-HSA-112314,3.9840803589797447
R-HSA-977443,abstraction:IsAComponentOf,R-HSA-112314,3.9840803589797447
R-HSA-399721,abstraction:IsAComponentOf,R-HSA-112314,3.9840803589797447
R-HSA-181431,abstraction:IsAComponentOf,R-HSA-112314,3.9840803589797447
R-HSA-9851151,abstraction:IsAComponentOf,R-HSA-201556,2.937092435716942
R-HSA-9701898,abstraction:IsAComponentOf,R-HSA-201556,2.937092435716942
R-HSA-5340588,abstraction:IsAComponentOf,R-HSA-4791275,2.8244735576087927
R-HSA-5339700,abstraction:IsAComponentOf,R-HSA-4791275,2.8244735576087927
R-HSA-5545619,abstraction:IsAComponentOf,R-HSA-4791275,2.8244735576087927
R-HSA-4839735,abstraction:IsAComponentOf,R-HSA-4791275,2.8244735576087927
R-HSA-4839744,abstraction:IsAComponentOf,R-HSA-4791275,2.8244735576087927
R-HSA-4839743,abstraction:IsAComponentOf,R-HSA-4791275,2.8244735576087927
R-HSA-4839748,abstraction:IsAComponentOf,R-HSA-4791275,2.8244735576087927
R-HSA-5340573,abstraction:IsAComponentOf,R-HSA-4791275,2.8244735576087927
R-HSA-5339717,abstraction:IsAComponentOf,R-HSA-4791275,2.8244735576087927
R-HSA-5339716,abstraction:IsAComponentOf,R-HSA-4791275,2.8244735576087927
R-HSA-111933,abstraction:IsAComponentOf,R-HSA-111997,6.162612803303811
R-HSA-430116,abstraction:IsAComponentOf,R-HSA-76002,4.316786112805481
R-HSA-76009,abstraction:IsAComponentOf,R-HSA-76002,4.316786112805481
R-HSA-114508,abstraction:IsAComponentOf,R-HSA-76002,4.316786112805481
R-HSA-76005,abstraction:IsAComponentOf,R-HSA-76002,4.316786112805481
R-HSA-456926,abstraction:IsAComponentOf,R-HSA-76002,4.316786112805481
R-HSA-114604,abstraction:IsAComponentOf,R-HSA-76002,4.316786112805481
R-HSA-392518,abstraction:IsAComponentOf,R-HSA-76002,4.316786112805481
R-HSA-1592389,abstraction:IsAComponentOf,R-HSA-1474228,5.009933293365426
R-HSA-1442490,abstraction:IsAComponentOf,R-HSA-1474228,5.009933293365426
R-HSA-418217,abstraction:IsAComponentOf,R-HSA-397795,4.553174890869711
R-HSA-8964315,abstraction:IsAComponentOf,R-HSA-397795,4.553174890869711
R-HSA-392451,abstraction:IsAComponentOf,R-HSA-397795,4.553174890869711
R-HSA-8964616,abstraction:IsAComponentOf,R-HSA-397795,4.553174890869711
R-HSA-9630747,abstraction:IsAComponentOf,R-HSA-9675132,1.2937971226921803
R-HSA-5638303,abstraction:IsAComponentOf,R-HSA-5638302,6.162612803303811
R-HSA-388479,abstraction:IsAComponentOf,R-HSA-375276,4.77631844218392
R-HSA-380095,abstraction:IsAComponentOf,R-HSA-375276,4.77631844218392
R-HSA-444821,abstraction:IsAComponentOf,R-HSA-375276,4.77631844218392
R-HSA-380108,abstraction:IsAComponentOf,R-HSA-375276,4.77631844218392
R-HSA-444473,abstraction:IsAComponentOf,R-HSA-375276,4.77631844218392
R-HSA-389397,abstraction:IsAComponentOf,R-HSA-375276,4.77631844218392
R-HSA-4608870,abstraction:IsAComponentOf,R-HSA-4086400,6.344934360097766
R-HSA-5140745,abstraction:IsAComponentOf,R-HSA-4086400,6.344934360097766
R-HSA-5099900,abstraction:IsAComponentOf,R-HSA-4086400,6.344934360097766
R-HSA-111465,abstraction:IsAComponentOf,R-HSA-75153,4.399024211042453
R-HSA-211736,abstraction:IsAComponentOf,R-HSA-75153,4.399024211042453
R-HSA-140342,abstraction:IsAComponentOf,R-HSA-75153,4.399024211042453
R-HSA-2424491,abstraction:IsAComponentOf,R-HSA-2172127,3.218173824137371
R-HSA-9023661,abstraction:IsAComponentOf,R-HSA-9018679,4.958639998977875
R-HSA-9018896,abstraction:IsAComponentOf,R-HSA-9018679,4.958639998977875
R-HSA-380615,abstraction:IsAComponentOf,R-HSA-112311,3.9840803589797447
R-HSA-379401,abstraction:IsAComponentOf,R-HSA-112311,3.9840803589797447
R-HSA-9833110,abstraction:IsAComponentOf,R-HSA-9820952,2.97076565082353
R-HSA-9820962,abstraction:IsAComponentOf,R-HSA-9820952,2.97076565082353
R-HSA-9820965,abstraction:IsAComponentOf,R-HSA-9820952,2.97076565082353
R-HSA-9820960,abstraction:IsAComponentOf,R-HSA-9820952,2.97076565082353
R-HSA-190371,abstraction:IsAComponentOf,R-HSA-190239,5.651787179537821
R-HSA-190372,abstraction:IsAComponentOf,R-HSA-190239,5.651787179537821
R-HSA-1433617,abstraction:IsAComponentOf,R-HSA-1181150,3.235873401236772
R-HSA-210747,abstraction:IsAComponentOf,R-HSA-186712,3.235873401236772
R-HSA-210744,abstraction:IsAComponentOf,R-HSA-186712,3.235873401236772
R-HSA-210746,abstraction:IsAComponentOf,R-HSA-186712,3.235873401236772
R-HSA-210745,abstraction:IsAComponentOf,R-HSA-186712,3.235873401236772
R-HSA-1839124,abstraction:IsAComponentOf,R-HSA-5655302,5.009933293365426
R-HSA-112308,abstraction:IsAComponentOf,R-HSA-112315,3.6105668506781825
R-HSA-112314,abstraction:IsAComponentOf,R-HSA-112315,3.6105668506781825
R-HSA-112310,abstraction:IsAComponentOf,R-HSA-112315,3.6105668506781825
R-HSA-112313,abstraction:IsAComponentOf,R-HSA-112315,3.6105668506781825
R-HSA-112311,abstraction:IsAComponentOf,R-HSA-112315,3.6105668506781825
R-HSA-416993,abstraction:IsAComponentOf,R-HSA-399719,6.855759983863757
R-HSA-6781823,abstraction:IsAComponentOf,R-HSA-6781827,5.757147695195647
R-HSA-6782135,abstraction:IsAComponentOf,R-HSA-6781827,5.757147695195647
R-HSA-6782210,abstraction:IsAComponentOf,R-HSA-6781827,5.757147695195647
R-HSA-1295596,abstraction:IsAComponentOf,R-HSA-5654733,5.757147695195647
R-HSA-3274531,abstraction:IsAComponentOf,R-HSA-3229121,4.370853334075757
R-HSA-3878781,abstraction:IsAComponentOf,R-HSA-3229121,4.370853334075757
R-HSA-3828062,abstraction:IsAComponentOf,R-HSA-3229121,4.370853334075757
R-HSA-3785653,abstraction:IsAComponentOf,R-HSA-3229121,4.370853334075757
R-HSA-3858516,abstraction:IsAComponentOf,R-HSA-3229121,4.370853334075757
R-HSA-5357609,abstraction:IsAComponentOf,R-HSA-3229121,4.370853334075757
R-HSA-3814836,abstraction:IsAComponentOf,R-HSA-3229121,4.370853334075757
R-HSA-3229133,abstraction:IsAComponentOf,R-HSA-3229121,4.370853334075757
R-HSA-3282872,abstraction:IsAComponentOf,R-HSA-3229121,4.370853334075757
R-HSA-447038,abstraction:IsAComponentOf,R-HSA-373760,4.316786112805481
R-HSA-447041,abstraction:IsAComponentOf,R-HSA-373760,4.316786112805481
R-HSA-437239,abstraction:IsAComponentOf,R-HSA-373760,4.316786112805481
R-HSA-445095,abstraction:IsAComponentOf,R-HSA-373760,4.316786112805481
R-HSA-445144,abstraction:IsAComponentOf,R-HSA-373760,4.316786112805481
R-HSA-447043,abstraction:IsAComponentOf,R-HSA-373760,4.316786112805481
R-HSA-168188,abstraction:IsAComponentOf,R-HSA-181438,4.147709782761547
R-HSA-168179,abstraction:IsAComponentOf,R-HSA-181438,4.147709782761547
R-HSA-375165,abstraction:IsAComponentOf,R-HSA-422475,4.26549281841793
R-HSA-376176,abstraction:IsAComponentOf,R-HSA-422475,4.26549281841793
R-HSA-8866376,abstraction:IsAComponentOf,R-HSA-422475,4.26549281841793
R-HSA-373760,abstraction:IsAComponentOf,R-HSA-422475,4.26549281841793
R-HSA-373755,abstraction:IsAComponentOf,R-HSA-422475,4.26549281841793
R-HSA-2682334,abstraction:IsAComponentOf,R-HSA-422475,4.26549281841793
R-HSA-373752,abstraction:IsAComponentOf,R-HSA-422475,4.26549281841793
R-HSA-8853659,abstraction:IsAComponentOf,R-HSA-422475,4.26549281841793
R-HSA-9827857,abstraction:IsAComponentOf,R-HSA-1474165,0
R-HSA-1500620,abstraction:IsAComponentOf,R-HSA-1474165,0
R-HSA-1187000,abstraction:IsAComponentOf,R-HSA-1474165,0
R-HSA-4655427,abstraction:IsAComponentOf,R-HSA-3108232,5.1211589284756505
R-HSA-3899300,abstraction:IsAComponentOf,R-HSA-3108232,5.1211589284756505
R-HSA-4090294,abstraction:IsAComponentOf,R-HSA-3108232,5.1211589284756505
R-HSA-4085377,abstraction:IsAComponentOf,R-HSA-3108232,5.1211589284756505
R-HSA-4551638,abstraction:IsAComponentOf,R-HSA-3108232,5.1211589284756505
R-HSA-3232118,abstraction:IsAComponentOf,R-HSA-3108232,5.1211589284756505
R-HSA-4755510,abstraction:IsAComponentOf,R-HSA-3108232,5.1211589284756505
R-HSA-3232142,abstraction:IsAComponentOf,R-HSA-3108232,5.1211589284756505
R-HSA-4570464,abstraction:IsAComponentOf,R-HSA-3108232,5.1211589284756505
R-HSA-9793242,abstraction:IsAComponentOf,R-HSA-3108232,5.1211589284756505
R-HSA-4615885,abstraction:IsAComponentOf,R-HSA-3108232,5.1211589284756505
R-HSA-3108214,abstraction:IsAComponentOf,R-HSA-3108232,5.1211589284756505
R-HSA-450385,abstraction:IsAComponentOf,R-HSA-450531,3.9470390872993955
R-HSA-450604,abstraction:IsAComponentOf,R-HSA-450531,3.9470390872993955
R-HSA-450408,abstraction:IsAComponentOf,R-HSA-450531,3.9470390872993955
R-HSA-450520,abstraction:IsAComponentOf,R-HSA-450531,3.9470390872993955
R-HSA-450513,abstraction:IsAComponentOf,R-HSA-450531,3.9470390872993955
R-HSA-69091,abstraction:IsAComponentOf,R-HSA-69186,6.162612803303811
R-HSA-69183,abstraction:IsAComponentOf,R-HSA-69186,6.162612803303811
R-HSA-435368,abstraction:IsAComponentOf,R-HSA-435354,6.344934360097766
R-HSA-442380,abstraction:IsAComponentOf,R-HSA-435354,6.344934360097766
R-HSA-9615710,abstraction:IsAComponentOf,R-HSA-9612973,0
R-HSA-9613829,abstraction:IsAComponentOf,R-HSA-9612973,0
R-HSA-1632852,abstraction:IsAComponentOf,R-HSA-9612973,0
R-HSA-975578,abstraction:IsAComponentOf,R-HSA-975576,5.651787179537821
R-HSA-975574,abstraction:IsAComponentOf,R-HSA-975576,5.651787179537821
R-HSA-975577,abstraction:IsAComponentOf,R-HSA-975576,5.651787179537821
R-HSA-77387,abstraction:IsAComponentOf,R-HSA-74752,2.937092435716942
R-HSA-74751,abstraction:IsAComponentOf,R-HSA-74752,2.937092435716942
R-HSA-1483206,abstraction:IsAComponentOf,R-HSA-1483257,3.1340907069268296
R-HSA-1483255,abstraction:IsAComponentOf,R-HSA-1483257,3.1340907069268296
R-HSA-8866654,abstraction:IsAComponentOf,R-HSA-8852135,3.584924420064845
R-HSA-8866652,abstraction:IsAComponentOf,R-HSA-8852135,3.584924420064845
R-HSA-5660489,abstraction:IsAComponentOf,R-HSA-5660526,3.929020581796717
R-HSA-5661231,abstraction:IsAComponentOf,R-HSA-5660526,3.929020581796717
R-HSA-191859,abstraction:IsAComponentOf,R-HSA-194441,3.9470390872993955
R-HSA-209822,abstraction:IsAComponentOf,R-HSA-209952,5.87493073085203
R-HSA-8963676,abstraction:IsAComponentOf,R-HSA-8963743,0
R-HSA-8935690,abstraction:IsAComponentOf,R-HSA-8963743,0
R-HSA-3304349,abstraction:IsAComponentOf,R-HSA-3304351,2.8244735576087927
R-HSA-3642278,abstraction:IsAComponentOf,R-HSA-3304351,2.8244735576087927
R-HSA-3656534,abstraction:IsAComponentOf,R-HSA-3304351,2.8244735576087927
R-HSA-3304347,abstraction:IsAComponentOf,R-HSA-3304351,2.8244735576087927
R-HSA-187042,abstraction:IsAComponentOf,R-HSA-187015,4.958639998977875
R-HSA-187024,abstraction:IsAComponentOf,R-HSA-187015,4.958639998977875
R-HSA-9723907,abstraction:IsAComponentOf,R-HSA-9734009,5.757147695195647
R-HSA-9645722,abstraction:IsAComponentOf,R-HSA-9734009,5.757147695195647
R-HSA-8863678,abstraction:IsAComponentOf,R-HSA-9734009,5.757147695195647
R-HSA-9675136,abstraction:IsAComponentOf,R-HSA-9675135,1.2937971226921803
R-HSA-5423599,abstraction:IsAComponentOf,R-HSA-9675135,1.2937971226921803
R-HSA-9605308,abstraction:IsAComponentOf,R-HSA-9675135,1.2937971226921803
R-HSA-166058,abstraction:IsAComponentOf,R-HSA-168179,5.181783550292085
R-HSA-901032,abstraction:IsAComponentOf,R-HSA-901042,7.261225091971921
R-HSA-3371497,abstraction:IsAComponentOf,R-HSA-2262752,3.929020581796717
R-HSA-2559583,abstraction:IsAComponentOf,R-HSA-2262752,3.929020581796717
R-HSA-9648895,abstraction:IsAComponentOf,R-HSA-2262752,3.929020581796717
R-HSA-9841251,abstraction:IsAComponentOf,R-HSA-2262752,3.929020581796717
R-HSA-9707616,abstraction:IsAComponentOf,R-HSA-2262752,3.929020581796717
R-HSA-381119,abstraction:IsAComponentOf,R-HSA-2262752,3.929020581796717
R-HSA-1234174,abstraction:IsAComponentOf,R-HSA-2262752,3.929020581796717
R-HSA-3371556,abstraction:IsAComponentOf,R-HSA-2262752,3.929020581796717
R-HSA-9711097,abstraction:IsAComponentOf,R-HSA-2262752,3.929020581796717
R-HSA-9711123,abstraction:IsAComponentOf,R-HSA-2262752,3.929020581796717
R-HSA-9840373,abstraction:IsAComponentOf,R-HSA-2262752,3.929020581796717
R-HSA-2179392,abstraction:IsAComponentOf,R-HSA-881907,6.568077911411976
R-HSA-9634597,abstraction:IsAComponentOf,R-HSA-418555,4.553174890869711
R-HSA-9687139,abstraction:IsAComponentOf,R-HSA-9675126,1.2937971226921803
R-HSA-9673013,abstraction:IsAComponentOf,R-HSA-9675126,1.2937971226921803
R-HSA-9013422,abstraction:IsAComponentOf,R-HSA-9706574,4.909849834808443
R-HSA-9013418,abstraction:IsAComponentOf,R-HSA-9706574,4.909849834808443
R-HSA-202670,abstraction:IsAComponentOf,R-HSA-198753,6.568077911411976
R-HSA-209563,abstraction:IsAComponentOf,R-HSA-193697,5.315314942916608
R-HSA-193634,abstraction:IsAComponentOf,R-HSA-193697,5.315314942916608
R-HSA-112399,abstraction:IsAComponentOf,R-HSA-2428928,5.87493073085203
R-HSA-909733,abstraction:IsAComponentOf,R-HSA-913531,3.720265767934607
R-HSA-1169410,abstraction:IsAComponentOf,R-HSA-913531,3.720265767934607
R-HSA-877300,abstraction:IsAComponentOf,R-HSA-913531,3.720265767934607
R-HSA-9909505,abstraction:IsAComponentOf,R-HSA-913531,3.720265767934607
R-HSA-9635486,abstraction:IsAComponentOf,R-HSA-9824439,2.6120380205670553
R-HSA-5339562,abstraction:IsAComponentOf,R-HSA-9824439,2.6120380205670553
R-HSA-9640148,abstraction:IsAComponentOf,R-HSA-9824439,2.6120380205670553
R-HSA-8876384,abstraction:IsAComponentOf,R-HSA-9824439,2.6120380205670553
R-HSA-6793080,abstraction:IsAComponentOf,R-HSA-8868766,6.344934360097766
R-HSA-354192,abstraction:IsAComponentOf,R-HSA-76009,5.1211589284756505
R-HSA-392023,abstraction:IsAComponentOf,R-HSA-76009,5.1211589284756505
R-HSA-5218920,abstraction:IsAComponentOf,R-HSA-4420097,6.162612803303811
R-HSA-5218921,abstraction:IsAComponentOf,R-HSA-4420097,6.162612803303811
R-HSA-5619102,abstraction:IsAComponentOf,R-HSA-5619115,1.2937971226921803
R-HSA-5619084,abstraction:IsAComponentOf,R-HSA-5619115,1.2937971226921803
R-HSA-193775,abstraction:IsAComponentOf,R-HSA-192105,6.344934360097766
R-HSA-193368,abstraction:IsAComponentOf,R-HSA-192105,6.344934360097766
R-HSA-193807,abstraction:IsAComponentOf,R-HSA-192105,6.344934360097766
R-HSA-109704,abstraction:IsAComponentOf,R-HSA-112399,6.162612803303811
R-HSA-112412,abstraction:IsAComponentOf,R-HSA-112399,6.162612803303811
R-HSA-9692916,abstraction:IsAComponentOf,R-HSA-9692914,4.958639998977875
R-HSA-9692912,abstraction:IsAComponentOf,R-HSA-9692914,4.958639998977875
R-HSA-9735869,abstraction:IsAComponentOf,R-HSA-9692914,4.958639998977875
R-HSA-9735871,abstraction:IsAComponentOf,R-HSA-9692914,4.958639998977875
R-HSA-9692913,abstraction:IsAComponentOf,R-HSA-9692914,4.958639998977875
R-HSA-9709570,abstraction:IsAComponentOf,R-HSA-9701190,5.556476999733496
R-HSA-9709603,abstraction:IsAComponentOf,R-HSA-9701190,5.556476999733496
R-HSA-9763198,abstraction:IsAComponentOf,R-HSA-9701190,5.556476999733496
R-HSA-9709275,abstraction:IsAComponentOf,R-HSA-9701190,5.556476999733496
R-HSA-8950505,abstraction:IsAComponentOf,R-HSA-9020591,6.344934360097766
R-HSA-9658195,abstraction:IsAComponentOf,R-HSA-9824443,2.6120380205670553
R-HSA-6803529,abstraction:IsAComponentOf,R-HSA-5654738,4.193172156838304
R-HSA-5654696,abstraction:IsAComponentOf,R-HSA-5654738,4.193172156838304
R-HSA-190241,abstraction:IsAComponentOf,R-HSA-5654738,4.193172156838304
R-HSA-5654727,abstraction:IsAComponentOf,R-HSA-5654738,4.193172156838304
R-HSA-2559585,abstraction:IsAComponentOf,R-HSA-2559583,4.104224670821808
R-HSA-2559582,abstraction:IsAComponentOf,R-HSA-2559583,4.104224670821808
R-HSA-2559586,abstraction:IsAComponentOf,R-HSA-2559583,4.104224670821808
R-HSA-2559580,abstraction:IsAComponentOf,R-HSA-2559583,4.104224670821808
R-HSA-69275,abstraction:IsAComponentOf,R-HSA-453274,3.4770354580536598
R-HSA-68911,abstraction:IsAComponentOf,R-HSA-453274,3.4770354580536598
R-HSA-168305,abstraction:IsAComponentOf,R-HSA-168276,4.696275734510384
R-HSA-168315,abstraction:IsAComponentOf,R-HSA-168276,4.696275734510384
R-HSA-169131,abstraction:IsAComponentOf,R-HSA-168276,4.696275734510384
R-HSA-9702632,abstraction:IsAComponentOf,R-HSA-9702506,4.958639998977875
R-HSA-9703009,abstraction:IsAComponentOf,R-HSA-9702506,4.958639998977875
R-HSA-9702624,abstraction:IsAComponentOf,R-HSA-9702506,4.958639998977875
R-HSA-9702581,abstraction:IsAComponentOf,R-HSA-9702506,4.958639998977875
R-HSA-9702590,abstraction:IsAComponentOf,R-HSA-9702506,4.958639998977875
R-HSA-9702600,abstraction:IsAComponentOf,R-HSA-9702506,4.958639998977875
R-HSA-9702614,abstraction:IsAComponentOf,R-HSA-9702506,4.958639998977875
R-HSA-9702569,abstraction:IsAComponentOf,R-HSA-9702506,4.958639998977875
R-HSA-9702605,abstraction:IsAComponentOf,R-HSA-9702506,4.958639998977875
R-HSA-9702577,abstraction:IsAComponentOf,R-HSA-9702506,4.958639998977875
R-HSA-9702636,abstraction:IsAComponentOf,R-HSA-9702506,4.958639998977875
R-HSA-9702620,abstraction:IsAComponentOf,R-HSA-9702506,4.958639998977875
R-HSA-9702596,abstraction:IsAComponentOf,R-HSA-9702506,4.958639998977875
R-HSA-9702998,abstraction:IsAComponentOf,R-HSA-9702506,4.958639998977875
R-HSA-156582,abstraction:IsAComponentOf,R-HSA-156580,4.48863636973214
R-HSA-156587,abstraction:IsAComponentOf,R-HSA-156580,4.48863636973214
R-HSA-156588,abstraction:IsAComponentOf,R-HSA-156580,4.48863636973214
R-HSA-156581,abstraction:IsAComponentOf,R-HSA-156580,4.48863636973214
R-HSA-156584,abstraction:IsAComponentOf,R-HSA-156580,4.48863636973214
R-HSA-156590,abstraction:IsAComponentOf,R-HSA-156580,4.48863636973214
R-HSA-430039,abstraction:IsAComponentOf,R-HSA-429914,3.9470390872993955
R-HSA-429947,abstraction:IsAComponentOf,R-HSA-429914,3.9470390872993955
R-HSA-429958,abstraction:IsAComponentOf,R-HSA-429914,3.9470390872993955
R-HSA-9821002,abstraction:IsAComponentOf,R-HSA-9816359,3.235873401236772
R-HSA-9819196,abstraction:IsAComponentOf,R-HSA-9816359,3.235873401236772
R-HSA-9820841,abstraction:IsAComponentOf,R-HSA-9816359,3.235873401236772
R-HSA-9820865,abstraction:IsAComponentOf,R-HSA-9816359,3.235873401236772
R-HSA-9821993,abstraction:IsAComponentOf,R-HSA-9816359,3.235873401236772
R-HSA-9673221,abstraction:IsAComponentOf,R-HSA-9668250,5.181783550292085
R-HSA-9673218,abstraction:IsAComponentOf,R-HSA-9668250,5.181783550292085
R-HSA-9673240,abstraction:IsAComponentOf,R-HSA-9668250,5.181783550292085
R-HSA-9673202,abstraction:IsAComponentOf,R-HSA-9668250,5.181783550292085
R-HSA-9968551,abstraction:IsAComponentOf,R-HSA-9953170,6.344934360097766
R-HSA-390651,abstraction:IsAComponentOf,R-HSA-375280,4.77631844218392
R-HSA-390648,abstraction:IsAComponentOf,R-HSA-375280,4.77631844218392
R-HSA-390666,abstraction:IsAComponentOf,R-HSA-375280,4.77631844218392
R-HSA-390650,abstraction:IsAComponentOf,R-HSA-375280,4.77631844218392
R-HSA-390696,abstraction:IsAComponentOf,R-HSA-375280,4.77631844218392
R-HSA-977606,abstraction:IsAComponentOf,R-HSA-166658,3.218173824137371
R-HSA-166663,abstraction:IsAComponentOf,R-HSA-166658,3.218173824137371
R-HSA-174577,abstraction:IsAComponentOf,R-HSA-166658,3.218173824137371
R-HSA-166665,abstraction:IsAComponentOf,R-HSA-166658,3.218173824137371
R-HSA-3359478,abstraction:IsAComponentOf,R-HSA-9759785,7.261225091971921
R-HSA-425410,abstraction:IsAComponentOf,R-HSA-425407,3.691692395490551
R-HSA-429593,abstraction:IsAComponentOf,R-HSA-425407,3.691692395490551
R-HSA-9955298,abstraction:IsAComponentOf,R-HSA-425407,3.691692395490551
R-HSA-9958863,abstraction:IsAComponentOf,R-HSA-425407,3.691692395490551
R-HSA-549127,abstraction:IsAComponentOf,R-HSA-425407,3.691692395490551
R-HSA-9959399,abstraction:IsAComponentOf,R-HSA-425407,3.691692395490551
R-HSA-9958790,abstraction:IsAComponentOf,R-HSA-425407,3.691692395490551
R-HSA-425397,abstraction:IsAComponentOf,R-HSA-425407,3.691692395490551
R-HSA-442660,abstraction:IsAComponentOf,R-HSA-425407,3.691692395490551
R-HSA-189200,abstraction:IsAComponentOf,R-HSA-425407,3.691692395490551
R-HSA-9660821,abstraction:IsAComponentOf,R-HSA-9662851,6.344934360097766
R-HSA-9664323,abstraction:IsAComponentOf,R-HSA-9662851,6.344934360097766
R-HSA-9662834,abstraction:IsAComponentOf,R-HSA-9662851,6.344934360097766
R-HSA-9664535,abstraction:IsAComponentOf,R-HSA-9662851,6.344934360097766
R-HSA-69563,abstraction:IsAComponentOf,R-HSA-69580,5.87493073085203
R-HSA-4086398,abstraction:IsAComponentOf,R-HSA-3858494,4.909849834808443
R-HSA-4086400,abstraction:IsAComponentOf,R-HSA-3858494,4.909849834808443
R-HSA-937039,abstraction:IsAComponentOf,R-HSA-166058,5.315314942916608
R-HSA-445989,abstraction:IsAComponentOf,R-HSA-166058,5.315314942916608
R-HSA-450294,abstraction:IsAComponentOf,R-HSA-166058,5.315314942916608
R-HSA-937042,abstraction:IsAComponentOf,R-HSA-166058,5.315314942916608
R-HSA-77111,abstraction:IsAComponentOf,R-HSA-74182,3.1340907069268296
R-HSA-77108,abstraction:IsAComponentOf,R-HSA-74182,3.1340907069268296
R-HSA-389357,abstraction:IsAComponentOf,R-HSA-389356,5.246322071429656
R-HSA-389359,abstraction:IsAComponentOf,R-HSA-389356,5.246322071429656
R-HSA-622327,abstraction:IsAComponentOf,R-HSA-181431,4.457864711065386
R-HSA-622323,abstraction:IsAComponentOf,R-HSA-181431,4.457864711065386
R-HSA-2514859,abstraction:IsAComponentOf,R-HSA-2514856,6.162612803303811
R-HSA-2485179,abstraction:IsAComponentOf,R-HSA-2514856,6.162612803303811
R-HSA-3295583,abstraction:IsAComponentOf,R-HSA-2672351,6.855759983863757
R-HSA-212436,abstraction:IsAComponentOf,R-HSA-73857,3.0198983394011747
R-HSA-73856,abstraction:IsAComponentOf,R-HSA-73857,3.0198983394011747
R-HSA-674695,abstraction:IsAComponentOf,R-HSA-73857,3.0198983394011747
R-HSA-73779,abstraction:IsAComponentOf,R-HSA-73857,3.0198983394011747
R-HSA-6807505,abstraction:IsAComponentOf,R-HSA-73857,3.0198983394011747
R-HSA-77075,abstraction:IsAComponentOf,R-HSA-73857,3.0198983394011747
R-HSA-75955,abstraction:IsAComponentOf,R-HSA-73857,3.0198983394011747
R-HSA-76042,abstraction:IsAComponentOf,R-HSA-73857,3.0198983394011747
R-HSA-2173796,abstraction:IsAComponentOf,R-HSA-2173793,6.162612803303811
R-HSA-2173795,abstraction:IsAComponentOf,R-HSA-2173793,6.162612803303811
R-HSA-5654720,abstraction:IsAComponentOf,R-HSA-5654716,5.757147695195647
R-HSA-5654712,abstraction:IsAComponentOf,R-HSA-5654716,5.757147695195647
R-HSA-5654228,abstraction:IsAComponentOf,R-HSA-5654716,5.757147695195647
R-HSA-5654719,abstraction:IsAComponentOf,R-HSA-5654716,5.757147695195647
R-HSA-1268020,abstraction:IsAComponentOf,R-HSA-9609507,0
R-HSA-9033241,abstraction:IsAComponentOf,R-HSA-9609507,0
R-HSA-9609523,abstraction:IsAComponentOf,R-HSA-9609507,0
R-HSA-9603798,abstraction:IsAComponentOf,R-HSA-9609507,0
R-HSA-9939291,abstraction:IsAComponentOf,R-HSA-8931838,5.87493073085203
R-HSA-8932505,abstraction:IsAComponentOf,R-HSA-8931838,5.87493073085203
R-HSA-8932506,abstraction:IsAComponentOf,R-HSA-8931838,5.87493073085203
R-HSA-8932504,abstraction:IsAComponentOf,R-HSA-8931838,5.87493073085203
R-HSA-9837092,abstraction:IsAComponentOf,R-HSA-9836573,3.9470390872993955
R-HSA-192105,abstraction:IsAComponentOf,R-HSA-194068,4.958639998977875
R-HSA-159418,abstraction:IsAComponentOf,R-HSA-194068,4.958639998977875
R-HSA-3270619,abstraction:IsAComponentOf,R-HSA-1834941,5.651787179537821
R-HSA-3249367,abstraction:IsAComponentOf,R-HSA-1834941,5.651787179537821
R-HSA-5336415,abstraction:IsAComponentOf,R-HSA-5339562,4.1257308760427716
R-HSA-8942233,abstraction:IsAComponentOf,R-HSA-5339562,4.1257308760427716
R-HSA-168799,abstraction:IsAComponentOf,R-HSA-5339562,4.1257308760427716
R-HSA-5210891,abstraction:IsAComponentOf,R-HSA-5339562,4.1257308760427716
R-HSA-5250924,abstraction:IsAComponentOf,R-HSA-5250913,5.064000514635702
R-HSA-427389,abstraction:IsAComponentOf,R-HSA-5250913,5.064000514635702
R-HSA-69601,abstraction:IsAComponentOf,R-HSA-69613,5.87493073085203
R-HSA-9750126,abstraction:IsAComponentOf,R-HSA-6783310,3.8112375461403336
R-HSA-2243919,abstraction:IsAComponentOf,R-HSA-2022090,6.344934360097766
R-HSA-2214320,abstraction:IsAComponentOf,R-HSA-2022090,6.344934360097766
R-HSA-139853,abstraction:IsAComponentOf,R-HSA-418360,6.008462123476553
R-HSA-418359,abstraction:IsAComponentOf,R-HSA-418360,6.008462123476553
R-HSA-8949664,abstraction:IsAComponentOf,R-HSA-8949215,3.691692395490551
R-HSA-9664417,abstraction:IsAComponentOf,R-HSA-9664407,5.3894229150703294
R-HSA-6804115,abstraction:IsAComponentOf,R-HSA-6791312,4.958639998977875
R-HSA-6804114,abstraction:IsAComponentOf,R-HSA-6791312,4.958639998977875
R-HSA-6804116,abstraction:IsAComponentOf,R-HSA-6791312,4.958639998977875
R-HSA-5602358,abstraction:IsAComponentOf,R-HSA-5260271,1.2937971226921803
R-HSA-9823587,abstraction:IsAComponentOf,R-HSA-9671793,1.2937971226921803
R-HSA-9651496,abstraction:IsAComponentOf,R-HSA-9671793,1.2937971226921803
R-HSA-1839117,abstraction:IsAComponentOf,R-HSA-1839124,6.344934360097766
R-HSA-1839122,abstraction:IsAComponentOf,R-HSA-1839124,6.344934360097766
R-HSA-1839120,abstraction:IsAComponentOf,R-HSA-1839124,6.344934360097766
R-HSA-8853336,abstraction:IsAComponentOf,R-HSA-1839124,6.344934360097766
R-HSA-1251985,abstraction:IsAComponentOf,R-HSA-1236394,2.937092435716942
R-HSA-1250347,abstraction:IsAComponentOf,R-HSA-1236394,2.937092435716942
R-HSA-1250342,abstraction:IsAComponentOf,R-HSA-1236394,2.937092435716942
R-HSA-1253288,abstraction:IsAComponentOf,R-HSA-1236394,2.937092435716942
R-HSA-428359,abstraction:IsAComponentOf,R-HSA-8953854,0
R-HSA-927802,abstraction:IsAComponentOf,R-HSA-8953854,0
R-HSA-9937008,abstraction:IsAComponentOf,R-HSA-8953854,0
R-HSA-72306,abstraction:IsAComponentOf,R-HSA-8953854,0
R-HSA-75072,abstraction:IsAComponentOf,R-HSA-8953854,0
R-HSA-72086,abstraction:IsAComponentOf,R-HSA-8953854,0
R-HSA-450531,abstraction:IsAComponentOf,R-HSA-8953854,0
R-HSA-72203,abstraction:IsAComponentOf,R-HSA-8953854,0
R-HSA-72312,abstraction:IsAComponentOf,R-HSA-8953854,0
R-HSA-9836573,abstraction:IsAComponentOf,R-HSA-8953854,0
R-HSA-194441,abstraction:IsAComponentOf,R-HSA-8953854,0
R-HSA-429914,abstraction:IsAComponentOf,R-HSA-8953854,0
R-HSA-75067,abstraction:IsAComponentOf,R-HSA-8953854,0
R-HSA-9930044,abstraction:IsAComponentOf,R-HSA-8953854,0
R-HSA-1566948,abstraction:IsAComponentOf,R-HSA-1474244,0
R-HSA-3000171,abstraction:IsAComponentOf,R-HSA-1474244,0
R-HSA-216083,abstraction:IsAComponentOf,R-HSA-1474244,0
R-HSA-3000178,abstraction:IsAComponentOf,R-HSA-1474244,0
R-HSA-1474290,abstraction:IsAComponentOf,R-HSA-1474244,0
R-HSA-3000157,abstraction:IsAComponentOf,R-HSA-1474244,0
R-HSA-8941237,abstraction:IsAComponentOf,R-HSA-1474244,0
R-HSA-1474228,abstraction:IsAComponentOf,R-HSA-1474244,0
R-HSA-1566977,abstraction:IsAComponentOf,R-HSA-1474244,0
R-HSA-167246,abstraction:IsAComponentOf,R-HSA-167169,5.3894229150703294
R-HSA-167242,abstraction:IsAComponentOf,R-HSA-167169,5.3894229150703294
R-HSA-167158,abstraction:IsAComponentOf,R-HSA-167169,5.3894229150703294
R-HSA-390522,abstraction:IsAComponentOf,R-HSA-397014,0
R-HSA-445355,abstraction:IsAComponentOf,R-HSA-397014,0
R-HSA-5576891,abstraction:IsAComponentOf,R-HSA-397014,0
