source,interaction,target,weight
R-HSA-5693568,abstraction:IsAComponentOf,R-HSA-5693537,0
R-HSA-5693554,abstraction:IsAComponentOf,R-HSA-5693537,0
R-HSA-9031528,abstraction:IsAComponentOf,R-HSA-9024446,0
R-HSA-9029569,abstraction:IsAComponentOf,R-HSA-9024446,0
R-HSA-9623433,abstraction:IsAComponentOf,R-HSA-9024446,0
R-HSA-9632974,abstraction:IsAComponentOf,R-HSA-9024446,0
R-HSA-9031525,abstraction:IsAComponentOf,R-HSA-9024446,0
R-HSA-9029558,abstraction:IsAComponentOf,R-HSA-9024446,0
R-HSA-1295596,abstraction:IsAComponentOf,R-HSA-5654732,0
R-HSA-9734779,abstraction:IsAComponentOf,R-HSA-9734767,0.5522397141112634
R-HSA-9820448,abstraction:IsAComponentOf,R-HSA-9734767,0.5214005187804539
R-HSA-203754,abstraction:IsAComponentOf,R-HSA-202131,0
R-HSA-203641,abstraction:IsAComponentOf,R-HSA-202131,0
R-HSA-203615,abstraction:IsAComponentOf,R-HSA-202131,0
R-HSA-9683686,abstraction:IsAComponentOf,R-HSA-9683701,0
R-HSA-9683612,abstraction:IsAComponentOf,R-HSA-9683701,0
R-HSA-9683683,abstraction:IsAComponentOf,R-HSA-9683701,0
R-HSA-9683610,abstraction:IsAComponentOf,R-HSA-9683701,0
R-HSA-9683673,abstraction:IsAComponentOf,R-HSA-9683701,0
R-HSA-2855086,abstraction:IsAComponentOf,R-HSA-166662,0
R-HSA-211981,abstraction:IsAComponentOf,R-HSA-211897,0.7867586851597405
R-HSA-211916,abstraction:IsAComponentOf,R-HSA-211897,0
R-HSA-211935,abstraction:IsAComponentOf,R-HSA-211897,0
R-HSA-211958,abstraction:IsAComponentOf,R-HSA-211897,0
R-HSA-211979,abstraction:IsAComponentOf,R-HSA-211897,0
R-HSA-211976,abstraction:IsAComponentOf,R-HSA-211897,0.746986321068591
R-HSA-9772573,abstraction:IsAComponentOf,R-HSA-9694516,0.7792733402839467
R-HSA-9772572,abstraction:IsAComponentOf,R-HSA-9694516,0.7611141730393586
R-HSA-9705683,abstraction:IsAComponentOf,R-HSA-9694516,0.7380867504387216
R-HSA-5657655,abstraction:IsAComponentOf,R-HSA-73942,0
R-HSA-9729902,abstraction:IsAComponentOf,R-HSA-73942,0
R-HSA-73943,abstraction:IsAComponentOf,R-HSA-73942,0.56022238451139
R-HSA-111448,abstraction:IsAComponentOf,R-HSA-114452,0
R-HSA-139910,abstraction:IsAComponentOf,R-HSA-114452,0
R-HSA-111447,abstraction:IsAComponentOf,R-HSA-114452,0
R-HSA-111446,abstraction:IsAComponentOf,R-HSA-114452,0
R-HSA-139915,abstraction:IsAComponentOf,R-HSA-114452,0
R-HSA-9649948,abstraction:IsAComponentOf,R-HSA-6802949,0
R-HSA-9649913,abstraction:IsAComponentOf,R-HSA-6802949,0.7493918600270965
R-HSA-5674499,abstraction:IsAComponentOf,R-HSA-5675221,0
R-HSA-1237044,abstraction:IsAComponentOf,R-HSA-1480926,0
R-HSA-1247673,abstraction:IsAComponentOf,R-HSA-1480926,0
R-HSA-159424,abstraction:IsAComponentOf,R-HSA-156587,0.8148885088471967
R-HSA-500792,abstraction:IsAComponentOf,R-HSA-372790,0.4580766350384268
R-HSA-388396,abstraction:IsAComponentOf,R-HSA-372790,0.4599261185375175
R-HSA-9669917,abstraction:IsAComponentOf,R-HSA-9669937,0
R-HSA-9669914,abstraction:IsAComponentOf,R-HSA-9669937,0
R-HSA-9669924,abstraction:IsAComponentOf,R-HSA-9669937,0
R-HSA-9669926,abstraction:IsAComponentOf,R-HSA-9669937,0
R-HSA-9669936,abstraction:IsAComponentOf,R-HSA-9669937,0
R-HSA-9669934,abstraction:IsAComponentOf,R-HSA-9669937,0
R-HSA-9669929,abstraction:IsAComponentOf,R-HSA-9669937,0
R-HSA-211957,abstraction:IsAComponentOf,R-HSA-211981,0
R-HSA-211999,abstraction:IsAComponentOf,R-HSA-211981,0
R-HSA-4411364,abstraction:IsAComponentOf,R-HSA-201722,0
R-HSA-75892,abstraction:IsAComponentOf,R-HSA-109582,0
R-HSA-76002,abstraction:IsAComponentOf,R-HSA-109582,0
R-HSA-75205,abstraction:IsAComponentOf,R-HSA-109582,0
R-HSA-983231,abstraction:IsAComponentOf,R-HSA-109582,0
R-HSA-418346,abstraction:IsAComponentOf,R-HSA-109582,0
R-HSA-202733,abstraction:IsAComponentOf,R-HSA-109582,0
R-HSA-140877,abstraction:IsAComponentOf,R-HSA-109582,0
R-HSA-2219530,abstraction:IsAComponentOf,R-HSA-2219528,0
R-HSA-5674400,abstraction:IsAComponentOf,R-HSA-2219528,0
R-HSA-5674404,abstraction:IsAComponentOf,R-HSA-2219528,0
R-HSA-1369062,abstraction:IsAComponentOf,R-HSA-382556,0
R-HSA-1369007,abstraction:IsAComponentOf,R-HSA-382556,0
R-HSA-5655332,abstraction:IsAComponentOf,R-HSA-1226099,0.48790306170084513
R-HSA-5655253,abstraction:IsAComponentOf,R-HSA-1226099,0.4974912335058945
R-HSA-5655302,abstraction:IsAComponentOf,R-HSA-1226099,0.4974912335058945
R-HSA-5655291,abstraction:IsAComponentOf,R-HSA-1226099,0.43573079070869675
R-HSA-419037,abstraction:IsAComponentOf,R-HSA-375165,0
R-HSA-9026766,abstraction:IsAComponentOf,R-HSA-9026395,0
R-HSA-9026762,abstraction:IsAComponentOf,R-HSA-9026395,0
R-HSA-2644602,abstraction:IsAComponentOf,R-HSA-2644603,0.41517572501756195
R-HSA-2691230,abstraction:IsAComponentOf,R-HSA-2644603,0.41517572501756195
R-HSA-2644605,abstraction:IsAComponentOf,R-HSA-2644603,0.41517572501756195
R-HSA-2894858,abstraction:IsAComponentOf,R-HSA-2644603,0.41517572501756195
R-HSA-2660825,abstraction:IsAComponentOf,R-HSA-2644603,0.41517572501756195
R-HSA-174414,abstraction:IsAComponentOf,R-HSA-174417,0.848701524225885
R-HSA-174430,abstraction:IsAComponentOf,R-HSA-174417,0
R-HSA-174411,abstraction:IsAComponentOf,R-HSA-174417,0
R-HSA-8849469,abstraction:IsAComponentOf,R-HSA-8848021,0
R-HSA-8857538,abstraction:IsAComponentOf,R-HSA-8848021,0
R-HSA-8849474,abstraction:IsAComponentOf,R-HSA-8848021,0
R-HSA-8847993,abstraction:IsAComponentOf,R-HSA-8848021,0
R-HSA-8849470,abstraction:IsAComponentOf,R-HSA-8848021,0
R-HSA-8849472,abstraction:IsAComponentOf,R-HSA-8848021,0
R-HSA-8849473,abstraction:IsAComponentOf,R-HSA-8848021,0
R-HSA-8849471,abstraction:IsAComponentOf,R-HSA-8848021,0
R-HSA-8849468,abstraction:IsAComponentOf,R-HSA-8848021,0
R-HSA-5423646,abstraction:IsAComponentOf,R-HSA-211859,0
R-HSA-156580,abstraction:IsAComponentOf,R-HSA-211859,0.43044975461679674
R-HSA-211945,abstraction:IsAComponentOf,R-HSA-211859,0.4460513909083734
R-HSA-76066,abstraction:IsAComponentOf,R-HSA-76046,0
R-HSA-76061,abstraction:IsAComponentOf,R-HSA-76046,0
R-HSA-76071,abstraction:IsAComponentOf,R-HSA-76046,0
R-HSA-68882,abstraction:IsAComponentOf,R-HSA-2555396,0.7801705487248197
R-HSA-68881,abstraction:IsAComponentOf,R-HSA-2555396,0
R-HSA-68867,abstraction:IsAComponentOf,R-HSA-69002,0.7323580246085561
R-HSA-68962,abstraction:IsAComponentOf,R-HSA-69002,0
R-HSA-1295596,abstraction:IsAComponentOf,R-HSA-5654727,0
R-HSA-2995383,abstraction:IsAComponentOf,R-HSA-2995410,0
R-HSA-9615933,abstraction:IsAComponentOf,R-HSA-2995410,0
R-HSA-9668328,abstraction:IsAComponentOf,R-HSA-2995410,0
R-HSA-2393930,abstraction:IsAComponentOf,R-HSA-74259,0
R-HSA-74158,abstraction:IsAComponentOf,R-HSA-74160,0
R-HSA-75944,abstraction:IsAComponentOf,R-HSA-74160,0
R-HSA-73857,abstraction:IsAComponentOf,R-HSA-74160,0
R-HSA-211000,abstraction:IsAComponentOf,R-HSA-74160,0
R-HSA-212165,abstraction:IsAComponentOf,R-HSA-74160,0
R-HSA-73864,abstraction:IsAComponentOf,R-HSA-74160,0
R-HSA-5610783,abstraction:IsAComponentOf,R-HSA-5610787,0
R-HSA-5610780,abstraction:IsAComponentOf,R-HSA-5610787,0
R-HSA-5610785,abstraction:IsAComponentOf,R-HSA-5610787,0
R-HSA-5358565,abstraction:IsAComponentOf,R-HSA-5358508,0
R-HSA-5358606,abstraction:IsAComponentOf,R-HSA-5358508,0
R-HSA-9735786,abstraction:IsAComponentOf,R-HSA-9735804,0.3828152866875906
R-HSA-9734207,abstraction:IsAComponentOf,R-HSA-9735804,0.4151208278731642
R-HSA-75157,abstraction:IsAComponentOf,R-HSA-73887,0
R-HSA-193704,abstraction:IsAComponentOf,R-HSA-73887,0.3794070280873666
R-HSA-75893,abstraction:IsAComponentOf,R-HSA-73887,0.337827977984638
R-HSA-75158,abstraction:IsAComponentOf,R-HSA-73887,0
R-HSA-1989781,abstraction:IsAComponentOf,R-HSA-400206,0
R-HSA-69239,abstraction:IsAComponentOf,R-HSA-69306,0
R-HSA-9913635,abstraction:IsAComponentOf,R-HSA-69306,0
R-HSA-69002,abstraction:IsAComponentOf,R-HSA-69306,0
R-HSA-5654738,abstraction:IsAComponentOf,R-HSA-190236,0.6025021800373566
R-HSA-5654736,abstraction:IsAComponentOf,R-HSA-190236,0.6079276700039867
R-HSA-5654743,abstraction:IsAComponentOf,R-HSA-190236,0.5903513614422293
R-HSA-5654741,abstraction:IsAComponentOf,R-HSA-190236,0.5966692873711897
R-HSA-416482,abstraction:IsAComponentOf,R-HSA-388396,0
R-HSA-418594,abstraction:IsAComponentOf,R-HSA-388396,0.7844276952470653
R-HSA-416476,abstraction:IsAComponentOf,R-HSA-388396,0.6911988202570138
R-HSA-418555,abstraction:IsAComponentOf,R-HSA-388396,0.6145886732460292
R-HSA-397795,abstraction:IsAComponentOf,R-HSA-388396,0.6911988202570138
R-HSA-418597,abstraction:IsAComponentOf,R-HSA-388396,0
R-HSA-379726,abstraction:IsAComponentOf,R-HSA-379724,0
R-HSA-379716,abstraction:IsAComponentOf,R-HSA-379724,0
R-HSA-9635644,abstraction:IsAComponentOf,R-HSA-9637690,0
R-HSA-9635465,abstraction:IsAComponentOf,R-HSA-9637690,0
R-HSA-9636667,abstraction:IsAComponentOf,R-HSA-9637690,0
R-HSA-9636569,abstraction:IsAComponentOf,R-HSA-9637690,0
R-HSA-9637687,abstraction:IsAComponentOf,R-HSA-9637690,0.7955578574824808
R-HSA-6782315,abstraction:IsAComponentOf,R-HSA-72306,0.5520602066526267
R-HSA-6787450,abstraction:IsAComponentOf,R-HSA-72306,0
R-HSA-6785470,abstraction:IsAComponentOf,R-HSA-72306,0
R-HSA-6784531,abstraction:IsAComponentOf,R-HSA-72306,0
R-HSA-69895,abstraction:IsAComponentOf,R-HSA-69560,0
R-HSA-9759785,abstraction:IsAComponentOf,R-HSA-9759774,0.35517486165727774
R-HSA-9931530,abstraction:IsAComponentOf,R-HSA-9909396,0
R-HSA-9931529,abstraction:IsAComponentOf,R-HSA-9909396,0
R-HSA-9933387,abstraction:IsAComponentOf,R-HSA-9909396,0
R-HSA-9931512,abstraction:IsAComponentOf,R-HSA-9909396,0
R-HSA-9931510,abstraction:IsAComponentOf,R-HSA-9909396,0
R-HSA-1368108,abstraction:IsAComponentOf,R-HSA-9909396,0
R-HSA-9931521,abstraction:IsAComponentOf,R-HSA-9909396,0
R-HSA-9931509,abstraction:IsAComponentOf,R-HSA-9909396,0
R-HSA-9932298,abstraction:IsAComponentOf,R-HSA-9909396,0
R-HSA-69613,abstraction:IsAComponentOf,R-HSA-69615,0.724538798830215
R-HSA-69580,abstraction:IsAComponentOf,R-HSA-69615,0.8199654015944666
R-HSA-9025094,abstraction:IsAComponentOf,R-HSA-9018683,0.7512695726109494
R-HSA-9025106,abstraction:IsAComponentOf,R-HSA-9018683,0
R-HSA-975871,abstraction:IsAComponentOf,R-HSA-168176,0.774929725096797
R-HSA-8856825,abstraction:IsAComponentOf,R-HSA-8856828,0
R-HSA-190828,abstraction:IsAComponentOf,R-HSA-157858,0.7739802629938916
R-HSA-191650,abstraction:IsAComponentOf,R-HSA-157858,0
R-HSA-181438,abstraction:IsAComponentOf,R-HSA-168898,0.6898925181147071
R-HSA-166016,abstraction:IsAComponentOf,R-HSA-168898,0.7142735946796364
R-HSA-5686938,abstraction:IsAComponentOf,R-HSA-168898,0
R-HSA-168181,abstraction:IsAComponentOf,R-HSA-168898,0.6944048781780217
R-HSA-1679131,abstraction:IsAComponentOf,R-HSA-168898,0
R-HSA-168138,abstraction:IsAComponentOf,R-HSA-168898,0.6944048781780217
R-HSA-168164,abstraction:IsAComponentOf,R-HSA-168898,0.6898925181147071
R-HSA-168142,abstraction:IsAComponentOf,R-HSA-168898,0.6801575431594881
R-HSA-168176,abstraction:IsAComponentOf,R-HSA-168898,0.6801575431594881
R-HSA-8868773,abstraction:IsAComponentOf,R-HSA-72312,0.580184158682485
R-HSA-8868766,abstraction:IsAComponentOf,R-HSA-72312,0.5520602066526267
R-HSA-180534,abstraction:IsAComponentOf,R-HSA-162909,0
R-HSA-176033,abstraction:IsAComponentOf,R-HSA-162909,0.6561825198948071
R-HSA-164952,abstraction:IsAComponentOf,R-HSA-162909,0.720069861565796
R-HSA-176034,abstraction:IsAComponentOf,R-HSA-162909,0
R-HSA-177243,abstraction:IsAComponentOf,R-HSA-162909,0.6561825198948071
R-HSA-180585,abstraction:IsAComponentOf,R-HSA-162909,0
R-HSA-180689,abstraction:IsAComponentOf,R-HSA-162909,0
R-HSA-418360,abstraction:IsAComponentOf,R-HSA-418346,0.6506236420975936
R-HSA-392851,abstraction:IsAComponentOf,R-HSA-418346,0
R-HSA-392154,abstraction:IsAComponentOf,R-HSA-418346,0.6183251896247554
R-HSA-432142,abstraction:IsAComponentOf,R-HSA-418346,0
R-HSA-5663220,abstraction:IsAComponentOf,R-HSA-195258,0
R-HSA-5626467,abstraction:IsAComponentOf,R-HSA-195258,0
R-HSA-5627117,abstraction:IsAComponentOf,R-HSA-195258,0
R-HSA-5668599,abstraction:IsAComponentOf,R-HSA-195258,0
R-HSA-5627083,abstraction:IsAComponentOf,R-HSA-195258,0
R-HSA-5627123,abstraction:IsAComponentOf,R-HSA-195258,0
R-HSA-5666185,abstraction:IsAComponentOf,R-HSA-195258,0
R-HSA-5625900,abstraction:IsAComponentOf,R-HSA-195258,0
R-HSA-5625740,abstraction:IsAComponentOf,R-HSA-195258,0.655404847013328
R-HSA-5663213,abstraction:IsAComponentOf,R-HSA-195258,0
R-HSA-5625970,abstraction:IsAComponentOf,R-HSA-195258,0
R-HSA-5205647,abstraction:IsAComponentOf,R-HSA-9663891,0.8951928904908959
R-HSA-9646399,abstraction:IsAComponentOf,R-HSA-9663891,0
R-HSA-9613354,abstraction:IsAComponentOf,R-HSA-9663891,0
R-HSA-9664873,abstraction:IsAComponentOf,R-HSA-9663891,0
R-HSA-69091,abstraction:IsAComponentOf,R-HSA-69109,0
R-HSA-9005895,abstraction:IsAComponentOf,R-HSA-9697154,0.9205878051040539
R-HSA-156711,abstraction:IsAComponentOf,R-HSA-69275,0
R-HSA-69273,abstraction:IsAComponentOf,R-HSA-69275,0
R-HSA-8854518,abstraction:IsAComponentOf,R-HSA-69275,0
R-HSA-2565942,abstraction:IsAComponentOf,R-HSA-69275,0
R-HSA-8854050,abstraction:IsAComponentOf,R-HSA-69275,0
R-HSA-8852276,abstraction:IsAComponentOf,R-HSA-69275,0
R-HSA-8854521,abstraction:IsAComponentOf,R-HSA-69275,0
R-HSA-380287,abstraction:IsAComponentOf,R-HSA-69275,0.8684047721925453
R-HSA-5621575,abstraction:IsAComponentOf,R-HSA-5621481,0
R-HSA-5621480,abstraction:IsAComponentOf,R-HSA-5621481,0
R-HSA-5607764,abstraction:IsAComponentOf,R-HSA-5621481,0.4944049270596368
R-HSA-5250992,abstraction:IsAComponentOf,R-HSA-168799,0
R-HSA-5250958,abstraction:IsAComponentOf,R-HSA-168799,0
R-HSA-5250981,abstraction:IsAComponentOf,R-HSA-168799,0
R-HSA-5250968,abstraction:IsAComponentOf,R-HSA-168799,0
R-HSA-5250955,abstraction:IsAComponentOf,R-HSA-168799,0
R-HSA-5250982,abstraction:IsAComponentOf,R-HSA-168799,0
R-HSA-5250989,abstraction:IsAComponentOf,R-HSA-168799,0
R-HSA-5250971,abstraction:IsAComponentOf,R-HSA-168799,0
R-HSA-1980145,abstraction:IsAComponentOf,R-HSA-157118,0.31470943800677714
R-HSA-1980143,abstraction:IsAComponentOf,R-HSA-157118,0.31470943800677714
R-HSA-1912422,abstraction:IsAComponentOf,R-HSA-157118,0.33355032145314933
R-HSA-9013694,abstraction:IsAComponentOf,R-HSA-157118,0.3254634406025593
R-HSA-9012852,abstraction:IsAComponentOf,R-HSA-157118,0.3254634406025593
R-HSA-5467337,abstraction:IsAComponentOf,R-HSA-4839744,0
R-HSA-5467333,abstraction:IsAComponentOf,R-HSA-4839744,0
R-HSA-68616,abstraction:IsAComponentOf,R-HSA-68867,0
R-HSA-68689,abstraction:IsAComponentOf,R-HSA-68867,0
R-HSA-1614603,abstraction:IsAComponentOf,R-HSA-1614635,0
R-HSA-1614558,abstraction:IsAComponentOf,R-HSA-1614635,0.5774744762387706
R-HSA-1237112,abstraction:IsAComponentOf,R-HSA-1614635,0
R-HSA-190861,abstraction:IsAComponentOf,R-HSA-190828,0.9155376087898208
R-HSA-190873,abstraction:IsAComponentOf,R-HSA-190828,0.8246388278932038
R-HSA-9701192,abstraction:IsAComponentOf,R-HSA-9675136,0
R-HSA-9699150,abstraction:IsAComponentOf,R-HSA-9675136,0
R-HSA-9701190,abstraction:IsAComponentOf,R-HSA-9675136,0.7456578985660522
R-HSA-9701193,abstraction:IsAComponentOf,R-HSA-9675136,0.7053347059722895
R-HSA-9663199,abstraction:IsAComponentOf,R-HSA-9675136,0
R-HSA-168268,abstraction:IsAComponentOf,R-HSA-168255,0.5381231994261697
R-HSA-168271,abstraction:IsAComponentOf,R-HSA-168255,0
R-HSA-168277,abstraction:IsAComponentOf,R-HSA-168255,0
R-HSA-168274,abstraction:IsAComponentOf,R-HSA-168255,0.49688738373225416
R-HSA-168275,abstraction:IsAComponentOf,R-HSA-168255,0
R-HSA-168273,abstraction:IsAComponentOf,R-HSA-168255,0.5381231994261697
R-HSA-168270,abstraction:IsAComponentOf,R-HSA-168255,0.49688738373225416
R-HSA-168276,abstraction:IsAComponentOf,R-HSA-168255,0.5274631362268943
R-HSA-1660662,abstraction:IsAComponentOf,R-HSA-428157,0.46068704662285737
R-HSA-1660661,abstraction:IsAComponentOf,R-HSA-428157,0
R-HSA-9845614,abstraction:IsAComponentOf,R-HSA-428157,0
R-HSA-75896,abstraction:IsAComponentOf,R-HSA-8848584,0
R-HSA-9640463,abstraction:IsAComponentOf,R-HSA-8848584,0
R-HSA-5693579,abstraction:IsAComponentOf,R-HSA-5685942,0.8217084760523993
R-HSA-5693537,abstraction:IsAComponentOf,R-HSA-5685942,0.8635692902979131
R-HSA-9758274,abstraction:IsAComponentOf,R-HSA-445989,0
R-HSA-9659787,abstraction:IsAComponentOf,R-HSA-9687139,0.817363995590361
R-HSA-9687136,abstraction:IsAComponentOf,R-HSA-9687139,0
R-HSA-9856651,abstraction:IsAComponentOf,R-HSA-9730414,0.5614561623513054
R-HSA-9856649,abstraction:IsAComponentOf,R-HSA-9730414,0
R-HSA-5602415,abstraction:IsAComponentOf,R-HSA-5602358,0
R-HSA-5602680,abstraction:IsAComponentOf,R-HSA-5602358,0
R-HSA-5603041,abstraction:IsAComponentOf,R-HSA-5602358,0
R-HSA-5602636,abstraction:IsAComponentOf,R-HSA-5602358,0
R-HSA-5602410,abstraction:IsAComponentOf,R-HSA-5602358,0
R-HSA-5602571,abstraction:IsAComponentOf,R-HSA-5602358,0
R-HSA-9824856,abstraction:IsAComponentOf,R-HSA-5602358,0
R-HSA-5603037,abstraction:IsAComponentOf,R-HSA-5602358,0
R-HSA-5603027,abstraction:IsAComponentOf,R-HSA-5602358,0
R-HSA-5603029,abstraction:IsAComponentOf,R-HSA-5602358,0
R-HSA-5602498,abstraction:IsAComponentOf,R-HSA-5602358,0
R-HSA-5602566,abstraction:IsAComponentOf,R-HSA-5602358,0
R-HSA-164843,abstraction:IsAComponentOf,R-HSA-162592,0
R-HSA-175567,abstraction:IsAComponentOf,R-HSA-162592,0
R-HSA-177539,abstraction:IsAComponentOf,R-HSA-162592,0
R-HSA-2395516,abstraction:IsAComponentOf,R-HSA-1362409,0
R-HSA-561048,abstraction:IsAComponentOf,R-HSA-9955298,0
R-HSA-879518,abstraction:IsAComponentOf,R-HSA-9955298,0
R-HSA-9958517,abstraction:IsAComponentOf,R-HSA-9955298,0
R-HSA-433692,abstraction:IsAComponentOf,R-HSA-9955298,0
R-HSA-428643,abstraction:IsAComponentOf,R-HSA-9955298,0
R-HSA-141444,abstraction:IsAComponentOf,R-HSA-141424,0
R-HSA-8986944,abstraction:IsAComponentOf,R-HSA-212436,0.6883269215004034
R-HSA-8878166,abstraction:IsAComponentOf,R-HSA-212436,0.7012672150096131
R-HSA-8953750,abstraction:IsAComponentOf,R-HSA-212436,0
R-HSA-350054,abstraction:IsAComponentOf,R-HSA-212436,0
R-HSA-8853884,abstraction:IsAComponentOf,R-HSA-212436,0
R-HSA-8878171,abstraction:IsAComponentOf,R-HSA-212436,0.7552462865612395
R-HSA-9634815,abstraction:IsAComponentOf,R-HSA-212436,0.6731248580624625
R-HSA-9614085,abstraction:IsAComponentOf,R-HSA-212436,0.6883269215004034
R-HSA-3700989,abstraction:IsAComponentOf,R-HSA-212436,0.8006655658863463
R-HSA-8878159,abstraction:IsAComponentOf,R-HSA-212436,0.731865428520845
R-HSA-2173793,abstraction:IsAComponentOf,R-HSA-212436,0.6299105291630953
R-HSA-8864260,abstraction:IsAComponentOf,R-HSA-212436,0.7012672150096131
R-HSA-383280,abstraction:IsAComponentOf,R-HSA-212436,0
R-HSA-2032785,abstraction:IsAComponentOf,R-HSA-212436,0
R-HSA-9909648,abstraction:IsAComponentOf,R-HSA-389948,0.8829670340350075
R-HSA-9674403,abstraction:IsAComponentOf,R-HSA-9674415,0
R-HSA-9674401,abstraction:IsAComponentOf,R-HSA-9674415,0
R-HSA-9674396,abstraction:IsAComponentOf,R-HSA-9674415,0
R-HSA-9674404,abstraction:IsAComponentOf,R-HSA-9674415,0
R-HSA-2644607,abstraction:IsAComponentOf,R-HSA-2644605,0
R-HSA-9856872,abstraction:IsAComponentOf,R-HSA-611105,0
R-HSA-9864848,abstraction:IsAComponentOf,R-HSA-611105,0
R-HSA-6799198,abstraction:IsAComponentOf,R-HSA-611105,0
R-HSA-9865881,abstraction:IsAComponentOf,R-HSA-611105,0
R-HSA-75815,abstraction:IsAComponentOf,R-HSA-69242,0
R-HSA-69239,abstraction:IsAComponentOf,R-HSA-69242,0.6475975213779622
R-HSA-2468052,abstraction:IsAComponentOf,R-HSA-69242,0
R-HSA-69656,abstraction:IsAComponentOf,R-HSA-69242,0.5293840153772145
R-HSA-111453,abstraction:IsAComponentOf,R-HSA-109606,0
R-HSA-75108,abstraction:IsAComponentOf,R-HSA-109606,0
R-HSA-111452,abstraction:IsAComponentOf,R-HSA-109606,0
R-HSA-114294,abstraction:IsAComponentOf,R-HSA-109606,0
R-HSA-111471,abstraction:IsAComponentOf,R-HSA-109606,0.808282804682755
R-HSA-114452,abstraction:IsAComponentOf,R-HSA-109606,0.774826153028876
R-HSA-163615,abstraction:IsAComponentOf,R-HSA-111931,0
R-HSA-6807047,abstraction:IsAComponentOf,R-HSA-191273,0
R-HSA-9969896,abstraction:IsAComponentOf,R-HSA-191273,0
R-HSA-6807062,abstraction:IsAComponentOf,R-HSA-191273,0
R-HSA-9969901,abstraction:IsAComponentOf,R-HSA-191273,0
R-HSA-9636003,abstraction:IsAComponentOf,R-HSA-73929,0
R-HSA-73928,abstraction:IsAComponentOf,R-HSA-73929,0.7797043514934077
R-HSA-9730737,abstraction:IsAComponentOf,R-HSA-73929,0
R-HSA-73927,abstraction:IsAComponentOf,R-HSA-73929,0.7797043514934077
R-HSA-6799990,abstraction:IsAComponentOf,R-HSA-6803157,0
R-HSA-6803544,abstraction:IsAComponentOf,R-HSA-6803157,0
R-HSA-1461973,abstraction:IsAComponentOf,R-HSA-6803157,0.4730466132598265
R-HSA-9665250,abstraction:IsAComponentOf,R-HSA-9665230,0
R-HSA-9665245,abstraction:IsAComponentOf,R-HSA-9665230,0
R-HSA-9665251,abstraction:IsAComponentOf,R-HSA-9665230,0
R-HSA-9665233,abstraction:IsAComponentOf,R-HSA-9665230,0
R-HSA-9665244,abstraction:IsAComponentOf,R-HSA-9665230,0
R-HSA-9665247,abstraction:IsAComponentOf,R-HSA-9665230,0
R-HSA-9665246,abstraction:IsAComponentOf,R-HSA-9665230,0
R-HSA-9665249,abstraction:IsAComponentOf,R-HSA-9665230,0
R-HSA-193670,abstraction:IsAComponentOf,R-HSA-193704,0
R-HSA-193697,abstraction:IsAComponentOf,R-HSA-193704,0.7733971037633891
R-HSA-193692,abstraction:IsAComponentOf,R-HSA-193704,0
R-HSA-193639,abstraction:IsAComponentOf,R-HSA-193704,0.7733971037633891
R-HSA-193681,abstraction:IsAComponentOf,R-HSA-193704,0
R-HSA-204998,abstraction:IsAComponentOf,R-HSA-193704,0.7991619225796773
R-HSA-205017,abstraction:IsAComponentOf,R-HSA-193704,0
R-HSA-166208,abstraction:IsAComponentOf,R-HSA-165159,0
R-HSA-380972,abstraction:IsAComponentOf,R-HSA-165159,0
R-HSA-165181,abstraction:IsAComponentOf,R-HSA-165159,0
R-HSA-75876,abstraction:IsAComponentOf,R-HSA-75105,0
R-HSA-168333,abstraction:IsAComponentOf,R-HSA-168274,0
R-HSA-168330,abstraction:IsAComponentOf,R-HSA-168274,0
R-HSA-2142691,abstraction:IsAComponentOf,R-HSA-2142753,0
R-HSA-2142816,abstraction:IsAComponentOf,R-HSA-2142753,0
R-HSA-2142712,abstraction:IsAComponentOf,R-HSA-2142753,0
R-HSA-2142696,abstraction:IsAComponentOf,R-HSA-2142753,0
R-HSA-2142670,abstraction:IsAComponentOf,R-HSA-2142753,0
R-HSA-2142770,abstraction:IsAComponentOf,R-HSA-2142753,0
R-HSA-2142688,abstraction:IsAComponentOf,R-HSA-2142753,0
R-HSA-2162123,abstraction:IsAComponentOf,R-HSA-2142753,0
R-HSA-168249,abstraction:IsAComponentOf,R-HSA-168256,0
R-HSA-1280215,abstraction:IsAComponentOf,R-HSA-168256,0
R-HSA-1280218,abstraction:IsAComponentOf,R-HSA-168256,0
R-HSA-9764302,abstraction:IsAComponentOf,R-HSA-9764260,0
R-HSA-9759475,abstraction:IsAComponentOf,R-HSA-9764260,0.8140616509208422
R-HSA-6811436,abstraction:IsAComponentOf,R-HSA-8856688,0
R-HSA-6811434,abstraction:IsAComponentOf,R-HSA-8856688,0
R-HSA-9638334,abstraction:IsAComponentOf,R-HSA-9638482,0
R-HSA-9927020,abstraction:IsAComponentOf,R-HSA-9638482,0
R-HSA-9013419,abstraction:IsAComponentOf,R-HSA-9715370,0
R-HSA-9013425,abstraction:IsAComponentOf,R-HSA-9715370,0
R-HSA-9766229,abstraction:IsAComponentOf,R-HSA-9764561,0
R-HSA-170984,abstraction:IsAComponentOf,R-HSA-169893,0
R-HSA-170968,abstraction:IsAComponentOf,R-HSA-169893,0
R-HSA-9682706,abstraction:IsAComponentOf,R-HSA-9679514,0
R-HSA-9682708,abstraction:IsAComponentOf,R-HSA-9679514,0
R-HSA-8963678,abstraction:IsAComponentOf,R-HSA-8963676,0
R-HSA-8981373,abstraction:IsAComponentOf,R-HSA-8963676,0
R-HSA-9734009,abstraction:IsAComponentOf,R-HSA-9645723,0.21381397296447474
R-HSA-9693928,abstraction:IsAComponentOf,R-HSA-9645723,0.18871680539245256
R-HSA-9710421,abstraction:IsAComponentOf,R-HSA-9645723,0
R-HSA-187706,abstraction:IsAComponentOf,R-HSA-187687,0
R-HSA-169893,abstraction:IsAComponentOf,R-HSA-187687,0.7387812692110914
R-HSA-167044,abstraction:IsAComponentOf,R-HSA-187687,0.7025069407299547
R-HSA-5365859,abstraction:IsAComponentOf,R-HSA-5362517,0
R-HSA-3645790,abstraction:IsAComponentOf,R-HSA-3642278,0
R-HSA-3642279,abstraction:IsAComponentOf,R-HSA-3642278,0
R-HSA-389542,abstraction:IsAComponentOf,R-HSA-8978934,0
R-HSA-1474151,abstraction:IsAComponentOf,R-HSA-8978934,0
R-HSA-2142789,abstraction:IsAComponentOf,R-HSA-8978934,0
R-HSA-73930,abstraction:IsAComponentOf,R-HSA-110381,0
R-HSA-168928,abstraction:IsAComponentOf,R-HSA-168249,0.539384019329481
R-HSA-879415,abstraction:IsAComponentOf,R-HSA-168249,0
R-HSA-166658,abstraction:IsAComponentOf,R-HSA-168249,0.5747078495833898
R-HSA-168898,abstraction:IsAComponentOf,R-HSA-168249,0.7002809173992679
R-HSA-1222556,abstraction:IsAComponentOf,R-HSA-168249,0.4616841752152773
R-HSA-5621481,abstraction:IsAComponentOf,R-HSA-168249,0.5498672909376697
R-HSA-2172127,abstraction:IsAComponentOf,R-HSA-168249,0.4616841752152773
R-HSA-2454202,abstraction:IsAComponentOf,R-HSA-168249,0.5270851260608667
R-HSA-6798695,abstraction:IsAComponentOf,R-HSA-168249,0
R-HSA-9686114,abstraction:IsAComponentOf,R-HSA-168249,0.5270851260608667
R-HSA-1834949,abstraction:IsAComponentOf,R-HSA-168249,0.5815344314995469
R-HSA-9645460,abstraction:IsAComponentOf,R-HSA-168249,0
R-HSA-2029480,abstraction:IsAComponentOf,R-HSA-168249,0.5120331171521656
R-HSA-168643,abstraction:IsAComponentOf,R-HSA-168249,0.5498672909376697
R-HSA-6803157,abstraction:IsAComponentOf,R-HSA-168249,0.539384019329481
R-HSA-5693616,abstraction:IsAComponentOf,R-HSA-5693579,0
R-HSA-1461957,abstraction:IsAComponentOf,R-HSA-1461973,0
R-HSA-1462054,abstraction:IsAComponentOf,R-HSA-1461973,0
R-HSA-6783984,abstraction:IsAComponentOf,R-HSA-389661,0
R-HSA-6814122,abstraction:IsAComponentOf,R-HSA-390466,0
R-HSA-389958,abstraction:IsAComponentOf,R-HSA-390466,0.9025599169572176
R-HSA-390471,abstraction:IsAComponentOf,R-HSA-390466,0
R-HSA-9033500,abstraction:IsAComponentOf,R-HSA-9033241,0
R-HSA-2029485,abstraction:IsAComponentOf,R-HSA-2029480,0
R-HSA-2029481,abstraction:IsAComponentOf,R-HSA-2029480,0
R-HSA-2029482,abstraction:IsAComponentOf,R-HSA-2029480,0
R-HSA-9942503,abstraction:IsAComponentOf,R-HSA-9945266,0
R-HSA-9608290,abstraction:IsAComponentOf,R-HSA-9605310,0
R-HSA-9608287,abstraction:IsAComponentOf,R-HSA-9605310,0
R-HSA-1296067,abstraction:IsAComponentOf,R-HSA-1296065,0
R-HSA-1296059,abstraction:IsAComponentOf,R-HSA-1296065,0.7247601136782055
R-HSA-1296025,abstraction:IsAComponentOf,R-HSA-1296065,0
R-HSA-1296053,abstraction:IsAComponentOf,R-HSA-1296065,0
R-HSA-9735763,abstraction:IsAComponentOf,R-HSA-9735786,0
R-HSA-9660826,abstraction:IsAComponentOf,R-HSA-9664424,0
R-HSA-1482798,abstraction:IsAComponentOf,R-HSA-1483206,0
R-HSA-1482922,abstraction:IsAComponentOf,R-HSA-1483206,0
R-HSA-1482788,abstraction:IsAComponentOf,R-HSA-1483206,0
R-HSA-1483166,abstraction:IsAComponentOf,R-HSA-1483206,0
R-HSA-1483213,abstraction:IsAComponentOf,R-HSA-1483206,0
R-HSA-1483076,abstraction:IsAComponentOf,R-HSA-1483206,0
R-HSA-1483226,abstraction:IsAComponentOf,R-HSA-1483206,0
R-HSA-1482839,abstraction:IsAComponentOf,R-HSA-1483206,0
R-HSA-1482801,abstraction:IsAComponentOf,R-HSA-1483206,0
R-HSA-1483196,abstraction:IsAComponentOf,R-HSA-1483206,0
R-HSA-1483101,abstraction:IsAComponentOf,R-HSA-1483206,0
R-HSA-1483152,abstraction:IsAComponentOf,R-HSA-1483206,0
R-HSA-1483191,abstraction:IsAComponentOf,R-HSA-1483206,0
R-HSA-1482925,abstraction:IsAComponentOf,R-HSA-1483206,0
R-HSA-1483115,abstraction:IsAComponentOf,R-HSA-1483206,0
R-HSA-1483171,abstraction:IsAComponentOf,R-HSA-1483206,0
R-HSA-1482883,abstraction:IsAComponentOf,R-HSA-1483206,0
R-HSA-1483148,abstraction:IsAComponentOf,R-HSA-1483206,0
R-HSA-2022854,abstraction:IsAComponentOf,R-HSA-1638074,0
R-HSA-2022857,abstraction:IsAComponentOf,R-HSA-1638074,0
R-HSA-1222538,abstraction:IsAComponentOf,R-HSA-1222499,0
R-HSA-1222449,abstraction:IsAComponentOf,R-HSA-1222499,0
R-HSA-1222541,abstraction:IsAComponentOf,R-HSA-1222499,0
R-HSA-1222387,abstraction:IsAComponentOf,R-HSA-1222499,0
R-HSA-5213460,abstraction:IsAComponentOf,R-HSA-5218859,0.6133064269095667
R-HSA-5620971,abstraction:IsAComponentOf,R-HSA-5218859,0
R-HSA-9768777,abstraction:IsAComponentOf,R-HSA-9768759,0
R-HSA-9768778,abstraction:IsAComponentOf,R-HSA-9768759,0
R-HSA-3781860,abstraction:IsAComponentOf,R-HSA-3781865,0.6017242382685097
R-HSA-5609975,abstraction:IsAComponentOf,R-HSA-3781865,0.5934537787915067
R-HSA-3906995,abstraction:IsAComponentOf,R-HSA-3781865,0.5619319042342522
R-HSA-3560782,abstraction:IsAComponentOf,R-HSA-3781865,0.5934537787915067
R-HSA-164525,abstraction:IsAComponentOf,R-HSA-162589,0
R-HSA-164516,abstraction:IsAComponentOf,R-HSA-162589,0
R-HSA-176409,abstraction:IsAComponentOf,R-HSA-176814,0.8389245107095913
R-HSA-176412,abstraction:IsAComponentOf,R-HSA-176814,0
R-HSA-170822,abstraction:IsAComponentOf,R-HSA-70171,0
R-HSA-9634600,abstraction:IsAComponentOf,R-HSA-70171,0
R-HSA-916853,abstraction:IsAComponentOf,R-HSA-888590,0
R-HSA-888593,abstraction:IsAComponentOf,R-HSA-888590,0
R-HSA-888568,abstraction:IsAComponentOf,R-HSA-888590,0
R-HSA-9006821,abstraction:IsAComponentOf,R-HSA-9673013,0.8420523584431635
R-HSA-159854,abstraction:IsAComponentOf,R-HSA-163841,0.5631940167898233
R-HSA-5358493,abstraction:IsAComponentOf,R-HSA-163841,0
R-HSA-9629569,abstraction:IsAComponentOf,R-HSA-163841,0
R-HSA-1663150,abstraction:IsAComponentOf,R-HSA-163841,0
R-HSA-204626,abstraction:IsAComponentOf,R-HSA-163841,0
R-HSA-205043,abstraction:IsAComponentOf,R-HSA-204998,0
R-HSA-193648,abstraction:IsAComponentOf,R-HSA-204998,0
R-HSA-205025,abstraction:IsAComponentOf,R-HSA-204998,0
R-HSA-8956319,abstraction:IsAComponentOf,R-HSA-15869,0.356091136613358
R-HSA-499943,abstraction:IsAComponentOf,R-HSA-15869,0
R-HSA-8956321,abstraction:IsAComponentOf,R-HSA-15869,0.33670306310681797
R-HSA-8956320,abstraction:IsAComponentOf,R-HSA-15869,0.33670306310681797
R-HSA-9668250,abstraction:IsAComponentOf,R-HSA-9651496,0.8202442339101153
R-HSA-9657688,abstraction:IsAComponentOf,R-HSA-9651496,0
R-HSA-9672383,abstraction:IsAComponentOf,R-HSA-9651496,0
R-HSA-9657689,abstraction:IsAComponentOf,R-HSA-9651496,0
R-HSA-9662001,abstraction:IsAComponentOf,R-HSA-9651496,0.8612640324597665
R-HSA-9616333,abstraction:IsAComponentOf,R-HSA-9605308,0.7101555083451162
R-HSA-9629232,abstraction:IsAComponentOf,R-HSA-9605308,0
R-HSA-9616334,abstraction:IsAComponentOf,R-HSA-9605308,0
R-HSA-9605310,abstraction:IsAComponentOf,R-HSA-9605308,0.7101555083451162
R-HSA-9656249,abstraction:IsAComponentOf,R-HSA-9605308,0.7335176186346344
R-HSA-983168,abstraction:IsAComponentOf,R-HSA-983169,0
R-HSA-1236975,abstraction:IsAComponentOf,R-HSA-983169,0.6816358210060594
R-HSA-9912633,abstraction:IsAComponentOf,R-HSA-983169,0
R-HSA-983170,abstraction:IsAComponentOf,R-HSA-983169,0
R-HSA-5678420,abstraction:IsAComponentOf,R-HSA-5619084,0
R-HSA-5678771,abstraction:IsAComponentOf,R-HSA-5619084,0
R-HSA-5683371,abstraction:IsAComponentOf,R-HSA-5619084,0
R-HSA-5683177,abstraction:IsAComponentOf,R-HSA-5619084,0
R-HSA-5683678,abstraction:IsAComponentOf,R-HSA-5619084,0
R-HSA-5679096,abstraction:IsAComponentOf,R-HSA-5619084,0
R-HSA-5678520,abstraction:IsAComponentOf,R-HSA-5619084,0
R-HSA-5682294,abstraction:IsAComponentOf,R-HSA-5619084,0
R-HSA-5683329,abstraction:IsAComponentOf,R-HSA-5619084,0
R-HSA-5690338,abstraction:IsAComponentOf,R-HSA-5619084,0
R-HSA-5682113,abstraction:IsAComponentOf,R-HSA-5619084,0
R-HSA-5678895,abstraction:IsAComponentOf,R-HSA-5619084,0
R-HSA-5679090,abstraction:IsAComponentOf,R-HSA-5619084,0
R-HSA-5684045,abstraction:IsAComponentOf,R-HSA-5619084,0
R-HSA-5679001,abstraction:IsAComponentOf,R-HSA-5619084,0
R-HSA-2691232,abstraction:IsAComponentOf,R-HSA-2691230,0
R-HSA-3215018,abstraction:IsAComponentOf,R-HSA-2990846,0.5986388396387022
R-HSA-3108232,abstraction:IsAComponentOf,R-HSA-2990846,0.6769996240971529
R-HSA-2559584,abstraction:IsAComponentOf,R-HSA-2559586,0
R-HSA-9934037,abstraction:IsAComponentOf,R-HSA-9932451,0
R-HSA-9933937,abstraction:IsAComponentOf,R-HSA-9932451,0
R-HSA-9933946,abstraction:IsAComponentOf,R-HSA-9932451,0
R-HSA-9933947,abstraction:IsAComponentOf,R-HSA-9932451,0
R-HSA-9933939,abstraction:IsAComponentOf,R-HSA-9932451,0
R-HSA-380320,abstraction:IsAComponentOf,R-HSA-68877,0
R-HSA-9648025,abstraction:IsAComponentOf,R-HSA-68877,0
R-HSA-2500257,abstraction:IsAComponentOf,R-HSA-68877,0
R-HSA-2514853,abstraction:IsAComponentOf,R-HSA-68877,0
R-HSA-8957275,abstraction:IsAComponentOf,R-HSA-597592,0
R-HSA-163841,abstraction:IsAComponentOf,R-HSA-597592,0.6526184117686197
R-HSA-163125,abstraction:IsAComponentOf,R-HSA-597592,0.5913094779332233
R-HSA-5173105,abstraction:IsAComponentOf,R-HSA-597592,0.6526184117686197
R-HSA-2990846,abstraction:IsAComponentOf,R-HSA-597592,0.7091220468487169
R-HSA-8955332,abstraction:IsAComponentOf,R-HSA-597592,0
R-HSA-5688426,abstraction:IsAComponentOf,R-HSA-597592,0.6217284435591407
R-HSA-446203,abstraction:IsAComponentOf,R-HSA-597592,0.7346288375164993
R-HSA-9907900,abstraction:IsAComponentOf,R-HSA-597592,0
R-HSA-8852135,abstraction:IsAComponentOf,R-HSA-597592,0.569204364857887
R-HSA-9857492,abstraction:IsAComponentOf,R-HSA-597592,0
R-HSA-8873719,abstraction:IsAComponentOf,R-HSA-597592,0
R-HSA-8876725,abstraction:IsAComponentOf,R-HSA-597592,0
R-HSA-8951664,abstraction:IsAComponentOf,R-HSA-597592,0
R-HSA-111885,abstraction:IsAComponentOf,R-HSA-418594,0.8622100692695581
R-HSA-8862803,abstraction:IsAComponentOf,R-HSA-8863678,0
R-HSA-159231,abstraction:IsAComponentOf,R-HSA-159234,0
R-HSA-159230,abstraction:IsAComponentOf,R-HSA-159234,0
R-HSA-159227,abstraction:IsAComponentOf,R-HSA-159234,0
R-HSA-532668,abstraction:IsAComponentOf,R-HSA-446203,0.5935254651344329
R-HSA-948021,abstraction:IsAComponentOf,R-HSA-446203,0.6847558085786419
R-HSA-446193,abstraction:IsAComponentOf,R-HSA-446203,0.6704672752837016
R-HSA-187577,abstraction:IsAComponentOf,R-HSA-69656,0
R-HSA-69200,abstraction:IsAComponentOf,R-HSA-69202,0
R-HSA-187577,abstraction:IsAComponentOf,R-HSA-69202,0
R-HSA-177162,abstraction:IsAComponentOf,R-HSA-159424,0
R-HSA-177128,abstraction:IsAComponentOf,R-HSA-159424,0
R-HSA-177135,abstraction:IsAComponentOf,R-HSA-159424,0
R-HSA-432047,abstraction:IsAComponentOf,R-HSA-445717,0
R-HSA-432030,abstraction:IsAComponentOf,R-HSA-445717,0
R-HSA-432040,abstraction:IsAComponentOf,R-HSA-445717,0
R-HSA-112303,abstraction:IsAComponentOf,R-HSA-112307,0
R-HSA-936837,abstraction:IsAComponentOf,R-HSA-983712,0
R-HSA-2672351,abstraction:IsAComponentOf,R-HSA-983712,0.49853604702231163
R-HSA-5173214,abstraction:IsAComponentOf,R-HSA-5173105,0
R-HSA-8931838,abstraction:IsAComponentOf,R-HSA-5173105,0.5762150494516682
R-HSA-913709,abstraction:IsAComponentOf,R-HSA-5173105,0.5184533767446774
R-HSA-9824446,abstraction:IsAComponentOf,R-HSA-5663205,0.46349368483879233
R-HSA-9824443,abstraction:IsAComponentOf,R-HSA-5663205,0.32641340145995545
R-HSA-9824439,abstraction:IsAComponentOf,R-HSA-5663205,0.38404318775111645
R-HSA-8934903,abstraction:IsAComponentOf,R-HSA-5205647,0
R-HSA-5205685,abstraction:IsAComponentOf,R-HSA-5205647,0
R-HSA-5654700,abstraction:IsAComponentOf,R-HSA-5654696,0
R-HSA-5654221,abstraction:IsAComponentOf,R-HSA-5654696,0
R-HSA-5654699,abstraction:IsAComponentOf,R-HSA-5654696,0
R-HSA-5654695,abstraction:IsAComponentOf,R-HSA-5654696,0
R-HSA-167826,abstraction:IsAComponentOf,R-HSA-166187,0
R-HSA-9673163,abstraction:IsAComponentOf,R-HSA-166187,0
R-HSA-977444,abstraction:IsAComponentOf,R-HSA-977443,0.664171415930797
R-HSA-9636383,abstraction:IsAComponentOf,R-HSA-9637687,0
R-HSA-9636249,abstraction:IsAComponentOf,R-HSA-9637687,0
R-HSA-9636467,abstraction:IsAComponentOf,R-HSA-9637687,0
R-HSA-174437,abstraction:IsAComponentOf,R-HSA-174414,0
R-HSA-9707587,abstraction:IsAComponentOf,R-HSA-9707564,0
R-HSA-141430,abstraction:IsAComponentOf,R-HSA-141405,0
R-HSA-74217,abstraction:IsAComponentOf,R-HSA-8956321,0
R-HSA-73614,abstraction:IsAComponentOf,R-HSA-8956321,0
R-HSA-975634,abstraction:IsAComponentOf,R-HSA-2187338,0
R-HSA-2453902,abstraction:IsAComponentOf,R-HSA-2187338,0
R-HSA-2187335,abstraction:IsAComponentOf,R-HSA-2187338,0
R-HSA-2514856,abstraction:IsAComponentOf,R-HSA-2187338,0.7629947513412608
R-HSA-167590,abstraction:IsAComponentOf,R-HSA-164938,0
R-HSA-164940,abstraction:IsAComponentOf,R-HSA-164938,0
R-HSA-164939,abstraction:IsAComponentOf,R-HSA-164938,0
R-HSA-182218,abstraction:IsAComponentOf,R-HSA-164938,0
R-HSA-9678110,abstraction:IsAComponentOf,R-HSA-9678108,0
R-HSA-9692914,abstraction:IsAComponentOf,R-HSA-9678108,0.7261817440120656
R-HSA-9683701,abstraction:IsAComponentOf,R-HSA-9678108,0.7261817440120656
R-HSA-9679514,abstraction:IsAComponentOf,R-HSA-9678108,0.671729947961775
R-HSA-9679509,abstraction:IsAComponentOf,R-HSA-9678108,0
R-HSA-9679504,abstraction:IsAComponentOf,R-HSA-9678108,0.671729947961775
R-HSA-179409,abstraction:IsAComponentOf,R-HSA-179419,0
R-HSA-174184,abstraction:IsAComponentOf,R-HSA-179419,0
R-HSA-3371568,abstraction:IsAComponentOf,R-HSA-3371571,0
R-HSA-5607763,abstraction:IsAComponentOf,R-HSA-5607764,0
R-HSA-5660668,abstraction:IsAComponentOf,R-HSA-5607764,0
R-HSA-5607761,abstraction:IsAComponentOf,R-HSA-5607764,0
R-HSA-9637679,abstraction:IsAComponentOf,R-HSA-9635486,0.633832037765822
R-HSA-9637628,abstraction:IsAComponentOf,R-HSA-9635486,0
R-HSA-9639775,abstraction:IsAComponentOf,R-HSA-9635486,0
R-HSA-1222499,abstraction:IsAComponentOf,R-HSA-9635486,0.7093712275536306
R-HSA-9637690,abstraction:IsAComponentOf,R-HSA-9635486,0.7543206522565209
R-HSA-5617833,abstraction:IsAComponentOf,R-HSA-1852241,0
R-HSA-1592230,abstraction:IsAComponentOf,R-HSA-1852241,0
R-HSA-420092,abstraction:IsAComponentOf,R-HSA-373080,0
R-HSA-419812,abstraction:IsAComponentOf,R-HSA-373080,0
R-HSA-71064,abstraction:IsAComponentOf,R-HSA-71291,0.3528665883078871
R-HSA-71288,abstraction:IsAComponentOf,R-HSA-71291,0
R-HSA-1614635,abstraction:IsAComponentOf,R-HSA-71291,0.3983238501033446
R-HSA-71262,abstraction:IsAComponentOf,R-HSA-71291,0
R-HSA-209776,abstraction:IsAComponentOf,R-HSA-71291,0.3983238501033446
R-HSA-70921,abstraction:IsAComponentOf,R-HSA-71291,0
R-HSA-977347,abstraction:IsAComponentOf,R-HSA-71291,0
R-HSA-70635,abstraction:IsAComponentOf,R-HSA-71291,0
R-HSA-8963691,abstraction:IsAComponentOf,R-HSA-71291,0.3742198271982901
R-HSA-351202,abstraction:IsAComponentOf,R-HSA-71291,0.38795265501901843
R-HSA-8964539,abstraction:IsAComponentOf,R-HSA-71291,0
R-HSA-2408522,abstraction:IsAComponentOf,R-HSA-71291,0.41391961841698066
R-HSA-70688,abstraction:IsAComponentOf,R-HSA-71291,0
R-HSA-8849175,abstraction:IsAComponentOf,R-HSA-71291,0
R-HSA-8964540,abstraction:IsAComponentOf,R-HSA-71291,0
R-HSA-6798163,abstraction:IsAComponentOf,R-HSA-71291,0
R-HSA-8963693,abstraction:IsAComponentOf,R-HSA-71291,0
R-HSA-70895,abstraction:IsAComponentOf,R-HSA-71291,0.3528665883078871
R-HSA-389661,abstraction:IsAComponentOf,R-HSA-71291,0.3528665883078871
R-HSA-71240,abstraction:IsAComponentOf,R-HSA-71291,0
R-HSA-5662702,abstraction:IsAComponentOf,R-HSA-71291,0
R-HSA-9637698,abstraction:IsAComponentOf,R-HSA-9637679,0
R-HSA-3323169,abstraction:IsAComponentOf,R-HSA-3296482,0.43431599578051716
R-HSA-3296469,abstraction:IsAComponentOf,R-HSA-3296482,0.5073768908393776
R-HSA-9793528,abstraction:IsAComponentOf,R-HSA-9748784,0
R-HSA-9755088,abstraction:IsAComponentOf,R-HSA-9748784,0
R-HSA-9754706,abstraction:IsAComponentOf,R-HSA-9748784,0
R-HSA-9749641,abstraction:IsAComponentOf,R-HSA-9748784,0
R-HSA-2161522,abstraction:IsAComponentOf,R-HSA-9748784,0
R-HSA-9748787,abstraction:IsAComponentOf,R-HSA-9748784,0
R-HSA-9757110,abstraction:IsAComponentOf,R-HSA-9748784,0
R-HSA-9753281,abstraction:IsAComponentOf,R-HSA-9748784,0
R-HSA-9924644,abstraction:IsAComponentOf,R-HSA-9734779,0.8729262416705478
R-HSA-9725554,abstraction:IsAComponentOf,R-HSA-9734779,0
R-HSA-170834,abstraction:IsAComponentOf,R-HSA-9006936,0.34041911431607863
R-HSA-1502540,abstraction:IsAComponentOf,R-HSA-9006936,0.29398626289372565
R-HSA-9839373,abstraction:IsAComponentOf,R-HSA-9006936,0.33503460301225096
R-HSA-201451,abstraction:IsAComponentOf,R-HSA-9006936,0
R-HSA-189085,abstraction:IsAComponentOf,R-HSA-8935690,0
R-HSA-192456,abstraction:IsAComponentOf,R-HSA-8935690,0
R-HSA-352230,abstraction:IsAComponentOf,R-HSA-9958863,0
R-HSA-428559,abstraction:IsAComponentOf,R-HSA-9958863,0
R-HSA-173736,abstraction:IsAComponentOf,R-HSA-166663,0
R-HSA-166786,abstraction:IsAComponentOf,R-HSA-166663,0.8722492234401557
R-HSA-210991,abstraction:IsAComponentOf,R-HSA-202733,0
R-HSA-210993,abstraction:IsAComponentOf,R-HSA-202733,0
R-HSA-210990,abstraction:IsAComponentOf,R-HSA-202733,0
R-HSA-8875360,abstraction:IsAComponentOf,R-HSA-8876384,0
R-HSA-8876493,abstraction:IsAComponentOf,R-HSA-8876384,0
R-HSA-2046104,abstraction:IsAComponentOf,R-HSA-8978868,0.5305543593375124
R-HSA-200425,abstraction:IsAComponentOf,R-HSA-8978868,0
R-HSA-390918,abstraction:IsAComponentOf,R-HSA-8978868,0.549409868903305
R-HSA-77289,abstraction:IsAComponentOf,R-HSA-8978868,0.6142287811171984
R-HSA-2142753,abstraction:IsAComponentOf,R-HSA-8978868,0.6010853400637829
R-HSA-75105,abstraction:IsAComponentOf,R-HSA-8978868,0.5011519310672703
R-HSA-5579024,abstraction:IsAComponentOf,R-HSA-5579029,0
R-HSA-5578995,abstraction:IsAComponentOf,R-HSA-5579029,0
R-HSA-5579030,abstraction:IsAComponentOf,R-HSA-5579029,0
R-HSA-5579022,abstraction:IsAComponentOf,R-HSA-5579029,0
R-HSA-5579016,abstraction:IsAComponentOf,R-HSA-5579029,0
R-HSA-5579020,abstraction:IsAComponentOf,R-HSA-5579029,0
R-HSA-5579013,abstraction:IsAComponentOf,R-HSA-5579029,0
R-HSA-5579007,abstraction:IsAComponentOf,R-HSA-5579029,0
R-HSA-5579021,abstraction:IsAComponentOf,R-HSA-5579029,0
R-HSA-9035968,abstraction:IsAComponentOf,R-HSA-5579029,0
R-HSA-5579014,abstraction:IsAComponentOf,R-HSA-5579029,0
R-HSA-5579026,abstraction:IsAComponentOf,R-HSA-5579029,0
R-HSA-5578996,abstraction:IsAComponentOf,R-HSA-5579029,0
R-HSA-5579027,abstraction:IsAComponentOf,R-HSA-5579029,0
R-HSA-5579028,abstraction:IsAComponentOf,R-HSA-5579029,0
R-HSA-5579019,abstraction:IsAComponentOf,R-HSA-5579029,0
R-HSA-5579006,abstraction:IsAComponentOf,R-HSA-5579029,0
R-HSA-5579032,abstraction:IsAComponentOf,R-HSA-5579029,0
R-HSA-5579015,abstraction:IsAComponentOf,R-HSA-5579029,0
R-HSA-5579000,abstraction:IsAComponentOf,R-HSA-5579029,0
R-HSA-5579011,abstraction:IsAComponentOf,R-HSA-5579029,0
R-HSA-5578999,abstraction:IsAComponentOf,R-HSA-5579029,0
R-HSA-5578998,abstraction:IsAComponentOf,R-HSA-5579029,0
R-HSA-5579002,abstraction:IsAComponentOf,R-HSA-5579029,0
R-HSA-5579005,abstraction:IsAComponentOf,R-HSA-5579029,0
R-HSA-5579010,abstraction:IsAComponentOf,R-HSA-5579029,0
R-HSA-5579004,abstraction:IsAComponentOf,R-HSA-5579029,0
R-HSA-5579017,abstraction:IsAComponentOf,R-HSA-5579029,0
R-HSA-5579012,abstraction:IsAComponentOf,R-HSA-5579029,0
R-HSA-5579009,abstraction:IsAComponentOf,R-HSA-5579029,0
R-HSA-5578997,abstraction:IsAComponentOf,R-HSA-5579029,0
R-HSA-1660517,abstraction:IsAComponentOf,R-HSA-1483255,0
R-HSA-8847453,abstraction:IsAComponentOf,R-HSA-1483255,0
R-HSA-1660537,abstraction:IsAComponentOf,R-HSA-1483255,0
R-HSA-1660516,abstraction:IsAComponentOf,R-HSA-1483255,0
R-HSA-6814848,abstraction:IsAComponentOf,R-HSA-1483255,0
R-HSA-1660514,abstraction:IsAComponentOf,R-HSA-1483255,0
R-HSA-1660502,abstraction:IsAComponentOf,R-HSA-1483255,0
R-HSA-1483196,abstraction:IsAComponentOf,R-HSA-1483255,0
R-HSA-1483248,abstraction:IsAComponentOf,R-HSA-1483255,0
R-HSA-1660524,abstraction:IsAComponentOf,R-HSA-1483255,0
R-HSA-1660508,abstraction:IsAComponentOf,R-HSA-1483255,0
R-HSA-1660499,abstraction:IsAComponentOf,R-HSA-1483255,0
R-HSA-1660510,abstraction:IsAComponentOf,R-HSA-1483255,0
R-HSA-427975,abstraction:IsAComponentOf,R-HSA-9959399,0
R-HSA-159763,abstraction:IsAComponentOf,R-HSA-159854,0
R-HSA-159782,abstraction:IsAComponentOf,R-HSA-159854,0
R-HSA-159740,abstraction:IsAComponentOf,R-HSA-159854,0
R-HSA-190374,abstraction:IsAComponentOf,R-HSA-190242,0
R-HSA-190370,abstraction:IsAComponentOf,R-HSA-190242,0
R-HSA-190373,abstraction:IsAComponentOf,R-HSA-190242,0
R-HSA-9679191,abstraction:IsAComponentOf,R-HSA-9679506,0
R-HSA-9678108,abstraction:IsAComponentOf,R-HSA-9679506,0.6555908664780256
R-HSA-9694516,abstraction:IsAComponentOf,R-HSA-9679506,0.669050442753391
R-HSA-2023837,abstraction:IsAComponentOf,R-HSA-1839126,0
R-HSA-8853333,abstraction:IsAComponentOf,R-HSA-1839126,0
R-HSA-8851708,abstraction:IsAComponentOf,R-HSA-1839126,0
R-HSA-2033519,abstraction:IsAComponentOf,R-HSA-1839126,0
R-HSA-5688031,abstraction:IsAComponentOf,R-HSA-5687613,0
R-HSA-5688849,abstraction:IsAComponentOf,R-HSA-5687613,0
R-HSA-5687583,abstraction:IsAComponentOf,R-HSA-5687613,0
R-HSA-5688354,abstraction:IsAComponentOf,R-HSA-5687613,0
R-HSA-5688399,abstraction:IsAComponentOf,R-HSA-5687613,0
R-HSA-5688890,abstraction:IsAComponentOf,R-HSA-5687613,0
R-HSA-5687868,abstraction:IsAComponentOf,R-HSA-5687613,0
R-HSA-199418,abstraction:IsAComponentOf,R-HSA-1257604,0.7443688327297087
R-HSA-198693,abstraction:IsAComponentOf,R-HSA-1257604,0
R-HSA-6807070,abstraction:IsAComponentOf,R-HSA-1257604,0.8442307338558975
R-HSA-198323,abstraction:IsAComponentOf,R-HSA-1257604,0
R-HSA-9920951,abstraction:IsAComponentOf,R-HSA-9918481,0
R-HSA-9920588,abstraction:IsAComponentOf,R-HSA-9918481,0
R-HSA-6811558,abstraction:IsAComponentOf,R-HSA-199418,0
R-HSA-622312,abstraction:IsAComponentOf,R-HSA-168643,0.5055772536233855
R-HSA-168638,abstraction:IsAComponentOf,R-HSA-168643,0
R-HSA-168874,abstraction:IsAComponentOf,R-HSA-168316,0
R-HSA-381038,abstraction:IsAComponentOf,R-HSA-381070,0
R-HSA-9820952,abstraction:IsAComponentOf,R-HSA-9824446,0.5985481104159707
R-HSA-168255,abstraction:IsAComponentOf,R-HSA-9824446,0.681367919981117
R-HSA-162906,abstraction:IsAComponentOf,R-HSA-9824446,0.7427612855678909
R-HSA-9609646,abstraction:IsAComponentOf,R-HSA-9824446,0.5105630148084807
R-HSA-9839923,abstraction:IsAComponentOf,R-HSA-9824446,0.5817956925077913
R-HSA-9679506,abstraction:IsAComponentOf,R-HSA-9824446,0.7383863162542413
R-HSA-9855142,abstraction:IsAComponentOf,R-HSA-8953897,0
R-HSA-5660526,abstraction:IsAComponentOf,R-HSA-8953897,0
R-HSA-2262752,abstraction:IsAComponentOf,R-HSA-8953897,0
R-HSA-389960,abstraction:IsAComponentOf,R-HSA-389958,0
R-HSA-389957,abstraction:IsAComponentOf,R-HSA-389958,0
R-HSA-390450,abstraction:IsAComponentOf,R-HSA-389958,0
R-HSA-5649702,abstraction:IsAComponentOf,R-HSA-73933,0
R-HSA-110357,abstraction:IsAComponentOf,R-HSA-73933,0
R-HSA-110373,abstraction:IsAComponentOf,R-HSA-73933,0.7718582729687304
R-HSA-110381,abstraction:IsAComponentOf,R-HSA-73933,0.7335414548695994
R-HSA-168336,abstraction:IsAComponentOf,R-HSA-168270,0
R-HSA-168288,abstraction:IsAComponentOf,R-HSA-168270,0
R-HSA-351143,abstraction:IsAComponentOf,R-HSA-351202,0
R-HSA-350562,abstraction:IsAComponentOf,R-HSA-351202,0
R-HSA-351200,abstraction:IsAComponentOf,R-HSA-351202,0
R-HSA-5673000,abstraction:IsAComponentOf,R-HSA-5673001,0
R-HSA-5658442,abstraction:IsAComponentOf,R-HSA-5673001,0
R-HSA-9648002,abstraction:IsAComponentOf,R-HSA-5673001,0
R-HSA-5675221,abstraction:IsAComponentOf,R-HSA-5673001,0.8007073959739599
R-HSA-5674135,abstraction:IsAComponentOf,R-HSA-5673001,0
R-HSA-6802955,abstraction:IsAComponentOf,R-HSA-6802957,0
R-HSA-9652817,abstraction:IsAComponentOf,R-HSA-6802957,0
R-HSA-6802949,abstraction:IsAComponentOf,R-HSA-6802957,0.48076712509581615
R-HSA-9660537,abstraction:IsAComponentOf,R-HSA-6802957,0.4539856298122573
R-HSA-6802952,abstraction:IsAComponentOf,R-HSA-6802957,0
R-HSA-6802948,abstraction:IsAComponentOf,R-HSA-6802957,0
R-HSA-9656223,abstraction:IsAComponentOf,R-HSA-6802957,0
R-HSA-6802953,abstraction:IsAComponentOf,R-HSA-6802957,0
R-HSA-6802946,abstraction:IsAComponentOf,R-HSA-6802957,0
R-HSA-9652169,abstraction:IsAComponentOf,R-HSA-6802957,0
R-HSA-190375,abstraction:IsAComponentOf,R-HSA-190241,0
R-HSA-190377,abstraction:IsAComponentOf,R-HSA-190241,0
R-HSA-5663202,abstraction:IsAComponentOf,R-HSA-1643685,0
R-HSA-5619115,abstraction:IsAComponentOf,R-HSA-1643685,0
R-HSA-9675143,abstraction:IsAComponentOf,R-HSA-1643685,0
R-HSA-9645723,abstraction:IsAComponentOf,R-HSA-1643685,0
R-HSA-5663205,abstraction:IsAComponentOf,R-HSA-1643685,0
R-HSA-9675126,abstraction:IsAComponentOf,R-HSA-1643685,0
R-HSA-9671793,abstraction:IsAComponentOf,R-HSA-1643685,0
R-HSA-9675135,abstraction:IsAComponentOf,R-HSA-1643685,0
R-HSA-5260271,abstraction:IsAComponentOf,R-HSA-1643685,0
R-HSA-9675132,abstraction:IsAComponentOf,R-HSA-1643685,0
R-HSA-5668914,abstraction:IsAComponentOf,R-HSA-1643685,0
R-HSA-9675151,abstraction:IsAComponentOf,R-HSA-1643685,0
R-HSA-8849932,abstraction:IsAComponentOf,R-HSA-6794362,0
R-HSA-388844,abstraction:IsAComponentOf,R-HSA-6794362,0
R-HSA-6794361,abstraction:IsAComponentOf,R-HSA-6794362,0
R-HSA-427413,abstraction:IsAComponentOf,R-HSA-5250941,0
R-HSA-427359,abstraction:IsAComponentOf,R-HSA-5250941,0
R-HSA-9851695,abstraction:IsAComponentOf,R-HSA-9818564,0.8633348732971253
R-HSA-8964041,abstraction:IsAComponentOf,R-HSA-8963899,0
R-HSA-8963901,abstraction:IsAComponentOf,R-HSA-8963899,0
R-HSA-8964058,abstraction:IsAComponentOf,R-HSA-8963899,0
R-HSA-8963889,abstraction:IsAComponentOf,R-HSA-8963899,0
R-HSA-9764274,abstraction:IsAComponentOf,R-HSA-9759476,0.9160045897670958
R-HSA-9764260,abstraction:IsAComponentOf,R-HSA-9759476,0.892775667703207
R-HSA-381070,abstraction:IsAComponentOf,R-HSA-381119,0.5935548118104786
R-HSA-8874177,abstraction:IsAComponentOf,R-HSA-381119,0
R-HSA-8874211,abstraction:IsAComponentOf,R-HSA-381119,0
R-HSA-381033,abstraction:IsAComponentOf,R-HSA-381119,0.5935548118104786
R-HSA-381042,abstraction:IsAComponentOf,R-HSA-381119,0.5935548118104786
R-HSA-167200,abstraction:IsAComponentOf,R-HSA-167246,0
R-HSA-9022702,abstraction:IsAComponentOf,R-HSA-8986944,0
R-HSA-9022699,abstraction:IsAComponentOf,R-HSA-8986944,0
R-HSA-9022927,abstraction:IsAComponentOf,R-HSA-8986944,0
R-HSA-9022707,abstraction:IsAComponentOf,R-HSA-8986944,0
R-HSA-9022692,abstraction:IsAComponentOf,R-HSA-8986944,0
R-HSA-9861718,abstraction:IsAComponentOf,R-HSA-70268,0.6915750433307744
R-HSA-9861559,abstraction:IsAComponentOf,R-HSA-70268,0
R-HSA-167290,abstraction:IsAComponentOf,R-HSA-167172,0
R-HSA-167162,abstraction:IsAComponentOf,R-HSA-167172,0
R-HSA-167152,abstraction:IsAComponentOf,R-HSA-167172,0
R-HSA-167161,abstraction:IsAComponentOf,R-HSA-167172,0
R-HSA-167287,abstraction:IsAComponentOf,R-HSA-167172,0
R-HSA-167243,abstraction:IsAComponentOf,R-HSA-167172,0
R-HSA-167238,abstraction:IsAComponentOf,R-HSA-167172,0
R-HSA-167169,abstraction:IsAComponentOf,R-HSA-167172,0.8293773207183834
R-HSA-167160,abstraction:IsAComponentOf,R-HSA-167172,0
R-HSA-997272,abstraction:IsAComponentOf,R-HSA-991365,0
R-HSA-170670,abstraction:IsAComponentOf,R-HSA-991365,0
R-HSA-195253,abstraction:IsAComponentOf,R-HSA-195721,0.31729731205945744
R-HSA-3858494,abstraction:IsAComponentOf,R-HSA-195721,0.34312957869858557
R-HSA-3238698,abstraction:IsAComponentOf,R-HSA-195721,0
R-HSA-201681,abstraction:IsAComponentOf,R-HSA-195721,0.3656487487589257
R-HSA-418592,abstraction:IsAComponentOf,R-HSA-392518,0
R-HSA-428930,abstraction:IsAComponentOf,R-HSA-392518,0
R-HSA-392170,abstraction:IsAComponentOf,R-HSA-392518,0
R-HSA-450294,abstraction:IsAComponentOf,R-HSA-448424,0.7250127620883382
R-HSA-9818028,abstraction:IsAComponentOf,R-HSA-9759194,0
R-HSA-9762114,abstraction:IsAComponentOf,R-HSA-9759194,0
R-HSA-9818025,abstraction:IsAComponentOf,R-HSA-9759194,0
R-HSA-9818030,abstraction:IsAComponentOf,R-HSA-9759194,0
R-HSA-9818035,abstraction:IsAComponentOf,R-HSA-9759194,0
R-HSA-9818026,abstraction:IsAComponentOf,R-HSA-9759194,0
R-HSA-9818749,abstraction:IsAComponentOf,R-HSA-9759194,0
R-HSA-9818032,abstraction:IsAComponentOf,R-HSA-9759194,0
R-HSA-9818027,abstraction:IsAComponentOf,R-HSA-9759194,0
R-HSA-9005891,abstraction:IsAComponentOf,R-HSA-9005895,0.9544810573595622
R-HSA-4420097,abstraction:IsAComponentOf,R-HSA-194138,0.4375935494201098
R-HSA-194306,abstraction:IsAComponentOf,R-HSA-194138,0
R-HSA-194313,abstraction:IsAComponentOf,R-HSA-194138,0.4161076065376623
R-HSA-3371378,abstraction:IsAComponentOf,R-HSA-140534,0
R-HSA-69416,abstraction:IsAComponentOf,R-HSA-140534,0
R-HSA-70171,abstraction:IsAComponentOf,R-HSA-70326,0.6321147686193948
R-HSA-70263,abstraction:IsAComponentOf,R-HSA-70326,0
R-HSA-9694786,abstraction:IsAComponentOf,R-HSA-9694682,0
R-HSA-9694686,abstraction:IsAComponentOf,R-HSA-9694682,0
R-HSA-5659996,abstraction:IsAComponentOf,R-HSA-6791465,0
R-HSA-6791461,abstraction:IsAComponentOf,R-HSA-6791465,0
R-HSA-6791055,abstraction:IsAComponentOf,R-HSA-6791465,0
R-HSA-6791462,abstraction:IsAComponentOf,R-HSA-6791465,0
R-HSA-162791,abstraction:IsAComponentOf,R-HSA-163125,0
R-HSA-162710,abstraction:IsAComponentOf,R-HSA-163125,0
R-HSA-162699,abstraction:IsAComponentOf,R-HSA-163125,0
R-HSA-9840309,abstraction:IsAComponentOf,R-HSA-1660662,0
R-HSA-9840310,abstraction:IsAComponentOf,R-HSA-1660662,0
R-HSA-2428928,abstraction:IsAComponentOf,R-HSA-2428924,0.9565319832671956
R-HSA-2428933,abstraction:IsAComponentOf,R-HSA-2428924,0
R-HSA-73980,abstraction:IsAComponentOf,R-HSA-74158,0
R-HSA-76046,abstraction:IsAComponentOf,R-HSA-74158,0.4695034513867767
R-HSA-73780,abstraction:IsAComponentOf,R-HSA-74158,0
R-HSA-749476,abstraction:IsAComponentOf,R-HSA-74158,0
R-HSA-2122948,abstraction:IsAComponentOf,R-HSA-1980143,0
R-HSA-2122947,abstraction:IsAComponentOf,R-HSA-1980143,0
R-HSA-211859,abstraction:IsAComponentOf,R-HSA-1430728,0
R-HSA-71291,abstraction:IsAComponentOf,R-HSA-1430728,0
R-HSA-2564830,abstraction:IsAComponentOf,R-HSA-1430728,0
R-HSA-189445,abstraction:IsAComponentOf,R-HSA-1430728,0
R-HSA-1483249,abstraction:IsAComponentOf,R-HSA-1430728,0
R-HSA-163685,abstraction:IsAComponentOf,R-HSA-1430728,0
R-HSA-1475029,abstraction:IsAComponentOf,R-HSA-1430728,0
R-HSA-556833,abstraction:IsAComponentOf,R-HSA-1430728,0
R-HSA-15869,abstraction:IsAComponentOf,R-HSA-1430728,0
R-HSA-202131,abstraction:IsAComponentOf,R-HSA-1430728,0
R-HSA-196854,abstraction:IsAComponentOf,R-HSA-1430728,0
R-HSA-71387,abstraction:IsAComponentOf,R-HSA-1430728,0
R-HSA-71737,abstraction:IsAComponentOf,R-HSA-1430728,0
R-HSA-1362409,abstraction:IsAComponentOf,R-HSA-1430728,0
R-HSA-1428517,abstraction:IsAComponentOf,R-HSA-1430728,0
R-HSA-5632987,abstraction:IsAComponentOf,R-HSA-5423599,0
R-HSA-5545483,abstraction:IsAComponentOf,R-HSA-5423599,0
R-HSA-5632928,abstraction:IsAComponentOf,R-HSA-5423599,0
R-HSA-5632968,abstraction:IsAComponentOf,R-HSA-5423599,0
R-HSA-5632927,abstraction:IsAComponentOf,R-HSA-5423599,0
R-HSA-5694530,abstraction:IsAComponentOf,R-HSA-199977,0
R-HSA-204005,abstraction:IsAComponentOf,R-HSA-199977,0
R-HSA-6807878,abstraction:IsAComponentOf,R-HSA-199977,0
R-HSA-211728,abstraction:IsAComponentOf,R-HSA-169911,0
R-HSA-211733,abstraction:IsAComponentOf,R-HSA-169911,0
R-HSA-9944997,abstraction:IsAComponentOf,R-HSA-9944971,0
R-HSA-351906,abstraction:IsAComponentOf,R-HSA-111465,0
R-HSA-264870,abstraction:IsAComponentOf,R-HSA-111465,0
R-HSA-352238,abstraction:IsAComponentOf,R-HSA-111465,0
R-HSA-9032759,abstraction:IsAComponentOf,R-HSA-9032500,0
R-HSA-9937383,abstraction:IsAComponentOf,R-HSA-5368287,0
R-HSA-5368286,abstraction:IsAComponentOf,R-HSA-5368287,0
R-HSA-5389840,abstraction:IsAComponentOf,R-HSA-5368287,0
R-HSA-5419276,abstraction:IsAComponentOf,R-HSA-5368287,0
R-HSA-2168880,abstraction:IsAComponentOf,R-HSA-2173782,0
R-HSA-3000480,abstraction:IsAComponentOf,R-HSA-2173782,0
R-HSA-3000471,abstraction:IsAComponentOf,R-HSA-2173782,0
R-HSA-3000484,abstraction:IsAComponentOf,R-HSA-2173782,0
R-HSA-3000497,abstraction:IsAComponentOf,R-HSA-2173782,0
R-HSA-174490,abstraction:IsAComponentOf,R-HSA-174495,0
R-HSA-114516,abstraction:IsAComponentOf,R-HSA-76005,0
R-HSA-114608,abstraction:IsAComponentOf,R-HSA-76005,0
R-HSA-111932,abstraction:IsAComponentOf,R-HSA-111933,0
R-HSA-111931,abstraction:IsAComponentOf,R-HSA-111933,0.8738104493018383
R-HSA-111957,abstraction:IsAComponentOf,R-HSA-111933,0
R-HSA-1169092,abstraction:IsAComponentOf,R-HSA-1168372,0
R-HSA-1169091,abstraction:IsAComponentOf,R-HSA-1168372,0
R-HSA-2025928,abstraction:IsAComponentOf,R-HSA-1168372,0
R-HSA-5358751,abstraction:IsAComponentOf,R-HSA-4839743,0
R-HSA-5358749,abstraction:IsAComponentOf,R-HSA-4839743,0
R-HSA-5358747,abstraction:IsAComponentOf,R-HSA-4839743,0
R-HSA-5358752,abstraction:IsAComponentOf,R-HSA-4839743,0
R-HSA-6796648,abstraction:IsAComponentOf,R-HSA-3700989,0
R-HSA-5628897,abstraction:IsAComponentOf,R-HSA-3700989,0
R-HSA-5633007,abstraction:IsAComponentOf,R-HSA-3700989,0.652699235165427
R-HSA-5633008,abstraction:IsAComponentOf,R-HSA-3700989,0.6134498462131084
R-HSA-6791312,abstraction:IsAComponentOf,R-HSA-3700989,0.5985122680576271
R-HSA-9013508,abstraction:IsAComponentOf,R-HSA-9012852,0
R-HSA-9013507,abstraction:IsAComponentOf,R-HSA-9012852,0.6765548351132289
R-HSA-912694,abstraction:IsAComponentOf,R-HSA-909733,0
R-HSA-162588,abstraction:IsAComponentOf,R-HSA-162599,0
R-HSA-175474,abstraction:IsAComponentOf,R-HSA-162599,0.7652331179936004
R-HSA-165054,abstraction:IsAComponentOf,R-HSA-162599,0
R-HSA-167172,abstraction:IsAComponentOf,R-HSA-162599,0.8736678749623734
R-HSA-9723905,abstraction:IsAComponentOf,R-HSA-9723907,0
R-HSA-9956593,abstraction:IsAComponentOf,R-HSA-9640148,0
R-HSA-9638737,abstraction:IsAComponentOf,R-HSA-9640148,0.6390036328154757
R-HSA-9760173,abstraction:IsAComponentOf,R-HSA-9640148,0
R-HSA-9638482,abstraction:IsAComponentOf,R-HSA-9640148,0.6390036328154757
R-HSA-9931953,abstraction:IsAComponentOf,R-HSA-9640148,0.6064504668751608
R-HSA-9913143,abstraction:IsAComponentOf,R-HSA-9638737,0
R-HSA-9638771,abstraction:IsAComponentOf,R-HSA-9638737,0
R-HSA-75094,abstraction:IsAComponentOf,R-HSA-72200,0
R-HSA-975155,abstraction:IsAComponentOf,R-HSA-168181,0.8001383909552244
R-HSA-9860276,abstraction:IsAComponentOf,R-HSA-168181,0
R-HSA-9818564,abstraction:IsAComponentOf,R-HSA-9917777,0.7323580246085561
R-HSA-9772755,abstraction:IsAComponentOf,R-HSA-9917777,0
R-HSA-399955,abstraction:IsAComponentOf,R-HSA-373755,0
R-HSA-399956,abstraction:IsAComponentOf,R-HSA-373755,0
R-HSA-400685,abstraction:IsAComponentOf,R-HSA-373755,0.6506236420975936
R-HSA-416700,abstraction:IsAComponentOf,R-HSA-373755,0
R-HSA-399954,abstraction:IsAComponentOf,R-HSA-373755,0
R-HSA-2151209,abstraction:IsAComponentOf,R-HSA-1592230,0
R-HSA-2151201,abstraction:IsAComponentOf,R-HSA-1592230,0
R-HSA-8949613,abstraction:IsAComponentOf,R-HSA-1592230,0
R-HSA-629594,abstraction:IsAComponentOf,R-HSA-622327,0
R-HSA-629587,abstraction:IsAComponentOf,R-HSA-622327,0
R-HSA-9026286,abstraction:IsAComponentOf,R-HSA-9025094,0
R-HSA-9026290,abstraction:IsAComponentOf,R-HSA-9025094,0
R-HSA-9026403,abstraction:IsAComponentOf,R-HSA-9025094,0
R-HSA-5656169,abstraction:IsAComponentOf,R-HSA-110313,0
R-HSA-110320,abstraction:IsAComponentOf,R-HSA-110313,0
R-HSA-110312,abstraction:IsAComponentOf,R-HSA-110313,0
R-HSA-5655862,abstraction:IsAComponentOf,R-HSA-110313,0
R-HSA-5656121,abstraction:IsAComponentOf,R-HSA-110313,0
R-HSA-2173789,abstraction:IsAComponentOf,R-HSA-170834,0.734120426203729
R-HSA-2173791,abstraction:IsAComponentOf,R-HSA-170834,0
R-HSA-2173793,abstraction:IsAComponentOf,R-HSA-170834,0.7720271342245152
R-HSA-937061,abstraction:IsAComponentOf,R-HSA-166166,0.9440661887020881
R-HSA-9824878,abstraction:IsAComponentOf,R-HSA-936964,0
R-HSA-9754560,abstraction:IsAComponentOf,R-HSA-9705683,0
R-HSA-9705677,abstraction:IsAComponentOf,R-HSA-9705683,0
R-HSA-9755779,abstraction:IsAComponentOf,R-HSA-9705683,0
R-HSA-9705671,abstraction:IsAComponentOf,R-HSA-9705683,0
R-HSA-9754678,abstraction:IsAComponentOf,R-HSA-9705683,0
R-HSA-168888,abstraction:IsAComponentOf,R-HSA-168305,0
R-HSA-9705462,abstraction:IsAComponentOf,R-HSA-9674555,0
R-HSA-9018682,abstraction:IsAComponentOf,R-HSA-9018677,0.7171207396011996
R-HSA-9018681,abstraction:IsAComponentOf,R-HSA-9018677,0
R-HSA-9026395,abstraction:IsAComponentOf,R-HSA-9018677,0.7549605936254629
R-HSA-9020265,abstraction:IsAComponentOf,R-HSA-9018677,0
R-HSA-9018676,abstraction:IsAComponentOf,R-HSA-9018677,0
R-HSA-9694301,abstraction:IsAComponentOf,R-HSA-9694676,0
R-HSA-9694271,abstraction:IsAComponentOf,R-HSA-9694676,0
R-HSA-9841922,abstraction:IsAComponentOf,R-HSA-9851695,0
R-HSA-5637810,abstraction:IsAComponentOf,R-HSA-5637812,0
R-HSA-380270,abstraction:IsAComponentOf,R-HSA-380287,0
R-HSA-380284,abstraction:IsAComponentOf,R-HSA-380287,0.7503615637644264
R-HSA-9032500,abstraction:IsAComponentOf,R-HSA-9006115,0.6269943893343229
R-HSA-9026527,abstraction:IsAComponentOf,R-HSA-9006115,0
R-HSA-9026519,abstraction:IsAComponentOf,R-HSA-9006115,0
R-HSA-9025046,abstraction:IsAComponentOf,R-HSA-9006115,0
R-HSA-9028731,abstraction:IsAComponentOf,R-HSA-9006115,0
R-HSA-9026357,abstraction:IsAComponentOf,R-HSA-9006115,0
R-HSA-9028335,abstraction:IsAComponentOf,R-HSA-9006115,0
R-HSA-9032845,abstraction:IsAComponentOf,R-HSA-9006115,0
R-HSA-9024909,abstraction:IsAComponentOf,R-HSA-9006115,0
R-HSA-9662851,abstraction:IsAComponentOf,R-HSA-9664433,0.8347274519301944
R-HSA-445989,abstraction:IsAComponentOf,R-HSA-9020702,0.7632325061914484
R-HSA-5684264,abstraction:IsAComponentOf,R-HSA-9020702,0
R-HSA-9672387,abstraction:IsAComponentOf,R-HSA-9662001,0
R-HSA-9674519,abstraction:IsAComponentOf,R-HSA-9662001,0
R-HSA-9672393,abstraction:IsAComponentOf,R-HSA-9662001,0
R-HSA-9672395,abstraction:IsAComponentOf,R-HSA-9662001,0
R-HSA-9672396,abstraction:IsAComponentOf,R-HSA-9662001,0
R-HSA-9672397,abstraction:IsAComponentOf,R-HSA-9662001,0
R-HSA-9672391,abstraction:IsAComponentOf,R-HSA-9662001,0
R-HSA-73621,abstraction:IsAComponentOf,R-HSA-8956319,0
R-HSA-8850843,abstraction:IsAComponentOf,R-HSA-8956319,0
R-HSA-74259,abstraction:IsAComponentOf,R-HSA-8956319,0.7532428141899854
R-HSA-3229121,abstraction:IsAComponentOf,R-HSA-5663084,0.5335897649843786
R-HSA-5659898,abstraction:IsAComponentOf,R-HSA-5663084,0
R-HSA-2206281,abstraction:IsAComponentOf,R-HSA-5663084,0.5657283694949221
R-HSA-5657562,abstraction:IsAComponentOf,R-HSA-5663084,0
R-HSA-5662853,abstraction:IsAComponentOf,R-HSA-5663084,0
R-HSA-5657560,abstraction:IsAComponentOf,R-HSA-5663084,0
R-HSA-6791465,abstraction:IsAComponentOf,R-HSA-5663084,0.4940334268212613
R-HSA-9833109,abstraction:IsAComponentOf,R-HSA-9833110,0
R-HSA-8851805,abstraction:IsAComponentOf,R-HSA-6806834,0
R-HSA-8865999,abstraction:IsAComponentOf,R-HSA-6806834,0
R-HSA-8875791,abstraction:IsAComponentOf,R-HSA-6806834,0
R-HSA-8875656,abstraction:IsAComponentOf,R-HSA-6806834,0
R-HSA-8851907,abstraction:IsAComponentOf,R-HSA-6806834,0
R-HSA-6806942,abstraction:IsAComponentOf,R-HSA-6806834,0
R-HSA-6807004,abstraction:IsAComponentOf,R-HSA-6806834,0.4375935494201098
R-HSA-8875878,abstraction:IsAComponentOf,R-HSA-6806834,0.4765985677604717
R-HSA-390247,abstraction:IsAComponentOf,R-HSA-390918,0
R-HSA-389887,abstraction:IsAComponentOf,R-HSA-390918,0
R-HSA-389599,abstraction:IsAComponentOf,R-HSA-390918,0
R-HSA-9732724,abstraction:IsAComponentOf,R-HSA-877300,0
R-HSA-877312,abstraction:IsAComponentOf,R-HSA-877300,0
R-HSA-2129379,abstraction:IsAComponentOf,R-HSA-1566948,0
R-HSA-9634638,abstraction:IsAComponentOf,R-HSA-9009391,0
R-HSA-9634635,abstraction:IsAComponentOf,R-HSA-9009391,0
R-HSA-2980736,abstraction:IsAComponentOf,R-HSA-392499,0
R-HSA-72766,abstraction:IsAComponentOf,R-HSA-392499,0
R-HSA-5683826,abstraction:IsAComponentOf,R-HSA-392499,0
R-HSA-391251,abstraction:IsAComponentOf,R-HSA-392499,0
R-HSA-5676934,abstraction:IsAComponentOf,R-HSA-392499,0
R-HSA-977225,abstraction:IsAComponentOf,R-HSA-392499,0
R-HSA-381426,abstraction:IsAComponentOf,R-HSA-392499,0
R-HSA-597592,abstraction:IsAComponentOf,R-HSA-392499,0
R-HSA-9837999,abstraction:IsAComponentOf,R-HSA-392499,0
R-HSA-174113,abstraction:IsAComponentOf,R-HSA-176408,0
R-HSA-176417,abstraction:IsAComponentOf,R-HSA-176408,0
R-HSA-141405,abstraction:IsAComponentOf,R-HSA-176408,0.7136238698923014
R-HSA-435354,abstraction:IsAComponentOf,R-HSA-425410,0.6597947621508075
R-HSA-425986,abstraction:IsAComponentOf,R-HSA-425410,0
R-HSA-425561,abstraction:IsAComponentOf,R-HSA-425410,0
R-HSA-444411,abstraction:IsAComponentOf,R-HSA-5223345,0
R-HSA-112409,abstraction:IsAComponentOf,R-HSA-5684996,0.8471246689374354
R-HSA-5673001,abstraction:IsAComponentOf,R-HSA-5684996,0.9258981633747488
R-HSA-442742,abstraction:IsAComponentOf,R-HSA-438064,0.8327345833155723
R-HSA-442729,abstraction:IsAComponentOf,R-HSA-438064,0
R-HSA-9619229,abstraction:IsAComponentOf,R-HSA-438064,0
R-HSA-9620244,abstraction:IsAComponentOf,R-HSA-438064,0
R-HSA-442720,abstraction:IsAComponentOf,R-HSA-438064,0
R-HSA-9619483,abstraction:IsAComponentOf,R-HSA-438064,0
R-HSA-381771,abstraction:IsAComponentOf,R-HSA-400508,0
R-HSA-400511,abstraction:IsAComponentOf,R-HSA-400508,0
R-HSA-9948299,abstraction:IsAComponentOf,R-HSA-72766,0.5344231782743712
R-HSA-5368287,abstraction:IsAComponentOf,R-HSA-72766,0.5480718945988888
R-HSA-72613,abstraction:IsAComponentOf,R-HSA-72766,0.5905888808262101
R-HSA-379724,abstraction:IsAComponentOf,R-HSA-72766,0.5163015026082802
R-HSA-156842,abstraction:IsAComponentOf,R-HSA-72766,0.48801260146641195
R-HSA-72764,abstraction:IsAComponentOf,R-HSA-72766,0
R-HSA-1799339,abstraction:IsAComponentOf,R-HSA-72766,0
R-HSA-6809371,abstraction:IsAComponentOf,R-HSA-6805567,0
R-HSA-9009391,abstraction:IsAComponentOf,R-HSA-8939211,0.768703229890328
R-HSA-9018519,abstraction:IsAComponentOf,R-HSA-8939211,0
R-HSA-77348,abstraction:IsAComponentOf,R-HSA-77286,0
R-HSA-77305,abstraction:IsAComponentOf,R-HSA-77286,0
R-HSA-77310,abstraction:IsAComponentOf,R-HSA-77286,0
R-HSA-77352,abstraction:IsAComponentOf,R-HSA-77286,0
R-HSA-77285,abstraction:IsAComponentOf,R-HSA-77286,0
R-HSA-77346,abstraction:IsAComponentOf,R-HSA-77286,0
R-HSA-77350,abstraction:IsAComponentOf,R-HSA-77286,0
R-HSA-419408,abstraction:IsAComponentOf,R-HSA-373076,0
R-HSA-3296197,abstraction:IsAComponentOf,R-HSA-373076,0
R-HSA-375280,abstraction:IsAComponentOf,R-HSA-373076,0.8249208113683535
R-HSA-391903,abstraction:IsAComponentOf,R-HSA-373076,0.7621283245256518
R-HSA-444209,abstraction:IsAComponentOf,R-HSA-373076,0
R-HSA-419771,abstraction:IsAComponentOf,R-HSA-373076,0
R-HSA-375276,abstraction:IsAComponentOf,R-HSA-373076,0.8386699467441198
R-HSA-375281,abstraction:IsAComponentOf,R-HSA-373076,0
R-HSA-418038,abstraction:IsAComponentOf,R-HSA-373076,0.7621283245256518
R-HSA-111469,abstraction:IsAComponentOf,R-HSA-111471,0.7627700768684111
R-HSA-111461,abstraction:IsAComponentOf,R-HSA-111471,0.7870638609693493
R-HSA-111457,abstraction:IsAComponentOf,R-HSA-111471,0
R-HSA-9845323,abstraction:IsAComponentOf,R-HSA-9842860,0
R-HSA-9843940,abstraction:IsAComponentOf,R-HSA-9842860,0
R-HSA-9843970,abstraction:IsAComponentOf,R-HSA-9842860,0
R-HSA-191273,abstraction:IsAComponentOf,R-HSA-8957322,0.5437958543432125
R-HSA-1655829,abstraction:IsAComponentOf,R-HSA-8957322,0.4854158953820003
R-HSA-196071,abstraction:IsAComponentOf,R-HSA-8957322,0.5545309133850157
R-HSA-194068,abstraction:IsAComponentOf,R-HSA-8957322,0.5545309133850157
R-HSA-196791,abstraction:IsAComponentOf,R-HSA-8957322,0
R-HSA-8876198,abstraction:IsAComponentOf,R-HSA-9007101,0
R-HSA-8854214,abstraction:IsAComponentOf,R-HSA-9007101,0
R-HSA-201556,abstraction:IsAComponentOf,R-HSA-9006934,0.3786751440771072
R-HSA-74752,abstraction:IsAComponentOf,R-HSA-9006934,0.44963365795494586
R-HSA-6806834,abstraction:IsAComponentOf,R-HSA-9006934,0.45938531944770145
R-HSA-2404192,abstraction:IsAComponentOf,R-HSA-9006934,0.44418480522648157
R-HSA-194138,abstraction:IsAComponentOf,R-HSA-9006934,0.42439279709649724
R-HSA-1433557,abstraction:IsAComponentOf,R-HSA-9006934,0.35457575841170746
R-HSA-1236394,abstraction:IsAComponentOf,R-HSA-9006934,0.4062893370772842
R-HSA-8852405,abstraction:IsAComponentOf,R-HSA-9006934,0
R-HSA-166520,abstraction:IsAComponentOf,R-HSA-9006934,0.5361754457435475
R-HSA-1227986,abstraction:IsAComponentOf,R-HSA-9006934,0.44963365795494586
R-HSA-177929,abstraction:IsAComponentOf,R-HSA-9006934,0.4160566915065345
R-HSA-186797,abstraction:IsAComponentOf,R-HSA-9006934,0.35457575841170746
R-HSA-190236,abstraction:IsAComponentOf,R-HSA-9006934,0.5416137520582123
R-HSA-9842663,abstraction:IsAComponentOf,R-HSA-9006934,0
R-HSA-9833576,abstraction:IsAComponentOf,R-HSA-9762292,0
R-HSA-9604323,abstraction:IsAComponentOf,R-HSA-9013694,0
R-HSA-9013700,abstraction:IsAComponentOf,R-HSA-9013694,0
R-HSA-9013695,abstraction:IsAComponentOf,R-HSA-9013694,0
R-HSA-212718,abstraction:IsAComponentOf,R-HSA-177929,0
R-HSA-179812,abstraction:IsAComponentOf,R-HSA-177929,0
R-HSA-180292,abstraction:IsAComponentOf,R-HSA-177929,0
R-HSA-182971,abstraction:IsAComponentOf,R-HSA-177929,0
R-HSA-180336,abstraction:IsAComponentOf,R-HSA-177929,0
R-HSA-9657050,abstraction:IsAComponentOf,R-HSA-9656249,0
R-HSA-9656256,abstraction:IsAComponentOf,R-HSA-9656249,0
R-HSA-9656255,abstraction:IsAComponentOf,R-HSA-9656249,0
R-HSA-195399,abstraction:IsAComponentOf,R-HSA-194313,0
R-HSA-450341,abstraction:IsAComponentOf,R-HSA-450282,0
R-HSA-198753,abstraction:IsAComponentOf,R-HSA-450282,0.809082579928201
R-HSA-199920,abstraction:IsAComponentOf,R-HSA-450282,0
R-HSA-2894862,abstraction:IsAComponentOf,R-HSA-2894858,0
R-HSA-112122,abstraction:IsAComponentOf,R-HSA-73943,0
R-HSA-112126,abstraction:IsAComponentOf,R-HSA-73943,0
R-HSA-8939211,abstraction:IsAComponentOf,R-HSA-9006931,0.324978682980675
R-HSA-9024446,abstraction:IsAComponentOf,R-HSA-9006931,0.33645876194100804
R-HSA-5362517,abstraction:IsAComponentOf,R-HSA-9006931,0.29102791169378356
R-HSA-606279,abstraction:IsAComponentOf,R-HSA-774815,0
R-HSA-9911233,abstraction:IsAComponentOf,R-HSA-1912408,0
R-HSA-111997,abstraction:IsAComponentOf,R-HSA-111996,0.9511442037278778
R-HSA-111995,abstraction:IsAComponentOf,R-HSA-111996,0
R-HSA-2046105,abstraction:IsAComponentOf,R-HSA-2046104,0
R-HSA-2046106,abstraction:IsAComponentOf,R-HSA-2046104,0
R-HSA-2426168,abstraction:IsAComponentOf,R-HSA-1655829,0
R-HSA-975163,abstraction:IsAComponentOf,R-HSA-975138,0
R-HSA-445989,abstraction:IsAComponentOf,R-HSA-975138,0.7863313244352022
R-HSA-450294,abstraction:IsAComponentOf,R-HSA-975138,0.9314910089543929
R-HSA-975144,abstraction:IsAComponentOf,R-HSA-975138,0
R-HSA-9673324,abstraction:IsAComponentOf,R-HSA-9664420,0
R-HSA-1296346,abstraction:IsAComponentOf,R-HSA-1296071,0.6365375006548887
R-HSA-1296052,abstraction:IsAComponentOf,R-HSA-1296071,0
R-HSA-1296061,abstraction:IsAComponentOf,R-HSA-1296071,0
R-HSA-1296072,abstraction:IsAComponentOf,R-HSA-1296071,0
R-HSA-1296065,abstraction:IsAComponentOf,R-HSA-1296071,0.6264691959579789
R-HSA-173623,abstraction:IsAComponentOf,R-HSA-166786,0
R-HSA-166662,abstraction:IsAComponentOf,R-HSA-166786,0.8568369613792967
R-HSA-9027284,abstraction:IsAComponentOf,R-HSA-9006335,0
R-HSA-9027283,abstraction:IsAComponentOf,R-HSA-9006335,0
R-HSA-9027276,abstraction:IsAComponentOf,R-HSA-9006335,0
R-HSA-9027277,abstraction:IsAComponentOf,R-HSA-9006335,0
R-HSA-9931929,abstraction:IsAComponentOf,R-HSA-5609975,0
R-HSA-4085023,abstraction:IsAComponentOf,R-HSA-5609975,0
R-HSA-4719360,abstraction:IsAComponentOf,R-HSA-5609975,0
R-HSA-4717374,abstraction:IsAComponentOf,R-HSA-5609975,0
R-HSA-4755609,abstraction:IsAComponentOf,R-HSA-5609975,0
R-HSA-4085011,abstraction:IsAComponentOf,R-HSA-5609975,0
R-HSA-4043911,abstraction:IsAComponentOf,R-HSA-5609975,0
R-HSA-4755583,abstraction:IsAComponentOf,R-HSA-5609975,0
R-HSA-5609977,abstraction:IsAComponentOf,R-HSA-5609975,0
R-HSA-5609976,abstraction:IsAComponentOf,R-HSA-5609975,0
R-HSA-5609974,abstraction:IsAComponentOf,R-HSA-5609975,0
R-HSA-4755579,abstraction:IsAComponentOf,R-HSA-5609975,0
R-HSA-4043916,abstraction:IsAComponentOf,R-HSA-5609975,0
R-HSA-4719377,abstraction:IsAComponentOf,R-HSA-5609975,0
R-HSA-5609978,abstraction:IsAComponentOf,R-HSA-5609975,0
R-HSA-400451,abstraction:IsAComponentOf,R-HSA-422356,0.7919218012588238
R-HSA-400042,abstraction:IsAComponentOf,R-HSA-422356,0
R-HSA-399997,abstraction:IsAComponentOf,R-HSA-422356,0
R-HSA-381676,abstraction:IsAComponentOf,R-HSA-422356,0
R-HSA-9770562,abstraction:IsAComponentOf,R-HSA-72187,0
R-HSA-9034864,abstraction:IsAComponentOf,R-HSA-9034015,0
R-HSA-9034793,abstraction:IsAComponentOf,R-HSA-9034015,0
R-HSA-9034013,abstraction:IsAComponentOf,R-HSA-9034015,0
R-HSA-9603505,abstraction:IsAComponentOf,R-HSA-9034015,0
R-HSA-9603381,abstraction:IsAComponentOf,R-HSA-9034015,0
R-HSA-8941413,abstraction:IsAComponentOf,R-HSA-1222556,0
R-HSA-164378,abstraction:IsAComponentOf,R-HSA-163359,0
R-HSA-9022538,abstraction:IsAComponentOf,R-HSA-9005891,0
R-HSA-9022537,abstraction:IsAComponentOf,R-HSA-9005891,0
R-HSA-9022535,abstraction:IsAComponentOf,R-HSA-9005891,0
R-HSA-9022534,abstraction:IsAComponentOf,R-HSA-9005891,0
R-HSA-111997,abstraction:IsAComponentOf,R-HSA-1489509,0.8097511763862878
R-HSA-6811555,abstraction:IsAComponentOf,R-HSA-6804758,0
R-HSA-5693565,abstraction:IsAComponentOf,R-HSA-5693606,0
R-HSA-5693548,abstraction:IsAComponentOf,R-HSA-5693606,0
R-HSA-5362798,abstraction:IsAComponentOf,R-HSA-5358346,0
R-HSA-9020956,abstraction:IsAComponentOf,R-HSA-447115,0
R-HSA-9020933,abstraction:IsAComponentOf,R-HSA-447115,0
R-HSA-8984722,abstraction:IsAComponentOf,R-HSA-447115,0
R-HSA-9020591,abstraction:IsAComponentOf,R-HSA-447115,0.5897772196347465
R-HSA-6781827,abstraction:IsAComponentOf,R-HSA-5696398,0.6043392440694616
R-HSA-5696399,abstraction:IsAComponentOf,R-HSA-5696398,0.6184450764288011
R-HSA-174143,abstraction:IsAComponentOf,R-HSA-453276,0.6749596952946444
R-HSA-174495,abstraction:IsAComponentOf,R-HSA-175474,0.6696280510036001
R-HSA-171286,abstraction:IsAComponentOf,R-HSA-175474,0
R-HSA-163282,abstraction:IsAComponentOf,R-HSA-75944,0
R-HSA-163316,abstraction:IsAComponentOf,R-HSA-75944,0
R-HSA-1168372,abstraction:IsAComponentOf,R-HSA-983705,0.6515100274295091
R-HSA-5690714,abstraction:IsAComponentOf,R-HSA-983705,0
R-HSA-983695,abstraction:IsAComponentOf,R-HSA-983705,0
R-HSA-6783589,abstraction:IsAComponentOf,R-HSA-449147,0.6482469397247526
R-HSA-446652,abstraction:IsAComponentOf,R-HSA-449147,0.7539686072731605
R-HSA-1266695,abstraction:IsAComponentOf,R-HSA-449147,0
R-HSA-512988,abstraction:IsAComponentOf,R-HSA-449147,0.6482469397247526
R-HSA-451927,abstraction:IsAComponentOf,R-HSA-449147,0.7044865796620793
R-HSA-6785807,abstraction:IsAComponentOf,R-HSA-449147,0
R-HSA-8854691,abstraction:IsAComponentOf,R-HSA-449147,0
R-HSA-6783783,abstraction:IsAComponentOf,R-HSA-449147,0
R-HSA-449836,abstraction:IsAComponentOf,R-HSA-449147,0
R-HSA-447115,abstraction:IsAComponentOf,R-HSA-449147,0.7044865796620793
R-HSA-448424,abstraction:IsAComponentOf,R-HSA-449147,0.7460039277894203
R-HSA-2871809,abstraction:IsAComponentOf,R-HSA-2454202,0
R-HSA-2871796,abstraction:IsAComponentOf,R-HSA-2454202,0
R-HSA-2730905,abstraction:IsAComponentOf,R-HSA-2454202,0
R-HSA-2871837,abstraction:IsAComponentOf,R-HSA-2454202,0
R-HSA-8875555,abstraction:IsAComponentOf,R-HSA-8875878,0
R-HSA-8875513,abstraction:IsAComponentOf,R-HSA-8875878,0
R-HSA-8874081,abstraction:IsAComponentOf,R-HSA-8875878,0
R-HSA-9630221,abstraction:IsAComponentOf,R-HSA-9616333,0
R-HSA-9630222,abstraction:IsAComponentOf,R-HSA-9616333,0
R-HSA-8943724,abstraction:IsAComponentOf,R-HSA-6807070,0
R-HSA-8948751,abstraction:IsAComponentOf,R-HSA-6807070,0
R-HSA-8948747,abstraction:IsAComponentOf,R-HSA-6807070,0
R-HSA-8943723,abstraction:IsAComponentOf,R-HSA-6807070,0.7904980744508254
R-HSA-9830364,abstraction:IsAComponentOf,R-HSA-9830369,0
R-HSA-9830674,abstraction:IsAComponentOf,R-HSA-9830369,0
R-HSA-9831926,abstraction:IsAComponentOf,R-HSA-9830369,0
R-HSA-163680,abstraction:IsAComponentOf,R-HSA-163685,0
R-HSA-163358,abstraction:IsAComponentOf,R-HSA-163685,0
R-HSA-163765,abstraction:IsAComponentOf,R-HSA-163685,0
R-HSA-163359,abstraction:IsAComponentOf,R-HSA-163685,0.32302664633421524
R-HSA-422356,abstraction:IsAComponentOf,R-HSA-163685,0.3734526522456831
R-HSA-163754,abstraction:IsAComponentOf,R-HSA-163685,0
R-HSA-163767,abstraction:IsAComponentOf,R-HSA-163685,0
R-HSA-166058,abstraction:IsAComponentOf,R-HSA-168188,0.9681289946630298
R-HSA-9734091,abstraction:IsAComponentOf,R-HSA-6807004,0
R-HSA-159236,abstraction:IsAComponentOf,R-HSA-72202,0
R-HSA-159234,abstraction:IsAComponentOf,R-HSA-72202,0.8418461718682594
R-HSA-69481,abstraction:IsAComponentOf,R-HSA-69620,0.5427854337993552
R-HSA-69618,abstraction:IsAComponentOf,R-HSA-69620,0.5427854337993552
R-HSA-69615,abstraction:IsAComponentOf,R-HSA-69620,0.5773499623272234
R-HSA-5576886,abstraction:IsAComponentOf,R-HSA-5576891,0
R-HSA-5578775,abstraction:IsAComponentOf,R-HSA-5576891,0
R-HSA-5578768,abstraction:IsAComponentOf,R-HSA-5576891,0
R-HSA-5576892,abstraction:IsAComponentOf,R-HSA-5576891,0
R-HSA-5576894,abstraction:IsAComponentOf,R-HSA-5576891,0
R-HSA-5576893,abstraction:IsAComponentOf,R-HSA-5576891,0
R-HSA-5576890,abstraction:IsAComponentOf,R-HSA-5576891,0
R-HSA-9617324,abstraction:IsAComponentOf,R-HSA-442755,0
R-HSA-438066,abstraction:IsAComponentOf,R-HSA-442755,0
R-HSA-9609736,abstraction:IsAComponentOf,R-HSA-442755,0
R-HSA-438064,abstraction:IsAComponentOf,R-HSA-442755,0.7859148379723795
R-HSA-1059683,abstraction:IsAComponentOf,R-HSA-6783589,0
R-HSA-6788467,abstraction:IsAComponentOf,R-HSA-6783589,0
R-HSA-110313,abstraction:IsAComponentOf,R-HSA-73893,0.6170347646832095
R-HSA-110314,abstraction:IsAComponentOf,R-HSA-73893,0
R-HSA-418457,abstraction:IsAComponentOf,R-HSA-392154,0
R-HSA-975871,abstraction:IsAComponentOf,R-HSA-168142,0.774929725096797
R-HSA-1221632,abstraction:IsAComponentOf,R-HSA-1500620,0
R-HSA-912446,abstraction:IsAComponentOf,R-HSA-1500620,0
R-HSA-991365,abstraction:IsAComponentOf,R-HSA-977444,0.9305213366917394
R-HSA-9035034,abstraction:IsAComponentOf,R-HSA-9012999,0
R-HSA-9013148,abstraction:IsAComponentOf,R-HSA-9012999,0
R-HSA-9013409,abstraction:IsAComponentOf,R-HSA-9012999,0
R-HSA-9013405,abstraction:IsAComponentOf,R-HSA-9012999,0
R-HSA-9013026,abstraction:IsAComponentOf,R-HSA-9012999,0
R-HSA-9013408,abstraction:IsAComponentOf,R-HSA-9012999,0
R-HSA-9013420,abstraction:IsAComponentOf,R-HSA-9012999,0
R-HSA-9013149,abstraction:IsAComponentOf,R-HSA-9012999,0
R-HSA-8980692,abstraction:IsAComponentOf,R-HSA-9012999,0
R-HSA-9013407,abstraction:IsAComponentOf,R-HSA-9012999,0
R-HSA-9696270,abstraction:IsAComponentOf,R-HSA-9012999,0
R-HSA-9013406,abstraction:IsAComponentOf,R-HSA-9012999,0
R-HSA-9696264,abstraction:IsAComponentOf,R-HSA-9012999,0
R-HSA-9706574,abstraction:IsAComponentOf,R-HSA-9012999,0.722865357005264
R-HSA-9696273,abstraction:IsAComponentOf,R-HSA-9012999,0
R-HSA-9013404,abstraction:IsAComponentOf,R-HSA-9012999,0
R-HSA-9013423,abstraction:IsAComponentOf,R-HSA-9012999,0
R-HSA-9013424,abstraction:IsAComponentOf,R-HSA-9012999,0
R-HSA-9013106,abstraction:IsAComponentOf,R-HSA-9012999,0
R-HSA-9856530,abstraction:IsAComponentOf,R-HSA-9860931,0
R-HSA-9860927,abstraction:IsAComponentOf,R-HSA-9860931,0
R-HSA-9912529,abstraction:IsAComponentOf,R-HSA-9865114,0
R-HSA-9865125,abstraction:IsAComponentOf,R-HSA-9865114,0
R-HSA-9907570,abstraction:IsAComponentOf,R-HSA-9865114,0
R-HSA-9865113,abstraction:IsAComponentOf,R-HSA-9865114,0
R-HSA-1839126,abstraction:IsAComponentOf,R-HSA-5655253,0.7759511395213261
R-HSA-9686347,abstraction:IsAComponentOf,R-HSA-9693928,0
R-HSA-1839128,abstraction:IsAComponentOf,R-HSA-5655291,0
R-HSA-73884,abstraction:IsAComponentOf,R-HSA-73894,0
R-HSA-73942,abstraction:IsAComponentOf,R-HSA-73894,0
R-HSA-5358508,abstraction:IsAComponentOf,R-HSA-73894,0
R-HSA-73893,abstraction:IsAComponentOf,R-HSA-73894,0
R-HSA-5693532,abstraction:IsAComponentOf,R-HSA-73894,0
R-HSA-5696398,abstraction:IsAComponentOf,R-HSA-73894,0
R-HSA-6783310,abstraction:IsAComponentOf,R-HSA-73894,0
R-HSA-69166,abstraction:IsAComponentOf,R-HSA-69183,0
R-HSA-8951911,abstraction:IsAComponentOf,R-HSA-8878159,0
R-HSA-8951936,abstraction:IsAComponentOf,R-HSA-8878159,0
R-HSA-8951430,abstraction:IsAComponentOf,R-HSA-8878159,0
R-HSA-8949275,abstraction:IsAComponentOf,R-HSA-8878159,0
R-HSA-8941855,abstraction:IsAComponentOf,R-HSA-8878159,0
R-HSA-8952158,abstraction:IsAComponentOf,R-HSA-8878159,0
R-HSA-8941856,abstraction:IsAComponentOf,R-HSA-8878159,0
R-HSA-8951671,abstraction:IsAComponentOf,R-HSA-8878159,0
R-HSA-8941858,abstraction:IsAComponentOf,R-HSA-8878159,0
R-HSA-75035,abstraction:IsAComponentOf,R-HSA-69473,0
R-HSA-69560,abstraction:IsAComponentOf,R-HSA-69563,0.8738104493018383
R-HSA-69541,abstraction:IsAComponentOf,R-HSA-69563,0.8738104493018383
R-HSA-380612,abstraction:IsAComponentOf,R-HSA-380615,0
R-HSA-5693571,abstraction:IsAComponentOf,R-HSA-5693532,0
R-HSA-5693538,abstraction:IsAComponentOf,R-HSA-5693532,0.6994309670371477
R-HSA-5693606,abstraction:IsAComponentOf,R-HSA-5693532,0.6094300499289618
R-HSA-8848021,abstraction:IsAComponentOf,R-HSA-9006927,0.3384934177943484
R-HSA-5625886,abstraction:IsAComponentOf,R-HSA-5625740,0
R-HSA-9932444,abstraction:IsAComponentOf,R-HSA-4839726,0
R-HSA-3247509,abstraction:IsAComponentOf,R-HSA-4839726,0
R-HSA-5218900,abstraction:IsAComponentOf,R-HSA-5675482,0
R-HSA-8964046,abstraction:IsAComponentOf,R-HSA-8964043,0
R-HSA-8964026,abstraction:IsAComponentOf,R-HSA-8964043,0
R-HSA-8964038,abstraction:IsAComponentOf,R-HSA-8964043,0
R-HSA-8964011,abstraction:IsAComponentOf,R-HSA-8964043,0
R-HSA-8866427,abstraction:IsAComponentOf,R-HSA-8964043,0
R-HSA-3371599,abstraction:IsAComponentOf,R-HSA-3323169,0
R-HSA-3371598,abstraction:IsAComponentOf,R-HSA-3323169,0
R-HSA-5467345,abstraction:IsAComponentOf,R-HSA-4839735,0
R-HSA-5467340,abstraction:IsAComponentOf,R-HSA-4839735,0
R-HSA-72649,abstraction:IsAComponentOf,R-HSA-72662,0
R-HSA-111463,abstraction:IsAComponentOf,R-HSA-111469,0
R-HSA-111464,abstraction:IsAComponentOf,R-HSA-111469,0
R-HSA-9632693,abstraction:IsAComponentOf,R-HSA-9630747,0.8765346228906108
R-HSA-9646303,abstraction:IsAComponentOf,R-HSA-9630747,0
R-HSA-9630750,abstraction:IsAComponentOf,R-HSA-9630747,0.8765346228906108
R-HSA-9646304,abstraction:IsAComponentOf,R-HSA-9630747,0
R-HSA-77042,abstraction:IsAComponentOf,R-HSA-75064,0
R-HSA-75102,abstraction:IsAComponentOf,R-HSA-75064,0
R-HSA-163210,abstraction:IsAComponentOf,R-HSA-1428517,0
R-HSA-880009,abstraction:IsAComponentOf,R-HSA-1428517,0
R-HSA-71403,abstraction:IsAComponentOf,R-HSA-1428517,0.34617425465337764
R-HSA-611105,abstraction:IsAComponentOf,R-HSA-1428517,0.36670166049536035
R-HSA-166187,abstraction:IsAComponentOf,R-HSA-1428517,0.34617425465337764
R-HSA-70268,abstraction:IsAComponentOf,R-HSA-1428517,0.3578935943779445
R-HSA-74749,abstraction:IsAComponentOf,R-HSA-74751,0
R-HSA-112399,abstraction:IsAComponentOf,R-HSA-74751,0.925016297229601
R-HSA-74713,abstraction:IsAComponentOf,R-HSA-74751,0
R-HSA-446199,abstraction:IsAComponentOf,R-HSA-446219,0
R-HSA-446210,abstraction:IsAComponentOf,R-HSA-446219,0
R-HSA-446205,abstraction:IsAComponentOf,R-HSA-446219,0
R-HSA-6787639,abstraction:IsAComponentOf,R-HSA-446219,0
R-HSA-4085001,abstraction:IsAComponentOf,R-HSA-446219,0
R-HSA-480985,abstraction:IsAComponentOf,R-HSA-446219,0
R-HSA-162699,abstraction:IsAComponentOf,R-HSA-446219,0
R-HSA-69231,abstraction:IsAComponentOf,R-HSA-69236,0.6895979100588864
R-HSA-2173788,abstraction:IsAComponentOf,R-HSA-2173789,0
R-HSA-171319,abstraction:IsAComponentOf,R-HSA-180786,0
R-HSA-174417,abstraction:IsAComponentOf,R-HSA-180786,0.9044517417331939
R-HSA-110056,abstraction:IsAComponentOf,R-HSA-112409,0
R-HSA-112411,abstraction:IsAComponentOf,R-HSA-112409,0
R-HSA-9925561,abstraction:IsAComponentOf,R-HSA-9820448,0
R-HSA-9937080,abstraction:IsAComponentOf,R-HSA-9820448,0
R-HSA-9925563,abstraction:IsAComponentOf,R-HSA-9820448,0
R-HSA-167060,abstraction:IsAComponentOf,R-HSA-9036866,0
R-HSA-8940973,abstraction:IsAComponentOf,R-HSA-8941326,0
R-HSA-8941284,abstraction:IsAComponentOf,R-HSA-8941326,0
R-HSA-8853383,abstraction:IsAComponentOf,R-HSA-71387,0
R-HSA-5661270,abstraction:IsAComponentOf,R-HSA-71387,0
R-HSA-1630316,abstraction:IsAComponentOf,R-HSA-71387,0.44253438888647034
R-HSA-5653890,abstraction:IsAComponentOf,R-HSA-71387,0
R-HSA-70326,abstraction:IsAComponentOf,R-HSA-71387,0.39185387154512746
R-HSA-70370,abstraction:IsAComponentOf,R-HSA-71387,0
R-HSA-9033658,abstraction:IsAComponentOf,R-HSA-71387,0.38181261238069003
R-HSA-5652084,abstraction:IsAComponentOf,R-HSA-71387,0.36850358139880396
R-HSA-71336,abstraction:IsAComponentOf,R-HSA-71387,0.3477796428174373
R-HSA-8982491,abstraction:IsAComponentOf,R-HSA-71387,0.36850358139880396
R-HSA-629587,abstraction:IsAComponentOf,R-HSA-622323,0
R-HSA-629597,abstraction:IsAComponentOf,R-HSA-622323,0
R-HSA-180786,abstraction:IsAComponentOf,R-HSA-157579,0.9177140133700507
R-HSA-9670095,abstraction:IsAComponentOf,R-HSA-157579,0
R-HSA-171306,abstraction:IsAComponentOf,R-HSA-157579,0
R-HSA-9706377,abstraction:IsAComponentOf,R-HSA-9682385,0
R-HSA-9702506,abstraction:IsAComponentOf,R-HSA-9682385,0.5498317977026224
R-HSA-9703648,abstraction:IsAComponentOf,R-HSA-9682385,0.43746160821677366
R-HSA-9702509,abstraction:IsAComponentOf,R-HSA-9682385,0
R-HSA-9703465,abstraction:IsAComponentOf,R-HSA-9682385,0
R-HSA-9856532,abstraction:IsAComponentOf,R-HSA-9855142,0
R-HSA-9860931,abstraction:IsAComponentOf,R-HSA-9855142,0.5682167179120052
R-HSA-1538133,abstraction:IsAComponentOf,R-HSA-453279,0.5559899815093783
R-HSA-69206,abstraction:IsAComponentOf,R-HSA-453279,0.6252956424729946
R-HSA-69236,abstraction:IsAComponentOf,R-HSA-453279,0.5559899815093783
R-HSA-9659379,abstraction:IsAComponentOf,R-HSA-9709957,0
R-HSA-9717189,abstraction:IsAComponentOf,R-HSA-9709957,0
R-HSA-381753,abstraction:IsAComponentOf,R-HSA-9709957,0
R-HSA-2187338,abstraction:IsAComponentOf,R-HSA-9709957,0
R-HSA-9617828,abstraction:IsAComponentOf,R-HSA-9614085,0
R-HSA-9617629,abstraction:IsAComponentOf,R-HSA-9614085,0
R-HSA-9614399,abstraction:IsAComponentOf,R-HSA-9614085,0
R-HSA-9615017,abstraction:IsAComponentOf,R-HSA-9614085,0
R-HSA-9614657,abstraction:IsAComponentOf,R-HSA-9614085,0
R-HSA-6811440,abstraction:IsAComponentOf,R-HSA-6811442,0
R-HSA-6811438,abstraction:IsAComponentOf,R-HSA-6811442,0
R-HSA-8856688,abstraction:IsAComponentOf,R-HSA-6811442,0.6692814246237735
R-HSA-203927,abstraction:IsAComponentOf,R-HSA-211000,0
R-HSA-5578749,abstraction:IsAComponentOf,R-HSA-211000,0
R-HSA-426496,abstraction:IsAComponentOf,R-HSA-211000,0
R-HSA-9708296,abstraction:IsAComponentOf,R-HSA-211000,0
R-HSA-426486,abstraction:IsAComponentOf,R-HSA-211000,0
R-HSA-5601884,abstraction:IsAComponentOf,R-HSA-211000,0
R-HSA-446219,abstraction:IsAComponentOf,R-HSA-446193,0.8110273077183369
R-HSA-983189,abstraction:IsAComponentOf,R-HSA-983231,0
R-HSA-2473224,abstraction:IsAComponentOf,R-HSA-1502540,0
R-HSA-1236382,abstraction:IsAComponentOf,R-HSA-5637815,0
R-HSA-2644606,abstraction:IsAComponentOf,R-HSA-2644602,0
R-HSA-9027307,abstraction:IsAComponentOf,R-HSA-9018682,0
R-HSA-1296041,abstraction:IsAComponentOf,R-HSA-1296059,0
R-HSA-416572,abstraction:IsAComponentOf,R-HSA-400685,0
R-HSA-416550,abstraction:IsAComponentOf,R-HSA-400685,0
R-HSA-9764561,abstraction:IsAComponentOf,R-HSA-9764265,0.8415097628790194
R-HSA-9764562,abstraction:IsAComponentOf,R-HSA-9764265,0
R-HSA-9764560,abstraction:IsAComponentOf,R-HSA-9764265,0.8854663467896181
R-HSA-9768727,abstraction:IsAComponentOf,R-HSA-9764265,0
R-HSA-4641258,abstraction:IsAComponentOf,R-HSA-201681,0
R-HSA-5368598,abstraction:IsAComponentOf,R-HSA-201681,0
R-HSA-201688,abstraction:IsAComponentOf,R-HSA-201681,0
R-HSA-4641257,abstraction:IsAComponentOf,R-HSA-201681,0
R-HSA-4641263,abstraction:IsAComponentOf,R-HSA-201681,0
R-HSA-4641262,abstraction:IsAComponentOf,R-HSA-201681,0
R-HSA-201722,abstraction:IsAComponentOf,R-HSA-201681,0.721709877369045
R-HSA-3772470,abstraction:IsAComponentOf,R-HSA-201681,0
R-HSA-3769402,abstraction:IsAComponentOf,R-HSA-201681,0
R-HSA-190872,abstraction:IsAComponentOf,R-HSA-190861,0.8274722305633474
R-HSA-190827,abstraction:IsAComponentOf,R-HSA-190861,0
R-HSA-190704,abstraction:IsAComponentOf,R-HSA-190861,0
R-HSA-5658623,abstraction:IsAComponentOf,R-HSA-5654736,0
R-HSA-190242,abstraction:IsAComponentOf,R-HSA-5654736,0.6804211607437548
R-HSA-5654726,abstraction:IsAComponentOf,R-HSA-5654736,0.6247352194731154
R-HSA-5654687,abstraction:IsAComponentOf,R-HSA-5654736,0.6966823662885069
R-HSA-2995410,abstraction:IsAComponentOf,R-HSA-68882,0.910325164255476
R-HSA-2467813,abstraction:IsAComponentOf,R-HSA-68882,0
R-HSA-2453864,abstraction:IsAComponentOf,R-HSA-2474795,0.9668812198084181
R-HSA-6809583,abstraction:IsAComponentOf,R-HSA-2474795,0
R-HSA-1638091,abstraction:IsAComponentOf,R-HSA-1630316,0.6950804151142668
R-HSA-1638074,abstraction:IsAComponentOf,R-HSA-1630316,0.6950804151142668
R-HSA-174362,abstraction:IsAComponentOf,R-HSA-1630316,0
R-HSA-1793185,abstraction:IsAComponentOf,R-HSA-1630316,0.71823620516187
R-HSA-2142845,abstraction:IsAComponentOf,R-HSA-1630316,0.6587726241184104
R-HSA-1971475,abstraction:IsAComponentOf,R-HSA-1630316,0
R-HSA-2022090,abstraction:IsAComponentOf,R-HSA-1474290,0.7364213701910344
R-HSA-1650814,abstraction:IsAComponentOf,R-HSA-1474290,0.700723947262344
R-HSA-165160,abstraction:IsAComponentOf,R-HSA-109703,0
R-HSA-420499,abstraction:IsAComponentOf,R-HSA-500792,0
R-HSA-373080,abstraction:IsAComponentOf,R-HSA-500792,0.6487847050754748
R-HSA-373076,abstraction:IsAComponentOf,R-HSA-500792,0.8209625794223175
R-HSA-6803204,abstraction:IsAComponentOf,R-HSA-5633008,0
R-HSA-6803207,abstraction:IsAComponentOf,R-HSA-5633008,0
R-HSA-6803211,abstraction:IsAComponentOf,R-HSA-5633008,0
R-HSA-6803205,abstraction:IsAComponentOf,R-HSA-5633008,0
R-HSA-727802,abstraction:IsAComponentOf,R-HSA-425397,0
R-HSA-83936,abstraction:IsAComponentOf,R-HSA-425397,0
R-HSA-804914,abstraction:IsAComponentOf,R-HSA-425397,0
R-HSA-3560783,abstraction:IsAComponentOf,R-HSA-3560782,0
R-HSA-3560792,abstraction:IsAComponentOf,R-HSA-3560782,0
R-HSA-3656244,abstraction:IsAComponentOf,R-HSA-3560782,0
R-HSA-3656243,abstraction:IsAComponentOf,R-HSA-3560782,0
R-HSA-4420332,abstraction:IsAComponentOf,R-HSA-3560782,0
R-HSA-3656234,abstraction:IsAComponentOf,R-HSA-3560782,0
R-HSA-3656237,abstraction:IsAComponentOf,R-HSA-3560782,0
R-HSA-3656248,abstraction:IsAComponentOf,R-HSA-3560782,0
R-HSA-3656253,abstraction:IsAComponentOf,R-HSA-3560782,0
R-HSA-3595172,abstraction:IsAComponentOf,R-HSA-3560782,0
R-HSA-3656225,abstraction:IsAComponentOf,R-HSA-3560782,0
R-HSA-3595177,abstraction:IsAComponentOf,R-HSA-3560782,0
R-HSA-3595174,abstraction:IsAComponentOf,R-HSA-3560782,0
R-HSA-3560796,abstraction:IsAComponentOf,R-HSA-3560782,0
R-HSA-3560801,abstraction:IsAComponentOf,R-HSA-3560782,0
R-HSA-9828211,abstraction:IsAComponentOf,R-HSA-9013973,0
R-HSA-418885,abstraction:IsAComponentOf,R-HSA-373752,0
R-HSA-418886,abstraction:IsAComponentOf,R-HSA-373752,0
R-HSA-376172,abstraction:IsAComponentOf,R-HSA-373752,0
R-HSA-418890,abstraction:IsAComponentOf,R-HSA-373752,0
R-HSA-9927426,abstraction:IsAComponentOf,R-HSA-9924644,0
R-HSA-9927418,abstraction:IsAComponentOf,R-HSA-9924644,0
R-HSA-9927432,abstraction:IsAComponentOf,R-HSA-9924644,0
R-HSA-9938206,abstraction:IsAComponentOf,R-HSA-9924644,0
R-HSA-451306,abstraction:IsAComponentOf,R-HSA-451326,0.6446983929666722
R-HSA-500657,abstraction:IsAComponentOf,R-HSA-451326,0
R-HSA-9610379,abstraction:IsAComponentOf,R-HSA-9609646,0
R-HSA-9609690,abstraction:IsAComponentOf,R-HSA-9609646,0
R-HSA-9669937,abstraction:IsAComponentOf,R-HSA-9669938,0.4956136244674539
R-HSA-9669921,abstraction:IsAComponentOf,R-HSA-9669938,0
R-HSA-9680187,abstraction:IsAComponentOf,R-HSA-9669938,0
R-HSA-9670439,abstraction:IsAComponentOf,R-HSA-9669938,0
R-HSA-9669935,abstraction:IsAComponentOf,R-HSA-9669938,0
R-HSA-9669933,abstraction:IsAComponentOf,R-HSA-9669938,0
R-HSA-9707564,abstraction:IsAComponentOf,R-HSA-9711123,0.6218195140165835
R-HSA-9755511,abstraction:IsAComponentOf,R-HSA-9711123,0.7598446742895684
R-HSA-3299685,abstraction:IsAComponentOf,R-HSA-9711123,0
R-HSA-140875,abstraction:IsAComponentOf,R-HSA-140877,0
R-HSA-140834,abstraction:IsAComponentOf,R-HSA-140877,0
R-HSA-140837,abstraction:IsAComponentOf,R-HSA-140877,0
R-HSA-422475,abstraction:IsAComponentOf,R-HSA-9675108,0.7540825524708263
R-HSA-9619665,abstraction:IsAComponentOf,R-HSA-9675108,0
R-HSA-917937,abstraction:IsAComponentOf,R-HSA-382551,0
R-HSA-8981607,abstraction:IsAComponentOf,R-HSA-382551,0
R-HSA-9845576,abstraction:IsAComponentOf,R-HSA-382551,0
R-HSA-8949215,abstraction:IsAComponentOf,R-HSA-382551,0
R-HSA-1480926,abstraction:IsAComponentOf,R-HSA-382551,0
R-HSA-174824,abstraction:IsAComponentOf,R-HSA-382551,0
R-HSA-983712,abstraction:IsAComponentOf,R-HSA-382551,0
R-HSA-382556,abstraction:IsAComponentOf,R-HSA-382551,0
R-HSA-425407,abstraction:IsAComponentOf,R-HSA-382551,0
R-HSA-445717,abstraction:IsAComponentOf,R-HSA-382551,0
R-HSA-5223345,abstraction:IsAComponentOf,R-HSA-382551,0
R-HSA-6806003,abstraction:IsAComponentOf,R-HSA-5633007,0.7549605936254629
R-HSA-6804759,abstraction:IsAComponentOf,R-HSA-5633007,0
R-HSA-6804760,abstraction:IsAComponentOf,R-HSA-5633007,0
R-HSA-6804758,abstraction:IsAComponentOf,R-HSA-5633007,0.7171207396011996
R-HSA-6804756,abstraction:IsAComponentOf,R-HSA-5633007,0
R-HSA-2465910,abstraction:IsAComponentOf,R-HSA-68875,0
R-HSA-2299718,abstraction:IsAComponentOf,R-HSA-68875,0
R-HSA-2980766,abstraction:IsAComponentOf,R-HSA-68875,0.7491907425716897
R-HSA-162658,abstraction:IsAComponentOf,R-HSA-68875,0
R-HSA-9014843,abstraction:IsAComponentOf,R-HSA-446652,0
R-HSA-9014826,abstraction:IsAComponentOf,R-HSA-446652,0
R-HSA-9020702,abstraction:IsAComponentOf,R-HSA-446652,0.6742653214352086
R-HSA-9008059,abstraction:IsAComponentOf,R-HSA-446652,0
R-HSA-448706,abstraction:IsAComponentOf,R-HSA-446652,0
R-HSA-9007892,abstraction:IsAComponentOf,R-HSA-446652,0
R-HSA-9012546,abstraction:IsAComponentOf,R-HSA-446652,0
R-HSA-3311021,abstraction:IsAComponentOf,R-HSA-3304347,0
R-HSA-196849,abstraction:IsAComponentOf,R-HSA-196854,0.4229702907092497
R-HSA-8978934,abstraction:IsAComponentOf,R-HSA-196854,0.36716021038533725
R-HSA-6806667,abstraction:IsAComponentOf,R-HSA-196854,0.36716021038533725
R-HSA-9929491,abstraction:IsAComponentOf,R-HSA-9909615,0
R-HSA-9931295,abstraction:IsAComponentOf,R-HSA-9909615,0
R-HSA-9929356,abstraction:IsAComponentOf,R-HSA-9909615,0
R-HSA-9931269,abstraction:IsAComponentOf,R-HSA-9909615,0
R-HSA-113507,abstraction:IsAComponentOf,R-HSA-113510,0
R-HSA-113501,abstraction:IsAComponentOf,R-HSA-113510,0
R-HSA-141333,abstraction:IsAComponentOf,R-HSA-140179,0
R-HSA-141334,abstraction:IsAComponentOf,R-HSA-140179,0
R-HSA-3359469,abstraction:IsAComponentOf,R-HSA-3296469,0
R-HSA-3359462,abstraction:IsAComponentOf,R-HSA-3296469,0
R-HSA-3359473,abstraction:IsAComponentOf,R-HSA-3296469,0
R-HSA-3359467,abstraction:IsAComponentOf,R-HSA-3296469,0
R-HSA-3359475,abstraction:IsAComponentOf,R-HSA-3296469,0
R-HSA-3359463,abstraction:IsAComponentOf,R-HSA-3296469,0
R-HSA-3359485,abstraction:IsAComponentOf,R-HSA-3296469,0
R-HSA-3359474,abstraction:IsAComponentOf,R-HSA-3296469,0
R-HSA-5683329,abstraction:IsAComponentOf,R-HSA-3296469,0
R-HSA-3359457,abstraction:IsAComponentOf,R-HSA-3296469,0
R-HSA-3359454,abstraction:IsAComponentOf,R-HSA-3296469,0
R-HSA-3359471,abstraction:IsAComponentOf,R-HSA-3296469,0
R-HSA-1299361,abstraction:IsAComponentOf,R-HSA-1296346,0
R-HSA-1299287,abstraction:IsAComponentOf,R-HSA-1296346,0
R-HSA-1299503,abstraction:IsAComponentOf,R-HSA-1296346,0
R-HSA-1299316,abstraction:IsAComponentOf,R-HSA-1296346,0
R-HSA-1299344,abstraction:IsAComponentOf,R-HSA-1296346,0
R-HSA-1299308,abstraction:IsAComponentOf,R-HSA-1296346,0
R-HSA-110331,abstraction:IsAComponentOf,R-HSA-73927,0
R-HSA-110330,abstraction:IsAComponentOf,R-HSA-73927,0
R-HSA-156902,abstraction:IsAComponentOf,R-HSA-156842,0
R-HSA-9012999,abstraction:IsAComponentOf,R-HSA-194315,0.9164358218637889
R-HSA-195258,abstraction:IsAComponentOf,R-HSA-194315,0.8644671860155032
R-HSA-6791226,abstraction:IsAComponentOf,R-HSA-8868773,0
R-HSA-6790901,abstraction:IsAComponentOf,R-HSA-8868773,0
R-HSA-9824272,abstraction:IsAComponentOf,R-HSA-9793380,0
R-HSA-9956551,abstraction:IsAComponentOf,R-HSA-9956522,0
R-HSA-9956553,abstraction:IsAComponentOf,R-HSA-9956522,0
R-HSA-9664422,abstraction:IsAComponentOf,R-HSA-9664417,0
R-HSA-380994,abstraction:IsAComponentOf,R-HSA-381042,0
R-HSA-1170546,abstraction:IsAComponentOf,R-HSA-1280215,0
R-HSA-913531,abstraction:IsAComponentOf,R-HSA-1280215,0.5612990750662818
R-HSA-5668541,abstraction:IsAComponentOf,R-HSA-1280215,0.4877245811186018
R-HSA-9607240,abstraction:IsAComponentOf,R-HSA-1280215,0.4877245811186018
R-HSA-449147,abstraction:IsAComponentOf,R-HSA-1280215,0.6498939463181859
R-HSA-9680350,abstraction:IsAComponentOf,R-HSA-1280215,0
R-HSA-9674555,abstraction:IsAComponentOf,R-HSA-1280215,0.4418284928248878
R-HSA-982772,abstraction:IsAComponentOf,R-HSA-1280215,0
R-HSA-9914274,abstraction:IsAComponentOf,R-HSA-9865118,0
R-HSA-9865114,abstraction:IsAComponentOf,R-HSA-9865118,0.44894522488216726
R-HSA-9912481,abstraction:IsAComponentOf,R-HSA-9865118,0
R-HSA-9909438,abstraction:IsAComponentOf,R-HSA-9865118,0
R-HSA-9914355,abstraction:IsAComponentOf,R-HSA-9865118,0
R-HSA-9916720,abstraction:IsAComponentOf,R-HSA-9865118,0
R-HSA-9916722,abstraction:IsAComponentOf,R-HSA-9865118,0
R-HSA-9915355,abstraction:IsAComponentOf,R-HSA-9865118,0
R-HSA-380259,abstraction:IsAComponentOf,R-HSA-380284,0
R-HSA-9918438,abstraction:IsAComponentOf,R-HSA-2453864,0
R-HSA-9918436,abstraction:IsAComponentOf,R-HSA-2453864,0
R-HSA-9918440,abstraction:IsAComponentOf,R-HSA-2453864,0
R-HSA-9918450,abstraction:IsAComponentOf,R-HSA-2453864,0
R-HSA-9918449,abstraction:IsAComponentOf,R-HSA-2453864,0
R-HSA-9918454,abstraction:IsAComponentOf,R-HSA-2453864,0
R-HSA-2466712,abstraction:IsAComponentOf,R-HSA-2453864,0
R-HSA-9918443,abstraction:IsAComponentOf,R-HSA-2453864,0
R-HSA-9918442,abstraction:IsAComponentOf,R-HSA-2453864,0
R-HSA-186763,abstraction:IsAComponentOf,R-HSA-186797,0
R-HSA-202433,abstraction:IsAComponentOf,R-HSA-202403,0
R-HSA-202430,abstraction:IsAComponentOf,R-HSA-202403,0
R-HSA-202427,abstraction:IsAComponentOf,R-HSA-202403,0
R-HSA-202424,abstraction:IsAComponentOf,R-HSA-202403,0
R-HSA-204174,abstraction:IsAComponentOf,R-HSA-9861718,0
R-HSA-947581,abstraction:IsAComponentOf,R-HSA-196849,0
R-HSA-199220,abstraction:IsAComponentOf,R-HSA-196849,0.7262986652756387
R-HSA-196843,abstraction:IsAComponentOf,R-HSA-196849,0
R-HSA-196741,abstraction:IsAComponentOf,R-HSA-196849,0.7918574301107295
R-HSA-196757,abstraction:IsAComponentOf,R-HSA-196849,0
R-HSA-196819,abstraction:IsAComponentOf,R-HSA-196849,0
R-HSA-196807,abstraction:IsAComponentOf,R-HSA-196849,0
R-HSA-964975,abstraction:IsAComponentOf,R-HSA-196849,0
R-HSA-196780,abstraction:IsAComponentOf,R-HSA-196849,0
R-HSA-196836,abstraction:IsAComponentOf,R-HSA-196849,0
R-HSA-113418,abstraction:IsAComponentOf,R-HSA-75955,0
R-HSA-112382,abstraction:IsAComponentOf,R-HSA-75955,0
R-HSA-2173782,abstraction:IsAComponentOf,R-HSA-5653656,0
R-HSA-199991,abstraction:IsAComponentOf,R-HSA-5653656,0
R-HSA-2979096,abstraction:IsAComponentOf,R-HSA-1980145,0
R-HSA-2197563,abstraction:IsAComponentOf,R-HSA-1980145,0
R-HSA-72187,abstraction:IsAComponentOf,R-HSA-72203,0.5842769773772476
R-HSA-72172,abstraction:IsAComponentOf,R-HSA-72203,0.6158731196996068
R-HSA-72202,abstraction:IsAComponentOf,R-HSA-72203,0.6632892466218152
R-HSA-193144,abstraction:IsAComponentOf,R-HSA-196071,0
R-HSA-196108,abstraction:IsAComponentOf,R-HSA-196071,0
R-HSA-194002,abstraction:IsAComponentOf,R-HSA-196071,0
R-HSA-193048,abstraction:IsAComponentOf,R-HSA-196071,0
R-HSA-193993,abstraction:IsAComponentOf,R-HSA-196071,0
R-HSA-9909615,abstraction:IsAComponentOf,R-HSA-9909648,0.9342682032664642
R-HSA-9909620,abstraction:IsAComponentOf,R-HSA-9909648,0
R-HSA-9909649,abstraction:IsAComponentOf,R-HSA-9909648,0
R-HSA-9697154,abstraction:IsAComponentOf,R-HSA-9675151,0.2170844158915865
R-HSA-9944971,abstraction:IsAComponentOf,R-HSA-9675151,0.18871680539245256
R-HSA-5654704,abstraction:IsAComponentOf,R-HSA-5654708,0
R-HSA-5654710,abstraction:IsAComponentOf,R-HSA-5654708,0
R-HSA-5654706,abstraction:IsAComponentOf,R-HSA-5654708,0
R-HSA-5654227,abstraction:IsAComponentOf,R-HSA-5654708,0
R-HSA-9842860,abstraction:IsAComponentOf,R-HSA-212165,0.5067045331626152
R-HSA-5334118,abstraction:IsAComponentOf,R-HSA-212165,0
R-HSA-5250913,abstraction:IsAComponentOf,R-HSA-212165,0.49003538528044305
R-HSA-9917777,abstraction:IsAComponentOf,R-HSA-212165,0.5192362411585406
R-HSA-212300,abstraction:IsAComponentOf,R-HSA-212165,0
R-HSA-5250941,abstraction:IsAComponentOf,R-HSA-212165,0.49003538528044305
R-HSA-5221030,abstraction:IsAComponentOf,R-HSA-212165,0
R-HSA-418889,abstraction:IsAComponentOf,R-HSA-5357769,0
R-HSA-140534,abstraction:IsAComponentOf,R-HSA-5357769,0.6361888534752697
R-HSA-3134975,abstraction:IsAComponentOf,R-HSA-1834949,0.4730466132598265
R-HSA-1606322,abstraction:IsAComponentOf,R-HSA-1834949,0.49843890123727325
R-HSA-3134963,abstraction:IsAComponentOf,R-HSA-1834949,0
R-HSA-1834941,abstraction:IsAComponentOf,R-HSA-1834949,0.49843890123727325
R-HSA-3134973,abstraction:IsAComponentOf,R-HSA-1834949,0
R-HSA-6804754,abstraction:IsAComponentOf,R-HSA-6806003,0
R-HSA-6804757,abstraction:IsAComponentOf,R-HSA-6806003,0
R-HSA-209543,abstraction:IsAComponentOf,R-HSA-193639,0
R-HSA-209560,abstraction:IsAComponentOf,R-HSA-193639,0
R-HSA-173599,abstraction:IsAComponentOf,R-HSA-156588,0
R-HSA-3322077,abstraction:IsAComponentOf,R-HSA-8982491,0
R-HSA-70221,abstraction:IsAComponentOf,R-HSA-8982491,0
R-HSA-73929,abstraction:IsAComponentOf,R-HSA-73884,0.6931987032148953
R-HSA-73933,abstraction:IsAComponentOf,R-HSA-73884,0.6848818173322837
R-HSA-9037628,abstraction:IsAComponentOf,R-HSA-9033658,0
R-HSA-9037629,abstraction:IsAComponentOf,R-HSA-9033658,0
R-HSA-9033807,abstraction:IsAComponentOf,R-HSA-9033658,0
R-HSA-428542,abstraction:IsAComponentOf,R-HSA-376176,0
R-HSA-428890,abstraction:IsAComponentOf,R-HSA-376176,0
R-HSA-8985586,abstraction:IsAComponentOf,R-HSA-376176,0
R-HSA-8985801,abstraction:IsAComponentOf,R-HSA-376176,0
R-HSA-428543,abstraction:IsAComponentOf,R-HSA-376176,0
R-HSA-9010642,abstraction:IsAComponentOf,R-HSA-376176,0
R-HSA-428540,abstraction:IsAComponentOf,R-HSA-376176,0
R-HSA-9010553,abstraction:IsAComponentOf,R-HSA-376176,0
R-HSA-8948700,abstraction:IsAComponentOf,R-HSA-8943723,0
R-HSA-209931,abstraction:IsAComponentOf,R-HSA-209776,0
R-HSA-209905,abstraction:IsAComponentOf,R-HSA-209776,0
R-HSA-209968,abstraction:IsAComponentOf,R-HSA-209776,0.5774744762387706
R-HSA-141424,abstraction:IsAComponentOf,R-HSA-69618,0.6899570292765688
R-HSA-141405,abstraction:IsAComponentOf,R-HSA-69618,0.6899570292765688
R-HSA-2660826,abstraction:IsAComponentOf,R-HSA-2660825,0
R-HSA-5654688,abstraction:IsAComponentOf,R-HSA-5654687,0
R-HSA-5654693,abstraction:IsAComponentOf,R-HSA-5654687,0
R-HSA-5654689,abstraction:IsAComponentOf,R-HSA-5654687,0
R-HSA-5654219,abstraction:IsAComponentOf,R-HSA-5654687,0
R-HSA-176408,abstraction:IsAComponentOf,R-HSA-174143,0.8716969038599947
R-HSA-176407,abstraction:IsAComponentOf,R-HSA-174143,0
R-HSA-174084,abstraction:IsAComponentOf,R-HSA-174143,0
R-HSA-174178,abstraction:IsAComponentOf,R-HSA-174143,0
R-HSA-176814,abstraction:IsAComponentOf,R-HSA-174143,0.9152898118189308
R-HSA-446388,abstraction:IsAComponentOf,R-HSA-446353,0
R-HSA-446343,abstraction:IsAComponentOf,R-HSA-446353,0
R-HSA-2474795,abstraction:IsAComponentOf,R-HSA-9675143,0.23468236086312658
R-HSA-174048,abstraction:IsAComponentOf,R-HSA-176409,0
R-HSA-179419,abstraction:IsAComponentOf,R-HSA-176409,0.8831973702267001
R-HSA-174154,abstraction:IsAComponentOf,R-HSA-176409,0
R-HSA-9664424,abstraction:IsAComponentOf,R-HSA-9658195,0.7966721413492767
R-HSA-9664433,abstraction:IsAComponentOf,R-HSA-9658195,0.9059405331325171
R-HSA-9664407,abstraction:IsAComponentOf,R-HSA-9658195,0.8403229526199331
R-HSA-9664420,abstraction:IsAComponentOf,R-HSA-9658195,0.7966721413492767
R-HSA-2980767,abstraction:IsAComponentOf,R-HSA-2980766,0
R-HSA-4419969,abstraction:IsAComponentOf,R-HSA-2980766,0
R-HSA-3301854,abstraction:IsAComponentOf,R-HSA-2980766,0
R-HSA-181429,abstraction:IsAComponentOf,R-HSA-112310,0
R-HSA-264642,abstraction:IsAComponentOf,R-HSA-112310,0
R-HSA-210500,abstraction:IsAComponentOf,R-HSA-112310,0
R-HSA-212676,abstraction:IsAComponentOf,R-HSA-112310,0
R-HSA-181430,abstraction:IsAComponentOf,R-HSA-112310,0
R-HSA-888590,abstraction:IsAComponentOf,R-HSA-112310,0.6317465346383719
R-HSA-2033514,abstraction:IsAComponentOf,R-HSA-5655332,0.746423389860597
R-HSA-9020958,abstraction:IsAComponentOf,R-HSA-451927,0
R-HSA-912526,abstraction:IsAComponentOf,R-HSA-451927,0
R-HSA-8983432,abstraction:IsAComponentOf,R-HSA-451927,0
R-HSA-9020558,abstraction:IsAComponentOf,R-HSA-451927,0
R-HSA-8985947,abstraction:IsAComponentOf,R-HSA-451927,0
R-HSA-75064,abstraction:IsAComponentOf,R-HSA-75072,0.580184158682485
R-HSA-72200,abstraction:IsAComponentOf,R-HSA-75072,0.5520602066526267
R-HSA-5685939,abstraction:IsAComponentOf,R-HSA-5693538,0
R-HSA-5693567,abstraction:IsAComponentOf,R-HSA-5693538,0.9102889672871707
R-HSA-68949,abstraction:IsAComponentOf,R-HSA-69052,0
R-HSA-69017,abstraction:IsAComponentOf,R-HSA-69052,0
R-HSA-844456,abstraction:IsAComponentOf,R-HSA-622312,0
R-HSA-844455,abstraction:IsAComponentOf,R-HSA-622312,0
R-HSA-844623,abstraction:IsAComponentOf,R-HSA-622312,0
R-HSA-844615,abstraction:IsAComponentOf,R-HSA-622312,0
R-HSA-202040,abstraction:IsAComponentOf,R-HSA-111885,0
R-HSA-180024,abstraction:IsAComponentOf,R-HSA-111885,0
R-HSA-112040,abstraction:IsAComponentOf,R-HSA-111885,0.9651255467552324
R-HSA-422085,abstraction:IsAComponentOf,R-HSA-2980736,0
R-HSA-264876,abstraction:IsAComponentOf,R-HSA-2980736,0
R-HSA-2022377,abstraction:IsAComponentOf,R-HSA-2980736,0
R-HSA-209952,abstraction:IsAComponentOf,R-HSA-2980736,0.4464198696522832
R-HSA-400508,abstraction:IsAComponentOf,R-HSA-2980736,0.46997582302014584
R-HSA-5083632,abstraction:IsAComponentOf,R-HSA-3906995,0
R-HSA-5083636,abstraction:IsAComponentOf,R-HSA-3906995,0
R-HSA-5083628,abstraction:IsAComponentOf,R-HSA-3906995,0
R-HSA-5083630,abstraction:IsAComponentOf,R-HSA-3906995,0
R-HSA-5083629,abstraction:IsAComponentOf,R-HSA-3906995,0
R-HSA-5083635,abstraction:IsAComponentOf,R-HSA-3906995,0
R-HSA-5083627,abstraction:IsAComponentOf,R-HSA-3906995,0
R-HSA-5083633,abstraction:IsAComponentOf,R-HSA-3906995,0
R-HSA-5083625,abstraction:IsAComponentOf,R-HSA-3906995,0
R-HSA-9954714,abstraction:IsAComponentOf,R-HSA-9948299,0
R-HSA-9954716,abstraction:IsAComponentOf,R-HSA-9948299,0
R-HSA-9954709,abstraction:IsAComponentOf,R-HSA-9948299,0
R-HSA-420597,abstraction:IsAComponentOf,R-HSA-418990,0
R-HSA-9759476,abstraction:IsAComponentOf,R-HSA-418990,0.9584136858037615
R-HSA-110362,abstraction:IsAComponentOf,R-HSA-110373,0
R-HSA-5651801,abstraction:IsAComponentOf,R-HSA-110373,0
R-HSA-350864,abstraction:IsAComponentOf,R-HSA-209968,0
R-HSA-9663891,abstraction:IsAComponentOf,R-HSA-1632852,0.9287244082446706
R-HSA-5632684,abstraction:IsAComponentOf,R-HSA-5358351,0.3087615268357214
R-HSA-5610787,abstraction:IsAComponentOf,R-HSA-5358351,0.3087615268357214
R-HSA-5358346,abstraction:IsAComponentOf,R-HSA-5358351,0.2838309644059203
R-HSA-9706374,abstraction:IsAComponentOf,R-HSA-9607240,0
R-HSA-9645135,abstraction:IsAComponentOf,R-HSA-9607240,0
R-HSA-9706369,abstraction:IsAComponentOf,R-HSA-9607240,0
R-HSA-9768759,abstraction:IsAComponentOf,R-HSA-9634815,0.5113101743262344
R-HSA-9768919,abstraction:IsAComponentOf,R-HSA-9634815,0
R-HSA-8866423,abstraction:IsAComponentOf,R-HSA-8963898,0
R-HSA-8963896,abstraction:IsAComponentOf,R-HSA-8963898,0
R-HSA-8963888,abstraction:IsAComponentOf,R-HSA-8963898,0
R-HSA-5685938,abstraction:IsAComponentOf,R-HSA-5693567,0
R-HSA-5693607,abstraction:IsAComponentOf,R-HSA-5693567,0
R-HSA-5685942,abstraction:IsAComponentOf,R-HSA-5693567,0.925016297229601
R-HSA-3371571,abstraction:IsAComponentOf,R-HSA-3371556,0.5652248234749639
R-HSA-3371453,abstraction:IsAComponentOf,R-HSA-3371556,0
R-HSA-3371511,abstraction:IsAComponentOf,R-HSA-3371556,0
R-HSA-6782861,abstraction:IsAComponentOf,R-HSA-6782315,0
R-HSA-2161517,abstraction:IsAComponentOf,R-HSA-2161522,0
R-HSA-2161541,abstraction:IsAComponentOf,R-HSA-2161522,0
R-HSA-72737,abstraction:IsAComponentOf,R-HSA-72613,0.7983055373903908
R-HSA-156827,abstraction:IsAComponentOf,R-HSA-72613,0
R-HSA-9717207,abstraction:IsAComponentOf,R-HSA-9717189,0
R-HSA-9729555,abstraction:IsAComponentOf,R-HSA-9717189,0
R-HSA-9730628,abstraction:IsAComponentOf,R-HSA-9717189,0
R-HSA-5676594,abstraction:IsAComponentOf,R-HSA-5668541,0
R-HSA-5669034,abstraction:IsAComponentOf,R-HSA-5668541,0
R-HSA-5676590,abstraction:IsAComponentOf,R-HSA-5668541,0
R-HSA-450302,abstraction:IsAComponentOf,R-HSA-450294,0
R-HSA-5684264,abstraction:IsAComponentOf,R-HSA-450294,0
R-HSA-450321,abstraction:IsAComponentOf,R-HSA-450294,0
R-HSA-450282,abstraction:IsAComponentOf,R-HSA-450294,0.9253626451147643
R-HSA-1181150,abstraction:IsAComponentOf,R-HSA-1266738,0
R-HSA-9843745,abstraction:IsAComponentOf,R-HSA-1266738,0
R-HSA-9616222,abstraction:IsAComponentOf,R-HSA-1266738,0
R-HSA-9816359,abstraction:IsAComponentOf,R-HSA-1266738,0
R-HSA-5619507,abstraction:IsAComponentOf,R-HSA-1266738,0
R-HSA-9734767,abstraction:IsAComponentOf,R-HSA-1266738,0
R-HSA-525793,abstraction:IsAComponentOf,R-HSA-1266738,0
R-HSA-9945266,abstraction:IsAComponentOf,R-HSA-1266738,0
R-HSA-6805567,abstraction:IsAComponentOf,R-HSA-1266738,0
R-HSA-9733709,abstraction:IsAComponentOf,R-HSA-1266738,0
R-HSA-9690406,abstraction:IsAComponentOf,R-HSA-1266738,0
R-HSA-452723,abstraction:IsAComponentOf,R-HSA-1266738,0
R-HSA-5682910,abstraction:IsAComponentOf,R-HSA-1266738,0
R-HSA-186712,abstraction:IsAComponentOf,R-HSA-1266738,0
R-HSA-9675108,abstraction:IsAComponentOf,R-HSA-1266738,0
R-HSA-9730414,abstraction:IsAComponentOf,R-HSA-1266738,0
R-HSA-9830369,abstraction:IsAComponentOf,R-HSA-1266738,0
R-HSA-9758941,abstraction:IsAComponentOf,R-HSA-1266738,0
R-HSA-9708530,abstraction:IsAComponentOf,R-HSA-9755511,0
R-HSA-9759194,abstraction:IsAComponentOf,R-HSA-9755511,0.9274343480354443
R-HSA-162909,abstraction:IsAComponentOf,R-HSA-162906,0.6469641046489034
R-HSA-162587,abstraction:IsAComponentOf,R-HSA-162906,0.6922492000405744
R-HSA-9753510,abstraction:IsAComponentOf,R-HSA-9649913,0
R-HSA-9753512,abstraction:IsAComponentOf,R-HSA-9649913,0
R-HSA-9630791,abstraction:IsAComponentOf,R-HSA-9630750,0
R-HSA-9630794,abstraction:IsAComponentOf,R-HSA-9630750,0
R-HSA-2033515,abstraction:IsAComponentOf,R-HSA-2033514,0
R-HSA-8853334,abstraction:IsAComponentOf,R-HSA-2033514,0
R-HSA-1839130,abstraction:IsAComponentOf,R-HSA-2033514,0
R-HSA-174403,abstraction:IsAComponentOf,R-HSA-156590,0
R-HSA-9844594,abstraction:IsAComponentOf,R-HSA-9843743,0
R-HSA-75109,abstraction:IsAComponentOf,R-HSA-8979227,0
R-HSA-163560,abstraction:IsAComponentOf,R-HSA-8979227,0
R-HSA-196025,abstraction:IsAComponentOf,R-HSA-190873,0
R-HSA-5620916,abstraction:IsAComponentOf,R-HSA-5620920,0
R-HSA-5620922,abstraction:IsAComponentOf,R-HSA-5620920,0
R-HSA-5624958,abstraction:IsAComponentOf,R-HSA-5620920,0
R-HSA-5624138,abstraction:IsAComponentOf,R-HSA-5620920,0
R-HSA-72163,abstraction:IsAComponentOf,R-HSA-72172,0
R-HSA-72165,abstraction:IsAComponentOf,R-HSA-72172,0
R-HSA-975634,abstraction:IsAComponentOf,R-HSA-6806667,0
R-HSA-6806664,abstraction:IsAComponentOf,R-HSA-6806667,0
R-HSA-8877627,abstraction:IsAComponentOf,R-HSA-6806667,0
R-HSA-1855196,abstraction:IsAComponentOf,R-HSA-1483249,0
R-HSA-1855156,abstraction:IsAComponentOf,R-HSA-1483249,0
R-HSA-1855204,abstraction:IsAComponentOf,R-HSA-1483249,0
R-HSA-1855215,abstraction:IsAComponentOf,R-HSA-1483249,0
R-HSA-1855184,abstraction:IsAComponentOf,R-HSA-1483249,0
R-HSA-1855167,abstraction:IsAComponentOf,R-HSA-1483249,0
R-HSA-1855229,abstraction:IsAComponentOf,R-HSA-1483249,0
R-HSA-1855183,abstraction:IsAComponentOf,R-HSA-1483249,0
R-HSA-1855170,abstraction:IsAComponentOf,R-HSA-1483249,0
R-HSA-1855191,abstraction:IsAComponentOf,R-HSA-1483249,0
R-HSA-1855231,abstraction:IsAComponentOf,R-HSA-1483249,0
R-HSA-1855192,abstraction:IsAComponentOf,R-HSA-1483249,0
R-HSA-5638302,abstraction:IsAComponentOf,R-HSA-1643713,0.4001525173308428
R-HSA-5637815,abstraction:IsAComponentOf,R-HSA-1643713,0.4001525173308428
R-HSA-5637812,abstraction:IsAComponentOf,R-HSA-1643713,0.4001525173308428
R-HSA-9913351,abstraction:IsAComponentOf,R-HSA-3000171,0
R-HSA-3000170,abstraction:IsAComponentOf,R-HSA-3000171,0
R-HSA-211994,abstraction:IsAComponentOf,R-HSA-211976,0
R-HSA-9752946,abstraction:IsAComponentOf,R-HSA-381753,0
R-HSA-5619073,abstraction:IsAComponentOf,R-HSA-5619102,0
R-HSA-5619058,abstraction:IsAComponentOf,R-HSA-5619102,0
R-HSA-5619094,abstraction:IsAComponentOf,R-HSA-5619102,0
R-HSA-5619107,abstraction:IsAComponentOf,R-HSA-5619102,0
R-HSA-5619063,abstraction:IsAComponentOf,R-HSA-5619102,0
R-HSA-5619047,abstraction:IsAComponentOf,R-HSA-5619102,0
R-HSA-5619101,abstraction:IsAComponentOf,R-HSA-5619102,0
R-HSA-5619053,abstraction:IsAComponentOf,R-HSA-5619102,0
R-HSA-5619097,abstraction:IsAComponentOf,R-HSA-5619102,0
R-HSA-3560792,abstraction:IsAComponentOf,R-HSA-5619102,0
R-HSA-5619039,abstraction:IsAComponentOf,R-HSA-5619102,0
R-HSA-5656364,abstraction:IsAComponentOf,R-HSA-5619102,0
R-HSA-5619099,abstraction:IsAComponentOf,R-HSA-5619102,0
R-HSA-5660862,abstraction:IsAComponentOf,R-HSA-5619102,0
R-HSA-5660724,abstraction:IsAComponentOf,R-HSA-5619102,0
R-HSA-5663020,abstraction:IsAComponentOf,R-HSA-5619102,0
R-HSA-5658208,abstraction:IsAComponentOf,R-HSA-5619102,0
R-HSA-5660686,abstraction:IsAComponentOf,R-HSA-5619102,0
R-HSA-5619066,abstraction:IsAComponentOf,R-HSA-5619102,0
R-HSA-5655799,abstraction:IsAComponentOf,R-HSA-5619102,0
R-HSA-5619068,abstraction:IsAComponentOf,R-HSA-5619102,0
R-HSA-5619056,abstraction:IsAComponentOf,R-HSA-5619102,0
R-HSA-5619081,abstraction:IsAComponentOf,R-HSA-5619102,0
R-HSA-5619110,abstraction:IsAComponentOf,R-HSA-5619102,0
R-HSA-5619046,abstraction:IsAComponentOf,R-HSA-5619102,0
R-HSA-5619044,abstraction:IsAComponentOf,R-HSA-5619102,0
R-HSA-5619048,abstraction:IsAComponentOf,R-HSA-5619102,0
R-HSA-5619071,abstraction:IsAComponentOf,R-HSA-5619102,0
R-HSA-5619050,abstraction:IsAComponentOf,R-HSA-5619102,0
R-HSA-5619036,abstraction:IsAComponentOf,R-HSA-5619102,0
R-HSA-5619076,abstraction:IsAComponentOf,R-HSA-5619102,0
R-HSA-5660883,abstraction:IsAComponentOf,R-HSA-5619102,0
R-HSA-5619096,abstraction:IsAComponentOf,R-HSA-5619102,0
R-HSA-5619104,abstraction:IsAComponentOf,R-HSA-5619102,0
R-HSA-5619098,abstraction:IsAComponentOf,R-HSA-5619102,0
R-HSA-5619078,abstraction:IsAComponentOf,R-HSA-5619102,0
R-HSA-5619061,abstraction:IsAComponentOf,R-HSA-5619102,0
R-HSA-5619037,abstraction:IsAComponentOf,R-HSA-5619102,0
R-HSA-5619049,abstraction:IsAComponentOf,R-HSA-5619102,0
R-HSA-5619108,abstraction:IsAComponentOf,R-HSA-5619102,0
R-HSA-5619035,abstraction:IsAComponentOf,R-HSA-5619102,0
R-HSA-5619114,abstraction:IsAComponentOf,R-HSA-5619102,0
R-HSA-5619041,abstraction:IsAComponentOf,R-HSA-5619102,0
R-HSA-5619055,abstraction:IsAComponentOf,R-HSA-5619102,0
R-HSA-5619040,abstraction:IsAComponentOf,R-HSA-5619102,0
R-HSA-5619060,abstraction:IsAComponentOf,R-HSA-5619102,0
R-HSA-5619111,abstraction:IsAComponentOf,R-HSA-5619102,0
R-HSA-5619095,abstraction:IsAComponentOf,R-HSA-5619102,0
R-HSA-5619092,abstraction:IsAComponentOf,R-HSA-5619102,0
R-HSA-5619054,abstraction:IsAComponentOf,R-HSA-5619102,0
R-HSA-5619067,abstraction:IsAComponentOf,R-HSA-5619102,0
R-HSA-5619109,abstraction:IsAComponentOf,R-HSA-5619102,0
R-HSA-5619088,abstraction:IsAComponentOf,R-HSA-5619102,0
R-HSA-5619113,abstraction:IsAComponentOf,R-HSA-5619102,0
R-HSA-5619043,abstraction:IsAComponentOf,R-HSA-5619102,0
R-HSA-5619077,abstraction:IsAComponentOf,R-HSA-5619102,0
R-HSA-5619089,abstraction:IsAComponentOf,R-HSA-5619102,0
R-HSA-5619085,abstraction:IsAComponentOf,R-HSA-5619102,0
R-HSA-9036092,abstraction:IsAComponentOf,R-HSA-5619102,0
R-HSA-5619072,abstraction:IsAComponentOf,R-HSA-5619102,0
R-HSA-5619045,abstraction:IsAComponentOf,R-HSA-5619102,0
R-HSA-5619070,abstraction:IsAComponentOf,R-HSA-5619102,0
R-HSA-5658471,abstraction:IsAComponentOf,R-HSA-5619102,0
R-HSA-5659735,abstraction:IsAComponentOf,R-HSA-5619102,0
R-HSA-5619062,abstraction:IsAComponentOf,R-HSA-5619102,0
R-HSA-5619083,abstraction:IsAComponentOf,R-HSA-5619102,0
R-HSA-5619052,abstraction:IsAComponentOf,R-HSA-5619102,0
R-HSA-5619042,abstraction:IsAComponentOf,R-HSA-5619102,0
R-HSA-5619087,abstraction:IsAComponentOf,R-HSA-5619102,0
R-HSA-3248023,abstraction:IsAComponentOf,R-HSA-3134975,0
R-HSA-936964,abstraction:IsAComponentOf,R-HSA-937061,0.7797043514934077
R-HSA-937072,abstraction:IsAComponentOf,R-HSA-937061,0
R-HSA-937041,abstraction:IsAComponentOf,R-HSA-937061,0
R-HSA-445989,abstraction:IsAComponentOf,R-HSA-937061,0.7797043514934077
R-HSA-450294,abstraction:IsAComponentOf,R-HSA-937061,0.9263437216984373
R-HSA-2562578,abstraction:IsAComponentOf,R-HSA-937061,0
R-HSA-9825895,abstraction:IsAComponentOf,R-HSA-9856651,0
R-HSA-9825892,abstraction:IsAComponentOf,R-HSA-9856651,0
R-HSA-9854909,abstraction:IsAComponentOf,R-HSA-9856651,0
R-HSA-9824594,abstraction:IsAComponentOf,R-HSA-9856651,0
R-HSA-9857377,abstraction:IsAComponentOf,R-HSA-9856651,0
R-HSA-9854907,abstraction:IsAComponentOf,R-HSA-9856651,0
R-HSA-9824585,abstraction:IsAComponentOf,R-HSA-9856651,0
R-HSA-9926550,abstraction:IsAComponentOf,R-HSA-9856651,0
R-HSA-9758881,abstraction:IsAComponentOf,R-HSA-196741,0
R-HSA-9758890,abstraction:IsAComponentOf,R-HSA-196741,0
R-HSA-9759218,abstraction:IsAComponentOf,R-HSA-196741,0
R-HSA-5654733,abstraction:IsAComponentOf,R-HSA-5654743,0.6116276192147444
R-HSA-190322,abstraction:IsAComponentOf,R-HSA-5654743,0.6116276192147444
R-HSA-5654716,abstraction:IsAComponentOf,R-HSA-5654743,0.6804211607437548
R-HSA-9858328,abstraction:IsAComponentOf,R-HSA-71064,0
R-HSA-9956508,abstraction:IsAComponentOf,R-HSA-9955698,0
R-HSA-9955693,abstraction:IsAComponentOf,R-HSA-9955698,0
R-HSA-9956514,abstraction:IsAComponentOf,R-HSA-9955698,0
R-HSA-9955542,abstraction:IsAComponentOf,R-HSA-9955698,0
R-HSA-9956529,abstraction:IsAComponentOf,R-HSA-9955698,0
R-HSA-9956522,abstraction:IsAComponentOf,R-HSA-9955698,0.4151208278731642
R-HSA-9956520,abstraction:IsAComponentOf,R-HSA-9955698,0
R-HSA-2024101,abstraction:IsAComponentOf,R-HSA-1793185,0
R-HSA-2022923,abstraction:IsAComponentOf,R-HSA-1793185,0
R-HSA-2022870,abstraction:IsAComponentOf,R-HSA-1793185,0
R-HSA-180910,abstraction:IsAComponentOf,R-HSA-176033,0
R-HSA-180897,abstraction:IsAComponentOf,R-HSA-176033,0
R-HSA-3656535,abstraction:IsAComponentOf,R-HSA-3656534,0
R-HSA-3656532,abstraction:IsAComponentOf,R-HSA-3656534,0
R-HSA-9734195,abstraction:IsAComponentOf,R-HSA-9734207,0
R-HSA-9734281,abstraction:IsAComponentOf,R-HSA-9734207,0
R-HSA-9734735,abstraction:IsAComponentOf,R-HSA-9734207,0
R-HSA-444257,abstraction:IsAComponentOf,R-HSA-442742,0
R-HSA-442982,abstraction:IsAComponentOf,R-HSA-442742,0
R-HSA-73772,abstraction:IsAComponentOf,R-HSA-73854,0
R-HSA-73762,abstraction:IsAComponentOf,R-HSA-73854,0
R-HSA-73728,abstraction:IsAComponentOf,R-HSA-73854,0
R-HSA-8941332,abstraction:IsAComponentOf,R-HSA-8878166,0
R-HSA-8941326,abstraction:IsAComponentOf,R-HSA-8878166,0.5267542251801972
R-HSA-8939902,abstraction:IsAComponentOf,R-HSA-8878166,0
R-HSA-8941333,abstraction:IsAComponentOf,R-HSA-8878166,0
R-HSA-9670621,abstraction:IsAComponentOf,R-HSA-9006821,0.9305213366917394
R-HSA-8963684,abstraction:IsAComponentOf,R-HSA-8963691,0
R-HSA-8964208,abstraction:IsAComponentOf,R-HSA-8963691,0
R-HSA-211163,abstraction:IsAComponentOf,R-HSA-210745,0
R-HSA-9702518,abstraction:IsAComponentOf,R-HSA-9703648,0
R-HSA-9948011,abstraction:IsAComponentOf,R-HSA-9686114,0
R-HSA-9948001,abstraction:IsAComponentOf,R-HSA-9686114,0
R-HSA-9960525,abstraction:IsAComponentOf,R-HSA-9686114,0
R-HSA-9960519,abstraction:IsAComponentOf,R-HSA-9686114,0
R-HSA-173107,abstraction:IsAComponentOf,R-HSA-162594,0
R-HSA-162589,abstraction:IsAComponentOf,R-HSA-162594,0.6944623789699034
R-HSA-162592,abstraction:IsAComponentOf,R-HSA-162594,0.7167871490174618
R-HSA-162585,abstraction:IsAComponentOf,R-HSA-162594,0
R-HSA-9932451,abstraction:IsAComponentOf,R-HSA-9932444,0.8617873424200003
R-HSA-69478,abstraction:IsAComponentOf,R-HSA-69481,0
R-HSA-69473,abstraction:IsAComponentOf,R-HSA-69481,0.6899570292765688
R-HSA-176187,abstraction:IsAComponentOf,R-HSA-69481,0
R-HSA-901042,abstraction:IsAComponentOf,R-HSA-532668,0.6334129303190681
R-HSA-171007,abstraction:IsAComponentOf,R-HSA-167044,0
R-HSA-69190,abstraction:IsAComponentOf,R-HSA-69239,0.8843320833584006
R-HSA-68952,abstraction:IsAComponentOf,R-HSA-69239,0
R-HSA-69052,abstraction:IsAComponentOf,R-HSA-69239,0.8085354946180747
R-HSA-9764790,abstraction:IsAComponentOf,R-HSA-9764560,0
R-HSA-9764725,abstraction:IsAComponentOf,R-HSA-9764560,0
R-HSA-162594,abstraction:IsAComponentOf,R-HSA-162587,0.7905695010676048
R-HSA-162599,abstraction:IsAComponentOf,R-HSA-162587,0.8571666275161457
R-HSA-349425,abstraction:IsAComponentOf,R-HSA-69541,0
R-HSA-9839406,abstraction:IsAComponentOf,R-HSA-9839373,0
R-HSA-9839394,abstraction:IsAComponentOf,R-HSA-9839373,0
R-HSA-9839383,abstraction:IsAComponentOf,R-HSA-9839373,0
R-HSA-9839389,abstraction:IsAComponentOf,R-HSA-9839373,0
R-HSA-9839397,abstraction:IsAComponentOf,R-HSA-9839373,0
R-HSA-8939256,abstraction:IsAComponentOf,R-HSA-8878171,0
R-HSA-8936459,abstraction:IsAComponentOf,R-HSA-8878171,0
R-HSA-8934593,abstraction:IsAComponentOf,R-HSA-8878171,0
R-HSA-8939247,abstraction:IsAComponentOf,R-HSA-8878171,0
R-HSA-8939246,abstraction:IsAComponentOf,R-HSA-8878171,0
R-HSA-8935964,abstraction:IsAComponentOf,R-HSA-8878171,0
R-HSA-8931987,abstraction:IsAComponentOf,R-HSA-8878171,0
R-HSA-8939242,abstraction:IsAComponentOf,R-HSA-8878171,0
R-HSA-8939236,abstraction:IsAComponentOf,R-HSA-8878171,0
R-HSA-8939243,abstraction:IsAComponentOf,R-HSA-8878171,0
R-HSA-8877330,abstraction:IsAComponentOf,R-HSA-8878171,0
R-HSA-8939245,abstraction:IsAComponentOf,R-HSA-8878171,0
R-HSA-1236977,abstraction:IsAComponentOf,R-HSA-1236975,0
R-HSA-1236974,abstraction:IsAComponentOf,R-HSA-1236975,0
R-HSA-1236973,abstraction:IsAComponentOf,R-HSA-1236975,0
R-HSA-1236978,abstraction:IsAComponentOf,R-HSA-1236975,0
R-HSA-168303,abstraction:IsAComponentOf,R-HSA-168268,0
R-HSA-168316,abstraction:IsAComponentOf,R-HSA-168268,0.6568536300625847
R-HSA-168298,abstraction:IsAComponentOf,R-HSA-168268,0
R-HSA-168302,abstraction:IsAComponentOf,R-HSA-168268,0
R-HSA-9918432,abstraction:IsAComponentOf,R-HSA-9918487,0
R-HSA-9725371,abstraction:IsAComponentOf,R-HSA-9725370,0
R-HSA-2892245,abstraction:IsAComponentOf,R-HSA-452723,0
R-HSA-2892247,abstraction:IsAComponentOf,R-HSA-452723,0
R-HSA-388841,abstraction:IsAComponentOf,R-HSA-1280218,0.5437041474695388
R-HSA-2132295,abstraction:IsAComponentOf,R-HSA-1280218,0
R-HSA-392517,abstraction:IsAComponentOf,R-HSA-1280218,0
R-HSA-8851680,abstraction:IsAComponentOf,R-HSA-1280218,0
R-HSA-983169,abstraction:IsAComponentOf,R-HSA-1280218,0.5099174505513823
R-HSA-983705,abstraction:IsAComponentOf,R-HSA-1280218,0.4958168752089257
R-HSA-202403,abstraction:IsAComponentOf,R-HSA-1280218,0.4772176791843357
R-HSA-198933,abstraction:IsAComponentOf,R-HSA-1280218,0
R-HSA-9673767,abstraction:IsAComponentOf,R-HSA-9671555,0
R-HSA-9674428,abstraction:IsAComponentOf,R-HSA-9671555,0
R-HSA-9673770,abstraction:IsAComponentOf,R-HSA-9671555,0
R-HSA-9673768,abstraction:IsAComponentOf,R-HSA-9671555,0
R-HSA-9674415,abstraction:IsAComponentOf,R-HSA-9671555,0.4622757348934462
R-HSA-9673766,abstraction:IsAComponentOf,R-HSA-9671555,0
R-HSA-379397,abstraction:IsAComponentOf,R-HSA-379401,0
R-HSA-379398,abstraction:IsAComponentOf,R-HSA-379401,0
R-HSA-9017802,abstraction:IsAComponentOf,R-HSA-9013507,0
R-HSA-9662360,abstraction:IsAComponentOf,R-HSA-9659379,0
R-HSA-9662361,abstraction:IsAComponentOf,R-HSA-9659379,0.6915750433307744
R-HSA-72689,abstraction:IsAComponentOf,R-HSA-72737,0
R-HSA-72702,abstraction:IsAComponentOf,R-HSA-72737,0
R-HSA-72695,abstraction:IsAComponentOf,R-HSA-72737,0
R-HSA-72731,abstraction:IsAComponentOf,R-HSA-72737,0
R-HSA-72706,abstraction:IsAComponentOf,R-HSA-72737,0
R-HSA-72662,abstraction:IsAComponentOf,R-HSA-72737,0.8246388278932038
R-HSA-71384,abstraction:IsAComponentOf,R-HSA-211945,0
R-HSA-140179,abstraction:IsAComponentOf,R-HSA-211945,0.725003579653136
R-HSA-8937144,abstraction:IsAComponentOf,R-HSA-211945,0
R-HSA-211897,abstraction:IsAComponentOf,R-HSA-211945,0.82524542192345
R-HSA-217271,abstraction:IsAComponentOf,R-HSA-211945,0
R-HSA-140180,abstraction:IsAComponentOf,R-HSA-211945,0
R-HSA-164944,abstraction:IsAComponentOf,R-HSA-164952,0
R-HSA-164938,abstraction:IsAComponentOf,R-HSA-164952,0.8045374824094892
R-HSA-176974,abstraction:IsAComponentOf,R-HSA-69190,0
R-HSA-69186,abstraction:IsAComponentOf,R-HSA-69190,0.8536361787412649
R-HSA-69109,abstraction:IsAComponentOf,R-HSA-69190,0.7872044873440615
R-HSA-8964043,abstraction:IsAComponentOf,R-HSA-174824,0.6369788154197678
R-HSA-8963898,abstraction:IsAComponentOf,R-HSA-174824,0.6100921111959933
R-HSA-8963899,abstraction:IsAComponentOf,R-HSA-174824,0.6249479280965761
R-HSA-2160916,abstraction:IsAComponentOf,R-HSA-2142845,0
R-HSA-71032,abstraction:IsAComponentOf,R-HSA-77289,0
R-HSA-77286,abstraction:IsAComponentOf,R-HSA-77289,0.7809738492799869
R-HSA-77288,abstraction:IsAComponentOf,R-HSA-77289,0
R-HSA-1963640,abstraction:IsAComponentOf,R-HSA-1227986,0
R-HSA-6785631,abstraction:IsAComponentOf,R-HSA-1227986,0
R-HSA-1963642,abstraction:IsAComponentOf,R-HSA-1227986,0
R-HSA-8847993,abstraction:IsAComponentOf,R-HSA-1227986,0
R-HSA-9652282,abstraction:IsAComponentOf,R-HSA-1227986,0
R-HSA-1251932,abstraction:IsAComponentOf,R-HSA-1227986,0
R-HSA-8863795,abstraction:IsAComponentOf,R-HSA-1227986,0.431729827371701
R-HSA-1306955,abstraction:IsAComponentOf,R-HSA-1227986,0
R-HSA-1250196,abstraction:IsAComponentOf,R-HSA-1227986,0
R-HSA-5675482,abstraction:IsAComponentOf,R-HSA-5213460,0.8633348732971253
R-HSA-774815,abstraction:IsAComponentOf,R-HSA-73886,0.46815045617696005
R-HSA-157579,abstraction:IsAComponentOf,R-HSA-73886,0.5597748542988301
R-HSA-9683439,abstraction:IsAComponentOf,R-HSA-9679504,0
R-HSA-9684325,abstraction:IsAComponentOf,R-HSA-9679504,0
R-HSA-5689896,abstraction:IsAComponentOf,R-HSA-5688426,0
R-HSA-5689877,abstraction:IsAComponentOf,R-HSA-5688426,0
R-HSA-5689603,abstraction:IsAComponentOf,R-HSA-5688426,0
R-HSA-5689880,abstraction:IsAComponentOf,R-HSA-5688426,0
R-HSA-5689901,abstraction:IsAComponentOf,R-HSA-5688426,0
R-HSA-69278,abstraction:IsAComponentOf,R-HSA-1640170,0
R-HSA-73886,abstraction:IsAComponentOf,R-HSA-1640170,0
R-HSA-1500620,abstraction:IsAComponentOf,R-HSA-1640170,0
R-HSA-69620,abstraction:IsAComponentOf,R-HSA-1640170,0
R-HSA-5620924,abstraction:IsAComponentOf,R-HSA-5617833,0
R-HSA-5620912,abstraction:IsAComponentOf,R-HSA-5617833,0
R-HSA-5620920,abstraction:IsAComponentOf,R-HSA-5617833,0.8697886076092539
R-HSA-8948216,abstraction:IsAComponentOf,R-HSA-1650814,0
R-HSA-2408499,abstraction:IsAComponentOf,R-HSA-2408522,0
R-HSA-5263617,abstraction:IsAComponentOf,R-HSA-2408522,0
R-HSA-2408508,abstraction:IsAComponentOf,R-HSA-2408522,0
R-HSA-2408550,abstraction:IsAComponentOf,R-HSA-2408522,0
R-HSA-2408557,abstraction:IsAComponentOf,R-HSA-2408522,0
R-HSA-2408552,abstraction:IsAComponentOf,R-HSA-2408522,0
R-HSA-73817,abstraction:IsAComponentOf,R-HSA-8956320,0
R-HSA-500753,abstraction:IsAComponentOf,R-HSA-8956320,0
R-HSA-165158,abstraction:IsAComponentOf,R-HSA-109704,0
R-HSA-109703,abstraction:IsAComponentOf,R-HSA-109704,0.8568369613792967
R-HSA-9665737,abstraction:IsAComponentOf,R-HSA-1227990,0
R-HSA-9634285,abstraction:IsAComponentOf,R-HSA-1227990,0
R-HSA-9664565,abstraction:IsAComponentOf,R-HSA-1227990,0
R-HSA-9665348,abstraction:IsAComponentOf,R-HSA-1227990,0
R-HSA-9665230,abstraction:IsAComponentOf,R-HSA-1227990,0.5048099282091221
R-HSA-9665686,abstraction:IsAComponentOf,R-HSA-1227990,0
R-HSA-109606,abstraction:IsAComponentOf,R-HSA-109581,0.9014389115565336
R-HSA-75153,abstraction:IsAComponentOf,R-HSA-109581,0.8030573669720181
R-HSA-169911,abstraction:IsAComponentOf,R-HSA-109581,0.727394431392001
R-HSA-5357769,abstraction:IsAComponentOf,R-HSA-109581,0.773367505559157
R-HSA-9694322,abstraction:IsAComponentOf,R-HSA-9772573,0
R-HSA-9694635,abstraction:IsAComponentOf,R-HSA-9772573,0.7893383006926108
R-HSA-9733458,abstraction:IsAComponentOf,R-HSA-9772573,0
R-HSA-9727281,abstraction:IsAComponentOf,R-HSA-9772573,0
R-HSA-446353,abstraction:IsAComponentOf,R-HSA-446728,0.7672299603586701
R-HSA-446107,abstraction:IsAComponentOf,R-HSA-446728,0
R-HSA-421270,abstraction:IsAComponentOf,R-HSA-446728,0.9550315388747647
R-HSA-210455,abstraction:IsAComponentOf,R-HSA-112313,0
R-HSA-4793954,abstraction:IsAComponentOf,R-HSA-3781860,0
R-HSA-4551295,abstraction:IsAComponentOf,R-HSA-3781860,0
R-HSA-4549349,abstraction:IsAComponentOf,R-HSA-3781860,0
R-HSA-4720454,abstraction:IsAComponentOf,R-HSA-3781860,0
R-HSA-4724325,abstraction:IsAComponentOf,R-HSA-3781860,0
R-HSA-4724289,abstraction:IsAComponentOf,R-HSA-3781860,0
R-HSA-5633231,abstraction:IsAComponentOf,R-HSA-3781860,0
R-HSA-4720475,abstraction:IsAComponentOf,R-HSA-3781860,0
R-HSA-4793953,abstraction:IsAComponentOf,R-HSA-3781860,0
R-HSA-4720489,abstraction:IsAComponentOf,R-HSA-3781860,0
R-HSA-4793952,abstraction:IsAComponentOf,R-HSA-3781860,0
R-HSA-4687000,abstraction:IsAComponentOf,R-HSA-3781860,0
R-HSA-4549356,abstraction:IsAComponentOf,R-HSA-3781860,0
R-HSA-4549380,abstraction:IsAComponentOf,R-HSA-3781860,0
R-HSA-4793950,abstraction:IsAComponentOf,R-HSA-3781860,0
R-HSA-4570571,abstraction:IsAComponentOf,R-HSA-3781860,0
R-HSA-4341670,abstraction:IsAComponentOf,R-HSA-3781860,0
R-HSA-881907,abstraction:IsAComponentOf,R-HSA-416476,0.6270532634918237
R-HSA-114508,abstraction:IsAComponentOf,R-HSA-416476,0.6270532634918237
R-HSA-1912399,abstraction:IsAComponentOf,R-HSA-1912422,0
R-HSA-1912420,abstraction:IsAComponentOf,R-HSA-1912422,0
R-HSA-1912408,abstraction:IsAComponentOf,R-HSA-1912422,0.6899570292765688
R-HSA-3928662,abstraction:IsAComponentOf,R-HSA-2682334,0
R-HSA-3928664,abstraction:IsAComponentOf,R-HSA-2682334,0
R-HSA-3928663,abstraction:IsAComponentOf,R-HSA-2682334,0
R-HSA-3928665,abstraction:IsAComponentOf,R-HSA-2682334,0
R-HSA-1614517,abstraction:IsAComponentOf,R-HSA-1614558,0
R-HSA-964739,abstraction:IsAComponentOf,R-HSA-948021,0.7083377309487136
R-HSA-199977,abstraction:IsAComponentOf,R-HSA-948021,0.7705552485467767
R-HSA-975576,abstraction:IsAComponentOf,R-HSA-948021,0.7705552485467767
R-HSA-5626978,abstraction:IsAComponentOf,R-HSA-75893,0
R-HSA-5357905,abstraction:IsAComponentOf,R-HSA-75893,0
R-HSA-5357956,abstraction:IsAComponentOf,R-HSA-75893,0
R-HSA-5357786,abstraction:IsAComponentOf,R-HSA-75893,0
R-HSA-69202,abstraction:IsAComponentOf,R-HSA-69206,0.7987606332005013
R-HSA-68962,abstraction:IsAComponentOf,R-HSA-69206,0
R-HSA-69205,abstraction:IsAComponentOf,R-HSA-69206,0
R-HSA-113510,abstraction:IsAComponentOf,R-HSA-69206,0.7987606332005013
R-HSA-70350,abstraction:IsAComponentOf,R-HSA-5652084,0
R-HSA-5652227,abstraction:IsAComponentOf,R-HSA-5652084,0
R-HSA-8856828,abstraction:IsAComponentOf,R-HSA-199991,0.6945333570433465
R-HSA-9007101,abstraction:IsAComponentOf,R-HSA-199991,0.7352814135623911
R-HSA-199992,abstraction:IsAComponentOf,R-HSA-199991,0.7352814135623911
R-HSA-1445148,abstraction:IsAComponentOf,R-HSA-199991,0
R-HSA-157858,abstraction:IsAComponentOf,R-HSA-199991,0.8425448037402675
R-HSA-917729,abstraction:IsAComponentOf,R-HSA-199991,0
R-HSA-199977,abstraction:IsAComponentOf,R-HSA-199991,0.7614127712319179
R-HSA-6811442,abstraction:IsAComponentOf,R-HSA-199991,0.7971023706707754
R-HSA-187037,abstraction:IsAComponentOf,R-HSA-166520,0.6368278718142208
R-HSA-9006115,abstraction:IsAComponentOf,R-HSA-166520,0.5923181429428966
R-HSA-9036866,abstraction:IsAComponentOf,R-HSA-166520,0.4807078333282409
R-HSA-9034015,abstraction:IsAComponentOf,R-HSA-166520,0.5536237865453811
R-HSA-9918487,abstraction:IsAComponentOf,R-HSA-9839923,0.42552472751131215
R-HSA-9918485,abstraction:IsAComponentOf,R-HSA-9839923,0
R-HSA-9918476,abstraction:IsAComponentOf,R-HSA-9839923,0
R-HSA-9918481,abstraction:IsAComponentOf,R-HSA-9839923,0.447752174198196
R-HSA-109581,abstraction:IsAComponentOf,R-HSA-5357801,0
R-HSA-5218859,abstraction:IsAComponentOf,R-HSA-5357801,0
R-HSA-9715370,abstraction:IsAComponentOf,R-HSA-9716542,0.33503460301225096
R-HSA-194315,abstraction:IsAComponentOf,R-HSA-9716542,0.4457085543269086
R-HSA-9706019,abstraction:IsAComponentOf,R-HSA-9716542,0
R-HSA-9632697,abstraction:IsAComponentOf,R-HSA-9632693,0
R-HSA-9632700,abstraction:IsAComponentOf,R-HSA-9632693,0
R-HSA-1234158,abstraction:IsAComponentOf,R-HSA-1234174,0
R-HSA-1234176,abstraction:IsAComponentOf,R-HSA-1234174,0
R-HSA-3065679,abstraction:IsAComponentOf,R-HSA-3215018,0
R-HSA-3065678,abstraction:IsAComponentOf,R-HSA-3215018,0
R-HSA-3065676,abstraction:IsAComponentOf,R-HSA-3215018,0
R-HSA-433137,abstraction:IsAComponentOf,R-HSA-9958790,0
R-HSA-426117,abstraction:IsAComponentOf,R-HSA-9958790,0
R-HSA-425381,abstraction:IsAComponentOf,R-HSA-9958790,0
R-HSA-427601,abstraction:IsAComponentOf,R-HSA-9958790,0
R-HSA-427652,abstraction:IsAComponentOf,R-HSA-9958790,0.6359199709597239
R-HSA-111367,abstraction:IsAComponentOf,R-HSA-75067,0
R-HSA-77595,abstraction:IsAComponentOf,R-HSA-75067,0
R-HSA-77588,abstraction:IsAComponentOf,R-HSA-75067,0
R-HSA-75953,abstraction:IsAComponentOf,R-HSA-76042,0
R-HSA-73776,abstraction:IsAComponentOf,R-HSA-76042,0
R-HSA-434316,abstraction:IsAComponentOf,R-HSA-400451,0
R-HSA-434313,abstraction:IsAComponentOf,R-HSA-400451,0
R-HSA-196299,abstraction:IsAComponentOf,R-HSA-195253,0
R-HSA-4641265,abstraction:IsAComponentOf,R-HSA-195253,0
R-HSA-5635851,abstraction:IsAComponentOf,R-HSA-5632684,0
R-HSA-5632681,abstraction:IsAComponentOf,R-HSA-5632684,0
R-HSA-5635838,abstraction:IsAComponentOf,R-HSA-5632684,0
R-HSA-5467343,abstraction:IsAComponentOf,R-HSA-4839748,0
R-HSA-5467348,abstraction:IsAComponentOf,R-HSA-4839748,0
R-HSA-917977,abstraction:IsAComponentOf,R-HSA-917937,0
R-HSA-381340,abstraction:IsAComponentOf,R-HSA-9843745,0
R-HSA-9843743,abstraction:IsAComponentOf,R-HSA-9843745,0.43698102693706725
R-HSA-977068,abstraction:IsAComponentOf,R-HSA-913709,0
R-HSA-8866910,abstraction:IsAComponentOf,R-HSA-8864260,0
R-HSA-8866904,abstraction:IsAComponentOf,R-HSA-8864260,0
R-HSA-8866911,abstraction:IsAComponentOf,R-HSA-8864260,0
R-HSA-8869496,abstraction:IsAComponentOf,R-HSA-8864260,0
R-HSA-8866906,abstraction:IsAComponentOf,R-HSA-8864260,0
R-HSA-8866907,abstraction:IsAComponentOf,R-HSA-8864260,0
R-HSA-9754119,abstraction:IsAComponentOf,R-HSA-69231,0
R-HSA-446728,abstraction:IsAComponentOf,R-HSA-1500931,0
R-HSA-373753,abstraction:IsAComponentOf,R-HSA-1500931,0
R-HSA-391160,abstraction:IsAComponentOf,R-HSA-1500931,0
R-HSA-399710,abstraction:IsAComponentOf,R-HSA-399721,0
R-HSA-399719,abstraction:IsAComponentOf,R-HSA-399721,0.602002012391253
R-HSA-9694719,abstraction:IsAComponentOf,R-HSA-9694635,0
R-HSA-9694548,abstraction:IsAComponentOf,R-HSA-9694635,0
R-HSA-9694631,abstraction:IsAComponentOf,R-HSA-9694635,0
R-HSA-9694594,abstraction:IsAComponentOf,R-HSA-9694635,0
R-HSA-9694493,abstraction:IsAComponentOf,R-HSA-9694635,0
R-HSA-937039,abstraction:IsAComponentOf,R-HSA-975871,0
R-HSA-445989,abstraction:IsAComponentOf,R-HSA-975871,0.7966721413492767
R-HSA-450294,abstraction:IsAComponentOf,R-HSA-975871,0.9437407790975607
R-HSA-937042,abstraction:IsAComponentOf,R-HSA-975871,0
R-HSA-9854311,abstraction:IsAComponentOf,R-HSA-71403,0
R-HSA-9853506,abstraction:IsAComponentOf,R-HSA-71403,0
R-HSA-9627069,abstraction:IsAComponentOf,R-HSA-111458,0
R-HSA-9953111,abstraction:IsAComponentOf,R-HSA-2206281,0
R-HSA-2206296,abstraction:IsAComponentOf,R-HSA-2206281,0
R-HSA-9953078,abstraction:IsAComponentOf,R-HSA-2206281,0
R-HSA-2206282,abstraction:IsAComponentOf,R-HSA-2206281,0
R-HSA-2206280,abstraction:IsAComponentOf,R-HSA-2206281,0
R-HSA-2206308,abstraction:IsAComponentOf,R-HSA-2206281,0
R-HSA-2206285,abstraction:IsAComponentOf,R-HSA-2206281,0
R-HSA-2206302,abstraction:IsAComponentOf,R-HSA-2206281,0
R-HSA-2206290,abstraction:IsAComponentOf,R-HSA-2206281,0
R-HSA-2206292,abstraction:IsAComponentOf,R-HSA-2206281,0
R-HSA-9953097,abstraction:IsAComponentOf,R-HSA-2206281,0
R-HSA-2206305,abstraction:IsAComponentOf,R-HSA-2206281,0
R-HSA-2206307,abstraction:IsAComponentOf,R-HSA-2206281,0
R-HSA-9953080,abstraction:IsAComponentOf,R-HSA-2206281,0
R-HSA-2206291,abstraction:IsAComponentOf,R-HSA-2206281,0
R-HSA-9953038,abstraction:IsAComponentOf,R-HSA-2206281,0
R-HSA-975155,abstraction:IsAComponentOf,R-HSA-168138,0.8001383909552244
R-HSA-9860276,abstraction:IsAComponentOf,R-HSA-168138,0
R-HSA-9700645,abstraction:IsAComponentOf,R-HSA-9700206,0
R-HSA-9700649,abstraction:IsAComponentOf,R-HSA-9700206,0.48845454827172685
R-HSA-9725370,abstraction:IsAComponentOf,R-HSA-9700206,0.4181045174424055
R-HSA-975957,abstraction:IsAComponentOf,R-HSA-927802,0
R-HSA-975956,abstraction:IsAComponentOf,R-HSA-927802,0
R-HSA-1358803,abstraction:IsAComponentOf,R-HSA-8863795,0
R-HSA-166058,abstraction:IsAComponentOf,R-HSA-166016,0.8090919366285549
R-HSA-166020,abstraction:IsAComponentOf,R-HSA-166016,0
R-HSA-166166,abstraction:IsAComponentOf,R-HSA-166016,0.8308306789845609
R-HSA-9704646,abstraction:IsAComponentOf,R-HSA-9701193,0
R-HSA-9704331,abstraction:IsAComponentOf,R-HSA-9701193,0
R-HSA-111996,abstraction:IsAComponentOf,R-HSA-112043,0.9351667605114178
R-HSA-68877,abstraction:IsAComponentOf,R-HSA-68886,0.610704997511267
R-HSA-2555396,abstraction:IsAComponentOf,R-HSA-68886,0.6422695510114107
R-HSA-68875,abstraction:IsAComponentOf,R-HSA-68886,0.6422695510114107
R-HSA-68884,abstraction:IsAComponentOf,R-HSA-68886,0.5444245385409646
R-HSA-9667769,abstraction:IsAComponentOf,R-HSA-9662361,0
R-HSA-9859138,abstraction:IsAComponentOf,R-HSA-70895,0
R-HSA-112315,abstraction:IsAComponentOf,R-HSA-112316,0
R-HSA-112307,abstraction:IsAComponentOf,R-HSA-112316,0
R-HSA-6794362,abstraction:IsAComponentOf,R-HSA-112316,0
R-HSA-1296071,abstraction:IsAComponentOf,R-HSA-112316,0
R-HSA-9638630,abstraction:IsAComponentOf,R-HSA-9931953,0
R-HSA-964827,abstraction:IsAComponentOf,R-HSA-964739,0
R-HSA-9762292,abstraction:IsAComponentOf,R-HSA-9759475,0.848701524225885
R-HSA-9762293,abstraction:IsAComponentOf,R-HSA-9759475,0
R-HSA-9759811,abstraction:IsAComponentOf,R-HSA-9759475,0
R-HSA-417973,abstraction:IsAComponentOf,R-HSA-418038,0
R-HSA-417957,abstraction:IsAComponentOf,R-HSA-418038,0
R-HSA-8957322,abstraction:IsAComponentOf,R-HSA-556833,0.5296682559797519
R-HSA-1483257,abstraction:IsAComponentOf,R-HSA-556833,0.5623266471438568
R-HSA-400206,abstraction:IsAComponentOf,R-HSA-556833,0.38656958742171704
R-HSA-8978868,abstraction:IsAComponentOf,R-HSA-556833,0.557605627720082
R-HSA-8979227,abstraction:IsAComponentOf,R-HSA-556833,0.4123455835333475
R-HSA-74182,abstraction:IsAComponentOf,R-HSA-556833,0.4123455835333475
R-HSA-8848584,abstraction:IsAComponentOf,R-HSA-556833,0.4123455835333475
R-HSA-428157,abstraction:IsAComponentOf,R-HSA-556833,0.4522050030252557
R-HSA-8964572,abstraction:IsAComponentOf,R-HSA-556833,0
R-HSA-9018678,abstraction:IsAComponentOf,R-HSA-556833,0.5296682559797519
R-HSA-9726840,abstraction:IsAComponentOf,R-HSA-9660537,0
R-HSA-9726842,abstraction:IsAComponentOf,R-HSA-9660537,0
R-HSA-9694676,abstraction:IsAComponentOf,R-HSA-9772572,0.7198841034660357
R-HSA-9694682,abstraction:IsAComponentOf,R-HSA-9772572,0.7198841034660357
R-HSA-9694614,abstraction:IsAComponentOf,R-HSA-9772572,0
R-HSA-391906,abstraction:IsAComponentOf,R-HSA-391903,0
R-HSA-391908,abstraction:IsAComponentOf,R-HSA-391903,0
R-HSA-168927,abstraction:IsAComponentOf,R-HSA-168164,0
R-HSA-9014325,abstraction:IsAComponentOf,R-HSA-168164,0
R-HSA-9013957,abstraction:IsAComponentOf,R-HSA-168164,0
R-HSA-9013973,abstraction:IsAComponentOf,R-HSA-168164,0.6314952165160738
R-HSA-445989,abstraction:IsAComponentOf,R-HSA-168164,0.6314952165160738
R-HSA-450294,abstraction:IsAComponentOf,R-HSA-168164,0.7502608238389523
R-HSA-1300642,abstraction:IsAComponentOf,R-HSA-1187000,0
R-HSA-1300645,abstraction:IsAComponentOf,R-HSA-1187000,0
R-HSA-2534343,abstraction:IsAComponentOf,R-HSA-1187000,0
R-HSA-2428924,abstraction:IsAComponentOf,R-HSA-2404192,0.5049987333544657
R-HSA-933541,abstraction:IsAComponentOf,R-HSA-168928,0
R-HSA-918233,abstraction:IsAComponentOf,R-HSA-168928,0
R-HSA-933543,abstraction:IsAComponentOf,R-HSA-168928,0
R-HSA-936440,abstraction:IsAComponentOf,R-HSA-168928,0
R-HSA-933542,abstraction:IsAComponentOf,R-HSA-168928,0
R-HSA-68886,abstraction:IsAComponentOf,R-HSA-69278,0.7575266814457866
R-HSA-453276,abstraction:IsAComponentOf,R-HSA-69278,0.7308948311478691
R-HSA-69242,abstraction:IsAComponentOf,R-HSA-69278,0.7257774793839372
R-HSA-453279,abstraction:IsAComponentOf,R-HSA-69278,0.7204079178319681
R-HSA-453274,abstraction:IsAComponentOf,R-HSA-69278,0.7087808423449095
R-HSA-189483,abstraction:IsAComponentOf,R-HSA-189445,0
R-HSA-189451,abstraction:IsAComponentOf,R-HSA-189445,0
R-HSA-975110,abstraction:IsAComponentOf,R-HSA-975155,0
R-HSA-975138,abstraction:IsAComponentOf,R-HSA-975155,0.963008973038742
R-HSA-3304356,abstraction:IsAComponentOf,R-HSA-3304349,0
R-HSA-3315487,abstraction:IsAComponentOf,R-HSA-3304349,0
R-HSA-2219528,abstraction:IsAComponentOf,R-HSA-5663202,0.2673070060033632
R-HSA-5387390,abstraction:IsAComponentOf,R-HSA-5663202,0.25656073369710813
R-HSA-6802957,abstraction:IsAComponentOf,R-HSA-5663202,0.323196496254264
R-HSA-9700206,abstraction:IsAComponentOf,R-HSA-5663202,0.3087471078226861
R-HSA-3304351,abstraction:IsAComponentOf,R-HSA-5663202,0.3087471078226861
R-HSA-9669938,abstraction:IsAComponentOf,R-HSA-5663202,0.3150264011716191
R-HSA-1226099,abstraction:IsAComponentOf,R-HSA-5663202,0.3302859162927682
R-HSA-2644603,abstraction:IsAComponentOf,R-HSA-5663202,0.3052754422766175
R-HSA-4791275,abstraction:IsAComponentOf,R-HSA-5663202,0.33246260979894604
R-HSA-1227990,abstraction:IsAComponentOf,R-HSA-5663202,0.3178945307015457
R-HSA-9682385,abstraction:IsAComponentOf,R-HSA-5663202,0.33246260979894604
R-HSA-1643713,abstraction:IsAComponentOf,R-HSA-5663202,0.28792359853562155
R-HSA-9671555,abstraction:IsAComponentOf,R-HSA-5663202,0.3052754422766175
R-HSA-9842640,abstraction:IsAComponentOf,R-HSA-5663202,0
R-HSA-373756,abstraction:IsAComponentOf,R-HSA-421270,0
R-HSA-418990,abstraction:IsAComponentOf,R-HSA-421270,0.9417177057949567
R-HSA-420029,abstraction:IsAComponentOf,R-HSA-421270,0
R-HSA-9018677,abstraction:IsAComponentOf,R-HSA-9018678,0.5785886823625395
R-HSA-9018683,abstraction:IsAComponentOf,R-HSA-9018678,0.5545309133850157
R-HSA-9018679,abstraction:IsAComponentOf,R-HSA-9018678,0.5129501321987558
R-HSA-9027604,abstraction:IsAComponentOf,R-HSA-9018678,0
R-HSA-2142700,abstraction:IsAComponentOf,R-HSA-9018678,0
R-HSA-73843,abstraction:IsAComponentOf,R-HSA-71336,0
R-HSA-1307965,abstraction:IsAComponentOf,R-HSA-190322,0
R-HSA-190239,abstraction:IsAComponentOf,R-HSA-5654741,0.6494491089565197
R-HSA-5654732,abstraction:IsAComponentOf,R-HSA-5654741,0.6163638125232266
R-HSA-5654708,abstraction:IsAComponentOf,R-HSA-5654741,0.6862877986998115
R-HSA-5684996,abstraction:IsAComponentOf,R-HSA-5683057,0.34724948958532376
R-HSA-5687128,abstraction:IsAComponentOf,R-HSA-5683057,0
R-HSA-9764265,abstraction:IsAComponentOf,R-HSA-9764274,0.872105065247354
R-HSA-2586552,abstraction:IsAComponentOf,R-HSA-162582,0
R-HSA-73887,abstraction:IsAComponentOf,R-HSA-162582,0
R-HSA-9006936,abstraction:IsAComponentOf,R-HSA-162582,0
R-HSA-9006927,abstraction:IsAComponentOf,R-HSA-162582,0
R-HSA-9716542,abstraction:IsAComponentOf,R-HSA-162582,0
R-HSA-9006934,abstraction:IsAComponentOf,R-HSA-162582,0
R-HSA-354192,abstraction:IsAComponentOf,R-HSA-162582,0
R-HSA-9006335,abstraction:IsAComponentOf,R-HSA-162582,0
R-HSA-9006931,abstraction:IsAComponentOf,R-HSA-162582,0
R-HSA-195721,abstraction:IsAComponentOf,R-HSA-162582,0
R-HSA-372790,abstraction:IsAComponentOf,R-HSA-162582,0
R-HSA-2028269,abstraction:IsAComponentOf,R-HSA-162582,0
R-HSA-5683057,abstraction:IsAComponentOf,R-HSA-162582,0
R-HSA-157118,abstraction:IsAComponentOf,R-HSA-162582,0
R-HSA-9006925,abstraction:IsAComponentOf,R-HSA-162582,0
R-HSA-165159,abstraction:IsAComponentOf,R-HSA-162582,0
R-HSA-5358351,abstraction:IsAComponentOf,R-HSA-162582,0
R-HSA-1810476,abstraction:IsAComponentOf,R-HSA-1606322,0
R-HSA-1606341,abstraction:IsAComponentOf,R-HSA-1606322,0
R-HSA-170670,abstraction:IsAComponentOf,R-HSA-112040,0
R-HSA-170660,abstraction:IsAComponentOf,R-HSA-112040,0
R-HSA-112043,abstraction:IsAComponentOf,R-HSA-112040,0.9299493235107191
R-HSA-1295596,abstraction:IsAComponentOf,R-HSA-5654726,0
R-HSA-2470946,abstraction:IsAComponentOf,R-HSA-68884,0
R-HSA-110329,abstraction:IsAComponentOf,R-HSA-73928,0
R-HSA-110328,abstraction:IsAComponentOf,R-HSA-73928,0
R-HSA-3214815,abstraction:IsAComponentOf,R-HSA-3247509,0
R-HSA-3214841,abstraction:IsAComponentOf,R-HSA-3247509,0
R-HSA-3214847,abstraction:IsAComponentOf,R-HSA-3247509,0
R-HSA-3214858,abstraction:IsAComponentOf,R-HSA-3247509,0
R-HSA-3214842,abstraction:IsAComponentOf,R-HSA-3247509,0
R-HSA-9633012,abstraction:IsAComponentOf,R-HSA-9711097,0
R-HSA-9639288,abstraction:IsAComponentOf,R-HSA-9711097,0
R-HSA-187015,abstraction:IsAComponentOf,R-HSA-187037,0.6981243715328762
R-HSA-198725,abstraction:IsAComponentOf,R-HSA-187037,0.740105353766511
R-HSA-198203,abstraction:IsAComponentOf,R-HSA-187037,0
R-HSA-187687,abstraction:IsAComponentOf,R-HSA-187037,0.7670885455535733
R-HSA-167021,abstraction:IsAComponentOf,R-HSA-187037,0
R-HSA-177504,abstraction:IsAComponentOf,R-HSA-187037,0
R-HSA-198765,abstraction:IsAComponentOf,R-HSA-187037,0
R-HSA-198745,abstraction:IsAComponentOf,R-HSA-187037,0
R-HSA-180746,abstraction:IsAComponentOf,R-HSA-177243,0
R-HSA-165054,abstraction:IsAComponentOf,R-HSA-177243,0
R-HSA-9828721,abstraction:IsAComponentOf,R-HSA-9820965,0
R-HSA-9834752,abstraction:IsAComponentOf,R-HSA-9820965,0
R-HSA-9828806,abstraction:IsAComponentOf,R-HSA-9820965,0
R-HSA-9828642,abstraction:IsAComponentOf,R-HSA-9820965,0
R-HSA-9834899,abstraction:IsAComponentOf,R-HSA-9758941,0
R-HSA-9823730,abstraction:IsAComponentOf,R-HSA-9758941,0
R-HSA-9761174,abstraction:IsAComponentOf,R-HSA-9758941,0
R-HSA-9796292,abstraction:IsAComponentOf,R-HSA-9758941,0
R-HSA-9758919,abstraction:IsAComponentOf,R-HSA-9758941,0
R-HSA-9832991,abstraction:IsAComponentOf,R-HSA-9758941,0
R-HSA-9793380,abstraction:IsAComponentOf,R-HSA-9758941,0.47900370080795274
R-HSA-9754189,abstraction:IsAComponentOf,R-HSA-9758941,0
R-HSA-9758920,abstraction:IsAComponentOf,R-HSA-9758941,0
R-HSA-9823739,abstraction:IsAComponentOf,R-HSA-9758941,0
R-HSA-168325,abstraction:IsAComponentOf,R-HSA-168273,0
R-HSA-192869,abstraction:IsAComponentOf,R-HSA-168273,0
R-HSA-192814,abstraction:IsAComponentOf,R-HSA-168273,0
R-HSA-192823,abstraction:IsAComponentOf,R-HSA-168273,0
R-HSA-192905,abstraction:IsAComponentOf,R-HSA-168273,0
R-HSA-196783,abstraction:IsAComponentOf,R-HSA-199220,0
R-HSA-9670613,abstraction:IsAComponentOf,R-HSA-9670621,0
R-HSA-9670615,abstraction:IsAComponentOf,R-HSA-9670621,0
R-HSA-9661070,abstraction:IsAComponentOf,R-HSA-9659787,0
R-HSA-9661069,abstraction:IsAComponentOf,R-HSA-9659787,0
R-HSA-190840,abstraction:IsAComponentOf,R-HSA-190872,0
R-HSA-427589,abstraction:IsAComponentOf,R-HSA-427652,0
R-HSA-73863,abstraction:IsAComponentOf,R-HSA-73864,0
R-HSA-73854,abstraction:IsAComponentOf,R-HSA-73864,0.45753628721546546
R-HSA-354194,abstraction:IsAComponentOf,R-HSA-354192,0
R-HSA-372708,abstraction:IsAComponentOf,R-HSA-354192,0
R-HSA-426048,abstraction:IsAComponentOf,R-HSA-114508,0
R-HSA-1362300,abstraction:IsAComponentOf,R-HSA-1538133,0
R-HSA-1362277,abstraction:IsAComponentOf,R-HSA-1538133,0
R-HSA-9846298,abstraction:IsAComponentOf,R-HSA-9823587,0
R-HSA-9845622,abstraction:IsAComponentOf,R-HSA-9823587,0
R-HSA-9845620,abstraction:IsAComponentOf,R-HSA-9823587,0
R-HSA-9845621,abstraction:IsAComponentOf,R-HSA-9823587,0
R-HSA-9845619,abstraction:IsAComponentOf,R-HSA-9823587,0
R-HSA-389977,abstraction:IsAComponentOf,R-HSA-391251,0
R-HSA-390466,abstraction:IsAComponentOf,R-HSA-391251,0.5128683960008217
R-HSA-432722,abstraction:IsAComponentOf,R-HSA-199992,0
R-HSA-432720,abstraction:IsAComponentOf,R-HSA-199992,0
R-HSA-451308,abstraction:IsAComponentOf,R-HSA-451306,0
R-HSA-451307,abstraction:IsAComponentOf,R-HSA-451306,0
R-HSA-8983711,abstraction:IsAComponentOf,R-HSA-1169410,0
R-HSA-9833482,abstraction:IsAComponentOf,R-HSA-1169410,0
R-HSA-1169408,abstraction:IsAComponentOf,R-HSA-1169410,0
R-HSA-9953170,abstraction:IsAComponentOf,R-HSA-1169410,0.76499731955717
R-HSA-381183,abstraction:IsAComponentOf,R-HSA-381033,0
R-HSA-2022928,abstraction:IsAComponentOf,R-HSA-1638091,0
R-HSA-2024096,abstraction:IsAComponentOf,R-HSA-1638091,0
R-HSA-1433559,abstraction:IsAComponentOf,R-HSA-1433557,0
R-HSA-5696394,abstraction:IsAComponentOf,R-HSA-5696399,0
R-HSA-5696400,abstraction:IsAComponentOf,R-HSA-5696399,0
R-HSA-5696397,abstraction:IsAComponentOf,R-HSA-5696399,0
R-HSA-5696395,abstraction:IsAComponentOf,R-HSA-5696399,0
R-HSA-5617472,abstraction:IsAComponentOf,R-HSA-5619507,0
R-HSA-5579029,abstraction:IsAComponentOf,R-HSA-5668914,0.3582692985850125
R-HSA-3781865,abstraction:IsAComponentOf,R-HSA-5668914,0.3943225147789299
R-HSA-9759774,abstraction:IsAComponentOf,R-HSA-5668914,0.2597119457208453
R-HSA-5579031,abstraction:IsAComponentOf,R-HSA-5668914,0
R-HSA-2978092,abstraction:IsAComponentOf,R-HSA-5668914,0
R-HSA-9865118,abstraction:IsAComponentOf,R-HSA-5668914,0.31665836520797697
R-HSA-9955698,abstraction:IsAComponentOf,R-HSA-5668914,0.30588944692017156
R-HSA-5663084,abstraction:IsAComponentOf,R-HSA-5668914,0.365843594026789
R-HSA-5687613,abstraction:IsAComponentOf,R-HSA-5668914,0.2970640185978561
R-HSA-3296482,abstraction:IsAComponentOf,R-HSA-5668914,0.32821319697748313
R-HSA-9735804,abstraction:IsAComponentOf,R-HSA-5668914,0.2918982983535323
R-HSA-2160456,abstraction:IsAComponentOf,R-HSA-5668914,0
R-HSA-9031628,abstraction:IsAComponentOf,R-HSA-198725,0
R-HSA-198753,abstraction:IsAComponentOf,R-HSA-198725,0.6828930292300393
R-HSA-199920,abstraction:IsAComponentOf,R-HSA-198725,0
R-HSA-1489509,abstraction:IsAComponentOf,R-HSA-9006925,0.343990591799456
R-HSA-1257604,abstraction:IsAComponentOf,R-HSA-9006925,0.3603887524984714
R-HSA-111458,abstraction:IsAComponentOf,R-HSA-111461,0.7933664101230419
R-HSA-111459,abstraction:IsAComponentOf,R-HSA-111461,0
R-HSA-912526,abstraction:IsAComponentOf,R-HSA-512988,0
R-HSA-912631,abstraction:IsAComponentOf,R-HSA-512988,0
R-HSA-389948,abstraction:IsAComponentOf,R-HSA-388841,0.7626479284703422
R-HSA-9927353,abstraction:IsAComponentOf,R-HSA-388841,0
R-HSA-389513,abstraction:IsAComponentOf,R-HSA-388841,0
R-HSA-9927354,abstraction:IsAComponentOf,R-HSA-388841,0
R-HSA-389356,abstraction:IsAComponentOf,R-HSA-388841,0.6781186031801014
R-HSA-9717323,abstraction:IsAComponentOf,R-HSA-9700649,0
R-HSA-9717329,abstraction:IsAComponentOf,R-HSA-9700649,0
R-HSA-9717316,abstraction:IsAComponentOf,R-HSA-9700649,0
R-HSA-9717319,abstraction:IsAComponentOf,R-HSA-9700649,0
R-HSA-9717301,abstraction:IsAComponentOf,R-HSA-9700649,0
R-HSA-9717264,abstraction:IsAComponentOf,R-HSA-9700649,0
R-HSA-9717326,abstraction:IsAComponentOf,R-HSA-9700649,0
R-HSA-5362768,abstraction:IsAComponentOf,R-HSA-5387390,0
R-HSA-5658034,abstraction:IsAComponentOf,R-HSA-5387390,0
R-HSA-442755,abstraction:IsAComponentOf,R-HSA-112314,0.8026488945192577
R-HSA-451326,abstraction:IsAComponentOf,R-HSA-112314,0.7226738783961824
R-HSA-977443,abstraction:IsAComponentOf,R-HSA-112314,0.7226738783961824
R-HSA-399721,abstraction:IsAComponentOf,R-HSA-112314,0.7042977766030089
R-HSA-181431,abstraction:IsAComponentOf,R-HSA-112314,0.7376014924899965
R-HSA-9851151,abstraction:IsAComponentOf,R-HSA-201556,0
R-HSA-9701898,abstraction:IsAComponentOf,R-HSA-201556,0
R-HSA-5340588,abstraction:IsAComponentOf,R-HSA-4791275,0
R-HSA-5339700,abstraction:IsAComponentOf,R-HSA-4791275,0
R-HSA-5545619,abstraction:IsAComponentOf,R-HSA-4791275,0
R-HSA-4839735,abstraction:IsAComponentOf,R-HSA-4791275,0.4622757348934462
R-HSA-4839744,abstraction:IsAComponentOf,R-HSA-4791275,0.4622757348934462
R-HSA-4839743,abstraction:IsAComponentOf,R-HSA-4791275,0.49007420491532866
R-HSA-4839748,abstraction:IsAComponentOf,R-HSA-4791275,0.4622757348934462
R-HSA-5340573,abstraction:IsAComponentOf,R-HSA-4791275,0
R-HSA-5339717,abstraction:IsAComponentOf,R-HSA-4791275,0
R-HSA-5339716,abstraction:IsAComponentOf,R-HSA-4791275,0
R-HSA-111933,abstraction:IsAComponentOf,R-HSA-111997,0.9544810573595622
R-HSA-430116,abstraction:IsAComponentOf,R-HSA-76002,0
R-HSA-76009,abstraction:IsAComponentOf,R-HSA-76002,0.7385916072938393
R-HSA-114508,abstraction:IsAComponentOf,R-HSA-76002,0.6602846257554502
R-HSA-76005,abstraction:IsAComponentOf,R-HSA-76002,0.6972463631683501
R-HSA-456926,abstraction:IsAComponentOf,R-HSA-76002,0
R-HSA-114604,abstraction:IsAComponentOf,R-HSA-76002,0
R-HSA-392518,abstraction:IsAComponentOf,R-HSA-76002,0.7208508539467601
R-HSA-1592389,abstraction:IsAComponentOf,R-HSA-1474228,0
R-HSA-1442490,abstraction:IsAComponentOf,R-HSA-1474228,0
R-HSA-418217,abstraction:IsAComponentOf,R-HSA-397795,0
R-HSA-8964315,abstraction:IsAComponentOf,R-HSA-397795,0
R-HSA-392451,abstraction:IsAComponentOf,R-HSA-397795,0
R-HSA-8964616,abstraction:IsAComponentOf,R-HSA-397795,0
R-HSA-9630747,abstraction:IsAComponentOf,R-HSA-9675132,0.2224533011735864
R-HSA-5638303,abstraction:IsAComponentOf,R-HSA-5638302,0
R-HSA-388479,abstraction:IsAComponentOf,R-HSA-375276,0
R-HSA-380095,abstraction:IsAComponentOf,R-HSA-375276,0
R-HSA-444821,abstraction:IsAComponentOf,R-HSA-375276,0
R-HSA-380108,abstraction:IsAComponentOf,R-HSA-375276,0
R-HSA-444473,abstraction:IsAComponentOf,R-HSA-375276,0
R-HSA-389397,abstraction:IsAComponentOf,R-HSA-375276,0
R-HSA-4608870,abstraction:IsAComponentOf,R-HSA-4086400,0
R-HSA-5140745,abstraction:IsAComponentOf,R-HSA-4086400,0
R-HSA-5099900,abstraction:IsAComponentOf,R-HSA-4086400,0
R-HSA-111465,abstraction:IsAComponentOf,R-HSA-75153,0.6758178280742807
R-HSA-211736,abstraction:IsAComponentOf,R-HSA-75153,0
R-HSA-140342,abstraction:IsAComponentOf,R-HSA-75153,0
R-HSA-2424491,abstraction:IsAComponentOf,R-HSA-2172127,0
R-HSA-9023661,abstraction:IsAComponentOf,R-HSA-9018679,0
R-HSA-9018896,abstraction:IsAComponentOf,R-HSA-9018679,0
R-HSA-380615,abstraction:IsAComponentOf,R-HSA-112311,0.5572410552954308
R-HSA-379401,abstraction:IsAComponentOf,R-HSA-112311,0.5856289385721862
R-HSA-9833110,abstraction:IsAComponentOf,R-HSA-9820952,0.4333240454472957
R-HSA-9820962,abstraction:IsAComponentOf,R-HSA-9820952,0
R-HSA-9820965,abstraction:IsAComponentOf,R-HSA-9820952,0.4820626811457124
R-HSA-9820960,abstraction:IsAComponentOf,R-HSA-9820952,0
R-HSA-190371,abstraction:IsAComponentOf,R-HSA-190239,0
R-HSA-190372,abstraction:IsAComponentOf,R-HSA-190239,0
R-HSA-1433617,abstraction:IsAComponentOf,R-HSA-1181150,0
R-HSA-210747,abstraction:IsAComponentOf,R-HSA-186712,0
R-HSA-210744,abstraction:IsAComponentOf,R-HSA-186712,0
R-HSA-210746,abstraction:IsAComponentOf,R-HSA-186712,0
R-HSA-210745,abstraction:IsAComponentOf,R-HSA-186712,0.45259165138158824
R-HSA-1839124,abstraction:IsAComponentOf,R-HSA-5655302,0.7759511395213261
R-HSA-112308,abstraction:IsAComponentOf,R-HSA-112315,0
R-HSA-112314,abstraction:IsAComponentOf,R-HSA-112315,0.855387430437019
R-HSA-112310,abstraction:IsAComponentOf,R-HSA-112315,0.7412960317935647
R-HSA-112313,abstraction:IsAComponentOf,R-HSA-112315,0.6048634546068511
R-HSA-112311,abstraction:IsAComponentOf,R-HSA-112315,0.6991115704404076
R-HSA-416993,abstraction:IsAComponentOf,R-HSA-399719,0
R-HSA-6781823,abstraction:IsAComponentOf,R-HSA-6781827,0
R-HSA-6782135,abstraction:IsAComponentOf,R-HSA-6781827,0
R-HSA-6782210,abstraction:IsAComponentOf,R-HSA-6781827,0
R-HSA-1295596,abstraction:IsAComponentOf,R-HSA-5654733,0
R-HSA-3274531,abstraction:IsAComponentOf,R-HSA-3229121,0
R-HSA-3878781,abstraction:IsAComponentOf,R-HSA-3229121,0
R-HSA-3828062,abstraction:IsAComponentOf,R-HSA-3229121,0
R-HSA-3785653,abstraction:IsAComponentOf,R-HSA-3229121,0
R-HSA-3858516,abstraction:IsAComponentOf,R-HSA-3229121,0
R-HSA-5357609,abstraction:IsAComponentOf,R-HSA-3229121,0
R-HSA-3814836,abstraction:IsAComponentOf,R-HSA-3229121,0
R-HSA-3229133,abstraction:IsAComponentOf,R-HSA-3229121,0
R-HSA-3282872,abstraction:IsAComponentOf,R-HSA-3229121,0
R-HSA-447038,abstraction:IsAComponentOf,R-HSA-373760,0
R-HSA-447041,abstraction:IsAComponentOf,R-HSA-373760,0
R-HSA-437239,abstraction:IsAComponentOf,R-HSA-373760,0
R-HSA-445095,abstraction:IsAComponentOf,R-HSA-373760,0
R-HSA-445144,abstraction:IsAComponentOf,R-HSA-373760,0
R-HSA-447043,abstraction:IsAComponentOf,R-HSA-373760,0
R-HSA-168188,abstraction:IsAComponentOf,R-HSA-181438,0.7902583338519669
R-HSA-168179,abstraction:IsAComponentOf,R-HSA-181438,0.7902583338519669
R-HSA-375165,abstraction:IsAComponentOf,R-HSA-422475,0.6952062200606446
R-HSA-376176,abstraction:IsAComponentOf,R-HSA-422475,0.8370508882558728
R-HSA-8866376,abstraction:IsAComponentOf,R-HSA-422475,0
R-HSA-373760,abstraction:IsAComponentOf,R-HSA-422475,0.8140720383992383
R-HSA-373755,abstraction:IsAComponentOf,R-HSA-422475,0.8262257179308009
R-HSA-2682334,abstraction:IsAComponentOf,R-HSA-422475,0.7837475615547872
R-HSA-373752,abstraction:IsAComponentOf,R-HSA-422475,0.7837475615547872
R-HSA-8853659,abstraction:IsAComponentOf,R-HSA-422475,0
R-HSA-9827857,abstraction:IsAComponentOf,R-HSA-1474165,0
R-HSA-1500620,abstraction:IsAComponentOf,R-HSA-1474165,0
R-HSA-1187000,abstraction:IsAComponentOf,R-HSA-1474165,0
R-HSA-4655427,abstraction:IsAComponentOf,R-HSA-3108232,0
R-HSA-3899300,abstraction:IsAComponentOf,R-HSA-3108232,0
R-HSA-4090294,abstraction:IsAComponentOf,R-HSA-3108232,0
R-HSA-4085377,abstraction:IsAComponentOf,R-HSA-3108232,0
R-HSA-4551638,abstraction:IsAComponentOf,R-HSA-3108232,0
R-HSA-3232118,abstraction:IsAComponentOf,R-HSA-3108232,0
R-HSA-4755510,abstraction:IsAComponentOf,R-HSA-3108232,0
R-HSA-3232142,abstraction:IsAComponentOf,R-HSA-3108232,0
R-HSA-4570464,abstraction:IsAComponentOf,R-HSA-3108232,0
R-HSA-9793242,abstraction:IsAComponentOf,R-HSA-3108232,0
R-HSA-4615885,abstraction:IsAComponentOf,R-HSA-3108232,0
R-HSA-3108214,abstraction:IsAComponentOf,R-HSA-3108232,0
R-HSA-450385,abstraction:IsAComponentOf,R-HSA-450531,0
R-HSA-450604,abstraction:IsAComponentOf,R-HSA-450531,0
R-HSA-450408,abstraction:IsAComponentOf,R-HSA-450531,0
R-HSA-450520,abstraction:IsAComponentOf,R-HSA-450531,0
R-HSA-450513,abstraction:IsAComponentOf,R-HSA-450531,0
R-HSA-69091,abstraction:IsAComponentOf,R-HSA-69186,0
R-HSA-69183,abstraction:IsAComponentOf,R-HSA-69186,0.832215769125565
R-HSA-435368,abstraction:IsAComponentOf,R-HSA-435354,0
R-HSA-442380,abstraction:IsAComponentOf,R-HSA-435354,0
R-HSA-9615710,abstraction:IsAComponentOf,R-HSA-9612973,0
R-HSA-9613829,abstraction:IsAComponentOf,R-HSA-9612973,0
R-HSA-1632852,abstraction:IsAComponentOf,R-HSA-9612973,0
R-HSA-975578,abstraction:IsAComponentOf,R-HSA-975576,0
R-HSA-975574,abstraction:IsAComponentOf,R-HSA-975576,0
R-HSA-975577,abstraction:IsAComponentOf,R-HSA-975576,0
R-HSA-77387,abstraction:IsAComponentOf,R-HSA-74752,0
R-HSA-74751,abstraction:IsAComponentOf,R-HSA-74752,0.5096146983990181
R-HSA-1483206,abstraction:IsAComponentOf,R-HSA-1483257,0.6561728965235826
R-HSA-1483255,abstraction:IsAComponentOf,R-HSA-1483257,0.6345559621713693
R-HSA-8866654,abstraction:IsAComponentOf,R-HSA-8852135,0
R-HSA-8866652,abstraction:IsAComponentOf,R-HSA-8852135,0
R-HSA-5660489,abstraction:IsAComponentOf,R-HSA-5660526,0
R-HSA-5661231,abstraction:IsAComponentOf,R-HSA-5660526,0
R-HSA-191859,abstraction:IsAComponentOf,R-HSA-194441,0
R-HSA-209822,abstraction:IsAComponentOf,R-HSA-209952,0
R-HSA-8963676,abstraction:IsAComponentOf,R-HSA-8963743,0
R-HSA-8935690,abstraction:IsAComponentOf,R-HSA-8963743,0
R-HSA-3304349,abstraction:IsAComponentOf,R-HSA-3304351,0.4407144958434576
R-HSA-3642278,abstraction:IsAComponentOf,R-HSA-3304351,0.4407144958434576
R-HSA-3656534,abstraction:IsAComponentOf,R-HSA-3304351,0.4407144958434576
R-HSA-3304347,abstraction:IsAComponentOf,R-HSA-3304351,0.4181045174424055
R-HSA-187042,abstraction:IsAComponentOf,R-HSA-187015,0
R-HSA-187024,abstraction:IsAComponentOf,R-HSA-187015,0
R-HSA-9723907,abstraction:IsAComponentOf,R-HSA-9734009,0.8052345254361345
R-HSA-9645722,abstraction:IsAComponentOf,R-HSA-9734009,0
R-HSA-8863678,abstraction:IsAComponentOf,R-HSA-9734009,0.8052345254361345
R-HSA-9675136,abstraction:IsAComponentOf,R-HSA-9675135,0.25678571642435605
R-HSA-5423599,abstraction:IsAComponentOf,R-HSA-9675135,0.23815169563093594
R-HSA-9605308,abstraction:IsAComponentOf,R-HSA-9675135,0.2590223142944273
R-HSA-166058,abstraction:IsAComponentOf,R-HSA-168179,0.9681289946630298
R-HSA-901032,abstraction:IsAComponentOf,R-HSA-901042,0
R-HSA-3371497,abstraction:IsAComponentOf,R-HSA-2262752,0
R-HSA-2559583,abstraction:IsAComponentOf,R-HSA-2262752,0.7520261812784268
R-HSA-9648895,abstraction:IsAComponentOf,R-HSA-2262752,0
R-HSA-9841251,abstraction:IsAComponentOf,R-HSA-2262752,0
R-HSA-9707616,abstraction:IsAComponentOf,R-HSA-2262752,0
R-HSA-381119,abstraction:IsAComponentOf,R-HSA-2262752,0.7874455149055376
R-HSA-1234174,abstraction:IsAComponentOf,R-HSA-2262752,0.6913972898210987
R-HSA-3371556,abstraction:IsAComponentOf,R-HSA-2262752,0.736302321176195
R-HSA-9711097,abstraction:IsAComponentOf,R-HSA-2262752,0.6913972898210987
R-HSA-9711123,abstraction:IsAComponentOf,R-HSA-2262752,0.8403830685200492
R-HSA-9840373,abstraction:IsAComponentOf,R-HSA-2262752,0
R-HSA-2179392,abstraction:IsAComponentOf,R-HSA-881907,0
R-HSA-9634597,abstraction:IsAComponentOf,R-HSA-418555,0
R-HSA-9687139,abstraction:IsAComponentOf,R-HSA-9675126,0.21175309433659537
R-HSA-9673013,abstraction:IsAComponentOf,R-HSA-9675126,0.21175309433659537
R-HSA-9013422,abstraction:IsAComponentOf,R-HSA-9706574,0
R-HSA-9013418,abstraction:IsAComponentOf,R-HSA-9706574,0
R-HSA-202670,abstraction:IsAComponentOf,R-HSA-198753,0
R-HSA-209563,abstraction:IsAComponentOf,R-HSA-193697,0
R-HSA-193634,abstraction:IsAComponentOf,R-HSA-193697,0
R-HSA-112399,abstraction:IsAComponentOf,R-HSA-2428928,0.9394217193987814
R-HSA-909733,abstraction:IsAComponentOf,R-HSA-913531,0.5542775169005706
R-HSA-1169410,abstraction:IsAComponentOf,R-HSA-913531,0.6297849697551544
R-HSA-877300,abstraction:IsAComponentOf,R-HSA-913531,0.5844562327846422
R-HSA-9909505,abstraction:IsAComponentOf,R-HSA-913531,0
R-HSA-9635486,abstraction:IsAComponentOf,R-HSA-9824439,0.5684688506165814
R-HSA-5339562,abstraction:IsAComponentOf,R-HSA-9824439,0.5444470096880999
R-HSA-9640148,abstraction:IsAComponentOf,R-HSA-9824439,0.5342946964084029
R-HSA-8876384,abstraction:IsAComponentOf,R-HSA-9824439,0.45877722332537696
R-HSA-6793080,abstraction:IsAComponentOf,R-HSA-8868766,0
R-HSA-354192,abstraction:IsAComponentOf,R-HSA-76009,0.7406243000420993
R-HSA-392023,abstraction:IsAComponentOf,R-HSA-76009,0
R-HSA-5218920,abstraction:IsAComponentOf,R-HSA-4420097,0
R-HSA-5218921,abstraction:IsAComponentOf,R-HSA-4420097,0
R-HSA-5619102,abstraction:IsAComponentOf,R-HSA-5619115,0.35837812313282635
R-HSA-5619084,abstraction:IsAComponentOf,R-HSA-5619115,0.2958485675528324
R-HSA-193775,abstraction:IsAComponentOf,R-HSA-192105,0
R-HSA-193368,abstraction:IsAComponentOf,R-HSA-192105,0
R-HSA-193807,abstraction:IsAComponentOf,R-HSA-192105,0
R-HSA-109704,abstraction:IsAComponentOf,R-HSA-112399,0.933680099353685
R-HSA-112412,abstraction:IsAComponentOf,R-HSA-112399,0
R-HSA-9692916,abstraction:IsAComponentOf,R-HSA-9692914,0
R-HSA-9692912,abstraction:IsAComponentOf,R-HSA-9692914,0
R-HSA-9735869,abstraction:IsAComponentOf,R-HSA-9692914,0
R-HSA-9735871,abstraction:IsAComponentOf,R-HSA-9692914,0
R-HSA-9692913,abstraction:IsAComponentOf,R-HSA-9692914,0
R-HSA-9709570,abstraction:IsAComponentOf,R-HSA-9701190,0
R-HSA-9709603,abstraction:IsAComponentOf,R-HSA-9701190,0
R-HSA-9763198,abstraction:IsAComponentOf,R-HSA-9701190,0
R-HSA-9709275,abstraction:IsAComponentOf,R-HSA-9701190,0
R-HSA-8950505,abstraction:IsAComponentOf,R-HSA-9020591,0
R-HSA-9658195,abstraction:IsAComponentOf,R-HSA-9824443,0.4880153171837237
R-HSA-6803529,abstraction:IsAComponentOf,R-HSA-5654738,0
R-HSA-5654696,abstraction:IsAComponentOf,R-HSA-5654738,0.6916826535188915
R-HSA-190241,abstraction:IsAComponentOf,R-HSA-5654738,0.6542782983779576
R-HSA-5654727,abstraction:IsAComponentOf,R-HSA-5654738,0.620711854945479
R-HSA-2559585,abstraction:IsAComponentOf,R-HSA-2559583,0
R-HSA-2559582,abstraction:IsAComponentOf,R-HSA-2559583,0
R-HSA-2559586,abstraction:IsAComponentOf,R-HSA-2559583,0.5740452703428801
R-HSA-2559580,abstraction:IsAComponentOf,R-HSA-2559583,0
R-HSA-69275,abstraction:IsAComponentOf,R-HSA-453274,0.635312854149366
R-HSA-68911,abstraction:IsAComponentOf,R-HSA-453274,0
R-HSA-168305,abstraction:IsAComponentOf,R-HSA-168276,0.6467607979406438
R-HSA-168315,abstraction:IsAComponentOf,R-HSA-168276,0
R-HSA-169131,abstraction:IsAComponentOf,R-HSA-168276,0
R-HSA-9702632,abstraction:IsAComponentOf,R-HSA-9702506,0
R-HSA-9703009,abstraction:IsAComponentOf,R-HSA-9702506,0
R-HSA-9702624,abstraction:IsAComponentOf,R-HSA-9702506,0
R-HSA-9702581,abstraction:IsAComponentOf,R-HSA-9702506,0
R-HSA-9702590,abstraction:IsAComponentOf,R-HSA-9702506,0
R-HSA-9702600,abstraction:IsAComponentOf,R-HSA-9702506,0
R-HSA-9702614,abstraction:IsAComponentOf,R-HSA-9702506,0
R-HSA-9702569,abstraction:IsAComponentOf,R-HSA-9702506,0
R-HSA-9702605,abstraction:IsAComponentOf,R-HSA-9702506,0
R-HSA-9702577,abstraction:IsAComponentOf,R-HSA-9702506,0
R-HSA-9702636,abstraction:IsAComponentOf,R-HSA-9702506,0
R-HSA-9702620,abstraction:IsAComponentOf,R-HSA-9702506,0
R-HSA-9702596,abstraction:IsAComponentOf,R-HSA-9702506,0
R-HSA-9702998,abstraction:IsAComponentOf,R-HSA-9702506,0
R-HSA-156582,abstraction:IsAComponentOf,R-HSA-156580,0
R-HSA-156587,abstraction:IsAComponentOf,R-HSA-156580,0.7457728160227859
R-HSA-156588,abstraction:IsAComponentOf,R-HSA-156580,0.668756044992443
R-HSA-156581,abstraction:IsAComponentOf,R-HSA-156580,0
R-HSA-156584,abstraction:IsAComponentOf,R-HSA-156580,0
R-HSA-156590,abstraction:IsAComponentOf,R-HSA-156580,0.668756044992443
R-HSA-430039,abstraction:IsAComponentOf,R-HSA-429914,0
R-HSA-429947,abstraction:IsAComponentOf,R-HSA-429914,0
R-HSA-429958,abstraction:IsAComponentOf,R-HSA-429914,0
R-HSA-9821002,abstraction:IsAComponentOf,R-HSA-9816359,0
R-HSA-9819196,abstraction:IsAComponentOf,R-HSA-9816359,0
R-HSA-9820841,abstraction:IsAComponentOf,R-HSA-9816359,0
R-HSA-9820865,abstraction:IsAComponentOf,R-HSA-9816359,0
R-HSA-9821993,abstraction:IsAComponentOf,R-HSA-9816359,0
R-HSA-9673221,abstraction:IsAComponentOf,R-HSA-9668250,0
R-HSA-9673218,abstraction:IsAComponentOf,R-HSA-9668250,0
R-HSA-9673240,abstraction:IsAComponentOf,R-HSA-9668250,0
R-HSA-9673202,abstraction:IsAComponentOf,R-HSA-9668250,0
R-HSA-9968551,abstraction:IsAComponentOf,R-HSA-9953170,0
R-HSA-390651,abstraction:IsAComponentOf,R-HSA-375280,0
R-HSA-390648,abstraction:IsAComponentOf,R-HSA-375280,0
R-HSA-390666,abstraction:IsAComponentOf,R-HSA-375280,0
R-HSA-390650,abstraction:IsAComponentOf,R-HSA-375280,0
R-HSA-390696,abstraction:IsAComponentOf,R-HSA-375280,0
R-HSA-977606,abstraction:IsAComponentOf,R-HSA-166658,0
R-HSA-166663,abstraction:IsAComponentOf,R-HSA-166658,0.5318380439719052
R-HSA-174577,abstraction:IsAComponentOf,R-HSA-166658,0
R-HSA-166665,abstraction:IsAComponentOf,R-HSA-166658,0
R-HSA-3359478,abstraction:IsAComponentOf,R-HSA-9759785,0
R-HSA-425410,abstraction:IsAComponentOf,R-HSA-425407,0.6815282767897733
R-HSA-429593,abstraction:IsAComponentOf,R-HSA-425407,0
R-HSA-9955298,abstraction:IsAComponentOf,R-HSA-425407,0.6815282767897733
R-HSA-9958863,abstraction:IsAComponentOf,R-HSA-425407,0.6283805826175506
R-HSA-549127,abstraction:IsAComponentOf,R-HSA-425407,0
R-HSA-9959399,abstraction:IsAComponentOf,R-HSA-425407,0.5933761683571165
R-HSA-9958790,abstraction:IsAComponentOf,R-HSA-425407,0.6931942602255918
R-HSA-425397,abstraction:IsAComponentOf,R-HSA-425407,0.6508398120840294
R-HSA-442660,abstraction:IsAComponentOf,R-HSA-425407,0
R-HSA-189200,abstraction:IsAComponentOf,R-HSA-425407,0
R-HSA-9660821,abstraction:IsAComponentOf,R-HSA-9662851,0
R-HSA-9664323,abstraction:IsAComponentOf,R-HSA-9662851,0
R-HSA-9662834,abstraction:IsAComponentOf,R-HSA-9662851,0
R-HSA-9664535,abstraction:IsAComponentOf,R-HSA-9662851,0
R-HSA-69563,abstraction:IsAComponentOf,R-HSA-69580,0.9099241303772345
R-HSA-4086398,abstraction:IsAComponentOf,R-HSA-3858494,0
R-HSA-4086400,abstraction:IsAComponentOf,R-HSA-3858494,0.7438775123301581
R-HSA-937039,abstraction:IsAComponentOf,R-HSA-166058,0
R-HSA-445989,abstraction:IsAComponentOf,R-HSA-166058,0.7966721413492767
R-HSA-450294,abstraction:IsAComponentOf,R-HSA-166058,0.9437407790975607
R-HSA-937042,abstraction:IsAComponentOf,R-HSA-166058,0
R-HSA-77111,abstraction:IsAComponentOf,R-HSA-74182,0
R-HSA-77108,abstraction:IsAComponentOf,R-HSA-74182,0
R-HSA-389357,abstraction:IsAComponentOf,R-HSA-389356,0
R-HSA-389359,abstraction:IsAComponentOf,R-HSA-389356,0
R-HSA-622327,abstraction:IsAComponentOf,R-HSA-181431,0.6552715667884199
R-HSA-622323,abstraction:IsAComponentOf,R-HSA-181431,0.6552715667884199
R-HSA-2514859,abstraction:IsAComponentOf,R-HSA-2514856,0
R-HSA-2485179,abstraction:IsAComponentOf,R-HSA-2514856,0
R-HSA-3295583,abstraction:IsAComponentOf,R-HSA-2672351,0
R-HSA-212436,abstraction:IsAComponentOf,R-HSA-73857,0.8707862064315075
R-HSA-73856,abstraction:IsAComponentOf,R-HSA-73857,0
R-HSA-674695,abstraction:IsAComponentOf,R-HSA-73857,0
R-HSA-73779,abstraction:IsAComponentOf,R-HSA-73857,0
R-HSA-6807505,abstraction:IsAComponentOf,R-HSA-73857,0
R-HSA-77075,abstraction:IsAComponentOf,R-HSA-73857,0
R-HSA-75955,abstraction:IsAComponentOf,R-HSA-73857,0.5664936249409734
R-HSA-76042,abstraction:IsAComponentOf,R-HSA-73857,0.5664936249409734
R-HSA-2173796,abstraction:IsAComponentOf,R-HSA-2173793,0
R-HSA-2173795,abstraction:IsAComponentOf,R-HSA-2173793,0
R-HSA-5654720,abstraction:IsAComponentOf,R-HSA-5654716,0
R-HSA-5654712,abstraction:IsAComponentOf,R-HSA-5654716,0
R-HSA-5654228,abstraction:IsAComponentOf,R-HSA-5654716,0
R-HSA-5654719,abstraction:IsAComponentOf,R-HSA-5654716,0
R-HSA-1268020,abstraction:IsAComponentOf,R-HSA-9609507,0
R-HSA-9033241,abstraction:IsAComponentOf,R-HSA-9609507,0
R-HSA-9609523,abstraction:IsAComponentOf,R-HSA-9609507,0
R-HSA-9603798,abstraction:IsAComponentOf,R-HSA-9609507,0
R-HSA-9939291,abstraction:IsAComponentOf,R-HSA-8931838,0
R-HSA-8932505,abstraction:IsAComponentOf,R-HSA-8931838,0
R-HSA-8932506,abstraction:IsAComponentOf,R-HSA-8931838,0
R-HSA-8932504,abstraction:IsAComponentOf,R-HSA-8931838,0
R-HSA-9837092,abstraction:IsAComponentOf,R-HSA-9836573,0
R-HSA-192105,abstraction:IsAComponentOf,R-HSA-194068,0.7512695726109494
R-HSA-159418,abstraction:IsAComponentOf,R-HSA-194068,0
R-HSA-3270619,abstraction:IsAComponentOf,R-HSA-1834941,0
R-HSA-3249367,abstraction:IsAComponentOf,R-HSA-1834941,0
R-HSA-5336415,abstraction:IsAComponentOf,R-HSA-5339562,0
R-HSA-8942233,abstraction:IsAComponentOf,R-HSA-5339562,0
R-HSA-168799,abstraction:IsAComponentOf,R-HSA-5339562,0.7273601428312253
R-HSA-5210891,abstraction:IsAComponentOf,R-HSA-5339562,0
R-HSA-5250924,abstraction:IsAComponentOf,R-HSA-5250913,0
R-HSA-427389,abstraction:IsAComponentOf,R-HSA-5250913,0
R-HSA-69601,abstraction:IsAComponentOf,R-HSA-69613,0
R-HSA-9750126,abstraction:IsAComponentOf,R-HSA-6783310,0
R-HSA-2243919,abstraction:IsAComponentOf,R-HSA-2022090,0
R-HSA-2214320,abstraction:IsAComponentOf,R-HSA-2022090,0
R-HSA-139853,abstraction:IsAComponentOf,R-HSA-418360,0
R-HSA-418359,abstraction:IsAComponentOf,R-HSA-418360,0
R-HSA-8949664,abstraction:IsAComponentOf,R-HSA-8949215,0
R-HSA-9664417,abstraction:IsAComponentOf,R-HSA-9664407,0.7084076669435567
R-HSA-6804115,abstraction:IsAComponentOf,R-HSA-6791312,0
R-HSA-6804114,abstraction:IsAComponentOf,R-HSA-6791312,0
R-HSA-6804116,abstraction:IsAComponentOf,R-HSA-6791312,0
R-HSA-5602358,abstraction:IsAComponentOf,R-HSA-5260271,0.23829273469135562
R-HSA-9823587,abstraction:IsAComponentOf,R-HSA-9671793,0.23178410284944
R-HSA-9651496,abstraction:IsAComponentOf,R-HSA-9671793,0.25874230596907544
R-HSA-1839117,abstraction:IsAComponentOf,R-HSA-1839124,0
R-HSA-1839122,abstraction:IsAComponentOf,R-HSA-1839124,0
R-HSA-1839120,abstraction:IsAComponentOf,R-HSA-1839124,0
R-HSA-8853336,abstraction:IsAComponentOf,R-HSA-1839124,0
R-HSA-1251985,abstraction:IsAComponentOf,R-HSA-1236394,0
R-HSA-1250347,abstraction:IsAComponentOf,R-HSA-1236394,0
R-HSA-1250342,abstraction:IsAComponentOf,R-HSA-1236394,0
R-HSA-1253288,abstraction:IsAComponentOf,R-HSA-1236394,0
R-HSA-428359,abstraction:IsAComponentOf,R-HSA-8953854,0
R-HSA-927802,abstraction:IsAComponentOf,R-HSA-8953854,0
R-HSA-9937008,abstraction:IsAComponentOf,R-HSA-8953854,0
R-HSA-72306,abstraction:IsAComponentOf,R-HSA-8953854,0
R-HSA-75072,abstraction:IsAComponentOf,R-HSA-8953854,0
R-HSA-72086,abstraction:IsAComponentOf,R-HSA-8953854,0
R-HSA-450531,abstraction:IsAComponentOf,R-HSA-8953854,0
R-HSA-72203,abstraction:IsAComponentOf,R-HSA-8953854,0
R-HSA-72312,abstraction:IsAComponentOf,R-HSA-8953854,0
R-HSA-9836573,abstraction:IsAComponentOf,R-HSA-8953854,0
R-HSA-194441,abstraction:IsAComponentOf,R-HSA-8953854,0
R-HSA-429914,abstraction:IsAComponentOf,R-HSA-8953854,0
R-HSA-75067,abstraction:IsAComponentOf,R-HSA-8953854,0
R-HSA-9930044,abstraction:IsAComponentOf,R-HSA-8953854,0
R-HSA-1566948,abstraction:IsAComponentOf,R-HSA-1474244,0
R-HSA-3000171,abstraction:IsAComponentOf,R-HSA-1474244,0
R-HSA-216083,abstraction:IsAComponentOf,R-HSA-1474244,0
R-HSA-3000178,abstraction:IsAComponentOf,R-HSA-1474244,0
R-HSA-1474290,abstraction:IsAComponentOf,R-HSA-1474244,0
R-HSA-3000157,abstraction:IsAComponentOf,R-HSA-1474244,0
R-HSA-8941237,abstraction:IsAComponentOf,R-HSA-1474244,0
R-HSA-1474228,abstraction:IsAComponentOf,R-HSA-1474244,0
R-HSA-1566977,abstraction:IsAComponentOf,R-HSA-1474244,0
R-HSA-167246,abstraction:IsAComponentOf,R-HSA-167169,0.7422195079765432
R-HSA-167242,abstraction:IsAComponentOf,R-HSA-167169,0
R-HSA-167158,abstraction:IsAComponentOf,R-HSA-167169,0
R-HSA-390522,abstraction:IsAComponentOf,R-HSA-397014,0
R-HSA-445355,abstraction:IsAComponentOf,R-HSA-397014,0
R-HSA-5576891,abstraction:IsAComponentOf,R-HSA-397014,0
