source,interaction,target,weight
R-HSA-140875,abstraction:NextStepPathway,R-HSA-75205,5.05046986834765e-06
R-HSA-140875,abstraction:NextStepPathway,R-HSA-202733,0.002492748969699293
R-HSA-140875,abstraction:NextStepPathway,R-HSA-216083,0.0011712483220596122
R-HSA-140875,abstraction:NextStepPathway,R-HSA-9672391,0.0016387959845601536
R-HSA-140875,abstraction:NextStepPathway,R-HSA-140837,0.004732545844477004
R-HSA-936964,abstraction:NextStepPathway,R-HSA-9824878,0.012325667895137117
R-HSA-936964,abstraction:NextStepPathway,R-HSA-9013973,0.008213034162578707
R-HSA-381070,abstraction:NextStepPathway,R-HSA-381038,0.08163000097349023
R-HSA-9692916,abstraction:NextStepPathway,R-HSA-975155,0.0017289454389990979
R-HSA-9692916,abstraction:NextStepPathway,R-HSA-1834941,0.0011289009128099467
R-HSA-68877,abstraction:NextStepPathway,R-HSA-9648025,0.05682767236269555
R-HSA-68877,abstraction:NextStepPathway,R-HSA-2500257,0.06434098983483086
R-HSA-174414,abstraction:NextStepPathway,R-HSA-174437,0.021771760387925967
R-HSA-174414,abstraction:NextStepPathway,R-HSA-174417,0.0296338091802544
R-HSA-9683686,abstraction:NextStepPathway,R-HSA-9679509,0.0006455181406581516
R-HSA-166058,abstraction:NextStepPathway,R-HSA-937039,0.007644350386209799
R-HSA-166058,abstraction:NextStepPathway,R-HSA-975871,0.04373204694142522
R-HSA-166058,abstraction:NextStepPathway,R-HSA-975138,0.04373204694142522
R-HSA-166058,abstraction:NextStepPathway,R-HSA-975144,0.007644350386209799
R-HSA-166058,abstraction:NextStepPathway,R-HSA-937042,0.0050652667733618005
R-HSA-168928,abstraction:NextStepPathway,R-HSA-9833109,0.003973613134229732
R-HSA-168928,abstraction:NextStepPathway,R-HSA-918233,0.012177423667980697
R-HSA-168928,abstraction:NextStepPathway,R-HSA-933543,0.006865026911029156
R-HSA-168928,abstraction:NextStepPathway,R-HSA-936440,0.01765694656615926
R-HSA-168928,abstraction:NextStepPathway,R-HSA-9705671,0.011133897212278481
R-HSA-1181150,abstraction:NextStepPathway,R-HSA-1433617,0.001110519919400144
R-HSA-1181150,abstraction:NextStepPathway,R-HSA-9617828,0.0004464525995692315
R-HSA-1181150,abstraction:NextStepPathway,R-HSA-2173789,0.0017917546461770392
R-HSA-1181150,abstraction:NextStepPathway,R-HSA-1502540,0.006808333071205253
R-HSA-1181150,abstraction:NextStepPathway,R-HSA-9823730,4.025055835112576e-06
R-HSA-1181150,abstraction:NextStepPathway,R-HSA-2173796,0.001901835317423162
R-HSA-1181150,abstraction:NextStepPathway,R-HSA-9796292,0.0005536215548148126
R-HSA-1181150,abstraction:NextStepPathway,R-HSA-8941855,0.0006224147151928615
R-HSA-1181150,abstraction:NextStepPathway,R-HSA-2173795,0.001992332026049872
R-HSA-1181150,abstraction:NextStepPathway,R-HSA-9754189,0.0004691905331912153
R-HSA-418592,abstraction:NextStepPathway,R-HSA-418217,4.934277039597075e-07
R-HSA-418592,abstraction:NextStepPathway,R-HSA-8964315,3.2893328403786467e-07
R-HSA-418592,abstraction:NextStepPathway,R-HSA-416476,0.0036047627728326556
R-HSA-418592,abstraction:NextStepPathway,R-HSA-4086398,0.002762787868472565
R-HSA-418592,abstraction:NextStepPathway,R-HSA-111995,0.002404328724674414
R-HSA-418592,abstraction:NextStepPathway,R-HSA-392451,0.0015983745928531547
R-HSA-418592,abstraction:NextStepPathway,R-HSA-8964616,0.0007639196654205287
R-HSA-418592,abstraction:NextStepPathway,R-HSA-432142,0.003290369915320067
R-HSA-75109,abstraction:NextStepPathway,R-HSA-1483166,0.003338487351902558
R-HSA-388479,abstraction:NextStepPathway,R-HSA-9660821,1.4260199154013732e-06
R-HSA-388479,abstraction:NextStepPathway,R-HSA-432040,0.001413403362056817
R-HSA-388479,abstraction:NextStepPathway,R-HSA-416476,3.6239819891251366e-06
R-HSA-388479,abstraction:NextStepPathway,R-HSA-418555,2.414489042641045e-06
R-HSA-6804754,abstraction:NextStepPathway,R-HSA-8943724,0.0005685523900712124
R-HSA-6804754,abstraction:NextStepPathway,R-HSA-69541,0.0005082653058892552
R-HSA-6804754,abstraction:NextStepPathway,R-HSA-5693565,0.0005044552533285603
R-HSA-6804754,abstraction:NextStepPathway,R-HSA-6804757,0.0005864436430816486
R-HSA-6804754,abstraction:NextStepPathway,R-HSA-9833482,0.00047070534360168386
R-HSA-6804754,abstraction:NextStepPathway,R-HSA-6804759,0.000745901735490913
R-HSA-6804754,abstraction:NextStepPathway,R-HSA-5628897,0.000417247192820158
R-HSA-6804754,abstraction:NextStepPathway,R-HSA-6804760,0.0006566242945867778
R-HSA-6804754,abstraction:NextStepPathway,R-HSA-6804756,0.00044551823826058834
R-HSA-6804754,abstraction:NextStepPathway,R-HSA-69473,0.00048667582318178885
R-HSA-6804754,abstraction:NextStepPathway,R-HSA-8941855,0.0007842079148138459
R-HSA-6804754,abstraction:NextStepPathway,R-HSA-2559586,0.0005630090388324868
R-HSA-6804754,abstraction:NextStepPathway,R-HSA-2559580,0.0005332844310295514
R-HSA-68616,abstraction:NextStepPathway,R-HSA-113507,0.0060617813803232655
R-HSA-381771,abstraction:NextStepPathway,R-HSA-420092,0.00041775630185061056
R-HSA-381771,abstraction:NextStepPathway,R-HSA-381676,4.610778357248323e-06
R-HSA-211981,abstraction:NextStepPathway,R-HSA-156590,0.00013529970014576647
R-HSA-181429,abstraction:NextStepPathway,R-HSA-390666,0.0008062616081866875
R-HSA-181429,abstraction:NextStepPathway,R-HSA-212676,0.016053879975166302
R-HSA-181429,abstraction:NextStepPathway,R-HSA-181430,0.014793187333138995
R-HSA-70350,abstraction:NextStepPathway,R-HSA-70171,0.0057694943215277905
R-HSA-71064,abstraction:NextStepPathway,R-HSA-9856872,0.0029556804064884393
R-HSA-71064,abstraction:NextStepPathway,R-HSA-1442490,0.0036928075549532134
R-HSA-71064,abstraction:NextStepPathway,R-HSA-77352,0.004263876532598992
R-HSA-71064,abstraction:NextStepPathway,R-HSA-9858328,0.011547678619276162
R-HSA-71064,abstraction:NextStepPathway,R-HSA-8963693,0.0036811891167419885
R-HSA-69166,abstraction:NextStepPathway,R-HSA-69183,0.020403819789545478
R-HSA-390247,abstraction:NextStepPathway,R-HSA-9856872,0.0015424585336737307
R-HSA-390247,abstraction:NextStepPathway,R-HSA-389887,0.006066054265060966
R-HSA-375165,abstraction:NextStepPathway,R-HSA-111932,0.002106278791485041
R-HSA-375165,abstraction:NextStepPathway,R-HSA-9031628,0.0013819761423194989
R-HSA-375165,abstraction:NextStepPathway,R-HSA-9634638,0.002521519697740604
R-HSA-375165,abstraction:NextStepPathway,R-HSA-199920,0.0034459823847129375
R-HSA-375165,abstraction:NextStepPathway,R-HSA-5673001,0.0019945378332318626
R-HSA-375165,abstraction:NextStepPathway,R-HSA-111931,0.0020448876741736635
R-HSA-2408499,abstraction:NextStepPathway,R-HSA-5263617,0.0023553298854954627
R-HSA-2408499,abstraction:NextStepPathway,R-HSA-2408508,0.0025043948065983208
R-HSA-2408499,abstraction:NextStepPathway,R-HSA-2408550,0.0019147313778937513
R-HSA-2408499,abstraction:NextStepPathway,R-HSA-2408552,0.002609636136225716
R-HSA-997272,abstraction:NextStepPathway,R-HSA-1296041,0.005652571311754301
R-HSA-8851805,abstraction:NextStepPathway,R-HSA-5673001,0.0017692186324031098
R-HSA-1839117,abstraction:NextStepPathway,R-HSA-5655302,0.01051012203686129
R-HSA-425410,abstraction:NextStepPathway,R-HSA-917937,0.003962186435697649
R-HSA-425410,abstraction:NextStepPathway,R-HSA-1222556,0.0008376885119140559
R-HSA-425410,abstraction:NextStepPathway,R-HSA-6803544,0.0017756359908186444
R-HSA-1237044,abstraction:NextStepPathway,R-HSA-1247673,0.015649959218101785
R-HSA-190375,abstraction:NextStepPathway,R-HSA-5654700,0.0019676823317053152
R-HSA-190375,abstraction:NextStepPathway,R-HSA-5654221,0.002291380387706032
R-HSA-190375,abstraction:NextStepPathway,R-HSA-5654699,0.002121550261191287
R-HSA-1170546,abstraction:NextStepPathway,R-HSA-1251985,6.224754980839042e-06
R-HSA-1170546,abstraction:NextStepPathway,R-HSA-982772,0.004437138164257311
R-HSA-390651,abstraction:NextStepPathway,R-HSA-9660821,4.752329031855167e-07
R-HSA-390651,abstraction:NextStepPathway,R-HSA-418594,1.7581747558228787e-06
R-HSA-390651,abstraction:NextStepPathway,R-HSA-418555,8.04648303792412e-07
R-HSA-72163,abstraction:NextStepPathway,R-HSA-72187,0.037454238877225425
R-HSA-72163,abstraction:NextStepPathway,R-HSA-75094,3.153544034428469e-06
R-HSA-72163,abstraction:NextStepPathway,R-HSA-9770562,0.036261069469819926
R-HSA-212718,abstraction:NextStepPathway,R-HSA-1489509,0.0025470467324103887
R-HSA-212718,abstraction:NextStepPathway,R-HSA-2029485,0.002616795839620433
R-HSA-212718,abstraction:NextStepPathway,R-HSA-5218921,0.002592415295066397
R-HSA-727802,abstraction:NextStepPathway,R-HSA-163841,0.0005477486248548411
R-HSA-727802,abstraction:NextStepPathway,R-HSA-9840309,0.004354141783968045
R-HSA-727802,abstraction:NextStepPathway,R-HSA-975578,0.00228693841823884
R-HSA-727802,abstraction:NextStepPathway,R-HSA-2022923,0.001394900476200299
R-HSA-727802,abstraction:NextStepPathway,R-HSA-9749641,0.00030017780073186547
R-HSA-727802,abstraction:NextStepPathway,R-HSA-156588,0.0045437325744020745
R-HSA-727802,abstraction:NextStepPathway,R-HSA-2022928,0.00452396139534591
R-HSA-727802,abstraction:NextStepPathway,R-HSA-9939291,0.003197540730185703
R-HSA-727802,abstraction:NextStepPathway,R-HSA-5653890,3.1278605470504157e-06
R-HSA-727802,abstraction:NextStepPathway,R-HSA-2022854,0.006056802152715861
R-HSA-727802,abstraction:NextStepPathway,R-HSA-173599,0.005276256691380503
R-HSA-727802,abstraction:NextStepPathway,R-HSA-189483,0.00028544652780615736
R-HSA-727802,abstraction:NextStepPathway,R-HSA-2022870,0.0021767770522027954
R-HSA-727802,abstraction:NextStepPathway,R-HSA-4085001,0.0019991370860053185
R-HSA-727802,abstraction:NextStepPathway,R-HSA-1971475,0.0010394098034718785
R-HSA-727802,abstraction:NextStepPathway,R-HSA-156584,0.000671881461661683
R-HSA-727802,abstraction:NextStepPathway,R-HSA-913709,0.003384149194564857
R-HSA-450302,abstraction:NextStepPathway,R-HSA-450341,0.002505130361057539
R-HSA-450302,abstraction:NextStepPathway,R-HSA-6811555,0.0021193668678221207
R-HSA-450302,abstraction:NextStepPathway,R-HSA-2559580,0.0017975684261863048
R-HSA-9768777,abstraction:NextStepPathway,R-HSA-9768778,0.0009240412139412581
R-HSA-380615,abstraction:NextStepPathway,R-HSA-380612,0.014629338509038924
R-HSA-380615,abstraction:NextStepPathway,R-HSA-141333,0.007053568852120588
R-HSA-917937,abstraction:NextStepPathway,R-HSA-425410,0.003962186435697649
R-HSA-917937,abstraction:NextStepPathway,R-HSA-9707564,0.005696427808163705
R-HSA-917937,abstraction:NextStepPathway,R-HSA-389542,0.0024043224300509714
R-HSA-917937,abstraction:NextStepPathway,R-HSA-917977,0.018588708009550526
R-HSA-917937,abstraction:NextStepPathway,R-HSA-1222556,0.006792101893014558
R-HSA-917937,abstraction:NextStepPathway,R-HSA-189483,0.00689258263839744
R-HSA-917937,abstraction:NextStepPathway,R-HSA-6803544,0.0031424054302804276
R-HSA-917937,abstraction:NextStepPathway,R-HSA-189451,0.004696674786616754
R-HSA-8943724,abstraction:NextStepPathway,R-HSA-5628897,0.00951342705375742
R-HSA-8943724,abstraction:NextStepPathway,R-HSA-8943723,0.0004464571767530743
R-HSA-2980767,abstraction:NextStepPathway,R-HSA-9648025,0.0030502317870239218
R-HSA-2980767,abstraction:NextStepPathway,R-HSA-3301854,0.0024151189827946408
R-HSA-5654688,abstraction:NextStepPathway,R-HSA-5673001,0.002379651193493104
R-HSA-9013508,abstraction:NextStepPathway,R-HSA-1912408,0.0006346453645896648
R-HSA-3065679,abstraction:NextStepPathway,R-HSA-3065676,0.0035204685397914157
R-HSA-2559585,abstraction:NextStepPathway,R-HSA-69481,0.0009484014546419929
R-HSA-2559585,abstraction:NextStepPathway,R-HSA-69541,0.0020564556324917005
R-HSA-2559585,abstraction:NextStepPathway,R-HSA-2559582,0.000762986986239384
R-HSA-2559585,abstraction:NextStepPathway,R-HSA-6804757,0.0023850833270654148
R-HSA-2559585,abstraction:NextStepPathway,R-HSA-69231,0.0018760222260488135
R-HSA-2559585,abstraction:NextStepPathway,R-HSA-8853884,0.0028994804748606736
R-HSA-2559585,abstraction:NextStepPathway,R-HSA-8852276,0.0014054749087565265
R-HSA-2559585,abstraction:NextStepPathway,R-HSA-111471,0.001784889069849716
R-HSA-2559585,abstraction:NextStepPathway,R-HSA-2559580,0.006470826676496705
R-HSA-73856,abstraction:NextStepPathway,R-HSA-159230,0.0013097565450125213
R-HSA-73856,abstraction:NextStepPathway,R-HSA-159227,0.0008536156122854728
R-HSA-73856,abstraction:NextStepPathway,R-HSA-77595,0.016023659881938112
R-HSA-73856,abstraction:NextStepPathway,R-HSA-9930044,0.001254538738306408
R-HSA-532668,abstraction:NextStepPathway,R-HSA-901042,0.02050920627843635
R-HSA-444257,abstraction:NextStepPathway,R-HSA-442742,0.00217372666084331
R-HSA-418885,abstraction:NextStepPathway,R-HSA-428542,0.0035132430111269103
R-HSA-418885,abstraction:NextStepPathway,R-HSA-5627123,0.001157453595632925
R-HSA-418885,abstraction:NextStepPathway,R-HSA-373752,0.011380617387862594
R-HSA-418885,abstraction:NextStepPathway,R-HSA-5687128,0.000777425727417686
R-HSA-418885,abstraction:NextStepPathway,R-HSA-389359,0.005504036341992631
R-HSA-418885,abstraction:NextStepPathway,R-HSA-418890,0.004332143306286771
R-HSA-69200,abstraction:NextStepPathway,R-HSA-113501,0.0007639196654205287
R-HSA-77348,abstraction:NextStepPathway,R-HSA-611105,0.0020033237977158938
R-HSA-77348,abstraction:NextStepPathway,R-HSA-77350,0.012430517171432988
R-HSA-75157,abstraction:NextStepPathway,R-HSA-3371378,0.004242972664573956
R-HSA-75157,abstraction:NextStepPathway,R-HSA-69416,0.004242972664573956
R-HSA-75157,abstraction:NextStepPathway,R-HSA-5218900,0.0009222578918780002
R-HSA-5637810,abstraction:NextStepPathway,R-HSA-1236382,0.019401848364932077
R-HSA-674695,abstraction:NextStepPathway,R-HSA-167152,0.03197216074824236
R-HSA-674695,abstraction:NextStepPathway,R-HSA-113418,0.027940496296883215
R-HSA-674695,abstraction:NextStepPathway,R-HSA-167200,0.031102837310998603
R-HSA-674695,abstraction:NextStepPathway,R-HSA-112382,0.0440842116704803
R-HSA-674695,abstraction:NextStepPathway,R-HSA-167158,0.027940496296883215
R-HSA-674695,abstraction:NextStepPathway,R-HSA-75955,0.045062862303007115
R-HSA-8875555,abstraction:NextStepPathway,R-HSA-8875656,0.000867175160562228
R-HSA-69481,abstraction:NextStepPathway,R-HSA-8852276,0.025097806048541553
R-HSA-9854311,abstraction:NextStepPathway,R-HSA-71403,0.032137358931306176
R-HSA-9854311,abstraction:NextStepPathway,R-HSA-611105,0.006654486903041249
R-HSA-3928662,abstraction:NextStepPathway,R-HSA-5627117,0.005281494907036212
R-HSA-5578775,abstraction:NextStepPathway,R-HSA-2514859,0.002980124970596751
R-HSA-5578775,abstraction:NextStepPathway,R-HSA-2871809,0.006045905217751071
R-HSA-5578775,abstraction:NextStepPathway,R-HSA-936837,0.008715979194143892
R-HSA-5578775,abstraction:NextStepPathway,R-HSA-5607763,0.005664071054015348
R-HSA-5578775,abstraction:NextStepPathway,R-HSA-114508,0.0041355004374444265
R-HSA-5578775,abstraction:NextStepPathway,R-HSA-1169091,0.0010449023279145027
R-HSA-5578775,abstraction:NextStepPathway,R-HSA-9664323,0.0054519275511208075
R-HSA-5578775,abstraction:NextStepPathway,R-HSA-112043,0.006392810089528949
R-HSA-5578775,abstraction:NextStepPathway,R-HSA-9856530,0.0028322304546426515
R-HSA-5578775,abstraction:NextStepPathway,R-HSA-111997,0.0038293402929084346
R-HSA-5578775,abstraction:NextStepPathway,R-HSA-445355,0.003822828842557706
R-HSA-5578775,abstraction:NextStepPathway,R-HSA-76005,0.004230571673696351
R-HSA-5578775,abstraction:NextStepPathway,R-HSA-422356,0.005049289334885655
R-HSA-5578775,abstraction:NextStepPathway,R-HSA-983695,0.005650681191970679
R-HSA-5578775,abstraction:NextStepPathway,R-HSA-2025928,0.0010996589650145085
R-HSA-5578775,abstraction:NextStepPathway,R-HSA-5218921,0.006206508821773309
R-HSA-376176,abstraction:NextStepPathway,R-HSA-428542,0.005208123490431682
R-HSA-376176,abstraction:NextStepPathway,R-HSA-428890,0.0025961415216883424
R-HSA-376176,abstraction:NextStepPathway,R-HSA-8985586,0.005208123490431682
R-HSA-376176,abstraction:NextStepPathway,R-HSA-373752,0.0038950392006506136
R-HSA-376176,abstraction:NextStepPathway,R-HSA-428543,0.005863641754695138
R-HSA-376176,abstraction:NextStepPathway,R-HSA-428540,0.003247636270187295
R-HSA-69478,abstraction:NextStepPathway,R-HSA-69273,0.005611546531135112
R-HSA-9694301,abstraction:NextStepPathway,R-HSA-9694676,0.009299240890081268
R-HSA-9694301,abstraction:NextStepPathway,R-HSA-9694271,0.0029036825264122956
R-HSA-9694301,abstraction:NextStepPathway,R-HSA-9705671,0.0019516792351852458
R-HSA-9694301,abstraction:NextStepPathway,R-HSA-9694686,0.0030631524105771976
R-HSA-9694301,abstraction:NextStepPathway,R-HSA-9754678,0.00034009294719369675
R-HSA-159231,abstraction:NextStepPathway,R-HSA-72662,9.386564434685854e-05
R-HSA-5693579,abstraction:NextStepPathway,R-HSA-5685942,0.03132764771829752
R-HSA-77387,abstraction:NextStepPathway,R-HSA-74752,0.011806228827778176
R-HSA-5652227,abstraction:NextStepPathway,R-HSA-70350,0.0019635288054657917
R-HSA-5263617,abstraction:NextStepPathway,R-HSA-2408508,0.0018696241761781461
R-HSA-5263617,abstraction:NextStepPathway,R-HSA-2408552,0.0006905148174706934
R-HSA-73772,abstraction:NextStepPathway,R-HSA-427413,0.025482578184521227
R-HSA-73772,abstraction:NextStepPathway,R-HSA-73863,0.027693015326554545
R-HSA-73772,abstraction:NextStepPathway,R-HSA-427389,0.0009269754013750027
R-HSA-141430,abstraction:NextStepPathway,R-HSA-176409,0.017931351325095674
R-HSA-141430,abstraction:NextStepPathway,R-HSA-179409,0.0233600118950154
R-HSA-141430,abstraction:NextStepPathway,R-HSA-174184,0.018162957038132206
R-HSA-5213460,abstraction:NextStepPathway,R-HSA-9686347,0.004917762334406394
R-HSA-5213460,abstraction:NextStepPathway,R-HSA-5675482,0.028197353065166273
R-HSA-5213460,abstraction:NextStepPathway,R-HSA-9692913,2.195733263450584e-06
R-HSA-69541,abstraction:NextStepPathway,R-HSA-6804754,0.0005082653058892552
R-HSA-69541,abstraction:NextStepPathway,R-HSA-2559585,0.0020564556324917005
R-HSA-69541,abstraction:NextStepPathway,R-HSA-69481,0.025515053570766416
R-HSA-69541,abstraction:NextStepPathway,R-HSA-5620971,1.3853438327397742e-05
R-HSA-69541,abstraction:NextStepPathway,R-HSA-6804115,0.001172539082245207
R-HSA-69541,abstraction:NextStepPathway,R-HSA-111448,0.0005082653058892552
R-HSA-69541,abstraction:NextStepPathway,R-HSA-6804757,0.005279063114405601
R-HSA-69541,abstraction:NextStepPathway,R-HSA-69895,0.00043606981555350686
R-HSA-69541,abstraction:NextStepPathway,R-HSA-6803204,0.001686133022296891
R-HSA-69541,abstraction:NextStepPathway,R-HSA-6804759,0.002420294677624246
R-HSA-69541,abstraction:NextStepPathway,R-HSA-6796648,0.0007726821237239677
R-HSA-69541,abstraction:NextStepPathway,R-HSA-9758274,0.00029614026523868623
R-HSA-69541,abstraction:NextStepPathway,R-HSA-6804760,0.0027325310794442115
R-HSA-69541,abstraction:NextStepPathway,R-HSA-6811555,0.0014524257768634922
R-HSA-69541,abstraction:NextStepPathway,R-HSA-6804758,0.001132445821823359
R-HSA-69541,abstraction:NextStepPathway,R-HSA-6804756,0.0016134847139181558
R-HSA-69541,abstraction:NextStepPathway,R-HSA-6803207,0.0019706270253379444
R-HSA-69541,abstraction:NextStepPathway,R-HSA-6803211,0.00043606981555350686
R-HSA-69541,abstraction:NextStepPathway,R-HSA-69473,0.0018218377893178444
R-HSA-69541,abstraction:NextStepPathway,R-HSA-2559586,0.0016145034363251624
R-HSA-69541,abstraction:NextStepPathway,R-HSA-6803205,0.0002136611609721205
R-HSA-69541,abstraction:NextStepPathway,R-HSA-8852276,0.031609987179434466
R-HSA-69541,abstraction:NextStepPathway,R-HSA-6804114,0.00026581069652714304
R-HSA-69541,abstraction:NextStepPathway,R-HSA-8941858,0.032760068839691146
R-HSA-69541,abstraction:NextStepPathway,R-HSA-6804116,0.00028528787624853766
R-HSA-69541,abstraction:NextStepPathway,R-HSA-2559580,0.0014924525620784524
R-HSA-2428928,abstraction:NextStepPathway,R-HSA-112399,0.015957337795857767
R-HSA-72187,abstraction:NextStepPathway,R-HSA-73856,0.038395845758920764
R-HSA-72187,abstraction:NextStepPathway,R-HSA-159236,0.017310251105689674
R-HSA-180746,abstraction:NextStepPathway,R-HSA-165054,0.030197677345623813
R-HSA-9615710,abstraction:NextStepPathway,R-HSA-9613829,0.0007665172539396248
R-HSA-9833109,abstraction:NextStepPathway,R-HSA-909733,0.0033731064936617745
R-HSA-9833109,abstraction:NextStepPathway,R-HSA-918233,0.0027085390688616293
R-HSA-74751,abstraction:NextStepPathway,R-HSA-179812,0.0036594945552227177
R-HSA-74751,abstraction:NextStepPathway,R-HSA-74749,0.00939976657484527
R-HSA-74751,abstraction:NextStepPathway,R-HSA-912526,0.0034459823847129375
R-HSA-74751,abstraction:NextStepPathway,R-HSA-167044,0.004931417225646016
R-HSA-74751,abstraction:NextStepPathway,R-HSA-5673001,0.0026024086023615635
R-HSA-74751,abstraction:NextStepPathway,R-HSA-171007,0.003290223685935229
R-HSA-74751,abstraction:NextStepPathway,R-HSA-112412,0.004065345409267762
R-HSA-74751,abstraction:NextStepPathway,R-HSA-180336,0.006737258284170669
R-HSA-74751,abstraction:NextStepPathway,R-HSA-2428933,0.005694712401046909
R-HSA-2161517,abstraction:NextStepPathway,R-HSA-2161541,0.0030394510359423622
R-HSA-983168,abstraction:NextStepPathway,R-HSA-983170,0.0011883323068276304
R-HSA-168188,abstraction:NextStepPathway,R-HSA-166058,0.049471852234903045
R-HSA-420499,abstraction:NextStepPathway,R-HSA-997272,0.0030230099062255426
R-HSA-420499,abstraction:NextStepPathway,R-HSA-1296041,0.0030230099062255426
R-HSA-420499,abstraction:NextStepPathway,R-HSA-418594,0.0003292825252463878
R-HSA-420499,abstraction:NextStepPathway,R-HSA-416476,0.00038840644813732076
R-HSA-168336,abstraction:NextStepPathway,R-HSA-168271,0.008881834273461576
R-HSA-561048,abstraction:NextStepPathway,R-HSA-9749641,2.7448213131227517e-06
R-HSA-561048,abstraction:NextStepPathway,R-HSA-196807,0.0004108425739577337
R-HSA-561048,abstraction:NextStepPathway,R-HSA-433692,0.001959080487616811
R-HSA-561048,abstraction:NextStepPathway,R-HSA-428643,0.0006367379172159365
R-HSA-165158,abstraction:NextStepPathway,R-HSA-165160,0.004346429241372925
R-HSA-165158,abstraction:NextStepPathway,R-HSA-1445148,0.002080510825142727
R-HSA-165158,abstraction:NextStepPathway,R-HSA-9824585,0.002187439907433342
R-HSA-165158,abstraction:NextStepPathway,R-HSA-165181,0.004626571014848417
R-HSA-9828721,abstraction:NextStepPathway,R-HSA-9833109,0.0018568799408105892
R-HSA-9828721,abstraction:NextStepPathway,R-HSA-9833110,0.00834634806299287
R-HSA-9828721,abstraction:NextStepPathway,R-HSA-9828806,0.009774185211104252
R-HSA-9027283,abstraction:NextStepPathway,R-HSA-2586552,0.0026741714809112044
R-HSA-9027283,abstraction:NextStepPathway,R-HSA-1266695,0.0013943354672712874
R-HSA-9027283,abstraction:NextStepPathway,R-HSA-512988,0.002159465726309602
R-HSA-9027283,abstraction:NextStepPathway,R-HSA-9020558,0.0015258097016398484
R-HSA-9027283,abstraction:NextStepPathway,R-HSA-982772,0.0036372419771404773
R-HSA-179812,abstraction:NextStepPathway,R-HSA-74751,0.0036594945552227177
R-HSA-179812,abstraction:NextStepPathway,R-HSA-912526,0.0018854379707452385
R-HSA-179812,abstraction:NextStepPathway,R-HSA-167044,0.004076202436261803
R-HSA-179812,abstraction:NextStepPathway,R-HSA-5673001,0.0009531824200185679
R-HSA-179812,abstraction:NextStepPathway,R-HSA-112412,0.00524644614586357
R-HSA-179812,abstraction:NextStepPathway,R-HSA-180336,0.006025489293448761
R-HSA-179812,abstraction:NextStepPathway,R-HSA-2428933,0.004470556219557192
R-HSA-5620971,abstraction:NextStepPathway,R-HSA-111458,0.0004704824261268709
R-HSA-5620971,abstraction:NextStepPathway,R-HSA-111461,0.0011294274530232928
R-HSA-5620971,abstraction:NextStepPathway,R-HSA-9020702,2.5780319986677614e-05
R-HSA-5620971,abstraction:NextStepPathway,R-HSA-5686938,0.001522431931629971
R-HSA-5620971,abstraction:NextStepPathway,R-HSA-9960525,0.0025174522655084493
R-HSA-5620971,abstraction:NextStepPathway,R-HSA-9960519,0.0025174522655084493
R-HSA-5620971,abstraction:NextStepPathway,R-HSA-111471,0.003384149194564857
R-HSA-8981607,abstraction:NextStepPathway,R-HSA-203615,0.0021051106893915012
R-HSA-8939211,abstraction:NextStepPathway,R-HSA-1251985,0.0023347804377347302
R-HSA-8939211,abstraction:NextStepPathway,R-HSA-8931987,0.006603469793095564
R-HSA-8939211,abstraction:NextStepPathway,R-HSA-9018519,0.07640690620478086
R-HSA-9918432,abstraction:NextStepPathway,R-HSA-9920951,0.0008068721764223467
R-HSA-9918432,abstraction:NextStepPathway,R-HSA-9918487,0.04357571801884156
R-HSA-9918432,abstraction:NextStepPathway,R-HSA-9920588,0.0025171187837774384
R-HSA-9918432,abstraction:NextStepPathway,R-HSA-9918476,0.0007096450182380719
R-HSA-9918432,abstraction:NextStepPathway,R-HSA-9918481,0.0021485367530006115
R-HSA-199220,abstraction:NextStepPathway,R-HSA-196783,0.01839053421664014
R-HSA-167246,abstraction:NextStepPathway,R-HSA-167243,0.02896736911174804
R-HSA-167246,abstraction:NextStepPathway,R-HSA-167238,0.02896736911174804
R-HSA-1538133,abstraction:NextStepPathway,R-HSA-1362300,0.01337617780777932
R-HSA-1538133,abstraction:NextStepPathway,R-HSA-1362277,0.019598765143072214
R-HSA-167060,abstraction:NextStepPathway,R-HSA-187042,0.001007118141153273
R-HSA-8866654,abstraction:NextStepPathway,R-HSA-9033241,0.00258547349304933
R-HSA-5693607,abstraction:NextStepPathway,R-HSA-5685938,0.017515862540201772
R-HSA-5693607,abstraction:NextStepPathway,R-HSA-5685939,0.004951911889183201
R-HSA-5693607,abstraction:NextStepPathway,R-HSA-5693538,0.04759256644723871
R-HSA-5693607,abstraction:NextStepPathway,R-HSA-6804756,0.014687819186001072
R-HSA-5693607,abstraction:NextStepPathway,R-HSA-69473,0.034828138541598254
R-HSA-5693607,abstraction:NextStepPathway,R-HSA-5693616,0.017862453812785728
R-HSA-9694719,abstraction:NextStepPathway,R-HSA-9694322,0.0007068728830922818
R-HSA-9694719,abstraction:NextStepPathway,R-HSA-9754560,0.0005888806085947231
R-HSA-9694719,abstraction:NextStepPathway,R-HSA-9755779,0.0006634811958666258
R-HSA-9694719,abstraction:NextStepPathway,R-HSA-9705671,0.00027874089208859964
R-HSA-8866910,abstraction:NextStepPathway,R-HSA-209822,0.0013774042379578427
R-HSA-8934903,abstraction:NextStepPathway,R-HSA-1632852,0.007005319708620341
R-HSA-8934903,abstraction:NextStepPathway,R-HSA-9694676,3.2926704458048084e-06
R-HSA-8934903,abstraction:NextStepPathway,R-HSA-9679504,2.798296518357376e-06
R-HSA-1963640,abstraction:NextStepPathway,R-HSA-5673001,0.0010477357921144178
R-HSA-167162,abstraction:NextStepPathway,R-HSA-167160,0.01960060681257059
R-HSA-9818564,abstraction:NextStepPathway,R-HSA-9772755,0.003968040505939012
R-HSA-9818564,abstraction:NextStepPathway,R-HSA-9841922,0.06974158914677958
R-HSA-964827,abstraction:NextStepPathway,R-HSA-964739,0.004412747953444909
R-HSA-977606,abstraction:NextStepPathway,R-HSA-9660826,0.00115353764214266
R-HSA-977606,abstraction:NextStepPathway,R-HSA-418594,0.0001376713224071669
R-HSA-5205685,abstraction:NextStepPathway,R-HSA-1632852,0.014200251542547712
R-HSA-5205685,abstraction:NextStepPathway,R-HSA-9694676,0.00037275851049930363
R-HSA-5205685,abstraction:NextStepPathway,R-HSA-9679504,0.0003989474532717425
R-HSA-9758881,abstraction:NextStepPathway,R-HSA-9758890,0.007806973561530749
R-HSA-5673000,abstraction:NextStepPathway,R-HSA-9726840,0.005478616674412119
R-HSA-5673000,abstraction:NextStepPathway,R-HSA-9726842,0.003239631921722402
R-HSA-5673000,abstraction:NextStepPathway,R-HSA-5674135,0.003258655845783554
R-HSA-9613829,abstraction:NextStepPathway,R-HSA-9615710,0.0007665172539396248
R-HSA-9613829,abstraction:NextStepPathway,R-HSA-9613354,0.0008262347663547166
R-HSA-75892,abstraction:NextStepPathway,R-HSA-202733,0.0018379537001819684
R-HSA-75892,abstraction:NextStepPathway,R-HSA-9845620,0.005561610686741182
R-HSA-75892,abstraction:NextStepPathway,R-HSA-114604,0.002604094980347607
R-HSA-174048,abstraction:NextStepPathway,R-HSA-176407,0.018586527786341466
R-HSA-2586552,abstraction:NextStepPathway,R-HSA-1266695,0.0021977966343011386
R-HSA-2586552,abstraction:NextStepPathway,R-HSA-512988,0.0029258005408982824
R-HSA-2586552,abstraction:NextStepPathway,R-HSA-9020558,0.0014320798733538738
R-HSA-2586552,abstraction:NextStepPathway,R-HSA-8875791,0.0029036825264122956
R-HSA-2586552,abstraction:NextStepPathway,R-HSA-8849474,0.0038733358813055176
R-HSA-2586552,abstraction:NextStepPathway,R-HSA-982772,0.0034099144609224473
R-HSA-2586552,abstraction:NextStepPathway,R-HSA-9702518,0.0021348966341268386
R-HSA-2586552,abstraction:NextStepPathway,R-HSA-9703465,0.0012244694944978506
R-HSA-399719,abstraction:NextStepPathway,R-HSA-399710,8.22657493755347e-07
R-HSA-1362300,abstraction:NextStepPathway,R-HSA-1362277,0.006669330891221732
R-HSA-1362300,abstraction:NextStepPathway,R-HSA-69205,0.006768575738004535
R-HSA-1482798,abstraction:NextStepPathway,R-HSA-1483213,0.0009353181746181332
R-HSA-168927,abstraction:NextStepPathway,R-HSA-1810476,0.007799555332371665
R-HSA-68875,abstraction:NextStepPathway,R-HSA-380320,0.000376566812464147
R-HSA-1482922,abstraction:NextStepPathway,R-HSA-1483196,0.0008189292675247441
R-HSA-1482922,abstraction:NextStepPathway,R-HSA-1483248,0.0014011721201033095
R-HSA-2453902,abstraction:NextStepPathway,R-HSA-2514859,0.0028751645308266595
R-HSA-2453902,abstraction:NextStepPathway,R-HSA-2187335,0.00816469851253328
R-HSA-2453902,abstraction:NextStepPathway,R-HSA-5365859,0.007815590162341344
R-HSA-2453902,abstraction:NextStepPathway,R-HSA-2485179,0.0014268148649940484
R-HSA-2453902,abstraction:NextStepPathway,R-HSA-2466712,0.0027975036485455664
R-HSA-418217,abstraction:NextStepPathway,R-HSA-2871809,0.0016243740069037324
R-HSA-418217,abstraction:NextStepPathway,R-HSA-5607763,0.0008008930501427297
R-HSA-418217,abstraction:NextStepPathway,R-HSA-114508,0.001809630391202864
R-HSA-418217,abstraction:NextStepPathway,R-HSA-9664323,0.0016863723878637322
R-HSA-418217,abstraction:NextStepPathway,R-HSA-426048,0.0008189292675247441
R-HSA-418217,abstraction:NextStepPathway,R-HSA-112043,0.0015275721401540742
R-HSA-418217,abstraction:NextStepPathway,R-HSA-4086398,0.0028139365121735028
R-HSA-418217,abstraction:NextStepPathway,R-HSA-1489509,0.0029117742763586306
R-HSA-418217,abstraction:NextStepPathway,R-HSA-76005,0.0007564246542049644
R-HSA-418217,abstraction:NextStepPathway,R-HSA-422356,0.0026134139570807356
R-HSA-418217,abstraction:NextStepPathway,R-HSA-2029485,0.002981578314000557
R-HSA-418217,abstraction:NextStepPathway,R-HSA-983695,0.002796526619868068
R-HSA-418217,abstraction:NextStepPathway,R-HSA-5218921,0.002957179461367785
R-HSA-211994,abstraction:NextStepPathway,R-HSA-193775,0.005992682830667003
R-HSA-211994,abstraction:NextStepPathway,R-HSA-193368,0.005367794545611649
R-HSA-211994,abstraction:NextStepPathway,R-HSA-193807,0.006686461392788083
R-HSA-1482788,abstraction:NextStepPathway,R-HSA-1483166,0.004075122911612324
R-HSA-1482788,abstraction:NextStepPathway,R-HSA-1483101,0.0005916350029643302
R-HSA-1482788,abstraction:NextStepPathway,R-HSA-1483191,0.001573391406564176
R-HSA-1482788,abstraction:NextStepPathway,R-HSA-1483115,0.004332143306286771
R-HSA-1482788,abstraction:NextStepPathway,R-HSA-1483148,0.001197773632803716
R-HSA-189085,abstraction:NextStepPathway,R-HSA-8981373,0.0005486358135658874
R-HSA-202433,abstraction:NextStepPathway,R-HSA-2871809,0.005588471708069996
R-HSA-202433,abstraction:NextStepPathway,R-HSA-9664422,0.0014006186959575019
R-HSA-202433,abstraction:NextStepPathway,R-HSA-5607763,0.0011541578440390926
R-HSA-202433,abstraction:NextStepPathway,R-HSA-9664323,0.0040124030751186816
R-HSA-202433,abstraction:NextStepPathway,R-HSA-112043,0.003492411027464098
R-HSA-202433,abstraction:NextStepPathway,R-HSA-4086398,0.0028142149640780724
R-HSA-202433,abstraction:NextStepPathway,R-HSA-1489509,0.003806008681216646
R-HSA-202433,abstraction:NextStepPathway,R-HSA-422356,0.002473647495270125
R-HSA-202433,abstraction:NextStepPathway,R-HSA-2029485,0.004856459235508372
R-HSA-202433,abstraction:NextStepPathway,R-HSA-983695,0.0027843777675174274
R-HSA-202433,abstraction:NextStepPathway,R-HSA-5663213,0.0015908143944839298
R-HSA-202433,abstraction:NextStepPathway,R-HSA-2029482,0.0013670975503615862
R-HSA-202433,abstraction:NextStepPathway,R-HSA-5218921,0.004792778211195765
R-HSA-202433,abstraction:NextStepPathway,R-HSA-202424,0.0063887764784750925
R-HSA-390648,abstraction:NextStepPathway,R-HSA-418594,2.637410936231056e-06
R-HSA-390648,abstraction:NextStepPathway,R-HSA-416476,1.811684517234897e-06
R-HSA-71384,abstraction:NextStepPathway,R-HSA-379716,0.0017121057772609043
R-HSA-71384,abstraction:NextStepPathway,R-HSA-71737,0.0012855346988197105
R-HSA-190374,abstraction:NextStepPathway,R-HSA-5654688,0.0018854379707452385
R-HSA-190374,abstraction:NextStepPathway,R-HSA-5654693,0.0017316797350762879
R-HSA-190374,abstraction:NextStepPathway,R-HSA-5654219,0.0020551949886343486
R-HSA-190374,abstraction:NextStepPathway,R-HSA-5654687,0.001549763010802725
R-HSA-9931530,abstraction:NextStepPathway,R-HSA-9931521,0.0077083566032736155
R-HSA-9931530,abstraction:NextStepPathway,R-HSA-9932298,6.2624324893344255e-06
R-HSA-173736,abstraction:NextStepPathway,R-HSA-977606,0.002703419193759564
R-HSA-173736,abstraction:NextStepPathway,R-HSA-174577,0.0010183541260264059
R-HSA-5696394,abstraction:NextStepPathway,R-HSA-5696395,0.0025121954801493335
R-HSA-9840309,abstraction:NextStepPathway,R-HSA-9845576,0.0014922965678515398
R-HSA-72649,abstraction:NextStepPathway,R-HSA-72702,0.050517326993888875
R-HSA-72649,abstraction:NextStepPathway,R-HSA-156827,0.044447492842088675
R-HSA-2514859,abstraction:NextStepPathway,R-HSA-2453902,0.002875164530826659
R-HSA-2514859,abstraction:NextStepPathway,R-HSA-111932,0.002558851393567142
R-HSA-2514859,abstraction:NextStepPathway,R-HSA-2871809,0.0031862636898723207
R-HSA-2514859,abstraction:NextStepPathway,R-HSA-442729,0.002558851393567142
R-HSA-2514859,abstraction:NextStepPathway,R-HSA-5607763,0.0024706287441692318
R-HSA-2514859,abstraction:NextStepPathway,R-HSA-5627123,0.003513567303046971
R-HSA-2514859,abstraction:NextStepPathway,R-HSA-9856530,0.003795044829918157
R-HSA-2514859,abstraction:NextStepPathway,R-HSA-4086398,0.007725405233939312
R-HSA-2514859,abstraction:NextStepPathway,R-HSA-111933,0.004330738651191251
R-HSA-2514859,abstraction:NextStepPathway,R-HSA-445355,0.005654250511086251
R-HSA-2514859,abstraction:NextStepPathway,R-HSA-2485179,0.011028001747009374
R-HSA-2514859,abstraction:NextStepPathway,R-HSA-180024,0.003513567303046971
R-HSA-2514859,abstraction:NextStepPathway,R-HSA-9620244,0.0022625070042694736
R-HSA-2514859,abstraction:NextStepPathway,R-HSA-5218920,0.0027513496983858623
R-HSA-2514859,abstraction:NextStepPathway,R-HSA-382556,0.0015436877402345197
R-HSA-2514859,abstraction:NextStepPathway,R-HSA-442720,0.003781720724171633
R-HSA-2514859,abstraction:NextStepPathway,R-HSA-442982,0.002558851393567142
R-HSA-2514859,abstraction:NextStepPathway,R-HSA-2025928,0.0010017724660601056
R-HSA-2514859,abstraction:NextStepPathway,R-HSA-111957,0.0019897021193497942
R-HSA-2514859,abstraction:NextStepPathway,R-HSA-203615,0.003285243481507766
R-HSA-199418,abstraction:NextStepPathway,R-HSA-1855204,0.00452396139534591
R-HSA-199418,abstraction:NextStepPathway,R-HSA-1660516,0.004240161945472093
R-HSA-199418,abstraction:NextStepPathway,R-HSA-1660499,0.006680642473631836
R-HSA-174113,abstraction:NextStepPathway,R-HSA-176408,0.029972292127699526
R-HSA-162594,abstraction:NextStepPathway,R-HSA-164516,0.010087652312397994
R-HSA-162594,abstraction:NextStepPathway,R-HSA-162592,0.014437018266567339
R-HSA-111932,abstraction:NextStepPathway,R-HSA-9616222,0.0003713447788641561
R-HSA-111932,abstraction:NextStepPathway,R-HSA-442729,0.011533206808145641
R-HSA-111932,abstraction:NextStepPathway,R-HSA-9031628,0.0017913994718174219
R-HSA-111932,abstraction:NextStepPathway,R-HSA-9707616,0.0003713447788641561
R-HSA-111932,abstraction:NextStepPathway,R-HSA-9634638,0.0021348966341268386
R-HSA-111932,abstraction:NextStepPathway,R-HSA-9620244,0.0033473550161617974
R-HSA-111932,abstraction:NextStepPathway,R-HSA-2151201,0.003941090140370889
R-HSA-111932,abstraction:NextStepPathway,R-HSA-111931,0.0047562540714767825
R-HSA-111932,abstraction:NextStepPathway,R-HSA-9931509,0.000464122675874342
R-HSA-111932,abstraction:NextStepPathway,R-HSA-9022692,0.0025204681384936294
R-HSA-9861718,abstraction:NextStepPathway,R-HSA-70268,0.03327606463271051
R-HSA-390666,abstraction:NextStepPathway,R-HSA-9660821,4.752329031855167e-07
R-HSA-390666,abstraction:NextStepPathway,R-HSA-418594,1.7581747558228787e-06
R-HSA-390666,abstraction:NextStepPathway,R-HSA-416476,1.2077215927998825e-06
R-HSA-390666,abstraction:NextStepPathway,R-HSA-418555,8.04648303792412e-07
R-HSA-9635644,abstraction:NextStepPathway,R-HSA-9636383,0.0030072671366716715
R-HSA-2142691,abstraction:NextStepPathway,R-HSA-211979,0.004445499728885194
R-HSA-2142691,abstraction:NextStepPathway,R-HSA-2142700,0.00767247382309868
R-HSA-2142691,abstraction:NextStepPathway,R-HSA-2142688,0.010196095099877671
R-HSA-2142691,abstraction:NextStepPathway,R-HSA-9664535,0.004928145690280078
R-HSA-380994,abstraction:NextStepPathway,R-HSA-9909649,0.00033850973804428863
R-HSA-8951430,abstraction:NextStepPathway,R-HSA-69202,0.0003766270078212041
R-HSA-8951430,abstraction:NextStepPathway,R-HSA-4411364,0.004412821053839341
R-HSA-2871809,abstraction:NextStepPathway,R-HSA-5578775,0.006045905217751071
R-HSA-2871809,abstraction:NextStepPathway,R-HSA-2514859,0.0031862636898723207
R-HSA-2871809,abstraction:NextStepPathway,R-HSA-111932,0.0028956000562659254
R-HSA-2871809,abstraction:NextStepPathway,R-HSA-442729,0.0028956000562659254
R-HSA-2871809,abstraction:NextStepPathway,R-HSA-5607763,0.009997652036180148
R-HSA-2871809,abstraction:NextStepPathway,R-HSA-1169091,0.0011388842984144895
R-HSA-2871809,abstraction:NextStepPathway,R-HSA-9664323,0.009933553654662827
R-HSA-2871809,abstraction:NextStepPathway,R-HSA-5627123,0.004037407233475614
R-HSA-2871809,abstraction:NextStepPathway,R-HSA-112043,0.007713476424535329
R-HSA-2871809,abstraction:NextStepPathway,R-HSA-9856530,0.0037590869925863677
R-HSA-2871809,abstraction:NextStepPathway,R-HSA-4086398,0.007930868229985177
R-HSA-2871809,abstraction:NextStepPathway,R-HSA-111933,0.0031692257801581533
R-HSA-2871809,abstraction:NextStepPathway,R-HSA-111997,0.0031692257801581533
R-HSA-2871809,abstraction:NextStepPathway,R-HSA-445355,0.0032999536154676113
R-HSA-2871809,abstraction:NextStepPathway,R-HSA-1489509,0.006382867995523861
R-HSA-2871809,abstraction:NextStepPathway,R-HSA-180024,0.00693324606970293
R-HSA-2871809,abstraction:NextStepPathway,R-HSA-9620244,0.002598155133837415
R-HSA-2871809,abstraction:NextStepPathway,R-HSA-5218920,0.004034888081030292
R-HSA-2871809,abstraction:NextStepPathway,R-HSA-422356,0.0053845071368032295
R-HSA-2871809,abstraction:NextStepPathway,R-HSA-2029485,0.009790796531653052
R-HSA-2871809,abstraction:NextStepPathway,R-HSA-442720,0.003122488178530583
R-HSA-2871809,abstraction:NextStepPathway,R-HSA-442982,0.0011629107057732106
R-HSA-2871809,abstraction:NextStepPathway,R-HSA-983695,0.008843324195466675
R-HSA-2871809,abstraction:NextStepPathway,R-HSA-2025928,0.003888822993118979
R-HSA-2871809,abstraction:NextStepPathway,R-HSA-9942503,8.787886776206433e-06
R-HSA-2871809,abstraction:NextStepPathway,R-HSA-2871837,0.0027791443134539675
R-HSA-2871809,abstraction:NextStepPathway,R-HSA-111957,0.0022378592691669964
R-HSA-2871809,abstraction:NextStepPathway,R-HSA-203615,0.0031598495568090357
R-HSA-2871809,abstraction:NextStepPathway,R-HSA-5218921,0.007540257320946117
R-HSA-2871809,abstraction:NextStepPathway,R-HSA-202424,0.0032644405849122046
R-HSA-1169092,abstraction:NextStepPathway,R-HSA-5673001,0.0025918584793577348
R-HSA-1660517,abstraction:NextStepPathway,R-HSA-1660508,0.0010659417925676154
R-HSA-1660517,abstraction:NextStepPathway,R-HSA-1855183,0.0026282823158776236
R-HSA-71032,abstraction:NextStepPathway,R-HSA-71403,0.0024223068045444098
R-HSA-9931529,abstraction:NextStepPathway,R-HSA-9931510,0.0011705060348690805
R-HSA-9931529,abstraction:NextStepPathway,R-HSA-1368108,0.0012561644433829186
R-HSA-450341,abstraction:NextStepPathway,R-HSA-8943724,0.0033583972766593456
R-HSA-450341,abstraction:NextStepPathway,R-HSA-2559582,0.003071451018776447
R-HSA-450341,abstraction:NextStepPathway,R-HSA-2871796,0.0036222380980960324
R-HSA-450341,abstraction:NextStepPathway,R-HSA-9909649,1.2797614840800894e-06
R-HSA-450341,abstraction:NextStepPathway,R-HSA-2559580,0.003208631810059062
R-HSA-1266695,abstraction:NextStepPathway,R-HSA-2586552,0.0021977966343011386
R-HSA-1266695,abstraction:NextStepPathway,R-HSA-9020958,0.004592162558203933
R-HSA-1266695,abstraction:NextStepPathway,R-HSA-512988,0.0009752349564332101
R-HSA-1266695,abstraction:NextStepPathway,R-HSA-8983432,0.005016667633550384
R-HSA-1266695,abstraction:NextStepPathway,R-HSA-9020558,0.004042507447953913
R-HSA-1266695,abstraction:NextStepPathway,R-HSA-6785807,0.004008271725755698
R-HSA-1266695,abstraction:NextStepPathway,R-HSA-982772,0.001197773632803716
R-HSA-1266695,abstraction:NextStepPathway,R-HSA-9702518,0.0010577294948796493
R-HSA-1266695,abstraction:NextStepPathway,R-HSA-3247509,0.0014745667108613599
R-HSA-1266695,abstraction:NextStepPathway,R-HSA-9703465,0.001022096780355871
R-HSA-1266695,abstraction:NextStepPathway,R-HSA-8985947,0.005436386288276375
R-HSA-512988,abstraction:NextStepPathway,R-HSA-2586552,0.0029258005408982824
R-HSA-512988,abstraction:NextStepPathway,R-HSA-1266695,0.0009752349564332101
R-HSA-512988,abstraction:NextStepPathway,R-HSA-912526,0.005941049702778842
R-HSA-512988,abstraction:NextStepPathway,R-HSA-9020558,0.0018906482226998017
R-HSA-512988,abstraction:NextStepPathway,R-HSA-982772,0.002690585375191271
R-HSA-512988,abstraction:NextStepPathway,R-HSA-9702518,0.002384827551444725
R-HSA-512988,abstraction:NextStepPathway,R-HSA-9703465,0.0031092210202450722
R-HSA-9664422,abstraction:NextStepPathway,R-HSA-4420097,0.007672271609814495
R-HSA-9664422,abstraction:NextStepPathway,R-HSA-9664323,0.004557788757633435
R-HSA-9664422,abstraction:NextStepPathway,R-HSA-5627123,0.0015046508312877814
R-HSA-9664422,abstraction:NextStepPathway,R-HSA-114604,0.004203777067664272
R-HSA-9664422,abstraction:NextStepPathway,R-HSA-5663213,0.0201195039083315
R-HSA-9664422,abstraction:NextStepPathway,R-HSA-2029482,0.026664225409579065
R-HSA-1855196,abstraction:NextStepPathway,R-HSA-1855191,0.003093652623175065
R-HSA-1855156,abstraction:NextStepPathway,R-HSA-1855170,0.0010481133668297968
R-HSA-1855156,abstraction:NextStepPathway,R-HSA-1855191,0.0020518499385944644
R-HSA-5693565,abstraction:NextStepPathway,R-HSA-5685938,0.0043451545929413925
R-HSA-5693565,abstraction:NextStepPathway,R-HSA-69541,0.0019130202491635432
R-HSA-5693565,abstraction:NextStepPathway,R-HSA-5693571,0.019549064121715823
R-HSA-5693565,abstraction:NextStepPathway,R-HSA-5693607,0.019692052826166612
R-HSA-5693565,abstraction:NextStepPathway,R-HSA-6804757,0.0037093202733940946
R-HSA-5693565,abstraction:NextStepPathway,R-HSA-6804756,0.003816831232805475
R-HSA-5693565,abstraction:NextStepPathway,R-HSA-69473,0.019839982939267337
R-HSA-5693565,abstraction:NextStepPathway,R-HSA-8939236,0.0022382322895397756
R-HSA-5693565,abstraction:NextStepPathway,R-HSA-2559586,0.005770654998358504
R-HSA-5693565,abstraction:NextStepPathway,R-HSA-75035,0.0017580005148683403
R-HSA-5693565,abstraction:NextStepPathway,R-HSA-69601,0.0009109948196383809
R-HSA-9694635,abstraction:NextStepPathway,R-HSA-9694719,0.006377423259721305
R-HSA-9694635,abstraction:NextStepPathway,R-HSA-9694548,0.013030942156579784
R-HSA-9694635,abstraction:NextStepPathway,R-HSA-9694631,0.012060677104361223
R-HSA-9694635,abstraction:NextStepPathway,R-HSA-9694594,0.0017975684261863048
R-HSA-9694635,abstraction:NextStepPathway,R-HSA-9694493,0.00361417121590335
R-HSA-8964026,abstraction:NextStepPathway,R-HSA-8964038,0.006131170789558214
R-HSA-114608,abstraction:NextStepPathway,R-HSA-140875,3.3662206562221463e-06
R-HSA-114608,abstraction:NextStepPathway,R-HSA-140837,3.219681641187593e-06
R-HSA-373080,abstraction:NextStepPathway,R-HSA-9660821,0.00037739859210693773
R-HSA-373080,abstraction:NextStepPathway,R-HSA-418555,0.00029362835825612967
R-HSA-3322077,abstraction:NextStepPathway,R-HSA-173599,0.006134826582692637
R-HSA-3322077,abstraction:NextStepPathway,R-HSA-379716,0.0017446827039643731
R-HSA-3322077,abstraction:NextStepPathway,R-HSA-71737,0.003217816228956055
R-HSA-1632852,abstraction:NextStepPathway,R-HSA-9694676,0.005557195341586921
R-HSA-1632852,abstraction:NextStepPathway,R-HSA-8876198,0.0019392837961422485
R-HSA-1632852,abstraction:NextStepPathway,R-HSA-9679504,0.005107540559173009
R-HSA-3296197,abstraction:NextStepPathway,R-HSA-418594,3.516746347916329e-06
R-HSA-167590,abstraction:NextStepPathway,R-HSA-182218,0.005586735109403743
R-HSA-73762,abstraction:NextStepPathway,R-HSA-73772,0.027073932514307158
R-HSA-73762,abstraction:NextStepPathway,R-HSA-427359,0.002941728237616453
R-HSA-73930,abstraction:NextStepPathway,R-HSA-110381,0.003603600298472779
R-HSA-167152,abstraction:NextStepPathway,R-HSA-167200,0.0419864782831596
R-HSA-111453,abstraction:NextStepPathway,R-HSA-111447,0.0018277211068822088
R-HSA-937072,abstraction:NextStepPathway,R-HSA-450302,0.00217372666084331
R-HSA-937072,abstraction:NextStepPathway,R-HSA-975163,0.0051229296401458955
R-HSA-937072,abstraction:NextStepPathway,R-HSA-9020702,0.002556303305344196
R-HSA-937072,abstraction:NextStepPathway,R-HSA-445989,0.00269058537519127
R-HSA-937072,abstraction:NextStepPathway,R-HSA-168638,0.0036927074677731153
R-HSA-937072,abstraction:NextStepPathway,R-HSA-9705671,0.0017205489897071657
R-HSA-937072,abstraction:NextStepPathway,R-HSA-450321,0.00217372666084331
R-HSA-1614635,abstraction:NextStepPathway,R-HSA-549127,0.0010998315408871314
R-HSA-1614635,abstraction:NextStepPathway,R-HSA-1614603,0.007472836843135512
R-HSA-1614635,abstraction:NextStepPathway,R-HSA-351202,0.0021184326685919188
R-HSA-1614635,abstraction:NextStepPathway,R-HSA-1614558,0.04306558156518162
R-HSA-1614635,abstraction:NextStepPathway,R-HSA-156581,0.010347346852996861
R-HSA-1614635,abstraction:NextStepPathway,R-HSA-6798163,0.0043217183748317034
R-HSA-1614635,abstraction:NextStepPathway,R-HSA-9759218,0.009128799517171354
R-HSA-111448,abstraction:NextStepPathway,R-HSA-111453,2.923357576828516e-07
R-HSA-111448,abstraction:NextStepPathway,R-HSA-6803204,0.0024860723832652158
R-HSA-1810476,abstraction:NextStepPathway,R-HSA-3134963,0.0026937832164112985
R-HSA-1810476,abstraction:NextStepPathway,R-HSA-445989,0.004486830344037439
R-HSA-1810476,abstraction:NextStepPathway,R-HSA-933542,0.00569797760918905
R-HSA-1483166,abstraction:NextStepPathway,R-HSA-75109,0.003338487351902558
R-HSA-1483166,abstraction:NextStepPathway,R-HSA-1483213,0.001256359316556137
R-HSA-1483166,abstraction:NextStepPathway,R-HSA-264642,0.0012789680849348453
R-HSA-1483166,abstraction:NextStepPathway,R-HSA-6803204,0.00021486643784800782
R-HSA-1483166,abstraction:NextStepPathway,R-HSA-1483226,0.0003702247478590487
R-HSA-1483166,abstraction:NextStepPathway,R-HSA-1483191,0.0027228035640291656
R-HSA-1483166,abstraction:NextStepPathway,R-HSA-1483148,0.00456796796625439
R-HSA-351143,abstraction:NextStepPathway,R-HSA-351202,0.007290102937911292
R-HSA-432722,abstraction:NextStepPathway,R-HSA-199992,0.02517332582775649
R-HSA-5632684,abstraction:NextStepPathway,R-HSA-5635851,0.0024379167454199368
R-HSA-5632684,abstraction:NextStepPathway,R-HSA-8941284,5.590922804056499e-06
R-HSA-5632684,abstraction:NextStepPathway,R-HSA-5610780,0.03245736931809401
R-HSA-9032500,abstraction:NextStepPathway,R-HSA-9032759,0.0082644009539735
R-HSA-76066,abstraction:NextStepPathway,R-HSA-749476,0.02343587409105783
R-HSA-174403,abstraction:NextStepPathway,R-HSA-156590,0.019598765143072214
R-HSA-174403,abstraction:NextStepPathway,R-HSA-9753281,0.007054421828753917
R-HSA-110320,abstraction:NextStepPathway,R-HSA-5656169,0.009405883893851042
R-HSA-110320,abstraction:NextStepPathway,R-HSA-110313,0.019155347426195218
R-HSA-209931,abstraction:NextStepPathway,R-HSA-181429,0.0010577294948796493
R-HSA-9754706,abstraction:NextStepPathway,R-HSA-9969896,0.0028764527015057344
R-HSA-176409,abstraction:NextStepPathway,R-HSA-174048,0.01703975228441157
R-HSA-176409,abstraction:NextStepPathway,R-HSA-176407,0.013873725869356757
R-HSA-176409,abstraction:NextStepPathway,R-HSA-2467813,0.03649555273882012
R-HSA-176409,abstraction:NextStepPathway,R-HSA-174154,0.047862374900706134
R-HSA-195253,abstraction:NextStepPathway,R-HSA-196299,0.006865026911029156
R-HSA-5654704,abstraction:NextStepPathway,R-HSA-5673001,0.002379651193493104
R-HSA-975155,abstraction:NextStepPathway,R-HSA-975110,0.007807384856636653
R-HSA-975155,abstraction:NextStepPathway,R-HSA-975138,0.04596510435705989
R-HSA-389960,abstraction:NextStepPathway,R-HSA-389977,0.0014755263796642519
R-HSA-9913351,abstraction:NextStepPathway,R-HSA-8932505,0.0006890446426830605
R-HSA-9913351,abstraction:NextStepPathway,R-HSA-8932506,0.000745901735490913
R-HSA-9913351,abstraction:NextStepPathway,R-HSA-8932504,0.0007296974934093506
R-HSA-110331,abstraction:NextStepPathway,R-HSA-5649702,0.0004864303984128954
R-HSA-110331,abstraction:NextStepPathway,R-HSA-110357,0.001303677103348544
R-HSA-8878166,abstraction:NextStepPathway,R-HSA-8940973,0.015384733937680257
R-HSA-8878166,abstraction:NextStepPathway,R-HSA-8941332,0.006504829239199597
R-HSA-8878166,abstraction:NextStepPathway,R-HSA-8941284,0.0035982634343188534
R-HSA-8878166,abstraction:NextStepPathway,R-HSA-8941326,0.022217657633181502
R-HSA-8878166,abstraction:NextStepPathway,R-HSA-8939902,0.04549614517893845
R-HSA-8878166,abstraction:NextStepPathway,R-HSA-8941333,0.0028755551611038726
R-HSA-70171,abstraction:NextStepPathway,R-HSA-3322077,0.0021207819657861867
R-HSA-70171,abstraction:NextStepPathway,R-HSA-446210,0.0033035319076159956
R-HSA-70171,abstraction:NextStepPathway,R-HSA-9856872,0.001248671038867641
R-HSA-70171,abstraction:NextStepPathway,R-HSA-446205,0.0018258426249909972
R-HSA-70171,abstraction:NextStepPathway,R-HSA-5628897,0.004383142917438046
R-HSA-70171,abstraction:NextStepPathway,R-HSA-70221,0.004244898419692425
R-HSA-70171,abstraction:NextStepPathway,R-HSA-9634600,0.008008890054087338
R-HSA-70171,abstraction:NextStepPathway,R-HSA-70268,0.005521182788450209
R-HSA-70171,abstraction:NextStepPathway,R-HSA-70370,0.002752947264854892
R-HSA-70171,abstraction:NextStepPathway,R-HSA-163754,0.002088192581118499
R-HSA-70171,abstraction:NextStepPathway,R-HSA-71336,0.0050361594528423245
R-HSA-8953750,abstraction:NextStepPathway,R-HSA-69205,0.001524609064675843
R-HSA-9717207,abstraction:NextStepPathway,R-HSA-9730628,0.0030659600379961986
R-HSA-9617828,abstraction:NextStepPathway,R-HSA-69895,0.003308410756119382
R-HSA-9617828,abstraction:NextStepPathway,R-HSA-69202,0.0010136041539567636
R-HSA-9617828,abstraction:NextStepPathway,R-HSA-2559586,0.0007664313486595766
R-HSA-9617828,abstraction:NextStepPathway,R-HSA-69656,0.0010214914850264973
R-HSA-9617828,abstraction:NextStepPathway,R-HSA-6804116,0.002519479962831497
R-HSA-9617828,abstraction:NextStepPathway,R-HSA-69563,0.001708121772891116
R-HSA-8847453,abstraction:NextStepPathway,R-HSA-6811555,0.0076807948549981325
R-HSA-427413,abstraction:NextStepPathway,R-HSA-73863,0.026882480548729073
R-HSA-427413,abstraction:NextStepPathway,R-HSA-427389,0.004517611910091905
R-HSA-9772755,abstraction:NextStepPathway,R-HSA-9818564,0.003968040505939012
R-HSA-9772755,abstraction:NextStepPathway,R-HSA-3214841,1.1431353947602042e-05
R-HSA-9772755,abstraction:NextStepPathway,R-HSA-3214847,0.0036480462049144685
R-HSA-9772755,abstraction:NextStepPathway,R-HSA-9841922,5.8084672853740086e-05
R-HSA-8866423,abstraction:NextStepPathway,R-HSA-8964046,0.007273014087190899
R-HSA-9637628,abstraction:NextStepPathway,R-HSA-9636383,0.0005298313409539872
R-HSA-5635851,abstraction:NextStepPathway,R-HSA-5632684,0.0024379167454199368
R-HSA-420092,abstraction:NextStepPathway,R-HSA-9660821,0.0004963245462785366
R-HSA-420092,abstraction:NextStepPathway,R-HSA-416476,0.0003455869897539078
R-HSA-420092,abstraction:NextStepPathway,R-HSA-418555,0.00041024371496333617
R-HSA-420092,abstraction:NextStepPathway,R-HSA-163359,0.002381469629661867
R-HSA-420092,abstraction:NextStepPathway,R-HSA-381676,0.001269801340935808
R-HSA-2173789,abstraction:NextStepPathway,R-HSA-1181150,0.0017917546461770392
R-HSA-2173789,abstraction:NextStepPathway,R-HSA-1502540,0.002419563564516619
R-HSA-2173789,abstraction:NextStepPathway,R-HSA-2173788,0.018683232395834925
R-HSA-2173789,abstraction:NextStepPathway,R-HSA-2173791,0.004889376153176083
R-HSA-2173789,abstraction:NextStepPathway,R-HSA-2129379,0.0037175889688673197
R-HSA-2173789,abstraction:NextStepPathway,R-HSA-2173796,0.0033839743534918214
R-HSA-5365859,abstraction:NextStepPathway,R-HSA-211916,0.010049448145953807
R-HSA-5365859,abstraction:NextStepPathway,R-HSA-5362517,0.02127341333276639
R-HSA-446199,abstraction:NextStepPathway,R-HSA-446193,0.020170896863173984
R-HSA-446199,abstraction:NextStepPathway,R-HSA-9969896,0.007785726682796362
R-HSA-75108,abstraction:NextStepPathway,R-HSA-5620971,0.0006471254847349117
R-HSA-75108,abstraction:NextStepPathway,R-HSA-111453,0.0009081338339837377
R-HSA-75108,abstraction:NextStepPathway,R-HSA-111452,0.0010481133668297968
R-HSA-75108,abstraction:NextStepPathway,R-HSA-111457,4.3855301038620947e-07
R-HSA-75108,abstraction:NextStepPathway,R-HSA-114294,0.0010481133668297968
R-HSA-1660537,abstraction:NextStepPathway,R-HSA-1660514,0.0010418392162691238
R-HSA-1660537,abstraction:NextStepPathway,R-HSA-1660502,0.0016381927294690922
R-HSA-6781823,abstraction:NextStepPathway,R-HSA-6782135,0.029303846354259346
R-HSA-442742,abstraction:NextStepPathway,R-HSA-111932,0.004558557781841062
R-HSA-442742,abstraction:NextStepPathway,R-HSA-9031628,0.0016276904590165737
R-HSA-442742,abstraction:NextStepPathway,R-HSA-9634638,0.0019702526435478192
R-HSA-442742,abstraction:NextStepPathway,R-HSA-111931,0.00443713816425731
R-HSA-1989781,abstraction:NextStepPathway,R-HSA-9861718,0.00014513471683528161
R-HSA-1989781,abstraction:NextStepPathway,R-HSA-400206,0.12220333869063789
R-HSA-1989781,abstraction:NextStepPathway,R-HSA-2022377,0.00033962552935606037
R-HSA-211916,abstraction:NextStepPathway,R-HSA-196791,0.010049448145953807
R-HSA-156711,abstraction:NextStepPathway,R-HSA-380270,0.00013148865532221877
R-HSA-156711,abstraction:NextStepPathway,R-HSA-69273,0.005125669841572265
R-HSA-156711,abstraction:NextStepPathway,R-HSA-2565942,0.000874123926815349
R-HSA-9014325,abstraction:NextStepPathway,R-HSA-450302,0.0023715692665829406
R-HSA-9014325,abstraction:NextStepPathway,R-HSA-9020702,0.0031927823718610466
R-HSA-9014325,abstraction:NextStepPathway,R-HSA-445989,0.003152725302048926
R-HSA-9014325,abstraction:NextStepPathway,R-HSA-168638,0.004334423255773474
R-HSA-9014325,abstraction:NextStepPathway,R-HSA-9705671,0.0021758814877616914
R-HSA-9014325,abstraction:NextStepPathway,R-HSA-450321,0.0023715692665829406
R-HSA-5654720,abstraction:NextStepPathway,R-HSA-5654710,0.012643562270161661
R-HSA-5654720,abstraction:NextStepPathway,R-HSA-5654695,0.012643562270161661
R-HSA-5654720,abstraction:NextStepPathway,R-HSA-5654689,0.012643562270161661
R-HSA-5654720,abstraction:NextStepPathway,R-HSA-6811558,0.003056039163667174
R-HSA-5654720,abstraction:NextStepPathway,R-HSA-1257604,0.0024601359477499866
R-HSA-881907,abstraction:NextStepPathway,R-HSA-2559582,0.000807982697590567
R-HSA-881907,abstraction:NextStepPathway,R-HSA-9031628,0.001543467501437291
R-HSA-881907,abstraction:NextStepPathway,R-HSA-416476,0.013284702424188003
R-HSA-881907,abstraction:NextStepPathway,R-HSA-199920,0.002524350290128465
R-HSA-844456,abstraction:NextStepPathway,R-HSA-9707564,0.0018204401780419527
R-HSA-844456,abstraction:NextStepPathway,R-HSA-9660826,0.012390756057788664
R-HSA-844456,abstraction:NextStepPathway,R-HSA-448706,0.0016023534650879757
R-HSA-77305,abstraction:NextStepPathway,R-HSA-611105,0.002138549563513091
R-HSA-77305,abstraction:NextStepPathway,R-HSA-77285,0.01051203749370884
R-HSA-9707564,abstraction:NextStepPathway,R-HSA-1989781,0.0013828684274634667
R-HSA-9707564,abstraction:NextStepPathway,R-HSA-844456,0.0018204401780419527
R-HSA-9707564,abstraction:NextStepPathway,R-HSA-9933387,0.00238522189958689
R-HSA-9707564,abstraction:NextStepPathway,R-HSA-2426168,0.0015217584741883043
R-HSA-9707564,abstraction:NextStepPathway,R-HSA-163210,0.001637578647344397
R-HSA-9707564,abstraction:NextStepPathway,R-HSA-381340,0.0007397553460003261
R-HSA-9707564,abstraction:NextStepPathway,R-HSA-9660826,0.0032493979146813023
R-HSA-9707564,abstraction:NextStepPathway,R-HSA-400206,0.0013828684274634667
R-HSA-9707564,abstraction:NextStepPathway,R-HSA-611105,0.008787123771119638
R-HSA-9707564,abstraction:NextStepPathway,R-HSA-1368108,0.0015774168917853635
R-HSA-9707564,abstraction:NextStepPathway,R-HSA-9707616,0.009137022056927097
R-HSA-9707564,abstraction:NextStepPathway,R-HSA-166187,0.0020196797862251266
R-HSA-9707564,abstraction:NextStepPathway,R-HSA-189483,0.00738161023307439
R-HSA-9707564,abstraction:NextStepPathway,R-HSA-2151201,0.0033786710061018796
R-HSA-9707564,abstraction:NextStepPathway,R-HSA-8951671,5.131198569735358e-06
R-HSA-9707564,abstraction:NextStepPathway,R-HSA-167826,0.0005159982831090467
R-HSA-9707564,abstraction:NextStepPathway,R-HSA-9931509,0.0022116920042582
R-HSA-9707564,abstraction:NextStepPathway,R-HSA-2032785,1.4374661617377487e-05
R-HSA-73779,abstraction:NextStepPathway,R-HSA-76042,0.04205833243104602
R-HSA-69618,abstraction:NextStepPathway,R-HSA-176408,0.009982580620838044
R-HSA-2979096,abstraction:NextStepPathway,R-HSA-2197563,0.0005375637030702233
R-HSA-9933387,abstraction:NextStepPathway,R-HSA-1989781,0.006827101428330316
R-HSA-2559582,abstraction:NextStepPathway,R-HSA-2559585,0.000762986986239384
R-HSA-2559582,abstraction:NextStepPathway,R-HSA-881907,0.000807982697590567
R-HSA-2559582,abstraction:NextStepPathway,R-HSA-69231,0.00135827386911236
R-HSA-2559582,abstraction:NextStepPathway,R-HSA-8853884,0.020353873232768892
R-HSA-2559582,abstraction:NextStepPathway,R-HSA-199920,0.0011138910653163223
R-HSA-2559582,abstraction:NextStepPathway,R-HSA-2559580,0.0032677500258665067
R-HSA-9009391,abstraction:NextStepPathway,R-HSA-203615,0.01601723570100541
R-HSA-5661270,abstraction:NextStepPathway,R-HSA-71336,0.004083855609488467
R-HSA-159763,abstraction:NextStepPathway,R-HSA-159782,0.011005533998076694
R-HSA-5668541,abstraction:NextStepPathway,R-HSA-5676590,0.035228814471705165
R-HSA-5668541,abstraction:NextStepPathway,R-HSA-5607761,0.03445845131508962
R-HSA-111463,abstraction:NextStepPathway,R-HSA-351906,0.0006293687794823003
R-HSA-111463,abstraction:NextStepPathway,R-HSA-111464,0.009255952370749387
R-HSA-75064,abstraction:NextStepPathway,R-HSA-77042,0.0026012996873712416
R-HSA-180786,abstraction:NextStepPathway,R-HSA-157579,0.05408540019986559
R-HSA-9607240,abstraction:NextStepPathway,R-HSA-5684996,0.0024138098584023247
R-HSA-9607240,abstraction:NextStepPathway,R-HSA-5673000,0.00315306704903543
R-HSA-9607240,abstraction:NextStepPathway,R-HSA-109704,0.001730301664291813
R-HSA-9607240,abstraction:NextStepPathway,R-HSA-9706374,0.005481058698467558
R-HSA-9607240,abstraction:NextStepPathway,R-HSA-9645135,0.0018069815444544024
R-HSA-9607240,abstraction:NextStepPathway,R-HSA-112399,0.004841508092445218
R-HSA-9607240,abstraction:NextStepPathway,R-HSA-9706369,0.015091172150530284
R-HSA-1855204,abstraction:NextStepPathway,R-HSA-2871809,0.004257510251474766
R-HSA-1855204,abstraction:NextStepPathway,R-HSA-1855196,0.0031611695524027214
R-HSA-1855204,abstraction:NextStepPathway,R-HSA-5607763,0.002171154368447709
R-HSA-1855204,abstraction:NextStepPathway,R-HSA-1855184,0.0007323952524471236
R-HSA-1855204,abstraction:NextStepPathway,R-HSA-9664323,0.004464417995372036
R-HSA-1855204,abstraction:NextStepPathway,R-HSA-112043,0.005804689116674318
R-HSA-1855204,abstraction:NextStepPathway,R-HSA-4086398,0.004975382596914028
R-HSA-1855204,abstraction:NextStepPathway,R-HSA-1489509,0.006244909385176724
R-HSA-1855204,abstraction:NextStepPathway,R-HSA-422356,0.005373655998338584
R-HSA-1855204,abstraction:NextStepPathway,R-HSA-2029485,0.0064589881167193145
R-HSA-1855204,abstraction:NextStepPathway,R-HSA-1855183,0.004305206899942964
R-HSA-1855204,abstraction:NextStepPathway,R-HSA-983695,0.0031453188095561546
R-HSA-1855204,abstraction:NextStepPathway,R-HSA-5218921,0.005342247629923798
R-HSA-111458,abstraction:NextStepPathway,R-HSA-111459,0.006123582251486957
R-HSA-111458,abstraction:NextStepPathway,R-HSA-9627069,0.013737640344407763
R-HSA-909733,abstraction:NextStepPathway,R-HSA-9833109,0.003373106493661774
R-HSA-909733,abstraction:NextStepPathway,R-HSA-8956319,0.0008043206625518664
R-HSA-909733,abstraction:NextStepPathway,R-HSA-9833482,0.0017405479166761055
R-HSA-909733,abstraction:NextStepPathway,R-HSA-9953170,0.0023442376850933947
R-HSA-909733,abstraction:NextStepPathway,R-HSA-912694,0.00981735475375694
R-HSA-909733,abstraction:NextStepPathway,R-HSA-9909505,0.0021559581486856948
R-HSA-909733,abstraction:NextStepPathway,R-HSA-9705671,0.003728309292275257
R-HSA-1483213,abstraction:NextStepPathway,R-HSA-1482798,0.0009353181746181332
R-HSA-1483213,abstraction:NextStepPathway,R-HSA-1482839,0.0009972837618639407
R-HSA-1483213,abstraction:NextStepPathway,R-HSA-1483101,0.0020766999436000145
R-HSA-1483213,abstraction:NextStepPathway,R-HSA-1483191,0.008330714664615255
R-HSA-6814122,abstraction:NextStepPathway,R-HSA-202040,7.12889496371546e-07
R-HSA-6814122,abstraction:NextStepPathway,R-HSA-416482,2.3772355239573735e-06
R-HSA-6814122,abstraction:NextStepPathway,R-HSA-418594,0.001426329967194281
R-HSA-6814122,abstraction:NextStepPathway,R-HSA-416476,0.0016133292271413992
R-HSA-6814122,abstraction:NextStepPathway,R-HSA-418555,0.0018207431049702405
R-HSA-6814122,abstraction:NextStepPathway,R-HSA-418597,0.002249360554681126
R-HSA-69239,abstraction:NextStepPathway,R-HSA-69052,0.057123321293062926
R-HSA-110330,abstraction:NextStepPathway,R-HSA-110331,0.0112266050368771
R-HSA-69206,abstraction:NextStepPathway,R-HSA-69239,0.038833374136671955
R-HSA-975163,abstraction:NextStepPathway,R-HSA-937072,0.0051229296401458955
R-HSA-9732724,abstraction:NextStepPathway,R-HSA-877300,0.007860933046176707
R-HSA-9732724,abstraction:NextStepPathway,R-HSA-2173795,0.0012511946627543655
R-HSA-446210,abstraction:NextStepPathway,R-HSA-70171,0.0033035319076159956
R-HSA-446210,abstraction:NextStepPathway,R-HSA-446193,0.01590502620973176
R-HSA-446210,abstraction:NextStepPathway,R-HSA-2142845,0.0021793495066700134
R-HSA-916853,abstraction:NextStepPathway,R-HSA-880009,0.001269801340935808
R-HSA-916853,abstraction:NextStepPathway,R-HSA-71403,0.004147382947572794
R-HSA-916853,abstraction:NextStepPathway,R-HSA-611105,0.003880000111019266
R-HSA-8856825,abstraction:NextStepPathway,R-HSA-8856828,0.027936110265874385
R-HSA-9013957,abstraction:NextStepPathway,R-HSA-9758274,0.0006158227413990717
R-HSA-9764561,abstraction:NextStepPathway,R-HSA-9766229,0.04540113900987611
R-HSA-164525,abstraction:NextStepPathway,R-HSA-162594,0.006961798395174993
R-HSA-9660821,abstraction:NextStepPathway,R-HSA-111932,0.0023108615266631085
R-HSA-9660821,abstraction:NextStepPathway,R-HSA-163615,0.003450665268606514
R-HSA-9660821,abstraction:NextStepPathway,R-HSA-432040,0.005848308036316929
R-HSA-9660821,abstraction:NextStepPathway,R-HSA-9031628,0.0015836986211644007
R-HSA-9660821,abstraction:NextStepPathway,R-HSA-163358,0.001599796589730556
R-HSA-9660821,abstraction:NextStepPathway,R-HSA-9664323,0.004646151380941557
R-HSA-9660821,abstraction:NextStepPathway,R-HSA-418594,0.006473669145702221
R-HSA-9660821,abstraction:NextStepPathway,R-HSA-418555,0.00904383707789844
R-HSA-9660821,abstraction:NextStepPathway,R-HSA-9856530,0.004646592986075195
R-HSA-9660821,abstraction:NextStepPathway,R-HSA-163359,0.005897493781403643
R-HSA-9660821,abstraction:NextStepPathway,R-HSA-163560,0.0009695341896184963
R-HSA-9660821,abstraction:NextStepPathway,R-HSA-9634638,0.0019259490760233286
R-HSA-9660821,abstraction:NextStepPathway,R-HSA-9634600,0.0013347665121097056
R-HSA-9660821,abstraction:NextStepPathway,R-HSA-164378,0.005478616674412119
R-HSA-9660821,abstraction:NextStepPathway,R-HSA-180024,0.0019259490760233286
R-HSA-9660821,abstraction:NextStepPathway,R-HSA-418597,0.008186743681873273
R-HSA-9660821,abstraction:NextStepPathway,R-HSA-9634597,0.007593319257948062
R-HSA-9660821,abstraction:NextStepPathway,R-HSA-442720,0.004799133782460953
R-HSA-9660821,abstraction:NextStepPathway,R-HSA-111931,0.005535544492888182
R-HSA-9834752,abstraction:NextStepPathway,R-HSA-9833110,0.004602515675146032
R-HSA-9834752,abstraction:NextStepPathway,R-HSA-8983711,0.0005236044858507859
R-HSA-5663220,abstraction:NextStepPathway,R-HSA-6785631,0.001795783308119278
R-HSA-5663220,abstraction:NextStepPathway,R-HSA-4086400,0.0013635999391226911
R-HSA-8964041,abstraction:NextStepPathway,R-HSA-8964058,0.003742269248801804
R-HSA-1502540,abstraction:NextStepPathway,R-HSA-1181150,0.006808333071205253
R-HSA-1502540,abstraction:NextStepPathway,R-HSA-9617828,5.471650921073731e-06
R-HSA-1502540,abstraction:NextStepPathway,R-HSA-2173789,0.0024195635645166184
R-HSA-1502540,abstraction:NextStepPathway,R-HSA-9823730,5.2334577961851315e-06
R-HSA-1502540,abstraction:NextStepPathway,R-HSA-2173796,0.0017546820078080162
R-HSA-1502540,abstraction:NextStepPathway,R-HSA-9796292,0.0005096472541271386
R-HSA-1502540,abstraction:NextStepPathway,R-HSA-8941855,0.0005782207547206434
R-HSA-1502540,abstraction:NextStepPathway,R-HSA-2173795,0.0018449587838271606
R-HSA-1502540,abstraction:NextStepPathway,R-HSA-9754189,0.0004256558495523288
R-HSA-6791226,abstraction:NextStepPathway,R-HSA-9930044,0.005721550138846714
R-HSA-9833110,abstraction:NextStepPathway,R-HSA-8983711,0.002895526154118654
R-HSA-9833110,abstraction:NextStepPathway,R-HSA-9820960,0.009876484472737736
R-HSA-190377,abstraction:NextStepPathway,R-HSA-5654700,0.0019676823317053152
R-HSA-190377,abstraction:NextStepPathway,R-HSA-5654221,0.002291380387706032
R-HSA-190377,abstraction:NextStepPathway,R-HSA-5654699,0.002121550261191287
R-HSA-9856872,abstraction:NextStepPathway,R-HSA-71064,0.0029556804064884393
R-HSA-9856872,abstraction:NextStepPathway,R-HSA-71403,0.0040152078621909365
R-HSA-9856872,abstraction:NextStepPathway,R-HSA-611105,0.00832957783581405
R-HSA-9856872,abstraction:NextStepPathway,R-HSA-8964539,0.006080114906769804
R-HSA-9856872,abstraction:NextStepPathway,R-HSA-70268,0.004046797098204272
R-HSA-9856872,abstraction:NextStepPathway,R-HSA-70263,0.0048563288337159505
R-HSA-9856872,abstraction:NextStepPathway,R-HSA-8963693,0.005343346921895535
R-HSA-9856872,abstraction:NextStepPathway,R-HSA-9853506,0.002846707247252092
R-HSA-9856872,abstraction:NextStepPathway,R-HSA-442660,0.0011110527815681537
R-HSA-2179392,abstraction:NextStepPathway,R-HSA-399997,0.003290369915320067
R-HSA-2179392,abstraction:NextStepPathway,R-HSA-5673001,0.0007320279501746314
R-HSA-77042,abstraction:NextStepPathway,R-HSA-75102,0.0026012996873712416
R-HSA-193775,abstraction:NextStepPathway,R-HSA-211994,0.005992682830667003
R-HSA-193775,abstraction:NextStepPathway,R-HSA-193368,0.013556065422256524
R-HSA-193775,abstraction:NextStepPathway,R-HSA-211976,0.007737703591518456
R-HSA-168271,abstraction:NextStepPathway,R-HSA-192905,0.0028900272575822445
R-HSA-9954716,abstraction:NextStepPathway,R-HSA-9954709,0.025525622832658967
R-HSA-912526,abstraction:NextStepPathway,R-HSA-5673001,0.0008811012087297842
R-HSA-499943,abstraction:NextStepPathway,R-HSA-83936,0.0008007513356462
R-HSA-499943,abstraction:NextStepPathway,R-HSA-5628897,0.009620008833082724
R-HSA-499943,abstraction:NextStepPathway,R-HSA-3299685,0.006238821024052305
R-HSA-499943,abstraction:NextStepPathway,R-HSA-9818027,0.004304473256878312
R-HSA-9678110,abstraction:NextStepPathway,R-HSA-9694614,0.0030023850722752836
R-HSA-9678110,abstraction:NextStepPathway,R-HSA-9682706,0.00047531938325028354
R-HSA-1296041,abstraction:NextStepPathway,R-HSA-997272,0.005652571311754301
R-HSA-173107,abstraction:NextStepPathway,R-HSA-162585,0.009592509946968643
R-HSA-5627117,abstraction:NextStepPathway,R-HSA-416572,0.0033905389292917688
R-HSA-5627117,abstraction:NextStepPathway,R-HSA-5627123,0.008661751332474692
R-HSA-5627117,abstraction:NextStepPathway,R-HSA-5625740,0.00936883319898623
R-HSA-8963901,abstraction:NextStepPathway,R-HSA-8964026,0.005363038684917976
R-HSA-6804757,abstraction:NextStepPathway,R-HSA-2559585,0.0023850833270654143
R-HSA-6804757,abstraction:NextStepPathway,R-HSA-69481,0.001609478439872731
R-HSA-6804757,abstraction:NextStepPathway,R-HSA-69541,0.005279063114405601
R-HSA-6804757,abstraction:NextStepPathway,R-HSA-6804760,0.0031514649453636585
R-HSA-6804757,abstraction:NextStepPathway,R-HSA-6804756,0.002019167231018119
R-HSA-6804757,abstraction:NextStepPathway,R-HSA-198323,0.0019429070661465622
R-HSA-6804757,abstraction:NextStepPathway,R-HSA-5689880,0.0023242030830830777
R-HSA-6804757,abstraction:NextStepPathway,R-HSA-8852276,0.0011562740047039214
R-HSA-6804757,abstraction:NextStepPathway,R-HSA-8941858,0.0017280476215054698
R-HSA-6804757,abstraction:NextStepPathway,R-HSA-1257604,0.007986212448772638
R-HSA-6804757,abstraction:NextStepPathway,R-HSA-2559580,0.00181519911397825
R-HSA-69895,abstraction:NextStepPathway,R-HSA-9617828,0.003308410756119382
R-HSA-69895,abstraction:NextStepPathway,R-HSA-69202,0.0003766270078212041
R-HSA-69895,abstraction:NextStepPathway,R-HSA-2559586,0.0021229413998846355
R-HSA-69895,abstraction:NextStepPathway,R-HSA-69656,0.00037924049113364
R-HSA-69895,abstraction:NextStepPathway,R-HSA-8852276,0.00114530096032881
R-HSA-69895,abstraction:NextStepPathway,R-HSA-6804116,0.006445215180603839
R-HSA-69895,abstraction:NextStepPathway,R-HSA-69563,0.0051483166256127725
R-HSA-9948011,abstraction:NextStepPathway,R-HSA-5620971,0.0007865929111204803
R-HSA-9948011,abstraction:NextStepPathway,R-HSA-9960525,0.001007118141153273
R-HSA-1222538,abstraction:NextStepPathway,R-HSA-1222541,0.005307421918857881
R-HSA-73980,abstraction:NextStepPathway,R-HSA-6782315,2.6984553192635384e-05
R-HSA-73980,abstraction:NextStepPathway,R-HSA-6784531,2.4663202769527098e-05
R-HSA-199992,abstraction:NextStepPathway,R-HSA-432722,0.02517332582775649
R-HSA-199992,abstraction:NextStepPathway,R-HSA-432720,0.02314209571157008
R-HSA-9020956,abstraction:NextStepPathway,R-HSA-1059683,0.002342791150984623
R-HSA-9020956,abstraction:NextStepPathway,R-HSA-6788467,0.0021166989392845926
R-HSA-9020956,abstraction:NextStepPathway,R-HSA-8984722,0.009048201067538692
R-HSA-76061,abstraction:NextStepPathway,R-HSA-749476,0.024466426744215355
R-HSA-2426168,abstraction:NextStepPathway,R-HSA-1989781,0.005657078773856492
R-HSA-190840,abstraction:NextStepPathway,R-HSA-190861,0.0012730810622957652
R-HSA-73863,abstraction:NextStepPathway,R-HSA-427413,0.026882480548729073
R-HSA-73863,abstraction:NextStepPathway,R-HSA-6791226,1.4524893567164338e-05
R-HSA-73863,abstraction:NextStepPathway,R-HSA-6790901,0.0001023609766756455
R-HSA-73863,abstraction:NextStepPathway,R-HSA-427389,0.0009269754013750027
R-HSA-73621,abstraction:NextStepPathway,R-HSA-70635,0.0021490124266984097
R-HSA-9018677,abstraction:NextStepPathway,R-HSA-9018682,0.016237316931318378
R-HSA-9018677,abstraction:NextStepPathway,R-HSA-9027307,0.009611324479841341
R-HSA-9018677,abstraction:NextStepPathway,R-HSA-9018681,0.012900397709522785
R-HSA-9018677,abstraction:NextStepPathway,R-HSA-9026766,0.014562649325168802
R-HSA-9018677,abstraction:NextStepPathway,R-HSA-9020265,0.014562649325168802
R-HSA-9018677,abstraction:NextStepPathway,R-HSA-9026762,0.007983673149913807
R-HSA-9018677,abstraction:NextStepPathway,R-HSA-9018676,0.018773702919172904
R-HSA-163615,abstraction:NextStepPathway,R-HSA-9660821,0.003450665268606514
R-HSA-163615,abstraction:NextStepPathway,R-HSA-432040,0.0032058366231181123
R-HSA-163615,abstraction:NextStepPathway,R-HSA-163358,0.0007433223706040574
R-HSA-163615,abstraction:NextStepPathway,R-HSA-9664323,0.00537104416931534
R-HSA-163615,abstraction:NextStepPathway,R-HSA-9856530,0.004486822395264951
R-HSA-163615,abstraction:NextStepPathway,R-HSA-163560,0.0004464571767530743
R-HSA-163615,abstraction:NextStepPathway,R-HSA-9634600,0.0006224147151928615
R-HSA-163615,abstraction:NextStepPathway,R-HSA-164378,0.004346429241372924
R-HSA-163615,abstraction:NextStepPathway,R-HSA-180024,0.0032058366231181123
R-HSA-163615,abstraction:NextStepPathway,R-HSA-9634597,0.003450665268606514
R-HSA-163615,abstraction:NextStepPathway,R-HSA-442720,0.005345823537272894
R-HSA-163615,abstraction:NextStepPathway,R-HSA-111931,0.009592509946968643
R-HSA-163615,abstraction:NextStepPathway,R-HSA-111957,0.0028456751903934495
R-HSA-9694786,abstraction:NextStepPathway,R-HSA-9694635,0.004805983545412885
R-HSA-9694786,abstraction:NextStepPathway,R-HSA-9727281,0.0014406885044518604
R-HSA-9694786,abstraction:NextStepPathway,R-HSA-9694686,0.011855545110599521
R-HSA-111465,abstraction:NextStepPathway,R-HSA-75153,0.03635144435494905
R-HSA-9856532,abstraction:NextStepPathway,R-HSA-2514859,0.0012766998731032874
R-HSA-9856532,abstraction:NextStepPathway,R-HSA-2871809,0.0022438171502594754
R-HSA-9856532,abstraction:NextStepPathway,R-HSA-5607763,0.00046123600544230173
R-HSA-9856532,abstraction:NextStepPathway,R-HSA-9664323,0.002373306404309688
R-HSA-9856532,abstraction:NextStepPathway,R-HSA-9856530,0.005558164987313048
R-HSA-9856532,abstraction:NextStepPathway,R-HSA-9860927,0.0068908532153060705
R-HSA-9856532,abstraction:NextStepPathway,R-HSA-111997,0.0016700930580635393
R-HSA-9856532,abstraction:NextStepPathway,R-HSA-445355,0.001330337709163092
R-HSA-9856532,abstraction:NextStepPathway,R-HSA-983695,0.0020887626840827957
R-HSA-9856532,abstraction:NextStepPathway,R-HSA-5218921,0.0015654737395980082
R-HSA-9020558,abstraction:NextStepPathway,R-HSA-2586552,0.0014320798733538738
R-HSA-9020558,abstraction:NextStepPathway,R-HSA-9020958,0.004974774343486362
R-HSA-9020558,abstraction:NextStepPathway,R-HSA-1266695,0.004042507447953913
R-HSA-9020558,abstraction:NextStepPathway,R-HSA-512988,0.0018906482226998017
R-HSA-9020558,abstraction:NextStepPathway,R-HSA-912526,0.0015855088792326357
R-HSA-9020558,abstraction:NextStepPathway,R-HSA-8983432,0.0067629913181029445
R-HSA-9020558,abstraction:NextStepPathway,R-HSA-6785807,0.003524276049794048
R-HSA-9020558,abstraction:NextStepPathway,R-HSA-982772,0.0013287902168042354
R-HSA-9020558,abstraction:NextStepPathway,R-HSA-9702518,0.0011881965575760176
R-HSA-9020558,abstraction:NextStepPathway,R-HSA-9703465,0.0011523805865699351
R-HSA-9020558,abstraction:NextStepPathway,R-HSA-8985947,0.00465120432641446
R-HSA-375280,abstraction:NextStepPathway,R-HSA-9660821,4.5190397018659965e-06
R-HSA-375280,abstraction:NextStepPathway,R-HSA-418555,0.000348892119243535
R-HSA-1251985,abstraction:NextStepPathway,R-HSA-9018519,0.0018300078093229737
R-HSA-196108,abstraction:NextStepPathway,R-HSA-194002,0.004434983053255292
R-HSA-196108,abstraction:NextStepPathway,R-HSA-193048,0.004152917019426923
R-HSA-196108,abstraction:NextStepPathway,R-HSA-211976,0.007412765122455789
R-HSA-196108,abstraction:NextStepPathway,R-HSA-193993,0.004434983053255292
R-HSA-442729,abstraction:NextStepPathway,R-HSA-111932,0.011533206808145641
R-HSA-442729,abstraction:NextStepPathway,R-HSA-9031628,0.0017913994718174219
R-HSA-442729,abstraction:NextStepPathway,R-HSA-9707616,0.0003713447788641561
R-HSA-442729,abstraction:NextStepPathway,R-HSA-9634638,0.0021348966341268386
R-HSA-442729,abstraction:NextStepPathway,R-HSA-2151201,0.003941090140370889
R-HSA-442729,abstraction:NextStepPathway,R-HSA-111931,0.0047562540714767825
R-HSA-442729,abstraction:NextStepPathway,R-HSA-9931509,0.000464122675874342
R-HSA-73929,abstraction:NextStepPathway,R-HSA-73933,0.0036208734955770617
R-HSA-73929,abstraction:NextStepPathway,R-HSA-110373,1.4107588836108407e-05
R-HSA-73929,abstraction:NextStepPathway,R-HSA-110381,4.484979428195381e-06
R-HSA-1855215,abstraction:NextStepPathway,R-HSA-2871809,0.0007388412206277108
R-HSA-1855215,abstraction:NextStepPathway,R-HSA-1855196,0.0011032509234413536
R-HSA-1855215,abstraction:NextStepPathway,R-HSA-1855204,0.0008170726374842118
R-HSA-1855215,abstraction:NextStepPathway,R-HSA-5607763,0.0008856618930498837
R-HSA-1855215,abstraction:NextStepPathway,R-HSA-1855184,0.0011032509234413536
R-HSA-1855215,abstraction:NextStepPathway,R-HSA-9664323,0.0007690600505277297
R-HSA-1855215,abstraction:NextStepPathway,R-HSA-112043,0.0006914248595538477
R-HSA-1855215,abstraction:NextStepPathway,R-HSA-1855167,0.0007865929111204803
R-HSA-1855215,abstraction:NextStepPathway,R-HSA-4086398,0.000707616879610317
R-HSA-1855215,abstraction:NextStepPathway,R-HSA-1489509,0.0007388412206277108
R-HSA-1855215,abstraction:NextStepPathway,R-HSA-422356,0.0006430061897781114
R-HSA-1855215,abstraction:NextStepPathway,R-HSA-2029485,0.0007609590002983046
R-HSA-1855215,abstraction:NextStepPathway,R-HSA-1855183,0.0007458824998568758
R-HSA-1855215,abstraction:NextStepPathway,R-HSA-983695,0.0007020368729377416
R-HSA-1855215,abstraction:NextStepPathway,R-HSA-5218921,0.0007532448881406074
R-HSA-432040,abstraction:NextStepPathway,R-HSA-9660821,0.005848308036316929
R-HSA-432040,abstraction:NextStepPathway,R-HSA-163615,0.0032058366231181123
R-HSA-432040,abstraction:NextStepPathway,R-HSA-392517,0.005132572469634658
R-HSA-432040,abstraction:NextStepPathway,R-HSA-163358,0.0014868080616297046
R-HSA-432040,abstraction:NextStepPathway,R-HSA-9664323,0.004244095019929689
R-HSA-432040,abstraction:NextStepPathway,R-HSA-418594,0.00489449076232293
R-HSA-432040,abstraction:NextStepPathway,R-HSA-418555,0.006059449770116759
R-HSA-432040,abstraction:NextStepPathway,R-HSA-9856530,0.004154018731841649
R-HSA-432040,abstraction:NextStepPathway,R-HSA-163359,0.005494338749605119
R-HSA-432040,abstraction:NextStepPathway,R-HSA-163560,0.0015046508312877814
R-HSA-432040,abstraction:NextStepPathway,R-HSA-9634600,0.0020734872025402248
R-HSA-432040,abstraction:NextStepPathway,R-HSA-164378,0.005158272687655135
R-HSA-432040,abstraction:NextStepPathway,R-HSA-180024,0.0025608202932815355
R-HSA-432040,abstraction:NextStepPathway,R-HSA-418597,0.006312549831773745
R-HSA-432040,abstraction:NextStepPathway,R-HSA-9634597,0.005848308036316929
R-HSA-432040,abstraction:NextStepPathway,R-HSA-442720,0.0033297257840035448
R-HSA-432040,abstraction:NextStepPathway,R-HSA-381676,0.0038369822918406823
R-HSA-432040,abstraction:NextStepPathway,R-HSA-111931,0.00403434912893181
R-HSA-432040,abstraction:NextStepPathway,R-HSA-111957,0.001413403362056817
R-HSA-5607763,abstraction:NextStepPathway,R-HSA-5578775,0.005664071054015348
R-HSA-5607763,abstraction:NextStepPathway,R-HSA-2514859,0.0024706287441692318
R-HSA-5607763,abstraction:NextStepPathway,R-HSA-111932,0.0014662837228759306
R-HSA-5607763,abstraction:NextStepPathway,R-HSA-2871809,0.009997652036180148
R-HSA-5607763,abstraction:NextStepPathway,R-HSA-442729,0.0014662837228759306
R-HSA-5607763,abstraction:NextStepPathway,R-HSA-1169091,0.0003393768066532604
R-HSA-5607763,abstraction:NextStepPathway,R-HSA-9664323,0.005009351121659718
R-HSA-5607763,abstraction:NextStepPathway,R-HSA-5627123,0.003014010250116479
R-HSA-5607763,abstraction:NextStepPathway,R-HSA-112043,0.005537138577257011
R-HSA-5607763,abstraction:NextStepPathway,R-HSA-9856530,0.0016043190202835204
R-HSA-5607763,abstraction:NextStepPathway,R-HSA-4086398,0.006820688325543642
R-HSA-5607763,abstraction:NextStepPathway,R-HSA-111933,0.0020734872025402248
R-HSA-5607763,abstraction:NextStepPathway,R-HSA-111997,0.0020734872025402248
R-HSA-5607763,abstraction:NextStepPathway,R-HSA-445355,0.002544554002221351
R-HSA-5607763,abstraction:NextStepPathway,R-HSA-1489509,0.004802076947531916
R-HSA-5607763,abstraction:NextStepPathway,R-HSA-180024,0.006312549831773745
R-HSA-5607763,abstraction:NextStepPathway,R-HSA-9620244,0.0013347665121097056
R-HSA-5607763,abstraction:NextStepPathway,R-HSA-5218920,0.002525258105820758
R-HSA-5607763,abstraction:NextStepPathway,R-HSA-422356,0.0041735019946904164
R-HSA-5607763,abstraction:NextStepPathway,R-HSA-2029485,0.004953200915791278
R-HSA-5607763,abstraction:NextStepPathway,R-HSA-442720,0.0015600501446189645
R-HSA-5607763,abstraction:NextStepPathway,R-HSA-442982,0.0014662837228759306
R-HSA-5607763,abstraction:NextStepPathway,R-HSA-983695,0.003567696210172098
R-HSA-5607763,abstraction:NextStepPathway,R-HSA-2025928,0.0047562540714767825
R-HSA-5607763,abstraction:NextStepPathway,R-HSA-9942503,3.658728951870574e-06
R-HSA-5607763,abstraction:NextStepPathway,R-HSA-111957,0.002713309990074432
R-HSA-5607763,abstraction:NextStepPathway,R-HSA-203615,0.0024534072989559194
R-HSA-5607763,abstraction:NextStepPathway,R-HSA-5218921,0.004900147622943103
R-HSA-444821,abstraction:NextStepPathway,R-HSA-9660821,1.1882829964556263e-06
R-HSA-444821,abstraction:NextStepPathway,R-HSA-418594,4.396181013697351e-06
R-HSA-444821,abstraction:NextStepPathway,R-HSA-418555,2.0119608159166313e-06
R-HSA-5668599,abstraction:NextStepPathway,R-HSA-4420097,0.009995083328054094
R-HSA-5668599,abstraction:NextStepPathway,R-HSA-1222556,0.007360419869267068
R-HSA-9727281,abstraction:NextStepPathway,R-HSA-9694322,0.0016922507702228997
R-HSA-9727281,abstraction:NextStepPathway,R-HSA-9754560,0.0005888806085947231
R-HSA-9727281,abstraction:NextStepPathway,R-HSA-9694676,0.0005298313409539872
R-HSA-9727281,abstraction:NextStepPathway,R-HSA-9705671,0.005174799966600578
R-HSA-390650,abstraction:NextStepPathway,R-HSA-9660821,1.4260199154013732e-06
R-HSA-390650,abstraction:NextStepPathway,R-HSA-418594,5.275714955946786e-06
R-HSA-390650,abstraction:NextStepPathway,R-HSA-416476,3.6239819891251366e-06
R-HSA-390650,abstraction:NextStepPathway,R-HSA-418555,2.414489042641045e-06
R-HSA-9683439,abstraction:NextStepPathway,R-HSA-9692916,0.0008492048800354129
R-HSA-9683439,abstraction:NextStepPathway,R-HSA-9682706,0.0010310098912746477
R-HSA-5685942,abstraction:NextStepPathway,R-HSA-5693568,0.02826623140814153
R-HSA-5685942,abstraction:NextStepPathway,R-HSA-5693554,0.01952624950222588
R-HSA-264642,abstraction:NextStepPathway,R-HSA-1483191,0.004859706462217375
R-HSA-392517,abstraction:NextStepPathway,R-HSA-354192,0.004802076947531916
R-HSA-176417,abstraction:NextStepPathway,R-HSA-174113,3.844051266181438e-06
R-HSA-201556,abstraction:NextStepPathway,R-HSA-9851151,0.005512073319245641
R-HSA-201556,abstraction:NextStepPathway,R-HSA-9701898,0.015192341846873195
R-HSA-201556,abstraction:NextStepPathway,R-HSA-9909649,0.0003289938581740639
R-HSA-9694548,abstraction:NextStepPathway,R-HSA-9694322,0.0005888806085947231
R-HSA-9694548,abstraction:NextStepPathway,R-HSA-9733458,0.0005118889289306301
R-HSA-5694530,abstraction:NextStepPathway,R-HSA-204005,0.002279703426549926
R-HSA-205043,abstraction:NextStepPathway,R-HSA-9673324,0.0021038936800800057
R-HSA-205043,abstraction:NextStepPathway,R-HSA-193648,0.004354235620105904
R-HSA-9020702,abstraction:NextStepPathway,R-HSA-1810476,0.003984485702228879
R-HSA-9020702,abstraction:NextStepPathway,R-HSA-9758274,0.010977435335095145
R-HSA-9020702,abstraction:NextStepPathway,R-HSA-525793,0.001189371228240318
R-HSA-9020702,abstraction:NextStepPathway,R-HSA-445989,0.01828962847384208
R-HSA-9020702,abstraction:NextStepPathway,R-HSA-168638,0.007064375740255681
R-HSA-9020702,abstraction:NextStepPathway,R-HSA-5684264,0.006218040894737083
R-HSA-9020702,abstraction:NextStepPathway,R-HSA-9909649,2.004682171181182e-05
R-HSA-9020702,abstraction:NextStepPathway,R-HSA-9860276,0.0030148211088069925
R-HSA-9020702,abstraction:NextStepPathway,R-HSA-933542,0.0046618343640002415
R-HSA-163210,abstraction:NextStepPathway,R-HSA-83936,0.0010895223856561844
R-HSA-6785807,abstraction:NextStepPathway,R-HSA-9020958,0.004073051975472151
R-HSA-6785807,abstraction:NextStepPathway,R-HSA-1266695,0.004008271725755698
R-HSA-6785807,abstraction:NextStepPathway,R-HSA-111453,0.0005742957715288105
R-HSA-6785807,abstraction:NextStepPathway,R-HSA-8983432,0.004374678075719474
R-HSA-6785807,abstraction:NextStepPathway,R-HSA-9020558,0.0035242760497940476
R-HSA-6785807,abstraction:NextStepPathway,R-HSA-6783783,0.005709772303107378
R-HSA-6785807,abstraction:NextStepPathway,R-HSA-9960525,2.561544139157447e-06
R-HSA-6785807,abstraction:NextStepPathway,R-HSA-9960519,2.561544139157447e-06
R-HSA-6785807,abstraction:NextStepPathway,R-HSA-8985947,0.004793737304816255
R-HSA-75094,abstraction:NextStepPathway,R-HSA-72200,0.0013282368898917443
R-HSA-416482,abstraction:NextStepPathway,R-HSA-418217,5.482838801624944e-07
R-HSA-416482,abstraction:NextStepPathway,R-HSA-8964315,0.0008856618930498837
R-HSA-416482,abstraction:NextStepPathway,R-HSA-5627117,0.0005682335977922963
R-HSA-416482,abstraction:NextStepPathway,R-HSA-416572,0.0034683721885114876
R-HSA-416482,abstraction:NextStepPathway,R-HSA-4086398,0.0010617374537805176
R-HSA-416482,abstraction:NextStepPathway,R-HSA-392451,0.0006455181406581516
R-HSA-416482,abstraction:NextStepPathway,R-HSA-8964616,0.000745901735490913
R-HSA-5358493,abstraction:NextStepPathway,R-HSA-5336415,0.0005164707556365412
R-HSA-549127,abstraction:NextStepPathway,R-HSA-6787450,0.0010772198195902645
R-HSA-549127,abstraction:NextStepPathway,R-HSA-6793080,0.0011489313360644694
R-HSA-549127,abstraction:NextStepPathway,R-HSA-9857492,0.0011489313360644694
R-HSA-549127,abstraction:NextStepPathway,R-HSA-2142789,0.0014925283485614992
R-HSA-139853,abstraction:NextStepPathway,R-HSA-5578775,0.0033583972766593456
R-HSA-139853,abstraction:NextStepPathway,R-HSA-2514859,0.001226681911848149
R-HSA-139853,abstraction:NextStepPathway,R-HSA-2871809,0.0023663282352862714
R-HSA-139853,abstraction:NextStepPathway,R-HSA-5607763,0.0016933187057558915
R-HSA-139853,abstraction:NextStepPathway,R-HSA-114508,0.0038870781183321934
R-HSA-139853,abstraction:NextStepPathway,R-HSA-1169091,0.0020458085816912656
R-HSA-139853,abstraction:NextStepPathway,R-HSA-9664323,0.0024616746144464382
R-HSA-139853,abstraction:NextStepPathway,R-HSA-9856530,0.001179409549624697
R-HSA-139853,abstraction:NextStepPathway,R-HSA-111997,0.0014868080616297046
R-HSA-139853,abstraction:NextStepPathway,R-HSA-445355,0.001262579306747805
R-HSA-139853,abstraction:NextStepPathway,R-HSA-76005,0.0026937832164112985
R-HSA-139853,abstraction:NextStepPathway,R-HSA-983695,0.004690520726161305
R-HSA-139853,abstraction:NextStepPathway,R-HSA-2025928,0.0007230524086627399
R-HSA-139853,abstraction:NextStepPathway,R-HSA-5218921,0.003553610931100179
R-HSA-200425,abstraction:NextStepPathway,R-HSA-77286,0.0021809378616802944
R-HSA-8964038,abstraction:NextStepPathway,R-HSA-8964026,0.006131170789558214
R-HSA-8964038,abstraction:NextStepPathway,R-HSA-8963896,0.0033446956664363245
R-HSA-1606341,abstraction:NextStepPathway,R-HSA-3270619,0.005494338749605119
R-HSA-1606341,abstraction:NextStepPathway,R-HSA-3134973,0.0029744369702555994
R-HSA-9818025,abstraction:NextStepPathway,R-HSA-9861718,0.0005161730142108655
R-HSA-2022923,abstraction:NextStepPathway,R-HSA-2024101,2.5243808995623877e-06
R-HSA-5696400,abstraction:NextStepPathway,R-HSA-5696397,0.00718097895975009
R-HSA-74752,abstraction:NextStepPathway,R-HSA-77387,0.011806228827778176
R-HSA-74752,abstraction:NextStepPathway,R-HSA-74751,0.019378391380412512
R-HSA-74752,abstraction:NextStepPathway,R-HSA-74749,0.00874360425194951
R-HSA-74752,abstraction:NextStepPathway,R-HSA-74713,0.004784562825114311
R-HSA-167161,abstraction:NextStepPathway,R-HSA-167162,0.04675063834110844
R-HSA-9031628,abstraction:NextStepPathway,R-HSA-111932,0.0017913994718174219
R-HSA-9031628,abstraction:NextStepPathway,R-HSA-9616222,0.000533450606255829
R-HSA-9031628,abstraction:NextStepPathway,R-HSA-9634638,0.0028354719121269412
R-HSA-9031628,abstraction:NextStepPathway,R-HSA-111931,0.001730301664291813
R-HSA-9031628,abstraction:NextStepPathway,R-HSA-9022692,0.0017913994718174219
R-HSA-933541,abstraction:NextStepPathway,R-HSA-975110,0.0026741714809112044
R-HSA-933541,abstraction:NextStepPathway,R-HSA-3134963,0.0007665172539396248
R-HSA-933541,abstraction:NextStepPathway,R-HSA-933542,0.0026741714809112044
R-HSA-170660,abstraction:NextStepPathway,R-HSA-180024,0.0022054132070546528
R-HSA-9927418,abstraction:NextStepPathway,R-HSA-9927426,9.134464176376334e-08
R-HSA-425381,abstraction:NextStepPathway,R-HSA-174362,0.0006905148174706934
R-HSA-425381,abstraction:NextStepPathway,R-HSA-427601,0.0018118137351467894
R-HSA-111459,abstraction:NextStepPathway,R-HSA-111469,0.006623484621210257
R-HSA-111459,abstraction:NextStepPathway,R-HSA-351906,0.0006062836517768831
R-HSA-111459,abstraction:NextStepPathway,R-HSA-5620971,0.001303677103348544
R-HSA-111459,abstraction:NextStepPathway,R-HSA-264870,0.0006062836517768831
R-HSA-111459,abstraction:NextStepPathway,R-HSA-111465,0.0010532553079193323
R-HSA-111459,abstraction:NextStepPathway,R-HSA-211736,0.0031554482481126107
R-HSA-111459,abstraction:NextStepPathway,R-HSA-140342,0.0007433223706040574
R-HSA-5654712,abstraction:NextStepPathway,R-HSA-5654720,0.0047562540714767825
R-HSA-5654712,abstraction:NextStepPathway,R-HSA-5654733,0.004558557781841063
R-HSA-5654712,abstraction:NextStepPathway,R-HSA-5673001,0.0020007367600065416
R-HSA-1655829,abstraction:NextStepPathway,R-HSA-2426168,0.0473646273631786
R-HSA-71262,abstraction:NextStepPathway,R-HSA-200425,0.0008594071875647283
R-HSA-418889,abstraction:NextStepPathway,R-HSA-351906,0.0005861234578360223
R-HSA-418889,abstraction:NextStepPathway,R-HSA-5620971,0.000504192087443932
R-HSA-418889,abstraction:NextStepPathway,R-HSA-264870,0.0005861234578360223
R-HSA-418889,abstraction:NextStepPathway,R-HSA-111465,0.00038339727489025753
R-HSA-418889,abstraction:NextStepPathway,R-HSA-211736,0.0030846755209370785
R-HSA-418889,abstraction:NextStepPathway,R-HSA-140342,0.0007230524086627399
R-HSA-918233,abstraction:NextStepPathway,R-HSA-936964,0.002883060198847126
R-HSA-918233,abstraction:NextStepPathway,R-HSA-5689896,0.0026714474402290194
R-HSA-918233,abstraction:NextStepPathway,R-HSA-9833109,0.0027085390688616293
R-HSA-918233,abstraction:NextStepPathway,R-HSA-933541,0.0060661260327227965
R-HSA-918233,abstraction:NextStepPathway,R-HSA-9013973,0.0032903699153200667
R-HSA-918233,abstraction:NextStepPathway,R-HSA-936440,0.0018299582159296058
R-HSA-918233,abstraction:NextStepPathway,R-HSA-9705671,0.006065814070243593
R-HSA-1059683,abstraction:NextStepPathway,R-HSA-9931295,0.0014280141617335129
R-HSA-1059683,abstraction:NextStepPathway,R-HSA-6788467,0.0005164707556365412
R-HSA-1059683,abstraction:NextStepPathway,R-HSA-8984722,0.002171154368447709
R-HSA-5683826,abstraction:NextStepPathway,R-HSA-9660821,0.0016615563983000076
R-HSA-5683826,abstraction:NextStepPathway,R-HSA-418555,0.0027843777675174274
R-HSA-109704,abstraction:NextStepPathway,R-HSA-165158,0.0057594532924811325
R-HSA-389542,abstraction:NextStepPathway,R-HSA-389599,0.0036597933341430138
R-HSA-69231,abstraction:NextStepPathway,R-HSA-2559585,0.0018760222260488135
R-HSA-69231,abstraction:NextStepPathway,R-HSA-111448,1.1701336026091278e-06
R-HSA-69231,abstraction:NextStepPathway,R-HSA-8878166,0.0032852491664059134
R-HSA-69231,abstraction:NextStepPathway,R-HSA-69206,0.008985109965994786
R-HSA-69231,abstraction:NextStepPathway,R-HSA-69202,0.010625316169928033
R-HSA-69231,abstraction:NextStepPathway,R-HSA-113501,0.0021977966343011386
R-HSA-69231,abstraction:NextStepPathway,R-HSA-174178,0.000709645018238072
R-HSA-69231,abstraction:NextStepPathway,R-HSA-139915,8.77550772641887e-07
R-HSA-69231,abstraction:NextStepPathway,R-HSA-69205,0.0002989074372177612
R-HSA-69231,abstraction:NextStepPathway,R-HSA-9754119,0.0
R-HSA-6803204,abstraction:NextStepPathway,R-HSA-111448,0.0024860723832652158
R-HSA-6803204,abstraction:NextStepPathway,R-HSA-75108,0.0005802540096153553
R-HSA-6803204,abstraction:NextStepPathway,R-HSA-6804756,0.0019862700319478
R-HSA-6803204,abstraction:NextStepPathway,R-HSA-139915,0.0015846052152961223
R-HSA-6803204,abstraction:NextStepPathway,R-HSA-114294,0.001894103713693751
R-HSA-6803204,abstraction:NextStepPathway,R-HSA-6804114,0.000901474496043113
R-HSA-9036866,abstraction:NextStepPathway,R-HSA-187037,0.0005420309678060273
R-HSA-5357905,abstraction:NextStepPathway,R-HSA-3371378,0.004615726775611511
R-HSA-110312,abstraction:NextStepPathway,R-HSA-5656169,0.01022714508073261
R-HSA-110312,abstraction:NextStepPathway,R-HSA-110313,0.01409771120861358
R-HSA-8940973,abstraction:NextStepPathway,R-HSA-8878166,0.015384733937680257
R-HSA-1250347,abstraction:NextStepPathway,R-HSA-5673001,0.0022251975271236277
R-HSA-69278,abstraction:NextStepPathway,R-HSA-453274,0.09018357809855898
R-HSA-75893,abstraction:NextStepPathway,R-HSA-5626978,0.0017624294933300346
R-HSA-75893,abstraction:NextStepPathway,R-HSA-5668541,0.0015229700922981216
R-HSA-75893,abstraction:NextStepPathway,R-HSA-5357905,0.032310646584086986
R-HSA-75893,abstraction:NextStepPathway,R-HSA-5357956,0.012732125023150057
R-HSA-75893,abstraction:NextStepPathway,R-HSA-5357786,0.011788423934416476
R-HSA-1614603,abstraction:NextStepPathway,R-HSA-1614558,0.00393734849662085
R-HSA-114508,abstraction:NextStepPathway,R-HSA-5578775,0.004135500437444427
R-HSA-114508,abstraction:NextStepPathway,R-HSA-2514859,0.0022060718596515465
R-HSA-114508,abstraction:NextStepPathway,R-HSA-2871809,0.0034130284374551643
R-HSA-114508,abstraction:NextStepPathway,R-HSA-5607763,0.0022086711641126477
R-HSA-114508,abstraction:NextStepPathway,R-HSA-392517,0.0032016890468274306
R-HSA-114508,abstraction:NextStepPathway,R-HSA-139853,0.0038870781183321934
R-HSA-114508,abstraction:NextStepPathway,R-HSA-9664323,0.0035803791714352296
R-HSA-114508,abstraction:NextStepPathway,R-HSA-354192,0.0034130284374551643
R-HSA-114508,abstraction:NextStepPathway,R-HSA-9856530,0.001418219417647371
R-HSA-114508,abstraction:NextStepPathway,R-HSA-111997,0.0036793147900187027
R-HSA-114508,abstraction:NextStepPathway,R-HSA-445355,0.0030784673294465556
R-HSA-114508,abstraction:NextStepPathway,R-HSA-76005,0.005076595901994519
R-HSA-114508,abstraction:NextStepPathway,R-HSA-983695,0.003213541552152538
R-HSA-114508,abstraction:NextStepPathway,R-HSA-5218921,0.005449069597308245
R-HSA-83936,abstraction:NextStepPathway,R-HSA-163210,0.0010895223856561844
R-HSA-1442490,abstraction:NextStepPathway,R-HSA-71064,0.0036928075549532134
R-HSA-5423646,abstraction:NextStepPathway,R-HSA-156590,0.0033500197981549654
R-HSA-72172,abstraction:NextStepPathway,R-HSA-72203,0.1209741892268272
R-HSA-196757,abstraction:NextStepPathway,R-HSA-1614635,0.004357356995805412
R-HSA-196757,abstraction:NextStepPathway,R-HSA-156581,0.0017720098767912518
R-HSA-196757,abstraction:NextStepPathway,R-HSA-9759218,0.004134098714430099
R-HSA-9819196,abstraction:NextStepPathway,R-HSA-9820865,5.2340486464943156e-06
R-HSA-9819196,abstraction:NextStepPathway,R-HSA-429947,9.997914209684832e-06
R-HSA-159230,abstraction:NextStepPathway,R-HSA-72662,0.00011398575355436503
R-HSA-2404192,abstraction:NextStepPathway,R-HSA-2428928,0.018390836252284326
R-HSA-2404192,abstraction:NextStepPathway,R-HSA-2428933,0.007386453844874492
R-HSA-9648895,abstraction:NextStepPathway,R-HSA-380994,0.003226263860311258
R-HSA-9648895,abstraction:NextStepPathway,R-HSA-9633012,0.008871898130492757
R-HSA-9648895,abstraction:NextStepPathway,R-HSA-381183,0.001619109288717884
R-HSA-9648895,abstraction:NextStepPathway,R-HSA-381042,0.007755151900092236
R-HSA-168255,abstraction:NextStepPathway,R-HSA-168275,0.013101653063765529
R-HSA-168255,abstraction:NextStepPathway,R-HSA-168270,0.011772869683911306
R-HSA-8875791,abstraction:NextStepPathway,R-HSA-2586552,0.0029036825264122956
R-HSA-8875791,abstraction:NextStepPathway,R-HSA-8849474,0.003057532168449264
R-HSA-9619665,abstraction:NextStepPathway,R-HSA-190861,0.0005378677427272123
R-HSA-9646399,abstraction:NextStepPathway,R-HSA-9615710,1.1515906668363342e-06
R-HSA-9646399,abstraction:NextStepPathway,R-HSA-9613829,8.224721202303468e-07
R-HSA-2871796,abstraction:NextStepPathway,R-HSA-2871809,0.009933553654662827
R-HSA-2871796,abstraction:NextStepPathway,R-HSA-450341,0.0036222380980960324
R-HSA-2871796,abstraction:NextStepPathway,R-HSA-2559582,0.001864073414312191
R-HSA-2871796,abstraction:NextStepPathway,R-HSA-2730905,0.007997571674989826
R-HSA-2871796,abstraction:NextStepPathway,R-HSA-5673001,0.001397190172361392
R-HSA-2871796,abstraction:NextStepPathway,R-HSA-9909649,5.12337587839183e-06
R-HSA-2871796,abstraction:NextStepPathway,R-HSA-2424491,0.01252785949440526
R-HSA-2871796,abstraction:NextStepPathway,R-HSA-450321,0.001995999071733795
R-HSA-2871796,abstraction:NextStepPathway,R-HSA-2559580,0.0027129389715360875
R-HSA-164516,abstraction:NextStepPathway,R-HSA-164525,0.0082644009539735
R-HSA-8854691,abstraction:NextStepPathway,R-HSA-6783783,0.004953200915791278
R-HSA-8854691,abstraction:NextStepPathway,R-HSA-449836,0.0031473472394270134
R-HSA-8854691,abstraction:NextStepPathway,R-HSA-9909649,5.379848132859775e-06
R-HSA-8854691,abstraction:NextStepPathway,R-HSA-5683057,0.000766500404861074
R-HSA-416572,abstraction:NextStepPathway,R-HSA-5627117,0.0033905389292917688
R-HSA-416572,abstraction:NextStepPathway,R-HSA-416482,0.0034683721885114876
R-HSA-416572,abstraction:NextStepPathway,R-HSA-5627123,0.0020734872025402248
R-HSA-416572,abstraction:NextStepPathway,R-HSA-5625740,0.002778274259105212
R-HSA-9679191,abstraction:NextStepPathway,R-HSA-419408,0.00035494371306314003
R-HSA-9679191,abstraction:NextStepPathway,R-HSA-9678110,0.00024264211816848137
R-HSA-2408508,abstraction:NextStepPathway,R-HSA-2408557,0.0031605502558846735
R-HSA-2408508,abstraction:NextStepPathway,R-HSA-2408552,0.0021229413998846355
R-HSA-2408550,abstraction:NextStepPathway,R-HSA-2408499,0.0019147313778937513
R-HSA-2408550,abstraction:NextStepPathway,R-HSA-2408508,0.002871830249812114
R-HSA-2408550,abstraction:NextStepPathway,R-HSA-2408557,0.0024910947063443104
R-HSA-198693,abstraction:NextStepPathway,R-HSA-111932,0.0029036825264122956
R-HSA-198693,abstraction:NextStepPathway,R-HSA-9031628,0.0021727089587552486
R-HSA-198693,abstraction:NextStepPathway,R-HSA-9614399,0.0018854379707452385
R-HSA-198693,abstraction:NextStepPathway,R-HSA-9634638,0.0025174522655084493
R-HSA-198693,abstraction:NextStepPathway,R-HSA-111931,0.002842035197092712
R-HSA-380972,abstraction:NextStepPathway,R-HSA-1632852,0.013942719385636864
R-HSA-380972,abstraction:NextStepPathway,R-HSA-200425,0.0014798634480853682
R-HSA-380972,abstraction:NextStepPathway,R-HSA-163680,0.0029022655049567095
R-HSA-380972,abstraction:NextStepPathway,R-HSA-5628897,0.01412941588008181
R-HSA-380972,abstraction:NextStepPathway,R-HSA-2151209,0.002436022405867583
R-HSA-380972,abstraction:NextStepPathway,R-HSA-165159,0.020051455919793192
R-HSA-194138,abstraction:NextStepPathway,R-HSA-428930,0.0022475560565160023
R-HSA-194138,abstraction:NextStepPathway,R-HSA-177929,0.0059988111102137025
R-HSA-75896,abstraction:NextStepPathway,R-HSA-1483166,0.0037883189310901574
R-HSA-166016,abstraction:NextStepPathway,R-HSA-166058,0.044117271297776386
R-HSA-166016,abstraction:NextStepPathway,R-HSA-166020,0.0023284187312959106
R-HSA-198753,abstraction:NextStepPathway,R-HSA-375165,0.0029745630824799243
R-HSA-198753,abstraction:NextStepPathway,R-HSA-881907,0.0013088721318195945
R-HSA-198753,abstraction:NextStepPathway,R-HSA-2559582,0.0009246306060272363
R-HSA-198753,abstraction:NextStepPathway,R-HSA-9634638,0.0020734872025402248
R-HSA-198753,abstraction:NextStepPathway,R-HSA-199920,0.002713309990074432
R-HSA-71403,abstraction:NextStepPathway,R-HSA-1237044,0.0028992714992248226
R-HSA-71403,abstraction:NextStepPathway,R-HSA-9856872,0.0040152078621909365
R-HSA-71403,abstraction:NextStepPathway,R-HSA-1475029,0.002491659579937647
R-HSA-71403,abstraction:NextStepPathway,R-HSA-611105,0.010159242222005845
R-HSA-71403,abstraction:NextStepPathway,R-HSA-8964539,0.0060235178032143535
R-HSA-71403,abstraction:NextStepPathway,R-HSA-70268,0.011010424611118962
R-HSA-71403,abstraction:NextStepPathway,R-HSA-9853506,0.013471616469859818
R-HSA-71403,abstraction:NextStepPathway,R-HSA-428643,0.0023549301001801652
R-HSA-4420097,abstraction:NextStepPathway,R-HSA-9664422,0.007672271609814495
R-HSA-4420097,abstraction:NextStepPathway,R-HSA-5668599,0.009995083328054094
R-HSA-4420097,abstraction:NextStepPathway,R-HSA-389357,0.008113181917221109
R-HSA-4420097,abstraction:NextStepPathway,R-HSA-3928663,0.003171629091492029
R-HSA-4420097,abstraction:NextStepPathway,R-HSA-5218920,0.02908726276606064
R-HSA-4420097,abstraction:NextStepPathway,R-HSA-171007,0.004160077547998014
R-HSA-4420097,abstraction:NextStepPathway,R-HSA-114604,0.004959671874532005
R-HSA-4420097,abstraction:NextStepPathway,R-HSA-5663213,0.006315674750884694
R-HSA-4420097,abstraction:NextStepPathway,R-HSA-2029482,0.007470477260782113
R-HSA-4420097,abstraction:NextStepPathway,R-HSA-5218921,0.017360123256685706
R-HSA-4420097,abstraction:NextStepPathway,R-HSA-1257604,0.005191733845886494
R-HSA-2173788,abstraction:NextStepPathway,R-HSA-5689603,0.002341684056646921
R-HSA-9856649,abstraction:NextStepPathway,R-HSA-9825895,0.0002770067942964911
R-HSA-9856649,abstraction:NextStepPathway,R-HSA-9825892,0.0015509824550375443
R-HSA-9856649,abstraction:NextStepPathway,R-HSA-9854909,0.00035054739970729774
R-HSA-9856649,abstraction:NextStepPathway,R-HSA-9824594,0.0017641161457880713
R-HSA-9856649,abstraction:NextStepPathway,R-HSA-9857377,0.0001664677785935906
R-HSA-9856649,abstraction:NextStepPathway,R-HSA-9764725,0.001802310569291422
R-HSA-9856649,abstraction:NextStepPathway,R-HSA-9854907,0.0010795903111427067
R-HSA-9856649,abstraction:NextStepPathway,R-HSA-9824585,0.0029483552306106254
R-HSA-9856649,abstraction:NextStepPathway,R-HSA-9926550,0.0015509824550375443
R-HSA-5654228,abstraction:NextStepPathway,R-HSA-1489509,0.0025470467324103887
R-HSA-5654228,abstraction:NextStepPathway,R-HSA-2029485,0.003992828110010579
R-HSA-5654228,abstraction:NextStepPathway,R-HSA-5218921,0.002592415295066397
R-HSA-111367,abstraction:NextStepPathway,R-HSA-73856,0.008285340330261817
R-HSA-111367,abstraction:NextStepPathway,R-HSA-159227,0.0010189585092057838
R-HSA-879518,abstraction:NextStepPathway,R-HSA-193368,8.65266890636011e-06
R-HSA-879518,abstraction:NextStepPathway,R-HSA-159418,0.002013277083520512
R-HSA-1433557,abstraction:NextStepPathway,R-HSA-5673001,0.0012454281485327207
R-HSA-1433557,abstraction:NextStepPathway,R-HSA-6811558,0.0023678646677876202
R-HSA-1433557,abstraction:NextStepPathway,R-HSA-1257604,0.0020955271726347934
R-HSA-159227,abstraction:NextStepPathway,R-HSA-72662,0.0001178016221177245
R-HSA-1660516,abstraction:NextStepPathway,R-HSA-1660537,0.0010022822063517993
R-HSA-381038,abstraction:NextStepPathway,R-HSA-9772755,4.839115107685947e-05
R-HSA-6804759,abstraction:NextStepPathway,R-HSA-69895,0.0016197676158463724
R-HSA-6804759,abstraction:NextStepPathway,R-HSA-6803204,0.00186226810690821
R-HSA-6804759,abstraction:NextStepPathway,R-HSA-6803211,0.0006725334686271122
R-HSA-6804759,abstraction:NextStepPathway,R-HSA-6803205,0.00043955789243603754
R-HSA-6804759,abstraction:NextStepPathway,R-HSA-139915,5.482838801624944e-07
R-HSA-6804759,abstraction:NextStepPathway,R-HSA-6804116,0.0012849159623631026
R-HSA-5654700,abstraction:NextStepPathway,R-HSA-5654695,0.0047562540714767825
R-HSA-5654700,abstraction:NextStepPathway,R-HSA-5673001,0.0020007367600065416
R-HSA-5654700,abstraction:NextStepPathway,R-HSA-5654727,0.004558557781841063
R-HSA-8934593,abstraction:NextStepPathway,R-HSA-8951936,0.0010798699647718026
R-HSA-8934593,abstraction:NextStepPathway,R-HSA-8936459,0.002199407268872223
R-HSA-8934593,abstraction:NextStepPathway,R-HSA-8939247,0.0013538322976709843
R-HSA-8934593,abstraction:NextStepPathway,R-HSA-8939246,0.0012603587391412621
R-HSA-8934593,abstraction:NextStepPathway,R-HSA-8935964,0.001303677103348544
R-HSA-8934593,abstraction:NextStepPathway,R-HSA-8931987,0.0012222356343773062
R-HSA-8934593,abstraction:NextStepPathway,R-HSA-8939242,0.0012603587391412621
R-HSA-8934593,abstraction:NextStepPathway,R-HSA-8939236,0.0018032564233594274
R-HSA-8934593,abstraction:NextStepPathway,R-HSA-8939243,0.0031026178904232132
R-HSA-8934593,abstraction:NextStepPathway,R-HSA-8877330,0.0010370416027051777
R-HSA-8934593,abstraction:NextStepPathway,R-HSA-8939245,0.001413403362056817
R-HSA-8934593,abstraction:NextStepPathway,R-HSA-9018519,0.0019192951832491699
R-HSA-8934593,abstraction:NextStepPathway,R-HSA-1912408,0.0013437121270266558
R-HSA-917977,abstraction:NextStepPathway,R-HSA-77387,0.009407476703697393
R-HSA-392851,abstraction:NextStepPathway,R-HSA-418217,2.740647733167951e-07
R-HSA-392851,abstraction:NextStepPathway,R-HSA-8964315,1.8269956530553582e-07
R-HSA-392851,abstraction:NextStepPathway,R-HSA-9660821,0.0015997965897305562
R-HSA-392851,abstraction:NextStepPathway,R-HSA-432040,0.0014868080616297046
R-HSA-392851,abstraction:NextStepPathway,R-HSA-418555,0.0014183639651001705
R-HSA-392851,abstraction:NextStepPathway,R-HSA-9856530,0.001179409549624697
R-HSA-392851,abstraction:NextStepPathway,R-HSA-4086398,0.0013253021409149498
R-HSA-392851,abstraction:NextStepPathway,R-HSA-163359,0.0017752359970171622
R-HSA-392851,abstraction:NextStepPathway,R-HSA-9634597,0.0015997965897305562
R-HSA-392851,abstraction:NextStepPathway,R-HSA-392451,6.396284942674726e-07
R-HSA-392851,abstraction:NextStepPathway,R-HSA-8964616,0.000867175160562228
R-HSA-422085,abstraction:NextStepPathway,R-HSA-375276,9.91263042035244e-05
R-HSA-3134975,abstraction:NextStepPathway,R-HSA-1834941,0.006312347983727143
R-HSA-69273,abstraction:NextStepPathway,R-HSA-2980767,0.0013986440106176527
R-HSA-69273,abstraction:NextStepPathway,R-HSA-69478,0.005611546531135112
R-HSA-69273,abstraction:NextStepPathway,R-HSA-174048,0.0008018426671619474
R-HSA-69273,abstraction:NextStepPathway,R-HSA-68875,0.003481669276738896
R-HSA-69273,abstraction:NextStepPathway,R-HSA-8878166,0.00142444594017863
R-HSA-69273,abstraction:NextStepPathway,R-HSA-156711,0.005125669841572265
R-HSA-69273,abstraction:NextStepPathway,R-HSA-176417,0.0030986655365931003
R-HSA-69273,abstraction:NextStepPathway,R-HSA-2565942,0.0021623322788483393
R-HSA-69273,abstraction:NextStepPathway,R-HSA-2465910,0.002819475676519425
R-HSA-69273,abstraction:NextStepPathway,R-HSA-176408,0.0018414632928238132
R-HSA-69273,abstraction:NextStepPathway,R-HSA-4419969,0.004383599374188472
R-HSA-69273,abstraction:NextStepPathway,R-HSA-2299718,0.003476523392336661
R-HSA-69273,abstraction:NextStepPathway,R-HSA-176412,0.0008018426671619474
R-HSA-69273,abstraction:NextStepPathway,R-HSA-8852276,0.0005789188048700097
R-HSA-69273,abstraction:NextStepPathway,R-HSA-162658,0.0010396241123154708
R-HSA-69273,abstraction:NextStepPathway,R-HSA-75035,0.004882238343274571
R-HSA-69273,abstraction:NextStepPathway,R-HSA-3301854,0.0006593234439795826
R-HSA-1483076,abstraction:NextStepPathway,R-HSA-1482798,0.0006064229078264272
R-HSA-2122948,abstraction:NextStepPathway,R-HSA-2122947,0.0004256558495523288
R-HSA-2122948,abstraction:NextStepPathway,R-HSA-9818749,0.0006012692807181039
R-HSA-389357,abstraction:NextStepPathway,R-HSA-6804757,0.007174194273090751
R-HSA-389357,abstraction:NextStepPathway,R-HSA-1358803,0.001549763010802725
R-HSA-389357,abstraction:NextStepPathway,R-HSA-8948751,0.0007846502346618404
R-HSA-389357,abstraction:NextStepPathway,R-HSA-6804759,0.0012849159623631026
R-HSA-389357,abstraction:NextStepPathway,R-HSA-69202,0.0006805474122251755
R-HSA-389357,abstraction:NextStepPathway,R-HSA-111447,0.0013230940037557157
R-HSA-389357,abstraction:NextStepPathway,R-HSA-5628897,0.0017288839300529046
R-HSA-389357,abstraction:NextStepPathway,R-HSA-6804758,0.0016569260310768347
R-HSA-389357,abstraction:NextStepPathway,R-HSA-8876198,0.0009972837618639405
R-HSA-389357,abstraction:NextStepPathway,R-HSA-9604323,0.0008074166902491569
R-HSA-389357,abstraction:NextStepPathway,R-HSA-198323,0.0013230940037557157
R-HSA-389357,abstraction:NextStepPathway,R-HSA-5218920,0.008730835666848001
R-HSA-389357,abstraction:NextStepPathway,R-HSA-2730905,0.003930300802666523
R-HSA-389357,abstraction:NextStepPathway,R-HSA-9634635,0.0033413134561634424
R-HSA-389357,abstraction:NextStepPathway,R-HSA-9755779,0.0055158414231232045
R-HSA-389357,abstraction:NextStepPathway,R-HSA-69656,0.0006857649503989008
R-HSA-389357,abstraction:NextStepPathway,R-HSA-114604,0.0032725723374730205
R-HSA-389357,abstraction:NextStepPathway,R-HSA-389359,0.003071635491095133
R-HSA-389357,abstraction:NextStepPathway,R-HSA-392451,0.004655376888435139
R-HSA-389357,abstraction:NextStepPathway,R-HSA-203615,0.0008153989132815643
R-HSA-389357,abstraction:NextStepPathway,R-HSA-202424,0.002447021512688682
R-HSA-389357,abstraction:NextStepPathway,R-HSA-1257604,0.0074322841784264845
R-HSA-1963642,abstraction:NextStepPathway,R-HSA-6811558,0.0032479021548908965
R-HSA-1963642,abstraction:NextStepPathway,R-HSA-1257604,0.002722272998833092
R-HSA-72689,abstraction:NextStepPathway,R-HSA-72737,0.07139783407512768
R-HSA-72689,abstraction:NextStepPathway,R-HSA-72706,0.07423700344332562
R-HSA-209905,abstraction:NextStepPathway,R-HSA-212676,0.0009501380828397703
R-HSA-209905,abstraction:NextStepPathway,R-HSA-181430,0.0029829840771886463
R-HSA-1855184,abstraction:NextStepPathway,R-HSA-1855156,0.0011032509234413538
R-HSA-1855184,abstraction:NextStepPathway,R-HSA-1855215,0.0011032509234413538
R-HSA-1855184,abstraction:NextStepPathway,R-HSA-1855231,0.0034496775313428685
R-HSA-381340,abstraction:NextStepPathway,R-HSA-1989781,0.026356043688631405
R-HSA-381340,abstraction:NextStepPathway,R-HSA-163680,0.0002334104710217753
R-HSA-2122947,abstraction:NextStepPathway,R-HSA-9013508,0.0029987168505036846
R-HSA-2122947,abstraction:NextStepPathway,R-HSA-8940973,0.0009302473274398735
R-HSA-2122947,abstraction:NextStepPathway,R-HSA-69202,0.0022668732945759656
R-HSA-2122947,abstraction:NextStepPathway,R-HSA-210744,0.005580596640565863
R-HSA-2122947,abstraction:NextStepPathway,R-HSA-9793380,0.002240126271049542
R-HSA-2122947,abstraction:NextStepPathway,R-HSA-8941856,0.0061632510949498455
R-HSA-2122947,abstraction:NextStepPathway,R-HSA-1912408,0.004151077984416108
R-HSA-69202,abstraction:NextStepPathway,R-HSA-69200,0.0032560538968189052
R-HSA-69202,abstraction:NextStepPathway,R-HSA-69273,0.004379809855040768
R-HSA-69202,abstraction:NextStepPathway,R-HSA-2559586,0.0019086750861481154
R-HSA-69202,abstraction:NextStepPathway,R-HSA-69656,0.05755540912404164
R-HSA-69202,abstraction:NextStepPathway,R-HSA-1362277,0.0068395157862969295
R-HSA-69202,abstraction:NextStepPathway,R-HSA-187577,0.03518757461707691
R-HSA-69202,abstraction:NextStepPathway,R-HSA-6804116,0.0012323067551830791
R-HSA-69202,abstraction:NextStepPathway,R-HSA-69563,0.026945985747134797
R-HSA-166020,abstraction:NextStepPathway,R-HSA-166016,0.0023284187312959106
R-HSA-9761174,abstraction:NextStepPathway,R-HSA-9830364,0.008340745531192297
R-HSA-5686938,abstraction:NextStepPathway,R-HSA-166058,2.6710890471684525e-05
R-HSA-110329,abstraction:NextStepPathway,R-HSA-5649702,0.0004266279397373479
R-HSA-110329,abstraction:NextStepPathway,R-HSA-110357,0.005074540492684609
R-HSA-418346,abstraction:NextStepPathway,R-HSA-139853,0.0042992030902191825
R-HSA-1660514,abstraction:NextStepPathway,R-HSA-1660510,0.0010418392162691238
R-HSA-6796648,abstraction:NextStepPathway,R-HSA-5358565,0.0022665697478856
R-HSA-6796648,abstraction:NextStepPathway,R-HSA-5358606,0.0022665697478856
R-HSA-6796648,abstraction:NextStepPathway,R-HSA-6783310,0.0008722522637242277
R-HSA-9918487,abstraction:NextStepPathway,R-HSA-9918432,0.04357571801884156
R-HSA-9918487,abstraction:NextStepPathway,R-HSA-9918485,0.0008320092089511527
R-HSA-9918487,abstraction:NextStepPathway,R-HSA-9920588,0.0026475686590932204
R-HSA-9918487,abstraction:NextStepPathway,R-HSA-9918476,0.0016391988998379825
R-HSA-9958517,abstraction:NextStepPathway,R-HSA-264642,0.0033401536848265507
R-HSA-9958517,abstraction:NextStepPathway,R-HSA-1483191,0.0011536621162396377
R-HSA-9958517,abstraction:NextStepPathway,R-HSA-6798163,0.0005409949543790343
R-HSA-168181,abstraction:NextStepPathway,R-HSA-975155,0.04422185568933362
R-HSA-76071,abstraction:NextStepPathway,R-HSA-749476,0.024466426744215355
R-HSA-202430,abstraction:NextStepPathway,R-HSA-202433,0.009305912564941364
R-HSA-163358,abstraction:NextStepPathway,R-HSA-9634600,0.004154127153351673
R-HSA-210500,abstraction:NextStepPathway,R-HSA-399710,0.002981578314000557
R-HSA-210500,abstraction:NextStepPathway,R-HSA-9856872,0.0010772198195902645
R-HSA-210500,abstraction:NextStepPathway,R-HSA-264642,0.010030265988166025
R-HSA-210500,abstraction:NextStepPathway,R-HSA-5628897,0.0020633932097323805
R-HSA-210500,abstraction:NextStepPathway,R-HSA-438066,0.001992332026049872
R-HSA-210500,abstraction:NextStepPathway,R-HSA-8964539,0.0027703566893030576
R-HSA-210500,abstraction:NextStepPathway,R-HSA-451307,0.0014341608111477922
R-HSA-3371378,abstraction:NextStepPathway,R-HSA-5357905,0.004615726775611511
R-HSA-9664323,abstraction:NextStepPathway,R-HSA-5578775,0.005451927551120808
R-HSA-9664323,abstraction:NextStepPathway,R-HSA-202433,0.0040124030751186816
R-HSA-9664323,abstraction:NextStepPathway,R-HSA-2514859,0.004182503523366524
R-HSA-9664323,abstraction:NextStepPathway,R-HSA-111932,0.0040565401573292035
R-HSA-9664323,abstraction:NextStepPathway,R-HSA-2871809,0.009933553654662827
R-HSA-9664323,abstraction:NextStepPathway,R-HSA-9664422,0.004557788757633435
R-HSA-9664323,abstraction:NextStepPathway,R-HSA-9660821,0.004646151380941556
R-HSA-9664323,abstraction:NextStepPathway,R-HSA-163615,0.00537104416931534
R-HSA-9664323,abstraction:NextStepPathway,R-HSA-442729,0.0040565401573292035
R-HSA-9664323,abstraction:NextStepPathway,R-HSA-432040,0.004244095019929688
R-HSA-9664323,abstraction:NextStepPathway,R-HSA-5607763,0.005009351121659718
R-HSA-9664323,abstraction:NextStepPathway,R-HSA-9031628,0.0013554397129637214
R-HSA-9664323,abstraction:NextStepPathway,R-HSA-1169091,0.0012312940931601245
R-HSA-9664323,abstraction:NextStepPathway,R-HSA-163358,0.001450772319308177
R-HSA-9664323,abstraction:NextStepPathway,R-HSA-5627123,0.0033362832209849506
R-HSA-9664323,abstraction:NextStepPathway,R-HSA-112043,0.011395053139934061
R-HSA-9664323,abstraction:NextStepPathway,R-HSA-9856530,0.005651373003434986
R-HSA-9664323,abstraction:NextStepPathway,R-HSA-4086398,0.004557788757633435
R-HSA-9664323,abstraction:NextStepPathway,R-HSA-163560,0.0014497530601981958
R-HSA-9664323,abstraction:NextStepPathway,R-HSA-111933,0.0072758502568987336
R-HSA-9664323,abstraction:NextStepPathway,R-HSA-111997,0.0072758502568987336
R-HSA-9664323,abstraction:NextStepPathway,R-HSA-445355,0.00431788118255885
R-HSA-9664323,abstraction:NextStepPathway,R-HSA-9634638,0.0016955070735174907
R-HSA-9664323,abstraction:NextStepPathway,R-HSA-1489509,0.011095464610504174
R-HSA-9664323,abstraction:NextStepPathway,R-HSA-9634600,0.0020178926632486074
R-HSA-9664323,abstraction:NextStepPathway,R-HSA-164378,0.0036222380980960324
R-HSA-9664323,abstraction:NextStepPathway,R-HSA-180024,0.004244095019929688
R-HSA-9664323,abstraction:NextStepPathway,R-HSA-9620244,0.0027282311067413864
R-HSA-9664323,abstraction:NextStepPathway,R-HSA-5218920,0.003475595855596988
R-HSA-9664323,abstraction:NextStepPathway,R-HSA-422356,0.007540046801575724
R-HSA-9664323,abstraction:NextStepPathway,R-HSA-9634597,0.0036552539465987844
R-HSA-9664323,abstraction:NextStepPathway,R-HSA-2029485,0.0091464518114911
R-HSA-9664323,abstraction:NextStepPathway,R-HSA-442720,0.007154089059823441
R-HSA-9664323,abstraction:NextStepPathway,R-HSA-111931,0.007408091671024175
R-HSA-9664323,abstraction:NextStepPathway,R-HSA-442982,0.0012244694944978506
R-HSA-9664323,abstraction:NextStepPathway,R-HSA-983695,0.007297441708935314
R-HSA-9664323,abstraction:NextStepPathway,R-HSA-2025928,0.0012244694944978506
R-HSA-9664323,abstraction:NextStepPathway,R-HSA-111957,0.0034087442336002264
R-HSA-9664323,abstraction:NextStepPathway,R-HSA-203615,0.0026223432817693245
R-HSA-9664323,abstraction:NextStepPathway,R-HSA-2029482,0.002843039230458355
R-HSA-9664323,abstraction:NextStepPathway,R-HSA-5218921,0.007935063149391765
R-HSA-9664323,abstraction:NextStepPathway,R-HSA-202424,0.002822635163336502
R-HSA-1483226,abstraction:NextStepPathway,R-HSA-1482922,0.0006022362214298047
R-HSA-1483226,abstraction:NextStepPathway,R-HSA-1483196,0.0008008930501427297
R-HSA-1483226,abstraction:NextStepPathway,R-HSA-1483248,0.0005536215548148126
R-HSA-9749641,abstraction:NextStepPathway,R-HSA-561048,2.7448213131227517e-06
R-HSA-9749641,abstraction:NextStepPathway,R-HSA-156588,0.002479321198934463
R-HSA-9749641,abstraction:NextStepPathway,R-HSA-433692,0.0022513004245259863
R-HSA-9749641,abstraction:NextStepPathway,R-HSA-159424,0.004012418956001753
R-HSA-9749641,abstraction:NextStepPathway,R-HSA-2162123,0.0020727952231897545
R-HSA-5654221,abstraction:NextStepPathway,R-HSA-1489509,0.0025470467324103887
R-HSA-5654221,abstraction:NextStepPathway,R-HSA-2029485,0.003992828110010579
R-HSA-5654221,abstraction:NextStepPathway,R-HSA-5218921,0.002592415295066397
R-HSA-5627123,abstraction:NextStepPathway,R-HSA-5627117,0.008661751332474694
R-HSA-5627123,abstraction:NextStepPathway,R-HSA-5625740,0.006859078877526678
R-HSA-5627123,abstraction:NextStepPathway,R-HSA-445355,0.004466263222411978
R-HSA-5627123,abstraction:NextStepPathway,R-HSA-5687128,0.0017675942506674403
R-HSA-5627123,abstraction:NextStepPathway,R-HSA-2029482,0.003757305470873811
R-HSA-9660826,abstraction:NextStepPathway,R-HSA-5620971,0.0008587447406393733
R-HSA-9660826,abstraction:NextStepPathway,R-HSA-844456,0.012390756057788664
R-HSA-9660826,abstraction:NextStepPathway,R-HSA-9707564,0.0032493979146813023
R-HSA-9660826,abstraction:NextStepPathway,R-HSA-9020702,0.0007857364714282426
R-HSA-9660826,abstraction:NextStepPathway,R-HSA-418594,0.0021361813952784346
R-HSA-9660826,abstraction:NextStepPathway,R-HSA-8850843,0.004975382596914028
R-HSA-9660826,abstraction:NextStepPathway,R-HSA-196807,0.00382789168748183
R-HSA-9660826,abstraction:NextStepPathway,R-HSA-448706,0.00376406499826066
R-HSA-6806664,abstraction:NextStepPathway,R-HSA-159740,0.0013230940037557157
R-HSA-8939247,abstraction:NextStepPathway,R-HSA-8939245,0.001752023109989031
R-HSA-977347,abstraction:NextStepPathway,R-HSA-9856872,0.0036552539465987844
R-HSA-8939246,abstraction:NextStepPathway,R-HSA-8941333,0.004649006444681392
R-HSA-139910,abstraction:NextStepPathway,R-HSA-111453,3.654402680132059e-07
R-HSA-9683701,abstraction:NextStepPathway,R-HSA-9683686,0.009831664011521385
R-HSA-9683701,abstraction:NextStepPathway,R-HSA-9694631,0.006395509870119635
R-HSA-9683701,abstraction:NextStepPathway,R-HSA-9683612,0.0019068428180687381
R-HSA-9683701,abstraction:NextStepPathway,R-HSA-9683683,0.003840697204908232
R-HSA-9683701,abstraction:NextStepPathway,R-HSA-9683610,0.008810970156769425
R-HSA-9683701,abstraction:NextStepPathway,R-HSA-9683673,0.0067976574267986445
R-HSA-111447,abstraction:NextStepPathway,R-HSA-111453,0.0018277211068822088
R-HSA-9760173,abstraction:NextStepPathway,R-HSA-9927020,0.0030464361195160403
R-HSA-174362,abstraction:NextStepPathway,R-HSA-727802,0.0012419107899132734
R-HSA-174362,abstraction:NextStepPathway,R-HSA-163841,0.003791404642709493
R-HSA-174362,abstraction:NextStepPathway,R-HSA-2022923,0.0027749390319424827
R-HSA-174362,abstraction:NextStepPathway,R-HSA-425381,0.0006905148174706934
R-HSA-174362,abstraction:NextStepPathway,R-HSA-2022928,0.0022326187304660084
R-HSA-174362,abstraction:NextStepPathway,R-HSA-9939291,0.0029574885205783056
R-HSA-174362,abstraction:NextStepPathway,R-HSA-2022854,0.002404328724674414
R-HSA-174362,abstraction:NextStepPathway,R-HSA-2022870,0.002591149428406301
R-HSA-174362,abstraction:NextStepPathway,R-HSA-379716,0.000920637116919591
R-HSA-174362,abstraction:NextStepPathway,R-HSA-156584,0.0009272032813172997
R-HSA-174362,abstraction:NextStepPathway,R-HSA-71737,0.0006634811958666258
R-HSA-174362,abstraction:NextStepPathway,R-HSA-913709,0.0021348966341268386
R-HSA-8963896,abstraction:NextStepPathway,R-HSA-8964058,0.006383556330302907
R-HSA-9703648,abstraction:NextStepPathway,R-HSA-9702518,0.019085000959724784
R-HSA-9937080,abstraction:NextStepPathway,R-HSA-9925561,0.0
R-HSA-9937080,abstraction:NextStepPathway,R-HSA-9925563,0.0
R-HSA-5628897,abstraction:NextStepPathway,R-HSA-8943724,0.00951342705375742
R-HSA-5628897,abstraction:NextStepPathway,R-HSA-199418,0.002154355589891894
R-HSA-5628897,abstraction:NextStepPathway,R-HSA-1632852,0.008876182458704095
R-HSA-5628897,abstraction:NextStepPathway,R-HSA-70171,0.004383142917438046
R-HSA-5628897,abstraction:NextStepPathway,R-HSA-9856872,0.0006674869638827072
R-HSA-5628897,abstraction:NextStepPathway,R-HSA-499943,0.009620008833082724
R-HSA-5628897,abstraction:NextStepPathway,R-HSA-163210,0.0020216863782670583
R-HSA-5628897,abstraction:NextStepPathway,R-HSA-380972,0.014129415880081812
R-HSA-5628897,abstraction:NextStepPathway,R-HSA-210500,0.0020633932097323805
R-HSA-5628897,abstraction:NextStepPathway,R-HSA-611105,0.009732801231993396
R-HSA-5628897,abstraction:NextStepPathway,R-HSA-8964539,0.005370323228744803
R-HSA-5628897,abstraction:NextStepPathway,R-HSA-166187,0.0018358111341832421
R-HSA-5628897,abstraction:NextStepPathway,R-HSA-3299685,0.01095226976114357
R-HSA-5628897,abstraction:NextStepPathway,R-HSA-70263,0.005675747530912763
R-HSA-5628897,abstraction:NextStepPathway,R-HSA-8943723,0.0008365914744379127
R-HSA-5628897,abstraction:NextStepPathway,R-HSA-1660499,0.0024489130654124424
R-HSA-5628897,abstraction:NextStepPathway,R-HSA-167826,0.0004710638041883089
R-HSA-5628897,abstraction:NextStepPathway,R-HSA-165159,0.011175207645361077
R-HSA-5628897,abstraction:NextStepPathway,R-HSA-71336,0.00555861367995753
R-HSA-5628897,abstraction:NextStepPathway,R-HSA-202424,0.0010947787348012153
R-HSA-5628897,abstraction:NextStepPathway,R-HSA-9818027,0.004413752725639879
R-HSA-2142696,abstraction:NextStepPathway,R-HSA-211979,0.001506458450620324
R-HSA-446203,abstraction:NextStepPathway,R-HSA-532668,0.019090036631474832
R-HSA-975110,abstraction:NextStepPathway,R-HSA-933541,0.0026741714809112044
R-HSA-975110,abstraction:NextStepPathway,R-HSA-3134963,0.0017316797350762879
R-HSA-1660502,abstraction:NextStepPathway,R-HSA-1660517,0.0010659417925676154
R-HSA-1660502,abstraction:NextStepPathway,R-HSA-1660508,0.0016381927294690922
R-HSA-9948001,abstraction:NextStepPathway,R-HSA-5620971,0.0006471254847349117
R-HSA-9948001,abstraction:NextStepPathway,R-HSA-9960519,0.000867175160562228
R-HSA-209822,abstraction:NextStepPathway,R-HSA-975578,0.0013018740263058388
R-HSA-70635,abstraction:NextStepPathway,R-HSA-8964539,0.005825469905389207
R-HSA-70635,abstraction:NextStepPathway,R-HSA-379716,0.0036480462049144685
R-HSA-70635,abstraction:NextStepPathway,R-HSA-71737,0.001889484152131748
R-HSA-176034,abstraction:NextStepPathway,R-HSA-167200,0.002601814230032587
R-HSA-1222556,abstraction:NextStepPathway,R-HSA-8941413,0.01406587456026168
R-HSA-1222556,abstraction:NextStepPathway,R-HSA-392154,0.003918160836733732
R-HSA-1222556,abstraction:NextStepPathway,R-HSA-445355,0.001248995051865212
R-HSA-1222556,abstraction:NextStepPathway,R-HSA-3299685,0.009308082399743846
R-HSA-112043,abstraction:NextStepPathway,R-HSA-5578775,0.006392810089528949
R-HSA-112043,abstraction:NextStepPathway,R-HSA-2514859,0.005825469905389207
R-HSA-112043,abstraction:NextStepPathway,R-HSA-2871809,0.007713476424535329
R-HSA-112043,abstraction:NextStepPathway,R-HSA-5607763,0.005537138577257011
R-HSA-112043,abstraction:NextStepPathway,R-HSA-1169091,0.0009967516224479445
R-HSA-112043,abstraction:NextStepPathway,R-HSA-9664323,0.011395053139934061
R-HSA-112043,abstraction:NextStepPathway,R-HSA-9856530,0.005562453326163055
R-HSA-112043,abstraction:NextStepPathway,R-HSA-4086398,0.006392810089528949
R-HSA-112043,abstraction:NextStepPathway,R-HSA-111997,0.01748005647544046
R-HSA-112043,abstraction:NextStepPathway,R-HSA-445355,0.006028707433570195
R-HSA-112043,abstraction:NextStepPathway,R-HSA-1489509,0.020654709559958073
R-HSA-112043,abstraction:NextStepPathway,R-HSA-422356,0.00988199516474308
R-HSA-112043,abstraction:NextStepPathway,R-HSA-2029485,0.010111734104982622
R-HSA-112043,abstraction:NextStepPathway,R-HSA-983695,0.004669598541907884
R-HSA-112043,abstraction:NextStepPathway,R-HSA-5218921,0.008923810251161988
R-HSA-418594,abstraction:NextStepPathway,R-HSA-418217,0.0013927320271581159
R-HSA-418594,abstraction:NextStepPathway,R-HSA-170670,0.0051483166256127725
R-HSA-418594,abstraction:NextStepPathway,R-HSA-8964315,1.7581747558228787e-06
R-HSA-418594,abstraction:NextStepPathway,R-HSA-9660821,0.0064736691457022225
R-HSA-418594,abstraction:NextStepPathway,R-HSA-163615,0.006894288154636578
R-HSA-418594,abstraction:NextStepPathway,R-HSA-432040,0.00489449076232293
R-HSA-418594,abstraction:NextStepPathway,R-HSA-416482,0.0015722167330256749
R-HSA-418594,abstraction:NextStepPathway,R-HSA-9664323,0.010253350278400741
R-HSA-418594,abstraction:NextStepPathway,R-HSA-418555,0.007981713198768392
R-HSA-418594,abstraction:NextStepPathway,R-HSA-9856530,0.005504594630487554
R-HSA-418594,abstraction:NextStepPathway,R-HSA-4086398,0.008104516278267505
R-HSA-418594,abstraction:NextStepPathway,R-HSA-180024,0.015885271250961792
R-HSA-418594,abstraction:NextStepPathway,R-HSA-418597,0.008656425279288258
R-HSA-418594,abstraction:NextStepPathway,R-HSA-9634597,0.0064736691457022225
R-HSA-418594,abstraction:NextStepPathway,R-HSA-442720,0.0060193318272223845
R-HSA-418594,abstraction:NextStepPathway,R-HSA-392451,0.0017853492907597534
R-HSA-418594,abstraction:NextStepPathway,R-HSA-8964616,0.00048667582318178885
R-HSA-171319,abstraction:NextStepPathway,R-HSA-174430,0.008299171270782812
R-HSA-171319,abstraction:NextStepPathway,R-HSA-174417,0.010524291229191017
R-HSA-202733,abstraction:NextStepPathway,R-HSA-140875,0.002492748969699293
R-HSA-202733,abstraction:NextStepPathway,R-HSA-9918485,3.8694589226497854e-05
R-HSA-202733,abstraction:NextStepPathway,R-HSA-216083,0.007130024798134415
R-HSA-202733,abstraction:NextStepPathway,R-HSA-114604,0.0035855816745507764
R-HSA-202733,abstraction:NextStepPathway,R-HSA-1566977,0.003066467958902454
R-HSA-5655862,abstraction:NextStepPathway,R-HSA-5656169,0.01022714508073261
R-HSA-5655862,abstraction:NextStepPathway,R-HSA-110313,0.01409771120861358
R-HSA-2565942,abstraction:NextStepPathway,R-HSA-2980767,0.0019270332804994397
R-HSA-2565942,abstraction:NextStepPathway,R-HSA-156711,0.000874123926815349
R-HSA-2565942,abstraction:NextStepPathway,R-HSA-9648025,0.0024032484189722416
R-HSA-2565942,abstraction:NextStepPathway,R-HSA-2500257,0.0031112005873561574
R-HSA-2565942,abstraction:NextStepPathway,R-HSA-2299718,0.001360581537591239
R-HSA-2565942,abstraction:NextStepPathway,R-HSA-162658,0.001974461944375371
R-HSA-2565942,abstraction:NextStepPathway,R-HSA-68881,0.0019270332804994397
R-HSA-9694676,abstraction:NextStepPathway,R-HSA-9694301,0.009299240890081268
R-HSA-9694676,abstraction:NextStepPathway,R-HSA-9694271,0.005059007467865622
R-HSA-9694676,abstraction:NextStepPathway,R-HSA-9705671,0.0044529233078109305
R-HSA-6785470,abstraction:NextStepPathway,R-HSA-6787450,0.0031870142465886685
R-HSA-6785470,abstraction:NextStepPathway,R-HSA-9937008,0.004655014352442319
R-HSA-6785470,abstraction:NextStepPathway,R-HSA-6793080,0.0007355873170089866
R-HSA-156588,abstraction:NextStepPathway,R-HSA-9749641,0.0024793211989344627
R-HSA-156588,abstraction:NextStepPathway,R-HSA-189483,0.005372784725317736
R-HSA-5654710,abstraction:NextStepPathway,R-HSA-5654720,0.012643562270161661
R-HSA-5654710,abstraction:NextStepPathway,R-HSA-5654695,0.012643562270161661
R-HSA-5654710,abstraction:NextStepPathway,R-HSA-5654689,0.012643562270161661
R-HSA-5654710,abstraction:NextStepPathway,R-HSA-6811558,0.003056039163667174
R-HSA-5654710,abstraction:NextStepPathway,R-HSA-1257604,0.0024601359477499866
R-HSA-445144,abstraction:NextStepPathway,R-HSA-110056,0.003527604930531476
R-HSA-445144,abstraction:NextStepPathway,R-HSA-112411,0.0037411537068766155
R-HSA-186763,abstraction:NextStepPathway,R-HSA-9673767,0.008604580260748302
R-HSA-186763,abstraction:NextStepPathway,R-HSA-5673001,0.0015549183119549317
R-HSA-186763,abstraction:NextStepPathway,R-HSA-6811558,0.002689448784478161
R-HSA-186763,abstraction:NextStepPathway,R-HSA-1257604,0.0019839204910997166
R-HSA-167044,abstraction:NextStepPathway,R-HSA-171007,0.008085580706639684
R-HSA-8849474,abstraction:NextStepPathway,R-HSA-2586552,0.0038733358813055176
R-HSA-8849474,abstraction:NextStepPathway,R-HSA-9707564,0.003471675256250465
R-HSA-8849474,abstraction:NextStepPathway,R-HSA-8875791,0.003057532168449264
R-HSA-9034013,abstraction:NextStepPathway,R-HSA-9034864,0.0047524813027534
R-HSA-9034013,abstraction:NextStepPathway,R-HSA-9034793,0.00524644614586357
R-HSA-9034013,abstraction:NextStepPathway,R-HSA-9034015,0.004065345409267762
R-HSA-9034013,abstraction:NextStepPathway,R-HSA-9603381,0.004560142650126635
R-HSA-174437,abstraction:NextStepPathway,R-HSA-174414,0.021771760387925967
R-HSA-9026766,abstraction:NextStepPathway,R-HSA-9026395,0.019085000959724784
R-HSA-3000471,abstraction:NextStepPathway,R-HSA-5686938,0.0005742957715288105
R-HSA-416476,abstraction:NextStepPathway,R-HSA-418217,0.002747749306554442
R-HSA-416476,abstraction:NextStepPathway,R-HSA-8964315,0.0006863698824521218
R-HSA-416476,abstraction:NextStepPathway,R-HSA-114508,0.013284702424188003
R-HSA-416476,abstraction:NextStepPathway,R-HSA-426048,0.008394527588012833
R-HSA-416476,abstraction:NextStepPathway,R-HSA-4086398,0.007211052807741657
R-HSA-416476,abstraction:NextStepPathway,R-HSA-76005,0.005034399924333275
R-HSA-416476,abstraction:NextStepPathway,R-HSA-392451,0.001974001031022762
R-HSA-416476,abstraction:NextStepPathway,R-HSA-8964616,0.0005474520394877717
R-HSA-5358565,abstraction:NextStepPathway,R-HSA-5358606,0.02269972082734401
R-HSA-165054,abstraction:NextStepPathway,R-HSA-180746,0.030197677345623813
R-HSA-163282,abstraction:NextStepPathway,R-HSA-163316,5.480061644336163e-08
R-HSA-2129379,abstraction:NextStepPathway,R-HSA-2173789,0.0037175889688673197
R-HSA-2173796,abstraction:NextStepPathway,R-HSA-1181150,0.001901835317423162
R-HSA-2173796,abstraction:NextStepPathway,R-HSA-2559585,0.001642496548207022
R-HSA-2173796,abstraction:NextStepPathway,R-HSA-9617828,1.0529533287523736e-05
R-HSA-2173796,abstraction:NextStepPathway,R-HSA-9733458,0.00041713784217800744
R-HSA-2173796,abstraction:NextStepPathway,R-HSA-2559582,0.0017080701461214018
R-HSA-2173796,abstraction:NextStepPathway,R-HSA-1502540,0.0017546820078080162
R-HSA-2173796,abstraction:NextStepPathway,R-HSA-9823730,1.0071158916957348e-05
R-HSA-2173796,abstraction:NextStepPathway,R-HSA-69231,0.001642496548207022
R-HSA-2173796,abstraction:NextStepPathway,R-HSA-69202,0.0009723570827957903
R-HSA-2173796,abstraction:NextStepPathway,R-HSA-9796292,5.490260655133624e-06
R-HSA-2173796,abstraction:NextStepPathway,R-HSA-8948216,0.0
R-HSA-2173796,abstraction:NextStepPathway,R-HSA-8941855,0.001192404210870684
R-HSA-2173796,abstraction:NextStepPathway,R-HSA-9694614,0.00036647441503998165
R-HSA-2173796,abstraction:NextStepPathway,R-HSA-2173795,0.004684679628165758
R-HSA-2173796,abstraction:NextStepPathway,R-HSA-9754189,0.0003205691598453636
R-HSA-2173796,abstraction:NextStepPathway,R-HSA-1650814,6.863987239547492e-06
R-HSA-2173796,abstraction:NextStepPathway,R-HSA-2559580,0.0006806570116421503
R-HSA-400206,abstraction:NextStepPathway,R-HSA-1989781,0.12220333869063789
R-HSA-400206,abstraction:NextStepPathway,R-HSA-9707564,0.0013828684274634667
R-HSA-400206,abstraction:NextStepPathway,R-HSA-9933387,0.006827101428330318
R-HSA-400206,abstraction:NextStepPathway,R-HSA-2426168,0.005657078773856492
R-HSA-400206,abstraction:NextStepPathway,R-HSA-381340,0.026356043688631405
R-HSA-400206,abstraction:NextStepPathway,R-HSA-1368108,0.0023726568550754305
R-HSA-400206,abstraction:NextStepPathway,R-HSA-9707616,0.005790140638840936
R-HSA-400206,abstraction:NextStepPathway,R-HSA-2151201,0.004601924878026004
R-HSA-400206,abstraction:NextStepPathway,R-HSA-8951671,1.3632094535975281e-05
R-HSA-400206,abstraction:NextStepPathway,R-HSA-9931509,0.0077043304911236735
R-HSA-400206,abstraction:NextStepPathway,R-HSA-2032785,3.818937580357039e-05
R-HSA-1606322,abstraction:NextStepPathway,R-HSA-1810476,0.014156352791927281
R-HSA-1606322,abstraction:NextStepPathway,R-HSA-1606341,0.008397630544604288
R-HSA-9674555,abstraction:NextStepPathway,R-HSA-9705462,0.01652852395299855
R-HSA-351202,abstraction:NextStepPathway,R-HSA-351200,0.013965635742714208
R-HSA-351202,abstraction:NextStepPathway,R-HSA-1237112,0.0014806044655153896
R-HSA-198203,abstraction:NextStepPathway,R-HSA-199418,0.0032902236859352293
R-HSA-198203,abstraction:NextStepPathway,R-HSA-389357,0.0034652575288978893
R-HSA-198203,abstraction:NextStepPathway,R-HSA-5218920,0.0019298909750701133
R-HSA-198203,abstraction:NextStepPathway,R-HSA-114604,0.0030659600379961986
R-HSA-198203,abstraction:NextStepPathway,R-HSA-1660499,0.0030659600379961986
R-HSA-198203,abstraction:NextStepPathway,R-HSA-392451,0.005525088061780199
R-HSA-198203,abstraction:NextStepPathway,R-HSA-9006925,0.001989144532175136
R-HSA-198203,abstraction:NextStepPathway,R-HSA-6811558,0.0033718096217903296
R-HSA-198203,abstraction:NextStepPathway,R-HSA-202424,0.0024108102134031088
R-HSA-198203,abstraction:NextStepPathway,R-HSA-1257604,0.002087389358022913
R-HSA-201688,abstraction:NextStepPathway,R-HSA-201681,0.0050927322379727274
R-HSA-190371,abstraction:NextStepPathway,R-HSA-5654704,0.0019815341925484347
R-HSA-190371,abstraction:NextStepPathway,R-HSA-5654706,0.0018277211068822088
R-HSA-190371,abstraction:NextStepPathway,R-HSA-5654227,0.0021513277668081957
R-HSA-9013507,abstraction:NextStepPathway,R-HSA-9013508,0.00034986520985502484
R-HSA-354192,abstraction:NextStepPathway,R-HSA-392517,0.004802076947531916
R-HSA-354192,abstraction:NextStepPathway,R-HSA-354194,0.009997652036180148
R-HSA-354192,abstraction:NextStepPathway,R-HSA-372708,0.012116653401993877
R-HSA-1855167,abstraction:NextStepPathway,R-HSA-1855184,0.001722481354240824
R-HSA-1855167,abstraction:NextStepPathway,R-HSA-1855229,0.0010113045966263995
R-HSA-1855167,abstraction:NextStepPathway,R-HSA-5675482,0.0015409092172210081
R-HSA-5368286,abstraction:NextStepPathway,R-HSA-5389840,0.07483405266692979
R-HSA-9796292,abstraction:NextStepPathway,R-HSA-9823730,0.0027222183872367247
R-HSA-6811555,abstraction:NextStepPathway,R-HSA-8847453,0.0076807948549981325
R-HSA-389957,abstraction:NextStepPathway,R-HSA-389960,0.007806973561530749
R-HSA-389957,abstraction:NextStepPathway,R-HSA-390450,0.007806973561530749
R-HSA-210747,abstraction:NextStepPathway,R-HSA-210744,0.0029352987683457146
R-HSA-438066,abstraction:NextStepPathway,R-HSA-9620244,0.006808333071205253
R-HSA-9705677,abstraction:NextStepPathway,R-HSA-191650,0.003029574512462357
R-HSA-111885,abstraction:NextStepPathway,R-HSA-202040,0.002590484510475007
R-HSA-173623,abstraction:NextStepPathway,R-HSA-977606,0.0036726044177549187
R-HSA-173623,abstraction:NextStepPathway,R-HSA-166663,0.008219902955494771
R-HSA-380108,abstraction:NextStepPathway,R-HSA-376176,3.5255457788547833e-05
R-HSA-380108,abstraction:NextStepPathway,R-HSA-418594,2.2887276393108314e-05
R-HSA-5689603,abstraction:NextStepPathway,R-HSA-5689880,0.02052142767712896
R-HSA-5689603,abstraction:NextStepPathway,R-HSA-8951664,0.02052142767712896
R-HSA-8948216,abstraction:NextStepPathway,R-HSA-1650814,0.0
R-HSA-166663,abstraction:NextStepPathway,R-HSA-977606,0.006018677072027103
R-HSA-166663,abstraction:NextStepPathway,R-HSA-174577,0.0016863723878637322
R-HSA-180292,abstraction:NextStepPathway,R-HSA-5654720,0.009225825106060206
R-HSA-180292,abstraction:NextStepPathway,R-HSA-5654710,0.009225825106060206
R-HSA-180292,abstraction:NextStepPathway,R-HSA-5654695,0.009225825106060206
R-HSA-180292,abstraction:NextStepPathway,R-HSA-5654689,0.009225825106060206
R-HSA-180292,abstraction:NextStepPathway,R-HSA-6811558,0.004576162269656066
R-HSA-180292,abstraction:NextStepPathway,R-HSA-1257604,0.003253577200335654
R-HSA-8853884,abstraction:NextStepPathway,R-HSA-2559585,0.0028994804748606728
R-HSA-8853884,abstraction:NextStepPathway,R-HSA-2559582,0.020353873232768892
R-HSA-8853884,abstraction:NextStepPathway,R-HSA-69231,1.0843905066051614e-05
R-HSA-8853884,abstraction:NextStepPathway,R-HSA-2559580,0.0021696667471969282
R-HSA-73817,abstraction:NextStepPathway,R-HSA-499943,0.004717748408831243
R-HSA-73817,abstraction:NextStepPathway,R-HSA-74259,0.004309647309503421
R-HSA-73817,abstraction:NextStepPathway,R-HSA-379716,0.004152163702653906
R-HSA-73817,abstraction:NextStepPathway,R-HSA-74217,0.005770654998358504
R-HSA-73817,abstraction:NextStepPathway,R-HSA-71737,0.0018403994945874814
R-HSA-211897,abstraction:NextStepPathway,R-HSA-6807062,0.004043278841520296
R-HSA-211897,abstraction:NextStepPathway,R-HSA-9969901,0.003600429613634685
R-HSA-4641257,abstraction:NextStepPathway,R-HSA-5689880,0.02451274665053147
R-HSA-4641257,abstraction:NextStepPathway,R-HSA-201681,0.027134179832813278
R-HSA-2022928,abstraction:NextStepPathway,R-HSA-2022854,0.006403911866712017
R-HSA-2022928,abstraction:NextStepPathway,R-HSA-2024096,0.0009564735764784904
R-HSA-77310,abstraction:NextStepPathway,R-HSA-611105,0.0020033237977158938
R-HSA-77310,abstraction:NextStepPathway,R-HSA-77346,0.011891901566829734
R-HSA-9025094,abstraction:NextStepPathway,R-HSA-9027604,0.007885105723878771
R-HSA-9025094,abstraction:NextStepPathway,R-HSA-9026403,0.002933946986460986
R-HSA-9700645,abstraction:NextStepPathway,R-HSA-9725371,0.0
R-HSA-418555,abstraction:NextStepPathway,R-HSA-418217,1.2070404568511055e-06
R-HSA-418555,abstraction:NextStepPathway,R-HSA-8964315,8.04648303792412e-07
R-HSA-418555,abstraction:NextStepPathway,R-HSA-9660821,0.009043837077898442
R-HSA-418555,abstraction:NextStepPathway,R-HSA-163615,0.003060634000302168
R-HSA-418555,abstraction:NextStepPathway,R-HSA-432040,0.006059449770116759
R-HSA-418555,abstraction:NextStepPathway,R-HSA-9664323,0.0040124030751186816
R-HSA-418555,abstraction:NextStepPathway,R-HSA-418594,0.007981713198768392
R-HSA-418555,abstraction:NextStepPathway,R-HSA-9856530,0.0038756149148755684
R-HSA-418555,abstraction:NextStepPathway,R-HSA-4086398,0.003598308667874729
R-HSA-418555,abstraction:NextStepPathway,R-HSA-163359,0.005261767421760652
R-HSA-418555,abstraction:NextStepPathway,R-HSA-164378,0.004970638392128883
R-HSA-418555,abstraction:NextStepPathway,R-HSA-180024,0.004135184681950415
R-HSA-418555,abstraction:NextStepPathway,R-HSA-418597,0.008589879148525853
R-HSA-418555,abstraction:NextStepPathway,R-HSA-9634597,0.013466753214349095
R-HSA-418555,abstraction:NextStepPathway,R-HSA-442720,0.0031844499164802326
R-HSA-418555,abstraction:NextStepPathway,R-HSA-392451,0.0012855346988197105
R-HSA-418555,abstraction:NextStepPathway,R-HSA-8964616,0.0006139239263860985
R-HSA-203927,abstraction:NextStepPathway,R-HSA-5578749,0.013048025150646403
R-HSA-203927,abstraction:NextStepPathway,R-HSA-426496,0.0
R-HSA-9939291,abstraction:NextStepPathway,R-HSA-8932506,0.0038470810156427645
R-HSA-9939291,abstraction:NextStepPathway,R-HSA-8932504,0.003742269248801805
R-HSA-8932505,abstraction:NextStepPathway,R-HSA-9939291,0.0017802735229427694
R-HSA-9851151,abstraction:NextStepPathway,R-HSA-201556,0.005512073319245641
R-HSA-6787639,abstraction:NextStepPathway,R-HSA-727802,0.002377123312515302
R-HSA-6787639,abstraction:NextStepPathway,R-HSA-975578,0.0008406619156907649
R-HSA-9707587,abstraction:NextStepPathway,R-HSA-917937,4.4880218129470125e-06
R-HSA-9707587,abstraction:NextStepPathway,R-HSA-9707564,0.004149581249249501
R-HSA-9707587,abstraction:NextStepPathway,R-HSA-189483,3.0198147002132484e-06
R-HSA-9938206,abstraction:NextStepPathway,R-HSA-9927418,9.134464176376334e-08
R-HSA-9938206,abstraction:NextStepPathway,R-HSA-9927432,5.480061644336163e-08
R-HSA-9755511,abstraction:NextStepPathway,R-HSA-9818028,0.0066800271381619765
R-HSA-9755511,abstraction:NextStepPathway,R-HSA-9762114,0.026731201650019156
R-HSA-9755511,abstraction:NextStepPathway,R-HSA-9818025,0.0026588249146008817
R-HSA-9755511,abstraction:NextStepPathway,R-HSA-9679191,0.0005767874674813336
R-HSA-9755511,abstraction:NextStepPathway,R-HSA-9759194,0.09664989632329885
R-HSA-9755511,abstraction:NextStepPathway,R-HSA-8951664,0.028729119511794493
R-HSA-9755511,abstraction:NextStepPathway,R-HSA-9818027,0.02531263144667772
R-HSA-9648002,abstraction:NextStepPathway,R-HSA-5673001,0.0224673352130393
R-HSA-8847993,abstraction:NextStepPathway,R-HSA-8849469,0.003603600298472779
R-HSA-8847993,abstraction:NextStepPathway,R-HSA-8849474,0.003603600298472779
R-HSA-8847993,abstraction:NextStepPathway,R-HSA-8849470,0.004014433382901585
R-HSA-8847993,abstraction:NextStepPathway,R-HSA-8849472,0.003603600298472779
R-HSA-8847993,abstraction:NextStepPathway,R-HSA-187577,0.002649970144015069
R-HSA-8847993,abstraction:NextStepPathway,R-HSA-8849471,0.0031988144468309073
R-HSA-8847993,abstraction:NextStepPathway,R-HSA-8849468,0.003603600298472779
R-HSA-391908,abstraction:NextStepPathway,R-HSA-9660821,2.8530041727776e-06
R-HSA-391908,abstraction:NextStepPathway,R-HSA-416482,2.1942475962781935e-06
R-HSA-391908,abstraction:NextStepPathway,R-HSA-392851,0.0016280607374037468
R-HSA-391908,abstraction:NextStepPathway,R-HSA-418555,4.830611706050247e-06
R-HSA-391908,abstraction:NextStepPathway,R-HSA-428930,0.0014948653508074952
R-HSA-190322,abstraction:NextStepPathway,R-HSA-5654712,0.001658110355654367
R-HSA-190322,abstraction:NextStepPathway,R-HSA-5654228,0.0019815341925484347
R-HSA-190322,abstraction:NextStepPathway,R-HSA-5654719,0.0018118137351467894
R-HSA-444209,abstraction:NextStepPathway,R-HSA-418594,5.275714955946786e-06
R-HSA-444209,abstraction:NextStepPathway,R-HSA-416476,3.6239819891251366e-06
R-HSA-9830364,abstraction:NextStepPathway,R-HSA-9761174,0.008340745531192297
R-HSA-9830364,abstraction:NextStepPathway,R-HSA-9830674,0.002605399829073061
R-HSA-9931510,abstraction:NextStepPathway,R-HSA-9931530,0.003659793334143014
R-HSA-9931510,abstraction:NextStepPathway,R-HSA-9933387,0.001442768356424233
R-HSA-9931510,abstraction:NextStepPathway,R-HSA-9931512,2.2690524104856006e-06
R-HSA-9931510,abstraction:NextStepPathway,R-HSA-9707616,0.002857007354857152
R-HSA-9931510,abstraction:NextStepPathway,R-HSA-9931509,0.0027152982607463612
R-HSA-70221,abstraction:NextStepPathway,R-HSA-3322077,0.006235333763687113
R-HSA-70221,abstraction:NextStepPathway,R-HSA-173599,0.001487516025633127
R-HSA-70221,abstraction:NextStepPathway,R-HSA-70370,0.006235333763687113
R-HSA-70221,abstraction:NextStepPathway,R-HSA-70263,0.0051932015931632595
R-HSA-9636383,abstraction:NextStepPathway,R-HSA-9636569,0.0005298313409539872
R-HSA-9033241,abstraction:NextStepPathway,R-HSA-8866654,0.0025854734930493297
R-HSA-9033241,abstraction:NextStepPathway,R-HSA-9033500,0.007992680389553038
R-HSA-1482839,abstraction:NextStepPathway,R-HSA-1483101,0.001366467298394688
R-HSA-1482839,abstraction:NextStepPathway,R-HSA-1483152,0.004331953236942721
R-HSA-1482839,abstraction:NextStepPathway,R-HSA-1483191,0.002154291768099427
R-HSA-417973,abstraction:NextStepPathway,R-HSA-9660821,0.0010659417925676154
R-HSA-417973,abstraction:NextStepPathway,R-HSA-418594,8.790377847133074e-07
R-HSA-417973,abstraction:NextStepPathway,R-HSA-418555,0.000977883353719028
R-HSA-8985801,abstraction:NextStepPathway,R-HSA-376176,0.001296115595236452
R-HSA-8985801,abstraction:NextStepPathway,R-HSA-428542,2.9236867855765244e-07
R-HSA-8985801,abstraction:NextStepPathway,R-HSA-373752,1.17105787919255e-06
R-HSA-3270619,abstraction:NextStepPathway,R-HSA-1606341,0.005494338749605119
R-HSA-3270619,abstraction:NextStepPathway,R-HSA-3134973,0.0025174522655084493
R-HSA-2855086,abstraction:NextStepPathway,R-HSA-166662,0.007153990654313292
R-HSA-179419,abstraction:NextStepPathway,R-HSA-176409,0.05289129735656775
R-HSA-1482801,abstraction:NextStepPathway,R-HSA-1483213,0.001074592461441521
R-HSA-1482801,abstraction:NextStepPathway,R-HSA-1483248,0.0012979373754027344
R-HSA-72702,abstraction:NextStepPathway,R-HSA-72706,0.043031410670865404
R-HSA-9633012,abstraction:NextStepPathway,R-HSA-380994,0.002487556615597195
R-HSA-9633012,abstraction:NextStepPathway,R-HSA-9648895,0.008871898130492757
R-HSA-9633012,abstraction:NextStepPathway,R-HSA-9909649,0.00017233442493578432
R-HSA-9633012,abstraction:NextStepPathway,R-HSA-381183,0.0010098366183887981
R-HSA-9633012,abstraction:NextStepPathway,R-HSA-381042,0.005627289484370006
R-HSA-110056,abstraction:NextStepPathway,R-HSA-445144,0.003527604930531476
R-HSA-110056,abstraction:NextStepPathway,R-HSA-112409,0.006853622762801898
R-HSA-110056,abstraction:NextStepPathway,R-HSA-5673001,0.001574278254782079
R-HSA-110056,abstraction:NextStepPathway,R-HSA-170968,0.0015263003807266797
R-HSA-9856530,abstraction:NextStepPathway,R-HSA-2514859,0.003795044829918157
R-HSA-9856530,abstraction:NextStepPathway,R-HSA-111932,0.002461744944823695
R-HSA-9856530,abstraction:NextStepPathway,R-HSA-2871809,0.0037590869925863677
R-HSA-9856530,abstraction:NextStepPathway,R-HSA-9660821,0.004646592986075195
R-HSA-9856530,abstraction:NextStepPathway,R-HSA-163615,0.0044868223952649515
R-HSA-9856530,abstraction:NextStepPathway,R-HSA-9856532,0.005558164987313048
R-HSA-9856530,abstraction:NextStepPathway,R-HSA-442729,0.002461744944823695
R-HSA-9856530,abstraction:NextStepPathway,R-HSA-432040,0.004154018731841649
R-HSA-9856530,abstraction:NextStepPathway,R-HSA-5607763,0.0016043190202835202
R-HSA-9856530,abstraction:NextStepPathway,R-HSA-392517,0.005109349480621111
R-HSA-9856530,abstraction:NextStepPathway,R-HSA-163358,0.001179409549624697
R-HSA-9856530,abstraction:NextStepPathway,R-HSA-9664323,0.005651373003434986
R-HSA-9856530,abstraction:NextStepPathway,R-HSA-5627123,0.0019244057690741539
R-HSA-9856530,abstraction:NextStepPathway,R-HSA-418594,0.005504594630487554
R-HSA-9856530,abstraction:NextStepPathway,R-HSA-418555,0.0038756149148755684
R-HSA-9856530,abstraction:NextStepPathway,R-HSA-4086398,0.004975717219139081
R-HSA-9856530,abstraction:NextStepPathway,R-HSA-163359,0.0044868223952649515
R-HSA-9856530,abstraction:NextStepPathway,R-HSA-163560,0.0010449023279145027
R-HSA-9856530,abstraction:NextStepPathway,R-HSA-9860927,0.006153829474539938
R-HSA-9856530,abstraction:NextStepPathway,R-HSA-111933,0.004154018731841649
R-HSA-9856530,abstraction:NextStepPathway,R-HSA-111997,0.004154018731841649
R-HSA-9856530,abstraction:NextStepPathway,R-HSA-445355,0.0046567110804037175
R-HSA-9856530,abstraction:NextStepPathway,R-HSA-9634600,0.000917312903619531
R-HSA-9856530,abstraction:NextStepPathway,R-HSA-164378,0.004336565683918251
R-HSA-9856530,abstraction:NextStepPathway,R-HSA-180024,0.003364459321183067
R-HSA-9856530,abstraction:NextStepPathway,R-HSA-9620244,0.0021658412916264035
R-HSA-9856530,abstraction:NextStepPathway,R-HSA-5218920,0.014010325931610985
R-HSA-9856530,abstraction:NextStepPathway,R-HSA-418597,0.005109349480621111
R-HSA-9856530,abstraction:NextStepPathway,R-HSA-9634597,0.004646592986075195
R-HSA-9856530,abstraction:NextStepPathway,R-HSA-442720,0.004750342398473693
R-HSA-9856530,abstraction:NextStepPathway,R-HSA-111931,0.005109349480621111
R-HSA-9856530,abstraction:NextStepPathway,R-HSA-442982,0.002461744944823695
R-HSA-9856530,abstraction:NextStepPathway,R-HSA-983695,0.0027960323875768937
R-HSA-9856530,abstraction:NextStepPathway,R-HSA-2025928,0.0016652332396836834
R-HSA-9856530,abstraction:NextStepPathway,R-HSA-111957,0.0019177247369714947
R-HSA-9856530,abstraction:NextStepPathway,R-HSA-203615,0.005874564760824962
R-HSA-9856530,abstraction:NextStepPathway,R-HSA-5218921,0.004655014352442319
R-HSA-4086398,abstraction:NextStepPathway,R-HSA-5578775,0.00406174470523841
R-HSA-4086398,abstraction:NextStepPathway,R-HSA-418217,0.0028139365121735028
R-HSA-4086398,abstraction:NextStepPathway,R-HSA-2871809,0.007930868229985177
R-HSA-4086398,abstraction:NextStepPathway,R-HSA-8964315,1.0610915768408787e-06
R-HSA-4086398,abstraction:NextStepPathway,R-HSA-5607763,0.006820688325543642
R-HSA-4086398,abstraction:NextStepPathway,R-HSA-114508,0.0041355004374444265
R-HSA-4086398,abstraction:NextStepPathway,R-HSA-9664323,0.004557788757633435
R-HSA-4086398,abstraction:NextStepPathway,R-HSA-426048,0.0010996589650145085
R-HSA-4086398,abstraction:NextStepPathway,R-HSA-112043,0.006392810089528949
R-HSA-4086398,abstraction:NextStepPathway,R-HSA-1489509,0.005158677860568402
R-HSA-4086398,abstraction:NextStepPathway,R-HSA-76005,0.005200433834374875
R-HSA-4086398,abstraction:NextStepPathway,R-HSA-422356,0.006654965803977597
R-HSA-4086398,abstraction:NextStepPathway,R-HSA-2029485,0.0053719863930148225
R-HSA-4086398,abstraction:NextStepPathway,R-HSA-8964616,0.0005685523900712124
R-HSA-4086398,abstraction:NextStepPathway,R-HSA-983695,0.004018174469586181
R-HSA-4086398,abstraction:NextStepPathway,R-HSA-5218921,0.006206508821773309
R-HSA-163765,abstraction:NextStepPathway,R-HSA-199220,0.00033367489242143596
R-HSA-163765,abstraction:NextStepPathway,R-HSA-1483166,9.487345699789849e-06
R-HSA-163765,abstraction:NextStepPathway,R-HSA-70171,1.7724681091263695e-05
R-HSA-163765,abstraction:NextStepPathway,R-HSA-200425,6.662643769250864e-06
R-HSA-163765,abstraction:NextStepPathway,R-HSA-196780,0.0010853232483720068
R-HSA-163765,abstraction:NextStepPathway,R-HSA-70268,1.901446625270064e-05
R-HSA-163765,abstraction:NextStepPathway,R-HSA-75105,0.001293478824718652
R-HSA-5654693,abstraction:NextStepPathway,R-HSA-5654726,0.00440056075315956
R-HSA-5654693,abstraction:NextStepPathway,R-HSA-5673001,0.0020007367600065416
R-HSA-5654693,abstraction:NextStepPathway,R-HSA-5654689,0.0047562540714767825
R-HSA-9918485,abstraction:NextStepPathway,R-HSA-9918487,0.0008320092089511527
R-HSA-434316,abstraction:NextStepPathway,R-HSA-2871809,0.0019229126316164715
R-HSA-434316,abstraction:NextStepPathway,R-HSA-2179392,0.002458893971346936
R-HSA-434316,abstraction:NextStepPathway,R-HSA-5607763,0.0014280141617335129
R-HSA-434316,abstraction:NextStepPathway,R-HSA-9664323,0.0020178926632486074
R-HSA-434316,abstraction:NextStepPathway,R-HSA-112043,0.004486718540315119
R-HSA-434316,abstraction:NextStepPathway,R-HSA-4086398,0.004593276649809531
R-HSA-434316,abstraction:NextStepPathway,R-HSA-1489509,0.003767623084901954
R-HSA-434316,abstraction:NextStepPathway,R-HSA-399997,0.00804083989319774
R-HSA-434316,abstraction:NextStepPathway,R-HSA-422356,0.008858110248955
R-HSA-434316,abstraction:NextStepPathway,R-HSA-2029485,0.0038899644130101626
R-HSA-434316,abstraction:NextStepPathway,R-HSA-983695,0.001808434652396885
R-HSA-434316,abstraction:NextStepPathway,R-HSA-5218921,0.004900147622943103
R-HSA-9907900,abstraction:NextStepPathway,R-HSA-1236974,0.027213596821398407
R-HSA-9907900,abstraction:NextStepPathway,R-HSA-9912633,0.015430013489085048
R-HSA-8850843,abstraction:NextStepPathway,R-HSA-9660826,0.004975382596914028
R-HSA-8850843,abstraction:NextStepPathway,R-HSA-196807,0.0012403414567895984
R-HSA-168275,abstraction:NextStepPathway,R-HSA-168288,0.01865645858437153
R-HSA-1483196,abstraction:NextStepPathway,R-HSA-1482788,0.0007699303912485405
R-HSA-1483196,abstraction:NextStepPathway,R-HSA-1483166,0.000583326774680844
R-HSA-1483196,abstraction:NextStepPathway,R-HSA-1660514,0.0007323952524471236
R-HSA-1483196,abstraction:NextStepPathway,R-HSA-1483101,0.0008392358023096327
R-HSA-1483196,abstraction:NextStepPathway,R-HSA-1483148,0.0007216025209094985
R-HSA-194002,abstraction:NextStepPathway,R-HSA-193048,0.010374167540358727
R-HSA-194002,abstraction:NextStepPathway,R-HSA-211976,0.006346549212206422
R-HSA-2172127,abstraction:NextStepPathway,R-HSA-2424491,0.015192341846873195
R-HSA-2172127,abstraction:NextStepPathway,R-HSA-391160,0.003352987911142209
R-HSA-2534343,abstraction:NextStepPathway,R-HSA-1300645,4.386518168917757e-07
R-HSA-210455,abstraction:NextStepPathway,R-HSA-210500,0.0029908182024363725
R-HSA-210455,abstraction:NextStepPathway,R-HSA-5628897,0.004724440618158354
R-HSA-210455,abstraction:NextStepPathway,R-HSA-8964539,0.006974706237227064
R-HSA-1169408,abstraction:NextStepPathway,R-HSA-9833482,0.002233632079638788
R-HSA-1169408,abstraction:NextStepPathway,R-HSA-9705671,0.01931166272389512
R-HSA-1679131,abstraction:NextStepPathway,R-HSA-168138,0.0014959190465469886
R-HSA-187042,abstraction:NextStepPathway,R-HSA-187706,0.0018854379707452385
R-HSA-187042,abstraction:NextStepPathway,R-HSA-167044,0.004076202436261803
R-HSA-187042,abstraction:NextStepPathway,R-HSA-198203,0.004470556219557192
R-HSA-187042,abstraction:NextStepPathway,R-HSA-187687,0.005013613350546259
R-HSA-187042,abstraction:NextStepPathway,R-HSA-167021,0.0048403392530138815
R-HSA-187042,abstraction:NextStepPathway,R-HSA-177504,0.0015997965897305562
R-HSA-187042,abstraction:NextStepPathway,R-HSA-170984,0.004006769029513911
R-HSA-187042,abstraction:NextStepPathway,R-HSA-170968,0.003944136406087814
R-HSA-187042,abstraction:NextStepPathway,R-HSA-198745,0.0048403392530138815
R-HSA-163359,abstraction:NextStepPathway,R-HSA-9660821,0.005897493781403643
R-HSA-163359,abstraction:NextStepPathway,R-HSA-432040,0.005494338749605119
R-HSA-163359,abstraction:NextStepPathway,R-HSA-418594,0.004419632214201864
R-HSA-163359,abstraction:NextStepPathway,R-HSA-416476,0.0018914185461976715
R-HSA-163359,abstraction:NextStepPathway,R-HSA-418555,0.005261767421760652
R-HSA-163359,abstraction:NextStepPathway,R-HSA-9856530,0.004486822395264951
R-HSA-163359,abstraction:NextStepPathway,R-HSA-164378,0.006025489293448761
R-HSA-163359,abstraction:NextStepPathway,R-HSA-418597,0.006261352427259186
R-HSA-163359,abstraction:NextStepPathway,R-HSA-9634597,0.005897493781403643
R-HSA-163359,abstraction:NextStepPathway,R-HSA-381676,0.0047029181264595914
R-HSA-9725370,abstraction:NextStepPathway,R-HSA-9725371,0.041589014663645035
R-HSA-176408,abstraction:NextStepPathway,R-HSA-176417,0.00485171063948617
R-HSA-176408,abstraction:NextStepPathway,R-HSA-176407,0.014653142476373686
R-HSA-9023661,abstraction:NextStepPathway,R-HSA-373076,0.00027403084460803345
R-HSA-196807,abstraction:NextStepPathway,R-HSA-561048,0.0004108425739577337
R-HSA-1483101,abstraction:NextStepPathway,R-HSA-1483213,0.002076699943600015
R-HSA-1483101,abstraction:NextStepPathway,R-HSA-1482801,0.0005916350029643302
R-HSA-6783783,abstraction:NextStepPathway,R-HSA-8854691,0.004953200915791278
R-HSA-6783783,abstraction:NextStepPathway,R-HSA-9909649,2.5602440830130447e-06
R-HSA-190861,abstraction:NextStepPathway,R-HSA-190827,0.0012730810622957652
R-HSA-190861,abstraction:NextStepPathway,R-HSA-190704,0.004014433382901585
R-HSA-177128,abstraction:NextStepPathway,R-HSA-9749641,0.004917762334406394
R-HSA-167021,abstraction:NextStepPathway,R-HSA-1489509,0.0023663282352862714
R-HSA-167021,abstraction:NextStepPathway,R-HSA-2029485,0.002436022405867583
R-HSA-167021,abstraction:NextStepPathway,R-HSA-5218921,0.002411660171457142
R-HSA-74259,abstraction:NextStepPathway,R-HSA-3299685,0.0033129886785806294
R-HSA-74259,abstraction:NextStepPathway,R-HSA-9734281,1.2283096136622891e-06
R-HSA-611105,abstraction:NextStepPathway,R-HSA-9707564,0.008787123771119638
R-HSA-611105,abstraction:NextStepPathway,R-HSA-163210,0.00024850558710232573
R-HSA-611105,abstraction:NextStepPathway,R-HSA-5628897,0.009732801231993396
R-HSA-611105,abstraction:NextStepPathway,R-HSA-166187,0.0008007744935890046
R-HSA-611105,abstraction:NextStepPathway,R-HSA-167826,0.0003318018977954882
R-HSA-389887,abstraction:NextStepPathway,R-HSA-390918,0.022931720158287632
R-HSA-196299,abstraction:NextStepPathway,R-HSA-195253,0.006865026911029156
R-HSA-6807047,abstraction:NextStepPathway,R-HSA-191273,0.02737254261199138
R-HSA-6807047,abstraction:NextStepPathway,R-HSA-9969901,0.008652586774376726
R-HSA-168249,abstraction:NextStepPathway,R-HSA-1222499,0.0035938636107331625
R-HSA-211736,abstraction:NextStepPathway,R-HSA-211728,0.0010481133668297968
R-HSA-211736,abstraction:NextStepPathway,R-HSA-211733,0.0005474520394877717
R-HSA-5654706,abstraction:NextStepPathway,R-HSA-5654710,0.0047562540714767825
R-HSA-5654706,abstraction:NextStepPathway,R-HSA-5673001,0.0020007367600065416
R-HSA-5654706,abstraction:NextStepPathway,R-HSA-5654732,0.004558557781841063
R-HSA-193368,abstraction:NextStepPathway,R-HSA-211994,0.005367794545611649
R-HSA-193368,abstraction:NextStepPathway,R-HSA-159418,0.008785489180296875
R-HSA-1474151,abstraction:NextStepPathway,R-HSA-9009391,0.010096112020755655
R-HSA-1474151,abstraction:NextStepPathway,R-HSA-5218920,0.011851169267327545
R-HSA-1474151,abstraction:NextStepPathway,R-HSA-203615,0.015425656104596671
R-HSA-1483152,abstraction:NextStepPathway,R-HSA-1483166,0.001763364377884877
R-HSA-1483152,abstraction:NextStepPathway,R-HSA-1483213,0.0011772227667682287
R-HSA-9701898,abstraction:NextStepPathway,R-HSA-9725371,0.0007418608268441927
R-HSA-1483248,abstraction:NextStepPathway,R-HSA-1482922,0.0014011721201033095
R-HSA-1483248,abstraction:NextStepPathway,R-HSA-1483196,0.0007699303912485405
R-HSA-2468052,abstraction:NextStepPathway,R-HSA-2500257,0.0067337265081174845
R-HSA-352230,abstraction:NextStepPathway,R-HSA-442660,0.005715645091868945
R-HSA-352230,abstraction:NextStepPathway,R-HSA-428559,0.0025794125090905597
R-HSA-352230,abstraction:NextStepPathway,R-HSA-71240,0.00249907362630618
R-HSA-352230,abstraction:NextStepPathway,R-HSA-888590,0.002171819828015315
R-HSA-69416,abstraction:NextStepPathway,R-HSA-140534,0.009753369889534486
R-HSA-399955,abstraction:NextStepPathway,R-HSA-416550,0.008115495273133627
R-HSA-112409,abstraction:NextStepPathway,R-HSA-375165,0.0019905054979817045
R-HSA-112409,abstraction:NextStepPathway,R-HSA-2559585,0.0012285532294981777
R-HSA-112409,abstraction:NextStepPathway,R-HSA-444257,0.002204762469546145
R-HSA-112409,abstraction:NextStepPathway,R-HSA-450341,0.001659041677568413
R-HSA-112409,abstraction:NextStepPathway,R-HSA-881907,0.0012747598020474888
R-HSA-112409,abstraction:NextStepPathway,R-HSA-2559582,0.0008910684810330856
R-HSA-112409,abstraction:NextStepPathway,R-HSA-8940973,0.0011358789826674794
R-HSA-112409,abstraction:NextStepPathway,R-HSA-2871796,0.0011523805865699351
R-HSA-112409,abstraction:NextStepPathway,R-HSA-198753,0.0033905389292917688
R-HSA-112409,abstraction:NextStepPathway,R-HSA-5654733,0.0032434003290843206
R-HSA-112409,abstraction:NextStepPathway,R-HSA-9634638,0.0020190867100059948
R-HSA-112409,abstraction:NextStepPathway,R-HSA-5654726,0.0031239289910252174
R-HSA-112409,abstraction:NextStepPathway,R-HSA-5675221,0.004931417225646016
R-HSA-112409,abstraction:NextStepPathway,R-HSA-5673001,0.004098989457512706
R-HSA-112409,abstraction:NextStepPathway,R-HSA-5654727,0.0032434003290843206
R-HSA-112409,abstraction:NextStepPathway,R-HSA-5654732,0.0032434003290843206
R-HSA-112409,abstraction:NextStepPathway,R-HSA-170968,0.001300635874258711
R-HSA-112409,abstraction:NextStepPathway,R-HSA-2559580,0.0009565894312185975
R-HSA-9025046,abstraction:NextStepPathway,R-HSA-9026527,0.002291380387706032
R-HSA-888593,abstraction:NextStepPathway,R-HSA-916853,0.0007149756576827922
R-HSA-888593,abstraction:NextStepPathway,R-HSA-442660,0.002669571234266243
R-HSA-888593,abstraction:NextStepPathway,R-HSA-888590,0.00376406499826066
R-HSA-72086,abstraction:NextStepPathway,R-HSA-111367,0.000999564823899966
R-HSA-72086,abstraction:NextStepPathway,R-HSA-113418,0.02392144853021036
R-HSA-72086,abstraction:NextStepPathway,R-HSA-77595,0.0007794820333431571
R-HSA-72086,abstraction:NextStepPathway,R-HSA-72203,0.006493262379366482
R-HSA-72086,abstraction:NextStepPathway,R-HSA-77588,0.0009658374415591744
R-HSA-72086,abstraction:NextStepPathway,R-HSA-77075,0.025545467935556503
R-HSA-9730737,abstraction:NextStepPathway,R-HSA-110330,0.0
R-HSA-1483191,abstraction:NextStepPathway,R-HSA-1482788,0.001573391406564176
R-HSA-1483191,abstraction:NextStepPathway,R-HSA-1483166,0.0027228035640291656
R-HSA-1483191,abstraction:NextStepPathway,R-HSA-1483213,0.008330714664615255
R-HSA-1483191,abstraction:NextStepPathway,R-HSA-264642,0.004859706462217375
R-HSA-1483191,abstraction:NextStepPathway,R-HSA-9958517,0.0011536621162396377
R-HSA-1483191,abstraction:NextStepPathway,R-HSA-1482839,0.002154291768099427
R-HSA-1483191,abstraction:NextStepPathway,R-HSA-1483196,0.0005747405450259068
R-HSA-1483191,abstraction:NextStepPathway,R-HSA-1483101,0.0018070117454738943
R-HSA-1483191,abstraction:NextStepPathway,R-HSA-6798163,0.0006965612187061774
R-HSA-1483191,abstraction:NextStepPathway,R-HSA-1483148,0.0053968596583700065
R-HSA-392154,abstraction:NextStepPathway,R-HSA-1222556,0.003918160836733732
R-HSA-392154,abstraction:NextStepPathway,R-HSA-445355,0.004637854752950926
R-HSA-392154,abstraction:NextStepPathway,R-HSA-3299685,0.0032981566384101286
R-HSA-392154,abstraction:NextStepPathway,R-HSA-418457,0.005271535682157897
R-HSA-8964539,abstraction:NextStepPathway,R-HSA-71064,0.006391684758055673
R-HSA-8964539,abstraction:NextStepPathway,R-HSA-9856872,0.006080114906769804
R-HSA-8964539,abstraction:NextStepPathway,R-HSA-210500,0.0027703566893030576
R-HSA-8964539,abstraction:NextStepPathway,R-HSA-70635,0.005825469905389207
R-HSA-8964539,abstraction:NextStepPathway,R-HSA-210455,0.006974706237227065
R-HSA-8964539,abstraction:NextStepPathway,R-HSA-8963693,0.008472953626886484
R-HSA-167172,abstraction:NextStepPathway,R-HSA-167161,0.039621654030829435
R-HSA-428930,abstraction:NextStepPathway,R-HSA-416482,0.0037845269429272774
R-HSA-428930,abstraction:NextStepPathway,R-HSA-416476,0.001974001031022762
R-HSA-5625900,abstraction:NextStepPathway,R-HSA-5627117,0.005504036341992631
R-HSA-5625900,abstraction:NextStepPathway,R-HSA-5627123,0.004875305264056552
R-HSA-5625900,abstraction:NextStepPathway,R-HSA-5625740,0.004499535044560473
R-HSA-6804756,abstraction:NextStepPathway,R-HSA-6804754,0.00044551823826058834
R-HSA-6804756,abstraction:NextStepPathway,R-HSA-69541,0.0016134847139181558
R-HSA-6804756,abstraction:NextStepPathway,R-HSA-5620971,2.047347207657889e-05
R-HSA-6804756,abstraction:NextStepPathway,R-HSA-6804115,0.001511189113223078
R-HSA-6804756,abstraction:NextStepPathway,R-HSA-111448,0.00044551823826058834
R-HSA-6804756,abstraction:NextStepPathway,R-HSA-6804757,0.002019167231018119
R-HSA-6804756,abstraction:NextStepPathway,R-HSA-69895,0.0003740578905607419
R-HSA-6804756,abstraction:NextStepPathway,R-HSA-6803204,0.0019862700319478
R-HSA-6804756,abstraction:NextStepPathway,R-HSA-6804759,0.0014458207012973245
R-HSA-6804756,abstraction:NextStepPathway,R-HSA-6796648,0.001395990647350683
R-HSA-6804756,abstraction:NextStepPathway,R-HSA-9758274,0.00023707057664968498
R-HSA-6804756,abstraction:NextStepPathway,R-HSA-6804760,0.0024041477945527315
R-HSA-6804756,abstraction:NextStepPathway,R-HSA-6811555,0.0018962243683994507
R-HSA-6804756,abstraction:NextStepPathway,R-HSA-6804758,0.001456682506163314
R-HSA-6804756,abstraction:NextStepPathway,R-HSA-6803207,0.0017123648633319598
R-HSA-6804756,abstraction:NextStepPathway,R-HSA-6803211,0.0003740578905607419
R-HSA-6804756,abstraction:NextStepPathway,R-HSA-69473,0.016633785882305983
R-HSA-6804756,abstraction:NextStepPathway,R-HSA-2559586,0.0044103234725498715
R-HSA-6804756,abstraction:NextStepPathway,R-HSA-6803205,0.00015827302173741678
R-HSA-6804756,abstraction:NextStepPathway,R-HSA-6804114,0.0006342087044543723
R-HSA-6804756,abstraction:NextStepPathway,R-HSA-6804116,0.0006754201162262668
R-HSA-3928663,abstraction:NextStepPathway,R-HSA-4420097,0.003171629091492029
R-HSA-174430,abstraction:NextStepPathway,R-HSA-174411,0.011795354246276112
R-HSA-9768919,abstraction:NextStepPathway,R-HSA-9768778,0.0017884206442572307
R-HSA-1368108,abstraction:NextStepPathway,R-HSA-1989781,0.0023726568550754305
R-HSA-1368108,abstraction:NextStepPathway,R-HSA-400206,0.0023726568550754305
R-HSA-1368108,abstraction:NextStepPathway,R-HSA-196807,0.0001627925675819755
R-HSA-1368108,abstraction:NextStepPathway,R-HSA-159740,0.00037298309462234687
R-HSA-140834,abstraction:NextStepPathway,R-HSA-140875,0.0013299926445420169
R-HSA-140834,abstraction:NextStepPathway,R-HSA-140837,0.0022831545747202145
R-HSA-2894862,abstraction:NextStepPathway,R-HSA-2644606,0.027887182309439165
R-HSA-6782135,abstraction:NextStepPathway,R-HSA-6782210,0.03955908955732468
R-HSA-8931987,abstraction:NextStepPathway,R-HSA-8939256,0.0060617813803232655
R-HSA-8931987,abstraction:NextStepPathway,R-HSA-9018519,0.0072835020074899235
R-HSA-937041,abstraction:NextStepPathway,R-HSA-168927,0.006267843941339286
R-HSA-937041,abstraction:NextStepPathway,R-HSA-9013957,0.002609636136225716
R-HSA-937041,abstraction:NextStepPathway,R-HSA-2562578,0.008352832871797947
R-HSA-9960525,abstraction:NextStepPathway,R-HSA-5620971,0.0025174522655084493
R-HSA-9960525,abstraction:NextStepPathway,R-HSA-9660826,0.000528051315690471
R-HSA-9960525,abstraction:NextStepPathway,R-HSA-448706,0.000867175160562228
R-HSA-9860927,abstraction:NextStepPathway,R-HSA-2514859,0.0027807980983301354
R-HSA-9860927,abstraction:NextStepPathway,R-HSA-2871809,0.0032999536154676113
R-HSA-9860927,abstraction:NextStepPathway,R-HSA-9856532,0.0068908532153060705
R-HSA-9860927,abstraction:NextStepPathway,R-HSA-5607763,0.002544554002221351
R-HSA-9860927,abstraction:NextStepPathway,R-HSA-9664323,0.0035053935669300236
R-HSA-9860927,abstraction:NextStepPathway,R-HSA-9856530,0.006153829474539938
R-HSA-9860927,abstraction:NextStepPathway,R-HSA-111997,0.0044662632224119776
R-HSA-9860927,abstraction:NextStepPathway,R-HSA-445355,0.004310353527123457
R-HSA-9860927,abstraction:NextStepPathway,R-HSA-9909649,0.00032445758512956855
R-HSA-9860927,abstraction:NextStepPathway,R-HSA-983695,0.0011505703703269816
R-HSA-9860927,abstraction:NextStepPathway,R-HSA-5218921,0.0019506361378600519
R-HSA-9860927,abstraction:NextStepPathway,R-HSA-8985947,0.0017913994718174219
R-HSA-5625740,abstraction:NextStepPathway,R-HSA-5625886,0.013073111884615237
R-HSA-5625740,abstraction:NextStepPathway,R-HSA-75035,0.002033504849721948
R-HSA-5654699,abstraction:NextStepPathway,R-HSA-5673001,0.002379651193493104
R-HSA-168138,abstraction:NextStepPathway,R-HSA-975155,0.04359515564884972
R-HSA-168138,abstraction:NextStepPathway,R-HSA-109704,0.0014959190465469886
R-HSA-9762293,abstraction:NextStepPathway,R-HSA-9759811,0.0017240472406713236
R-HSA-9679509,abstraction:NextStepPathway,R-HSA-9678110,0.007932997253758633
R-HSA-5654695,abstraction:NextStepPathway,R-HSA-5654720,0.012643562270161661
R-HSA-5654695,abstraction:NextStepPathway,R-HSA-5654710,0.012643562270161661
R-HSA-5654695,abstraction:NextStepPathway,R-HSA-5654689,0.012643562270161661
R-HSA-5654695,abstraction:NextStepPathway,R-HSA-6811558,0.003056039163667174
R-HSA-5654695,abstraction:NextStepPathway,R-HSA-1257604,0.0024601359477499866
R-HSA-1663150,abstraction:NextStepPathway,R-HSA-9840310,0.0050455668748147255
R-HSA-209543,abstraction:NextStepPathway,R-HSA-209560,0.008118929950798496
R-HSA-9006335,abstraction:NextStepPathway,R-HSA-9027284,0.015938108690757992
R-HSA-9006335,abstraction:NextStepPathway,R-HSA-9027283,0.007086261493707953
R-HSA-9006335,abstraction:NextStepPathway,R-HSA-9027276,0.010284692206652426
R-HSA-9006335,abstraction:NextStepPathway,R-HSA-9027277,0.011378770280898527
R-HSA-433692,abstraction:NextStepPathway,R-HSA-561048,0.001959080487616811
R-HSA-433692,abstraction:NextStepPathway,R-HSA-9749641,0.0022513004245259863
R-HSA-433692,abstraction:NextStepPathway,R-HSA-196807,0.0004108425739577337
R-HSA-433692,abstraction:NextStepPathway,R-HSA-2162123,0.00043997556354374455
R-HSA-433692,abstraction:NextStepPathway,R-HSA-428643,0.0006367379172159365
R-HSA-392023,abstraction:NextStepPathway,R-HSA-418597,0.0
R-HSA-162710,abstraction:NextStepPathway,R-HSA-162791,0.000981297448902885
R-HSA-373076,abstraction:NextStepPathway,R-HSA-9660821,0.0007499511163197852
R-HSA-373076,abstraction:NextStepPathway,R-HSA-418594,0.0015903112734167466
R-HSA-373076,abstraction:NextStepPathway,R-HSA-416476,0.0016608740111859757
R-HSA-373076,abstraction:NextStepPathway,R-HSA-418555,0.002667992018312404
R-HSA-113418,abstraction:NextStepPathway,R-HSA-674695,0.027940496296883215
R-HSA-113418,abstraction:NextStepPathway,R-HSA-112382,0.02858125966261592
R-HSA-167200,abstraction:NextStepPathway,R-HSA-167246,0.04425788746587689
R-HSA-159236,abstraction:NextStepPathway,R-HSA-428359,3.5749299921811403e-06
R-HSA-159236,abstraction:NextStepPathway,R-HSA-450385,0.0005834827623705018
R-HSA-159236,abstraction:NextStepPathway,R-HSA-450604,0.0006009018001498052
R-HSA-159236,abstraction:NextStepPathway,R-HSA-450408,4.417568690531554e-05
R-HSA-159236,abstraction:NextStepPathway,R-HSA-429947,2.5049984741776268e-05
R-HSA-159236,abstraction:NextStepPathway,R-HSA-450513,0.0005834827623705018
R-HSA-159236,abstraction:NextStepPathway,R-HSA-72662,0.0005307411165278101
R-HSA-9708530,abstraction:NextStepPathway,R-HSA-9707587,0.001599796589730556
R-HSA-9708530,abstraction:NextStepPathway,R-HSA-9707616,0.0008561301500438706
R-HSA-9708530,abstraction:NextStepPathway,R-HSA-9818027,0.0022982941965591936
R-HSA-68952,abstraction:NextStepPathway,R-HSA-69091,0.0028916259735452627
R-HSA-68952,abstraction:NextStepPathway,R-HSA-113501,0.0033473550161617974
R-HSA-68952,abstraction:NextStepPathway,R-HSA-9710421,0.007199362835667942
R-HSA-975871,abstraction:NextStepPathway,R-HSA-166058,0.04373204694142522
R-HSA-975871,abstraction:NextStepPathway,R-HSA-937039,0.00784230329358999
R-HSA-975871,abstraction:NextStepPathway,R-HSA-975138,0.04675063834110844
R-HSA-975871,abstraction:NextStepPathway,R-HSA-937042,0.005192662045817482
R-HSA-9013700,abstraction:NextStepPathway,R-HSA-9604323,0.0010282705636721287
R-HSA-9013700,abstraction:NextStepPathway,R-HSA-9013695,0.0005543743615083219
R-HSA-2682334,abstraction:NextStepPathway,R-HSA-3928662,0.03152366395386327
R-HSA-1236394,abstraction:NextStepPathway,R-HSA-1251985,0.030957553128764092
R-HSA-1236394,abstraction:NextStepPathway,R-HSA-1250347,0.005945059395265368
R-HSA-1236394,abstraction:NextStepPathway,R-HSA-1250342,0.005085373913213655
R-HSA-1236394,abstraction:NextStepPathway,R-HSA-1227986,0.006732966704858368
R-HSA-211979,abstraction:NextStepPathway,R-HSA-2142691,0.004445499728885195
R-HSA-211979,abstraction:NextStepPathway,R-HSA-2162123,0.005805489293064581
R-HSA-75153,abstraction:NextStepPathway,R-HSA-111465,0.03635144435494905
R-HSA-9958790,abstraction:NextStepPathway,R-HSA-427601,0.006160463549365431
R-HSA-209968,abstraction:NextStepPathway,R-HSA-8941413,0.001501004250041869
R-HSA-209968,abstraction:NextStepPathway,R-HSA-350864,0.006568114707576648
R-HSA-73780,abstraction:NextStepPathway,R-HSA-73980,0.01651997530852942
R-HSA-73780,abstraction:NextStepPathway,R-HSA-749476,0.015513247763438822
R-HSA-111997,abstraction:NextStepPathway,R-HSA-111932,0.009508004287893616
R-HSA-111997,abstraction:NextStepPathway,R-HSA-2871809,0.0031692257801581533
R-HSA-111997,abstraction:NextStepPathway,R-HSA-442729,0.009508004287893616
R-HSA-111997,abstraction:NextStepPathway,R-HSA-5607763,0.0020734872025402248
R-HSA-111997,abstraction:NextStepPathway,R-HSA-5627123,0.00343507224265908
R-HSA-111997,abstraction:NextStepPathway,R-HSA-9856530,0.004154018731841649
R-HSA-111997,abstraction:NextStepPathway,R-HSA-4086398,0.0030000896983452957
R-HSA-111997,abstraction:NextStepPathway,R-HSA-111933,0.02103973031266309
R-HSA-111997,abstraction:NextStepPathway,R-HSA-445355,0.005348689760324853
R-HSA-111997,abstraction:NextStepPathway,R-HSA-180024,0.005353257161396786
R-HSA-111997,abstraction:NextStepPathway,R-HSA-9620244,0.0028047332765284865
R-HSA-111997,abstraction:NextStepPathway,R-HSA-5218920,0.0035978636771203496
R-HSA-111997,abstraction:NextStepPathway,R-HSA-442720,0.007303497626538622
R-HSA-111997,abstraction:NextStepPathway,R-HSA-442982,0.0012603587391412621
R-HSA-111997,abstraction:NextStepPathway,R-HSA-2025928,0.0012603587391412621
R-HSA-111997,abstraction:NextStepPathway,R-HSA-111957,0.006224123135581247
R-HSA-111997,abstraction:NextStepPathway,R-HSA-203615,0.0034870429173567887
R-HSA-112382,abstraction:NextStepPathway,R-HSA-75955,0.05348342777647824
R-HSA-9018679,abstraction:NextStepPathway,R-HSA-9023661,0.017104155687791434
R-HSA-9018679,abstraction:NextStepPathway,R-HSA-9018896,0.02559836786427843
R-HSA-2454202,abstraction:NextStepPathway,R-HSA-2730905,0.009849961535779836
R-HSA-1660524,abstraction:NextStepPathway,R-HSA-1660516,0.0010022822063517993
R-HSA-182971,abstraction:NextStepPathway,R-HSA-912526,0.002307498496921301
R-HSA-2470946,abstraction:NextStepPathway,R-HSA-2468052,0.006423877001430697
R-HSA-9013973,abstraction:NextStepPathway,R-HSA-936964,0.008213034162578707
R-HSA-9013973,abstraction:NextStepPathway,R-HSA-9828211,0.008482117924465103
R-HSA-9839394,abstraction:NextStepPathway,R-HSA-9839383,0.0006606941279349425
R-HSA-9758919,abstraction:NextStepPathway,R-HSA-9764725,0.0010899672814503908
R-HSA-500753,abstraction:NextStepPathway,R-HSA-499943,0.004287735519756945
R-HSA-500753,abstraction:NextStepPathway,R-HSA-379716,0.0036311170809156072
R-HSA-500753,abstraction:NextStepPathway,R-HSA-71737,0.0021373662774435346
R-HSA-9927354,abstraction:NextStepPathway,R-HSA-6811558,6.215984823718502e-07
R-HSA-9927354,abstraction:NextStepPathway,R-HSA-1257604,4.080324596726021e-06
R-HSA-69109,abstraction:NextStepPathway,R-HSA-69186,0.016196272410977056
R-HSA-445355,abstraction:NextStepPathway,R-HSA-111932,0.002632850053655266
R-HSA-445355,abstraction:NextStepPathway,R-HSA-2871809,0.0032999536154676113
R-HSA-445355,abstraction:NextStepPathway,R-HSA-442729,0.002632850053655266
R-HSA-445355,abstraction:NextStepPathway,R-HSA-5607763,0.002544554002221351
R-HSA-445355,abstraction:NextStepPathway,R-HSA-5627123,0.0044662632224119776
R-HSA-445355,abstraction:NextStepPathway,R-HSA-9856530,0.004656711080403718
R-HSA-445355,abstraction:NextStepPathway,R-HSA-4086398,0.00458867586944827
R-HSA-445355,abstraction:NextStepPathway,R-HSA-392154,0.004637854752950926
R-HSA-445355,abstraction:NextStepPathway,R-HSA-111933,0.005348689760324853
R-HSA-445355,abstraction:NextStepPathway,R-HSA-180024,0.0036276981143820476
R-HSA-445355,abstraction:NextStepPathway,R-HSA-9620244,0.0023362120064116584
R-HSA-445355,abstraction:NextStepPathway,R-HSA-5218920,0.00426939805050414
R-HSA-445355,abstraction:NextStepPathway,R-HSA-442720,0.003875944180197769
R-HSA-445355,abstraction:NextStepPathway,R-HSA-442982,0.0017913994718174219
R-HSA-445355,abstraction:NextStepPathway,R-HSA-2025928,0.0010373762694071023
R-HSA-445355,abstraction:NextStepPathway,R-HSA-111957,0.0030148003964562617
R-HSA-445355,abstraction:NextStepPathway,R-HSA-203615,0.0034191501892160653
R-HSA-445355,abstraction:NextStepPathway,R-HSA-418457,0.0004974766843397411
R-HSA-1307965,abstraction:NextStepPathway,R-HSA-5654712,0.001658110355654367
R-HSA-1307965,abstraction:NextStepPathway,R-HSA-5654228,0.0019815341925484347
R-HSA-1307965,abstraction:NextStepPathway,R-HSA-5654719,0.0018118137351467894
R-HSA-9619229,abstraction:NextStepPathway,R-HSA-9617324,0.002249360554681126
R-HSA-9619229,abstraction:NextStepPathway,R-HSA-438064,0.009681365280650221
R-HSA-77595,abstraction:NextStepPathway,R-HSA-73856,0.016023659881938112
R-HSA-77595,abstraction:NextStepPathway,R-HSA-159231,0.005943732988768006
R-HSA-983712,abstraction:NextStepPathway,R-HSA-77387,0.007293364206837026
R-HSA-6803207,abstraction:NextStepPathway,R-HSA-75157,0.0006064229078264271
R-HSA-6803207,abstraction:NextStepPathway,R-HSA-111458,0.0020190867100059948
R-HSA-6803207,abstraction:NextStepPathway,R-HSA-933543,0.0005242241248284653
R-HSA-6803207,abstraction:NextStepPathway,R-HSA-75158,0.0005740500150496717
R-HSA-6803207,abstraction:NextStepPathway,R-HSA-844623,0.0020321446439458962
R-HSA-212676,abstraction:NextStepPathway,R-HSA-181429,0.016053879975166302
R-HSA-212676,abstraction:NextStepPathway,R-HSA-209905,0.0009501380828397702
R-HSA-212676,abstraction:NextStepPathway,R-HSA-181430,0.01550961680131441
R-HSA-5389840,abstraction:NextStepPathway,R-HSA-9937383,0.0711618990452087
R-HSA-5389840,abstraction:NextStepPathway,R-HSA-5419276,0.07585528578256917
R-HSA-5696395,abstraction:NextStepPathway,R-HSA-5696400,0.015526609483808157
R-HSA-8964011,abstraction:NextStepPathway,R-HSA-8963896,0.003238039805426691
R-HSA-445989,abstraction:NextStepPathway,R-HSA-1810476,0.004486830344037439
R-HSA-445989,abstraction:NextStepPathway,R-HSA-9020702,0.01828962847384208
R-HSA-445989,abstraction:NextStepPathway,R-HSA-9758274,0.014437018266567339
R-HSA-445989,abstraction:NextStepPathway,R-HSA-168638,0.0077314003049202785
R-HSA-445989,abstraction:NextStepPathway,R-HSA-5684264,0.004071747852822616
R-HSA-445989,abstraction:NextStepPathway,R-HSA-9909649,5.8928794951478e-06
R-HSA-445989,abstraction:NextStepPathway,R-HSA-9860276,0.004071747852822616
R-HSA-445989,abstraction:NextStepPathway,R-HSA-9705671,0.004192913051594892
R-HSA-445989,abstraction:NextStepPathway,R-HSA-933542,0.006188549411356339
R-HSA-1445148,abstraction:NextStepPathway,R-HSA-9824585,0.001530466695035535
R-HSA-167242,abstraction:NextStepPathway,R-HSA-167290,0.02127912194365906
R-HSA-167242,abstraction:NextStepPathway,R-HSA-167287,0.02127912194365906
R-HSA-110357,abstraction:NextStepPathway,R-HSA-73933,0.007393699980500424
R-HSA-9707616,abstraction:NextStepPathway,R-HSA-917937,0.0008376498247189354
R-HSA-9707616,abstraction:NextStepPathway,R-HSA-2168880,0.0013613323698398766
R-HSA-9707616,abstraction:NextStepPathway,R-HSA-9707564,0.009137022056927095
R-HSA-9707616,abstraction:NextStepPathway,R-HSA-9933387,0.010888290130626442
R-HSA-9707616,abstraction:NextStepPathway,R-HSA-9707587,0.0031195518781205675
R-HSA-9707616,abstraction:NextStepPathway,R-HSA-9708530,0.0008561301500438706
R-HSA-9707616,abstraction:NextStepPathway,R-HSA-189483,0.0005517046262353191
R-HSA-9707616,abstraction:NextStepPathway,R-HSA-2151201,0.005841614932183582
R-HSA-9707616,abstraction:NextStepPathway,R-HSA-9931509,0.021404570717768637
R-HSA-9613354,abstraction:NextStepPathway,R-HSA-9612973,0.003807794434133838
R-HSA-9613354,abstraction:NextStepPathway,R-HSA-9615710,0.0007665172539396248
R-HSA-9613354,abstraction:NextStepPathway,R-HSA-9613829,0.0008262347663547166
R-HSA-111446,abstraction:NextStepPathway,R-HSA-111453,3.654402680132059e-07
R-HSA-111452,abstraction:NextStepPathway,R-HSA-5620971,6.582001905929305e-07
R-HSA-111452,abstraction:NextStepPathway,R-HSA-111457,2.1925182017905582e-07
R-HSA-2022854,abstraction:NextStepPathway,R-HSA-2022928,0.006403911866712017
R-HSA-2022854,abstraction:NextStepPathway,R-HSA-2022857,2.8164272081444113e-06
R-HSA-9859138,abstraction:NextStepPathway,R-HSA-70895,0.010215145538149208
R-HSA-9634638,abstraction:NextStepPathway,R-HSA-111932,0.0021348966341268386
R-HSA-9634638,abstraction:NextStepPathway,R-HSA-9616222,0.00026065615014277544
R-HSA-9634638,abstraction:NextStepPathway,R-HSA-9031628,0.0028354719121269412
R-HSA-9634638,abstraction:NextStepPathway,R-HSA-69231,0.0010577294948796493
R-HSA-9634638,abstraction:NextStepPathway,R-HSA-111931,0.0020734872025402248
R-HSA-9634638,abstraction:NextStepPathway,R-HSA-9022692,0.0021348966341268386
R-HSA-111464,abstraction:NextStepPathway,R-HSA-351906,0.0006293687794823003
R-HSA-111464,abstraction:NextStepPathway,R-HSA-264870,0.0006293687794823003
R-HSA-111464,abstraction:NextStepPathway,R-HSA-111465,0.001103043864953758
R-HSA-111464,abstraction:NextStepPathway,R-HSA-211736,0.0008074210835410502
R-HSA-111464,abstraction:NextStepPathway,R-HSA-140342,0.0007665172539396248
R-HSA-977443,abstraction:NextStepPathway,R-HSA-1236394,0.0014401243902859196
R-HSA-6803211,abstraction:NextStepPathway,R-HSA-202733,8.919418225423435e-06
R-HSA-6803211,abstraction:NextStepPathway,R-HSA-75158,6.57903592784354e-07
R-HSA-73728,abstraction:NextStepPathway,R-HSA-73762,0.0004399374504072246
R-HSA-9793242,abstraction:NextStepPathway,R-HSA-9615933,0.0028319926680900644
R-HSA-5607764,abstraction:NextStepPathway,R-HSA-9020702,0.03298587934246359
R-HSA-5607764,abstraction:NextStepPathway,R-HSA-9909649,2.1079646370212294e-05
R-HSA-5607764,abstraction:NextStepPathway,R-HSA-2871837,0.0439486168065494
R-HSA-5607764,abstraction:NextStepPathway,R-HSA-202424,0.039321712674311546
R-HSA-5607764,abstraction:NextStepPathway,R-HSA-209560,0.004208732606943988
R-HSA-75158,abstraction:NextStepPathway,R-HSA-3371378,0.0027749390319424827
R-HSA-75158,abstraction:NextStepPathway,R-HSA-69416,0.0027749390319424827
R-HSA-75158,abstraction:NextStepPathway,R-HSA-5218900,0.0008896105945093087
R-HSA-5676590,abstraction:NextStepPathway,R-HSA-5607764,0.03408513384536144
R-HSA-5676590,abstraction:NextStepPathway,R-HSA-2871837,0.030265103566208706
R-HSA-5676590,abstraction:NextStepPathway,R-HSA-202424,0.028821023962574684
R-HSA-168164,abstraction:NextStepPathway,R-HSA-168927,0.005945059395265368
R-HSA-168164,abstraction:NextStepPathway,R-HSA-937072,0.004626136384376386
R-HSA-168164,abstraction:NextStepPathway,R-HSA-9014325,0.005945059395265368
R-HSA-168164,abstraction:NextStepPathway,R-HSA-9013973,0.007675529527446099
R-HSA-1489509,abstraction:NextStepPathway,R-HSA-5578775,0.006045905217751071
R-HSA-1489509,abstraction:NextStepPathway,R-HSA-2514859,0.003935145283798207
R-HSA-1489509,abstraction:NextStepPathway,R-HSA-2871809,0.006382867995523861
R-HSA-1489509,abstraction:NextStepPathway,R-HSA-1855196,0.0006543285897293164
R-HSA-1489509,abstraction:NextStepPathway,R-HSA-1855204,0.006244909385176724
R-HSA-1489509,abstraction:NextStepPathway,R-HSA-5607763,0.004802076947531916
R-HSA-1489509,abstraction:NextStepPathway,R-HSA-114508,0.005331403556315202
R-HSA-1489509,abstraction:NextStepPathway,R-HSA-1169091,0.0017213523226769977
R-HSA-1489509,abstraction:NextStepPathway,R-HSA-9664323,0.011095464610504174
R-HSA-1489509,abstraction:NextStepPathway,R-HSA-112043,0.020654709559958073
R-HSA-1489509,abstraction:NextStepPathway,R-HSA-9856530,0.004517468750166237
R-HSA-1489509,abstraction:NextStepPathway,R-HSA-4086398,0.005158677860568402
R-HSA-1489509,abstraction:NextStepPathway,R-HSA-111997,0.01884906030962313
R-HSA-1489509,abstraction:NextStepPathway,R-HSA-445355,0.004879142876466153
R-HSA-1489509,abstraction:NextStepPathway,R-HSA-422356,0.009891008477799489
R-HSA-1489509,abstraction:NextStepPathway,R-HSA-2029485,0.008694422757141178
R-HSA-1489509,abstraction:NextStepPathway,R-HSA-1855183,0.0029425303822677687
R-HSA-1489509,abstraction:NextStepPathway,R-HSA-983695,0.005987093329947643
R-HSA-1489509,abstraction:NextStepPathway,R-HSA-5218921,0.00965837979932085
R-HSA-9764790,abstraction:NextStepPathway,R-HSA-9764562,0.0008411386285740347
R-HSA-2024096,abstraction:NextStepPathway,R-HSA-2024101,0.0036674499530415026
R-HSA-5687128,abstraction:NextStepPathway,R-HSA-5627123,0.0017675942506674403
R-HSA-5687128,abstraction:NextStepPathway,R-HSA-9909649,1.4632180164274014e-05
R-HSA-5687128,abstraction:NextStepPathway,R-HSA-2029482,0.0008997374983808441
R-HSA-174577,abstraction:NextStepPathway,R-HSA-977606,0.002703419193759564
R-HSA-174577,abstraction:NextStepPathway,R-HSA-9660826,0.0006231958510979609
R-HSA-174577,abstraction:NextStepPathway,R-HSA-166665,0.0008392358023096327
R-HSA-174577,abstraction:NextStepPathway,R-HSA-375276,0.0011453675496742196
R-HSA-2160916,abstraction:NextStepPathway,R-HSA-2142845,0.0176771672739169
R-HSA-9953170,abstraction:NextStepPathway,R-HSA-9948001,0.0005864436430816486
R-HSA-77352,abstraction:NextStepPathway,R-HSA-611105,0.0026277193168285345
R-HSA-8964058,abstraction:NextStepPathway,R-HSA-8964041,0.003742269248801805
R-HSA-1614558,abstraction:NextStepPathway,R-HSA-1614517,0.019073379867482566
R-HSA-73933,abstraction:NextStepPathway,R-HSA-73930,0.0027325194562005943
R-HSA-73933,abstraction:NextStepPathway,R-HSA-110373,0.021414709584288334
R-HSA-2142753,abstraction:NextStepPathway,R-HSA-2142691,0.02705168448120534
R-HSA-2142753,abstraction:NextStepPathway,R-HSA-2142816,0.007620318781059032
R-HSA-2142753,abstraction:NextStepPathway,R-HSA-2142712,0.010430956467415407
R-HSA-2142753,abstraction:NextStepPathway,R-HSA-2142696,0.0034445185899041504
R-HSA-2142753,abstraction:NextStepPathway,R-HSA-2142670,0.011137068725544593
R-HSA-2142753,abstraction:NextStepPathway,R-HSA-2142770,0.0097262374066922
R-HSA-2142753,abstraction:NextStepPathway,R-HSA-2142688,0.012553522572194387
R-HSA-2142753,abstraction:NextStepPathway,R-HSA-2162123,0.03607786433203476
R-HSA-2142753,abstraction:NextStepPathway,R-HSA-140180,0.006223121415425982
R-HSA-2485179,abstraction:NextStepPathway,R-HSA-2514859,0.011028001747009374
R-HSA-9909620,abstraction:NextStepPathway,R-HSA-9929491,0.0006392493327366299
R-HSA-9909620,abstraction:NextStepPathway,R-HSA-9931295,0.0008856618930498837
R-HSA-9909620,abstraction:NextStepPathway,R-HSA-9929356,0.0006468529516566093
R-HSA-9909620,abstraction:NextStepPathway,R-HSA-9931269,0.0006468529516566093
R-HSA-198323,abstraction:NextStepPathway,R-HSA-6804757,0.0019429070661465622
R-HSA-198323,abstraction:NextStepPathway,R-HSA-8948751,0.0016764527939133272
R-HSA-198323,abstraction:NextStepPathway,R-HSA-111447,0.0025204681384936294
R-HSA-198323,abstraction:NextStepPathway,R-HSA-5628897,0.0014196209114786017
R-HSA-111457,abstraction:NextStepPathway,R-HSA-111469,0.0028456751903934495
R-HSA-111457,abstraction:NextStepPathway,R-HSA-111463,0.001752023109989031
R-HSA-111457,abstraction:NextStepPathway,R-HSA-111458,0.0015855088792326357
R-HSA-111457,abstraction:NextStepPathway,R-HSA-111461,0.0015263003807266797
R-HSA-111457,abstraction:NextStepPathway,R-HSA-111471,0.006160463549365431
R-HSA-69473,abstraction:NextStepPathway,R-HSA-6804754,0.00048667582318178885
R-HSA-69473,abstraction:NextStepPathway,R-HSA-69541,0.0018218377893178444
R-HSA-69473,abstraction:NextStepPathway,R-HSA-5620971,1.583787397758906e-05
R-HSA-69473,abstraction:NextStepPathway,R-HSA-6804115,0.0016786374045274126
R-HSA-69473,abstraction:NextStepPathway,R-HSA-5693565,0.019839982939267337
R-HSA-69473,abstraction:NextStepPathway,R-HSA-111448,0.00048667582318178885
R-HSA-69473,abstraction:NextStepPathway,R-HSA-6804757,0.0022316501983591407
R-HSA-69473,abstraction:NextStepPathway,R-HSA-69895,0.00041470070089354746
R-HSA-69473,abstraction:NextStepPathway,R-HSA-6803204,0.0015978590384009353
R-HSA-69473,abstraction:NextStepPathway,R-HSA-6804759,0.0015722167330256749
R-HSA-69473,abstraction:NextStepPathway,R-HSA-6796648,0.0007111256595009034
R-HSA-69473,abstraction:NextStepPathway,R-HSA-9758274,0.00027565312173436244
R-HSA-69473,abstraction:NextStepPathway,R-HSA-6804760,0.002618950532041379
R-HSA-69473,abstraction:NextStepPathway,R-HSA-6811555,0.0013863376606060521
R-HSA-69473,abstraction:NextStepPathway,R-HSA-6804758,0.001067681861557301
R-HSA-69473,abstraction:NextStepPathway,R-HSA-6804756,0.016633785882305983
R-HSA-69473,abstraction:NextStepPathway,R-HSA-6803207,0.0018813597557037433
R-HSA-69473,abstraction:NextStepPathway,R-HSA-6803211,0.00041470070089354746
R-HSA-69473,abstraction:NextStepPathway,R-HSA-176187,0.00995329828324969
R-HSA-69473,abstraction:NextStepPathway,R-HSA-2559586,0.005570807781284166
R-HSA-69473,abstraction:NextStepPathway,R-HSA-6803205,0.0001942776057805187
R-HSA-69473,abstraction:NextStepPathway,R-HSA-75035,0.006894288154636578
R-HSA-69473,abstraction:NextStepPathway,R-HSA-69601,0.001336117832149786
R-HSA-69473,abstraction:NextStepPathway,R-HSA-6804114,0.0019226913488536485
R-HSA-69473,abstraction:NextStepPathway,R-HSA-6804116,0.00026491103531876066
R-HSA-72731,abstraction:NextStepPathway,R-HSA-72695,0.002316283431092865
R-HSA-111995,abstraction:NextStepPathway,R-HSA-2142816,0.002288262501894051
R-HSA-111995,abstraction:NextStepPathway,R-HSA-2142753,0.006379330074426034
R-HSA-111995,abstraction:NextStepPathway,R-HSA-2162123,0.0014981472270839508
R-HSA-111995,abstraction:NextStepPathway,R-HSA-140180,0.0014320798733538738
R-HSA-190372,abstraction:NextStepPathway,R-HSA-5654704,0.0017016483301429636
R-HSA-190372,abstraction:NextStepPathway,R-HSA-5654706,0.0015480546815453784
R-HSA-190372,abstraction:NextStepPathway,R-HSA-5654227,0.001871295654214645
R-HSA-749476,abstraction:NextStepPathway,R-HSA-6782315,5.274384624250519e-05
R-HSA-749476,abstraction:NextStepPathway,R-HSA-73980,0.01940933967611647
R-HSA-749476,abstraction:NextStepPathway,R-HSA-73780,0.015513247763438822
R-HSA-749476,abstraction:NextStepPathway,R-HSA-6784531,4.820652994414427e-05
R-HSA-9640463,abstraction:NextStepPathway,R-HSA-1369062,5.26975795692371e-06
R-HSA-449836,abstraction:NextStepPathway,R-HSA-9616222,0.0002371686456883227
R-HSA-449836,abstraction:NextStepPathway,R-HSA-8854691,0.0031473472394270134
R-HSA-4411364,abstraction:NextStepPathway,R-HSA-8951430,0.004412821053839341
R-HSA-4411364,abstraction:NextStepPathway,R-HSA-69202,0.0003766270078212041
R-HSA-4411364,abstraction:NextStepPathway,R-HSA-4641257,3.9541045551843284e-06
R-HSA-164378,abstraction:NextStepPathway,R-HSA-9660821,0.005478616674412119
R-HSA-164378,abstraction:NextStepPathway,R-HSA-163615,0.004346429241372925
R-HSA-164378,abstraction:NextStepPathway,R-HSA-432040,0.005158272687655135
R-HSA-164378,abstraction:NextStepPathway,R-HSA-392517,0.004154127153351673
R-HSA-164378,abstraction:NextStepPathway,R-HSA-163358,0.0008262347663547166
R-HSA-164378,abstraction:NextStepPathway,R-HSA-9664323,0.0036222380980960324
R-HSA-164378,abstraction:NextStepPathway,R-HSA-9856530,0.004336565683918251
R-HSA-164378,abstraction:NextStepPathway,R-HSA-163560,0.000528051315690471
R-HSA-164378,abstraction:NextStepPathway,R-HSA-9634600,0.0007050527682457431
R-HSA-164378,abstraction:NextStepPathway,R-HSA-180024,0.0014868080616297046
R-HSA-164378,abstraction:NextStepPathway,R-HSA-9634597,0.005478616674412119
R-HSA-164378,abstraction:NextStepPathway,R-HSA-442720,0.003057532168449264
R-HSA-164378,abstraction:NextStepPathway,R-HSA-111931,0.004154127153351673
R-HSA-164378,abstraction:NextStepPathway,R-HSA-111957,0.0007936240294737641
R-HSA-180024,abstraction:NextStepPathway,R-HSA-9660821,0.0019259490760233286
R-HSA-180024,abstraction:NextStepPathway,R-HSA-163615,0.0032058366231181123
R-HSA-180024,abstraction:NextStepPathway,R-HSA-432040,0.0025608202932815355
R-HSA-180024,abstraction:NextStepPathway,R-HSA-163358,0.0014868080616297046
R-HSA-180024,abstraction:NextStepPathway,R-HSA-9664323,0.004244095019929689
R-HSA-180024,abstraction:NextStepPathway,R-HSA-9856530,0.0033644593211830673
R-HSA-180024,abstraction:NextStepPathway,R-HSA-163560,0.0022228050230450416
R-HSA-180024,abstraction:NextStepPathway,R-HSA-9634600,0.00403434912893181
R-HSA-180024,abstraction:NextStepPathway,R-HSA-164378,0.0014868080616297046
R-HSA-180024,abstraction:NextStepPathway,R-HSA-9634597,0.0019259490760233286
R-HSA-180024,abstraction:NextStepPathway,R-HSA-442720,0.004478972762991861
R-HSA-180024,abstraction:NextStepPathway,R-HSA-111931,0.00403434912893181
R-HSA-435368,abstraction:NextStepPathway,R-HSA-264876,0.0031214504233502078
R-HSA-173599,abstraction:NextStepPathway,R-HSA-727802,0.005276256691380504
R-HSA-173599,abstraction:NextStepPathway,R-HSA-3322077,0.006134826582692637
R-HSA-173599,abstraction:NextStepPathway,R-HSA-9749641,0.002199407268872223
R-HSA-173599,abstraction:NextStepPathway,R-HSA-156588,0.01761761968482811
R-HSA-173599,abstraction:NextStepPathway,R-HSA-189483,0.0008165530455855521
R-HSA-173599,abstraction:NextStepPathway,R-HSA-379716,0.0006831944765926211
R-HSA-173599,abstraction:NextStepPathway,R-HSA-2142845,0.004037407233475614
R-HSA-173599,abstraction:NextStepPathway,R-HSA-1971475,0.0055254721864997835
R-HSA-173599,abstraction:NextStepPathway,R-HSA-71737,0.0013538322976709843
R-HSA-72203,abstraction:NextStepPathway,R-HSA-72163,0.10900769784068233
R-HSA-72203,abstraction:NextStepPathway,R-HSA-72165,0.031687120357517945
R-HSA-77288,abstraction:NextStepPathway,R-HSA-611105,0.0018332696502156372
R-HSA-77288,abstraction:NextStepPathway,R-HSA-77346,0.010162737706753425
R-HSA-112308,abstraction:NextStepPathway,R-HSA-264642,8.04648303792412e-07
R-HSA-112308,abstraction:NextStepPathway,R-HSA-210500,0.001979332639337281
R-HSA-9620244,abstraction:NextStepPathway,R-HSA-111932,0.0033473550161617974
R-HSA-9620244,abstraction:NextStepPathway,R-HSA-442729,0.0033473550161617974
R-HSA-9912633,abstraction:NextStepPathway,R-HSA-983168,0.011722900048818749
R-HSA-9912633,abstraction:NextStepPathway,R-HSA-983170,0.0008560920830389221
R-HSA-1855229,abstraction:NextStepPathway,R-HSA-1855191,0.0010208583121360847
R-HSA-1855229,abstraction:NextStepPathway,R-HSA-1855192,0.0016381927294690922
R-HSA-5218920,abstraction:NextStepPathway,R-HSA-9009391,0.01666483375653008
R-HSA-5218920,abstraction:NextStepPathway,R-HSA-6804757,0.006386701686701607
R-HSA-5218920,abstraction:NextStepPathway,R-HSA-1358803,0.0012532212057972908
R-HSA-5218920,abstraction:NextStepPathway,R-HSA-8948751,0.0009505096698619547
R-HSA-5218920,abstraction:NextStepPathway,R-HSA-6804759,0.000990298459938579
R-HSA-5218920,abstraction:NextStepPathway,R-HSA-389357,0.008730835666848003
R-HSA-5218920,abstraction:NextStepPathway,R-HSA-69202,0.0007969377699346991
R-HSA-5218920,abstraction:NextStepPathway,R-HSA-111447,0.0017771768833401043
R-HSA-5218920,abstraction:NextStepPathway,R-HSA-5628897,0.005800784652147996
R-HSA-5218920,abstraction:NextStepPathway,R-HSA-6804758,0.0012080334695986172
R-HSA-5218920,abstraction:NextStepPathway,R-HSA-8876198,0.0012699147113687528
R-HSA-5218920,abstraction:NextStepPathway,R-HSA-9604323,0.0009843525281666538
R-HSA-5218920,abstraction:NextStepPathway,R-HSA-1474151,0.011851169267327545
R-HSA-5218920,abstraction:NextStepPathway,R-HSA-198323,0.0010280915538997662
R-HSA-5218920,abstraction:NextStepPathway,R-HSA-9634635,0.0036726044177549187
R-HSA-5218920,abstraction:NextStepPathway,R-HSA-9755779,0.006800335125185119
R-HSA-5218920,abstraction:NextStepPathway,R-HSA-69656,0.0008045853381481315
R-HSA-5218920,abstraction:NextStepPathway,R-HSA-114604,0.0024758506461468985
R-HSA-5218920,abstraction:NextStepPathway,R-HSA-203615,0.016629601285901314
R-HSA-5218920,abstraction:NextStepPathway,R-HSA-1257604,0.006242422261754683
R-HSA-1660661,abstraction:NextStepPathway,R-HSA-419408,0.002843144710058209
R-HSA-1660661,abstraction:NextStepPathway,R-HSA-9845576,1.2369143491913507e-05
R-HSA-1660661,abstraction:NextStepPathway,R-HSA-9845614,0.0036046572684307067
R-HSA-1660661,abstraction:NextStepPathway,R-HSA-9840310,0.001196580092779816
R-HSA-389356,abstraction:NextStepPathway,R-HSA-389357,0.015102285784296347
R-HSA-389356,abstraction:NextStepPathway,R-HSA-389359,0.010862491162079865
R-HSA-1236973,abstraction:NextStepPathway,R-HSA-1236974,1.1185004347128879e-05
R-HSA-3065678,abstraction:NextStepPathway,R-HSA-4655427,0.001752023109989031
R-HSA-3065678,abstraction:NextStepPathway,R-HSA-3899300,0.0020225583620516554
R-HSA-3065678,abstraction:NextStepPathway,R-HSA-5693565,0.0010623452724486632
R-HSA-3065678,abstraction:NextStepPathway,R-HSA-8866904,0.001641894277828822
R-HSA-3065678,abstraction:NextStepPathway,R-HSA-4090294,0.0028998709988766634
R-HSA-3065678,abstraction:NextStepPathway,R-HSA-4085377,0.001974001031022762
R-HSA-3065678,abstraction:NextStepPathway,R-HSA-4551638,0.0025404881346244423
R-HSA-3065678,abstraction:NextStepPathway,R-HSA-3232118,0.0022882705611440624
R-HSA-3065678,abstraction:NextStepPathway,R-HSA-9833482,0.0003726872308158962
R-HSA-3065678,abstraction:NextStepPathway,R-HSA-9856649,0.0009481928724736593
R-HSA-3065678,abstraction:NextStepPathway,R-HSA-4755510,0.0025089234599158156
R-HSA-3065678,abstraction:NextStepPathway,R-HSA-3232142,0.0011497303784733434
R-HSA-3065678,abstraction:NextStepPathway,R-HSA-4570464,0.0019441502562684576
R-HSA-3065678,abstraction:NextStepPathway,R-HSA-9793242,0.002061704792213475
R-HSA-3065678,abstraction:NextStepPathway,R-HSA-4615885,0.0010700780103494504
R-HSA-3065678,abstraction:NextStepPathway,R-HSA-9615933,0.0012044493323602398
R-HSA-3065678,abstraction:NextStepPathway,R-HSA-196791,0.0012705131515358924
R-HSA-3065678,abstraction:NextStepPathway,R-HSA-3108214,0.0024942922695518626
R-HSA-1660508,abstraction:NextStepPathway,R-HSA-1660514,0.0010418392162691238
R-HSA-448706,abstraction:NextStepPathway,R-HSA-5620971,0.0015826847721480564
R-HSA-448706,abstraction:NextStepPathway,R-HSA-9020702,0.0004088664308335096
R-HSA-448706,abstraction:NextStepPathway,R-HSA-9660826,0.00376406499826066
R-HSA-399997,abstraction:NextStepPathway,R-HSA-2871809,0.0034130284374551643
R-HSA-399997,abstraction:NextStepPathway,R-HSA-2179392,0.0032903699153200667
R-HSA-399997,abstraction:NextStepPathway,R-HSA-5607763,0.0013088721318195945
R-HSA-399997,abstraction:NextStepPathway,R-HSA-9664323,0.0035803791714352296
R-HSA-399997,abstraction:NextStepPathway,R-HSA-112043,0.0059346141005653715
R-HSA-399997,abstraction:NextStepPathway,R-HSA-4086398,0.007138371742947968
R-HSA-399997,abstraction:NextStepPathway,R-HSA-434316,0.00804083989319774
R-HSA-399997,abstraction:NextStepPathway,R-HSA-1489509,0.005331403556315202
R-HSA-399997,abstraction:NextStepPathway,R-HSA-422356,0.012531602468056973
R-HSA-399997,abstraction:NextStepPathway,R-HSA-2029485,0.00551289725992285
R-HSA-399997,abstraction:NextStepPathway,R-HSA-983695,0.003213541552152538
R-HSA-399997,abstraction:NextStepPathway,R-HSA-5218921,0.006513664632779637
R-HSA-167243,abstraction:NextStepPathway,R-HSA-167246,0.02896736911174804
R-HSA-180910,abstraction:NextStepPathway,R-HSA-162592,0.006722706696254481
R-HSA-199920,abstraction:NextStepPathway,R-HSA-111932,0.0027749390319424827
R-HSA-199920,abstraction:NextStepPathway,R-HSA-9031628,0.0020444416089296902
R-HSA-199920,abstraction:NextStepPathway,R-HSA-9634638,0.002388873432325916
R-HSA-199920,abstraction:NextStepPathway,R-HSA-111931,0.002713309990074432
R-HSA-210744,abstraction:NextStepPathway,R-HSA-2122947,0.005580596640565863
R-HSA-210744,abstraction:NextStepPathway,R-HSA-210746,0.0005457451044549805
R-HSA-162599,abstraction:NextStepPathway,R-HSA-177243,0.026442401287044635
R-HSA-9669935,abstraction:NextStepPathway,R-HSA-9670439,0.0022390943600902307
R-HSA-9830674,abstraction:NextStepPathway,R-HSA-428542,3.805936947023131e-06
R-HSA-9830674,abstraction:NextStepPathway,R-HSA-373752,1.5244384759145951e-05
R-HSA-9830674,abstraction:NextStepPathway,R-HSA-4086400,2.5756932948881068e-05
R-HSA-156581,abstraction:NextStepPathway,R-HSA-1614635,0.010347346852996861
R-HSA-156581,abstraction:NextStepPathway,R-HSA-549127,0.0013964264929572272
R-HSA-156581,abstraction:NextStepPathway,R-HSA-1614603,0.0008766886899665407
R-HSA-156581,abstraction:NextStepPathway,R-HSA-351202,0.0014187594859874746
R-HSA-156581,abstraction:NextStepPathway,R-HSA-1614558,0.0020674559126266003
R-HSA-156581,abstraction:NextStepPathway,R-HSA-6798163,0.0037235158095017392
R-HSA-156581,abstraction:NextStepPathway,R-HSA-9759218,0.009283651453470043
R-HSA-9013406,abstraction:NextStepPathway,R-HSA-5627083,0.004876626560152167
R-HSA-189483,abstraction:NextStepPathway,R-HSA-9707564,0.007381610233074389
R-HSA-189483,abstraction:NextStepPathway,R-HSA-156588,0.005372784725317736
R-HSA-174184,abstraction:NextStepPathway,R-HSA-176409,0.05156404971965694
R-HSA-76005,abstraction:NextStepPathway,R-HSA-114516,0.0043500970405061685
R-HSA-418597,abstraction:NextStepPathway,R-HSA-418217,5.482838801624944e-07
R-HSA-418597,abstraction:NextStepPathway,R-HSA-8964315,3.6550200831265353e-07
R-HSA-418597,abstraction:NextStepPathway,R-HSA-9660821,0.008186743681873273
R-HSA-418597,abstraction:NextStepPathway,R-HSA-163615,0.0036604913917050444
R-HSA-418597,abstraction:NextStepPathway,R-HSA-432040,0.006312549831773745
R-HSA-418597,abstraction:NextStepPathway,R-HSA-9664323,0.003935266979608351
R-HSA-418597,abstraction:NextStepPathway,R-HSA-418594,0.008656425279288258
R-HSA-418597,abstraction:NextStepPathway,R-HSA-418555,0.008589879148525853
R-HSA-418597,abstraction:NextStepPathway,R-HSA-9856530,0.005109349480621111
R-HSA-418597,abstraction:NextStepPathway,R-HSA-4086398,0.003597753563091748
R-HSA-418597,abstraction:NextStepPathway,R-HSA-180024,0.003014010250116479
R-HSA-418597,abstraction:NextStepPathway,R-HSA-9634597,0.008186743681873273
R-HSA-418597,abstraction:NextStepPathway,R-HSA-442720,0.0037845269429272774
R-HSA-418597,abstraction:NextStepPathway,R-HSA-392451,0.0015600501446189645
R-HSA-418597,abstraction:NextStepPathway,R-HSA-8964616,0.000745901735490913
R-HSA-1834949,abstraction:NextStepPathway,R-HSA-168928,0.004833278624649426
R-HSA-1834949,abstraction:NextStepPathway,R-HSA-844615,0.0011693482346652531
R-HSA-2022377,abstraction:NextStepPathway,R-HSA-375276,0.0004469699077203513
R-HSA-1834941,abstraction:NextStepPathway,R-HSA-3270619,0.019085000959724784
R-HSA-1834941,abstraction:NextStepPathway,R-HSA-3249367,0.004929836450794267
R-HSA-69091,abstraction:NextStepPathway,R-HSA-69183,0.007621210571794241
R-HSA-877300,abstraction:NextStepPathway,R-HSA-9732724,0.007860933046176707
R-HSA-877300,abstraction:NextStepPathway,R-HSA-2173796,0.0020922998351601226
R-HSA-877300,abstraction:NextStepPathway,R-HSA-877312,0.010954147091645453
R-HSA-877300,abstraction:NextStepPathway,R-HSA-9953170,0.0020649848460372907
R-HSA-877300,abstraction:NextStepPathway,R-HSA-2173795,0.004684679628165758
R-HSA-877300,abstraction:NextStepPathway,R-HSA-9942503,0.0008723369539113423
R-HSA-9839383,abstraction:NextStepPathway,R-HSA-9839406,0.000867175160562228
R-HSA-9839383,abstraction:NextStepPathway,R-HSA-9839389,0.0007230524086627399
R-HSA-9839383,abstraction:NextStepPathway,R-HSA-9839397,0.0009222578918780002
R-HSA-110328,abstraction:NextStepPathway,R-HSA-110329,0.01730649984639855
R-HSA-419771,abstraction:NextStepPathway,R-HSA-418594,0.0006250431507533593
R-HSA-419771,abstraction:NextStepPathway,R-HSA-416476,1.2077215927998825e-06
R-HSA-429947,abstraction:NextStepPathway,R-HSA-430039,0.0009139290628285907
R-HSA-429947,abstraction:NextStepPathway,R-HSA-9820865,0.00835922942781112
R-HSA-429947,abstraction:NextStepPathway,R-HSA-429958,0.0008695686170707515
R-HSA-166665,abstraction:NextStepPathway,R-HSA-977606,0.007309422493611677
R-HSA-168874,abstraction:NextStepPathway,R-HSA-168316,0.003603600298472779
R-HSA-422356,abstraction:NextStepPathway,R-HSA-5578775,0.005049289334885656
R-HSA-422356,abstraction:NextStepPathway,R-HSA-2514859,0.004551362408246776
R-HSA-422356,abstraction:NextStepPathway,R-HSA-2871809,0.0053845071368032295
R-HSA-422356,abstraction:NextStepPathway,R-HSA-5607763,0.004173501994690416
R-HSA-422356,abstraction:NextStepPathway,R-HSA-1169091,0.0013308325487257707
R-HSA-422356,abstraction:NextStepPathway,R-HSA-9664323,0.007540046801575724
R-HSA-422356,abstraction:NextStepPathway,R-HSA-112043,0.00988199516474308
R-HSA-422356,abstraction:NextStepPathway,R-HSA-9856530,0.005010136502038787
R-HSA-422356,abstraction:NextStepPathway,R-HSA-4086398,0.006654965803977596
R-HSA-422356,abstraction:NextStepPathway,R-HSA-111997,0.005932792542373197
R-HSA-422356,abstraction:NextStepPathway,R-HSA-445355,0.004014869000940333
R-HSA-422356,abstraction:NextStepPathway,R-HSA-1489509,0.009891008477799489
R-HSA-422356,abstraction:NextStepPathway,R-HSA-2029485,0.006505893530824953
R-HSA-422356,abstraction:NextStepPathway,R-HSA-983695,0.004241596513981726
R-HSA-422356,abstraction:NextStepPathway,R-HSA-5218921,0.007299938898932604
R-HSA-75953,abstraction:NextStepPathway,R-HSA-674695,0.037070968534518786
R-HSA-75953,abstraction:NextStepPathway,R-HSA-73776,0.04540113900987611
R-HSA-141444,abstraction:NextStepPathway,R-HSA-141430,0.0014467943676289281
R-HSA-141444,abstraction:NextStepPathway,R-HSA-141405,0.0014467943676289281
R-HSA-9832991,abstraction:NextStepPathway,R-HSA-9823739,0.009151229868566035
R-HSA-2644606,abstraction:NextStepPathway,R-HSA-2894862,0.027887182309439165
R-HSA-77285,abstraction:NextStepPathway,R-HSA-77310,0.0114971808690903
R-HSA-77285,abstraction:NextStepPathway,R-HSA-611105,0.002138549563513091
R-HSA-456926,abstraction:NextStepPathway,R-HSA-418217,5.482838801624944e-07
R-HSA-456926,abstraction:NextStepPathway,R-HSA-8964315,3.6550200831265353e-07
R-HSA-456926,abstraction:NextStepPathway,R-HSA-416482,0.0023973380998974603
R-HSA-456926,abstraction:NextStepPathway,R-HSA-416476,0.002584980072790406
R-HSA-456926,abstraction:NextStepPathway,R-HSA-4086398,0.001825716228945216
R-HSA-456926,abstraction:NextStepPathway,R-HSA-392451,1.2796172614368605e-06
R-HSA-456926,abstraction:NextStepPathway,R-HSA-8964616,0.000745901735490913
R-HSA-6806667,abstraction:NextStepPathway,R-HSA-2187338,0.03150977975995896
R-HSA-382556,abstraction:NextStepPathway,R-HSA-2453902,0.002242972461177045
R-HSA-176407,abstraction:NextStepPathway,R-HSA-174178,0.014199160759264334
R-HSA-1250342,abstraction:NextStepPathway,R-HSA-6811558,0.003527604930531476
R-HSA-1250342,abstraction:NextStepPathway,R-HSA-1257604,0.003138642427053734
R-HSA-9033807,abstraction:NextStepPathway,R-HSA-9037629,0.005894863067619518
R-HSA-211957,abstraction:NextStepPathway,R-HSA-9749641,0.0017542540924986379
R-HSA-211957,abstraction:NextStepPathway,R-HSA-156588,0.001005823336236064
R-HSA-2151209,abstraction:NextStepPathway,R-HSA-2151201,0.0018777998081646121
R-HSA-190370,abstraction:NextStepPathway,R-HSA-5654688,0.001752023109989031
R-HSA-190370,abstraction:NextStepPathway,R-HSA-5654693,0.0015983745928531544
R-HSA-190370,abstraction:NextStepPathway,R-HSA-5654219,0.0019217070027849298
R-HSA-190370,abstraction:NextStepPathway,R-HSA-5654687,0.0014166774169532773
R-HSA-70268,abstraction:NextStepPathway,R-HSA-9856872,0.004046797098204272
R-HSA-70268,abstraction:NextStepPathway,R-HSA-71403,0.011010424611118962
R-HSA-70268,abstraction:NextStepPathway,R-HSA-8964539,0.007569833628773526
R-HSA-70268,abstraction:NextStepPathway,R-HSA-433692,0.0017980625268773803
R-HSA-70268,abstraction:NextStepPathway,R-HSA-9861559,0.011922051279623137
R-HSA-70268,abstraction:NextStepPathway,R-HSA-204174,0.02275090827732212
R-HSA-70268,abstraction:NextStepPathway,R-HSA-70263,0.010943186348295574
R-HSA-5357956,abstraction:NextStepPathway,R-HSA-5357905,0.01037459968239372
R-HSA-8941855,abstraction:NextStepPathway,R-HSA-8952158,0.0028456751903934495
R-HSA-9858328,abstraction:NextStepPathway,R-HSA-71064,0.011547678619276162
R-HSA-9730628,abstraction:NextStepPathway,R-HSA-9717207,0.0030659600379961986
R-HSA-70688,abstraction:NextStepPathway,R-HSA-8964539,0.005687202869951403
R-HSA-2151201,abstraction:NextStepPathway,R-HSA-111932,0.003941090140370889
R-HSA-2151201,abstraction:NextStepPathway,R-HSA-1989781,0.004601924878026005
R-HSA-2151201,abstraction:NextStepPathway,R-HSA-9933387,0.006044349679176127
R-HSA-2151201,abstraction:NextStepPathway,R-HSA-9031628,0.0007952800289777275
R-HSA-2151201,abstraction:NextStepPathway,R-HSA-163282,0.002421814183533491
R-HSA-2151201,abstraction:NextStepPathway,R-HSA-9707616,0.005841614932183582
R-HSA-2151201,abstraction:NextStepPathway,R-HSA-9634638,0.001121898928628456
R-HSA-2151201,abstraction:NextStepPathway,R-HSA-163316,0.0008046571830572475
R-HSA-2151201,abstraction:NextStepPathway,R-HSA-111931,0.0029299269562028584
R-HSA-2151201,abstraction:NextStepPathway,R-HSA-9931509,0.007263760090742945
R-HSA-193048,abstraction:NextStepPathway,R-HSA-3371497,0.0008534655774475259
R-HSA-193048,abstraction:NextStepPathway,R-HSA-193144,0.005184597097627856
R-HSA-193048,abstraction:NextStepPathway,R-HSA-194002,0.010374167540358727
R-HSA-193048,abstraction:NextStepPathway,R-HSA-211976,0.005011237325644287
R-HSA-212300,abstraction:NextStepPathway,R-HSA-9710421,0.0056358475672121456
R-HSA-1236382,abstraction:NextStepPathway,R-HSA-5637810,0.019401848364932077
R-HSA-9793380,abstraction:NextStepPathway,R-HSA-9824272,0.04816833203996927
R-HSA-77588,abstraction:NextStepPathway,R-HSA-73856,0.009130980570249025
R-HSA-77588,abstraction:NextStepPathway,R-HSA-159230,0.001690833713965293
R-HSA-9634597,abstraction:NextStepPathway,R-HSA-9009391,0.003468356086464482
R-HSA-9634597,abstraction:NextStepPathway,R-HSA-9660821,0.007593319257948062
R-HSA-9634597,abstraction:NextStepPathway,R-HSA-163615,0.003450665268606514
R-HSA-9634597,abstraction:NextStepPathway,R-HSA-432040,0.005848308036316929
R-HSA-9634597,abstraction:NextStepPathway,R-HSA-163358,0.001599796589730556
R-HSA-9634597,abstraction:NextStepPathway,R-HSA-9664323,0.0036552539465987844
R-HSA-9634597,abstraction:NextStepPathway,R-HSA-418594,0.006473669145702221
R-HSA-9634597,abstraction:NextStepPathway,R-HSA-418555,0.013466753214349095
R-HSA-9634597,abstraction:NextStepPathway,R-HSA-9856530,0.004646592986075195
R-HSA-9634597,abstraction:NextStepPathway,R-HSA-163560,0.0009695341896184963
R-HSA-9634597,abstraction:NextStepPathway,R-HSA-9634600,0.0013347665121097056
R-HSA-9634597,abstraction:NextStepPathway,R-HSA-164378,0.005478616674412119
R-HSA-9634597,abstraction:NextStepPathway,R-HSA-180024,0.0019259490760233286
R-HSA-9634597,abstraction:NextStepPathway,R-HSA-418597,0.008186743681873273
R-HSA-9634597,abstraction:NextStepPathway,R-HSA-442720,0.003574645938922976
R-HSA-9634597,abstraction:NextStepPathway,R-HSA-111931,0.004354235620105904
R-HSA-2730905,abstraction:NextStepPathway,R-HSA-2871837,0.002721598952678349
R-HSA-2730905,abstraction:NextStepPathway,R-HSA-202424,0.0025885386229254105
R-HSA-9662360,abstraction:NextStepPathway,R-HSA-9662361,0.03829526447567834
R-HSA-5689880,abstraction:NextStepPathway,R-HSA-2173795,0.0009075621035846818
R-HSA-9694614,abstraction:NextStepPathway,R-HSA-9694786,0.00116614011468641
R-HSA-9694614,abstraction:NextStepPathway,R-HSA-9694676,0.00040224909823013434
R-HSA-9694614,abstraction:NextStepPathway,R-HSA-9694686,0.0004105397310714188
R-HSA-9960519,abstraction:NextStepPathway,R-HSA-5620971,0.0025174522655084493
R-HSA-9960519,abstraction:NextStepPathway,R-HSA-9660826,0.000528051315690471
R-HSA-9960519,abstraction:NextStepPathway,R-HSA-448706,0.000867175160562228
R-HSA-936440,abstraction:NextStepPathway,R-HSA-1169408,0.001242311483225762
R-HSA-2467813,abstraction:NextStepPathway,R-HSA-176407,0.01095226657858996
R-HSA-2467813,abstraction:NextStepPathway,R-HSA-174154,0.03614569276013209
R-HSA-2142700,abstraction:NextStepPathway,R-HSA-2142691,0.00767247382309868
R-HSA-2142700,abstraction:NextStepPathway,R-HSA-444473,1.5362332500477067e-06
R-HSA-8849470,abstraction:NextStepPathway,R-HSA-69231,0.0016232977716390774
R-HSA-8849470,abstraction:NextStepPathway,R-HSA-187577,0.0035418800714785066
R-HSA-5654227,abstraction:NextStepPathway,R-HSA-1489509,0.0025470467324103887
R-HSA-5654227,abstraction:NextStepPathway,R-HSA-2029485,0.003992828110010579
R-HSA-5654227,abstraction:NextStepPathway,R-HSA-5218921,0.002592415295066397
R-HSA-5656121,abstraction:NextStepPathway,R-HSA-5656169,0.010026233831779153
R-HSA-5656121,abstraction:NextStepPathway,R-HSA-110313,0.015091172150530284
R-HSA-8939236,abstraction:NextStepPathway,R-HSA-9616222,0.0034710321346608595
R-HSA-9918481,abstraction:NextStepPathway,R-HSA-9920588,0.021161278388107434
R-HSA-77346,abstraction:NextStepPathway,R-HSA-77348,0.013219004357117304
R-HSA-77346,abstraction:NextStepPathway,R-HSA-611105,0.0018332696502156372
R-HSA-73776,abstraction:NextStepPathway,R-HSA-674695,0.03603249166441265
R-HSA-73776,abstraction:NextStepPathway,R-HSA-77075,0.02060658869429126
R-HSA-190827,abstraction:NextStepPathway,R-HSA-190704,0.0013282368898917443
R-HSA-351200,abstraction:NextStepPathway,R-HSA-141334,0.014377115758879244
R-HSA-9634635,abstraction:NextStepPathway,R-HSA-114604,0.0063087481597892256
R-HSA-196025,abstraction:NextStepPathway,R-HSA-190873,0.002741388852294343
R-HSA-9026357,abstraction:NextStepPathway,R-HSA-9026527,0.002291380387706032
R-HSA-9026357,abstraction:NextStepPathway,R-HSA-9026519,0.0019815341925484347
R-HSA-9026357,abstraction:NextStepPathway,R-HSA-9028731,0.0018277211068822088
R-HSA-9026357,abstraction:NextStepPathway,R-HSA-9028335,0.001871295654214645
R-HSA-2466712,abstraction:NextStepPathway,R-HSA-2453902,0.0027975036485455664
R-HSA-417957,abstraction:NextStepPathway,R-HSA-418592,0.0021348966341268386
R-HSA-417957,abstraction:NextStepPathway,R-HSA-418594,0.0006961368313204015
R-HSA-417957,abstraction:NextStepPathway,R-HSA-416476,0.0008165530455855521
R-HSA-417957,abstraction:NextStepPathway,R-HSA-392170,0.0014868080616297046
R-HSA-389958,abstraction:NextStepPathway,R-HSA-391251,0.018077533323151332
R-HSA-2022870,abstraction:NextStepPathway,R-HSA-2024101,3.3662206562221463e-06
R-HSA-2022870,abstraction:NextStepPathway,R-HSA-2022923,0.005586735109403743
R-HSA-977444,abstraction:NextStepPathway,R-HSA-997272,0.004560142650126635
R-HSA-977444,abstraction:NextStepPathway,R-HSA-1296041,0.004560142650126635
R-HSA-977444,abstraction:NextStepPathway,R-HSA-418594,0.004058966157323009
R-HSA-110373,abstraction:NextStepPathway,R-HSA-110362,0.013466753214349095
R-HSA-110373,abstraction:NextStepPathway,R-HSA-5651801,0.015743788227032714
R-HSA-1227986,abstraction:NextStepPathway,R-HSA-1963640,0.0036535818051998464
R-HSA-1227986,abstraction:NextStepPathway,R-HSA-6785631,0.0036535818051998464
R-HSA-1227986,abstraction:NextStepPathway,R-HSA-1358803,0.004580037533100492
R-HSA-1227986,abstraction:NextStepPathway,R-HSA-1963642,0.007393699980500424
R-HSA-1227986,abstraction:NextStepPathway,R-HSA-8847993,0.0027325194562005943
R-HSA-1227986,abstraction:NextStepPathway,R-HSA-1236394,0.006732966704858368
R-HSA-1227986,abstraction:NextStepPathway,R-HSA-1251932,0.0027325194562005943
R-HSA-1227986,abstraction:NextStepPathway,R-HSA-8863795,0.015192341846873195
R-HSA-1227986,abstraction:NextStepPathway,R-HSA-1306955,0.0009058872992617817
R-HSA-1227986,abstraction:NextStepPathway,R-HSA-1250196,0.007393699980500424
R-HSA-195399,abstraction:NextStepPathway,R-HSA-4420097,0.0004585472483560661
R-HSA-204005,abstraction:NextStepPathway,R-HSA-5694530,0.0022797034265499257
R-HSA-9694631,abstraction:NextStepPathway,R-HSA-9694322,0.0006012692807181039
R-HSA-9694631,abstraction:NextStepPathway,R-HSA-9694786,0.003998835098955992
R-HSA-9694631,abstraction:NextStepPathway,R-HSA-9755779,0.0023108615266631085
R-HSA-9694631,abstraction:NextStepPathway,R-HSA-9705671,0.001084841828963228
R-HSA-163316,abstraction:NextStepPathway,R-HSA-6785470,8.239582373746323e-07
R-HSA-163316,abstraction:NextStepPathway,R-HSA-8868766,8.606758586717612e-07
R-HSA-9683612,abstraction:NextStepPathway,R-HSA-9679509,0.0009472909472742392
R-HSA-68962,abstraction:NextStepPathway,R-HSA-68952,0.005906037220428174
R-HSA-68962,abstraction:NextStepPathway,R-HSA-69052,0.011223442569398234
R-HSA-444473,abstraction:NextStepPathway,R-HSA-418594,3.516746347916329e-06
R-HSA-5358606,abstraction:NextStepPathway,R-HSA-5358565,0.02269972082734401
R-HSA-2029485,abstraction:NextStepPathway,R-HSA-5578775,0.006294200706129359
R-HSA-2029485,abstraction:NextStepPathway,R-HSA-2514859,0.0025992672095197494
R-HSA-2029485,abstraction:NextStepPathway,R-HSA-2871809,0.009790796531653052
R-HSA-2029485,abstraction:NextStepPathway,R-HSA-9664422,0.0036510135962992867
R-HSA-2029485,abstraction:NextStepPathway,R-HSA-1855196,0.0006763914327711153
R-HSA-2029485,abstraction:NextStepPathway,R-HSA-1855204,0.0064589881167193145
R-HSA-2029485,abstraction:NextStepPathway,R-HSA-5607763,0.004953200915791278
R-HSA-2029485,abstraction:NextStepPathway,R-HSA-114508,0.006589114739672542
R-HSA-2029485,abstraction:NextStepPathway,R-HSA-1169091,0.001814587938773299
R-HSA-2029485,abstraction:NextStepPathway,R-HSA-9664323,0.0091464518114911
R-HSA-2029485,abstraction:NextStepPathway,R-HSA-112043,0.010111734104982622
R-HSA-2029485,abstraction:NextStepPathway,R-HSA-9856530,0.002477344979609111
R-HSA-2029485,abstraction:NextStepPathway,R-HSA-4086398,0.0053719863930148225
R-HSA-2029485,abstraction:NextStepPathway,R-HSA-111997,0.0032911272430284537
R-HSA-2029485,abstraction:NextStepPathway,R-HSA-445355,0.003449701839007848
R-HSA-2029485,abstraction:NextStepPathway,R-HSA-1489509,0.008694422757141178
R-HSA-2029485,abstraction:NextStepPathway,R-HSA-422356,0.006505893530824953
R-HSA-2029485,abstraction:NextStepPathway,R-HSA-1855183,0.0030641567274601513
R-HSA-2029485,abstraction:NextStepPathway,R-HSA-983695,0.007189163181037313
R-HSA-2029485,abstraction:NextStepPathway,R-HSA-2029482,0.0035790888897663624
R-HSA-2029485,abstraction:NextStepPathway,R-HSA-5218921,0.010030265988166025
R-HSA-168638,abstraction:NextStepPathway,R-HSA-5689896,0.004065273111470766
R-HSA-168638,abstraction:NextStepPathway,R-HSA-1810476,0.0036100063352285487
R-HSA-168638,abstraction:NextStepPathway,R-HSA-9020702,0.007064375740255681
R-HSA-168638,abstraction:NextStepPathway,R-HSA-9758274,0.0018044708730480617
R-HSA-168638,abstraction:NextStepPathway,R-HSA-525793,0.0018449587838271606
R-HSA-168638,abstraction:NextStepPathway,R-HSA-445989,0.0077314003049202785
R-HSA-168638,abstraction:NextStepPathway,R-HSA-5684264,0.004155414885514271
R-HSA-168638,abstraction:NextStepPathway,R-HSA-9860276,0.004155414885514271
R-HSA-168638,abstraction:NextStepPathway,R-HSA-9705671,0.0036771320532620324
R-HSA-168638,abstraction:NextStepPathway,R-HSA-933542,0.004011219276455538
R-HSA-975138,abstraction:NextStepPathway,R-HSA-975163,0.005192662045817482
R-HSA-2173795,abstraction:NextStepPathway,R-HSA-2173788,0.0032402591873992724
R-HSA-2173795,abstraction:NextStepPathway,R-HSA-2173796,0.004684679628165758
R-HSA-2173795,abstraction:NextStepPathway,R-HSA-5689880,0.0009075621035846818
R-HSA-5362517,abstraction:NextStepPathway,R-HSA-200425,0.0037381857118035508
R-HSA-5362517,abstraction:NextStepPathway,R-HSA-204174,0.013426265207729642
R-HSA-194313,abstraction:NextStepPathway,R-HSA-194138,0.0022613482540285545
R-HSA-194313,abstraction:NextStepPathway,R-HSA-195399,0.004379545050074912
R-HSA-446193,abstraction:NextStepPathway,R-HSA-9931295,0.0022881768545505326
R-HSA-9759194,abstraction:NextStepPathway,R-HSA-9818028,0.006973873478834627
R-HSA-9759194,abstraction:NextStepPathway,R-HSA-9755511,0.09664989632329885
R-HSA-9759194,abstraction:NextStepPathway,R-HSA-9818030,0.009801451309523309
R-HSA-9759194,abstraction:NextStepPathway,R-HSA-9818035,0.002078341325716285
R-HSA-9759194,abstraction:NextStepPathway,R-HSA-9909649,3.247180722410934e-05
R-HSA-9759194,abstraction:NextStepPathway,R-HSA-9818026,0.0027737104681092345
R-HSA-9759194,abstraction:NextStepPathway,R-HSA-9818749,0.004867735440850543
R-HSA-9759194,abstraction:NextStepPathway,R-HSA-9818032,0.0062704623035607695
R-HSA-9759194,abstraction:NextStepPathway,R-HSA-9818027,0.026532881876075325
R-HSA-9694594,abstraction:NextStepPathway,R-HSA-9694322,0.0009472909472742392
R-HSA-5673001,abstraction:NextStepPathway,R-HSA-375165,0.001994537833231862
R-HSA-5673001,abstraction:NextStepPathway,R-HSA-2559585,0.0005386704742541759
R-HSA-5673001,abstraction:NextStepPathway,R-HSA-444257,0.001494549436517442
R-HSA-5673001,abstraction:NextStepPathway,R-HSA-5673000,0.009849961535779836
R-HSA-5673001,abstraction:NextStepPathway,R-HSA-450341,0.0009531824200185679
R-HSA-5673001,abstraction:NextStepPathway,R-HSA-881907,0.0016526522770973987
R-HSA-5673001,abstraction:NextStepPathway,R-HSA-2559582,0.0008839786274479608
R-HSA-5673001,abstraction:NextStepPathway,R-HSA-8940973,0.0004532648594124141
R-HSA-5673001,abstraction:NextStepPathway,R-HSA-2871796,0.0013971901723613918
R-HSA-5673001,abstraction:NextStepPathway,R-HSA-198753,0.0019134529078087778
R-HSA-5673001,abstraction:NextStepPathway,R-HSA-5654733,0.0017692186324031098
R-HSA-5673001,abstraction:NextStepPathway,R-HSA-112409,0.004098989457512706
R-HSA-5673001,abstraction:NextStepPathway,R-HSA-9634638,0.0005012207607308769
R-HSA-5673001,abstraction:NextStepPathway,R-HSA-5654726,0.0016526522770973987
R-HSA-5673001,abstraction:NextStepPathway,R-HSA-5675221,0.014511968042605962
R-HSA-5673001,abstraction:NextStepPathway,R-HSA-5654727,0.0017692186324031098
R-HSA-5673001,abstraction:NextStepPathway,R-HSA-5654732,0.0017692186324031098
R-HSA-5673001,abstraction:NextStepPathway,R-HSA-170968,0.003816014082983921
R-HSA-5673001,abstraction:NextStepPathway,R-HSA-2559580,0.0010086228665988183
R-HSA-427601,abstraction:NextStepPathway,R-HSA-425381,0.0018118137351467894
R-HSA-427601,abstraction:NextStepPathway,R-HSA-174362,0.001658110355654367
R-HSA-167158,abstraction:NextStepPathway,R-HSA-167152,0.03104718675975157
R-HSA-167158,abstraction:NextStepPathway,R-HSA-167242,0.023587631596827956
R-HSA-8963684,abstraction:NextStepPathway,R-HSA-2142789,0.003843626894611656
R-HSA-8941856,abstraction:NextStepPathway,R-HSA-2122947,0.0061632510949498455
R-HSA-8941856,abstraction:NextStepPathway,R-HSA-210744,0.0066896274747373086
R-HSA-5684264,abstraction:NextStepPathway,R-HSA-110056,0.0017016483301429636
R-HSA-381033,abstraction:NextStepPathway,R-HSA-380994,0.004662396830325022
R-HSA-381033,abstraction:NextStepPathway,R-HSA-381183,0.016977940213347018
R-HSA-379716,abstraction:NextStepPathway,R-HSA-72695,4.499458822938515e-05
R-HSA-1855170,abstraction:NextStepPathway,R-HSA-1855184,0.0009632348424557628
R-HSA-1855170,abstraction:NextStepPathway,R-HSA-1855167,0.002698280617303216
R-HSA-9845614,abstraction:NextStepPathway,R-HSA-1660661,0.0036046572684307067
R-HSA-75105,abstraction:NextStepPathway,R-HSA-200425,0.005517964282198252
R-HSA-75105,abstraction:NextStepPathway,R-HSA-9918481,0.00028361940710217373
R-HSA-75105,abstraction:NextStepPathway,R-HSA-9969896,0.005476849776071089
R-HSA-72200,abstraction:NextStepPathway,R-HSA-73856,3.243834771417977e-06
R-HSA-9683610,abstraction:NextStepPathway,R-HSA-9692914,0.0013031869173498055
R-HSA-9683610,abstraction:NextStepPathway,R-HSA-9679509,0.0006634811958666258
R-HSA-9683610,abstraction:NextStepPathway,R-HSA-9735869,0.00040112034137058613
R-HSA-9683610,abstraction:NextStepPathway,R-HSA-9735871,0.0014011721201033095
R-HSA-9686347,abstraction:NextStepPathway,R-HSA-9692913,0.000784207914813846
R-HSA-205017,abstraction:NextStepPathway,R-HSA-205043,0.0019292847295407445
R-HSA-205017,abstraction:NextStepPathway,R-HSA-193681,0.002011275162370133
R-HSA-205017,abstraction:NextStepPathway,R-HSA-209543,0.0018639536031378207
R-HSA-205017,abstraction:NextStepPathway,R-HSA-193648,0.001835652870255715
R-HSA-9861559,abstraction:NextStepPathway,R-HSA-70268,0.011922051279623137
R-HSA-9861559,abstraction:NextStepPathway,R-HSA-5362517,0.010709562611430771
R-HSA-9861559,abstraction:NextStepPathway,R-HSA-204174,0.011788403811470095
R-HSA-9861559,abstraction:NextStepPathway,R-HSA-70263,0.0037601811280370775
R-HSA-8932506,abstraction:NextStepPathway,R-HSA-9939291,0.0038470810156427645
R-HSA-8932506,abstraction:NextStepPathway,R-HSA-8932505,0.00804083989319774
R-HSA-8932506,abstraction:NextStepPathway,R-HSA-8932504,0.012099630355654837
R-HSA-177929,abstraction:NextStepPathway,R-HSA-212718,0.003577019004334779
R-HSA-177929,abstraction:NextStepPathway,R-HSA-179812,0.004482833231995837
R-HSA-177929,abstraction:NextStepPathway,R-HSA-9009391,0.004726273309926049
R-HSA-177929,abstraction:NextStepPathway,R-HSA-9013507,0.0028764527015057344
R-HSA-177929,abstraction:NextStepPathway,R-HSA-180292,0.014809953984104767
R-HSA-177929,abstraction:NextStepPathway,R-HSA-1236394,0.008839955443629357
R-HSA-177929,abstraction:NextStepPathway,R-HSA-182971,0.019779129626835833
R-HSA-177929,abstraction:NextStepPathway,R-HSA-5638303,0.0006632319272372898
R-HSA-177929,abstraction:NextStepPathway,R-HSA-1227986,0.011001386633022942
R-HSA-177929,abstraction:NextStepPathway,R-HSA-180336,0.007230308473777029
R-HSA-9764725,abstraction:NextStepPathway,R-HSA-9856649,0.001802310569291422
R-HSA-9764725,abstraction:NextStepPathway,R-HSA-9764562,0.0006814686918457742
R-HSA-70370,abstraction:NextStepPathway,R-HSA-70221,0.006235333763687113
R-HSA-70370,abstraction:NextStepPathway,R-HSA-70263,0.0026215556423092074
R-HSA-5617472,abstraction:NextStepPathway,R-HSA-9830364,0.00039353115605286374
R-HSA-5617472,abstraction:NextStepPathway,R-HSA-9010553,1.8617819550723802e-06
R-HSA-1237112,abstraction:NextStepPathway,R-HSA-1614635,0.018262802026855818
R-HSA-1237112,abstraction:NextStepPathway,R-HSA-156581,0.003607208629865748
R-HSA-174178,abstraction:NextStepPathway,R-HSA-174084,0.048761336739705036
R-HSA-2142845,abstraction:NextStepPathway,R-HSA-2160916,0.0176771672739169
R-HSA-1912399,abstraction:NextStepPathway,R-HSA-1912420,0.00065636581175473
R-HSA-176187,abstraction:NextStepPathway,R-HSA-6804756,0.009171340026014548
R-HSA-176187,abstraction:NextStepPathway,R-HSA-69473,0.009953298283249692
R-HSA-176187,abstraction:NextStepPathway,R-HSA-75035,0.002697655917712739
R-HSA-176187,abstraction:NextStepPathway,R-HSA-69601,0.001506428486648911
R-HSA-4641262,abstraction:NextStepPathway,R-HSA-201681,0.00952230588856686
R-HSA-5625886,abstraction:NextStepPathway,R-HSA-1592389,3.5668583371009355e-06
R-HSA-5625886,abstraction:NextStepPathway,R-HSA-381426,0.0012158441667547673
R-HSA-9755779,abstraction:NextStepPathway,R-HSA-6804757,0.00283914520591169
R-HSA-9755779,abstraction:NextStepPathway,R-HSA-1358803,0.0017316797350762879
R-HSA-9755779,abstraction:NextStepPathway,R-HSA-8948751,0.0009622768128798554
R-HSA-9755779,abstraction:NextStepPathway,R-HSA-6804759,0.0014662837228759306
R-HSA-9755779,abstraction:NextStepPathway,R-HSA-389357,0.0055158414231232045
R-HSA-9755779,abstraction:NextStepPathway,R-HSA-69202,0.000856297996221314
R-HSA-9755779,abstraction:NextStepPathway,R-HSA-111447,0.001504571581778229
R-HSA-9755779,abstraction:NextStepPathway,R-HSA-5628897,0.0007943019052262972
R-HSA-9755779,abstraction:NextStepPathway,R-HSA-6804758,0.0011360825706781673
R-HSA-9755779,abstraction:NextStepPathway,R-HSA-8876198,0.0011772227667682287
R-HSA-9755779,abstraction:NextStepPathway,R-HSA-9604323,0.0009853739514822987
R-HSA-9755779,abstraction:NextStepPathway,R-HSA-198323,0.001504571581778229
R-HSA-9755779,abstraction:NextStepPathway,R-HSA-5218920,0.006800335125185119
R-HSA-9755779,abstraction:NextStepPathway,R-HSA-69656,0.0008616259870836448
R-HSA-9755779,abstraction:NextStepPathway,R-HSA-203615,0.0025416115926574375
R-HSA-9755779,abstraction:NextStepPathway,R-HSA-1257604,0.0033710104486981865
R-HSA-72706,abstraction:NextStepPathway,R-HSA-72731,0.00252157042550787
R-HSA-72706,abstraction:NextStepPathway,R-HSA-156902,0.06178142719650029
R-HSA-211945,abstraction:NextStepPathway,R-HSA-8963896,0.0018764075671121134
R-HSA-442720,abstraction:NextStepPathway,R-HSA-111932,0.005201371745089044
R-HSA-442720,abstraction:NextStepPathway,R-HSA-9660821,0.004799133782460953
R-HSA-442720,abstraction:NextStepPathway,R-HSA-163615,0.005345823537272894
R-HSA-442720,abstraction:NextStepPathway,R-HSA-432040,0.0033297257840035448
R-HSA-442720,abstraction:NextStepPathway,R-HSA-9031628,0.0019441502562684576
R-HSA-442720,abstraction:NextStepPathway,R-HSA-163358,0.0018256290622550007
R-HSA-442720,abstraction:NextStepPathway,R-HSA-9664323,0.007154089059823441
R-HSA-442720,abstraction:NextStepPathway,R-HSA-9856530,0.004750342398473693
R-HSA-442720,abstraction:NextStepPathway,R-HSA-163560,0.001192729404754029
R-HSA-442720,abstraction:NextStepPathway,R-HSA-9634638,0.0022882705611440624
R-HSA-442720,abstraction:NextStepPathway,R-HSA-9634600,0.0015600501446189647
R-HSA-442720,abstraction:NextStepPathway,R-HSA-164378,0.003057532168449264
R-HSA-442720,abstraction:NextStepPathway,R-HSA-180024,0.004478972762991861
R-HSA-442720,abstraction:NextStepPathway,R-HSA-9634597,0.003574645938922976
R-HSA-442720,abstraction:NextStepPathway,R-HSA-111931,0.0082644009539735
R-HSA-4085001,abstraction:NextStepPathway,R-HSA-727802,0.0019991370860053185
R-HSA-4085001,abstraction:NextStepPathway,R-HSA-9840309,0.003447276997605021
R-HSA-4085001,abstraction:NextStepPathway,R-HSA-446210,0.003260709406071824
R-HSA-4085001,abstraction:NextStepPathway,R-HSA-428643,0.0029390987756906027
R-HSA-4085001,abstraction:NextStepPathway,R-HSA-9840310,0.0023828660355709767
R-HSA-5610787,abstraction:NextStepPathway,R-HSA-5632684,0.03526953985544011
R-HSA-5610787,abstraction:NextStepPathway,R-HSA-5610783,0.03679802440353511
R-HSA-5610787,abstraction:NextStepPathway,R-HSA-8940973,0.0010436649593901291
R-HSA-5610787,abstraction:NextStepPathway,R-HSA-5610780,0.03679802440353511
R-HSA-5610787,abstraction:NextStepPathway,R-HSA-5610785,0.03679802440353511
R-HSA-2393930,abstraction:NextStepPathway,R-HSA-379716,0.0018941266280006232
R-HSA-2393930,abstraction:NextStepPathway,R-HSA-74217,0.006049342892937553
R-HSA-2393930,abstraction:NextStepPathway,R-HSA-71737,0.002821196871503111
R-HSA-2028269,abstraction:NextStepPathway,R-HSA-2032785,0.001123165155710185
R-HSA-171007,abstraction:NextStepPathway,R-HSA-4420097,0.004160077547998014
R-HSA-2395516,abstraction:NextStepPathway,R-HSA-1362409,0.006160463549365431
R-HSA-6782210,abstraction:NextStepPathway,R-HSA-6781827,0.039983943178775544
R-HSA-2142770,abstraction:NextStepPathway,R-HSA-2142700,0.003535149882610099
R-HSA-163754,abstraction:NextStepPathway,R-HSA-71336,0.008992445598428388
R-HSA-69620,abstraction:NextStepPathway,R-HSA-2555396,0.06914235222085172
R-HSA-8939902,abstraction:NextStepPathway,R-HSA-8878166,0.04549614517893845
R-HSA-8939902,abstraction:NextStepPathway,R-HSA-8940973,0.0010750955837198345
R-HSA-8939902,abstraction:NextStepPathway,R-HSA-8941284,0.00041352032233312114
R-HSA-8939902,abstraction:NextStepPathway,R-HSA-8941326,0.0008993040934153931
R-HSA-8939902,abstraction:NextStepPathway,R-HSA-2032785,1.5147304820744688e-05
R-HSA-75876,abstraction:NextStepPathway,R-HSA-75105,0.02605536209567171
R-HSA-434313,abstraction:NextStepPathway,R-HSA-200425,0.0012292630015586622
R-HSA-9729902,abstraction:NextStepPathway,R-HSA-5657655,0.0
R-HSA-9933946,abstraction:NextStepPathway,R-HSA-9934037,0.010052108313389924
R-HSA-167238,abstraction:NextStepPathway,R-HSA-167246,0.02896736911174804
R-HSA-192105,abstraction:NextStepPathway,R-HSA-1483248,0.0024566121109299245
R-HSA-74217,abstraction:NextStepPathway,R-HSA-499943,0.006158779746073974
R-HSA-74217,abstraction:NextStepPathway,R-HSA-74259,0.009678568962586292
R-HSA-74217,abstraction:NextStepPathway,R-HSA-379716,0.002688527228814977
R-HSA-74217,abstraction:NextStepPathway,R-HSA-71737,0.0029658932270996627
R-HSA-1482925,abstraction:NextStepPathway,R-HSA-1483171,0.0008694210740039918
R-HSA-9754189,abstraction:NextStepPathway,R-HSA-9823730,0.0040124030751186816
R-HSA-9754189,abstraction:NextStepPathway,R-HSA-9796292,0.0019147313778937513
R-HSA-9754189,abstraction:NextStepPathway,R-HSA-9758919,0.0012677512280874644
R-HSA-9754189,abstraction:NextStepPathway,R-HSA-9793380,0.0010682517506200315
R-HSA-9754189,abstraction:NextStepPathway,R-HSA-9733709,0.0013278085586052911
R-HSA-381676,abstraction:NextStepPathway,R-HSA-9660821,0.004156685712548553
R-HSA-381676,abstraction:NextStepPathway,R-HSA-432040,0.0038369822918406828
R-HSA-381676,abstraction:NextStepPathway,R-HSA-418555,0.0036498607092917278
R-HSA-381676,abstraction:NextStepPathway,R-HSA-9856530,0.003018740598904851
R-HSA-381676,abstraction:NextStepPathway,R-HSA-163359,0.0047029181264595914
R-HSA-381676,abstraction:NextStepPathway,R-HSA-422356,0.010684413435573628
R-HSA-381676,abstraction:NextStepPathway,R-HSA-9634597,0.004156685712548553
R-HSA-159418,abstraction:NextStepPathway,R-HSA-1989781,0.0009142148863789155
R-HSA-159418,abstraction:NextStepPathway,R-HSA-879518,0.002013277083520512
R-HSA-159418,abstraction:NextStepPathway,R-HSA-193368,0.008785489180296875
R-HSA-159418,abstraction:NextStepPathway,R-HSA-192105,0.007780664048831356
R-HSA-159418,abstraction:NextStepPathway,R-HSA-211976,0.002088518730519631
R-HSA-159418,abstraction:NextStepPathway,R-HSA-193807,0.002832246393744368
R-HSA-204174,abstraction:NextStepPathway,R-HSA-5362517,0.013426265207729642
R-HSA-204174,abstraction:NextStepPathway,R-HSA-9861559,0.011788403811470095
R-HSA-204174,abstraction:NextStepPathway,R-HSA-389661,0.005400110619068433
R-HSA-3299685,abstraction:NextStepPathway,R-HSA-499943,0.006238821024052304
R-HSA-3299685,abstraction:NextStepPathway,R-HSA-5628897,0.010952269761143572
R-HSA-3299685,abstraction:NextStepPathway,R-HSA-1222556,0.009308082399743846
R-HSA-3299685,abstraction:NextStepPathway,R-HSA-70268,0.006090543300592246
R-HSA-3299685,abstraction:NextStepPathway,R-HSA-9818027,0.004928395721661706
R-HSA-9753512,abstraction:NextStepPathway,R-HSA-9649948,0.001094260814962269
R-HSA-9911233,abstraction:NextStepPathway,R-HSA-2979096,2.4138083679763834e-06
R-HSA-3065676,abstraction:NextStepPathway,R-HSA-3065678,0.005345823537272894
R-HSA-8851907,abstraction:NextStepPathway,R-HSA-8875555,7.310863369289903e-07
R-HSA-8851907,abstraction:NextStepPathway,R-HSA-8865999,1.8274071629671197e-07
R-HSA-69183,abstraction:NextStepPathway,R-HSA-69166,0.020403819789545478
R-HSA-901042,abstraction:NextStepPathway,R-HSA-948021,0.0017357560377131308
R-HSA-901042,abstraction:NextStepPathway,R-HSA-901032,0.015938108690757992
R-HSA-8964540,abstraction:NextStepPathway,R-HSA-70268,0.0034765319531560672
R-HSA-9828806,abstraction:NextStepPathway,R-HSA-9833109,0.0015518584360456915
R-HSA-9828806,abstraction:NextStepPathway,R-HSA-9833110,0.00808275089316139
R-HSA-9828806,abstraction:NextStepPathway,R-HSA-9820962,0.00936883319898623
R-HSA-9828806,abstraction:NextStepPathway,R-HSA-9833482,0.0010394494299441042
R-HSA-9828806,abstraction:NextStepPathway,R-HSA-9828642,0.006751134242568369
R-HSA-70263,abstraction:NextStepPathway,R-HSA-70171,0.0138022803461215
R-HSA-70263,abstraction:NextStepPathway,R-HSA-9856872,0.0048563288337159505
R-HSA-70263,abstraction:NextStepPathway,R-HSA-71403,0.007737683507046093
R-HSA-70263,abstraction:NextStepPathway,R-HSA-5628897,0.005675747530912763
R-HSA-70263,abstraction:NextStepPathway,R-HSA-8964539,0.007543362331971078
R-HSA-70263,abstraction:NextStepPathway,R-HSA-70268,0.010943186348295574
R-HSA-70263,abstraction:NextStepPathway,R-HSA-428643,0.0029390987756906027
R-HSA-70263,abstraction:NextStepPathway,R-HSA-71336,0.005452945456905876
R-HSA-2559586,abstraction:NextStepPathway,R-HSA-69541,0.0016145034363251626
R-HSA-2559586,abstraction:NextStepPathway,R-HSA-5685939,0.001584083279668054
R-HSA-2559586,abstraction:NextStepPathway,R-HSA-5693565,0.005770654998358504
R-HSA-2559586,abstraction:NextStepPathway,R-HSA-2559582,0.0015837555690757302
R-HSA-2559586,abstraction:NextStepPathway,R-HSA-6804757,0.0019390157298201601
R-HSA-2559586,abstraction:NextStepPathway,R-HSA-6803204,0.0019129287181424762
R-HSA-2559586,abstraction:NextStepPathway,R-HSA-69202,0.0019086750861481154
R-HSA-2559586,abstraction:NextStepPathway,R-HSA-6804760,0.002241069545135119
R-HSA-2559586,abstraction:NextStepPathway,R-HSA-5693538,0.0045153791878205455
R-HSA-2559586,abstraction:NextStepPathway,R-HSA-6804756,0.0044103234725498715
R-HSA-2559586,abstraction:NextStepPathway,R-HSA-6803207,0.002199407268872223
R-HSA-2559586,abstraction:NextStepPathway,R-HSA-69473,0.005570807781284165
R-HSA-2559586,abstraction:NextStepPathway,R-HSA-69656,0.0013817224609145309
R-HSA-2559586,abstraction:NextStepPathway,R-HSA-349425,0.001698897082975638
R-HSA-2559586,abstraction:NextStepPathway,R-HSA-5693606,0.00726524532210528
R-HSA-2559586,abstraction:NextStepPathway,R-HSA-187577,0.0005892309133683041
R-HSA-2559586,abstraction:NextStepPathway,R-HSA-5693548,0.008031264130867405
R-HSA-2559586,abstraction:NextStepPathway,R-HSA-6804116,0.002333674471973562
R-HSA-2559586,abstraction:NextStepPathway,R-HSA-69563,0.003391117804230242
R-HSA-1971475,abstraction:NextStepPathway,R-HSA-2022928,0.002782567090379299
R-HSA-1971475,abstraction:NextStepPathway,R-HSA-2022870,0.0022683498254508767
R-HSA-9645460,abstraction:NextStepPathway,R-HSA-9020702,0.0030148211088069925
R-HSA-9645460,abstraction:NextStepPathway,R-HSA-445989,0.003028927702212837
R-HSA-9645460,abstraction:NextStepPathway,R-HSA-168638,0.00415541488551427
R-HSA-9645460,abstraction:NextStepPathway,R-HSA-9705671,0.0020534450650782367
R-HSA-174417,abstraction:NextStepPathway,R-HSA-171306,0.005272842365848988
R-HSA-77350,abstraction:NextStepPathway,R-HSA-611105,0.0020033237977158938
R-HSA-77350,abstraction:NextStepPathway,R-HSA-77352,0.008767958742550017
R-HSA-163767,abstraction:NextStepPathway,R-HSA-163358,0.0018854379707452388
R-HSA-163767,abstraction:NextStepPathway,R-HSA-163765,0.0006158227413990717
R-HSA-163767,abstraction:NextStepPathway,R-HSA-9634600,0.005320735673041467
R-HSA-982772,abstraction:NextStepPathway,R-HSA-1170546,0.00443713816425731
R-HSA-982772,abstraction:NextStepPathway,R-HSA-2586552,0.0034099144609224473
R-HSA-982772,abstraction:NextStepPathway,R-HSA-1266695,0.001197773632803716
R-HSA-982772,abstraction:NextStepPathway,R-HSA-512988,0.00269058537519127
R-HSA-982772,abstraction:NextStepPathway,R-HSA-9020558,0.0013287902168042354
R-HSA-982772,abstraction:NextStepPathway,R-HSA-9702518,0.001157453595632925
R-HSA-982772,abstraction:NextStepPathway,R-HSA-9703465,0.0011216742676488378
R-HSA-9683673,abstraction:NextStepPathway,R-HSA-9692916,0.00038838206322651023
R-HSA-9683673,abstraction:NextStepPathway,R-HSA-9679509,0.0007068728830922818
R-HSA-9683673,abstraction:NextStepPathway,R-HSA-9686347,0.0006837145767216374
R-HSA-9683673,abstraction:NextStepPathway,R-HSA-9735871,0.0006147018308474372
R-HSA-9683673,abstraction:NextStepPathway,R-HSA-9692913,0.0008074210835410502
R-HSA-6798163,abstraction:NextStepPathway,R-HSA-1614635,0.0043217183748317034
R-HSA-6798163,abstraction:NextStepPathway,R-HSA-196757,0.0018279196516706696
R-HSA-6798163,abstraction:NextStepPathway,R-HSA-156581,0.0037235158095017392
R-HSA-9909649,abstraction:NextStepPathway,R-HSA-9909620,0.0008286584676507407
R-HSA-2142688,abstraction:NextStepPathway,R-HSA-2142691,0.010196095099877671
R-HSA-2142688,abstraction:NextStepPathway,R-HSA-2142700,0.007182146748651044
R-HSA-8963693,abstraction:NextStepPathway,R-HSA-9856872,0.005343346921895534
R-HSA-8963693,abstraction:NextStepPathway,R-HSA-70635,0.0054005789746206356
R-HSA-8963693,abstraction:NextStepPathway,R-HSA-8964539,0.008472953626886482
R-HSA-8963693,abstraction:NextStepPathway,R-HSA-70268,0.005093465103106754
R-HSA-8963693,abstraction:NextStepPathway,R-HSA-379716,0.004245329617857649
R-HSA-8963693,abstraction:NextStepPathway,R-HSA-70263,0.005443490531171968
R-HSA-8963693,abstraction:NextStepPathway,R-HSA-442660,0.0008765367885195732
R-HSA-8963693,abstraction:NextStepPathway,R-HSA-71737,0.0012292630015586622
R-HSA-192456,abstraction:NextStepPathway,R-HSA-975634,0.00931480020916457
R-HSA-192456,abstraction:NextStepPathway,R-HSA-8963678,0.0006774954059732883
R-HSA-69656,abstraction:NextStepPathway,R-HSA-2559582,0.0007113729046191177
R-HSA-69656,abstraction:NextStepPathway,R-HSA-69273,0.004405548937234472
R-HSA-69656,abstraction:NextStepPathway,R-HSA-69202,0.05755540912404164
R-HSA-69656,abstraction:NextStepPathway,R-HSA-176408,0.025369372642916437
R-HSA-69656,abstraction:NextStepPathway,R-HSA-2559586,0.001381722460914531
R-HSA-69656,abstraction:NextStepPathway,R-HSA-187577,0.035363253945859346
R-HSA-69656,abstraction:NextStepPathway,R-HSA-6804116,0.0012403414567895984
R-HSA-69656,abstraction:NextStepPathway,R-HSA-69563,0.027092506292907426
R-HSA-2162123,abstraction:NextStepPathway,R-HSA-9018677,0.0045620709117461826
R-HSA-2162123,abstraction:NextStepPathway,R-HSA-211979,0.005805489293064581
R-HSA-2162123,abstraction:NextStepPathway,R-HSA-9018679,0.007498729485544739
R-HSA-2162123,abstraction:NextStepPathway,R-HSA-9027604,0.004692518845158883
R-HSA-2162123,abstraction:NextStepPathway,R-HSA-2142770,0.00623004975045784
R-HSA-2162123,abstraction:NextStepPathway,R-HSA-140180,0.007707390844327367
R-HSA-9694271,abstraction:NextStepPathway,R-HSA-9694686,0.005107111553936163
R-HSA-2424491,abstraction:NextStepPathway,R-HSA-2871796,0.01252785949440526
R-HSA-2424491,abstraction:NextStepPathway,R-HSA-5673001,0.0015549183119549317
R-HSA-452723,abstraction:NextStepPathway,R-HSA-2892245,0.008774390038738627
R-HSA-452723,abstraction:NextStepPathway,R-HSA-1234158,9.893638561081685e-06
R-HSA-452723,abstraction:NextStepPathway,R-HSA-1234176,0.00043579122393195045
R-HSA-452723,abstraction:NextStepPathway,R-HSA-1234174,0.0003505092307888823
R-HSA-452723,abstraction:NextStepPathway,R-HSA-2892247,0.01897355895762711
R-HSA-9702518,abstraction:NextStepPathway,R-HSA-9703465,0.01340551916416056
R-HSA-8963888,abstraction:NextStepPathway,R-HSA-8963901,0.010765683521773942
R-HSA-171306,abstraction:NextStepPathway,R-HSA-9670095,0.007483354801111454
R-HSA-171306,abstraction:NextStepPathway,R-HSA-2559586,0.007071618020638479
R-HSA-1461973,abstraction:NextStepPathway,R-HSA-1462054,0.006733723159543985
R-HSA-156842,abstraction:NextStepPathway,R-HSA-156902,0.07199962628844009
R-HSA-9854907,abstraction:NextStepPathway,R-HSA-9856649,0.0010795903111427067
R-HSA-8951671,abstraction:NextStepPathway,R-HSA-2032785,0.0038870781183321934
R-HSA-114604,abstraction:NextStepPathway,R-HSA-202433,0.003717439014000505
R-HSA-114604,abstraction:NextStepPathway,R-HSA-2871809,0.005325439534233758
R-HSA-114604,abstraction:NextStepPathway,R-HSA-9664422,0.004203777067664272
R-HSA-114604,abstraction:NextStepPathway,R-HSA-5627117,0.0018273903027628759
R-HSA-114604,abstraction:NextStepPathway,R-HSA-5607763,0.0004266279397373479
R-HSA-114604,abstraction:NextStepPathway,R-HSA-416482,0.0010981060545558917
R-HSA-114604,abstraction:NextStepPathway,R-HSA-114508,0.002485173225709604
R-HSA-114604,abstraction:NextStepPathway,R-HSA-416572,0.0027506841211581198
R-HSA-114604,abstraction:NextStepPathway,R-HSA-4420097,0.004959671874532005
R-HSA-114604,abstraction:NextStepPathway,R-HSA-389357,0.0032725723374730205
R-HSA-114604,abstraction:NextStepPathway,R-HSA-9664323,0.0038260559262682666
R-HSA-114604,abstraction:NextStepPathway,R-HSA-426048,0.0004442430235771629
R-HSA-114604,abstraction:NextStepPathway,R-HSA-112043,0.0033069448525714284
R-HSA-114604,abstraction:NextStepPathway,R-HSA-4086398,0.004203777067664272
R-HSA-114604,abstraction:NextStepPathway,R-HSA-1489509,0.002832246393744368
R-HSA-114604,abstraction:NextStepPathway,R-HSA-5218920,0.0024758506461468985
R-HSA-114604,abstraction:NextStepPathway,R-HSA-76005,0.0017345458957161487
R-HSA-114604,abstraction:NextStepPathway,R-HSA-422356,0.0037093202733940946
R-HSA-114604,abstraction:NextStepPathway,R-HSA-9634635,0.0063087481597892256
R-HSA-114604,abstraction:NextStepPathway,R-HSA-2029485,0.004632837325581881
R-HSA-114604,abstraction:NextStepPathway,R-HSA-392451,0.0053384089390346905
R-HSA-114604,abstraction:NextStepPathway,R-HSA-983695,0.00584285632171071
R-HSA-114604,abstraction:NextStepPathway,R-HSA-5218921,0.00456922967012683
R-HSA-114604,abstraction:NextStepPathway,R-HSA-1257604,0.0020539099195254194
R-HSA-9759811,abstraction:NextStepPathway,R-HSA-9762292,0.0017893417901095985
R-HSA-2672351,abstraction:NextStepPathway,R-HSA-9717207,0.0011814202676252083
R-HSA-2672351,abstraction:NextStepPathway,R-HSA-9730628,0.003804266209437154
R-HSA-6806942,abstraction:NextStepPathway,R-HSA-8851805,0.003513243011126911
R-HSA-6806942,abstraction:NextStepPathway,R-HSA-8875513,0.0017752359970171622
R-HSA-6806942,abstraction:NextStepPathway,R-HSA-8875791,0.004346429241372924
R-HSA-6806942,abstraction:NextStepPathway,R-HSA-8874081,0.004132715840851628
R-HSA-6806942,abstraction:NextStepPathway,R-HSA-8851907,0.0036604913917050444
R-HSA-6806942,abstraction:NextStepPathway,R-HSA-6807004,0.0047029181264595914
R-HSA-9969896,abstraction:NextStepPathway,R-HSA-446199,0.007785726682796362
R-HSA-9969896,abstraction:NextStepPathway,R-HSA-6807047,0.0028381938702767588
R-HSA-9969896,abstraction:NextStepPathway,R-HSA-6807062,0.0031684175651291615
R-HSA-9969896,abstraction:NextStepPathway,R-HSA-211976,0.0023101853328559695
R-HSA-210745,abstraction:NextStepPathway,R-HSA-70171,0.0008423790882234651
R-HSA-210745,abstraction:NextStepPathway,R-HSA-264876,0.00023534197259433934
R-HSA-6807062,abstraction:NextStepPathway,R-HSA-211897,0.004043278841520296
R-HSA-6807062,abstraction:NextStepPathway,R-HSA-9969901,0.007103858422188877
R-HSA-181430,abstraction:NextStepPathway,R-HSA-181429,0.014793187333138995
R-HSA-181430,abstraction:NextStepPathway,R-HSA-209905,0.0029829840771886463
R-HSA-181430,abstraction:NextStepPathway,R-HSA-212676,0.01550961680131441
R-HSA-181430,abstraction:NextStepPathway,R-HSA-442660,0.0015727707169198128
R-HSA-70895,abstraction:NextStepPathway,R-HSA-71032,0.0027232742267813766
R-HSA-70895,abstraction:NextStepPathway,R-HSA-71403,0.00743120401391054
R-HSA-70895,abstraction:NextStepPathway,R-HSA-210500,0.001706236747288049
R-HSA-70895,abstraction:NextStepPathway,R-HSA-9859138,0.010215145538149208
R-HSA-9931521,abstraction:NextStepPathway,R-HSA-9932298,6.2624324893344255e-06
R-HSA-8852276,abstraction:NextStepPathway,R-HSA-69481,0.025097806048541553
R-HSA-9853506,abstraction:NextStepPathway,R-HSA-1237044,0.0026446033359581213
R-HSA-9853506,abstraction:NextStepPathway,R-HSA-1475029,0.0014330354450338343
R-HSA-9853506,abstraction:NextStepPathway,R-HSA-71403,0.013471616469859818
R-HSA-9853506,abstraction:NextStepPathway,R-HSA-611105,0.0020683250053417763
R-HSA-5693616,abstraction:NextStepPathway,R-HSA-5693579,0.03184895904488045
R-HSA-5693616,abstraction:NextStepPathway,R-HSA-5693607,0.017862453812785728
R-HSA-186797,abstraction:NextStepPathway,R-HSA-186763,0.01652852395299855
R-HSA-389359,abstraction:NextStepPathway,R-HSA-5627123,0.0011881965575760176
R-HSA-389359,abstraction:NextStepPathway,R-HSA-5687128,0.000807452654091864
R-HSA-168142,abstraction:NextStepPathway,R-HSA-975871,0.04596510435705989
R-HSA-170968,abstraction:NextStepPathway,R-HSA-375165,0.002765341057918639
R-HSA-170968,abstraction:NextStepPathway,R-HSA-2559585,0.0011697108513079983
R-HSA-170968,abstraction:NextStepPathway,R-HSA-444257,0.002145407638448657
R-HSA-170968,abstraction:NextStepPathway,R-HSA-881907,0.002992192339116007
R-HSA-170968,abstraction:NextStepPathway,R-HSA-2559582,0.0008332534418315986
R-HSA-170968,abstraction:NextStepPathway,R-HSA-198753,0.0013347665121097056
R-HSA-170968,abstraction:NextStepPathway,R-HSA-5654733,0.0031115904531195003
R-HSA-170968,abstraction:NextStepPathway,R-HSA-202670,1.1882829964556263e-06
R-HSA-170968,abstraction:NextStepPathway,R-HSA-112409,0.001300635874258711
R-HSA-170968,abstraction:NextStepPathway,R-HSA-9634638,0.0011294274530232928
R-HSA-170968,abstraction:NextStepPathway,R-HSA-5654726,0.002992192339116007
R-HSA-170968,abstraction:NextStepPathway,R-HSA-5675221,0.003703211543247693
R-HSA-170968,abstraction:NextStepPathway,R-HSA-5673001,0.003816014082983921
R-HSA-170968,abstraction:NextStepPathway,R-HSA-5654727,0.0031115904531195003
R-HSA-170968,abstraction:NextStepPathway,R-HSA-5654732,0.0031115904531195003
R-HSA-9734281,abstraction:NextStepPathway,R-HSA-74259,1.2283096136622891e-06
R-HSA-9768727,abstraction:NextStepPathway,R-HSA-9764561,0.0011075543042523108
R-HSA-9768727,abstraction:NextStepPathway,R-HSA-9766229,0.0011281982469295829
R-HSA-9758890,abstraction:NextStepPathway,R-HSA-9759218,0.0009015026302162889
R-HSA-9018896,abstraction:NextStepPathway,R-HSA-373076,0.00042772745051596647
R-HSA-428643,abstraction:NextStepPathway,R-HSA-561048,0.0006367379172159365
R-HSA-428643,abstraction:NextStepPathway,R-HSA-196807,0.0018664823761119296
R-HSA-428643,abstraction:NextStepPathway,R-HSA-433692,0.0006367379172159365
R-HSA-428643,abstraction:NextStepPathway,R-HSA-70268,0.00237696071712071
R-HSA-428643,abstraction:NextStepPathway,R-HSA-75105,0.0012568431544699992
R-HSA-428643,abstraction:NextStepPathway,R-HSA-4085001,0.0029390987756906027
R-HSA-428643,abstraction:NextStepPathway,R-HSA-70263,0.0029390987756906027
R-HSA-428643,abstraction:NextStepPathway,R-HSA-1614517,0.0025510579886213894
R-HSA-196783,abstraction:NextStepPathway,R-HSA-199220,0.01839053421664014
R-HSA-9028335,abstraction:NextStepPathway,R-HSA-6811558,0.0032479021548908965
R-HSA-9028335,abstraction:NextStepPathway,R-HSA-1257604,0.002722272998833092
R-HSA-1362277,abstraction:NextStepPathway,R-HSA-1538133,0.019598765143072214
R-HSA-1362277,abstraction:NextStepPathway,R-HSA-1362300,0.006669330891221732
R-HSA-1362277,abstraction:NextStepPathway,R-HSA-69273,0.0002870992903154427
R-HSA-1362277,abstraction:NextStepPathway,R-HSA-69202,0.006839515786296931
R-HSA-1362277,abstraction:NextStepPathway,R-HSA-68689,0.0005069109859694113
R-HSA-1362277,abstraction:NextStepPathway,R-HSA-69656,0.006871923874771924
R-HSA-1362277,abstraction:NextStepPathway,R-HSA-69205,0.008916113564740043
R-HSA-9758920,abstraction:NextStepPathway,R-HSA-9793380,0.00032335811464625217
R-HSA-9022707,abstraction:NextStepPathway,R-HSA-9022692,0.0006403594747045985
R-HSA-8943723,abstraction:NextStepPathway,R-HSA-199418,0.0005153298911102282
R-HSA-8943723,abstraction:NextStepPathway,R-HSA-8948751,0.0003797408027783639
R-HSA-8943723,abstraction:NextStepPathway,R-HSA-6807070,0.006200593579699844
R-HSA-8943723,abstraction:NextStepPathway,R-HSA-5628897,0.0008365914744379127
R-HSA-8943723,abstraction:NextStepPathway,R-HSA-1660499,0.00046412847232004496
R-HSA-8943723,abstraction:NextStepPathway,R-HSA-202424,0.00031150979354985155
R-HSA-9824585,abstraction:NextStepPathway,R-HSA-1445148,0.0015304666950355353
R-HSA-210993,abstraction:NextStepPathway,R-HSA-5673001,0.0016018115153694232
R-HSA-1650814,abstraction:NextStepPathway,R-HSA-2022090,0.00042860303703168295
R-HSA-1650814,abstraction:NextStepPathway,R-HSA-8948216,0.0
R-HSA-9831926,abstraction:NextStepPathway,R-HSA-4086400,2.2781113475087326e-05
R-HSA-1369062,abstraction:NextStepPathway,R-HSA-75896,4.940119480040305e-06
R-HSA-1369062,abstraction:NextStepPathway,R-HSA-8964058,0.006059449770116759
R-HSA-419812,abstraction:NextStepPathway,R-HSA-9660821,1.6637836215059944e-06
R-HSA-419812,abstraction:NextStepPathway,R-HSA-418555,2.817062647623739e-06
R-HSA-1660499,abstraction:NextStepPathway,R-HSA-166058,0.0021647458952212175
R-HSA-1660499,abstraction:NextStepPathway,R-HSA-1482922,0.0011360825706781673
R-HSA-1660499,abstraction:NextStepPathway,R-HSA-199418,0.006680642473631836
R-HSA-1660499,abstraction:NextStepPathway,R-HSA-1855204,0.005118185680870307
R-HSA-1660499,abstraction:NextStepPathway,R-HSA-1660516,0.008765579913323208
R-HSA-1660499,abstraction:NextStepPathway,R-HSA-1660524,0.0009501832867035342
R-HSA-1660499,abstraction:NextStepPathway,R-HSA-6811558,0.005894863067619518
R-HSA-1660499,abstraction:NextStepPathway,R-HSA-202424,0.003821661442901316
R-HSA-1660499,abstraction:NextStepPathway,R-HSA-1257604,0.0037727388269691597
R-HSA-375276,abstraction:NextStepPathway,R-HSA-9660821,2.437438291300854e-05
R-HSA-375276,abstraction:NextStepPathway,R-HSA-9660826,0.0006643781001706662
R-HSA-375276,abstraction:NextStepPathway,R-HSA-418594,0.00018871164197456163
R-HSA-375276,abstraction:NextStepPathway,R-HSA-416476,5.804043043206284e-05
R-HSA-375276,abstraction:NextStepPathway,R-HSA-418555,0.0004024049258818943
R-HSA-5674135,abstraction:NextStepPathway,R-HSA-112409,0.0013938286120334547
R-HSA-5674135,abstraction:NextStepPathway,R-HSA-5673001,0.007547562030534285
R-HSA-5674135,abstraction:NextStepPathway,R-HSA-170968,0.003258655845783554
R-HSA-174154,abstraction:NextStepPathway,R-HSA-176407,0.014268912374884573
R-HSA-174154,abstraction:NextStepPathway,R-HSA-2467813,0.03614569276013209
R-HSA-2892247,abstraction:NextStepPathway,R-HSA-1181150,3.841882059256198e-06
R-HSA-2892247,abstraction:NextStepPathway,R-HSA-9833482,2.0411495145968126e-05
R-HSA-2892247,abstraction:NextStepPathway,R-HSA-190322,2.3046095839991606e-06
R-HSA-2892247,abstraction:NextStepPathway,R-HSA-2682334,1.8480652501950545e-05
R-HSA-2892247,abstraction:NextStepPathway,R-HSA-190372,3.0731591607056197e-06
R-HSA-2892247,abstraction:NextStepPathway,R-HSA-190370,0.0005218218517743792
R-HSA-2892247,abstraction:NextStepPathway,R-HSA-190373,0.0004989198151986432
R-HSA-392451,abstraction:NextStepPathway,R-HSA-389357,0.004655376888435139
R-HSA-392451,abstraction:NextStepPathway,R-HSA-198203,0.005525088061780199
R-HSA-392451,abstraction:NextStepPathway,R-HSA-5218920,0.002839983942649166
R-HSA-392451,abstraction:NextStepPathway,R-HSA-114604,0.0053384089390346905
R-HSA-392451,abstraction:NextStepPathway,R-HSA-1257604,0.0028996249401618025
R-HSA-2980766,abstraction:NextStepPathway,R-HSA-4419969,0.00981735475375694
R-HSA-112310,abstraction:NextStepPathway,R-HSA-112313,0.004955793873890191
R-HSA-110314,abstraction:NextStepPathway,R-HSA-110320,0.008453061150460881
R-HSA-110314,abstraction:NextStepPathway,R-HSA-110312,0.009048201067538692
R-HSA-110314,abstraction:NextStepPathway,R-HSA-5655862,0.009048201067538692
R-HSA-110314,abstraction:NextStepPathway,R-HSA-5656121,0.008907043734825482
R-HSA-352238,abstraction:NextStepPathway,R-HSA-111465,0.002675961294942266
R-HSA-211976,abstraction:NextStepPathway,R-HSA-193144,0.006633801363840292
R-HSA-211976,abstraction:NextStepPathway,R-HSA-193775,0.007737703591518456
R-HSA-211976,abstraction:NextStepPathway,R-HSA-196108,0.007412765122455789
R-HSA-211976,abstraction:NextStepPathway,R-HSA-194002,0.006346549212206422
R-HSA-211976,abstraction:NextStepPathway,R-HSA-6807047,0.005024177654008078
R-HSA-211976,abstraction:NextStepPathway,R-HSA-193368,0.0072495218195132195
R-HSA-211976,abstraction:NextStepPathway,R-HSA-193993,0.00919256323328162
R-HSA-211976,abstraction:NextStepPathway,R-HSA-193807,0.01007477762425615
R-HSA-192823,abstraction:NextStepPathway,R-HSA-9686347,0.0002702505322614967
R-HSA-192823,abstraction:NextStepPathway,R-HSA-168276,6.614210845857425e-05
R-HSA-5654689,abstraction:NextStepPathway,R-HSA-5654720,0.012643562270161661
R-HSA-5654689,abstraction:NextStepPathway,R-HSA-5654710,0.012643562270161661
R-HSA-5654689,abstraction:NextStepPathway,R-HSA-5654695,0.012643562270161661
R-HSA-5654689,abstraction:NextStepPathway,R-HSA-6811558,0.003056039163667174
R-HSA-5654689,abstraction:NextStepPathway,R-HSA-1257604,0.0024601359477499866
R-HSA-9679504,abstraction:NextStepPathway,R-HSA-9683439,0.0010208583121360847
R-HSA-9679504,abstraction:NextStepPathway,R-HSA-9684325,0.006292302649652158
R-HSA-9619483,abstraction:NextStepPathway,R-HSA-9833482,0.0018359291589388946
R-HSA-75035,abstraction:NextStepPathway,R-HSA-69478,0.005586735109403743
R-HSA-75035,abstraction:NextStepPathway,R-HSA-69273,0.004882238343274571
R-HSA-75035,abstraction:NextStepPathway,R-HSA-5625740,0.002033504849721948
R-HSA-453279,abstraction:NextStepPathway,R-HSA-69239,0.03732641453682245
R-HSA-453279,abstraction:NextStepPathway,R-HSA-69278,0.06532105461911589
R-HSA-453279,abstraction:NextStepPathway,R-HSA-69620,0.02414915629367541
R-HSA-9026762,abstraction:NextStepPathway,R-HSA-9026395,0.010087652312397994
R-HSA-9609690,abstraction:NextStepPathway,R-HSA-9610379,0.04948057539808693
R-HSA-9609690,abstraction:NextStepPathway,R-HSA-9833482,9.965629812104227e-07
R-HSA-139915,abstraction:NextStepPathway,R-HSA-111453,2.1923947742545303e-07
R-HSA-139915,abstraction:NextStepPathway,R-HSA-6803204,0.0015846052152961223
R-HSA-9682706,abstraction:NextStepPathway,R-HSA-9679509,0.0005666667576755504
R-HSA-8963889,abstraction:NextStepPathway,R-HSA-8963901,0.0037337872132391665
R-HSA-1236978,abstraction:NextStepPathway,R-HSA-983168,0.03076145432244306
R-HSA-1236978,abstraction:NextStepPathway,R-HSA-1236977,0.0020926544281975666
R-HSA-1236978,abstraction:NextStepPathway,R-HSA-983170,0.0011638254528410386
R-HSA-937042,abstraction:NextStepPathway,R-HSA-450302,0.0024314330127166756
R-HSA-937042,abstraction:NextStepPathway,R-HSA-9020702,0.004650352551636479
R-HSA-937042,abstraction:NextStepPathway,R-HSA-445989,0.003308410756119382
R-HSA-937042,abstraction:NextStepPathway,R-HSA-168638,0.00457509698379997
R-HSA-937042,abstraction:NextStepPathway,R-HSA-9705671,0.0023302059189141966
R-HSA-937042,abstraction:NextStepPathway,R-HSA-450321,0.0024314330127166756
R-HSA-375281,abstraction:NextStepPathway,R-HSA-9660821,1.9015741209786897e-06
R-HSA-375281,abstraction:NextStepPathway,R-HSA-416476,4.832521038618923e-06
R-HSA-375281,abstraction:NextStepPathway,R-HSA-418555,3.219681641187593e-06
R-HSA-112399,abstraction:NextStepPathway,R-HSA-109704,0.011284011419584159
R-HSA-114294,abstraction:NextStepPathway,R-HSA-5620971,6.582001905929305e-07
R-HSA-114294,abstraction:NextStepPathway,R-HSA-111457,2.1925182017905582e-07
R-HSA-8866907,abstraction:NextStepPathway,R-HSA-8866910,0.0005566636190879068
R-HSA-8866907,abstraction:NextStepPathway,R-HSA-8866904,0.0028456751903934495
R-HSA-8866907,abstraction:NextStepPathway,R-HSA-3232118,0.001413403362056817
R-HSA-8866907,abstraction:NextStepPathway,R-HSA-8866911,0.0007610315759251569
R-HSA-8866907,abstraction:NextStepPathway,R-HSA-8869496,9.870221252976342e-07
R-HSA-8866907,abstraction:NextStepPathway,R-HSA-8864260,0.0051483166256127725
R-HSA-8866907,abstraction:NextStepPathway,R-HSA-8866906,3.288962427556913e-07
R-HSA-442660,abstraction:NextStepPathway,R-HSA-379401,0.002521519697740604
R-HSA-442660,abstraction:NextStepPathway,R-HSA-916853,0.0019416897499327812
R-HSA-442660,abstraction:NextStepPathway,R-HSA-9856872,0.001111052781568154
R-HSA-442660,abstraction:NextStepPathway,R-HSA-8964539,0.0014268148649940484
R-HSA-442660,abstraction:NextStepPathway,R-HSA-181430,0.0015727707169198128
R-HSA-442660,abstraction:NextStepPathway,R-HSA-888590,0.003766102173034604
R-HSA-844623,abstraction:NextStepPathway,R-HSA-9660826,0.000707616879610317
R-HSA-844623,abstraction:NextStepPathway,R-HSA-448706,0.0010481133668297968
R-HSA-390696,abstraction:NextStepPathway,R-HSA-9660821,7.12889496371546e-07
R-HSA-390696,abstraction:NextStepPathway,R-HSA-416482,5.482838801624944e-07
R-HSA-390696,abstraction:NextStepPathway,R-HSA-416476,1.811684517234897e-06
R-HSA-390696,abstraction:NextStepPathway,R-HSA-418555,0.0006686956307572184
R-HSA-390696,abstraction:NextStepPathway,R-HSA-418597,5.482838801624944e-07
R-HSA-3371511,abstraction:NextStepPathway,R-HSA-3371571,0.002249360554681126
R-HSA-3371511,abstraction:NextStepPathway,R-HSA-3371453,0.0031599751060408143
R-HSA-888568,abstraction:NextStepPathway,R-HSA-888590,0.004720669722841727
R-HSA-77075,abstraction:NextStepPathway,R-HSA-72086,0.025545467935556503
R-HSA-75955,abstraction:NextStepPathway,R-HSA-674695,0.04506286230300713
R-HSA-9705671,abstraction:NextStepPathway,R-HSA-168928,0.011133897212278481
R-HSA-9705671,abstraction:NextStepPathway,R-HSA-1810476,0.002295224101324211
R-HSA-9705671,abstraction:NextStepPathway,R-HSA-975155,0.003004841686679657
R-HSA-9705671,abstraction:NextStepPathway,R-HSA-909733,0.0037283092922752565
R-HSA-9705671,abstraction:NextStepPathway,R-HSA-918233,0.006065814070243593
R-HSA-9705671,abstraction:NextStepPathway,R-HSA-9758274,0.0016042412960674576
R-HSA-9705671,abstraction:NextStepPathway,R-HSA-445989,0.004192913051594892
R-HSA-9705671,abstraction:NextStepPathway,R-HSA-5684264,0.002833642028372178
R-HSA-9705671,abstraction:NextStepPathway,R-HSA-912694,0.003208466262599521
R-HSA-9705671,abstraction:NextStepPathway,R-HSA-9860276,0.002833642028372178
R-HSA-9705671,abstraction:NextStepPathway,R-HSA-933542,0.003505489416310205
R-HSA-9705671,abstraction:NextStepPathway,R-HSA-166662,0.0019516792351852458
R-HSA-9705671,abstraction:NextStepPathway,R-HSA-983170,0.008480510515833596
R-HSA-111931,abstraction:NextStepPathway,R-HSA-111932,0.0047562540714767825
R-HSA-111931,abstraction:NextStepPathway,R-HSA-9616222,0.00035400493716139655
R-HSA-111931,abstraction:NextStepPathway,R-HSA-9660821,0.005535544492888182
R-HSA-111931,abstraction:NextStepPathway,R-HSA-9031628,0.001730301664291813
R-HSA-111931,abstraction:NextStepPathway,R-HSA-163358,0.0016933187057558915
R-HSA-111931,abstraction:NextStepPathway,R-HSA-9664323,0.007408091671024175
R-HSA-111931,abstraction:NextStepPathway,R-HSA-9634638,0.0020734872025402248
R-HSA-111931,abstraction:NextStepPathway,R-HSA-442720,0.0082644009539735
R-HSA-111931,abstraction:NextStepPathway,R-HSA-9022692,0.002458893971346936
R-HSA-4086400,abstraction:NextStepPathway,R-HSA-5663220,0.0013635999391226911
R-HSA-442982,abstraction:NextStepPathway,R-HSA-5673001,0.0020007367600065416
R-HSA-198765,abstraction:NextStepPathway,R-HSA-881907,0.0016697606139449814
R-HSA-198765,abstraction:NextStepPathway,R-HSA-2559582,0.0012822191643442422
R-HSA-198765,abstraction:NextStepPathway,R-HSA-198753,0.0030230099062255426
R-HSA-201722,abstraction:NextStepPathway,R-HSA-9796292,0.00039046471186636987
R-HSA-201722,abstraction:NextStepPathway,R-HSA-4086398,0.0002512104208731889
R-HSA-201722,abstraction:NextStepPathway,R-HSA-9824272,0.00016350777608279066
R-HSA-201722,abstraction:NextStepPathway,R-HSA-9793380,0.00013999267066046642
R-HSA-201722,abstraction:NextStepPathway,R-HSA-9909649,0.0024587925394127484
R-HSA-201722,abstraction:NextStepPathway,R-HSA-3769402,0.005560785848930034
R-HSA-349425,abstraction:NextStepPathway,R-HSA-69541,0.03642591784847732
R-HSA-349425,abstraction:NextStepPathway,R-HSA-6804756,0.0012230459635144916
R-HSA-349425,abstraction:NextStepPathway,R-HSA-69473,0.0013871396705050663
R-HSA-112411,abstraction:NextStepPathway,R-HSA-445144,0.0037411537068766155
R-HSA-112411,abstraction:NextStepPathway,R-HSA-112409,0.0056543303934884995
R-HSA-112411,abstraction:NextStepPathway,R-HSA-5673001,0.0017015337495421634
R-HSA-112411,abstraction:NextStepPathway,R-HSA-170968,0.0015997965897305562
R-HSA-1855191,abstraction:NextStepPathway,R-HSA-1855170,0.0027287969371236082
R-HSA-1855191,abstraction:NextStepPathway,R-HSA-1855192,0.0010208583121360847
R-HSA-5654219,abstraction:NextStepPathway,R-HSA-1489509,0.0025470467324103887
R-HSA-5654219,abstraction:NextStepPathway,R-HSA-2029485,0.003992828110010579
R-HSA-5654219,abstraction:NextStepPathway,R-HSA-5218921,0.002592415295066397
R-HSA-6802946,abstraction:NextStepPathway,R-HSA-6802955,0.013737640344407763
R-HSA-189200,abstraction:NextStepPathway,R-HSA-446205,0.0004498277622042283
R-HSA-140534,abstraction:NextStepPathway,R-HSA-75108,0.0006667209742574872
R-HSA-140534,abstraction:NextStepPathway,R-HSA-264870,0.0004898215591644841
R-HSA-140534,abstraction:NextStepPathway,R-HSA-5357905,0.0038309030652983944
R-HSA-140534,abstraction:NextStepPathway,R-HSA-9758274,0.0004498277622042283
R-HSA-140534,abstraction:NextStepPathway,R-HSA-75153,0.0002613754083835008
R-HSA-140534,abstraction:NextStepPathway,R-HSA-9686347,0.0013441436547265919
R-HSA-140534,abstraction:NextStepPathway,R-HSA-5675482,0.004971319339769444
R-HSA-1483115,abstraction:NextStepPathway,R-HSA-1483166,0.0024291875825882647
R-HSA-1483115,abstraction:NextStepPathway,R-HSA-264642,0.0004377937543309674
R-HSA-1483115,abstraction:NextStepPathway,R-HSA-1483191,0.0009303804837870295
R-HSA-983695,abstraction:NextStepPathway,R-HSA-5578775,0.005650681191970679
R-HSA-983695,abstraction:NextStepPathway,R-HSA-2514859,0.0016637347264790922
R-HSA-983695,abstraction:NextStepPathway,R-HSA-111932,0.002739225025030385
R-HSA-983695,abstraction:NextStepPathway,R-HSA-2871809,0.008843324195466675
R-HSA-983695,abstraction:NextStepPathway,R-HSA-1169092,0.0022513004245259863
R-HSA-983695,abstraction:NextStepPathway,R-HSA-442729,0.002739225025030385
R-HSA-983695,abstraction:NextStepPathway,R-HSA-5607763,0.0035676962101720984
R-HSA-983695,abstraction:NextStepPathway,R-HSA-139853,0.004690520726161305
R-HSA-983695,abstraction:NextStepPathway,R-HSA-389357,0.002333674471973562
R-HSA-983695,abstraction:NextStepPathway,R-HSA-1169091,0.0015689443705792854
R-HSA-983695,abstraction:NextStepPathway,R-HSA-9664323,0.007297441708935314
R-HSA-983695,abstraction:NextStepPathway,R-HSA-5627123,0.002199407268872223
R-HSA-983695,abstraction:NextStepPathway,R-HSA-112043,0.004669598541907884
R-HSA-983695,abstraction:NextStepPathway,R-HSA-9856530,0.0027960323875768937
R-HSA-983695,abstraction:NextStepPathway,R-HSA-4086398,0.004018174469586181
R-HSA-983695,abstraction:NextStepPathway,R-HSA-111933,0.002199407268872223
R-HSA-983695,abstraction:NextStepPathway,R-HSA-111997,0.002199407268872223
R-HSA-983695,abstraction:NextStepPathway,R-HSA-445355,0.0017361901984882058
R-HSA-983695,abstraction:NextStepPathway,R-HSA-1489509,0.005987093329947643
R-HSA-983695,abstraction:NextStepPathway,R-HSA-180024,0.002199407268872223
R-HSA-983695,abstraction:NextStepPathway,R-HSA-9620244,0.0024422200920295096
R-HSA-983695,abstraction:NextStepPathway,R-HSA-5218920,0.0023501396079941604
R-HSA-983695,abstraction:NextStepPathway,R-HSA-422356,0.0042415965139817255
R-HSA-983695,abstraction:NextStepPathway,R-HSA-2029485,0.007189163181037313
R-HSA-983695,abstraction:NextStepPathway,R-HSA-442720,0.0029658932270996627
R-HSA-983695,abstraction:NextStepPathway,R-HSA-114604,0.00584285632171071
R-HSA-983695,abstraction:NextStepPathway,R-HSA-392451,0.0029658932270996627
R-HSA-983695,abstraction:NextStepPathway,R-HSA-442982,0.0010883905941877453
R-HSA-983695,abstraction:NextStepPathway,R-HSA-2025928,0.0010883905941877453
R-HSA-983695,abstraction:NextStepPathway,R-HSA-111957,0.0012407755681544898
R-HSA-983695,abstraction:NextStepPathway,R-HSA-203615,0.0016468808317749838
R-HSA-983695,abstraction:NextStepPathway,R-HSA-5218921,0.006147660228802896
R-HSA-983695,abstraction:NextStepPathway,R-HSA-1257604,0.001430241551967821
R-HSA-1912420,abstraction:NextStepPathway,R-HSA-2979096,2.212532988127939e-06
R-HSA-1912420,abstraction:NextStepPathway,R-HSA-2122948,2.6151064396137435e-06
R-HSA-1912420,abstraction:NextStepPathway,R-HSA-9013507,3.219136855864915e-06
R-HSA-9024909,abstraction:NextStepPathway,R-HSA-9032500,0.004560142650126635
R-HSA-9024909,abstraction:NextStepPathway,R-HSA-9026527,0.002291380387706032
R-HSA-9024909,abstraction:NextStepPathway,R-HSA-9026519,0.0019815341925484347
R-HSA-9024909,abstraction:NextStepPathway,R-HSA-9028731,0.0018277211068822088
R-HSA-9024909,abstraction:NextStepPathway,R-HSA-9028335,0.001871295654214645
R-HSA-9024909,abstraction:NextStepPathway,R-HSA-9032845,0.004560142650126635
R-HSA-442380,abstraction:NextStepPathway,R-HSA-425410,0.004633396027950037
R-HSA-442380,abstraction:NextStepPathway,R-HSA-264876,0.0005225262952730974
R-HSA-442380,abstraction:NextStepPathway,R-HSA-1222556,5.774885437102379e-06
R-HSA-442380,abstraction:NextStepPathway,R-HSA-435368,0.0007936240294737641
R-HSA-442380,abstraction:NextStepPathway,R-HSA-6803544,9.139093829031694e-07
R-HSA-196836,abstraction:NextStepPathway,R-HSA-499943,0.0023840984492617843
R-HSA-196836,abstraction:NextStepPathway,R-HSA-5628897,0.002738137150462412
R-HSA-196836,abstraction:NextStepPathway,R-HSA-3299685,0.003762619324527796
R-HSA-112313,abstraction:NextStepPathway,R-HSA-112310,0.004955793873890191
R-HSA-9969901,abstraction:NextStepPathway,R-HSA-191273,0.012510168015365647
R-HSA-9969901,abstraction:NextStepPathway,R-HSA-211897,0.003600429613634685
R-HSA-9969901,abstraction:NextStepPathway,R-HSA-196791,0.004226008179473021
R-HSA-8868766,abstraction:NextStepPathway,R-HSA-9937008,0.010970406609401257
R-HSA-8868766,abstraction:NextStepPathway,R-HSA-6793080,0.015036377152664777
R-HSA-69205,abstraction:NextStepPathway,R-HSA-1362300,0.006768575738004535
R-HSA-69205,abstraction:NextStepPathway,R-HSA-8953750,0.001524609064675843
R-HSA-69205,abstraction:NextStepPathway,R-HSA-69202,0.0034893292341510625
R-HSA-69205,abstraction:NextStepPathway,R-HSA-68962,0.0021930126718340023
R-HSA-69205,abstraction:NextStepPathway,R-HSA-68689,0.0010710799445744833
R-HSA-69205,abstraction:NextStepPathway,R-HSA-69656,0.003511835955622207
R-HSA-69205,abstraction:NextStepPathway,R-HSA-1362277,0.008916113564740044
R-HSA-192905,abstraction:NextStepPathway,R-HSA-168325,0.002758502424392531
R-HSA-8949664,abstraction:NextStepPathway,R-HSA-8949215,0.015743788227032714
R-HSA-453274,abstraction:NextStepPathway,R-HSA-69278,0.09018357809855898
R-HSA-453274,abstraction:NextStepPathway,R-HSA-69620,0.016691278417415113
R-HSA-1222387,abstraction:NextStepPathway,R-HSA-1222541,0.0009993463253826973
R-HSA-9942503,abstraction:NextStepPathway,R-HSA-9020591,0.0014412768979837347
R-HSA-5663213,abstraction:NextStepPathway,R-HSA-9664422,0.0201195039083315
R-HSA-5663213,abstraction:NextStepPathway,R-HSA-2029482,0.019762369123085766
R-HSA-168288,abstraction:NextStepPathway,R-HSA-168336,0.019401848364932077
R-HSA-210990,abstraction:NextStepPathway,R-HSA-432142,0.00440056075315956
R-HSA-9694493,abstraction:NextStepPathway,R-HSA-9694322,0.0008074210835410502
R-HSA-9694493,abstraction:NextStepPathway,R-HSA-9705677,0.0008345461424079984
R-HSA-9694493,abstraction:NextStepPathway,R-HSA-9705671,0.0010234142599623744
R-HSA-933542,abstraction:NextStepPathway,R-HSA-1810476,0.00569797760918905
R-HSA-933542,abstraction:NextStepPathway,R-HSA-3134963,0.0007230524086627399
R-HSA-933542,abstraction:NextStepPathway,R-HSA-445989,0.006188549411356339
R-HSA-933542,abstraction:NextStepPathway,R-HSA-9909649,2.304089835180084e-06
R-HSA-187577,abstraction:NextStepPathway,R-HSA-69231,0.0036273782960737004
R-HSA-187577,abstraction:NextStepPathway,R-HSA-69202,0.03518757461707691
R-HSA-187577,abstraction:NextStepPathway,R-HSA-8849470,0.0035418800714785066
R-HSA-187577,abstraction:NextStepPathway,R-HSA-69656,0.035363253945859346
R-HSA-428540,abstraction:NextStepPathway,R-HSA-428543,0.005881000936659031
R-HSA-198933,abstraction:NextStepPathway,R-HSA-5676594,0.0007841687815194939
R-HSA-1660510,abstraction:NextStepPathway,R-HSA-1660499,0.0009501832867035342
R-HSA-1660510,abstraction:NextStepPathway,R-HSA-6811558,0.0010208583121360847
R-HSA-166166,abstraction:NextStepPathway,R-HSA-936964,0.012695157231278408
R-HSA-166166,abstraction:NextStepPathway,R-HSA-937072,0.01009400101602056
R-HSA-166166,abstraction:NextStepPathway,R-HSA-937041,0.01009400101602056
R-HSA-9010553,abstraction:NextStepPathway,R-HSA-376176,0.10453183430527432
R-HSA-9010553,abstraction:NextStepPathway,R-HSA-428542,0.0006370673655273005
R-HSA-9010553,abstraction:NextStepPathway,R-HSA-8985801,0.0004530155880752502
R-HSA-9010553,abstraction:NextStepPathway,R-HSA-9830674,0.00026826317080023157
R-HSA-9010553,abstraction:NextStepPathway,R-HSA-9010642,0.0006370673655273005
R-HSA-168179,abstraction:NextStepPathway,R-HSA-166058,0.04992099477467948
R-HSA-202427,abstraction:NextStepPathway,R-HSA-389948,0.006510307300967395
R-HSA-202427,abstraction:NextStepPathway,R-HSA-202430,0.012273031249177491
R-HSA-73843,abstraction:NextStepPathway,R-HSA-73817,0.0032541016385521115
R-HSA-73843,abstraction:NextStepPathway,R-HSA-500753,0.002807102320217246
R-HSA-9694686,abstraction:NextStepPathway,R-HSA-9694322,0.0005382685624369167
R-HSA-9694686,abstraction:NextStepPathway,R-HSA-9694786,0.011855545110599521
R-HSA-9694686,abstraction:NextStepPathway,R-HSA-9694676,0.0051272876673475205
R-HSA-1482883,abstraction:NextStepPathway,R-HSA-1483213,0.0010466579522449293
R-HSA-1482883,abstraction:NextStepPathway,R-HSA-1483191,0.0015294730039559792
R-HSA-8849473,abstraction:NextStepPathway,R-HSA-8847993,0.0009222578918780002
R-HSA-389661,abstraction:NextStepPathway,R-HSA-6783984,0.017931351325095674
R-HSA-389661,abstraction:NextStepPathway,R-HSA-3299685,0.00245087834834208
R-HSA-9754678,abstraction:NextStepPathway,R-HSA-191859,0.01072009868950147
R-HSA-1614517,abstraction:NextStepPathway,R-HSA-1614558,0.019073379867482566
R-HSA-1614517,abstraction:NextStepPathway,R-HSA-428643,0.0025510579886213894
R-HSA-2871837,abstraction:NextStepPathway,R-HSA-9020702,0.03452827525050435
R-HSA-2871837,abstraction:NextStepPathway,R-HSA-5607764,0.0439486168065494
R-HSA-2871837,abstraction:NextStepPathway,R-HSA-9909649,1.4889727896491069e-05
R-HSA-2871837,abstraction:NextStepPathway,R-HSA-202424,0.04265927786178902
R-HSA-2871837,abstraction:NextStepPathway,R-HSA-209560,0.0046219805116265245
R-HSA-2029481,abstraction:NextStepPathway,R-HSA-2454202,0.0014749988718839224
R-HSA-2029481,abstraction:NextStepPathway,R-HSA-2029482,0.0020058233447297455
R-HSA-189451,abstraction:NextStepPathway,R-HSA-917937,0.004696674786616754
R-HSA-189451,abstraction:NextStepPathway,R-HSA-9707564,0.005113104372235166
R-HSA-189451,abstraction:NextStepPathway,R-HSA-189483,0.004685436607687747
R-HSA-189451,abstraction:NextStepPathway,R-HSA-9755779,0.0016435558545044616
R-HSA-3247509,abstraction:NextStepPathway,R-HSA-1266695,0.00147456671086136
R-HSA-165159,abstraction:NextStepPathway,R-HSA-166208,0.02321147336217095
R-HSA-165159,abstraction:NextStepPathway,R-HSA-1632852,0.010989617560227809
R-HSA-165159,abstraction:NextStepPathway,R-HSA-380972,0.020051455919793192
R-HSA-165159,abstraction:NextStepPathway,R-HSA-5628897,0.011175207645361078
R-HSA-912446,abstraction:NextStepPathway,R-HSA-1221632,0.0016167503306349549
R-HSA-450321,abstraction:NextStepPathway,R-HSA-450341,0.002505130361057539
R-HSA-450321,abstraction:NextStepPathway,R-HSA-2871796,0.001995999071733795
R-HSA-450321,abstraction:NextStepPathway,R-HSA-2559580,0.0017975684261863048
R-HSA-168176,abstraction:NextStepPathway,R-HSA-975871,0.04540113900987611
R-HSA-5223345,abstraction:NextStepPathway,R-HSA-70921,0.000781031000942709
R-HSA-201451,abstraction:NextStepPathway,R-HSA-8941326,0.0016615563983000076
R-HSA-3238698,abstraction:NextStepPathway,R-HSA-4608870,6.757980303697647e-06
R-HSA-3238698,abstraction:NextStepPathway,R-HSA-4086398,4.77679682701411e-06
R-HSA-3238698,abstraction:NextStepPathway,R-HSA-9673324,2.798296518357376e-06
R-HSA-3238698,abstraction:NextStepPathway,R-HSA-5140745,8.224721202303468e-07
R-HSA-3238698,abstraction:NextStepPathway,R-HSA-5099900,1.6454075529643437e-06
R-HSA-3238698,abstraction:NextStepPathway,R-HSA-4086400,8.907298737471182e-06
R-HSA-3238698,abstraction:NextStepPathway,R-HSA-3772470,4.934277039597075e-07
R-HSA-3238698,abstraction:NextStepPathway,R-HSA-201681,0.00022832628271290926
R-HSA-9684325,abstraction:NextStepPathway,R-HSA-9692916,0.0010853042764069013
R-HSA-9684325,abstraction:NextStepPathway,R-HSA-9735869,3.7340104117017375e-06
R-HSA-9684325,abstraction:NextStepPathway,R-HSA-9679504,0.006292302649652158
R-HSA-112412,abstraction:NextStepPathway,R-HSA-74749,0.0018277211068822088
R-HSA-112412,abstraction:NextStepPathway,R-HSA-5673001,0.0010477357921144178
R-HSA-1362409,abstraction:NextStepPathway,R-HSA-9854311,0.007876772066241905
R-HSA-74713,abstraction:NextStepPathway,R-HSA-74749,0.005881000936659031
R-HSA-74713,abstraction:NextStepPathway,R-HSA-112399,0.0015738107000098731
R-HSA-74713,abstraction:NextStepPathway,R-HSA-112412,3.654402680132059e-07
R-HSA-427389,abstraction:NextStepPathway,R-HSA-427413,0.004517611910091906
R-HSA-427389,abstraction:NextStepPathway,R-HSA-73863,0.0009269754013750027
R-HSA-2562578,abstraction:NextStepPathway,R-HSA-264870,0.0005682335977922963
R-HSA-2562578,abstraction:NextStepPathway,R-HSA-9758274,0.0005279101624528673
R-HSA-2562578,abstraction:NextStepPathway,R-HSA-75153,0.0003359347061457538
R-HSA-2562578,abstraction:NextStepPathway,R-HSA-140534,0.009225825106060206
R-HSA-913709,abstraction:NextStepPathway,R-HSA-977068,0.005158272687655135
R-HSA-9823739,abstraction:NextStepPathway,R-HSA-9832991,0.009151229868566035
R-HSA-5357786,abstraction:NextStepPathway,R-HSA-5357905,0.012291204897062643
R-HSA-5357786,abstraction:NextStepPathway,R-HSA-3371378,0.004475636939929929
R-HSA-5357786,abstraction:NextStepPathway,R-HSA-69416,0.004475636939929929
R-HSA-5357786,abstraction:NextStepPathway,R-HSA-5218900,0.0007564246542049644
R-HSA-5357786,abstraction:NextStepPathway,R-HSA-5675482,0.003381835192774429
R-HSA-180336,abstraction:NextStepPathway,R-HSA-5673001,0.0021026318545219825
R-HSA-196791,abstraction:NextStepPathway,R-HSA-4090294,0.001959373905300229
R-HSA-196791,abstraction:NextStepPathway,R-HSA-211916,0.010049448145953807
R-HSA-426486,abstraction:NextStepPathway,R-HSA-426496,0.0
R-HSA-1855231,abstraction:NextStepPathway,R-HSA-1855156,0.0022775102455870845
R-HSA-1855231,abstraction:NextStepPathway,R-HSA-1855215,0.0022775102455870845
R-HSA-203615,abstraction:NextStepPathway,R-HSA-9009391,0.01601723570100541
R-HSA-203615,abstraction:NextStepPathway,R-HSA-203641,0.005255341724373924
R-HSA-203615,abstraction:NextStepPathway,R-HSA-1474151,0.015425656104596671
R-HSA-203615,abstraction:NextStepPathway,R-HSA-5218920,0.016629601285901314
R-HSA-9603381,abstraction:NextStepPathway,R-HSA-6811558,0.003056039163667174
R-HSA-9603381,abstraction:NextStepPathway,R-HSA-1257604,0.0024601359477499866
R-HSA-432720,abstraction:NextStepPathway,R-HSA-199992,0.02314209571157008
R-HSA-201681,abstraction:NextStepPathway,R-HSA-9834899,0.0003709824841814733
R-HSA-201681,abstraction:NextStepPathway,R-HSA-4641262,0.00952230588856686
R-HSA-201681,abstraction:NextStepPathway,R-HSA-9754189,0.0001143154564881319
R-HSA-201681,abstraction:NextStepPathway,R-HSA-9909649,0.0015593676914392425
R-HSA-201681,abstraction:NextStepPathway,R-HSA-201722,0.02011326927949187
R-HSA-201681,abstraction:NextStepPathway,R-HSA-3769402,0.014770837917384275
R-HSA-71336,abstraction:NextStepPathway,R-HSA-499943,0.004849711039060735
R-HSA-71336,abstraction:NextStepPathway,R-HSA-5628897,0.00555861367995753
R-HSA-71336,abstraction:NextStepPathway,R-HSA-163754,0.008992445598428388
R-HSA-71336,abstraction:NextStepPathway,R-HSA-3299685,0.0028712497626200576
R-HSA-71336,abstraction:NextStepPathway,R-HSA-73843,0.008992445598428388
R-HSA-6804114,abstraction:NextStepPathway,R-HSA-6804115,0.00094047334950656
R-HSA-6804114,abstraction:NextStepPathway,R-HSA-156711,0.0016531796686542258
R-HSA-6804114,abstraction:NextStepPathway,R-HSA-176187,0.0002851817318341469
R-HSA-6804114,abstraction:NextStepPathway,R-HSA-75035,0.002235856306947197
R-HSA-9012546,abstraction:NextStepPathway,R-HSA-9960525,0.0008262347663547166
R-HSA-9012546,abstraction:NextStepPathway,R-HSA-9960519,0.0008262347663547166
R-HSA-2029482,abstraction:NextStepPathway,R-HSA-9664422,0.026664225409579065
R-HSA-2029482,abstraction:NextStepPathway,R-HSA-5627123,0.003757305470873811
R-HSA-2029482,abstraction:NextStepPathway,R-HSA-5687128,0.000899737498380844
R-HSA-2029482,abstraction:NextStepPathway,R-HSA-5663213,0.019762369123085766
R-HSA-5693532,abstraction:NextStepPathway,R-HSA-5693538,0.07020039853480473
R-HSA-5654719,abstraction:NextStepPathway,R-HSA-5673001,0.002379651193493104
R-HSA-9840310,abstraction:NextStepPathway,R-HSA-9840309,0.0018691776378099458
R-HSA-9840310,abstraction:NextStepPathway,R-HSA-1660661,0.001196580092779816
R-HSA-9840310,abstraction:NextStepPathway,R-HSA-9845614,0.0041065690446933
R-HSA-9018519,abstraction:NextStepPathway,R-HSA-8939256,0.0034263603191051675
R-HSA-9018519,abstraction:NextStepPathway,R-HSA-1251985,0.0018300078093229737
R-HSA-9018519,abstraction:NextStepPathway,R-HSA-69231,0.0009393796593918338
R-HSA-9018519,abstraction:NextStepPathway,R-HSA-8931987,0.0072835020074899235
R-HSA-174411,abstraction:NextStepPathway,R-HSA-174414,0.012047407603633696
R-HSA-5218921,abstraction:NextStepPathway,R-HSA-5578775,0.006206508821773309
R-HSA-5218921,abstraction:NextStepPathway,R-HSA-2514859,0.0032832701551359774
R-HSA-5218921,abstraction:NextStepPathway,R-HSA-111932,0.0029574885205783056
R-HSA-5218921,abstraction:NextStepPathway,R-HSA-2871809,0.007540257320946117
R-HSA-5218921,abstraction:NextStepPathway,R-HSA-1855196,0.0006686956307572184
R-HSA-5218921,abstraction:NextStepPathway,R-HSA-1855204,0.005342247629923798
R-HSA-5218921,abstraction:NextStepPathway,R-HSA-442729,0.0029574885205783056
R-HSA-5218921,abstraction:NextStepPathway,R-HSA-5607763,0.004900147622943103
R-HSA-5218921,abstraction:NextStepPathway,R-HSA-114508,0.0054490695973082445
R-HSA-5218921,abstraction:NextStepPathway,R-HSA-9833482,0.001103305720456442
R-HSA-5218921,abstraction:NextStepPathway,R-HSA-1169091,0.001781919025541055
R-HSA-5218921,abstraction:NextStepPathway,R-HSA-9664323,0.007935063149391765
R-HSA-5218921,abstraction:NextStepPathway,R-HSA-5627123,0.0032483904508518995
R-HSA-5218921,abstraction:NextStepPathway,R-HSA-112043,0.00892381025116199
R-HSA-5218921,abstraction:NextStepPathway,R-HSA-9856530,0.004655014352442319
R-HSA-5218921,abstraction:NextStepPathway,R-HSA-4086398,0.006206508821773309
R-HSA-5218921,abstraction:NextStepPathway,R-HSA-4419969,0.003742269248801805
R-HSA-5218921,abstraction:NextStepPathway,R-HSA-111933,0.004135184681950415
R-HSA-5218921,abstraction:NextStepPathway,R-HSA-111997,0.004135184681950415
R-HSA-5218921,abstraction:NextStepPathway,R-HSA-445355,0.004187124512659895
R-HSA-5218921,abstraction:NextStepPathway,R-HSA-1489509,0.00965837979932085
R-HSA-5218921,abstraction:NextStepPathway,R-HSA-180024,0.0032483904508518995
R-HSA-5218921,abstraction:NextStepPathway,R-HSA-9620244,0.0026598970012408274
R-HSA-5218921,abstraction:NextStepPathway,R-HSA-5218920,0.004975861610412788
R-HSA-5218921,abstraction:NextStepPathway,R-HSA-422356,0.007299938898932604
R-HSA-5218921,abstraction:NextStepPathway,R-HSA-2029485,0.010030265988166026
R-HSA-5218921,abstraction:NextStepPathway,R-HSA-1855183,0.0022407245919198768
R-HSA-5218921,abstraction:NextStepPathway,R-HSA-442720,0.0031844499164802326
R-HSA-5218921,abstraction:NextStepPathway,R-HSA-442982,0.0020293975354356854
R-HSA-5218921,abstraction:NextStepPathway,R-HSA-983695,0.006147660228802896
R-HSA-5218921,abstraction:NextStepPathway,R-HSA-2025928,0.001192207671029967
R-HSA-5218921,abstraction:NextStepPathway,R-HSA-111957,0.0033401536848265507
R-HSA-5218921,abstraction:NextStepPathway,R-HSA-203615,0.003256819262875709
R-HSA-8941858,abstraction:NextStepPathway,R-HSA-8951911,0.0013055917006897224
R-HSA-8941858,abstraction:NextStepPathway,R-HSA-8951936,0.0021204835642721557
R-HSA-8941858,abstraction:NextStepPathway,R-HSA-8951430,0.0004399374504072246
R-HSA-8941858,abstraction:NextStepPathway,R-HSA-8949275,0.001137153461253788
R-HSA-8941858,abstraction:NextStepPathway,R-HSA-8941855,0.001028270563672129
R-HSA-8941858,abstraction:NextStepPathway,R-HSA-8941856,0.0009476726463856509
R-HSA-8941858,abstraction:NextStepPathway,R-HSA-8951671,0.00047188868643471826
R-HSA-1799339,abstraction:NextStepPathway,R-HSA-264876,5.4082555721683665e-05
R-HSA-193993,abstraction:NextStepPathway,R-HSA-193048,0.00920249423880451
R-HSA-193993,abstraction:NextStepPathway,R-HSA-211976,0.00919256323328162
R-HSA-9703465,abstraction:NextStepPathway,R-HSA-9702518,0.01340551916416056
R-HSA-9818749,abstraction:NextStepPathway,R-HSA-9755511,0.004664399944931837
R-HSA-9818749,abstraction:NextStepPathway,R-HSA-8951664,0.00030078852789485974
R-HSA-140837,abstraction:NextStepPathway,R-HSA-140875,0.004732545844477005
R-HSA-140837,abstraction:NextStepPathway,R-HSA-9657688,0.002957179461367785
R-HSA-140837,abstraction:NextStepPathway,R-HSA-9672383,0.003959406867103207
R-HSA-140837,abstraction:NextStepPathway,R-HSA-9657689,0.0019634808628580446
R-HSA-140837,abstraction:NextStepPathway,R-HSA-9672391,0.002957179461367785
R-HSA-432142,abstraction:NextStepPathway,R-HSA-418592,0.0032903699153200667
R-HSA-432142,abstraction:NextStepPathway,R-HSA-111995,0.0021541974268711288
R-HSA-432142,abstraction:NextStepPathway,R-HSA-210990,0.004400560753159562
R-HSA-191859,abstraction:NextStepPathway,R-HSA-9754678,0.01072009868950147
R-HSA-8849471,abstraction:NextStepPathway,R-HSA-9664422,0.0060825871201945405
R-HSA-8849471,abstraction:NextStepPathway,R-HSA-5663220,0.0034970121639460493
R-HSA-8849471,abstraction:NextStepPathway,R-HSA-5626467,2.047964457663759e-06
R-HSA-8849471,abstraction:NextStepPathway,R-HSA-4420097,0.0073613051785223135
R-HSA-8849471,abstraction:NextStepPathway,R-HSA-5627123,0.0018854061914038442
R-HSA-8849471,abstraction:NextStepPathway,R-HSA-399955,0.004815279140334361
R-HSA-8849471,abstraction:NextStepPathway,R-HSA-5625900,0.001243943578868556
R-HSA-8849471,abstraction:NextStepPathway,R-HSA-5625740,0.0025126900362290893
R-HSA-8849471,abstraction:NextStepPathway,R-HSA-5687128,0.001301974495582716
R-HSA-8849471,abstraction:NextStepPathway,R-HSA-389359,0.0041742194768953755
R-HSA-8849471,abstraction:NextStepPathway,R-HSA-5663213,0.0026714474402290194
R-HSA-8849471,abstraction:NextStepPathway,R-HSA-2029482,0.005982067030167849
R-HSA-8849471,abstraction:NextStepPathway,R-HSA-5625970,0.0008286584676507407
R-HSA-8982491,abstraction:NextStepPathway,R-HSA-71387,0.02351401421165578
R-HSA-112311,abstraction:NextStepPathway,R-HSA-9958517,0.002089996042032074
R-HSA-112311,abstraction:NextStepPathway,R-HSA-1483191,0.004285245117152085
R-HSA-9931509,abstraction:NextStepPathway,R-HSA-9931529,0.0012705131515358924
R-HSA-9931509,abstraction:NextStepPathway,R-HSA-1989781,0.0077043304911236735
R-HSA-9931509,abstraction:NextStepPathway,R-HSA-9933387,0.011404439687544584
R-HSA-9931509,abstraction:NextStepPathway,R-HSA-9707616,0.021404570717768637
R-HSA-9931509,abstraction:NextStepPathway,R-HSA-2151201,0.007263760090742945
R-HSA-69002,abstraction:NextStepPathway,R-HSA-69239,0.06038069955358151
R-HSA-69002,abstraction:NextStepPathway,R-HSA-69206,0.044091804208643726
R-HSA-211999,abstraction:NextStepPathway,R-HSA-156590,0.0002901895637976125
R-HSA-1855192,abstraction:NextStepPathway,R-HSA-1855231,0.0011285927055063546
R-HSA-399954,abstraction:NextStepPathway,R-HSA-2029482,0.004520948368907768
R-HSA-9753281,abstraction:NextStepPathway,R-HSA-174403,0.007054421828753917
R-HSA-9753281,abstraction:NextStepPathway,R-HSA-2162123,0.0025567272709912823
R-HSA-392170,abstraction:NextStepPathway,R-HSA-418217,2.740647733167951e-07
R-HSA-392170,abstraction:NextStepPathway,R-HSA-170670,0.0031583728569300586
R-HSA-392170,abstraction:NextStepPathway,R-HSA-8964315,1.8269956530553582e-07
R-HSA-392170,abstraction:NextStepPathway,R-HSA-418594,0.0030124176369604383
R-HSA-392170,abstraction:NextStepPathway,R-HSA-4086398,0.0022686736655361233
R-HSA-392170,abstraction:NextStepPathway,R-HSA-392451,0.0007665172539396248
R-HSA-392170,abstraction:NextStepPathway,R-HSA-8964616,0.000867175160562228
R-HSA-5601884,abstraction:NextStepPathway,R-HSA-9845323,0.001501004250041869
R-HSA-9933939,abstraction:NextStepPathway,R-HSA-9933947,0.002011275162370133
R-HSA-389599,abstraction:NextStepPathway,R-HSA-389887,0.003976252221111855
R-HSA-5693548,abstraction:NextStepPathway,R-HSA-69541,0.0016387458348383196
R-HSA-5693548,abstraction:NextStepPathway,R-HSA-5685939,0.002171154368447709
R-HSA-5693548,abstraction:NextStepPathway,R-HSA-5693565,0.005165501651611905
R-HSA-5693548,abstraction:NextStepPathway,R-HSA-6804757,0.001881644206655504
R-HSA-5693548,abstraction:NextStepPathway,R-HSA-6803204,0.00186226810690821
R-HSA-5693548,abstraction:NextStepPathway,R-HSA-6804760,0.0021038936800800057
R-HSA-5693548,abstraction:NextStepPathway,R-HSA-5693538,0.00430276895646544
R-HSA-5693548,abstraction:NextStepPathway,R-HSA-6804756,0.0047195077460516245
R-HSA-5693548,abstraction:NextStepPathway,R-HSA-6803207,0.0020734872025402248
R-HSA-5693548,abstraction:NextStepPathway,R-HSA-2559586,0.008031264130867405
R-HSA-5693548,abstraction:NextStepPathway,R-HSA-349425,0.001702303271376538
R-HSA-5693548,abstraction:NextStepPathway,R-HSA-5693606,0.008734103564285679
R-HSA-9692913,abstraction:NextStepPathway,R-HSA-9686347,0.0007842079148138459
R-HSA-71240,abstraction:NextStepPathway,R-HSA-196807,0.00467837101592447
R-HSA-162592,abstraction:NextStepPathway,R-HSA-164843,0.013884945604947328
R-HSA-162592,abstraction:NextStepPathway,R-HSA-175567,0.008852870775545835
R-HSA-162592,abstraction:NextStepPathway,R-HSA-177539,0.008852870775545835
R-HSA-166662,abstraction:NextStepPathway,R-HSA-166663,0.009299240890081268
R-HSA-6804116,abstraction:NextStepPathway,R-HSA-9617828,0.002519479962831497
R-HSA-6804116,abstraction:NextStepPathway,R-HSA-2559582,0.00027816180254021134
R-HSA-6804116,abstraction:NextStepPathway,R-HSA-69895,0.006445215180603839
R-HSA-6804116,abstraction:NextStepPathway,R-HSA-69202,0.0012323067551830791
R-HSA-6804116,abstraction:NextStepPathway,R-HSA-2559586,0.002333674471973562
R-HSA-6804116,abstraction:NextStepPathway,R-HSA-69656,0.0012403414567895984
R-HSA-6804116,abstraction:NextStepPathway,R-HSA-8852276,0.0008153989132815643
R-HSA-6804116,abstraction:NextStepPathway,R-HSA-187577,1.0991687048042975e-05
R-HSA-6804116,abstraction:NextStepPathway,R-HSA-69563,0.004343089225105451
R-HSA-162699,abstraction:NextStepPathway,R-HSA-8932505,0.001390460081943847
R-HSA-162699,abstraction:NextStepPathway,R-HSA-162710,0.0018335326650705506
R-HSA-162699,abstraction:NextStepPathway,R-HSA-8932506,0.0015097485269463346
R-HSA-162699,abstraction:NextStepPathway,R-HSA-8932504,0.0014755263796642519
R-HSA-9022692,abstraction:NextStepPathway,R-HSA-9022702,0.0006022362214298049
R-HSA-9022692,abstraction:NextStepPathway,R-HSA-8986944,0.007151731872517227
R-HSA-9022692,abstraction:NextStepPathway,R-HSA-9022699,0.00042117505647532103
R-HSA-6811558,abstraction:NextStepPathway,R-HSA-166058,0.005742742858605032
R-HSA-6811558,abstraction:NextStepPathway,R-HSA-199418,0.01899096034406501
R-HSA-6811558,abstraction:NextStepPathway,R-HSA-1855204,0.003665326169920457
R-HSA-6811558,abstraction:NextStepPathway,R-HSA-1660516,0.00437152490136886
R-HSA-6811558,abstraction:NextStepPathway,R-HSA-389357,0.0027376849988371946
R-HSA-6811558,abstraction:NextStepPathway,R-HSA-5218920,0.002865136426571544
R-HSA-6811558,abstraction:NextStepPathway,R-HSA-114604,0.0023404028745856167
R-HSA-6811558,abstraction:NextStepPathway,R-HSA-1660499,0.005894863067619518
R-HSA-6811558,abstraction:NextStepPathway,R-HSA-202424,0.0037386680473055264
R-HSA-6811558,abstraction:NextStepPathway,R-HSA-1257604,0.012314746758136146
R-HSA-69563,abstraction:NextStepPathway,R-HSA-2559582,0.0008141359394240556
R-HSA-69563,abstraction:NextStepPathway,R-HSA-69656,0.027092506292907426
R-HSA-69563,abstraction:NextStepPathway,R-HSA-187577,0.028780649831601238
R-HSA-2032785,abstraction:NextStepPathway,R-HSA-5578768,0.005729748879711605
R-HSA-2032785,abstraction:NextStepPathway,R-HSA-8940973,0.0010515269418277958
R-HSA-2032785,abstraction:NextStepPathway,R-HSA-9796292,0.001243943578868556
R-HSA-2032785,abstraction:NextStepPathway,R-HSA-9909649,0.0011900230311723892
R-HSA-2032785,abstraction:NextStepPathway,R-HSA-8951671,0.0038870781183321934
R-HSA-202424,abstraction:NextStepPathway,R-HSA-1855204,0.0031614024619860083
R-HSA-202424,abstraction:NextStepPathway,R-HSA-9020702,0.032283800683616797
R-HSA-202424,abstraction:NextStepPathway,R-HSA-1660516,0.0022239739474822365
R-HSA-202424,abstraction:NextStepPathway,R-HSA-389357,0.0024470215126886825
R-HSA-202424,abstraction:NextStepPathway,R-HSA-5607764,0.03932171267431154
R-HSA-202424,abstraction:NextStepPathway,R-HSA-5218920,0.0016665308819754508
R-HSA-202424,abstraction:NextStepPathway,R-HSA-2730905,0.0025885386229254105
R-HSA-202424,abstraction:NextStepPathway,R-HSA-9909649,1.7466811881027998e-05
R-HSA-202424,abstraction:NextStepPathway,R-HSA-114604,0.0019434730244638244
R-HSA-202424,abstraction:NextStepPathway,R-HSA-1660499,0.003821661442901316
R-HSA-202424,abstraction:NextStepPathway,R-HSA-392451,0.00330777658921311
R-HSA-202424,abstraction:NextStepPathway,R-HSA-2871837,0.04265927786178902
R-HSA-202424,abstraction:NextStepPathway,R-HSA-6811558,0.0037386680473055264
R-HSA-202424,abstraction:NextStepPathway,R-HSA-1257604,0.024047512679712807
R-HSA-202424,abstraction:NextStepPathway,R-HSA-209560,0.004431077077100792
R-HSA-5607761,abstraction:NextStepPathway,R-HSA-5607764,0.03496350758071203
R-HSA-5607761,abstraction:NextStepPathway,R-HSA-2871837,0.031229632968341987
R-HSA-5607761,abstraction:NextStepPathway,R-HSA-202424,0.02972105474036825
R-HSA-156902,abstraction:NextStepPathway,R-HSA-156842,0.07199962628844009
R-HSA-156902,abstraction:NextStepPathway,R-HSA-72764,0.06634951219771629
R-HSA-1257604,abstraction:NextStepPathway,R-HSA-199418,0.013794401883427485
R-HSA-1257604,abstraction:NextStepPathway,R-HSA-6804757,0.007986212448772638
R-HSA-1257604,abstraction:NextStepPathway,R-HSA-1358803,0.0008855711816176284
R-HSA-1257604,abstraction:NextStepPathway,R-HSA-5674400,0.013794401883427485
R-HSA-1257604,abstraction:NextStepPathway,R-HSA-8941332,0.0006659692125822294
R-HSA-1257604,abstraction:NextStepPathway,R-HSA-8948751,0.032937140833411135
R-HSA-1257604,abstraction:NextStepPathway,R-HSA-198693,0.003575502740419269
R-HSA-1257604,abstraction:NextStepPathway,R-HSA-6804759,0.0011632110759410546
R-HSA-1257604,abstraction:NextStepPathway,R-HSA-389357,0.0074322841784264845
R-HSA-1257604,abstraction:NextStepPathway,R-HSA-69202,0.020842217798414837
R-HSA-1257604,abstraction:NextStepPathway,R-HSA-111447,0.0025797340065438976
R-HSA-1257604,abstraction:NextStepPathway,R-HSA-5628897,0.007618406790623155
R-HSA-1257604,abstraction:NextStepPathway,R-HSA-6804758,0.006473951395642274
R-HSA-1257604,abstraction:NextStepPathway,R-HSA-8876198,0.0007350106850530756
R-HSA-1257604,abstraction:NextStepPathway,R-HSA-9604323,0.023135049317407754
R-HSA-1257604,abstraction:NextStepPathway,R-HSA-9614399,0.000813878029246534
R-HSA-1257604,abstraction:NextStepPathway,R-HSA-9634638,0.0008542363242186318
R-HSA-1257604,abstraction:NextStepPathway,R-HSA-198323,0.006463061525653699
R-HSA-1257604,abstraction:NextStepPathway,R-HSA-5218920,0.006242422261754683
R-HSA-1257604,abstraction:NextStepPathway,R-HSA-9634635,0.002722272998833092
R-HSA-1257604,abstraction:NextStepPathway,R-HSA-9755779,0.0033710104486981865
R-HSA-1257604,abstraction:NextStepPathway,R-HSA-69656,0.020994357975103312
R-HSA-1257604,abstraction:NextStepPathway,R-HSA-114604,0.0020539099195254194
R-HSA-1257604,abstraction:NextStepPathway,R-HSA-1660499,0.0037727388269691597
R-HSA-1257604,abstraction:NextStepPathway,R-HSA-203615,0.00081769310203974
R-HSA-1257604,abstraction:NextStepPathway,R-HSA-6811558,0.012314746758136146
R-HSA-1257604,abstraction:NextStepPathway,R-HSA-202424,0.024047512679712807
R-HSA-2559580,abstraction:NextStepPathway,R-HSA-450302,0.0017975684261863048
R-HSA-2559580,abstraction:NextStepPathway,R-HSA-2559585,0.006470826676496705
R-HSA-2559580,abstraction:NextStepPathway,R-HSA-69481,0.0009268442298148754
R-HSA-2559580,abstraction:NextStepPathway,R-HSA-69541,0.0014924525620784524
R-HSA-2559580,abstraction:NextStepPathway,R-HSA-450341,0.003208631810059062
R-HSA-2559580,abstraction:NextStepPathway,R-HSA-2559582,0.0032677500258665067
R-HSA-2559580,abstraction:NextStepPathway,R-HSA-6804757,0.0018151991139782504
R-HSA-2559580,abstraction:NextStepPathway,R-HSA-69231,0.0008277731684082055
R-HSA-2559580,abstraction:NextStepPathway,R-HSA-2871796,0.0027129389715360875
R-HSA-2559580,abstraction:NextStepPathway,R-HSA-6811555,0.001529336681067736
R-HSA-2559580,abstraction:NextStepPathway,R-HSA-8853884,0.0021696667471969282
R-HSA-2559580,abstraction:NextStepPathway,R-HSA-6804756,0.0012408209501742007
R-HSA-2559580,abstraction:NextStepPathway,R-HSA-9909649,0.003903510007378717
R-HSA-2559580,abstraction:NextStepPathway,R-HSA-8852276,0.0009962389244322564
R-HSA-2559580,abstraction:NextStepPathway,R-HSA-450321,0.0017975684261863048
R-HSA-2559580,abstraction:NextStepPathway,R-HSA-111471,0.001367937141968036
R-HSA-9759218,abstraction:NextStepPathway,R-HSA-71032,0.0023199827013444477
R-HSA-9759218,abstraction:NextStepPathway,R-HSA-1614635,0.009128799517171354
R-HSA-9759218,abstraction:NextStepPathway,R-HSA-156581,0.009283651453470043
R-HSA-8985947,abstraction:NextStepPathway,R-HSA-9020958,0.005201371745089043
R-HSA-8985947,abstraction:NextStepPathway,R-HSA-1266695,0.005436386288276375
R-HSA-8985947,abstraction:NextStepPathway,R-HSA-8983432,0.005804184759344597
R-HSA-8985947,abstraction:NextStepPathway,R-HSA-9020558,0.00465120432641446
R-HSA-8985947,abstraction:NextStepPathway,R-HSA-6785807,0.004793737304816255
R-HSA-8985947,abstraction:NextStepPathway,R-HSA-9860927,0.0017913994718174219
R-HSA-76042,abstraction:NextStepPathway,R-HSA-674695,0.03521674299194216
R-HSA-76042,abstraction:NextStepPathway,R-HSA-75953,0.044488154147801315
R-HSA-8941333,abstraction:NextStepPathway,R-HSA-8939246,0.004649006444681392
R-HSA-162585,abstraction:NextStepPathway,R-HSA-162594,0.007992680389553038
R-HSA-159740,abstraction:NextStepPathway,R-HSA-159763,0.009894563815704145
R-HSA-159740,abstraction:NextStepPathway,R-HSA-6806664,0.0013230940037557157
R-HSA-8932504,abstraction:NextStepPathway,R-HSA-9939291,0.003742269248801804
R-HSA-8932504,abstraction:NextStepPathway,R-HSA-8932505,0.007806973561530749
R-HSA-9669933,abstraction:NextStepPathway,R-HSA-9670439,0.0022390943600902307
R-HSA-844615,abstraction:NextStepPathway,R-HSA-9660826,0.0014209773716435514
R-HSA-844615,abstraction:NextStepPathway,R-HSA-448706,0.0009081338339837377
R-HSA-180897,abstraction:NextStepPathway,R-HSA-5620971,3.2908156075533356e-07
R-HSA-180897,abstraction:NextStepPathway,R-HSA-111457,1.0961974018834177e-07
R-HSA-9828642,abstraction:NextStepPathway,R-HSA-9828721,0.00461047690636125
R-HSA-8853659,abstraction:NextStepPathway,R-HSA-5673001,0.0006330955210049788
R-HSA-73614,abstraction:NextStepPathway,R-HSA-499943,0.003677123990186993
R-HSA-73614,abstraction:NextStepPathway,R-HSA-73621,0.005884966296915765
R-HSA-983170,abstraction:NextStepPathway,R-HSA-9705671,0.008480510515833598
R-HSA-190704,abstraction:NextStepPathway,R-HSA-190840,0.0013282368898917443
R-HSA-190704,abstraction:NextStepPathway,R-HSA-190872,0.002741388852294343
R-HSA-9020591,abstraction:NextStepPathway,R-HSA-8950505,0.06340797475228883
R-HSA-9020591,abstraction:NextStepPathway,R-HSA-9020933,0.005074671970025266
R-HSA-9020591,abstraction:NextStepPathway,R-HSA-9942503,0.0014412768979837347
R-HSA-9020591,abstraction:NextStepPathway,R-HSA-8984722,0.003674050873186432
R-HSA-5610780,abstraction:NextStepPathway,R-HSA-5632684,0.03245736931809401
R-HSA-193807,abstraction:NextStepPathway,R-HSA-211994,0.006686461392788083
R-HSA-193807,abstraction:NextStepPathway,R-HSA-193368,0.012962748459238251
R-HSA-6784531,abstraction:NextStepPathway,R-HSA-6782315,0.0008079841319267694
R-HSA-8951664,abstraction:NextStepPathway,R-HSA-9679191,0.0009786473744059863
R-HSA-8951664,abstraction:NextStepPathway,R-HSA-9755511,0.028729119511794493
R-HSA-1483148,abstraction:NextStepPathway,R-HSA-1483076,0.002580498713795713
R-HSA-1483148,abstraction:NextStepPathway,R-HSA-1482925,0.0012285532294981775
R-HSA-1483148,abstraction:NextStepPathway,R-HSA-1483171,0.0008062616081866875
R-HSA-140180,abstraction:NextStepPathway,R-HSA-211979,0.0021653214238760085
R-HSA-140180,abstraction:NextStepPathway,R-HSA-2162123,0.007707390844327367
R-HSA-901032,abstraction:NextStepPathway,R-HSA-532668,0.014286728735892968
R-HSA-901032,abstraction:NextStepPathway,R-HSA-948021,0.0014671090552970268
R-HSA-901032,abstraction:NextStepPathway,R-HSA-901042,0.015938108690757992
R-HSA-1250196,abstraction:NextStepPathway,R-HSA-5673001,0.0021026318545219825
R-HSA-72662,abstraction:NextStepPathway,R-HSA-72649,0.05354410926084574
R-HSA-1566977,abstraction:NextStepPathway,R-HSA-202733,0.003066467958902454
R-HSA-9818027,abstraction:NextStepPathway,R-HSA-5628897,0.004413752725639879
R-HSA-888590,abstraction:NextStepPathway,R-HSA-420499,0.001825716228945216
R-HSA-888590,abstraction:NextStepPathway,R-HSA-977444,0.00040906666016091566
R-HSA-8964208,abstraction:NextStepPathway,R-HSA-8963684,0.002832246393744368
R-HSA-5358346,abstraction:NextStepPathway,R-HSA-5362798,0.004246201753387195
R-HSA-5610785,abstraction:NextStepPathway,R-HSA-5610787,0.03679802440353511
R-HSA-1912408,abstraction:NextStepPathway,R-HSA-1912399,4.394442115373226e-06
R-HSA-190373,abstraction:NextStepPathway,R-HSA-5654688,0.0017016483301429636
R-HSA-190373,abstraction:NextStepPathway,R-HSA-5654693,0.0015480546815453784
R-HSA-190373,abstraction:NextStepPathway,R-HSA-5654219,0.001871295654214645
R-HSA-190373,abstraction:NextStepPathway,R-HSA-5654687,0.001366467298394688
R-HSA-381042,abstraction:NextStepPathway,R-HSA-380994,0.03116229627512721
R-HSA-381042,abstraction:NextStepPathway,R-HSA-9648895,0.007755151900092236
R-HSA-381042,abstraction:NextStepPathway,R-HSA-9633012,0.0056272894843700065
R-HSA-381042,abstraction:NextStepPathway,R-HSA-381183,0.005477608407133749
