source,interaction,target,weight
R-HSA-1474151,abstraction:NextStepPathway,R-HSA-9009391,0
R-HSA-1474151,abstraction:NextStepPathway,R-HSA-203615,2.1411286746640528
R-HSA-1474151,abstraction:NextStepPathway,R-HSA-5218920,0
R-HSA-434313,abstraction:NextStepPathway,R-HSA-200425,2.1411286746640528
R-HSA-174411,abstraction:NextStepPathway,R-HSA-174414,6.559969282460651
R-HSA-1912399,abstraction:NextStepPathway,R-HSA-1912420,6.559969282460651
R-HSA-429947,abstraction:NextStepPathway,R-HSA-9820865,0
R-HSA-429947,abstraction:NextStepPathway,R-HSA-429958,6.847651354912432
R-HSA-429947,abstraction:NextStepPathway,R-HSA-430039,6.847651354912432
R-HSA-72649,abstraction:NextStepPathway,R-HSA-72702,6.000353494525228
R-HSA-72649,abstraction:NextStepPathway,R-HSA-156827,5.749039066244322
R-HSA-5654227,abstraction:NextStepPathway,R-HSA-2029485,0
R-HSA-5654227,abstraction:NextStepPathway,R-HSA-5218921,2.928983806765617
R-HSA-5654227,abstraction:NextStepPathway,R-HSA-1489509,1.9228160506195084
R-HSA-111458,abstraction:NextStepPathway,R-HSA-9627069,6.847651354912432
R-HSA-111458,abstraction:NextStepPathway,R-HSA-111459,6.847651354912432
R-HSA-977443,abstraction:NextStepPathway,R-HSA-1236394,0
R-HSA-1855167,abstraction:NextStepPathway,R-HSA-1855184,5.461356993792541
R-HSA-1855167,abstraction:NextStepPathway,R-HSA-5675482,0
R-HSA-1855167,abstraction:NextStepPathway,R-HSA-1855229,5.461356993792541
R-HSA-425410,abstraction:NextStepPathway,R-HSA-1222556,0
R-HSA-425410,abstraction:NextStepPathway,R-HSA-917937,3.683583766539226
R-HSA-425410,abstraction:NextStepPathway,R-HSA-6803544,0
R-HSA-166665,abstraction:NextStepPathway,R-HSA-977606,5.749039066244322
R-HSA-5358346,abstraction:NextStepPathway,R-HSA-5362798,5.643678550586496
R-HSA-2408499,abstraction:NextStepPathway,R-HSA-2408508,6.154504174352486
R-HSA-2408499,abstraction:NextStepPathway,R-HSA-5263617,6.154504174352486
R-HSA-2408499,abstraction:NextStepPathway,R-HSA-2408550,6.154504174352486
R-HSA-2408499,abstraction:NextStepPathway,R-HSA-2408552,6.154504174352486
R-HSA-209931,abstraction:NextStepPathway,R-HSA-181429,0
R-HSA-9707587,abstraction:NextStepPathway,R-HSA-917937,0
R-HSA-9707587,abstraction:NextStepPathway,R-HSA-9707564,5.238213442478331
R-HSA-9707587,abstraction:NextStepPathway,R-HSA-189483,0
R-HSA-167021,abstraction:NextStepPathway,R-HSA-2029485,0
R-HSA-167021,abstraction:NextStepPathway,R-HSA-5218921,2.928983806765617
R-HSA-167021,abstraction:NextStepPathway,R-HSA-1489509,1.9228160506195084
R-HSA-2142770,abstraction:NextStepPathway,R-HSA-2142700,3.1422425988472846
R-HSA-390247,abstraction:NextStepPathway,R-HSA-9856872,2.1411286746640528
R-HSA-390247,abstraction:NextStepPathway,R-HSA-389887,6.847651354912432
R-HSA-196783,abstraction:NextStepPathway,R-HSA-199220,5.307206313965283
R-HSA-211994,abstraction:NextStepPathway,R-HSA-193368,2.1411286746640528
R-HSA-211994,abstraction:NextStepPathway,R-HSA-193775,2.1411286746640528
R-HSA-211994,abstraction:NextStepPathway,R-HSA-193807,2.1411286746640528
R-HSA-9013700,abstraction:NextStepPathway,R-HSA-9013695,6.847651354912432
R-HSA-9013700,abstraction:NextStepPathway,R-HSA-9604323,6.847651354912432
R-HSA-3322077,abstraction:NextStepPathway,R-HSA-379716,0
R-HSA-3322077,abstraction:NextStepPathway,R-HSA-71737,2.1411286746640528
R-HSA-3322077,abstraction:NextStepPathway,R-HSA-173599,2.1411286746640528
R-HSA-5357956,abstraction:NextStepPathway,R-HSA-5357905,6.559969282460651
R-HSA-9758920,abstraction:NextStepPathway,R-HSA-9793380,5.548368370782171
R-HSA-72706,abstraction:NextStepPathway,R-HSA-156902,4.688167105559059
R-HSA-72706,abstraction:NextStepPathway,R-HSA-72731,6.000353494525228
R-HSA-5673001,abstraction:NextStepPathway,R-HSA-5654726,1.9228160506195084
R-HSA-5673001,abstraction:NextStepPathway,R-HSA-5675221,5.643678550586496
R-HSA-5673001,abstraction:NextStepPathway,R-HSA-2559582,0
R-HSA-5673001,abstraction:NextStepPathway,R-HSA-2871796,0
R-HSA-5673001,abstraction:NextStepPathway,R-HSA-2559585,0
R-HSA-5673001,abstraction:NextStepPathway,R-HSA-9634638,1.9228160506195084
R-HSA-5673001,abstraction:NextStepPathway,R-HSA-2559580,0
R-HSA-5673001,abstraction:NextStepPathway,R-HSA-8940973,0
R-HSA-5673001,abstraction:NextStepPathway,R-HSA-5654732,1.9228160506195084
R-HSA-5673001,abstraction:NextStepPathway,R-HSA-881907,1.9228160506195084
R-HSA-5673001,abstraction:NextStepPathway,R-HSA-450341,0
R-HSA-5673001,abstraction:NextStepPathway,R-HSA-170968,1.9228160506195084
R-HSA-5673001,abstraction:NextStepPathway,R-HSA-444257,0
R-HSA-5673001,abstraction:NextStepPathway,R-HSA-112409,5.643678550586496
R-HSA-5673001,abstraction:NextStepPathway,R-HSA-5673000,5.643678550586496
R-HSA-5673001,abstraction:NextStepPathway,R-HSA-375165,0
R-HSA-5673001,abstraction:NextStepPathway,R-HSA-5654727,1.9228160506195084
R-HSA-5673001,abstraction:NextStepPathway,R-HSA-198753,1.9228160506195084
R-HSA-5673001,abstraction:NextStepPathway,R-HSA-5654733,1.9228160506195084
R-HSA-1307965,abstraction:NextStepPathway,R-HSA-5654719,5.749039066244322
R-HSA-1307965,abstraction:NextStepPathway,R-HSA-5654712,5.749039066244322
R-HSA-1307965,abstraction:NextStepPathway,R-HSA-5654228,5.749039066244322
R-HSA-8963896,abstraction:NextStepPathway,R-HSA-8964058,5.238213442478331
R-HSA-113418,abstraction:NextStepPathway,R-HSA-674695,3.3923867519800006
R-HSA-113418,abstraction:NextStepPathway,R-HSA-112382,7.253116463020596
R-HSA-163765,abstraction:NextStepPathway,R-HSA-75105,2.1411286746640528
R-HSA-163765,abstraction:NextStepPathway,R-HSA-200425,2.1411286746640528
R-HSA-163765,abstraction:NextStepPathway,R-HSA-70171,2.1411286746640528
R-HSA-163765,abstraction:NextStepPathway,R-HSA-70268,2.1411286746640528
R-HSA-163765,abstraction:NextStepPathway,R-HSA-1483166,2.1411286746640528
R-HSA-163765,abstraction:NextStepPathway,R-HSA-199220,2.1411286746640528
R-HSA-163765,abstraction:NextStepPathway,R-HSA-196780,2.1411286746640528
R-HSA-170660,abstraction:NextStepPathway,R-HSA-180024,5.307206313965283
R-HSA-111931,abstraction:NextStepPathway,R-HSA-9634638,1.9228160506195084
R-HSA-111931,abstraction:NextStepPathway,R-HSA-9664323,0
R-HSA-111931,abstraction:NextStepPathway,R-HSA-442720,0
R-HSA-111931,abstraction:NextStepPathway,R-HSA-9022692,0
R-HSA-111931,abstraction:NextStepPathway,R-HSA-111932,6.559969282460651
R-HSA-111931,abstraction:NextStepPathway,R-HSA-9616222,0
R-HSA-111931,abstraction:NextStepPathway,R-HSA-163358,0
R-HSA-111931,abstraction:NextStepPathway,R-HSA-9031628,1.9228160506195084
R-HSA-111931,abstraction:NextStepPathway,R-HSA-9660821,0
R-HSA-9840309,abstraction:NextStepPathway,R-HSA-9845576,0
R-HSA-69206,abstraction:NextStepPathway,R-HSA-69239,3.468926829102335
R-HSA-8866910,abstraction:NextStepPathway,R-HSA-209822,0
R-HSA-1660514,abstraction:NextStepPathway,R-HSA-1660510,5.381314286119005
R-HSA-379716,abstraction:NextStepPathway,R-HSA-72695,4.688167105559059
R-HSA-5223345,abstraction:NextStepPathway,R-HSA-70921,0
R-HSA-1679131,abstraction:NextStepPathway,R-HSA-168138,4.139601153810221
R-HSA-9954716,abstraction:NextStepPathway,R-HSA-9954709,6.847651354912432
R-HSA-611105,abstraction:NextStepPathway,R-HSA-5628897,0
R-HSA-611105,abstraction:NextStepPathway,R-HSA-9707564,0
R-HSA-611105,abstraction:NextStepPathway,R-HSA-166187,5.113050299524325
R-HSA-611105,abstraction:NextStepPathway,R-HSA-167826,5.113050299524325
R-HSA-611105,abstraction:NextStepPathway,R-HSA-163210,5.113050299524325
R-HSA-159231,abstraction:NextStepPathway,R-HSA-72662,0
R-HSA-1650814,abstraction:NextStepPathway,R-HSA-8948216,6.336825731146441
R-HSA-1650814,abstraction:NextStepPathway,R-HSA-2022090,6.336825731146441
R-HSA-190861,abstraction:NextStepPathway,R-HSA-190827,6.000353494525228
R-HSA-190861,abstraction:NextStepPathway,R-HSA-190704,6.000353494525228
R-HSA-6784531,abstraction:NextStepPathway,R-HSA-6782315,6.336825731146441
R-HSA-180897,abstraction:NextStepPathway,R-HSA-111457,0
R-HSA-180897,abstraction:NextStepPathway,R-HSA-5620971,0
R-HSA-196807,abstraction:NextStepPathway,R-HSA-561048,0
R-HSA-190375,abstraction:NextStepPathway,R-HSA-5654221,5.548368370782171
R-HSA-190375,abstraction:NextStepPathway,R-HSA-5654699,5.548368370782171
R-HSA-190375,abstraction:NextStepPathway,R-HSA-5654700,5.548368370782171
R-HSA-72689,abstraction:NextStepPathway,R-HSA-72706,6.000353494525228
R-HSA-72689,abstraction:NextStepPathway,R-HSA-72737,5.749039066244322
R-HSA-4420097,abstraction:NextStepPathway,R-HSA-389357,0
R-HSA-4420097,abstraction:NextStepPathway,R-HSA-5668599,1.9228160506195084
R-HSA-4420097,abstraction:NextStepPathway,R-HSA-1257604,1.9228160506195084
R-HSA-4420097,abstraction:NextStepPathway,R-HSA-2029482,0
R-HSA-4420097,abstraction:NextStepPathway,R-HSA-114604,0
R-HSA-4420097,abstraction:NextStepPathway,R-HSA-5663213,1.9228160506195084
R-HSA-4420097,abstraction:NextStepPathway,R-HSA-3928663,0
R-HSA-4420097,abstraction:NextStepPathway,R-HSA-171007,2.928983806765617
R-HSA-4420097,abstraction:NextStepPathway,R-HSA-5218921,6.154504174352486
R-HSA-4420097,abstraction:NextStepPathway,R-HSA-5218920,6.154504174352486
R-HSA-4420097,abstraction:NextStepPathway,R-HSA-9664422,0
R-HSA-70350,abstraction:NextStepPathway,R-HSA-70171,4.362744705124431
R-HSA-202433,abstraction:NextStepPathway,R-HSA-2871809,2.5802876285586898
R-HSA-202433,abstraction:NextStepPathway,R-HSA-112043,0
R-HSA-202433,abstraction:NextStepPathway,R-HSA-9664323,0
R-HSA-202433,abstraction:NextStepPathway,R-HSA-2029482,2.5802876285586898
R-HSA-202433,abstraction:NextStepPathway,R-HSA-2029485,2.5802876285586898
R-HSA-202433,abstraction:NextStepPathway,R-HSA-5663213,0
R-HSA-202433,abstraction:NextStepPathway,R-HSA-5218921,0
R-HSA-202433,abstraction:NextStepPathway,R-HSA-422356,0
R-HSA-202433,abstraction:NextStepPathway,R-HSA-5607763,2.5802876285586898
R-HSA-202433,abstraction:NextStepPathway,R-HSA-1489509,0
R-HSA-202433,abstraction:NextStepPathway,R-HSA-4086398,0
R-HSA-202433,abstraction:NextStepPathway,R-HSA-983695,4.232691576876234
R-HSA-202433,abstraction:NextStepPathway,R-HSA-9664422,0
R-HSA-202433,abstraction:NextStepPathway,R-HSA-202424,6.559969282460651
R-HSA-389542,abstraction:NextStepPathway,R-HSA-389599,2.1411286746640528
R-HSA-171319,abstraction:NextStepPathway,R-HSA-174417,6.154504174352486
R-HSA-171319,abstraction:NextStepPathway,R-HSA-174430,6.154504174352486
R-HSA-5625900,abstraction:NextStepPathway,R-HSA-5627117,5.461356993792541
R-HSA-5625900,abstraction:NextStepPathway,R-HSA-5625740,5.461356993792541
R-HSA-5625900,abstraction:NextStepPathway,R-HSA-5627123,5.461356993792541
R-HSA-5684264,abstraction:NextStepPathway,R-HSA-110056,0
R-HSA-68877,abstraction:NextStepPathway,R-HSA-9648025,4.810769427651391
R-HSA-68877,abstraction:NextStepPathway,R-HSA-2500257,4.810769427651391
R-HSA-162599,abstraction:NextStepPathway,R-HSA-177243,4.054443345469915
R-HSA-199920,abstraction:NextStepPathway,R-HSA-111931,1.9228160506195084
R-HSA-199920,abstraction:NextStepPathway,R-HSA-9634638,1.9228160506195084
R-HSA-199920,abstraction:NextStepPathway,R-HSA-111932,1.9228160506195084
R-HSA-199920,abstraction:NextStepPathway,R-HSA-9031628,6.559969282460651
R-HSA-2980766,abstraction:NextStepPathway,R-HSA-4419969,6.000353494525228
R-HSA-8981607,abstraction:NextStepPathway,R-HSA-203615,0
R-HSA-1251985,abstraction:NextStepPathway,R-HSA-9018519,1.9228160506195084
R-HSA-179812,abstraction:NextStepPathway,R-HSA-5673001,1.9228160506195084
R-HSA-179812,abstraction:NextStepPathway,R-HSA-912526,0
R-HSA-179812,abstraction:NextStepPathway,R-HSA-2428933,2.928983806765617
R-HSA-179812,abstraction:NextStepPathway,R-HSA-180336,6.336825731146441
R-HSA-179812,abstraction:NextStepPathway,R-HSA-167044,2.928983806765617
R-HSA-179812,abstraction:NextStepPathway,R-HSA-74751,2.928983806765617
R-HSA-179812,abstraction:NextStepPathway,R-HSA-112412,2.928983806765617
R-HSA-8939236,abstraction:NextStepPathway,R-HSA-9616222,0
R-HSA-420092,abstraction:NextStepPathway,R-HSA-163359,0
R-HSA-420092,abstraction:NextStepPathway,R-HSA-416476,3.83538977940723
R-HSA-420092,abstraction:NextStepPathway,R-HSA-418555,3.83538977940723
R-HSA-420092,abstraction:NextStepPathway,R-HSA-381676,0
R-HSA-420092,abstraction:NextStepPathway,R-HSA-9660821,0
R-HSA-211945,abstraction:NextStepPathway,R-HSA-8963896,0
R-HSA-9022707,abstraction:NextStepPathway,R-HSA-9022692,6.336825731146441
R-HSA-888590,abstraction:NextStepPathway,R-HSA-420499,0
R-HSA-888590,abstraction:NextStepPathway,R-HSA-977444,3.9759717300284194
R-HSA-9026357,abstraction:NextStepPathway,R-HSA-9026527,5.643678550586496
R-HSA-9026357,abstraction:NextStepPathway,R-HSA-9028731,5.643678550586496
R-HSA-9026357,abstraction:NextStepPathway,R-HSA-9026519,5.643678550586496
R-HSA-9026357,abstraction:NextStepPathway,R-HSA-9028335,5.643678550586496
R-HSA-901032,abstraction:NextStepPathway,R-HSA-901042,7.253116463020596
R-HSA-901032,abstraction:NextStepPathway,R-HSA-532668,4.810769427651391
R-HSA-901032,abstraction:NextStepPathway,R-HSA-948021,4.810769427651391
R-HSA-2022377,abstraction:NextStepPathway,R-HSA-375276,0
R-HSA-1482839,abstraction:NextStepPathway,R-HSA-1483191,5.055891885684376
R-HSA-1482839,abstraction:NextStepPathway,R-HSA-1483152,5.055891885684376
R-HSA-1482839,abstraction:NextStepPathway,R-HSA-1483101,5.055891885684376
R-HSA-977606,abstraction:NextStepPathway,R-HSA-418594,0
R-HSA-977606,abstraction:NextStepPathway,R-HSA-9660826,0
R-HSA-6811558,abstraction:NextStepPathway,R-HSA-166058,0
R-HSA-6811558,abstraction:NextStepPathway,R-HSA-389357,0
R-HSA-6811558,abstraction:NextStepPathway,R-HSA-1257604,5.055891885684376
R-HSA-6811558,abstraction:NextStepPathway,R-HSA-199418,5.643678550586496
R-HSA-6811558,abstraction:NextStepPathway,R-HSA-1855204,0
R-HSA-6811558,abstraction:NextStepPathway,R-HSA-114604,0
R-HSA-6811558,abstraction:NextStepPathway,R-HSA-1660499,0
R-HSA-6811558,abstraction:NextStepPathway,R-HSA-5218920,1.9228160506195084
R-HSA-6811558,abstraction:NextStepPathway,R-HSA-1660516,0
R-HSA-6811558,abstraction:NextStepPathway,R-HSA-202424,0
R-HSA-194138,abstraction:NextStepPathway,R-HSA-428930,0
R-HSA-194138,abstraction:NextStepPathway,R-HSA-177929,2.928983806765617
R-HSA-1855156,abstraction:NextStepPathway,R-HSA-1855191,5.461356993792541
R-HSA-1855156,abstraction:NextStepPathway,R-HSA-1855170,5.461356993792541
R-HSA-1059683,abstraction:NextStepPathway,R-HSA-6788467,7.253116463020596
R-HSA-1059683,abstraction:NextStepPathway,R-HSA-8984722,4.208594025297173
R-HSA-1059683,abstraction:NextStepPathway,R-HSA-9931295,2.5802876285586898
R-HSA-354192,abstraction:NextStepPathway,R-HSA-372708,6.559969282460651
R-HSA-354192,abstraction:NextStepPathway,R-HSA-354194,6.559969282460651
R-HSA-354192,abstraction:NextStepPathway,R-HSA-392517,0
R-HSA-9939291,abstraction:NextStepPathway,R-HSA-8932504,6.559969282460651
R-HSA-9939291,abstraction:NextStepPathway,R-HSA-8932506,6.559969282460651
R-HSA-9732724,abstraction:NextStepPathway,R-HSA-877300,5.643678550586496
R-HSA-9732724,abstraction:NextStepPathway,R-HSA-2173795,0
R-HSA-936440,abstraction:NextStepPathway,R-HSA-1169408,2.5802876285586898
R-HSA-111457,abstraction:NextStepPathway,R-HSA-111458,5.866822101900706
R-HSA-111457,abstraction:NextStepPathway,R-HSA-111469,5.866822101900706
R-HSA-111457,abstraction:NextStepPathway,R-HSA-111461,5.866822101900706
R-HSA-111457,abstraction:NextStepPathway,R-HSA-111463,5.866822101900706
R-HSA-111457,abstraction:NextStepPathway,R-HSA-111471,5.001824664414101
R-HSA-417973,abstraction:NextStepPathway,R-HSA-418594,3.83538977940723
R-HSA-417973,abstraction:NextStepPathway,R-HSA-418555,3.83538977940723
R-HSA-417973,abstraction:NextStepPathway,R-HSA-9660821,0
R-HSA-70688,abstraction:NextStepPathway,R-HSA-8964539,4.185063527886979
R-HSA-9012546,abstraction:NextStepPathway,R-HSA-9960525,2.5802876285586898
R-HSA-9012546,abstraction:NextStepPathway,R-HSA-9960519,2.5802876285586898
R-HSA-73614,abstraction:NextStepPathway,R-HSA-73621,5.461356993792541
R-HSA-73614,abstraction:NextStepPathway,R-HSA-499943,5.461356993792541
R-HSA-69563,abstraction:NextStepPathway,R-HSA-2559582,0
R-HSA-69563,abstraction:NextStepPathway,R-HSA-69656,3.134079288208124
R-HSA-69563,abstraction:NextStepPathway,R-HSA-187577,3.134079288208124
R-HSA-77348,abstraction:NextStepPathway,R-HSA-611105,2.1411286746640528
R-HSA-77348,abstraction:NextStepPathway,R-HSA-77350,6.000353494525228
R-HSA-2172127,abstraction:NextStepPathway,R-HSA-391160,0
R-HSA-2172127,abstraction:NextStepPathway,R-HSA-2424491,3.210065195186046
R-HSA-156588,abstraction:NextStepPathway,R-HSA-189483,2.1411286746640528
R-HSA-156588,abstraction:NextStepPathway,R-HSA-9749641,0
R-HSA-9694631,abstraction:NextStepPathway,R-HSA-9755779,4.768209813232596
R-HSA-9694631,abstraction:NextStepPathway,R-HSA-9694322,5.749039066244322
R-HSA-9694631,abstraction:NextStepPathway,R-HSA-9694786,4.768209813232596
R-HSA-9694631,abstraction:NextStepPathway,R-HSA-9705671,4.768209813232596
R-HSA-428930,abstraction:NextStepPathway,R-HSA-416476,0
R-HSA-428930,abstraction:NextStepPathway,R-HSA-416482,0
R-HSA-916853,abstraction:NextStepPathway,R-HSA-611105,0
R-HSA-916853,abstraction:NextStepPathway,R-HSA-880009,0
R-HSA-916853,abstraction:NextStepPathway,R-HSA-71403,0
R-HSA-428643,abstraction:NextStepPathway,R-HSA-196807,0
R-HSA-428643,abstraction:NextStepPathway,R-HSA-433692,6.336825731146441
R-HSA-428643,abstraction:NextStepPathway,R-HSA-561048,6.336825731146441
R-HSA-428643,abstraction:NextStepPathway,R-HSA-75105,0
R-HSA-428643,abstraction:NextStepPathway,R-HSA-70263,0
R-HSA-428643,abstraction:NextStepPathway,R-HSA-1614517,0
R-HSA-428643,abstraction:NextStepPathway,R-HSA-70268,0
R-HSA-428643,abstraction:NextStepPathway,R-HSA-4085001,0
R-HSA-166058,abstraction:NextStepPathway,R-HSA-975144,4.139601153810221
R-HSA-166058,abstraction:NextStepPathway,R-HSA-975138,4.139601153810221
R-HSA-166058,abstraction:NextStepPathway,R-HSA-937039,5.307206313965283
R-HSA-166058,abstraction:NextStepPathway,R-HSA-975871,4.139601153810221
R-HSA-166058,abstraction:NextStepPathway,R-HSA-937042,5.307206313965283
R-HSA-420499,abstraction:NextStepPathway,R-HSA-418594,3.83538977940723
R-HSA-420499,abstraction:NextStepPathway,R-HSA-416476,3.83538977940723
R-HSA-420499,abstraction:NextStepPathway,R-HSA-1296041,0
R-HSA-420499,abstraction:NextStepPathway,R-HSA-997272,0
R-HSA-1655829,abstraction:NextStepPathway,R-HSA-2426168,5.055891885684376
R-HSA-114508,abstraction:NextStepPathway,R-HSA-354192,5.113050299524325
R-HSA-114508,abstraction:NextStepPathway,R-HSA-9856530,0
R-HSA-114508,abstraction:NextStepPathway,R-HSA-2871809,0
R-HSA-114508,abstraction:NextStepPathway,R-HSA-9664323,0
R-HSA-114508,abstraction:NextStepPathway,R-HSA-76005,5.113050299524325
R-HSA-114508,abstraction:NextStepPathway,R-HSA-445355,0
R-HSA-114508,abstraction:NextStepPathway,R-HSA-5218921,1.9228160506195084
R-HSA-114508,abstraction:NextStepPathway,R-HSA-111997,4.545066261918386
R-HSA-114508,abstraction:NextStepPathway,R-HSA-5607763,0
R-HSA-114508,abstraction:NextStepPathway,R-HSA-5578775,0
R-HSA-114508,abstraction:NextStepPathway,R-HSA-983695,0
R-HSA-114508,abstraction:NextStepPathway,R-HSA-2514859,0
R-HSA-114508,abstraction:NextStepPathway,R-HSA-392517,0
R-HSA-114508,abstraction:NextStepPathway,R-HSA-139853,4.308677483854155
R-HSA-392154,abstraction:NextStepPathway,R-HSA-1222556,0
R-HSA-392154,abstraction:NextStepPathway,R-HSA-418457,6.000353494525228
R-HSA-392154,abstraction:NextStepPathway,R-HSA-445355,0
R-HSA-392154,abstraction:NextStepPathway,R-HSA-3299685,0
R-HSA-176407,abstraction:NextStepPathway,R-HSA-174178,5.17367492134076
R-HSA-77288,abstraction:NextStepPathway,R-HSA-611105,2.1411286746640528
R-HSA-77288,abstraction:NextStepPathway,R-HSA-77346,5.643678550586496
R-HSA-141430,abstraction:NextStepPathway,R-HSA-179409,5.17367492134076
R-HSA-141430,abstraction:NextStepPathway,R-HSA-176409,5.17367492134076
R-HSA-141430,abstraction:NextStepPathway,R-HSA-174184,5.17367492134076
R-HSA-352230,abstraction:NextStepPathway,R-HSA-888590,0
R-HSA-352230,abstraction:NextStepPathway,R-HSA-71240,0
R-HSA-352230,abstraction:NextStepPathway,R-HSA-428559,7.253116463020596
R-HSA-352230,abstraction:NextStepPathway,R-HSA-442660,4.480527740780815
R-HSA-73621,abstraction:NextStepPathway,R-HSA-70635,2.1411286746640528
R-HSA-9912633,abstraction:NextStepPathway,R-HSA-983170,5.866822101900706
R-HSA-9912633,abstraction:NextStepPathway,R-HSA-983168,5.866822101900706
R-HSA-71240,abstraction:NextStepPathway,R-HSA-196807,2.1411286746640528
R-HSA-2029481,abstraction:NextStepPathway,R-HSA-2029482,6.847651354912432
R-HSA-2029481,abstraction:NextStepPathway,R-HSA-2454202,3.210065195186046
R-HSA-1614558,abstraction:NextStepPathway,R-HSA-1614517,6.559969282460651
R-HSA-168275,abstraction:NextStepPathway,R-HSA-168288,4.688167105559059
R-HSA-389958,abstraction:NextStepPathway,R-HSA-391251,3.0787291931249587
R-HSA-166016,abstraction:NextStepPathway,R-HSA-166058,4.139601153810221
R-HSA-166016,abstraction:NextStepPathway,R-HSA-166020,4.139601153810221
R-HSA-8856825,abstraction:NextStepPathway,R-HSA-8856828,4.545066261918386
R-HSA-9960525,abstraction:NextStepPathway,R-HSA-448706,2.5802876285586898
R-HSA-9960525,abstraction:NextStepPathway,R-HSA-5620971,0
R-HSA-9960525,abstraction:NextStepPathway,R-HSA-9660826,0
R-HSA-9020591,abstraction:NextStepPathway,R-HSA-8984722,6.336825731146441
R-HSA-9020591,abstraction:NextStepPathway,R-HSA-9942503,0
R-HSA-9020591,abstraction:NextStepPathway,R-HSA-8950505,6.336825731146441
R-HSA-9020591,abstraction:NextStepPathway,R-HSA-9020933,6.336825731146441
R-HSA-381042,abstraction:NextStepPathway,R-HSA-9633012,4.0961160418704825
R-HSA-381042,abstraction:NextStepPathway,R-HSA-9648895,4.0961160418704825
R-HSA-381042,abstraction:NextStepPathway,R-HSA-380994,5.866822101900706
R-HSA-381042,abstraction:NextStepPathway,R-HSA-381183,5.866822101900706
R-HSA-389359,abstraction:NextStepPathway,R-HSA-5627123,0
R-HSA-389359,abstraction:NextStepPathway,R-HSA-5687128,0
R-HSA-2559582,abstraction:NextStepPathway,R-HSA-199920,0
R-HSA-2559582,abstraction:NextStepPathway,R-HSA-2559585,6.336825731146441
R-HSA-2559582,abstraction:NextStepPathway,R-HSA-2559580,6.336825731146441
R-HSA-2559582,abstraction:NextStepPathway,R-HSA-881907,0
R-HSA-2559582,abstraction:NextStepPathway,R-HSA-8853884,0
R-HSA-2559582,abstraction:NextStepPathway,R-HSA-69231,0
R-HSA-9830674,abstraction:NextStepPathway,R-HSA-4086400,0
R-HSA-9830674,abstraction:NextStepPathway,R-HSA-373752,3.227764772285447
R-HSA-9830674,abstraction:NextStepPathway,R-HSA-428542,3.227764772285447
R-HSA-9633012,abstraction:NextStepPathway,R-HSA-381042,4.0961160418704825
R-HSA-9633012,abstraction:NextStepPathway,R-HSA-9648895,4.0961160418704825
R-HSA-9633012,abstraction:NextStepPathway,R-HSA-380994,4.0961160418704825
R-HSA-9633012,abstraction:NextStepPathway,R-HSA-9909649,0
R-HSA-9633012,abstraction:NextStepPathway,R-HSA-381183,4.0961160418704825
R-HSA-176417,abstraction:NextStepPathway,R-HSA-174113,6.559969282460651
R-HSA-9931521,abstraction:NextStepPathway,R-HSA-9932298,5.749039066244322
R-HSA-389356,abstraction:NextStepPathway,R-HSA-389359,5.238213442478331
R-HSA-389356,abstraction:NextStepPathway,R-HSA-389357,5.238213442478331
R-HSA-418217,abstraction:NextStepPathway,R-HSA-114508,4.545066261918386
R-HSA-418217,abstraction:NextStepPathway,R-HSA-2871809,0
R-HSA-418217,abstraction:NextStepPathway,R-HSA-112043,4.545066261918386
R-HSA-418217,abstraction:NextStepPathway,R-HSA-9664323,0
R-HSA-418217,abstraction:NextStepPathway,R-HSA-76005,0
R-HSA-418217,abstraction:NextStepPathway,R-HSA-2029485,0
R-HSA-418217,abstraction:NextStepPathway,R-HSA-5218921,1.9228160506195084
R-HSA-418217,abstraction:NextStepPathway,R-HSA-422356,0
R-HSA-418217,abstraction:NextStepPathway,R-HSA-5607763,0
R-HSA-418217,abstraction:NextStepPathway,R-HSA-1489509,1.9228160506195084
R-HSA-418217,abstraction:NextStepPathway,R-HSA-4086398,1.9228160506195084
R-HSA-418217,abstraction:NextStepPathway,R-HSA-983695,0
R-HSA-418217,abstraction:NextStepPathway,R-HSA-426048,4.545066261918386
R-HSA-9009391,abstraction:NextStepPathway,R-HSA-203615,0
R-HSA-8851907,abstraction:NextStepPathway,R-HSA-8865999,5.461356993792541
R-HSA-8851907,abstraction:NextStepPathway,R-HSA-8875555,5.461356993792541
R-HSA-2151209,abstraction:NextStepPathway,R-HSA-2151201,6.847651354912432
R-HSA-1971475,abstraction:NextStepPathway,R-HSA-2022928,5.307206313965283
R-HSA-1971475,abstraction:NextStepPathway,R-HSA-2022870,5.307206313965283
R-HSA-167238,abstraction:NextStepPathway,R-HSA-167246,5.381314286119005
R-HSA-6796648,abstraction:NextStepPathway,R-HSA-6783310,0
R-HSA-6796648,abstraction:NextStepPathway,R-HSA-5358606,0
R-HSA-6796648,abstraction:NextStepPathway,R-HSA-5358565,0
R-HSA-5357786,abstraction:NextStepPathway,R-HSA-69416,0
R-HSA-5357786,abstraction:NextStepPathway,R-HSA-5357905,6.559969282460651
R-HSA-5357786,abstraction:NextStepPathway,R-HSA-5675482,0
R-HSA-5357786,abstraction:NextStepPathway,R-HSA-5218900,0
R-HSA-5357786,abstraction:NextStepPathway,R-HSA-3371378,0
R-HSA-9609690,abstraction:NextStepPathway,R-HSA-9610379,7.253116463020596
R-HSA-9609690,abstraction:NextStepPathway,R-HSA-9833482,0
R-HSA-112310,abstraction:NextStepPathway,R-HSA-112313,3.9759717300284194
R-HSA-9619483,abstraction:NextStepPathway,R-HSA-9833482,0
R-HSA-5689603,abstraction:NextStepPathway,R-HSA-8951664,3.57681579111352
R-HSA-5689603,abstraction:NextStepPathway,R-HSA-5689880,6.336825731146441
R-HSA-2871796,abstraction:NextStepPathway,R-HSA-5673001,0
R-HSA-2871796,abstraction:NextStepPathway,R-HSA-2559582,0
R-HSA-2871796,abstraction:NextStepPathway,R-HSA-2559580,0
R-HSA-2871796,abstraction:NextStepPathway,R-HSA-2871809,6.559969282460651
R-HSA-2871796,abstraction:NextStepPathway,R-HSA-450341,3.210065195186046
R-HSA-2871796,abstraction:NextStepPathway,R-HSA-9909649,2.5802876285586898
R-HSA-2871796,abstraction:NextStepPathway,R-HSA-2730905,6.559969282460651
R-HSA-2871796,abstraction:NextStepPathway,R-HSA-2424491,3.210065195186046
R-HSA-2871796,abstraction:NextStepPathway,R-HSA-450321,3.210065195186046
R-HSA-389960,abstraction:NextStepPathway,R-HSA-389977,5.866822101900706
R-HSA-877300,abstraction:NextStepPathway,R-HSA-9732724,5.643678550586496
R-HSA-877300,abstraction:NextStepPathway,R-HSA-877312,5.643678550586496
R-HSA-877300,abstraction:NextStepPathway,R-HSA-2173795,0
R-HSA-877300,abstraction:NextStepPathway,R-HSA-2173796,0
R-HSA-877300,abstraction:NextStepPathway,R-HSA-9942503,0
R-HSA-2559585,abstraction:NextStepPathway,R-HSA-2559582,6.336825731146441
R-HSA-2559585,abstraction:NextStepPathway,R-HSA-2559580,6.336825731146441
R-HSA-2559585,abstraction:NextStepPathway,R-HSA-8853884,0
R-HSA-2559585,abstraction:NextStepPathway,R-HSA-69541,0
R-HSA-2559585,abstraction:NextStepPathway,R-HSA-69481,0
R-HSA-2559585,abstraction:NextStepPathway,R-HSA-69231,0
R-HSA-2559585,abstraction:NextStepPathway,R-HSA-111471,0
R-HSA-2559585,abstraction:NextStepPathway,R-HSA-8852276,0
R-HSA-2559585,abstraction:NextStepPathway,R-HSA-6804757,0
R-HSA-3065679,abstraction:NextStepPathway,R-HSA-3065676,6.847651354912432
R-HSA-1660537,abstraction:NextStepPathway,R-HSA-1660514,5.381314286119005
R-HSA-1660537,abstraction:NextStepPathway,R-HSA-1660502,5.381314286119005
R-HSA-9958517,abstraction:NextStepPathway,R-HSA-6798163,0
R-HSA-9958517,abstraction:NextStepPathway,R-HSA-1483191,0
R-HSA-9958517,abstraction:NextStepPathway,R-HSA-264642,0
R-HSA-913709,abstraction:NextStepPathway,R-HSA-977068,5.866822101900706
R-HSA-418594,abstraction:NextStepPathway,R-HSA-418217,4.545066261918386
R-HSA-418594,abstraction:NextStepPathway,R-HSA-9856530,0
R-HSA-418594,abstraction:NextStepPathway,R-HSA-9634597,4.545066261918386
R-HSA-418594,abstraction:NextStepPathway,R-HSA-392451,4.545066261918386
R-HSA-418594,abstraction:NextStepPathway,R-HSA-9664323,0
R-HSA-418594,abstraction:NextStepPathway,R-HSA-170670,4.545066261918386
R-HSA-418594,abstraction:NextStepPathway,R-HSA-418597,4.545066261918386
R-HSA-418594,abstraction:NextStepPathway,R-HSA-442720,0
R-HSA-418594,abstraction:NextStepPathway,R-HSA-432040,0
R-HSA-418594,abstraction:NextStepPathway,R-HSA-180024,4.545066261918386
R-HSA-418594,abstraction:NextStepPathway,R-HSA-418555,4.545066261918386
R-HSA-418594,abstraction:NextStepPathway,R-HSA-4086398,1.9228160506195084
R-HSA-418594,abstraction:NextStepPathway,R-HSA-8964315,4.545066261918386
R-HSA-418594,abstraction:NextStepPathway,R-HSA-416482,4.545066261918386
R-HSA-418594,abstraction:NextStepPathway,R-HSA-8964616,4.545066261918386
R-HSA-418594,abstraction:NextStepPathway,R-HSA-163615,4.545066261918386
R-HSA-418594,abstraction:NextStepPathway,R-HSA-9660821,0
R-HSA-2173795,abstraction:NextStepPathway,R-HSA-2173796,7.253116463020596
R-HSA-2173795,abstraction:NextStepPathway,R-HSA-2173788,6.154504174352486
R-HSA-2173795,abstraction:NextStepPathway,R-HSA-5689880,0
R-HSA-399997,abstraction:NextStepPathway,R-HSA-2871809,0
R-HSA-399997,abstraction:NextStepPathway,R-HSA-434316,6.154504174352486
R-HSA-399997,abstraction:NextStepPathway,R-HSA-112043,0
R-HSA-399997,abstraction:NextStepPathway,R-HSA-9664323,0
R-HSA-399997,abstraction:NextStepPathway,R-HSA-2029485,0
R-HSA-399997,abstraction:NextStepPathway,R-HSA-5218921,0
R-HSA-399997,abstraction:NextStepPathway,R-HSA-2179392,0
R-HSA-399997,abstraction:NextStepPathway,R-HSA-422356,5.307206313965283
R-HSA-399997,abstraction:NextStepPathway,R-HSA-5607763,0
R-HSA-399997,abstraction:NextStepPathway,R-HSA-1489509,0
R-HSA-399997,abstraction:NextStepPathway,R-HSA-4086398,0
R-HSA-399997,abstraction:NextStepPathway,R-HSA-983695,0
R-HSA-937072,abstraction:NextStepPathway,R-HSA-450302,5.17367492134076
R-HSA-937072,abstraction:NextStepPathway,R-HSA-975163,4.139601153810221
R-HSA-937072,abstraction:NextStepPathway,R-HSA-445989,5.17367492134076
R-HSA-937072,abstraction:NextStepPathway,R-HSA-9705671,0
R-HSA-937072,abstraction:NextStepPathway,R-HSA-168638,3.210065195186046
R-HSA-937072,abstraction:NextStepPathway,R-HSA-450321,5.17367492134076
R-HSA-937072,abstraction:NextStepPathway,R-HSA-9020702,2.5802876285586898
R-HSA-9619665,abstraction:NextStepPathway,R-HSA-190861,0
R-HSA-167246,abstraction:NextStepPathway,R-HSA-167238,5.381314286119005
R-HSA-167246,abstraction:NextStepPathway,R-HSA-167243,5.381314286119005
R-HSA-75892,abstraction:NextStepPathway,R-HSA-202733,4.308677483854155
R-HSA-75892,abstraction:NextStepPathway,R-HSA-114604,4.308677483854155
R-HSA-75892,abstraction:NextStepPathway,R-HSA-9845620,0
R-HSA-174414,abstraction:NextStepPathway,R-HSA-174417,6.154504174352486
R-HSA-174414,abstraction:NextStepPathway,R-HSA-174437,6.559969282460651
R-HSA-2894862,abstraction:NextStepPathway,R-HSA-2644606,5.643678550586496
R-HSA-9032500,abstraction:NextStepPathway,R-HSA-9032759,5.643678550586496
R-HSA-392170,abstraction:NextStepPathway,R-HSA-418217,0
R-HSA-392170,abstraction:NextStepPathway,R-HSA-418594,0
R-HSA-392170,abstraction:NextStepPathway,R-HSA-392451,0
R-HSA-392170,abstraction:NextStepPathway,R-HSA-170670,0
R-HSA-392170,abstraction:NextStepPathway,R-HSA-4086398,0
R-HSA-392170,abstraction:NextStepPathway,R-HSA-8964315,0
R-HSA-392170,abstraction:NextStepPathway,R-HSA-8964616,0
R-HSA-4641262,abstraction:NextStepPathway,R-HSA-201681,4.901741205857118
R-HSA-6804114,abstraction:NextStepPathway,R-HSA-75035,0
R-HSA-6804114,abstraction:NextStepPathway,R-HSA-6804115,6.847651354912432
R-HSA-6804114,abstraction:NextStepPathway,R-HSA-176187,0
R-HSA-6804114,abstraction:NextStepPathway,R-HSA-156711,0
R-HSA-5693579,abstraction:NextStepPathway,R-HSA-5685942,5.866822101900706
R-HSA-380108,abstraction:NextStepPathway,R-HSA-418594,3.83538977940723
R-HSA-380108,abstraction:NextStepPathway,R-HSA-376176,0
R-HSA-9036866,abstraction:NextStepPathway,R-HSA-187037,4.257384189466605
R-HSA-6803211,abstraction:NextStepPathway,R-HSA-202733,0
R-HSA-6803211,abstraction:NextStepPathway,R-HSA-75158,0
R-HSA-166020,abstraction:NextStepPathway,R-HSA-166016,4.139601153810221
R-HSA-166663,abstraction:NextStepPathway,R-HSA-977606,5.749039066244322
R-HSA-166663,abstraction:NextStepPathway,R-HSA-174577,5.749039066244322
R-HSA-1483196,abstraction:NextStepPathway,R-HSA-1660514,5.381314286119005
R-HSA-1483196,abstraction:NextStepPathway,R-HSA-1483148,5.055891885684376
R-HSA-1483196,abstraction:NextStepPathway,R-HSA-1483101,5.055891885684376
R-HSA-1483196,abstraction:NextStepPathway,R-HSA-1483166,5.055891885684376
R-HSA-1483196,abstraction:NextStepPathway,R-HSA-1482788,5.055891885684376
R-HSA-549127,abstraction:NextStepPathway,R-HSA-2142789,0
R-HSA-549127,abstraction:NextStepPathway,R-HSA-6787450,0
R-HSA-549127,abstraction:NextStepPathway,R-HSA-6793080,0
R-HSA-549127,abstraction:NextStepPathway,R-HSA-9857492,0
R-HSA-2534343,abstraction:NextStepPathway,R-HSA-1300645,6.847651354912432
R-HSA-5693607,abstraction:NextStepPathway,R-HSA-69473,0
R-HSA-5693607,abstraction:NextStepPathway,R-HSA-5693616,5.866822101900706
R-HSA-5693607,abstraction:NextStepPathway,R-HSA-6804756,0
R-HSA-5693607,abstraction:NextStepPathway,R-HSA-5685938,5.866822101900706
R-HSA-5693607,abstraction:NextStepPathway,R-HSA-5693538,5.238213442478331
R-HSA-5693607,abstraction:NextStepPathway,R-HSA-5685939,5.643678550586496
R-HSA-8932504,abstraction:NextStepPathway,R-HSA-9939291,6.559969282460651
R-HSA-8932504,abstraction:NextStepPathway,R-HSA-8932505,6.559969282460651
R-HSA-2142845,abstraction:NextStepPathway,R-HSA-2160916,5.307206313965283
R-HSA-9856530,abstraction:NextStepPathway,R-HSA-111931,0
R-HSA-9856530,abstraction:NextStepPathway,R-HSA-418594,0
R-HSA-9856530,abstraction:NextStepPathway,R-HSA-442982,0
R-HSA-9856530,abstraction:NextStepPathway,R-HSA-2871809,0
R-HSA-9856530,abstraction:NextStepPathway,R-HSA-164378,0
R-HSA-9856530,abstraction:NextStepPathway,R-HSA-9634597,0
R-HSA-9856530,abstraction:NextStepPathway,R-HSA-111933,0
R-HSA-9856530,abstraction:NextStepPathway,R-HSA-9620244,0
R-HSA-9856530,abstraction:NextStepPathway,R-HSA-111957,0
R-HSA-9856530,abstraction:NextStepPathway,R-HSA-9664323,0
R-HSA-9856530,abstraction:NextStepPathway,R-HSA-163560,0
R-HSA-9856530,abstraction:NextStepPathway,R-HSA-418597,0
R-HSA-9856530,abstraction:NextStepPathway,R-HSA-442720,0
R-HSA-9856530,abstraction:NextStepPathway,R-HSA-442729,0
R-HSA-9856530,abstraction:NextStepPathway,R-HSA-111932,0
R-HSA-9856530,abstraction:NextStepPathway,R-HSA-445355,0
R-HSA-9856530,abstraction:NextStepPathway,R-HSA-9856532,6.559969282460651
R-HSA-9856530,abstraction:NextStepPathway,R-HSA-163359,0
R-HSA-9856530,abstraction:NextStepPathway,R-HSA-5218921,0
R-HSA-9856530,abstraction:NextStepPathway,R-HSA-432040,0
R-HSA-9856530,abstraction:NextStepPathway,R-HSA-203615,0
R-HSA-9856530,abstraction:NextStepPathway,R-HSA-180024,0
R-HSA-9856530,abstraction:NextStepPathway,R-HSA-111997,0
R-HSA-9856530,abstraction:NextStepPathway,R-HSA-418555,0
R-HSA-9856530,abstraction:NextStepPathway,R-HSA-5607763,0
R-HSA-9856530,abstraction:NextStepPathway,R-HSA-4086398,0
R-HSA-9856530,abstraction:NextStepPathway,R-HSA-5627123,0
R-HSA-9856530,abstraction:NextStepPathway,R-HSA-163358,0
R-HSA-9856530,abstraction:NextStepPathway,R-HSA-2025928,0
R-HSA-9856530,abstraction:NextStepPathway,R-HSA-5218920,0
R-HSA-9856530,abstraction:NextStepPathway,R-HSA-983695,0
R-HSA-9856530,abstraction:NextStepPathway,R-HSA-2514859,0
R-HSA-9856530,abstraction:NextStepPathway,R-HSA-9634600,0
R-HSA-9856530,abstraction:NextStepPathway,R-HSA-9860927,7.253116463020596
R-HSA-9856530,abstraction:NextStepPathway,R-HSA-163615,0
R-HSA-9856530,abstraction:NextStepPathway,R-HSA-392517,0
R-HSA-9856530,abstraction:NextStepPathway,R-HSA-9660821,0
R-HSA-73930,abstraction:NextStepPathway,R-HSA-110381,6.000353494525228
R-HSA-69205,abstraction:NextStepPathway,R-HSA-69202,5.866822101900706
R-HSA-69205,abstraction:NextStepPathway,R-HSA-8953750,0
R-HSA-69205,abstraction:NextStepPathway,R-HSA-68689,0
R-HSA-69205,abstraction:NextStepPathway,R-HSA-68962,5.866822101900706
R-HSA-69205,abstraction:NextStepPathway,R-HSA-69656,3.468926829102335
R-HSA-69205,abstraction:NextStepPathway,R-HSA-1362277,5.238213442478331
R-HSA-69205,abstraction:NextStepPathway,R-HSA-1362300,5.238213442478331
R-HSA-9679509,abstraction:NextStepPathway,R-HSA-9678110,4.9505313700265505
R-HSA-76071,abstraction:NextStepPathway,R-HSA-749476,6.000353494525228
R-HSA-975138,abstraction:NextStepPathway,R-HSA-975163,5.238213442478331
R-HSA-9856872,abstraction:NextStepPathway,R-HSA-611105,5.113050299524325
R-HSA-9856872,abstraction:NextStepPathway,R-HSA-70263,2.1411286746640528
R-HSA-9856872,abstraction:NextStepPathway,R-HSA-9853506,5.113050299524325
R-HSA-9856872,abstraction:NextStepPathway,R-HSA-8964539,2.1411286746640528
R-HSA-9856872,abstraction:NextStepPathway,R-HSA-71064,2.1411286746640528
R-HSA-9856872,abstraction:NextStepPathway,R-HSA-70268,5.113050299524325
R-HSA-9856872,abstraction:NextStepPathway,R-HSA-8963693,2.1411286746640528
R-HSA-9856872,abstraction:NextStepPathway,R-HSA-442660,0
R-HSA-9856872,abstraction:NextStepPathway,R-HSA-71403,5.113050299524325
R-HSA-189085,abstraction:NextStepPathway,R-HSA-8981373,6.154504174352486
R-HSA-2586552,abstraction:NextStepPathway,R-HSA-8849474,1.9228160506195084
R-HSA-2586552,abstraction:NextStepPathway,R-HSA-9020558,0
R-HSA-2586552,abstraction:NextStepPathway,R-HSA-512988,0
R-HSA-2586552,abstraction:NextStepPathway,R-HSA-9703465,0
R-HSA-2586552,abstraction:NextStepPathway,R-HSA-1266695,0
R-HSA-2586552,abstraction:NextStepPathway,R-HSA-8875791,1.9228160506195084
R-HSA-2586552,abstraction:NextStepPathway,R-HSA-9702518,0
R-HSA-2586552,abstraction:NextStepPathway,R-HSA-982772,0
R-HSA-8849474,abstraction:NextStepPathway,R-HSA-2586552,1.9228160506195084
R-HSA-8849474,abstraction:NextStepPathway,R-HSA-9707564,0
R-HSA-8849474,abstraction:NextStepPathway,R-HSA-8875791,1.9228160506195084
R-HSA-6798163,abstraction:NextStepPathway,R-HSA-1614635,4.185063527886979
R-HSA-6798163,abstraction:NextStepPathway,R-HSA-196757,2.1411286746640528
R-HSA-6798163,abstraction:NextStepPathway,R-HSA-156581,2.1411286746640528
R-HSA-9634638,abstraction:NextStepPathway,R-HSA-111931,1.9228160506195084
R-HSA-9634638,abstraction:NextStepPathway,R-HSA-9022692,0
R-HSA-9634638,abstraction:NextStepPathway,R-HSA-111932,1.9228160506195084
R-HSA-9634638,abstraction:NextStepPathway,R-HSA-9616222,0
R-HSA-9634638,abstraction:NextStepPathway,R-HSA-9031628,1.9228160506195084
R-HSA-9634638,abstraction:NextStepPathway,R-HSA-69231,0
R-HSA-173107,abstraction:NextStepPathway,R-HSA-162585,5.749039066244322
R-HSA-9013973,abstraction:NextStepPathway,R-HSA-9828211,5.17367492134076
R-HSA-9013973,abstraction:NextStepPathway,R-HSA-936964,4.139601153810221
R-HSA-8951664,abstraction:NextStepPathway,R-HSA-9755511,0
R-HSA-8951664,abstraction:NextStepPathway,R-HSA-9679191,0
R-HSA-2022923,abstraction:NextStepPathway,R-HSA-2024101,6.847651354912432
R-HSA-211916,abstraction:NextStepPathway,R-HSA-196791,2.1411286746640528
R-HSA-5654221,abstraction:NextStepPathway,R-HSA-2029485,0
R-HSA-5654221,abstraction:NextStepPathway,R-HSA-5218921,2.928983806765617
R-HSA-5654221,abstraction:NextStepPathway,R-HSA-1489509,1.9228160506195084
R-HSA-9754189,abstraction:NextStepPathway,R-HSA-9796292,5.548368370782171
R-HSA-9754189,abstraction:NextStepPathway,R-HSA-9758919,5.548368370782171
R-HSA-9754189,abstraction:NextStepPathway,R-HSA-9733709,3.227764772285447
R-HSA-9754189,abstraction:NextStepPathway,R-HSA-9793380,5.548368370782171
R-HSA-9754189,abstraction:NextStepPathway,R-HSA-9823730,5.548368370782171
R-HSA-389357,abstraction:NextStepPathway,R-HSA-389359,7.253116463020596
R-HSA-389357,abstraction:NextStepPathway,R-HSA-8876198,0
R-HSA-389357,abstraction:NextStepPathway,R-HSA-1257604,0
R-HSA-389357,abstraction:NextStepPathway,R-HSA-69202,0
R-HSA-389357,abstraction:NextStepPathway,R-HSA-392451,0
R-HSA-389357,abstraction:NextStepPathway,R-HSA-5628897,0
R-HSA-389357,abstraction:NextStepPathway,R-HSA-9755779,0
R-HSA-389357,abstraction:NextStepPathway,R-HSA-114604,0
R-HSA-389357,abstraction:NextStepPathway,R-HSA-69656,0
R-HSA-389357,abstraction:NextStepPathway,R-HSA-111447,0
R-HSA-389357,abstraction:NextStepPathway,R-HSA-203615,0
R-HSA-389357,abstraction:NextStepPathway,R-HSA-1358803,0
R-HSA-389357,abstraction:NextStepPathway,R-HSA-6804759,0
R-HSA-389357,abstraction:NextStepPathway,R-HSA-198323,0
R-HSA-389357,abstraction:NextStepPathway,R-HSA-2730905,2.5802876285586898
R-HSA-389357,abstraction:NextStepPathway,R-HSA-5218920,0
R-HSA-389357,abstraction:NextStepPathway,R-HSA-6804758,0
R-HSA-389357,abstraction:NextStepPathway,R-HSA-9634635,0
R-HSA-389357,abstraction:NextStepPathway,R-HSA-9604323,0
R-HSA-389357,abstraction:NextStepPathway,R-HSA-8948751,0
R-HSA-389357,abstraction:NextStepPathway,R-HSA-6804757,0
R-HSA-389357,abstraction:NextStepPathway,R-HSA-202424,4.232691576876234
R-HSA-189200,abstraction:NextStepPathway,R-HSA-446205,0
R-HSA-9034013,abstraction:NextStepPathway,R-HSA-9034015,4.257384189466605
R-HSA-9034013,abstraction:NextStepPathway,R-HSA-9603381,6.336825731146441
R-HSA-9034013,abstraction:NextStepPathway,R-HSA-9034864,6.336825731146441
R-HSA-9034013,abstraction:NextStepPathway,R-HSA-9034793,6.336825731146441
R-HSA-180746,abstraction:NextStepPathway,R-HSA-165054,7.253116463020596
R-HSA-442982,abstraction:NextStepPathway,R-HSA-5673001,0
R-HSA-9018679,abstraction:NextStepPathway,R-HSA-9023661,4.9505313700265505
R-HSA-9018679,abstraction:NextStepPathway,R-HSA-9018896,4.9505313700265505
R-HSA-9603381,abstraction:NextStepPathway,R-HSA-6811558,1.9228160506195084
R-HSA-9603381,abstraction:NextStepPathway,R-HSA-1257604,1.9228160506195084
R-HSA-416572,abstraction:NextStepPathway,R-HSA-5627117,0
R-HSA-416572,abstraction:NextStepPathway,R-HSA-5625740,0
R-HSA-416572,abstraction:NextStepPathway,R-HSA-5627123,0
R-HSA-416572,abstraction:NextStepPathway,R-HSA-416482,0
R-HSA-167152,abstraction:NextStepPathway,R-HSA-167200,5.381314286119005
R-HSA-168138,abstraction:NextStepPathway,R-HSA-109704,0
R-HSA-168138,abstraction:NextStepPathway,R-HSA-975155,4.139601153810221
R-HSA-162592,abstraction:NextStepPathway,R-HSA-177539,5.749039066244322
R-HSA-162592,abstraction:NextStepPathway,R-HSA-164843,5.749039066244322
R-HSA-162592,abstraction:NextStepPathway,R-HSA-175567,5.749039066244322
R-HSA-433692,abstraction:NextStepPathway,R-HSA-196807,0
R-HSA-433692,abstraction:NextStepPathway,R-HSA-428643,6.336825731146441
R-HSA-433692,abstraction:NextStepPathway,R-HSA-561048,6.336825731146441
R-HSA-433692,abstraction:NextStepPathway,R-HSA-9749641,0
R-HSA-433692,abstraction:NextStepPathway,R-HSA-2162123,0
R-HSA-373080,abstraction:NextStepPathway,R-HSA-418555,3.83538977940723
R-HSA-373080,abstraction:NextStepPathway,R-HSA-9660821,0
R-HSA-9682706,abstraction:NextStepPathway,R-HSA-9679509,4.9505313700265505
R-HSA-69091,abstraction:NextStepPathway,R-HSA-69183,6.847651354912432
R-HSA-2559580,abstraction:NextStepPathway,R-HSA-2559582,6.336825731146441
R-HSA-2559580,abstraction:NextStepPathway,R-HSA-2871796,0
R-HSA-2559580,abstraction:NextStepPathway,R-HSA-2559585,6.336825731146441
R-HSA-2559580,abstraction:NextStepPathway,R-HSA-6811555,0
R-HSA-2559580,abstraction:NextStepPathway,R-HSA-450302,0
R-HSA-2559580,abstraction:NextStepPathway,R-HSA-8853884,0
R-HSA-2559580,abstraction:NextStepPathway,R-HSA-69541,0
R-HSA-2559580,abstraction:NextStepPathway,R-HSA-450341,0
R-HSA-2559580,abstraction:NextStepPathway,R-HSA-6804756,0
R-HSA-2559580,abstraction:NextStepPathway,R-HSA-69481,0
R-HSA-2559580,abstraction:NextStepPathway,R-HSA-9909649,0
R-HSA-2559580,abstraction:NextStepPathway,R-HSA-450321,0
R-HSA-2559580,abstraction:NextStepPathway,R-HSA-69231,0
R-HSA-2559580,abstraction:NextStepPathway,R-HSA-111471,0
R-HSA-2559580,abstraction:NextStepPathway,R-HSA-8852276,0
R-HSA-2559580,abstraction:NextStepPathway,R-HSA-6804757,0
R-HSA-5654706,abstraction:NextStepPathway,R-HSA-5673001,1.9228160506195084
R-HSA-5654706,abstraction:NextStepPathway,R-HSA-5654732,5.643678550586496
R-HSA-5654706,abstraction:NextStepPathway,R-HSA-5654710,6.559969282460651
R-HSA-111367,abstraction:NextStepPathway,R-HSA-73856,0
R-HSA-111367,abstraction:NextStepPathway,R-HSA-159227,3.957279597016267
R-HSA-112308,abstraction:NextStepPathway,R-HSA-210500,3.9759717300284194
R-HSA-112308,abstraction:NextStepPathway,R-HSA-264642,3.9759717300284194
R-HSA-1632852,abstraction:NextStepPathway,R-HSA-8876198,0
R-HSA-1632852,abstraction:NextStepPathway,R-HSA-9694676,0
R-HSA-1632852,abstraction:NextStepPathway,R-HSA-9679504,0
R-HSA-390650,abstraction:NextStepPathway,R-HSA-418594,3.83538977940723
R-HSA-390650,abstraction:NextStepPathway,R-HSA-416476,3.83538977940723
R-HSA-390650,abstraction:NextStepPathway,R-HSA-418555,3.83538977940723
R-HSA-390650,abstraction:NextStepPathway,R-HSA-9660821,0
R-HSA-2871809,abstraction:NextStepPathway,R-HSA-9856530,0
R-HSA-2871809,abstraction:NextStepPathway,R-HSA-442982,0
R-HSA-2871809,abstraction:NextStepPathway,R-HSA-1169091,2.5802876285586898
R-HSA-2871809,abstraction:NextStepPathway,R-HSA-111933,0
R-HSA-2871809,abstraction:NextStepPathway,R-HSA-9620244,0
R-HSA-2871809,abstraction:NextStepPathway,R-HSA-111957,0
R-HSA-2871809,abstraction:NextStepPathway,R-HSA-112043,0
R-HSA-2871809,abstraction:NextStepPathway,R-HSA-9664323,0
R-HSA-2871809,abstraction:NextStepPathway,R-HSA-442720,0
R-HSA-2871809,abstraction:NextStepPathway,R-HSA-2029485,3.210065195186046
R-HSA-2871809,abstraction:NextStepPathway,R-HSA-442729,0
R-HSA-2871809,abstraction:NextStepPathway,R-HSA-111932,0
R-HSA-2871809,abstraction:NextStepPathway,R-HSA-445355,0
R-HSA-2871809,abstraction:NextStepPathway,R-HSA-5218921,0
R-HSA-2871809,abstraction:NextStepPathway,R-HSA-203615,0
R-HSA-2871809,abstraction:NextStepPathway,R-HSA-180024,0
R-HSA-2871809,abstraction:NextStepPathway,R-HSA-111997,0
R-HSA-2871809,abstraction:NextStepPathway,R-HSA-422356,0
R-HSA-2871809,abstraction:NextStepPathway,R-HSA-5607763,3.210065195186046
R-HSA-2871809,abstraction:NextStepPathway,R-HSA-9942503,0
R-HSA-2871809,abstraction:NextStepPathway,R-HSA-1489509,0
R-HSA-2871809,abstraction:NextStepPathway,R-HSA-4086398,0
R-HSA-2871809,abstraction:NextStepPathway,R-HSA-5627123,0
R-HSA-2871809,abstraction:NextStepPathway,R-HSA-2025928,2.5802876285586898
R-HSA-2871809,abstraction:NextStepPathway,R-HSA-5218920,0
R-HSA-2871809,abstraction:NextStepPathway,R-HSA-5578775,0
R-HSA-2871809,abstraction:NextStepPathway,R-HSA-983695,2.5802876285586898
R-HSA-2871809,abstraction:NextStepPathway,R-HSA-2514859,0
R-HSA-2871809,abstraction:NextStepPathway,R-HSA-2871837,6.559969282460651
R-HSA-2871809,abstraction:NextStepPathway,R-HSA-202424,2.5802876285586898
R-HSA-194002,abstraction:NextStepPathway,R-HSA-193048,6.336825731146441
R-HSA-194002,abstraction:NextStepPathway,R-HSA-211976,2.1411286746640528
R-HSA-427601,abstraction:NextStepPathway,R-HSA-174362,0
R-HSA-427601,abstraction:NextStepPathway,R-HSA-425381,6.154504174352486
R-HSA-6787639,abstraction:NextStepPathway,R-HSA-727802,0
R-HSA-1483076,abstraction:NextStepPathway,R-HSA-1482798,5.055891885684376
R-HSA-5637810,abstraction:NextStepPathway,R-HSA-1236382,6.154504174352486
R-HSA-674695,abstraction:NextStepPathway,R-HSA-113418,3.3923867519800006
R-HSA-674695,abstraction:NextStepPathway,R-HSA-167152,0
R-HSA-674695,abstraction:NextStepPathway,R-HSA-167200,0
R-HSA-674695,abstraction:NextStepPathway,R-HSA-75955,3.3923867519800006
R-HSA-674695,abstraction:NextStepPathway,R-HSA-167158,0
R-HSA-674695,abstraction:NextStepPathway,R-HSA-112382,3.3923867519800006
R-HSA-9833110,abstraction:NextStepPathway,R-HSA-9820960,5.749039066244322
R-HSA-9833110,abstraction:NextStepPathway,R-HSA-8983711,0
R-HSA-76066,abstraction:NextStepPathway,R-HSA-749476,6.000353494525228
R-HSA-2024096,abstraction:NextStepPathway,R-HSA-2024101,5.307206313965283
R-HSA-110320,abstraction:NextStepPathway,R-HSA-110313,6.000353494525228
R-HSA-110320,abstraction:NextStepPathway,R-HSA-5656169,6.336825731146441
R-HSA-6782135,abstraction:NextStepPathway,R-HSA-6782210,6.847651354912432
R-HSA-8849473,abstraction:NextStepPathway,R-HSA-8847993,5.749039066244322
R-HSA-69473,abstraction:NextStepPathway,R-HSA-6796648,0
R-HSA-69473,abstraction:NextStepPathway,R-HSA-6804114,0
R-HSA-69473,abstraction:NextStepPathway,R-HSA-6803211,0
R-HSA-69473,abstraction:NextStepPathway,R-HSA-9758274,0
R-HSA-69473,abstraction:NextStepPathway,R-HSA-69601,5.001824664414101
R-HSA-69473,abstraction:NextStepPathway,R-HSA-6804760,0
R-HSA-69473,abstraction:NextStepPathway,R-HSA-75035,6.559969282460651
R-HSA-69473,abstraction:NextStepPathway,R-HSA-6811555,0
R-HSA-69473,abstraction:NextStepPathway,R-HSA-69541,5.001824664414101
R-HSA-69473,abstraction:NextStepPathway,R-HSA-5620971,0
R-HSA-69473,abstraction:NextStepPathway,R-HSA-5693565,0
R-HSA-69473,abstraction:NextStepPathway,R-HSA-6804756,0
R-HSA-69473,abstraction:NextStepPathway,R-HSA-6804116,0
R-HSA-69473,abstraction:NextStepPathway,R-HSA-6804115,0
R-HSA-69473,abstraction:NextStepPathway,R-HSA-176187,6.559969282460651
R-HSA-69473,abstraction:NextStepPathway,R-HSA-69895,5.001824664414101
R-HSA-69473,abstraction:NextStepPathway,R-HSA-6803204,0
R-HSA-69473,abstraction:NextStepPathway,R-HSA-6804759,0
R-HSA-69473,abstraction:NextStepPathway,R-HSA-6803207,0
R-HSA-69473,abstraction:NextStepPathway,R-HSA-111448,0
R-HSA-69473,abstraction:NextStepPathway,R-HSA-2559586,0
R-HSA-69473,abstraction:NextStepPathway,R-HSA-6803205,0
R-HSA-69473,abstraction:NextStepPathway,R-HSA-6804754,0
R-HSA-69473,abstraction:NextStepPathway,R-HSA-6804758,0
R-HSA-69473,abstraction:NextStepPathway,R-HSA-6804757,0
R-HSA-8940973,abstraction:NextStepPathway,R-HSA-8878166,3.5274230357839436
R-HSA-400206,abstraction:NextStepPathway,R-HSA-2426168,3.1422425988472846
R-HSA-400206,abstraction:NextStepPathway,R-HSA-2032785,0
R-HSA-400206,abstraction:NextStepPathway,R-HSA-9707616,0
R-HSA-400206,abstraction:NextStepPathway,R-HSA-9707564,0
R-HSA-400206,abstraction:NextStepPathway,R-HSA-9931509,0
R-HSA-400206,abstraction:NextStepPathway,R-HSA-8951671,0
R-HSA-400206,abstraction:NextStepPathway,R-HSA-1368108,0
R-HSA-400206,abstraction:NextStepPathway,R-HSA-9933387,0
R-HSA-400206,abstraction:NextStepPathway,R-HSA-381340,0
R-HSA-400206,abstraction:NextStepPathway,R-HSA-2151201,0
R-HSA-400206,abstraction:NextStepPathway,R-HSA-1989781,3.1422425988472846
R-HSA-453274,abstraction:NextStepPathway,R-HSA-69620,3.134079288208124
R-HSA-453274,abstraction:NextStepPathway,R-HSA-69278,3.134079288208124
R-HSA-111464,abstraction:NextStepPathway,R-HSA-111465,4.390915582091128
R-HSA-111464,abstraction:NextStepPathway,R-HSA-140342,4.390915582091128
R-HSA-111464,abstraction:NextStepPathway,R-HSA-264870,4.390915582091128
R-HSA-111464,abstraction:NextStepPathway,R-HSA-211736,4.390915582091128
R-HSA-111464,abstraction:NextStepPathway,R-HSA-351906,4.390915582091128
R-HSA-174417,abstraction:NextStepPathway,R-HSA-171306,5.749039066244322
R-HSA-1912420,abstraction:NextStepPathway,R-HSA-9013507,5.001824664414101
R-HSA-1912420,abstraction:NextStepPathway,R-HSA-2979096,5.001824664414101
R-HSA-1912420,abstraction:NextStepPathway,R-HSA-2122948,5.001824664414101
R-HSA-5668599,abstraction:NextStepPathway,R-HSA-4420097,1.9228160506195084
R-HSA-5668599,abstraction:NextStepPathway,R-HSA-1222556,0
R-HSA-389887,abstraction:NextStepPathway,R-HSA-390918,4.545066261918386
R-HSA-69200,abstraction:NextStepPathway,R-HSA-113501,5.866822101900706
R-HSA-110314,abstraction:NextStepPathway,R-HSA-110320,6.000353494525228
R-HSA-110314,abstraction:NextStepPathway,R-HSA-5655862,6.000353494525228
R-HSA-110314,abstraction:NextStepPathway,R-HSA-110312,6.000353494525228
R-HSA-110314,abstraction:NextStepPathway,R-HSA-5656121,6.000353494525228
R-HSA-1482798,abstraction:NextStepPathway,R-HSA-1483213,5.055891885684376
R-HSA-9960519,abstraction:NextStepPathway,R-HSA-448706,2.5802876285586898
R-HSA-9960519,abstraction:NextStepPathway,R-HSA-5620971,0
R-HSA-9960519,abstraction:NextStepPathway,R-HSA-9660826,0
R-HSA-449836,abstraction:NextStepPathway,R-HSA-8854691,4.208594025297173
R-HSA-449836,abstraction:NextStepPathway,R-HSA-9616222,0
R-HSA-9772755,abstraction:NextStepPathway,R-HSA-3214847,0
R-HSA-9772755,abstraction:NextStepPathway,R-HSA-9841922,6.559969282460651
R-HSA-9772755,abstraction:NextStepPathway,R-HSA-3214841,0
R-HSA-9772755,abstraction:NextStepPathway,R-HSA-9818564,6.559969282460651
R-HSA-9851151,abstraction:NextStepPathway,R-HSA-201556,2.928983806765617
R-HSA-5213460,abstraction:NextStepPathway,R-HSA-9686347,0
R-HSA-5213460,abstraction:NextStepPathway,R-HSA-5675482,6.559969282460651
R-HSA-5213460,abstraction:NextStepPathway,R-HSA-9692913,0
R-HSA-168336,abstraction:NextStepPathway,R-HSA-168271,4.688167105559059
R-HSA-204174,abstraction:NextStepPathway,R-HSA-5362517,0
R-HSA-204174,abstraction:NextStepPathway,R-HSA-389661,2.1411286746640528
R-HSA-204174,abstraction:NextStepPathway,R-HSA-9861559,6.847651354912432
R-HSA-199992,abstraction:NextStepPathway,R-HSA-432722,4.545066261918386
R-HSA-199992,abstraction:NextStepPathway,R-HSA-432720,4.545066261918386
R-HSA-179419,abstraction:NextStepPathway,R-HSA-176409,6.000353494525228
R-HSA-192456,abstraction:NextStepPathway,R-HSA-8963678,6.154504174352486
R-HSA-192456,abstraction:NextStepPathway,R-HSA-975634,0
R-HSA-2470946,abstraction:NextStepPathway,R-HSA-2468052,3.468926829102335
R-HSA-8866423,abstraction:NextStepPathway,R-HSA-8964046,5.238213442478331
R-HSA-9683673,abstraction:NextStepPathway,R-HSA-9679509,4.9505313700265505
R-HSA-9683673,abstraction:NextStepPathway,R-HSA-9686347,1.3090056122960843
R-HSA-9683673,abstraction:NextStepPathway,R-HSA-9692916,4.9505313700265505
R-HSA-9683673,abstraction:NextStepPathway,R-HSA-9692913,4.9505313700265505
R-HSA-9683673,abstraction:NextStepPathway,R-HSA-9735871,4.9505313700265505
R-HSA-426486,abstraction:NextStepPathway,R-HSA-426496,6.154504174352486
R-HSA-9020558,abstraction:NextStepPathway,R-HSA-2586552,0
R-HSA-9020558,abstraction:NextStepPathway,R-HSA-8985947,6.336825731146441
R-HSA-9020558,abstraction:NextStepPathway,R-HSA-912526,6.336825731146441
R-HSA-9020558,abstraction:NextStepPathway,R-HSA-512988,4.208594025297173
R-HSA-9020558,abstraction:NextStepPathway,R-HSA-9703465,0
R-HSA-9020558,abstraction:NextStepPathway,R-HSA-6785807,4.208594025297173
R-HSA-9020558,abstraction:NextStepPathway,R-HSA-9020958,6.336825731146441
R-HSA-9020558,abstraction:NextStepPathway,R-HSA-1266695,4.208594025297173
R-HSA-9020558,abstraction:NextStepPathway,R-HSA-8983432,6.336825731146441
R-HSA-9020558,abstraction:NextStepPathway,R-HSA-9702518,0
R-HSA-9020558,abstraction:NextStepPathway,R-HSA-982772,3.741571024189575
R-HSA-561048,abstraction:NextStepPathway,R-HSA-196807,0
R-HSA-561048,abstraction:NextStepPathway,R-HSA-428643,6.336825731146441
R-HSA-561048,abstraction:NextStepPathway,R-HSA-433692,6.336825731146441
R-HSA-561048,abstraction:NextStepPathway,R-HSA-9749641,0
R-HSA-6785470,abstraction:NextStepPathway,R-HSA-9937008,3.957279597016267
R-HSA-6785470,abstraction:NextStepPathway,R-HSA-6787450,6.336825731146441
R-HSA-6785470,abstraction:NextStepPathway,R-HSA-6793080,3.957279597016267
R-HSA-201681,abstraction:NextStepPathway,R-HSA-3769402,4.901741205857118
R-HSA-201681,abstraction:NextStepPathway,R-HSA-4641262,4.901741205857118
R-HSA-201681,abstraction:NextStepPathway,R-HSA-9754189,0
R-HSA-201681,abstraction:NextStepPathway,R-HSA-9834899,0
R-HSA-201681,abstraction:NextStepPathway,R-HSA-201722,4.901741205857118
R-HSA-201681,abstraction:NextStepPathway,R-HSA-9909649,0
R-HSA-418889,abstraction:NextStepPathway,R-HSA-5620971,4.232691576876234
R-HSA-418889,abstraction:NextStepPathway,R-HSA-111465,4.390915582091128
R-HSA-418889,abstraction:NextStepPathway,R-HSA-140342,4.390915582091128
R-HSA-418889,abstraction:NextStepPathway,R-HSA-264870,4.390915582091128
R-HSA-418889,abstraction:NextStepPathway,R-HSA-211736,4.390915582091128
R-HSA-418889,abstraction:NextStepPathway,R-HSA-351906,4.390915582091128
R-HSA-73856,abstraction:NextStepPathway,R-HSA-9930044,0
R-HSA-73856,abstraction:NextStepPathway,R-HSA-159230,0
R-HSA-73856,abstraction:NextStepPathway,R-HSA-77595,0
R-HSA-73856,abstraction:NextStepPathway,R-HSA-159227,0
R-HSA-73856,abstraction:NextStepPathway,R-HSA-72187,0
R-HSA-1227986,abstraction:NextStepPathway,R-HSA-8863795,2.928983806765617
R-HSA-1227986,abstraction:NextStepPathway,R-HSA-1251932,2.928983806765617
R-HSA-1227986,abstraction:NextStepPathway,R-HSA-1236394,2.928983806765617
R-HSA-1227986,abstraction:NextStepPathway,R-HSA-1250196,2.928983806765617
R-HSA-1227986,abstraction:NextStepPathway,R-HSA-1306955,2.928983806765617
R-HSA-1227986,abstraction:NextStepPathway,R-HSA-6785631,2.928983806765617
R-HSA-1227986,abstraction:NextStepPathway,R-HSA-8847993,2.928983806765617
R-HSA-1227986,abstraction:NextStepPathway,R-HSA-1358803,2.928983806765617
R-HSA-1227986,abstraction:NextStepPathway,R-HSA-1963640,2.928983806765617
R-HSA-1227986,abstraction:NextStepPathway,R-HSA-1963642,2.928983806765617
R-HSA-75953,abstraction:NextStepPathway,R-HSA-674695,3.3923867519800006
R-HSA-75953,abstraction:NextStepPathway,R-HSA-73776,7.253116463020596
R-HSA-9694676,abstraction:NextStepPathway,R-HSA-9694301,6.000353494525228
R-HSA-9694676,abstraction:NextStepPathway,R-HSA-9705671,4.768209813232596
R-HSA-9694676,abstraction:NextStepPathway,R-HSA-9694271,6.000353494525228
R-HSA-190372,abstraction:NextStepPathway,R-HSA-5654227,5.643678550586496
R-HSA-190372,abstraction:NextStepPathway,R-HSA-5654706,5.643678550586496
R-HSA-190372,abstraction:NextStepPathway,R-HSA-5654704,5.643678550586496
R-HSA-5654719,abstraction:NextStepPathway,R-HSA-5673001,1.9228160506195084
R-HSA-9613354,abstraction:NextStepPathway,R-HSA-9615710,5.643678550586496
R-HSA-9613354,abstraction:NextStepPathway,R-HSA-9613829,5.643678550586496
R-HSA-9613354,abstraction:NextStepPathway,R-HSA-9612973,0
R-HSA-75105,abstraction:NextStepPathway,R-HSA-200425,4.545066261918386
R-HSA-75105,abstraction:NextStepPathway,R-HSA-191273,3.1422425988472846
R-HSA-1483226,abstraction:NextStepPathway,R-HSA-1483196,5.055891885684376
R-HSA-1483226,abstraction:NextStepPathway,R-HSA-1483248,4.480527740780815
R-HSA-1483226,abstraction:NextStepPathway,R-HSA-1482922,5.055891885684376
R-HSA-164516,abstraction:NextStepPathway,R-HSA-164525,7.253116463020596
R-HSA-163767,abstraction:NextStepPathway,R-HSA-163765,5.307206313965283
R-HSA-163767,abstraction:NextStepPathway,R-HSA-163358,5.307206313965283
R-HSA-163767,abstraction:NextStepPathway,R-HSA-9634600,2.1411286746640528
R-HSA-351200,abstraction:NextStepPathway,R-HSA-141334,2.1411286746640528
R-HSA-5205685,abstraction:NextStepPathway,R-HSA-1632852,5.643678550586496
R-HSA-5205685,abstraction:NextStepPathway,R-HSA-9694676,0
R-HSA-5205685,abstraction:NextStepPathway,R-HSA-9679504,0
R-HSA-2682334,abstraction:NextStepPathway,R-HSA-3928662,4.308677483854155
R-HSA-8943723,abstraction:NextStepPathway,R-HSA-6807070,5.643678550586496
R-HSA-8943723,abstraction:NextStepPathway,R-HSA-199418,5.643678550586496
R-HSA-8943723,abstraction:NextStepPathway,R-HSA-5628897,0
R-HSA-8943723,abstraction:NextStepPathway,R-HSA-1660499,0
R-HSA-8943723,abstraction:NextStepPathway,R-HSA-8948751,6.336825731146441
R-HSA-8943723,abstraction:NextStepPathway,R-HSA-202424,0
R-HSA-9679504,abstraction:NextStepPathway,R-HSA-9683439,4.9505313700265505
R-HSA-9679504,abstraction:NextStepPathway,R-HSA-9684325,4.9505313700265505
R-HSA-75035,abstraction:NextStepPathway,R-HSA-69478,6.559969282460651
R-HSA-75035,abstraction:NextStepPathway,R-HSA-69273,3.134079288208124
R-HSA-75035,abstraction:NextStepPathway,R-HSA-5625740,0
R-HSA-2426168,abstraction:NextStepPathway,R-HSA-1989781,3.1422425988472846
R-HSA-434316,abstraction:NextStepPathway,R-HSA-399997,6.154504174352486
R-HSA-434316,abstraction:NextStepPathway,R-HSA-2871809,0
R-HSA-434316,abstraction:NextStepPathway,R-HSA-112043,0
R-HSA-434316,abstraction:NextStepPathway,R-HSA-9664323,0
R-HSA-434316,abstraction:NextStepPathway,R-HSA-2029485,0
R-HSA-434316,abstraction:NextStepPathway,R-HSA-5218921,0
R-HSA-434316,abstraction:NextStepPathway,R-HSA-2179392,0
R-HSA-434316,abstraction:NextStepPathway,R-HSA-422356,5.307206313965283
R-HSA-434316,abstraction:NextStepPathway,R-HSA-5607763,0
R-HSA-434316,abstraction:NextStepPathway,R-HSA-1489509,0
R-HSA-434316,abstraction:NextStepPathway,R-HSA-4086398,0
R-HSA-434316,abstraction:NextStepPathway,R-HSA-983695,0
R-HSA-2032785,abstraction:NextStepPathway,R-HSA-8940973,3.5274230357839436
R-HSA-2032785,abstraction:NextStepPathway,R-HSA-9796292,0
R-HSA-2032785,abstraction:NextStepPathway,R-HSA-9909649,0
R-HSA-2032785,abstraction:NextStepPathway,R-HSA-8951671,3.5274230357839436
R-HSA-2032785,abstraction:NextStepPathway,R-HSA-5578768,0
R-HSA-9637628,abstraction:NextStepPathway,R-HSA-9636383,5.055891885684376
R-HSA-168142,abstraction:NextStepPathway,R-HSA-975871,4.139601153810221
R-HSA-399955,abstraction:NextStepPathway,R-HSA-416550,6.000353494525228
R-HSA-9686347,abstraction:NextStepPathway,R-HSA-9692913,1.3090056122960843
R-HSA-8964058,abstraction:NextStepPathway,R-HSA-8964041,6.559969282460651
R-HSA-1257604,abstraction:NextStepPathway,R-HSA-6811558,5.055891885684376
R-HSA-1257604,abstraction:NextStepPathway,R-HSA-9634638,1.9228160506195084
R-HSA-1257604,abstraction:NextStepPathway,R-HSA-389357,0
R-HSA-1257604,abstraction:NextStepPathway,R-HSA-8941332,0
R-HSA-1257604,abstraction:NextStepPathway,R-HSA-8876198,0
R-HSA-1257604,abstraction:NextStepPathway,R-HSA-69202,0
R-HSA-1257604,abstraction:NextStepPathway,R-HSA-199418,5.055891885684376
R-HSA-1257604,abstraction:NextStepPathway,R-HSA-5628897,0
R-HSA-1257604,abstraction:NextStepPathway,R-HSA-9755779,0
R-HSA-1257604,abstraction:NextStepPathway,R-HSA-114604,0
R-HSA-1257604,abstraction:NextStepPathway,R-HSA-198693,5.055891885684376
R-HSA-1257604,abstraction:NextStepPathway,R-HSA-69656,0
R-HSA-1257604,abstraction:NextStepPathway,R-HSA-5674400,0
R-HSA-1257604,abstraction:NextStepPathway,R-HSA-111447,0
R-HSA-1257604,abstraction:NextStepPathway,R-HSA-203615,0
R-HSA-1257604,abstraction:NextStepPathway,R-HSA-1358803,1.9228160506195084
R-HSA-1257604,abstraction:NextStepPathway,R-HSA-1660499,0
R-HSA-1257604,abstraction:NextStepPathway,R-HSA-6804759,0
R-HSA-1257604,abstraction:NextStepPathway,R-HSA-198323,5.055891885684376
R-HSA-1257604,abstraction:NextStepPathway,R-HSA-5218920,1.9228160506195084
R-HSA-1257604,abstraction:NextStepPathway,R-HSA-6804758,0
R-HSA-1257604,abstraction:NextStepPathway,R-HSA-9614399,0
R-HSA-1257604,abstraction:NextStepPathway,R-HSA-9634635,1.9228160506195084
R-HSA-1257604,abstraction:NextStepPathway,R-HSA-9604323,1.9228160506195084
R-HSA-1257604,abstraction:NextStepPathway,R-HSA-8948751,5.055891885684376
R-HSA-1257604,abstraction:NextStepPathway,R-HSA-6804757,0
R-HSA-1257604,abstraction:NextStepPathway,R-HSA-202424,0
R-HSA-1660508,abstraction:NextStepPathway,R-HSA-1660514,5.381314286119005
R-HSA-3065676,abstraction:NextStepPathway,R-HSA-3065678,6.847651354912432
R-HSA-9640463,abstraction:NextStepPathway,R-HSA-1369062,0
R-HSA-392023,abstraction:NextStepPathway,R-HSA-418597,0
R-HSA-164378,abstraction:NextStepPathway,R-HSA-111931,0
R-HSA-164378,abstraction:NextStepPathway,R-HSA-9856530,0
R-HSA-164378,abstraction:NextStepPathway,R-HSA-9634597,0
R-HSA-164378,abstraction:NextStepPathway,R-HSA-111957,0
R-HSA-164378,abstraction:NextStepPathway,R-HSA-9664323,0
R-HSA-164378,abstraction:NextStepPathway,R-HSA-163560,2.1411286746640528
R-HSA-164378,abstraction:NextStepPathway,R-HSA-442720,0
R-HSA-164378,abstraction:NextStepPathway,R-HSA-432040,0
R-HSA-164378,abstraction:NextStepPathway,R-HSA-180024,0
R-HSA-164378,abstraction:NextStepPathway,R-HSA-163358,5.307206313965283
R-HSA-164378,abstraction:NextStepPathway,R-HSA-9634600,2.1411286746640528
R-HSA-164378,abstraction:NextStepPathway,R-HSA-163615,0
R-HSA-164378,abstraction:NextStepPathway,R-HSA-392517,0
R-HSA-164378,abstraction:NextStepPathway,R-HSA-9660821,0
R-HSA-164525,abstraction:NextStepPathway,R-HSA-162594,4.5122764390953956
R-HSA-352238,abstraction:NextStepPathway,R-HSA-111465,6.154504174352486
R-HSA-9707616,abstraction:NextStepPathway,R-HSA-9707587,4.0961160418704825
R-HSA-9707616,abstraction:NextStepPathway,R-HSA-2168880,0
R-HSA-9707616,abstraction:NextStepPathway,R-HSA-917937,0
R-HSA-9707616,abstraction:NextStepPathway,R-HSA-9707564,4.0961160418704825
R-HSA-9707616,abstraction:NextStepPathway,R-HSA-9931509,0
R-HSA-9707616,abstraction:NextStepPathway,R-HSA-189483,0
R-HSA-9707616,abstraction:NextStepPathway,R-HSA-9933387,0
R-HSA-9707616,abstraction:NextStepPathway,R-HSA-2151201,0
R-HSA-9707616,abstraction:NextStepPathway,R-HSA-9708530,4.0961160418704825
R-HSA-171306,abstraction:NextStepPathway,R-HSA-9670095,5.749039066244322
R-HSA-171306,abstraction:NextStepPathway,R-HSA-2559586,0
R-HSA-1660502,abstraction:NextStepPathway,R-HSA-1660508,5.381314286119005
R-HSA-1660502,abstraction:NextStepPathway,R-HSA-1660517,5.381314286119005
R-HSA-69202,abstraction:NextStepPathway,R-HSA-69563,3.134079288208124
R-HSA-69202,abstraction:NextStepPathway,R-HSA-69200,5.866822101900706
R-HSA-69202,abstraction:NextStepPathway,R-HSA-6804116,0
R-HSA-69202,abstraction:NextStepPathway,R-HSA-69656,3.468926829102335
R-HSA-69202,abstraction:NextStepPathway,R-HSA-1362277,5.238213442478331
R-HSA-69202,abstraction:NextStepPathway,R-HSA-69273,3.468926829102335
R-HSA-69202,abstraction:NextStepPathway,R-HSA-2559586,0
R-HSA-69202,abstraction:NextStepPathway,R-HSA-187577,5.866822101900706
R-HSA-9840310,abstraction:NextStepPathway,R-HSA-9840309,7.253116463020596
R-HSA-9840310,abstraction:NextStepPathway,R-HSA-9845614,6.336825731146441
R-HSA-9840310,abstraction:NextStepPathway,R-HSA-1660661,6.336825731146441
R-HSA-381033,abstraction:NextStepPathway,R-HSA-380994,5.866822101900706
R-HSA-381033,abstraction:NextStepPathway,R-HSA-381183,5.866822101900706
R-HSA-3247509,abstraction:NextStepPathway,R-HSA-1266695,0
R-HSA-162710,abstraction:NextStepPathway,R-HSA-162791,6.847651354912432
R-HSA-73780,abstraction:NextStepPathway,R-HSA-73980,6.000353494525228
R-HSA-73780,abstraction:NextStepPathway,R-HSA-749476,6.000353494525228
R-HSA-9683610,abstraction:NextStepPathway,R-HSA-9679509,4.9505313700265505
R-HSA-9683610,abstraction:NextStepPathway,R-HSA-9735869,4.9505313700265505
R-HSA-9683610,abstraction:NextStepPathway,R-HSA-9735871,4.9505313700265505
R-HSA-9683610,abstraction:NextStepPathway,R-HSA-9692914,4.9505313700265505
R-HSA-159236,abstraction:NextStepPathway,R-HSA-429947,3.957279597016267
R-HSA-159236,abstraction:NextStepPathway,R-HSA-450385,3.957279597016267
R-HSA-159236,abstraction:NextStepPathway,R-HSA-450408,3.957279597016267
R-HSA-159236,abstraction:NextStepPathway,R-HSA-450513,3.957279597016267
R-HSA-159236,abstraction:NextStepPathway,R-HSA-72662,0
R-HSA-159236,abstraction:NextStepPathway,R-HSA-428359,3.957279597016267
R-HSA-159236,abstraction:NextStepPathway,R-HSA-450604,3.957279597016267
R-HSA-1222556,abstraction:NextStepPathway,R-HSA-392154,0
R-HSA-1222556,abstraction:NextStepPathway,R-HSA-445355,0
R-HSA-1222556,abstraction:NextStepPathway,R-HSA-3299685,0
R-HSA-1222556,abstraction:NextStepPathway,R-HSA-8941413,3.210065195186046
R-HSA-70263,abstraction:NextStepPathway,R-HSA-428643,0
R-HSA-70263,abstraction:NextStepPathway,R-HSA-9856872,2.1411286746640528
R-HSA-70263,abstraction:NextStepPathway,R-HSA-8964539,2.1411286746640528
R-HSA-70263,abstraction:NextStepPathway,R-HSA-5628897,0
R-HSA-70263,abstraction:NextStepPathway,R-HSA-70171,6.559969282460651
R-HSA-70263,abstraction:NextStepPathway,R-HSA-70268,2.1411286746640528
R-HSA-70263,abstraction:NextStepPathway,R-HSA-71336,4.362744705124431
R-HSA-70263,abstraction:NextStepPathway,R-HSA-71403,2.1411286746640528
R-HSA-418592,abstraction:NextStepPathway,R-HSA-418217,0
R-HSA-418592,abstraction:NextStepPathway,R-HSA-392451,0
R-HSA-418592,abstraction:NextStepPathway,R-HSA-432142,4.308677483854155
R-HSA-418592,abstraction:NextStepPathway,R-HSA-416476,0
R-HSA-418592,abstraction:NextStepPathway,R-HSA-4086398,0
R-HSA-418592,abstraction:NextStepPathway,R-HSA-8964315,0
R-HSA-418592,abstraction:NextStepPathway,R-HSA-8964616,0
R-HSA-418592,abstraction:NextStepPathway,R-HSA-111995,0
R-HSA-2672351,abstraction:NextStepPathway,R-HSA-9717207,0
R-HSA-2672351,abstraction:NextStepPathway,R-HSA-9730628,0
R-HSA-200425,abstraction:NextStepPathway,R-HSA-77286,4.545066261918386
R-HSA-140834,abstraction:NextStepPathway,R-HSA-140875,6.847651354912432
R-HSA-140834,abstraction:NextStepPathway,R-HSA-140837,6.847651354912432
R-HSA-1483148,abstraction:NextStepPathway,R-HSA-1483076,5.055891885684376
R-HSA-1483148,abstraction:NextStepPathway,R-HSA-1482925,5.055891885684376
R-HSA-1483148,abstraction:NextStepPathway,R-HSA-1483171,5.055891885684376
R-HSA-9634597,abstraction:NextStepPathway,R-HSA-111931,4.545066261918386
R-HSA-9634597,abstraction:NextStepPathway,R-HSA-9009391,1.9228160506195084
R-HSA-9634597,abstraction:NextStepPathway,R-HSA-418594,4.545066261918386
R-HSA-9634597,abstraction:NextStepPathway,R-HSA-9856530,0
R-HSA-9634597,abstraction:NextStepPathway,R-HSA-164378,0
R-HSA-9634597,abstraction:NextStepPathway,R-HSA-9664323,0
R-HSA-9634597,abstraction:NextStepPathway,R-HSA-163560,0
R-HSA-9634597,abstraction:NextStepPathway,R-HSA-418597,4.545066261918386
R-HSA-9634597,abstraction:NextStepPathway,R-HSA-442720,0
R-HSA-9634597,abstraction:NextStepPathway,R-HSA-432040,0
R-HSA-9634597,abstraction:NextStepPathway,R-HSA-180024,4.545066261918386
R-HSA-9634597,abstraction:NextStepPathway,R-HSA-418555,4.545066261918386
R-HSA-9634597,abstraction:NextStepPathway,R-HSA-163358,0
R-HSA-9634597,abstraction:NextStepPathway,R-HSA-9634600,0
R-HSA-9634597,abstraction:NextStepPathway,R-HSA-163615,4.545066261918386
R-HSA-9634597,abstraction:NextStepPathway,R-HSA-9660821,0
R-HSA-8934903,abstraction:NextStepPathway,R-HSA-1632852,5.643678550586496
R-HSA-8934903,abstraction:NextStepPathway,R-HSA-9694676,0
R-HSA-8934903,abstraction:NextStepPathway,R-HSA-9679504,0
R-HSA-6806667,abstraction:NextStepPathway,R-HSA-2187338,0
R-HSA-6811555,abstraction:NextStepPathway,R-HSA-8847453,0
R-HSA-2022928,abstraction:NextStepPathway,R-HSA-2024096,7.253116463020596
R-HSA-2022928,abstraction:NextStepPathway,R-HSA-2022854,5.307206313965283
R-HSA-380972,abstraction:NextStepPathway,R-HSA-2151209,0
R-HSA-380972,abstraction:NextStepPathway,R-HSA-1632852,0
R-HSA-380972,abstraction:NextStepPathway,R-HSA-200425,0
R-HSA-380972,abstraction:NextStepPathway,R-HSA-163680,0
R-HSA-380972,abstraction:NextStepPathway,R-HSA-5628897,0
R-HSA-380972,abstraction:NextStepPathway,R-HSA-165159,1.9228160506195084
R-HSA-198203,abstraction:NextStepPathway,R-HSA-6811558,1.9228160506195084
R-HSA-198203,abstraction:NextStepPathway,R-HSA-389357,0
R-HSA-198203,abstraction:NextStepPathway,R-HSA-1257604,1.9228160506195084
R-HSA-198203,abstraction:NextStepPathway,R-HSA-392451,1.9228160506195084
R-HSA-198203,abstraction:NextStepPathway,R-HSA-199418,1.9228160506195084
R-HSA-198203,abstraction:NextStepPathway,R-HSA-114604,0
R-HSA-198203,abstraction:NextStepPathway,R-HSA-9006925,1.9228160506195084
R-HSA-198203,abstraction:NextStepPathway,R-HSA-1660499,0
R-HSA-198203,abstraction:NextStepPathway,R-HSA-5218920,2.928983806765617
R-HSA-198203,abstraction:NextStepPathway,R-HSA-202424,0
R-HSA-8985947,abstraction:NextStepPathway,R-HSA-9020558,6.336825731146441
R-HSA-8985947,abstraction:NextStepPathway,R-HSA-6785807,4.208594025297173
R-HSA-8985947,abstraction:NextStepPathway,R-HSA-9020958,6.336825731146441
R-HSA-8985947,abstraction:NextStepPathway,R-HSA-1266695,4.208594025297173
R-HSA-8985947,abstraction:NextStepPathway,R-HSA-8983432,6.336825731146441
R-HSA-8985947,abstraction:NextStepPathway,R-HSA-9860927,0
R-HSA-1538133,abstraction:NextStepPathway,R-HSA-1362277,5.238213442478331
R-HSA-1538133,abstraction:NextStepPathway,R-HSA-1362300,5.238213442478331
R-HSA-193368,abstraction:NextStepPathway,R-HSA-211994,2.1411286746640528
R-HSA-193368,abstraction:NextStepPathway,R-HSA-159418,6.336825731146441
R-HSA-75153,abstraction:NextStepPathway,R-HSA-111465,4.390915582091128
R-HSA-2142753,abstraction:NextStepPathway,R-HSA-2142770,4.545066261918386
R-HSA-2142753,abstraction:NextStepPathway,R-HSA-2142816,4.545066261918386
R-HSA-2142753,abstraction:NextStepPathway,R-HSA-2142688,4.545066261918386
R-HSA-2142753,abstraction:NextStepPathway,R-HSA-2142696,4.545066261918386
R-HSA-2142753,abstraction:NextStepPathway,R-HSA-140180,2.1411286746640528
R-HSA-2142753,abstraction:NextStepPathway,R-HSA-2142670,4.545066261918386
R-HSA-2142753,abstraction:NextStepPathway,R-HSA-2142691,4.545066261918386
R-HSA-2142753,abstraction:NextStepPathway,R-HSA-2142712,4.545066261918386
R-HSA-2142753,abstraction:NextStepPathway,R-HSA-2162123,4.545066261918386
R-HSA-1483213,abstraction:NextStepPathway,R-HSA-1482839,5.055891885684376
R-HSA-1483213,abstraction:NextStepPathway,R-HSA-1482798,5.055891885684376
R-HSA-1483213,abstraction:NextStepPathway,R-HSA-1483191,5.055891885684376
R-HSA-1483213,abstraction:NextStepPathway,R-HSA-1483101,5.055891885684376
R-HSA-448706,abstraction:NextStepPathway,R-HSA-5620971,0
R-HSA-448706,abstraction:NextStepPathway,R-HSA-9660826,0
R-HSA-448706,abstraction:NextStepPathway,R-HSA-9020702,5.643678550586496
R-HSA-190373,abstraction:NextStepPathway,R-HSA-5654219,5.461356993792541
R-HSA-190373,abstraction:NextStepPathway,R-HSA-5654687,5.461356993792541
R-HSA-190373,abstraction:NextStepPathway,R-HSA-5654688,5.461356993792541
R-HSA-190373,abstraction:NextStepPathway,R-HSA-5654693,5.461356993792541
R-HSA-109704,abstraction:NextStepPathway,R-HSA-165158,6.336825731146441
R-HSA-9854907,abstraction:NextStepPathway,R-HSA-9856649,5.643678550586496
R-HSA-1855191,abstraction:NextStepPathway,R-HSA-1855192,5.461356993792541
R-HSA-1855191,abstraction:NextStepPathway,R-HSA-1855170,5.461356993792541
R-HSA-212300,abstraction:NextStepPathway,R-HSA-9710421,0
R-HSA-174577,abstraction:NextStepPathway,R-HSA-166665,5.749039066244322
R-HSA-174577,abstraction:NextStepPathway,R-HSA-977606,5.749039066244322
R-HSA-174577,abstraction:NextStepPathway,R-HSA-375276,0
R-HSA-174577,abstraction:NextStepPathway,R-HSA-9660826,0
R-HSA-74713,abstraction:NextStepPathway,R-HSA-74749,5.866822101900706
R-HSA-74713,abstraction:NextStepPathway,R-HSA-112399,5.866822101900706
R-HSA-74713,abstraction:NextStepPathway,R-HSA-112412,5.866822101900706
R-HSA-167060,abstraction:NextStepPathway,R-HSA-187042,4.257384189466605
R-HSA-1483191,abstraction:NextStepPathway,R-HSA-1482839,5.055891885684376
R-HSA-1483191,abstraction:NextStepPathway,R-HSA-9958517,0
R-HSA-1483191,abstraction:NextStepPathway,R-HSA-1483196,5.055891885684376
R-HSA-1483191,abstraction:NextStepPathway,R-HSA-6798163,2.1411286746640528
R-HSA-1483191,abstraction:NextStepPathway,R-HSA-1483148,5.055891885684376
R-HSA-1483191,abstraction:NextStepPathway,R-HSA-1483213,5.055891885684376
R-HSA-1483191,abstraction:NextStepPathway,R-HSA-1483101,5.055891885684376
R-HSA-1483191,abstraction:NextStepPathway,R-HSA-264642,0
R-HSA-1483191,abstraction:NextStepPathway,R-HSA-1483166,5.055891885684376
R-HSA-1483191,abstraction:NextStepPathway,R-HSA-1482788,5.055891885684376
R-HSA-917977,abstraction:NextStepPathway,R-HSA-77387,0
R-HSA-9853506,abstraction:NextStepPathway,R-HSA-611105,5.113050299524325
R-HSA-9853506,abstraction:NextStepPathway,R-HSA-1237044,0
R-HSA-9853506,abstraction:NextStepPathway,R-HSA-1475029,2.1411286746640528
R-HSA-9853506,abstraction:NextStepPathway,R-HSA-71403,5.113050299524325
R-HSA-879518,abstraction:NextStepPathway,R-HSA-193368,0
R-HSA-879518,abstraction:NextStepPathway,R-HSA-159418,0
R-HSA-9755511,abstraction:NextStepPathway,R-HSA-9762114,5.238213442478331
R-HSA-9755511,abstraction:NextStepPathway,R-HSA-8951664,0
R-HSA-9755511,abstraction:NextStepPathway,R-HSA-9759194,5.238213442478331
R-HSA-9755511,abstraction:NextStepPathway,R-HSA-9818025,5.238213442478331
R-HSA-9755511,abstraction:NextStepPathway,R-HSA-9818028,5.238213442478331
R-HSA-9755511,abstraction:NextStepPathway,R-HSA-9818027,5.238213442478331
R-HSA-9755511,abstraction:NextStepPathway,R-HSA-9679191,0
R-HSA-8868766,abstraction:NextStepPathway,R-HSA-9937008,3.957279597016267
R-HSA-8868766,abstraction:NextStepPathway,R-HSA-6793080,6.336825731146441
R-HSA-9014325,abstraction:NextStepPathway,R-HSA-450302,5.17367492134076
R-HSA-9014325,abstraction:NextStepPathway,R-HSA-445989,5.17367492134076
R-HSA-9014325,abstraction:NextStepPathway,R-HSA-9705671,0
R-HSA-9014325,abstraction:NextStepPathway,R-HSA-168638,3.210065195186046
R-HSA-9014325,abstraction:NextStepPathway,R-HSA-450321,5.17367492134076
R-HSA-9014325,abstraction:NextStepPathway,R-HSA-9020702,2.5802876285586898
R-HSA-111453,abstraction:NextStepPathway,R-HSA-111447,5.001824664414101
R-HSA-5663220,abstraction:NextStepPathway,R-HSA-4086400,1.9228160506195084
R-HSA-5663220,abstraction:NextStepPathway,R-HSA-6785631,1.9228160506195084
R-HSA-2855086,abstraction:NextStepPathway,R-HSA-166662,6.847651354912432
R-HSA-445144,abstraction:NextStepPathway,R-HSA-112411,0
R-HSA-445144,abstraction:NextStepPathway,R-HSA-110056,0
R-HSA-167172,abstraction:NextStepPathway,R-HSA-167161,4.9505313700265505
R-HSA-139915,abstraction:NextStepPathway,R-HSA-111453,5.001824664414101
R-HSA-139915,abstraction:NextStepPathway,R-HSA-6803204,0
R-HSA-2393930,abstraction:NextStepPathway,R-HSA-379716,0
R-HSA-2393930,abstraction:NextStepPathway,R-HSA-74217,5.461356993792541
R-HSA-2393930,abstraction:NextStepPathway,R-HSA-71737,2.1411286746640528
R-HSA-2028269,abstraction:NextStepPathway,R-HSA-2032785,0
R-HSA-6802946,abstraction:NextStepPathway,R-HSA-6802955,5.17367492134076
R-HSA-9026766,abstraction:NextStepPathway,R-HSA-9026395,5.866822101900706
R-HSA-9013406,abstraction:NextStepPathway,R-HSA-5627083,4.390915582091128
R-HSA-5676590,abstraction:NextStepPathway,R-HSA-5607764,2.5802876285586898
R-HSA-5676590,abstraction:NextStepPathway,R-HSA-2871837,2.5802876285586898
R-HSA-5676590,abstraction:NextStepPathway,R-HSA-202424,2.5802876285586898
R-HSA-5694530,abstraction:NextStepPathway,R-HSA-204005,6.847651354912432
R-HSA-438066,abstraction:NextStepPathway,R-HSA-9620244,5.461356993792541
R-HSA-9907900,abstraction:NextStepPathway,R-HSA-9912633,0
R-HSA-9907900,abstraction:NextStepPathway,R-HSA-1236974,0
R-HSA-432722,abstraction:NextStepPathway,R-HSA-199992,4.545066261918386
R-HSA-209543,abstraction:NextStepPathway,R-HSA-209560,7.253116463020596
R-HSA-4411364,abstraction:NextStepPathway,R-HSA-69202,0
R-HSA-4411364,abstraction:NextStepPathway,R-HSA-8951430,0
R-HSA-9823739,abstraction:NextStepPathway,R-HSA-9832991,5.548368370782171
R-HSA-844456,abstraction:NextStepPathway,R-HSA-448706,2.5802876285586898
R-HSA-844456,abstraction:NextStepPathway,R-HSA-9707564,0
R-HSA-844456,abstraction:NextStepPathway,R-HSA-9660826,0
R-HSA-8964539,abstraction:NextStepPathway,R-HSA-9856872,2.1411286746640528
R-HSA-8964539,abstraction:NextStepPathway,R-HSA-210500,0
R-HSA-8964539,abstraction:NextStepPathway,R-HSA-71064,4.185063527886979
R-HSA-8964539,abstraction:NextStepPathway,R-HSA-8963693,4.185063527886979
R-HSA-8964539,abstraction:NextStepPathway,R-HSA-210455,0
R-HSA-8964539,abstraction:NextStepPathway,R-HSA-70635,4.185063527886979
R-HSA-9727281,abstraction:NextStepPathway,R-HSA-9754560,4.768209813232596
R-HSA-9727281,abstraction:NextStepPathway,R-HSA-9694676,4.768209813232596
R-HSA-9727281,abstraction:NextStepPathway,R-HSA-9694322,5.749039066244322
R-HSA-9727281,abstraction:NextStepPathway,R-HSA-9705671,4.768209813232596
R-HSA-9911233,abstraction:NextStepPathway,R-HSA-2979096,5.001824664414101
R-HSA-1236394,abstraction:NextStepPathway,R-HSA-1251985,2.928983806765617
R-HSA-1236394,abstraction:NextStepPathway,R-HSA-1227986,2.928983806765617
R-HSA-1236394,abstraction:NextStepPathway,R-HSA-1250347,2.928983806765617
R-HSA-1236394,abstraction:NextStepPathway,R-HSA-1250342,2.928983806765617
R-HSA-72702,abstraction:NextStepPathway,R-HSA-72706,6.000353494525228
R-HSA-9620244,abstraction:NextStepPathway,R-HSA-442729,5.866822101900706
R-HSA-9620244,abstraction:NextStepPathway,R-HSA-111932,0
R-HSA-912526,abstraction:NextStepPathway,R-HSA-5673001,0
R-HSA-917937,abstraction:NextStepPathway,R-HSA-425410,3.683583766539226
R-HSA-917937,abstraction:NextStepPathway,R-HSA-389542,0
R-HSA-917937,abstraction:NextStepPathway,R-HSA-1222556,0
R-HSA-917937,abstraction:NextStepPathway,R-HSA-917977,3.683583766539226
R-HSA-917937,abstraction:NextStepPathway,R-HSA-189451,0
R-HSA-917937,abstraction:NextStepPathway,R-HSA-9707564,0
R-HSA-917937,abstraction:NextStepPathway,R-HSA-189483,0
R-HSA-917937,abstraction:NextStepPathway,R-HSA-6803544,0
R-HSA-9615710,abstraction:NextStepPathway,R-HSA-9613829,5.643678550586496
R-HSA-1461973,abstraction:NextStepPathway,R-HSA-1462054,6.336825731146441
R-HSA-69416,abstraction:NextStepPathway,R-HSA-140534,6.559969282460651
R-HSA-392451,abstraction:NextStepPathway,R-HSA-389357,0
R-HSA-392451,abstraction:NextStepPathway,R-HSA-1257604,1.9228160506195084
R-HSA-392451,abstraction:NextStepPathway,R-HSA-198203,1.9228160506195084
R-HSA-392451,abstraction:NextStepPathway,R-HSA-114604,0
R-HSA-392451,abstraction:NextStepPathway,R-HSA-5218920,1.9228160506195084
R-HSA-9648895,abstraction:NextStepPathway,R-HSA-381042,4.0961160418704825
R-HSA-9648895,abstraction:NextStepPathway,R-HSA-9633012,4.0961160418704825
R-HSA-9648895,abstraction:NextStepPathway,R-HSA-380994,4.0961160418704825
R-HSA-9648895,abstraction:NextStepPathway,R-HSA-381183,4.0961160418704825
R-HSA-450302,abstraction:NextStepPathway,R-HSA-2559580,0
R-HSA-450302,abstraction:NextStepPathway,R-HSA-6811555,0
R-HSA-450302,abstraction:NextStepPathway,R-HSA-450341,5.866822101900706
R-HSA-9828642,abstraction:NextStepPathway,R-HSA-9828721,6.559969282460651
R-HSA-112043,abstraction:NextStepPathway,R-HSA-9856530,0
R-HSA-112043,abstraction:NextStepPathway,R-HSA-2871809,0
R-HSA-112043,abstraction:NextStepPathway,R-HSA-1169091,0
R-HSA-112043,abstraction:NextStepPathway,R-HSA-9664323,0
R-HSA-112043,abstraction:NextStepPathway,R-HSA-2029485,0
R-HSA-112043,abstraction:NextStepPathway,R-HSA-445355,0
R-HSA-112043,abstraction:NextStepPathway,R-HSA-5218921,1.9228160506195084
R-HSA-112043,abstraction:NextStepPathway,R-HSA-111997,5.548368370782171
R-HSA-112043,abstraction:NextStepPathway,R-HSA-422356,0
R-HSA-112043,abstraction:NextStepPathway,R-HSA-5607763,0
R-HSA-112043,abstraction:NextStepPathway,R-HSA-1489509,1.9228160506195084
R-HSA-112043,abstraction:NextStepPathway,R-HSA-4086398,1.9228160506195084
R-HSA-112043,abstraction:NextStepPathway,R-HSA-5578775,0
R-HSA-112043,abstraction:NextStepPathway,R-HSA-983695,0
R-HSA-112043,abstraction:NextStepPathway,R-HSA-2514859,0
R-HSA-9664323,abstraction:NextStepPathway,R-HSA-111931,0
R-HSA-9664323,abstraction:NextStepPathway,R-HSA-202433,0
R-HSA-9664323,abstraction:NextStepPathway,R-HSA-9856530,0
R-HSA-9664323,abstraction:NextStepPathway,R-HSA-9634638,0
R-HSA-9664323,abstraction:NextStepPathway,R-HSA-442982,0
R-HSA-9664323,abstraction:NextStepPathway,R-HSA-2871809,0
R-HSA-9664323,abstraction:NextStepPathway,R-HSA-1169091,0
R-HSA-9664323,abstraction:NextStepPathway,R-HSA-164378,0
R-HSA-9664323,abstraction:NextStepPathway,R-HSA-9634597,0
R-HSA-9664323,abstraction:NextStepPathway,R-HSA-111933,0
R-HSA-9664323,abstraction:NextStepPathway,R-HSA-9620244,0
R-HSA-9664323,abstraction:NextStepPathway,R-HSA-111957,0
R-HSA-9664323,abstraction:NextStepPathway,R-HSA-112043,0
R-HSA-9664323,abstraction:NextStepPathway,R-HSA-163560,0
R-HSA-9664323,abstraction:NextStepPathway,R-HSA-2029482,0
R-HSA-9664323,abstraction:NextStepPathway,R-HSA-442720,0
R-HSA-9664323,abstraction:NextStepPathway,R-HSA-2029485,0
R-HSA-9664323,abstraction:NextStepPathway,R-HSA-442729,0
R-HSA-9664323,abstraction:NextStepPathway,R-HSA-111932,0
R-HSA-9664323,abstraction:NextStepPathway,R-HSA-445355,0
R-HSA-9664323,abstraction:NextStepPathway,R-HSA-5218921,0
R-HSA-9664323,abstraction:NextStepPathway,R-HSA-432040,0
R-HSA-9664323,abstraction:NextStepPathway,R-HSA-203615,0
R-HSA-9664323,abstraction:NextStepPathway,R-HSA-180024,0
R-HSA-9664323,abstraction:NextStepPathway,R-HSA-111997,0
R-HSA-9664323,abstraction:NextStepPathway,R-HSA-422356,0
R-HSA-9664323,abstraction:NextStepPathway,R-HSA-5607763,0
R-HSA-9664323,abstraction:NextStepPathway,R-HSA-1489509,0
R-HSA-9664323,abstraction:NextStepPathway,R-HSA-4086398,0
R-HSA-9664323,abstraction:NextStepPathway,R-HSA-5627123,0
R-HSA-9664323,abstraction:NextStepPathway,R-HSA-163358,0
R-HSA-9664323,abstraction:NextStepPathway,R-HSA-2025928,0
R-HSA-9664323,abstraction:NextStepPathway,R-HSA-5218920,0
R-HSA-9664323,abstraction:NextStepPathway,R-HSA-5578775,0
R-HSA-9664323,abstraction:NextStepPathway,R-HSA-983695,0
R-HSA-9664323,abstraction:NextStepPathway,R-HSA-2514859,0
R-HSA-9664323,abstraction:NextStepPathway,R-HSA-9031628,0
R-HSA-9664323,abstraction:NextStepPathway,R-HSA-9634600,0
R-HSA-9664323,abstraction:NextStepPathway,R-HSA-163615,0
R-HSA-9664323,abstraction:NextStepPathway,R-HSA-9664422,5.381314286119005
R-HSA-9664323,abstraction:NextStepPathway,R-HSA-9660821,6.559969282460651
R-HSA-9664323,abstraction:NextStepPathway,R-HSA-202424,0
R-HSA-174437,abstraction:NextStepPathway,R-HSA-174414,6.559969282460651
R-HSA-9759194,abstraction:NextStepPathway,R-HSA-9818035,5.548368370782171
R-HSA-9759194,abstraction:NextStepPathway,R-HSA-9818032,5.548368370782171
R-HSA-9759194,abstraction:NextStepPathway,R-HSA-9755511,5.238213442478331
R-HSA-9759194,abstraction:NextStepPathway,R-HSA-9818030,5.548368370782171
R-HSA-9759194,abstraction:NextStepPathway,R-HSA-9909649,0
R-HSA-9759194,abstraction:NextStepPathway,R-HSA-9818028,5.548368370782171
R-HSA-9759194,abstraction:NextStepPathway,R-HSA-9818027,5.548368370782171
R-HSA-9759194,abstraction:NextStepPathway,R-HSA-9818749,5.548368370782171
R-HSA-9759194,abstraction:NextStepPathway,R-HSA-9818026,5.548368370782171
R-HSA-888568,abstraction:NextStepPathway,R-HSA-888590,5.749039066244322
R-HSA-74217,abstraction:NextStepPathway,R-HSA-379716,0
R-HSA-74217,abstraction:NextStepPathway,R-HSA-74259,5.461356993792541
R-HSA-74217,abstraction:NextStepPathway,R-HSA-71737,2.1411286746640528
R-HSA-74217,abstraction:NextStepPathway,R-HSA-499943,5.461356993792541
R-HSA-1566977,abstraction:NextStepPathway,R-HSA-202733,0
R-HSA-881907,abstraction:NextStepPathway,R-HSA-199920,1.9228160506195084
R-HSA-881907,abstraction:NextStepPathway,R-HSA-2559582,0
R-HSA-881907,abstraction:NextStepPathway,R-HSA-416476,4.545066261918386
R-HSA-881907,abstraction:NextStepPathway,R-HSA-9031628,1.9228160506195084
R-HSA-9933939,abstraction:NextStepPathway,R-HSA-9933947,6.336825731146441
R-HSA-112313,abstraction:NextStepPathway,R-HSA-112310,3.9759717300284194
R-HSA-5654699,abstraction:NextStepPathway,R-HSA-5673001,1.9228160506195084
R-HSA-8853884,abstraction:NextStepPathway,R-HSA-2559582,0
R-HSA-8853884,abstraction:NextStepPathway,R-HSA-2559585,0
R-HSA-8853884,abstraction:NextStepPathway,R-HSA-2559580,0
R-HSA-8853884,abstraction:NextStepPathway,R-HSA-69231,0
R-HSA-375281,abstraction:NextStepPathway,R-HSA-416476,3.83538977940723
R-HSA-375281,abstraction:NextStepPathway,R-HSA-418555,3.83538977940723
R-HSA-375281,abstraction:NextStepPathway,R-HSA-9660821,0
R-HSA-168255,abstraction:NextStepPathway,R-HSA-168275,3.0190099584233367
R-HSA-168255,abstraction:NextStepPathway,R-HSA-168270,3.0190099584233367
R-HSA-210500,abstraction:NextStepPathway,R-HSA-9856872,0
R-HSA-210500,abstraction:NextStepPathway,R-HSA-438066,3.9759717300284194
R-HSA-210500,abstraction:NextStepPathway,R-HSA-8964539,0
R-HSA-210500,abstraction:NextStepPathway,R-HSA-399710,3.9759717300284194
R-HSA-210500,abstraction:NextStepPathway,R-HSA-5628897,0
R-HSA-210500,abstraction:NextStepPathway,R-HSA-264642,5.749039066244322
R-HSA-210500,abstraction:NextStepPathway,R-HSA-451307,3.9759717300284194
R-HSA-190827,abstraction:NextStepPathway,R-HSA-190704,6.559969282460651
R-HSA-3928662,abstraction:NextStepPathway,R-HSA-5627117,0
R-HSA-5668541,abstraction:NextStepPathway,R-HSA-5676590,3.741571024189575
R-HSA-5668541,abstraction:NextStepPathway,R-HSA-5607761,2.5802876285586898
R-HSA-389957,abstraction:NextStepPathway,R-HSA-389960,6.847651354912432
R-HSA-389957,abstraction:NextStepPathway,R-HSA-390450,6.847651354912432
R-HSA-9948001,abstraction:NextStepPathway,R-HSA-9960519,6.559969282460651
R-HSA-9948001,abstraction:NextStepPathway,R-HSA-5620971,0
R-HSA-3065678,abstraction:NextStepPathway,R-HSA-9615933,0
R-HSA-3065678,abstraction:NextStepPathway,R-HSA-4551638,5.113050299524325
R-HSA-3065678,abstraction:NextStepPathway,R-HSA-3232118,5.113050299524325
R-HSA-3065678,abstraction:NextStepPathway,R-HSA-9856649,0
R-HSA-3065678,abstraction:NextStepPathway,R-HSA-3108214,5.113050299524325
R-HSA-3065678,abstraction:NextStepPathway,R-HSA-4085377,5.113050299524325
R-HSA-3065678,abstraction:NextStepPathway,R-HSA-196791,0
R-HSA-3065678,abstraction:NextStepPathway,R-HSA-5693565,0
R-HSA-3065678,abstraction:NextStepPathway,R-HSA-9833482,0
R-HSA-3065678,abstraction:NextStepPathway,R-HSA-3232142,5.113050299524325
R-HSA-3065678,abstraction:NextStepPathway,R-HSA-4090294,5.113050299524325
R-HSA-3065678,abstraction:NextStepPathway,R-HSA-9793242,5.113050299524325
R-HSA-3065678,abstraction:NextStepPathway,R-HSA-8866904,0
R-HSA-3065678,abstraction:NextStepPathway,R-HSA-4655427,5.113050299524325
R-HSA-3065678,abstraction:NextStepPathway,R-HSA-3899300,5.113050299524325
R-HSA-3065678,abstraction:NextStepPathway,R-HSA-4615885,5.113050299524325
R-HSA-3065678,abstraction:NextStepPathway,R-HSA-4570464,5.113050299524325
R-HSA-3065678,abstraction:NextStepPathway,R-HSA-4755510,5.113050299524325
R-HSA-9845614,abstraction:NextStepPathway,R-HSA-1660661,6.336825731146441
R-HSA-418885,abstraction:NextStepPathway,R-HSA-389359,0
R-HSA-418885,abstraction:NextStepPathway,R-HSA-373752,4.308677483854155
R-HSA-418885,abstraction:NextStepPathway,R-HSA-5627123,0
R-HSA-418885,abstraction:NextStepPathway,R-HSA-418890,6.559969282460651
R-HSA-418885,abstraction:NextStepPathway,R-HSA-428542,4.308677483854155
R-HSA-418885,abstraction:NextStepPathway,R-HSA-5687128,0
R-HSA-1614517,abstraction:NextStepPathway,R-HSA-428643,0
R-HSA-1614517,abstraction:NextStepPathway,R-HSA-1614558,6.559969282460651
R-HSA-114294,abstraction:NextStepPathway,R-HSA-111457,5.001824664414101
R-HSA-114294,abstraction:NextStepPathway,R-HSA-5620971,4.232691576876234
R-HSA-1614635,abstraction:NextStepPathway,R-HSA-1614558,4.185063527886979
R-HSA-1614635,abstraction:NextStepPathway,R-HSA-549127,0
R-HSA-1614635,abstraction:NextStepPathway,R-HSA-6798163,4.185063527886979
R-HSA-1614635,abstraction:NextStepPathway,R-HSA-9759218,2.1411286746640528
R-HSA-1614635,abstraction:NextStepPathway,R-HSA-351202,4.185063527886979
R-HSA-1614635,abstraction:NextStepPathway,R-HSA-1614603,4.185063527886979
R-HSA-1614635,abstraction:NextStepPathway,R-HSA-156581,2.1411286746640528
R-HSA-9018519,abstraction:NextStepPathway,R-HSA-1251985,1.9228160506195084
R-HSA-9018519,abstraction:NextStepPathway,R-HSA-8939256,0
R-HSA-9018519,abstraction:NextStepPathway,R-HSA-69231,0
R-HSA-9018519,abstraction:NextStepPathway,R-HSA-8931987,0
R-HSA-69541,abstraction:NextStepPathway,R-HSA-6796648,0
R-HSA-69541,abstraction:NextStepPathway,R-HSA-2559585,0
R-HSA-69541,abstraction:NextStepPathway,R-HSA-6804114,0
R-HSA-69541,abstraction:NextStepPathway,R-HSA-6803211,0
R-HSA-69541,abstraction:NextStepPathway,R-HSA-9758274,0
R-HSA-69541,abstraction:NextStepPathway,R-HSA-2559580,0
R-HSA-69541,abstraction:NextStepPathway,R-HSA-69473,5.001824664414101
R-HSA-69541,abstraction:NextStepPathway,R-HSA-6804760,0
R-HSA-69541,abstraction:NextStepPathway,R-HSA-6811555,0
R-HSA-69541,abstraction:NextStepPathway,R-HSA-5620971,0
R-HSA-69541,abstraction:NextStepPathway,R-HSA-8941858,0
R-HSA-69541,abstraction:NextStepPathway,R-HSA-6804756,0
R-HSA-69541,abstraction:NextStepPathway,R-HSA-69481,5.001824664414101
R-HSA-69541,abstraction:NextStepPathway,R-HSA-6804116,0
R-HSA-69541,abstraction:NextStepPathway,R-HSA-6804115,0
R-HSA-69541,abstraction:NextStepPathway,R-HSA-69895,6.559969282460651
R-HSA-69541,abstraction:NextStepPathway,R-HSA-6803204,0
R-HSA-69541,abstraction:NextStepPathway,R-HSA-6804759,0
R-HSA-69541,abstraction:NextStepPathway,R-HSA-6803207,0
R-HSA-69541,abstraction:NextStepPathway,R-HSA-111448,0
R-HSA-69541,abstraction:NextStepPathway,R-HSA-2559586,0
R-HSA-69541,abstraction:NextStepPathway,R-HSA-6803205,0
R-HSA-69541,abstraction:NextStepPathway,R-HSA-6804754,0
R-HSA-69541,abstraction:NextStepPathway,R-HSA-6804758,0
R-HSA-69541,abstraction:NextStepPathway,R-HSA-8852276,3.134079288208124
R-HSA-69541,abstraction:NextStepPathway,R-HSA-6804757,0
R-HSA-2173796,abstraction:NextStepPathway,R-HSA-1650814,0
R-HSA-2173796,abstraction:NextStepPathway,R-HSA-2559582,0
R-HSA-2173796,abstraction:NextStepPathway,R-HSA-2559585,0
R-HSA-2173796,abstraction:NextStepPathway,R-HSA-2173795,7.253116463020596
R-HSA-2173796,abstraction:NextStepPathway,R-HSA-9754189,0
R-HSA-2173796,abstraction:NextStepPathway,R-HSA-2559580,0
R-HSA-2173796,abstraction:NextStepPathway,R-HSA-69202,0
R-HSA-2173796,abstraction:NextStepPathway,R-HSA-9796292,0
R-HSA-2173796,abstraction:NextStepPathway,R-HSA-8948216,0
R-HSA-2173796,abstraction:NextStepPathway,R-HSA-1181150,0
R-HSA-2173796,abstraction:NextStepPathway,R-HSA-8941855,3.5274230357839436
R-HSA-2173796,abstraction:NextStepPathway,R-HSA-9733458,0
R-HSA-2173796,abstraction:NextStepPathway,R-HSA-69231,0
R-HSA-2173796,abstraction:NextStepPathway,R-HSA-9823730,0
R-HSA-2173796,abstraction:NextStepPathway,R-HSA-1502540,5.17367492134076
R-HSA-2173796,abstraction:NextStepPathway,R-HSA-9617828,3.5274230357839436
R-HSA-2173796,abstraction:NextStepPathway,R-HSA-9694614,0
R-HSA-5362517,abstraction:NextStepPathway,R-HSA-204174,0
R-HSA-5362517,abstraction:NextStepPathway,R-HSA-200425,0
R-HSA-196757,abstraction:NextStepPathway,R-HSA-1614635,2.1411286746640528
R-HSA-196757,abstraction:NextStepPathway,R-HSA-9759218,5.307206313965283
R-HSA-196757,abstraction:NextStepPathway,R-HSA-156581,2.1411286746640528
R-HSA-9705677,abstraction:NextStepPathway,R-HSA-191650,0
R-HSA-112411,abstraction:NextStepPathway,R-HSA-5673001,5.643678550586496
R-HSA-112411,abstraction:NextStepPathway,R-HSA-445144,0
R-HSA-112411,abstraction:NextStepPathway,R-HSA-170968,1.9228160506195084
R-HSA-112411,abstraction:NextStepPathway,R-HSA-112409,5.643678550586496
R-HSA-9683439,abstraction:NextStepPathway,R-HSA-9682706,4.9505313700265505
R-HSA-9683439,abstraction:NextStepPathway,R-HSA-9692916,4.9505313700265505
R-HSA-2029482,abstraction:NextStepPathway,R-HSA-5663213,0
R-HSA-2029482,abstraction:NextStepPathway,R-HSA-5627123,0
R-HSA-2029482,abstraction:NextStepPathway,R-HSA-5687128,0
R-HSA-2029482,abstraction:NextStepPathway,R-HSA-9664422,0
R-HSA-8982491,abstraction:NextStepPathway,R-HSA-71387,2.1411286746640528
R-HSA-2466712,abstraction:NextStepPathway,R-HSA-2453902,0
R-HSA-4086400,abstraction:NextStepPathway,R-HSA-5663220,1.9228160506195084
R-HSA-9856649,abstraction:NextStepPathway,R-HSA-9857377,5.643678550586496
R-HSA-9856649,abstraction:NextStepPathway,R-HSA-9825892,5.643678550586496
R-HSA-9856649,abstraction:NextStepPathway,R-HSA-9824594,5.643678550586496
R-HSA-9856649,abstraction:NextStepPathway,R-HSA-9854907,5.643678550586496
R-HSA-9856649,abstraction:NextStepPathway,R-HSA-9926550,5.643678550586496
R-HSA-9856649,abstraction:NextStepPathway,R-HSA-9854909,5.643678550586496
R-HSA-9856649,abstraction:NextStepPathway,R-HSA-9825895,5.643678550586496
R-HSA-9856649,abstraction:NextStepPathway,R-HSA-9824585,5.643678550586496
R-HSA-9856649,abstraction:NextStepPathway,R-HSA-9764725,0
R-HSA-181430,abstraction:NextStepPathway,R-HSA-212676,5.749039066244322
R-HSA-181430,abstraction:NextStepPathway,R-HSA-442660,0
R-HSA-181430,abstraction:NextStepPathway,R-HSA-209905,0
R-HSA-181430,abstraction:NextStepPathway,R-HSA-181429,5.749039066244322
R-HSA-5617472,abstraction:NextStepPathway,R-HSA-9830364,3.227764772285447
R-HSA-5617472,abstraction:NextStepPathway,R-HSA-9010553,3.227764772285447
R-HSA-8985801,abstraction:NextStepPathway,R-HSA-373752,4.308677483854155
R-HSA-8985801,abstraction:NextStepPathway,R-HSA-376176,4.308677483854155
R-HSA-8985801,abstraction:NextStepPathway,R-HSA-428542,5.866822101900706
R-HSA-9020956,abstraction:NextStepPathway,R-HSA-1059683,4.208594025297173
R-HSA-9020956,abstraction:NextStepPathway,R-HSA-6788467,4.208594025297173
R-HSA-9020956,abstraction:NextStepPathway,R-HSA-8984722,6.336825731146441
R-HSA-199418,abstraction:NextStepPathway,R-HSA-1855204,0
R-HSA-199418,abstraction:NextStepPathway,R-HSA-1660499,0
R-HSA-199418,abstraction:NextStepPathway,R-HSA-1660516,0
R-HSA-450341,abstraction:NextStepPathway,R-HSA-2559582,0
R-HSA-450341,abstraction:NextStepPathway,R-HSA-2871796,3.210065195186046
R-HSA-450341,abstraction:NextStepPathway,R-HSA-2559580,0
R-HSA-450341,abstraction:NextStepPathway,R-HSA-8943724,0
R-HSA-450341,abstraction:NextStepPathway,R-HSA-9909649,2.5802876285586898
R-HSA-888593,abstraction:NextStepPathway,R-HSA-888590,5.749039066244322
R-HSA-888593,abstraction:NextStepPathway,R-HSA-916853,6.847651354912432
R-HSA-888593,abstraction:NextStepPathway,R-HSA-442660,0
R-HSA-933542,abstraction:NextStepPathway,R-HSA-445989,3.210065195186046
R-HSA-933542,abstraction:NextStepPathway,R-HSA-9909649,2.5802876285586898
R-HSA-933542,abstraction:NextStepPathway,R-HSA-3134963,3.210065195186046
R-HSA-933542,abstraction:NextStepPathway,R-HSA-1810476,3.210065195186046
R-HSA-180336,abstraction:NextStepPathway,R-HSA-5673001,1.9228160506195084
R-HSA-75094,abstraction:NextStepPathway,R-HSA-72200,6.336825731146441
R-HSA-76061,abstraction:NextStepPathway,R-HSA-749476,6.000353494525228
R-HSA-5620971,abstraction:NextStepPathway,R-HSA-111458,4.232691576876234
R-HSA-5620971,abstraction:NextStepPathway,R-HSA-9960525,0
R-HSA-5620971,abstraction:NextStepPathway,R-HSA-9960519,0
R-HSA-5620971,abstraction:NextStepPathway,R-HSA-111461,4.232691576876234
R-HSA-5620971,abstraction:NextStepPathway,R-HSA-5686938,0
R-HSA-5620971,abstraction:NextStepPathway,R-HSA-111471,4.232691576876234
R-HSA-5620971,abstraction:NextStepPathway,R-HSA-9020702,0
R-HSA-1855231,abstraction:NextStepPathway,R-HSA-1855156,5.461356993792541
R-HSA-1855231,abstraction:NextStepPathway,R-HSA-1855215,5.461356993792541
R-HSA-9796292,abstraction:NextStepPathway,R-HSA-9823730,5.548368370782171
R-HSA-1445148,abstraction:NextStepPathway,R-HSA-9824585,0
R-HSA-9831926,abstraction:NextStepPathway,R-HSA-4086400,0
R-HSA-196791,abstraction:NextStepPathway,R-HSA-211916,2.1411286746640528
R-HSA-196791,abstraction:NextStepPathway,R-HSA-4090294,0
R-HSA-112311,abstraction:NextStepPathway,R-HSA-9958517,0
R-HSA-112311,abstraction:NextStepPathway,R-HSA-1483191,0
R-HSA-8964038,abstraction:NextStepPathway,R-HSA-8963896,5.238213442478331
R-HSA-8964038,abstraction:NextStepPathway,R-HSA-8964026,6.336825731146441
R-HSA-210744,abstraction:NextStepPathway,R-HSA-210746,6.336825731146441
R-HSA-210744,abstraction:NextStepPathway,R-HSA-2122947,0
R-HSA-5654712,abstraction:NextStepPathway,R-HSA-5673001,1.9228160506195084
R-HSA-5654712,abstraction:NextStepPathway,R-HSA-5654720,6.559969282460651
R-HSA-5654712,abstraction:NextStepPathway,R-HSA-5654733,5.749039066244322
R-HSA-9701898,abstraction:NextStepPathway,R-HSA-9725371,0
R-HSA-8849470,abstraction:NextStepPathway,R-HSA-69231,0
R-HSA-8849470,abstraction:NextStepPathway,R-HSA-187577,0
R-HSA-77352,abstraction:NextStepPathway,R-HSA-611105,2.1411286746640528
R-HSA-76005,abstraction:NextStepPathway,R-HSA-114516,5.113050299524325
R-HSA-418597,abstraction:NextStepPathway,R-HSA-418217,4.545066261918386
R-HSA-418597,abstraction:NextStepPathway,R-HSA-418594,4.545066261918386
R-HSA-418597,abstraction:NextStepPathway,R-HSA-9856530,0
R-HSA-418597,abstraction:NextStepPathway,R-HSA-9634597,4.545066261918386
R-HSA-418597,abstraction:NextStepPathway,R-HSA-392451,4.545066261918386
R-HSA-418597,abstraction:NextStepPathway,R-HSA-9664323,0
R-HSA-418597,abstraction:NextStepPathway,R-HSA-442720,0
R-HSA-418597,abstraction:NextStepPathway,R-HSA-432040,0
R-HSA-418597,abstraction:NextStepPathway,R-HSA-180024,4.545066261918386
R-HSA-418597,abstraction:NextStepPathway,R-HSA-418555,4.545066261918386
R-HSA-418597,abstraction:NextStepPathway,R-HSA-4086398,1.9228160506195084
R-HSA-418597,abstraction:NextStepPathway,R-HSA-8964315,4.545066261918386
R-HSA-418597,abstraction:NextStepPathway,R-HSA-8964616,4.545066261918386
R-HSA-418597,abstraction:NextStepPathway,R-HSA-163615,4.545066261918386
R-HSA-418597,abstraction:NextStepPathway,R-HSA-9660821,0
R-HSA-8939246,abstraction:NextStepPathway,R-HSA-8941333,3.5274230357839436
R-HSA-2142688,abstraction:NextStepPathway,R-HSA-2142700,3.1422425988472846
R-HSA-2142688,abstraction:NextStepPathway,R-HSA-2142691,5.866822101900706
R-HSA-9717207,abstraction:NextStepPathway,R-HSA-9730628,6.847651354912432
R-HSA-173623,abstraction:NextStepPathway,R-HSA-977606,5.749039066244322
R-HSA-173623,abstraction:NextStepPathway,R-HSA-166663,5.749039066244322
R-HSA-9662360,abstraction:NextStepPathway,R-HSA-9662361,6.847651354912432
R-HSA-5628897,abstraction:NextStepPathway,R-HSA-611105,0
R-HSA-5628897,abstraction:NextStepPathway,R-HSA-9856872,0
R-HSA-5628897,abstraction:NextStepPathway,R-HSA-1632852,0
R-HSA-5628897,abstraction:NextStepPathway,R-HSA-8943723,0
R-HSA-5628897,abstraction:NextStepPathway,R-HSA-70263,0
R-HSA-5628897,abstraction:NextStepPathway,R-HSA-380972,0
R-HSA-5628897,abstraction:NextStepPathway,R-HSA-8964539,0
R-HSA-5628897,abstraction:NextStepPathway,R-HSA-210500,0
R-HSA-5628897,abstraction:NextStepPathway,R-HSA-199418,0
R-HSA-5628897,abstraction:NextStepPathway,R-HSA-8943724,0
R-HSA-5628897,abstraction:NextStepPathway,R-HSA-70171,0
R-HSA-5628897,abstraction:NextStepPathway,R-HSA-165159,0
R-HSA-5628897,abstraction:NextStepPathway,R-HSA-166187,0
R-HSA-5628897,abstraction:NextStepPathway,R-HSA-3299685,0
R-HSA-5628897,abstraction:NextStepPathway,R-HSA-167826,0
R-HSA-5628897,abstraction:NextStepPathway,R-HSA-1660499,0
R-HSA-5628897,abstraction:NextStepPathway,R-HSA-71336,0
R-HSA-5628897,abstraction:NextStepPathway,R-HSA-163210,0
R-HSA-5628897,abstraction:NextStepPathway,R-HSA-9818027,0
R-HSA-5628897,abstraction:NextStepPathway,R-HSA-202424,0
R-HSA-5628897,abstraction:NextStepPathway,R-HSA-499943,0
R-HSA-1482925,abstraction:NextStepPathway,R-HSA-1483171,5.055891885684376
R-HSA-174362,abstraction:NextStepPathway,R-HSA-379716,0
R-HSA-174362,abstraction:NextStepPathway,R-HSA-9939291,0
R-HSA-174362,abstraction:NextStepPathway,R-HSA-913709,0
R-HSA-174362,abstraction:NextStepPathway,R-HSA-2022923,5.307206313965283
R-HSA-174362,abstraction:NextStepPathway,R-HSA-2022928,5.307206313965283
R-HSA-174362,abstraction:NextStepPathway,R-HSA-163841,0
R-HSA-174362,abstraction:NextStepPathway,R-HSA-2022870,5.307206313965283
R-HSA-174362,abstraction:NextStepPathway,R-HSA-425381,0
R-HSA-174362,abstraction:NextStepPathway,R-HSA-727802,0
R-HSA-174362,abstraction:NextStepPathway,R-HSA-156584,2.1411286746640528
R-HSA-174362,abstraction:NextStepPathway,R-HSA-71737,2.1411286746640528
R-HSA-174362,abstraction:NextStepPathway,R-HSA-2022854,5.307206313965283
R-HSA-3270619,abstraction:NextStepPathway,R-HSA-1606341,5.643678550586496
R-HSA-3270619,abstraction:NextStepPathway,R-HSA-3134973,5.643678550586496
R-HSA-5625886,abstraction:NextStepPathway,R-HSA-381426,0
R-HSA-5625886,abstraction:NextStepPathway,R-HSA-1592389,0
R-HSA-140534,abstraction:NextStepPathway,R-HSA-9758274,0
R-HSA-140534,abstraction:NextStepPathway,R-HSA-9686347,0
R-HSA-140534,abstraction:NextStepPathway,R-HSA-75153,4.390915582091128
R-HSA-140534,abstraction:NextStepPathway,R-HSA-264870,4.390915582091128
R-HSA-140534,abstraction:NextStepPathway,R-HSA-5357905,0
R-HSA-140534,abstraction:NextStepPathway,R-HSA-5675482,4.232691576876234
R-HSA-140534,abstraction:NextStepPathway,R-HSA-75108,4.390915582091128
R-HSA-168179,abstraction:NextStepPathway,R-HSA-166058,5.17367492134076
R-HSA-9854311,abstraction:NextStepPathway,R-HSA-611105,5.113050299524325
R-HSA-9854311,abstraction:NextStepPathway,R-HSA-71403,5.113050299524325
R-HSA-5610785,abstraction:NextStepPathway,R-HSA-5610787,5.643678550586496
R-HSA-9861718,abstraction:NextStepPathway,R-HSA-70268,5.113050299524325
R-HSA-202733,abstraction:NextStepPathway,R-HSA-216083,0
R-HSA-202733,abstraction:NextStepPathway,R-HSA-1566977,0
R-HSA-202733,abstraction:NextStepPathway,R-HSA-114604,4.308677483854155
R-HSA-202733,abstraction:NextStepPathway,R-HSA-140875,4.308677483854155
R-HSA-373076,abstraction:NextStepPathway,R-HSA-418594,3.83538977940723
R-HSA-373076,abstraction:NextStepPathway,R-HSA-416476,3.83538977940723
R-HSA-373076,abstraction:NextStepPathway,R-HSA-418555,3.83538977940723
R-HSA-373076,abstraction:NextStepPathway,R-HSA-9660821,0
R-HSA-936964,abstraction:NextStepPathway,R-HSA-9013973,4.139601153810221
R-HSA-936964,abstraction:NextStepPathway,R-HSA-9824878,5.17367492134076
R-HSA-8951430,abstraction:NextStepPathway,R-HSA-69202,0
R-HSA-8951430,abstraction:NextStepPathway,R-HSA-4411364,0
R-HSA-75158,abstraction:NextStepPathway,R-HSA-69416,0
R-HSA-75158,abstraction:NextStepPathway,R-HSA-5218900,0
R-HSA-75158,abstraction:NextStepPathway,R-HSA-3371378,0
R-HSA-8948216,abstraction:NextStepPathway,R-HSA-1650814,6.336825731146441
R-HSA-9669935,abstraction:NextStepPathway,R-HSA-9670439,5.381314286119005
R-HSA-186763,abstraction:NextStepPathway,R-HSA-5673001,1.9228160506195084
R-HSA-186763,abstraction:NextStepPathway,R-HSA-6811558,1.9228160506195084
R-HSA-186763,abstraction:NextStepPathway,R-HSA-1257604,1.9228160506195084
R-HSA-186763,abstraction:NextStepPathway,R-HSA-9673767,0
R-HSA-3238698,abstraction:NextStepPathway,R-HSA-5099900,4.901741205857118
R-HSA-3238698,abstraction:NextStepPathway,R-HSA-201681,4.901741205857118
R-HSA-3238698,abstraction:NextStepPathway,R-HSA-3772470,4.901741205857118
R-HSA-3238698,abstraction:NextStepPathway,R-HSA-9673324,0
R-HSA-3238698,abstraction:NextStepPathway,R-HSA-4086400,4.901741205857118
R-HSA-3238698,abstraction:NextStepPathway,R-HSA-4608870,4.901741205857118
R-HSA-3238698,abstraction:NextStepPathway,R-HSA-4086398,4.901741205857118
R-HSA-3238698,abstraction:NextStepPathway,R-HSA-5140745,4.901741205857118
R-HSA-9758919,abstraction:NextStepPathway,R-HSA-9764725,0
R-HSA-512988,abstraction:NextStepPathway,R-HSA-2586552,0
R-HSA-512988,abstraction:NextStepPathway,R-HSA-9020558,4.208594025297173
R-HSA-512988,abstraction:NextStepPathway,R-HSA-912526,4.208594025297173
R-HSA-512988,abstraction:NextStepPathway,R-HSA-9703465,0
R-HSA-512988,abstraction:NextStepPathway,R-HSA-1266695,4.208594025297173
R-HSA-512988,abstraction:NextStepPathway,R-HSA-9702518,0
R-HSA-512988,abstraction:NextStepPathway,R-HSA-982772,3.741571024189575
R-HSA-446193,abstraction:NextStepPathway,R-HSA-9931295,0
R-HSA-8943724,abstraction:NextStepPathway,R-HSA-8943723,6.336825731146441
R-HSA-8943724,abstraction:NextStepPathway,R-HSA-5628897,0
R-HSA-8941858,abstraction:NextStepPathway,R-HSA-8949275,5.749039066244322
R-HSA-8941858,abstraction:NextStepPathway,R-HSA-8951936,5.749039066244322
R-HSA-8941858,abstraction:NextStepPathway,R-HSA-8951430,5.749039066244322
R-HSA-8941858,abstraction:NextStepPathway,R-HSA-8941855,5.749039066244322
R-HSA-8941858,abstraction:NextStepPathway,R-HSA-8951671,5.749039066244322
R-HSA-8941858,abstraction:NextStepPathway,R-HSA-8941856,5.749039066244322
R-HSA-8941858,abstraction:NextStepPathway,R-HSA-8951911,5.749039066244322
R-HSA-432142,abstraction:NextStepPathway,R-HSA-418592,4.308677483854155
R-HSA-432142,abstraction:NextStepPathway,R-HSA-210990,4.308677483854155
R-HSA-432142,abstraction:NextStepPathway,R-HSA-111995,0
R-HSA-5654219,abstraction:NextStepPathway,R-HSA-2029485,0
R-HSA-5654219,abstraction:NextStepPathway,R-HSA-5218921,2.928983806765617
R-HSA-5654219,abstraction:NextStepPathway,R-HSA-1489509,1.9228160506195084
R-HSA-8964011,abstraction:NextStepPathway,R-HSA-8963896,5.238213442478331
R-HSA-389661,abstraction:NextStepPathway,R-HSA-6783984,4.185063527886979
R-HSA-389661,abstraction:NextStepPathway,R-HSA-3299685,0
R-HSA-5693565,abstraction:NextStepPathway,R-HSA-8939236,0
R-HSA-5693565,abstraction:NextStepPathway,R-HSA-5693571,5.238213442478331
R-HSA-5693565,abstraction:NextStepPathway,R-HSA-5693607,5.238213442478331
R-HSA-5693565,abstraction:NextStepPathway,R-HSA-69601,0
R-HSA-5693565,abstraction:NextStepPathway,R-HSA-69473,0
R-HSA-5693565,abstraction:NextStepPathway,R-HSA-75035,0
R-HSA-5693565,abstraction:NextStepPathway,R-HSA-69541,0
R-HSA-5693565,abstraction:NextStepPathway,R-HSA-6804756,0
R-HSA-5693565,abstraction:NextStepPathway,R-HSA-5685938,5.238213442478331
R-HSA-5693565,abstraction:NextStepPathway,R-HSA-2559586,0
R-HSA-5693565,abstraction:NextStepPathway,R-HSA-6804757,0
R-HSA-1482883,abstraction:NextStepPathway,R-HSA-1483213,5.055891885684376
R-HSA-1482883,abstraction:NextStepPathway,R-HSA-1483191,5.055891885684376
R-HSA-73929,abstraction:NextStepPathway,R-HSA-73933,5.113050299524325
R-HSA-73929,abstraction:NextStepPathway,R-HSA-110373,5.113050299524325
R-HSA-73929,abstraction:NextStepPathway,R-HSA-110381,5.113050299524325
R-HSA-2408508,abstraction:NextStepPathway,R-HSA-2408557,6.154504174352486
R-HSA-2408508,abstraction:NextStepPathway,R-HSA-2408552,6.154504174352486
R-HSA-9028335,abstraction:NextStepPathway,R-HSA-6811558,1.9228160506195084
R-HSA-9028335,abstraction:NextStepPathway,R-HSA-1257604,1.9228160506195084
R-HSA-168271,abstraction:NextStepPathway,R-HSA-192905,4.688167105559059
R-HSA-9692916,abstraction:NextStepPathway,R-HSA-1834941,0
R-HSA-9692916,abstraction:NextStepPathway,R-HSA-975155,0
R-HSA-390666,abstraction:NextStepPathway,R-HSA-418594,3.83538977940723
R-HSA-390666,abstraction:NextStepPathway,R-HSA-416476,3.83538977940723
R-HSA-390666,abstraction:NextStepPathway,R-HSA-418555,3.83538977940723
R-HSA-390666,abstraction:NextStepPathway,R-HSA-9660821,0
R-HSA-9755779,abstraction:NextStepPathway,R-HSA-389357,0
R-HSA-9755779,abstraction:NextStepPathway,R-HSA-8876198,0
R-HSA-9755779,abstraction:NextStepPathway,R-HSA-1257604,0
R-HSA-9755779,abstraction:NextStepPathway,R-HSA-69202,0
R-HSA-9755779,abstraction:NextStepPathway,R-HSA-5628897,0
R-HSA-9755779,abstraction:NextStepPathway,R-HSA-69656,0
R-HSA-9755779,abstraction:NextStepPathway,R-HSA-111447,0
R-HSA-9755779,abstraction:NextStepPathway,R-HSA-203615,0
R-HSA-9755779,abstraction:NextStepPathway,R-HSA-1358803,0
R-HSA-9755779,abstraction:NextStepPathway,R-HSA-6804759,0
R-HSA-9755779,abstraction:NextStepPathway,R-HSA-198323,0
R-HSA-9755779,abstraction:NextStepPathway,R-HSA-5218920,0
R-HSA-9755779,abstraction:NextStepPathway,R-HSA-6804758,0
R-HSA-9755779,abstraction:NextStepPathway,R-HSA-9604323,0
R-HSA-9755779,abstraction:NextStepPathway,R-HSA-8948751,0
R-HSA-9755779,abstraction:NextStepPathway,R-HSA-6804757,0
R-HSA-198765,abstraction:NextStepPathway,R-HSA-2559582,0
R-HSA-198765,abstraction:NextStepPathway,R-HSA-881907,1.9228160506195084
R-HSA-198765,abstraction:NextStepPathway,R-HSA-198753,4.9505313700265505
R-HSA-180786,abstraction:NextStepPathway,R-HSA-157579,5.461356993792541
R-HSA-9013507,abstraction:NextStepPathway,R-HSA-9013508,6.847651354912432
R-HSA-70171,abstraction:NextStepPathway,R-HSA-3322077,4.362744705124431
R-HSA-70171,abstraction:NextStepPathway,R-HSA-446205,0
R-HSA-70171,abstraction:NextStepPathway,R-HSA-9856872,2.1411286746640528
R-HSA-70171,abstraction:NextStepPathway,R-HSA-5628897,0
R-HSA-70171,abstraction:NextStepPathway,R-HSA-70268,2.1411286746640528
R-HSA-70171,abstraction:NextStepPathway,R-HSA-163754,2.1411286746640528
R-HSA-70171,abstraction:NextStepPathway,R-HSA-70370,4.362744705124431
R-HSA-70171,abstraction:NextStepPathway,R-HSA-71336,4.362744705124431
R-HSA-70171,abstraction:NextStepPathway,R-HSA-9634600,6.559969282460651
R-HSA-70171,abstraction:NextStepPathway,R-HSA-70221,4.362744705124431
R-HSA-70171,abstraction:NextStepPathway,R-HSA-446210,0
R-HSA-69478,abstraction:NextStepPathway,R-HSA-69273,3.134079288208124
R-HSA-9734281,abstraction:NextStepPathway,R-HSA-74259,0
R-HSA-5693616,abstraction:NextStepPathway,R-HSA-5693579,6.336825731146441
R-HSA-5693616,abstraction:NextStepPathway,R-HSA-5693607,5.866822101900706
R-HSA-9703465,abstraction:NextStepPathway,R-HSA-9702518,4.9505313700265505
R-HSA-1855215,abstraction:NextStepPathway,R-HSA-1855167,5.461356993792541
R-HSA-1855215,abstraction:NextStepPathway,R-HSA-2871809,0
R-HSA-1855215,abstraction:NextStepPathway,R-HSA-112043,0
R-HSA-1855215,abstraction:NextStepPathway,R-HSA-9664323,0
R-HSA-1855215,abstraction:NextStepPathway,R-HSA-1855204,5.461356993792541
R-HSA-1855215,abstraction:NextStepPathway,R-HSA-2029485,0
R-HSA-1855215,abstraction:NextStepPathway,R-HSA-1855196,5.461356993792541
R-HSA-1855215,abstraction:NextStepPathway,R-HSA-5218921,0
R-HSA-1855215,abstraction:NextStepPathway,R-HSA-1855184,5.461356993792541
R-HSA-1855215,abstraction:NextStepPathway,R-HSA-422356,2.1411286746640528
R-HSA-1855215,abstraction:NextStepPathway,R-HSA-5607763,0
R-HSA-1855215,abstraction:NextStepPathway,R-HSA-1489509,0
R-HSA-1855215,abstraction:NextStepPathway,R-HSA-4086398,0
R-HSA-1855215,abstraction:NextStepPathway,R-HSA-983695,0
R-HSA-1855215,abstraction:NextStepPathway,R-HSA-1855183,5.461356993792541
R-HSA-156902,abstraction:NextStepPathway,R-HSA-72764,4.688167105559059
R-HSA-156902,abstraction:NextStepPathway,R-HSA-156842,4.688167105559059
R-HSA-5654228,abstraction:NextStepPathway,R-HSA-2029485,0
R-HSA-5654228,abstraction:NextStepPathway,R-HSA-5218921,2.928983806765617
R-HSA-5654228,abstraction:NextStepPathway,R-HSA-1489509,1.9228160506195084
R-HSA-9938206,abstraction:NextStepPathway,R-HSA-9927432,6.559969282460651
R-HSA-9938206,abstraction:NextStepPathway,R-HSA-9927418,6.559969282460651
R-HSA-452723,abstraction:NextStepPathway,R-HSA-1234176,0
R-HSA-452723,abstraction:NextStepPathway,R-HSA-1234158,0
R-HSA-452723,abstraction:NextStepPathway,R-HSA-1234174,0
R-HSA-452723,abstraction:NextStepPathway,R-HSA-2892245,3.227764772285447
R-HSA-452723,abstraction:NextStepPathway,R-HSA-2892247,3.227764772285447
R-HSA-168249,abstraction:NextStepPathway,R-HSA-1222499,0
R-HSA-975871,abstraction:NextStepPathway,R-HSA-166058,4.139601153810221
R-HSA-975871,abstraction:NextStepPathway,R-HSA-975138,4.139601153810221
R-HSA-975871,abstraction:NextStepPathway,R-HSA-937039,5.307206313965283
R-HSA-975871,abstraction:NextStepPathway,R-HSA-937042,5.307206313965283
R-HSA-167590,abstraction:NextStepPathway,R-HSA-182218,6.559969282460651
R-HSA-1855204,abstraction:NextStepPathway,R-HSA-2871809,0
R-HSA-1855204,abstraction:NextStepPathway,R-HSA-112043,0
R-HSA-1855204,abstraction:NextStepPathway,R-HSA-9664323,0
R-HSA-1855204,abstraction:NextStepPathway,R-HSA-2029485,0
R-HSA-1855204,abstraction:NextStepPathway,R-HSA-1855196,5.461356993792541
R-HSA-1855204,abstraction:NextStepPathway,R-HSA-5218921,0
R-HSA-1855204,abstraction:NextStepPathway,R-HSA-1855184,5.461356993792541
R-HSA-1855204,abstraction:NextStepPathway,R-HSA-422356,2.1411286746640528
R-HSA-1855204,abstraction:NextStepPathway,R-HSA-5607763,0
R-HSA-1855204,abstraction:NextStepPathway,R-HSA-1489509,0
R-HSA-1855204,abstraction:NextStepPathway,R-HSA-4086398,0
R-HSA-1855204,abstraction:NextStepPathway,R-HSA-983695,0
R-HSA-1855204,abstraction:NextStepPathway,R-HSA-1855183,5.461356993792541
R-HSA-9006335,abstraction:NextStepPathway,R-HSA-9027276,1.9228160506195084
R-HSA-9006335,abstraction:NextStepPathway,R-HSA-9027277,1.9228160506195084
R-HSA-9006335,abstraction:NextStepPathway,R-HSA-9027284,1.9228160506195084
R-HSA-9006335,abstraction:NextStepPathway,R-HSA-9027283,1.9228160506195084
R-HSA-9861559,abstraction:NextStepPathway,R-HSA-204174,6.847651354912432
R-HSA-9861559,abstraction:NextStepPathway,R-HSA-70263,2.1411286746640528
R-HSA-9861559,abstraction:NextStepPathway,R-HSA-5362517,0
R-HSA-9861559,abstraction:NextStepPathway,R-HSA-70268,5.113050299524325
R-HSA-170968,abstraction:NextStepPathway,R-HSA-5673001,1.9228160506195084
R-HSA-170968,abstraction:NextStepPathway,R-HSA-5654726,2.928983806765617
R-HSA-170968,abstraction:NextStepPathway,R-HSA-5675221,1.9228160506195084
R-HSA-170968,abstraction:NextStepPathway,R-HSA-2559582,0
R-HSA-170968,abstraction:NextStepPathway,R-HSA-2559585,0
R-HSA-170968,abstraction:NextStepPathway,R-HSA-9634638,1.9228160506195084
R-HSA-170968,abstraction:NextStepPathway,R-HSA-5654732,2.928983806765617
R-HSA-170968,abstraction:NextStepPathway,R-HSA-881907,1.9228160506195084
R-HSA-170968,abstraction:NextStepPathway,R-HSA-444257,0
R-HSA-170968,abstraction:NextStepPathway,R-HSA-112409,1.9228160506195084
R-HSA-170968,abstraction:NextStepPathway,R-HSA-202670,4.9505313700265505
R-HSA-170968,abstraction:NextStepPathway,R-HSA-375165,0
R-HSA-170968,abstraction:NextStepPathway,R-HSA-5654727,2.928983806765617
R-HSA-170968,abstraction:NextStepPathway,R-HSA-198753,4.9505313700265505
R-HSA-170968,abstraction:NextStepPathway,R-HSA-5654733,2.928983806765617
R-HSA-381038,abstraction:NextStepPathway,R-HSA-9772755,0
R-HSA-112399,abstraction:NextStepPathway,R-HSA-109704,6.154504174352486
R-HSA-114604,abstraction:NextStepPathway,R-HSA-4420097,0
R-HSA-114604,abstraction:NextStepPathway,R-HSA-202433,0
R-HSA-114604,abstraction:NextStepPathway,R-HSA-114508,5.113050299524325
R-HSA-114604,abstraction:NextStepPathway,R-HSA-389357,0
R-HSA-114604,abstraction:NextStepPathway,R-HSA-416572,0
R-HSA-114604,abstraction:NextStepPathway,R-HSA-2871809,0
R-HSA-114604,abstraction:NextStepPathway,R-HSA-1257604,0
R-HSA-114604,abstraction:NextStepPathway,R-HSA-392451,0
R-HSA-114604,abstraction:NextStepPathway,R-HSA-112043,0
R-HSA-114604,abstraction:NextStepPathway,R-HSA-9664323,0
R-HSA-114604,abstraction:NextStepPathway,R-HSA-76005,5.113050299524325
R-HSA-114604,abstraction:NextStepPathway,R-HSA-5627117,0
R-HSA-114604,abstraction:NextStepPathway,R-HSA-2029485,0
R-HSA-114604,abstraction:NextStepPathway,R-HSA-5218921,0
R-HSA-114604,abstraction:NextStepPathway,R-HSA-422356,0
R-HSA-114604,abstraction:NextStepPathway,R-HSA-5607763,0
R-HSA-114604,abstraction:NextStepPathway,R-HSA-1489509,0
R-HSA-114604,abstraction:NextStepPathway,R-HSA-4086398,0
R-HSA-114604,abstraction:NextStepPathway,R-HSA-5218920,0
R-HSA-114604,abstraction:NextStepPathway,R-HSA-983695,0
R-HSA-114604,abstraction:NextStepPathway,R-HSA-426048,5.113050299524325
R-HSA-114604,abstraction:NextStepPathway,R-HSA-416482,0
R-HSA-114604,abstraction:NextStepPathway,R-HSA-9634635,0
R-HSA-114604,abstraction:NextStepPathway,R-HSA-9664422,0
R-HSA-5683826,abstraction:NextStepPathway,R-HSA-418555,0
R-HSA-5683826,abstraction:NextStepPathway,R-HSA-9660821,0
R-HSA-442742,abstraction:NextStepPathway,R-HSA-111931,0
R-HSA-442742,abstraction:NextStepPathway,R-HSA-9634638,0
R-HSA-442742,abstraction:NextStepPathway,R-HSA-111932,0
R-HSA-442742,abstraction:NextStepPathway,R-HSA-9031628,0
R-HSA-6804756,abstraction:NextStepPathway,R-HSA-6796648,4.9505313700265505
R-HSA-6804756,abstraction:NextStepPathway,R-HSA-6804114,4.9505313700265505
R-HSA-6804756,abstraction:NextStepPathway,R-HSA-6803211,4.9505313700265505
R-HSA-6804756,abstraction:NextStepPathway,R-HSA-9758274,0
R-HSA-6804756,abstraction:NextStepPathway,R-HSA-69473,0
R-HSA-6804756,abstraction:NextStepPathway,R-HSA-6804760,5.866822101900706
R-HSA-6804756,abstraction:NextStepPathway,R-HSA-6811555,5.866822101900706
R-HSA-6804756,abstraction:NextStepPathway,R-HSA-69541,0
R-HSA-6804756,abstraction:NextStepPathway,R-HSA-5620971,0
R-HSA-6804756,abstraction:NextStepPathway,R-HSA-6804116,4.9505313700265505
R-HSA-6804756,abstraction:NextStepPathway,R-HSA-6804115,4.9505313700265505
R-HSA-6804756,abstraction:NextStepPathway,R-HSA-69895,0
R-HSA-6804756,abstraction:NextStepPathway,R-HSA-6803204,4.9505313700265505
R-HSA-6804756,abstraction:NextStepPathway,R-HSA-6804759,5.866822101900706
R-HSA-6804756,abstraction:NextStepPathway,R-HSA-6803207,4.9505313700265505
R-HSA-6804756,abstraction:NextStepPathway,R-HSA-111448,0
R-HSA-6804756,abstraction:NextStepPathway,R-HSA-2559586,0
R-HSA-6804756,abstraction:NextStepPathway,R-HSA-6803205,4.9505313700265505
R-HSA-6804756,abstraction:NextStepPathway,R-HSA-6804754,5.866822101900706
R-HSA-6804756,abstraction:NextStepPathway,R-HSA-6804758,5.866822101900706
R-HSA-6804756,abstraction:NextStepPathway,R-HSA-6804757,5.866822101900706
R-HSA-69481,abstraction:NextStepPathway,R-HSA-8852276,3.134079288208124
R-HSA-111465,abstraction:NextStepPathway,R-HSA-75153,4.390915582091128
R-HSA-1442490,abstraction:NextStepPathway,R-HSA-71064,0
R-HSA-69239,abstraction:NextStepPathway,R-HSA-69052,5.17367492134076
R-HSA-1433557,abstraction:NextStepPathway,R-HSA-5673001,1.9228160506195084
R-HSA-1433557,abstraction:NextStepPathway,R-HSA-6811558,1.9228160506195084
R-HSA-1433557,abstraction:NextStepPathway,R-HSA-1257604,1.9228160506195084
R-HSA-5627117,abstraction:NextStepPathway,R-HSA-416572,0
R-HSA-5627117,abstraction:NextStepPathway,R-HSA-5625740,5.461356993792541
R-HSA-5627117,abstraction:NextStepPathway,R-HSA-5627123,5.461356993792541
R-HSA-9648002,abstraction:NextStepPathway,R-HSA-5673001,5.643678550586496
R-HSA-167200,abstraction:NextStepPathway,R-HSA-167246,6.559969282460651
R-HSA-71064,abstraction:NextStepPathway,R-HSA-9856872,2.1411286746640528
R-HSA-71064,abstraction:NextStepPathway,R-HSA-77352,2.1411286746640528
R-HSA-71064,abstraction:NextStepPathway,R-HSA-1442490,0
R-HSA-71064,abstraction:NextStepPathway,R-HSA-9858328,4.185063527886979
R-HSA-71064,abstraction:NextStepPathway,R-HSA-8963693,4.185063527886979
R-HSA-189451,abstraction:NextStepPathway,R-HSA-917937,0
R-HSA-189451,abstraction:NextStepPathway,R-HSA-9755779,0
R-HSA-189451,abstraction:NextStepPathway,R-HSA-9707564,0
R-HSA-189451,abstraction:NextStepPathway,R-HSA-189483,7.253116463020596
R-HSA-177929,abstraction:NextStepPathway,R-HSA-179812,2.928983806765617
R-HSA-177929,abstraction:NextStepPathway,R-HSA-9009391,1.9228160506195084
R-HSA-177929,abstraction:NextStepPathway,R-HSA-1227986,2.928983806765617
R-HSA-177929,abstraction:NextStepPathway,R-HSA-5638303,0
R-HSA-177929,abstraction:NextStepPathway,R-HSA-1236394,2.928983806765617
R-HSA-177929,abstraction:NextStepPathway,R-HSA-180336,2.928983806765617
R-HSA-177929,abstraction:NextStepPathway,R-HSA-9013507,1.9228160506195084
R-HSA-177929,abstraction:NextStepPathway,R-HSA-180292,2.928983806765617
R-HSA-177929,abstraction:NextStepPathway,R-HSA-212718,2.928983806765617
R-HSA-177929,abstraction:NextStepPathway,R-HSA-182971,2.928983806765617
R-HSA-9707564,abstraction:NextStepPathway,R-HSA-611105,0
R-HSA-9707564,abstraction:NextStepPathway,R-HSA-400206,0
R-HSA-9707564,abstraction:NextStepPathway,R-HSA-2426168,0
R-HSA-9707564,abstraction:NextStepPathway,R-HSA-2032785,0
R-HSA-9707564,abstraction:NextStepPathway,R-HSA-9707616,4.0961160418704825
R-HSA-9707564,abstraction:NextStepPathway,R-HSA-844456,0
R-HSA-9707564,abstraction:NextStepPathway,R-HSA-166187,0
R-HSA-9707564,abstraction:NextStepPathway,R-HSA-9931509,0
R-HSA-9707564,abstraction:NextStepPathway,R-HSA-189483,0
R-HSA-9707564,abstraction:NextStepPathway,R-HSA-167826,0
R-HSA-9707564,abstraction:NextStepPathway,R-HSA-8951671,0
R-HSA-9707564,abstraction:NextStepPathway,R-HSA-1368108,0
R-HSA-9707564,abstraction:NextStepPathway,R-HSA-9660826,0
R-HSA-9707564,abstraction:NextStepPathway,R-HSA-9933387,0
R-HSA-9707564,abstraction:NextStepPathway,R-HSA-163210,0
R-HSA-9707564,abstraction:NextStepPathway,R-HSA-381340,0
R-HSA-9707564,abstraction:NextStepPathway,R-HSA-2151201,0
R-HSA-9707564,abstraction:NextStepPathway,R-HSA-1989781,0
R-HSA-5601884,abstraction:NextStepPathway,R-HSA-9845323,3.0117897104498494
R-HSA-6804116,abstraction:NextStepPathway,R-HSA-69563,0
R-HSA-6804116,abstraction:NextStepPathway,R-HSA-2559582,0
R-HSA-6804116,abstraction:NextStepPathway,R-HSA-69202,0
R-HSA-6804116,abstraction:NextStepPathway,R-HSA-69895,0
R-HSA-6804116,abstraction:NextStepPathway,R-HSA-69656,0
R-HSA-6804116,abstraction:NextStepPathway,R-HSA-2559586,0
R-HSA-6804116,abstraction:NextStepPathway,R-HSA-8852276,0
R-HSA-6804116,abstraction:NextStepPathway,R-HSA-187577,0
R-HSA-6804116,abstraction:NextStepPathway,R-HSA-9617828,3.5274230357839436
R-HSA-1483248,abstraction:NextStepPathway,R-HSA-1483196,5.381314286119005
R-HSA-1483248,abstraction:NextStepPathway,R-HSA-1482922,4.480527740780815
R-HSA-9694635,abstraction:NextStepPathway,R-HSA-9694631,5.749039066244322
R-HSA-9694635,abstraction:NextStepPathway,R-HSA-9694719,5.749039066244322
R-HSA-9694635,abstraction:NextStepPathway,R-HSA-9694493,5.749039066244322
R-HSA-9694635,abstraction:NextStepPathway,R-HSA-9694594,5.749039066244322
R-HSA-9694635,abstraction:NextStepPathway,R-HSA-9694548,5.749039066244322
R-HSA-202430,abstraction:NextStepPathway,R-HSA-202433,6.559969282460651
R-HSA-975163,abstraction:NextStepPathway,R-HSA-937072,4.139601153810221
R-HSA-1250196,abstraction:NextStepPathway,R-HSA-5673001,1.9228160506195084
R-HSA-8854691,abstraction:NextStepPathway,R-HSA-449836,4.208594025297173
R-HSA-8854691,abstraction:NextStepPathway,R-HSA-5683057,0
R-HSA-8854691,abstraction:NextStepPathway,R-HSA-9909649,2.5802876285586898
R-HSA-8854691,abstraction:NextStepPathway,R-HSA-6783783,4.208594025297173
R-HSA-2142696,abstraction:NextStepPathway,R-HSA-211979,2.1411286746640528
R-HSA-5358493,abstraction:NextStepPathway,R-HSA-5336415,0
R-HSA-5655862,abstraction:NextStepPathway,R-HSA-110313,6.000353494525228
R-HSA-5655862,abstraction:NextStepPathway,R-HSA-5656169,6.336825731146441
R-HSA-5607764,abstraction:NextStepPathway,R-HSA-209560,0
R-HSA-5607764,abstraction:NextStepPathway,R-HSA-9909649,2.5802876285586898
R-HSA-5607764,abstraction:NextStepPathway,R-HSA-2871837,3.210065195186046
R-HSA-5607764,abstraction:NextStepPathway,R-HSA-9020702,2.5802876285586898
R-HSA-5607764,abstraction:NextStepPathway,R-HSA-202424,2.5802876285586898
R-HSA-196108,abstraction:NextStepPathway,R-HSA-194002,6.336825731146441
R-HSA-196108,abstraction:NextStepPathway,R-HSA-193048,6.336825731146441
R-HSA-196108,abstraction:NextStepPathway,R-HSA-211976,2.1411286746640528
R-HSA-196108,abstraction:NextStepPathway,R-HSA-193993,6.336825731146441
R-HSA-9725370,abstraction:NextStepPathway,R-HSA-9725371,5.548368370782171
R-HSA-1855192,abstraction:NextStepPathway,R-HSA-1855231,5.461356993792541
R-HSA-8932506,abstraction:NextStepPathway,R-HSA-9939291,6.559969282460651
R-HSA-8932506,abstraction:NextStepPathway,R-HSA-8932504,6.559969282460651
R-HSA-8932506,abstraction:NextStepPathway,R-HSA-8932505,6.559969282460651
R-HSA-191859,abstraction:NextStepPathway,R-HSA-9754678,0
R-HSA-1482801,abstraction:NextStepPathway,R-HSA-1483213,5.055891885684376
R-HSA-1482801,abstraction:NextStepPathway,R-HSA-1483248,4.480527740780815
R-HSA-2142700,abstraction:NextStepPathway,R-HSA-2142691,3.1422425988472846
R-HSA-2142700,abstraction:NextStepPathway,R-HSA-444473,0
R-HSA-165159,abstraction:NextStepPathway,R-HSA-1632852,0
R-HSA-165159,abstraction:NextStepPathway,R-HSA-380972,1.9228160506195084
R-HSA-165159,abstraction:NextStepPathway,R-HSA-5628897,0
R-HSA-165159,abstraction:NextStepPathway,R-HSA-166208,1.9228160506195084
R-HSA-5368286,abstraction:NextStepPathway,R-HSA-5389840,6.559969282460651
R-HSA-2467813,abstraction:NextStepPathway,R-HSA-176407,3.468926829102335
R-HSA-2467813,abstraction:NextStepPathway,R-HSA-174154,3.468926829102335
R-HSA-445989,abstraction:NextStepPathway,R-HSA-5684264,6.847651354912432
R-HSA-445989,abstraction:NextStepPathway,R-HSA-9758274,6.847651354912432
R-HSA-445989,abstraction:NextStepPathway,R-HSA-933542,3.210065195186046
R-HSA-445989,abstraction:NextStepPathway,R-HSA-9909649,2.5802876285586898
R-HSA-445989,abstraction:NextStepPathway,R-HSA-9705671,0
R-HSA-445989,abstraction:NextStepPathway,R-HSA-168638,3.210065195186046
R-HSA-445989,abstraction:NextStepPathway,R-HSA-9860276,5.113050299524325
R-HSA-445989,abstraction:NextStepPathway,R-HSA-1810476,3.210065195186046
R-HSA-445989,abstraction:NextStepPathway,R-HSA-9020702,5.643678550586496
R-HSA-419812,abstraction:NextStepPathway,R-HSA-418555,3.83538977940723
R-HSA-419812,abstraction:NextStepPathway,R-HSA-9660821,0
R-HSA-5661270,abstraction:NextStepPathway,R-HSA-71336,4.362744705124431
R-HSA-176187,abstraction:NextStepPathway,R-HSA-69601,5.001824664414101
R-HSA-176187,abstraction:NextStepPathway,R-HSA-69473,6.559969282460651
R-HSA-176187,abstraction:NextStepPathway,R-HSA-75035,6.559969282460651
R-HSA-176187,abstraction:NextStepPathway,R-HSA-6804756,0
R-HSA-72662,abstraction:NextStepPathway,R-HSA-72649,6.000353494525228
R-HSA-9033241,abstraction:NextStepPathway,R-HSA-8866654,0
R-HSA-9033241,abstraction:NextStepPathway,R-HSA-9033500,6.336825731146441
R-HSA-140180,abstraction:NextStepPathway,R-HSA-211979,5.113050299524325
R-HSA-140180,abstraction:NextStepPathway,R-HSA-2162123,2.1411286746640528
R-HSA-69895,abstraction:NextStepPathway,R-HSA-69563,6.336825731146441
R-HSA-69895,abstraction:NextStepPathway,R-HSA-69202,3.134079288208124
R-HSA-69895,abstraction:NextStepPathway,R-HSA-6804116,0
R-HSA-69895,abstraction:NextStepPathway,R-HSA-69656,3.134079288208124
R-HSA-69895,abstraction:NextStepPathway,R-HSA-2559586,0
R-HSA-69895,abstraction:NextStepPathway,R-HSA-8852276,3.134079288208124
R-HSA-69895,abstraction:NextStepPathway,R-HSA-9617828,0
R-HSA-442720,abstraction:NextStepPathway,R-HSA-111931,0
R-HSA-442720,abstraction:NextStepPathway,R-HSA-9856530,0
R-HSA-442720,abstraction:NextStepPathway,R-HSA-9634638,0
R-HSA-442720,abstraction:NextStepPathway,R-HSA-164378,0
R-HSA-442720,abstraction:NextStepPathway,R-HSA-9634597,0
R-HSA-442720,abstraction:NextStepPathway,R-HSA-9664323,0
R-HSA-442720,abstraction:NextStepPathway,R-HSA-163560,0
R-HSA-442720,abstraction:NextStepPathway,R-HSA-111932,0
R-HSA-442720,abstraction:NextStepPathway,R-HSA-432040,0
R-HSA-442720,abstraction:NextStepPathway,R-HSA-180024,0
R-HSA-442720,abstraction:NextStepPathway,R-HSA-163358,0
R-HSA-442720,abstraction:NextStepPathway,R-HSA-9031628,0
R-HSA-442720,abstraction:NextStepPathway,R-HSA-9634600,0
R-HSA-442720,abstraction:NextStepPathway,R-HSA-163615,0
R-HSA-442720,abstraction:NextStepPathway,R-HSA-9660821,0
R-HSA-77588,abstraction:NextStepPathway,R-HSA-73856,0
R-HSA-77588,abstraction:NextStepPathway,R-HSA-159230,3.957279597016267
R-HSA-186797,abstraction:NextStepPathway,R-HSA-186763,2.928983806765617
R-HSA-8953750,abstraction:NextStepPathway,R-HSA-69205,0
R-HSA-77346,abstraction:NextStepPathway,R-HSA-611105,2.1411286746640528
R-HSA-77346,abstraction:NextStepPathway,R-HSA-77348,6.000353494525228
R-HSA-1855170,abstraction:NextStepPathway,R-HSA-1855167,5.461356993792541
R-HSA-1855170,abstraction:NextStepPathway,R-HSA-1855184,5.461356993792541
R-HSA-9937080,abstraction:NextStepPathway,R-HSA-9925561,6.847651354912432
R-HSA-9937080,abstraction:NextStepPathway,R-HSA-9925563,6.847651354912432
R-HSA-2029485,abstraction:NextStepPathway,R-HSA-114508,0
R-HSA-2029485,abstraction:NextStepPathway,R-HSA-9856530,0
R-HSA-2029485,abstraction:NextStepPathway,R-HSA-2871809,3.210065195186046
R-HSA-2029485,abstraction:NextStepPathway,R-HSA-1169091,2.5802876285586898
R-HSA-2029485,abstraction:NextStepPathway,R-HSA-112043,0
R-HSA-2029485,abstraction:NextStepPathway,R-HSA-9664323,0
R-HSA-2029485,abstraction:NextStepPathway,R-HSA-2029482,6.847651354912432
R-HSA-2029485,abstraction:NextStepPathway,R-HSA-1855204,0
R-HSA-2029485,abstraction:NextStepPathway,R-HSA-1855196,0
R-HSA-2029485,abstraction:NextStepPathway,R-HSA-445355,0
R-HSA-2029485,abstraction:NextStepPathway,R-HSA-5218921,0
R-HSA-2029485,abstraction:NextStepPathway,R-HSA-111997,0
R-HSA-2029485,abstraction:NextStepPathway,R-HSA-422356,0
R-HSA-2029485,abstraction:NextStepPathway,R-HSA-5607763,3.210065195186046
R-HSA-2029485,abstraction:NextStepPathway,R-HSA-1489509,0
R-HSA-2029485,abstraction:NextStepPathway,R-HSA-4086398,0
R-HSA-2029485,abstraction:NextStepPathway,R-HSA-5578775,0
R-HSA-2029485,abstraction:NextStepPathway,R-HSA-983695,2.5802876285586898
R-HSA-2029485,abstraction:NextStepPathway,R-HSA-2514859,0
R-HSA-2029485,abstraction:NextStepPathway,R-HSA-1855183,0
R-HSA-2029485,abstraction:NextStepPathway,R-HSA-9664422,0
R-HSA-1660661,abstraction:NextStepPathway,R-HSA-9840310,6.336825731146441
R-HSA-1660661,abstraction:NextStepPathway,R-HSA-9845614,6.336825731146441
R-HSA-1660661,abstraction:NextStepPathway,R-HSA-419408,0
R-HSA-1660661,abstraction:NextStepPathway,R-HSA-9845576,0
R-HSA-2173789,abstraction:NextStepPathway,R-HSA-2173791,6.154504174352486
R-HSA-2173789,abstraction:NextStepPathway,R-HSA-2173796,6.154504174352486
R-HSA-2173789,abstraction:NextStepPathway,R-HSA-2129379,0
R-HSA-2173789,abstraction:NextStepPathway,R-HSA-1181150,0
R-HSA-2173789,abstraction:NextStepPathway,R-HSA-2173788,6.154504174352486
R-HSA-2173789,abstraction:NextStepPathway,R-HSA-1502540,5.17367492134076
R-HSA-73728,abstraction:NextStepPathway,R-HSA-73762,6.847651354912432
R-HSA-191273,abstraction:NextStepPathway,R-HSA-446199,0
R-HSA-191273,abstraction:NextStepPathway,R-HSA-6807047,5.055891885684376
R-HSA-191273,abstraction:NextStepPathway,R-HSA-211976,2.1411286746640528
R-HSA-191273,abstraction:NextStepPathway,R-HSA-211897,2.1411286746640528
R-HSA-191273,abstraction:NextStepPathway,R-HSA-6807062,5.055891885684376
R-HSA-72200,abstraction:NextStepPathway,R-HSA-73856,0
R-HSA-72200,abstraction:NextStepPathway,R-HSA-72187,3.957279597016267
R-HSA-68962,abstraction:NextStepPathway,R-HSA-69052,5.055891885684376
R-HSA-68962,abstraction:NextStepPathway,R-HSA-68952,5.055891885684376
R-HSA-351143,abstraction:NextStepPathway,R-HSA-351202,4.185063527886979
R-HSA-2979096,abstraction:NextStepPathway,R-HSA-2197563,7.253116463020596
R-HSA-196836,abstraction:NextStepPathway,R-HSA-5628897,0
R-HSA-196836,abstraction:NextStepPathway,R-HSA-3299685,0
R-HSA-196836,abstraction:NextStepPathway,R-HSA-499943,2.1411286746640528
R-HSA-375276,abstraction:NextStepPathway,R-HSA-418594,3.83538977940723
R-HSA-375276,abstraction:NextStepPathway,R-HSA-416476,3.83538977940723
R-HSA-375276,abstraction:NextStepPathway,R-HSA-418555,3.83538977940723
R-HSA-375276,abstraction:NextStepPathway,R-HSA-9660826,0
R-HSA-375276,abstraction:NextStepPathway,R-HSA-9660821,0
R-HSA-1606341,abstraction:NextStepPathway,R-HSA-3270619,5.643678550586496
R-HSA-1606341,abstraction:NextStepPathway,R-HSA-3134973,5.643678550586496
R-HSA-5674135,abstraction:NextStepPathway,R-HSA-5673001,5.643678550586496
R-HSA-5674135,abstraction:NextStepPathway,R-HSA-170968,1.9228160506195084
R-HSA-5674135,abstraction:NextStepPathway,R-HSA-112409,5.643678550586496
R-HSA-1839117,abstraction:NextStepPathway,R-HSA-5655302,5.001824664414101
R-HSA-2022870,abstraction:NextStepPathway,R-HSA-2022923,6.847651354912432
R-HSA-2022870,abstraction:NextStepPathway,R-HSA-2024101,6.847651354912432
R-HSA-425381,abstraction:NextStepPathway,R-HSA-427601,6.154504174352486
R-HSA-425381,abstraction:NextStepPathway,R-HSA-174362,0
R-HSA-1660517,abstraction:NextStepPathway,R-HSA-1660508,5.381314286119005
R-HSA-1660517,abstraction:NextStepPathway,R-HSA-1855183,2.1411286746640528
R-HSA-5654695,abstraction:NextStepPathway,R-HSA-6811558,1.9228160506195084
R-HSA-5654695,abstraction:NextStepPathway,R-HSA-1257604,1.9228160506195084
R-HSA-5654695,abstraction:NextStepPathway,R-HSA-5654720,4.185063527886979
R-HSA-5654695,abstraction:NextStepPathway,R-HSA-5654710,4.185063527886979
R-HSA-5654695,abstraction:NextStepPathway,R-HSA-5654689,4.185063527886979
R-HSA-912446,abstraction:NextStepPathway,R-HSA-1221632,7.253116463020596
R-HSA-446199,abstraction:NextStepPathway,R-HSA-446193,4.810769427651391
R-HSA-446199,abstraction:NextStepPathway,R-HSA-191273,0
R-HSA-8866654,abstraction:NextStepPathway,R-HSA-9033241,0
R-HSA-190370,abstraction:NextStepPathway,R-HSA-5654219,5.461356993792541
R-HSA-190370,abstraction:NextStepPathway,R-HSA-5654687,5.461356993792541
R-HSA-190370,abstraction:NextStepPathway,R-HSA-5654688,5.461356993792541
R-HSA-190370,abstraction:NextStepPathway,R-HSA-5654693,5.461356993792541
R-HSA-5663213,abstraction:NextStepPathway,R-HSA-2029482,0
R-HSA-5663213,abstraction:NextStepPathway,R-HSA-9664422,0
R-HSA-9758890,abstraction:NextStepPathway,R-HSA-9759218,6.847651354912432
R-HSA-3928663,abstraction:NextStepPathway,R-HSA-4420097,0
R-HSA-171007,abstraction:NextStepPathway,R-HSA-4420097,2.928983806765617
R-HSA-176408,abstraction:NextStepPathway,R-HSA-176407,5.17367492134076
R-HSA-176408,abstraction:NextStepPathway,R-HSA-176417,5.17367492134076
R-HSA-70268,abstraction:NextStepPathway,R-HSA-9856872,5.113050299524325
R-HSA-70268,abstraction:NextStepPathway,R-HSA-433692,0
R-HSA-70268,abstraction:NextStepPathway,R-HSA-204174,5.113050299524325
R-HSA-70268,abstraction:NextStepPathway,R-HSA-70263,2.1411286746640528
R-HSA-70268,abstraction:NextStepPathway,R-HSA-8964539,2.1411286746640528
R-HSA-70268,abstraction:NextStepPathway,R-HSA-9861559,5.113050299524325
R-HSA-70268,abstraction:NextStepPathway,R-HSA-71403,5.113050299524325
R-HSA-442380,abstraction:NextStepPathway,R-HSA-425410,4.480527740780815
R-HSA-442380,abstraction:NextStepPathway,R-HSA-1222556,0
R-HSA-442380,abstraction:NextStepPathway,R-HSA-6803544,0
R-HSA-442380,abstraction:NextStepPathway,R-HSA-264876,0
R-HSA-442380,abstraction:NextStepPathway,R-HSA-435368,7.253116463020596
R-HSA-74259,abstraction:NextStepPathway,R-HSA-9734281,0
R-HSA-74259,abstraction:NextStepPathway,R-HSA-3299685,0
R-HSA-6785807,abstraction:NextStepPathway,R-HSA-9960525,2.5802876285586898
R-HSA-6785807,abstraction:NextStepPathway,R-HSA-9960519,2.5802876285586898
R-HSA-6785807,abstraction:NextStepPathway,R-HSA-9020558,4.208594025297173
R-HSA-6785807,abstraction:NextStepPathway,R-HSA-8985947,4.208594025297173
R-HSA-6785807,abstraction:NextStepPathway,R-HSA-111453,0
R-HSA-6785807,abstraction:NextStepPathway,R-HSA-9020958,4.208594025297173
R-HSA-6785807,abstraction:NextStepPathway,R-HSA-1266695,4.208594025297173
R-HSA-6785807,abstraction:NextStepPathway,R-HSA-8983432,4.208594025297173
R-HSA-6785807,abstraction:NextStepPathway,R-HSA-6783783,4.208594025297173
R-HSA-162699,abstraction:NextStepPathway,R-HSA-8932504,3.57681579111352
R-HSA-162699,abstraction:NextStepPathway,R-HSA-162710,6.847651354912432
R-HSA-162699,abstraction:NextStepPathway,R-HSA-8932506,3.57681579111352
R-HSA-162699,abstraction:NextStepPathway,R-HSA-8932505,3.57681579111352
R-HSA-977347,abstraction:NextStepPathway,R-HSA-9856872,2.1411286746640528
R-HSA-1237112,abstraction:NextStepPathway,R-HSA-1614635,4.185063527886979
R-HSA-1237112,abstraction:NextStepPathway,R-HSA-156581,2.1411286746640528
R-HSA-9683701,abstraction:NextStepPathway,R-HSA-9694631,4.0961160418704825
R-HSA-9683701,abstraction:NextStepPathway,R-HSA-9683673,4.9505313700265505
R-HSA-9683701,abstraction:NextStepPathway,R-HSA-9683610,4.9505313700265505
R-HSA-9683701,abstraction:NextStepPathway,R-HSA-9683683,4.9505313700265505
R-HSA-9683701,abstraction:NextStepPathway,R-HSA-9683612,4.9505313700265505
R-HSA-9683701,abstraction:NextStepPathway,R-HSA-9683686,4.9505313700265505
R-HSA-198693,abstraction:NextStepPathway,R-HSA-111931,5.055891885684376
R-HSA-198693,abstraction:NextStepPathway,R-HSA-9634638,1.9228160506195084
R-HSA-198693,abstraction:NextStepPathway,R-HSA-111932,5.055891885684376
R-HSA-198693,abstraction:NextStepPathway,R-HSA-9031628,1.9228160506195084
R-HSA-198693,abstraction:NextStepPathway,R-HSA-9614399,0
R-HSA-8964041,abstraction:NextStepPathway,R-HSA-8964058,6.559969282460651
R-HSA-72163,abstraction:NextStepPathway,R-HSA-75094,3.957279597016267
R-HSA-72163,abstraction:NextStepPathway,R-HSA-72187,5.643678550586496
R-HSA-844615,abstraction:NextStepPathway,R-HSA-448706,2.5802876285586898
R-HSA-844615,abstraction:NextStepPathway,R-HSA-9660826,0
R-HSA-9858328,abstraction:NextStepPathway,R-HSA-71064,4.185063527886979
R-HSA-428540,abstraction:NextStepPathway,R-HSA-428543,5.866822101900706
R-HSA-9683612,abstraction:NextStepPathway,R-HSA-9679509,4.9505313700265505
R-HSA-70895,abstraction:NextStepPathway,R-HSA-210500,0
R-HSA-70895,abstraction:NextStepPathway,R-HSA-71403,2.1411286746640528
R-HSA-70895,abstraction:NextStepPathway,R-HSA-9859138,4.185063527886979
R-HSA-70895,abstraction:NextStepPathway,R-HSA-71032,2.1411286746640528
R-HSA-388479,abstraction:NextStepPathway,R-HSA-416476,3.83538977940723
R-HSA-388479,abstraction:NextStepPathway,R-HSA-432040,0
R-HSA-388479,abstraction:NextStepPathway,R-HSA-418555,3.83538977940723
R-HSA-388479,abstraction:NextStepPathway,R-HSA-9660821,0
R-HSA-3296197,abstraction:NextStepPathway,R-HSA-418594,3.83538977940723
R-HSA-3134975,abstraction:NextStepPathway,R-HSA-1834941,5.643678550586496
R-HSA-389599,abstraction:NextStepPathway,R-HSA-389887,6.847651354912432
R-HSA-163754,abstraction:NextStepPathway,R-HSA-71336,2.1411286746640528
R-HSA-9635644,abstraction:NextStepPathway,R-HSA-9636383,5.866822101900706
R-HSA-2453902,abstraction:NextStepPathway,R-HSA-2466712,0
R-HSA-2453902,abstraction:NextStepPathway,R-HSA-2187335,6.154504174352486
R-HSA-2453902,abstraction:NextStepPathway,R-HSA-5365859,0
R-HSA-2453902,abstraction:NextStepPathway,R-HSA-2514859,6.154504174352486
R-HSA-2453902,abstraction:NextStepPathway,R-HSA-2485179,6.154504174352486
R-HSA-190377,abstraction:NextStepPathway,R-HSA-5654221,5.548368370782171
R-HSA-190377,abstraction:NextStepPathway,R-HSA-5654699,5.548368370782171
R-HSA-190377,abstraction:NextStepPathway,R-HSA-5654700,5.548368370782171
R-HSA-9694719,abstraction:NextStepPathway,R-HSA-9754560,4.768209813232596
R-HSA-9694719,abstraction:NextStepPathway,R-HSA-9755779,4.768209813232596
R-HSA-9694719,abstraction:NextStepPathway,R-HSA-9694322,5.749039066244322
R-HSA-9694719,abstraction:NextStepPathway,R-HSA-9705671,4.768209813232596
R-HSA-77310,abstraction:NextStepPathway,R-HSA-611105,2.1411286746640528
R-HSA-77310,abstraction:NextStepPathway,R-HSA-77346,6.000353494525228
R-HSA-9839394,abstraction:NextStepPathway,R-HSA-9839383,6.336825731146441
R-HSA-2395516,abstraction:NextStepPathway,R-HSA-1362409,2.1411286746640528
R-HSA-69656,abstraction:NextStepPathway,R-HSA-69563,3.134079288208124
R-HSA-69656,abstraction:NextStepPathway,R-HSA-2559582,0
R-HSA-69656,abstraction:NextStepPathway,R-HSA-69202,3.468926829102335
R-HSA-69656,abstraction:NextStepPathway,R-HSA-6804116,0
R-HSA-69656,abstraction:NextStepPathway,R-HSA-176408,3.468926829102335
R-HSA-69656,abstraction:NextStepPathway,R-HSA-69273,3.468926829102335
R-HSA-69656,abstraction:NextStepPathway,R-HSA-2559586,0
R-HSA-69656,abstraction:NextStepPathway,R-HSA-187577,5.17367492134076
R-HSA-8847993,abstraction:NextStepPathway,R-HSA-8849469,5.749039066244322
R-HSA-8847993,abstraction:NextStepPathway,R-HSA-8849474,5.749039066244322
R-HSA-8847993,abstraction:NextStepPathway,R-HSA-8849472,5.749039066244322
R-HSA-8847993,abstraction:NextStepPathway,R-HSA-8849470,5.749039066244322
R-HSA-8847993,abstraction:NextStepPathway,R-HSA-8849468,5.749039066244322
R-HSA-8847993,abstraction:NextStepPathway,R-HSA-187577,0
R-HSA-8847993,abstraction:NextStepPathway,R-HSA-8849471,5.749039066244322
R-HSA-442729,abstraction:NextStepPathway,R-HSA-111931,0
R-HSA-442729,abstraction:NextStepPathway,R-HSA-9634638,0
R-HSA-442729,abstraction:NextStepPathway,R-HSA-9707616,0
R-HSA-442729,abstraction:NextStepPathway,R-HSA-111932,0
R-HSA-442729,abstraction:NextStepPathway,R-HSA-9931509,0
R-HSA-442729,abstraction:NextStepPathway,R-HSA-9031628,0
R-HSA-442729,abstraction:NextStepPathway,R-HSA-2151201,0
R-HSA-444257,abstraction:NextStepPathway,R-HSA-442742,5.866822101900706
R-HSA-8963693,abstraction:NextStepPathway,R-HSA-379716,0
R-HSA-8963693,abstraction:NextStepPathway,R-HSA-9856872,2.1411286746640528
R-HSA-8963693,abstraction:NextStepPathway,R-HSA-70263,2.1411286746640528
R-HSA-8963693,abstraction:NextStepPathway,R-HSA-8964539,4.185063527886979
R-HSA-8963693,abstraction:NextStepPathway,R-HSA-70268,2.1411286746640528
R-HSA-8963693,abstraction:NextStepPathway,R-HSA-442660,0
R-HSA-8963693,abstraction:NextStepPathway,R-HSA-71737,2.1411286746640528
R-HSA-8963693,abstraction:NextStepPathway,R-HSA-70635,4.185063527886979
R-HSA-937042,abstraction:NextStepPathway,R-HSA-450302,5.381314286119005
R-HSA-937042,abstraction:NextStepPathway,R-HSA-445989,5.381314286119005
R-HSA-937042,abstraction:NextStepPathway,R-HSA-9705671,0
R-HSA-937042,abstraction:NextStepPathway,R-HSA-168638,3.210065195186046
R-HSA-937042,abstraction:NextStepPathway,R-HSA-450321,5.381314286119005
R-HSA-937042,abstraction:NextStepPathway,R-HSA-9020702,2.5802876285586898
R-HSA-381771,abstraction:NextStepPathway,R-HSA-420092,0
R-HSA-381771,abstraction:NextStepPathway,R-HSA-381676,0
R-HSA-5654720,abstraction:NextStepPathway,R-HSA-6811558,1.9228160506195084
R-HSA-5654720,abstraction:NextStepPathway,R-HSA-1257604,1.9228160506195084
R-HSA-5654720,abstraction:NextStepPathway,R-HSA-5654695,4.185063527886979
R-HSA-5654720,abstraction:NextStepPathway,R-HSA-5654710,4.185063527886979
R-HSA-5654720,abstraction:NextStepPathway,R-HSA-5654689,4.185063527886979
R-HSA-6806664,abstraction:NextStepPathway,R-HSA-159740,0
R-HSA-73817,abstraction:NextStepPathway,R-HSA-379716,0
R-HSA-73817,abstraction:NextStepPathway,R-HSA-74217,5.461356993792541
R-HSA-73817,abstraction:NextStepPathway,R-HSA-74259,5.461356993792541
R-HSA-73817,abstraction:NextStepPathway,R-HSA-71737,2.1411286746640528
R-HSA-73817,abstraction:NextStepPathway,R-HSA-499943,5.461356993792541
R-HSA-9022692,abstraction:NextStepPathway,R-HSA-9022699,6.336825731146441
R-HSA-9022692,abstraction:NextStepPathway,R-HSA-8986944,3.5274230357839436
R-HSA-9022692,abstraction:NextStepPathway,R-HSA-9022702,6.336825731146441
R-HSA-1237044,abstraction:NextStepPathway,R-HSA-1247673,7.253116463020596
R-HSA-9613829,abstraction:NextStepPathway,R-HSA-9613354,5.643678550586496
R-HSA-9613829,abstraction:NextStepPathway,R-HSA-9615710,5.643678550586496
R-HSA-196299,abstraction:NextStepPathway,R-HSA-195253,4.901741205857118
R-HSA-1660524,abstraction:NextStepPathway,R-HSA-1660516,5.381314286119005
R-HSA-901042,abstraction:NextStepPathway,R-HSA-901032,7.253116463020596
R-HSA-901042,abstraction:NextStepPathway,R-HSA-948021,4.810769427651391
R-HSA-3000471,abstraction:NextStepPathway,R-HSA-5686938,0
R-HSA-71262,abstraction:NextStepPathway,R-HSA-200425,2.1411286746640528
R-HSA-177128,abstraction:NextStepPathway,R-HSA-9749641,0
R-HSA-1250347,abstraction:NextStepPathway,R-HSA-5673001,1.9228160506195084
R-HSA-1169092,abstraction:NextStepPathway,R-HSA-5673001,0
R-HSA-9754678,abstraction:NextStepPathway,R-HSA-191859,0
R-HSA-162585,abstraction:NextStepPathway,R-HSA-162594,4.5122764390953956
R-HSA-5607761,abstraction:NextStepPathway,R-HSA-5607764,6.154504174352486
R-HSA-5607761,abstraction:NextStepPathway,R-HSA-2871837,3.210065195186046
R-HSA-5607761,abstraction:NextStepPathway,R-HSA-202424,2.5802876285586898
R-HSA-211957,abstraction:NextStepPathway,R-HSA-156588,4.480527740780815
R-HSA-211957,abstraction:NextStepPathway,R-HSA-9749641,0
R-HSA-72086,abstraction:NextStepPathway,R-HSA-113418,0
R-HSA-72086,abstraction:NextStepPathway,R-HSA-111367,3.957279597016267
R-HSA-72086,abstraction:NextStepPathway,R-HSA-77588,3.957279597016267
R-HSA-72086,abstraction:NextStepPathway,R-HSA-77075,0
R-HSA-72086,abstraction:NextStepPathway,R-HSA-77595,3.957279597016267
R-HSA-72086,abstraction:NextStepPathway,R-HSA-72203,3.957279597016267
R-HSA-193775,abstraction:NextStepPathway,R-HSA-211994,2.1411286746640528
R-HSA-193775,abstraction:NextStepPathway,R-HSA-193368,6.847651354912432
R-HSA-193775,abstraction:NextStepPathway,R-HSA-211976,2.1411286746640528
R-HSA-5389840,abstraction:NextStepPathway,R-HSA-5419276,6.559969282460651
R-HSA-5389840,abstraction:NextStepPathway,R-HSA-9937383,6.559969282460651
R-HSA-174048,abstraction:NextStepPathway,R-HSA-176407,5.17367492134076
R-HSA-1855196,abstraction:NextStepPathway,R-HSA-1855191,5.461356993792541
R-HSA-111932,abstraction:NextStepPathway,R-HSA-111931,6.559969282460651
R-HSA-111932,abstraction:NextStepPathway,R-HSA-9634638,1.9228160506195084
R-HSA-111932,abstraction:NextStepPathway,R-HSA-9707616,0
R-HSA-111932,abstraction:NextStepPathway,R-HSA-9620244,0
R-HSA-111932,abstraction:NextStepPathway,R-HSA-442729,0
R-HSA-111932,abstraction:NextStepPathway,R-HSA-9022692,0
R-HSA-111932,abstraction:NextStepPathway,R-HSA-9931509,0
R-HSA-111932,abstraction:NextStepPathway,R-HSA-9616222,0
R-HSA-111932,abstraction:NextStepPathway,R-HSA-9031628,1.9228160506195084
R-HSA-111932,abstraction:NextStepPathway,R-HSA-2151201,0
R-HSA-380994,abstraction:NextStepPathway,R-HSA-9909649,0
R-HSA-6782210,abstraction:NextStepPathway,R-HSA-6781827,5.749039066244322
R-HSA-8964208,abstraction:NextStepPathway,R-HSA-8963684,7.253116463020596
R-HSA-445355,abstraction:NextStepPathway,R-HSA-392154,0
R-HSA-445355,abstraction:NextStepPathway,R-HSA-9856530,0
R-HSA-445355,abstraction:NextStepPathway,R-HSA-442982,0
R-HSA-445355,abstraction:NextStepPathway,R-HSA-2871809,0
R-HSA-445355,abstraction:NextStepPathway,R-HSA-111933,0
R-HSA-445355,abstraction:NextStepPathway,R-HSA-9620244,0
R-HSA-445355,abstraction:NextStepPathway,R-HSA-111957,0
R-HSA-445355,abstraction:NextStepPathway,R-HSA-418457,0
R-HSA-445355,abstraction:NextStepPathway,R-HSA-442720,0
R-HSA-445355,abstraction:NextStepPathway,R-HSA-442729,0
R-HSA-445355,abstraction:NextStepPathway,R-HSA-111932,0
R-HSA-445355,abstraction:NextStepPathway,R-HSA-203615,0
R-HSA-445355,abstraction:NextStepPathway,R-HSA-180024,0
R-HSA-445355,abstraction:NextStepPathway,R-HSA-5607763,0
R-HSA-445355,abstraction:NextStepPathway,R-HSA-4086398,0
R-HSA-445355,abstraction:NextStepPathway,R-HSA-5627123,0
R-HSA-445355,abstraction:NextStepPathway,R-HSA-2025928,0
R-HSA-445355,abstraction:NextStepPathway,R-HSA-5218920,0
R-HSA-1236973,abstraction:NextStepPathway,R-HSA-1236974,6.559969282460651
R-HSA-5686938,abstraction:NextStepPathway,R-HSA-166058,4.139601153810221
R-HSA-1362277,abstraction:NextStepPathway,R-HSA-69205,5.238213442478331
R-HSA-1362277,abstraction:NextStepPathway,R-HSA-69202,5.238213442478331
R-HSA-1362277,abstraction:NextStepPathway,R-HSA-1538133,5.238213442478331
R-HSA-1362277,abstraction:NextStepPathway,R-HSA-68689,0
R-HSA-1362277,abstraction:NextStepPathway,R-HSA-69656,3.468926829102335
R-HSA-1362277,abstraction:NextStepPathway,R-HSA-69273,3.468926829102335
R-HSA-1362277,abstraction:NextStepPathway,R-HSA-1362300,7.253116463020596
R-HSA-9931509,abstraction:NextStepPathway,R-HSA-9707616,0
R-HSA-9931509,abstraction:NextStepPathway,R-HSA-9933387,5.749039066244322
R-HSA-9931509,abstraction:NextStepPathway,R-HSA-9931529,5.749039066244322
R-HSA-9931509,abstraction:NextStepPathway,R-HSA-2151201,0
R-HSA-9931509,abstraction:NextStepPathway,R-HSA-1989781,0
R-HSA-5696395,abstraction:NextStepPathway,R-HSA-5696400,6.559969282460651
R-HSA-9856532,abstraction:NextStepPathway,R-HSA-9856530,6.559969282460651
R-HSA-9856532,abstraction:NextStepPathway,R-HSA-2871809,0
R-HSA-9856532,abstraction:NextStepPathway,R-HSA-9664323,0
R-HSA-9856532,abstraction:NextStepPathway,R-HSA-445355,0
R-HSA-9856532,abstraction:NextStepPathway,R-HSA-5218921,0
R-HSA-9856532,abstraction:NextStepPathway,R-HSA-111997,0
R-HSA-9856532,abstraction:NextStepPathway,R-HSA-5607763,0
R-HSA-9856532,abstraction:NextStepPathway,R-HSA-983695,0
R-HSA-9856532,abstraction:NextStepPathway,R-HSA-2514859,0
R-HSA-9856532,abstraction:NextStepPathway,R-HSA-9860927,6.559969282460651
R-HSA-391908,abstraction:NextStepPathway,R-HSA-428930,0
R-HSA-391908,abstraction:NextStepPathway,R-HSA-418555,3.83538977940723
R-HSA-391908,abstraction:NextStepPathway,R-HSA-392851,0
R-HSA-391908,abstraction:NextStepPathway,R-HSA-416482,3.83538977940723
R-HSA-391908,abstraction:NextStepPathway,R-HSA-9660821,0
R-HSA-3299685,abstraction:NextStepPathway,R-HSA-1222556,0
R-HSA-3299685,abstraction:NextStepPathway,R-HSA-5628897,0
R-HSA-3299685,abstraction:NextStepPathway,R-HSA-70268,0
R-HSA-3299685,abstraction:NextStepPathway,R-HSA-9818027,5.238213442478331
R-HSA-3299685,abstraction:NextStepPathway,R-HSA-499943,0
R-HSA-83936,abstraction:NextStepPathway,R-HSA-163210,0
R-HSA-193048,abstraction:NextStepPathway,R-HSA-194002,6.336825731146441
R-HSA-193048,abstraction:NextStepPathway,R-HSA-3371497,0
R-HSA-193048,abstraction:NextStepPathway,R-HSA-193144,6.336825731146441
R-HSA-193048,abstraction:NextStepPathway,R-HSA-211976,2.1411286746640528
R-HSA-163359,abstraction:NextStepPathway,R-HSA-418594,0
R-HSA-163359,abstraction:NextStepPathway,R-HSA-9856530,0
R-HSA-163359,abstraction:NextStepPathway,R-HSA-164378,5.307206313965283
R-HSA-163359,abstraction:NextStepPathway,R-HSA-9634597,0
R-HSA-163359,abstraction:NextStepPathway,R-HSA-418597,0
R-HSA-163359,abstraction:NextStepPathway,R-HSA-416476,0
R-HSA-163359,abstraction:NextStepPathway,R-HSA-432040,0
R-HSA-163359,abstraction:NextStepPathway,R-HSA-418555,0
R-HSA-163359,abstraction:NextStepPathway,R-HSA-381676,5.307206313965283
R-HSA-163359,abstraction:NextStepPathway,R-HSA-9660821,0
R-HSA-6803204,abstraction:NextStepPathway,R-HSA-6804114,4.9505313700265505
R-HSA-6803204,abstraction:NextStepPathway,R-HSA-139915,0
R-HSA-6803204,abstraction:NextStepPathway,R-HSA-114294,0
R-HSA-6803204,abstraction:NextStepPathway,R-HSA-6804756,4.9505313700265505
R-HSA-6803204,abstraction:NextStepPathway,R-HSA-111448,0
R-HSA-6803204,abstraction:NextStepPathway,R-HSA-75108,0
R-HSA-5358606,abstraction:NextStepPathway,R-HSA-5358565,7.253116463020596
R-HSA-1834941,abstraction:NextStepPathway,R-HSA-3249367,5.643678550586496
R-HSA-1834941,abstraction:NextStepPathway,R-HSA-3270619,5.643678550586496
R-HSA-1169408,abstraction:NextStepPathway,R-HSA-9833482,6.847651354912432
R-HSA-1169408,abstraction:NextStepPathway,R-HSA-9705671,0
R-HSA-205017,abstraction:NextStepPathway,R-HSA-193648,5.307206313965283
R-HSA-205017,abstraction:NextStepPathway,R-HSA-209543,5.307206313965283
R-HSA-205017,abstraction:NextStepPathway,R-HSA-193681,5.307206313965283
R-HSA-205017,abstraction:NextStepPathway,R-HSA-205043,5.307206313965283
R-HSA-983170,abstraction:NextStepPathway,R-HSA-9705671,0
R-HSA-140875,abstraction:NextStepPathway,R-HSA-216083,0
R-HSA-140875,abstraction:NextStepPathway,R-HSA-75205,4.308677483854155
R-HSA-140875,abstraction:NextStepPathway,R-HSA-202733,4.308677483854155
R-HSA-140875,abstraction:NextStepPathway,R-HSA-9672391,0
R-HSA-140875,abstraction:NextStepPathway,R-HSA-140837,6.847651354912432
R-HSA-9013957,abstraction:NextStepPathway,R-HSA-9758274,5.17367492134076
R-HSA-9768727,abstraction:NextStepPathway,R-HSA-9764561,6.000353494525228
R-HSA-9768727,abstraction:NextStepPathway,R-HSA-9766229,6.000353494525228
R-HSA-9913351,abstraction:NextStepPathway,R-HSA-8932504,0
R-HSA-9913351,abstraction:NextStepPathway,R-HSA-8932506,0
R-HSA-9913351,abstraction:NextStepPathway,R-HSA-8932505,0
R-HSA-416476,abstraction:NextStepPathway,R-HSA-114508,4.545066261918386
R-HSA-416476,abstraction:NextStepPathway,R-HSA-418217,4.545066261918386
R-HSA-416476,abstraction:NextStepPathway,R-HSA-392451,4.545066261918386
R-HSA-416476,abstraction:NextStepPathway,R-HSA-76005,0
R-HSA-416476,abstraction:NextStepPathway,R-HSA-4086398,1.9228160506195084
R-HSA-416476,abstraction:NextStepPathway,R-HSA-426048,4.545066261918386
R-HSA-416476,abstraction:NextStepPathway,R-HSA-8964315,4.545066261918386
R-HSA-416476,abstraction:NextStepPathway,R-HSA-8964616,4.545066261918386
R-HSA-190374,abstraction:NextStepPathway,R-HSA-5654219,5.461356993792541
R-HSA-190374,abstraction:NextStepPathway,R-HSA-5654687,5.461356993792541
R-HSA-190374,abstraction:NextStepPathway,R-HSA-5654688,5.461356993792541
R-HSA-190374,abstraction:NextStepPathway,R-HSA-5654693,5.461356993792541
R-HSA-2161517,abstraction:NextStepPathway,R-HSA-2161541,7.253116463020596
R-HSA-73933,abstraction:NextStepPathway,R-HSA-73930,5.113050299524325
R-HSA-73933,abstraction:NextStepPathway,R-HSA-110373,5.113050299524325
R-HSA-77387,abstraction:NextStepPathway,R-HSA-74752,2.928983806765617
R-HSA-975155,abstraction:NextStepPathway,R-HSA-975138,5.113050299524325
R-HSA-975155,abstraction:NextStepPathway,R-HSA-975110,5.113050299524325
R-HSA-9646399,abstraction:NextStepPathway,R-HSA-9615710,5.643678550586496
R-HSA-9646399,abstraction:NextStepPathway,R-HSA-9613829,5.643678550586496
R-HSA-9024909,abstraction:NextStepPathway,R-HSA-9026527,5.643678550586496
R-HSA-9024909,abstraction:NextStepPathway,R-HSA-9032500,5.643678550586496
R-HSA-9024909,abstraction:NextStepPathway,R-HSA-9028731,5.643678550586496
R-HSA-9024909,abstraction:NextStepPathway,R-HSA-9026519,5.643678550586496
R-HSA-9024909,abstraction:NextStepPathway,R-HSA-9028335,5.643678550586496
R-HSA-9024909,abstraction:NextStepPathway,R-HSA-9032845,5.643678550586496
R-HSA-212676,abstraction:NextStepPathway,R-HSA-181430,5.749039066244322
R-HSA-212676,abstraction:NextStepPathway,R-HSA-209905,0
R-HSA-212676,abstraction:NextStepPathway,R-HSA-181429,5.749039066244322
R-HSA-9768919,abstraction:NextStepPathway,R-HSA-9768778,6.559969282460651
R-HSA-69273,abstraction:NextStepPathway,R-HSA-176417,3.468926829102335
R-HSA-69273,abstraction:NextStepPathway,R-HSA-4419969,3.468926829102335
R-HSA-69273,abstraction:NextStepPathway,R-HSA-2465910,3.468926829102335
R-HSA-69273,abstraction:NextStepPathway,R-HSA-162658,3.468926829102335
R-HSA-69273,abstraction:NextStepPathway,R-HSA-75035,3.134079288208124
R-HSA-69273,abstraction:NextStepPathway,R-HSA-69478,3.134079288208124
R-HSA-69273,abstraction:NextStepPathway,R-HSA-3301854,3.468926829102335
R-HSA-69273,abstraction:NextStepPathway,R-HSA-2299718,3.468926829102335
R-HSA-69273,abstraction:NextStepPathway,R-HSA-176408,3.468926829102335
R-HSA-69273,abstraction:NextStepPathway,R-HSA-174048,3.468926829102335
R-HSA-69273,abstraction:NextStepPathway,R-HSA-8878166,0
R-HSA-69273,abstraction:NextStepPathway,R-HSA-68875,3.468926829102335
R-HSA-69273,abstraction:NextStepPathway,R-HSA-156711,5.548368370782171
R-HSA-69273,abstraction:NextStepPathway,R-HSA-176412,3.468926829102335
R-HSA-69273,abstraction:NextStepPathway,R-HSA-2565942,5.548368370782171
R-HSA-69273,abstraction:NextStepPathway,R-HSA-8852276,5.548368370782171
R-HSA-69273,abstraction:NextStepPathway,R-HSA-2980767,3.468926829102335
R-HSA-9694301,abstraction:NextStepPathway,R-HSA-9694676,6.000353494525228
R-HSA-9694301,abstraction:NextStepPathway,R-HSA-9754678,4.768209813232596
R-HSA-9694301,abstraction:NextStepPathway,R-HSA-9705671,4.768209813232596
R-HSA-9694301,abstraction:NextStepPathway,R-HSA-9694686,6.000353494525228
R-HSA-9694301,abstraction:NextStepPathway,R-HSA-9694271,7.253116463020596
R-HSA-5654704,abstraction:NextStepPathway,R-HSA-5673001,1.9228160506195084
R-HSA-446203,abstraction:NextStepPathway,R-HSA-532668,3.57681579111352
R-HSA-189483,abstraction:NextStepPathway,R-HSA-156588,2.1411286746640528
R-HSA-189483,abstraction:NextStepPathway,R-HSA-9707564,0
R-HSA-9753281,abstraction:NextStepPathway,R-HSA-174403,0
R-HSA-9753281,abstraction:NextStepPathway,R-HSA-2162123,0
R-HSA-909733,abstraction:NextStepPathway,R-HSA-9909505,5.643678550586496
R-HSA-909733,abstraction:NextStepPathway,R-HSA-8956319,0
R-HSA-909733,abstraction:NextStepPathway,R-HSA-9833482,5.643678550586496
R-HSA-909733,abstraction:NextStepPathway,R-HSA-9705671,0
R-HSA-909733,abstraction:NextStepPathway,R-HSA-912694,5.643678550586496
R-HSA-909733,abstraction:NextStepPathway,R-HSA-9833109,0
R-HSA-201722,abstraction:NextStepPathway,R-HSA-3769402,5.643678550586496
R-HSA-201722,abstraction:NextStepPathway,R-HSA-9824272,0
R-HSA-201722,abstraction:NextStepPathway,R-HSA-9796292,0
R-HSA-201722,abstraction:NextStepPathway,R-HSA-9909649,0
R-HSA-201722,abstraction:NextStepPathway,R-HSA-4086398,4.901741205857118
R-HSA-201722,abstraction:NextStepPathway,R-HSA-9793380,0
R-HSA-112409,abstraction:NextStepPathway,R-HSA-5673001,5.643678550586496
R-HSA-112409,abstraction:NextStepPathway,R-HSA-5654726,1.9228160506195084
R-HSA-112409,abstraction:NextStepPathway,R-HSA-5675221,5.643678550586496
R-HSA-112409,abstraction:NextStepPathway,R-HSA-2559582,0
R-HSA-112409,abstraction:NextStepPathway,R-HSA-2871796,0
R-HSA-112409,abstraction:NextStepPathway,R-HSA-2559585,0
R-HSA-112409,abstraction:NextStepPathway,R-HSA-9634638,1.9228160506195084
R-HSA-112409,abstraction:NextStepPathway,R-HSA-2559580,0
R-HSA-112409,abstraction:NextStepPathway,R-HSA-8940973,0
R-HSA-112409,abstraction:NextStepPathway,R-HSA-5654732,1.9228160506195084
R-HSA-112409,abstraction:NextStepPathway,R-HSA-881907,1.9228160506195084
R-HSA-112409,abstraction:NextStepPathway,R-HSA-450341,0
R-HSA-112409,abstraction:NextStepPathway,R-HSA-170968,1.9228160506195084
R-HSA-112409,abstraction:NextStepPathway,R-HSA-444257,0
R-HSA-112409,abstraction:NextStepPathway,R-HSA-375165,0
R-HSA-112409,abstraction:NextStepPathway,R-HSA-5654727,1.9228160506195084
R-HSA-112409,abstraction:NextStepPathway,R-HSA-198753,1.9228160506195084
R-HSA-112409,abstraction:NextStepPathway,R-HSA-5654733,1.9228160506195084
R-HSA-110328,abstraction:NextStepPathway,R-HSA-110329,7.253116463020596
R-HSA-69183,abstraction:NextStepPathway,R-HSA-69166,6.847651354912432
R-HSA-9948011,abstraction:NextStepPathway,R-HSA-9960525,6.559969282460651
R-HSA-9948011,abstraction:NextStepPathway,R-HSA-5620971,0
R-HSA-111447,abstraction:NextStepPathway,R-HSA-111453,5.001824664414101
R-HSA-73980,abstraction:NextStepPathway,R-HSA-6784531,0
R-HSA-73980,abstraction:NextStepPathway,R-HSA-6782315,0
R-HSA-1296041,abstraction:NextStepPathway,R-HSA-997272,3.6024582217268573
R-HSA-69620,abstraction:NextStepPathway,R-HSA-2555396,3.134079288208124
R-HSA-211999,abstraction:NextStepPathway,R-HSA-156590,4.480527740780815
R-HSA-997272,abstraction:NextStepPathway,R-HSA-1296041,3.6024582217268573
R-HSA-9760173,abstraction:NextStepPathway,R-HSA-9927020,5.643678550586496
R-HSA-382556,abstraction:NextStepPathway,R-HSA-2453902,0
R-HSA-204005,abstraction:NextStepPathway,R-HSA-5694530,6.847651354912432
R-HSA-8875555,abstraction:NextStepPathway,R-HSA-8875656,5.461356993792541
R-HSA-9818025,abstraction:NextStepPathway,R-HSA-9861718,0
R-HSA-9768777,abstraction:NextStepPathway,R-HSA-9768778,7.253116463020596
R-HSA-381070,abstraction:NextStepPathway,R-HSA-381038,5.866822101900706
R-HSA-165158,abstraction:NextStepPathway,R-HSA-165181,1.9228160506195084
R-HSA-165158,abstraction:NextStepPathway,R-HSA-1445148,0
R-HSA-165158,abstraction:NextStepPathway,R-HSA-165160,6.847651354912432
R-HSA-165158,abstraction:NextStepPathway,R-HSA-9824585,0
R-HSA-2428928,abstraction:NextStepPathway,R-HSA-112399,5.866822101900706
R-HSA-73776,abstraction:NextStepPathway,R-HSA-674695,3.3923867519800006
R-HSA-73776,abstraction:NextStepPathway,R-HSA-77075,3.3923867519800006
R-HSA-5218921,abstraction:NextStepPathway,R-HSA-114508,1.9228160506195084
R-HSA-5218921,abstraction:NextStepPathway,R-HSA-9856530,0
R-HSA-5218921,abstraction:NextStepPathway,R-HSA-442982,0
R-HSA-5218921,abstraction:NextStepPathway,R-HSA-4419969,0
R-HSA-5218921,abstraction:NextStepPathway,R-HSA-2871809,0
R-HSA-5218921,abstraction:NextStepPathway,R-HSA-1169091,0
R-HSA-5218921,abstraction:NextStepPathway,R-HSA-111933,1.9228160506195084
R-HSA-5218921,abstraction:NextStepPathway,R-HSA-9620244,0
R-HSA-5218921,abstraction:NextStepPathway,R-HSA-111957,1.9228160506195084
R-HSA-5218921,abstraction:NextStepPathway,R-HSA-112043,1.9228160506195084
R-HSA-5218921,abstraction:NextStepPathway,R-HSA-9664323,0
R-HSA-5218921,abstraction:NextStepPathway,R-HSA-1855204,0
R-HSA-5218921,abstraction:NextStepPathway,R-HSA-442720,0
R-HSA-5218921,abstraction:NextStepPathway,R-HSA-2029485,0
R-HSA-5218921,abstraction:NextStepPathway,R-HSA-9833482,0
R-HSA-5218921,abstraction:NextStepPathway,R-HSA-442729,0
R-HSA-5218921,abstraction:NextStepPathway,R-HSA-1855196,0
R-HSA-5218921,abstraction:NextStepPathway,R-HSA-111932,1.9228160506195084
R-HSA-5218921,abstraction:NextStepPathway,R-HSA-445355,0
R-HSA-5218921,abstraction:NextStepPathway,R-HSA-203615,0
R-HSA-5218921,abstraction:NextStepPathway,R-HSA-180024,1.9228160506195084
R-HSA-5218921,abstraction:NextStepPathway,R-HSA-111997,1.9228160506195084
R-HSA-5218921,abstraction:NextStepPathway,R-HSA-422356,0
R-HSA-5218921,abstraction:NextStepPathway,R-HSA-5607763,0
R-HSA-5218921,abstraction:NextStepPathway,R-HSA-1489509,1.9228160506195084
R-HSA-5218921,abstraction:NextStepPathway,R-HSA-4086398,1.9228160506195084
R-HSA-5218921,abstraction:NextStepPathway,R-HSA-5627123,1.9228160506195084
R-HSA-5218921,abstraction:NextStepPathway,R-HSA-2025928,0
R-HSA-5218921,abstraction:NextStepPathway,R-HSA-5218920,7.253116463020596
R-HSA-5218921,abstraction:NextStepPathway,R-HSA-5578775,0
R-HSA-5218921,abstraction:NextStepPathway,R-HSA-983695,0
R-HSA-5218921,abstraction:NextStepPathway,R-HSA-2514859,0
R-HSA-5218921,abstraction:NextStepPathway,R-HSA-1855183,0
R-HSA-2129379,abstraction:NextStepPathway,R-HSA-2173789,0
R-HSA-211979,abstraction:NextStepPathway,R-HSA-2142691,2.1411286746640528
R-HSA-211979,abstraction:NextStepPathway,R-HSA-2162123,2.1411286746640528
R-HSA-73779,abstraction:NextStepPathway,R-HSA-76042,3.3923867519800006
R-HSA-2179392,abstraction:NextStepPathway,R-HSA-5673001,1.9228160506195084
R-HSA-2179392,abstraction:NextStepPathway,R-HSA-399997,0
R-HSA-2892247,abstraction:NextStepPathway,R-HSA-190372,0
R-HSA-2892247,abstraction:NextStepPathway,R-HSA-2682334,3.227764772285447
R-HSA-2892247,abstraction:NextStepPathway,R-HSA-190373,0
R-HSA-2892247,abstraction:NextStepPathway,R-HSA-190370,0
R-HSA-2892247,abstraction:NextStepPathway,R-HSA-9833482,0
R-HSA-2892247,abstraction:NextStepPathway,R-HSA-1181150,3.227764772285447
R-HSA-2892247,abstraction:NextStepPathway,R-HSA-190322,0
R-HSA-77075,abstraction:NextStepPathway,R-HSA-72086,0
R-HSA-8853659,abstraction:NextStepPathway,R-HSA-5673001,0
R-HSA-69166,abstraction:NextStepPathway,R-HSA-69183,6.847651354912432
R-HSA-4085001,abstraction:NextStepPathway,R-HSA-9840309,0
R-HSA-4085001,abstraction:NextStepPathway,R-HSA-428643,0
R-HSA-4085001,abstraction:NextStepPathway,R-HSA-9840310,0
R-HSA-4085001,abstraction:NextStepPathway,R-HSA-727802,0
R-HSA-4085001,abstraction:NextStepPathway,R-HSA-446210,6.000353494525228
R-HSA-5696400,abstraction:NextStepPathway,R-HSA-5696397,6.559969282460651
R-HSA-727802,abstraction:NextStepPathway,R-HSA-9840309,0
R-HSA-727802,abstraction:NextStepPathway,R-HSA-9939291,0
R-HSA-727802,abstraction:NextStepPathway,R-HSA-156588,0
R-HSA-727802,abstraction:NextStepPathway,R-HSA-1971475,0
R-HSA-727802,abstraction:NextStepPathway,R-HSA-913709,0
R-HSA-727802,abstraction:NextStepPathway,R-HSA-2022923,0
R-HSA-727802,abstraction:NextStepPathway,R-HSA-2022928,0
R-HSA-727802,abstraction:NextStepPathway,R-HSA-163841,0
R-HSA-727802,abstraction:NextStepPathway,R-HSA-2022870,0
R-HSA-727802,abstraction:NextStepPathway,R-HSA-5653890,0
R-HSA-727802,abstraction:NextStepPathway,R-HSA-189483,0
R-HSA-727802,abstraction:NextStepPathway,R-HSA-4085001,0
R-HSA-727802,abstraction:NextStepPathway,R-HSA-156584,0
R-HSA-727802,abstraction:NextStepPathway,R-HSA-173599,0
R-HSA-727802,abstraction:NextStepPathway,R-HSA-9749641,0
R-HSA-727802,abstraction:NextStepPathway,R-HSA-2022854,0
R-HSA-432720,abstraction:NextStepPathway,R-HSA-199992,4.545066261918386
R-HSA-110357,abstraction:NextStepPathway,R-HSA-73933,5.113050299524325
R-HSA-432040,abstraction:NextStepPathway,R-HSA-111931,0
R-HSA-432040,abstraction:NextStepPathway,R-HSA-418594,0
R-HSA-432040,abstraction:NextStepPathway,R-HSA-9856530,0
R-HSA-432040,abstraction:NextStepPathway,R-HSA-164378,0
R-HSA-432040,abstraction:NextStepPathway,R-HSA-9634597,0
R-HSA-432040,abstraction:NextStepPathway,R-HSA-111957,0
R-HSA-432040,abstraction:NextStepPathway,R-HSA-9664323,0
R-HSA-432040,abstraction:NextStepPathway,R-HSA-163560,0
R-HSA-432040,abstraction:NextStepPathway,R-HSA-418597,0
R-HSA-432040,abstraction:NextStepPathway,R-HSA-442720,0
R-HSA-432040,abstraction:NextStepPathway,R-HSA-163359,0
R-HSA-432040,abstraction:NextStepPathway,R-HSA-180024,0
R-HSA-432040,abstraction:NextStepPathway,R-HSA-418555,0
R-HSA-432040,abstraction:NextStepPathway,R-HSA-163358,0
R-HSA-432040,abstraction:NextStepPathway,R-HSA-381676,0
R-HSA-432040,abstraction:NextStepPathway,R-HSA-9634600,0
R-HSA-432040,abstraction:NextStepPathway,R-HSA-163615,0
R-HSA-432040,abstraction:NextStepPathway,R-HSA-392517,0
R-HSA-432040,abstraction:NextStepPathway,R-HSA-9660821,0
R-HSA-1483152,abstraction:NextStepPathway,R-HSA-1483213,5.055891885684376
R-HSA-1483152,abstraction:NextStepPathway,R-HSA-1483166,5.055891885684376
R-HSA-196025,abstraction:NextStepPathway,R-HSA-190873,6.000353494525228
R-HSA-69278,abstraction:NextStepPathway,R-HSA-453274,3.134079288208124
R-HSA-9909620,abstraction:NextStepPathway,R-HSA-9929356,6.000353494525228
R-HSA-9909620,abstraction:NextStepPathway,R-HSA-9931269,6.000353494525228
R-HSA-9909620,abstraction:NextStepPathway,R-HSA-9929491,6.000353494525228
R-HSA-9909620,abstraction:NextStepPathway,R-HSA-9931295,6.000353494525228
R-HSA-937041,abstraction:NextStepPathway,R-HSA-9013957,4.139601153810221
R-HSA-937041,abstraction:NextStepPathway,R-HSA-2562578,5.17367492134076
R-HSA-937041,abstraction:NextStepPathway,R-HSA-168927,4.139601153810221
R-HSA-203615,abstraction:NextStepPathway,R-HSA-1474151,2.1411286746640528
R-HSA-203615,abstraction:NextStepPathway,R-HSA-203641,6.847651354912432
R-HSA-203615,abstraction:NextStepPathway,R-HSA-9009391,0
R-HSA-203615,abstraction:NextStepPathway,R-HSA-5218920,0
R-HSA-195399,abstraction:NextStepPathway,R-HSA-4420097,6.154504174352486
R-HSA-1855184,abstraction:NextStepPathway,R-HSA-1855156,5.461356993792541
R-HSA-1855184,abstraction:NextStepPathway,R-HSA-1855231,5.461356993792541
R-HSA-1855184,abstraction:NextStepPathway,R-HSA-1855215,5.461356993792541
R-HSA-1170546,abstraction:NextStepPathway,R-HSA-1251985,0
R-HSA-1170546,abstraction:NextStepPathway,R-HSA-982772,3.741571024189575
R-HSA-75109,abstraction:NextStepPathway,R-HSA-1483166,3.1422425988472846
R-HSA-1266695,abstraction:NextStepPathway,R-HSA-2586552,0
R-HSA-1266695,abstraction:NextStepPathway,R-HSA-9020558,4.208594025297173
R-HSA-1266695,abstraction:NextStepPathway,R-HSA-3247509,0
R-HSA-1266695,abstraction:NextStepPathway,R-HSA-8985947,4.208594025297173
R-HSA-1266695,abstraction:NextStepPathway,R-HSA-512988,4.208594025297173
R-HSA-1266695,abstraction:NextStepPathway,R-HSA-9703465,0
R-HSA-1266695,abstraction:NextStepPathway,R-HSA-6785807,4.208594025297173
R-HSA-1266695,abstraction:NextStepPathway,R-HSA-9020958,4.208594025297173
R-HSA-1266695,abstraction:NextStepPathway,R-HSA-8983432,4.208594025297173
R-HSA-1266695,abstraction:NextStepPathway,R-HSA-9702518,0
R-HSA-1266695,abstraction:NextStepPathway,R-HSA-982772,3.741571024189575
R-HSA-180024,abstraction:NextStepPathway,R-HSA-111931,5.307206313965283
R-HSA-180024,abstraction:NextStepPathway,R-HSA-9856530,0
R-HSA-180024,abstraction:NextStepPathway,R-HSA-164378,0
R-HSA-180024,abstraction:NextStepPathway,R-HSA-9634597,4.545066261918386
R-HSA-180024,abstraction:NextStepPathway,R-HSA-9664323,0
R-HSA-180024,abstraction:NextStepPathway,R-HSA-163560,0
R-HSA-180024,abstraction:NextStepPathway,R-HSA-442720,0
R-HSA-180024,abstraction:NextStepPathway,R-HSA-432040,0
R-HSA-180024,abstraction:NextStepPathway,R-HSA-163358,0
R-HSA-180024,abstraction:NextStepPathway,R-HSA-9634600,0
R-HSA-180024,abstraction:NextStepPathway,R-HSA-163615,5.307206313965283
R-HSA-180024,abstraction:NextStepPathway,R-HSA-9660821,0
R-HSA-111452,abstraction:NextStepPathway,R-HSA-111457,5.001824664414101
R-HSA-111452,abstraction:NextStepPathway,R-HSA-5620971,4.232691576876234
R-HSA-111997,abstraction:NextStepPathway,R-HSA-9856530,0
R-HSA-111997,abstraction:NextStepPathway,R-HSA-442982,0
R-HSA-111997,abstraction:NextStepPathway,R-HSA-2871809,0
R-HSA-111997,abstraction:NextStepPathway,R-HSA-111933,6.154504174352486
R-HSA-111997,abstraction:NextStepPathway,R-HSA-9620244,0
R-HSA-111997,abstraction:NextStepPathway,R-HSA-111957,6.154504174352486
R-HSA-111997,abstraction:NextStepPathway,R-HSA-442720,0
R-HSA-111997,abstraction:NextStepPathway,R-HSA-442729,0
R-HSA-111997,abstraction:NextStepPathway,R-HSA-111932,6.154504174352486
R-HSA-111997,abstraction:NextStepPathway,R-HSA-445355,0
R-HSA-111997,abstraction:NextStepPathway,R-HSA-203615,0
R-HSA-111997,abstraction:NextStepPathway,R-HSA-180024,5.307206313965283
R-HSA-111997,abstraction:NextStepPathway,R-HSA-5607763,0
R-HSA-111997,abstraction:NextStepPathway,R-HSA-4086398,1.9228160506195084
R-HSA-111997,abstraction:NextStepPathway,R-HSA-5627123,1.9228160506195084
R-HSA-111997,abstraction:NextStepPathway,R-HSA-2025928,0
R-HSA-111997,abstraction:NextStepPathway,R-HSA-5218920,1.9228160506195084
R-HSA-2454202,abstraction:NextStepPathway,R-HSA-2730905,3.210065195186046
R-HSA-349425,abstraction:NextStepPathway,R-HSA-69473,5.001824664414101
R-HSA-349425,abstraction:NextStepPathway,R-HSA-69541,6.559969282460651
R-HSA-349425,abstraction:NextStepPathway,R-HSA-6804756,0
R-HSA-500753,abstraction:NextStepPathway,R-HSA-379716,0
R-HSA-500753,abstraction:NextStepPathway,R-HSA-71737,2.1411286746640528
R-HSA-500753,abstraction:NextStepPathway,R-HSA-499943,5.461356993792541
R-HSA-180292,abstraction:NextStepPathway,R-HSA-6811558,1.9228160506195084
R-HSA-180292,abstraction:NextStepPathway,R-HSA-1257604,1.9228160506195084
R-HSA-180292,abstraction:NextStepPathway,R-HSA-5654695,2.928983806765617
R-HSA-180292,abstraction:NextStepPathway,R-HSA-5654720,2.928983806765617
R-HSA-180292,abstraction:NextStepPathway,R-HSA-5654710,2.928983806765617
R-HSA-180292,abstraction:NextStepPathway,R-HSA-5654689,2.928983806765617
R-HSA-8939211,abstraction:NextStepPathway,R-HSA-1251985,1.9228160506195084
R-HSA-8939211,abstraction:NextStepPathway,R-HSA-9018519,5.307206313965283
R-HSA-8939211,abstraction:NextStepPathway,R-HSA-8931987,0
R-HSA-1181150,abstraction:NextStepPathway,R-HSA-2173795,0
R-HSA-1181150,abstraction:NextStepPathway,R-HSA-9754189,3.227764772285447
R-HSA-1181150,abstraction:NextStepPathway,R-HSA-2173796,0
R-HSA-1181150,abstraction:NextStepPathway,R-HSA-9796292,3.227764772285447
R-HSA-1181150,abstraction:NextStepPathway,R-HSA-2173789,0
R-HSA-1181150,abstraction:NextStepPathway,R-HSA-8941855,0
R-HSA-1181150,abstraction:NextStepPathway,R-HSA-1433617,3.227764772285447
R-HSA-1181150,abstraction:NextStepPathway,R-HSA-9823730,3.227764772285447
R-HSA-1181150,abstraction:NextStepPathway,R-HSA-1502540,0
R-HSA-1181150,abstraction:NextStepPathway,R-HSA-9617828,0
R-HSA-5357905,abstraction:NextStepPathway,R-HSA-3371378,0
R-HSA-8878166,abstraction:NextStepPathway,R-HSA-8941326,3.5274230357839436
R-HSA-8878166,abstraction:NextStepPathway,R-HSA-8941332,3.5274230357839436
R-HSA-8878166,abstraction:NextStepPathway,R-HSA-8940973,3.5274230357839436
R-HSA-8878166,abstraction:NextStepPathway,R-HSA-8941284,3.5274230357839436
R-HSA-8878166,abstraction:NextStepPathway,R-HSA-8941333,3.5274230357839436
R-HSA-8878166,abstraction:NextStepPathway,R-HSA-8939902,3.5274230357839436
R-HSA-167243,abstraction:NextStepPathway,R-HSA-167246,5.381314286119005
R-HSA-5673000,abstraction:NextStepPathway,R-HSA-9726842,0
R-HSA-5673000,abstraction:NextStepPathway,R-HSA-9726840,0
R-HSA-5673000,abstraction:NextStepPathway,R-HSA-5674135,6.154504174352486
R-HSA-167044,abstraction:NextStepPathway,R-HSA-171007,6.154504174352486
R-HSA-419771,abstraction:NextStepPathway,R-HSA-418594,3.83538977940723
R-HSA-419771,abstraction:NextStepPathway,R-HSA-416476,3.83538977940723
R-HSA-9023661,abstraction:NextStepPathway,R-HSA-373076,0
R-HSA-9909649,abstraction:NextStepPathway,R-HSA-9909620,6.000353494525228
R-HSA-2142691,abstraction:NextStepPathway,R-HSA-2142688,5.866822101900706
R-HSA-2142691,abstraction:NextStepPathway,R-HSA-2142700,3.1422425988472846
R-HSA-2142691,abstraction:NextStepPathway,R-HSA-211979,2.1411286746640528
R-HSA-2142691,abstraction:NextStepPathway,R-HSA-9664535,0
R-HSA-964827,abstraction:NextStepPathway,R-HSA-964739,5.643678550586496
R-HSA-418555,abstraction:NextStepPathway,R-HSA-418217,4.545066261918386
R-HSA-418555,abstraction:NextStepPathway,R-HSA-418594,4.545066261918386
R-HSA-418555,abstraction:NextStepPathway,R-HSA-9856530,0
R-HSA-418555,abstraction:NextStepPathway,R-HSA-164378,0
R-HSA-418555,abstraction:NextStepPathway,R-HSA-9634597,4.545066261918386
R-HSA-418555,abstraction:NextStepPathway,R-HSA-392451,4.545066261918386
R-HSA-418555,abstraction:NextStepPathway,R-HSA-9664323,0
R-HSA-418555,abstraction:NextStepPathway,R-HSA-418597,4.545066261918386
R-HSA-418555,abstraction:NextStepPathway,R-HSA-442720,0
R-HSA-418555,abstraction:NextStepPathway,R-HSA-163359,0
R-HSA-418555,abstraction:NextStepPathway,R-HSA-432040,0
R-HSA-418555,abstraction:NextStepPathway,R-HSA-180024,4.545066261918386
R-HSA-418555,abstraction:NextStepPathway,R-HSA-4086398,1.9228160506195084
R-HSA-418555,abstraction:NextStepPathway,R-HSA-8964315,4.545066261918386
R-HSA-418555,abstraction:NextStepPathway,R-HSA-8964616,4.545066261918386
R-HSA-418555,abstraction:NextStepPathway,R-HSA-163615,4.545066261918386
R-HSA-418555,abstraction:NextStepPathway,R-HSA-9660821,0
R-HSA-9033807,abstraction:NextStepPathway,R-HSA-9037629,6.847651354912432
R-HSA-209968,abstraction:NextStepPathway,R-HSA-350864,6.559969282460651
R-HSA-209968,abstraction:NextStepPathway,R-HSA-8941413,0
R-HSA-422356,abstraction:NextStepPathway,R-HSA-9856530,0
R-HSA-422356,abstraction:NextStepPathway,R-HSA-2871809,0
R-HSA-422356,abstraction:NextStepPathway,R-HSA-1169091,0
R-HSA-422356,abstraction:NextStepPathway,R-HSA-112043,0
R-HSA-422356,abstraction:NextStepPathway,R-HSA-9664323,0
R-HSA-422356,abstraction:NextStepPathway,R-HSA-2029485,0
R-HSA-422356,abstraction:NextStepPathway,R-HSA-445355,0
R-HSA-422356,abstraction:NextStepPathway,R-HSA-5218921,0
R-HSA-422356,abstraction:NextStepPathway,R-HSA-111997,0
R-HSA-422356,abstraction:NextStepPathway,R-HSA-5607763,0
R-HSA-422356,abstraction:NextStepPathway,R-HSA-1489509,0
R-HSA-422356,abstraction:NextStepPathway,R-HSA-4086398,0
R-HSA-422356,abstraction:NextStepPathway,R-HSA-5578775,0
R-HSA-422356,abstraction:NextStepPathway,R-HSA-983695,0
R-HSA-422356,abstraction:NextStepPathway,R-HSA-2514859,0
R-HSA-71384,abstraction:NextStepPathway,R-HSA-379716,0
R-HSA-71384,abstraction:NextStepPathway,R-HSA-71737,2.1411286746640528
R-HSA-9703648,abstraction:NextStepPathway,R-HSA-9702518,4.9505313700265505
R-HSA-210990,abstraction:NextStepPathway,R-HSA-432142,4.308677483854155
R-HSA-1222538,abstraction:NextStepPathway,R-HSA-1222541,6.559969282460651
R-HSA-8941855,abstraction:NextStepPathway,R-HSA-8952158,5.749039066244322
R-HSA-9694786,abstraction:NextStepPathway,R-HSA-9727281,4.768209813232596
R-HSA-9694786,abstraction:NextStepPathway,R-HSA-9694635,4.768209813232596
R-HSA-9694786,abstraction:NextStepPathway,R-HSA-9694686,7.253116463020596
R-HSA-5654688,abstraction:NextStepPathway,R-HSA-5673001,1.9228160506195084
R-HSA-5365859,abstraction:NextStepPathway,R-HSA-211916,0
R-HSA-5365859,abstraction:NextStepPathway,R-HSA-5362517,5.307206313965283
R-HSA-8951671,abstraction:NextStepPathway,R-HSA-2032785,3.5274230357839436
R-HSA-1236978,abstraction:NextStepPathway,R-HSA-983170,5.866822101900706
R-HSA-1236978,abstraction:NextStepPathway,R-HSA-983168,5.866822101900706
R-HSA-1236978,abstraction:NextStepPathway,R-HSA-1236977,6.559969282460651
R-HSA-399719,abstraction:NextStepPathway,R-HSA-399710,6.847651354912432
R-HSA-5607763,abstraction:NextStepPathway,R-HSA-9856530,0
R-HSA-5607763,abstraction:NextStepPathway,R-HSA-442982,0
R-HSA-5607763,abstraction:NextStepPathway,R-HSA-2871809,3.210065195186046
R-HSA-5607763,abstraction:NextStepPathway,R-HSA-1169091,2.5802876285586898
R-HSA-5607763,abstraction:NextStepPathway,R-HSA-111933,0
R-HSA-5607763,abstraction:NextStepPathway,R-HSA-9620244,0
R-HSA-5607763,abstraction:NextStepPathway,R-HSA-111957,0
R-HSA-5607763,abstraction:NextStepPathway,R-HSA-112043,0
R-HSA-5607763,abstraction:NextStepPathway,R-HSA-9664323,0
R-HSA-5607763,abstraction:NextStepPathway,R-HSA-442720,0
R-HSA-5607763,abstraction:NextStepPathway,R-HSA-2029485,3.210065195186046
R-HSA-5607763,abstraction:NextStepPathway,R-HSA-442729,0
R-HSA-5607763,abstraction:NextStepPathway,R-HSA-111932,0
R-HSA-5607763,abstraction:NextStepPathway,R-HSA-445355,0
R-HSA-5607763,abstraction:NextStepPathway,R-HSA-5218921,0
R-HSA-5607763,abstraction:NextStepPathway,R-HSA-203615,0
R-HSA-5607763,abstraction:NextStepPathway,R-HSA-180024,0
R-HSA-5607763,abstraction:NextStepPathway,R-HSA-111997,0
R-HSA-5607763,abstraction:NextStepPathway,R-HSA-422356,0
R-HSA-5607763,abstraction:NextStepPathway,R-HSA-9942503,0
R-HSA-5607763,abstraction:NextStepPathway,R-HSA-1489509,0
R-HSA-5607763,abstraction:NextStepPathway,R-HSA-4086398,0
R-HSA-5607763,abstraction:NextStepPathway,R-HSA-5627123,0
R-HSA-5607763,abstraction:NextStepPathway,R-HSA-2025928,2.5802876285586898
R-HSA-5607763,abstraction:NextStepPathway,R-HSA-5218920,0
R-HSA-5607763,abstraction:NextStepPathway,R-HSA-5578775,0
R-HSA-5607763,abstraction:NextStepPathway,R-HSA-983695,2.5802876285586898
R-HSA-5607763,abstraction:NextStepPathway,R-HSA-2514859,0
R-HSA-110056,abstraction:NextStepPathway,R-HSA-5673001,5.643678550586496
R-HSA-110056,abstraction:NextStepPathway,R-HSA-445144,0
R-HSA-110056,abstraction:NextStepPathway,R-HSA-170968,1.9228160506195084
R-HSA-110056,abstraction:NextStepPathway,R-HSA-112409,5.643678550586496
R-HSA-375280,abstraction:NextStepPathway,R-HSA-418555,3.83538977940723
R-HSA-375280,abstraction:NextStepPathway,R-HSA-9660821,0
R-HSA-9942503,abstraction:NextStepPathway,R-HSA-9020591,0
R-HSA-68875,abstraction:NextStepPathway,R-HSA-380320,4.810769427651391
R-HSA-6807047,abstraction:NextStepPathway,R-HSA-191273,5.055891885684376
R-HSA-9692913,abstraction:NextStepPathway,R-HSA-9686347,1.3090056122960843
R-HSA-190840,abstraction:NextStepPathway,R-HSA-190861,6.000353494525228
R-HSA-918233,abstraction:NextStepPathway,R-HSA-936440,6.336825731146441
R-HSA-918233,abstraction:NextStepPathway,R-HSA-5689896,0
R-HSA-918233,abstraction:NextStepPathway,R-HSA-9013973,3.210065195186046
R-HSA-918233,abstraction:NextStepPathway,R-HSA-936964,3.210065195186046
R-HSA-918233,abstraction:NextStepPathway,R-HSA-9705671,0
R-HSA-918233,abstraction:NextStepPathway,R-HSA-933541,6.336825731146441
R-HSA-918233,abstraction:NextStepPathway,R-HSA-9833109,0
R-HSA-110312,abstraction:NextStepPathway,R-HSA-110313,6.000353494525228
R-HSA-110312,abstraction:NextStepPathway,R-HSA-5656169,6.336825731146441
R-HSA-75876,abstraction:NextStepPathway,R-HSA-75105,4.545066261918386
R-HSA-1489509,abstraction:NextStepPathway,R-HSA-114508,1.9228160506195084
R-HSA-1489509,abstraction:NextStepPathway,R-HSA-9856530,0
R-HSA-1489509,abstraction:NextStepPathway,R-HSA-2871809,0
R-HSA-1489509,abstraction:NextStepPathway,R-HSA-1169091,0
R-HSA-1489509,abstraction:NextStepPathway,R-HSA-112043,1.9228160506195084
R-HSA-1489509,abstraction:NextStepPathway,R-HSA-9664323,0
R-HSA-1489509,abstraction:NextStepPathway,R-HSA-1855204,0
R-HSA-1489509,abstraction:NextStepPathway,R-HSA-2029485,0
R-HSA-1489509,abstraction:NextStepPathway,R-HSA-1855196,0
R-HSA-1489509,abstraction:NextStepPathway,R-HSA-445355,0
R-HSA-1489509,abstraction:NextStepPathway,R-HSA-5218921,1.9228160506195084
R-HSA-1489509,abstraction:NextStepPathway,R-HSA-111997,5.055891885684376
R-HSA-1489509,abstraction:NextStepPathway,R-HSA-422356,0
R-HSA-1489509,abstraction:NextStepPathway,R-HSA-5607763,0
R-HSA-1489509,abstraction:NextStepPathway,R-HSA-4086398,1.9228160506195084
R-HSA-1489509,abstraction:NextStepPathway,R-HSA-5578775,0
R-HSA-1489509,abstraction:NextStepPathway,R-HSA-983695,0
R-HSA-1489509,abstraction:NextStepPathway,R-HSA-2514859,0
R-HSA-1489509,abstraction:NextStepPathway,R-HSA-1855183,0
R-HSA-69002,abstraction:NextStepPathway,R-HSA-69206,0
R-HSA-69002,abstraction:NextStepPathway,R-HSA-69239,5.055891885684376
R-HSA-73843,abstraction:NextStepPathway,R-HSA-73817,2.1411286746640528
R-HSA-73843,abstraction:NextStepPathway,R-HSA-500753,2.1411286746640528
R-HSA-9705671,abstraction:NextStepPathway,R-HSA-5684264,0
R-HSA-9705671,abstraction:NextStepPathway,R-HSA-9758274,0
R-HSA-9705671,abstraction:NextStepPathway,R-HSA-933542,0
R-HSA-9705671,abstraction:NextStepPathway,R-HSA-445989,0
R-HSA-9705671,abstraction:NextStepPathway,R-HSA-983170,0
R-HSA-9705671,abstraction:NextStepPathway,R-HSA-975155,0
R-HSA-9705671,abstraction:NextStepPathway,R-HSA-909733,0
R-HSA-9705671,abstraction:NextStepPathway,R-HSA-918233,0
R-HSA-9705671,abstraction:NextStepPathway,R-HSA-9860276,0
R-HSA-9705671,abstraction:NextStepPathway,R-HSA-912694,0
R-HSA-9705671,abstraction:NextStepPathway,R-HSA-1810476,0
R-HSA-9705671,abstraction:NextStepPathway,R-HSA-168928,0
R-HSA-9832991,abstraction:NextStepPathway,R-HSA-9823739,5.548368370782171
R-HSA-195253,abstraction:NextStepPathway,R-HSA-196299,4.901741205857118
R-HSA-8964540,abstraction:NextStepPathway,R-HSA-70268,2.1411286746640528
R-HSA-5263617,abstraction:NextStepPathway,R-HSA-2408508,6.154504174352486
R-HSA-5263617,abstraction:NextStepPathway,R-HSA-2408552,6.154504174352486
R-HSA-9730628,abstraction:NextStepPathway,R-HSA-9717207,6.847651354912432
R-HSA-110373,abstraction:NextStepPathway,R-HSA-5651801,6.000353494525228
R-HSA-110373,abstraction:NextStepPathway,R-HSA-110362,6.000353494525228
R-HSA-4086398,abstraction:NextStepPathway,R-HSA-114508,1.9228160506195084
R-HSA-4086398,abstraction:NextStepPathway,R-HSA-418217,1.9228160506195084
R-HSA-4086398,abstraction:NextStepPathway,R-HSA-2871809,0
R-HSA-4086398,abstraction:NextStepPathway,R-HSA-112043,1.9228160506195084
R-HSA-4086398,abstraction:NextStepPathway,R-HSA-9664323,0
R-HSA-4086398,abstraction:NextStepPathway,R-HSA-76005,0
R-HSA-4086398,abstraction:NextStepPathway,R-HSA-2029485,0
R-HSA-4086398,abstraction:NextStepPathway,R-HSA-5218921,1.9228160506195084
R-HSA-4086398,abstraction:NextStepPathway,R-HSA-422356,0
R-HSA-4086398,abstraction:NextStepPathway,R-HSA-5607763,0
R-HSA-4086398,abstraction:NextStepPathway,R-HSA-1489509,1.9228160506195084
R-HSA-4086398,abstraction:NextStepPathway,R-HSA-5578775,0
R-HSA-4086398,abstraction:NextStepPathway,R-HSA-983695,0
R-HSA-4086398,abstraction:NextStepPathway,R-HSA-426048,1.9228160506195084
R-HSA-4086398,abstraction:NextStepPathway,R-HSA-8964315,1.9228160506195084
R-HSA-4086398,abstraction:NextStepPathway,R-HSA-8964616,1.9228160506195084
R-HSA-9026762,abstraction:NextStepPathway,R-HSA-9026395,5.866822101900706
R-HSA-76042,abstraction:NextStepPathway,R-HSA-674695,3.3923867519800006
R-HSA-76042,abstraction:NextStepPathway,R-HSA-75953,3.3923867519800006
R-HSA-1368108,abstraction:NextStepPathway,R-HSA-196807,0
R-HSA-1368108,abstraction:NextStepPathway,R-HSA-400206,0
R-HSA-1368108,abstraction:NextStepPathway,R-HSA-159740,0
R-HSA-1368108,abstraction:NextStepPathway,R-HSA-1989781,0
R-HSA-8866907,abstraction:NextStepPathway,R-HSA-8866910,6.154504174352486
R-HSA-8866907,abstraction:NextStepPathway,R-HSA-8866911,6.154504174352486
R-HSA-8866907,abstraction:NextStepPathway,R-HSA-3232118,0
R-HSA-8866907,abstraction:NextStepPathway,R-HSA-8869496,6.154504174352486
R-HSA-8866907,abstraction:NextStepPathway,R-HSA-8864260,3.5274230357839436
R-HSA-8866907,abstraction:NextStepPathway,R-HSA-8866906,6.154504174352486
R-HSA-8866907,abstraction:NextStepPathway,R-HSA-8866904,6.154504174352486
R-HSA-75064,abstraction:NextStepPathway,R-HSA-77042,6.336825731146441
R-HSA-77042,abstraction:NextStepPathway,R-HSA-75102,7.253116463020596
R-HSA-73863,abstraction:NextStepPathway,R-HSA-6790901,0
R-HSA-73863,abstraction:NextStepPathway,R-HSA-427389,3.0117897104498494
R-HSA-73863,abstraction:NextStepPathway,R-HSA-427413,3.0117897104498494
R-HSA-73863,abstraction:NextStepPathway,R-HSA-6791226,0
R-HSA-5656121,abstraction:NextStepPathway,R-HSA-110313,6.000353494525228
R-HSA-5656121,abstraction:NextStepPathway,R-HSA-5656169,6.336825731146441
R-HSA-210455,abstraction:NextStepPathway,R-HSA-8964539,0
R-HSA-210455,abstraction:NextStepPathway,R-HSA-210500,3.9759717300284194
R-HSA-210455,abstraction:NextStepPathway,R-HSA-5628897,0
R-HSA-203927,abstraction:NextStepPathway,R-HSA-5578749,6.154504174352486
R-HSA-203927,abstraction:NextStepPathway,R-HSA-426496,6.154504174352486
R-HSA-9834752,abstraction:NextStepPathway,R-HSA-9833110,5.749039066244322
R-HSA-9834752,abstraction:NextStepPathway,R-HSA-8983711,0
R-HSA-1606322,abstraction:NextStepPathway,R-HSA-1606341,5.643678550586496
R-HSA-1606322,abstraction:NextStepPathway,R-HSA-1810476,5.643678550586496
R-HSA-8963901,abstraction:NextStepPathway,R-HSA-8964026,5.238213442478331
R-HSA-9660826,abstraction:NextStepPathway,R-HSA-196807,0
R-HSA-9660826,abstraction:NextStepPathway,R-HSA-418594,0
R-HSA-9660826,abstraction:NextStepPathway,R-HSA-448706,0
R-HSA-9660826,abstraction:NextStepPathway,R-HSA-844456,0
R-HSA-9660826,abstraction:NextStepPathway,R-HSA-5620971,0
R-HSA-9660826,abstraction:NextStepPathway,R-HSA-9707564,0
R-HSA-9660826,abstraction:NextStepPathway,R-HSA-8850843,0
R-HSA-9660826,abstraction:NextStepPathway,R-HSA-9020702,0
R-HSA-9759218,abstraction:NextStepPathway,R-HSA-1614635,2.1411286746640528
R-HSA-9759218,abstraction:NextStepPathway,R-HSA-71032,2.1411286746640528
R-HSA-9759218,abstraction:NextStepPathway,R-HSA-156581,2.1411286746640528
R-HSA-9694493,abstraction:NextStepPathway,R-HSA-9705677,4.768209813232596
R-HSA-9694493,abstraction:NextStepPathway,R-HSA-9694322,5.749039066244322
R-HSA-9694493,abstraction:NextStepPathway,R-HSA-9705671,4.768209813232596
R-HSA-163282,abstraction:NextStepPathway,R-HSA-163316,7.253116463020596
R-HSA-1483101,abstraction:NextStepPathway,R-HSA-1483213,5.055891885684376
R-HSA-1483101,abstraction:NextStepPathway,R-HSA-1482801,5.055891885684376
R-HSA-168874,abstraction:NextStepPathway,R-HSA-168316,6.336825731146441
R-HSA-376176,abstraction:NextStepPathway,R-HSA-428890,4.308677483854155
R-HSA-376176,abstraction:NextStepPathway,R-HSA-428543,4.308677483854155
R-HSA-376176,abstraction:NextStepPathway,R-HSA-373752,4.308677483854155
R-HSA-376176,abstraction:NextStepPathway,R-HSA-428540,4.308677483854155
R-HSA-376176,abstraction:NextStepPathway,R-HSA-8985586,4.308677483854155
R-HSA-376176,abstraction:NextStepPathway,R-HSA-428542,4.308677483854155
R-HSA-2173788,abstraction:NextStepPathway,R-HSA-5689603,0
R-HSA-5625740,abstraction:NextStepPathway,R-HSA-75035,0
R-HSA-5625740,abstraction:NextStepPathway,R-HSA-5625886,5.461356993792541
R-HSA-167161,abstraction:NextStepPathway,R-HSA-167162,5.381314286119005
R-HSA-5689880,abstraction:NextStepPathway,R-HSA-2173795,0
R-HSA-192105,abstraction:NextStepPathway,R-HSA-1483248,3.1422425988472846
R-HSA-9764790,abstraction:NextStepPathway,R-HSA-9764562,6.000353494525228
R-HSA-1963640,abstraction:NextStepPathway,R-HSA-5673001,1.9228160506195084
R-HSA-9793242,abstraction:NextStepPathway,R-HSA-9615933,0
R-HSA-8939247,abstraction:NextStepPathway,R-HSA-8939245,5.461356993792541
R-HSA-9684325,abstraction:NextStepPathway,R-HSA-9735869,4.9505313700265505
R-HSA-9684325,abstraction:NextStepPathway,R-HSA-9679504,4.9505313700265505
R-HSA-9684325,abstraction:NextStepPathway,R-HSA-9692916,4.9505313700265505
R-HSA-1663150,abstraction:NextStepPathway,R-HSA-9840310,0
R-HSA-211976,abstraction:NextStepPathway,R-HSA-194002,2.1411286746640528
R-HSA-211976,abstraction:NextStepPathway,R-HSA-193368,2.1411286746640528
R-HSA-211976,abstraction:NextStepPathway,R-HSA-193144,2.1411286746640528
R-HSA-211976,abstraction:NextStepPathway,R-HSA-196108,2.1411286746640528
R-HSA-211976,abstraction:NextStepPathway,R-HSA-191273,2.1411286746640528
R-HSA-211976,abstraction:NextStepPathway,R-HSA-193775,2.1411286746640528
R-HSA-211976,abstraction:NextStepPathway,R-HSA-193993,2.1411286746640528
R-HSA-211976,abstraction:NextStepPathway,R-HSA-193807,2.1411286746640528
R-HSA-111446,abstraction:NextStepPathway,R-HSA-111453,5.001824664414101
R-HSA-74751,abstraction:NextStepPathway,R-HSA-5673001,1.9228160506195084
R-HSA-74751,abstraction:NextStepPathway,R-HSA-179812,2.928983806765617
R-HSA-74751,abstraction:NextStepPathway,R-HSA-74749,5.643678550586496
R-HSA-74751,abstraction:NextStepPathway,R-HSA-912526,0
R-HSA-74751,abstraction:NextStepPathway,R-HSA-2428933,2.928983806765617
R-HSA-74751,abstraction:NextStepPathway,R-HSA-180336,2.928983806765617
R-HSA-74751,abstraction:NextStepPathway,R-HSA-171007,2.928983806765617
R-HSA-74751,abstraction:NextStepPathway,R-HSA-167044,2.928983806765617
R-HSA-74751,abstraction:NextStepPathway,R-HSA-112412,5.643678550586496
R-HSA-9958790,abstraction:NextStepPathway,R-HSA-427601,4.480527740780815
R-HSA-190704,abstraction:NextStepPathway,R-HSA-190872,6.559969282460651
R-HSA-190704,abstraction:NextStepPathway,R-HSA-190840,6.559969282460651
R-HSA-390696,abstraction:NextStepPathway,R-HSA-418597,3.83538977940723
R-HSA-390696,abstraction:NextStepPathway,R-HSA-416476,3.83538977940723
R-HSA-390696,abstraction:NextStepPathway,R-HSA-418555,3.83538977940723
R-HSA-390696,abstraction:NextStepPathway,R-HSA-416482,3.83538977940723
R-HSA-390696,abstraction:NextStepPathway,R-HSA-9660821,0
R-HSA-110330,abstraction:NextStepPathway,R-HSA-110331,7.253116463020596
R-HSA-159230,abstraction:NextStepPathway,R-HSA-72662,0
R-HSA-176409,abstraction:NextStepPathway,R-HSA-176407,5.17367492134076
R-HSA-176409,abstraction:NextStepPathway,R-HSA-2467813,3.468926829102335
R-HSA-176409,abstraction:NextStepPathway,R-HSA-174048,6.000353494525228
R-HSA-176409,abstraction:NextStepPathway,R-HSA-174154,6.000353494525228
R-HSA-1660499,abstraction:NextStepPathway,R-HSA-6811558,0
R-HSA-1660499,abstraction:NextStepPathway,R-HSA-166058,0
R-HSA-1660499,abstraction:NextStepPathway,R-HSA-1257604,0
R-HSA-1660499,abstraction:NextStepPathway,R-HSA-199418,0
R-HSA-1660499,abstraction:NextStepPathway,R-HSA-1855204,2.1411286746640528
R-HSA-1660499,abstraction:NextStepPathway,R-HSA-1660524,5.381314286119005
R-HSA-1660499,abstraction:NextStepPathway,R-HSA-1660516,5.381314286119005
R-HSA-1660499,abstraction:NextStepPathway,R-HSA-1482922,4.480527740780815
R-HSA-1660499,abstraction:NextStepPathway,R-HSA-202424,0
R-HSA-163316,abstraction:NextStepPathway,R-HSA-6785470,0
R-HSA-163316,abstraction:NextStepPathway,R-HSA-8868766,0
R-HSA-201451,abstraction:NextStepPathway,R-HSA-8941326,0
R-HSA-156842,abstraction:NextStepPathway,R-HSA-156902,4.688167105559059
R-HSA-192905,abstraction:NextStepPathway,R-HSA-168325,6.336825731146441
R-HSA-5632684,abstraction:NextStepPathway,R-HSA-8941284,0
R-HSA-5632684,abstraction:NextStepPathway,R-HSA-5610780,5.643678550586496
R-HSA-5632684,abstraction:NextStepPathway,R-HSA-5635851,5.643678550586496
R-HSA-2160916,abstraction:NextStepPathway,R-HSA-2142845,5.307206313965283
R-HSA-390648,abstraction:NextStepPathway,R-HSA-418594,3.83538977940723
R-HSA-390648,abstraction:NextStepPathway,R-HSA-416476,3.83538977940723
R-HSA-975110,abstraction:NextStepPathway,R-HSA-3134963,3.210065195186046
R-HSA-975110,abstraction:NextStepPathway,R-HSA-933541,3.210065195186046
R-HSA-173736,abstraction:NextStepPathway,R-HSA-977606,5.749039066244322
R-HSA-173736,abstraction:NextStepPathway,R-HSA-174577,5.749039066244322
R-HSA-69109,abstraction:NextStepPathway,R-HSA-69186,6.154504174352486
R-HSA-168188,abstraction:NextStepPathway,R-HSA-166058,5.17367492134076
R-HSA-9674555,abstraction:NextStepPathway,R-HSA-9705462,3.741571024189575
R-HSA-6804759,abstraction:NextStepPathway,R-HSA-6803211,4.9505313700265505
R-HSA-6804759,abstraction:NextStepPathway,R-HSA-139915,0
R-HSA-6804759,abstraction:NextStepPathway,R-HSA-6804116,4.9505313700265505
R-HSA-6804759,abstraction:NextStepPathway,R-HSA-69895,0
R-HSA-6804759,abstraction:NextStepPathway,R-HSA-6803204,4.9505313700265505
R-HSA-6804759,abstraction:NextStepPathway,R-HSA-6803205,4.9505313700265505
R-HSA-9025094,abstraction:NextStepPathway,R-HSA-9027604,4.9505313700265505
R-HSA-9025094,abstraction:NextStepPathway,R-HSA-9026403,6.336825731146441
R-HSA-9933387,abstraction:NextStepPathway,R-HSA-1989781,0
R-HSA-983712,abstraction:NextStepPathway,R-HSA-77387,0
R-HSA-156711,abstraction:NextStepPathway,R-HSA-69273,5.548368370782171
R-HSA-156711,abstraction:NextStepPathway,R-HSA-380270,5.548368370782171
R-HSA-156711,abstraction:NextStepPathway,R-HSA-2565942,5.548368370782171
R-HSA-73762,abstraction:NextStepPathway,R-HSA-427359,3.0117897104498494
R-HSA-73762,abstraction:NextStepPathway,R-HSA-73772,6.847651354912432
R-HSA-198323,abstraction:NextStepPathway,R-HSA-5628897,0
R-HSA-198323,abstraction:NextStepPathway,R-HSA-111447,0
R-HSA-198323,abstraction:NextStepPathway,R-HSA-8948751,5.643678550586496
R-HSA-198323,abstraction:NextStepPathway,R-HSA-6804757,0
R-HSA-8941856,abstraction:NextStepPathway,R-HSA-210744,0
R-HSA-8941856,abstraction:NextStepPathway,R-HSA-2122947,0
R-HSA-442660,abstraction:NextStepPathway,R-HSA-888590,0
R-HSA-442660,abstraction:NextStepPathway,R-HSA-916853,0
R-HSA-442660,abstraction:NextStepPathway,R-HSA-9856872,0
R-HSA-442660,abstraction:NextStepPathway,R-HSA-8964539,0
R-HSA-442660,abstraction:NextStepPathway,R-HSA-181430,0
R-HSA-442660,abstraction:NextStepPathway,R-HSA-379401,0
R-HSA-140837,abstraction:NextStepPathway,R-HSA-9657689,0
R-HSA-140837,abstraction:NextStepPathway,R-HSA-9672391,0
R-HSA-140837,abstraction:NextStepPathway,R-HSA-9657688,0
R-HSA-140837,abstraction:NextStepPathway,R-HSA-140875,6.847651354912432
R-HSA-140837,abstraction:NextStepPathway,R-HSA-9672383,0
R-HSA-5627123,abstraction:NextStepPathway,R-HSA-2029482,0
R-HSA-5627123,abstraction:NextStepPathway,R-HSA-5627117,5.461356993792541
R-HSA-5627123,abstraction:NextStepPathway,R-HSA-445355,0
R-HSA-5627123,abstraction:NextStepPathway,R-HSA-5625740,5.461356993792541
R-HSA-5627123,abstraction:NextStepPathway,R-HSA-5687128,1.9228160506195084
R-HSA-264642,abstraction:NextStepPathway,R-HSA-1483191,0
R-HSA-163358,abstraction:NextStepPathway,R-HSA-9634600,2.1411286746640528
R-HSA-8875791,abstraction:NextStepPathway,R-HSA-2586552,1.9228160506195084
R-HSA-8875791,abstraction:NextStepPathway,R-HSA-8849474,1.9228160506195084
R-HSA-9931529,abstraction:NextStepPathway,R-HSA-1368108,5.749039066244322
R-HSA-9931529,abstraction:NextStepPathway,R-HSA-9931510,5.749039066244322
R-HSA-6803207,abstraction:NextStepPathway,R-HSA-111458,0
R-HSA-6803207,abstraction:NextStepPathway,R-HSA-75158,0
R-HSA-6803207,abstraction:NextStepPathway,R-HSA-933543,0
R-HSA-6803207,abstraction:NextStepPathway,R-HSA-844623,0
R-HSA-6803207,abstraction:NextStepPathway,R-HSA-75157,0
R-HSA-2730905,abstraction:NextStepPathway,R-HSA-2871837,6.559969282460651
R-HSA-2730905,abstraction:NextStepPathway,R-HSA-202424,2.5802876285586898
R-HSA-9764561,abstraction:NextStepPathway,R-HSA-9766229,6.000353494525228
R-HSA-168638,abstraction:NextStepPathway,R-HSA-5684264,3.210065195186046
R-HSA-168638,abstraction:NextStepPathway,R-HSA-5689896,0
R-HSA-168638,abstraction:NextStepPathway,R-HSA-9758274,3.210065195186046
R-HSA-168638,abstraction:NextStepPathway,R-HSA-933542,3.210065195186046
R-HSA-168638,abstraction:NextStepPathway,R-HSA-445989,3.210065195186046
R-HSA-168638,abstraction:NextStepPathway,R-HSA-525793,0
R-HSA-168638,abstraction:NextStepPathway,R-HSA-9705671,0
R-HSA-168638,abstraction:NextStepPathway,R-HSA-9860276,3.210065195186046
R-HSA-168638,abstraction:NextStepPathway,R-HSA-1810476,3.210065195186046
R-HSA-168638,abstraction:NextStepPathway,R-HSA-9020702,2.5802876285586898
R-HSA-70370,abstraction:NextStepPathway,R-HSA-70263,4.362744705124431
R-HSA-70370,abstraction:NextStepPathway,R-HSA-70221,4.362744705124431
R-HSA-844623,abstraction:NextStepPathway,R-HSA-448706,2.5802876285586898
R-HSA-844623,abstraction:NextStepPathway,R-HSA-9660826,0
R-HSA-5358565,abstraction:NextStepPathway,R-HSA-5358606,7.253116463020596
R-HSA-71336,abstraction:NextStepPathway,R-HSA-5628897,0
R-HSA-71336,abstraction:NextStepPathway,R-HSA-163754,2.1411286746640528
R-HSA-71336,abstraction:NextStepPathway,R-HSA-3299685,0
R-HSA-71336,abstraction:NextStepPathway,R-HSA-73843,4.362744705124431
R-HSA-71336,abstraction:NextStepPathway,R-HSA-499943,2.1411286746640528
R-HSA-1483166,abstraction:NextStepPathway,R-HSA-1483226,5.055891885684376
R-HSA-1483166,abstraction:NextStepPathway,R-HSA-1483148,5.055891885684376
R-HSA-1483166,abstraction:NextStepPathway,R-HSA-1483213,5.055891885684376
R-HSA-1483166,abstraction:NextStepPathway,R-HSA-1483191,5.055891885684376
R-HSA-1483166,abstraction:NextStepPathway,R-HSA-6803204,0
R-HSA-1483166,abstraction:NextStepPathway,R-HSA-75109,3.1422425988472846
R-HSA-1483166,abstraction:NextStepPathway,R-HSA-264642,0
R-HSA-456926,abstraction:NextStepPathway,R-HSA-418217,0
R-HSA-456926,abstraction:NextStepPathway,R-HSA-392451,0
R-HSA-456926,abstraction:NextStepPathway,R-HSA-416476,0
R-HSA-456926,abstraction:NextStepPathway,R-HSA-4086398,0
R-HSA-456926,abstraction:NextStepPathway,R-HSA-8964315,0
R-HSA-456926,abstraction:NextStepPathway,R-HSA-416482,0
R-HSA-456926,abstraction:NextStepPathway,R-HSA-8964616,0
R-HSA-9025046,abstraction:NextStepPathway,R-HSA-9026527,5.643678550586496
R-HSA-110331,abstraction:NextStepPathway,R-HSA-5649702,5.113050299524325
R-HSA-110331,abstraction:NextStepPathway,R-HSA-110357,5.113050299524325
R-HSA-163210,abstraction:NextStepPathway,R-HSA-83936,0
R-HSA-180910,abstraction:NextStepPathway,R-HSA-162592,4.054443345469915
R-HSA-9933946,abstraction:NextStepPathway,R-HSA-9934037,6.336825731146441
R-HSA-9762293,abstraction:NextStepPathway,R-HSA-9759811,6.559969282460651
R-HSA-77595,abstraction:NextStepPathway,R-HSA-159231,3.957279597016267
R-HSA-77595,abstraction:NextStepPathway,R-HSA-73856,0
R-HSA-192823,abstraction:NextStepPathway,R-HSA-9686347,1.3090056122960843
R-HSA-351202,abstraction:NextStepPathway,R-HSA-351200,4.185063527886979
R-HSA-351202,abstraction:NextStepPathway,R-HSA-1237112,4.185063527886979
R-HSA-417957,abstraction:NextStepPathway,R-HSA-418594,3.83538977940723
R-HSA-417957,abstraction:NextStepPathway,R-HSA-392170,0
R-HSA-417957,abstraction:NextStepPathway,R-HSA-418592,0
R-HSA-417957,abstraction:NextStepPathway,R-HSA-416476,3.83538977940723
R-HSA-9619229,abstraction:NextStepPathway,R-HSA-9617324,5.461356993792541
R-HSA-9619229,abstraction:NextStepPathway,R-HSA-438064,5.461356993792541
R-HSA-5218920,abstraction:NextStepPathway,R-HSA-1474151,0
R-HSA-5218920,abstraction:NextStepPathway,R-HSA-9009391,1.9228160506195084
R-HSA-5218920,abstraction:NextStepPathway,R-HSA-389357,0
R-HSA-5218920,abstraction:NextStepPathway,R-HSA-8876198,0
R-HSA-5218920,abstraction:NextStepPathway,R-HSA-1257604,1.9228160506195084
R-HSA-5218920,abstraction:NextStepPathway,R-HSA-69202,0
R-HSA-5218920,abstraction:NextStepPathway,R-HSA-5628897,0
R-HSA-5218920,abstraction:NextStepPathway,R-HSA-9755779,0
R-HSA-5218920,abstraction:NextStepPathway,R-HSA-114604,0
R-HSA-5218920,abstraction:NextStepPathway,R-HSA-69656,0
R-HSA-5218920,abstraction:NextStepPathway,R-HSA-111447,0
R-HSA-5218920,abstraction:NextStepPathway,R-HSA-203615,0
R-HSA-5218920,abstraction:NextStepPathway,R-HSA-1358803,2.928983806765617
R-HSA-5218920,abstraction:NextStepPathway,R-HSA-6804759,0
R-HSA-5218920,abstraction:NextStepPathway,R-HSA-198323,1.9228160506195084
R-HSA-5218920,abstraction:NextStepPathway,R-HSA-6804758,0
R-HSA-5218920,abstraction:NextStepPathway,R-HSA-9634635,1.9228160506195084
R-HSA-5218920,abstraction:NextStepPathway,R-HSA-9604323,1.9228160506195084
R-HSA-5218920,abstraction:NextStepPathway,R-HSA-8948751,1.9228160506195084
R-HSA-5218920,abstraction:NextStepPathway,R-HSA-6804757,0
R-HSA-201556,abstraction:NextStepPathway,R-HSA-9851151,2.928983806765617
R-HSA-201556,abstraction:NextStepPathway,R-HSA-9701898,2.928983806765617
R-HSA-201556,abstraction:NextStepPathway,R-HSA-9909649,0
R-HSA-68952,abstraction:NextStepPathway,R-HSA-113501,3.468926829102335
R-HSA-68952,abstraction:NextStepPathway,R-HSA-69091,5.548368370782171
R-HSA-68952,abstraction:NextStepPathway,R-HSA-9710421,0
R-HSA-9927354,abstraction:NextStepPathway,R-HSA-6811558,0
R-HSA-9927354,abstraction:NextStepPathway,R-HSA-1257604,0
R-HSA-9678110,abstraction:NextStepPathway,R-HSA-9682706,4.9505313700265505
R-HSA-9678110,abstraction:NextStepPathway,R-HSA-9694614,4.0961160418704825
R-HSA-2424491,abstraction:NextStepPathway,R-HSA-5673001,0
R-HSA-2424491,abstraction:NextStepPathway,R-HSA-2871796,3.210065195186046
R-HSA-2404192,abstraction:NextStepPathway,R-HSA-2428933,2.928983806765617
R-HSA-2404192,abstraction:NextStepPathway,R-HSA-2428928,2.928983806765617
R-HSA-1369062,abstraction:NextStepPathway,R-HSA-8964058,3.683583766539226
R-HSA-1369062,abstraction:NextStepPathway,R-HSA-75896,0
R-HSA-210747,abstraction:NextStepPathway,R-HSA-210744,6.336825731146441
R-HSA-6783783,abstraction:NextStepPathway,R-HSA-8854691,4.208594025297173
R-HSA-6783783,abstraction:NextStepPathway,R-HSA-9909649,2.5802876285586898
R-HSA-381676,abstraction:NextStepPathway,R-HSA-9856530,0
R-HSA-381676,abstraction:NextStepPathway,R-HSA-9634597,0
R-HSA-381676,abstraction:NextStepPathway,R-HSA-163359,5.307206313965283
R-HSA-381676,abstraction:NextStepPathway,R-HSA-432040,0
R-HSA-381676,abstraction:NextStepPathway,R-HSA-418555,0
R-HSA-381676,abstraction:NextStepPathway,R-HSA-422356,5.307206313965283
R-HSA-381676,abstraction:NextStepPathway,R-HSA-9660821,0
R-HSA-165054,abstraction:NextStepPathway,R-HSA-180746,7.253116463020596
R-HSA-5578775,abstraction:NextStepPathway,R-HSA-936837,0
R-HSA-5578775,abstraction:NextStepPathway,R-HSA-114508,0
R-HSA-5578775,abstraction:NextStepPathway,R-HSA-9856530,0
R-HSA-5578775,abstraction:NextStepPathway,R-HSA-2871809,0
R-HSA-5578775,abstraction:NextStepPathway,R-HSA-1169091,0
R-HSA-5578775,abstraction:NextStepPathway,R-HSA-112043,0
R-HSA-5578775,abstraction:NextStepPathway,R-HSA-9664323,0
R-HSA-5578775,abstraction:NextStepPathway,R-HSA-76005,0
R-HSA-5578775,abstraction:NextStepPathway,R-HSA-445355,5.643678550586496
R-HSA-5578775,abstraction:NextStepPathway,R-HSA-5218921,0
R-HSA-5578775,abstraction:NextStepPathway,R-HSA-111997,0
R-HSA-5578775,abstraction:NextStepPathway,R-HSA-422356,0
R-HSA-5578775,abstraction:NextStepPathway,R-HSA-5607763,0
R-HSA-5578775,abstraction:NextStepPathway,R-HSA-2025928,0
R-HSA-5578775,abstraction:NextStepPathway,R-HSA-983695,0
R-HSA-5578775,abstraction:NextStepPathway,R-HSA-2514859,0
R-HSA-75893,abstraction:NextStepPathway,R-HSA-5357956,4.855221190222226
R-HSA-75893,abstraction:NextStepPathway,R-HSA-5357786,4.855221190222226
R-HSA-75893,abstraction:NextStepPathway,R-HSA-5668541,0
R-HSA-75893,abstraction:NextStepPathway,R-HSA-5357905,4.855221190222226
R-HSA-75893,abstraction:NextStepPathway,R-HSA-5626978,4.855221190222226
R-HSA-983695,abstraction:NextStepPathway,R-HSA-9856530,0
R-HSA-983695,abstraction:NextStepPathway,R-HSA-389357,4.232691576876234
R-HSA-983695,abstraction:NextStepPathway,R-HSA-442982,0
R-HSA-983695,abstraction:NextStepPathway,R-HSA-2871809,2.5802876285586898
R-HSA-983695,abstraction:NextStepPathway,R-HSA-1169091,6.154504174352486
R-HSA-983695,abstraction:NextStepPathway,R-HSA-1257604,0
R-HSA-983695,abstraction:NextStepPathway,R-HSA-111933,0
R-HSA-983695,abstraction:NextStepPathway,R-HSA-9620244,0
R-HSA-983695,abstraction:NextStepPathway,R-HSA-392451,0
R-HSA-983695,abstraction:NextStepPathway,R-HSA-111957,0
R-HSA-983695,abstraction:NextStepPathway,R-HSA-112043,0
R-HSA-983695,abstraction:NextStepPathway,R-HSA-9664323,0
R-HSA-983695,abstraction:NextStepPathway,R-HSA-114604,0
R-HSA-983695,abstraction:NextStepPathway,R-HSA-442720,0
R-HSA-983695,abstraction:NextStepPathway,R-HSA-2029485,2.5802876285586898
R-HSA-983695,abstraction:NextStepPathway,R-HSA-442729,0
R-HSA-983695,abstraction:NextStepPathway,R-HSA-1169092,6.154504174352486
R-HSA-983695,abstraction:NextStepPathway,R-HSA-111932,0
R-HSA-983695,abstraction:NextStepPathway,R-HSA-445355,0
R-HSA-983695,abstraction:NextStepPathway,R-HSA-5218921,0
R-HSA-983695,abstraction:NextStepPathway,R-HSA-203615,0
R-HSA-983695,abstraction:NextStepPathway,R-HSA-180024,0
R-HSA-983695,abstraction:NextStepPathway,R-HSA-111997,0
R-HSA-983695,abstraction:NextStepPathway,R-HSA-422356,0
R-HSA-983695,abstraction:NextStepPathway,R-HSA-5607763,2.5802876285586898
R-HSA-983695,abstraction:NextStepPathway,R-HSA-1489509,0
R-HSA-983695,abstraction:NextStepPathway,R-HSA-4086398,0
R-HSA-983695,abstraction:NextStepPathway,R-HSA-5627123,0
R-HSA-983695,abstraction:NextStepPathway,R-HSA-2025928,6.154504174352486
R-HSA-983695,abstraction:NextStepPathway,R-HSA-5218920,0
R-HSA-983695,abstraction:NextStepPathway,R-HSA-5578775,0
R-HSA-983695,abstraction:NextStepPathway,R-HSA-2514859,0
R-HSA-983695,abstraction:NextStepPathway,R-HSA-139853,0
R-HSA-5654693,abstraction:NextStepPathway,R-HSA-5673001,1.9228160506195084
R-HSA-5654693,abstraction:NextStepPathway,R-HSA-5654726,5.461356993792541
R-HSA-5654693,abstraction:NextStepPathway,R-HSA-5654689,6.559969282460651
R-HSA-5693532,abstraction:NextStepPathway,R-HSA-5693538,3.8031289171890084
R-HSA-983168,abstraction:NextStepPathway,R-HSA-983170,5.866822101900706
R-HSA-9830364,abstraction:NextStepPathway,R-HSA-9830674,6.847651354912432
R-HSA-9830364,abstraction:NextStepPathway,R-HSA-9761174,3.227764772285447
R-HSA-9931530,abstraction:NextStepPathway,R-HSA-9931521,5.749039066244322
R-HSA-9931530,abstraction:NextStepPathway,R-HSA-9932298,5.749039066244322
R-HSA-2514859,abstraction:NextStepPathway,R-HSA-9856530,0
R-HSA-2514859,abstraction:NextStepPathway,R-HSA-442982,0
R-HSA-2514859,abstraction:NextStepPathway,R-HSA-2871809,0
R-HSA-2514859,abstraction:NextStepPathway,R-HSA-111933,0
R-HSA-2514859,abstraction:NextStepPathway,R-HSA-9620244,0
R-HSA-2514859,abstraction:NextStepPathway,R-HSA-111957,0
R-HSA-2514859,abstraction:NextStepPathway,R-HSA-442720,0
R-HSA-2514859,abstraction:NextStepPathway,R-HSA-2453902,6.154504174352486
R-HSA-2514859,abstraction:NextStepPathway,R-HSA-442729,0
R-HSA-2514859,abstraction:NextStepPathway,R-HSA-111932,0
R-HSA-2514859,abstraction:NextStepPathway,R-HSA-445355,0
R-HSA-2514859,abstraction:NextStepPathway,R-HSA-382556,0
R-HSA-2514859,abstraction:NextStepPathway,R-HSA-203615,0
R-HSA-2514859,abstraction:NextStepPathway,R-HSA-180024,0
R-HSA-2514859,abstraction:NextStepPathway,R-HSA-5607763,0
R-HSA-2514859,abstraction:NextStepPathway,R-HSA-4086398,0
R-HSA-2514859,abstraction:NextStepPathway,R-HSA-5627123,0
R-HSA-2514859,abstraction:NextStepPathway,R-HSA-2025928,0
R-HSA-2514859,abstraction:NextStepPathway,R-HSA-5218920,0
R-HSA-2514859,abstraction:NextStepPathway,R-HSA-2485179,7.253116463020596
R-HSA-392851,abstraction:NextStepPathway,R-HSA-418217,0
R-HSA-392851,abstraction:NextStepPathway,R-HSA-9856530,0
R-HSA-392851,abstraction:NextStepPathway,R-HSA-9634597,0
R-HSA-392851,abstraction:NextStepPathway,R-HSA-392451,0
R-HSA-392851,abstraction:NextStepPathway,R-HSA-163359,0
R-HSA-392851,abstraction:NextStepPathway,R-HSA-432040,0
R-HSA-392851,abstraction:NextStepPathway,R-HSA-418555,0
R-HSA-392851,abstraction:NextStepPathway,R-HSA-4086398,0
R-HSA-392851,abstraction:NextStepPathway,R-HSA-8964315,0
R-HSA-392851,abstraction:NextStepPathway,R-HSA-8964616,0
R-HSA-392851,abstraction:NextStepPathway,R-HSA-9660821,0
R-HSA-173599,abstraction:NextStepPathway,R-HSA-3322077,2.1411286746640528
R-HSA-173599,abstraction:NextStepPathway,R-HSA-379716,0
R-HSA-173599,abstraction:NextStepPathway,R-HSA-156588,5.461356993792541
R-HSA-173599,abstraction:NextStepPathway,R-HSA-1971475,2.1411286746640528
R-HSA-173599,abstraction:NextStepPathway,R-HSA-2142845,2.1411286746640528
R-HSA-173599,abstraction:NextStepPathway,R-HSA-189483,2.1411286746640528
R-HSA-173599,abstraction:NextStepPathway,R-HSA-727802,0
R-HSA-173599,abstraction:NextStepPathway,R-HSA-71737,2.1411286746640528
R-HSA-173599,abstraction:NextStepPathway,R-HSA-9749641,0
R-HSA-9031628,abstraction:NextStepPathway,R-HSA-111931,1.9228160506195084
R-HSA-9031628,abstraction:NextStepPathway,R-HSA-9634638,1.9228160506195084
R-HSA-9031628,abstraction:NextStepPathway,R-HSA-9022692,0
R-HSA-9031628,abstraction:NextStepPathway,R-HSA-111932,1.9228160506195084
R-HSA-9031628,abstraction:NextStepPathway,R-HSA-9616222,0
R-HSA-190322,abstraction:NextStepPathway,R-HSA-5654719,5.749039066244322
R-HSA-190322,abstraction:NextStepPathway,R-HSA-5654712,5.749039066244322
R-HSA-190322,abstraction:NextStepPathway,R-HSA-5654228,5.749039066244322
R-HSA-8932505,abstraction:NextStepPathway,R-HSA-9939291,6.559969282460651
R-HSA-9818027,abstraction:NextStepPathway,R-HSA-5628897,0
R-HSA-1614603,abstraction:NextStepPathway,R-HSA-1614558,6.559969282460651
R-HSA-111448,abstraction:NextStepPathway,R-HSA-111453,5.001824664414101
R-HSA-111448,abstraction:NextStepPathway,R-HSA-6803204,0
R-HSA-9694594,abstraction:NextStepPathway,R-HSA-9694322,5.749039066244322
R-HSA-69618,abstraction:NextStepPathway,R-HSA-176408,3.134079288208124
R-HSA-977444,abstraction:NextStepPathway,R-HSA-418594,0
R-HSA-977444,abstraction:NextStepPathway,R-HSA-1296041,3.6024582217268573
R-HSA-977444,abstraction:NextStepPathway,R-HSA-997272,6.559969282460651
R-HSA-9702518,abstraction:NextStepPathway,R-HSA-9703465,4.9505313700265505
R-HSA-450321,abstraction:NextStepPathway,R-HSA-2871796,3.210065195186046
R-HSA-450321,abstraction:NextStepPathway,R-HSA-2559580,0
R-HSA-450321,abstraction:NextStepPathway,R-HSA-450341,5.866822101900706
R-HSA-9013508,abstraction:NextStepPathway,R-HSA-1912408,5.001824664414101
R-HSA-9828721,abstraction:NextStepPathway,R-HSA-9833110,5.749039066244322
R-HSA-9828721,abstraction:NextStepPathway,R-HSA-9828806,6.559969282460651
R-HSA-9828721,abstraction:NextStepPathway,R-HSA-9833109,5.749039066244322
R-HSA-2559586,abstraction:NextStepPathway,R-HSA-69563,0
R-HSA-2559586,abstraction:NextStepPathway,R-HSA-2559582,6.336825731146441
R-HSA-2559586,abstraction:NextStepPathway,R-HSA-69473,0
R-HSA-2559586,abstraction:NextStepPathway,R-HSA-6804760,0
R-HSA-2559586,abstraction:NextStepPathway,R-HSA-69202,0
R-HSA-2559586,abstraction:NextStepPathway,R-HSA-69541,0
R-HSA-2559586,abstraction:NextStepPathway,R-HSA-5693565,0
R-HSA-2559586,abstraction:NextStepPathway,R-HSA-6804756,0
R-HSA-2559586,abstraction:NextStepPathway,R-HSA-6804116,0
R-HSA-2559586,abstraction:NextStepPathway,R-HSA-69656,0
R-HSA-2559586,abstraction:NextStepPathway,R-HSA-6803204,0
R-HSA-2559586,abstraction:NextStepPathway,R-HSA-5693538,0
R-HSA-2559586,abstraction:NextStepPathway,R-HSA-349425,0
R-HSA-2559586,abstraction:NextStepPathway,R-HSA-5685939,0
R-HSA-2559586,abstraction:NextStepPathway,R-HSA-6803207,0
R-HSA-2559586,abstraction:NextStepPathway,R-HSA-187577,0
R-HSA-2559586,abstraction:NextStepPathway,R-HSA-5693548,0
R-HSA-2559586,abstraction:NextStepPathway,R-HSA-6804757,0
R-HSA-2559586,abstraction:NextStepPathway,R-HSA-5693606,0
R-HSA-75955,abstraction:NextStepPathway,R-HSA-674695,3.3923867519800006
R-HSA-5654710,abstraction:NextStepPathway,R-HSA-6811558,1.9228160506195084
R-HSA-5654710,abstraction:NextStepPathway,R-HSA-1257604,1.9228160506195084
R-HSA-5654710,abstraction:NextStepPathway,R-HSA-5654695,4.185063527886979
R-HSA-5654710,abstraction:NextStepPathway,R-HSA-5654720,4.185063527886979
R-HSA-5654710,abstraction:NextStepPathway,R-HSA-5654689,4.185063527886979
R-HSA-9927418,abstraction:NextStepPathway,R-HSA-9927426,6.559969282460651
R-HSA-9758881,abstraction:NextStepPathway,R-HSA-9758890,6.847651354912432
R-HSA-1660516,abstraction:NextStepPathway,R-HSA-1660537,5.381314286119005
R-HSA-6814122,abstraction:NextStepPathway,R-HSA-418594,0
R-HSA-6814122,abstraction:NextStepPathway,R-HSA-202040,0
R-HSA-6814122,abstraction:NextStepPathway,R-HSA-418597,0
R-HSA-6814122,abstraction:NextStepPathway,R-HSA-416476,0
R-HSA-6814122,abstraction:NextStepPathway,R-HSA-418555,0
R-HSA-6814122,abstraction:NextStepPathway,R-HSA-416482,0
R-HSA-2644606,abstraction:NextStepPathway,R-HSA-2894862,5.643678550586496
R-HSA-75896,abstraction:NextStepPathway,R-HSA-1483166,3.1422425988472846
R-HSA-5652227,abstraction:NextStepPathway,R-HSA-70350,7.253116463020596
R-HSA-9694548,abstraction:NextStepPathway,R-HSA-9694322,5.749039066244322
R-HSA-9694548,abstraction:NextStepPathway,R-HSA-9733458,5.749039066244322
R-HSA-69231,abstraction:NextStepPathway,R-HSA-69206,5.238213442478331
R-HSA-69231,abstraction:NextStepPathway,R-HSA-9754119,7.253116463020596
R-HSA-69231,abstraction:NextStepPathway,R-HSA-113501,5.238213442478331
R-HSA-69231,abstraction:NextStepPathway,R-HSA-2559585,0
R-HSA-69231,abstraction:NextStepPathway,R-HSA-69205,5.238213442478331
R-HSA-69231,abstraction:NextStepPathway,R-HSA-69202,5.238213442478331
R-HSA-69231,abstraction:NextStepPathway,R-HSA-139915,0
R-HSA-69231,abstraction:NextStepPathway,R-HSA-8878166,0
R-HSA-69231,abstraction:NextStepPathway,R-HSA-111448,0
R-HSA-69231,abstraction:NextStepPathway,R-HSA-174178,3.468926829102335
R-HSA-166662,abstraction:NextStepPathway,R-HSA-166663,5.749039066244322
R-HSA-8934593,abstraction:NextStepPathway,R-HSA-8939236,5.461356993792541
R-HSA-8934593,abstraction:NextStepPathway,R-HSA-8939242,5.461356993792541
R-HSA-8934593,abstraction:NextStepPathway,R-HSA-8877330,5.461356993792541
R-HSA-8934593,abstraction:NextStepPathway,R-HSA-8951936,3.5274230357839436
R-HSA-8934593,abstraction:NextStepPathway,R-HSA-9018519,0
R-HSA-8934593,abstraction:NextStepPathway,R-HSA-8939246,5.461356993792541
R-HSA-8934593,abstraction:NextStepPathway,R-HSA-8936459,5.461356993792541
R-HSA-8934593,abstraction:NextStepPathway,R-HSA-8939243,5.461356993792541
R-HSA-8934593,abstraction:NextStepPathway,R-HSA-8939245,5.461356993792541
R-HSA-8934593,abstraction:NextStepPathway,R-HSA-8939247,5.461356993792541
R-HSA-8934593,abstraction:NextStepPathway,R-HSA-8935964,5.461356993792541
R-HSA-8934593,abstraction:NextStepPathway,R-HSA-8931987,5.461356993792541
R-HSA-8934593,abstraction:NextStepPathway,R-HSA-1912408,0
R-HSA-2122948,abstraction:NextStepPathway,R-HSA-2122947,7.253116463020596
R-HSA-2122948,abstraction:NextStepPathway,R-HSA-9818749,0
R-HSA-380615,abstraction:NextStepPathway,R-HSA-380612,6.336825731146441
R-HSA-380615,abstraction:NextStepPathway,R-HSA-141333,0
R-HSA-9828806,abstraction:NextStepPathway,R-HSA-9833110,5.749039066244322
R-HSA-9828806,abstraction:NextStepPathway,R-HSA-9828642,6.559969282460651
R-HSA-9828806,abstraction:NextStepPathway,R-HSA-9833482,0
R-HSA-9828806,abstraction:NextStepPathway,R-HSA-9820962,5.749039066244322
R-HSA-9828806,abstraction:NextStepPathway,R-HSA-9833109,5.749039066244322
R-HSA-72731,abstraction:NextStepPathway,R-HSA-72695,6.000353494525228
R-HSA-77305,abstraction:NextStepPathway,R-HSA-611105,2.1411286746640528
R-HSA-77305,abstraction:NextStepPathway,R-HSA-77285,6.000353494525228
R-HSA-933541,abstraction:NextStepPathway,R-HSA-933542,6.336825731146441
R-HSA-933541,abstraction:NextStepPathway,R-HSA-3134963,3.210065195186046
R-HSA-933541,abstraction:NextStepPathway,R-HSA-975110,3.210065195186046
R-HSA-9679191,abstraction:NextStepPathway,R-HSA-419408,0
R-HSA-9679191,abstraction:NextStepPathway,R-HSA-9678110,4.0961160418704825
R-HSA-68616,abstraction:NextStepPathway,R-HSA-113507,0
R-HSA-5610787,abstraction:NextStepPathway,R-HSA-8940973,0
R-HSA-5610787,abstraction:NextStepPathway,R-HSA-5610785,5.643678550586496
R-HSA-5610787,abstraction:NextStepPathway,R-HSA-5610783,5.643678550586496
R-HSA-5610787,abstraction:NextStepPathway,R-HSA-5632684,5.643678550586496
R-HSA-5610787,abstraction:NextStepPathway,R-HSA-5610780,5.643678550586496
R-HSA-211897,abstraction:NextStepPathway,R-HSA-191273,2.1411286746640528
R-HSA-211897,abstraction:NextStepPathway,R-HSA-6807062,2.1411286746640528
R-HSA-209822,abstraction:NextStepPathway,R-HSA-975578,3.0787291931249587
R-HSA-9607240,abstraction:NextStepPathway,R-HSA-109704,0
R-HSA-9607240,abstraction:NextStepPathway,R-HSA-9645135,3.741571024189575
R-HSA-9607240,abstraction:NextStepPathway,R-HSA-5684996,0
R-HSA-9607240,abstraction:NextStepPathway,R-HSA-112399,0
R-HSA-9607240,abstraction:NextStepPathway,R-HSA-5673000,0
R-HSA-9607240,abstraction:NextStepPathway,R-HSA-9706369,3.741571024189575
R-HSA-9607240,abstraction:NextStepPathway,R-HSA-9706374,3.741571024189575
R-HSA-162594,abstraction:NextStepPathway,R-HSA-162592,4.5122764390953956
R-HSA-162594,abstraction:NextStepPathway,R-HSA-164516,4.5122764390953956
R-HSA-9027283,abstraction:NextStepPathway,R-HSA-2586552,1.9228160506195084
R-HSA-9027283,abstraction:NextStepPathway,R-HSA-9020558,0
R-HSA-9027283,abstraction:NextStepPathway,R-HSA-512988,0
R-HSA-9027283,abstraction:NextStepPathway,R-HSA-1266695,0
R-HSA-9027283,abstraction:NextStepPathway,R-HSA-982772,0
R-HSA-199220,abstraction:NextStepPathway,R-HSA-196783,5.307206313965283
R-HSA-174430,abstraction:NextStepPathway,R-HSA-174411,6.559969282460651
R-HSA-399954,abstraction:NextStepPathway,R-HSA-2029482,0
R-HSA-416482,abstraction:NextStepPathway,R-HSA-418217,4.545066261918386
R-HSA-416482,abstraction:NextStepPathway,R-HSA-416572,0
R-HSA-416482,abstraction:NextStepPathway,R-HSA-392451,4.545066261918386
R-HSA-416482,abstraction:NextStepPathway,R-HSA-5627117,1.9228160506195084
R-HSA-416482,abstraction:NextStepPathway,R-HSA-4086398,1.9228160506195084
R-HSA-416482,abstraction:NextStepPathway,R-HSA-8964315,4.545066261918386
R-HSA-416482,abstraction:NextStepPathway,R-HSA-8964616,4.545066261918386
R-HSA-167158,abstraction:NextStepPathway,R-HSA-167152,5.381314286119005
R-HSA-167158,abstraction:NextStepPathway,R-HSA-167242,6.559969282460651
R-HSA-210745,abstraction:NextStepPathway,R-HSA-70171,0
R-HSA-210745,abstraction:NextStepPathway,R-HSA-264876,0
R-HSA-9839383,abstraction:NextStepPathway,R-HSA-9839389,6.336825731146441
R-HSA-9839383,abstraction:NextStepPathway,R-HSA-9839397,6.336825731146441
R-HSA-9839383,abstraction:NextStepPathway,R-HSA-9839406,6.336825731146441
R-HSA-176034,abstraction:NextStepPathway,R-HSA-167200,4.054443345469915
R-HSA-6804754,abstraction:NextStepPathway,R-HSA-2559580,0
R-HSA-6804754,abstraction:NextStepPathway,R-HSA-69473,0
R-HSA-6804754,abstraction:NextStepPathway,R-HSA-6804760,5.866822101900706
R-HSA-6804754,abstraction:NextStepPathway,R-HSA-69541,0
R-HSA-6804754,abstraction:NextStepPathway,R-HSA-5628897,4.9505313700265505
R-HSA-6804754,abstraction:NextStepPathway,R-HSA-8943724,0
R-HSA-6804754,abstraction:NextStepPathway,R-HSA-5693565,0
R-HSA-6804754,abstraction:NextStepPathway,R-HSA-6804756,5.866822101900706
R-HSA-6804754,abstraction:NextStepPathway,R-HSA-9833482,0
R-HSA-6804754,abstraction:NextStepPathway,R-HSA-8941855,3.5274230357839436
R-HSA-6804754,abstraction:NextStepPathway,R-HSA-6804759,5.866822101900706
R-HSA-6804754,abstraction:NextStepPathway,R-HSA-2559586,0
R-HSA-6804754,abstraction:NextStepPathway,R-HSA-6804757,7.253116463020596
R-HSA-375165,abstraction:NextStepPathway,R-HSA-5673001,0
R-HSA-375165,abstraction:NextStepPathway,R-HSA-111931,0
R-HSA-375165,abstraction:NextStepPathway,R-HSA-199920,0
R-HSA-375165,abstraction:NextStepPathway,R-HSA-9634638,0
R-HSA-375165,abstraction:NextStepPathway,R-HSA-111932,0
R-HSA-375165,abstraction:NextStepPathway,R-HSA-9031628,0
R-HSA-1236382,abstraction:NextStepPathway,R-HSA-5637810,6.154504174352486
R-HSA-9749641,abstraction:NextStepPathway,R-HSA-156588,0
R-HSA-9749641,abstraction:NextStepPathway,R-HSA-433692,0
R-HSA-9749641,abstraction:NextStepPathway,R-HSA-561048,0
R-HSA-9749641,abstraction:NextStepPathway,R-HSA-159424,0
R-HSA-9749641,abstraction:NextStepPathway,R-HSA-2162123,0
R-HSA-187042,abstraction:NextStepPathway,R-HSA-167021,4.9505313700265505
R-HSA-187042,abstraction:NextStepPathway,R-HSA-170984,4.9505313700265505
R-HSA-187042,abstraction:NextStepPathway,R-HSA-198745,4.9505313700265505
R-HSA-187042,abstraction:NextStepPathway,R-HSA-198203,4.9505313700265505
R-HSA-187042,abstraction:NextStepPathway,R-HSA-170968,4.9505313700265505
R-HSA-187042,abstraction:NextStepPathway,R-HSA-167044,4.9505313700265505
R-HSA-187042,abstraction:NextStepPathway,R-HSA-177504,4.9505313700265505
R-HSA-187042,abstraction:NextStepPathway,R-HSA-187706,4.9505313700265505
R-HSA-187042,abstraction:NextStepPathway,R-HSA-187687,4.9505313700265505
R-HSA-211736,abstraction:NextStepPathway,R-HSA-211733,4.390915582091128
R-HSA-211736,abstraction:NextStepPathway,R-HSA-211728,4.390915582091128
R-HSA-8850843,abstraction:NextStepPathway,R-HSA-196807,2.1411286746640528
R-HSA-8850843,abstraction:NextStepPathway,R-HSA-9660826,0
R-HSA-159740,abstraction:NextStepPathway,R-HSA-6806664,0
R-HSA-159740,abstraction:NextStepPathway,R-HSA-159763,6.847651354912432
R-HSA-77350,abstraction:NextStepPathway,R-HSA-611105,2.1411286746640528
R-HSA-77350,abstraction:NextStepPathway,R-HSA-77352,6.000353494525228
R-HSA-212718,abstraction:NextStepPathway,R-HSA-2029485,0
R-HSA-212718,abstraction:NextStepPathway,R-HSA-5218921,2.928983806765617
R-HSA-212718,abstraction:NextStepPathway,R-HSA-1489509,1.9228160506195084
R-HSA-174178,abstraction:NextStepPathway,R-HSA-174084,5.17367492134076
R-HSA-159763,abstraction:NextStepPathway,R-HSA-159782,6.847651354912432
R-HSA-174154,abstraction:NextStepPathway,R-HSA-176407,5.17367492134076
R-HSA-174154,abstraction:NextStepPathway,R-HSA-2467813,3.468926829102335
R-HSA-2122947,abstraction:NextStepPathway,R-HSA-8940973,0
R-HSA-2122947,abstraction:NextStepPathway,R-HSA-69202,0
R-HSA-2122947,abstraction:NextStepPathway,R-HSA-210744,0
R-HSA-2122947,abstraction:NextStepPathway,R-HSA-8941856,0
R-HSA-2122947,abstraction:NextStepPathway,R-HSA-9013508,5.001824664414101
R-HSA-2122947,abstraction:NextStepPathway,R-HSA-9793380,0
R-HSA-2122947,abstraction:NextStepPathway,R-HSA-1912408,5.001824664414101
R-HSA-209905,abstraction:NextStepPathway,R-HSA-181430,0
R-HSA-209905,abstraction:NextStepPathway,R-HSA-212676,0
R-HSA-435368,abstraction:NextStepPathway,R-HSA-264876,0
R-HSA-1834949,abstraction:NextStepPathway,R-HSA-844615,3.210065195186046
R-HSA-1834949,abstraction:NextStepPathway,R-HSA-168928,3.210065195186046
R-HSA-3371511,abstraction:NextStepPathway,R-HSA-3371571,6.559969282460651
R-HSA-3371511,abstraction:NextStepPathway,R-HSA-3371453,6.559969282460651
R-HSA-72172,abstraction:NextStepPathway,R-HSA-72203,3.957279597016267
R-HSA-8964026,abstraction:NextStepPathway,R-HSA-8964038,6.336825731146441
R-HSA-193993,abstraction:NextStepPathway,R-HSA-193048,6.336825731146441
R-HSA-193993,abstraction:NextStepPathway,R-HSA-211976,2.1411286746640528
R-HSA-1660510,abstraction:NextStepPathway,R-HSA-6811558,0
R-HSA-1660510,abstraction:NextStepPathway,R-HSA-1660499,5.381314286119005
R-HSA-9833109,abstraction:NextStepPathway,R-HSA-909733,0
R-HSA-9833109,abstraction:NextStepPathway,R-HSA-918233,0
R-HSA-444473,abstraction:NextStepPathway,R-HSA-418594,3.83538977940723
R-HSA-168181,abstraction:NextStepPathway,R-HSA-975155,4.139601153810221
R-HSA-9761174,abstraction:NextStepPathway,R-HSA-9830364,3.227764772285447
R-HSA-9645460,abstraction:NextStepPathway,R-HSA-445989,3.210065195186046
R-HSA-9645460,abstraction:NextStepPathway,R-HSA-9705671,0
R-HSA-9645460,abstraction:NextStepPathway,R-HSA-168638,3.210065195186046
R-HSA-9645460,abstraction:NextStepPathway,R-HSA-9020702,2.5802876285586898
R-HSA-381340,abstraction:NextStepPathway,R-HSA-163680,0
R-HSA-381340,abstraction:NextStepPathway,R-HSA-1989781,0
R-HSA-5654700,abstraction:NextStepPathway,R-HSA-5673001,1.9228160506195084
R-HSA-5654700,abstraction:NextStepPathway,R-HSA-5654695,6.559969282460651
R-HSA-5654700,abstraction:NextStepPathway,R-HSA-5654727,5.548368370782171
R-HSA-198753,abstraction:NextStepPathway,R-HSA-199920,6.559969282460651
R-HSA-198753,abstraction:NextStepPathway,R-HSA-2559582,0
R-HSA-198753,abstraction:NextStepPathway,R-HSA-9634638,1.9228160506195084
R-HSA-198753,abstraction:NextStepPathway,R-HSA-881907,1.9228160506195084
R-HSA-198753,abstraction:NextStepPathway,R-HSA-375165,0
R-HSA-2151201,abstraction:NextStepPathway,R-HSA-111931,0
R-HSA-2151201,abstraction:NextStepPathway,R-HSA-9634638,0
R-HSA-2151201,abstraction:NextStepPathway,R-HSA-9707616,0
R-HSA-2151201,abstraction:NextStepPathway,R-HSA-111932,0
R-HSA-2151201,abstraction:NextStepPathway,R-HSA-9931509,0
R-HSA-2151201,abstraction:NextStepPathway,R-HSA-163282,0
R-HSA-2151201,abstraction:NextStepPathway,R-HSA-163316,0
R-HSA-2151201,abstraction:NextStepPathway,R-HSA-9933387,0
R-HSA-2151201,abstraction:NextStepPathway,R-HSA-9031628,0
R-HSA-2151201,abstraction:NextStepPathway,R-HSA-1989781,0
R-HSA-8851805,abstraction:NextStepPathway,R-HSA-5673001,1.9228160506195084
R-HSA-532668,abstraction:NextStepPathway,R-HSA-901042,4.810769427651391
R-HSA-182971,abstraction:NextStepPathway,R-HSA-912526,0
R-HSA-77285,abstraction:NextStepPathway,R-HSA-611105,2.1411286746640528
R-HSA-77285,abstraction:NextStepPathway,R-HSA-77310,6.000353494525228
R-HSA-9018677,abstraction:NextStepPathway,R-HSA-9026766,4.9505313700265505
R-HSA-9018677,abstraction:NextStepPathway,R-HSA-9027307,4.9505313700265505
R-HSA-9018677,abstraction:NextStepPathway,R-HSA-9020265,4.9505313700265505
R-HSA-9018677,abstraction:NextStepPathway,R-HSA-9018682,4.9505313700265505
R-HSA-9018677,abstraction:NextStepPathway,R-HSA-9026762,4.9505313700265505
R-HSA-9018677,abstraction:NextStepPathway,R-HSA-9018676,4.9505313700265505
R-HSA-9018677,abstraction:NextStepPathway,R-HSA-9018681,4.9505313700265505
R-HSA-9636383,abstraction:NextStepPathway,R-HSA-9636569,5.866822101900706
R-HSA-166166,abstraction:NextStepPathway,R-HSA-937072,4.855221190222226
R-HSA-166166,abstraction:NextStepPathway,R-HSA-936964,4.855221190222226
R-HSA-166166,abstraction:NextStepPathway,R-HSA-937041,4.855221190222226
R-HSA-8963889,abstraction:NextStepPathway,R-HSA-8963901,6.559969282460651
R-HSA-8941333,abstraction:NextStepPathway,R-HSA-8939246,3.5274230357839436
R-HSA-71403,abstraction:NextStepPathway,R-HSA-611105,5.113050299524325
R-HSA-71403,abstraction:NextStepPathway,R-HSA-428643,0
R-HSA-71403,abstraction:NextStepPathway,R-HSA-9856872,5.113050299524325
R-HSA-71403,abstraction:NextStepPathway,R-HSA-9853506,5.113050299524325
R-HSA-71403,abstraction:NextStepPathway,R-HSA-8964539,2.1411286746640528
R-HSA-71403,abstraction:NextStepPathway,R-HSA-70268,5.113050299524325
R-HSA-71403,abstraction:NextStepPathway,R-HSA-1237044,0
R-HSA-71403,abstraction:NextStepPathway,R-HSA-1475029,2.1411286746640528
R-HSA-418346,abstraction:NextStepPathway,R-HSA-139853,4.308677483854155
R-HSA-9859138,abstraction:NextStepPathway,R-HSA-70895,4.185063527886979
R-HSA-5610780,abstraction:NextStepPathway,R-HSA-5632684,5.643678550586496
R-HSA-193807,abstraction:NextStepPathway,R-HSA-211994,2.1411286746640528
R-HSA-193807,abstraction:NextStepPathway,R-HSA-193368,6.847651354912432
R-HSA-111463,abstraction:NextStepPathway,R-HSA-111464,7.253116463020596
R-HSA-111463,abstraction:NextStepPathway,R-HSA-351906,4.390915582091128
R-HSA-202427,abstraction:NextStepPathway,R-HSA-202430,6.559969282460651
R-HSA-202427,abstraction:NextStepPathway,R-HSA-389948,4.232691576876234
R-HSA-210993,abstraction:NextStepPathway,R-HSA-5673001,0
R-HSA-2562578,abstraction:NextStepPathway,R-HSA-9758274,5.17367492134076
R-HSA-2562578,abstraction:NextStepPathway,R-HSA-75153,0
R-HSA-2562578,abstraction:NextStepPathway,R-HSA-140534,0
R-HSA-2562578,abstraction:NextStepPathway,R-HSA-264870,0
R-HSA-8931987,abstraction:NextStepPathway,R-HSA-9018519,0
R-HSA-8931987,abstraction:NextStepPathway,R-HSA-8939256,5.461356993792541
R-HSA-9708530,abstraction:NextStepPathway,R-HSA-9707587,5.238213442478331
R-HSA-9708530,abstraction:NextStepPathway,R-HSA-9707616,4.0961160418704825
R-HSA-9708530,abstraction:NextStepPathway,R-HSA-9818027,5.548368370782171
R-HSA-168176,abstraction:NextStepPathway,R-HSA-975871,4.139601153810221
R-HSA-71032,abstraction:NextStepPathway,R-HSA-71403,2.1411286746640528
R-HSA-5654689,abstraction:NextStepPathway,R-HSA-6811558,1.9228160506195084
R-HSA-5654689,abstraction:NextStepPathway,R-HSA-1257604,1.9228160506195084
R-HSA-5654689,abstraction:NextStepPathway,R-HSA-5654695,4.185063527886979
R-HSA-5654689,abstraction:NextStepPathway,R-HSA-5654720,4.185063527886979
R-HSA-5654689,abstraction:NextStepPathway,R-HSA-5654710,4.185063527886979
R-HSA-112412,abstraction:NextStepPathway,R-HSA-5673001,1.9228160506195084
R-HSA-112412,abstraction:NextStepPathway,R-HSA-74749,5.866822101900706
R-HSA-9818564,abstraction:NextStepPathway,R-HSA-9772755,6.559969282460651
R-HSA-9818564,abstraction:NextStepPathway,R-HSA-9841922,6.559969282460651
R-HSA-9860927,abstraction:NextStepPathway,R-HSA-9856530,7.253116463020596
R-HSA-9860927,abstraction:NextStepPathway,R-HSA-2871809,0
R-HSA-9860927,abstraction:NextStepPathway,R-HSA-8985947,0
R-HSA-9860927,abstraction:NextStepPathway,R-HSA-9664323,0
R-HSA-9860927,abstraction:NextStepPathway,R-HSA-445355,0
R-HSA-9860927,abstraction:NextStepPathway,R-HSA-9856532,6.559969282460651
R-HSA-9860927,abstraction:NextStepPathway,R-HSA-5218921,0
R-HSA-9860927,abstraction:NextStepPathway,R-HSA-111997,0
R-HSA-9860927,abstraction:NextStepPathway,R-HSA-9909649,0
R-HSA-9860927,abstraction:NextStepPathway,R-HSA-5607763,0
R-HSA-9860927,abstraction:NextStepPathway,R-HSA-983695,0
R-HSA-9860927,abstraction:NextStepPathway,R-HSA-2514859,0
R-HSA-9010553,abstraction:NextStepPathway,R-HSA-9830674,3.227764772285447
R-HSA-9010553,abstraction:NextStepPathway,R-HSA-8985801,5.866822101900706
R-HSA-9010553,abstraction:NextStepPathway,R-HSA-9010642,5.866822101900706
R-HSA-9010553,abstraction:NextStepPathway,R-HSA-376176,4.308677483854155
R-HSA-9010553,abstraction:NextStepPathway,R-HSA-428542,5.866822101900706
R-HSA-167242,abstraction:NextStepPathway,R-HSA-167287,5.381314286119005
R-HSA-167242,abstraction:NextStepPathway,R-HSA-167290,5.381314286119005
R-HSA-9793380,abstraction:NextStepPathway,R-HSA-9824272,5.548368370782171
R-HSA-8963888,abstraction:NextStepPathway,R-HSA-8963901,5.238213442478331
R-HSA-9931510,abstraction:NextStepPathway,R-HSA-9707616,0
R-HSA-9931510,abstraction:NextStepPathway,R-HSA-9931509,5.749039066244322
R-HSA-9931510,abstraction:NextStepPathway,R-HSA-9931512,5.749039066244322
R-HSA-9931510,abstraction:NextStepPathway,R-HSA-9933387,5.749039066244322
R-HSA-9931510,abstraction:NextStepPathway,R-HSA-9931530,5.749039066244322
R-HSA-1810476,abstraction:NextStepPathway,R-HSA-933542,3.210065195186046
R-HSA-1810476,abstraction:NextStepPathway,R-HSA-445989,3.210065195186046
R-HSA-1810476,abstraction:NextStepPathway,R-HSA-3134963,5.643678550586496
R-HSA-422085,abstraction:NextStepPathway,R-HSA-375276,0
R-HSA-163615,abstraction:NextStepPathway,R-HSA-111931,6.559969282460651
R-HSA-163615,abstraction:NextStepPathway,R-HSA-9856530,0
R-HSA-163615,abstraction:NextStepPathway,R-HSA-164378,0
R-HSA-163615,abstraction:NextStepPathway,R-HSA-9634597,4.545066261918386
R-HSA-163615,abstraction:NextStepPathway,R-HSA-111957,6.559969282460651
R-HSA-163615,abstraction:NextStepPathway,R-HSA-9664323,0
R-HSA-163615,abstraction:NextStepPathway,R-HSA-163560,0
R-HSA-163615,abstraction:NextStepPathway,R-HSA-442720,0
R-HSA-163615,abstraction:NextStepPathway,R-HSA-432040,0
R-HSA-163615,abstraction:NextStepPathway,R-HSA-180024,5.307206313965283
R-HSA-163615,abstraction:NextStepPathway,R-HSA-163358,0
R-HSA-163615,abstraction:NextStepPathway,R-HSA-9634600,0
R-HSA-163615,abstraction:NextStepPathway,R-HSA-9660821,0
R-HSA-75157,abstraction:NextStepPathway,R-HSA-69416,0
R-HSA-75157,abstraction:NextStepPathway,R-HSA-5218900,0
R-HSA-75157,abstraction:NextStepPathway,R-HSA-3371378,0
R-HSA-9754706,abstraction:NextStepPathway,R-HSA-191273,0
R-HSA-6781823,abstraction:NextStepPathway,R-HSA-6782135,6.847651354912432
R-HSA-9669933,abstraction:NextStepPathway,R-HSA-9670439,5.381314286119005
R-HSA-444821,abstraction:NextStepPathway,R-HSA-418594,3.83538977940723
R-HSA-444821,abstraction:NextStepPathway,R-HSA-418555,3.83538977940723
R-HSA-444821,abstraction:NextStepPathway,R-HSA-9660821,0
R-HSA-1222387,abstraction:NextStepPathway,R-HSA-1222541,6.559969282460651
R-HSA-174184,abstraction:NextStepPathway,R-HSA-176409,6.000353494525228
R-HSA-9729902,abstraction:NextStepPathway,R-HSA-5657655,6.336825731146441
R-HSA-1799339,abstraction:NextStepPathway,R-HSA-264876,3.0787291931249587
R-HSA-9753512,abstraction:NextStepPathway,R-HSA-9649948,6.559969282460651
R-HSA-9694686,abstraction:NextStepPathway,R-HSA-9694676,6.000353494525228
R-HSA-9694686,abstraction:NextStepPathway,R-HSA-9694322,4.768209813232596
R-HSA-9694686,abstraction:NextStepPathway,R-HSA-9694786,7.253116463020596
R-HSA-2871837,abstraction:NextStepPathway,R-HSA-209560,0
R-HSA-2871837,abstraction:NextStepPathway,R-HSA-5607764,3.210065195186046
R-HSA-2871837,abstraction:NextStepPathway,R-HSA-9909649,2.5802876285586898
R-HSA-2871837,abstraction:NextStepPathway,R-HSA-9020702,2.5802876285586898
R-HSA-2871837,abstraction:NextStepPathway,R-HSA-202424,2.5802876285586898
R-HSA-8939902,abstraction:NextStepPathway,R-HSA-8941326,6.154504174352486
R-HSA-8939902,abstraction:NextStepPathway,R-HSA-8940973,6.154504174352486
R-HSA-8939902,abstraction:NextStepPathway,R-HSA-2032785,3.5274230357839436
R-HSA-8939902,abstraction:NextStepPathway,R-HSA-8941284,6.154504174352486
R-HSA-8939902,abstraction:NextStepPathway,R-HSA-8878166,3.5274230357839436
R-HSA-392517,abstraction:NextStepPathway,R-HSA-354192,0
R-HSA-1362300,abstraction:NextStepPathway,R-HSA-69205,5.238213442478331
R-HSA-1362300,abstraction:NextStepPathway,R-HSA-1362277,7.253116463020596
R-HSA-205043,abstraction:NextStepPathway,R-HSA-193648,6.847651354912432
R-HSA-205043,abstraction:NextStepPathway,R-HSA-9673324,0
R-HSA-2565942,abstraction:NextStepPathway,R-HSA-162658,3.468926829102335
R-HSA-2565942,abstraction:NextStepPathway,R-HSA-2299718,3.468926829102335
R-HSA-2565942,abstraction:NextStepPathway,R-HSA-9648025,3.468926829102335
R-HSA-2565942,abstraction:NextStepPathway,R-HSA-68881,3.468926829102335
R-HSA-2565942,abstraction:NextStepPathway,R-HSA-2500257,3.468926829102335
R-HSA-2565942,abstraction:NextStepPathway,R-HSA-156711,5.548368370782171
R-HSA-2565942,abstraction:NextStepPathway,R-HSA-2980767,3.468926829102335
R-HSA-111995,abstraction:NextStepPathway,R-HSA-2142816,0
R-HSA-111995,abstraction:NextStepPathway,R-HSA-2142753,0
R-HSA-111995,abstraction:NextStepPathway,R-HSA-140180,0
R-HSA-111995,abstraction:NextStepPathway,R-HSA-2162123,0
R-HSA-5687128,abstraction:NextStepPathway,R-HSA-2029482,0
R-HSA-5687128,abstraction:NextStepPathway,R-HSA-9909649,0
R-HSA-5687128,abstraction:NextStepPathway,R-HSA-5627123,1.9228160506195084
R-HSA-9634635,abstraction:NextStepPathway,R-HSA-114604,0
R-HSA-9020702,abstraction:NextStepPathway,R-HSA-5684264,5.643678550586496
R-HSA-9020702,abstraction:NextStepPathway,R-HSA-9758274,5.643678550586496
R-HSA-9020702,abstraction:NextStepPathway,R-HSA-933542,2.5802876285586898
R-HSA-9020702,abstraction:NextStepPathway,R-HSA-445989,5.643678550586496
R-HSA-9020702,abstraction:NextStepPathway,R-HSA-525793,0
R-HSA-9020702,abstraction:NextStepPathway,R-HSA-9909649,2.5802876285586898
R-HSA-9020702,abstraction:NextStepPathway,R-HSA-168638,2.5802876285586898
R-HSA-9020702,abstraction:NextStepPathway,R-HSA-9860276,2.5802876285586898
R-HSA-9020702,abstraction:NextStepPathway,R-HSA-1810476,2.5802876285586898
R-HSA-9730737,abstraction:NextStepPathway,R-HSA-110330,5.866822101900706
R-HSA-390651,abstraction:NextStepPathway,R-HSA-418594,3.83538977940723
R-HSA-390651,abstraction:NextStepPathway,R-HSA-418555,3.83538977940723
R-HSA-390651,abstraction:NextStepPathway,R-HSA-9660821,0
R-HSA-9700645,abstraction:NextStepPathway,R-HSA-9725371,5.548368370782171
R-HSA-2022854,abstraction:NextStepPathway,R-HSA-2022928,5.307206313965283
R-HSA-2022854,abstraction:NextStepPathway,R-HSA-2022857,7.253116463020596
R-HSA-9683686,abstraction:NextStepPathway,R-HSA-9679509,4.9505313700265505
R-HSA-1482788,abstraction:NextStepPathway,R-HSA-1483148,5.055891885684376
R-HSA-1482788,abstraction:NextStepPathway,R-HSA-1483191,5.055891885684376
R-HSA-1482788,abstraction:NextStepPathway,R-HSA-1483101,5.055891885684376
R-HSA-1482788,abstraction:NextStepPathway,R-HSA-1483166,5.055891885684376
R-HSA-1482788,abstraction:NextStepPathway,R-HSA-1483115,5.055891885684376
R-HSA-73772,abstraction:NextStepPathway,R-HSA-73863,6.336825731146441
R-HSA-73772,abstraction:NextStepPathway,R-HSA-427389,3.0117897104498494
R-HSA-73772,abstraction:NextStepPathway,R-HSA-427413,3.0117897104498494
R-HSA-6806942,abstraction:NextStepPathway,R-HSA-8874081,5.461356993792541
R-HSA-6806942,abstraction:NextStepPathway,R-HSA-8851907,5.461356993792541
R-HSA-6806942,abstraction:NextStepPathway,R-HSA-8875513,5.461356993792541
R-HSA-6806942,abstraction:NextStepPathway,R-HSA-6807004,5.461356993792541
R-HSA-6806942,abstraction:NextStepPathway,R-HSA-8875791,5.461356993792541
R-HSA-6806942,abstraction:NextStepPathway,R-HSA-8851805,5.461356993792541
R-HSA-1989781,abstraction:NextStepPathway,R-HSA-2022377,0
R-HSA-1989781,abstraction:NextStepPathway,R-HSA-400206,3.1422425988472846
R-HSA-1989781,abstraction:NextStepPathway,R-HSA-9861718,2.1411286746640528
R-HSA-5685942,abstraction:NextStepPathway,R-HSA-5693554,5.866822101900706
R-HSA-5685942,abstraction:NextStepPathway,R-HSA-5693568,5.866822101900706
R-HSA-9824585,abstraction:NextStepPathway,R-HSA-1445148,0
R-HSA-5635851,abstraction:NextStepPathway,R-HSA-5632684,5.643678550586496
R-HSA-9819196,abstraction:NextStepPathway,R-HSA-429947,0
R-HSA-9819196,abstraction:NextStepPathway,R-HSA-9820865,6.336825731146441
R-HSA-110329,abstraction:NextStepPathway,R-HSA-5649702,5.113050299524325
R-HSA-110329,abstraction:NextStepPathway,R-HSA-110357,5.113050299524325
R-HSA-982772,abstraction:NextStepPathway,R-HSA-2586552,0
R-HSA-982772,abstraction:NextStepPathway,R-HSA-9020558,3.741571024189575
R-HSA-982772,abstraction:NextStepPathway,R-HSA-512988,3.741571024189575
R-HSA-982772,abstraction:NextStepPathway,R-HSA-9703465,0
R-HSA-982772,abstraction:NextStepPathway,R-HSA-1170546,3.741571024189575
R-HSA-982772,abstraction:NextStepPathway,R-HSA-1266695,3.741571024189575
R-HSA-982772,abstraction:NextStepPathway,R-HSA-9702518,0
R-HSA-159227,abstraction:NextStepPathway,R-HSA-72662,0
R-HSA-174113,abstraction:NextStepPathway,R-HSA-176408,5.17367492134076
R-HSA-156581,abstraction:NextStepPathway,R-HSA-1614558,2.1411286746640528
R-HSA-156581,abstraction:NextStepPathway,R-HSA-549127,0
R-HSA-156581,abstraction:NextStepPathway,R-HSA-6798163,2.1411286746640528
R-HSA-156581,abstraction:NextStepPathway,R-HSA-1614635,2.1411286746640528
R-HSA-156581,abstraction:NextStepPathway,R-HSA-9759218,2.1411286746640528
R-HSA-156581,abstraction:NextStepPathway,R-HSA-351202,2.1411286746640528
R-HSA-156581,abstraction:NextStepPathway,R-HSA-1614603,2.1411286746640528
R-HSA-8852276,abstraction:NextStepPathway,R-HSA-69481,3.134079288208124
R-HSA-1483115,abstraction:NextStepPathway,R-HSA-1483191,5.055891885684376
R-HSA-1483115,abstraction:NextStepPathway,R-HSA-264642,0
R-HSA-1483115,abstraction:NextStepPathway,R-HSA-1483166,5.055891885684376
R-HSA-194313,abstraction:NextStepPathway,R-HSA-194138,2.928983806765617
R-HSA-194313,abstraction:NextStepPathway,R-HSA-195399,6.154504174352486
R-HSA-9694271,abstraction:NextStepPathway,R-HSA-9694686,6.000353494525228
R-HSA-111885,abstraction:NextStepPathway,R-HSA-202040,5.238213442478331
R-HSA-72203,abstraction:NextStepPathway,R-HSA-72163,3.957279597016267
R-HSA-72203,abstraction:NextStepPathway,R-HSA-72165,3.957279597016267
R-HSA-8949664,abstraction:NextStepPathway,R-HSA-8949215,3.683583766539226
R-HSA-9664422,abstraction:NextStepPathway,R-HSA-4420097,0
R-HSA-9664422,abstraction:NextStepPathway,R-HSA-9664323,5.381314286119005
R-HSA-9664422,abstraction:NextStepPathway,R-HSA-2029482,0
R-HSA-9664422,abstraction:NextStepPathway,R-HSA-114604,0
R-HSA-9664422,abstraction:NextStepPathway,R-HSA-5663213,0
R-HSA-9664422,abstraction:NextStepPathway,R-HSA-5627123,0
R-HSA-9660821,abstraction:NextStepPathway,R-HSA-111931,0
R-HSA-9660821,abstraction:NextStepPathway,R-HSA-418594,0
R-HSA-9660821,abstraction:NextStepPathway,R-HSA-9856530,0
R-HSA-9660821,abstraction:NextStepPathway,R-HSA-9634638,0
R-HSA-9660821,abstraction:NextStepPathway,R-HSA-164378,0
R-HSA-9660821,abstraction:NextStepPathway,R-HSA-9634597,0
R-HSA-9660821,abstraction:NextStepPathway,R-HSA-9664323,6.559969282460651
R-HSA-9660821,abstraction:NextStepPathway,R-HSA-163560,0
R-HSA-9660821,abstraction:NextStepPathway,R-HSA-418597,0
R-HSA-9660821,abstraction:NextStepPathway,R-HSA-442720,0
R-HSA-9660821,abstraction:NextStepPathway,R-HSA-111932,0
R-HSA-9660821,abstraction:NextStepPathway,R-HSA-163359,0
R-HSA-9660821,abstraction:NextStepPathway,R-HSA-432040,0
R-HSA-9660821,abstraction:NextStepPathway,R-HSA-180024,0
R-HSA-9660821,abstraction:NextStepPathway,R-HSA-418555,0
R-HSA-9660821,abstraction:NextStepPathway,R-HSA-163358,0
R-HSA-9660821,abstraction:NextStepPathway,R-HSA-9031628,0
R-HSA-9660821,abstraction:NextStepPathway,R-HSA-9634600,0
R-HSA-9660821,abstraction:NextStepPathway,R-HSA-163615,0
R-HSA-75108,abstraction:NextStepPathway,R-HSA-111457,5.001824664414101
R-HSA-75108,abstraction:NextStepPathway,R-HSA-111453,5.001824664414101
R-HSA-75108,abstraction:NextStepPathway,R-HSA-114294,5.001824664414101
R-HSA-75108,abstraction:NextStepPathway,R-HSA-5620971,4.232691576876234
R-HSA-75108,abstraction:NextStepPathway,R-HSA-111452,5.001824664414101
R-HSA-111459,abstraction:NextStepPathway,R-HSA-111469,5.866822101900706
R-HSA-111459,abstraction:NextStepPathway,R-HSA-5620971,4.232691576876234
R-HSA-111459,abstraction:NextStepPathway,R-HSA-111465,4.390915582091128
R-HSA-111459,abstraction:NextStepPathway,R-HSA-140342,4.390915582091128
R-HSA-111459,abstraction:NextStepPathway,R-HSA-264870,4.390915582091128
R-HSA-111459,abstraction:NextStepPathway,R-HSA-211736,4.390915582091128
R-HSA-111459,abstraction:NextStepPathway,R-HSA-351906,4.390915582091128
R-HSA-141444,abstraction:NextStepPathway,R-HSA-141430,6.559969282460651
R-HSA-141444,abstraction:NextStepPathway,R-HSA-141405,6.559969282460651
R-HSA-9759811,abstraction:NextStepPathway,R-HSA-9762292,6.559969282460651
R-HSA-74752,abstraction:NextStepPathway,R-HSA-74749,2.928983806765617
R-HSA-74752,abstraction:NextStepPathway,R-HSA-74713,2.928983806765617
R-HSA-74752,abstraction:NextStepPathway,R-HSA-77387,2.928983806765617
R-HSA-74752,abstraction:NextStepPathway,R-HSA-74751,2.928983806765617
R-HSA-174403,abstraction:NextStepPathway,R-HSA-156590,5.461356993792541
R-HSA-174403,abstraction:NextStepPathway,R-HSA-9753281,0
R-HSA-168164,abstraction:NextStepPathway,R-HSA-937072,4.139601153810221
R-HSA-168164,abstraction:NextStepPathway,R-HSA-9013973,4.139601153810221
R-HSA-168164,abstraction:NextStepPathway,R-HSA-9014325,4.139601153810221
R-HSA-168164,abstraction:NextStepPathway,R-HSA-168927,4.139601153810221
R-HSA-70635,abstraction:NextStepPathway,R-HSA-379716,0
R-HSA-70635,abstraction:NextStepPathway,R-HSA-8964539,4.185063527886979
R-HSA-70635,abstraction:NextStepPathway,R-HSA-71737,2.1411286746640528
R-HSA-139853,abstraction:NextStepPathway,R-HSA-114508,4.308677483854155
R-HSA-139853,abstraction:NextStepPathway,R-HSA-9856530,0
R-HSA-139853,abstraction:NextStepPathway,R-HSA-2871809,0
R-HSA-139853,abstraction:NextStepPathway,R-HSA-1169091,0
R-HSA-139853,abstraction:NextStepPathway,R-HSA-9664323,0
R-HSA-139853,abstraction:NextStepPathway,R-HSA-76005,4.308677483854155
R-HSA-139853,abstraction:NextStepPathway,R-HSA-445355,0
R-HSA-139853,abstraction:NextStepPathway,R-HSA-5218921,0
R-HSA-139853,abstraction:NextStepPathway,R-HSA-111997,0
R-HSA-139853,abstraction:NextStepPathway,R-HSA-5607763,0
R-HSA-139853,abstraction:NextStepPathway,R-HSA-2025928,0
R-HSA-139853,abstraction:NextStepPathway,R-HSA-5578775,0
R-HSA-139853,abstraction:NextStepPathway,R-HSA-983695,0
R-HSA-139853,abstraction:NextStepPathway,R-HSA-2514859,0
R-HSA-187577,abstraction:NextStepPathway,R-HSA-69202,5.866822101900706
R-HSA-187577,abstraction:NextStepPathway,R-HSA-8849470,0
R-HSA-187577,abstraction:NextStepPathway,R-HSA-69656,5.17367492134076
R-HSA-187577,abstraction:NextStepPathway,R-HSA-69231,5.238213442478331
R-HSA-9818749,abstraction:NextStepPathway,R-HSA-8951664,0
R-HSA-9818749,abstraction:NextStepPathway,R-HSA-9755511,5.238213442478331
R-HSA-9764725,abstraction:NextStepPathway,R-HSA-9764562,6.000353494525228
R-HSA-9764725,abstraction:NextStepPathway,R-HSA-9856649,0
R-HSA-2162123,abstraction:NextStepPathway,R-HSA-2142770,5.866822101900706
R-HSA-2162123,abstraction:NextStepPathway,R-HSA-9027604,3.1422425988472846
R-HSA-2162123,abstraction:NextStepPathway,R-HSA-9018679,3.1422425988472846
R-HSA-2162123,abstraction:NextStepPathway,R-HSA-140180,2.1411286746640528
R-HSA-2162123,abstraction:NextStepPathway,R-HSA-211979,2.1411286746640528
R-HSA-2162123,abstraction:NextStepPathway,R-HSA-9018677,3.1422425988472846
R-HSA-427389,abstraction:NextStepPathway,R-HSA-73863,3.0117897104498494
R-HSA-427389,abstraction:NextStepPathway,R-HSA-427413,5.055891885684376
R-HSA-1912408,abstraction:NextStepPathway,R-HSA-1912399,6.559969282460651
R-HSA-198933,abstraction:NextStepPathway,R-HSA-5676594,2.5802876285586898
R-HSA-8963684,abstraction:NextStepPathway,R-HSA-2142789,2.1411286746640528
R-HSA-1250342,abstraction:NextStepPathway,R-HSA-6811558,1.9228160506195084
R-HSA-1250342,abstraction:NextStepPathway,R-HSA-1257604,1.9228160506195084
R-HSA-1482922,abstraction:NextStepPathway,R-HSA-1483196,5.055891885684376
R-HSA-1482922,abstraction:NextStepPathway,R-HSA-1483248,4.480527740780815
R-HSA-5693548,abstraction:NextStepPathway,R-HSA-6804760,0
R-HSA-5693548,abstraction:NextStepPathway,R-HSA-69541,0
R-HSA-5693548,abstraction:NextStepPathway,R-HSA-5693565,7.253116463020596
R-HSA-5693548,abstraction:NextStepPathway,R-HSA-6804756,0
R-HSA-5693548,abstraction:NextStepPathway,R-HSA-6803204,0
R-HSA-5693548,abstraction:NextStepPathway,R-HSA-5693538,5.238213442478331
R-HSA-5693548,abstraction:NextStepPathway,R-HSA-349425,0
R-HSA-5693548,abstraction:NextStepPathway,R-HSA-5685939,5.238213442478331
R-HSA-5693548,abstraction:NextStepPathway,R-HSA-6803207,0
R-HSA-5693548,abstraction:NextStepPathway,R-HSA-2559586,0
R-HSA-5693548,abstraction:NextStepPathway,R-HSA-6804757,0
R-HSA-5693548,abstraction:NextStepPathway,R-HSA-5693606,5.238213442478331
R-HSA-72187,abstraction:NextStepPathway,R-HSA-9930044,3.957279597016267
R-HSA-72187,abstraction:NextStepPathway,R-HSA-73856,0
R-HSA-72187,abstraction:NextStepPathway,R-HSA-159236,5.643678550586496
R-HSA-70221,abstraction:NextStepPathway,R-HSA-3322077,7.253116463020596
R-HSA-70221,abstraction:NextStepPathway,R-HSA-70263,4.362744705124431
R-HSA-70221,abstraction:NextStepPathway,R-HSA-70370,4.362744705124431
R-HSA-70221,abstraction:NextStepPathway,R-HSA-173599,2.1411286746640528
R-HSA-1855229,abstraction:NextStepPathway,R-HSA-1855191,5.461356993792541
R-HSA-1855229,abstraction:NextStepPathway,R-HSA-1855192,5.461356993792541
R-HSA-2980767,abstraction:NextStepPathway,R-HSA-3301854,6.847651354912432
R-HSA-2980767,abstraction:NextStepPathway,R-HSA-9648025,4.810769427651391
R-HSA-139910,abstraction:NextStepPathway,R-HSA-111453,5.001824664414101
R-HSA-168928,abstraction:NextStepPathway,R-HSA-936440,3.210065195186046
R-HSA-168928,abstraction:NextStepPathway,R-HSA-933543,3.210065195186046
R-HSA-168928,abstraction:NextStepPathway,R-HSA-918233,3.210065195186046
R-HSA-168928,abstraction:NextStepPathway,R-HSA-9705671,0
R-HSA-168928,abstraction:NextStepPathway,R-HSA-9833109,0
R-HSA-1502540,abstraction:NextStepPathway,R-HSA-2173795,5.17367492134076
R-HSA-1502540,abstraction:NextStepPathway,R-HSA-9754189,0
R-HSA-1502540,abstraction:NextStepPathway,R-HSA-2173796,5.17367492134076
R-HSA-1502540,abstraction:NextStepPathway,R-HSA-9796292,0
R-HSA-1502540,abstraction:NextStepPathway,R-HSA-2173789,5.17367492134076
R-HSA-1502540,abstraction:NextStepPathway,R-HSA-1181150,0
R-HSA-1502540,abstraction:NextStepPathway,R-HSA-8941855,0
R-HSA-1502540,abstraction:NextStepPathway,R-HSA-9823730,0
R-HSA-1502540,abstraction:NextStepPathway,R-HSA-9617828,0
R-HSA-181429,abstraction:NextStepPathway,R-HSA-181430,5.749039066244322
R-HSA-181429,abstraction:NextStepPathway,R-HSA-390666,0
R-HSA-181429,abstraction:NextStepPathway,R-HSA-212676,5.749039066244322
R-HSA-114608,abstraction:NextStepPathway,R-HSA-140875,4.308677483854155
R-HSA-114608,abstraction:NextStepPathway,R-HSA-140837,4.308677483854155
R-HSA-6804757,abstraction:NextStepPathway,R-HSA-2559585,0
R-HSA-6804757,abstraction:NextStepPathway,R-HSA-2559580,0
R-HSA-6804757,abstraction:NextStepPathway,R-HSA-6804760,5.866822101900706
R-HSA-6804757,abstraction:NextStepPathway,R-HSA-1257604,0
R-HSA-6804757,abstraction:NextStepPathway,R-HSA-69541,0
R-HSA-6804757,abstraction:NextStepPathway,R-HSA-8941858,3.5274230357839436
R-HSA-6804757,abstraction:NextStepPathway,R-HSA-6804756,5.866822101900706
R-HSA-6804757,abstraction:NextStepPathway,R-HSA-69481,0
R-HSA-6804757,abstraction:NextStepPathway,R-HSA-5689880,0
R-HSA-6804757,abstraction:NextStepPathway,R-HSA-198323,0
R-HSA-6804757,abstraction:NextStepPathway,R-HSA-8852276,0
R-HSA-2468052,abstraction:NextStepPathway,R-HSA-2500257,3.468926829102335
R-HSA-8847453,abstraction:NextStepPathway,R-HSA-6811555,0
R-HSA-112382,abstraction:NextStepPathway,R-HSA-75955,3.3923867519800006
R-HSA-427413,abstraction:NextStepPathway,R-HSA-73863,3.0117897104498494
R-HSA-427413,abstraction:NextStepPathway,R-HSA-427389,5.055891885684376
R-HSA-446210,abstraction:NextStepPathway,R-HSA-2142845,0
R-HSA-446210,abstraction:NextStepPathway,R-HSA-446193,4.810769427651391
R-HSA-446210,abstraction:NextStepPathway,R-HSA-70171,0
R-HSA-6807062,abstraction:NextStepPathway,R-HSA-196791,5.055891885684376
R-HSA-6807062,abstraction:NextStepPathway,R-HSA-191273,5.055891885684376
R-HSA-6807062,abstraction:NextStepPathway,R-HSA-211897,2.1411286746640528
R-HSA-4641257,abstraction:NextStepPathway,R-HSA-201681,4.901741205857118
R-HSA-4641257,abstraction:NextStepPathway,R-HSA-5689880,0
R-HSA-5423646,abstraction:NextStepPathway,R-HSA-156590,4.480527740780815
R-HSA-3371378,abstraction:NextStepPathway,R-HSA-5357905,0
R-HSA-6791226,abstraction:NextStepPathway,R-HSA-9930044,3.957279597016267
R-HSA-1362409,abstraction:NextStepPathway,R-HSA-9854311,2.1411286746640528
R-HSA-444209,abstraction:NextStepPathway,R-HSA-418594,3.83538977940723
R-HSA-444209,abstraction:NextStepPathway,R-HSA-416476,3.83538977940723
R-HSA-2408550,abstraction:NextStepPathway,R-HSA-2408499,6.154504174352486
R-HSA-2408550,abstraction:NextStepPathway,R-HSA-2408508,6.154504174352486
R-HSA-2408550,abstraction:NextStepPathway,R-HSA-2408557,6.154504174352486
R-HSA-9617828,abstraction:NextStepPathway,R-HSA-69563,0
R-HSA-9617828,abstraction:NextStepPathway,R-HSA-69202,0
R-HSA-9617828,abstraction:NextStepPathway,R-HSA-6804116,3.5274230357839436
R-HSA-9617828,abstraction:NextStepPathway,R-HSA-69895,0
R-HSA-9617828,abstraction:NextStepPathway,R-HSA-69656,0
R-HSA-9617828,abstraction:NextStepPathway,R-HSA-2559586,0
R-HSA-1963642,abstraction:NextStepPathway,R-HSA-6811558,1.9228160506195084
R-HSA-1963642,abstraction:NextStepPathway,R-HSA-1257604,1.9228160506195084
R-HSA-168288,abstraction:NextStepPathway,R-HSA-168336,7.253116463020596
R-HSA-168927,abstraction:NextStepPathway,R-HSA-1810476,3.210065195186046
R-HSA-9694614,abstraction:NextStepPathway,R-HSA-9694676,6.000353494525228
R-HSA-9694614,abstraction:NextStepPathway,R-HSA-9694786,6.000353494525228
R-HSA-9694614,abstraction:NextStepPathway,R-HSA-9694686,6.000353494525228
R-HSA-211981,abstraction:NextStepPathway,R-HSA-156590,4.480527740780815
R-HSA-5696394,abstraction:NextStepPathway,R-HSA-5696395,6.559969282460651
R-HSA-8849471,abstraction:NextStepPathway,R-HSA-5625970,1.9228160506195084
R-HSA-8849471,abstraction:NextStepPathway,R-HSA-4420097,1.9228160506195084
R-HSA-8849471,abstraction:NextStepPathway,R-HSA-5625900,1.9228160506195084
R-HSA-8849471,abstraction:NextStepPathway,R-HSA-389359,0
R-HSA-8849471,abstraction:NextStepPathway,R-HSA-399955,0
R-HSA-8849471,abstraction:NextStepPathway,R-HSA-5663220,1.9228160506195084
R-HSA-8849471,abstraction:NextStepPathway,R-HSA-2029482,0
R-HSA-8849471,abstraction:NextStepPathway,R-HSA-5626467,1.9228160506195084
R-HSA-8849471,abstraction:NextStepPathway,R-HSA-5663213,1.9228160506195084
R-HSA-8849471,abstraction:NextStepPathway,R-HSA-5625740,1.9228160506195084
R-HSA-8849471,abstraction:NextStepPathway,R-HSA-5627123,1.9228160506195084
R-HSA-8849471,abstraction:NextStepPathway,R-HSA-5687128,1.9228160506195084
R-HSA-8849471,abstraction:NextStepPathway,R-HSA-9664422,0
R-HSA-453279,abstraction:NextStepPathway,R-HSA-69239,3.468926829102335
R-HSA-453279,abstraction:NextStepPathway,R-HSA-69620,3.134079288208124
R-HSA-453279,abstraction:NextStepPathway,R-HSA-69278,3.134079288208124
R-HSA-159418,abstraction:NextStepPathway,R-HSA-193368,6.336825731146441
R-HSA-159418,abstraction:NextStepPathway,R-HSA-879518,0
R-HSA-159418,abstraction:NextStepPathway,R-HSA-192105,6.336825731146441
R-HSA-159418,abstraction:NextStepPathway,R-HSA-211976,2.1411286746640528
R-HSA-159418,abstraction:NextStepPathway,R-HSA-193807,6.336825731146441
R-HSA-159418,abstraction:NextStepPathway,R-HSA-1989781,3.1422425988472846
R-HSA-190371,abstraction:NextStepPathway,R-HSA-5654227,5.643678550586496
R-HSA-190371,abstraction:NextStepPathway,R-HSA-5654706,5.643678550586496
R-HSA-190371,abstraction:NextStepPathway,R-HSA-5654704,5.643678550586496
R-HSA-749476,abstraction:NextStepPathway,R-HSA-6784531,0
R-HSA-749476,abstraction:NextStepPathway,R-HSA-6782315,0
R-HSA-749476,abstraction:NextStepPathway,R-HSA-73780,6.000353494525228
R-HSA-749476,abstraction:NextStepPathway,R-HSA-73980,6.000353494525228
R-HSA-202424,abstraction:NextStepPathway,R-HSA-6811558,0
R-HSA-202424,abstraction:NextStepPathway,R-HSA-209560,0
R-HSA-202424,abstraction:NextStepPathway,R-HSA-389357,4.232691576876234
R-HSA-202424,abstraction:NextStepPathway,R-HSA-1257604,0
R-HSA-202424,abstraction:NextStepPathway,R-HSA-392451,0
R-HSA-202424,abstraction:NextStepPathway,R-HSA-1855204,0
R-HSA-202424,abstraction:NextStepPathway,R-HSA-114604,0
R-HSA-202424,abstraction:NextStepPathway,R-HSA-5607764,2.5802876285586898
R-HSA-202424,abstraction:NextStepPathway,R-HSA-9909649,4.232691576876234
R-HSA-202424,abstraction:NextStepPathway,R-HSA-1660499,0
R-HSA-202424,abstraction:NextStepPathway,R-HSA-2730905,2.5802876285586898
R-HSA-202424,abstraction:NextStepPathway,R-HSA-5218920,0
R-HSA-202424,abstraction:NextStepPathway,R-HSA-1660516,0
R-HSA-202424,abstraction:NextStepPathway,R-HSA-2871837,2.5802876285586898
R-HSA-202424,abstraction:NextStepPathway,R-HSA-9020702,2.5802876285586898
R-HSA-499943,abstraction:NextStepPathway,R-HSA-5628897,0
R-HSA-499943,abstraction:NextStepPathway,R-HSA-3299685,0
R-HSA-499943,abstraction:NextStepPathway,R-HSA-83936,0
R-HSA-499943,abstraction:NextStepPathway,R-HSA-9818027,0
R-HSA-167162,abstraction:NextStepPathway,R-HSA-167160,5.381314286119005
R-HSA-2485179,abstraction:NextStepPathway,R-HSA-2514859,7.253116463020596
R-HSA-9018896,abstraction:NextStepPathway,R-HSA-373076,0
