source,interaction,target,weight
reactome:Pathway275,abstraction:IsAChildOf,reactome:Pathway274,
reactome:Pathway926,abstraction:IsAChildOf,reactome:Pathway909,
reactome:Pathway776,abstraction:IsAChildOf,reactome:Pathway768,
reactome:Pathway759,abstraction:IsAChildOf,reactome:Pathway755,
reactome:Pathway809,abstraction:IsAChildOf,reactome:Pathway784,
reactome:Pathway978,abstraction:IsAChildOf,reactome:Pathway966,
reactome:Pathway779,abstraction:IsAChildOf,reactome:Pathway768,
reactome:Pathway1930,abstraction:IsAChildOf,reactome:Pathway1927,
reactome:Pathway305,abstraction:IsAChildOf,reactome:Pathway290,
reactome:Pathway754,abstraction:IsAChildOf,reactome:Pathway751,
reactome:Pathway781,abstraction:IsAChildOf,reactome:Pathway768,
reactome:Pathway2753,abstraction:IsAChildOf,reactome:Pathway2751,
reactome:Pathway2621,abstraction:IsAChildOf,reactome:Pathway2619,
reactome:Pathway230,abstraction:IsAChildOf,reactome:Pathway226,
reactome:Pathway59,abstraction:IsAChildOf,reactome:Pathway54,
reactome:Pathway2806,abstraction:IsAChildOf,reactome:Pathway2805,
reactome:Pathway2136,abstraction:IsAChildOf,reactome:Pathway2130,
reactome:Pathway1028,abstraction:IsAChildOf,reactome:Pathway1021,
reactome:Pathway2725,abstraction:IsAChildOf,reactome:Pathway2723,
reactome:Pathway627,abstraction:IsAChildOf,reactome:Pathway625,
reactome:Pathway506,abstraction:IsAChildOf,reactome:Pathway504,
reactome:Pathway1554,abstraction:IsAChildOf,reactome:Pathway1553,
reactome:Pathway2372,abstraction:IsAChildOf,reactome:Pathway2434,
reactome:Pathway1647,abstraction:IsAChildOf,reactome:Pathway1645,
reactome:Pathway2560,abstraction:IsAChildOf,reactome:Pathway2559,
reactome:Pathway381,abstraction:IsAChildOf,reactome:Pathway373,
reactome:Pathway1641,abstraction:IsAChildOf,reactome:Pathway1636,
reactome:Pathway1524,abstraction:IsAChildOf,reactome:Pathway1523,
reactome:Pathway2584,abstraction:IsAChildOf,reactome:Pathway2583,
reactome:Pathway1115,abstraction:IsAChildOf,reactome:Pathway1095,
reactome:Pathway125,abstraction:IsAChildOf,reactome:Pathway122,
reactome:Pathway845,abstraction:IsAChildOf,reactome:Pathway784,
reactome:Pathway1685,abstraction:IsAChildOf,reactome:Pathway1684,
reactome:Pathway1925,abstraction:IsAChildOf,reactome:Pathway1881,
reactome:Pathway981,abstraction:IsAChildOf,reactome:Pathway966,
reactome:Pathway315,abstraction:IsAChildOf,reactome:Pathway313,
reactome:Pathway1515,abstraction:IsAChildOf,reactome:Pathway1489,
reactome:Pathway519,abstraction:IsAChildOf,reactome:Pathway518,
reactome:Pathway669,abstraction:IsAChildOf,reactome:Pathway665,
reactome:Pathway2327,abstraction:IsAChildOf,reactome:Pathway2316,
reactome:Pathway1684,abstraction:IsAChildOf,reactome:Pathway1318,
reactome:Pathway1800,abstraction:IsAChildOf,reactome:Pathway1799,
reactome:Pathway53,abstraction:IsAChildOf,reactome:Pathway51,
reactome:Pathway1696,abstraction:IsAChildOf,reactome:Pathway1694,
reactome:Pathway1065,abstraction:IsAChildOf,reactome:Pathway1063,
reactome:Pathway1879,abstraction:IsAChildOf,reactome:Pathway1876,
reactome:Pathway1024,abstraction:IsAChildOf,reactome:Pathway1022,
reactome:Pathway2180,abstraction:IsAChildOf,reactome:Pathway2179,
reactome:Pathway1260,abstraction:IsAChildOf,reactome:Pathway1252,
reactome:Pathway1214,abstraction:IsAChildOf,reactome:Pathway1213,
reactome:Pathway428,abstraction:IsAChildOf,reactome:Pathway427,
reactome:Pathway2524,abstraction:IsAChildOf,reactome:Pathway2523,
reactome:Pathway863,abstraction:IsAChildOf,reactome:Pathway856,
reactome:Pathway2451,abstraction:IsAChildOf,reactome:Pathway2448,
reactome:Pathway2681,abstraction:IsAChildOf,reactome:Pathway2672,
reactome:Pathway2589,abstraction:IsAChildOf,reactome:Pathway2588,
reactome:Pathway171,abstraction:IsAChildOf,reactome:Pathway170,
reactome:Pathway291,abstraction:IsAChildOf,reactome:Pathway290,
reactome:Pathway1469,abstraction:IsAChildOf,reactome:Pathway1467,
reactome:Pathway1213,abstraction:IsAChildOf,reactome:Pathway1211,
reactome:Pathway1878,abstraction:IsAChildOf,reactome:Pathway1876,
reactome:Pathway651,abstraction:IsAChildOf,reactome:Pathway645,
reactome:Pathway1958,abstraction:IsAChildOf,reactome:Pathway1957,
reactome:Pathway2817,abstraction:IsAChildOf,reactome:Pathway2811,
reactome:Pathway2509,abstraction:IsAChildOf,reactome:Pathway2507,
reactome:Pathway974,abstraction:IsAChildOf,reactome:Pathway966,
reactome:Pathway1491,abstraction:IsAChildOf,reactome:Pathway1490,
reactome:Pathway2481,abstraction:IsAChildOf,reactome:Pathway2480,
reactome:Pathway179,abstraction:IsAChildOf,reactome:Pathway173,
reactome:Pathway1673,abstraction:IsAChildOf,reactome:Pathway1667,
reactome:Pathway482,abstraction:IsAChildOf,reactome:Pathway481,
reactome:Pathway924,abstraction:IsAChildOf,reactome:Pathway909,
reactome:Pathway2356,abstraction:IsAChildOf,reactome:Pathway2355,
reactome:Pathway4,abstraction:IsAChildOf,reactome:Pathway3,
reactome:Pathway2682,abstraction:IsAChildOf,reactome:Pathway2672,
reactome:Pathway2456,abstraction:IsAChildOf,reactome:Pathway2454,
reactome:Pathway1538,abstraction:IsAChildOf,reactome:Pathway1519,
reactome:Pathway959,abstraction:IsAChildOf,reactome:Pathway951,
reactome:Pathway242,abstraction:IsAChildOf,reactome:Pathway240,
reactome:Pathway2354,abstraction:IsAChildOf,reactome:Pathway2353,
reactome:Pathway1972,abstraction:IsAChildOf,reactome:Pathway1971,
reactome:Pathway2786,abstraction:IsAChildOf,reactome:Pathway2783,
reactome:Pathway1526,abstraction:IsAChildOf,reactome:Pathway1525,
reactome:Pathway1353,abstraction:IsAChildOf,reactome:Pathway1352,
reactome:Pathway1909,abstraction:IsAChildOf,reactome:Pathway1908,
reactome:Pathway2149,abstraction:IsAChildOf,reactome:Pathway2072,
reactome:Pathway1137,abstraction:IsAChildOf,reactome:Pathway1135,
reactome:Pathway2011,abstraction:IsAChildOf,reactome:Pathway2010,
reactome:Pathway1236,abstraction:IsAChildOf,reactome:Pathway533,
reactome:Pathway1783,abstraction:IsAChildOf,reactome:Pathway1782,
reactome:Pathway1911,abstraction:IsAChildOf,reactome:Pathway1893,
reactome:Pathway2001,abstraction:IsAChildOf,reactome:Pathway1997,
reactome:Pathway2370,abstraction:IsAChildOf,reactome:Pathway2369,
reactome:Pathway1037,abstraction:IsAChildOf,reactome:Pathway1036,
reactome:Pathway976,abstraction:IsAChildOf,reactome:Pathway966,
reactome:Pathway1286,abstraction:IsAChildOf,reactome:Pathway1285,
reactome:Pathway1789,abstraction:IsAChildOf,reactome:Pathway1784,
reactome:Pathway447,abstraction:IsAChildOf,reactome:Pathway446,
reactome:Pathway1066,abstraction:IsAChildOf,reactome:Pathway1063,
reactome:Pathway349,abstraction:IsAChildOf,reactome:Pathway340,
reactome:Pathway206,abstraction:IsAChildOf,reactome:Pathway195,
reactome:Pathway2514,abstraction:IsAChildOf,reactome:Pathway2513,
reactome:Pathway1679,abstraction:IsAChildOf,reactome:Pathway1667,
reactome:Pathway700,abstraction:IsAChildOf,reactome:Pathway695,
reactome:Pathway1738,abstraction:IsAChildOf,reactome:Pathway1733,
reactome:Pathway2686,abstraction:IsAChildOf,reactome:Pathway2685,
reactome:Pathway748,abstraction:IsAChildOf,reactome:Pathway747,
reactome:Pathway85,abstraction:IsAChildOf,reactome:Pathway31,
reactome:Pathway290,abstraction:IsAChildOf,reactome:Pathway289,
reactome:Pathway1465,abstraction:IsAChildOf,reactome:Pathway1464,
reactome:Pathway1512,abstraction:IsAChildOf,reactome:Pathway1490,
reactome:Pathway439,abstraction:IsAChildOf,reactome:Pathway435,
reactome:Pathway1505,abstraction:IsAChildOf,reactome:Pathway1490,
reactome:Pathway2542,abstraction:IsAChildOf,reactome:Pathway2540,
reactome:Pathway1849,abstraction:IsAChildOf,reactome:Pathway1848,
reactome:Pathway1649,abstraction:IsAChildOf,reactome:Pathway1645,
reactome:Pathway2468,abstraction:IsAChildOf,reactome:Pathway2467,
reactome:Pathway415,abstraction:IsAChildOf,reactome:Pathway289,
reactome:Pathway1413,abstraction:IsAChildOf,reactome:Pathway1412,
reactome:Pathway722,abstraction:IsAChildOf,reactome:Pathway721,
reactome:Pathway379,abstraction:IsAChildOf,reactome:Pathway373,
reactome:Pathway28,abstraction:IsAChildOf,reactome:Pathway2,
reactome:Pathway2750,abstraction:IsAChildOf,reactome:Pathway2749,
reactome:Pathway2643,abstraction:IsAChildOf,reactome:Pathway2639,
reactome:Pathway2470,abstraction:IsAChildOf,reactome:Pathway2466,
reactome:Pathway2101,abstraction:IsAChildOf,reactome:Pathway2092,
reactome:Pathway856,abstraction:IsAChildOf,reactome:Pathway855,
reactome:Pathway1657,abstraction:IsAChildOf,reactome:Pathway1645,
reactome:Pathway1865,abstraction:IsAChildOf,reactome:Pathway1859,
reactome:Pathway1152,abstraction:IsAChildOf,reactome:Pathway1150,
reactome:Pathway1754,abstraction:IsAChildOf,reactome:Pathway1751,
reactome:Pathway260,abstraction:IsAChildOf,reactome:Pathway256,
reactome:Pathway2102,abstraction:IsAChildOf,reactome:Pathway2092,
reactome:Pathway1718,abstraction:IsAChildOf,reactome:Pathway1717,
reactome:Pathway1764,abstraction:IsAChildOf,reactome:Pathway1756,
reactome:Pathway861,abstraction:IsAChildOf,reactome:Pathway856,
reactome:Pathway1993,abstraction:IsAChildOf,reactome:Pathway1992,
reactome:Pathway127,abstraction:IsAChildOf,reactome:Pathway126,
reactome:Pathway747,abstraction:IsAChildOf,reactome:Pathway742,
reactome:Pathway808,abstraction:IsAChildOf,reactome:Pathway784,
reactome:Pathway1487,abstraction:IsAChildOf,reactome:Pathway1482,
reactome:Pathway1956,abstraction:IsAChildOf,reactome:Pathway1942,
reactome:Pathway258,abstraction:IsAChildOf,reactome:Pathway256,
reactome:Pathway566,abstraction:IsAChildOf,reactome:Pathway565,
reactome:Pathway2055,abstraction:IsAChildOf,reactome:Pathway2022,
reactome:Pathway1057,abstraction:IsAChildOf,reactome:Pathway1056,
reactome:Pathway1344,abstraction:IsAChildOf,reactome:Pathway1342,
reactome:Pathway772,abstraction:IsAChildOf,reactome:Pathway768,
reactome:Pathway1083,abstraction:IsAChildOf,reactome:Pathway1082,
reactome:Pathway659,abstraction:IsAChildOf,reactome:Pathway534,
reactome:Pathway2376,abstraction:IsAChildOf,reactome:Pathway2375,
reactome:Pathway1305,abstraction:IsAChildOf,reactome:Pathway1304,
reactome:Pathway1776,abstraction:IsAChildOf,reactome:Pathway1803,
reactome:Pathway1688,abstraction:IsAChildOf,reactome:Pathway1685,
reactome:Pathway345,abstraction:IsAChildOf,reactome:Pathway342,
reactome:Pathway1527,abstraction:IsAChildOf,reactome:Pathway1526,
reactome:Pathway1510,abstraction:IsAChildOf,reactome:Pathway1508,
reactome:Pathway2704,abstraction:IsAChildOf,reactome:Pathway2703,
reactome:Pathway1575,abstraction:IsAChildOf,reactome:Pathway1572,
reactome:Pathway2625,abstraction:IsAChildOf,reactome:Pathway2623,
reactome:Pathway2476,abstraction:IsAChildOf,reactome:Pathway2475,
reactome:Pathway9,abstraction:IsAChildOf,reactome:Pathway8,
reactome:Pathway1334,abstraction:IsAChildOf,reactome:Pathway1333,
reactome:Pathway76,abstraction:IsAChildOf,reactome:Pathway74,
reactome:Pathway1861,abstraction:IsAChildOf,reactome:Pathway1860,
reactome:Pathway1810,abstraction:IsAChildOf,reactome:Pathway1809,
reactome:Pathway453,abstraction:IsAChildOf,reactome:Pathway445,
reactome:Pathway799,abstraction:IsAChildOf,reactome:Pathway784,
reactome:Pathway495,abstraction:IsAChildOf,reactome:Pathway1318,
reactome:Pathway2593,abstraction:IsAChildOf,reactome:Pathway2588,
reactome:Pathway734,abstraction:IsAChildOf,reactome:Pathway733,
reactome:Pathway2155,abstraction:IsAChildOf,reactome:Pathway2149,
reactome:Pathway2602,abstraction:IsAChildOf,reactome:Pathway2599,
reactome:Pathway1890,abstraction:IsAChildOf,reactome:Pathway1888,
reactome:Pathway26,abstraction:IsAChildOf,reactome:Pathway25,
reactome:Pathway983,abstraction:IsAChildOf,reactome:Pathway966,
reactome:Pathway369,abstraction:IsAChildOf,reactome:Pathway368,
reactome:Pathway406,abstraction:IsAChildOf,reactome:Pathway402,
reactome:Pathway227,abstraction:IsAChildOf,reactome:Pathway226,
reactome:Pathway317,abstraction:IsAChildOf,reactome:Pathway289,
reactome:Pathway687,abstraction:IsAChildOf,reactome:Pathway676,
reactome:Pathway1523,abstraction:IsAChildOf,reactome:Pathway1522,
reactome:Pathway372,abstraction:IsAChildOf,reactome:Pathway369,
reactome:Pathway253,abstraction:IsAChildOf,reactome:Pathway236,
reactome:Pathway116,abstraction:IsAChildOf,reactome:Pathway115,
reactome:Pathway1630,abstraction:IsAChildOf,reactome:Pathway1318,
reactome:Pathway1127,abstraction:IsAChildOf,reactome:Pathway1125,
reactome:Pathway2465,abstraction:IsAChildOf,reactome:Pathway2464,
reactome:Pathway1894,abstraction:IsAChildOf,reactome:Pathway1893,
reactome:Pathway1422,abstraction:IsAChildOf,reactome:Pathway1319,
reactome:Pathway2096,abstraction:IsAChildOf,reactome:Pathway2093,
reactome:Pathway1204,abstraction:IsAChildOf,reactome:Pathway1185,
reactome:Pathway1008,abstraction:IsAChildOf,reactome:Pathway994,
reactome:Pathway630,abstraction:IsAChildOf,reactome:Pathway629,
reactome:Pathway613,abstraction:IsAChildOf,reactome:Pathway611,
reactome:Pathway1570,abstraction:IsAChildOf,reactome:Pathway1569,
reactome:Pathway1776,abstraction:IsAChildOf,reactome:Pathway1896,
reactome:Pathway1546,abstraction:IsAChildOf,reactome:Pathway1542,
reactome:Pathway530,abstraction:IsAChildOf,reactome:Pathway529,
reactome:Pathway947,abstraction:IsAChildOf,reactome:Pathway942,
reactome:Pathway2493,abstraction:IsAChildOf,reactome:Pathway2491,
reactome:Pathway2632,abstraction:IsAChildOf,reactome:Pathway2630,
reactome:Pathway1986,abstraction:IsAChildOf,reactome:Pathway1985,
reactome:Pathway969,abstraction:IsAChildOf,reactome:Pathway966,
reactome:Pathway837,abstraction:IsAChildOf,reactome:Pathway784,
reactome:Pathway2047,abstraction:IsAChildOf,reactome:Pathway2046,
reactome:Pathway780,abstraction:IsAChildOf,reactome:Pathway768,
reactome:Pathway2668,abstraction:IsAChildOf,reactome:Pathway2667,
reactome:Pathway1730,abstraction:IsAChildOf,reactome:Pathway1728,
reactome:Pathway1733,abstraction:IsAChildOf,reactome:Pathway1727,
reactome:Pathway1177,abstraction:IsAChildOf,reactome:Pathway1172,
reactome:Pathway146,abstraction:IsAChildOf,reactome:Pathway145,
reactome:Pathway843,abstraction:IsAChildOf,reactome:Pathway784,
reactome:Pathway2405,abstraction:IsAChildOf,reactome:Pathway2396,
reactome:Pathway8,abstraction:IsAChildOf,reactome:Pathway7,
reactome:Pathway650,abstraction:IsAChildOf,reactome:Pathway645,
reactome:Pathway1888,abstraction:IsAChildOf,reactome:Pathway1882,
reactome:Pathway1873,abstraction:IsAChildOf,reactome:Pathway1769,
reactome:Pathway1827,abstraction:IsAChildOf,reactome:Pathway1825,
reactome:Pathway2408,abstraction:IsAChildOf,reactome:Pathway2374,
reactome:Pathway1551,abstraction:IsAChildOf,reactome:Pathway1548,
reactome:Pathway352,abstraction:IsAChildOf,reactome:Pathway340,
reactome:Pathway676,abstraction:IsAChildOf,reactome:Pathway670,
reactome:Pathway520,abstraction:IsAChildOf,reactome:Pathway518,
reactome:Pathway1119,abstraction:IsAChildOf,reactome:Pathway1117,
reactome:Pathway1170,abstraction:IsAChildOf,reactome:Pathway1169,
reactome:Pathway2266,abstraction:IsAChildOf,reactome:Pathway2264,
reactome:Pathway1031,abstraction:IsAChildOf,reactome:Pathway1021,
reactome:Pathway2207,abstraction:IsAChildOf,reactome:Pathway2195,
reactome:Pathway1048,abstraction:IsAChildOf,reactome:Pathway1036,
reactome:Pathway1589,abstraction:IsAChildOf,reactome:Pathway1318,
reactome:Pathway2588,abstraction:IsAChildOf,reactome:Pathway2536,
reactome:Pathway2792,abstraction:IsAChildOf,reactome:Pathway2791,
reactome:Pathway1354,abstraction:IsAChildOf,reactome:Pathway1352,
reactome:Pathway341,abstraction:IsAChildOf,reactome:Pathway340,
reactome:Pathway1966,abstraction:IsAChildOf,reactome:Pathway1964,
reactome:Pathway2776,abstraction:IsAChildOf,reactome:Pathway2772,
reactome:Pathway755,abstraction:IsAChildOf,reactome:Pathway735,
reactome:Pathway462,abstraction:IsAChildOf,reactome:Pathway460,
reactome:Pathway585,abstraction:IsAChildOf,reactome:Pathway584,
reactome:Pathway1610,abstraction:IsAChildOf,reactome:Pathway1602,
reactome:Pathway1096,abstraction:IsAChildOf,reactome:Pathway1095,
reactome:Pathway615,abstraction:IsAChildOf,reactome:Pathway614,
reactome:Pathway1380,abstraction:IsAChildOf,reactome:Pathway1377,
reactome:Pathway1001,abstraction:IsAChildOf,reactome:Pathway994,
reactome:Pathway2382,abstraction:IsAChildOf,reactome:Pathway2375,
reactome:Pathway1301,abstraction:IsAChildOf,reactome:Pathway1297,
reactome:Pathway143,abstraction:IsAChildOf,reactome:Pathway139,
reactome:Pathway2115,abstraction:IsAChildOf,reactome:Pathway2111,
reactome:Pathway2300,abstraction:IsAChildOf,reactome:Pathway2268,
reactome:Pathway923,abstraction:IsAChildOf,reactome:Pathway909,
reactome:Pathway821,abstraction:IsAChildOf,reactome:Pathway784,
reactome:Pathway2163,abstraction:IsAChildOf,reactome:Pathway2161,
reactome:Pathway1482,abstraction:IsAChildOf,reactome:Pathway1471,
reactome:Pathway1382,abstraction:IsAChildOf,reactome:Pathway1381,
reactome:Pathway1285,abstraction:IsAChildOf,reactome:Pathway1274,
reactome:Pathway456,abstraction:IsAChildOf,reactome:Pathway445,
reactome:Pathway485,abstraction:IsAChildOf,reactome:Pathway476,
reactome:Pathway1175,abstraction:IsAChildOf,reactome:Pathway1172,
reactome:Pathway1291,abstraction:IsAChildOf,reactome:Pathway1273,
reactome:Pathway2009,abstraction:IsAChildOf,reactome:Pathway1938,
reactome:Pathway1645,abstraction:IsAChildOf,reactome:Pathway1644,
reactome:Pathway1086,abstraction:IsAChildOf,reactome:Pathway1085,
reactome:Pathway2576,abstraction:IsAChildOf,reactome:Pathway2568,
reactome:Pathway1833,abstraction:IsAChildOf,reactome:Pathway1831,
reactome:Pathway1556,abstraction:IsAChildOf,reactome:Pathway1547,
reactome:Pathway1823,abstraction:IsAChildOf,reactome:Pathway1769,
reactome:Pathway783,abstraction:IsAChildOf,reactome:Pathway768,
reactome:Pathway1926,abstraction:IsAChildOf,reactome:Pathway1881,
reactome:Pathway886,abstraction:IsAChildOf,reactome:Pathway855,
reactome:Pathway2522,abstraction:IsAChildOf,reactome:Pathway2519,
reactome:Pathway2749,abstraction:IsAChildOf,reactome:Pathway2740,
reactome:Pathway1242,abstraction:IsAChildOf,reactome:Pathway1237,
reactome:Pathway373,abstraction:IsAChildOf,reactome:Pathway368,
reactome:Pathway2520,abstraction:IsAChildOf,reactome:Pathway2519,
reactome:Pathway2230,abstraction:IsAChildOf,reactome:Pathway2228,
reactome:Pathway1999,abstraction:IsAChildOf,reactome:Pathway1997,
reactome:Pathway490,abstraction:IsAChildOf,reactome:Pathway488,
reactome:Pathway312,abstraction:IsAChildOf,reactome:Pathway308,
reactome:Pathway322,abstraction:IsAChildOf,reactome:Pathway319,
reactome:Pathway1837,abstraction:IsAChildOf,reactome:Pathway1769,
reactome:Pathway925,abstraction:IsAChildOf,reactome:Pathway909,
reactome:Pathway1552,abstraction:IsAChildOf,reactome:Pathway1548,
reactome:Pathway907,abstraction:IsAChildOf,reactome:Pathway906,
reactome:Pathway930,abstraction:IsAChildOf,reactome:Pathway909,
reactome:Pathway1752,abstraction:IsAChildOf,reactome:Pathway1751,
reactome:Pathway565,abstraction:IsAChildOf,reactome:Pathway562,
reactome:Pathway284,abstraction:IsAChildOf,reactome:Pathway232,
reactome:Pathway686,abstraction:IsAChildOf,reactome:Pathway676,
reactome:Pathway1792,abstraction:IsAChildOf,reactome:Pathway1798,
reactome:Pathway557,abstraction:IsAChildOf,reactome:Pathway556,
reactome:Pathway2371,abstraction:IsAChildOf,reactome:Pathway2370,
reactome:Pathway1407,abstraction:IsAChildOf,reactome:Pathway1405,
reactome:Pathway694,abstraction:IsAChildOf,reactome:Pathway691,
reactome:Pathway167,abstraction:IsAChildOf,reactome:Pathway166,
reactome:Pathway234,abstraction:IsAChildOf,reactome:Pathway233,
reactome:Pathway2045,abstraction:IsAChildOf,reactome:Pathway2038,
reactome:Pathway2752,abstraction:IsAChildOf,reactome:Pathway2751,
reactome:Pathway20,abstraction:IsAChildOf,reactome:Pathway17,
reactome:Pathway1151,abstraction:IsAChildOf,reactome:Pathway1150,
reactome:Pathway228,abstraction:IsAChildOf,reactome:Pathway226,
reactome:Pathway274,abstraction:IsAChildOf,reactome:Pathway273,
reactome:Pathway1267,abstraction:IsAChildOf,reactome:Pathway1266,
reactome:Pathway1440,abstraction:IsAChildOf,reactome:Pathway1433,
reactome:Pathway326,abstraction:IsAChildOf,reactome:Pathway289,
reactome:Pathway1319,abstraction:IsAChildOf,reactome:Pathway1318,
reactome:Pathway2187,abstraction:IsAChildOf,reactome:Pathway2185,
reactome:Pathway1306,abstraction:IsAChildOf,reactome:Pathway1305,
reactome:Pathway2549,abstraction:IsAChildOf,reactome:Pathway2547,
reactome:Pathway2483,abstraction:IsAChildOf,reactome:Pathway2464,
reactome:Pathway634,abstraction:IsAChildOf,reactome:Pathway628,
reactome:Pathway1616,abstraction:IsAChildOf,reactome:Pathway1610,
reactome:Pathway5,abstraction:IsAChildOf,reactome:Pathway4,
reactome:Pathway2329,abstraction:IsAChildOf,reactome:Pathway2316,
reactome:Pathway1029,abstraction:IsAChildOf,reactome:Pathway1021,
reactome:Pathway1373,abstraction:IsAChildOf,reactome:Pathway1370,
reactome:Pathway162,abstraction:IsAChildOf,reactome:Pathway159,
reactome:Pathway1544,abstraction:IsAChildOf,reactome:Pathway1542,
reactome:Pathway450,abstraction:IsAChildOf,reactome:Pathway449,
reactome:Pathway1862,abstraction:IsAChildOf,reactome:Pathway1860,
reactome:Pathway1030,abstraction:IsAChildOf,reactome:Pathway1021,
reactome:Pathway841,abstraction:IsAChildOf,reactome:Pathway784,
reactome:Pathway1078,abstraction:IsAChildOf,reactome:Pathway1071,
reactome:Pathway243,abstraction:IsAChildOf,reactome:Pathway242,
reactome:Pathway1661,abstraction:IsAChildOf,reactome:Pathway1660,
reactome:Pathway1375,abstraction:IsAChildOf,reactome:Pathway1374,
reactome:Pathway2098,abstraction:IsAChildOf,reactome:Pathway2093,
reactome:Pathway902,abstraction:IsAChildOf,reactome:Pathway894,
reactome:Pathway1809,abstraction:IsAChildOf,reactome:Pathway1770,
reactome:Pathway999,abstraction:IsAChildOf,reactome:Pathway994,
reactome:Pathway647,abstraction:IsAChildOf,reactome:Pathway645,
reactome:Pathway2715,abstraction:IsAChildOf,reactome:Pathway2714,
reactome:Pathway2351,abstraction:IsAChildOf,reactome:Pathway2021,
reactome:Pathway338,abstraction:IsAChildOf,reactome:Pathway336,
reactome:Pathway2488,abstraction:IsAChildOf,reactome:Pathway2485,
reactome:Pathway512,abstraction:IsAChildOf,reactome:Pathway509,
reactome:Pathway1978,abstraction:IsAChildOf,reactome:Pathway1975,
reactome:Pathway660,abstraction:IsAChildOf,reactome:Pathway659,
reactome:Pathway1208,abstraction:IsAChildOf,reactome:Pathway1204,
reactome:Pathway2733,abstraction:IsAChildOf,reactome:Pathway2723,
reactome:Pathway2225,abstraction:IsAChildOf,reactome:Pathway2222,
reactome:Pathway1631,abstraction:IsAChildOf,reactome:Pathway1630,
reactome:Pathway1870,abstraction:IsAChildOf,reactome:Pathway1866,
reactome:Pathway1784,abstraction:IsAChildOf,reactome:Pathway1770,
reactome:Pathway2773,abstraction:IsAChildOf,reactome:Pathway2772,
reactome:Pathway1867,abstraction:IsAChildOf,reactome:Pathway1866,
reactome:Pathway830,abstraction:IsAChildOf,reactome:Pathway784,
reactome:Pathway217,abstraction:IsAChildOf,reactome:Pathway216,
reactome:Pathway2627,abstraction:IsAChildOf,reactome:Pathway2535,
reactome:Pathway875,abstraction:IsAChildOf,reactome:Pathway873,
reactome:Pathway1803,abstraction:IsAChildOf,reactome:Pathway1802,
reactome:Pathway1097,abstraction:IsAChildOf,reactome:Pathway1096,
reactome:Pathway505,abstraction:IsAChildOf,reactome:Pathway504,
reactome:Pathway2604,abstraction:IsAChildOf,reactome:Pathway2599,
reactome:Pathway98,abstraction:IsAChildOf,reactome:Pathway97,
reactome:Pathway1162,abstraction:IsAChildOf,reactome:Pathway1160,
reactome:Pathway662,abstraction:IsAChildOf,reactome:Pathway659,
reactome:Pathway972,abstraction:IsAChildOf,reactome:Pathway966,
reactome:Pathway1914,abstraction:IsAChildOf,reactome:Pathway1893,
reactome:Pathway846,abstraction:IsAChildOf,reactome:Pathway784,
reactome:Pathway2268,abstraction:IsAChildOf,reactome:Pathway2021,
reactome:Pathway962,abstraction:IsAChildOf,reactome:Pathway951,
reactome:Pathway2449,abstraction:IsAChildOf,reactome:Pathway2448,
reactome:Pathway1326,abstraction:IsAChildOf,reactome:Pathway1319,
reactome:Pathway598,abstraction:IsAChildOf,reactome:Pathway592,
reactome:Pathway1678,abstraction:IsAChildOf,reactome:Pathway1667,
reactome:Pathway1871,abstraction:IsAChildOf,reactome:Pathway1866,
reactome:Pathway2387,abstraction:IsAChildOf,reactome:Pathway2382,
reactome:Pathway929,abstraction:IsAChildOf,reactome:Pathway909,
reactome:Pathway1085,abstraction:IsAChildOf,reactome:Pathway1084,
reactome:Pathway1271,abstraction:IsAChildOf,reactome:Pathway1263,
reactome:Pathway2293,abstraction:IsAChildOf,reactome:Pathway2289,
reactome:Pathway2501,abstraction:IsAChildOf,reactome:Pathway2497,
reactome:Pathway1776,abstraction:IsAChildOf,reactome:Pathway1801,
reactome:Pathway2374,abstraction:IsAChildOf,reactome:Pathway2353,
reactome:Pathway2694,abstraction:IsAChildOf,reactome:Pathway2693,
reactome:Pathway1184,abstraction:IsAChildOf,reactome:Pathway1179,
reactome:Pathway1005,abstraction:IsAChildOf,reactome:Pathway994,
reactome:Pathway1819,abstraction:IsAChildOf,reactome:Pathway1814,
reactome:Pathway1921,abstraction:IsAChildOf,reactome:Pathway1916,
reactome:Pathway328,abstraction:IsAChildOf,reactome:Pathway327,
reactome:Pathway123,abstraction:IsAChildOf,reactome:Pathway122,
reactome:Pathway38,abstraction:IsAChildOf,reactome:Pathway33,
reactome:Pathway2336,abstraction:IsAChildOf,reactome:Pathway2335,
reactome:Pathway966,abstraction:IsAChildOf,reactome:Pathway950,
reactome:Pathway383,abstraction:IsAChildOf,reactome:Pathway373,
reactome:Pathway504,abstraction:IsAChildOf,reactome:Pathway476,
reactome:Pathway166,abstraction:IsAChildOf,reactome:Pathway92,
reactome:Pathway1476,abstraction:IsAChildOf,reactome:Pathway1472,
reactome:Pathway2629,abstraction:IsAChildOf,reactome:Pathway2628,
reactome:Pathway1721,abstraction:IsAChildOf,reactome:Pathway1318,
reactome:Pathway1959,abstraction:IsAChildOf,reactome:Pathway1957,
reactome:Pathway2562,abstraction:IsAChildOf,reactome:Pathway2561,
reactome:Pathway1261,abstraction:IsAChildOf,reactome:Pathway1252,
reactome:Pathway883,abstraction:IsAChildOf,reactome:Pathway855,
reactome:Pathway2391,abstraction:IsAChildOf,reactome:Pathway2390,
reactome:Pathway1640,abstraction:IsAChildOf,reactome:Pathway1636,
reactome:Pathway442,abstraction:IsAChildOf,reactome:Pathway435,
reactome:Pathway1724,abstraction:IsAChildOf,reactome:Pathway1721,
reactome:Pathway2235,abstraction:IsAChildOf,reactome:Pathway2233,
reactome:Pathway1171,abstraction:IsAChildOf,reactome:Pathway1169,
reactome:Pathway215,abstraction:IsAChildOf,reactome:Pathway214,
reactome:Pathway1539,abstraction:IsAChildOf,reactome:Pathway1538,
reactome:Pathway2076,abstraction:IsAChildOf,reactome:Pathway2072,
reactome:Pathway688,abstraction:IsAChildOf,reactome:Pathway676,
reactome:Pathway1294,abstraction:IsAChildOf,reactome:Pathway1291,
reactome:Pathway736,abstraction:IsAChildOf,reactome:Pathway735,
reactome:Pathway176,abstraction:IsAChildOf,reactome:Pathway173,
reactome:Pathway41,abstraction:IsAChildOf,reactome:Pathway40,
reactome:Pathway1604,abstraction:IsAChildOf,reactome:Pathway1603,
reactome:Pathway2504,abstraction:IsAChildOf,reactome:Pathway2502,
reactome:Pathway2662,abstraction:IsAChildOf,reactome:Pathway2661,
reactome:Pathway1504,abstraction:IsAChildOf,reactome:Pathway1490,
reactome:Pathway2655,abstraction:IsAChildOf,reactome:Pathway2646,
reactome:Pathway834,abstraction:IsAChildOf,reactome:Pathway784,
reactome:Pathway1317,abstraction:IsAChildOf,reactome:Pathway1312,
reactome:Pathway1555,abstraction:IsAChildOf,reactome:Pathway1553,
reactome:Pathway152,abstraction:IsAChildOf,reactome:Pathway149,
reactome:Pathway2283,abstraction:IsAChildOf,reactome:Pathway2268,
reactome:Pathway1846,abstraction:IsAChildOf,reactome:Pathway1837,
reactome:Pathway2765,abstraction:IsAChildOf,reactome:Pathway2740,
reactome:Pathway2188,abstraction:IsAChildOf,reactome:Pathway2174,
reactome:Pathway467,abstraction:IsAChildOf,reactome:Pathway466,
reactome:Pathway1984,abstraction:IsAChildOf,reactome:Pathway1983,
reactome:Pathway814,abstraction:IsAChildOf,reactome:Pathway784,
reactome:Pathway446,abstraction:IsAChildOf,reactome:Pathway445,
reactome:Pathway2243,abstraction:IsAChildOf,reactome:Pathway2240,
reactome:Pathway509,abstraction:IsAChildOf,reactome:Pathway476,
reactome:Pathway899,abstraction:IsAChildOf,reactome:Pathway894,
reactome:Pathway1410,abstraction:IsAChildOf,reactome:Pathway1405,
reactome:Pathway2347,abstraction:IsAChildOf,reactome:Pathway2315,
reactome:Pathway1548,abstraction:IsAChildOf,reactome:Pathway1547,
reactome:Pathway2428,abstraction:IsAChildOf,reactome:Pathway2426,
reactome:Pathway853,abstraction:IsAChildOf,reactome:Pathway784,
reactome:Pathway245,abstraction:IsAChildOf,reactome:Pathway236,
reactome:Pathway1968,abstraction:IsAChildOf,reactome:Pathway1967,
reactome:Pathway1681,abstraction:IsAChildOf,reactome:Pathway1643,
reactome:Pathway311,abstraction:IsAChildOf,reactome:Pathway308,
reactome:Pathway1221,abstraction:IsAChildOf,reactome:Pathway1034,
reactome:Pathway1628,abstraction:IsAChildOf,reactome:Pathway1626,
reactome:Pathway1758,abstraction:IsAChildOf,reactome:Pathway1756,
reactome:Pathway1193,abstraction:IsAChildOf,reactome:Pathway1191,
reactome:Pathway1855,abstraction:IsAChildOf,reactome:Pathway1854,
reactome:Pathway1209,abstraction:IsAChildOf,reactome:Pathway1204,
reactome:Pathway2702,abstraction:IsAChildOf,reactome:Pathway2665,
reactome:Pathway1619,abstraction:IsAChildOf,reactome:Pathway1618,
reactome:Pathway1197,abstraction:IsAChildOf,reactome:Pathway1195,
reactome:Pathway1188,abstraction:IsAChildOf,reactome:Pathway1186,
reactome:Pathway2756,abstraction:IsAChildOf,reactome:Pathway2740,
reactome:Pathway877,abstraction:IsAChildOf,reactome:Pathway873,
reactome:Pathway1710,abstraction:IsAChildOf,reactome:Pathway1708,
reactome:Pathway1424,abstraction:IsAChildOf,reactome:Pathway1319,
reactome:Pathway753,abstraction:IsAChildOf,reactome:Pathway751,
reactome:Pathway1241,abstraction:IsAChildOf,reactome:Pathway1237,
reactome:Pathway2448,abstraction:IsAChildOf,reactome:Pathway2353,
reactome:Pathway2244,abstraction:IsAChildOf,reactome:Pathway2240,
reactome:Pathway432,abstraction:IsAChildOf,reactome:Pathway431,
reactome:Pathway640,abstraction:IsAChildOf,reactome:Pathway628,
reactome:Pathway815,abstraction:IsAChildOf,reactome:Pathway784,
reactome:Pathway1012,abstraction:IsAChildOf,reactome:Pathway1011,
reactome:Pathway2441,abstraction:IsAChildOf,reactome:Pathway2440,
reactome:Pathway655,abstraction:IsAChildOf,reactome:Pathway651,
reactome:Pathway153,abstraction:IsAChildOf,reactome:Pathway152,
reactome:Pathway1590,abstraction:IsAChildOf,reactome:Pathway1318,
reactome:Pathway1254,abstraction:IsAChildOf,reactome:Pathway1252,
reactome:Pathway2314,abstraction:IsAChildOf,reactome:Pathway2312,
reactome:Pathway1863,abstraction:IsAChildOf,reactome:Pathway1860,
reactome:Pathway590,abstraction:IsAChildOf,reactome:Pathway581,
reactome:Pathway2642,abstraction:IsAChildOf,reactome:Pathway2639,
reactome:Pathway679,abstraction:IsAChildOf,reactome:Pathway676,
reactome:Pathway1293,abstraction:IsAChildOf,reactome:Pathway1291,
reactome:Pathway1050,abstraction:IsAChildOf,reactome:Pathway1049,
reactome:Pathway335,abstraction:IsAChildOf,reactome:Pathway327,
reactome:Pathway368,abstraction:IsAChildOf,reactome:Pathway326,
reactome:Pathway2740,abstraction:IsAChildOf,reactome:Pathway2739,
reactome:Pathway2793,abstraction:IsAChildOf,reactome:Pathway2713,
reactome:Pathway391,abstraction:IsAChildOf,reactome:Pathway386,
reactome:Pathway2616,abstraction:IsAChildOf,reactome:Pathway2612,
reactome:Pathway323,abstraction:IsAChildOf,reactome:Pathway318,
reactome:Pathway382,abstraction:IsAChildOf,reactome:Pathway373,
reactome:Pathway2419,abstraction:IsAChildOf,reactome:Pathway2417,
reactome:Pathway2294,abstraction:IsAChildOf,reactome:Pathway2289,
reactome:Pathway2466,abstraction:IsAChildOf,reactome:Pathway2465,
reactome:Pathway488,abstraction:IsAChildOf,reactome:Pathway486,
reactome:Pathway364,abstraction:IsAChildOf,reactome:Pathway363,
reactome:Pathway1320,abstraction:IsAChildOf,reactome:Pathway1319,
reactome:Pathway1664,abstraction:IsAChildOf,reactome:Pathway1645,
reactome:Pathway2790,abstraction:IsAChildOf,reactome:Pathway2787,
reactome:Pathway2506,abstraction:IsAChildOf,reactome:Pathway2505,
reactome:Pathway796,abstraction:IsAChildOf,reactome:Pathway784,
reactome:Pathway769,abstraction:IsAChildOf,reactome:Pathway768,
reactome:Pathway2599,abstraction:IsAChildOf,reactome:Pathway2536,
reactome:Pathway784,abstraction:IsAChildOf,reactome:Pathway767,
reactome:Pathway50,abstraction:IsAChildOf,reactome:Pathway49,
reactome:Pathway1095,abstraction:IsAChildOf,reactome:Pathway1084,
reactome:Pathway2761,abstraction:IsAChildOf,reactome:Pathway2756,
reactome:Pathway2292,abstraction:IsAChildOf,reactome:Pathway2289,
reactome:Pathway2296,abstraction:IsAChildOf,reactome:Pathway2268,
reactome:Pathway1290,abstraction:IsAChildOf,reactome:Pathway1274,
reactome:Pathway408,abstraction:IsAChildOf,reactome:Pathway406,
reactome:Pathway1042,abstraction:IsAChildOf,reactome:Pathway1037,
reactome:Pathway75,abstraction:IsAChildOf,reactome:Pathway74,
reactome:Pathway1996,abstraction:IsAChildOf,reactome:Pathway1993,
reactome:Pathway2685,abstraction:IsAChildOf,reactome:Pathway2683,
reactome:Pathway2511,abstraction:IsAChildOf,reactome:Pathway2501,
reactome:Pathway193,abstraction:IsAChildOf,reactome:Pathway186,
reactome:Pathway2259,abstraction:IsAChildOf,reactome:Pathway2246,
reactome:Pathway971,abstraction:IsAChildOf,reactome:Pathway966,
reactome:Pathway1653,abstraction:IsAChildOf,reactome:Pathway1645,
reactome:Pathway1977,abstraction:IsAChildOf,reactome:Pathway1975,
reactome:Pathway425,abstraction:IsAChildOf,reactome:Pathway424,
reactome:Pathway474,abstraction:IsAChildOf,reactome:Pathway465,
reactome:Pathway128,abstraction:IsAChildOf,reactome:Pathway126,
reactome:Pathway1974,abstraction:IsAChildOf,reactome:Pathway1971,
reactome:Pathway2026,abstraction:IsAChildOf,reactome:Pathway2022,
reactome:Pathway2284,abstraction:IsAChildOf,reactome:Pathway2268,
reactome:Pathway593,abstraction:IsAChildOf,reactome:Pathway592,
reactome:Pathway241,abstraction:IsAChildOf,reactome:Pathway240,
reactome:Pathway2679,abstraction:IsAChildOf,reactome:Pathway2674,
reactome:Pathway2213,abstraction:IsAChildOf,reactome:Pathway2210,
reactome:Pathway1313,abstraction:IsAChildOf,reactome:Pathway1312,
reactome:Pathway608,abstraction:IsAChildOf,reactome:Pathway604,
reactome:Pathway1449,abstraction:IsAChildOf,reactome:Pathway1319,
reactome:Pathway2220,abstraction:IsAChildOf,reactome:Pathway2219,
reactome:Pathway2622,abstraction:IsAChildOf,reactome:Pathway2535,
reactome:Pathway1043,abstraction:IsAChildOf,reactome:Pathway1037,
reactome:Pathway2720,abstraction:IsAChildOf,reactome:Pathway2713,
reactome:Pathway741,abstraction:IsAChildOf,reactome:Pathway736,
reactome:Pathway2204,abstraction:IsAChildOf,reactome:Pathway2203,
reactome:Pathway2232,abstraction:IsAChildOf,reactome:Pathway2021,
reactome:Pathway1931,abstraction:IsAChildOf,reactome:Pathway1881,
reactome:Pathway1392,abstraction:IsAChildOf,reactome:Pathway1782,
reactome:Pathway2703,abstraction:IsAChildOf,reactome:Pathway2702,
reactome:Pathway979,abstraction:IsAChildOf,reactome:Pathway966,
reactome:Pathway2383,abstraction:IsAChildOf,reactome:Pathway2382,
reactome:Pathway438,abstraction:IsAChildOf,reactome:Pathway435,
reactome:Pathway1414,abstraction:IsAChildOf,reactome:Pathway1412,
reactome:Pathway2552,abstraction:IsAChildOf,reactome:Pathway2540,
reactome:Pathway1346,abstraction:IsAChildOf,reactome:Pathway1345,
reactome:Pathway1015,abstraction:IsAChildOf,reactome:Pathway1014,
reactome:Pathway2212,abstraction:IsAChildOf,reactome:Pathway2210,
reactome:Pathway149,abstraction:IsAChildOf,reactome:Pathway92,
reactome:Pathway1157,abstraction:IsAChildOf,reactome:Pathway1153,
reactome:Pathway2167,abstraction:IsAChildOf,reactome:Pathway2149,
reactome:Pathway1617,abstraction:IsAChildOf,reactome:Pathway1318,
reactome:Pathway278,abstraction:IsAChildOf,reactome:Pathway273,
reactome:Pathway1296,abstraction:IsAChildOf,reactome:Pathway1291,
reactome:Pathway296,abstraction:IsAChildOf,reactome:Pathway295,
reactome:Pathway1662,abstraction:IsAChildOf,reactome:Pathway1660,
reactome:Pathway1937,abstraction:IsAChildOf,reactome:Pathway1881,
reactome:Pathway1675,abstraction:IsAChildOf,reactome:Pathway1667,
reactome:Pathway1669,abstraction:IsAChildOf,reactome:Pathway1667,
reactome:Pathway1485,abstraction:IsAChildOf,reactome:Pathway1482,
reactome:Pathway702,abstraction:IsAChildOf,reactome:Pathway695,
reactome:Pathway132,abstraction:IsAChildOf,reactome:Pathway131,
reactome:Pathway1044,abstraction:IsAChildOf,reactome:Pathway1037,
reactome:Pathway1773,abstraction:IsAChildOf,reactome:Pathway1790,
reactome:Pathway2737,abstraction:IsAChildOf,reactome:Pathway2713,
reactome:Pathway1692,abstraction:IsAChildOf,reactome:Pathway1685,
reactome:Pathway1705,abstraction:IsAChildOf,reactome:Pathway1698,
reactome:Pathway626,abstraction:IsAChildOf,reactome:Pathway625,
reactome:Pathway2559,abstraction:IsAChildOf,reactome:Pathway2552,
reactome:Pathway1136,abstraction:IsAChildOf,reactome:Pathway1135,
reactome:Pathway2677,abstraction:IsAChildOf,reactome:Pathway2674,
reactome:Pathway526,abstraction:IsAChildOf,reactome:Pathway525,
reactome:Pathway1441,abstraction:IsAChildOf,reactome:Pathway1433,
reactome:Pathway2732,abstraction:IsAChildOf,reactome:Pathway2723,
reactome:Pathway1392,abstraction:IsAChildOf,reactome:Pathway1389,
reactome:Pathway2043,abstraction:IsAChildOf,reactome:Pathway2042,
reactome:Pathway1632,abstraction:IsAChildOf,reactome:Pathway1631,
reactome:Pathway1429,abstraction:IsAChildOf,reactome:Pathway1427,
reactome:Pathway117,abstraction:IsAChildOf,reactome:Pathway116,
reactome:Pathway2228,abstraction:IsAChildOf,reactome:Pathway2214,
reactome:Pathway112,abstraction:IsAChildOf,reactome:Pathway111,
reactome:Pathway859,abstraction:IsAChildOf,reactome:Pathway856,
reactome:Pathway2413,abstraction:IsAChildOf,reactome:Pathway2409,
reactome:Pathway1635,abstraction:IsAChildOf,reactome:Pathway1634,
reactome:Pathway1349,abstraction:IsAChildOf,reactome:Pathway1345,
reactome:Pathway895,abstraction:IsAChildOf,reactome:Pathway894,
reactome:Pathway1190,abstraction:IsAChildOf,reactome:Pathway1188,
reactome:Pathway833,abstraction:IsAChildOf,reactome:Pathway784,
reactome:Pathway500,abstraction:IsAChildOf,reactome:Pathway499,
reactome:Pathway1694,abstraction:IsAChildOf,reactome:Pathway1318,
reactome:Pathway713,abstraction:IsAChildOf,reactome:Pathway712,
reactome:Pathway499,abstraction:IsAChildOf,reactome:Pathway1538,
reactome:Pathway1638,abstraction:IsAChildOf,reactome:Pathway1636,
reactome:Pathway2206,abstraction:IsAChildOf,reactome:Pathway2195,
reactome:Pathway1964,abstraction:IsAChildOf,reactome:Pathway1942,
reactome:Pathway2028,abstraction:IsAChildOf,reactome:Pathway2026,
reactome:Pathway2812,abstraction:IsAChildOf,reactome:Pathway2811,
reactome:Pathway1123,abstraction:IsAChildOf,reactome:Pathway1116,
reactome:Pathway2417,abstraction:IsAChildOf,reactome:Pathway2408,
reactome:Pathway2110,abstraction:IsAChildOf,reactome:Pathway2072,
reactome:Pathway1567,abstraction:IsAChildOf,reactome:Pathway1318,
reactome:Pathway1690,abstraction:IsAChildOf,reactome:Pathway1685,
reactome:Pathway1257,abstraction:IsAChildOf,reactome:Pathway1252,
reactome:Pathway2796,abstraction:IsAChildOf,reactome:Pathway2713,
reactome:Pathway1886,abstraction:IsAChildOf,reactome:Pathway1885,
reactome:Pathway1854,abstraction:IsAChildOf,reactome:Pathway1769,
reactome:Pathway540,abstraction:IsAChildOf,reactome:Pathway535,
reactome:Pathway652,abstraction:IsAChildOf,reactome:Pathway651,
reactome:Pathway1237,abstraction:IsAChildOf,reactome:Pathway1236,
reactome:Pathway1583,abstraction:IsAChildOf,reactome:Pathway1567,
reactome:Pathway1180,abstraction:IsAChildOf,reactome:Pathway1179,
reactome:Pathway187,abstraction:IsAChildOf,reactome:Pathway186,
reactome:Pathway807,abstraction:IsAChildOf,reactome:Pathway951,
reactome:Pathway1467,abstraction:IsAChildOf,reactome:Pathway1319,
reactome:Pathway2795,abstraction:IsAChildOf,reactome:Pathway2794,
reactome:Pathway2492,abstraction:IsAChildOf,reactome:Pathway2491,
reactome:Pathway2367,abstraction:IsAChildOf,reactome:Pathway2364,
reactome:Pathway2052,abstraction:IsAChildOf,reactome:Pathway2049,
reactome:Pathway367,abstraction:IsAChildOf,reactome:Pathway363,
reactome:Pathway2340,abstraction:IsAChildOf,reactome:Pathway2334,
reactome:Pathway1185,abstraction:IsAChildOf,reactome:Pathway1163,
reactome:Pathway1114,abstraction:IsAChildOf,reactome:Pathway1111,
reactome:Pathway1191,abstraction:IsAChildOf,reactome:Pathway1186,
reactome:Pathway762,abstraction:IsAChildOf,reactome:Pathway759,
reactome:Pathway394,abstraction:IsAChildOf,reactome:Pathway392,
reactome:Pathway2727,abstraction:IsAChildOf,reactome:Pathway2723,
reactome:Pathway12,abstraction:IsAChildOf,reactome:Pathway8,
reactome:Pathway1075,abstraction:IsAChildOf,reactome:Pathway1071,
reactome:Pathway2081,abstraction:IsAChildOf,reactome:Pathway2079,
reactome:Pathway2615,abstraction:IsAChildOf,reactome:Pathway2613,
reactome:Pathway2554,abstraction:IsAChildOf,reactome:Pathway2553,
reactome:Pathway832,abstraction:IsAChildOf,reactome:Pathway784,
reactome:Pathway1497,abstraction:IsAChildOf,reactome:Pathway1491,
reactome:Pathway1101,abstraction:IsAChildOf,reactome:Pathway1100,
reactome:Pathway1874,abstraction:IsAChildOf,reactome:Pathway1873,
reactome:Pathway1169,abstraction:IsAChildOf,reactome:Pathway1164,
reactome:Pathway499,abstraction:IsAChildOf,reactome:Pathway486,
reactome:Pathway2224,abstraction:IsAChildOf,reactome:Pathway2222,
reactome:Pathway1219,abstraction:IsAChildOf,reactome:Pathway1211,
reactome:Pathway1891,abstraction:IsAChildOf,reactome:Pathway1888,
reactome:Pathway1253,abstraction:IsAChildOf,reactome:Pathway1252,
reactome:Pathway191,abstraction:IsAChildOf,reactome:Pathway188,
reactome:Pathway2006,abstraction:IsAChildOf,reactome:Pathway2002,
reactome:Pathway15,abstraction:IsAChildOf,reactome:Pathway14,
reactome:Pathway2754,abstraction:IsAChildOf,reactome:Pathway2751,
reactome:Pathway2577,abstraction:IsAChildOf,reactome:Pathway2568,
reactome:Pathway1330,abstraction:IsAChildOf,reactome:Pathway1328,
reactome:Pathway1908,abstraction:IsAChildOf,reactome:Pathway1893,
reactome:Pathway881,abstraction:IsAChildOf,reactome:Pathway873,
reactome:Pathway292,abstraction:IsAChildOf,reactome:Pathway291,
reactome:Pathway1927,abstraction:IsAChildOf,reactome:Pathway1881,
reactome:Pathway157,abstraction:IsAChildOf,reactome:Pathway152,
reactome:Pathway1217,abstraction:IsAChildOf,reactome:Pathway1213,
reactome:Pathway249,abstraction:IsAChildOf,reactome:Pathway248,
reactome:Pathway2475,abstraction:IsAChildOf,reactome:Pathway2465,
reactome:Pathway2719,abstraction:IsAChildOf,reactome:Pathway2714,
reactome:Pathway437,abstraction:IsAChildOf,reactome:Pathway435,
reactome:Pathway1955,abstraction:IsAChildOf,reactome:Pathway1954,
reactome:Pathway2594,abstraction:IsAChildOf,reactome:Pathway2588,
reactome:Pathway1672,abstraction:IsAChildOf,reactome:Pathway1667,
reactome:Pathway1090,abstraction:IsAChildOf,reactome:Pathway1088,
reactome:Pathway334,abstraction:IsAChildOf,reactome:Pathway327,
reactome:Pathway1337,abstraction:IsAChildOf,reactome:Pathway1333,
reactome:Pathway595,abstraction:IsAChildOf,reactome:Pathway592,
reactome:Pathway1797,abstraction:IsAChildOf,reactome:Pathway1798,
reactome:Pathway596,abstraction:IsAChildOf,reactome:Pathway595,
reactome:Pathway182,abstraction:IsAChildOf,reactome:Pathway181,
reactome:Pathway2820,abstraction:IsAChildOf,reactome:Pathway2713,
reactome:Pathway2801,abstraction:IsAChildOf,reactome:Pathway2800,
reactome:Pathway1093,abstraction:IsAChildOf,reactome:Pathway1091,
reactome:Pathway1146,abstraction:IsAChildOf,reactome:Pathway1145,
reactome:Pathway1206,abstraction:IsAChildOf,reactome:Pathway1204,
reactome:Pathway1164,abstraction:IsAChildOf,reactome:Pathway1163,
reactome:Pathway2362,abstraction:IsAChildOf,reactome:Pathway2355,
reactome:Pathway1201,abstraction:IsAChildOf,reactome:Pathway1194,
reactome:Pathway1062,abstraction:IsAChildOf,reactome:Pathway1054,
reactome:Pathway2701,abstraction:IsAChildOf,reactome:Pathway2699,
reactome:Pathway10,abstraction:IsAChildOf,reactome:Pathway9,
reactome:Pathway1035,abstraction:IsAChildOf,reactome:Pathway1034,
reactome:Pathway797,abstraction:IsAChildOf,reactome:Pathway784,
reactome:Pathway2638,abstraction:IsAChildOf,reactome:Pathway2636,
reactome:Pathway1559,abstraction:IsAChildOf,reactome:Pathway1547,
reactome:Pathway2378,abstraction:IsAChildOf,reactome:Pathway2376,
reactome:Pathway461,abstraction:IsAChildOf,reactome:Pathway460,
reactome:Pathway2614,abstraction:IsAChildOf,reactome:Pathway2613,
reactome:Pathway768,abstraction:IsAChildOf,reactome:Pathway767,
reactome:Pathway818,abstraction:IsAChildOf,reactome:Pathway784,
reactome:Pathway1703,abstraction:IsAChildOf,reactome:Pathway1700,
reactome:Pathway938,abstraction:IsAChildOf,reactome:Pathway909,
reactome:Pathway2324,abstraction:IsAChildOf,reactome:Pathway2317,
reactome:Pathway1262,abstraction:IsAChildOf,reactome:Pathway1251,
reactome:Pathway1308,abstraction:IsAChildOf,reactome:Pathway1305,
reactome:Pathway1020,abstraction:IsAChildOf,reactome:Pathway1019,
reactome:Pathway2404,abstraction:IsAChildOf,reactome:Pathway2396,
reactome:Pathway1016,abstraction:IsAChildOf,reactome:Pathway1014,
reactome:Pathway998,abstraction:IsAChildOf,reactome:Pathway994,
reactome:Pathway1869,abstraction:IsAChildOf,reactome:Pathway1867,
reactome:Pathway1795,abstraction:IsAChildOf,reactome:Pathway1793,
reactome:Pathway2437,abstraction:IsAChildOf,reactome:Pathway2433,
reactome:Pathway1216,abstraction:IsAChildOf,reactome:Pathway1213,
reactome:Pathway148,abstraction:IsAChildOf,reactome:Pathway146,
reactome:Pathway1007,abstraction:IsAChildOf,reactome:Pathway994,
reactome:Pathway147,abstraction:IsAChildOf,reactome:Pathway1525,
reactome:Pathway588,abstraction:IsAChildOf,reactome:Pathway581,
reactome:Pathway200,abstraction:IsAChildOf,reactome:Pathway195,
reactome:Pathway2217,abstraction:IsAChildOf,reactome:Pathway2215,
reactome:Pathway749,abstraction:IsAChildOf,reactome:Pathway747,
reactome:Pathway451,abstraction:IsAChildOf,reactome:Pathway449,
reactome:Pathway633,abstraction:IsAChildOf,reactome:Pathway629,
reactome:Pathway1709,abstraction:IsAChildOf,reactome:Pathway1708,
reactome:Pathway371,abstraction:IsAChildOf,reactome:Pathway369,
reactome:Pathway2414,abstraction:IsAChildOf,reactome:Pathway2413,
reactome:Pathway1655,abstraction:IsAChildOf,reactome:Pathway1645,
reactome:Pathway1845,abstraction:IsAChildOf,reactome:Pathway1837,
reactome:Pathway1331,abstraction:IsAChildOf,reactome:Pathway1328,
reactome:Pathway2113,abstraction:IsAChildOf,reactome:Pathway2111,
reactome:Pathway765,abstraction:IsAChildOf,reactome:Pathway764,
reactome:Pathway492,abstraction:IsAChildOf,reactome:Pathway486,
reactome:Pathway1893,abstraction:IsAChildOf,reactome:Pathway1881,
reactome:Pathway1587,abstraction:IsAChildOf,reactome:Pathway1584,
reactome:Pathway477,abstraction:IsAChildOf,reactome:Pathway476,
reactome:Pathway1463,abstraction:IsAChildOf,reactome:Pathway1453,
reactome:Pathway1053,abstraction:IsAChildOf,reactome:Pathway1052,
reactome:Pathway2200,abstraction:IsAChildOf,reactome:Pathway2199,
reactome:Pathway2191,abstraction:IsAChildOf,reactome:Pathway2190,
reactome:Pathway1460,abstraction:IsAChildOf,reactome:Pathway1458,
reactome:Pathway893,abstraction:IsAChildOf,reactome:Pathway854,
reactome:Pathway1107,abstraction:IsAChildOf,reactome:Pathway1096,
reactome:Pathway2579,abstraction:IsAChildOf,reactome:Pathway2568,
reactome:Pathway644,abstraction:IsAChildOf,reactome:Pathway642,
reactome:Pathway1792,abstraction:IsAChildOf,reactome:Pathway1791,
reactome:Pathway1801,abstraction:IsAChildOf,reactome:Pathway1810,
reactome:Pathway619,abstraction:IsAChildOf,reactome:Pathway604,
reactome:Pathway426,abstraction:IsAChildOf,reactome:Pathway424,
reactome:Pathway913,abstraction:IsAChildOf,reactome:Pathway909,
reactome:Pathway2077,abstraction:IsAChildOf,reactome:Pathway2076,
reactome:Pathway554,abstraction:IsAChildOf,reactome:Pathway550,
reactome:Pathway1760,abstraction:IsAChildOf,reactome:Pathway1759,
reactome:Pathway1529,abstraction:IsAChildOf,reactome:Pathway1642,
reactome:Pathway2289,abstraction:IsAChildOf,reactome:Pathway2268,
reactome:Pathway180,abstraction:IsAChildOf,reactome:Pathway173,
reactome:Pathway473,abstraction:IsAChildOf,reactome:Pathway467,
reactome:Pathway2422,abstraction:IsAChildOf,reactome:Pathway2408,
reactome:Pathway196,abstraction:IsAChildOf,reactome:Pathway352,
reactome:Pathway1970,abstraction:IsAChildOf,reactome:Pathway1942,
reactome:Pathway2757,abstraction:IsAChildOf,reactome:Pathway2756,
reactome:Pathway1325,abstraction:IsAChildOf,reactome:Pathway1320,
reactome:Pathway1717,abstraction:IsAChildOf,reactome:Pathway1706,
reactome:Pathway614,abstraction:IsAChildOf,reactome:Pathway604,
reactome:Pathway858,abstraction:IsAChildOf,reactome:Pathway856,
reactome:Pathway1371,abstraction:IsAChildOf,reactome:Pathway1370,
reactome:Pathway1928,abstraction:IsAChildOf,reactome:Pathway1927,
reactome:Pathway2061,abstraction:IsAChildOf,reactome:Pathway2059,
reactome:Pathway2412,abstraction:IsAChildOf,reactome:Pathway2409,
reactome:Pathway309,abstraction:IsAChildOf,reactome:Pathway308,
reactome:Pathway561,abstraction:IsAChildOf,reactome:Pathway560,
reactome:Pathway1830,abstraction:IsAChildOf,reactome:Pathway1769,
reactome:Pathway829,abstraction:IsAChildOf,reactome:Pathway784,
reactome:Pathway2819,abstraction:IsAChildOf,reactome:Pathway2811,
reactome:Pathway2227,abstraction:IsAChildOf,reactome:Pathway2214,
reactome:Pathway665,abstraction:IsAChildOf,reactome:Pathway659,
reactome:Pathway2120,abstraction:IsAChildOf,reactome:Pathway2111,
reactome:Pathway1351,abstraction:IsAChildOf,reactome:Pathway1326,
reactome:Pathway2453,abstraction:IsAChildOf,reactome:Pathway2452,
reactome:Pathway1181,abstraction:IsAChildOf,reactome:Pathway1179,
reactome:Pathway124,abstraction:IsAChildOf,reactome:Pathway123,
reactome:Pathway452,abstraction:IsAChildOf,reactome:Pathway445,
reactome:Pathway113,abstraction:IsAChildOf,reactome:Pathway95,
reactome:Pathway2332,abstraction:IsAChildOf,reactome:Pathway2316,
reactome:Pathway307,abstraction:IsAChildOf,reactome:Pathway290,
reactome:Pathway2166,abstraction:IsAChildOf,reactome:Pathway2161,
reactome:Pathway742,abstraction:IsAChildOf,reactome:Pathway735,
reactome:Pathway813,abstraction:IsAChildOf,reactome:Pathway784,
reactome:Pathway1222,abstraction:IsAChildOf,reactome:Pathway1221,
reactome:Pathway420,abstraction:IsAChildOf,reactome:Pathway418,
reactome:Pathway2352,abstraction:IsAChildOf,reactome:Pathway2021,
reactome:Pathway1876,abstraction:IsAChildOf,reactome:Pathway1769,
reactome:Pathway154,abstraction:IsAChildOf,reactome:Pathway153,
reactome:Pathway2478,abstraction:IsAChildOf,reactome:Pathway2477,
reactome:Pathway109,abstraction:IsAChildOf,reactome:Pathway108,
reactome:Pathway1333,abstraction:IsAChildOf,reactome:Pathway1327,
reactome:Pathway2375,abstraction:IsAChildOf,reactome:Pathway2374,
reactome:Pathway1746,abstraction:IsAChildOf,reactome:Pathway1743,
reactome:Pathway692,abstraction:IsAChildOf,reactome:Pathway691,
reactome:Pathway1875,abstraction:IsAChildOf,reactome:Pathway1769,
reactome:Pathway2160,abstraction:IsAChildOf,reactome:Pathway2155,
reactome:Pathway2799,abstraction:IsAChildOf,reactome:Pathway2798,
reactome:Pathway2013,abstraction:IsAChildOf,reactome:Pathway2010,
reactome:Pathway2012,abstraction:IsAChildOf,reactome:Pathway2010,
reactome:Pathway1179,abstraction:IsAChildOf,reactome:Pathway1164,
reactome:Pathway346,abstraction:IsAChildOf,reactome:Pathway342,
reactome:Pathway802,abstraction:IsAChildOf,reactome:Pathway784,
reactome:Pathway2601,abstraction:IsAChildOf,reactome:Pathway2599,
reactome:Pathway1525,abstraction:IsAChildOf,reactome:Pathway1523,
reactome:Pathway413,abstraction:IsAChildOf,reactome:Pathway289,
reactome:Pathway2746,abstraction:IsAChildOf,reactome:Pathway2741,
reactome:Pathway2071,abstraction:IsAChildOf,reactome:Pathway2059,
reactome:Pathway2249,abstraction:IsAChildOf,reactome:Pathway2246,
reactome:Pathway536,abstraction:IsAChildOf,reactome:Pathway535,
reactome:Pathway1425,abstraction:IsAChildOf,reactome:Pathway1424,
reactome:Pathway2319,abstraction:IsAChildOf,reactome:Pathway2318,
reactome:Pathway2762,abstraction:IsAChildOf,reactome:Pathway2756,
reactome:Pathway2775,abstraction:IsAChildOf,reactome:Pathway2772,
reactome:Pathway2760,abstraction:IsAChildOf,reactome:Pathway2756,
reactome:Pathway2571,abstraction:IsAChildOf,reactome:Pathway2568,
reactome:Pathway891,abstraction:IsAChildOf,reactome:Pathway855,
reactome:Pathway1408,abstraction:IsAChildOf,reactome:Pathway1405,
reactome:Pathway1479,abstraction:IsAChildOf,reactome:Pathway1471,
reactome:Pathway1880,abstraction:IsAChildOf,reactome:Pathway1876,
reactome:Pathway1403,abstraction:IsAChildOf,reactome:Pathway1402,
reactome:Pathway1642,abstraction:IsAChildOf,reactome:Pathway1630,
reactome:Pathway667,abstraction:IsAChildOf,reactome:Pathway665,
reactome:Pathway178,abstraction:IsAChildOf,reactome:Pathway173,
reactome:Pathway1063,abstraction:IsAChildOf,reactome:Pathway1052,
reactome:Pathway1369,abstraction:IsAChildOf,reactome:Pathway1361,
reactome:Pathway491,abstraction:IsAChildOf,reactome:Pathway488,
reactome:Pathway141,abstraction:IsAChildOf,reactome:Pathway140,
reactome:Pathway448,abstraction:IsAChildOf,reactome:Pathway447,
reactome:Pathway2653,abstraction:IsAChildOf,reactome:Pathway2652,
reactome:Pathway936,abstraction:IsAChildOf,reactome:Pathway909,
reactome:Pathway2029,abstraction:IsAChildOf,reactome:Pathway2028,
reactome:Pathway2782,abstraction:IsAChildOf,reactome:Pathway2713,
reactome:Pathway1651,abstraction:IsAChildOf,reactome:Pathway1645,
reactome:Pathway16,abstraction:IsAChildOf,reactome:Pathway6,
reactome:Pathway2548,abstraction:IsAChildOf,reactome:Pathway2547,
reactome:Pathway1714,abstraction:IsAChildOf,reactome:Pathway1713,
reactome:Pathway2390,abstraction:IsAChildOf,reactome:Pathway2374,
reactome:Pathway1976,abstraction:IsAChildOf,reactome:Pathway1975,
reactome:Pathway1367,abstraction:IsAChildOf,reactome:Pathway1364,
reactome:Pathway641,abstraction:IsAChildOf,reactome:Pathway628,
reactome:Pathway570,abstraction:IsAChildOf,reactome:Pathway565,
reactome:Pathway1230,abstraction:IsAChildOf,reactome:Pathway1222,
reactome:Pathway1282,abstraction:IsAChildOf,reactome:Pathway1277,
reactome:Pathway1568,abstraction:IsAChildOf,reactome:Pathway1567,
reactome:Pathway989,abstraction:IsAChildOf,reactome:Pathway984,
reactome:Pathway2285,abstraction:IsAChildOf,reactome:Pathway2284,
reactome:Pathway2245,abstraction:IsAChildOf,reactome:Pathway2021,
reactome:Pathway6,abstraction:IsAChildOf,reactome:Pathway4,
reactome:Pathway836,abstraction:IsAChildOf,reactome:Pathway784,
reactome:Pathway2192,abstraction:IsAChildOf,reactome:Pathway2190,
reactome:Pathway1998,abstraction:IsAChildOf,reactome:Pathway1997,
reactome:Pathway2174,abstraction:IsAChildOf,reactome:Pathway2072,
reactome:Pathway2724,abstraction:IsAChildOf,reactome:Pathway2723,
reactome:Pathway2333,abstraction:IsAChildOf,reactome:Pathway2316,
reactome:Pathway105,abstraction:IsAChildOf,reactome:Pathway103,
reactome:Pathway342,abstraction:IsAChildOf,reactome:Pathway341,
reactome:Pathway78,abstraction:IsAChildOf,reactome:Pathway74,
reactome:Pathway671,abstraction:IsAChildOf,reactome:Pathway670,
reactome:Pathway1796,abstraction:IsAChildOf,reactome:Pathway1792,
reactome:Pathway2813,abstraction:IsAChildOf,reactome:Pathway2811,
reactome:Pathway378,abstraction:IsAChildOf,reactome:Pathway373,
reactome:Pathway2137,abstraction:IsAChildOf,reactome:Pathway2130,
reactome:Pathway337,abstraction:IsAChildOf,reactome:Pathway342,
reactome:Pathway384,abstraction:IsAChildOf,reactome:Pathway373,
reactome:Pathway1791,abstraction:IsAChildOf,reactome:Pathway1770,
reactome:Pathway2211,abstraction:IsAChildOf,reactome:Pathway2210,
reactome:Pathway1153,abstraction:IsAChildOf,reactome:Pathway1133,
reactome:Pathway1654,abstraction:IsAChildOf,reactome:Pathway1645,
reactome:Pathway2074,abstraction:IsAChildOf,reactome:Pathway2073,
reactome:Pathway2214,abstraction:IsAChildOf,reactome:Pathway2021,
reactome:Pathway1765,abstraction:IsAChildOf,reactome:Pathway1727,
reactome:Pathway1778,abstraction:IsAChildOf,reactome:Pathway1784,
reactome:Pathway2640,abstraction:IsAChildOf,reactome:Pathway2639,
reactome:Pathway1648,abstraction:IsAChildOf,reactome:Pathway1645,
reactome:Pathway2267,abstraction:IsAChildOf,reactome:Pathway2264,
reactome:Pathway629,abstraction:IsAChildOf,reactome:Pathway628,
reactome:Pathway885,abstraction:IsAChildOf,reactome:Pathway855,
reactome:Pathway726,abstraction:IsAChildOf,reactome:Pathway725,
reactome:Pathway1660,abstraction:IsAChildOf,reactome:Pathway1645,
reactome:Pathway2164,abstraction:IsAChildOf,reactome:Pathway2161,
reactome:Pathway80,abstraction:IsAChildOf,reactome:Pathway31,
reactome:Pathway2089,abstraction:IsAChildOf,reactome:Pathway2088,
reactome:Pathway2396,abstraction:IsAChildOf,reactome:Pathway2394,
reactome:Pathway145,abstraction:IsAChildOf,reactome:Pathway144,
reactome:Pathway1608,abstraction:IsAChildOf,reactome:Pathway1607,
reactome:Pathway803,abstraction:IsAChildOf,reactome:Pathway784,
reactome:Pathway826,abstraction:IsAChildOf,reactome:Pathway784,
reactome:Pathway1573,abstraction:IsAChildOf,reactome:Pathway1572,
reactome:Pathway400,abstraction:IsAChildOf,reactome:Pathway326,
reactome:Pathway547,abstraction:IsAChildOf,reactome:Pathway544,
reactome:Pathway1112,abstraction:IsAChildOf,reactome:Pathway1111,
reactome:Pathway463,abstraction:IsAChildOf,reactome:Pathway445,
reactome:Pathway1727,abstraction:IsAChildOf,reactome:Pathway1726,
reactome:Pathway1263,abstraction:IsAChildOf,reactome:Pathway533,
reactome:Pathway1210,abstraction:IsAChildOf,reactome:Pathway1163,
reactome:Pathway1763,abstraction:IsAChildOf,reactome:Pathway1759,
reactome:Pathway732,abstraction:IsAChildOf,reactome:Pathway731,
reactome:Pathway1148,abstraction:IsAChildOf,reactome:Pathway1147,
reactome:Pathway1167,abstraction:IsAChildOf,reactome:Pathway1166,
reactome:Pathway2447,abstraction:IsAChildOf,reactome:Pathway2433,
reactome:Pathway2810,abstraction:IsAChildOf,reactome:Pathway2809,
reactome:Pathway997,abstraction:IsAChildOf,reactome:Pathway994,
reactome:Pathway1081,abstraction:IsAChildOf,reactome:Pathway1071,
reactome:Pathway177,abstraction:IsAChildOf,reactome:Pathway173,
reactome:Pathway1394,abstraction:IsAChildOf,reactome:Pathway1370,
reactome:Pathway1105,abstraction:IsAChildOf,reactome:Pathway1096,
reactome:Pathway1912,abstraction:IsAChildOf,reactome:Pathway1911,
reactome:Pathway2789,abstraction:IsAChildOf,reactome:Pathway2787,
reactome:Pathway1406,abstraction:IsAChildOf,reactome:Pathway1405,
reactome:Pathway1227,abstraction:IsAChildOf,reactome:Pathway1226,
reactome:Pathway2049,abstraction:IsAChildOf,reactome:Pathway2038,
reactome:Pathway2176,abstraction:IsAChildOf,reactome:Pathway2174,
reactome:Pathway970,abstraction:IsAChildOf,reactome:Pathway966,
reactome:Pathway398,abstraction:IsAChildOf,reactome:Pathway326,
reactome:Pathway2676,abstraction:IsAChildOf,reactome:Pathway2674,
reactome:Pathway2008,abstraction:IsAChildOf,reactome:Pathway1938,
reactome:Pathway2409,abstraction:IsAChildOf,reactome:Pathway2408,
reactome:Pathway1579,abstraction:IsAChildOf,reactome:Pathway1572,
reactome:Pathway1650,abstraction:IsAChildOf,reactome:Pathway1645,
reactome:Pathway2814,abstraction:IsAChildOf,reactome:Pathway2811,
reactome:Pathway1979,abstraction:IsAChildOf,reactome:Pathway1938,
reactome:Pathway1444,abstraction:IsAChildOf,reactome:Pathway1319,
reactome:Pathway576,abstraction:IsAChildOf,reactome:Pathway562,
reactome:Pathway304,abstraction:IsAChildOf,reactome:Pathway290,
reactome:Pathway484,abstraction:IsAChildOf,reactome:Pathway477,
reactome:Pathway1778,abstraction:IsAChildOf,reactome:Pathway1922,
reactome:Pathway385,abstraction:IsAChildOf,reactome:Pathway373,
reactome:Pathway1881,abstraction:IsAChildOf,reactome:Pathway1726,
reactome:Pathway1615,abstraction:IsAChildOf,reactome:Pathway1610,
reactome:Pathway2605,abstraction:IsAChildOf,reactome:Pathway2536,
reactome:Pathway1882,abstraction:IsAChildOf,reactome:Pathway1881,
reactome:Pathway1303,abstraction:IsAChildOf,reactome:Pathway1301,
reactome:Pathway1920,abstraction:IsAChildOf,reactome:Pathway1916,
reactome:Pathway1350,abstraction:IsAChildOf,reactome:Pathway1340,
reactome:Pathway2446,abstraction:IsAChildOf,reactome:Pathway2433,
reactome:Pathway266,abstraction:IsAChildOf,reactome:Pathway255,
reactome:Pathway1774,abstraction:IsAChildOf,reactome:Pathway1773,
reactome:Pathway2304,abstraction:IsAChildOf,reactome:Pathway2302,
reactome:Pathway1786,abstraction:IsAChildOf,reactome:Pathway1785,
reactome:Pathway649,abstraction:IsAChildOf,reactome:Pathway645,
reactome:Pathway715,abstraction:IsAChildOf,reactome:Pathway533,
reactome:Pathway944,abstraction:IsAChildOf,reactome:Pathway942,
reactome:Pathway1470,abstraction:IsAChildOf,reactome:Pathway1319,
reactome:Pathway594,abstraction:IsAChildOf,reactome:Pathway593,
reactome:Pathway190,abstraction:IsAChildOf,reactome:Pathway188,
reactome:Pathway1017,abstraction:IsAChildOf,reactome:Pathway1014,
reactome:Pathway2660,abstraction:IsAChildOf,reactome:Pathway2659,
reactome:Pathway933,abstraction:IsAChildOf,reactome:Pathway909,
reactome:Pathway1547,abstraction:IsAChildOf,reactome:Pathway1318,
reactome:Pathway2262,abstraction:IsAChildOf,reactome:Pathway2261,
reactome:Pathway2705,abstraction:IsAChildOf,reactome:Pathway2704,
reactome:Pathway727,abstraction:IsAChildOf,reactome:Pathway726,
reactome:Pathway27,abstraction:IsAChildOf,reactome:Pathway25,
reactome:Pathway973,abstraction:IsAChildOf,reactome:Pathway966,
reactome:Pathway2252,abstraction:IsAChildOf,reactome:Pathway2246,
reactome:Pathway2620,abstraction:IsAChildOf,reactome:Pathway2619,
reactome:Pathway205,abstraction:IsAChildOf,reactome:Pathway203,
reactome:Pathway1898,abstraction:IsAChildOf,reactome:Pathway1894,
reactome:Pathway471,abstraction:IsAChildOf,reactome:Pathway467,
reactome:Pathway573,abstraction:IsAChildOf,reactome:Pathway565,
reactome:Pathway731,abstraction:IsAChildOf,reactome:Pathway729,
reactome:Pathway1218,abstraction:IsAChildOf,reactome:Pathway1211,
reactome:Pathway1919,abstraction:IsAChildOf,reactome:Pathway1916,
reactome:Pathway1032,abstraction:IsAChildOf,reactome:Pathway1021,
reactome:Pathway183,abstraction:IsAChildOf,reactome:Pathway182,
reactome:Pathway1522,abstraction:IsAChildOf,reactome:Pathway1519,
reactome:Pathway852,abstraction:IsAChildOf,reactome:Pathway784,
reactome:Pathway2003,abstraction:IsAChildOf,reactome:Pathway2002,
reactome:Pathway1073,abstraction:IsAChildOf,reactome:Pathway1072,
reactome:Pathway496,abstraction:IsAChildOf,reactome:Pathway495,
reactome:Pathway1708,abstraction:IsAChildOf,reactome:Pathway1706,
reactome:Pathway1116,abstraction:IsAChildOf,reactome:Pathway1083,
reactome:Pathway2323,abstraction:IsAChildOf,reactome:Pathway2317,
reactome:Pathway2730,abstraction:IsAChildOf,reactome:Pathway2723,
reactome:Pathway126,abstraction:IsAChildOf,reactome:Pathway115,
reactome:Pathway502,abstraction:IsAChildOf,reactome:Pathway501,
reactome:Pathway1900,abstraction:IsAChildOf,reactome:Pathway1894,
reactome:Pathway1389,abstraction:IsAChildOf,reactome:Pathway1373,
reactome:Pathway1451,abstraction:IsAChildOf,reactome:Pathway1450,
reactome:Pathway1149,abstraction:IsAChildOf,reactome:Pathway1145,
reactome:Pathway2118,abstraction:IsAChildOf,reactome:Pathway2130,
reactome:Pathway956,abstraction:IsAChildOf,reactome:Pathway951,
reactome:Pathway1395,abstraction:IsAChildOf,reactome:Pathway1394,
reactome:Pathway1428,abstraction:IsAChildOf,reactome:Pathway1427,
reactome:Pathway1699,abstraction:IsAChildOf,reactome:Pathway1698,
reactome:Pathway140,abstraction:IsAChildOf,reactome:Pathway139,
reactome:Pathway1945,abstraction:IsAChildOf,reactome:Pathway1943,
reactome:Pathway2218,abstraction:IsAChildOf,reactome:Pathway2217,
reactome:Pathway1414,abstraction:IsAChildOf,reactome:Pathway1452,
reactome:Pathway1074,abstraction:IsAChildOf,reactome:Pathway1072,
reactome:Pathway2587,abstraction:IsAChildOf,reactome:Pathway2581,
reactome:Pathway2399,abstraction:IsAChildOf,reactome:Pathway2396,
reactome:Pathway2210,abstraction:IsAChildOf,reactome:Pathway2021,
reactome:Pathway336,abstraction:IsAChildOf,reactome:Pathway326,
reactome:Pathway1980,abstraction:IsAChildOf,reactome:Pathway1979,
reactome:Pathway1659,abstraction:IsAChildOf,reactome:Pathway1645,
reactome:Pathway2177,abstraction:IsAChildOf,reactome:Pathway2176,
reactome:Pathway2215,abstraction:IsAChildOf,reactome:Pathway2214,
reactome:Pathway1417,abstraction:IsAChildOf,reactome:Pathway1415,
reactome:Pathway729,abstraction:IsAChildOf,reactome:Pathway725,
reactome:Pathway71,abstraction:IsAChildOf,reactome:Pathway69,
reactome:Pathway513,abstraction:IsAChildOf,reactome:Pathway476,
reactome:Pathway1189,abstraction:IsAChildOf,reactome:Pathway1188,
reactome:Pathway2162,abstraction:IsAChildOf,reactome:Pathway2161,
reactome:Pathway670,abstraction:IsAChildOf,reactome:Pathway534,
reactome:Pathway695,abstraction:IsAChildOf,reactome:Pathway691,
reactome:Pathway2033,abstraction:IsAChildOf,reactome:Pathway2031,
reactome:Pathway90,abstraction:IsAChildOf,reactome:Pathway86,
reactome:Pathway589,abstraction:IsAChildOf,reactome:Pathway588,
reactome:Pathway952,abstraction:IsAChildOf,reactome:Pathway951,
reactome:Pathway2159,abstraction:IsAChildOf,reactome:Pathway2156,
reactome:Pathway2406,abstraction:IsAChildOf,reactome:Pathway2396,
reactome:Pathway2019,abstraction:IsAChildOf,reactome:Pathway2010,
reactome:Pathway1486,abstraction:IsAChildOf,reactome:Pathway1482,
reactome:Pathway1040,abstraction:IsAChildOf,reactome:Pathway1037,
reactome:Pathway2452,abstraction:IsAChildOf,reactome:Pathway2451,
reactome:Pathway1576,abstraction:IsAChildOf,reactome:Pathway1575,
reactome:Pathway2312,abstraction:IsAChildOf,reactome:Pathway2021,
reactome:Pathway40,abstraction:IsAChildOf,reactome:Pathway38,
reactome:Pathway503,abstraction:IsAChildOf,reactome:Pathway501,
reactome:Pathway1542,abstraction:IsAChildOf,reactome:Pathway1519,
reactome:Pathway1140,abstraction:IsAChildOf,reactome:Pathway1139,
reactome:Pathway2526,abstraction:IsAChildOf,reactome:Pathway2464,
reactome:Pathway2544,abstraction:IsAChildOf,reactome:Pathway2542,
reactome:Pathway1741,abstraction:IsAChildOf,reactome:Pathway1740,
reactome:Pathway2338,abstraction:IsAChildOf,reactome:Pathway2334,
reactome:Pathway556,abstraction:IsAChildOf,reactome:Pathway555,
reactome:Pathway265,abstraction:IsAChildOf,reactome:Pathway256,
reactome:Pathway63,abstraction:IsAChildOf,reactome:Pathway61,
reactome:Pathway2618,abstraction:IsAChildOf,reactome:Pathway2535,
reactome:Pathway282,abstraction:IsAChildOf,reactome:Pathway236,
reactome:Pathway1225,abstraction:IsAChildOf,reactome:Pathway1224,
reactome:Pathway1372,abstraction:IsAChildOf,reactome:Pathway1371,
reactome:Pathway2229,abstraction:IsAChildOf,reactome:Pathway2228,
reactome:Pathway1613,abstraction:IsAChildOf,reactome:Pathway1610,
reactome:Pathway1198,abstraction:IsAChildOf,reactome:Pathway1195,
reactome:Pathway1534,abstraction:IsAChildOf,reactome:Pathway1530,
reactome:Pathway1667,abstraction:IsAChildOf,reactome:Pathway1644,
reactome:Pathway2053,abstraction:IsAChildOf,reactome:Pathway2022,
reactome:Pathway216,abstraction:IsAChildOf,reactome:Pathway210,
reactome:Pathway2656,abstraction:IsAChildOf,reactome:Pathway2646,
reactome:Pathway1368,abstraction:IsAChildOf,reactome:Pathway1364,
reactome:Pathway785,abstraction:IsAChildOf,reactome:Pathway784,
reactome:Pathway2022,abstraction:IsAChildOf,reactome:Pathway2021,
reactome:Pathway2050,abstraction:IsAChildOf,reactome:Pathway2049,
reactome:Pathway621,abstraction:IsAChildOf,reactome:Pathway604,
reactome:Pathway208,abstraction:IsAChildOf,reactome:Pathway206,
reactome:Pathway1948,abstraction:IsAChildOf,reactome:Pathway1946,
reactome:Pathway792,abstraction:IsAChildOf,reactome:Pathway784,
reactome:Pathway1804,abstraction:IsAChildOf,reactome:Pathway1803,
reactome:Pathway247,abstraction:IsAChildOf,reactome:Pathway245,
reactome:Pathway62,abstraction:IsAChildOf,reactome:Pathway61,
reactome:Pathway2277,abstraction:IsAChildOf,reactome:Pathway2268,
reactome:Pathway91,abstraction:IsAChildOf,reactome:Pathway86,
reactome:Pathway1447,abstraction:IsAChildOf,reactome:Pathway1444,
reactome:Pathway1665,abstraction:IsAChildOf,reactome:Pathway1645,
reactome:Pathway2442,abstraction:IsAChildOf,reactome:Pathway2440,
reactome:Pathway2100,abstraction:IsAChildOf,reactome:Pathway2093,
reactome:Pathway690,abstraction:IsAChildOf,reactome:Pathway676,
reactome:Pathway2173,abstraction:IsAChildOf,reactome:Pathway2171,
reactome:Pathway65,abstraction:IsAChildOf,reactome:Pathway31,
reactome:Pathway558,abstraction:IsAChildOf,reactome:Pathway556,
reactome:Pathway1004,abstraction:IsAChildOf,reactome:Pathway994,
reactome:Pathway2695,abstraction:IsAChildOf,reactome:Pathway2693,
reactome:Pathway279,abstraction:IsAChildOf,reactome:Pathway278,
reactome:Pathway222,abstraction:IsAChildOf,reactome:Pathway195,
reactome:Pathway2384,abstraction:IsAChildOf,reactome:Pathway2391,
reactome:Pathway422,abstraction:IsAChildOf,reactome:Pathway416,
reactome:Pathway21,abstraction:IsAChildOf,reactome:Pathway20,
reactome:Pathway2264,abstraction:IsAChildOf,reactome:Pathway2245,
reactome:Pathway2124,abstraction:IsAChildOf,reactome:Pathway2111,
reactome:Pathway2568,abstraction:IsAChildOf,reactome:Pathway2536,
reactome:Pathway2502,abstraction:IsAChildOf,reactome:Pathway2501,
reactome:Pathway628,abstraction:IsAChildOf,reactome:Pathway534,
reactome:Pathway2309,abstraction:IsAChildOf,reactome:Pathway2307,
reactome:Pathway236,abstraction:IsAChildOf,reactome:Pathway232,
reactome:Pathway1448,abstraction:IsAChildOf,reactome:Pathway1444,
reactome:Pathway559,abstraction:IsAChildOf,reactome:Pathway556,
reactome:Pathway237,abstraction:IsAChildOf,reactome:Pathway236,
reactome:Pathway464,abstraction:IsAChildOf,reactome:Pathway445,
reactome:Pathway2763,abstraction:IsAChildOf,reactome:Pathway2756,
reactome:Pathway2699,abstraction:IsAChildOf,reactome:Pathway2666,
reactome:Pathway990,abstraction:IsAChildOf,reactome:Pathway984,
reactome:Pathway1192,abstraction:IsAChildOf,reactome:Pathway1191,
reactome:Pathway303,abstraction:IsAChildOf,reactome:Pathway294,
reactome:Pathway2170,abstraction:IsAChildOf,reactome:Pathway2168,
reactome:Pathway1627,abstraction:IsAChildOf,reactome:Pathway1626,
reactome:Pathway1356,abstraction:IsAChildOf,reactome:Pathway1355,
reactome:Pathway1965,abstraction:IsAChildOf,reactome:Pathway1964,
reactome:Pathway1797,abstraction:IsAChildOf,reactome:Pathway1791,
reactome:Pathway2121,abstraction:IsAChildOf,reactome:Pathway2111,
reactome:Pathway1381,abstraction:IsAChildOf,reactome:Pathway1377,
reactome:Pathway2066,abstraction:IsAChildOf,reactome:Pathway2059,
reactome:Pathway2024,abstraction:IsAChildOf,reactome:Pathway2023,
reactome:Pathway1501,abstraction:IsAChildOf,reactome:Pathway1498,
reactome:Pathway2373,abstraction:IsAChildOf,reactome:Pathway2372,
reactome:Pathway764,abstraction:IsAChildOf,reactome:Pathway755,
reactome:Pathway197,abstraction:IsAChildOf,reactome:Pathway196,
reactome:Pathway707,abstraction:IsAChildOf,reactome:Pathway706,
reactome:Pathway2318,abstraction:IsAChildOf,reactome:Pathway2317,
reactome:Pathway2377,abstraction:IsAChildOf,reactome:Pathway2376,
reactome:Pathway2800,abstraction:IsAChildOf,reactome:Pathway2798,
reactome:Pathway2670,abstraction:IsAChildOf,reactome:Pathway2668,
reactome:Pathway441,abstraction:IsAChildOf,reactome:Pathway435,
reactome:Pathway2435,abstraction:IsAChildOf,reactome:Pathway2434,
reactome:Pathway2403,abstraction:IsAChildOf,reactome:Pathway2402,
reactome:Pathway2150,abstraction:IsAChildOf,reactome:Pathway2149,
reactome:Pathway2131,abstraction:IsAChildOf,reactome:Pathway2130,
reactome:Pathway716,abstraction:IsAChildOf,reactome:Pathway715,
reactome:Pathway422,abstraction:IsAChildOf,reactome:Pathway2390,
reactome:Pathway1268,abstraction:IsAChildOf,reactome:Pathway1266,
reactome:Pathway2633,abstraction:IsAChildOf,reactome:Pathway2630,
reactome:Pathway2358,abstraction:IsAChildOf,reactome:Pathway2357,
reactome:Pathway620,abstraction:IsAChildOf,reactome:Pathway604,
reactome:Pathway2181,abstraction:IsAChildOf,reactome:Pathway2179,
reactome:Pathway2205,abstraction:IsAChildOf,reactome:Pathway2195,
reactome:Pathway2714,abstraction:IsAChildOf,reactome:Pathway2713,
reactome:Pathway2321,abstraction:IsAChildOf,reactome:Pathway2320,
reactome:Pathway822,abstraction:IsAChildOf,reactome:Pathway784,
reactome:Pathway287,abstraction:IsAChildOf,reactome:Pathway285,
reactome:Pathway529,abstraction:IsAChildOf,reactome:Pathway515,
reactome:Pathway1821,abstraction:IsAChildOf,reactome:Pathway1813,
reactome:Pathway1464,abstraction:IsAChildOf,reactome:Pathway1453,
reactome:Pathway480,abstraction:IsAChildOf,reactome:Pathway479,
reactome:Pathway2248,abstraction:IsAChildOf,reactome:Pathway2246,
reactome:Pathway1689,abstraction:IsAChildOf,reactome:Pathway1685,
reactome:Pathway2772,abstraction:IsAChildOf,reactome:Pathway2740,
reactome:Pathway118,abstraction:IsAChildOf,reactome:Pathway117,
reactome:Pathway430,abstraction:IsAChildOf,reactome:Pathway429,
reactome:Pathway1478,abstraction:IsAChildOf,reactome:Pathway1476,
reactome:Pathway831,abstraction:IsAChildOf,reactome:Pathway784,
reactome:Pathway689,abstraction:IsAChildOf,reactome:Pathway676,
reactome:Pathway481,abstraction:IsAChildOf,reactome:Pathway477,
reactome:Pathway2068,abstraction:IsAChildOf,reactome:Pathway2059,
reactome:Pathway1067,abstraction:IsAChildOf,reactome:Pathway1063,
reactome:Pathway1725,abstraction:IsAChildOf,reactome:Pathway1721,
reactome:Pathway1781,abstraction:IsAChildOf,reactome:Pathway1778,
reactome:Pathway2689,abstraction:IsAChildOf,reactome:Pathway2683,
reactome:Pathway1187,abstraction:IsAChildOf,reactome:Pathway1186,
reactome:Pathway2535,abstraction:IsAChildOf,reactome:Pathway2528,
reactome:Pathway2233,abstraction:IsAChildOf,reactome:Pathway2232,
reactome:Pathway1281,abstraction:IsAChildOf,reactome:Pathway1277,
reactome:Pathway839,abstraction:IsAChildOf,reactome:Pathway784,
reactome:Pathway273,abstraction:IsAChildOf,reactome:Pathway236,
reactome:Pathway2445,abstraction:IsAChildOf,reactome:Pathway2433,
reactome:Pathway1687,abstraction:IsAChildOf,reactome:Pathway1685,
reactome:Pathway497,abstraction:IsAChildOf,reactome:Pathway495,
reactome:Pathway2171,abstraction:IsAChildOf,reactome:Pathway2072,
reactome:Pathway1476,abstraction:IsAChildOf,reactome:Pathway2536,
reactome:Pathway2311,abstraction:IsAChildOf,reactome:Pathway2307,
reactome:Pathway2486,abstraction:IsAChildOf,reactome:Pathway2485,
reactome:Pathway995,abstraction:IsAChildOf,reactome:Pathway994,
reactome:Pathway1339,abstraction:IsAChildOf,reactome:Pathway1338,
reactome:Pathway2209,abstraction:IsAChildOf,reactome:Pathway2195,
reactome:Pathway908,abstraction:IsAChildOf,reactome:Pathway906,
reactome:Pathway1077,abstraction:IsAChildOf,reactome:Pathway1075,
reactome:Pathway2384,abstraction:IsAChildOf,reactome:Pathway2383,
reactome:Pathway1058,abstraction:IsAChildOf,reactome:Pathway1056,
reactome:Pathway937,abstraction:IsAChildOf,reactome:Pathway909,
reactome:Pathway1246,abstraction:IsAChildOf,reactome:Pathway1237,
reactome:Pathway940,abstraction:IsAChildOf,reactome:Pathway909,
reactome:Pathway1794,abstraction:IsAChildOf,reactome:Pathway1793,
reactome:Pathway1584,abstraction:IsAChildOf,reactome:Pathway1583,
reactome:Pathway404,abstraction:IsAChildOf,reactome:Pathway402,
reactome:Pathway1358,abstraction:IsAChildOf,reactome:Pathway1355,
reactome:Pathway2570,abstraction:IsAChildOf,reactome:Pathway2568,
reactome:Pathway564,abstraction:IsAChildOf,reactome:Pathway562,
reactome:Pathway1712,abstraction:IsAChildOf,reactome:Pathway1706,
reactome:Pathway1700,abstraction:IsAChildOf,reactome:Pathway1698,
reactome:Pathway2234,abstraction:IsAChildOf,reactome:Pathway2233,
reactome:Pathway2208,abstraction:IsAChildOf,reactome:Pathway2195,
reactome:Pathway2237,abstraction:IsAChildOf,reactome:Pathway2232,
reactome:Pathway511,abstraction:IsAChildOf,reactome:Pathway509,
reactome:Pathway1812,abstraction:IsAChildOf,reactome:Pathway1770,
reactome:Pathway788,abstraction:IsAChildOf,reactome:Pathway784,
reactome:Pathway1806,abstraction:IsAChildOf,reactome:Pathway1803,
reactome:Pathway1484,abstraction:IsAChildOf,reactome:Pathway1482,
reactome:Pathway948,abstraction:IsAChildOf,reactome:Pathway942,
reactome:Pathway2000,abstraction:IsAChildOf,reactome:Pathway1997,
reactome:Pathway1683,abstraction:IsAChildOf,reactome:Pathway1681,
reactome:Pathway1427,abstraction:IsAChildOf,reactome:Pathway1424,
reactome:Pathway624,abstraction:IsAChildOf,reactome:Pathway604,
reactome:Pathway457,abstraction:IsAChildOf,reactome:Pathway456,
reactome:Pathway2774,abstraction:IsAChildOf,reactome:Pathway2772,
reactome:Pathway897,abstraction:IsAChildOf,reactome:Pathway894,
reactome:Pathway2303,abstraction:IsAChildOf,reactome:Pathway2302,
reactome:Pathway2769,abstraction:IsAChildOf,reactome:Pathway2765,
reactome:Pathway1691,abstraction:IsAChildOf,reactome:Pathway1685,
reactome:Pathway1316,abstraction:IsAChildOf,reactome:Pathway1312,
reactome:Pathway2490,abstraction:IsAChildOf,reactome:Pathway2485,
reactome:Pathway1061,abstraction:IsAChildOf,reactome:Pathway1054,
reactome:Pathway1778,abstraction:IsAChildOf,reactome:Pathway1773,
reactome:Pathway579,abstraction:IsAChildOf,reactome:Pathway577,
reactome:Pathway1622,abstraction:IsAChildOf,reactome:Pathway1619,
reactome:Pathway2363,abstraction:IsAChildOf,reactome:Pathway2362,
reactome:Pathway1412,abstraction:IsAChildOf,reactome:Pathway1411,
reactome:Pathway2369,abstraction:IsAChildOf,reactome:Pathway2354,
reactome:Pathway1828,abstraction:IsAChildOf,reactome:Pathway1825,
reactome:Pathway19,abstraction:IsAChildOf,reactome:Pathway17,
reactome:Pathway1535,abstraction:IsAChildOf,reactome:Pathway1525,
reactome:Pathway1345,abstraction:IsAChildOf,reactome:Pathway1340,
reactome:Pathway1279,abstraction:IsAChildOf,reactome:Pathway1277,
reactome:Pathway2416,abstraction:IsAChildOf,reactome:Pathway2413,
reactome:Pathway723,abstraction:IsAChildOf,reactome:Pathway721,
reactome:Pathway951,abstraction:IsAChildOf,reactome:Pathway950,
reactome:Pathway2091,abstraction:IsAChildOf,reactome:Pathway2076,
reactome:Pathway992,abstraction:IsAChildOf,reactome:Pathway984,
reactome:Pathway1922,abstraction:IsAChildOf,reactome:Pathway1893,
reactome:Pathway1750,abstraction:IsAChildOf,reactome:Pathway1749,
reactome:Pathway2822,abstraction:IsAChildOf,reactome:Pathway2820,
reactome:Pathway1154,abstraction:IsAChildOf,reactome:Pathway1153,
reactome:Pathway2398,abstraction:IsAChildOf,reactome:Pathway2396,
reactome:Pathway1461,abstraction:IsAChildOf,reactome:Pathway1458,
reactome:Pathway771,abstraction:IsAChildOf,reactome:Pathway768,
reactome:Pathway2148,abstraction:IsAChildOf,reactome:Pathway2143,
reactome:Pathway1082,abstraction:IsAChildOf,reactome:Pathway1034,
reactome:Pathway1932,abstraction:IsAChildOf,reactome:Pathway1931,
reactome:Pathway163,abstraction:IsAChildOf,reactome:Pathway159,
reactome:Pathway889,abstraction:IsAChildOf,reactome:Pathway886,
reactome:Pathway207,abstraction:IsAChildOf,reactome:Pathway206,
reactome:Pathway666,abstraction:IsAChildOf,reactome:Pathway665,
reactome:Pathway552,abstraction:IsAChildOf,reactome:Pathway550,
reactome:Pathway137,abstraction:IsAChildOf,reactome:Pathway129,
reactome:Pathway79,abstraction:IsAChildOf,reactome:Pathway74,
reactome:Pathway1386,abstraction:IsAChildOf,reactome:Pathway1373,
reactome:Pathway104,abstraction:IsAChildOf,reactome:Pathway103,
reactome:Pathway876,abstraction:IsAChildOf,reactome:Pathway873,
reactome:Pathway1847,abstraction:IsAChildOf,reactome:Pathway1846,
reactome:Pathway2494,abstraction:IsAChildOf,reactome:Pathway2493,
reactome:Pathway2711,abstraction:IsAChildOf,reactome:Pathway2709,
reactome:Pathway2781,abstraction:IsAChildOf,reactome:Pathway2713,
reactome:Pathway421,abstraction:IsAChildOf,reactome:Pathway417,
reactome:Pathway2142,abstraction:IsAChildOf,reactome:Pathway2130,
reactome:Pathway302,abstraction:IsAChildOf,reactome:Pathway295,
reactome:Pathway1818,abstraction:IsAChildOf,reactome:Pathway1815,
reactome:Pathway2182,abstraction:IsAChildOf,reactome:Pathway2179,
reactome:Pathway61,abstraction:IsAChildOf,reactome:Pathway31,
reactome:Pathway2394,abstraction:IsAChildOf,reactome:Pathway2374,
reactome:Pathway1646,abstraction:IsAChildOf,reactome:Pathway1645,
reactome:Pathway521,abstraction:IsAChildOf,reactome:Pathway518,
reactome:Pathway2610,abstraction:IsAChildOf,reactome:Pathway2606,
reactome:Pathway1398,abstraction:IsAChildOf,reactome:Pathway1394,
reactome:Pathway2461,abstraction:IsAChildOf,reactome:Pathway2353,
reactome:Pathway2070,abstraction:IsAChildOf,reactome:Pathway2059,
reactome:Pathway2185,abstraction:IsAChildOf,reactome:Pathway2179,
reactome:Pathway1128,abstraction:IsAChildOf,reactome:Pathway1127,
reactome:Pathway842,abstraction:IsAChildOf,reactome:Pathway784,
reactome:Pathway22,abstraction:IsAChildOf,reactome:Pathway16,
reactome:Pathway1117,abstraction:IsAChildOf,reactome:Pathway1116,
reactome:Pathway1435,abstraction:IsAChildOf,reactome:Pathway1433,
reactome:Pathway806,abstraction:IsAChildOf,reactome:Pathway784,
reactome:Pathway1060,abstraction:IsAChildOf,reactome:Pathway1054,
reactome:Pathway592,abstraction:IsAChildOf,reactome:Pathway534,
reactome:Pathway1295,abstraction:IsAChildOf,reactome:Pathway1291,
reactome:Pathway616,abstraction:IsAChildOf,reactome:Pathway614,
reactome:Pathway2525,abstraction:IsAChildOf,reactome:Pathway2523,
reactome:Pathway1124,abstraction:IsAChildOf,reactome:Pathway1116,
reactome:Pathway2147,abstraction:IsAChildOf,reactome:Pathway2145,
reactome:Pathway2056,abstraction:IsAChildOf,reactome:Pathway2055,
reactome:Pathway988,abstraction:IsAChildOf,reactome:Pathway984,
reactome:Pathway1776,abstraction:IsAChildOf,reactome:Pathway1784,
reactome:Pathway2389,abstraction:IsAChildOf,reactome:Pathway2387,
reactome:Pathway1985,abstraction:IsAChildOf,reactome:Pathway1938,
reactome:Pathway950,abstraction:IsAChildOf,reactome:Pathway854,
reactome:Pathway2349,abstraction:IsAChildOf,reactome:Pathway2348,
reactome:Pathway407,abstraction:IsAChildOf,reactome:Pathway406,
reactome:Pathway920,abstraction:IsAChildOf,reactome:Pathway909,
reactome:Pathway2545,abstraction:IsAChildOf,reactome:Pathway2542,
reactome:Pathway374,abstraction:IsAChildOf,reactome:Pathway373,
reactome:Pathway1924,abstraction:IsAChildOf,reactome:Pathway1893,
reactome:Pathway39,abstraction:IsAChildOf,reactome:Pathway38,
reactome:Pathway351,abstraction:IsAChildOf,reactome:Pathway350,
reactome:Pathway574,abstraction:IsAChildOf,reactome:Pathway562,
reactome:Pathway1384,abstraction:IsAChildOf,reactome:Pathway1373,
reactome:Pathway1607,abstraction:IsAChildOf,reactome:Pathway1605,
reactome:Pathway1269,abstraction:IsAChildOf,reactome:Pathway1266,
reactome:Pathway657,abstraction:IsAChildOf,reactome:Pathway651,
reactome:Pathway1715,abstraction:IsAChildOf,reactome:Pathway1713,
reactome:Pathway2624,abstraction:IsAChildOf,reactome:Pathway2623,
reactome:Pathway1621,abstraction:IsAChildOf,reactome:Pathway1619,
reactome:Pathway1328,abstraction:IsAChildOf,reactome:Pathway1327,
reactome:Pathway1949,abstraction:IsAChildOf,reactome:Pathway1942,
reactome:Pathway1963,abstraction:IsAChildOf,reactome:Pathway1942,
reactome:Pathway54,abstraction:IsAChildOf,reactome:Pathway31,
reactome:Pathway775,abstraction:IsAChildOf,reactome:Pathway768,
reactome:Pathway1023,abstraction:IsAChildOf,reactome:Pathway1022,
reactome:Pathway2541,abstraction:IsAChildOf,reactome:Pathway2540,
reactome:Pathway683,abstraction:IsAChildOf,reactome:Pathway676,
reactome:Pathway269,abstraction:IsAChildOf,reactome:Pathway254,
reactome:Pathway2040,abstraction:IsAChildOf,reactome:Pathway2039,
reactome:Pathway1530,abstraction:IsAChildOf,reactome:Pathway1529,
reactome:Pathway1172,abstraction:IsAChildOf,reactome:Pathway1164,
reactome:Pathway1851,abstraction:IsAChildOf,reactome:Pathway1848,
reactome:Pathway106,abstraction:IsAChildOf,reactome:Pathway103,
reactome:Pathway606,abstraction:IsAChildOf,reactome:Pathway605,
reactome:Pathway2030,abstraction:IsAChildOf,reactome:Pathway2028,
reactome:Pathway2273,abstraction:IsAChildOf,reactome:Pathway2272,
reactome:Pathway1126,abstraction:IsAChildOf,reactome:Pathway1125,
reactome:Pathway673,abstraction:IsAChildOf,reactome:Pathway670,
reactome:Pathway1312,abstraction:IsAChildOf,reactome:Pathway1311,
reactome:Pathway1599,abstraction:IsAChildOf,reactome:Pathway1597,
reactome:Pathway1302,abstraction:IsAChildOf,reactome:Pathway1301,
reactome:Pathway2265,abstraction:IsAChildOf,reactome:Pathway2264,
reactome:Pathway333,abstraction:IsAChildOf,reactome:Pathway327,
reactome:Pathway1284,abstraction:IsAChildOf,reactome:Pathway1277,
reactome:Pathway1338,abstraction:IsAChildOf,reactome:Pathway1327,
reactome:Pathway1490,abstraction:IsAChildOf,reactome:Pathway1489,
reactome:Pathway2238,abstraction:IsAChildOf,reactome:Pathway2237,
reactome:Pathway1439,abstraction:IsAChildOf,reactome:Pathway1433,
reactome:Pathway1981,abstraction:IsAChildOf,reactome:Pathway1938,
reactome:Pathway840,abstraction:IsAChildOf,reactome:Pathway784,
reactome:Pathway1231,abstraction:IsAChildOf,reactome:Pathway1230,
reactome:Pathway2482,abstraction:IsAChildOf,reactome:Pathway2480,
reactome:Pathway320,abstraction:IsAChildOf,reactome:Pathway319,
reactome:Pathway1815,abstraction:IsAChildOf,reactome:Pathway1814,
reactome:Pathway905,abstraction:IsAChildOf,reactome:Pathway894,
reactome:Pathway1480,abstraction:IsAChildOf,reactome:Pathway1471,
reactome:Pathway121,abstraction:IsAChildOf,reactome:Pathway120,
reactome:Pathway2650,abstraction:IsAChildOf,reactome:Pathway2649,
reactome:Pathway1446,abstraction:IsAChildOf,reactome:Pathway1444,
reactome:Pathway2253,abstraction:IsAChildOf,reactome:Pathway2246,
reactome:Pathway2139,abstraction:IsAChildOf,reactome:Pathway2130,
reactome:Pathway147,abstraction:IsAChildOf,reactome:Pathway146,
reactome:Pathway2508,abstraction:IsAChildOf,reactome:Pathway2507,
reactome:Pathway1995,abstraction:IsAChildOf,reactome:Pathway1993,
reactome:Pathway1182,abstraction:IsAChildOf,reactome:Pathway1179,
reactome:Pathway2219,abstraction:IsAChildOf,reactome:Pathway2214,
reactome:Pathway444,abstraction:IsAChildOf,reactome:Pathway435,
reactome:Pathway2080,abstraction:IsAChildOf,reactome:Pathway2079,
reactome:Pathway2114,abstraction:IsAChildOf,reactome:Pathway2111,
reactome:Pathway766,abstraction:IsAChildOf,reactome:Pathway764,
reactome:Pathway1670,abstraction:IsAChildOf,reactome:Pathway1667,
reactome:Pathway257,abstraction:IsAChildOf,reactome:Pathway256,
reactome:Pathway1606,abstraction:IsAChildOf,reactome:Pathway1605,
reactome:Pathway2472,abstraction:IsAChildOf,reactome:Pathway2470,
reactome:Pathway1707,abstraction:IsAChildOf,reactome:Pathway1706,
reactome:Pathway2534,abstraction:IsAChildOf,reactome:Pathway2529,
reactome:Pathway185,abstraction:IsAChildOf,reactome:Pathway182,
reactome:Pathway1089,abstraction:IsAChildOf,reactome:Pathway1088,
reactome:Pathway543,abstraction:IsAChildOf,reactome:Pathway542,
reactome:Pathway213,abstraction:IsAChildOf,reactome:Pathway211,
reactome:Pathway828,abstraction:IsAChildOf,reactome:Pathway784,
reactome:Pathway2787,abstraction:IsAChildOf,reactome:Pathway2713,
reactome:Pathway2331,abstraction:IsAChildOf,reactome:Pathway2329,
reactome:Pathway2460,abstraction:IsAChildOf,reactome:Pathway2451,
reactome:Pathway2712,abstraction:IsAChildOf,reactome:Pathway2709,
reactome:Pathway2747,abstraction:IsAChildOf,reactome:Pathway2741,
reactome:Pathway704,abstraction:IsAChildOf,reactome:Pathway533,
reactome:Pathway1940,abstraction:IsAChildOf,reactome:Pathway1939,
reactome:Pathway2429,abstraction:IsAChildOf,reactome:Pathway2426,
reactome:Pathway443,abstraction:IsAChildOf,reactome:Pathway435,
reactome:Pathway466,abstraction:IsAChildOf,reactome:Pathway465,
reactome:Pathway1156,abstraction:IsAChildOf,reactome:Pathway1153,
reactome:Pathway1987,abstraction:IsAChildOf,reactome:Pathway1985,
reactome:Pathway256,abstraction:IsAChildOf,reactome:Pathway255,
reactome:Pathway2036,abstraction:IsAChildOf,reactome:Pathway2022,
reactome:Pathway1069,abstraction:IsAChildOf,reactome:Pathway1068,
reactome:Pathway1776,abstraction:IsAChildOf,reactome:Pathway1793,
reactome:Pathway2129,abstraction:IsAChildOf,reactome:Pathway2111,
reactome:Pathway1643,abstraction:IsAChildOf,reactome:Pathway1318,
reactome:Pathway327,abstraction:IsAChildOf,reactome:Pathway326,
reactome:Pathway1070,abstraction:IsAChildOf,reactome:Pathway1052,
reactome:Pathway2085,abstraction:IsAChildOf,reactome:Pathway2079,
reactome:Pathway2444,abstraction:IsAChildOf,reactome:Pathway2439,
reactome:Pathway370,abstraction:IsAChildOf,reactome:Pathway369,
reactome:Pathway1434,abstraction:IsAChildOf,reactome:Pathway1433,
reactome:Pathway1600,abstraction:IsAChildOf,reactome:Pathway1597,
reactome:Pathway1614,abstraction:IsAChildOf,reactome:Pathway1610,
reactome:Pathway2221,abstraction:IsAChildOf,reactome:Pathway2219,
reactome:Pathway479,abstraction:IsAChildOf,reactome:Pathway477,
reactome:Pathway1732,abstraction:IsAChildOf,reactome:Pathway1728,
reactome:Pathway2669,abstraction:IsAChildOf,reactome:Pathway2668,
reactome:Pathway42,abstraction:IsAChildOf,reactome:Pathway40,
reactome:Pathway2575,abstraction:IsAChildOf,reactome:Pathway2568,
reactome:Pathway855,abstraction:IsAChildOf,reactome:Pathway854,
reactome:Pathway1775,abstraction:IsAChildOf,reactome:Pathway1801,
reactome:Pathway1390,abstraction:IsAChildOf,reactome:Pathway1782,
reactome:Pathway261,abstraction:IsAChildOf,reactome:Pathway256,
reactome:Pathway306,abstraction:IsAChildOf,reactome:Pathway305,
reactome:Pathway2067,abstraction:IsAChildOf,reactome:Pathway2059,
reactome:Pathway555,abstraction:IsAChildOf,reactome:Pathway542,
reactome:Pathway1781,abstraction:IsAChildOf,reactome:Pathway1896,
reactome:Pathway860,abstraction:IsAChildOf,reactome:Pathway856,
reactome:Pathway2397,abstraction:IsAChildOf,reactome:Pathway2396,
reactome:Pathway2503,abstraction:IsAChildOf,reactome:Pathway2502,
reactome:Pathway2280,abstraction:IsAChildOf,reactome:Pathway2268,
reactome:Pathway2532,abstraction:IsAChildOf,reactome:Pathway2530,
reactome:Pathway1311,abstraction:IsAChildOf,reactome:Pathway1304,
reactome:Pathway235,abstraction:IsAChildOf,reactome:Pathway233,
reactome:Pathway1183,abstraction:IsAChildOf,reactome:Pathway1179,
reactome:Pathway2279,abstraction:IsAChildOf,reactome:Pathway2277,
reactome:Pathway984,abstraction:IsAChildOf,reactome:Pathway950,
reactome:Pathway2058,abstraction:IsAChildOf,reactome:Pathway2055,
reactome:Pathway1120,abstraction:IsAChildOf,reactome:Pathway1116,
reactome:Pathway1553,abstraction:IsAChildOf,reactome:Pathway1547,
reactome:Pathway791,abstraction:IsAChildOf,reactome:Pathway784,
reactome:Pathway380,abstraction:IsAChildOf,reactome:Pathway373,
reactome:Pathway2739,abstraction:IsAChildOf,reactome:Pathway2713,
reactome:Pathway1952,abstraction:IsAChildOf,reactome:Pathway1949,
reactome:Pathway2672,abstraction:IsAChildOf,reactome:Pathway2666,
reactome:Pathway604,abstraction:IsAChildOf,reactome:Pathway534,
reactome:Pathway1359,abstraction:IsAChildOf,reactome:Pathway1355,
reactome:Pathway1166,abstraction:IsAChildOf,reactome:Pathway1164,
reactome:Pathway987,abstraction:IsAChildOf,reactome:Pathway984,
reactome:Pathway64,abstraction:IsAChildOf,reactome:Pathway61,
reactome:Pathway994,abstraction:IsAChildOf,reactome:Pathway950,
reactome:Pathway2811,abstraction:IsAChildOf,reactome:Pathway2809,
reactome:Pathway1287,abstraction:IsAChildOf,reactome:Pathway1285,
reactome:Pathway101,abstraction:IsAChildOf,reactome:Pathway97,
reactome:Pathway1982,abstraction:IsAChildOf,reactome:Pathway1981,
reactome:Pathway120,abstraction:IsAChildOf,reactome:Pathway116,
reactome:Pathway1104,abstraction:IsAChildOf,reactome:Pathway1100,
reactome:Pathway1749,abstraction:IsAChildOf,reactome:Pathway1727,
reactome:Pathway89,abstraction:IsAChildOf,reactome:Pathway88,
reactome:Pathway1839,abstraction:IsAChildOf,reactome:Pathway1838,
reactome:Pathway934,abstraction:IsAChildOf,reactome:Pathway909,
reactome:Pathway580,abstraction:IsAChildOf,reactome:Pathway577,
reactome:Pathway824,abstraction:IsAChildOf,reactome:Pathway784,
reactome:Pathway52,abstraction:IsAChildOf,reactome:Pathway51,
reactome:Pathway825,abstraction:IsAChildOf,reactome:Pathway784,
reactome:Pathway1362,abstraction:IsAChildOf,reactome:Pathway1361,
reactome:Pathway2426,abstraction:IsAChildOf,reactome:Pathway2424,
reactome:Pathway1577,abstraction:IsAChildOf,reactome:Pathway1572,
reactome:Pathway560,abstraction:IsAChildOf,reactome:Pathway542,
reactome:Pathway2145,abstraction:IsAChildOf,reactome:Pathway2143,
reactome:Pathway1623,abstraction:IsAChildOf,reactome:Pathway1619,
reactome:Pathway2156,abstraction:IsAChildOf,reactome:Pathway2155,
reactome:Pathway724,abstraction:IsAChildOf,reactome:Pathway716,
reactome:Pathway1365,abstraction:IsAChildOf,reactome:Pathway1364,
reactome:Pathway1298,abstraction:IsAChildOf,reactome:Pathway1297,
reactome:Pathway2591,abstraction:IsAChildOf,reactome:Pathway2588,
reactome:Pathway2133,abstraction:IsAChildOf,reactome:Pathway2130,
reactome:Pathway539,abstraction:IsAChildOf,reactome:Pathway538,
reactome:Pathway2258,abstraction:IsAChildOf,reactome:Pathway2246,
reactome:Pathway1753,abstraction:IsAChildOf,reactome:Pathway1751,
reactome:Pathway896,abstraction:IsAChildOf,reactome:Pathway894,
reactome:Pathway93,abstraction:IsAChildOf,reactome:Pathway92,
reactome:Pathway2433,abstraction:IsAChildOf,reactome:Pathway2432,
reactome:Pathway854,abstraction:IsAChildOf,reactome:Pathway533,
reactome:Pathway1719,abstraction:IsAChildOf,reactome:Pathway1717,
reactome:Pathway2583,abstraction:IsAChildOf,reactome:Pathway2581,
reactome:Pathway869,abstraction:IsAChildOf,reactome:Pathway856,
reactome:Pathway1440,abstraction:IsAChildOf,reactome:Pathway1685,
reactome:Pathway1370,abstraction:IsAChildOf,reactome:Pathway1319,
reactome:Pathway773,abstraction:IsAChildOf,reactome:Pathway768,
reactome:Pathway319,abstraction:IsAChildOf,reactome:Pathway318,
reactome:Pathway189,abstraction:IsAChildOf,reactome:Pathway188,
reactome:Pathway2130,abstraction:IsAChildOf,reactome:Pathway2110,
reactome:Pathway2697,abstraction:IsAChildOf,reactome:Pathway2692,
reactome:Pathway1178,abstraction:IsAChildOf,reactome:Pathway1164,
reactome:Pathway693,abstraction:IsAChildOf,reactome:Pathway692,
reactome:Pathway392,abstraction:IsAChildOf,reactome:Pathway326,
reactome:Pathway1992,abstraction:IsAChildOf,reactome:Pathway1938,
reactome:Pathway2691,abstraction:IsAChildOf,reactome:Pathway2689,
reactome:Pathway239,abstraction:IsAChildOf,reactome:Pathway237,
reactome:Pathway1769,abstraction:IsAChildOf,reactome:Pathway1726,
reactome:Pathway1442,abstraction:IsAChildOf,reactome:Pathway1441,
reactome:Pathway635,abstraction:IsAChildOf,reactome:Pathway628,
reactome:Pathway2735,abstraction:IsAChildOf,reactome:Pathway2713,
reactome:Pathway2345,abstraction:IsAChildOf,reactome:Pathway2343,
reactome:Pathway2386,abstraction:IsAChildOf,reactome:Pathway2382,
reactome:Pathway1003,abstraction:IsAChildOf,reactome:Pathway994,
reactome:Pathway1404,abstraction:IsAChildOf,reactome:Pathway1394,
reactome:Pathway1059,abstraction:IsAChildOf,reactome:Pathway1056,
reactome:Pathway1186,abstraction:IsAChildOf,reactome:Pathway1185,
reactome:Pathway2424,abstraction:IsAChildOf,reactome:Pathway2422,
reactome:Pathway224,abstraction:IsAChildOf,reactome:Pathway223,
reactome:Pathway1233,abstraction:IsAChildOf,reactome:Pathway1231,
reactome:Pathway1916,abstraction:IsAChildOf,reactome:Pathway1893,
reactome:Pathway2199,abstraction:IsAChildOf,reactome:Pathway2196,
reactome:Pathway2556,abstraction:IsAChildOf,reactome:Pathway2552,
reactome:Pathway388,abstraction:IsAChildOf,reactome:Pathway386,
reactome:Pathway1540,abstraction:IsAChildOf,reactome:Pathway1539,
reactome:Pathway1332,abstraction:IsAChildOf,reactome:Pathway1327,
reactome:Pathway1022,abstraction:IsAChildOf,reactome:Pathway1021,
reactome:Pathway325,abstraction:IsAChildOf,reactome:Pathway317,
reactome:Pathway848,abstraction:IsAChildOf,reactome:Pathway784,
reactome:Pathway402,abstraction:IsAChildOf,reactome:Pathway289,
reactome:Pathway2057,abstraction:IsAChildOf,reactome:Pathway2055,
reactome:Pathway2803,abstraction:IsAChildOf,reactome:Pathway2800,
reactome:Pathway2807,abstraction:IsAChildOf,reactome:Pathway2805,
reactome:Pathway1772,abstraction:IsAChildOf,reactome:Pathway1770,
reactome:Pathway2342,abstraction:IsAChildOf,reactome:Pathway2334,
reactome:Pathway1474,abstraction:IsAChildOf,reactome:Pathway1473,
reactome:Pathway226,abstraction:IsAChildOf,reactome:Pathway194,
reactome:Pathway2298,abstraction:IsAChildOf,reactome:Pathway2268,
reactome:Pathway2738,abstraction:IsAChildOf,reactome:Pathway2737,
reactome:Pathway2443,abstraction:IsAChildOf,reactome:Pathway2439,
reactome:Pathway1113,abstraction:IsAChildOf,reactome:Pathway1112,
reactome:Pathway2032,abstraction:IsAChildOf,reactome:Pathway2031,
reactome:Pathway541,abstraction:IsAChildOf,reactome:Pathway540,
reactome:Pathway2310,abstraction:IsAChildOf,reactome:Pathway2309,
reactome:Pathway601,abstraction:IsAChildOf,reactome:Pathway592,
reactome:Pathway268,abstraction:IsAChildOf,reactome:Pathway267,
reactome:Pathway739,abstraction:IsAChildOf,reactome:Pathway736,
reactome:Pathway609,abstraction:IsAChildOf,reactome:Pathway608,
reactome:Pathway294,abstraction:IsAChildOf,reactome:Pathway290,
reactome:Pathway1276,abstraction:IsAChildOf,reactome:Pathway1274,
reactome:Pathway459,abstraction:IsAChildOf,reactome:Pathway445,
reactome:Pathway2517,abstraction:IsAChildOf,reactome:Pathway2514,
reactome:Pathway1734,abstraction:IsAChildOf,reactome:Pathway1733,
reactome:Pathway865,abstraction:IsAChildOf,reactome:Pathway856,
reactome:Pathway710,abstraction:IsAChildOf,reactome:Pathway704,
reactome:Pathway1239,abstraction:IsAChildOf,reactome:Pathway1237,
reactome:Pathway991,abstraction:IsAChildOf,reactome:Pathway984,
reactome:Pathway882,abstraction:IsAChildOf,reactome:Pathway873,
reactome:Pathway1232,abstraction:IsAChildOf,reactome:Pathway1231,
reactome:Pathway1256,abstraction:IsAChildOf,reactome:Pathway1252,
reactome:Pathway501,abstraction:IsAChildOf,reactome:Pathway486,
reactome:Pathway1702,abstraction:IsAChildOf,reactome:Pathway1700,
reactome:Pathway1036,abstraction:IsAChildOf,reactome:Pathway1035,
reactome:Pathway1033,abstraction:IsAChildOf,reactome:Pathway1021,
reactome:Pathway1766,abstraction:IsAChildOf,reactome:Pathway1727,
reactome:Pathway542,abstraction:IsAChildOf,reactome:Pathway534,
reactome:Pathway2313,abstraction:IsAChildOf,reactome:Pathway2312,
reactome:Pathway1923,abstraction:IsAChildOf,reactome:Pathway1893,
reactome:Pathway538,abstraction:IsAChildOf,reactome:Pathway535,
reactome:Pathway2242,abstraction:IsAChildOf,reactome:Pathway2241,
reactome:Pathway1905,abstraction:IsAChildOf,reactome:Pathway1902,
reactome:Pathway1468,abstraction:IsAChildOf,reactome:Pathway1467,
reactome:Pathway898,abstraction:IsAChildOf,reactome:Pathway894,
reactome:Pathway2529,abstraction:IsAChildOf,reactome:Pathway2528,
reactome:Pathway299,abstraction:IsAChildOf,reactome:Pathway298,
reactome:Pathway2664,abstraction:IsAChildOf,reactome:Pathway2661,
reactome:Pathway283,abstraction:IsAChildOf,reactome:Pathway236,
reactome:Pathway159,abstraction:IsAChildOf,reactome:Pathway149,
reactome:Pathway2357,abstraction:IsAChildOf,reactome:Pathway2356,
reactome:Pathway343,abstraction:IsAChildOf,reactome:Pathway342,
reactome:Pathway2202,abstraction:IsAChildOf,reactome:Pathway2196,
reactome:Pathway2144,abstraction:IsAChildOf,reactome:Pathway2143,
reactome:Pathway602,abstraction:IsAChildOf,reactome:Pathway601,
reactome:Pathway417,abstraction:IsAChildOf,reactome:Pathway416,
reactome:Pathway1055,abstraction:IsAChildOf,reactome:Pathway1054,
reactome:Pathway584,abstraction:IsAChildOf,reactome:Pathway581,
reactome:Pathway1652,abstraction:IsAChildOf,reactome:Pathway1645,
reactome:Pathway2630,abstraction:IsAChildOf,reactome:Pathway2628,
reactome:Pathway2198,abstraction:IsAChildOf,reactome:Pathway2196,
reactome:Pathway321,abstraction:IsAChildOf,reactome:Pathway319,
reactome:Pathway1321,abstraction:IsAChildOf,reactome:Pathway1320,
reactome:Pathway68,abstraction:IsAChildOf,reactome:Pathway31,
reactome:Pathway1481,abstraction:IsAChildOf,reactome:Pathway1480,
reactome:Pathway1748,abstraction:IsAChildOf,reactome:Pathway1733,
reactome:Pathway158,abstraction:IsAChildOf,reactome:Pathway149,
reactome:Pathway1852,abstraction:IsAChildOf,reactome:Pathway1769,
reactome:Pathway1550,abstraction:IsAChildOf,reactome:Pathway1549,
reactome:Pathway357,abstraction:IsAChildOf,reactome:Pathway355,
reactome:Pathway717,abstraction:IsAChildOf,reactome:Pathway716,
reactome:Pathway2582,abstraction:IsAChildOf,reactome:Pathway2581,
reactome:Pathway276,abstraction:IsAChildOf,reactome:Pathway273,
reactome:Pathway2519,abstraction:IsAChildOf,reactome:Pathway2513,
reactome:Pathway115,abstraction:IsAChildOf,reactome:Pathway95,
reactome:Pathway2255,abstraction:IsAChildOf,reactome:Pathway2253,
reactome:Pathway646,abstraction:IsAChildOf,reactome:Pathway645,
reactome:Pathway1103,abstraction:IsAChildOf,reactome:Pathway1102,
reactome:Pathway1431,abstraction:IsAChildOf,reactome:Pathway1319,
reactome:Pathway2079,abstraction:IsAChildOf,reactome:Pathway2076,
reactome:Pathway2334,abstraction:IsAChildOf,reactome:Pathway2315,
reactome:Pathway2320,abstraction:IsAChildOf,reactome:Pathway2317,
reactome:Pathway2619,abstraction:IsAChildOf,reactome:Pathway2535,
reactome:Pathway1421,abstraction:IsAChildOf,reactome:Pathway1411,
reactome:Pathway1138,abstraction:IsAChildOf,reactome:Pathway1133,
reactome:Pathway1988,abstraction:IsAChildOf,reactome:Pathway1938,
reactome:Pathway1557,abstraction:IsAChildOf,reactome:Pathway1556,
reactome:Pathway77,abstraction:IsAChildOf,reactome:Pathway76,
reactome:Pathway2608,abstraction:IsAChildOf,reactome:Pathway2606,
reactome:Pathway2154,abstraction:IsAChildOf,reactome:Pathway2153,
reactome:Pathway1969,abstraction:IsAChildOf,reactome:Pathway1942,
reactome:Pathway1018,abstraction:IsAChildOf,reactome:Pathway854,
reactome:Pathway1816,abstraction:IsAChildOf,reactome:Pathway1815,
reactome:Pathway1245,abstraction:IsAChildOf,reactome:Pathway1237,
reactome:Pathway255,abstraction:IsAChildOf,reactome:Pathway254,
reactome:Pathway2355,abstraction:IsAChildOf,reactome:Pathway2354,
reactome:Pathway2031,abstraction:IsAChildOf,reactome:Pathway2022,
reactome:Pathway1636,abstraction:IsAChildOf,reactome:Pathway1631,
reactome:Pathway1668,abstraction:IsAChildOf,reactome:Pathway1667,
reactome:Pathway1514,abstraction:IsAChildOf,reactome:Pathway1490,
reactome:Pathway339,abstraction:IsAChildOf,reactome:Pathway336,
reactome:Pathway2458,abstraction:IsAChildOf,reactome:Pathway2457,
reactome:Pathway1143,abstraction:IsAChildOf,reactome:Pathway1139,
reactome:Pathway2271,abstraction:IsAChildOf,reactome:Pathway2268,
reactome:Pathway1477,abstraction:IsAChildOf,reactome:Pathway1476,
reactome:Pathway2175,abstraction:IsAChildOf,reactome:Pathway2174,
reactome:Pathway914,abstraction:IsAChildOf,reactome:Pathway909,
reactome:Pathway1430,abstraction:IsAChildOf,reactome:Pathway1424,
reactome:Pathway11,abstraction:IsAChildOf,reactome:Pathway9,
reactome:Pathway2489,abstraction:IsAChildOf,reactome:Pathway2485,
reactome:Pathway1586,abstraction:IsAChildOf,reactome:Pathway1584,
reactome:Pathway259,abstraction:IsAChildOf,reactome:Pathway256,
reactome:Pathway1936,abstraction:IsAChildOf,reactome:Pathway1935,
reactome:Pathway761,abstraction:IsAChildOf,reactome:Pathway759,
reactome:Pathway801,abstraction:IsAChildOf,reactome:Pathway784,
reactome:Pathway2566,abstraction:IsAChildOf,reactome:Pathway2561,
reactome:Pathway1274,abstraction:IsAChildOf,reactome:Pathway1273,
reactome:Pathway2572,abstraction:IsAChildOf,reactome:Pathway2568,
reactome:Pathway2598,abstraction:IsAChildOf,reactome:Pathway2536,
reactome:Pathway1163,abstraction:IsAChildOf,reactome:Pathway1082,
reactome:Pathway1739,abstraction:IsAChildOf,reactome:Pathway1733,
reactome:Pathway2287,abstraction:IsAChildOf,reactome:Pathway2284,
reactome:Pathway2745,abstraction:IsAChildOf,reactome:Pathway2741,
reactome:Pathway399,abstraction:IsAChildOf,reactome:Pathway326,
reactome:Pathway838,abstraction:IsAChildOf,reactome:Pathway784,
reactome:Pathway458,abstraction:IsAChildOf,reactome:Pathway456,
reactome:Pathway696,abstraction:IsAChildOf,reactome:Pathway695,
reactome:Pathway2461,abstraction:IsAChildOf,reactome:Pathway2707,
reactome:Pathway44,abstraction:IsAChildOf,reactome:Pathway31,
reactome:Pathway188,abstraction:IsAChildOf,reactome:Pathway186,
reactome:Pathway760,abstraction:IsAChildOf,reactome:Pathway759,
reactome:Pathway184,abstraction:IsAChildOf,reactome:Pathway182,
reactome:Pathway1243,abstraction:IsAChildOf,reactome:Pathway1237,
reactome:Pathway1840,abstraction:IsAChildOf,reactome:Pathway1838,
reactome:Pathway280,abstraction:IsAChildOf,reactome:Pathway273,
reactome:Pathway2108,abstraction:IsAChildOf,reactome:Pathway2107,
reactome:Pathway527,abstraction:IsAChildOf,reactome:Pathway525,
reactome:Pathway2075,abstraction:IsAChildOf,reactome:Pathway2072,
reactome:Pathway954,abstraction:IsAChildOf,reactome:Pathway951,
reactome:Pathway199,abstraction:IsAChildOf,reactome:Pathway196,
reactome:Pathway1776,abstraction:IsAChildOf,reactome:Pathway1773,
reactome:Pathway2179,abstraction:IsAChildOf,reactome:Pathway2174,
reactome:Pathway2223,abstraction:IsAChildOf,reactome:Pathway2222,
reactome:Pathway1743,abstraction:IsAChildOf,reactome:Pathway1740,
reactome:Pathway575,abstraction:IsAChildOf,reactome:Pathway562,
reactome:Pathway528,abstraction:IsAChildOf,reactome:Pathway527,
reactome:Pathway2274,abstraction:IsAChildOf,reactome:Pathway2268,
reactome:Pathway1906,abstraction:IsAChildOf,reactome:Pathway1902,
reactome:Pathway2276,abstraction:IsAChildOf,reactome:Pathway2275,
reactome:Pathway1941,abstraction:IsAChildOf,reactome:Pathway1939,
reactome:Pathway2097,abstraction:IsAChildOf,reactome:Pathway2093,
reactome:Pathway1835,abstraction:IsAChildOf,reactome:Pathway1831,
reactome:Pathway1747,abstraction:IsAChildOf,reactome:Pathway1743,
reactome:Pathway35,abstraction:IsAChildOf,reactome:Pathway34,
reactome:Pathway2783,abstraction:IsAChildOf,reactome:Pathway2713,
reactome:Pathway2301,abstraction:IsAChildOf,reactome:Pathway2268,
reactome:Pathway2116,abstraction:IsAChildOf,reactome:Pathway2111,
reactome:Pathway412,abstraction:IsAChildOf,reactome:Pathway289,
reactome:Pathway1506,abstraction:IsAChildOf,reactome:Pathway1505,
reactome:Pathway1711,abstraction:IsAChildOf,reactome:Pathway1708,
reactome:Pathway1327,abstraction:IsAChildOf,reactome:Pathway1326,
reactome:Pathway2065,abstraction:IsAChildOf,reactome:Pathway2059,
reactome:Pathway1374,abstraction:IsAChildOf,reactome:Pathway1373,
reactome:Pathway1934,abstraction:IsAChildOf,reactome:Pathway1931,
reactome:Pathway2025,abstraction:IsAChildOf,reactome:Pathway2023,
reactome:Pathway1275,abstraction:IsAChildOf,reactome:Pathway1274,
reactome:Pathway494,abstraction:IsAChildOf,reactome:Pathway486,
reactome:Pathway1200,abstraction:IsAChildOf,reactome:Pathway1195,
reactome:Pathway1762,abstraction:IsAChildOf,reactome:Pathway1759,
reactome:Pathway348,abstraction:IsAChildOf,reactome:Pathway342,
reactome:Pathway2547,abstraction:IsAChildOf,reactome:Pathway2540,
reactome:Pathway1110,abstraction:IsAChildOf,reactome:Pathway1095,
reactome:Pathway1121,abstraction:IsAChildOf,reactome:Pathway1120,
reactome:Pathway643,abstraction:IsAChildOf,reactome:Pathway642,
reactome:Pathway1265,abstraction:IsAChildOf,reactome:Pathway1264,
reactome:Pathway563,abstraction:IsAChildOf,reactome:Pathway562,
reactome:Pathway1433,abstraction:IsAChildOf,reactome:Pathway1319,
reactome:Pathway1046,abstraction:IsAChildOf,reactome:Pathway1036,
reactome:Pathway866,abstraction:IsAChildOf,reactome:Pathway856,
reactome:Pathway1087,abstraction:IsAChildOf,reactome:Pathway1085,
reactome:Pathway2628,abstraction:IsAChildOf,reactome:Pathway2528,
reactome:Pathway1960,abstraction:IsAChildOf,reactome:Pathway1957,
reactome:Pathway2168,abstraction:IsAChildOf,reactome:Pathway2072,
reactome:Pathway2663,abstraction:IsAChildOf,reactome:Pathway2661,
reactome:Pathway202,abstraction:IsAChildOf,reactome:Pathway200,
reactome:Pathway498,abstraction:IsAChildOf,reactome:Pathway494,
reactome:Pathway489,abstraction:IsAChildOf,reactome:Pathway488,
reactome:Pathway820,abstraction:IsAChildOf,reactome:Pathway784,
reactome:Pathway2222,abstraction:IsAChildOf,reactome:Pathway2214,
reactome:Pathway2128,abstraction:IsAChildOf,reactome:Pathway2111,
reactome:Pathway2366,abstraction:IsAChildOf,reactome:Pathway2365,
reactome:Pathway1658,abstraction:IsAChildOf,reactome:Pathway1645,
reactome:Pathway811,abstraction:IsAChildOf,reactome:Pathway784,
reactome:Pathway2092,abstraction:IsAChildOf,reactome:Pathway2076,
reactome:Pathway685,abstraction:IsAChildOf,reactome:Pathway676,
reactome:Pathway218,abstraction:IsAChildOf,reactome:Pathway209,
reactome:Pathway69,abstraction:IsAChildOf,reactome:Pathway68,
reactome:Pathway1396,abstraction:IsAChildOf,reactome:Pathway1394,
reactome:Pathway927,abstraction:IsAChildOf,reactome:Pathway909,
reactome:Pathway1983,abstraction:IsAChildOf,reactome:Pathway1981,
reactome:Pathway1813,abstraction:IsAChildOf,reactome:Pathway1769,
reactome:Pathway2190,abstraction:IsAChildOf,reactome:Pathway2188,
reactome:Pathway532,abstraction:IsAChildOf,reactome:Pathway529,
reactome:Pathway301,abstraction:IsAChildOf,reactome:Pathway295,
reactome:Pathway2696,abstraction:IsAChildOf,reactome:Pathway2693,
reactome:Pathway244,abstraction:IsAChildOf,reactome:Pathway240,
reactome:Pathway2415,abstraction:IsAChildOf,reactome:Pathway2413,
reactome:Pathway1224,abstraction:IsAChildOf,reactome:Pathway1223,
reactome:Pathway1836,abstraction:IsAChildOf,reactome:Pathway1831,
reactome:Pathway1436,abstraction:IsAChildOf,reactome:Pathway1433,
reactome:Pathway1745,abstraction:IsAChildOf,reactome:Pathway1743,
reactome:Pathway1801,abstraction:IsAChildOf,reactome:Pathway1799,
reactome:Pathway794,abstraction:IsAChildOf,reactome:Pathway784,
reactome:Pathway2755,abstraction:IsAChildOf,reactome:Pathway2751,
reactome:Pathway1309,abstraction:IsAChildOf,reactome:Pathway1305,
reactome:Pathway1884,abstraction:IsAChildOf,reactome:Pathway1883,
reactome:Pathway1420,abstraction:IsAChildOf,reactome:Pathway1412,
reactome:Pathway1720,abstraction:IsAChildOf,reactome:Pathway1706,
reactome:Pathway2135,abstraction:IsAChildOf,reactome:Pathway2130,
reactome:Pathway340,abstraction:IsAChildOf,reactome:Pathway326,
reactome:Pathway2710,abstraction:IsAChildOf,reactome:Pathway2709,
reactome:Pathway3,abstraction:IsAChildOf,reactome:Pathway2,
reactome:Pathway2648,abstraction:IsAChildOf,reactome:Pathway2646,
reactome:Pathway1021,abstraction:IsAChildOf,reactome:Pathway854,
reactome:Pathway1264,abstraction:IsAChildOf,reactome:Pathway1263,
reactome:Pathway2138,abstraction:IsAChildOf,reactome:Pathway2130,
reactome:Pathway43,abstraction:IsAChildOf,reactome:Pathway40,
reactome:Pathway108,abstraction:IsAChildOf,reactome:Pathway107,
reactome:Pathway625,abstraction:IsAChildOf,reactome:Pathway534,
reactome:Pathway220,abstraction:IsAChildOf,reactome:Pathway219,
reactome:Pathway656,abstraction:IsAChildOf,reactome:Pathway651,
reactome:Pathway2768,abstraction:IsAChildOf,reactome:Pathway2765,
reactome:Pathway2564,abstraction:IsAChildOf,reactome:Pathway2561,
reactome:Pathway2777,abstraction:IsAChildOf,reactome:Pathway2740,
reactome:Pathway763,abstraction:IsAChildOf,reactome:Pathway759,
reactome:Pathway583,abstraction:IsAChildOf,reactome:Pathway582,
reactome:Pathway58,abstraction:IsAChildOf,reactome:Pathway54,
reactome:Pathway288,abstraction:IsAChildOf,reactome:Pathway284,
reactome:Pathway2380,abstraction:IsAChildOf,reactome:Pathway2379,
reactome:Pathway790,abstraction:IsAChildOf,reactome:Pathway784,
reactome:Pathway1761,abstraction:IsAChildOf,reactome:Pathway1759,
reactome:Pathway2563,abstraction:IsAChildOf,reactome:Pathway2561,
reactome:Pathway2527,abstraction:IsAChildOf,reactome:Pathway2526,
reactome:Pathway1602,abstraction:IsAChildOf,reactome:Pathway1318,
reactome:Pathway409,abstraction:IsAChildOf,reactome:Pathway402,
reactome:Pathway949,abstraction:IsAChildOf,reactome:Pathway942,
reactome:Pathway223,abstraction:IsAChildOf,reactome:Pathway195,
reactome:Pathway534,abstraction:IsAChildOf,reactome:Pathway533,
reactome:Pathway60,abstraction:IsAChildOf,reactome:Pathway31,
reactome:Pathway1728,abstraction:IsAChildOf,reactome:Pathway1727,
reactome:Pathway2073,abstraction:IsAChildOf,reactome:Pathway2072,
reactome:Pathway431,abstraction:IsAChildOf,reactome:Pathway427,
reactome:Pathway2550,abstraction:IsAChildOf,reactome:Pathway2547,
reactome:Pathway396,abstraction:IsAChildOf,reactome:Pathway326,
reactome:Pathway963,abstraction:IsAChildOf,reactome:Pathway951,
reactome:Pathway678,abstraction:IsAChildOf,reactome:Pathway676,
reactome:Pathway2626,abstraction:IsAChildOf,reactome:Pathway2535,
reactome:Pathway2203,abstraction:IsAChildOf,reactome:Pathway2195,
reactome:Pathway904,abstraction:IsAChildOf,reactome:Pathway894,
reactome:Pathway1744,abstraction:IsAChildOf,reactome:Pathway1743,
reactome:Pathway623,abstraction:IsAChildOf,reactome:Pathway604,
reactome:Pathway1443,abstraction:IsAChildOf,reactome:Pathway1433,
reactome:Pathway977,abstraction:IsAChildOf,reactome:Pathway966,
reactome:Pathway906,abstraction:IsAChildOf,reactome:Pathway893,
reactome:Pathway2543,abstraction:IsAChildOf,reactome:Pathway2542,
reactome:Pathway986,abstraction:IsAChildOf,reactome:Pathway984,
reactome:Pathway107,abstraction:IsAChildOf,reactome:Pathway95,
reactome:Pathway2688,abstraction:IsAChildOf,reactome:Pathway2685,
reactome:Pathway2804,abstraction:IsAChildOf,reactome:Pathway2800,
reactome:Pathway2581,abstraction:IsAChildOf,reactome:Pathway2536,
reactome:Pathway18,abstraction:IsAChildOf,reactome:Pathway17,
reactome:Pathway240,abstraction:IsAChildOf,reactome:Pathway236,
reactome:Pathway2613,abstraction:IsAChildOf,reactome:Pathway2612,
reactome:Pathway395,abstraction:IsAChildOf,reactome:Pathway326,
reactome:Pathway2360,abstraction:IsAChildOf,reactome:Pathway2357,
reactome:Pathway2647,abstraction:IsAChildOf,reactome:Pathway2646,
reactome:Pathway1207,abstraction:IsAChildOf,reactome:Pathway1204,
reactome:Pathway2020,abstraction:IsAChildOf,reactome:Pathway2010,
reactome:Pathway1901,abstraction:IsAChildOf,reactome:Pathway1894,
reactome:Pathway468,abstraction:IsAChildOf,reactome:Pathway467,
reactome:Pathway982,abstraction:IsAChildOf,reactome:Pathway966,
reactome:Pathway612,abstraction:IsAChildOf,reactome:Pathway611,
reactome:Pathway524,abstraction:IsAChildOf,reactome:Pathway522,
reactome:Pathway2658,abstraction:IsAChildOf,reactome:Pathway2656,
reactome:Pathway2645,abstraction:IsAChildOf,reactome:Pathway2639,
reactome:Pathway411,abstraction:IsAChildOf,reactome:Pathway289,
reactome:Pathway1079,abstraction:IsAChildOf,reactome:Pathway1078,
reactome:Pathway2603,abstraction:IsAChildOf,reactome:Pathway2599,
reactome:Pathway637,abstraction:IsAChildOf,reactome:Pathway628,
reactome:Pathway1832,abstraction:IsAChildOf,reactome:Pathway1831,
reactome:Pathway2004,abstraction:IsAChildOf,reactome:Pathway2002,
reactome:Pathway1329,abstraction:IsAChildOf,reactome:Pathway1328,
reactome:Pathway1010,abstraction:IsAChildOf,reactome:Pathway854,
reactome:Pathway2649,abstraction:IsAChildOf,reactome:Pathway2646,
reactome:Pathway1393,abstraction:IsAChildOf,reactome:Pathway1389,
reactome:Pathway264,abstraction:IsAChildOf,reactome:Pathway256,
reactome:Pathway316,abstraction:IsAChildOf,reactome:Pathway313,
reactome:Pathway1848,abstraction:IsAChildOf,reactome:Pathway1769,
reactome:Pathway267,abstraction:IsAChildOf,reactome:Pathway254,
reactome:Pathway2275,abstraction:IsAChildOf,reactome:Pathway2268,
reactome:Pathway928,abstraction:IsAChildOf,reactome:Pathway909,
reactome:Pathway198,abstraction:IsAChildOf,reactome:Pathway196,
reactome:Pathway1580,abstraction:IsAChildOf,reactome:Pathway1572,
reactome:Pathway1025,abstraction:IsAChildOf,reactome:Pathway1022,
reactome:Pathway2825,abstraction:IsAChildOf,reactome:Pathway2824,
reactome:Pathway262,abstraction:IsAChildOf,reactome:Pathway256,
reactome:Pathway1990,abstraction:IsAChildOf,reactome:Pathway1938,
reactome:Pathway2343,abstraction:IsAChildOf,reactome:Pathway2342,
reactome:Pathway823,abstraction:IsAChildOf,reactome:Pathway784,
reactome:Pathway1723,abstraction:IsAChildOf,reactome:Pathway1721,
reactome:Pathway221,abstraction:IsAChildOf,reactome:Pathway195,
reactome:Pathway847,abstraction:IsAChildOf,reactome:Pathway784,
reactome:Pathway1238,abstraction:IsAChildOf,reactome:Pathway1237,
reactome:Pathway2798,abstraction:IsAChildOf,reactome:Pathway2797,
reactome:Pathway887,abstraction:IsAChildOf,reactome:Pathway886,
reactome:Pathway2069,abstraction:IsAChildOf,reactome:Pathway2059,
reactome:Pathway697,abstraction:IsAChildOf,reactome:Pathway695,
reactome:Pathway1174,abstraction:IsAChildOf,reactome:Pathway1172,
reactome:Pathway103,abstraction:IsAChildOf,reactome:Pathway97,
reactome:Pathway2637,abstraction:IsAChildOf,reactome:Pathway2636,
reactome:Pathway767,abstraction:IsAChildOf,reactome:Pathway533,
reactome:Pathway1582,abstraction:IsAChildOf,reactome:Pathway1572,
reactome:Pathway1071,abstraction:IsAChildOf,reactome:Pathway1035,
reactome:Pathway1072,abstraction:IsAChildOf,reactome:Pathway1071,
reactome:Pathway1165,abstraction:IsAChildOf,reactome:Pathway1164,
reactome:Pathway102,abstraction:IsAChildOf,reactome:Pathway97,
reactome:Pathway2002,abstraction:IsAChildOf,reactome:Pathway1992,
reactome:Pathway1202,abstraction:IsAChildOf,reactome:Pathway1194,
reactome:Pathway2263,abstraction:IsAChildOf,reactome:Pathway2261,
reactome:Pathway478,abstraction:IsAChildOf,reactome:Pathway477,
reactome:Pathway173,abstraction:IsAChildOf,reactome:Pathway170,
reactome:Pathway1426,abstraction:IsAChildOf,reactome:Pathway1425,
reactome:Pathway2086,abstraction:IsAChildOf,reactome:Pathway2079,
reactome:Pathway1686,abstraction:IsAChildOf,reactome:Pathway1685,
reactome:Pathway251,abstraction:IsAChildOf,reactome:Pathway236,
reactome:Pathway1397,abstraction:IsAChildOf,reactome:Pathway1394,
reactome:Pathway2117,abstraction:IsAChildOf,reactome:Pathway2111,
reactome:Pathway1872,abstraction:IsAChildOf,reactome:Pathway1769,
reactome:Pathway99,abstraction:IsAChildOf,reactome:Pathway97,
reactome:Pathway745,abstraction:IsAChildOf,reactome:Pathway743,
reactome:Pathway156,abstraction:IsAChildOf,reactome:Pathway152,
reactome:Pathway737,abstraction:IsAChildOf,reactome:Pathway736,
reactome:Pathway119,abstraction:IsAChildOf,reactome:Pathway120,
reactome:Pathway725,abstraction:IsAChildOf,reactome:Pathway533,
reactome:Pathway1756,abstraction:IsAChildOf,reactome:Pathway1727,
reactome:Pathway2515,abstraction:IsAChildOf,reactome:Pathway2514,
reactome:Pathway941,abstraction:IsAChildOf,reactome:Pathway854,
reactome:Pathway1283,abstraction:IsAChildOf,reactome:Pathway1277,
reactome:Pathway2084,abstraction:IsAChildOf,reactome:Pathway2079,
reactome:Pathway2491,abstraction:IsAChildOf,reactome:Pathway2464,
reactome:Pathway2432,abstraction:IsAChildOf,reactome:Pathway2374,
reactome:Pathway1611,abstraction:IsAChildOf,reactome:Pathway1610,
reactome:Pathway2427,abstraction:IsAChildOf,reactome:Pathway2426,
reactome:Pathway277,abstraction:IsAChildOf,reactome:Pathway276,
reactome:Pathway2184,abstraction:IsAChildOf,reactome:Pathway2183,
reactome:Pathway918,abstraction:IsAChildOf,reactome:Pathway909,
reactome:Pathway2410,abstraction:IsAChildOf,reactome:Pathway2409,
reactome:Pathway1572,abstraction:IsAChildOf,reactome:Pathway1567,
reactome:Pathway2051,abstraction:IsAChildOf,reactome:Pathway2049,
reactome:Pathway1625,abstraction:IsAChildOf,reactome:Pathway1619,
reactome:Pathway2496,abstraction:IsAChildOf,reactome:Pathway2491,
reactome:Pathway2239,abstraction:IsAChildOf,reactome:Pathway2237,
reactome:Pathway835,abstraction:IsAChildOf,reactome:Pathway784,
reactome:Pathway1009,abstraction:IsAChildOf,reactome:Pathway994,
reactome:Pathway2146,abstraction:IsAChildOf,reactome:Pathway2145,
reactome:Pathway2450,abstraction:IsAChildOf,reactome:Pathway2449,
reactome:Pathway376,abstraction:IsAChildOf,reactome:Pathway373,
reactome:Pathway738,abstraction:IsAChildOf,reactome:Pathway736,
reactome:Pathway2546,abstraction:IsAChildOf,reactome:Pathway2542,
reactome:Pathway1068,abstraction:IsAChildOf,reactome:Pathway1052,
reactome:Pathway2674,abstraction:IsAChildOf,reactome:Pathway2672,
reactome:Pathway2095,abstraction:IsAChildOf,reactome:Pathway2093,
reactome:Pathway377,abstraction:IsAChildOf,reactome:Pathway373,
reactome:Pathway1942,abstraction:IsAChildOf,reactome:Pathway1938,
reactome:Pathway2231,abstraction:IsAChildOf,reactome:Pathway2214,
reactome:Pathway2261,abstraction:IsAChildOf,reactome:Pathway2245,
reactome:Pathway144,abstraction:IsAChildOf,reactome:Pathway115,
reactome:Pathway1759,abstraction:IsAChildOf,reactome:Pathway1756,
reactome:Pathway548,abstraction:IsAChildOf,reactome:Pathway544,
reactome:Pathway203,abstraction:IsAChildOf,reactome:Pathway200,
reactome:Pathway1088,abstraction:IsAChildOf,reactome:Pathway1085,
reactome:Pathway1574,abstraction:IsAChildOf,reactome:Pathway1572,
reactome:Pathway297,abstraction:IsAChildOf,reactome:Pathway295,
reactome:Pathway1633,abstraction:IsAChildOf,reactome:Pathway1631,
reactome:Pathway2692,abstraction:IsAChildOf,reactome:Pathway2666,
reactome:Pathway360,abstraction:IsAChildOf,reactome:Pathway359,
reactome:Pathway2495,abstraction:IsAChildOf,reactome:Pathway2493,
reactome:Pathway2440,abstraction:IsAChildOf,reactome:Pathway2439,
reactome:Pathway142,abstraction:IsAChildOf,reactome:Pathway140,
reactome:Pathway591,abstraction:IsAChildOf,reactome:Pathway590,
reactome:Pathway2479,abstraction:IsAChildOf,reactome:Pathway2475,
reactome:Pathway389,abstraction:IsAChildOf,reactome:Pathway386,
reactome:Pathway935,abstraction:IsAChildOf,reactome:Pathway909,
reactome:Pathway953,abstraction:IsAChildOf,reactome:Pathway951,
reactome:Pathway677,abstraction:IsAChildOf,reactome:Pathway676,
reactome:Pathway329,abstraction:IsAChildOf,reactome:Pathway328,
reactome:Pathway2103,abstraction:IsAChildOf,reactome:Pathway2076,
reactome:Pathway1967,abstraction:IsAChildOf,reactome:Pathway1942,
reactome:Pathway2718,abstraction:IsAChildOf,reactome:Pathway2714,
reactome:Pathway2038,abstraction:IsAChildOf,reactome:Pathway2022,
reactome:Pathway1473,abstraction:IsAChildOf,reactome:Pathway1472,
reactome:Pathway2537,abstraction:IsAChildOf,reactome:Pathway2536,
reactome:Pathway1411,abstraction:IsAChildOf,reactome:Pathway1319,
reactome:Pathway878,abstraction:IsAChildOf,reactome:Pathway873,
reactome:Pathway1339,abstraction:IsAChildOf,reactome:Pathway1350,
reactome:Pathway2644,abstraction:IsAChildOf,reactome:Pathway2639,
reactome:Pathway567,abstraction:IsAChildOf,reactome:Pathway565,
reactome:Pathway88,abstraction:IsAChildOf,reactome:Pathway86,
reactome:Pathway1173,abstraction:IsAChildOf,reactome:Pathway1172,
reactome:Pathway1270,abstraction:IsAChildOf,reactome:Pathway1266,
reactome:Pathway1419,abstraction:IsAChildOf,reactome:Pathway1414,
reactome:Pathway1108,abstraction:IsAChildOf,reactome:Pathway1096,
reactome:Pathway2290,abstraction:IsAChildOf,reactome:Pathway2289,
reactome:Pathway2385,abstraction:IsAChildOf,reactome:Pathway2383,
reactome:Pathway1860,abstraction:IsAChildOf,reactome:Pathway1859,
reactome:Pathway330,abstraction:IsAChildOf,reactome:Pathway328,
reactome:Pathway719,abstraction:IsAChildOf,reactome:Pathway717,
reactome:Pathway2125,abstraction:IsAChildOf,reactome:Pathway2111,
reactome:Pathway1521,abstraction:IsAChildOf,reactome:Pathway1520,
reactome:Pathway890,abstraction:IsAChildOf,reactome:Pathway886,
reactome:Pathway1778,abstraction:IsAChildOf,reactome:Pathway1801,
reactome:Pathway214,abstraction:IsAChildOf,reactome:Pathway211,
reactome:Pathway270,abstraction:IsAChildOf,reactome:Pathway236,
reactome:Pathway130,abstraction:IsAChildOf,reactome:Pathway129,
reactome:Pathway2401,abstraction:IsAChildOf,reactome:Pathway2400,
reactome:Pathway2590,abstraction:IsAChildOf,reactome:Pathway2588,
reactome:Pathway549,abstraction:IsAChildOf,reactome:Pathway542,
reactome:Pathway1493,abstraction:IsAChildOf,reactome:Pathway1491,
reactome:Pathway2680,abstraction:IsAChildOf,reactome:Pathway2672,
reactome:Pathway1027,abstraction:IsAChildOf,reactome:Pathway1021,
reactome:Pathway955,abstraction:IsAChildOf,reactome:Pathway951,
reactome:Pathway1400,abstraction:IsAChildOf,reactome:Pathway1394,
reactome:Pathway2014,abstraction:IsAChildOf,reactome:Pathway2010,
reactome:Pathway1676,abstraction:IsAChildOf,reactome:Pathway1667,
reactome:Pathway1038,abstraction:IsAChildOf,reactome:Pathway1037,
reactome:Pathway1989,abstraction:IsAChildOf,reactome:Pathway1988,
reactome:Pathway1588,abstraction:IsAChildOf,reactome:Pathway1583,
reactome:Pathway1234,abstraction:IsAChildOf,reactome:Pathway1231,
reactome:Pathway436,abstraction:IsAChildOf,reactome:Pathway435,
reactome:Pathway2531,abstraction:IsAChildOf,reactome:Pathway2530,
reactome:Pathway1698,abstraction:IsAChildOf,reactome:Pathway1318,
reactome:Pathway1102,abstraction:IsAChildOf,reactome:Pathway1100,
reactome:Pathway2189,abstraction:IsAChildOf,reactome:Pathway2188,
reactome:Pathway2315,abstraction:IsAChildOf,reactome:Pathway2021,
reactome:Pathway892,abstraction:IsAChildOf,reactome:Pathway854,
reactome:Pathway684,abstraction:IsAChildOf,reactome:Pathway676,
reactome:Pathway1366,abstraction:IsAChildOf,reactome:Pathway1364,
reactome:Pathway1624,abstraction:IsAChildOf,reactome:Pathway1623,
reactome:Pathway34,abstraction:IsAChildOf,reactome:Pathway33,
reactome:Pathway361,abstraction:IsAChildOf,reactome:Pathway359,
reactome:Pathway599,abstraction:IsAChildOf,reactome:Pathway598,
reactome:Pathway1277,abstraction:IsAChildOf,reactome:Pathway1274,
reactome:Pathway1255,abstraction:IsAChildOf,reactome:Pathway1252,
reactome:Pathway2553,abstraction:IsAChildOf,reactome:Pathway2552,
reactome:Pathway405,abstraction:IsAChildOf,reactome:Pathway402,
reactome:Pathway2418,abstraction:IsAChildOf,reactome:Pathway2417,
reactome:Pathway37,abstraction:IsAChildOf,reactome:Pathway33,
reactome:Pathway1134,abstraction:IsAChildOf,reactome:Pathway1133,
reactome:Pathway638,abstraction:IsAChildOf,reactome:Pathway628,
reactome:Pathway1458,abstraction:IsAChildOf,reactome:Pathway1453,
reactome:Pathway2675,abstraction:IsAChildOf,reactome:Pathway2674,
reactome:Pathway1674,abstraction:IsAChildOf,reactome:Pathway1667,
reactome:Pathway718,abstraction:IsAChildOf,reactome:Pathway717,
reactome:Pathway2411,abstraction:IsAChildOf,reactome:Pathway2409,
reactome:Pathway25,abstraction:IsAChildOf,reactome:Pathway2,
reactome:Pathway1130,abstraction:IsAChildOf,reactome:Pathway1127,
reactome:Pathway2654,abstraction:IsAChildOf,reactome:Pathway2652,
reactome:Pathway752,abstraction:IsAChildOf,reactome:Pathway751,
reactome:Pathway804,abstraction:IsAChildOf,reactome:Pathway784,
reactome:Pathway850,abstraction:IsAChildOf,reactome:Pathway784,
reactome:Pathway2561,abstraction:IsAChildOf,reactome:Pathway2536,
reactome:Pathway880,abstraction:IsAChildOf,reactome:Pathway873,
reactome:Pathway661,abstraction:IsAChildOf,reactome:Pathway659,
reactome:Pathway2193,abstraction:IsAChildOf,reactome:Pathway2190,
reactome:Pathway1483,abstraction:IsAChildOf,reactome:Pathway1482,
reactome:Pathway1887,abstraction:IsAChildOf,reactome:Pathway1885,
reactome:Pathway2337,abstraction:IsAChildOf,reactome:Pathway2334,
reactome:Pathway2165,abstraction:IsAChildOf,reactome:Pathway2161,
reactome:Pathway1531,abstraction:IsAChildOf,reactome:Pathway1530,
reactome:Pathway2,abstraction:IsAChildOf,reactome:Pathway1,
reactome:Pathway1736,abstraction:IsAChildOf,reactome:Pathway1734,
reactome:Pathway789,abstraction:IsAChildOf,reactome:Pathway784,
reactome:Pathway2659,abstraction:IsAChildOf,reactome:Pathway2658,
reactome:Pathway2307,abstraction:IsAChildOf,reactome:Pathway2268,
reactome:Pathway622,abstraction:IsAChildOf,reactome:Pathway604,
reactome:Pathway2335,abstraction:IsAChildOf,reactome:Pathway2334,
reactome:Pathway1593,abstraction:IsAChildOf,reactome:Pathway1590,
reactome:Pathway1562,abstraction:IsAChildOf,reactome:Pathway1559,
reactome:Pathway607,abstraction:IsAChildOf,reactome:Pathway605,
reactome:Pathway1355,abstraction:IsAChildOf,reactome:Pathway1351,
reactome:Pathway2631,abstraction:IsAChildOf,reactome:Pathway2630,
reactome:Pathway2272,abstraction:IsAChildOf,reactome:Pathway2268,
reactome:Pathway2082,abstraction:IsAChildOf,reactome:Pathway2079,
reactome:Pathway751,abstraction:IsAChildOf,reactome:Pathway742,
reactome:Pathway252,abstraction:IsAChildOf,reactome:Pathway236,
reactome:Pathway1437,abstraction:IsAChildOf,reactome:Pathway1433,
reactome:Pathway2236,abstraction:IsAChildOf,reactome:Pathway2232,
reactome:Pathway2748,abstraction:IsAChildOf,reactome:Pathway2741,
reactome:Pathway2611,abstraction:IsAChildOf,reactome:Pathway2606,
reactome:Pathway1834,abstraction:IsAChildOf,reactome:Pathway1831,
reactome:Pathway2420,abstraction:IsAChildOf,reactome:Pathway2417,
reactome:Pathway2473,abstraction:IsAChildOf,reactome:Pathway2466,
reactome:Pathway314,abstraction:IsAChildOf,reactome:Pathway313,
reactome:Pathway2580,abstraction:IsAChildOf,reactome:Pathway2568,
reactome:Pathway2779,abstraction:IsAChildOf,reactome:Pathway2739,
reactome:Pathway1212,abstraction:IsAChildOf,reactome:Pathway1211,
reactome:Pathway1740,abstraction:IsAChildOf,reactome:Pathway1739,
reactome:Pathway2295,abstraction:IsAChildOf,reactome:Pathway2289,
reactome:Pathway2538,abstraction:IsAChildOf,reactome:Pathway2536,
reactome:Pathway2484,abstraction:IsAChildOf,reactome:Pathway2483,
reactome:Pathway1545,abstraction:IsAChildOf,reactome:Pathway1542,
reactome:Pathway2742,abstraction:IsAChildOf,reactome:Pathway2741,
reactome:Pathway1564,abstraction:IsAChildOf,reactome:Pathway1563,
reactome:Pathway1994,abstraction:IsAChildOf,reactome:Pathway1993,
reactome:Pathway714,abstraction:IsAChildOf,reactome:Pathway712,
reactome:Pathway965,abstraction:IsAChildOf,reactome:Pathway951,
reactome:Pathway720,abstraction:IsAChildOf,reactome:Pathway716,
reactome:Pathway553,abstraction:IsAChildOf,reactome:Pathway550,
reactome:Pathway356,abstraction:IsAChildOf,reactome:Pathway355,
reactome:Pathway849,abstraction:IsAChildOf,reactome:Pathway784,
reactome:Pathway1877,abstraction:IsAChildOf,reactome:Pathway1876,
reactome:Pathway1051,abstraction:IsAChildOf,reactome:Pathway1049,
reactome:Pathway2766,abstraction:IsAChildOf,reactome:Pathway2765,
reactome:Pathway2555,abstraction:IsAChildOf,reactome:Pathway2553,
reactome:Pathway518,abstraction:IsAChildOf,reactome:Pathway515,
reactome:Pathway894,abstraction:IsAChildOf,reactome:Pathway893,
reactome:Pathway2592,abstraction:IsAChildOf,reactome:Pathway2588,
reactome:Pathway2007,abstraction:IsAChildOf,reactome:Pathway2002,
reactome:Pathway525,abstraction:IsAChildOf,reactome:Pathway515,
reactome:Pathway691,abstraction:IsAChildOf,reactome:Pathway534,
reactome:Pathway1598,abstraction:IsAChildOf,reactome:Pathway1597,
reactome:Pathway2485,abstraction:IsAChildOf,reactome:Pathway2483,
reactome:Pathway1866,abstraction:IsAChildOf,reactome:Pathway1769,
reactome:Pathway74,abstraction:IsAChildOf,reactome:Pathway31,
reactome:Pathway1620,abstraction:IsAChildOf,reactome:Pathway1619,
reactome:Pathway827,abstraction:IsAChildOf,reactome:Pathway784,
reactome:Pathway1226,abstraction:IsAChildOf,reactome:Pathway1222,
reactome:Pathway67,abstraction:IsAChildOf,reactome:Pathway65,
reactome:Pathway2107,abstraction:IsAChildOf,reactome:Pathway2072,
reactome:Pathway2635,abstraction:IsAChildOf,reactome:Pathway2628,
reactome:Pathway30,abstraction:IsAChildOf,reactome:Pathway1,
reactome:Pathway2667,abstraction:IsAChildOf,reactome:Pathway2666,
reactome:Pathway250,abstraction:IsAChildOf,reactome:Pathway245,
reactome:Pathway2726,abstraction:IsAChildOf,reactome:Pathway2723,
reactome:Pathway33,abstraction:IsAChildOf,reactome:Pathway31,
reactome:Pathway1566,abstraction:IsAChildOf,reactome:Pathway1563,
reactome:Pathway1695,abstraction:IsAChildOf,reactome:Pathway1694,
reactome:Pathway980,abstraction:IsAChildOf,reactome:Pathway966,
reactome:Pathway114,abstraction:IsAChildOf,reactome:Pathway113,
reactome:Pathway2767,abstraction:IsAChildOf,reactome:Pathway2765,
reactome:Pathway2770,abstraction:IsAChildOf,reactome:Pathway2765,
reactome:Pathway49,abstraction:IsAChildOf,reactome:Pathway48,
reactome:Pathway1802,abstraction:IsAChildOf,reactome:Pathway1799,
reactome:Pathway871,abstraction:IsAChildOf,reactome:Pathway856,
reactome:Pathway298,abstraction:IsAChildOf,reactome:Pathway295,
reactome:Pathway421,abstraction:IsAChildOf,reactome:Pathway2382,
reactome:Pathway2497,abstraction:IsAChildOf,reactome:Pathway2464,
reactome:Pathway701,abstraction:IsAChildOf,reactome:Pathway695,
reactome:Pathway100,abstraction:IsAChildOf,reactome:Pathway97,
reactome:Pathway1913,abstraction:IsAChildOf,reactome:Pathway1911,
reactome:Pathway1543,abstraction:IsAChildOf,reactome:Pathway1542,
reactome:Pathway2612,abstraction:IsAChildOf,reactome:Pathway2536,
reactome:Pathway1511,abstraction:IsAChildOf,reactome:Pathway1490,
reactome:Pathway2017,abstraction:IsAChildOf,reactome:Pathway2010,
reactome:Pathway2042,abstraction:IsAChildOf,reactome:Pathway2038,
reactome:Pathway2505,abstraction:IsAChildOf,reactome:Pathway2504,
reactome:Pathway66,abstraction:IsAChildOf,reactome:Pathway65,
reactome:Pathway81,abstraction:IsAChildOf,reactome:Pathway80,
reactome:Pathway2054,abstraction:IsAChildOf,reactome:Pathway2022,
reactome:Pathway960,abstraction:IsAChildOf,reactome:Pathway951,
reactome:Pathway1533,abstraction:IsAChildOf,reactome:Pathway1530,
reactome:Pathway493,abstraction:IsAChildOf,reactome:Pathway486,
reactome:Pathway2152,abstraction:IsAChildOf,reactome:Pathway2150,
reactome:Pathway1315,abstraction:IsAChildOf,reactome:Pathway1312,
reactome:Pathway1820,abstraction:IsAChildOf,reactome:Pathway1813,
reactome:Pathway1895,abstraction:IsAChildOf,reactome:Pathway1894,
reactome:Pathway2288,abstraction:IsAChildOf,reactome:Pathway2287,
reactome:Pathway1519,abstraction:IsAChildOf,reactome:Pathway1488,
reactome:Pathway1299,abstraction:IsAChildOf,reactome:Pathway1298,
reactome:Pathway308,abstraction:IsAChildOf,reactome:Pathway290,
reactome:Pathway916,abstraction:IsAChildOf,reactome:Pathway909,
reactome:Pathway1822,abstraction:IsAChildOf,reactome:Pathway1813,
reactome:Pathway1843,abstraction:IsAChildOf,reactome:Pathway1841,
reactome:Pathway1289,abstraction:IsAChildOf,reactome:Pathway1285,
reactome:Pathway138,abstraction:IsAChildOf,reactome:Pathway126,
reactome:Pathway174,abstraction:IsAChildOf,reactome:Pathway173,
reactome:Pathway1935,abstraction:IsAChildOf,reactome:Pathway1881,
reactome:Pathway229,abstraction:IsAChildOf,reactome:Pathway226,
reactome:Pathway285,abstraction:IsAChildOf,reactome:Pathway284,
reactome:Pathway2815,abstraction:IsAChildOf,reactome:Pathway2811,
reactome:Pathway2088,abstraction:IsAChildOf,reactome:Pathway2076,
reactome:Pathway546,abstraction:IsAChildOf,reactome:Pathway544,
reactome:Pathway2585,abstraction:IsAChildOf,reactome:Pathway2583,
reactome:Pathway1159,abstraction:IsAChildOf,reactome:Pathway1133,
reactome:Pathway1459,abstraction:IsAChildOf,reactome:Pathway1458,
reactome:Pathway2693,abstraction:IsAChildOf,reactome:Pathway2692,
reactome:Pathway2741,abstraction:IsAChildOf,reactome:Pathway2740,
reactome:Pathway1455,abstraction:IsAChildOf,reactome:Pathway1453,
reactome:Pathway1500,abstraction:IsAChildOf,reactome:Pathway1498,
reactome:Pathway2109,abstraction:IsAChildOf,reactome:Pathway2107,
reactome:Pathway1868,abstraction:IsAChildOf,reactome:Pathway1867,
reactome:Pathway110,abstraction:IsAChildOf,reactome:Pathway108,
reactome:Pathway2567,abstraction:IsAChildOf,reactome:Pathway2561,
reactome:Pathway2379,abstraction:IsAChildOf,reactome:Pathway2375,
reactome:Pathway1595,abstraction:IsAChildOf,reactome:Pathway1593,
reactome:Pathway2651,abstraction:IsAChildOf,reactome:Pathway2649,
reactome:Pathway1569,abstraction:IsAChildOf,reactome:Pathway1567,
reactome:Pathway740,abstraction:IsAChildOf,reactome:Pathway736,
reactome:Pathway1779,abstraction:IsAChildOf,reactome:Pathway1778,
reactome:Pathway1278,abstraction:IsAChildOf,reactome:Pathway1277,
reactome:Pathway1215,abstraction:IsAChildOf,reactome:Pathway1213,
reactome:Pathway131,abstraction:IsAChildOf,reactome:Pathway129,
reactome:Pathway1944,abstraction:IsAChildOf,reactome:Pathway1943,
reactome:Pathway2326,abstraction:IsAChildOf,reactome:Pathway2317,
reactome:Pathway2282,abstraction:IsAChildOf,reactome:Pathway2268,
reactome:Pathway735,abstraction:IsAChildOf,reactome:Pathway533,
reactome:Pathway313,abstraction:IsAChildOf,reactome:Pathway290,
reactome:Pathway912,abstraction:IsAChildOf,reactome:Pathway909,
reactome:Pathway1790,abstraction:IsAChildOf,reactome:Pathway1770,
reactome:Pathway2824,abstraction:IsAChildOf,reactome:Pathway2713,
reactome:Pathway1767,abstraction:IsAChildOf,reactome:Pathway1727,
reactome:Pathway2623,abstraction:IsAChildOf,reactome:Pathway2535,
reactome:Pathway1405,abstraction:IsAChildOf,reactome:Pathway1370,
reactome:Pathway550,abstraction:IsAChildOf,reactome:Pathway549,
reactome:Pathway1883,abstraction:IsAChildOf,reactome:Pathway1882,
reactome:Pathway884,abstraction:IsAChildOf,reactome:Pathway855,
reactome:Pathway2634,abstraction:IsAChildOf,reactome:Pathway2628,
reactome:Pathway942,abstraction:IsAChildOf,reactome:Pathway854,
reactome:Pathway1798,abstraction:IsAChildOf,reactome:Pathway1770,
reactome:Pathway551,abstraction:IsAChildOf,reactome:Pathway550,
reactome:Pathway1492,abstraction:IsAChildOf,reactome:Pathway1491,
reactome:Pathway510,abstraction:IsAChildOf,reactome:Pathway509,
reactome:Pathway1161,abstraction:IsAChildOf,reactome:Pathway1160,
reactome:Pathway1771,abstraction:IsAChildOf,reactome:Pathway1770,
reactome:Pathway196,abstraction:IsAChildOf,reactome:Pathway195,
reactome:Pathway1605,abstraction:IsAChildOf,reactome:Pathway1602,
reactome:Pathway129,abstraction:IsAChildOf,reactome:Pathway126,
reactome:Pathway423,abstraction:IsAChildOf,reactome:Pathway422,
reactome:Pathway403,abstraction:IsAChildOf,reactome:Pathway402,
reactome:Pathway1347,abstraction:IsAChildOf,reactome:Pathway1345,
reactome:Pathway639,abstraction:IsAChildOf,reactome:Pathway628,
reactome:Pathway903,abstraction:IsAChildOf,reactome:Pathway894,
reactome:Pathway2062,abstraction:IsAChildOf,reactome:Pathway2059,
reactome:Pathway1132,abstraction:IsAChildOf,reactome:Pathway1116,
reactome:Pathway219,abstraction:IsAChildOf,reactome:Pathway195,
reactome:Pathway1858,abstraction:IsAChildOf,reactome:Pathway1854,
reactome:Pathway857,abstraction:IsAChildOf,reactome:Pathway856,
reactome:Pathway2764,abstraction:IsAChildOf,reactome:Pathway2756,
reactome:Pathway2044,abstraction:IsAChildOf,reactome:Pathway2042,
reactome:Pathway2708,abstraction:IsAChildOf,reactome:Pathway2707,
reactome:Pathway1558,abstraction:IsAChildOf,reactome:Pathway1556,
reactome:Pathway94,abstraction:IsAChildOf,reactome:Pathway93,
reactome:Pathway958,abstraction:IsAChildOf,reactome:Pathway951,
reactome:Pathway2059,abstraction:IsAChildOf,reactome:Pathway2021,
reactome:Pathway1341,abstraction:IsAChildOf,reactome:Pathway1340,
reactome:Pathway2087,abstraction:IsAChildOf,reactome:Pathway2079,
reactome:Pathway915,abstraction:IsAChildOf,reactome:Pathway909,
reactome:Pathway1585,abstraction:IsAChildOf,reactome:Pathway1584,
reactome:Pathway1537,abstraction:IsAChildOf,reactome:Pathway1519,
reactome:Pathway645,abstraction:IsAChildOf,reactome:Pathway534,
reactome:Pathway523,abstraction:IsAChildOf,reactome:Pathway522,
reactome:Pathway2434,abstraction:IsAChildOf,reactome:Pathway2433,
reactome:Pathway1528,abstraction:IsAChildOf,reactome:Pathway1527,
reactome:Pathway225,abstraction:IsAChildOf,reactome:Pathway223,
reactome:Pathway1196,abstraction:IsAChildOf,reactome:Pathway1195,
reactome:Pathway1160,abstraction:IsAChildOf,reactome:Pathway1082,
reactome:Pathway1041,abstraction:IsAChildOf,reactome:Pathway1037,
reactome:Pathway2186,abstraction:IsAChildOf,reactome:Pathway2185,
reactome:Pathway1609,abstraction:IsAChildOf,reactome:Pathway1607,
reactome:Pathway1637,abstraction:IsAChildOf,reactome:Pathway1636,
reactome:Pathway192,abstraction:IsAChildOf,reactome:Pathway188,
reactome:Pathway1323,abstraction:IsAChildOf,reactome:Pathway1320,
reactome:Pathway2778,abstraction:IsAChildOf,reactome:Pathway2740,
reactome:Pathway706,abstraction:IsAChildOf,reactome:Pathway705,
reactome:Pathway1899,abstraction:IsAChildOf,reactome:Pathway1894,
reactome:Pathway1034,abstraction:IsAChildOf,reactome:Pathway533,
reactome:Pathway744,abstraction:IsAChildOf,reactome:Pathway743,
reactome:Pathway2759,abstraction:IsAChildOf,reactome:Pathway2756,
reactome:Pathway1336,abstraction:IsAChildOf,reactome:Pathway1333,
reactome:Pathway1503,abstraction:IsAChildOf,reactome:Pathway1498,
reactome:Pathway1768,abstraction:IsAChildOf,reactome:Pathway1727,
reactome:Pathway29,abstraction:IsAChildOf,reactome:Pathway1,
reactome:Pathway2666,abstraction:IsAChildOf,reactome:Pathway2665,
reactome:Pathway136,abstraction:IsAChildOf,reactome:Pathway129,
reactome:Pathway787,abstraction:IsAChildOf,reactome:Pathway784,
reactome:Pathway2480,abstraction:IsAChildOf,reactome:Pathway2475,
reactome:Pathway1697,abstraction:IsAChildOf,reactome:Pathway1694,
reactome:Pathway70,abstraction:IsAChildOf,reactome:Pathway69,
reactome:Pathway1235,abstraction:IsAChildOf,reactome:Pathway1231,
reactome:Pathway1825,abstraction:IsAChildOf,reactome:Pathway1823,
reactome:Pathway1376,abstraction:IsAChildOf,reactome:Pathway1374,
reactome:Pathway472,abstraction:IsAChildOf,reactome:Pathway467,
reactome:Pathway1150,abstraction:IsAChildOf,reactome:Pathway1133,
reactome:Pathway654,abstraction:IsAChildOf,reactome:Pathway651,
reactome:Pathway355,abstraction:IsAChildOf,reactome:Pathway352,
reactome:Pathway2402,abstraction:IsAChildOf,reactome:Pathway2400,
reactome:Pathway1014,abstraction:IsAChildOf,reactome:Pathway1011,
reactome:Pathway2153,abstraction:IsAChildOf,reactome:Pathway2149,
reactome:Pathway879,abstraction:IsAChildOf,reactome:Pathway873,
reactome:Pathway209,abstraction:IsAChildOf,reactome:Pathway195,
reactome:Pathway1158,abstraction:IsAChildOf,reactome:Pathway1153,
reactome:Pathway1817,abstraction:IsAChildOf,reactome:Pathway1816,
reactome:Pathway507,abstraction:IsAChildOf,reactome:Pathway504,
reactome:Pathway2090,abstraction:IsAChildOf,reactome:Pathway2088,
reactome:Pathway2291,abstraction:IsAChildOf,reactome:Pathway2289,
reactome:Pathway1498,abstraction:IsAChildOf,reactome:Pathway1490,
reactome:Pathway1495,abstraction:IsAChildOf,reactome:Pathway1491,
reactome:Pathway310,abstraction:IsAChildOf,reactome:Pathway308,
reactome:Pathway2586,abstraction:IsAChildOf,reactome:Pathway2581,
reactome:Pathway709,abstraction:IsAChildOf,reactome:Pathway705,
reactome:Pathway1013,abstraction:IsAChildOf,reactome:Pathway1012,
reactome:Pathway2348,abstraction:IsAChildOf,reactome:Pathway2021,
reactome:Pathway1508,abstraction:IsAChildOf,reactome:Pathway1490,
reactome:Pathway470,abstraction:IsAChildOf,reactome:Pathway468,
reactome:Pathway1383,abstraction:IsAChildOf,reactome:Pathway1381,
reactome:Pathway2046,abstraction:IsAChildOf,reactome:Pathway2038,
reactome:Pathway366,abstraction:IsAChildOf,reactome:Pathway363,
reactome:Pathway2521,abstraction:IsAChildOf,reactome:Pathway2519,
reactome:Pathway427,abstraction:IsAChildOf,reactome:Pathway422,
reactome:Pathway2094,abstraction:IsAChildOf,reactome:Pathway2093,
reactome:Pathway1118,abstraction:IsAChildOf,reactome:Pathway1117,
reactome:Pathway2600,abstraction:IsAChildOf,reactome:Pathway2599,
reactome:Pathway2122,abstraction:IsAChildOf,reactome:Pathway2111,
reactome:Pathway2671,abstraction:IsAChildOf,reactome:Pathway2667,
reactome:Pathway365,abstraction:IsAChildOf,reactome:Pathway363,
reactome:Pathway2350,abstraction:IsAChildOf,reactome:Pathway2021,
reactome:Pathway1962,abstraction:IsAChildOf,reactome:Pathway1957,
reactome:Pathway1591,abstraction:IsAChildOf,reactome:Pathway1590,
reactome:Pathway1596,abstraction:IsAChildOf,reactome:Pathway1593,
reactome:Pathway1006,abstraction:IsAChildOf,reactome:Pathway994,
reactome:Pathway483,abstraction:IsAChildOf,reactome:Pathway481,
reactome:Pathway1199,abstraction:IsAChildOf,reactome:Pathway1195,
reactome:Pathway2771,abstraction:IsAChildOf,reactome:Pathway2765,
reactome:Pathway418,abstraction:IsAChildOf,reactome:Pathway417,
reactome:Pathway939,abstraction:IsAChildOf,reactome:Pathway909,
reactome:Pathway2305,abstraction:IsAChildOf,reactome:Pathway2302,
reactome:Pathway2821,abstraction:IsAChildOf,reactome:Pathway2820,
reactome:Pathway712,abstraction:IsAChildOf,reactome:Pathway711,
reactome:Pathway134,abstraction:IsAChildOf,reactome:Pathway129,
reactome:Pathway1240,abstraction:IsAChildOf,reactome:Pathway1237,
reactome:Pathway186,abstraction:IsAChildOf,reactome:Pathway181,
reactome:Pathway248,abstraction:IsAChildOf,reactome:Pathway245,
reactome:Pathway1076,abstraction:IsAChildOf,reactome:Pathway1075,
reactome:Pathway1682,abstraction:IsAChildOf,reactome:Pathway1681,
reactome:Pathway1777,abstraction:IsAChildOf,reactome:Pathway1776,
reactome:Pathway1907,abstraction:IsAChildOf,reactome:Pathway1908,
reactome:Pathway1629,abstraction:IsAChildOf,reactome:Pathway1617,
reactome:Pathway2523,abstraction:IsAChildOf,reactome:Pathway2464,
reactome:Pathway2498,abstraction:IsAChildOf,reactome:Pathway2497,
reactome:Pathway921,abstraction:IsAChildOf,reactome:Pathway909,
reactome:Pathway2474,abstraction:IsAChildOf,reactome:Pathway2466,
reactome:Pathway2308,abstraction:IsAChildOf,reactome:Pathway2307,
reactome:Pathway703,abstraction:IsAChildOf,reactome:Pathway534,
reactome:Pathway424,abstraction:IsAChildOf,reactome:Pathway422,
reactome:Pathway572,abstraction:IsAChildOf,reactome:Pathway565,
reactome:Pathway1496,abstraction:IsAChildOf,reactome:Pathway1491,
reactome:Pathway782,abstraction:IsAChildOf,reactome:Pathway768,
reactome:Pathway1897,abstraction:IsAChildOf,reactome:Pathway1894,
reactome:Pathway111,abstraction:IsAChildOf,reactome:Pathway107,
reactome:Pathway51,abstraction:IsAChildOf,reactome:Pathway48,
reactome:Pathway2393,abstraction:IsAChildOf,reactome:Pathway2390,
reactome:Pathway2158,abstraction:IsAChildOf,reactome:Pathway2156,
reactome:Pathway610,abstraction:IsAChildOf,reactome:Pathway608,
reactome:Pathway2578,abstraction:IsAChildOf,reactome:Pathway2568,
reactome:Pathway2041,abstraction:IsAChildOf,reactome:Pathway2038,
reactome:Pathway968,abstraction:IsAChildOf,reactome:Pathway966,
reactome:Pathway844,abstraction:IsAChildOf,reactome:Pathway784,
reactome:Pathway454,abstraction:IsAChildOf,reactome:Pathway453,
reactome:Pathway1363,abstraction:IsAChildOf,reactome:Pathway1362,
reactome:Pathway2197,abstraction:IsAChildOf,reactome:Pathway2196,
reactome:Pathway2471,abstraction:IsAChildOf,reactome:Pathway2470,
reactome:Pathway2112,abstraction:IsAChildOf,reactome:Pathway2111,
reactome:Pathway2330,abstraction:IsAChildOf,reactome:Pathway2329,
reactome:Pathway1502,abstraction:IsAChildOf,reactome:Pathway1498,
reactome:Pathway2551,abstraction:IsAChildOf,reactome:Pathway2540,
reactome:Pathway1831,abstraction:IsAChildOf,reactome:Pathway1769,
reactome:Pathway1011,abstraction:IsAChildOf,reactome:Pathway854,
reactome:Pathway2818,abstraction:IsAChildOf,reactome:Pathway2811,
reactome:Pathway410,abstraction:IsAChildOf,reactome:Pathway409,
reactome:Pathway24,abstraction:IsAChildOf,reactome:Pathway3,
reactome:Pathway2513,abstraction:IsAChildOf,reactome:Pathway2464,
reactome:Pathway2454,abstraction:IsAChildOf,reactome:Pathway2452,
reactome:Pathway2477,abstraction:IsAChildOf,reactome:Pathway2475,
reactome:Pathway1639,abstraction:IsAChildOf,reactome:Pathway1638,
reactome:Pathway2706,abstraction:IsAChildOf,reactome:Pathway2702,
reactome:Pathway2093,abstraction:IsAChildOf,reactome:Pathway2092,
reactome:Pathway2034,abstraction:IsAChildOf,reactome:Pathway2022,
reactome:Pathway2169,abstraction:IsAChildOf,reactome:Pathway2168,
reactome:Pathway2104,abstraction:IsAChildOf,reactome:Pathway2103,
reactome:Pathway2302,abstraction:IsAChildOf,reactome:Pathway2268,
reactome:Pathway1335,abstraction:IsAChildOf,reactome:Pathway1333,
reactome:Pathway2039,abstraction:IsAChildOf,reactome:Pathway2038,
reactome:Pathway2126,abstraction:IsAChildOf,reactome:Pathway2111,
reactome:Pathway2250,abstraction:IsAChildOf,reactome:Pathway2246,
reactome:Pathway733,abstraction:IsAChildOf,reactome:Pathway729,
reactome:Pathway2683,abstraction:IsAChildOf,reactome:Pathway2672,
reactome:Pathway1314,abstraction:IsAChildOf,reactome:Pathway1312,
reactome:Pathway1529,abstraction:IsAChildOf,reactome:Pathway1527,
reactome:Pathway1342,abstraction:IsAChildOf,reactome:Pathway1340,
reactome:Pathway1223,abstraction:IsAChildOf,reactome:Pathway1222,
reactome:Pathway2652,abstraction:IsAChildOf,reactome:Pathway2646,
reactome:Pathway1722,abstraction:IsAChildOf,reactome:Pathway1721,
reactome:Pathway1737,abstraction:IsAChildOf,reactome:Pathway1733,
reactome:Pathway1677,abstraction:IsAChildOf,reactome:Pathway1667,
reactome:Pathway286,abstraction:IsAChildOf,reactome:Pathway285,
reactome:Pathway1280,abstraction:IsAChildOf,reactome:Pathway1277,
reactome:Pathway519,abstraction:IsAChildOf,reactome:Pathway2261,
reactome:Pathway1339,abstraction:IsAChildOf,reactome:Pathway1360,
reactome:Pathway1975,abstraction:IsAChildOf,reactome:Pathway1938,
reactome:Pathway770,abstraction:IsAChildOf,reactome:Pathway768,
reactome:Pathway1220,abstraction:IsAChildOf,reactome:Pathway1219,
reactome:Pathway2516,abstraction:IsAChildOf,reactome:Pathway2514,
reactome:Pathway2172,abstraction:IsAChildOf,reactome:Pathway2171,
reactome:Pathway516,abstraction:IsAChildOf,reactome:Pathway515,
reactome:Pathway631,abstraction:IsAChildOf,reactome:Pathway630,
reactome:Pathway1788,abstraction:IsAChildOf,reactome:Pathway1784,
reactome:Pathway1859,abstraction:IsAChildOf,reactome:Pathway1769,
reactome:Pathway774,abstraction:IsAChildOf,reactome:Pathway768,
reactome:Pathway165,abstraction:IsAChildOf,reactome:Pathway159,
reactome:Pathway1829,abstraction:IsAChildOf,reactome:Pathway1825,
reactome:Pathway1499,abstraction:IsAChildOf,reactome:Pathway1498,
reactome:Pathway1560,abstraction:IsAChildOf,reactome:Pathway1559,
reactome:Pathway1693,abstraction:IsAChildOf,reactome:Pathway1685,
reactome:Pathway1773,abstraction:IsAChildOf,reactome:Pathway1772,
reactome:Pathway2195,abstraction:IsAChildOf,reactome:Pathway2021,
reactome:Pathway786,abstraction:IsAChildOf,reactome:Pathway784,
reactome:Pathway263,abstraction:IsAChildOf,reactome:Pathway256,
reactome:Pathway2574,abstraction:IsAChildOf,reactome:Pathway2568,
reactome:Pathway781,abstraction:IsAChildOf,reactome:Pathway894,
reactome:Pathway2791,abstraction:IsAChildOf,reactome:Pathway2787,
reactome:Pathway1092,abstraction:IsAChildOf,reactome:Pathway1091,
reactome:Pathway1824,abstraction:IsAChildOf,reactome:Pathway1823,
reactome:Pathway1307,abstraction:IsAChildOf,reactome:Pathway1305,
reactome:Pathway795,abstraction:IsAChildOf,reactome:Pathway784,
reactome:Pathway353,abstraction:IsAChildOf,reactome:Pathway352,
reactome:Pathway1626,abstraction:IsAChildOf,reactome:Pathway1618,
reactome:Pathway1390,abstraction:IsAChildOf,reactome:Pathway1389,
reactome:Pathway1592,abstraction:IsAChildOf,reactome:Pathway1591,
reactome:Pathway2469,abstraction:IsAChildOf,reactome:Pathway2467,
reactome:Pathway2269,abstraction:IsAChildOf,reactome:Pathway2268,
reactome:Pathway2201,abstraction:IsAChildOf,reactome:Pathway2199,
reactome:Pathway455,abstraction:IsAChildOf,reactome:Pathway445,
reactome:Pathway397,abstraction:IsAChildOf,reactome:Pathway326,
reactome:Pathway1248,abstraction:IsAChildOf,reactome:Pathway1237,
reactome:Pathway2539,abstraction:IsAChildOf,reactome:Pathway2536,
reactome:Pathway931,abstraction:IsAChildOf,reactome:Pathway909,
reactome:Pathway1357,abstraction:IsAChildOf,reactome:Pathway1355,
reactome:Pathway1415,abstraction:IsAChildOf,reactome:Pathway1414,
reactome:Pathway2015,abstraction:IsAChildOf,reactome:Pathway2014,
reactome:Pathway1571,abstraction:IsAChildOf,reactome:Pathway1569,
reactome:Pathway363,abstraction:IsAChildOf,reactome:Pathway359,
reactome:Pathway2510,abstraction:IsAChildOf,reactome:Pathway2502,
reactome:Pathway347,abstraction:IsAChildOf,reactome:Pathway342,
reactome:Pathway812,abstraction:IsAChildOf,reactome:Pathway784,
reactome:Pathway2134,abstraction:IsAChildOf,reactome:Pathway2130,
reactome:Pathway1644,abstraction:IsAChildOf,reactome:Pathway1643,
reactome:Pathway1561,abstraction:IsAChildOf,reactome:Pathway1560,
reactome:Pathway1401,abstraction:IsAChildOf,reactome:Pathway1394,
reactome:Pathway642,abstraction:IsAChildOf,reactome:Pathway628,
reactome:Pathway705,abstraction:IsAChildOf,reactome:Pathway704,
reactome:Pathway2306,abstraction:IsAChildOf,reactome:Pathway2268,
reactome:Pathway1098,abstraction:IsAChildOf,reactome:Pathway1096,
reactome:Pathway2241,abstraction:IsAChildOf,reactome:Pathway2240,
reactome:Pathway1910,abstraction:IsAChildOf,reactome:Pathway1893,
reactome:Pathway295,abstraction:IsAChildOf,reactome:Pathway294,
reactome:Pathway758,abstraction:IsAChildOf,reactome:Pathway755,
reactome:Pathway238,abstraction:IsAChildOf,reactome:Pathway237,
reactome:Pathway1438,abstraction:IsAChildOf,reactome:Pathway1433,
reactome:Pathway1106,abstraction:IsAChildOf,reactome:Pathway1096,
reactome:Pathway246,abstraction:IsAChildOf,reactome:Pathway245,
reactome:Pathway2436,abstraction:IsAChildOf,reactome:Pathway2434,
reactome:Pathway139,abstraction:IsAChildOf,reactome:Pathway115,
reactome:Pathway393,abstraction:IsAChildOf,reactome:Pathway392,
reactome:Pathway545,abstraction:IsAChildOf,reactome:Pathway544,
reactome:Pathway2751,abstraction:IsAChildOf,reactome:Pathway2740,
reactome:Pathway293,abstraction:IsAChildOf,reactome:Pathway291,
reactome:Pathway2346,abstraction:IsAChildOf,reactome:Pathway2343,
reactome:Pathway155,abstraction:IsAChildOf,reactome:Pathway152,
reactome:Pathway32,abstraction:IsAChildOf,reactome:Pathway31,
reactome:Pathway1811,abstraction:IsAChildOf,reactome:Pathway1809,
reactome:Pathway1991,abstraction:IsAChildOf,reactome:Pathway1990,
reactome:Pathway1049,abstraction:IsAChildOf,reactome:Pathway1035,
reactome:Pathway2736,abstraction:IsAChildOf,reactome:Pathway2735,
reactome:Pathway1731,abstraction:IsAChildOf,reactome:Pathway1728,
reactome:Pathway175,abstraction:IsAChildOf,reactome:Pathway173,
reactome:Pathway1889,abstraction:IsAChildOf,reactome:Pathway1888,
reactome:Pathway2407,abstraction:IsAChildOf,reactome:Pathway2396,
reactome:Pathway2439,abstraction:IsAChildOf,reactome:Pathway2437,
reactome:Pathway917,abstraction:IsAChildOf,reactome:Pathway909,
reactome:Pathway2530,abstraction:IsAChildOf,reactome:Pathway2529,
reactome:Pathway1000,abstraction:IsAChildOf,reactome:Pathway994,
reactome:Pathway1805,abstraction:IsAChildOf,reactome:Pathway1804,
reactome:Pathway2023,abstraction:IsAChildOf,reactome:Pathway2022,
reactome:Pathway2717,abstraction:IsAChildOf,reactome:Pathway2714,
reactome:Pathway97,abstraction:IsAChildOf,reactome:Pathway95,
reactome:Pathway1045,abstraction:IsAChildOf,reactome:Pathway1037,
reactome:Pathway1100,abstraction:IsAChildOf,reactome:Pathway1096,
reactome:Pathway1892,abstraction:IsAChildOf,reactome:Pathway1882,
reactome:Pathway36,abstraction:IsAChildOf,reactome:Pathway34,
reactome:Pathway48,abstraction:IsAChildOf,reactome:Pathway31,
reactome:Pathway169,abstraction:IsAChildOf,reactome:Pathway166,
reactome:Pathway2609,abstraction:IsAChildOf,reactome:Pathway2606,
reactome:Pathway1850,abstraction:IsAChildOf,reactome:Pathway1848,
reactome:Pathway1961,abstraction:IsAChildOf,reactome:Pathway1957,
reactome:Pathway231,abstraction:IsAChildOf,reactome:Pathway226,
reactome:Pathway2723,abstraction:IsAChildOf,reactome:Pathway2713,
reactome:Pathway1950,abstraction:IsAChildOf,reactome:Pathway1949,
reactome:Pathway1423,abstraction:IsAChildOf,reactome:Pathway1422,
reactome:Pathway617,abstraction:IsAChildOf,reactome:Pathway614,
reactome:Pathway2161,abstraction:IsAChildOf,reactome:Pathway2149,
reactome:Pathway1454,abstraction:IsAChildOf,reactome:Pathway1453,
reactome:Pathway1770,abstraction:IsAChildOf,reactome:Pathway1769,
reactome:Pathway2240,abstraction:IsAChildOf,reactome:Pathway2232,
reactome:Pathway874,abstraction:IsAChildOf,reactome:Pathway873,
reactome:Pathway571,abstraction:IsAChildOf,reactome:Pathway565,
reactome:Pathway1418,abstraction:IsAChildOf,reactome:Pathway1417,
reactome:Pathway597,abstraction:IsAChildOf,reactome:Pathway595,
reactome:Pathway1565,abstraction:IsAChildOf,reactome:Pathway1563,
reactome:Pathway632,abstraction:IsAChildOf,reactome:Pathway630,
reactome:Pathway433,abstraction:IsAChildOf,reactome:Pathway432,
reactome:Pathway663,abstraction:IsAChildOf,reactome:Pathway659,
reactome:Pathway872,abstraction:IsAChildOf,reactome:Pathway856,
reactome:Pathway201,abstraction:IsAChildOf,reactome:Pathway200,
reactome:Pathway2657,abstraction:IsAChildOf,reactome:Pathway2656,
reactome:Pathway195,abstraction:IsAChildOf,reactome:Pathway194,
reactome:Pathway1541,abstraction:IsAChildOf,reactome:Pathway1519,
reactome:Pathway868,abstraction:IsAChildOf,reactome:Pathway856,
reactome:Pathway682,abstraction:IsAChildOf,reactome:Pathway676,
reactome:Pathway233,abstraction:IsAChildOf,reactome:Pathway232,
reactome:Pathway1144,abstraction:IsAChildOf,reactome:Pathway1139,
reactome:Pathway1973,abstraction:IsAChildOf,reactome:Pathway1971,
reactome:Pathway817,abstraction:IsAChildOf,reactome:Pathway784,
reactome:Pathway2431,abstraction:IsAChildOf,reactome:Pathway2430,
reactome:Pathway636,abstraction:IsAChildOf,reactome:Pathway628,
reactome:Pathway1471,abstraction:IsAChildOf,reactome:Pathway1318,
reactome:Pathway1517,abstraction:IsAChildOf,reactome:Pathway1515,
reactome:Pathway1252,abstraction:IsAChildOf,reactome:Pathway1251,
reactome:Pathway2636,abstraction:IsAChildOf,reactome:Pathway2528,
reactome:Pathway1663,abstraction:IsAChildOf,reactome:Pathway1645,
reactome:Pathway2467,abstraction:IsAChildOf,reactome:Pathway2466,
reactome:Pathway1195,abstraction:IsAChildOf,reactome:Pathway1194,
reactome:Pathway1488,abstraction:IsAChildOf,reactome:Pathway1318,
reactome:Pathway1826,abstraction:IsAChildOf,reactome:Pathway1825,
reactome:Pathway2151,abstraction:IsAChildOf,reactome:Pathway2150,
reactome:Pathway2299,abstraction:IsAChildOf,reactome:Pathway2268,
reactome:Pathway1080,abstraction:IsAChildOf,reactome:Pathway1071,
reactome:Pathway1701,abstraction:IsAChildOf,reactome:Pathway1700,
reactome:Pathway909,abstraction:IsAChildOf,reactome:Pathway854,
reactome:Pathway2016,abstraction:IsAChildOf,reactome:Pathway2014,
reactome:Pathway2063,abstraction:IsAChildOf,reactome:Pathway2059,
reactome:Pathway160,abstraction:IsAChildOf,reactome:Pathway159,
reactome:Pathway901,abstraction:IsAChildOf,reactome:Pathway894,
reactome:Pathway1064,abstraction:IsAChildOf,reactome:Pathway1063,
reactome:Pathway708,abstraction:IsAChildOf,reactome:Pathway706,
reactome:Pathway2005,abstraction:IsAChildOf,reactome:Pathway2002,
reactome:Pathway1856,abstraction:IsAChildOf,reactome:Pathway1854,
reactome:Pathway84,abstraction:IsAChildOf,reactome:Pathway31,
reactome:Pathway508,abstraction:IsAChildOf,reactome:Pathway476,
reactome:Pathway1388,abstraction:IsAChildOf,reactome:Pathway1373,
reactome:Pathway2278,abstraction:IsAChildOf,reactome:Pathway2277,
reactome:Pathway168,abstraction:IsAChildOf,reactome:Pathway166,
reactome:Pathway957,abstraction:IsAChildOf,reactome:Pathway951,
reactome:Pathway2457,abstraction:IsAChildOf,reactome:Pathway2454,
reactome:Pathway1244,abstraction:IsAChildOf,reactome:Pathway1237,
reactome:Pathway1194,abstraction:IsAChildOf,reactome:Pathway1185,
reactome:Pathway946,abstraction:IsAChildOf,reactome:Pathway942,
reactome:Pathway1250,abstraction:IsAChildOf,reactome:Pathway533,
reactome:Pathway1971,abstraction:IsAChildOf,reactome:Pathway1942,
reactome:Pathway1915,abstraction:IsAChildOf,reactome:Pathway1893,
reactome:Pathway2743,abstraction:IsAChildOf,reactome:Pathway2742,
reactome:Pathway2132,abstraction:IsAChildOf,reactome:Pathway2130,
reactome:Pathway1929,abstraction:IsAChildOf,reactome:Pathway1927,
reactome:Pathway870,abstraction:IsAChildOf,reactome:Pathway856,
reactome:Pathway2512,abstraction:IsAChildOf,reactome:Pathway2497,
reactome:Pathway161,abstraction:IsAChildOf,reactome:Pathway159,
reactome:Pathway73,abstraction:IsAChildOf,reactome:Pathway72,
reactome:Pathway210,abstraction:IsAChildOf,reactome:Pathway209,
reactome:Pathway1612,abstraction:IsAChildOf,reactome:Pathway1610,
reactome:Pathway1520,abstraction:IsAChildOf,reactome:Pathway1519,
reactome:Pathway2500,abstraction:IsAChildOf,reactome:Pathway2498,
reactome:Pathway1266,abstraction:IsAChildOf,reactome:Pathway1265,
reactome:Pathway1379,abstraction:IsAChildOf,reactome:Pathway1378,
reactome:Pathway17,abstraction:IsAChildOf,reactome:Pathway16,
reactome:Pathway2487,abstraction:IsAChildOf,reactome:Pathway2485,
reactome:Pathway2196,abstraction:IsAChildOf,reactome:Pathway2195,
reactome:Pathway119,abstraction:IsAChildOf,reactome:Pathway117,
reactome:Pathway2558,abstraction:IsAChildOf,reactome:Pathway2552,
reactome:Pathway46,abstraction:IsAChildOf,reactome:Pathway44,
reactome:Pathway668,abstraction:IsAChildOf,reactome:Pathway665,
reactome:Pathway730,abstraction:IsAChildOf,reactome:Pathway729,
reactome:Pathway2731,abstraction:IsAChildOf,reactome:Pathway2723,
reactome:Pathway172,abstraction:IsAChildOf,reactome:Pathway170,
reactome:Pathway577,abstraction:IsAChildOf,reactome:Pathway534,
reactome:Pathway800,abstraction:IsAChildOf,reactome:Pathway784,
reactome:Pathway750,abstraction:IsAChildOf,reactome:Pathway742,
reactome:Pathway1842,abstraction:IsAChildOf,reactome:Pathway1841,
reactome:Pathway1907,abstraction:IsAChildOf,reactome:Pathway1902,
reactome:Pathway362,abstraction:IsAChildOf,reactome:Pathway361,
reactome:Pathway2729,abstraction:IsAChildOf,reactome:Pathway2728,
reactome:Pathway1133,abstraction:IsAChildOf,reactome:Pathway1082,
reactome:Pathway1793,abstraction:IsAChildOf,reactome:Pathway1792,
reactome:Pathway1918,abstraction:IsAChildOf,reactome:Pathway1917,
reactome:Pathway1896,abstraction:IsAChildOf,reactome:Pathway1894,
reactome:Pathway2317,abstraction:IsAChildOf,reactome:Pathway2316,
reactome:Pathway932,abstraction:IsAChildOf,reactome:Pathway909,
reactome:Pathway2794,abstraction:IsAChildOf,reactome:Pathway2713,
reactome:Pathway95,abstraction:IsAChildOf,reactome:Pathway92,
reactome:Pathway993,abstraction:IsAChildOf,reactome:Pathway984,
reactome:Pathway1814,abstraction:IsAChildOf,reactome:Pathway1813,
reactome:Pathway1002,abstraction:IsAChildOf,reactome:Pathway994,
reactome:Pathway2646,abstraction:IsAChildOf,reactome:Pathway2528,
reactome:Pathway1902,abstraction:IsAChildOf,reactome:Pathway1893,
reactome:Pathway2617,abstraction:IsAChildOf,reactome:Pathway2535,
reactome:Pathway721,abstraction:IsAChildOf,reactome:Pathway716,
reactome:Pathway1452,abstraction:IsAChildOf,reactome:Pathway1450,
reactome:Pathway1656,abstraction:IsAChildOf,reactome:Pathway1645,
reactome:Pathway2400,abstraction:IsAChildOf,reactome:Pathway2396,
reactome:Pathway2673,abstraction:IsAChildOf,reactome:Pathway2672,
reactome:Pathway1203,abstraction:IsAChildOf,reactome:Pathway1194,
reactome:Pathway1111,abstraction:IsAChildOf,reactome:Pathway1095,
reactome:Pathway332,abstraction:IsAChildOf,reactome:Pathway327,
reactome:Pathway1416,abstraction:IsAChildOf,reactome:Pathway1415,
reactome:Pathway1933,abstraction:IsAChildOf,reactome:Pathway1931,
reactome:Pathway1939,abstraction:IsAChildOf,reactome:Pathway1938,
reactome:Pathway1457,abstraction:IsAChildOf,reactome:Pathway1453,
reactome:Pathway45,abstraction:IsAChildOf,reactome:Pathway44,
reactome:Pathway2072,abstraction:IsAChildOf,reactome:Pathway2021,
reactome:Pathway919,abstraction:IsAChildOf,reactome:Pathway909,
reactome:Pathway569,abstraction:IsAChildOf,reactome:Pathway565,
reactome:Pathway581,abstraction:IsAChildOf,reactome:Pathway534,
reactome:Pathway1348,abstraction:IsAChildOf,reactome:Pathway1345,
reactome:Pathway2341,abstraction:IsAChildOf,reactome:Pathway2340,
reactome:Pathway964,abstraction:IsAChildOf,reactome:Pathway951,
reactome:Pathway1716,abstraction:IsAChildOf,reactome:Pathway1706,
reactome:Pathway2607,abstraction:IsAChildOf,reactome:Pathway2606,
reactome:Pathway2536,abstraction:IsAChildOf,reactome:Pathway2535,
reactome:Pathway1943,abstraction:IsAChildOf,reactome:Pathway1942,
reactome:Pathway1402,abstraction:IsAChildOf,reactome:Pathway1394,
reactome:Pathway486,abstraction:IsAChildOf,reactome:Pathway476,
reactome:Pathway2438,abstraction:IsAChildOf,reactome:Pathway2437,
reactome:Pathway434,abstraction:IsAChildOf,reactome:Pathway416,
reactome:Pathway582,abstraction:IsAChildOf,reactome:Pathway581,
reactome:Pathway2805,abstraction:IsAChildOf,reactome:Pathway2797,
reactome:Pathway2251,abstraction:IsAChildOf,reactome:Pathway2250,
reactome:Pathway1147,abstraction:IsAChildOf,reactome:Pathway1145,
reactome:Pathway578,abstraction:IsAChildOf,reactome:Pathway577,
reactome:Pathway2119,abstraction:IsAChildOf,reactome:Pathway2111,
reactome:Pathway2425,abstraction:IsAChildOf,reactome:Pathway2424,
reactome:Pathway1634,abstraction:IsAChildOf,reactome:Pathway1631,
reactome:Pathway2641,abstraction:IsAChildOf,reactome:Pathway2639,
reactome:Pathway2037,abstraction:IsAChildOf,reactome:Pathway2036,
reactome:Pathway2064,abstraction:IsAChildOf,reactome:Pathway2059,
reactome:Pathway1258,abstraction:IsAChildOf,reactome:Pathway1252,
reactome:Pathway2254,abstraction:IsAChildOf,reactome:Pathway2253,
reactome:Pathway358,abstraction:IsAChildOf,reactome:Pathway355,
reactome:Pathway1774,abstraction:IsAChildOf,reactome:Pathway1801,
reactome:Pathway1129,abstraction:IsAChildOf,reactome:Pathway1127,
reactome:Pathway2359,abstraction:IsAChildOf,reactome:Pathway2358,
reactome:Pathway911,abstraction:IsAChildOf,reactome:Pathway909,
reactome:Pathway1603,abstraction:IsAChildOf,reactome:Pathway1602,
reactome:Pathway1409,abstraction:IsAChildOf,reactome:Pathway1405,
reactome:Pathway1288,abstraction:IsAChildOf,reactome:Pathway1285,
reactome:Pathway1885,abstraction:IsAChildOf,reactome:Pathway1882,
reactome:Pathway2462,abstraction:IsAChildOf,reactome:Pathway2461,
reactome:Pathway1671,abstraction:IsAChildOf,reactome:Pathway1670,
reactome:Pathway943,abstraction:IsAChildOf,reactome:Pathway942,
reactome:Pathway1099,abstraction:IsAChildOf,reactome:Pathway1096,
reactome:Pathway1532,abstraction:IsAChildOf,reactome:Pathway1531,
reactome:Pathway2780,abstraction:IsAChildOf,reactome:Pathway2713,
reactome:Pathway2083,abstraction:IsAChildOf,reactome:Pathway2079,
reactome:Pathway96,abstraction:IsAChildOf,reactome:Pathway95,
reactome:Pathway271,abstraction:IsAChildOf,reactome:Pathway270,
reactome:Pathway675,abstraction:IsAChildOf,reactome:Pathway670,
reactome:Pathway2183,abstraction:IsAChildOf,reactome:Pathway2179,
reactome:Pathway204,abstraction:IsAChildOf,reactome:Pathway203,
reactome:Pathway1145,abstraction:IsAChildOf,reactome:Pathway1133,
reactome:Pathway1713,abstraction:IsAChildOf,reactome:Pathway1706,
reactome:Pathway2421,abstraction:IsAChildOf,reactome:Pathway2417,
reactome:Pathway2687,abstraction:IsAChildOf,reactome:Pathway2686,
reactome:Pathway82,abstraction:IsAChildOf,reactome:Pathway31,
reactome:Pathway1775,abstraction:IsAChildOf,reactome:Pathway1773,
reactome:Pathway1399,abstraction:IsAChildOf,reactome:Pathway1394,
reactome:Pathway495,abstraction:IsAChildOf,reactome:Pathway494,
reactome:Pathway2392,abstraction:IsAChildOf,reactome:Pathway2390,
reactome:Pathway2573,abstraction:IsAChildOf,reactome:Pathway2568,
reactome:Pathway2518,abstraction:IsAChildOf,reactome:Pathway2514,
reactome:Pathway1785,abstraction:IsAChildOf,reactome:Pathway1784,
reactome:Pathway1947,abstraction:IsAChildOf,reactome:Pathway1946,
reactome:Pathway746,abstraction:IsAChildOf,reactome:Pathway742,
reactome:Pathway2459,abstraction:IsAChildOf,reactome:Pathway2451,
reactome:Pathway1091,abstraction:IsAChildOf,reactome:Pathway1085,
reactome:Pathway2322,abstraction:IsAChildOf,reactome:Pathway2320,
reactome:Pathway867,abstraction:IsAChildOf,reactome:Pathway856,
reactome:Pathway672,abstraction:IsAChildOf,reactome:Pathway671,
reactome:Pathway2802,abstraction:IsAChildOf,reactome:Pathway2800,
reactome:Pathway1229,abstraction:IsAChildOf,reactome:Pathway1228,
reactome:Pathway350,abstraction:IsAChildOf,reactome:Pathway349,
reactome:Pathway331,abstraction:IsAChildOf,reactome:Pathway328,
reactome:Pathway1343,abstraction:IsAChildOf,reactome:Pathway1342,
reactome:Pathway2018,abstraction:IsAChildOf,reactome:Pathway2010,
reactome:Pathway2325,abstraction:IsAChildOf,reactome:Pathway2317,
reactome:Pathway133,abstraction:IsAChildOf,reactome:Pathway131,
reactome:Pathway2286,abstraction:IsAChildOf,reactome:Pathway2284,
reactome:Pathway1387,abstraction:IsAChildOf,reactome:Pathway1373,
reactome:Pathway562,abstraction:IsAChildOf,reactome:Pathway534,
reactome:Pathway2106,abstraction:IsAChildOf,reactome:Pathway2103,
reactome:Pathway2123,abstraction:IsAChildOf,reactome:Pathway2111,
reactome:Pathway2157,abstraction:IsAChildOf,reactome:Pathway2156,
reactome:Pathway1778,abstraction:IsAChildOf,reactome:Pathway1803,
reactome:Pathway1946,abstraction:IsAChildOf,reactome:Pathway1943,
reactome:Pathway816,abstraction:IsAChildOf,reactome:Pathway784,
reactome:Pathway1026,abstraction:IsAChildOf,reactome:Pathway1022,
reactome:Pathway2105,abstraction:IsAChildOf,reactome:Pathway2103,
reactome:Pathway1176,abstraction:IsAChildOf,reactome:Pathway1172,
reactome:Pathway888,abstraction:IsAChildOf,reactome:Pathway886,
reactome:Pathway1310,abstraction:IsAChildOf,reactome:Pathway1305,
reactome:Pathway23,abstraction:IsAChildOf,reactome:Pathway3,
reactome:Pathway618,abstraction:IsAChildOf,reactome:Pathway614,
reactome:Pathway2596,abstraction:IsAChildOf,reactome:Pathway2588,
reactome:Pathway922,abstraction:IsAChildOf,reactome:Pathway909,
reactome:Pathway1205,abstraction:IsAChildOf,reactome:Pathway1204,
reactome:Pathway440,abstraction:IsAChildOf,reactome:Pathway435,
reactome:Pathway2797,abstraction:IsAChildOf,reactome:Pathway2713,
reactome:Pathway1456,abstraction:IsAChildOf,reactome:Pathway1453,
reactome:Pathway2099,abstraction:IsAChildOf,reactome:Pathway2093,
reactome:Pathway568,abstraction:IsAChildOf,reactome:Pathway565,
reactome:Pathway151,abstraction:IsAChildOf,reactome:Pathway149,
reactome:Pathway586,abstraction:IsAChildOf,reactome:Pathway581,
reactome:Pathway55,abstraction:IsAChildOf,reactome:Pathway54,
reactome:Pathway967,abstraction:IsAChildOf,reactome:Pathway966,
reactome:Pathway1706,abstraction:IsAChildOf,reactome:Pathway1698,
reactome:Pathway1780,abstraction:IsAChildOf,reactome:Pathway1778,
reactome:Pathway2684,abstraction:IsAChildOf,reactome:Pathway2683,
reactome:Pathway2257,abstraction:IsAChildOf,reactome:Pathway2246,
reactome:Pathway2246,abstraction:IsAChildOf,reactome:Pathway2245,
reactome:Pathway318,abstraction:IsAChildOf,reactome:Pathway317,
reactome:Pathway2111,abstraction:IsAChildOf,reactome:Pathway2110,
reactome:Pathway975,abstraction:IsAChildOf,reactome:Pathway966,
reactome:Pathway1168,abstraction:IsAChildOf,reactome:Pathway1166,
reactome:Pathway1801,abstraction:IsAChildOf,reactome:Pathway1811,
reactome:Pathway2540,abstraction:IsAChildOf,reactome:Pathway2536,
reactome:Pathway910,abstraction:IsAChildOf,reactome:Pathway909,
reactome:Pathway611,abstraction:IsAChildOf,reactome:Pathway604,
reactome:Pathway2194,abstraction:IsAChildOf,reactome:Pathway2174,
reactome:Pathway2698,abstraction:IsAChildOf,reactome:Pathway2692,
reactome:Pathway537,abstraction:IsAChildOf,reactome:Pathway536,
reactome:Pathway135,abstraction:IsAChildOf,reactome:Pathway129,
reactome:Pathway728,abstraction:IsAChildOf,reactome:Pathway725,
reactome:Pathway1742,abstraction:IsAChildOf,reactome:Pathway1740,
reactome:Pathway1056,abstraction:IsAChildOf,reactome:Pathway1054,
reactome:Pathway699,abstraction:IsAChildOf,reactome:Pathway695,
reactome:Pathway1807,abstraction:IsAChildOf,reactome:Pathway1803,
reactome:Pathway1782,abstraction:IsAChildOf,reactome:Pathway1778,
reactome:Pathway805,abstraction:IsAChildOf,reactome:Pathway784,
reactome:Pathway1361,abstraction:IsAChildOf,reactome:Pathway1326,
reactome:Pathway535,abstraction:IsAChildOf,reactome:Pathway534,
reactome:Pathway2430,abstraction:IsAChildOf,reactome:Pathway2408,
reactome:Pathway281,abstraction:IsAChildOf,reactome:Pathway273,
reactome:Pathway300,abstraction:IsAChildOf,reactome:Pathway295,
reactome:Pathway711,abstraction:IsAChildOf,reactome:Pathway710,
reactome:Pathway2639,abstraction:IsAChildOf,reactome:Pathway2528,
reactome:Pathway517,abstraction:IsAChildOf,reactome:Pathway516,
reactome:Pathway401,abstraction:IsAChildOf,reactome:Pathway326,
reactome:Pathway648,abstraction:IsAChildOf,reactome:Pathway645,
reactome:Pathway1391,abstraction:IsAChildOf,reactome:Pathway1390,
reactome:Pathway1453,abstraction:IsAChildOf,reactome:Pathway1319,
reactome:Pathway1259,abstraction:IsAChildOf,reactome:Pathway1252,
reactome:Pathway1466,abstraction:IsAChildOf,reactome:Pathway1319,
reactome:Pathway354,abstraction:IsAChildOf,reactome:Pathway353,
reactome:Pathway469,abstraction:IsAChildOf,reactome:Pathway468,
reactome:Pathway475,abstraction:IsAChildOf,reactome:Pathway465,
reactome:Pathway1125,abstraction:IsAChildOf,reactome:Pathway1116,
reactome:Pathway600,abstraction:IsAChildOf,reactome:Pathway598,
reactome:Pathway1378,abstraction:IsAChildOf,reactome:Pathway1377,
reactome:Pathway1247,abstraction:IsAChildOf,reactome:Pathway1237,
reactome:Pathway2178,abstraction:IsAChildOf,reactome:Pathway2176,
reactome:Pathway807,abstraction:IsAChildOf,reactome:Pathway784,
reactome:Pathway2785,abstraction:IsAChildOf,reactome:Pathway2783,
reactome:Pathway2734,abstraction:IsAChildOf,reactome:Pathway2723,
reactome:Pathway945,abstraction:IsAChildOf,reactome:Pathway942,
reactome:Pathway164,abstraction:IsAChildOf,reactome:Pathway159,
reactome:Pathway1680,abstraction:IsAChildOf,reactome:Pathway1643,
reactome:Pathway2728,abstraction:IsAChildOf,reactome:Pathway2723,
reactome:Pathway1142,abstraction:IsAChildOf,reactome:Pathway1139,
reactome:Pathway1352,abstraction:IsAChildOf,reactome:Pathway1351,
reactome:Pathway1273,abstraction:IsAChildOf,reactome:Pathway533,
reactome:Pathway429,abstraction:IsAChildOf,reactome:Pathway427,
reactome:Pathway862,abstraction:IsAChildOf,reactome:Pathway856,
reactome:Pathway13,abstraction:IsAChildOf,reactome:Pathway8,
reactome:Pathway87,abstraction:IsAChildOf,reactome:Pathway86,
reactome:Pathway1799,abstraction:IsAChildOf,reactome:Pathway1770,
reactome:Pathway1516,abstraction:IsAChildOf,reactome:Pathway1515,
reactome:Pathway83,abstraction:IsAChildOf,reactome:Pathway82,
reactome:Pathway1518,abstraction:IsAChildOf,reactome:Pathway1489,
reactome:Pathway254,abstraction:IsAChildOf,reactome:Pathway236,
reactome:Pathway2368,abstraction:IsAChildOf,reactome:Pathway2364,
reactome:Pathway1472,abstraction:IsAChildOf,reactome:Pathway1471,
reactome:Pathway743,abstraction:IsAChildOf,reactome:Pathway742,
reactome:Pathway56,abstraction:IsAChildOf,reactome:Pathway54,
reactome:Pathway1735,abstraction:IsAChildOf,reactome:Pathway1734,
reactome:Pathway1563,abstraction:IsAChildOf,reactome:Pathway1547,
reactome:Pathway1339,abstraction:IsAChildOf,reactome:Pathway1369,
reactome:Pathway680,abstraction:IsAChildOf,reactome:Pathway676,
reactome:Pathway1094,abstraction:IsAChildOf,reactome:Pathway1091,
reactome:Pathway864,abstraction:IsAChildOf,reactome:Pathway856,
reactome:Pathway2297,abstraction:IsAChildOf,reactome:Pathway2296,
reactome:Pathway7,abstraction:IsAChildOf,reactome:Pathway6,
reactome:Pathway2060,abstraction:IsAChildOf,reactome:Pathway2059,
reactome:Pathway531,abstraction:IsAChildOf,reactome:Pathway529,
reactome:Pathway1047,abstraction:IsAChildOf,reactome:Pathway1036,
reactome:Pathway1751,abstraction:IsAChildOf,reactome:Pathway1749,
reactome:Pathway1549,abstraction:IsAChildOf,reactome:Pathway1548,
reactome:Pathway1155,abstraction:IsAChildOf,reactome:Pathway1154,
reactome:Pathway2281,abstraction:IsAChildOf,reactome:Pathway2268,
reactome:Pathway1141,abstraction:IsAChildOf,reactome:Pathway1139,
reactome:Pathway873,abstraction:IsAChildOf,reactome:Pathway855,
reactome:Pathway2716,abstraction:IsAChildOf,reactome:Pathway2714,
reactome:Pathway57,abstraction:IsAChildOf,reactome:Pathway54,
reactome:Pathway2216,abstraction:IsAChildOf,reactome:Pathway2215,
reactome:Pathway72,abstraction:IsAChildOf,reactome:Pathway68,
reactome:Pathway798,abstraction:IsAChildOf,reactome:Pathway784,
reactome:Pathway1300,abstraction:IsAChildOf,reactome:Pathway1298,
reactome:Pathway1953,abstraction:IsAChildOf,reactome:Pathway1949,
reactome:Pathway2569,abstraction:IsAChildOf,reactome:Pathway2568,
reactome:Pathway375,abstraction:IsAChildOf,reactome:Pathway373,
reactome:Pathway1364,abstraction:IsAChildOf,reactome:Pathway1361,
reactome:Pathway1536,abstraction:IsAChildOf,reactome:Pathway1523,
reactome:Pathway1340,abstraction:IsAChildOf,reactome:Pathway1326,
reactome:Pathway2690,abstraction:IsAChildOf,reactome:Pathway2689,
reactome:Pathway1578,abstraction:IsAChildOf,reactome:Pathway1572,
reactome:Pathway2606,abstraction:IsAChildOf,reactome:Pathway2536,
reactome:Pathway2597,abstraction:IsAChildOf,reactome:Pathway2588,
reactome:Pathway1251,abstraction:IsAChildOf,reactome:Pathway1250,
reactome:Pathway1052,abstraction:IsAChildOf,reactome:Pathway1035,
reactome:Pathway1513,abstraction:IsAChildOf,reactome:Pathway1490,
reactome:Pathway1581,abstraction:IsAChildOf,reactome:Pathway1572,
reactome:Pathway2758,abstraction:IsAChildOf,reactome:Pathway2756,
reactome:Pathway1475,abstraction:IsAChildOf,reactome:Pathway1472,
reactome:Pathway337,abstraction:IsAChildOf,reactome:Pathway336,
reactome:Pathway1249,abstraction:IsAChildOf,reactome:Pathway1237,
reactome:Pathway810,abstraction:IsAChildOf,reactome:Pathway784,
reactome:Pathway2700,abstraction:IsAChildOf,reactome:Pathway2699,
reactome:Pathway653,abstraction:IsAChildOf,reactome:Pathway651,
reactome:Pathway1838,abstraction:IsAChildOf,reactome:Pathway1837,
reactome:Pathway2141,abstraction:IsAChildOf,reactome:Pathway2130,
reactome:Pathway2372,abstraction:IsAChildOf,reactome:Pathway2369,
reactome:Pathway2140,abstraction:IsAChildOf,reactome:Pathway2130,
reactome:Pathway605,abstraction:IsAChildOf,reactome:Pathway604,
reactome:Pathway1322,abstraction:IsAChildOf,reactome:Pathway1320,
reactome:Pathway1729,abstraction:IsAChildOf,reactome:Pathway1728,
reactome:Pathway272,abstraction:IsAChildOf,reactome:Pathway270,
reactome:Pathway603,abstraction:IsAChildOf,reactome:Pathway601,
reactome:Pathway1997,abstraction:IsAChildOf,reactome:Pathway1992,
reactome:Pathway851,abstraction:IsAChildOf,reactome:Pathway784,
reactome:Pathway344,abstraction:IsAChildOf,reactome:Pathway342,
reactome:Pathway778,abstraction:IsAChildOf,reactome:Pathway768,
reactome:Pathway2395,abstraction:IsAChildOf,reactome:Pathway2394,
reactome:Pathway2328,abstraction:IsAChildOf,reactome:Pathway2316,
reactome:Pathway2388,abstraction:IsAChildOf,reactome:Pathway2387,
reactome:Pathway2027,abstraction:IsAChildOf,reactome:Pathway2026,
reactome:Pathway2127,abstraction:IsAChildOf,reactome:Pathway2111,
reactome:Pathway2455,abstraction:IsAChildOf,reactome:Pathway2454,
reactome:Pathway1904,abstraction:IsAChildOf,reactome:Pathway1902,
reactome:Pathway2364,abstraction:IsAChildOf,reactome:Pathway2354,
reactome:Pathway386,abstraction:IsAChildOf,reactome:Pathway326,
reactome:Pathway1601,abstraction:IsAChildOf,reactome:Pathway1318,
reactome:Pathway211,abstraction:IsAChildOf,reactome:Pathway210,
reactome:Pathway1903,abstraction:IsAChildOf,reactome:Pathway1902,
reactome:Pathway1211,abstraction:IsAChildOf,reactome:Pathway1082,
reactome:Pathway2365,abstraction:IsAChildOf,reactome:Pathway2364,
reactome:Pathway1445,abstraction:IsAChildOf,reactome:Pathway1444,
reactome:Pathway2784,abstraction:IsAChildOf,reactome:Pathway2783,
reactome:Pathway1857,abstraction:IsAChildOf,reactome:Pathway1854,
reactome:Pathway1844,abstraction:IsAChildOf,reactome:Pathway1837,
reactome:Pathway2143,abstraction:IsAChildOf,reactome:Pathway2072,
reactome:Pathway2344,abstraction:IsAChildOf,reactome:Pathway2343,
reactome:Pathway2316,abstraction:IsAChildOf,reactome:Pathway2315,
reactome:Pathway1704,abstraction:IsAChildOf,reactome:Pathway1700,
reactome:Pathway1957,abstraction:IsAChildOf,reactome:Pathway1942,
reactome:Pathway681,abstraction:IsAChildOf,reactome:Pathway676,
reactome:Pathway985,abstraction:IsAChildOf,reactome:Pathway984,
reactome:Pathway2048,abstraction:IsAChildOf,reactome:Pathway2046,
reactome:Pathway1597,abstraction:IsAChildOf,reactome:Pathway1590,
reactome:Pathway1841,abstraction:IsAChildOf,reactome:Pathway1837,
reactome:Pathway2226,abstraction:IsAChildOf,reactome:Pathway2222,
reactome:Pathway2463,abstraction:IsAChildOf,reactome:Pathway2461,
reactome:Pathway757,abstraction:IsAChildOf,reactome:Pathway755,
reactome:Pathway1228,abstraction:IsAChildOf,reactome:Pathway1222,
reactome:Pathway1019,abstraction:IsAChildOf,reactome:Pathway1018,
reactome:Pathway1110,abstraction:IsAChildOf,reactome:Pathway1120,
reactome:Pathway1122,abstraction:IsAChildOf,reactome:Pathway1116,
reactome:Pathway544,abstraction:IsAChildOf,reactome:Pathway543,
reactome:Pathway1292,abstraction:IsAChildOf,reactome:Pathway1291,
reactome:Pathway1462,abstraction:IsAChildOf,reactome:Pathway1453,
reactome:Pathway387,abstraction:IsAChildOf,reactome:Pathway386,
reactome:Pathway2823,abstraction:IsAChildOf,reactome:Pathway2822,
reactome:Pathway1131,abstraction:IsAChildOf,reactome:Pathway1127,
reactome:Pathway1666,abstraction:IsAChildOf,reactome:Pathway1645,
reactome:Pathway819,abstraction:IsAChildOf,reactome:Pathway784,
reactome:Pathway1618,abstraction:IsAChildOf,reactome:Pathway1617,
reactome:Pathway2499,abstraction:IsAChildOf,reactome:Pathway2498,
reactome:Pathway793,abstraction:IsAChildOf,reactome:Pathway784,
reactome:Pathway2423,abstraction:IsAChildOf,reactome:Pathway2422,
reactome:Pathway2247,abstraction:IsAChildOf,reactome:Pathway2246,
reactome:Pathway2678,abstraction:IsAChildOf,reactome:Pathway2674,
reactome:Pathway1864,abstraction:IsAChildOf,reactome:Pathway1859,
reactome:Pathway1594,abstraction:IsAChildOf,reactome:Pathway1593,
reactome:Pathway2565,abstraction:IsAChildOf,reactome:Pathway2561,
reactome:Pathway2557,abstraction:IsAChildOf,reactome:Pathway2552,
reactome:Pathway2709,abstraction:IsAChildOf,reactome:Pathway2707,
reactome:Pathway664,abstraction:IsAChildOf,reactome:Pathway659,
reactome:Pathway1039,abstraction:IsAChildOf,reactome:Pathway1037,
reactome:Pathway1954,abstraction:IsAChildOf,reactome:Pathway1949,
reactome:Pathway2381,abstraction:IsAChildOf,reactome:Pathway2380,
reactome:Pathway430,abstraction:IsAChildOf,reactome:Pathway431,
reactome:Pathway419,abstraction:IsAChildOf,reactome:Pathway418,
reactome:Pathway1084,abstraction:IsAChildOf,reactome:Pathway1083,
reactome:Pathway1951,abstraction:IsAChildOf,reactome:Pathway1949,
reactome:Pathway2507,abstraction:IsAChildOf,reactome:Pathway2504,
reactome:Pathway2339,abstraction:IsAChildOf,reactome:Pathway2334,
reactome:Pathway658,abstraction:IsAChildOf,reactome:Pathway651,
reactome:Pathway674,abstraction:IsAChildOf,reactome:Pathway670,
reactome:Pathway1432,abstraction:IsAChildOf,reactome:Pathway1431,
reactome:Pathway212,abstraction:IsAChildOf,reactome:Pathway211,
reactome:Pathway122,abstraction:IsAChildOf,reactome:Pathway115,
reactome:Pathway1054,abstraction:IsAChildOf,reactome:Pathway1052,
reactome:Pathway1139,abstraction:IsAChildOf,reactome:Pathway1133,
reactome:Pathway1757,abstraction:IsAChildOf,reactome:Pathway1756,
reactome:Pathway756,abstraction:IsAChildOf,reactome:Pathway755,
reactome:Pathway47,abstraction:IsAChildOf,reactome:Pathway44,
reactome:Pathway150,abstraction:IsAChildOf,reactome:Pathway149,
reactome:Pathway2533,abstraction:IsAChildOf,reactome:Pathway2530,
reactome:Pathway2256,abstraction:IsAChildOf,reactome:Pathway2253,
reactome:Pathway996,abstraction:IsAChildOf,reactome:Pathway994,
reactome:Pathway1808,abstraction:IsAChildOf,reactome:Pathway1803,
reactome:Pathway2270,abstraction:IsAChildOf,reactome:Pathway2268,
reactome:Pathway414,abstraction:IsAChildOf,reactome:Pathway289,
reactome:Pathway777,abstraction:IsAChildOf,reactome:Pathway768,
reactome:Pathway2816,abstraction:IsAChildOf,reactome:Pathway2811,
reactome:Pathway2260,abstraction:IsAChildOf,reactome:Pathway2246,
reactome:Pathway1450,abstraction:IsAChildOf,reactome:Pathway1449,
reactome:Pathway2361,abstraction:IsAChildOf,reactome:Pathway2360,
reactome:Pathway1377,abstraction:IsAChildOf,reactome:Pathway1373,
reactome:Pathway359,abstraction:IsAChildOf,reactome:Pathway326,
reactome:Pathway698,abstraction:IsAChildOf,reactome:Pathway695,
reactome:Pathway2808,abstraction:IsAChildOf,reactome:Pathway2805,
reactome:Pathway900,abstraction:IsAChildOf,reactome:Pathway894,
reactome:Pathway1755,abstraction:IsAChildOf,reactome:Pathway1749,
reactome:Pathway2721,abstraction:IsAChildOf,reactome:Pathway2720,
reactome:Pathway1507,abstraction:IsAChildOf,reactome:Pathway1505,
reactome:Pathway1109,abstraction:IsAChildOf,reactome:Pathway1096,
reactome:Pathway2744,abstraction:IsAChildOf,reactome:Pathway2742,
reactome:Pathway2809,abstraction:IsAChildOf,reactome:Pathway2713,
reactome:Pathway487,abstraction:IsAChildOf,reactome:Pathway486,
reactome:Pathway1494,abstraction:IsAChildOf,reactome:Pathway1491,
reactome:Pathway1509,abstraction:IsAChildOf,reactome:Pathway1508,
reactome:Pathway2078,abstraction:IsAChildOf,reactome:Pathway2077,
reactome:Pathway1853,abstraction:IsAChildOf,reactome:Pathway1852,
reactome:Pathway2118,abstraction:IsAChildOf,reactome:Pathway2111,
reactome:Pathway460,abstraction:IsAChildOf,reactome:Pathway445,
reactome:Pathway1385,abstraction:IsAChildOf,reactome:Pathway1373,
reactome:Pathway14,abstraction:IsAChildOf,reactome:Pathway8,
reactome:Pathway1324,abstraction:IsAChildOf,reactome:Pathway1320,
reactome:Pathway587,abstraction:IsAChildOf,reactome:Pathway586,
reactome:Pathway1272,abstraction:IsAChildOf,reactome:Pathway1271,
reactome:Pathway1135,abstraction:IsAChildOf,reactome:Pathway1133,
reactome:Pathway2722,abstraction:IsAChildOf,reactome:Pathway2720,
reactome:Pathway1778,abstraction:IsAChildOf,reactome:Pathway1793,
reactome:Pathway1917,abstraction:IsAChildOf,reactome:Pathway1916,
reactome:Pathway390,abstraction:IsAChildOf,reactome:Pathway386,
reactome:Pathway2661,abstraction:IsAChildOf,reactome:Pathway2646,
reactome:Pathway2035,abstraction:IsAChildOf,reactome:Pathway2022,
reactome:Pathway1360,abstraction:IsAChildOf,reactome:Pathway1351,
reactome:Pathway1489,abstraction:IsAChildOf,reactome:Pathway1488,
reactome:Pathway324,abstraction:IsAChildOf,reactome:Pathway318,
reactome:Pathway1787,abstraction:IsAChildOf,reactome:Pathway1784,
reactome:Pathway2788,abstraction:IsAChildOf,reactome:Pathway2787,
reactome:Pathway2595,abstraction:IsAChildOf,reactome:Pathway2588,
reactome:Pathway514,abstraction:IsAChildOf,reactome:Pathway513,
reactome:Pathway449,abstraction:IsAChildOf,reactome:Pathway446,
reactome:Pathway1861,abstraction:NextStepPathway,reactome:Pathway1429,5.02888609768853
reactome:Pathway1776,abstraction:NextStepPathway,reactome:Pathway1781,5.0679027500309815
reactome:Pathway671,abstraction:NextStepPathway,reactome:Pathway672,4.902073655312752
reactome:Pathway1783,abstraction:NextStepPathway,reactome:Pathway247,4.473653077908202
reactome:Pathway134,abstraction:NextStepPathway,reactome:Pathway286,4.466359099545649
reactome:Pathway2365,abstraction:NextStepPathway,reactome:Pathway2559,4.301879883363579
reactome:Pathway2348,abstraction:NextStepPathway,reactome:Pathway2221,5.094786089424422
reactome:Pathway184,abstraction:NextStepPathway,reactome:Pathway444,4.426467770518347
reactome:Pathway1423,abstraction:NextStepPathway,reactome:Pathway1619,3.8533757580263552
reactome:Pathway131,abstraction:NextStepPathway,reactome:Pathway1393,4.6884131283260775
reactome:Pathway1555,abstraction:NextStepPathway,reactome:Pathway2728,4.199977869176792
reactome:Pathway2050,abstraction:NextStepPathway,reactome:Pathway2052,5.482695041014285
reactome:Pathway1780,abstraction:NextStepPathway,reactome:Pathway247,4.459117938289089
reactome:Pathway1433,abstraction:NextStepPathway,reactome:Pathway1439,4.8016692209866845
reactome:Pathway2150,abstraction:NextStepPathway,reactome:Pathway2318,4.292063853625923
reactome:Pathway2028,abstraction:NextStepPathway,reactome:Pathway345,5.102994069842252
reactome:Pathway1604,abstraction:NextStepPathway,reactome:Pathway2325,5.549109483913292
reactome:Pathway1626,abstraction:NextStepPathway,reactome:Pathway1390,5.829663942440841
reactome:Pathway114,abstraction:NextStepPathway,reactome:Pathway2270,5.634171922457141
reactome:Pathway2099,abstraction:NextStepPathway,reactome:Pathway2222,3.4199585195344517
reactome:Pathway2425,abstraction:NextStepPathway,reactome:Pathway2444,3.5777742364921683
reactome:Pathway1429,abstraction:NextStepPathway,reactome:Pathway1642,4.902073655312752
reactome:Pathway537,abstraction:NextStepPathway,reactome:Pathway539,4.205561356602494
reactome:Pathway2556,abstraction:NextStepPathway,reactome:Pathway2550,4.4884026078342645
reactome:Pathway255,abstraction:NextStepPathway,reactome:Pathway1210,3.4307361450282805
reactome:Pathway2696,abstraction:NextStepPathway,reactome:Pathway2693,5.171202319868785
reactome:Pathway1801,abstraction:NextStepPathway,reactome:Pathway1774,3.7739389273783206
reactome:Pathway1568,abstraction:NextStepPathway,reactome:Pathway1584,4.875464546584787
reactome:Pathway1568,abstraction:NextStepPathway,reactome:Pathway1588,4.403002235592341
reactome:Pathway1555,abstraction:NextStepPathway,reactome:Pathway1562,4.2847645511443115
reactome:Pathway2486,abstraction:NextStepPathway,reactome:Pathway2485,3.541961780138505
reactome:Pathway1889,abstraction:NextStepPathway,reactome:Pathway1205,3.447910649918191
reactome:Pathway2068,abstraction:NextStepPathway,reactome:Pathway2066,7.632852107492519
reactome:Pathway1929,abstraction:NextStepPathway,reactome:Pathway1857,4.119763855292987
reactome:Pathway1584,abstraction:NextStepPathway,reactome:Pathway1677,3.1602285774664103
reactome:Pathway286,abstraction:NextStepPathway,reactome:Pathway1537,4.150021771333492
reactome:Pathway2226,abstraction:NextStepPathway,reactome:Pathway2027,5.398029116599291
reactome:Pathway301,abstraction:NextStepPathway,reactome:Pathway306,3.091393198695746
reactome:Pathway179,abstraction:NextStepPathway,reactome:Pathway1529,4.866749894482344
reactome:Pathway1642,abstraction:NextStepPathway,reactome:Pathway1526,4.773611268191527
reactome:Pathway1201,abstraction:NextStepPathway,reactome:Pathway1205,3.650917112865658
reactome:Pathway469,abstraction:NextStepPathway,reactome:Pathway466,3.322747506964185
reactome:Pathway271,abstraction:NextStepPathway,reactome:Pathway279,3.5535628383212674
reactome:Pathway1104,abstraction:NextStepPathway,reactome:Pathway1105,4.420896725468891
reactome:Pathway1672,abstraction:NextStepPathway,reactome:Pathway1670,4.6475185411594255
reactome:Pathway1209,abstraction:NextStepPathway,reactome:Pathway2211,4.28597740756952
reactome:Pathway1520,abstraction:NextStepPathway,reactome:Pathway1234,4.400277438266156
reactome:Pathway248,abstraction:NextStepPathway,reactome:Pathway2555,4.161742736631648
reactome:Pathway2534,abstraction:NextStepPathway,reactome:Pathway70,3.465385280441455
reactome:Pathway2218,abstraction:NextStepPathway,reactome:Pathway1603,4.906578167433857
reactome:Pathway2099,abstraction:NextStepPathway,reactome:Pathway2100,6.61812130280511
reactome:Pathway1948,abstraction:NextStepPathway,reactome:Pathway1947,6.4254369589756095
reactome:Pathway2548,abstraction:NextStepPathway,reactome:Pathway2383,4.7815478177872635
reactome:Pathway1414,abstraction:NextStepPathway,reactome:Pathway1415,6.385027420637733
reactome:Pathway1927,abstraction:NextStepPathway,reactome:Pathway1862,4.027541686177239
reactome:Pathway1195,abstraction:NextStepPathway,reactome:Pathway1196,5.309788483154932
reactome:Pathway2317,abstraction:NextStepPathway,reactome:Pathway2150,4.079476433230309
reactome:Pathway1605,abstraction:NextStepPathway,reactome:Pathway1606,2.7443195101971622
reactome:Pathway2279,abstraction:NextStepPathway,reactome:Pathway2265,5.011186520589129
reactome:Pathway1452,abstraction:NextStepPathway,reactome:Pathway1414,5.7478745094323624
reactome:Pathway2203,abstraction:NextStepPathway,reactome:Pathway1234,5.116825548990714
reactome:Pathway1729,abstraction:NextStepPathway,reactome:Pathway1730,4.271519324394291
reactome:Pathway1382,abstraction:NextStepPathway,reactome:Pathway1350,4.554428118093414
reactome:Pathway1642,abstraction:NextStepPathway,reactome:Pathway286,4.239733246395565
reactome:Pathway2383,abstraction:NextStepPathway,reactome:Pathway2391,4.651008946099195
reactome:Pathway1973,abstraction:NextStepPathway,reactome:Pathway2050,5.648289804002926
reactome:Pathway39,abstraction:NextStepPathway,reactome:Pathway56,3.7827045057824598
reactome:Pathway1480,abstraction:NextStepPathway,reactome:Pathway2610,5.078569517835176
reactome:Pathway2548,abstraction:NextStepPathway,reactome:Pathway248,4.459117938289089
reactome:Pathway1536,abstraction:NextStepPathway,reactome:Pathway2204,5.657813685514181
reactome:Pathway2028,abstraction:NextStepPathway,reactome:Pathway344,5.044310568014161
reactome:Pathway1387,abstraction:NextStepPathway,reactome:Pathway250,4.265556277506044
reactome:Pathway1697,abstraction:NextStepPathway,reactome:Pathway2541,4.1606714992501495
reactome:Pathway2757,abstraction:NextStepPathway,reactome:Pathway2758,4.068676131879539
reactome:Pathway2247,abstraction:NextStepPathway,reactome:Pathway2236,4.706728658632511
reactome:Pathway1775,abstraction:NextStepPathway,reactome:Pathway1896,3.7695847840697003
reactome:Pathway2617,abstraction:NextStepPathway,reactome:Pathway1101,3.0721023366042153
reactome:Pathway2303,abstraction:NextStepPathway,reactome:Pathway2302,5.801650906213166
reactome:Pathway1924,abstraction:NextStepPathway,reactome:Pathway2796,4.625123117650896
reactome:Pathway2525,abstraction:NextStepPathway,reactome:Pathway2524,4.621721753827406
reactome:Pathway2134,abstraction:NextStepPathway,reactome:Pathway2060,4.677582697551708
reactome:Pathway2515,abstraction:NextStepPathway,reactome:Pathway2516,3.8541634697646048
reactome:Pathway2773,abstraction:NextStepPathway,reactome:Pathway1427,3.166151595769532
reactome:Pathway1896,abstraction:NextStepPathway,reactome:Pathway1824,3.6394080344207147
reactome:Pathway524,abstraction:NextStepPathway,reactome:Pathway1533,4.708578797920672
reactome:Pathway134,abstraction:NextStepPathway,reactome:Pathway2030,6.094873159040563
reactome:Pathway1205,abstraction:NextStepPathway,reactome:Pathway1832,3.5214131119111176
reactome:Pathway1861,abstraction:NextStepPathway,reactome:Pathway1856,4.426467770518347
reactome:Pathway172,abstraction:NextStepPathway,reactome:Pathway1533,4.358965767738401
reactome:Pathway1851,abstraction:NextStepPathway,reactome:Pathway524,4.518570808202561
reactome:Pathway1861,abstraction:NextStepPathway,reactome:Pathway1754,5.303054450973588
reactome:Pathway2296,abstraction:NextStepPathway,reactome:Pathway269,4.411221459945473
reactome:Pathway2810,abstraction:NextStepPathway,reactome:Pathway2813,4.365514579617306
reactome:Pathway1908,abstraction:NextStepPathway,reactome:Pathway1907,4.853818679810095
reactome:Pathway1480,abstraction:NextStepPathway,reactome:Pathway2590,5.49481640154663
reactome:Pathway1873,abstraction:NextStepPathway,reactome:Pathway479,4.824280667373231
reactome:Pathway1423,abstraction:NextStepPathway,reactome:Pathway1631,3.943110955781101
reactome:Pathway2036,abstraction:NextStepPathway,reactome:Pathway269,4.419508800194043
reactome:Pathway1537,abstraction:NextStepPathway,reactome:Pathway1546,4.763778347275288
reactome:Pathway2120,abstraction:NextStepPathway,reactome:Pathway2112,5.427993905301228
reactome:Pathway1855,abstraction:NextStepPathway,reactome:Pathway1783,4.370784684041544
reactome:Pathway1375,abstraction:NextStepPathway,reactome:Pathway1388,5.553410565812682
reactome:Pathway2272,abstraction:NextStepPathway,reactome:Pathway2273,4.929410209476503
reactome:Pathway2082,abstraction:NextStepPathway,reactome:Pathway2081,5.122412155699354
reactome:Pathway1790,abstraction:NextStepPathway,reactome:Pathway1773,3.7580655782220305
reactome:Pathway2080,abstraction:NextStepPathway,reactome:Pathway2194,4.723504448137348
reactome:Pathway2211,abstraction:NextStepPathway,reactome:Pathway2267,4.0706311667153425
reactome:Pathway1324,abstraction:NextStepPathway,reactome:Pathway1368,4.822203823428392
reactome:Pathway2777,abstraction:NextStepPathway,reactome:Pathway1619,3.8628695002186064
reactome:Pathway1735,abstraction:NextStepPathway,reactome:Pathway1641,5.046904603191208
reactome:Pathway1734,abstraction:NextStepPathway,reactome:Pathway1736,4.9598932262015785
reactome:Pathway1776,abstraction:NextStepPathway,reactome:Pathway1840,5.23182694168522
reactome:Pathway179,abstraction:NextStepPathway,reactome:Pathway2196,4.334464219696584
reactome:Pathway2647,abstraction:NextStepPathway,reactome:Pathway728,5.247575298653359
reactome:Pathway1537,abstraction:NextStepPathway,reactome:Pathway134,4.981554722982758
reactome:Pathway1689,abstraction:NextStepPathway,reactome:Pathway1672,5.25714474966951
reactome:Pathway1387,abstraction:NextStepPathway,reactome:Pathway1390,6.35575703833762
reactome:Pathway2027,abstraction:NextStepPathway,reactome:Pathway2541,4.271519324394291
reactome:Pathway2203,abstraction:NextStepPathway,reactome:Pathway1538,4.501865788002559
reactome:Pathway2784,abstraction:NextStepPathway,reactome:Pathway2785,5.2287068143489766
reactome:Pathway1760,abstraction:NextStepPathway,reactome:Pathway1761,5.057348562352291
reactome:Pathway1477,abstraction:NextStepPathway,reactome:Pathway1203,4.906578167433857
reactome:Pathway1977,abstraction:NextStepPathway,reactome:Pathway1234,4.763778347275288
reactome:Pathway1875,abstraction:NextStepPathway,reactome:Pathway1776,4.706728658632511
reactome:Pathway2361,abstraction:NextStepPathway,reactome:Pathway248,4.6353971806270815
reactome:Pathway1856,abstraction:NextStepPathway,reactome:Pathway134,4.567207844739813
reactome:Pathway207,abstraction:NextStepPathway,reactome:Pathway206,4.462008113711322
reactome:Pathway1821,abstraction:NextStepPathway,reactome:Pathway1822,3.8261896177221986
reactome:Pathway2453,abstraction:NextStepPathway,reactome:Pathway2455,4.040749425345017
reactome:Pathway1537,abstraction:NextStepPathway,reactome:Pathway1520,4.308064194972364
reactome:Pathway1856,abstraction:NextStepPathway,reactome:Pathway1851,4.210050701965088
reactome:Pathway1960,abstraction:NextStepPathway,reactome:Pathway2258,5.0679027500309815
reactome:Pathway1537,abstraction:NextStepPathway,reactome:Pathway1532,5.0314403774936265
reactome:Pathway1731,abstraction:NextStepPathway,reactome:Pathway1850,3.814760921898576
reactome:Pathway2131,abstraction:NextStepPathway,reactome:Pathway2124,6.14033553311732
reactome:Pathway2562,abstraction:NextStepPathway,reactome:Pathway2567,6.35575703833762
reactome:Pathway2133,abstraction:NextStepPathway,reactome:Pathway2134,5.00121137553231
reactome:Pathway10,abstraction:NextStepPathway,reactome:Pathway12,5.779792112400668
reactome:Pathway104,abstraction:NextStepPathway,reactome:Pathway103,5.588501885623953
reactome:Pathway1735,abstraction:NextStepPathway,reactome:Pathway1631,4.075535541430432
reactome:Pathway2365,abstraction:NextStepPathway,reactome:Pathway2551,3.7410318093818917
reactome:Pathway18,abstraction:NextStepPathway,reactome:Pathway19,5.6674291442136235
reactome:Pathway1856,abstraction:NextStepPathway,reactome:Pathway1669,4.340854017795355
reactome:Pathway1619,abstraction:NextStepPathway,reactome:Pathway1360,3.9294238302187154
reactome:Pathway2079,abstraction:NextStepPathway,reactome:Pathway2082,4.5998904921701715
reactome:Pathway1702,abstraction:NextStepPathway,reactome:Pathway2670,5.562068628555797
reactome:Pathway394,abstraction:NextStepPathway,reactome:Pathway88,3.61802357174148
reactome:Pathway1572,abstraction:NextStepPathway,reactome:Pathway1577,4.028479332753203
reactome:Pathway2555,abstraction:NextStepPathway,reactome:Pathway247,4.052210868864024
reactome:Pathway1824,abstraction:NextStepPathway,reactome:Pathway1835,4.996260870372454
reactome:Pathway1857,abstraction:NextStepPathway,reactome:Pathway1715,4.311793223532231
reactome:Pathway321,abstraction:NextStepPathway,reactome:Pathway325,5.2831202360727705
reactome:Pathway1776,abstraction:NextStepPathway,reactome:Pathway1205,3.5483257009510627
reactome:Pathway1210,abstraction:NextStepPathway,reactome:Pathway1512,4.663322206332551
reactome:Pathway1689,abstraction:NextStepPathway,reactome:Pathway1850,3.9050835601918616
reactome:Pathway2728,abstraction:NextStepPathway,reactome:Pathway2729,4.299416827931182
reactome:Pathway2556,abstraction:NextStepPathway,reactome:Pathway2549,4.512463918994382
reactome:Pathway1965,abstraction:NextStepPathway,reactome:Pathway103,4.6149535384812665
reactome:Pathway2135,abstraction:NextStepPathway,reactome:Pathway2136,6.037303307219085
reactome:Pathway1838,abstraction:NextStepPathway,reactome:Pathway1839,5.431803433717896
reactome:Pathway2196,abstraction:NextStepPathway,reactome:Pathway1529,4.426467770518347
reactome:Pathway2394,abstraction:NextStepPathway,reactome:Pathway2374,1.53982736023504
reactome:Pathway1234,abstraction:NextStepPathway,reactome:Pathway1533,4.75404117199743
reactome:Pathway1601,abstraction:NextStepPathway,reactome:Pathway674,4.2679372310117865
reactome:Pathway2118,abstraction:NextStepPathway,reactome:Pathway2125,6.4050280873444025
reactome:Pathway2810,abstraction:NextStepPathway,reactome:Pathway2817,4.583415654966666
reactome:Pathway2551,abstraction:NextStepPathway,reactome:Pathway2526,3.321358939279839
reactome:Pathway439,abstraction:NextStepPathway,reactome:Pathway329,4.981554722982758
reactome:Pathway1677,abstraction:NextStepPathway,reactome:Pathway1439,3.2792426855422137
reactome:Pathway2027,abstraction:NextStepPathway,reactome:Pathway1961,5.398029116599291
reactome:Pathway1541,abstraction:NextStepPathway,reactome:Pathway1544,5.540562423334833
reactome:Pathway2668,abstraction:NextStepPathway,reactome:Pathway1777,5.1140439060288365
reactome:Pathway1779,abstraction:NextStepPathway,reactome:Pathway247,4.494363877350764
reactome:Pathway1521,abstraction:NextStepPathway,reactome:Pathway1537,4.6149535384812665
reactome:Pathway1225,abstraction:NextStepPathway,reactome:Pathway493,3.6956319910188373
reactome:Pathway1234,abstraction:NextStepPathway,reactome:Pathway1531,5.25714474966951
reactome:Pathway2383,abstraction:NextStepPathway,reactome:Pathway2397,4.386763719099433
reactome:Pathway1173,abstraction:NextStepPathway,reactome:Pathway1184,5.918743572494529
reactome:Pathway1831,abstraction:NextStepPathway,reactome:Pathway1833,4.314286990410633
reactome:Pathway1812,abstraction:NextStepPathway,reactome:Pathway1801,3.6882617734018277
reactome:Pathway2541,abstraction:NextStepPathway,reactome:Pathway2036,4.256088751167645
reactome:Pathway62,abstraction:NextStepPathway,reactome:Pathway2719,5.1771020419959735
reactome:Pathway2209,abstraction:NextStepPathway,reactome:Pathway2028,4.761823312439485
reactome:Pathway1555,abstraction:NextStepPathway,reactome:Pathway1549,4.210050701965088
reactome:Pathway2165,abstraction:NextStepPathway,reactome:Pathway2163,5.466758448751472
reactome:Pathway2594,abstraction:NextStepPathway,reactome:Pathway2539,6.08749305174294
reactome:Pathway1931,abstraction:NextStepPathway,reactome:Pathway1932,4.374755569471036
reactome:Pathway1627,abstraction:NextStepPathway,reactome:Pathway1619,4.0657507275504345
reactome:Pathway422,abstraction:NextStepPathway,reactome:Pathway424,4.195533417416368
reactome:Pathway493,abstraction:NextStepPathway,reactome:Pathway1588,4.027541686177239
reactome:Pathway248,abstraction:NextStepPathway,reactome:Pathway250,3.7959986454430528
reactome:Pathway1750,abstraction:NextStepPathway,reactome:Pathway1642,3.884565811294539
reactome:Pathway485,abstraction:NextStepPathway,reactome:Pathway509,4.386763719099433
reactome:Pathway1532,abstraction:NextStepPathway,reactome:Pathway1977,5.2798361608715805
reactome:Pathway2349,abstraction:NextStepPathway,reactome:Pathway2348,5.950291930229455
reactome:Pathway1917,abstraction:NextStepPathway,reactome:Pathway1921,3.73962533938914
reactome:Pathway2216,abstraction:NextStepPathway,reactome:Pathway2027,5.2287068143489766
reactome:Pathway2744,abstraction:NextStepPathway,reactome:Pathway1669,5.046904603191208
reactome:Pathway395,abstraction:NextStepPathway,reactome:Pathway1761,3.0840698411762064
reactome:Pathway286,abstraction:NextStepPathway,reactome:Pathway2211,3.801964360377049
reactome:Pathway2398,abstraction:NextStepPathway,reactome:Pathway2423,3.623014224645038
reactome:Pathway134,abstraction:NextStepPathway,reactome:Pathway1393,4.717881190582986
reactome:Pathway319,abstraction:NextStepPathway,reactome:Pathway317,4.572042664794396
reactome:Pathway351,abstraction:NextStepPathway,reactome:Pathway350,5.553410565812682
reactome:Pathway1699,abstraction:NextStepPathway,reactome:Pathway2705,6.263949489084497
reactome:Pathway269,abstraction:NextStepPathway,reactome:Pathway2236,4.135300159508132
reactome:Pathway2051,abstraction:NextStepPathway,reactome:Pathway2052,5.7478745094323624
reactome:Pathway1908,abstraction:NextStepPathway,reactome:Pathway1925,4.045509072598005
reactome:Pathway2068,abstraction:NextStepPathway,reactome:Pathway2061,5.575197919997589
reactome:Pathway1322,abstraction:NextStepPathway,reactome:Pathway1412,5.013695932194555
reactome:Pathway2398,abstraction:NextStepPathway,reactome:Pathway2418,2.7399136458716953
reactome:Pathway1431,abstraction:NextStepPathway,reactome:Pathway1619,3.4542297862696696
reactome:Pathway2068,abstraction:NextStepPathway,reactome:Pathway2196,4.71601377640819
reactome:Pathway2068,abstraction:NextStepPathway,reactome:Pathway1861,5.638855771769567
reactome:Pathway49,abstraction:NextStepPathway,reactome:Pathway2626,4.708578797920672
reactome:Pathway247,abstraction:NextStepPathway,reactome:Pathway2683,4.144739138869064
reactome:Pathway1606,abstraction:NextStepPathway,reactome:Pathway2380,3.1543404348411874
reactome:Pathway1730,abstraction:NextStepPathway,reactome:Pathway1731,4.462008113711322
reactome:Pathway1544,abstraction:NextStepPathway,reactome:Pathway1588,4.562396287742591
reactome:Pathway2383,abstraction:NextStepPathway,reactome:Pathway248,4.253735808905618
reactome:Pathway2658,abstraction:NextStepPathway,reactome:Pathway2660,2.6931820721104183
reactome:Pathway51,abstraction:NextStepPathway,reactome:Pathway52,6.939704926932573
reactome:Pathway2475,abstraction:NextStepPathway,reactome:Pathway2478,4.485435246606462
reactome:Pathway1533,abstraction:NextStepPathway,reactome:Pathway436,4.777571669407624
reactome:Pathway1908,abstraction:NextStepPathway,reactome:Pathway1903,4.116685351065899
reactome:Pathway2681,abstraction:NextStepPathway,reactome:Pathway2684,6.992814752246521
reactome:Pathway2196,abstraction:NextStepPathway,reactome:Pathway1861,4.425072096879372
reactome:Pathway1091,abstraction:NextStepPathway,reactome:Pathway1092,4.457675976972188
reactome:Pathway2480,abstraction:NextStepPathway,reactome:Pathway2481,4.616641302594987
reactome:Pathway478,abstraction:NextStepPathway,reactome:Pathway1234,4.98643278143619
reactome:Pathway1851,abstraction:NextStepPathway,reactome:Pathway1233,4.401638908864477
reactome:Pathway2079,abstraction:NextStepPathway,reactome:Pathway2083,4.596573739544177
reactome:Pathway1773,abstraction:NextStepPathway,reactome:Pathway1774,4.1746879012236855
reactome:Pathway1533,abstraction:NextStepPathway,reactome:Pathway1531,5.330267014498473
reactome:Pathway1429,abstraction:NextStepPathway,reactome:Pathway1856,4.39620411287852
reactome:Pathway2361,abstraction:NextStepPathway,reactome:Pathway2404,5.340665721719371
reactome:Pathway524,abstraction:NextStepPathway,reactome:Pathway132,4.95514262344298
reactome:Pathway1429,abstraction:NextStepPathway,reactome:Pathway1754,5.2733001898917955
reactome:Pathway1555,abstraction:NextStepPathway,reactome:Pathway2591,4.473653077908202
reactome:Pathway172,abstraction:NextStepPathway,reactome:Pathway132,4.52317557458931
reactome:Pathway509,abstraction:NextStepPathway,reactome:Pathway463,3.7594982432235264
reactome:Pathway1631,abstraction:NextStepPathway,reactome:Pathway1566,4.084424488847678
reactome:Pathway2801,abstraction:NextStepPathway,reactome:Pathway2804,7.864653721549843
reactome:Pathway1850,abstraction:NextStepPathway,reactome:Pathway1225,3.4123307174855655
reactome:Pathway2313,abstraction:NextStepPathway,reactome:Pathway2314,4.962277017556855
reactome:Pathway1477,abstraction:NextStepPathway,reactome:Pathway250,3.931124510900733
reactome:Pathway2641,abstraction:NextStepPathway,reactome:Pathway2642,6.446271045878452
reactome:Pathway491,abstraction:NextStepPathway,reactome:Pathway1538,4.270323866989517
reactome:Pathway1526,abstraction:NextStepPathway,reactome:Pathway179,4.673998464323893
reactome:Pathway1233,abstraction:NextStepPathway,reactome:Pathway2211,3.969290461362872
reactome:Pathway1477,abstraction:NextStepPathway,reactome:Pathway2590,4.945708591209622
reactome:Pathway2032,abstraction:NextStepPathway,reactome:Pathway2033,6.511511567746853
reactome:Pathway2073,abstraction:NextStepPathway,reactome:Pathway2074,3.4632508079128224
reactome:Pathway2721,abstraction:NextStepPathway,reactome:Pathway2772,4.115661285436209
reactome:Pathway1234,abstraction:NextStepPathway,reactome:Pathway1233,4.498858266938603
reactome:Pathway250,abstraction:NextStepPathway,reactome:Pathway247,3.7173867578733994
reactome:Pathway482,abstraction:NextStepPathway,reactome:Pathway179,5.2635756399998
reactome:Pathway1412,abstraction:NextStepPathway,reactome:Pathway1378,4.811883814396403
reactome:Pathway1835,abstraction:NextStepPathway,reactome:Pathway1845,6.080167011650867
reactome:Pathway252,abstraction:NextStepPathway,reactome:Pathway271,3.4712786808367415
reactome:Pathway1234,abstraction:NextStepPathway,reactome:Pathway1609,5.049505384891265
reactome:Pathway1382,abstraction:NextStepPathway,reactome:Pathway2749,4.227067561823457
reactome:Pathway144,abstraction:NextStepPathway,reactome:Pathway1444,4.5998904921701715
reactome:Pathway100,abstraction:NextStepPathway,reactome:Pathway102,4.917929027102546
reactome:Pathway2204,abstraction:NextStepPathway,reactome:Pathway134,6.2727601187666515
reactome:Pathway2673,abstraction:NextStepPathway,reactome:Pathway2682,7.193485447708673
reactome:Pathway2462,abstraction:NextStepPathway,reactome:Pathway2463,4.154268062214943
reactome:Pathway1494,abstraction:NextStepPathway,reactome:Pathway1538,4.567207844739813
reactome:Pathway2640,abstraction:NextStepPathway,reactome:Pathway2643,5.180065007126631
reactome:Pathway2691,abstraction:NextStepPathway,reactome:Pathway2695,5.686941958437205
reactome:Pathway1521,abstraction:NextStepPathway,reactome:Pathway1607,4.25491158799463
reactome:Pathway2313,abstraction:NextStepPathway,reactome:Pathway1209,5.2798361608715805
reactome:Pathway256,abstraction:NextStepPathway,reactome:Pathway262,4.062833856255311
reactome:Pathway405,abstraction:NextStepPathway,reactome:Pathway1491,4.35635820433132
reactome:Pathway2219,abstraction:NextStepPathway,reactome:Pathway2220,4.890900354714627
reactome:Pathway2328,abstraction:NextStepPathway,reactome:Pathway2324,6.4050280873444025
reactome:Pathway2397,abstraction:NextStepPathway,reactome:Pathway2435,4.902073655312752
reactome:Pathway267,abstraction:NextStepPathway,reactome:Pathway436,4.326849969711339
reactome:Pathway2060,abstraction:NextStepPathway,reactome:Pathway1851,4.759872092308223
reactome:Pathway2204,abstraction:NextStepPathway,reactome:Pathway1532,6.467548444325736
reactome:Pathway13,abstraction:NextStepPathway,reactome:Pathway14,5.016211656791802
reactome:Pathway1400,abstraction:NextStepPathway,reactome:Pathway1631,4.185605040219034
reactome:Pathway493,abstraction:NextStepPathway,reactome:Pathway1541,4.485435246606462
reactome:Pathway2284,abstraction:NextStepPathway,reactome:Pathway2301,5.111269979146112
reactome:Pathway1544,abstraction:NextStepPathway,reactome:Pathway1861,5.566425933924752
reactome:Pathway248,abstraction:NextStepPathway,reactome:Pathway2545,4.44336958132095
reactome:Pathway1544,abstraction:NextStepPathway,reactome:Pathway2196,4.686599891201897
reactome:Pathway1477,abstraction:NextStepPathway,reactome:Pathway1187,4.020071996917229
reactome:Pathway2555,abstraction:NextStepPathway,reactome:Pathway2558,4.606557183528361
reactome:Pathway1168,abstraction:NextStepPathway,reactome:Pathway1170,3.1200997365074152
reactome:Pathway2756,abstraction:NextStepPathway,reactome:Pathway2763,4.2213630397938156
reactome:Pathway1484,abstraction:NextStepPathway,reactome:Pathway1485,5.969710016086557
reactome:Pathway2759,abstraction:NextStepPathway,reactome:Pathway2751,4.879850518528042
reactome:Pathway2302,abstraction:NextStepPathway,reactome:Pathway2285,5.566425933924752
reactome:Pathway1473,abstraction:NextStepPathway,reactome:Pathway454,4.2202260300067405
reactome:Pathway1526,abstraction:NextStepPathway,reactome:Pathway1588,4.210050701965088
reactome:Pathway1631,abstraction:NextStepPathway,reactome:Pathway2555,3.857320536317372
reactome:Pathway1503,abstraction:NextStepPathway,reactome:Pathway1520,4.717881190582986
reactome:Pathway1642,abstraction:NextStepPathway,reactome:Pathway1851,4.601553002943785
reactome:Pathway1722,abstraction:NextStepPathway,reactome:Pathway1908,4.73294738893763
reactome:Pathway1862,abstraction:NextStepPathway,reactome:Pathway1857,4.117710466481145
reactome:Pathway2398,abstraction:NextStepPathway,reactome:Pathway2411,3.381896839602297
reactome:Pathway503,abstraction:NextStepPathway,reactome:Pathway507,4.365514579617306
reactome:Pathway99,abstraction:NextStepPathway,reactome:Pathway98,5.133679880545696
reactome:Pathway1857,abstraction:NextStepPathway,reactome:Pathway1741,3.963999443728456
reactome:Pathway211,abstraction:NextStepPathway,reactome:Pathway212,6.723481818462937
reactome:Pathway1896,abstraction:NextStepPathway,reactome:Pathway1777,3.7559204218756426
reactome:Pathway2244,abstraction:NextStepPathway,reactome:Pathway2258,4.748244054313104
reactome:Pathway1780,abstraction:NextStepPathway,reactome:Pathway1783,6.346187587321469
reactome:Pathway184,abstraction:NextStepPathway,reactome:Pathway1393,4.088400637227318
reactome:Pathway256,abstraction:NextStepPathway,reactome:Pathway255,3.4027516172661976
reactome:Pathway1775,abstraction:NextStepPathway,reactome:Pathway1824,4.929410209476503
reactome:Pathway524,abstraction:NextStepPathway,reactome:Pathway172,4.294508842618989
reactome:Pathway2235,abstraction:NextStepPathway,reactome:Pathway292,4.611586531933362
reactome:Pathway1538,abstraction:NextStepPathway,reactome:Pathway1546,4.388106902645901
reactome:Pathway2500,abstraction:NextStepPathway,reactome:Pathway2556,2.617172088182563
reactome:Pathway2668,abstraction:NextStepPathway,reactome:Pathway727,5.289720920104123
reactome:Pathway1607,abstraction:NextStepPathway,reactome:Pathway2211,3.8284911147104776
reactome:Pathway1520,abstraction:NextStepPathway,reactome:Pathway1522,3.5362113330100673
reactome:Pathway421,abstraction:NextStepPathway,reactome:Pathway424,4.0117347554794005
reactome:Pathway1670,abstraction:NextStepPathway,reactome:Pathway2366,4.75017269521951
reactome:Pathway286,abstraction:NextStepPathway,reactome:Pathway1588,3.899296028534942
reactome:Pathway1533,abstraction:NextStepPathway,reactome:Pathway1609,5.119614951078292
reactome:Pathway2220,abstraction:NextStepPathway,reactome:Pathway2222,3.3873169070716362
reactome:Pathway46,abstraction:NextStepPathway,reactome:Pathway42,5.0866449318407225
reactome:Pathway1600,abstraction:NextStepPathway,reactome:Pathway1597,4.625123117650896
reactome:Pathway1722,abstraction:NextStepPathway,reactome:Pathway1925,4.388106902645901
reactome:Pathway372,abstraction:NextStepPathway,reactome:Pathway2810,4.638845459905997
reactome:Pathway1138,abstraction:NextStepPathway,reactome:Pathway1140,5.210187766581739
reactome:Pathway2221,abstraction:NextStepPathway,reactome:Pathway2219,4.666868309339302
reactome:Pathway2397,abstraction:NextStepPathway,reactome:Pathway2415,4.439117271582419
reactome:Pathway1320,abstraction:NextStepPathway,reactome:Pathway1325,3.5989166730659776
reactome:Pathway2094,abstraction:NextStepPathway,reactome:Pathway2095,6.511511567746853
reactome:Pathway1091,abstraction:NextStepPathway,reactome:Pathway1094,4.483954861436028
reactome:Pathway365,abstraction:NextStepPathway,reactome:Pathway366,6.511511567746853
reactome:Pathway306,abstraction:NextStepPathway,reactome:Pathway305,3.0969211287482588
reactome:Pathway2203,abstraction:NextStepPathway,reactome:Pathway1522,3.781238229859932
reactome:Pathway1826,abstraction:NextStepPathway,reactome:Pathway267,4.401638908864477
reactome:Pathway1669,abstraction:NextStepPathway,reactome:Pathway1850,3.871651991798956
reactome:Pathway1694,abstraction:NextStepPathway,reactome:Pathway1696,3.7863796293603507
reactome:Pathway1427,abstraction:NextStepPathway,reactome:Pathway1676,3.0187563558989225
reactome:Pathway694,abstraction:NextStepPathway,reactome:Pathway693,5.145076015276565
reactome:Pathway101,abstraction:NextStepPathway,reactome:Pathway2308,5.4588843923205665
reactome:Pathway1722,abstraction:NextStepPathway,reactome:Pathway1903,4.49137880050731
reactome:Pathway2222,abstraction:NextStepPathway,reactome:Pathway2541,3.163778176933868
reactome:Pathway506,abstraction:NextStepPathway,reactome:Pathway1276,4.67937964322841
reactome:Pathway1428,abstraction:NextStepPathway,reactome:Pathway1735,4.294508842618989
reactome:Pathway1811,abstraction:NextStepPathway,reactome:Pathway1801,3.350455313767478
reactome:Pathway1192,abstraction:NextStepPathway,reactome:Pathway1188,2.9752857871925813
reactome:Pathway266,abstraction:NextStepPathway,reactome:Pathway253,4.598230740751807
reactome:Pathway2549,abstraction:NextStepPathway,reactome:Pathway2366,5.60198523596124
reactome:Pathway1842,abstraction:NextStepPathway,reactome:Pathway1839,5.435627530156299
reactome:Pathway438,abstraction:NextStepPathway,reactome:Pathway444,4.719752098518797
reactome:Pathway485,abstraction:NextStepPathway,reactome:Pathway493,4.559201396846071
reactome:Pathway1589,abstraction:NextStepPathway,reactome:Pathway2539,4.78954786045434
reactome:Pathway1875,abstraction:NextStepPathway,reactome:Pathway1896,3.633702789151393
reactome:Pathway306,abstraction:NextStepPathway,reactome:Pathway307,3.0225228386943996
reactome:Pathway88,abstraction:NextStepPathway,reactome:Pathway394,3.61802357174148
reactome:Pathway2094,abstraction:NextStepPathway,reactome:Pathway2222,3.4179187432025313
reactome:Pathway490,abstraction:NextStepPathway,reactome:Pathway1545,5.6156528746899035
reactome:Pathway1856,abstraction:NextStepPathway,reactome:Pathway1642,4.331919689061589
reactome:Pathway2227,abstraction:NextStepPathway,reactome:Pathway1972,4.710432366569995
reactome:Pathway2394,abstraction:NextStepPathway,reactome:Pathway2354,2.621527395926695
reactome:Pathway1531,abstraction:NextStepPathway,reactome:Pathway2600,5.763705974649043
reactome:Pathway2122,abstraction:NextStepPathway,reactome:Pathway2131,5.982868100664068
reactome:Pathway1851,abstraction:NextStepPathway,reactome:Pathway172,4.2213630397938156
reactome:Pathway438,abstraction:NextStepPathway,reactome:Pathway441,4.884255811995958
reactome:Pathway114,abstraction:NextStepPathway,reactome:Pathway2541,4.4884026078342645
reactome:Pathway1789,abstraction:NextStepPathway,reactome:Pathway1779,5.498889726934265
reactome:Pathway2113,abstraction:NextStepPathway,reactome:Pathway2117,5.390676142294033
reactome:Pathway1931,abstraction:NextStepPathway,reactome:Pathway1621,4.106491582876357
reactome:Pathway1619,abstraction:NextStepPathway,reactome:Pathway247,3.611201839860555
reactome:Pathway2532,abstraction:NextStepPathway,reactome:Pathway2533,4.673998464323893
reactome:Pathway1233,abstraction:NextStepPathway,reactome:Pathway1588,4.096400679894394
reactome:Pathway1731,abstraction:NextStepPathway,reactome:Pathway1851,4.5063940976273065
reactome:Pathway2200,abstraction:NextStepPathway,reactome:Pathway2196,4.554428118093414
reactome:Pathway1412,abstraction:NextStepPathway,reactome:Pathway1379,4.950414482247035
reactome:Pathway2200,abstraction:NextStepPathway,reactome:Pathway2198,5.519509014137001
reactome:Pathway1861,abstraction:NextStepPathway,reactome:Pathway179,4.868921447995851
reactome:Pathway1416,abstraction:NextStepPathway,reactome:Pathway1418,7.029856023926871
reactome:Pathway2320,abstraction:NextStepPathway,reactome:Pathway2340,4.922505694129958
reactome:Pathway1521,abstraction:NextStepPathway,reactome:Pathway1522,3.665818587178456
reactome:Pathway2267,abstraction:NextStepPathway,reactome:Pathway1607,4.224781846542601
reactome:Pathway1483,abstraction:NextStepPathway,reactome:Pathway1484,5.931243735258761
reactome:Pathway2332,abstraction:NextStepPathway,reactome:Pathway2352,5.996201631533533
reactome:Pathway1629,abstraction:NextStepPathway,reactome:Pathway1850,3.6842644329692074
reactome:Pathway2028,abstraction:NextStepPathway,reactome:Pathway2035,5.0679027500309815
reactome:Pathway1977,abstraction:NextStepPathway,reactome:Pathway1522,3.67565795813046
reactome:Pathway123,abstraction:NextStepPathway,reactome:Pathway125,6.030334637902992
reactome:Pathway1962,abstraction:NextStepPathway,reactome:Pathway2012,5.474694998347209
reactome:Pathway2209,abstraction:NextStepPathway,reactome:Pathway2112,5.026338325609731
reactome:Pathway35,abstraction:NextStepPathway,reactome:Pathway37,2.1036967301237643
reactome:Pathway1689,abstraction:NextStepPathway,reactome:Pathway1669,4.929410209476503
reactome:Pathway2079,abstraction:NextStepPathway,reactome:Pathway2085,4.652758727822982
reactome:Pathway1198,abstraction:NextStepPathway,reactome:Pathway1209,6.0585055148696885
reactome:Pathway499,abstraction:NextStepPathway,reactome:Pathway524,5.07589214006446
reactome:Pathway1538,abstraction:NextStepPathway,reactome:Pathway1543,4.565601418691539
reactome:Pathway1861,abstraction:NextStepPathway,reactome:Pathway1428,4.242053433051262
reactome:Pathway2175,abstraction:NextStepPathway,reactome:Pathway1496,6.023414195058418
reactome:Pathway1714,abstraction:NextStepPathway,reactome:Pathway1715,5.023797028181058
reactome:Pathway1908,abstraction:NextStepPathway,reactome:Pathway1601,4.1801315728048625
reactome:Pathway2278,abstraction:NextStepPathway,reactome:Pathway2279,5.950291930229455
reactome:Pathway489,abstraction:NextStepPathway,reactome:Pathway1588,4.392147312182906
reactome:Pathway1619,abstraction:NextStepPathway,reactome:Pathway1626,4.035067591877586
reactome:Pathway1961,abstraction:NextStepPathway,reactome:Pathway2027,5.398029116599291
reactome:Pathway1433,abstraction:NextStepPathway,reactome:Pathway1442,4.673998464323893
reactome:Pathway1554,abstraction:NextStepPathway,reactome:Pathway257,4.879850518528042
reactome:Pathway2204,abstraction:NextStepPathway,reactome:Pathway1767,6.155960851020401
reactome:Pathway2164,abstraction:NextStepPathway,reactome:Pathway2165,5.507086494138444
reactome:Pathway2593,abstraction:NextStepPathway,reactome:Pathway2383,4.998733059517842
reactome:Pathway1456,abstraction:NextStepPathway,reactome:Pathway1457,6.299667571686576
reactome:Pathway179,abstraction:NextStepPathway,reactome:Pathway286,4.217955881472201
reactome:Pathway2603,abstraction:NextStepPathway,reactome:Pathway2600,5.682027943634776
reactome:Pathway462,abstraction:NextStepPathway,reactome:Pathway2275,4.981554722982758
reactome:Pathway1750,abstraction:NextStepPathway,reactome:Pathway130,3.8525886662895386
reactome:Pathway1368,abstraction:NextStepPathway,reactome:Pathway1359,4.924801906390308
reactome:Pathway2810,abstraction:NextStepPathway,reactome:Pathway2819,4.405734477729214
reactome:Pathway1915,abstraction:NextStepPathway,reactome:Pathway1923,3.397247475274237
reactome:Pathway2073,abstraction:NextStepPathway,reactome:Pathway444,4.175774267435906
reactome:Pathway395,abstraction:NextStepPathway,reactome:Pathway1764,3.1602285774664103
reactome:Pathway2541,abstraction:NextStepPathway,reactome:Pathway2228,4.44336958132095
reactome:Pathway2142,abstraction:NextStepPathway,reactome:Pathway2560,6.037303307219085
reactome:Pathway1233,abstraction:NextStepPathway,reactome:Pathway1861,4.616641302594987
reactome:Pathway2380,abstraction:NextStepPathway,reactome:Pathway2383,4.6319607511285
reactome:Pathway2313,abstraction:NextStepPathway,reactome:Pathway1979,4.5639975691095644
reactome:Pathway1885,abstraction:NextStepPathway,reactome:Pathway1886,4.330649847621113
reactome:Pathway1973,abstraction:NextStepPathway,reactome:Pathway2337,5.105745103214142
reactome:Pathway256,abstraction:NextStepPathway,reactome:Pathway259,4.420896725468891
reactome:Pathway287,abstraction:NextStepPathway,reactome:Pathway524,4.311793223532231
reactome:Pathway1349,abstraction:NextStepPathway,reactome:Pathway1368,4.924801906390308
reactome:Pathway2220,abstraction:NextStepPathway,reactome:Pathway2350,5.5929761660188735
reactome:Pathway2346,abstraction:NextStepPathway,reactome:Pathway2012,5.575197919997589
reactome:Pathway1904,abstraction:NextStepPathway,reactome:Pathway1906,5.00121137553231
reactome:Pathway2617,abstraction:NextStepPathway,reactome:Pathway1103,3.0055156260471665
reactome:Pathway2336,abstraction:NextStepPathway,reactome:Pathway2352,6.489288430962143
reactome:Pathway2414,abstraction:NextStepPathway,reactome:Pathway2415,5.171202319868785
reactome:Pathway2443,abstraction:NextStepPathway,reactome:Pathway2445,4.864583046397254
reactome:Pathway1903,abstraction:NextStepPathway,reactome:Pathway1907,4.565601418691539
reactome:Pathway2267,abstraction:NextStepPathway,reactome:Pathway2211,4.0706311667153425
reactome:Pathway2554,abstraction:NextStepPathway,reactome:Pathway2358,5.575197919997589
reactome:Pathway2555,abstraction:NextStepPathway,reactome:Pathway1632,4.7875418417274735
reactome:Pathway1225,abstraction:NextStepPathway,reactome:Pathway1427,2.8545983056954087
reactome:Pathway1850,abstraction:NextStepPathway,reactome:Pathway1669,3.871651991798956
reactome:Pathway2208,abstraction:NextStepPathway,reactome:Pathway2209,5.490759600851015
reactome:Pathway1305,abstraction:NextStepPathway,reactome:Pathway1914,3.87728127887991
reactome:Pathway1321,abstraction:NextStepPathway,reactome:Pathway1642,5.2635756399998
reactome:Pathway1568,abstraction:NextStepPathway,reactome:Pathway1581,5.812762131638237
reactome:Pathway1779,abstraction:NextStepPathway,reactome:Pathway1783,6.656342515625308
reactome:Pathway436,abstraction:NextStepPathway,reactome:Pathway253,4.427865394784985
reactome:Pathway134,abstraction:NextStepPathway,reactome:Pathway2204,6.2727601187666515
reactome:Pathway1914,abstraction:NextStepPathway,reactome:Pathway1906,4.392147312182906
reactome:Pathway2028,abstraction:NextStepPathway,reactome:Pathway2030,5.083945874871557
reactome:Pathway340,abstraction:NextStepPathway,reactome:Pathway349,3.4022499869572087
reactome:Pathway2365,abstraction:NextStepPathway,reactome:Pathway248,4.002551954497066
reactome:Pathway1854,abstraction:NextStepPathway,reactome:Pathway1858,3.658016206894271
reactome:Pathway252,abstraction:NextStepPathway,reactome:Pathway275,5.3064157986762925
reactome:Pathway347,abstraction:NextStepPathway,reactome:Pathway2147,4.485435246606462
reactome:Pathway2204,abstraction:NextStepPathway,reactome:Pathway2205,6.581307329682394
reactome:Pathway2582,abstraction:NextStepPathway,reactome:Pathway2583,4.13321465301711
reactome:Pathway2114,abstraction:NextStepPathway,reactome:Pathway2115,5.716944208741004
reactome:Pathway1509,abstraction:NextStepPathway,reactome:Pathway489,5.48671919131401
reactome:Pathway1428,abstraction:NextStepPathway,reactome:Pathway1632,4.376082709679099
reactome:Pathway1593,abstraction:NextStepPathway,reactome:Pathway2584,4.2490464685422324
reactome:Pathway2017,abstraction:NextStepPathway,reactome:Pathway2150,4.527801642978091
reactome:Pathway2466,abstraction:NextStepPathway,reactome:Pathway2480,4.0974052003204
reactome:Pathway1234,abstraction:NextStepPathway,reactome:Pathway2109,4.875464546584787
reactome:Pathway2503,abstraction:NextStepPathway,reactome:Pathway2506,3.330185942005415
reactome:Pathway1353,abstraction:NextStepPathway,reactome:Pathway1356,5.835361963555478
reactome:Pathway1856,abstraction:NextStepPathway,reactome:Pathway1429,4.39620411287852
reactome:Pathway2081,abstraction:NextStepPathway,reactome:Pathway2324,5.052112948298347
reactome:Pathway1766,abstraction:NextStepPathway,reactome:Pathway1928,4.136344546026038
reactome:Pathway1856,abstraction:NextStepPathway,reactome:Pathway1750,3.6736823236386704
reactome:Pathway2073,abstraction:NextStepPathway,reactome:Pathway2154,3.6248921594692383
reactome:Pathway2548,abstraction:NextStepPathway,reactome:Pathway2610,5.054727328872417
reactome:Pathway1537,abstraction:NextStepPathway,reactome:Pathway1234,4.618331920072894
reactome:Pathway388,abstraction:NextStepPathway,reactome:Pathway1478,3.92603112128163
reactome:Pathway2629,abstraction:NextStepPathway,reactome:Pathway76,3.394755572664058
reactome:Pathway2384,abstraction:NextStepPathway,reactome:Pathway1688,5.201055283018467
reactome:Pathway1824,abstraction:NextStepPathway,reactome:Pathway1797,5.059976684758561
reactome:Pathway309,abstraction:NextStepPathway,reactome:Pathway310,2.99879291165229
reactome:Pathway1973,abstraction:NextStepPathway,reactome:Pathway347,5.2798361608715805
reactome:Pathway2294,abstraction:NextStepPathway,reactome:Pathway2293,6.171834200176691
reactome:Pathway2557,abstraction:NextStepPathway,reactome:Pathway2548,5.379747071761843
reactome:Pathway1541,abstraction:NextStepPathway,reactome:Pathway1546,5.039142597855719
reactome:Pathway1807,abstraction:NextStepPathway,reactome:Pathway2692,4.752105062970563
reactome:Pathway2569,abstraction:NextStepPathway,reactome:Pathway2574,5.02126217257787
reactome:Pathway350,abstraction:NextStepPathway,reactome:Pathway352,3.6875944393763946
reactome:Pathway1526,abstraction:NextStepPathway,reactome:Pathway1752,4.554428118093414
reactome:Pathway1834,abstraction:NextStepPathway,reactome:Pathway1796,4.845289843462575
reactome:Pathway1575,abstraction:NextStepPathway,reactome:Pathway2729,4.4071034033365555
reactome:Pathway268,abstraction:NextStepPathway,reactome:Pathway267,4.6704270319562955
reactome:Pathway482,abstraction:NextStepPathway,reactome:Pathway1752,5.065253741859404
reactome:Pathway439,abstraction:NextStepPathway,reactome:Pathway2074,3.7071302577062104
reactome:Pathway1500,abstraction:NextStepPathway,reactome:Pathway1234,5.00121137553231
reactome:Pathway524,abstraction:NextStepPathway,reactome:Pathway1534,5.222495614256336
reactome:Pathway1506,abstraction:NextStepPathway,reactome:Pathway1520,4.673998464323893
reactome:Pathway172,abstraction:NextStepPathway,reactome:Pathway1534,4.692049495969462
reactome:Pathway1428,abstraction:NextStepPathway,reactome:Pathway1442,4.355056967973348
reactome:Pathway2397,abstraction:NextStepPathway,reactome:Pathway2411,4.242053433051262
reactome:Pathway2179,abstraction:NextStepPathway,reactome:Pathway2187,5.065253741859404
reactome:Pathway2028,abstraction:NextStepPathway,reactome:Pathway2215,4.301879883363579
reactome:Pathway1429,abstraction:NextStepPathway,reactome:Pathway179,4.866749894482344
reactome:Pathway1324,abstraction:NextStepPathway,reactome:Pathway1631,3.971946505420988
reactome:Pathway1428,abstraction:NextStepPathway,reactome:Pathway2391,4.0994172734338195
reactome:Pathway478,abstraction:NextStepPathway,reactome:Pathway2203,5.511210211322306
reactome:Pathway1529,abstraction:NextStepPathway,reactome:Pathway1669,4.938691018550975
reactome:Pathway1688,abstraction:NextStepPathway,reactome:Pathway2384,5.201055283018467
reactome:Pathway2445,abstraction:NextStepPathway,reactome:Pathway2446,4.167116204692792
reactome:Pathway299,abstraction:NextStepPathway,reactome:Pathway300,4.045509072598005
reactome:Pathway2196,abstraction:NextStepPathway,reactome:Pathway286,3.971946505420988
reactome:Pathway2324,abstraction:NextStepPathway,reactome:Pathway2080,4.948058768554575
reactome:Pathway2318,abstraction:NextStepPathway,reactome:Pathway2159,4.871097727418447
reactome:Pathway2556,abstraction:NextStepPathway,reactome:Pathway2365,4.0550968737531585
reactome:Pathway2358,abstraction:NextStepPathway,reactome:Pathway248,4.433475507675752
reactome:Pathway1189,abstraction:NextStepPathway,reactome:Pathway1190,4.73294738893763
reactome:Pathway372,abstraction:NextStepPathway,reactome:Pathway376,4.500360896823138
reactome:Pathway248,abstraction:NextStepPathway,reactome:Pathway2501,3.017731590651259
reactome:Pathway2045,abstraction:NextStepPathway,reactome:Pathway2047,5.523684385547481
reactome:Pathway493,abstraction:NextStepPathway,reactome:Pathway1526,4.358965767738401
reactome:Pathway1552,abstraction:NextStepPathway,reactome:Pathway1557,5.368936155657627
reactome:Pathway1818,abstraction:NextStepPathway,reactome:Pathway1814,4.6686460875853015
reactome:Pathway1468,abstraction:NextStepPathway,reactome:Pathway1467,4.80574254637432
reactome:Pathway499,abstraction:NextStepPathway,reactome:Pathway1233,4.830537204987537
reactome:Pathway1953,abstraction:NextStepPathway,reactome:Pathway1950,6.489288430962143
reactome:Pathway1429,abstraction:NextStepPathway,reactome:Pathway1428,4.2408926668152995
reactome:Pathway1229,abstraction:NextStepPathway,reactome:Pathway1896,3.6763173712766752
reactome:Pathway1605,abstraction:NextStepPathway,reactome:Pathway2576,3.439026347948755
reactome:Pathway2202,abstraction:NextStepPathway,reactome:Pathway2196,4.34986888889157
reactome:Pathway255,abstraction:NextStepPathway,reactome:Pathway399,2.7930187694076665
reactome:Pathway1856,abstraction:NextStepPathway,reactome:Pathway1857,3.882942434314648
reactome:Pathway2242,abstraction:NextStepPathway,reactome:Pathway2352,5.365358334309743
reactome:Pathway2690,abstraction:NextStepPathway,reactome:Pathway2691,5.801650906213166
reactome:Pathway2198,abstraction:NextStepPathway,reactome:Pathway1861,5.192005447498548
reactome:Pathway2198,abstraction:NextStepPathway,reactome:Pathway2196,4.534003213241373
reactome:Pathway1544,abstraction:NextStepPathway,reactome:Pathway1526,5.207134329094848
reactome:Pathway1575,abstraction:NextStepPathway,reactome:Pathway1577,4.84105254898706
reactome:Pathway262,abstraction:NextStepPathway,reactome:Pathway2541,4.08541704476043
reactome:Pathway1572,abstraction:NextStepPathway,reactome:Pathway1575,4.012657690478002
reactome:Pathway506,abstraction:NextStepPathway,reactome:Pathway1290,4.672211153749798
reactome:Pathway523,abstraction:NextStepPathway,reactome:Pathway524,4.929410209476503
reactome:Pathway2582,abstraction:NextStepPathway,reactome:Pathway2581,3.807965878765747
reactome:Pathway1914,abstraction:NextStepPathway,reactome:Pathway1925,3.89518248920915
reactome:Pathway1904,abstraction:NextStepPathway,reactome:Pathway1903,4.310548668300026
reactome:Pathway1856,abstraction:NextStepPathway,reactome:Pathway1754,4.532449211374638
reactome:Pathway364,abstraction:NextStepPathway,reactome:Pathway367,5.7068431127545
reactome:Pathway2316,abstraction:NextStepPathway,reactome:Pathway1996,4.0331807988650095
reactome:Pathway2549,abstraction:NextStepPathway,reactome:Pathway2399,4.964666504954236
reactome:Pathway1883,abstraction:NextStepPathway,reactome:Pathway2240,3.9050835601918616
reactome:Pathway1103,abstraction:NextStepPathway,reactome:Pathway1102,3.5898008396579684
reactome:Pathway78,abstraction:NextStepPathway,reactome:Pathway73,5.835361963555478
reactome:Pathway1875,abstraction:NextStepPathway,reactome:Pathway1824,4.546522938586301
reactome:Pathway1914,abstraction:NextStepPathway,reactome:Pathway1903,3.96224197403181
reactome:Pathway509,abstraction:NextStepPathway,reactome:Pathway493,4.05029148247822
reactome:Pathway247,abstraction:NextStepPathway,reactome:Pathway246,4.236263028916557
reactome:Pathway1421,abstraction:NextStepPathway,reactome:Pathway1411,4.62682814790198
reactome:Pathway1947,abstraction:NextStepPathway,reactome:Pathway403,5.2040901867136204
reactome:Pathway2386,abstraction:NextStepPathway,reactome:Pathway2605,4.080464087631581
reactome:Pathway256,abstraction:NextStepPathway,reactome:Pathway265,4.238575168674937
reactome:Pathway2222,abstraction:NextStepPathway,reactome:Pathway2227,3.261659814984347
reactome:Pathway493,abstraction:NextStepPathway,reactome:Pathway1225,3.6956319910188373
reactome:Pathway1357,abstraction:NextStepPathway,reactome:Pathway1851,5.013695932194555
reactome:Pathway46,abstraction:NextStepPathway,reactome:Pathway2626,4.585050978307397
reactome:Pathway287,abstraction:NextStepPathway,reactome:Pathway1233,4.188903558877699
reactome:Pathway2626,abstraction:NextStepPathway,reactome:Pathway37,3.815518784761678
reactome:Pathway1910,abstraction:NextStepPathway,reactome:Pathway1880,4.181223872203471
reactome:Pathway198,abstraction:NextStepPathway,reactome:Pathway197,3.9379563051924364
reactome:Pathway2541,abstraction:NextStepPathway,reactome:Pathway466,3.1438283660724045
reactome:Pathway2275,abstraction:NextStepPathway,reactome:Pathway462,4.981554722982758
reactome:Pathway2619,abstraction:NextStepPathway,reactome:Pathway2617,2.8220704736293856
reactome:Pathway1325,abstraction:NextStepPathway,reactome:Pathway1907,4.126984103266474
reactome:Pathway2266,abstraction:NextStepPathway,reactome:Pathway2104,6.009715350700256
reactome:Pathway1532,abstraction:NextStepPathway,reactome:Pathway2030,6.237974002681236
reactome:Pathway524,abstraction:NextStepPathway,reactome:Pathway1754,5.003695848859971
reactome:Pathway253,abstraction:NextStepPathway,reactome:Pathway184,4.083432917125384
reactome:Pathway1850,abstraction:NextStepPathway,reactome:Pathway1676,3.711903536458868
reactome:Pathway1883,abstraction:NextStepPathway,reactome:Pathway1205,3.275701291845455
reactome:Pathway1536,abstraction:NextStepPathway,reactome:Pathway1977,4.957515103796611
reactome:Pathway1473,abstraction:NextStepPathway,reactome:Pathway1480,4.237418430547113
reactome:Pathway2439,abstraction:NextStepPathway,reactome:Pathway2443,3.950893096223156
reactome:Pathway1477,abstraction:NextStepPathway,reactome:Pathway1478,4.4884026078342645
reactome:Pathway372,abstraction:NextStepPathway,reactome:Pathway2500,2.719436861816145
reactome:Pathway2458,abstraction:NextStepPathway,reactome:Pathway2457,4.193318577086816
reactome:Pathway2242,abstraction:NextStepPathway,reactome:Pathway2238,5.02888609768853
reactome:Pathway1390,abstraction:NextStepPathway,reactome:Pathway1609,5.691880240077787
reactome:Pathway2391,abstraction:NextStepPathway,reactome:Pathway2357,4.757924672023827
reactome:Pathway2435,abstraction:NextStepPathway,reactome:Pathway2436,5.696843029419917
reactome:Pathway1763,abstraction:NextStepPathway,reactome:Pathway1757,5.078569517835176
reactome:Pathway2757,abstraction:NextStepPathway,reactome:Pathway2764,4.030357267577402
reactome:Pathway2671,abstraction:NextStepPathway,reactome:Pathway2706,5.092064999310061
reactome:Pathway247,abstraction:NextStepPathway,reactome:Pathway1855,3.7930290812712366
reactome:Pathway300,abstraction:NextStepPathway,reactome:Pathway301,3.692275156715286
reactome:Pathway1840,abstraction:NextStepPathway,reactome:Pathway1845,5.996201631533533
reactome:Pathway1575,abstraction:NextStepPathway,reactome:Pathway2730,5.24440572389208
reactome:Pathway2489,abstraction:NextStepPathway,reactome:Pathway2485,3.5564842543634017
reactome:Pathway1861,abstraction:NextStepPathway,reactome:Pathway1752,4.7253859162370535
reactome:Pathway1950,abstraction:NextStepPathway,reactome:Pathway1953,6.489288430962143
reactome:Pathway2380,abstraction:NextStepPathway,reactome:Pathway2676,5.24440572389208
reactome:Pathway478,abstraction:NextStepPathway,reactome:Pathway1977,5.023797028181058
reactome:Pathway344,abstraction:NextStepPathway,reactome:Pathway2039,5.732289778415664
reactome:Pathway2752,abstraction:NextStepPathway,reactome:Pathway2758,4.686599891201897
reactome:Pathway1939,abstraction:NextStepPathway,reactome:Pathway520,4.386763719099433
reactome:Pathway2216,abstraction:NextStepPathway,reactome:Pathway1603,5.044310568014161
reactome:Pathway2204,abstraction:NextStepPathway,reactome:Pathway1234,5.293037672730117
reactome:Pathway1732,abstraction:NextStepPathway,reactome:Pathway1860,3.580168013817157
reactome:Pathway2365,abstraction:NextStepPathway,reactome:Pathway2676,4.559201396846071
reactome:Pathway45,abstraction:NextStepPathway,reactome:Pathway2626,4.535559633789031
reactome:Pathway2545,abstraction:NextStepPathway,reactome:Pathway1705,5.376130431291654
reactome:Pathway213,abstraction:NextStepPathway,reactome:Pathway214,7.667943427303788
reactome:Pathway2431,abstraction:NextStepPathway,reactome:Pathway2393,5.549109483913292
reactome:Pathway1959,abstraction:NextStepPathway,reactome:Pathway2301,6.3654189492493565
reactome:Pathway1776,abstraction:NextStepPathway,reactome:Pathway1797,5.347658757210342
reactome:Pathway1735,abstraction:NextStepPathway,reactome:Pathway2557,5.390676142294033
reactome:Pathway1642,abstraction:NextStepPathway,reactome:Pathway499,5.1980295621019295
reactome:Pathway2668,abstraction:NextStepPathway,reactome:Pathway2692,4.6562675033526615
reactome:Pathway1199,abstraction:NextStepPathway,reactome:Pathway1202,5.207134329094848
reactome:Pathway1642,abstraction:NextStepPathway,reactome:Pathway1429,4.902073655312752
reactome:Pathway1372,abstraction:NextStepPathway,reactome:Pathway1375,6.500338267148727
reactome:Pathway2361,abstraction:NextStepPathway,reactome:Pathway2548,5.579612938206706
reactome:Pathway2073,abstraction:NextStepPathway,reactome:Pathway439,4.0923926584968555
reactome:Pathway1642,abstraction:NextStepPathway,reactome:Pathway1750,3.884565811294539
reactome:Pathway1503,abstraction:NextStepPathway,reactome:Pathway1234,5.234956834694148
reactome:Pathway1382,abstraction:NextStepPathway,reactome:Pathway1360,4.554428118093414
reactome:Pathway2706,abstraction:NextStepPathway,reactome:Pathway2685,4.998733059517842
reactome:Pathway489,abstraction:NextStepPathway,reactome:Pathway1544,5.876183958075734
reactome:Pathway2472,abstraction:NextStepPathway,reactome:Pathway2476,4.847415242774888
reactome:Pathway1467,abstraction:NextStepPathway,reactome:Pathway1468,4.80574254637432
reactome:Pathway1428,abstraction:NextStepPathway,reactome:Pathway2383,4.098410730822418
reactome:Pathway2598,abstraction:NextStepPathway,reactome:Pathway246,4.871097727418447
reactome:Pathway2556,abstraction:NextStepPathway,reactome:Pathway2560,4.583415654966666
reactome:Pathway2634,abstraction:NextStepPathway,reactome:Pathway2629,3.4574043921104423
reactome:Pathway2035,abstraction:NextStepPathway,reactome:Pathway2027,5.490759600851015
reactome:Pathway372,abstraction:NextStepPathway,reactome:Pathway382,5.435627530156299
reactome:Pathway1385,abstraction:NextStepPathway,reactome:Pathway1634,5.50297971218579
reactome:Pathway499,abstraction:NextStepPathway,reactome:Pathway172,4.603218282262846
reactome:Pathway2101,abstraction:NextStepPathway,reactome:Pathway2097,6.08749305174294
reactome:Pathway257,abstraction:NextStepPathway,reactome:Pathway255,3.6875944393763946
reactome:Pathway1668,abstraction:NextStepPathway,reactome:Pathway1669,5.136516761880896
reactome:Pathway1750,abstraction:NextStepPathway,reactome:Pathway1529,3.925184739512949
reactome:Pathway1750,abstraction:NextStepPathway,reactome:Pathway135,3.9294238302187154
reactome:Pathway1324,abstraction:NextStepPathway,reactome:Pathway1359,4.822203823428392
reactome:Pathway2541,abstraction:NextStepPathway,reactome:Pathway100,4.216822736875033
reactome:Pathway1791,abstraction:NextStepPathway,reactome:Pathway1792,3.627401571074664
reactome:Pathway1588,abstraction:NextStepPathway,reactome:Pathway1545,4.5170405860217935
reactome:Pathway33,abstraction:NextStepPathway,reactome:Pathway36,2.1536509989201544
reactome:Pathway2276,abstraction:NextStepPathway,reactome:Pathway2275,5.379747071761843
reactome:Pathway2735,abstraction:NextStepPathway,reactome:Pathway2731,4.938691018550975
reactome:Pathway2475,abstraction:NextStepPathway,reactome:Pathway2480,4.073570904256267
reactome:Pathway1539,abstraction:NextStepPathway,reactome:Pathway1392,6.255215809115742
reactome:Pathway507,abstraction:NextStepPathway,reactome:Pathway509,3.8455325805653295
reactome:Pathway1631,abstraction:NextStepPathway,reactome:Pathway1634,4.146848844292914
reactome:Pathway1322,abstraction:NextStepPathway,reactome:Pathway1419,6.630700085011971
reactome:Pathway1375,abstraction:NextStepPathway,reactome:Pathway1377,4.6938726505309765
reactome:Pathway2810,abstraction:NextStepPathway,reactome:Pathway2814,4.463456339887688
reactome:Pathway2554,abstraction:NextStepPathway,reactome:Pathway248,4.666868309339302
reactome:Pathway1642,abstraction:NextStepPathway,reactome:Pathway2060,4.979124588129466
reactome:Pathway2589,abstraction:NextStepPathway,reactome:Pathway2595,5.686941958437205
reactome:Pathway1735,abstraction:NextStepPathway,reactome:Pathway2675,5.507086494138444
reactome:Pathway2735,abstraction:NextStepPathway,reactome:Pathway2730,5.527877263807517
reactome:Pathway1619,abstraction:NextStepPathway,reactome:Pathway1369,3.9294238302187154
reactome:Pathway1588,abstraction:NextStepPathway,reactome:Pathway500,4.549677515334817
reactome:Pathway1742,abstraction:NextStepPathway,reactome:Pathway1746,4.845289843462575
reactome:Pathway1428,abstraction:NextStepPathway,reactome:Pathway2267,4.137390024427591
reactome:Pathway2113,abstraction:NextStepPathway,reactome:Pathway2114,5.882154125062237
reactome:Pathway1619,abstraction:NextStepPathway,reactome:Pathway1623,3.8943618079977207
reactome:Pathway454,abstraction:NextStepPathway,reactome:Pathway1473,4.2202260300067405
reactome:Pathway2332,abstraction:NextStepPathway,reactome:Pathway292,4.562396287742591
reactome:Pathway2080,abstraction:NextStepPathway,reactome:Pathway2328,5.083945874871557
reactome:Pathway1503,abstraction:NextStepPathway,reactome:Pathway1538,4.58015300933185
reactome:Pathway1831,abstraction:NextStepPathway,reactome:Pathway1220,4.2847645511443115
reactome:Pathway1382,abstraction:NextStepPathway,reactome:Pathway1539,4.779557767379253
reactome:Pathway1914,abstraction:NextStepPathway,reactome:Pathway1904,4.281134783093733
reactome:Pathway2358,abstraction:NextStepPathway,reactome:Pathway2676,5.527877263807517
reactome:Pathway1732,abstraction:NextStepPathway,reactome:Pathway2060,4.196642679870655
reactome:Pathway2134,abstraction:NextStepPathway,reactome:Pathway1634,4.717881190582986
reactome:Pathway2626,abstraction:NextStepPathway,reactome:Pathway41,4.358965767738401
reactome:Pathway1832,abstraction:NextStepPathway,reactome:Pathway1804,4.154268062214943
reactome:Pathway1320,abstraction:NextStepPathway,reactome:Pathway541,4.316786991712718
reactome:Pathway1626,abstraction:NextStepPathway,reactome:Pathway246,5.186017405653926
reactome:Pathway287,abstraction:NextStepPathway,reactome:Pathway172,4.063805201644943
reactome:Pathway1806,abstraction:NextStepPathway,reactome:Pathway1788,5.401725978480617
reactome:Pathway1233,abstraction:NextStepPathway,reactome:Pathway1526,4.472190019856442
reactome:Pathway2060,abstraction:NextStepPathway,reactome:Pathway1856,4.441950134666723
reactome:Pathway253,abstraction:NextStepPathway,reactome:Pathway2314,4.462008113711322
reactome:Pathway2634,abstraction:NextStepPathway,reactome:Pathway2635,4.888680597976314
reactome:Pathway2128,abstraction:NextStepPathway,reactome:Pathway2114,5.7271483789152455
reactome:Pathway1234,abstraction:NextStepPathway,reactome:Pathway1537,4.618331920072894
reactome:Pathway1669,abstraction:NextStepPathway,reactome:Pathway172,4.3734301882299675
reactome:Pathway1861,abstraction:NextStepPathway,reactome:Pathway1536,5.089351293438465
reactome:Pathway1522,abstraction:NextStepPathway,reactome:Pathway1521,3.665818587178456
reactome:Pathway337,abstraction:NextStepPathway,reactome:Pathway365,6.922610493573273
reactome:Pathway387,abstraction:NextStepPathway,reactome:Pathway388,3.736818320002156
reactome:Pathway361,abstraction:NextStepPathway,reactome:Pathway362,5.7068431127545
reactome:Pathway1087,abstraction:NextStepPathway,reactome:Pathway1085,3.5623528158070603
reactome:Pathway2718,abstraction:NextStepPathway,reactome:Pathway62,5.100250583896501
reactome:Pathway1322,abstraction:NextStepPathway,reactome:Pathway1451,5.90639773667223
reactome:Pathway286,abstraction:NextStepPathway,reactome:Pathway288,4.338293196933681
reactome:Pathway1588,abstraction:NextStepPathway,reactome:Pathway1233,4.096400679894394
reactome:Pathway1925,abstraction:NextStepPathway,reactome:Pathway1601,3.966641453191295
reactome:Pathway1642,abstraction:NextStepPathway,reactome:Pathway1856,4.331919689061589
reactome:Pathway2125,abstraction:NextStepPathway,reactome:Pathway2129,7.068322304754666
reactome:Pathway2373,abstraction:NextStepPathway,reactome:Pathway2439,4.1606714992501495
reactome:Pathway2179,abstraction:NextStepPathway,reactome:Pathway2186,5.174147830098542
reactome:Pathway1710,abstraction:NextStepPathway,reactome:Pathway1709,5.482695041014285
reactome:Pathway2810,abstraction:NextStepPathway,reactome:Pathway2815,4.686599891201897
reactome:Pathway2589,abstraction:NextStepPathway,reactome:Pathway2590,5.451071852583772
reactome:Pathway2591,abstraction:NextStepPathway,reactome:Pathway2789,5.5929761660188735
reactome:Pathway2160,abstraction:NextStepPathway,reactome:Pathway2156,4.482476664566717
reactome:Pathway2383,abstraction:NextStepPathway,reactome:Pathway2548,4.7815478177872635
reactome:Pathway2651,abstraction:NextStepPathway,reactome:Pathway2534,4.573659480021302
reactome:Pathway2125,abstraction:NextStepPathway,reactome:Pathway2127,7.029856023926871
reactome:Pathway1633,abstraction:NextStepPathway,reactome:Pathway1533,5.347658757210342
reactome:Pathway2725,abstraction:NextStepPathway,reactome:Pathway11,4.611586531933362
reactome:Pathway2499,abstraction:NextStepPathway,reactome:Pathway2556,4.441950134666723
reactome:Pathway2068,abstraction:NextStepPathway,reactome:Pathway1851,5.094786089424422
reactome:Pathway1626,abstraction:NextStepPathway,reactome:Pathway1855,4.316786991712718
reactome:Pathway1750,abstraction:NextStepPathway,reactome:Pathway2196,3.6849295477260178
reactome:Pathway1106,abstraction:NextStepPathway,reactome:Pathway1103,4.042650566602041
reactome:Pathway2299,abstraction:NextStepPathway,reactome:Pathway2091,5.6674291442136235
reactome:Pathway1860,abstraction:NextStepPathway,reactome:Pathway1732,3.580168013817157
reactome:Pathway2556,abstraction:NextStepPathway,reactome:Pathway2546,4.467813645256643
reactome:Pathway2617,abstraction:NextStepPathway,reactome:Pathway2623,2.90607478940964
reactome:Pathway1834,abstraction:NextStepPathway,reactome:Pathway1845,5.133679880545696
reactome:Pathway2176,abstraction:NextStepPathway,reactome:Pathway2178,6.023414195058418
reactome:Pathway1492,abstraction:NextStepPathway,reactome:Pathway1522,3.736117794579463
reactome:Pathway2521,abstraction:NextStepPathway,reactome:Pathway2522,3.183730953787191
reactome:Pathway1537,abstraction:NextStepPathway,reactome:Pathway1522,3.6261460781288317
reactome:Pathway1903,abstraction:NextStepPathway,reactome:Pathway1601,4.032238735677108
reactome:Pathway1118,abstraction:NextStepPathway,reactome:Pathway2684,7.2389478217854295
reactome:Pathway1520,abstraction:NextStepPathway,reactome:Pathway286,4.003466449302453
reactome:Pathway1209,abstraction:NextStepPathway,reactome:Pathway1735,5.4588843923205665
reactome:Pathway2196,abstraction:NextStepPathway,reactome:Pathway1851,4.230505960626489
reactome:Pathway2726,abstraction:NextStepPathway,reactome:Pathway2728,4.899828985458928
reactome:Pathway1633,abstraction:NextStepPathway,reactome:Pathway1531,6.534239818824409
reactome:Pathway1233,abstraction:NextStepPathway,reactome:Pathway1225,3.750932880364603
reactome:Pathway2336,abstraction:NextStepPathway,reactome:Pathway292,4.659788633751241
reactome:Pathway1205,abstraction:NextStepPathway,reactome:Pathway1792,3.22026282240847
reactome:Pathway1363,abstraction:NextStepPathway,reactome:Pathway1366,6.534239818824409
reactome:Pathway520,abstraction:NextStepPathway,reactome:Pathway524,4.721626513313148
reactome:Pathway1392,abstraction:NextStepPathway,reactome:Pathway1393,4.791557911382363
reactome:Pathway1631,abstraction:NextStepPathway,reactome:Pathway1633,4.193318577086816
reactome:Pathway1609,abstraction:NextStepPathway,reactome:Pathway1533,5.119614951078292
reactome:Pathway1429,abstraction:NextStepPathway,reactome:Pathway1752,4.7253859162370535
reactome:Pathway506,abstraction:NextStepPathway,reactome:Pathway1275,4.6884131283260775
reactome:Pathway2147,abstraction:NextStepPathway,reactome:Pathway2146,4.509424402976485
reactome:Pathway2425,abstraction:NextStepPathway,reactome:Pathway2445,3.6895977789445698
reactome:Pathway475,abstraction:NextStepPathway,reactome:Pathway474,5.424198834332676
reactome:Pathway2203,abstraction:NextStepPathway,reactome:Pathway286,4.441950134666723
reactome:Pathway2160,abstraction:NextStepPathway,reactome:Pathway2157,4.604886339363543
reactome:Pathway1205,abstraction:NextStepPathway,reactome:Pathway1884,3.572409096946099
reactome:Pathway1477,abstraction:NextStepPathway,reactome:Pathway1480,4.76966648990051
reactome:Pathway2724,abstraction:NextStepPathway,reactome:Pathway2725,5.2287068143489766
reactome:Pathway1444,abstraction:NextStepPathway,reactome:Pathway1433,4.24554383799103
reactome:Pathway1897,abstraction:NextStepPathway,reactome:Pathway1878,6.4254369589756095
reactome:Pathway452,abstraction:NextStepPathway,reactome:Pathway509,4.548098983041767
reactome:Pathway2785,abstraction:NextStepPathway,reactome:Pathway2751,4.625123117650896
reactome:Pathway1172,abstraction:NextStepPathway,reactome:Pathway1196,5.447188352557375
reactome:Pathway52,abstraction:NextStepPathway,reactome:Pathway53,6.939704926932573
reactome:Pathway524,abstraction:NextStepPathway,reactome:Pathway523,4.929410209476503
reactome:Pathway2319,abstraction:NextStepPathway,reactome:Pathway2158,5.105745103214142
reactome:Pathway1536,abstraction:NextStepPathway,reactome:Pathway1521,4.906578167433857
reactome:Pathway1609,abstraction:NextStepPathway,reactome:Pathway1531,5.924974122245166
reactome:Pathway2117,abstraction:NextStepPathway,reactome:Pathway2119,5.2864151319696235
reactome:Pathway2497,abstraction:NextStepPathway,reactome:Pathway2501,2.1127714520992305
reactome:Pathway1783,abstraction:NextStepPathway,reactome:Pathway1637,5.059976684758561
reactome:Pathway1533,abstraction:NextStepPathway,reactome:Pathway130,4.73865625315795
reactome:Pathway220,abstraction:NextStepPathway,reactome:Pathway219,2.7908395258320553
reactome:Pathway2620,abstraction:NextStepPathway,reactome:Pathway2621,3.3130677816958576
reactome:Pathway2365,abstraction:NextStepPathway,reactome:Pathway2556,4.0550968737531585
reactome:Pathway2287,abstraction:NextStepPathway,reactome:Pathway2288,5.2864151319696235
reactome:Pathway2541,abstraction:NextStepPathway,reactome:Pathway1732,3.7638085947246487
reactome:Pathway135,abstraction:NextStepPathway,reactome:Pathway1393,4.524715220774902
reactome:Pathway2365,abstraction:NextStepPathway,reactome:Pathway2361,4.546522938586301
reactome:Pathway1798,abstraction:NextStepPathway,reactome:Pathway1415,4.2202260300067405
reactome:Pathway2706,abstraction:NextStepPathway,reactome:Pathway1896,3.6625601939403967
reactome:Pathway1731,abstraction:NextStepPathway,reactome:Pathway1856,4.253735808905618
reactome:Pathway172,abstraction:NextStepPathway,reactome:Pathway2211,3.8676503858189486
reactome:Pathway2200,abstraction:NextStepPathway,reactome:Pathway1540,5.682027943634776
reactome:Pathway1444,abstraction:NextStepPathway,reactome:Pathway1447,4.257267301687089
reactome:Pathway1357,abstraction:NextStepPathway,reactome:Pathway1642,5.303054450973588
reactome:Pathway2025,abstraction:NextStepPathway,reactome:Pathway2035,5.376130431291654
reactome:Pathway1925,abstraction:NextStepPathway,reactome:Pathway1926,4.0667249117482775
reactome:Pathway1568,abstraction:NextStepPathway,reactome:Pathway1572,4.088400637227318
reactome:Pathway466,abstraction:NextStepPathway,reactome:Pathway1166,3.2885989578498465
reactome:Pathway2589,abstraction:NextStepPathway,reactome:Pathway2594,5.562068628555797
reactome:Pathway417,abstraction:NextStepPathway,reactome:Pathway422,3.5922236149193933
reactome:Pathway2544,abstraction:NextStepPathway,reactome:Pathway2556,4.366829504198615
reactome:Pathway2318,abstraction:NextStepPathway,reactome:Pathway2157,4.389451892761233
reactome:Pathway1736,abstraction:NextStepPathway,reactome:Pathway1669,4.996260870372454
reactome:Pathway1699,abstraction:NextStepPathway,reactome:Pathway2669,5.796141250402197
reactome:Pathway1521,abstraction:NextStepPathway,reactome:Pathway286,4.2213630397938156
reactome:Pathway37,abstraction:NextStepPathway,reactome:Pathway39,3.365810701850673
reactome:Pathway1096,abstraction:NextStepPathway,reactome:Pathway1097,2.457286999314177
reactome:Pathway2219,abstraction:NextStepPathway,reactome:Pathway2270,4.704881936039346
reactome:Pathway2028,abstraction:NextStepPathway,reactome:Pathway2025,4.699362142815748
reactome:Pathway1962,abstraction:NextStepPathway,reactome:Pathway1960,6.630700085011971
reactome:Pathway1831,abstraction:NextStepPathway,reactome:Pathway1836,4.303113689812508
reactome:Pathway547,abstraction:NextStepPathway,reactome:Pathway543,4.393497751280777
reactome:Pathway1196,abstraction:NextStepPathway,reactome:Pathway1193,4.208926474752807
reactome:Pathway2117,abstraction:NextStepPathway,reactome:Pathway102,4.996260870372454
reactome:Pathway2358,abstraction:NextStepPathway,reactome:Pathway2555,4.630246954650765
reactome:Pathway1977,abstraction:NextStepPathway,reactome:Pathway286,4.252561410649677
reactome:Pathway2556,abstraction:NextStepPathway,reactome:Pathway1777,4.534003213241373
reactome:Pathway2091,abstraction:NextStepPathway,reactome:Pathway2093,5.323394135210711
reactome:Pathway2671,abstraction:NextStepPathway,reactome:Pathway2698,6.08749305174294
reactome:Pathway1861,abstraction:NextStepPathway,reactome:Pathway524,4.7935720107540645
reactome:Pathway2219,abstraction:NextStepPathway,reactome:Pathway2222,3.280129997046748
reactome:Pathway250,abstraction:NextStepPathway,reactome:Pathway1392,4.235108960698451
reactome:Pathway2368,abstraction:NextStepPathway,reactome:Pathway2363,4.4562360919142
reactome:Pathway2744,abstraction:NextStepPathway,reactome:Pathway1670,4.58015300933185
reactome:Pathway1702,abstraction:NextStepPathway,reactome:Pathway2705,6.016541315770656
reactome:Pathway1822,abstraction:NextStepPathway,reactome:Pathway1229,3.7523553557111464
reactome:Pathway2286,abstraction:NextStepPathway,reactome:Pathway2287,5.470718849967569
reactome:Pathway1568,abstraction:NextStepPathway,reactome:Pathway1585,5.293037672730117
reactome:Pathway1522,abstraction:NextStepPathway,reactome:Pathway1536,3.736117794579463
reactome:Pathway444,abstraction:NextStepPathway,reactome:Pathway2074,3.763088911354255
reactome:Pathway1785,abstraction:NextStepPathway,reactome:Pathway1804,3.936243976006924
reactome:Pathway1764,abstraction:NextStepPathway,reactome:Pathway1758,4.467813645256643
reactome:Pathway1856,abstraction:NextStepPathway,reactome:Pathway179,4.308064194972364
reactome:Pathway2202,abstraction:NextStepPathway,reactome:Pathway286,4.212302955169413
reactome:Pathway2216,abstraction:NextStepPathway,reactome:Pathway2218,5.270048154505418
reactome:Pathway2582,abstraction:NextStepPathway,reactome:Pathway2585,4.398917818750116
reactome:Pathway337,abstraction:NextStepPathway,reactome:Pathway364,7.193485447708673
reactome:Pathway2069,abstraction:NextStepPathway,reactome:Pathway2062,6.3273191030170866
reactome:Pathway2657,abstraction:NextStepPathway,reactome:Pathway1306,4.018213260322604
reactome:Pathway1192,abstraction:NextStepPathway,reactome:Pathway1202,2.9739777425325657
reactome:Pathway1349,abstraction:NextStepPathway,reactome:Pathway1631,4.010812671504432
reactome:Pathway1926,abstraction:NextStepPathway,reactome:Pathway1447,4.207803510008183
reactome:Pathway1634,abstraction:NextStepPathway,reactome:Pathway2060,5.299704364088306
reactome:Pathway1506,abstraction:NextStepPathway,reactome:Pathway1234,5.162417490313052
reactome:Pathway2562,abstraction:NextStepPathway,reactome:Pathway2564,6.8257606675833555
reactome:Pathway268,abstraction:NextStepPathway,reactome:Pathway2314,5.540562423334833
reactome:Pathway1533,abstraction:NextStepPathway,reactome:Pathway2600,5.044310568014161
reactome:Pathway1429,abstraction:NextStepPathway,reactome:Pathway1536,5.078569517835176
reactome:Pathway469,abstraction:NextStepPathway,reactome:Pathway1188,4.714149842970127
reactome:Pathway447,abstraction:NextStepPathway,reactome:Pathway449,4.518570808202561
reactome:Pathway1529,abstraction:NextStepPathway,reactome:Pathway1534,5.624869529794827
reactome:Pathway2371,abstraction:NextStepPathway,reactome:Pathway2373,3.5623528158070603
reactome:Pathway267,abstraction:NextStepPathway,reactome:Pathway1229,4.333191145049786
reactome:Pathway2001,abstraction:NextStepPathway,reactome:Pathway2000,5.125217206626962
reactome:Pathway1537,abstraction:NextStepPathway,reactome:Pathway1977,4.640574068806615
reactome:Pathway1626,abstraction:NextStepPathway,reactome:Pathway1350,5.354701039835755
reactome:Pathway1856,abstraction:NextStepPathway,reactome:Pathway1428,3.9050835601918616
reactome:Pathway101,abstraction:NextStepPathway,reactome:Pathway99,5.119614951078292
reactome:Pathway1808,abstraction:NextStepPathway,reactome:Pathway1776,4.6562675033526615
reactome:Pathway2629,abstraction:NextStepPathway,reactome:Pathway75,3.4908126714624004
reactome:Pathway2045,abstraction:NextStepPathway,reactome:Pathway2050,5.7478745094323624
reactome:Pathway2012,abstraction:NextStepPathway,reactome:Pathway2080,4.684789935956657
reactome:Pathway1861,abstraction:NextStepPathway,reactome:Pathway1533,4.911103062032146
reactome:Pathway1209,abstraction:NextStepPathway,reactome:Pathway1632,5.790661784637571
reactome:Pathway1469,abstraction:NextStepPathway,reactome:Pathway693,4.838940615783916
reactome:Pathway247,abstraction:NextStepPathway,reactome:Pathway2404,4.233956222818642
reactome:Pathway184,abstraction:NextStepPathway,reactome:Pathway253,4.083432917125384
reactome:Pathway407,abstraction:NextStepPathway,reactome:Pathway1517,5.801650906213166
reactome:Pathway2179,abstraction:NextStepPathway,reactome:Pathway2182,5.111269979146112
reactome:Pathway1676,abstraction:NextStepPathway,reactome:Pathway1850,3.711903536458868
reactome:Pathway1097,abstraction:NextStepPathway,reactome:Pathway1098,3.0902912702095895
reactome:Pathway2200,abstraction:NextStepPathway,reactome:Pathway1851,4.84105254898706
reactome:Pathway2096,abstraction:NextStepPathway,reactome:Pathway2097,6.489288430962143
reactome:Pathway1217,abstraction:NextStepPathway,reactome:Pathway1891,4.112595365814375
reactome:Pathway2757,abstraction:NextStepPathway,reactome:Pathway2759,4.115661285436209
reactome:Pathway2258,abstraction:NextStepPathway,reactome:Pathway1960,5.0679027500309815
reactome:Pathway524,abstraction:NextStepPathway,reactome:Pathway1428,4.136344546026038
reactome:Pathway2080,abstraction:NextStepPathway,reactome:Pathway2179,4.5216382952704235
reactome:Pathway113,abstraction:NextStepPathway,reactome:Pathway97,4.535559633789031
reactome:Pathway1444,abstraction:NextStepPathway,reactome:Pathway1446,4.915648524403821
reactome:Pathway286,abstraction:NextStepPathway,reactome:Pathway134,4.466359099545649
reactome:Pathway1962,abstraction:NextStepPathway,reactome:Pathway2258,5.016211656791802
reactome:Pathway1885,abstraction:NextStepPathway,reactome:Pathway2825,4.22821238163939
reactome:Pathway100,abstraction:NextStepPathway,reactome:Pathway2541,4.216822736875033
reactome:Pathway1977,abstraction:NextStepPathway,reactome:Pathway2030,5.2668066605812465
reactome:Pathway1694,abstraction:NextStepPathway,reactome:Pathway1697,3.807965878765747
reactome:Pathway2703,abstraction:NextStepPathway,reactome:Pathway727,4.895354705064007
reactome:Pathway2205,abstraction:NextStepPathway,reactome:Pathway2030,6.4050280873444025
reactome:Pathway1503,abstraction:NextStepPathway,reactome:Pathway1522,3.8117352009820387
reactome:Pathway1517,abstraction:NextStepPathway,reactome:Pathway1520,4.640574068806615
reactome:Pathway1914,abstraction:NextStepPathway,reactome:Pathway674,4.1746879012236855
reactome:Pathway2720,abstraction:NextStepPathway,reactome:Pathway239,4.80778544800412
reactome:Pathway286,abstraction:NextStepPathway,reactome:Pathway1530,4.300647597317314
reactome:Pathway1960,abstraction:NextStepPathway,reactome:Pathway2012,5.549109483913292
reactome:Pathway99,abstraction:NextStepPathway,reactome:Pathway1503,5.584047535274572
reactome:Pathway524,abstraction:NextStepPathway,reactome:Pathway1588,4.205561356602494
reactome:Pathway1734,abstraction:NextStepPathway,reactome:Pathway1735,4.97670034451796
reactome:Pathway2752,abstraction:NextStepPathway,reactome:Pathway2754,4.692049495969462
reactome:Pathway286,abstraction:NextStepPathway,reactome:Pathway1520,4.003466449302453
reactome:Pathway2336,abstraction:NextStepPathway,reactome:Pathway1973,5.88816014912245
reactome:Pathway1428,abstraction:NextStepPathway,reactome:Pathway1566,4.306824269209043
reactome:Pathway286,abstraction:NextStepPathway,reactome:Pathway1532,4.494363877350764
reactome:Pathway172,abstraction:NextStepPathway,reactome:Pathway1588,3.9772798513963505
reactome:Pathway2256,abstraction:NextStepPathway,reactome:Pathway2284,4.541809654134203
reactome:Pathway1209,abstraction:NextStepPathway,reactome:Pathway1442,5.7068431127545
reactome:Pathway2397,abstraction:NextStepPathway,reactome:Pathway2434,4.193318577086816
reactome:Pathway2013,abstraction:NextStepPathway,reactome:Pathway2341,5.431803433717896
reactome:Pathway278,abstraction:NextStepPathway,reactome:Pathway271,3.557069563130477
reactome:Pathway1219,abstraction:NextStepPathway,reactome:Pathway1890,4.25491158799463
reactome:Pathway1440,abstraction:NextStepPathway,reactome:Pathway1690,6.557496680988676
reactome:Pathway2825,abstraction:NextStepPathway,reactome:Pathway1917,4.328114992017925
reactome:Pathway1750,abstraction:NextStepPathway,reactome:Pathway482,4.060893991437484
reactome:Pathway499,abstraction:NextStepPathway,reactome:Pathway495,3.7340191579225412
reactome:Pathway1357,abstraction:NextStepPathway,reactome:Pathway1429,5.50297971218579
reactome:Pathway324,abstraction:NextStepPathway,reactome:Pathway1538,4.102442994350357
reactome:Pathway1462,abstraction:NextStepPathway,reactome:Pathway1601,4.640574068806615
reactome:Pathway1334,abstraction:NextStepPathway,reactome:Pathway1338,5.183036777515788
reactome:Pathway2554,abstraction:NextStepPathway,reactome:Pathway1891,4.495859763942347
reactome:Pathway269,abstraction:NextStepPathway,reactome:Pathway2215,4.087405116985816
reactome:Pathway1435,abstraction:NextStepPathway,reactome:Pathway1619,4.048375773080081
reactome:Pathway2398,abstraction:NextStepPathway,reactome:Pathway2421,3.377483986155397
reactome:Pathway1209,abstraction:NextStepPathway,reactome:Pathway2391,4.952775758432715
reactome:Pathway2039,abstraction:NextStepPathway,reactome:Pathway2040,5.3064157986762925
reactome:Pathway1205,abstraction:NextStepPathway,reactome:Pathway1831,3.34050498291431
reactome:Pathway2541,abstraction:NextStepPathway,reactome:Pathway2028,4.125949442025698
reactome:Pathway324,abstraction:NextStepPathway,reactome:Pathway1537,4.369464551836621
reactome:Pathway1908,abstraction:NextStepPathway,reactome:Pathway672,4.591619146419494
reactome:Pathway2544,abstraction:NextStepPathway,reactome:Pathway2681,5.340665721719371
reactome:Pathway2259,abstraction:NextStepPathway,reactome:Pathway2256,4.4562360919142
reactome:Pathway1233,abstraction:NextStepPathway,reactome:Pathway134,4.84105254898706
reactome:Pathway1529,abstraction:NextStepPathway,reactome:Pathway1856,4.39620411287852
reactome:Pathway1406,abstraction:NextStepPathway,reactome:Pathway1407,6.41518045880842
reactome:Pathway2391,abstraction:NextStepPathway,reactome:Pathway2384,4.672211153749798
reactome:Pathway1529,abstraction:NextStepPathway,reactome:Pathway1754,5.293037672730117
reactome:Pathway2250,abstraction:NextStepPathway,reactome:Pathway2251,5.620250583938533
reactome:Pathway1907,abstraction:NextStepPathway,reactome:Pathway1619,4.053171945343574
reactome:Pathway1631,abstraction:NextStepPathway,reactome:Pathway1608,4.082442327643688
reactome:Pathway2041,abstraction:NextStepPathway,reactome:Pathway2051,6.4050280873444025
reactome:Pathway1783,abstraction:NextStepPathway,reactome:Pathway250,4.230505960626489
reactome:Pathway2219,abstraction:NextStepPathway,reactome:Pathway2350,4.847415242774888
reactome:Pathway1732,abstraction:NextStepPathway,reactome:Pathway2136,4.216822736875033
reactome:Pathway1996,abstraction:NextStepPathway,reactome:Pathway2001,5.052112948298347
reactome:Pathway1628,abstraction:NextStepPathway,reactome:Pathway2768,5.7744012637657915
reactome:Pathway2068,abstraction:NextStepPathway,reactome:Pathway1642,5.416651628697293
reactome:Pathway1233,abstraction:NextStepPathway,reactome:Pathway1530,4.609907270413642
reactome:Pathway1532,abstraction:NextStepPathway,reactome:Pathway2204,6.467548444325736
reactome:Pathway1428,abstraction:NextStepPathway,reactome:Pathway2555,4.028479332753203
reactome:Pathway1704,abstraction:NextStepPathway,reactome:Pathway2670,3.7222093645333305
reactome:Pathway1851,abstraction:NextStepPathway,reactome:Pathway1588,4.141582902687627
reactome:Pathway1697,abstraction:NextStepPathway,reactome:Pathway2091,4.879850518528042
reactome:Pathway1233,abstraction:NextStepPathway,reactome:Pathway1532,4.884255811995958
reactome:Pathway1477,abstraction:NextStepPathway,reactome:Pathway246,4.60823082408639
reactome:Pathway1346,abstraction:NextStepPathway,reactome:Pathway1350,5.222495614256336
reactome:Pathway489,abstraction:NextStepPathway,reactome:Pathway1546,5.2287068143489766
reactome:Pathway1861,abstraction:NextStepPathway,reactome:Pathway1233,4.616641302594987
reactome:Pathway2196,abstraction:NextStepPathway,reactome:Pathway1642,4.3602721036524565
reactome:Pathway274,abstraction:NextStepPathway,reactome:Pathway279,5.989512643382737
reactome:Pathway429,abstraction:NextStepPathway,reactome:Pathway431,4.649262220764252
reactome:Pathway1436,abstraction:NextStepPathway,reactome:Pathway1635,5.162417490313052
reactome:Pathway1429,abstraction:NextStepPathway,reactome:Pathway524,4.7935720107540645
reactome:Pathway2309,abstraction:NextStepPathway,reactome:Pathway2310,5.763705974649043
reactome:Pathway2549,abstraction:NextStepPathway,reactome:Pathway2368,4.509424402976485
reactome:Pathway2541,abstraction:NextStepPathway,reactome:Pathway2226,4.413976282624318
reactome:Pathway1195,abstraction:NextStepPathway,reactome:Pathway1200,5.711880906784457
reactome:Pathway1642,abstraction:NextStepPathway,reactome:Pathway1529,4.981554722982758
reactome:Pathway179,abstraction:NextStepPathway,reactome:Pathway1429,4.866749894482344
reactome:Pathway1368,abstraction:NextStepPathway,reactome:Pathway1635,4.929410209476503
reactome:Pathway287,abstraction:NextStepPathway,reactome:Pathway1856,4.040749425345017
reactome:Pathway2198,abstraction:NextStepPathway,reactome:Pathway1540,5.624869529794827
reactome:Pathway520,abstraction:NextStepPathway,reactome:Pathway521,5.139361714013127
reactome:Pathway692,abstraction:NextStepPathway,reactome:Pathway693,3.8300283940293642
reactome:Pathway1161,abstraction:NextStepPathway,reactome:Pathway1162,2.720450803601365
reactome:Pathway2749,abstraction:NextStepPathway,reactome:Pathway1393,4.193318577086816
reactome:Pathway2720,abstraction:NextStepPathway,reactome:Pathway2722,4.795590174910302
reactome:Pathway1378,abstraction:NextStepPathway,reactome:Pathway1379,5.686941958437205
reactome:Pathway1349,abstraction:NextStepPathway,reactome:Pathway1359,4.924801906390308
reactome:Pathway11,abstraction:NextStepPathway,reactome:Pathway12,4.5949194794481505
reactome:Pathway1574,abstraction:NextStepPathway,reactome:Pathway1572,3.9862324626684646
reactome:Pathway253,abstraction:NextStepPathway,reactome:Pathway268,4.779557767379253
reactome:Pathway2272,abstraction:NextStepPathway,reactome:Pathway2102,5.008683390371011
reactome:Pathway1958,abstraction:NextStepPathway,reactome:Pathway2160,5.540562423334833
reactome:Pathway2204,abstraction:NextStepPathway,reactome:Pathway1977,5.361793268145247
reactome:Pathway2290,abstraction:NextStepPathway,reactome:Pathway2292,6.065674004348301
reactome:Pathway2784,abstraction:NextStepPathway,reactome:Pathway2727,5.570802308524551
reactome:Pathway130,abstraction:NextStepPathway,reactome:Pathway1533,4.73865625315795
reactome:Pathway2440,abstraction:NextStepPathway,reactome:Pathway2439,3.9218063579213216
reactome:Pathway2557,abstraction:NextStepPathway,reactome:Pathway2544,5.105745103214142
reactome:Pathway1619,abstraction:NextStepPathway,reactome:Pathway133,4.0784897533278635
reactome:Pathway179,abstraction:NextStepPathway,reactome:Pathway501,5.219404421686663
reactome:Pathway1543,abstraction:NextStepPathway,reactome:Pathway493,4.742480349596353
reactome:Pathway1514,abstraction:NextStepPathway,reactome:Pathway1538,4.593267951409678
reactome:Pathway1133,abstraction:NextStepPathway,reactome:Pathway1134,3.6796209752062525
reactome:Pathway2114,abstraction:NextStepPathway,reactome:Pathway2121,6.308800055249849
reactome:Pathway47,abstraction:NextStepPathway,reactome:Pathway2626,4.203324219204137
reactome:Pathway2321,abstraction:NextStepPathway,reactome:Pathway2012,5.532087796343861
reactome:Pathway1201,abstraction:NextStepPathway,reactome:Pathway1207,6.204357391882251
reactome:Pathway1429,abstraction:NextStepPathway,reactome:Pathway1533,4.902073655312752
reactome:Pathway1851,abstraction:NextStepPathway,reactome:Pathway2061,4.652758727822982
reactome:Pathway1544,abstraction:NextStepPathway,reactome:Pathway1642,5.3582408665408785
reactome:Pathway107,abstraction:NextStepPathway,reactome:Pathway2117,5.293037672730117
reactome:Pathway1861,abstraction:NextStepPathway,reactome:Pathway132,5.207134329094848
reactome:Pathway1697,abstraction:NextStepPathway,reactome:Pathway2207,5.00121137553231
reactome:Pathway1855,abstraction:NextStepPathway,reactome:Pathway1741,3.9482923145230986
reactome:Pathway2112,abstraction:NextStepPathway,reactome:Pathway2123,5.532087796343861
reactome:Pathway1873,abstraction:NextStepPathway,reactome:Pathway172,4.197753174154681
reactome:Pathway2209,abstraction:NextStepPathway,reactome:Pathway2215,4.47511827963553
reactome:Pathway2318,abstraction:NextStepPathway,reactome:Pathway2164,4.962277017556855
reactome:Pathway2234,abstraction:NextStepPathway,reactome:Pathway2352,5.347658757210342
reactome:Pathway1521,abstraction:NextStepPathway,reactome:Pathway134,5.150823157532133
reactome:Pathway2500,abstraction:NextStepPathway,reactome:Pathway2358,2.688995389477302
reactome:Pathway1750,abstraction:NextStepPathway,reactome:Pathway286,3.6211398098506877
reactome:Pathway97,abstraction:NextStepPathway,reactome:Pathway113,4.535559633789031
reactome:Pathway1518,abstraction:NextStepPathway,reactome:Pathway148,5.75840092241935
reactome:Pathway1427,abstraction:NextStepPathway,reactome:Pathway1379,3.171313409890903
reactome:Pathway268,abstraction:NextStepPathway,reactome:Pathway1979,4.915648524403821
reactome:Pathway1330,abstraction:NextStepPathway,reactome:Pathway1334,5.7068431127545
reactome:Pathway2358,abstraction:NextStepPathway,reactome:Pathway2548,5.102994069842252
reactome:Pathway286,abstraction:NextStepPathway,reactome:Pathway1767,4.444791045668327
reactome:Pathway2768,abstraction:NextStepPathway,reactome:Pathway1627,5.711880906784457
reactome:Pathway1521,abstraction:NextStepPathway,reactome:Pathway1520,4.405734477729214
reactome:Pathway1521,abstraction:NextStepPathway,reactome:Pathway1532,5.210187766581739
reactome:Pathway2581,abstraction:NextStepPathway,reactome:Pathway2587,4.325586545664566
reactome:Pathway1839,abstraction:NextStepPathway,reactome:Pathway1842,5.435627530156299
reactome:Pathway2626,abstraction:NextStepPathway,reactome:Pathway84,3.6425917365686393
reactome:Pathway1626,abstraction:NextStepPathway,reactome:Pathway2749,4.723504448137348
reactome:Pathway1209,abstraction:NextStepPathway,reactome:Pathway2383,4.950414482247035
reactome:Pathway419,abstraction:NextStepPathway,reactome:Pathway2389,5.427993905301228
reactome:Pathway1927,abstraction:NextStepPathway,reactome:Pathway1929,4.029417859335466
reactome:Pathway288,abstraction:NextStepPathway,reactome:Pathway1861,5.083945874871557
reactome:Pathway1541,abstraction:NextStepPathway,reactome:Pathway1668,5.207134329094848
reactome:Pathway1961,abstraction:NextStepPathway,reactome:Pathway1960,6.308800055249849
reactome:Pathway179,abstraction:NextStepPathway,reactome:Pathway1856,4.308064194972364
reactome:Pathway2028,abstraction:NextStepPathway,reactome:Pathway2541,4.125949442025698
reactome:Pathway2301,abstraction:NextStepPathway,reactome:Pathway2339,5.365358334309743
reactome:Pathway1434,abstraction:NextStepPathway,reactome:Pathway1619,4.027541686177239
reactome:Pathway2539,abstraction:NextStepPathway,reactome:Pathway2594,6.08749305174294
reactome:Pathway1478,abstraction:NextStepPathway,reactome:Pathway388,3.92603112128163
reactome:Pathway179,abstraction:NextStepPathway,reactome:Pathway1754,5.081254083205846
reactome:Pathway1789,abstraction:NextStepPathway,reactome:Pathway1896,3.6996751232111937
reactome:Pathway1687,abstraction:NextStepPathway,reactome:Pathway1462,5.841092638264463
reactome:Pathway248,abstraction:NextStepPathway,reactome:Pathway2359,4.5170405860217935
reactome:Pathway2198,abstraction:NextStepPathway,reactome:Pathway1851,4.811883814396403
reactome:Pathway1999,abstraction:NextStepPathway,reactome:Pathway2003,5.234956834694148
reactome:Pathway2202,abstraction:NextStepPathway,reactome:Pathway1520,4.366829504198615
reactome:Pathway2068,abstraction:NextStepPathway,reactome:Pathway1429,5.638855771769567
reactome:Pathway2318,abstraction:NextStepPathway,reactome:Pathway2166,4.934039847375245
reactome:Pathway2068,abstraction:NextStepPathway,reactome:Pathway1750,4.093393158830438
reactome:Pathway1632,abstraction:NextStepPathway,reactome:Pathway2675,5.90639773667223
reactome:Pathway34,abstraction:NextStepPathway,reactome:Pathway33,1.8613035672078797
reactome:Pathway1532,abstraction:NextStepPathway,reactome:Pathway1534,6.557496680988676
reactome:Pathway2556,abstraction:NextStepPathway,reactome:Pathway2557,4.604886339363543
reactome:Pathway1856,abstraction:NextStepPathway,reactome:Pathway1752,4.223640945106809
reactome:Pathway2239,abstraction:NextStepPathway,reactome:Pathway2243,5.2831202360727705
reactome:Pathway1635,abstraction:NextStepPathway,reactome:Pathway1732,4.139484266030706
reactome:Pathway32,abstraction:NextStepPathway,reactome:Pathway46,3.531064052557758
reactome:Pathway2234,abstraction:NextStepPathway,reactome:Pathway2238,5.016211656791802
reactome:Pathway1536,abstraction:NextStepPathway,reactome:Pathway1531,5.62950990935133
reactome:Pathway1344,abstraction:NextStepPathway,reactome:Pathway1348,6.446271045878452
reactome:Pathway2050,abstraction:NextStepPathway,reactome:Pathway2051,5.996201631533533
reactome:Pathway1861,abstraction:NextStepPathway,reactome:Pathway172,4.418122798586166
reactome:Pathway247,abstraction:NextStepPathway,reactome:Pathway2556,3.968406678715864
reactome:Pathway1631,abstraction:NextStepPathway,reactome:Pathway2586,4.137390024427591
reactome:Pathway2688,abstraction:NextStepPathway,reactome:Pathway2697,5.536316132453383
reactome:Pathway2196,abstraction:NextStepPathway,reactome:Pathway1429,4.426467770518347
reactome:Pathway2269,abstraction:NextStepPathway,reactome:Pathway2027,5.234956834694148
reactome:Pathway1593,abstraction:NextStepPathway,reactome:Pathway1595,4.5639975691095644
reactome:Pathway1721,abstraction:NextStepPathway,reactome:Pathway1723,4.293285600876246
reactome:Pathway1522,abstraction:NextStepPathway,reactome:Pathway1233,3.5855750561284037
reactome:Pathway2196,abstraction:NextStepPathway,reactome:Pathway1750,3.6849295477260178
reactome:Pathway286,abstraction:NextStepPathway,reactome:Pathway2205,4.5063940976273065
reactome:Pathway1601,abstraction:NextStepPathway,reactome:Pathway1925,3.966641453191295
reactome:Pathway1178,abstraction:NextStepPathway,reactome:Pathway1165,4.433475507675752
reactome:Pathway1855,abstraction:NextStepPathway,reactome:Pathway247,3.7930290812712366
reactome:Pathway1175,abstraction:NextStepPathway,reactome:Pathway1180,6.446271045878452
reactome:Pathway2404,abstraction:NextStepPathway,reactome:Pathway2364,4.246710018881212
reactome:Pathway1634,abstraction:NextStepPathway,reactome:Pathway2136,5.361793268145247
reactome:Pathway2637,abstraction:NextStepPathway,reactome:Pathway2638,7.444799875989578
reactome:Pathway1883,abstraction:NextStepPathway,reactome:Pathway1891,3.7587816541566745
reactome:Pathway1393,abstraction:NextStepPathway,reactome:Pathway1609,4.659788633751241
reactome:Pathway1925,abstraction:NextStepPathway,reactome:Pathway1914,3.89518248920915
reactome:Pathway2417,abstraction:NextStepPathway,reactome:Pathway2421,3.1677370102910727
reactome:Pathway2119,abstraction:NextStepPathway,reactome:Pathway2120,5.882154125062237
reactome:Pathway2562,abstraction:NextStepPathway,reactome:Pathway2565,6.3273191030170866
reactome:Pathway2620,abstraction:NextStepPathway,reactome:Pathway2617,3.039475329090875
reactome:Pathway1776,abstraction:NextStepPathway,reactome:Pathway1741,4.495859763942347
reactome:Pathway1601,abstraction:NextStepPathway,reactome:Pathway1903,4.032238735677108
reactome:Pathway2398,abstraction:NextStepPathway,reactome:Pathway2414,3.5970868463889016
reactome:Pathway267,abstraction:NextStepPathway,reactome:Pathway2539,4.551258543332135
reactome:Pathway2453,abstraction:NextStepPathway,reactome:Pathway2454,3.6963047122012878
reactome:Pathway1679,abstraction:NextStepPathway,reactome:Pathway1427,3.0370358784997027
reactome:Pathway1429,abstraction:NextStepPathway,reactome:Pathway1233,4.616641302594987
reactome:Pathway1887,abstraction:NextStepPathway,reactome:Pathway1885,4.281134783093733
reactome:Pathway1166,abstraction:NextStepPathway,reactome:Pathway1167,4.895354705064007
reactome:Pathway2657,abstraction:NextStepPathway,reactome:Pathway2660,2.781091276418395
reactome:Pathway1575,abstraction:NextStepPathway,reactome:Pathway2728,4.510943006153675
reactome:Pathway493,abstraction:NextStepPathway,reactome:Pathway499,4.699362142815748
reactome:Pathway2064,abstraction:NextStepPathway,reactome:Pathway2704,4.7253859162370535
reactome:Pathway2068,abstraction:NextStepPathway,reactome:Pathway2060,5.870249222555919
reactome:Pathway2308,abstraction:NextStepPathway,reactome:Pathway98,5.482695041014285
reactome:Pathway2658,abstraction:NextStepPathway,reactome:Pathway2657,3.2328839407216847
reactome:Pathway2358,abstraction:NextStepPathway,reactome:Pathway2550,5.102994069842252
reactome:Pathway493,abstraction:NextStepPathway,reactome:Pathway1750,3.7187622739087094
reactome:Pathway2036,abstraction:NextStepPathway,reactome:Pathway2541,4.256088751167645
reactome:Pathway1622,abstraction:NextStepPathway,reactome:Pathway1626,4.304349020420501
reactome:Pathway478,abstraction:NextStepPathway,reactome:Pathway1545,5.701830570930956
reactome:Pathway246,abstraction:NextStepPathway,reactome:Pathway2683,4.673998464323893
reactome:Pathway1631,abstraction:NextStepPathway,reactome:Pathway1641,4.0657507275504345
reactome:Pathway2391,abstraction:NextStepPathway,reactome:Pathway2397,4.388106902645901
reactome:Pathway2386,abstraction:NextStepPathway,reactome:Pathway421,3.829259458966487
reactome:Pathway2134,abstraction:NextStepPathway,reactome:Pathway2124,4.836833133444351
reactome:Pathway1814,abstraction:NextStepPathway,reactome:Pathway1820,4.899828985458928
reactome:Pathway1385,abstraction:NextStepPathway,reactome:Pathway1631,4.125949442025698
reactome:Pathway1903,abstraction:NextStepPathway,reactome:Pathway1914,3.96224197403181
reactome:Pathway2560,abstraction:NextStepPathway,reactome:Pathway2142,6.037303307219085
reactome:Pathway324,abstraction:NextStepPathway,reactome:Pathway1522,3.561764407434685
reactome:Pathway1544,abstraction:NextStepPathway,reactome:Pathway499,6.346187587321469
reactome:Pathway2749,abstraction:NextStepPathway,reactome:Pathway1619,3.7403283271158063
reactome:Pathway2081,abstraction:NextStepPathway,reactome:Pathway2175,4.9598932262015785
reactome:Pathway1544,abstraction:NextStepPathway,reactome:Pathway1429,5.566425933924752
reactome:Pathway2117,abstraction:NextStepPathway,reactome:Pathway2115,5.2864151319696235
reactome:Pathway2064,abstraction:NextStepPathway,reactome:Pathway2065,5.222495614256336
reactome:Pathway1846,abstraction:NextStepPathway,reactome:Pathway1841,5.081254083205846
reactome:Pathway1544,abstraction:NextStepPathway,reactome:Pathway1750,4.077504046003105
reactome:Pathway2391,abstraction:NextStepPathway,reactome:Pathway2383,4.651008946099195
reactome:Pathway1233,abstraction:NextStepPathway,reactome:Pathway2205,4.902073655312752
reactome:Pathway1961,abstraction:NextStepPathway,reactome:Pathway2258,4.9433639242503675
reactome:Pathway2555,abstraction:NextStepPathway,reactome:Pathway2364,4.010812671504432
reactome:Pathway2048,abstraction:NextStepPathway,reactome:Pathway2052,5.276562835526612
reactome:Pathway1382,abstraction:NextStepPathway,reactome:Pathway1619,3.7594982432235264
reactome:Pathway247,abstraction:NextStepPathway,reactome:Pathway1780,4.459117938289089
reactome:Pathway2386,abstraction:NextStepPathway,reactome:Pathway2377,4.222501343843875
reactome:Pathway1172,abstraction:NextStepPathway,reactome:Pathway1175,5.829663942440841
reactome:Pathway1773,abstraction:NextStepPathway,reactome:Pathway1801,3.38337212878062
reactome:Pathway1626,abstraction:NextStepPathway,reactome:Pathway1338,5.3268246703074995
reactome:Pathway1225,abstraction:NextStepPathway,reactome:Pathway1676,3.705091521016362
reactome:Pathway2684,abstraction:NextStepPathway,reactome:Pathway2683,5.186017405653926
reactome:Pathway2336,abstraction:NextStepPathway,reactome:Pathway2039,5.753123865318506
reactome:Pathway2441,abstraction:NextStepPathway,reactome:Pathway2439,3.875669674985568
reactome:Pathway2556,abstraction:NextStepPathway,reactome:Pathway2706,4.358965767738401
reactome:Pathway134,abstraction:NextStepPathway,reactome:Pathway1521,5.150823157532133
reactome:Pathway2053,abstraction:NextStepPathway,reactome:Pathway2036,5.383376839812421
reactome:Pathway2068,abstraction:NextStepPathway,reactome:Pathway1856,4.673998464323893
reactome:Pathway1233,abstraction:NextStepPathway,reactome:Pathway1732,3.9569880214906523
reactome:Pathway1799,abstraction:NextStepPathway,reactome:Pathway1800,3.5085024638738593
reactome:Pathway1536,abstraction:NextStepPathway,reactome:Pathway1233,4.6562675033526615
reactome:Pathway267,abstraction:NextStepPathway,reactome:Pathway1826,4.401638908864477
reactome:Pathway2391,abstraction:NextStepPathway,reactome:Pathway248,4.25491158799463
reactome:Pathway137,abstraction:NextStepPathway,reactome:Pathway1891,4.4780551393088395
reactome:Pathway1707,abstraction:NextStepPathway,reactome:Pathway1709,6.163866030527514
reactome:Pathway2772,abstraction:NextStepPathway,reactome:Pathway2774,3.790068309308204
reactome:Pathway1732,abstraction:NextStepPathway,reactome:Pathway1635,4.139484266030706
reactome:Pathway1429,abstraction:NextStepPathway,reactome:Pathway132,5.210187766581739
reactome:Pathway2125,abstraction:NextStepPathway,reactome:Pathway2126,5.90639773667223
reactome:Pathway1440,abstraction:NextStepPathway,reactome:Pathway1693,6.957096669644442
reactome:Pathway1799,abstraction:NextStepPathway,reactome:Pathway1801,3.0085556554109
reactome:Pathway2541,abstraction:NextStepPathway,reactome:Pathway2229,4.450497195245182
reactome:Pathway399,abstraction:NextStepPathway,reactome:Pathway1210,3.052822910462529
reactome:Pathway1233,abstraction:NextStepPathway,reactome:Pathway1642,4.541809654134203
reactome:Pathway2541,abstraction:NextStepPathway,reactome:Pathway1637,4.137390024427591
reactome:Pathway2067,abstraction:NextStepPathway,reactome:Pathway2069,7.3892300248347675
reactome:Pathway1637,abstraction:NextStepPathway,reactome:Pathway1638,4.513987148534904
reactome:Pathway2196,abstraction:NextStepPathway,reactome:Pathway1856,4.031297559137045
reactome:Pathway1409,abstraction:NextStepPathway,reactome:Pathway1631,4.117710466481145
reactome:Pathway344,abstraction:NextStepPathway,reactome:Pathway341,4.879850518528042
reactome:Pathway2134,abstraction:NextStepPathway,reactome:Pathway1631,3.8628695002186064
reactome:Pathway1537,abstraction:NextStepPathway,reactome:Pathway286,4.150021771333492
reactome:Pathway1856,abstraction:NextStepPathway,reactome:Pathway1536,4.427865394784985
reactome:Pathway1732,abstraction:NextStepPathway,reactome:Pathway1715,4.253735808905618
reactome:Pathway2444,abstraction:NextStepPathway,reactome:Pathway2445,4.742480349596353
reactome:Pathway2063,abstraction:NextStepPathway,reactome:Pathway2064,4.853818679810095
reactome:Pathway2114,abstraction:NextStepPathway,reactome:Pathway2117,5.365358334309743
reactome:Pathway1382,abstraction:NextStepPathway,reactome:Pathway1369,4.554428118093414
reactome:Pathway1522,abstraction:NextStepPathway,reactome:Pathway1543,3.8049606173002837
reactome:Pathway1520,abstraction:NextStepPathway,reactome:Pathway2204,4.752105062970563
reactome:Pathway2219,abstraction:NextStepPathway,reactome:Pathway1961,4.927103403378587
reactome:Pathway2383,abstraction:NextStepPathway,reactome:Pathway2377,4.324324715844145
reactome:Pathway337,abstraction:NextStepPathway,reactome:Pathway366,6.795455318088027
reactome:Pathway305,abstraction:NextStepPathway,reactome:Pathway306,3.0969211287482588
reactome:Pathway2165,abstraction:NextStepPathway,reactome:Pathway2318,4.828447340068077
reactome:Pathway2024,abstraction:NextStepPathway,reactome:Pathway2336,4.640574068806615
reactome:Pathway2569,abstraction:NextStepPathway,reactome:Pathway2572,3.452646254664025
reactome:Pathway2146,abstraction:NextStepPathway,reactome:Pathway2009,5.575197919997589
reactome:Pathway2384,abstraction:NextStepPathway,reactome:Pathway2391,4.672211153749798
reactome:Pathway1395,abstraction:NextStepPathway,reactome:Pathway1402,5.553410565812682
reactome:Pathway1095,abstraction:NextStepPathway,reactome:Pathway1120,2.4827547660600886
reactome:Pathway1454,abstraction:NextStepPathway,reactome:Pathway1456,5.653040406761524
reactome:Pathway2203,abstraction:NextStepPathway,reactome:Pathway2204,6.14033553311732
reactome:Pathway1796,abstraction:NextStepPathway,reactome:Pathway1834,4.845289843462575
reactome:Pathway1620,abstraction:NextStepPathway,reactome:Pathway1619,3.87728127887991
reactome:Pathway524,abstraction:NextStepPathway,reactome:Pathway1536,4.851679641561345
reactome:Pathway2486,abstraction:NextStepPathway,reactome:Pathway2490,3.910904782451478
reactome:Pathway1478,abstraction:NextStepPathway,reactome:Pathway1477,4.4884026078342645
reactome:Pathway1824,abstraction:NextStepPathway,reactome:Pathway1896,3.6394080344207147
reactome:Pathway1197,abstraction:NextStepPathway,reactome:Pathway1202,5.02888609768853
reactome:Pathway2503,abstraction:NextStepPathway,reactome:Pathway2501,2.6616030574904133
reactome:Pathway1810,abstraction:NextStepPathway,reactome:Pathway1801,3.35331654604851
reactome:Pathway2397,abstraction:NextStepPathway,reactome:Pathway2366,4.838940615783916
reactome:Pathway2134,abstraction:NextStepPathway,reactome:Pathway1801,3.567664129561873
reactome:Pathway1568,abstraction:NextStepPathway,reactome:Pathway1587,5.90639773667223
reactome:Pathway2556,abstraction:NextStepPathway,reactome:Pathway2554,4.71601377640819
reactome:Pathway1514,abstraction:NextStepPathway,reactome:Pathway1522,3.8177958255937297
reactome:Pathway1412,abstraction:NextStepPathway,reactome:Pathway1420,4.879850518528042
reactome:Pathway1804,abstraction:NextStepPathway,reactome:Pathway1785,3.936243976006924
reactome:Pathway2534,abstraction:NextStepPathway,reactome:Pathway71,4.485435246606462
reactome:Pathway1956,abstraction:NextStepPathway,reactome:Pathway73,5.882154125062237
reactome:Pathway2041,abstraction:NextStepPathway,reactome:Pathway361,5.677137958340584
reactome:Pathway1895,abstraction:NextStepPathway,reactome:Pathway1896,3.8117352009820387
reactome:Pathway1167,abstraction:NextStepPathway,reactome:Pathway1182,4.151081654845535
reactome:Pathway1427,abstraction:NextStepPathway,reactome:Pathway1850,2.857211927046726
reactome:Pathway2200,abstraction:NextStepPathway,reactome:Pathway1429,5.238096554698815
reactome:Pathway1348,abstraction:NextStepPathway,reactome:Pathway1619,4.05029148247822
reactome:Pathway2359,abstraction:NextStepPathway,reactome:Pathway2556,4.554428118093414
reactome:Pathway1792,abstraction:NextStepPathway,reactome:Pathway1796,4.042650566602041
reactome:Pathway1429,abstraction:NextStepPathway,reactome:Pathway172,4.4167387153202275
reactome:Pathway269,abstraction:NextStepPathway,reactome:Pathway1873,4.208926474752807
reactome:Pathway2117,abstraction:NextStepPathway,reactome:Pathway1959,5.584047535274572
reactome:Pathway247,abstraction:NextStepPathway,reactome:Pathway2380,4.195533417416368
reactome:Pathway1367,abstraction:NextStepPathway,reactome:Pathway1619,4.048375773080081
reactome:Pathway1785,abstraction:NextStepPathway,reactome:Pathway1786,4.549677515334817
reactome:Pathway286,abstraction:NextStepPathway,reactome:Pathway1750,3.6211398098506877
reactome:Pathway2013,abstraction:NextStepPathway,reactome:Pathway2080,4.752105062970563
reactome:Pathway1910,abstraction:NextStepPathway,reactome:Pathway1914,3.716699708722361
reactome:Pathway1529,abstraction:NextStepPathway,reactome:Pathway1428,4.246710018881212
reactome:Pathway2152,abstraction:NextStepPathway,reactome:Pathway2150,4.538679761125275
reactome:Pathway1517,abstraction:NextStepPathway,reactome:Pathway1234,5.108503725653221
reactome:Pathway2724,abstraction:NextStepPathway,reactome:Pathway2730,5.195012968562504
reactome:Pathway2288,abstraction:NextStepPathway,reactome:Pathway2287,5.2864151319696235
reactome:Pathway1549,abstraction:NextStepPathway,reactome:Pathway1551,4.974281963653678
reactome:Pathway1214,abstraction:NextStepPathway,reactome:Pathway1216,4.752105062970563
reactome:Pathway1920,abstraction:NextStepPathway,reactome:Pathway1912,4.429264975139408
reactome:Pathway498,abstraction:NextStepPathway,reactome:Pathway1537,5.174147830098542
reactome:Pathway1750,abstraction:NextStepPathway,reactome:Pathway1851,3.8064621190838808
reactome:Pathway2259,abstraction:NextStepPathway,reactome:Pathway2339,4.699362142815748
reactome:Pathway1948,abstraction:NextStepPathway,reactome:Pathway1871,6.766041432881733
reactome:Pathway2543,abstraction:NextStepPathway,reactome:Pathway1705,5.858484380976332
reactome:Pathway1750,abstraction:NextStepPathway,reactome:Pathway1735,3.9474268882466697
reactome:Pathway2397,abstraction:NextStepPathway,reactome:Pathway2412,4.862420883392758
reactome:Pathway2361,abstraction:NextStepPathway,reactome:Pathway2391,5.04172324444921
reactome:Pathway78,abstraction:NextStepPathway,reactome:Pathway79,5.753123865318506
reactome:Pathway286,abstraction:NextStepPathway,reactome:Pathway1234,4.223640945106809
reactome:Pathway1925,abstraction:NextStepPathway,reactome:Pathway672,4.282343242455301
reactome:Pathway2414,abstraction:NextStepPathway,reactome:Pathway2421,4.761823312439485
reactome:Pathway1635,abstraction:NextStepPathway,reactome:Pathway2060,5.089351293438465
reactome:Pathway131,abstraction:NextStepPathway,reactome:Pathway1533,5.189006944502292
reactome:Pathway1686,abstraction:NextStepPathway,reactome:Pathway1440,6.630700085011971
reactome:Pathway372,abstraction:NextStepPathway,reactome:Pathway2428,4.76769992092847
reactome:Pathway2484,abstraction:NextStepPathway,reactome:Pathway2489,4.272716212628136
reactome:Pathway1784,abstraction:NextStepPathway,reactome:Pathway1789,3.9961738007563126
reactome:Pathway1750,abstraction:NextStepPathway,reactome:Pathway1669,3.8927224633682878
reactome:Pathway1977,abstraction:NextStepPathway,reactome:Pathway2204,5.361793268145247
reactome:Pathway1671,abstraction:NextStepPathway,reactome:Pathway461,4.301879883363579
reactome:Pathway2177,abstraction:NextStepPathway,reactome:Pathway1490,4.1606714992501495
reactome:Pathway2160,abstraction:NextStepPathway,reactome:Pathway1958,5.540562423334833
reactome:Pathway2693,abstraction:NextStepPathway,reactome:Pathway2692,4.535559633789031
reactome:Pathway2298,abstraction:NextStepPathway,reactome:Pathway2352,6.109798809257239
reactome:Pathway1337,abstraction:NextStepPathway,reactome:Pathway1359,4.924801906390308
reactome:Pathway1053,abstraction:NextStepPathway,reactome:Pathway1057,6.037303307219085
reactome:Pathway2589,abstraction:NextStepPathway,reactome:Pathway2592,5.532087796343861
reactome:Pathway1628,abstraction:NextStepPathway,reactome:Pathway1382,4.849545169032713
reactome:Pathway2206,abstraction:NextStepPathway,reactome:Pathway2036,5.523684385547481
reactome:Pathway131,abstraction:NextStepPathway,reactome:Pathway1531,6.065674004348301
reactome:Pathway1473,abstraction:NextStepPathway,reactome:Pathway1477,4.046463726608455
reactome:Pathway1320,abstraction:NextStepPathway,reactome:Pathway1321,4.282343242455301
reactome:Pathway1903,abstraction:NextStepPathway,reactome:Pathway672,4.376082709679099
reactome:Pathway134,abstraction:NextStepPathway,reactome:Pathway1536,5.50297971218579
reactome:Pathway2322,abstraction:NextStepPathway,reactome:Pathway2340,5.579612938206706
reactome:Pathway1795,abstraction:NextStepPathway,reactome:Pathway1808,4.915648524403821
reactome:Pathway2073,abstraction:NextStepPathway,reactome:Pathway253,3.89682587495288
reactome:Pathway2541,abstraction:NextStepPathway,reactome:Pathway2227,4.069653171527366
reactome:Pathway1144,abstraction:NextStepPathway,reactome:Pathway727,4.860263385252737
reactome:Pathway2101,abstraction:NextStepPathway,reactome:Pathway2222,3.397746601813174
reactome:Pathway1861,abstraction:NextStepPathway,reactome:Pathway1534,5.575197919997589
reactome:Pathway1841,abstraction:NextStepPathway,reactome:Pathway1843,5.50297971218579
reactome:Pathway2116,abstraction:NextStepPathway,reactome:Pathway2112,5.549109483913292
reactome:Pathway2041,abstraction:NextStepPathway,reactome:Pathway2047,5.677137958340584
reactome:Pathway1668,abstraction:NextStepPathway,reactome:Pathway1670,4.6353971806270815
reactome:Pathway324,abstraction:NextStepPathway,reactome:Pathway1541,4.548098983041767
reactome:Pathway2198,abstraction:NextStepPathway,reactome:Pathway1642,5.044310568014161
reactome:Pathway1856,abstraction:NextStepPathway,reactome:Pathway524,4.264367923236666
reactome:Pathway1233,abstraction:NextStepPathway,reactome:Pathway1750,3.774666464696698
reactome:Pathway1789,abstraction:NextStepPathway,reactome:Pathway1824,4.719752098518797
reactome:Pathway1412,abstraction:NextStepPathway,reactome:Pathway1419,5.062611732396566
reactome:Pathway1626,abstraction:NextStepPathway,reactome:Pathway1382,4.755981036815256
reactome:Pathway1851,abstraction:NextStepPathway,reactome:Pathway1526,4.527801642978091
reactome:Pathway1853,abstraction:NextStepPathway,reactome:Pathway1619,3.559414230089731
reactome:Pathway1397,abstraction:NextStepPathway,reactome:Pathway1398,6.187963582106574
reactome:Pathway1480,abstraction:NextStepPathway,reactome:Pathway1477,4.76966648990051
reactome:Pathway1670,abstraction:NextStepPathway,reactome:Pathway1671,4.094394661167528
reactome:Pathway2439,abstraction:NextStepPathway,reactome:Pathway2444,3.936243976006924
reactome:Pathway1619,abstraction:NextStepPathway,reactome:Pathway250,3.5012782035020615
reactome:Pathway1564,abstraction:NextStepPathway,reactome:Pathway1566,5.691880240077787
reactome:Pathway2358,abstraction:NextStepPathway,reactome:Pathway247,4.288407542422813
reactome:Pathway2541,abstraction:NextStepPathway,reactome:Pathway269,3.946562210285316
reactome:Pathway1517,abstraction:NextStepPathway,reactome:Pathway1538,4.509424402976485
reactome:Pathway347,abstraction:NextStepPathway,reactome:Pathway2146,5.062611732396566
reactome:Pathway1172,abstraction:NextStepPathway,reactome:Pathway1177,5.976267416632716
reactome:Pathway1233,abstraction:NextStepPathway,reactome:Pathway1234,4.498858266938603
reactome:Pathway1807,abstraction:NextStepPathway,reactome:Pathway1777,5.270048154505418
reactome:Pathway1172,abstraction:NextStepPathway,reactome:Pathway1174,5.7271483789152455
reactome:Pathway1753,abstraction:NextStepPathway,reactome:Pathway1619,4.0893971495170565
reactome:Pathway2386,abstraction:NextStepPathway,reactome:Pathway2391,4.405734477729214
reactome:Pathway1201,abstraction:NextStepPathway,reactome:Pathway1202,5.162417490313052
reactome:Pathway2028,abstraction:NextStepPathway,reactome:Pathway2024,4.265556277506044
reactome:Pathway2598,abstraction:NextStepPathway,reactome:Pathway2380,4.815999046541509
reactome:Pathway2150,abstraction:NextStepPathway,reactome:Pathway2151,4.710432366569995
reactome:Pathway1531,abstraction:NextStepPathway,reactome:Pathway2205,6.489288430962143
reactome:Pathway1229,abstraction:NextStepPathway,reactome:Pathway2706,4.76769992092847
reactome:Pathway206,abstraction:NextStepPathway,reactome:Pathway207,4.462008113711322
reactome:Pathway2200,abstraction:NextStepPathway,reactome:Pathway1856,4.500360896823138
reactome:Pathway1209,abstraction:NextStepPathway,reactome:Pathway1566,5.536316132453383
reactome:Pathway2544,abstraction:NextStepPathway,reactome:Pathway2673,5.33372124936656
reactome:Pathway1433,abstraction:NextStepPathway,reactome:Pathway1436,4.6475185411594255
reactome:Pathway1732,abstraction:NextStepPathway,reactome:Pathway2134,3.9587362736841816
reactome:Pathway432,abstraction:NextStepPathway,reactome:Pathway433,4.315536209811065
reactome:Pathway2204,abstraction:NextStepPathway,reactome:Pathway286,4.527801642978091
reactome:Pathway1172,abstraction:NextStepPathway,reactome:Pathway1176,5.900281509654794
reactome:Pathway148,abstraction:NextStepPathway,reactome:Pathway154,5.657813685514181
reactome:Pathway2484,abstraction:NextStepPathway,reactome:Pathway2488,4.272716212628136
reactome:Pathway1101,abstraction:NextStepPathway,reactome:Pathway1106,4.242053433051262
reactome:Pathway1635,abstraction:NextStepPathway,reactome:Pathway493,4.479526809920296
reactome:Pathway2397,abstraction:NextStepPathway,reactome:Pathway2414,4.849545169032713
reactome:Pathway2752,abstraction:NextStepPathway,reactome:Pathway1736,4.515512701843741
reactome:Pathway2384,abstraction:NextStepPathway,reactome:Pathway2383,4.6704270319562955
reactome:Pathway1454,abstraction:NextStepPathway,reactome:Pathway1455,4.886465757646762
reactome:Pathway2368,abstraction:NextStepPathway,reactome:Pathway2366,4.6704270319562955
reactome:Pathway1353,abstraction:NextStepPathway,reactome:Pathway1358,6.290617736166658
reactome:Pathway493,abstraction:NextStepPathway,reactome:Pathway1668,4.620025400579228
reactome:Pathway62,abstraction:NextStepPathway,reactome:Pathway64,5.293037672730117
reactome:Pathway62,abstraction:NextStepPathway,reactome:Pathway63,5.575197919997589
reactome:Pathway1732,abstraction:NextStepPathway,reactome:Pathway1741,3.9226498839097608
reactome:Pathway1735,abstraction:NextStepPathway,reactome:Pathway1543,5.584047535274572
reactome:Pathway1412,abstraction:NextStepPathway,reactome:Pathway1451,4.860263385252737
reactome:Pathway2234,abstraction:NextStepPathway,reactome:Pathway292,4.365514579617306
reactome:Pathway484,abstraction:NextStepPathway,reactome:Pathway511,5.49481640154663
reactome:Pathway1856,abstraction:NextStepPathway,reactome:Pathway1533,4.331919689061589
reactome:Pathway1619,abstraction:NextStepPathway,reactome:Pathway1390,4.025669026453947
reactome:Pathway506,abstraction:NextStepPathway,reactome:Pathway1282,4.6938726505309765
reactome:Pathway286,abstraction:NextStepPathway,reactome:Pathway130,4.197753174154681
reactome:Pathway1851,abstraction:NextStepPathway,reactome:Pathway1225,3.774666464696698
reactome:Pathway81,abstraction:NextStepPathway,reactome:Pathway1208,4.2969598242381295
reactome:Pathway2706,abstraction:NextStepPathway,reactome:Pathway1878,5.253944746938839
reactome:Pathway1080,abstraction:NextStepPathway,reactome:Pathway1074,5.523684385547481
reactome:Pathway1858,abstraction:NextStepPathway,reactome:Pathway1857,4.195533417416368
reactome:Pathway2413,abstraction:NextStepPathway,reactome:Pathway2416,5.253944746938839
reactome:Pathway1329,abstraction:NextStepPathway,reactome:Pathway1336,6.187963582106574
reactome:Pathway1735,abstraction:NextStepPathway,reactome:Pathway1209,5.4588843923205665
reactome:Pathway288,abstraction:NextStepPathway,reactome:Pathway286,4.338293196933681
reactome:Pathway1606,abstraction:NextStepPathway,reactome:Pathway1447,3.0753520235225573
reactome:Pathway1209,abstraction:NextStepPathway,reactome:Pathway2555,4.783541836394128
reactome:Pathway2365,abstraction:NextStepPathway,reactome:Pathway2558,4.353757422631263
reactome:Pathway1597,abstraction:NextStepPathway,reactome:Pathway2585,4.5998904921701715
reactome:Pathway1742,abstraction:NextStepPathway,reactome:Pathway1745,5.026338325609731
reactome:Pathway1622,abstraction:NextStepPathway,reactome:Pathway1619,3.5855750561284037
reactome:Pathway1480,abstraction:NextStepPathway,reactome:Pathway1473,4.237418430547113
reactome:Pathway2534,abstraction:NextStepPathway,reactome:Pathway2651,4.573659480021302
reactome:Pathway2367,abstraction:NextStepPathway,reactome:Pathway2397,4.911103062032146
reactome:Pathway1195,abstraction:NextStepPathway,reactome:Pathway1197,5.412899279078743
reactome:Pathway2555,abstraction:NextStepPathway,reactome:Pathway2589,4.625123117650896
reactome:Pathway2361,abstraction:NextStepPathway,reactome:Pathway2383,5.039142597855719
reactome:Pathway267,abstraction:NextStepPathway,reactome:Pathway2821,3.502940714275675
reactome:Pathway2186,abstraction:NextStepPathway,reactome:Pathway2185,6.478359360429952
reactome:Pathway1849,abstraction:NextStepPathway,reactome:Pathway1850,3.8684494270120813
reactome:Pathway2144,abstraction:NextStepPathway,reactome:Pathway1512,5.313172581139172
reactome:Pathway287,abstraction:NextStepPathway,reactome:Pathway1904,4.376082709679099
reactome:Pathway2000,abstraction:NextStepPathway,reactome:Pathway2001,5.125217206626962
reactome:Pathway1233,abstraction:NextStepPathway,reactome:Pathway130,4.470729099216767
reactome:Pathway1521,abstraction:NextStepPathway,reactome:Pathway1234,4.73865625315795
reactome:Pathway2006,abstraction:NextStepPathway,reactome:Pathway1996,5.653040406761524
reactome:Pathway2730,abstraction:NextStepPathway,reactome:Pathway2731,5.250754951570739
reactome:Pathway1855,abstraction:NextStepPathway,reactome:Pathway1619,3.568256020671192
reactome:Pathway1860,abstraction:NextStepPathway,reactome:Pathway1715,3.9871321478393624
reactome:Pathway247,abstraction:NextStepPathway,reactome:Pathway2598,4.256088751167645
reactome:Pathway1462,abstraction:NextStepPathway,reactome:Pathway1687,5.841092638264463
reactome:Pathway2204,abstraction:NextStepPathway,reactome:Pathway2030,6.4254369589756095
reactome:Pathway2376,abstraction:NextStepPathway,reactome:Pathway2377,4.191108631436013
reactome:Pathway1820,abstraction:NextStepPathway,reactome:Pathway1822,3.87808805584985
reactome:Pathway1588,abstraction:NextStepPathway,reactome:Pathway179,4.238575168674937
reactome:Pathway2121,abstraction:NextStepPathway,reactome:Pathway2122,6.237974002681236
reactome:Pathway1055,abstraction:NextStepPathway,reactome:Pathway1057,6.155960851020401
reactome:Pathway631,abstraction:NextStepPathway,reactome:Pathway633,5.427993905301228
reactome:Pathway1330,abstraction:NextStepPathway,reactome:Pathway1335,6.2727601187666515
reactome:Pathway1883,abstraction:NextStepPathway,reactome:Pathway1220,4.151081654845535
reactome:Pathway320,abstraction:NextStepPathway,reactome:Pathway322,5.812762131638237
reactome:Pathway1454,abstraction:NextStepPathway,reactome:Pathway1464,5.351173699317786
reactome:Pathway2759,abstraction:NextStepPathway,reactome:Pathway2756,4.238575168674937
reactome:Pathway2080,abstraction:NextStepPathway,reactome:Pathway2324,4.948058768554575
reactome:Pathway2198,abstraction:NextStepPathway,reactome:Pathway1429,5.195012968562504
reactome:Pathway1631,abstraction:NextStepPathway,reactome:Pathway2541,3.69832559534106
reactome:Pathway2198,abstraction:NextStepPathway,reactome:Pathway1750,3.9799572291670673
reactome:Pathway248,abstraction:NextStepPathway,reactome:Pathway2556,4.075535541430432
reactome:Pathway2167,abstraction:NextStepPathway,reactome:Pathway380,4.73294738893763
reactome:Pathway2202,abstraction:NextStepPathway,reactome:Pathway1234,4.70119869062305
reactome:Pathway2291,abstraction:NextStepPathway,reactome:Pathway2292,7.068322304754666
reactome:Pathway136,abstraction:NextStepPathway,reactome:Pathway129,4.672211153749798
reactome:Pathway2569,abstraction:NextStepPathway,reactome:Pathway2578,4.948058768554575
reactome:Pathway1637,abstraction:NextStepPathway,reactome:Pathway2541,4.137390024427591
reactome:Pathway1668,abstraction:NextStepPathway,reactome:Pathway2744,5.409160956968136
reactome:Pathway2215,abstraction:NextStepPathway,reactome:Pathway2218,4.510943006153675
reactome:Pathway520,abstraction:NextStepPathway,reactome:Pathway1261,5.412899279078743
reactome:Pathway2272,abstraction:NextStepPathway,reactome:Pathway100,4.603218282262846
reactome:Pathway2236,abstraction:NextStepPathway,reactome:Pathway269,4.135300159508132
reactome:Pathway2543,abstraction:NextStepPathway,reactome:Pathway509,4.509424402976485
reactome:Pathway1429,abstraction:NextStepPathway,reactome:Pathway1534,5.575197919997589
reactome:Pathway1931,abstraction:NextStepPathway,reactome:Pathway1933,4.429264975139408
reactome:Pathway75,abstraction:NextStepPathway,reactome:Pathway76,4.638845459905997
reactome:Pathway1697,abstraction:NextStepPathway,reactome:Pathway1694,3.807965878765747
reactome:Pathway2112,abstraction:NextStepPathway,reactome:Pathway102,4.97670034451796
reactome:Pathway1395,abstraction:NextStepPathway,reactome:Pathway1398,6.187963582106574
reactome:Pathway1735,abstraction:NextStepPathway,reactome:Pathway1442,5.383376839812421
reactome:Pathway1856,abstraction:NextStepPathway,reactome:Pathway1233,4.161742736631648
reactome:Pathway2386,abstraction:NextStepPathway,reactome:Pathway2383,4.404367423517681
reactome:Pathway1356,abstraction:NextStepPathway,reactome:Pathway1360,5.210187766581739
reactome:Pathway2358,abstraction:NextStepPathway,reactome:Pathway2558,5.062611732396566
reactome:Pathway2221,abstraction:NextStepPathway,reactome:Pathway2222,3.326924816357284
reactome:Pathway2339,abstraction:NextStepPathway,reactome:Pathway2301,5.365358334309743
reactome:Pathway1903,abstraction:NextStepPathway,reactome:Pathway1910,3.7340191579225412
reactome:Pathway2114,abstraction:NextStepPathway,reactome:Pathway2128,5.7271483789152455
reactome:Pathway1347,abstraction:NextStepPathway,reactome:Pathway1851,5.023797028181058
reactome:Pathway1920,abstraction:NextStepPathway,reactome:Pathway1921,3.8660542162861264
reactome:Pathway2617,abstraction:NextStepPathway,reactome:Pathway1106,3.1614103778797102
reactome:Pathway2397,abstraction:NextStepPathway,reactome:Pathway2399,4.482476664566717
reactome:Pathway134,abstraction:NextStepPathway,reactome:Pathway1533,5.23182694168522
reactome:Pathway1449,abstraction:NextStepPathway,reactome:Pathway1451,5.2668066605812465
reactome:Pathway2752,abstraction:NextStepPathway,reactome:Pathway1629,4.113616294948482
reactome:Pathway2126,abstraction:NextStepPathway,reactome:Pathway2129,6.155960851020401
reactome:Pathway1433,abstraction:NextStepPathway,reactome:Pathway1440,4.820131283826419
reactome:Pathway338,abstraction:NextStepPathway,reactome:Pathway339,6.023414195058418
reactome:Pathway1631,abstraction:NextStepPathway,reactome:Pathway579,4.027541686177239
reactome:Pathway2499,abstraction:NextStepPathway,reactome:Pathway2358,5.011186520589129
reactome:Pathway2554,abstraction:NextStepPathway,reactome:Pathway247,4.481000649538597
reactome:Pathway1750,abstraction:NextStepPathway,reactome:Pathway1631,3.4766666249054947
reactome:Pathway1817,abstraction:NextStepPathway,reactome:Pathway1816,5.49481640154663
reactome:Pathway1642,abstraction:NextStepPathway,reactome:Pathway524,4.692049495969462
reactome:Pathway484,abstraction:NextStepPathway,reactome:Pathway1528,5.566425933924752
reactome:Pathway2102,abstraction:NextStepPathway,reactome:Pathway2219,5.023797028181058
reactome:Pathway247,abstraction:NextStepPathway,reactome:Pathway1741,4.023799867031244
reactome:Pathway1931,abstraction:NextStepPathway,reactome:Pathway1414,4.378742285714858
reactome:Pathway2368,abstraction:NextStepPathway,reactome:Pathway2365,4.0331807988650095
reactome:Pathway1700,abstraction:NextStepPathway,reactome:Pathway1927,3.535638102842465
reactome:Pathway1798,abstraction:NextStepPathway,reactome:Pathway1792,3.611201839860555
reactome:Pathway1427,abstraction:NextStepPathway,reactome:Pathway1735,3.1376507402484473
reactome:Pathway1528,abstraction:NextStepPathway,reactome:Pathway2086,6.221024444367463
reactome:Pathway1572,abstraction:NextStepPathway,reactome:Pathway1574,3.9862324626684646
reactome:Pathway1217,abstraction:NextStepPathway,reactome:Pathway1219,4.068676131879539
reactome:Pathway134,abstraction:NextStepPathway,reactome:Pathway1531,6.221024444367463
reactome:Pathway2335,abstraction:NextStepPathway,reactome:Pathway2012,5.253944746938839
reactome:Pathway2676,abstraction:NextStepPathway,reactome:Pathway2680,6.534239818824409
reactome:Pathway1433,abstraction:NextStepPathway,reactome:Pathway1438,4.853818679810095
reactome:Pathway1819,abstraction:NextStepPathway,reactome:Pathway1822,3.7974867409557547
reactome:Pathway1634,abstraction:NextStepPathway,reactome:Pathway2134,4.717881190582986
reactome:Pathway348,abstraction:NextStepPathway,reactome:Pathway1973,5.894202463578412
reactome:Pathway2397,abstraction:NextStepPathway,reactome:Pathway2409,4.106491582876357
reactome:Pathway2757,abstraction:NextStepPathway,reactome:Pathway2785,3.9898360701717634
reactome:Pathway1531,abstraction:NextStepPathway,reactome:Pathway1234,5.25714474966951
reactome:Pathway2644,abstraction:NextStepPathway,reactome:Pathway2662,4.464906666465334
reactome:Pathway2600,abstraction:NextStepPathway,reactome:Pathway2599,4.6285360902471355
reactome:Pathway1375,abstraction:NextStepPathway,reactome:Pathway1386,6.696082844274823
reactome:Pathway1700,abstraction:NextStepPathway,reactome:Pathway1703,4.106491582876357
reactome:Pathway1775,abstraction:NextStepPathway,reactome:Pathway1205,3.608116369964401
reactome:Pathway2163,abstraction:NextStepPathway,reactome:Pathway2165,5.466758448751472
reactome:Pathway269,abstraction:NextStepPathway,reactome:Pathway2541,3.946562210285316
reactome:Pathway1735,abstraction:NextStepPathway,reactome:Pathway1732,4.1845079474046605
reactome:Pathway2074,abstraction:NextStepPathway,reactome:Pathway405,3.7187622739087094
reactome:Pathway2085,abstraction:NextStepPathway,reactome:Pathway2324,6.467548444325736
reactome:Pathway2474,abstraction:NextStepPathway,reactome:Pathway2468,5.611076207662491
reactome:Pathway2810,abstraction:NextStepPathway,reactome:Pathway2818,4.495859763942347
reactome:Pathway2160,abstraction:NextStepPathway,reactome:Pathway2318,4.783541836394128
reactome:Pathway2275,abstraction:NextStepPathway,reactome:Pathway2226,5.379747071761843
reactome:Pathway1494,abstraction:NextStepPathway,reactome:Pathway1234,5.210187766581739
reactome:Pathway1195,abstraction:NextStepPathway,reactome:Pathway1198,5.597470555606713
reactome:Pathway520,abstraction:NextStepPathway,reactome:Pathway523,5.0365685938605465
reactome:Pathway253,abstraction:NextStepPathway,reactome:Pathway266,4.598230740751807
reactome:Pathway2365,abstraction:NextStepPathway,reactome:Pathway2544,4.265556277506044
reactome:Pathway1965,abstraction:NextStepPathway,reactome:Pathway1966,4.991334752036398
reactome:Pathway1856,abstraction:NextStepPathway,reactome:Pathway132,4.486917826566685
reactome:Pathway172,abstraction:NextStepPathway,reactome:Pathway134,4.606557183528361
reactome:Pathway1626,abstraction:NextStepPathway,reactome:Pathway1539,5.918743572494529
reactome:Pathway492,abstraction:NextStepPathway,reactome:Pathway1545,5.1771020419959735
reactome:Pathway2686,abstraction:NextStepPathway,reactome:Pathway2687,5.42041811149277
reactome:Pathway1331,abstraction:NextStepPathway,reactome:Pathway1335,6.237974002681236
reactome:Pathway524,abstraction:NextStepPathway,reactome:Pathway1530,4.78954786045434
reactome:Pathway172,abstraction:NextStepPathway,reactome:Pathway1530,4.415356545093276
reactome:Pathway2198,abstraction:NextStepPathway,reactome:Pathway1856,4.479526809920296
reactome:Pathway2569,abstraction:NextStepPathway,reactome:Pathway2576,4.659788633751241
reactome:Pathway1440,abstraction:NextStepPathway,reactome:Pathway1689,5.60198523596124
reactome:Pathway493,abstraction:NextStepPathway,reactome:Pathway1427,3.0259592681929806
reactome:Pathway371,abstraction:NextStepPathway,reactome:Pathway372,6.148117673559375
reactome:Pathway2673,abstraction:NextStepPathway,reactome:Pathway2706,5.319975328461925
reactome:Pathway2273,abstraction:NextStepPathway,reactome:Pathway2272,4.929410209476503
reactome:Pathway1382,abstraction:NextStepPathway,reactome:Pathway133,4.853818679810095
reactome:Pathway2365,abstraction:NextStepPathway,reactome:Pathway2358,4.3602721036524565
reactome:Pathway1344,abstraction:NextStepPathway,reactome:Pathway1347,6.795455318088027
reactome:Pathway1321,abstraction:NextStepPathway,reactome:Pathway1851,4.981554722982758
reactome:Pathway1551,abstraction:NextStepPathway,reactome:Pathway1552,6.187963582106574
reactome:Pathway2589,abstraction:NextStepPathway,reactome:Pathway2591,5.092064999310061
reactome:Pathway1555,abstraction:NextStepPathway,reactome:Pathway2789,4.714149842970127
reactome:Pathway1635,abstraction:NextStepPathway,reactome:Pathway2136,5.139361714013127
reactome:Pathway2810,abstraction:NextStepPathway,reactome:Pathway2812,4.1606714992501495
reactome:Pathway2147,abstraction:NextStepPathway,reactome:Pathway2144,4.411221459945473
reactome:Pathway2544,abstraction:NextStepPathway,reactome:Pathway2677,5.247575298653359
reactome:Pathway267,abstraction:NextStepPathway,reactome:Pathway2228,4.604886339363543
reactome:Pathway1140,abstraction:NextStepPathway,reactome:Pathway1141,5.24440572389208
reactome:Pathway2096,abstraction:NextStepPathway,reactome:Pathway2222,3.4199585195344517
reactome:Pathway1832,abstraction:NextStepPathway,reactome:Pathway389,4.929410209476503
reactome:Pathway1449,abstraction:NextStepPathway,reactome:Pathway1452,5.23182694168522
reactome:Pathway2746,abstraction:NextStepPathway,reactome:Pathway1850,3.884565811294539
reactome:Pathway286,abstraction:NextStepPathway,reactome:Pathway1522,3.461652938065527
reactome:Pathway1591,abstraction:NextStepPathway,reactome:Pathway1592,5.111269979146112
reactome:Pathway2789,abstraction:NextStepPathway,reactome:Pathway1555,4.714149842970127
reactome:Pathway2638,abstraction:NextStepPathway,reactome:Pathway72,6.318016710354772
reactome:Pathway1354,abstraction:NextStepPathway,reactome:Pathway1358,6.171834200176691
reactome:Pathway2503,abstraction:NextStepPathway,reactome:Pathway2365,3.223612909293752
reactome:Pathway1446,abstraction:NextStepPathway,reactome:Pathway1635,5.507086494138444
reactome:Pathway19,abstraction:NextStepPathway,reactome:Pathway20,5.870249222555919
reactome:Pathway2682,abstraction:NextStepPathway,reactome:Pathway2684,7.068322304754666
reactome:Pathway2366,abstraction:NextStepPathway,reactome:Pathway2367,6.5228111230007855
reactome:Pathway493,abstraction:NextStepPathway,reactome:Pathway1861,4.494363877350764
reactome:Pathway493,abstraction:NextStepPathway,reactome:Pathway2196,4.102442994350357
reactome:Pathway2028,abstraction:NextStepPathway,reactome:Pathway2036,4.73294738893763
reactome:Pathway2175,abstraction:NextStepPathway,reactome:Pathway2081,4.9598932262015785
reactome:Pathway134,abstraction:NextStepPathway,reactome:Pathway1233,4.84105254898706
reactome:Pathway539,abstraction:NextStepPathway,reactome:Pathway537,4.205561356602494
reactome:Pathway2365,abstraction:NextStepPathway,reactome:Pathway2500,2.6078379282094453
reactome:Pathway1522,abstraction:NextStepPathway,reactome:Pathway1537,3.6261460781288317
reactome:Pathway134,abstraction:NextStepPathway,reactome:Pathway1609,5.7478745094323624
reactome:Pathway1705,abstraction:NextStepPathway,reactome:Pathway2669,5.742652565451211
reactome:Pathway184,abstraction:NextStepPathway,reactome:Pathway1533,4.330649847621113
reactome:Pathway2117,abstraction:NextStepPathway,reactome:Pathway2112,5.011186520589129
reactome:Pathway1860,abstraction:NextStepPathway,reactome:Pathway1741,3.72428333693246
reactome:Pathway2756,abstraction:NextStepPathway,reactome:Pathway2751,3.847879081446453
reactome:Pathway2500,abstraction:NextStepPathway,reactome:Pathway2555,2.63610592555693
reactome:Pathway184,abstraction:NextStepPathway,reactome:Pathway436,4.331919689061589
reactome:Pathway587,abstraction:NextStepPathway,reactome:Pathway589,4.063805201644943
reactome:Pathway2380,abstraction:NextStepPathway,reactome:Pathway2388,5.145076015276565
reactome:Pathway1912,abstraction:NextStepPathway,reactome:Pathway1921,4.0191421967572625
reactome:Pathway1234,abstraction:NextStepPathway,reactome:Pathway134,5.156603520447632
reactome:Pathway1948,abstraction:NextStepPathway,reactome:Pathway1943,5.7220332782484755
reactome:Pathway1856,abstraction:NextStepPathway,reactome:Pathway172,4.026604917958852
reactome:Pathway1606,abstraction:NextStepPathway,reactome:Pathway2577,3.224452187563747
reactome:Pathway2358,abstraction:NextStepPathway,reactome:Pathway2544,4.886465757646762
reactome:Pathway1526,abstraction:NextStepPathway,reactome:Pathway1529,4.875464546584787
reactome:Pathway111,abstraction:NextStepPathway,reactome:Pathway2330,6.308800055249849
reactome:Pathway2556,abstraction:NextStepPathway,reactome:Pathway2543,4.652758727822982
reactome:Pathway1529,abstraction:NextStepPathway,reactome:Pathway1536,5.105745103214142
reactome:Pathway1390,abstraction:NextStepPathway,reactome:Pathway1539,5.90639773667223
reactome:Pathway184,abstraction:NextStepPathway,reactome:Pathway1531,4.613268618116347
reactome:Pathway1887,abstraction:NextStepPathway,reactome:Pathway1478,4.824280667373231
reactome:Pathway2261,abstraction:NextStepPathway,reactome:Pathway518,3.966641453191295
reactome:Pathway1540,abstraction:NextStepPathway,reactome:Pathway2198,5.624869529794827
reactome:Pathway2158,abstraction:NextStepPathway,reactome:Pathway2157,4.394850016530791
reactome:Pathway1234,abstraction:NextStepPathway,reactome:Pathway1520,4.400277438266156
reactome:Pathway271,abstraction:NextStepPathway,reactome:Pathway275,3.5741942804014513
reactome:Pathway1776,abstraction:NextStepPathway,reactome:Pathway1835,5.289720920104123
reactome:Pathway2077,abstraction:NextStepPathway,reactome:Pathway2150,4.377411613529152
reactome:Pathway1234,abstraction:NextStepPathway,reactome:Pathway1532,5.216322755149255
reactome:Pathway2293,abstraction:NextStepPathway,reactome:Pathway2292,6.957096669644442
reactome:Pathway1861,abstraction:NextStepPathway,reactome:Pathway2211,4.166039198665154
reactome:Pathway1555,abstraction:NextStepPathway,reactome:Pathway2584,4.270323866989517
reactome:Pathway2673,abstraction:NextStepPathway,reactome:Pathway2681,7.108327639368365
reactome:Pathway1431,abstraction:NextStepPathway,reactome:Pathway1631,3.518029013926877
reactome:Pathway1969,abstraction:NextStepPathway,reactome:Pathway345,5.801650906213166
reactome:Pathway1229,abstraction:NextStepPathway,reactome:Pathway1895,5.313172581139172
reactome:Pathway2060,abstraction:NextStepPathway,reactome:Pathway1233,4.673998464323893
reactome:Pathway1533,abstraction:NextStepPathway,reactome:Pathway184,4.330649847621113
reactome:Pathway2298,abstraction:NextStepPathway,reactome:Pathway292,4.588329669769095
reactome:Pathway1835,abstraction:NextStepPathway,reactome:Pathway1840,5.807191086588782
reactome:Pathway2073,abstraction:NextStepPathway,reactome:Pathway2594,4.309305660060429
reactome:Pathway1533,abstraction:NextStepPathway,reactome:Pathway1393,4.4462145334531815
reactome:Pathway2541,abstraction:NextStepPathway,reactome:Pathway2134,4.048375773080081
reactome:Pathway1576,abstraction:NextStepPathway,reactome:Pathway2383,5.044310568014161
reactome:Pathway179,abstraction:NextStepPathway,reactome:Pathway1752,4.60823082408639
reactome:Pathway286,abstraction:NextStepPathway,reactome:Pathway135,4.308064194972364
reactome:Pathway286,abstraction:NextStepPathway,reactome:Pathway1529,4.309305660060429
reactome:Pathway2554,abstraction:NextStepPathway,reactome:Pathway2558,5.562068628555797
reactome:Pathway253,abstraction:NextStepPathway,reactome:Pathway444,4.5293484336963905
reactome:Pathway1732,abstraction:NextStepPathway,reactome:Pathway1735,4.1845079474046605
reactome:Pathway1735,abstraction:NextStepPathway,reactome:Pathway224,4.6704270319562955
reactome:Pathway2318,abstraction:NextStepPathway,reactome:Pathway2150,4.292063853625923
reactome:Pathway2675,abstraction:NextStepPathway,reactome:Pathway2680,6.308800055249849
reactome:Pathway1229,abstraction:NextStepPathway,reactome:Pathway267,4.333191145049786
reactome:Pathway1642,abstraction:NextStepPathway,reactome:Pathway1233,4.541809654134203
reactome:Pathway1750,abstraction:NextStepPathway,reactome:Pathway1429,3.9285745732674604
reactome:Pathway437,abstraction:NextStepPathway,reactome:Pathway439,5.313172581139172
reactome:Pathway1330,abstraction:NextStepPathway,reactome:Pathway1333,5.247575298653359
reactome:Pathway2669,abstraction:NextStepPathway,reactome:Pathway2668,5.293037672730117
reactome:Pathway2484,abstraction:NextStepPathway,reactome:Pathway2486,4.246710018881212
reactome:Pathway489,abstraction:NextStepPathway,reactome:Pathway1522,3.749512425580312
reactome:Pathway2569,abstraction:NextStepPathway,reactome:Pathway2575,4.948058768554575
reactome:Pathway2556,abstraction:NextStepPathway,reactome:Pathway2559,4.4071034033365555
reactome:Pathway1515,abstraction:NextStepPathway,reactome:Pathway1520,4.540243483101458
reactome:Pathway2247,abstraction:NextStepPathway,reactome:Pathway269,4.585050978307397
reactome:Pathway2688,abstraction:NextStepPathway,reactome:Pathway2693,5.125217206626962
reactome:Pathway1802,abstraction:NextStepPathway,reactome:Pathway1808,3.6882617734018277
reactome:Pathway2569,abstraction:NextStepPathway,reactome:Pathway2571,4.871097727418447
reactome:Pathway2671,abstraction:NextStepPathway,reactome:Pathway2695,5.653040406761524
reactome:Pathway1428,abstraction:NextStepPathway,reactome:Pathway1608,4.304349020420501
reactome:Pathway2358,abstraction:NextStepPathway,reactome:Pathway2365,4.3602721036524565
reactome:Pathway2376,abstraction:NextStepPathway,reactome:Pathway2378,4.721626513313148
reactome:Pathway1261,abstraction:NextStepPathway,reactome:Pathway520,5.412899279078743
reactome:Pathway2047,abstraction:NextStepPathway,reactome:Pathway2043,5.376130431291654
reactome:Pathway1520,abstraction:NextStepPathway,reactome:Pathway2203,4.645777896681642
reactome:Pathway1343,abstraction:NextStepPathway,reactome:Pathway1346,5.870249222555919
reactome:Pathway1477,abstraction:NextStepPathway,reactome:Pathway2380,4.581783001542781
reactome:Pathway277,abstraction:NextStepPathway,reactome:Pathway2657,3.969290461362872
reactome:Pathway1198,abstraction:NextStepPathway,reactome:Pathway1202,5.159506280105594
reactome:Pathway1384,abstraction:NextStepPathway,reactome:Pathway1642,5.219404421686663
reactome:Pathway296,abstraction:NextStepPathway,reactome:Pathway301,3.7424402603189497
reactome:Pathway1855,abstraction:NextStepPathway,reactome:Pathway1858,4.182317366024843
reactome:Pathway1983,abstraction:NextStepPathway,reactome:Pathway530,4.2691298369969095
reactome:Pathway2041,abstraction:NextStepPathway,reactome:Pathway2050,5.943902132130685
reactome:Pathway267,abstraction:NextStepPathway,reactome:Pathway184,4.016357972220858
reactome:Pathway1526,abstraction:NextStepPathway,reactome:Pathway1861,4.811883814396403
reactome:Pathway1526,abstraction:NextStepPathway,reactome:Pathway2196,4.304349020420501
reactome:Pathway1981,abstraction:NextStepPathway,reactome:Pathway1421,4.682983250731708
reactome:Pathway2517,abstraction:NextStepPathway,reactome:Pathway2518,4.548098983041767
reactome:Pathway1233,abstraction:NextStepPathway,reactome:Pathway1529,4.621721753827406
reactome:Pathway1233,abstraction:NextStepPathway,reactome:Pathway135,4.618331920072894
reactome:Pathway482,abstraction:NextStepPathway,reactome:Pathway1861,5.474694998347209
reactome:Pathway2008,abstraction:NextStepPathway,reactome:Pathway2211,4.290843597220694
reactome:Pathway1198,abstraction:NextStepPathway,reactome:Pathway1205,3.649631765644994
reactome:Pathway276,abstraction:NextStepPathway,reactome:Pathway277,4.843168951893437
reactome:Pathway492,abstraction:NextStepPathway,reactome:Pathway1543,5.1653372004163876
reactome:Pathway184,abstraction:NextStepPathway,reactome:Pathway1609,4.507908102458521
reactome:Pathway1631,abstraction:NextStepPathway,reactome:Pathway2557,4.126984103266474
reactome:Pathway2377,abstraction:NextStepPathway,reactome:Pathway2386,4.222501343843875
reactome:Pathway1363,abstraction:NextStepPathway,reactome:Pathway1365,5.8239982049051635
reactome:Pathway1393,abstraction:NextStepPathway,reactome:Pathway2600,4.60823082408639
reactome:Pathway1824,abstraction:NextStepPathway,reactome:Pathway1777,4.862420883392758
reactome:Pathway1638,abstraction:NextStepPathway,reactome:Pathway1732,4.028479332753203
reactome:Pathway2079,abstraction:NextStepPathway,reactome:Pathway2081,4.264367923236666
reactome:Pathway1532,abstraction:NextStepPathway,reactome:Pathway1521,5.210187766581739
reactome:Pathway1477,abstraction:NextStepPathway,reactome:Pathway447,4.333191145049786
reactome:Pathway286,abstraction:NextStepPathway,reactome:Pathway1861,4.2969598242381295
reactome:Pathway1101,abstraction:NextStepPathway,reactome:Pathway1104,4.333191145049786
reactome:Pathway1427,abstraction:NextStepPathway,reactome:Pathway1631,2.9012011885356523
reactome:Pathway1808,abstraction:NextStepPathway,reactome:Pathway1779,5.073221911508582
reactome:Pathway1347,abstraction:NextStepPathway,reactome:Pathway1642,5.316568170140311
reactome:Pathway2302,abstraction:NextStepPathway,reactome:Pathway2304,5.532087796343861
reactome:Pathway128,abstraction:NextStepPathway,reactome:Pathway130,4.712289377317208
reactome:Pathway1806,abstraction:NextStepPathway,reactome:Pathway1807,5.1980295621019295
reactome:Pathway466,abstraction:NextStepPathway,reactome:Pathway1188,3.271292113626449
reactome:Pathway1119,abstraction:NextStepPathway,reactome:Pathway1091,4.278722236688349
reactome:Pathway1385,abstraction:NextStepPathway,reactome:Pathway1428,4.358965767738401
reactome:Pathway2417,abstraction:NextStepPathway,reactome:Pathway2418,2.6330802046403927
reactome:Pathway1731,abstraction:NextStepPathway,reactome:Pathway1233,4.439117271582419
reactome:Pathway107,abstraction:NextStepPathway,reactome:Pathway1959,6.080167011650867
reactome:Pathway1943,abstraction:NextStepPathway,reactome:Pathway1871,5.7744012637657915
reactome:Pathway1603,abstraction:NextStepPathway,reactome:Pathway2091,5.00121137553231
reactome:Pathway2386,abstraction:NextStepPathway,reactome:Pathway420,4.824280667373231
reactome:Pathway2391,abstraction:NextStepPathway,reactome:Pathway2548,4.783541836394128
reactome:Pathway1742,abstraction:NextStepPathway,reactome:Pathway1744,4.996260870372454
reactome:Pathway39,abstraction:NextStepPathway,reactome:Pathway58,3.8049606173002837
reactome:Pathway310,abstraction:NextStepPathway,reactome:Pathway312,2.665676382878049
reactome:Pathway2082,abstraction:NextStepPathway,reactome:Pathway2175,5.858484380976332
reactome:Pathway1750,abstraction:NextStepPathway,reactome:Pathway1856,3.6736823236386704
reactome:Pathway47,abstraction:NextStepPathway,reactome:Pathway43,4.464906666465334
reactome:Pathway1124,abstraction:NextStepPathway,reactome:Pathway1103,4.334464219696584
reactome:Pathway2499,abstraction:NextStepPathway,reactome:Pathway248,4.418122798586166
reactome:Pathway1631,abstraction:NextStepPathway,reactome:Pathway1428,3.680283007670022
reactome:Pathway1750,abstraction:NextStepPathway,reactome:Pathway1754,4.003466449302453
reactome:Pathway1552,abstraction:NextStepPathway,reactome:Pathway1554,4.845289843462575
reactome:Pathway1609,abstraction:NextStepPathway,reactome:Pathway2380,5.057348562352291
reactome:Pathway2112,abstraction:NextStepPathway,reactome:Pathway2544,4.853818679810095
reactome:Pathway2065,abstraction:NextStepPathway,reactome:Pathway2070,6.009715350700256
reactome:Pathway1331,abstraction:NextStepPathway,reactome:Pathway1333,5.234956834694148
reactome:Pathway1531,abstraction:NextStepPathway,reactome:Pathway134,6.221024444367463
reactome:Pathway1861,abstraction:NextStepPathway,reactome:Pathway1588,4.345995417295773
reactome:Pathway1977,abstraction:NextStepPathway,reactome:Pathway2203,5.174147830098542
reactome:Pathway2117,abstraction:NextStepPathway,reactome:Pathway2121,5.62950990935133
reactome:Pathway2080,abstraction:NextStepPathway,reactome:Pathway2083,5.008683390371011
reactome:Pathway1832,abstraction:NextStepPathway,reactome:Pathway1785,4.3370152414881895
reactome:Pathway248,abstraction:NextStepPathway,reactome:Pathway2511,4.100424830194119
reactome:Pathway1931,abstraction:NextStepPathway,reactome:Pathway1934,4.164963351331691
reactome:Pathway2226,abstraction:NextStepPathway,reactome:Pathway2220,5.7690393206244055
reactome:Pathway1783,abstraction:NextStepPathway,reactome:Pathway1855,4.370784684041544
reactome:Pathway1631,abstraction:NextStepPathway,reactome:Pathway2675,4.156397988472768
reactome:Pathway222,abstraction:NextStepPathway,reactome:Pathway2812,4.306824269209043
reactome:Pathway2196,abstraction:NextStepPathway,reactome:Pathway1752,4.252561410649677
reactome:Pathway241,abstraction:NextStepPathway,reactome:Pathway244,4.672211153749798
reactome:Pathway2436,abstraction:NextStepPathway,reactome:Pathway2434,4.5949194794481505
reactome:Pathway1910,abstraction:NextStepPathway,reactome:Pathway2680,4.1845079474046605
reactome:Pathway2533,abstraction:NextStepPathway,reactome:Pathway2654,4.773611268191527
reactome:Pathway2098,abstraction:NextStepPathway,reactome:Pathway2222,3.4199585195344517
reactome:Pathway1781,abstraction:NextStepPathway,reactome:Pathway1627,5.686941958437205
reactome:Pathway1963,abstraction:NextStepPathway,reactome:Pathway103,5.100250583896501
reactome:Pathway179,abstraction:NextStepPathway,reactome:Pathway1982,4.727270930932825
reactome:Pathway1804,abstraction:NextStepPathway,reactome:Pathway1805,4.25491158799463
reactome:Pathway1855,abstraction:NextStepPathway,reactome:Pathway1856,3.880512299461356
reactome:Pathway1233,abstraction:NextStepPathway,reactome:Pathway2196,4.1845079474046605
reactome:Pathway372,abstraction:NextStepPathway,reactome:Pathway380,5.0314403774936265
reactome:Pathway2202,abstraction:NextStepPathway,reactome:Pathway2203,5.083945874871557
reactome:Pathway1991,abstraction:NextStepPathway,reactome:Pathway1990,5.49481640154663
reactome:Pathway1520,abstraction:NextStepPathway,reactome:Pathway1977,4.411221459945473
reactome:Pathway2619,abstraction:NextStepPathway,reactome:Pathway2620,3.4077818089591965
reactome:Pathway1883,abstraction:NextStepPathway,reactome:Pathway1892,4.233956222818642
reactome:Pathway1642,abstraction:NextStepPathway,reactome:Pathway172,4.347284908125645
reactome:Pathway1429,abstraction:NextStepPathway,reactome:Pathway1891,4.277518142623544
reactome:Pathway2500,abstraction:NextStepPathway,reactome:Pathway2363,2.687031234659739
reactome:Pathway2691,abstraction:NextStepPathway,reactome:Pathway2693,5.011186520589129
reactome:Pathway2621,abstraction:NextStepPathway,reactome:Pathway2622,3.296237727862681
reactome:Pathway1792,abstraction:NextStepPathway,reactome:Pathway1793,3.8269561949923943
reactome:Pathway1735,abstraction:NextStepPathway,reactome:Pathway493,4.55284207493778
reactome:Pathway1429,abstraction:NextStepPathway,reactome:Pathway2211,4.163888660201925
reactome:Pathway2023,abstraction:NextStepPathway,reactome:Pathway2022,3.4158831190899335
reactome:Pathway2117,abstraction:NextStepPathway,reactome:Pathway2118,5.478687019616746
reactome:Pathway1098,abstraction:NextStepPathway,reactome:Pathway1099,3.155907219337181
reactome:Pathway1529,abstraction:NextStepPathway,reactome:Pathway1533,4.964666504954236
reactome:Pathway1914,abstraction:NextStepPathway,reactome:Pathway1305,3.87728127887991
reactome:Pathway145,abstraction:NextStepPathway,reactome:Pathway1522,3.736117794579463
reactome:Pathway2066,abstraction:NextStepPathway,reactome:Pathway2067,7.150000335768934
reactome:Pathway1793,abstraction:NextStepPathway,reactome:Pathway1795,4.618331920072894
reactome:Pathway2203,abstraction:NextStepPathway,reactome:Pathway1977,5.174147830098542
reactome:Pathway417,abstraction:NextStepPathway,reactome:Pathway2382,3.520283806313966
reactome:Pathway2025,abstraction:NextStepPathway,reactome:Pathway2024,4.400277438266156
reactome:Pathway111,abstraction:NextStepPathway,reactome:Pathway112,6.905803375256892
reactome:Pathway1518,abstraction:NextStepPathway,reactome:Pathway1538,4.526257241126718
reactome:Pathway2556,abstraction:NextStepPathway,reactome:Pathway2551,3.8012166967908185
reactome:Pathway1480,abstraction:NextStepPathway,reactome:Pathway1478,4.783541836394128
reactome:Pathway1780,abstraction:NextStepPathway,reactome:Pathway2560,5.846856342981213
reactome:Pathway2358,abstraction:NextStepPathway,reactome:Pathway2560,5.2831202360727705
reactome:Pathway2456,abstraction:NextStepPathway,reactome:Pathway2457,4.25491158799463
reactome:Pathway2269,abstraction:NextStepPathway,reactome:Pathway1963,5.340665721719371
reactome:Pathway2138,abstraction:NextStepPathway,reactome:Pathway2140,9.054237788423679
reactome:Pathway1205,abstraction:NextStepPathway,reactome:Pathway1781,3.584370962063599
reactome:Pathway267,abstraction:NextStepPathway,reactome:Pathway2314,4.382744959504515
reactome:Pathway1384,abstraction:NextStepPathway,reactome:Pathway1429,5.401725978480617
reactome:Pathway2377,abstraction:NextStepPathway,reactome:Pathway2378,4.658026518757841
reactome:Pathway471,abstraction:NextStepPathway,reactome:Pathway474,4.53089762068322
reactome:Pathway433,abstraction:NextStepPathway,reactome:Pathway432,4.315536209811065
reactome:Pathway2033,abstraction:NextStepPathway,reactome:Pathway2028,5.052112948298347
reactome:Pathway2339,abstraction:NextStepPathway,reactome:Pathway2284,4.822203823428392
reactome:Pathway1320,abstraction:NextStepPathway,reactome:Pathway1444,3.93027380902042
reactome:Pathway438,abstraction:NextStepPathway,reactome:Pathway440,4.9433639242503675
reactome:Pathway1856,abstraction:NextStepPathway,reactome:Pathway1534,4.649262220764252
reactome:Pathway1742,abstraction:NextStepPathway,reactome:Pathway1747,5.549109483913292
reactome:Pathway1895,abstraction:NextStepPathway,reactome:Pathway1229,5.313172581139172
reactome:Pathway1601,abstraction:NextStepPathway,reactome:Pathway1687,4.604886339363543
reactome:Pathway1234,abstraction:NextStepPathway,reactome:Pathway2205,5.247575298653359
reactome:Pathway1541,abstraction:NextStepPathway,reactome:Pathway1545,5.435627530156299
reactome:Pathway1735,abstraction:NextStepPathway,reactome:Pathway1736,5.180065007126631
reactome:Pathway1413,abstraction:NextStepPathway,reactome:Pathway1414,5.737457748574107
reactome:Pathway1016,abstraction:NextStepPathway,reactome:Pathway2241,5.119614951078292
reactome:Pathway2255,abstraction:NextStepPathway,reactome:Pathway2256,4.779557767379253
reactome:Pathway134,abstraction:NextStepPathway,reactome:Pathway2109,5.427993905301228
reactome:Pathway2815,abstraction:NextStepPathway,reactome:Pathway2810,4.686599891201897
reactome:Pathway2159,abstraction:NextStepPathway,reactome:Pathway2157,4.677582697551708
reactome:Pathway78,abstraction:NextStepPathway,reactome:Pathway85,5.696843029419917
reactome:Pathway1851,abstraction:NextStepPathway,reactome:Pathway1642,4.601553002943785
reactome:Pathway2554,abstraction:NextStepPathway,reactome:Pathway2500,2.726301004694484
reactome:Pathway2469,abstraction:NextStepPathway,reactome:Pathway2476,4.957515103796611
reactome:Pathway2554,abstraction:NextStepPathway,reactome:Pathway2365,4.576900973945473
reactome:Pathway1109,abstraction:NextStepPathway,reactome:Pathway1102,3.8700494273534147
reactome:Pathway1694,abstraction:NextStepPathway,reactome:Pathway466,2.999463152964244
reactome:Pathway507,abstraction:NextStepPathway,reactome:Pathway463,3.661259803640113
reactome:Pathway1187,abstraction:NextStepPathway,reactome:Pathway1193,3.6956319910188373
reactome:Pathway286,abstraction:NextStepPathway,reactome:Pathway287,3.981746138409792
reactome:Pathway2211,abstraction:NextStepPathway,reactome:Pathway1428,3.7761231291931616
reactome:Pathway1455,abstraction:NextStepPathway,reactome:Pathway1619,3.814003632956667
reactome:Pathway2635,abstraction:NextStepPathway,reactome:Pathway76,4.649262220764252
reactome:Pathway1521,abstraction:NextStepPathway,reactome:Pathway1977,4.759872092308223
reactome:Pathway2721,abstraction:NextStepPathway,reactome:Pathway1329,5.354701039835755
reactome:Pathway103,abstraction:NextStepPathway,reactome:Pathway145,5.07589214006446
reactome:Pathway490,abstraction:NextStepPathway,reactome:Pathway1543,5.597470555606713
reactome:Pathway1532,abstraction:NextStepPathway,reactome:Pathway1536,5.575197919997589
reactome:Pathway2489,abstraction:NextStepPathway,reactome:Pathway2490,3.9294238302187154
reactome:Pathway430,abstraction:NextStepPathway,reactome:Pathway432,4.49137880050731
reactome:Pathway458,abstraction:NextStepPathway,reactome:Pathway365,4.866749894482344
reactome:Pathway1347,abstraction:NextStepPathway,reactome:Pathway1429,5.519509014137001
reactome:Pathway2548,abstraction:NextStepPathway,reactome:Pathway250,4.093393158830438
reactome:Pathway2073,abstraction:NextStepPathway,reactome:Pathway267,3.843971299998377
reactome:Pathway2151,abstraction:NextStepPathway,reactome:Pathway2150,4.710432366569995
reactome:Pathway1732,abstraction:NextStepPathway,reactome:Pathway1631,3.64770683723541
reactome:Pathway246,abstraction:NextStepPathway,reactome:Pathway2404,4.830537204987537
reactome:Pathway2654,abstraction:NextStepPathway,reactome:Pathway2651,4.873278753364807
reactome:Pathway1518,abstraction:NextStepPathway,reactome:Pathway154,5.75840092241935
reactome:Pathway1722,abstraction:NextStepPathway,reactome:Pathway1601,4.583415654966666
reactome:Pathway2152,abstraction:NextStepPathway,reactome:Pathway2167,5.145076015276565
reactome:Pathway1428,abstraction:NextStepPathway,reactome:Pathway1641,4.2213630397938156
reactome:Pathway2555,abstraction:NextStepPathway,reactome:Pathway246,4.5216382952704235
reactome:Pathway1776,abstraction:NextStepPathway,reactome:Pathway1777,5.125217206626962
reactome:Pathway179,abstraction:NextStepPathway,reactome:Pathway524,4.6686460875853015
reactome:Pathway1382,abstraction:NextStepPathway,reactome:Pathway250,3.863664728888745
reactome:Pathway2555,abstraction:NextStepPathway,reactome:Pathway1631,3.857320536317372
reactome:Pathway2318,abstraction:NextStepPathway,reactome:Pathway2163,4.9433639242503675
reactome:Pathway324,abstraction:NextStepPathway,reactome:Pathway1520,4.1845079474046605
reactome:Pathway98,abstraction:NextStepPathway,reactome:Pathway101,5.083945874871557
reactome:Pathway2037,abstraction:NextStepPathway,reactome:Pathway2235,6.187963582106574
reactome:Pathway2202,abstraction:NextStepPathway,reactome:Pathway1977,4.744397895725625
reactome:Pathway1427,abstraction:NextStepPathway,reactome:Pathway1429,3.1288367341555863
reactome:Pathway1197,abstraction:NextStepPathway,reactome:Pathway1203,5.763705974649043
reactome:Pathway1979,abstraction:NextStepPathway,reactome:Pathway1871,4.906578167433857
reactome:Pathway1363,abstraction:NextStepPathway,reactome:Pathway1367,6.2727601187666515
reactome:Pathway2361,abstraction:NextStepPathway,reactome:Pathway2610,5.424198834332676
reactome:Pathway247,abstraction:NextStepPathway,reactome:Pathway2358,4.288407542422813
reactome:Pathway1626,abstraction:NextStepPathway,reactome:Pathway1609,5.7068431127545
reactome:Pathway2309,abstraction:NextStepPathway,reactome:Pathway1874,5.201055283018467
reactome:Pathway1832,abstraction:NextStepPathway,reactome:Pathway1205,3.5214131119111176
reactome:Pathway247,abstraction:NextStepPathway,reactome:Pathway1783,4.473653077908202
reactome:Pathway248,abstraction:NextStepPathway,reactome:Pathway2357,4.444791045668327
reactome:Pathway1522,abstraction:NextStepPathway,reactome:Pathway1588,3.472353949757548
reactome:Pathway32,abstraction:NextStepPathway,reactome:Pathway2624,3.4220024650595264
reactome:Pathway2409,abstraction:NextStepPathway,reactome:Pathway2420,3.8557407571578532
reactome:Pathway1397,abstraction:NextStepPathway,reactome:Pathway1399,6.511511567746853
reactome:Pathway2391,abstraction:NextStepPathway,reactome:Pathway2434,4.2969598242381295
reactome:Pathway1428,abstraction:NextStepPathway,reactome:Pathway1631,3.680283007670022
reactome:Pathway2457,abstraction:NextStepPathway,reactome:Pathway2454,3.862074903434645
reactome:Pathway1359,abstraction:NextStepPathway,reactome:Pathway1635,4.929410209476503
reactome:Pathway2358,abstraction:NextStepPathway,reactome:Pathway2546,5.065253741859404
reactome:Pathway1627,abstraction:NextStepPathway,reactome:Pathway2768,5.711880906784457
reactome:Pathway1601,abstraction:NextStepPathway,reactome:Pathway672,4.457675976972188
reactome:Pathway2262,abstraction:NextStepPathway,reactome:Pathway329,5.737457748574107
reactome:Pathway1851,abstraction:NextStepPathway,reactome:Pathway2071,4.76769992092847
reactome:Pathway1925,abstraction:NextStepPathway,reactome:Pathway1908,4.045509072598005
reactome:Pathway1857,abstraction:NextStepPathway,reactome:Pathway1896,3.450012594990563
reactome:Pathway2539,abstraction:NextStepPathway,reactome:Pathway2584,4.952775758432715
reactome:Pathway1336,abstraction:NextStepPathway,reactome:Pathway1619,4.046463726608455
reactome:Pathway329,abstraction:NextStepPathway,reactome:Pathway2262,5.737457748574107
reactome:Pathway2063,abstraction:NextStepPathway,reactome:Pathway2066,5.2798361608715805
reactome:Pathway1379,abstraction:NextStepPathway,reactome:Pathway1427,3.171313409890903
reactome:Pathway1949,abstraction:NextStepPathway,reactome:Pathway1953,5.963195335065363
reactome:Pathway1429,abstraction:NextStepPathway,reactome:Pathway1588,4.32180582282466
reactome:Pathway1735,abstraction:NextStepPathway,reactome:Pathway1566,5.253944746938839
reactome:Pathway2532,abstraction:NextStepPathway,reactome:Pathway2653,4.721626513313148
reactome:Pathway1382,abstraction:NextStepPathway,reactome:Pathway1390,4.746319125903519
reactome:Pathway1707,abstraction:NextStepPathway,reactome:Pathway1716,7.128946926571102
reactome:Pathway1855,abstraction:NextStepPathway,reactome:Pathway1779,4.389451892761233
reactome:Pathway37,abstraction:NextStepPathway,reactome:Pathway84,3.428674288627722
reactome:Pathway1229,abstraction:NextStepPathway,reactome:Pathway2258,4.6149535384812665
reactome:Pathway404,abstraction:NextStepPathway,reactome:Pathway1491,4.562396287742591
reactome:Pathway100,abstraction:NextStepPathway,reactome:Pathway2270,4.948058768554575
reactome:Pathway1789,abstraction:NextStepPathway,reactome:Pathway1780,5.390676142294033
reactome:Pathway1619,abstraction:NextStepPathway,reactome:Pathway1609,4.004381781174142
reactome:Pathway2336,abstraction:NextStepPathway,reactome:Pathway2024,4.640574068806615
reactome:Pathway1205,abstraction:NextStepPathway,reactome:Pathway1840,3.615537554302018
reactome:Pathway1735,abstraction:NextStepPathway,reactome:Pathway2211,4.196642679870655
reactome:Pathway2383,abstraction:NextStepPathway,reactome:Pathway2385,5.136516761880896
reactome:Pathway1368,abstraction:NextStepPathway,reactome:Pathway1337,4.924801906390308
reactome:Pathway1529,abstraction:NextStepPathway,reactome:Pathway1530,5.1140439060288365
reactome:Pathway2487,abstraction:NextStepPathway,reactome:Pathway2485,3.4153748598667937
reactome:Pathway2377,abstraction:NextStepPathway,reactome:Pathway2397,4.201092075420196
reactome:Pathway2756,abstraction:NextStepPathway,reactome:Pathway2761,4.173602713922398
reactome:Pathway1321,abstraction:NextStepPathway,reactome:Pathway1429,5.4588843923205665
reactome:Pathway2144,abstraction:NextStepPathway,reactome:Pathway2009,5.313172581139172
reactome:Pathway1687,abstraction:NextStepPathway,reactome:Pathway267,4.54494937413887
reactome:Pathway1903,abstraction:NextStepPathway,reactome:Pathway1908,4.116685351065899
reactome:Pathway1175,abstraction:NextStepPathway,reactome:Pathway1184,6.030334637902992
reactome:Pathway1779,abstraction:NextStepPathway,reactome:Pathway1855,4.389451892761233
reactome:Pathway1416,abstraction:NextStepPathway,reactome:Pathway2812,4.866749894482344
reactome:Pathway1689,abstraction:NextStepPathway,reactome:Pathway1674,5.241246163601712
reactome:Pathway2162,abstraction:NextStepPathway,reactome:Pathway2165,5.42041811149277
reactome:Pathway1473,abstraction:NextStepPathway,reactome:Pathway1475,4.020071996917229
reactome:Pathway1411,abstraction:NextStepPathway,reactome:Pathway1412,4.365514579617306
reactome:Pathway1180,abstraction:NextStepPathway,reactome:Pathway727,6.117346014892622
reactome:Pathway2097,abstraction:NextStepPathway,reactome:Pathway2098,6.500338267148727
reactome:Pathway1494,abstraction:NextStepPathway,reactome:Pathway1977,5.2798361608715805
reactome:Pathway2027,abstraction:NextStepPathway,reactome:Pathway2036,5.016211656791802
reactome:Pathway2756,abstraction:NextStepPathway,reactome:Pathway2762,4.168194371913137
reactome:Pathway2117,abstraction:NextStepPathway,reactome:Pathway2301,5.405436557877153
reactome:Pathway1529,abstraction:NextStepPathway,reactome:Pathway132,5.2287068143489766
reactome:Pathway1089,abstraction:NextStepPathway,reactome:Pathway1090,4.088400637227318
reactome:Pathway2015,abstraction:NextStepPathway,reactome:Pathway2016,6.290617736166658
reactome:Pathway1707,abstraction:NextStepPathway,reactome:Pathway1714,5.2635756399998
reactome:Pathway2735,abstraction:NextStepPathway,reactome:Pathway2610,5.054727328872417
reactome:Pathway11,abstraction:NextStepPathway,reactome:Pathway2810,4.0331807988650095
reactome:Pathway2284,abstraction:NextStepPathway,reactome:Pathway2256,4.541809654134203
reactome:Pathway438,abstraction:NextStepPathway,reactome:Pathway436,4.589973055512825
reactome:Pathway1635,abstraction:NextStepPathway,reactome:Pathway2134,4.5949194794481505
reactome:Pathway2733,abstraction:NextStepPathway,reactome:Pathway2732,5.737457748574107
reactome:Pathway2267,abstraction:NextStepPathway,reactome:Pathway1428,4.137390024427591
reactome:Pathway372,abstraction:NextStepPathway,reactome:Pathway377,4.879850518528042
reactome:Pathway1851,abstraction:NextStepPathway,reactome:Pathway499,4.929410209476503
reactome:Pathway184,abstraction:NextStepPathway,reactome:Pathway2637,4.645777896681642
reactome:Pathway2270,abstraction:NextStepPathway,reactome:Pathway100,4.948058768554575
reactome:Pathway1335,abstraction:NextStepPathway,reactome:Pathway1851,5.003695848859971
reactome:Pathway1188,abstraction:NextStepPathway,reactome:Pathway1205,3.5051617035284592
reactome:Pathway1851,abstraction:NextStepPathway,reactome:Pathway1750,3.8064621190838808
reactome:Pathway1679,abstraction:NextStepPathway,reactome:Pathway1873,4.305585878957897
reactome:Pathway1784,abstraction:NextStepPathway,reactome:Pathway1808,3.8748648459682813
reactome:Pathway1520,abstraction:NextStepPathway,reactome:Pathway1521,4.405734477729214
reactome:Pathway2060,abstraction:NextStepPathway,reactome:Pathway2071,5.2635756399998
reactome:Pathway2036,abstraction:NextStepPathway,reactome:Pathway2037,5.532087796343861
reactome:Pathway507,abstraction:NextStepPathway,reactome:Pathway1282,4.427865394784985
reactome:Pathway1424,abstraction:NextStepPathway,reactome:Pathway491,3.527078849446795
reactome:Pathway2069,abstraction:NextStepPathway,reactome:Pathway2063,5.313172581139172
reactome:Pathway1429,abstraction:NextStepPathway,reactome:Pathway2061,4.967061715680191
reactome:Pathway1220,abstraction:NextStepPathway,reactome:Pathway1883,4.151081654845535
reactome:Pathway2160,abstraction:NextStepPathway,reactome:Pathway2074,3.756634962813511
reactome:Pathway1500,abstraction:NextStepPathway,reactome:Pathway1537,4.862420883392758
reactome:Pathway1522,abstraction:NextStepPathway,reactome:Pathway1541,3.6996751232111937
reactome:Pathway1419,abstraction:NextStepPathway,reactome:Pathway1619,4.083432917125384
reactome:Pathway1832,abstraction:NextStepPathway,reactome:Pathway1834,4.666868309339302
reactome:Pathway1492,abstraction:NextStepPathway,reactome:Pathway2756,4.091393158163772
reactome:Pathway478,abstraction:NextStepPathway,reactome:Pathway1588,4.388106902645901
reactome:Pathway1433,abstraction:NextStepPathway,reactome:Pathway1435,4.744397895725625
reactome:Pathway1196,abstraction:NextStepPathway,reactome:Pathway1209,5.60652039112663
reactome:Pathway2735,abstraction:NextStepPathway,reactome:Pathway2590,5.45497049299943
reactome:Pathway250,abstraction:NextStepPathway,reactome:Pathway246,4.021934194848294
reactome:Pathway2203,abstraction:NextStepPathway,reactome:Pathway1521,5.111269979146112
reactome:Pathway1956,abstraction:NextStepPathway,reactome:Pathway79,5.779792112400668
reactome:Pathway2196,abstraction:NextStepPathway,reactome:Pathway524,4.292063853625923
reactome:Pathway279,abstraction:NextStepPathway,reactome:Pathway1741,4.721626513313148
reactome:Pathway1731,abstraction:NextStepPathway,reactome:Pathway1732,4.054133946379765
reactome:Pathway2466,abstraction:NextStepPathway,reactome:Pathway2477,4.4320700260670165
reactome:Pathway2341,abstraction:NextStepPathway,reactome:Pathway2340,5.584047535274572
reactome:Pathway647,abstraction:NextStepPathway,reactome:Pathway649,5.156603520447632
reactome:Pathway2720,abstraction:NextStepPathway,reactome:Pathway2721,4.576900973945473
reactome:Pathway2706,abstraction:NextStepPathway,reactome:Pathway2683,4.6562675033526615
reactome:Pathway2358,abstraction:NextStepPathway,reactome:Pathway1777,5.189006944502292
reactome:Pathway1422,abstraction:NextStepPathway,reactome:Pathway1423,4.52317557458931
reactome:Pathway1136,abstraction:NextStepPathway,reactome:Pathway1137,4.76966648990051
reactome:Pathway1963,abstraction:NextStepPathway,reactome:Pathway2270,5.150823157532133
reactome:Pathway1461,abstraction:NextStepPathway,reactome:Pathway1463,6.171834200176691
reactome:Pathway2684,abstraction:NextStepPathway,reactome:Pathway2686,5.7271483789152455
reactome:Pathway1397,abstraction:NextStepPathway,reactome:Pathway1400,6.385027420637733
reactome:Pathway2144,abstraction:NextStepPathway,reactome:Pathway2148,5.105745103214142
reactome:Pathway506,abstraction:NextStepPathway,reactome:Pathway507,3.8870058287719047
reactome:Pathway458,abstraction:NextStepPathway,reactome:Pathway364,4.897589342865423
reactome:Pathway672,abstraction:NextStepPathway,reactome:Pathway674,4.734846724741282
reactome:Pathway2544,abstraction:NextStepPathway,reactome:Pathway2676,5.2635756399998
reactome:Pathway288,abstraction:NextStepPathway,reactome:Pathway1429,5.083945874871557
reactome:Pathway1454,abstraction:NextStepPathway,reactome:Pathway1459,5.195012968562504
reactome:Pathway2488,abstraction:NextStepPathway,reactome:Pathway2485,3.5564842543634017
reactome:Pathway1851,abstraction:NextStepPathway,reactome:Pathway2060,4.759872092308223
reactome:Pathway1526,abstraction:NextStepPathway,reactome:Pathway286,4.190005487363856
reactome:Pathway501,abstraction:NextStepPathway,reactome:Pathway502,6.605698782806553
reactome:Pathway288,abstraction:NextStepPathway,reactome:Pathway1750,3.9474268882466697
reactome:Pathway1973,abstraction:NextStepPathway,reactome:Pathway2012,5.260355025299758
reactome:Pathway2251,abstraction:NextStepPathway,reactome:Pathway2250,5.620250583938533
reactome:Pathway524,abstraction:NextStepPathway,reactome:Pathway130,4.637119833938527
reactome:Pathway98,abstraction:NextStepPathway,reactome:Pathway1963,5.145076015276565
reactome:Pathway2116,abstraction:NextStepPathway,reactome:Pathway2114,6.221024444367463
reactome:Pathway482,abstraction:NextStepPathway,reactome:Pathway286,4.498858266938603
reactome:Pathway172,abstraction:NextStepPathway,reactome:Pathway130,4.308064194972364
reactome:Pathway1518,abstraction:NextStepPathway,reactome:Pathway1522,3.7863796293603507
reactome:Pathway1732,abstraction:NextStepPathway,reactome:Pathway1858,4.137390024427591
reactome:Pathway1529,abstraction:NextStepPathway,reactome:Pathway172,4.425072096879372
reactome:Pathway179,abstraction:NextStepPathway,reactome:Pathway1233,4.5063940976273065
reactome:Pathway2081,abstraction:NextStepPathway,reactome:Pathway2082,5.122412155699354
reactome:Pathway1480,abstraction:NextStepPathway,reactome:Pathway2724,4.917929027102546
reactome:Pathway387,abstraction:NextStepPathway,reactome:Pathway399,3.029062183973385
reactome:Pathway1538,abstraction:NextStepPathway,reactome:Pathway499,4.546522938586301
reactome:Pathway2070,abstraction:NextStepPathway,reactome:Pathway2067,7.503640376012512
reactome:Pathway1356,abstraction:NextStepPathway,reactome:Pathway1619,3.9889339501286254
reactome:Pathway2496,abstraction:NextStepPathway,reactome:Pathway2492,7.286575870774684
reactome:Pathway1510,abstraction:NextStepPathway,reactome:Pathway1520,4.7815478177872635
reactome:Pathway1395,abstraction:NextStepPathway,reactome:Pathway1399,6.511511567746853
reactome:Pathway2721,abstraction:NextStepPathway,reactome:Pathway1891,4.242053433051262
reactome:Pathway470,abstraction:NextStepPathway,reactome:Pathway1166,5.150823157532133
reactome:Pathway1354,abstraction:NextStepPathway,reactome:Pathway1356,5.75840092241935
reactome:Pathway2459,abstraction:NextStepPathway,reactome:Pathway2460,4.988880763074831
reactome:Pathway2359,abstraction:NextStepPathway,reactome:Pathway2358,5.401725978480617
reactome:Pathway2041,abstraction:NextStepPathway,reactome:Pathway327,5.054727328872417
reactome:Pathway2073,abstraction:NextStepPathway,reactome:Pathway436,4.098410730822418
reactome:Pathway1515,abstraction:NextStepPathway,reactome:Pathway1234,4.952775758432715
reactome:Pathway2633,abstraction:NextStepPathway,reactome:Pathway2629,3.4214910868842296
reactome:Pathway1788,abstraction:NextStepPathway,reactome:Pathway1777,5.536316132453383
reactome:Pathway2738,abstraction:NextStepPathway,reactome:Pathway2784,3.06027636111711
reactome:Pathway2215,abstraction:NextStepPathway,reactome:Pathway2226,4.651008946099195
reactome:Pathway2280,abstraction:NextStepPathway,reactome:Pathway2270,5.498889726934265
reactome:Pathway1750,abstraction:NextStepPathway,reactome:Pathway179,3.8748648459682813
reactome:Pathway1977,abstraction:NextStepPathway,reactome:Pathway1521,4.759872092308223
reactome:Pathway1532,abstraction:NextStepPathway,reactome:Pathway1531,6.4254369589756095
reactome:Pathway2398,abstraction:NextStepPathway,reactome:Pathway2410,3.528784849291895
reactome:Pathway1353,abstraction:NextStepPathway,reactome:Pathway1357,6.557496680988676
reactome:Pathway2226,abstraction:NextStepPathway,reactome:Pathway1963,5.523684385547481
reactome:Pathway474,abstraction:NextStepPathway,reactome:Pathway475,5.424198834332676
reactome:Pathway2238,abstraction:NextStepPathway,reactome:Pathway2352,5.841092638264463
reactome:Pathway1721,abstraction:NextStepPathway,reactome:Pathway1724,4.075535541430432
reactome:Pathway1801,abstraction:NextStepPathway,reactome:Pathway1775,3.7594982432235264
reactome:Pathway436,abstraction:NextStepPathway,reactome:Pathway437,5.3064157986762925
reactome:Pathway505,abstraction:NextStepPathway,reactome:Pathway507,4.250216743690422
reactome:Pathway1538,abstraction:NextStepPathway,reactome:Pathway501,4.565601418691539
reactome:Pathway2308,abstraction:NextStepPathway,reactome:Pathway101,5.4588843923205665
reactome:Pathway474,abstraction:NextStepPathway,reactome:Pathway472,5.351173699317786
reactome:Pathway1572,abstraction:NextStepPathway,reactome:Pathway2724,3.9552428203496217
reactome:Pathway499,abstraction:NextStepPathway,reactome:Pathway1767,5.900281509654794
reactome:Pathway1750,abstraction:NextStepPathway,reactome:Pathway1428,3.5928302270095753
reactome:Pathway2684,abstraction:NextStepPathway,reactome:Pathway2689,5.737457748574107
reactome:Pathway2321,abstraction:NextStepPathway,reactome:Pathway2335,6.037303307219085
reactome:Pathway2256,abstraction:NextStepPathway,reactome:Pathway2102,5.0314403774936265
reactome:Pathway489,abstraction:NextStepPathway,reactome:Pathway147,5.183036777515788
reactome:Pathway2541,abstraction:NextStepPathway,reactome:Pathway2270,4.277518142623544
reactome:Pathway365,abstraction:NextStepPathway,reactome:Pathway367,5.638855771769567
reactome:Pathway472,abstraction:NextStepPathway,reactome:Pathway465,3.7347182142250395
reactome:Pathway1233,abstraction:NextStepPathway,reactome:Pathway1850,3.7523553557111464
reactome:Pathway1392,abstraction:NextStepPathway,reactome:Pathway1533,5.347658757210342
reactome:Pathway1895,abstraction:NextStepPathway,reactome:Pathway2706,5.241246163601712
reactome:Pathway2162,abstraction:NextStepPathway,reactome:Pathway2164,5.677137958340584
reactome:Pathway278,abstraction:NextStepPathway,reactome:Pathway252,5.210187766581739
reactome:Pathway471,abstraction:NextStepPathway,reactome:Pathway475,4.80778544800412
reactome:Pathway133,abstraction:NextStepPathway,reactome:Pathway131,6.155960851020401
reactome:Pathway1979,abstraction:NextStepPathway,reactome:Pathway2266,4.875464546584787
reactome:Pathway1732,abstraction:NextStepPathway,reactome:Pathway1857,3.7856435233278485
reactome:Pathway1233,abstraction:NextStepPathway,reactome:Pathway286,4.082442327643688
reactome:Pathway39,abstraction:NextStepPathway,reactome:Pathway57,3.7915475995187937
reactome:Pathway2179,abstraction:NextStepPathway,reactome:Pathway2180,4.99379477787726
reactome:Pathway2610,abstraction:NextStepPathway,reactome:Pathway2361,5.424198834332676
reactome:Pathway2690,abstraction:NextStepPathway,reactome:Pathway2695,5.64356166280698
reactome:Pathway2541,abstraction:NextStepPathway,reactome:Pathway2222,3.163778176933868
reactome:Pathway2271,abstraction:NextStepPathway,reactome:Pathway2215,4.7253859162370535
reactome:Pathway1170,abstraction:NextStepPathway,reactome:Pathway1178,3.095444023605246
reactome:Pathway2692,abstraction:NextStepPathway,reactome:Pathway2693,4.535559633789031
reactome:Pathway351,abstraction:NextStepPathway,reactome:Pathway352,3.692275156715286
reactome:Pathway2226,abstraction:NextStepPathway,reactome:Pathway2215,4.651008946099195
reactome:Pathway1619,abstraction:NextStepPathway,reactome:Pathway246,3.8870058287719047
reactome:Pathway1758,abstraction:NextStepPathway,reactome:Pathway1205,3.3605056496209795
reactome:Pathway1539,abstraction:NextStepPathway,reactome:Pathway1538,4.562396287742591
reactome:Pathway1497,abstraction:NextStepPathway,reactome:Pathway1520,4.7253859162370535
reactome:Pathway1392,abstraction:NextStepPathway,reactome:Pathway1531,6.534239818824409
reactome:Pathway2140,abstraction:NextStepPathway,reactome:Pathway2132,6.155960851020401
reactome:Pathway1828,abstraction:NextStepPathway,reactome:Pathway1229,5.409160956968136
reactome:Pathway1520,abstraction:NextStepPathway,reactome:Pathway1536,4.512463918994382
reactome:Pathway1973,abstraction:NextStepPathway,reactome:Pathway2336,5.88816014912245
reactome:Pathway2759,abstraction:NextStepPathway,reactome:Pathway2758,6.581307329682394
reactome:Pathway1849,abstraction:NextStepPathway,reactome:Pathway1854,3.6255189222600475
reactome:Pathway2698,abstraction:NextStepPathway,reactome:Pathway2701,7.068322304754666
reactome:Pathway1490,abstraction:NextStepPathway,reactome:Pathway1520,3.8064621190838808
reactome:Pathway183,abstraction:NextStepPathway,reactome:Pathway184,4.645777896681642
reactome:Pathway1205,abstraction:NextStepPathway,reactome:Pathway1835,3.626773627568944
reactome:Pathway442,abstraction:NextStepPathway,reactome:Pathway443,4.598230740751807
reactome:Pathway2365,abstraction:NextStepPathway,reactome:Pathway2555,4.106491582876357
reactome:Pathway2284,abstraction:NextStepPathway,reactome:Pathway2287,4.779557767379253
reactome:Pathway1956,abstraction:NextStepPathway,reactome:Pathway401,5.858484380976332
reactome:Pathway1861,abstraction:NextStepPathway,reactome:Pathway1526,4.811883814396403
reactome:Pathway436,abstraction:NextStepPathway,reactome:Pathway2074,3.7112202429577357
reactome:Pathway1914,abstraction:NextStepPathway,reactome:Pathway1601,4.0117347554794005
reactome:Pathway2503,abstraction:NextStepPathway,reactome:Pathway2510,3.152385400005384
reactome:Pathway1188,abstraction:NextStepPathway,reactome:Pathway1189,4.759872092308223
reactome:Pathway135,abstraction:NextStepPathway,reactome:Pathway1533,4.964666504954236
reactome:Pathway2439,abstraction:NextStepPathway,reactome:Pathway2445,4.100424830194119
reactome:Pathway1491,abstraction:NextStepPathway,reactome:Pathway1229,4.335738917128585
reactome:Pathway286,abstraction:NextStepPathway,reactome:Pathway2030,4.485435246606462
reactome:Pathway2068,abstraction:NextStepPathway,reactome:Pathway1233,4.97670034451796
reactome:Pathway135,abstraction:NextStepPathway,reactome:Pathway436,4.888680597976314
reactome:Pathway1322,abstraction:NextStepPathway,reactome:Pathway1323,6.0585055148696885
reactome:Pathway2169,abstraction:NextStepPathway,reactome:Pathway1940,5.566425933924752
reactome:Pathway1365,abstraction:NextStepPathway,reactome:Pathway1619,3.9889339501286254
reactome:Pathway1532,abstraction:NextStepPathway,reactome:Pathway1233,4.884255811995958
reactome:Pathway1855,abstraction:NextStepPathway,reactome:Pathway250,3.6625601939403967
reactome:Pathway1484,abstraction:NextStepPathway,reactome:Pathway1487,7.150000335768934
reactome:Pathway1406,abstraction:NextStepPathway,reactome:Pathway1409,6.0585055148696885
reactome:Pathway2779,abstraction:NextStepPathway,reactome:Pathway211,4.855962303353347
reactome:Pathway1397,abstraction:NextStepPathway,reactome:Pathway1401,5.858484380976332
reactome:Pathway1564,abstraction:NextStepPathway,reactome:Pathway1565,5.90639773667223
reactome:Pathway256,abstraction:NextStepPathway,reactome:Pathway263,4.4125979226541965
reactome:Pathway1322,abstraction:NextStepPathway,reactome:Pathway1907,6.299667571686576
reactome:Pathway1619,abstraction:NextStepPathway,reactome:Pathway1855,3.568256020671192
reactome:Pathway2533,abstraction:NextStepPathway,reactome:Pathway2651,5.062611732396566
reactome:Pathway1375,abstraction:NextStepPathway,reactome:Pathway1382,4.8016692209866845
reactome:Pathway2556,abstraction:NextStepPathway,reactome:Pathway248,4.075535541430432
reactome:Pathway493,abstraction:NextStepPathway,reactome:Pathway500,4.7875418417274735
reactome:Pathway1904,abstraction:NextStepPathway,reactome:Pathway287,4.376082709679099
reactome:Pathway1225,abstraction:NextStepPathway,reactome:Pathway1850,3.4123307174855655
reactome:Pathway2472,abstraction:NextStepPathway,reactome:Pathway2479,4.549677515334817
reactome:Pathway2681,abstraction:NextStepPathway,reactome:Pathway2706,5.3268246703074995
reactome:Pathway2196,abstraction:NextStepPathway,reactome:Pathway1233,4.1845079474046605
reactome:Pathway1501,abstraction:NextStepPathway,reactome:Pathway1522,3.8238934054618485
reactome:Pathway2339,abstraction:NextStepPathway,reactome:Pathway2302,5.089351293438465
reactome:Pathway1395,abstraction:NextStepPathway,reactome:Pathway1400,6.385027420637733
reactome:Pathway135,abstraction:NextStepPathway,reactome:Pathway1531,5.532087796343861
reactome:Pathway1102,abstraction:NextStepPathway,reactome:Pathway1109,3.8700494273534147
reactome:Pathway136,abstraction:NextStepPathway,reactome:Pathway138,5.478687019616746
reactome:Pathway493,abstraction:NextStepPathway,reactome:Pathway1851,4.288407542422813
reactome:Pathway1522,abstraction:NextStepPathway,reactome:Pathway1544,3.829259458966487
reactome:Pathway2724,abstraction:NextStepPathway,reactome:Pathway2782,4.5293484336963905
reactome:Pathway493,abstraction:NextStepPathway,reactome:Pathway1735,4.55284207493778
reactome:Pathway1979,abstraction:NextStepPathway,reactome:Pathway267,4.139484266030706
reactome:Pathway2241,abstraction:NextStepPathway,reactome:Pathway1016,5.119614951078292
reactome:Pathway1973,abstraction:NextStepPathway,reactome:Pathway367,5.361793268145247
reactome:Pathway179,abstraction:NextStepPathway,reactome:Pathway172,4.330649847621113
reactome:Pathway1445,abstraction:NextStepPathway,reactome:Pathway1619,4.05029148247822
reactome:Pathway1908,abstraction:NextStepPathway,reactome:Pathway1914,4.0923926584968555
reactome:Pathway1544,abstraction:NextStepPathway,reactome:Pathway500,6.922610493573273
reactome:Pathway2066,abstraction:NextStepPathway,reactome:Pathway2069,7.781272112610791
reactome:Pathway524,abstraction:NextStepPathway,reactome:Pathway2211,4.0667249117482775
reactome:Pathway1365,abstraction:NextStepPathway,reactome:Pathway1369,5.210187766581739
reactome:Pathway2576,abstraction:NextStepPathway,reactome:Pathway2577,5.250754951570739
reactome:Pathway45,abstraction:NextStepPathway,reactome:Pathway41,4.97670034451796
reactome:Pathway2541,abstraction:NextStepPathway,reactome:Pathway1638,4.129056642868447
reactome:Pathway478,abstraction:NextStepPathway,reactome:Pathway1521,4.981554722982758
reactome:Pathway2301,abstraction:NextStepPathway,reactome:Pathway2284,5.111269979146112
reactome:Pathway1544,abstraction:NextStepPathway,reactome:Pathway1851,5.052112948298347
reactome:Pathway2079,abstraction:NextStepPathway,reactome:Pathway2086,4.546522938586301
reactome:Pathway2682,abstraction:NextStepPathway,reactome:Pathway2706,5.340665721719371
reactome:Pathway2335,abstraction:NextStepPathway,reactome:Pathway2314,5.238096554698815
reactome:Pathway1233,abstraction:NextStepPathway,reactome:Pathway2030,4.871097727418447
reactome:Pathway1428,abstraction:NextStepPathway,reactome:Pathway2541,3.8261896177221986
reactome:Pathway1477,abstraction:NextStepPathway,reactome:Pathway2724,4.5688168555455135
reactome:Pathway1977,abstraction:NextStepPathway,reactome:Pathway1536,4.957515103796611
reactome:Pathway2554,abstraction:NextStepPathway,reactome:Pathway2541,4.472190019856442
reactome:Pathway1392,abstraction:NextStepPathway,reactome:Pathway1609,5.969710016086557
reactome:Pathway1324,abstraction:NextStepPathway,reactome:Pathway1337,4.822203823428392
reactome:Pathway2539,abstraction:NextStepPathway,reactome:Pathway180,5.956722820559746
reactome:Pathway145,abstraction:NextStepPathway,reactome:Pathway148,5.416651628697293
reactome:Pathway41,abstraction:NextStepPathway,reactome:Pathway298,4.520103375552339
reactome:Pathway2298,abstraction:NextStepPathway,reactome:Pathway2270,5.33372124936656
reactome:Pathway1335,abstraction:NextStepPathway,reactome:Pathway1642,5.289720920104123
reactome:Pathway1193,abstraction:NextStepPathway,reactome:Pathway1195,4.151081654845535
reactome:Pathway1535,abstraction:NextStepPathway,reactome:Pathway1536,5.390676142294033
reactome:Pathway1509,abstraction:NextStepPathway,reactome:Pathway1538,4.486917826566685
reactome:Pathway1979,abstraction:NextStepPathway,reactome:Pathway1943,4.663322206332551
reactome:Pathway1626,abstraction:NextStepPathway,reactome:Pathway2584,4.962277017556855
reactome:Pathway1633,abstraction:NextStepPathway,reactome:Pathway1609,5.969710016086557
reactome:Pathway2040,abstraction:NextStepPathway,reactome:Pathway2039,5.3064157986762925
reactome:Pathway354,abstraction:NextStepPathway,reactome:Pathway353,7.029856023926871
reactome:Pathway343,abstraction:NextStepPathway,reactome:Pathway341,4.809832531625845
reactome:Pathway1897,abstraction:NextStepPathway,reactome:Pathway1880,6.557496680988676
reactome:Pathway292,abstraction:NextStepPathway,reactome:Pathway297,4.342136891608244
reactome:Pathway2732,abstraction:NextStepPathway,reactome:Pathway2733,5.737457748574107
reactome:Pathway2041,abstraction:NextStepPathway,reactome:Pathway2043,5.812762131638237
reactome:Pathway2209,abstraction:NextStepPathway,reactome:Pathway2077,4.897589342865423
reactome:Pathway2703,abstraction:NextStepPathway,reactome:Pathway1180,4.9718694172482945
reactome:Pathway2037,abstraction:NextStepPathway,reactome:Pathway2234,5.33372124936656
reactome:Pathway1973,abstraction:NextStepPathway,reactome:Pathway2034,6.051388047100824
reactome:Pathway1427,abstraction:NextStepPathway,reactome:Pathway1679,3.0370358784997027
reactome:Pathway505,abstraction:NextStepPathway,reactome:Pathway506,4.466359099545649
reactome:Pathway2357,abstraction:NextStepPathway,reactome:Pathway2384,4.820131283826419
reactome:Pathway1775,abstraction:NextStepPathway,reactome:Pathway1780,5.846856342981213
reactome:Pathway261,abstraction:NextStepPathway,reactome:Pathway2217,5.588501885623953
reactome:Pathway2555,abstraction:NextStepPathway,reactome:Pathway388,3.8732571285801844
reactome:Pathway248,abstraction:NextStepPathway,reactome:Pathway2358,4.433475507675752
reactome:Pathway2167,abstraction:NextStepPathway,reactome:Pathway2325,5.361793268145247
reactome:Pathway2785,abstraction:NextStepPathway,reactome:Pathway1584,4.836833133444351
reactome:Pathway1878,abstraction:NextStepPathway,reactome:Pathway1229,5.299704364088306
reactome:Pathway2545,abstraction:NextStepPathway,reactome:Pathway1833,5.139361714013127
reactome:Pathway2284,abstraction:NextStepPathway,reactome:Pathway2286,5.260355025299758
reactome:Pathway478,abstraction:NextStepPathway,reactome:Pathway1544,5.85265346066554
reactome:Pathway1619,abstraction:NextStepPathway,reactome:Pathway2584,3.820839967974958
reactome:Pathway1175,abstraction:NextStepPathway,reactome:Pathway1182,4.298187571476452
reactome:Pathway1415,abstraction:NextStepPathway,reactome:Pathway1416,6.696082844274823
reactome:Pathway1627,abstraction:NextStepPathway,reactome:Pathway1382,4.824280667373231
reactome:Pathway2153,abstraction:NextStepPathway,reactome:Pathway2154,3.7291393991980004
reactome:Pathway1635,abstraction:NextStepPathway,reactome:Pathway1735,5.057348562352291
reactome:Pathway1526,abstraction:NextStepPathway,reactome:Pathway1851,4.527801642978091
reactome:Pathway2134,abstraction:NextStepPathway,reactome:Pathway2135,5.00121137553231
reactome:Pathway248,abstraction:NextStepPathway,reactome:Pathway2384,4.292063853625923
reactome:Pathway347,abstraction:NextStepPathway,reactome:Pathway344,5.435627530156299
reactome:Pathway246,abstraction:NextStepPathway,reactome:Pathway2380,4.761823312439485
reactome:Pathway1382,abstraction:NextStepPathway,reactome:Pathway1391,4.84105254898706
reactome:Pathway2397,abstraction:NextStepPathway,reactome:Pathway2367,4.911103062032146
reactome:Pathway1856,abstraction:NextStepPathway,reactome:Pathway1588,3.9772798513963505
reactome:Pathway2721,abstraction:NextStepPathway,reactome:Pathway1330,5.3064157986762925
reactome:Pathway2635,abstraction:NextStepPathway,reactome:Pathway75,5.0365685938605465
reactome:Pathway2569,abstraction:NextStepPathway,reactome:Pathway1549,4.389451892761233
reactome:Pathway1121,abstraction:NextStepPathway,reactome:Pathway1110,4.1606714992501495
reactome:Pathway2806,abstraction:NextStepPathway,reactome:Pathway2807,6.957096669644442
reactome:Pathway1155,abstraction:NextStepPathway,reactome:Pathway1154,6.155960851020401
reactome:Pathway1440,abstraction:NextStepPathway,reactome:Pathway1687,6.187963582106574
reactome:Pathway1429,abstraction:NextStepPathway,reactome:Pathway2416,5.33372124936656
reactome:Pathway2123,abstraction:NextStepPathway,reactome:Pathway2131,6.534239818824409
reactome:Pathway1521,abstraction:NextStepPathway,reactome:Pathway2030,5.1980295621019295
reactome:Pathway1631,abstraction:NextStepPathway,reactome:Pathway2559,4.006214962255803
reactome:Pathway2216,abstraction:NextStepPathway,reactome:Pathway2215,4.591619146419494
reactome:Pathway1807,abstraction:NextStepPathway,reactome:Pathway2694,5.372526823788355
reactome:Pathway1354,abstraction:NextStepPathway,reactome:Pathway1357,6.4050280873444025
reactome:Pathway2358,abstraction:NextStepPathway,reactome:Pathway2557,5.330267014498473
reactome:Pathway2196,abstraction:NextStepPathway,reactome:Pathway172,4.047419292854124
reactome:Pathway2074,abstraction:NextStepPathway,reactome:Pathway2217,3.7459700910224742
reactome:Pathway1429,abstraction:NextStepPathway,reactome:Pathway1526,4.80574254637432
reactome:Pathway524,abstraction:NextStepPathway,reactome:Pathway135,4.813939313578499
reactome:Pathway1395,abstraction:NextStepPathway,reactome:Pathway1401,5.858484380976332
reactome:Pathway1619,abstraction:NextStepPathway,reactome:Pathway1350,3.9294238302187154
reactome:Pathway1722,abstraction:NextStepPathway,reactome:Pathway1914,4.4562360919142
reactome:Pathway1980,abstraction:NextStepPathway,reactome:Pathway1421,4.979124588129466
reactome:Pathway1234,abstraction:NextStepPathway,reactome:Pathway1522,3.66777873154993
reactome:Pathway423,abstraction:NextStepPathway,reactome:Pathway2388,5.6674291442136235
reactome:Pathway172,abstraction:NextStepPathway,reactome:Pathway135,4.4320700260670165
reactome:Pathway350,abstraction:NextStepPathway,reactome:Pathway351,5.553410565812682
reactome:Pathway1382,abstraction:NextStepPathway,reactome:Pathway1626,4.755981036815256
reactome:Pathway2397,abstraction:NextStepPathway,reactome:Pathway2410,4.625123117650896
reactome:Pathway106,abstraction:NextStepPathway,reactome:Pathway2231,6.682659823942682
reactome:Pathway2079,abstraction:NextStepPathway,reactome:Pathway2080,4.208926474752807
reactome:Pathway286,abstraction:NextStepPathway,reactome:Pathway1669,4.25491158799463
reactome:Pathway2117,abstraction:NextStepPathway,reactome:Pathway2114,5.365358334309743
reactome:Pathway499,abstraction:NextStepPathway,reactome:Pathway1750,4.030357267577402
reactome:Pathway1855,abstraction:NextStepPathway,reactome:Pathway1853,3.73962533938914
reactome:Pathway2200,abstraction:NextStepPathway,reactome:Pathway1233,4.748244054313104
reactome:Pathway1427,abstraction:NextStepPathway,reactome:Pathway1428,2.9762679447441145
reactome:Pathway1763,abstraction:NextStepPathway,reactome:Pathway1758,4.352459563915663
reactome:Pathway2365,abstraction:NextStepPathway,reactome:Pathway2363,4.348576063889265
reactome:Pathway1233,abstraction:NextStepPathway,reactome:Pathway1393,4.24554383799103
reactome:Pathway485,abstraction:NextStepPathway,reactome:Pathway1296,5.672271768689411
reactome:Pathway2041,abstraction:NextStepPathway,reactome:Pathway1950,6.3654189492493565
reactome:Pathway2060,abstraction:NextStepPathway,reactome:Pathway2066,5.835361963555478
reactome:Pathway2270,abstraction:NextStepPathway,reactome:Pathway2226,5.416651628697293
reactome:Pathway2222,abstraction:NextStepPathway,reactome:Pathway267,3.2061488479749967
reactome:Pathway1689,abstraction:NextStepPathway,reactome:Pathway1736,5.092064999310061
reactome:Pathway1540,abstraction:NextStepPathway,reactome:Pathway1619,4.031297559137045
reactome:Pathway1925,abstraction:NextStepPathway,reactome:Pathway674,4.121821469187667
reactome:Pathway1209,abstraction:NextStepPathway,reactome:Pathway1641,5.2668066605812465
reactome:Pathway172,abstraction:NextStepPathway,reactome:Pathway480,4.677582697551708
reactome:Pathway1750,abstraction:NextStepPathway,reactome:Pathway1752,3.8170362357357113
reactome:Pathway2357,abstraction:NextStepPathway,reactome:Pathway2391,4.757924672023827
reactome:Pathway2562,abstraction:NextStepPathway,reactome:Pathway2566,6.009715350700256
reactome:Pathway1750,abstraction:NextStepPathway,reactome:Pathway1753,4.077504046003105
reactome:Pathway2366,abstraction:NextStepPathway,reactome:Pathway2397,4.838940615783916
reactome:Pathway1229,abstraction:NextStepPathway,reactome:Pathway2244,4.9718694172482945
reactome:Pathway2806,abstraction:NextStepPathway,reactome:Pathway2808,6.889274073305681
reactome:Pathway2500,abstraction:NextStepPathway,reactome:Pathway2366,2.720450803601365
reactome:Pathway1375,abstraction:NextStepPathway,reactome:Pathway1383,5.183036777515788
reactome:Pathway1860,abstraction:NextStepPathway,reactome:Pathway1857,3.6142968593537836
reactome:Pathway1189,abstraction:NextStepPathway,reactome:Pathway1208,4.849545169032713
reactome:Pathway2556,abstraction:NextStepPathway,reactome:Pathway2676,4.695699135057011
reactome:Pathway1359,abstraction:NextStepPathway,reactome:Pathway1349,4.924801906390308
reactome:Pathway1520,abstraction:NextStepPathway,reactome:Pathway1545,4.708578797920672
reactome:Pathway1320,abstraction:NextStepPathway,reactome:Pathway1324,4.074552740368524
reactome:Pathway2554,abstraction:NextStepPathway,reactome:Pathway1637,5.081254083205846
reactome:Pathway248,abstraction:NextStepPathway,reactome:Pathway2391,4.25491158799463
reactome:Pathway1209,abstraction:NextStepPathway,reactome:Pathway1631,4.143685952884406
reactome:Pathway509,abstraction:NextStepPathway,reactome:Pathway507,3.8455325805653295
reactome:Pathway1479,abstraction:NextStepPathway,reactome:Pathway2583,4.5639975691095644
reactome:Pathway1335,abstraction:NextStepPathway,reactome:Pathway1429,5.48671919131401
reactome:Pathway1233,abstraction:NextStepPathway,reactome:Pathway1851,4.401638908864477
reactome:Pathway1851,abstraction:NextStepPathway,reactome:Pathway1529,4.686599891201897
reactome:Pathway1697,abstraction:NextStepPathway,reactome:Pathway466,3.2792426855422137
reactome:Pathway2158,abstraction:NextStepPathway,reactome:Pathway2319,5.105745103214142
reactome:Pathway2749,abstraction:NextStepPathway,reactome:Pathway1533,4.460561981861323
reactome:Pathway489,abstraction:NextStepPathway,reactome:Pathway1545,5.7220332782484755
reactome:Pathway2203,abstraction:NextStepPathway,reactome:Pathway2202,5.083945874871557
reactome:Pathway2080,abstraction:NextStepPathway,reactome:Pathway2176,4.934039847375245
reactome:Pathway1233,abstraction:NextStepPathway,reactome:Pathway1669,4.546522938586301
reactome:Pathway2668,abstraction:NextStepPathway,reactome:Pathway2673,5.519509014137001
reactome:Pathway495,abstraction:NextStepPathway,reactome:Pathway1767,3.7284442305916246
reactome:Pathway524,abstraction:NextStepPathway,reactome:Pathway1939,4.306824269209043
reactome:Pathway1511,abstraction:NextStepPathway,reactome:Pathway1522,3.8300283940293642
reactome:Pathway1834,abstraction:NextStepPathway,reactome:Pathway1835,5.049505384891265
reactome:Pathway493,abstraction:NextStepPathway,reactome:Pathway1731,4.352459563915663
reactome:Pathway1322,abstraction:NextStepPathway,reactome:Pathway1378,5.7744012637657915
reactome:Pathway2358,abstraction:NextStepPathway,reactome:Pathway2706,4.875464546584787
reactome:Pathway2554,abstraction:NextStepPathway,reactome:Pathway2555,4.899828985458928
reactome:Pathway2365,abstraction:NextStepPathway,reactome:Pathway2548,4.376082709679099
reactome:Pathway1440,abstraction:NextStepPathway,reactome:Pathway2384,5.234956834694148
reactome:Pathway1816,abstraction:NextStepPathway,reactome:Pathway1814,4.838940615783916
reactome:Pathway524,abstraction:NextStepPathway,reactome:Pathway1861,4.7935720107540645
reactome:Pathway2226,abstraction:NextStepPathway,reactome:Pathway2222,3.404258019760454
reactome:Pathway172,abstraction:NextStepPathway,reactome:Pathway1861,4.418122798586166
reactome:Pathway2365,abstraction:NextStepPathway,reactome:Pathway2545,4.370784684041544
reactome:Pathway1500,abstraction:NextStepPathway,reactome:Pathway1541,5.168265460195475
reactome:Pathway1998,abstraction:NextStepPathway,reactome:Pathway1999,5.2831202360727705
reactome:Pathway2749,abstraction:NextStepPathway,reactome:Pathway1531,4.7976124202910695
reactome:Pathway493,abstraction:NextStepPathway,reactome:Pathway1631,3.81098019905867
reactome:Pathway1411,abstraction:NextStepPathway,reactome:Pathway1420,4.703038617545057
reactome:Pathway267,abstraction:NextStepPathway,reactome:Pathway2229,4.613268618116347
reactome:Pathway1631,abstraction:NextStepPathway,reactome:Pathway1609,4.114638267444175
reactome:Pathway1532,abstraction:NextStepPathway,reactome:Pathway2109,5.498889726934265
reactome:Pathway1801,abstraction:NextStepPathway,reactome:Pathway1793,3.5489062524913164
reactome:Pathway2593,abstraction:NextStepPathway,reactome:Pathway1576,6.187963582106574
reactome:Pathway1829,abstraction:NextStepPathway,reactome:Pathway1229,5.361793268145247
reactome:Pathway1822,abstraction:NextStepPathway,reactome:Pathway1522,3.202035308649205
reactome:Pathway2341,abstraction:NextStepPathway,reactome:Pathway2013,5.431803433717896
reactome:Pathway2259,abstraction:NextStepPathway,reactome:Pathway2284,4.557607771010794
reactome:Pathway2499,abstraction:NextStepPathway,reactome:Pathway2498,3.2854704636780654
reactome:Pathway2269,abstraction:NextStepPathway,reactome:Pathway2226,5.686941958437205
reactome:Pathway458,abstraction:NextStepPathway,reactome:Pathway366,4.849545169032713
reactome:Pathway1861,abstraction:NextStepPathway,reactome:Pathway134,5.379747071761843
reactome:Pathway70,abstraction:NextStepPathway,reactome:Pathway84,3.1938586482119593
reactome:Pathway492,abstraction:NextStepPathway,reactome:Pathway1588,4.216822736875033
reactome:Pathway288,abstraction:NextStepPathway,reactome:Pathway1529,5.0975146040776265
reactome:Pathway1594,abstraction:NextStepPathway,reactome:Pathway1593,4.560797566378894
reactome:Pathway1977,abstraction:NextStepPathway,reactome:Pathway1531,5.319975328461925
reactome:Pathway2581,abstraction:NextStepPathway,reactome:Pathway2584,4.028479332753203
reactome:Pathway1520,abstraction:NextStepPathway,reactome:Pathway1233,4.216822736875033
reactome:Pathway1484,abstraction:NextStepPathway,reactome:Pathway1486,6.889274073305681
reactome:Pathway247,abstraction:NextStepPathway,reactome:Pathway1779,4.494363877350764
reactome:Pathway1973,abstraction:NextStepPathway,reactome:Pathway361,5.443319875779455
reactome:Pathway1861,abstraction:NextStepPathway,reactome:Pathway1530,5.011186520589129
reactome:Pathway493,abstraction:NextStepPathway,reactome:Pathway1642,4.418122798586166
reactome:Pathway1642,abstraction:NextStepPathway,reactome:Pathway179,4.759872092308223
reactome:Pathway2480,abstraction:NextStepPathway,reactome:Pathway2482,4.191108631436013
reactome:Pathway2238,abstraction:NextStepPathway,reactome:Pathway292,4.5216382952704235
reactome:Pathway344,abstraction:NextStepPathway,reactome:Pathway2028,5.044310568014161
reactome:Pathway2378,abstraction:NextStepPathway,reactome:Pathway2377,4.658026518757841
reactome:Pathway2158,abstraction:NextStepPathway,reactome:Pathway2318,4.5371184805583225
reactome:Pathway2106,abstraction:NextStepPathway,reactome:Pathway2105,5.451071852583772
reactome:Pathway1529,abstraction:NextStepPathway,reactome:Pathway130,4.836833133444351
reactome:Pathway2629,abstraction:NextStepPathway,reactome:Pathway2635,3.5068306886168474
reactome:Pathway2234,abstraction:NextStepPathway,reactome:Pathway2241,4.5998904921701715
reactome:Pathway1977,abstraction:NextStepPathway,reactome:Pathway2202,4.744397895725625
reactome:Pathway1225,abstraction:NextStepPathway,reactome:Pathway1669,3.862074903434645
reactome:Pathway212,abstraction:NextStepPathway,reactome:Pathway213,7.781272112610791
reactome:Pathway1986,abstraction:NextStepPathway,reactome:Pathway1987,5.870249222555919
reactome:Pathway1852,abstraction:NextStepPathway,reactome:Pathway1853,3.851802193578925
reactome:Pathway1510,abstraction:NextStepPathway,reactome:Pathway1234,5.34415612665914
reactome:Pathway1787,abstraction:NextStepPathway,reactome:Pathway1840,5.753123865318506
reactome:Pathway100,abstraction:NextStepPathway,reactome:Pathway125,5.347658757210342
reactome:Pathway2569,abstraction:NextStepPathway,reactome:Pathway1606,3.1235094765035294
reactome:Pathway2744,abstraction:NextStepPathway,reactome:Pathway1541,5.125217206626962
reactome:Pathway1851,abstraction:NextStepPathway,reactome:Pathway1861,4.6938726505309765
reactome:Pathway1851,abstraction:NextStepPathway,reactome:Pathway2196,4.230505960626489
reactome:Pathway1750,abstraction:NextStepPathway,reactome:Pathway1536,3.9448350941392407
reactome:Pathway2060,abstraction:NextStepPathway,reactome:Pathway1588,4.368146160083362
reactome:Pathway1995,abstraction:NextStepPathway,reactome:Pathway2004,5.557730226957199
reactome:Pathway372,abstraction:NextStepPathway,reactome:Pathway374,5.686941958437205
reactome:Pathway1923,abstraction:NextStepPathway,reactome:Pathway1617,3.0370358784997027
reactome:Pathway2358,abstraction:NextStepPathway,reactome:Pathway2364,4.293285600876246
reactome:Pathway213,abstraction:NextStepPathway,reactome:Pathway215,7.503640376012512
reactome:Pathway1533,abstraction:NextStepPathway,reactome:Pathway135,4.964666504954236
reactome:Pathway246,abstraction:NextStepPathway,reactome:Pathway2598,4.871097727418447
reactome:Pathway2555,abstraction:NextStepPathway,reactome:Pathway2556,4.194425384062007
reactome:Pathway2668,abstraction:NextStepPathway,reactome:Pathway2694,5.201055283018467
reactome:Pathway1428,abstraction:NextStepPathway,reactome:Pathway2557,4.357661136111736
reactome:Pathway2358,abstraction:NextStepPathway,reactome:Pathway2554,5.575197919997589
reactome:Pathway2067,abstraction:NextStepPathway,reactome:Pathway2068,7.286575870774684
reactome:Pathway1912,abstraction:NextStepPathway,reactome:Pathway1747,5.216322755149255
reactome:Pathway1509,abstraction:NextStepPathway,reactome:Pathway1522,3.7674148013013773
reactome:Pathway447,abstraction:NextStepPathway,reactome:Pathway448,4.666868309339302
reactome:Pathway1110,abstraction:NextStepPathway,reactome:Pathway1121,4.1606714992501495
reactome:Pathway2545,abstraction:NextStepPathway,reactome:Pathway2686,5.159506280105594
reactome:Pathway1732,abstraction:NextStepPathway,reactome:Pathway1428,3.7516438651083823
reactome:Pathway1576,abstraction:NextStepPathway,reactome:Pathway2593,6.187963582106574
reactome:Pathway1537,abstraction:NextStepPathway,reactome:Pathway1521,4.6149535384812665
reactome:Pathway2788,abstraction:NextStepPathway,reactome:Pathway2789,6.581307329682394
reactome:Pathway2112,abstraction:NextStepPathway,reactome:Pathway2108,5.368936155657627
reactome:Pathway1689,abstraction:NextStepPathway,reactome:Pathway1629,4.464906666465334
reactome:Pathway2164,abstraction:NextStepPathway,reactome:Pathway2318,4.962277017556855
reactome:Pathway439,abstraction:NextStepPathway,reactome:Pathway2073,4.0923926584968555
reactome:Pathway2358,abstraction:NextStepPathway,reactome:Pathway2545,5.092064999310061
reactome:Pathway2222,abstraction:NextStepPathway,reactome:Pathway2228,3.411318059171179
reactome:Pathway255,abstraction:NextStepPathway,reactome:Pathway256,3.4027516172661976
reactome:Pathway247,abstraction:NextStepPathway,reactome:Pathway2555,4.052210868864024
reactome:Pathway2365,abstraction:NextStepPathway,reactome:Pathway2550,4.376082709679099
reactome:Pathway1896,abstraction:NextStepPathway,reactome:Pathway2781,3.5023862368564234
reactome:Pathway50,abstraction:NextStepPathway,reactome:Pathway49,7.011163890914718
reactome:Pathway2749,abstraction:NextStepPathway,reactome:Pathway1609,4.677582697551708
reactome:Pathway1385,abstraction:NextStepPathway,reactome:Pathway1543,5.918743572494529
reactome:Pathway101,abstraction:NextStepPathway,reactome:Pathway98,5.083945874871557
reactome:Pathway2062,abstraction:NextStepPathway,reactome:Pathway2063,5.04172324444921
reactome:Pathway253,abstraction:NextStepPathway,reactome:Pathway227,4.441950134666723
reactome:Pathway2062,abstraction:NextStepPathway,reactome:Pathway2070,6.3654189492493565
reactome:Pathway1521,abstraction:NextStepPathway,reactome:Pathway1233,4.494363877350764
reactome:Pathway2078,abstraction:NextStepPathway,reactome:Pathway2077,4.9598932262015785
reactome:Pathway2150,abstraction:NextStepPathway,reactome:Pathway2317,4.079476433230309
reactome:Pathway2821,abstraction:NextStepPathway,reactome:Pathway2207,3.788591204165191
reactome:Pathway2500,abstraction:NextStepPathway,reactome:Pathway2365,2.6078379282094453
reactome:Pathway1802,abstraction:NextStepPathway,reactome:Pathway1804,3.500724646886764
reactome:Pathway1977,abstraction:NextStepPathway,reactome:Pathway1233,4.527801642978091
reactome:Pathway2138,abstraction:NextStepPathway,reactome:Pathway2139,6.534239818824409
reactome:Pathway248,abstraction:NextStepPathway,reactome:Pathway2383,4.253735808905618
reactome:Pathway492,abstraction:NextStepPathway,reactome:Pathway1541,4.815999046541509
reactome:Pathway1948,abstraction:NextStepPathway,reactome:Pathway403,5.253944746938839
reactome:Pathway2314,abstraction:NextStepPathway,reactome:Pathway267,4.382744959504515
reactome:Pathway1741,abstraction:NextStepPathway,reactome:Pathway1742,4.581783001542781
reactome:Pathway2060,abstraction:NextStepPathway,reactome:Pathway2061,5.078569517835176
reactome:Pathway1205,abstraction:NextStepPathway,reactome:Pathway1797,3.6413170391366387
reactome:Pathway1531,abstraction:NextStepPathway,reactome:Pathway1393,4.777571669407624
reactome:Pathway2060,abstraction:NextStepPathway,reactome:Pathway1861,5.116825548990714
reactome:Pathway2718,abstraction:NextStepPathway,reactome:Pathway2719,5.026338325609731
reactome:Pathway1497,abstraction:NextStepPathway,reactome:Pathway1234,5.247575298653359
reactome:Pathway2060,abstraction:NextStepPathway,reactome:Pathway2196,4.47658563132948
reactome:Pathway1520,abstraction:NextStepPathway,reactome:Pathway1543,4.70119869062305
reactome:Pathway1619,abstraction:NextStepPathway,reactome:Pathway2749,3.7403283271158063
reactome:Pathway1879,abstraction:NextStepPathway,reactome:Pathway2706,5.303054450973588
reactome:Pathway1808,abstraction:NextStepPathway,reactome:Pathway1896,3.6161584795004837
reactome:Pathway1490,abstraction:NextStepPathway,reactome:Pathway1234,3.9799572291670673
reactome:Pathway1108,abstraction:NextStepPathway,reactome:Pathway1102,3.7410318093818917
reactome:Pathway1961,abstraction:NextStepPathway,reactome:Pathway2215,4.651008946099195
reactome:Pathway1190,abstraction:NextStepPathway,reactome:Pathway1192,2.97365099853358
reactome:Pathway1526,abstraction:NextStepPathway,reactome:Pathway1642,4.773611268191527
reactome:Pathway1631,abstraction:NextStepPathway,reactome:Pathway1209,4.143685952884406
reactome:Pathway267,abstraction:NextStepPathway,reactome:Pathway2227,4.177950546858502
reactome:Pathway2198,abstraction:NextStepPathway,reactome:Pathway1233,4.721626513313148
reactome:Pathway2081,abstraction:NextStepPathway,reactome:Pathway1235,5.174147830098542
reactome:Pathway2503,abstraction:NextStepPathway,reactome:Pathway2511,3.240533786782089
reactome:Pathway2243,abstraction:NextStepPathway,reactome:Pathway2298,5.2864151319696235
reactome:Pathway1903,abstraction:NextStepPathway,reactome:Pathway1905,3.9067433116102257
reactome:Pathway1522,abstraction:NextStepPathway,reactome:Pathway1546,3.7180742793855277
reactome:Pathway1454,abstraction:NextStepPathway,reactome:Pathway1462,5.7852121798700065
reactome:Pathway2556,abstraction:NextStepPathway,reactome:Pathway2361,4.681179823732558
reactome:Pathway1878,abstraction:NextStepPathway,reactome:Pathway2706,5.253944746938839
reactome:Pathway32,abstraction:NextStepPathway,reactome:Pathway2622,3.265589093124236
reactome:Pathway1416,abstraction:NextStepPathway,reactome:Pathway222,4.962277017556855
reactome:Pathway96,abstraction:NextStepPathway,reactome:Pathway102,5.60198523596124
reactome:Pathway2198,abstraction:NextStepPathway,reactome:Pathway2200,5.519509014137001
reactome:Pathway2554,abstraction:NextStepPathway,reactome:Pathway2590,6.229463313013327
reactome:Pathway2610,abstraction:NextStepPathway,reactome:Pathway2357,5.02126217257787
reactome:Pathway1731,abstraction:NextStepPathway,reactome:Pathway1588,4.190005487363856
reactome:Pathway1522,abstraction:NextStepPathway,reactome:Pathway134,3.7945127610686282
reactome:Pathway1917,abstraction:NextStepPathway,reactome:Pathway2825,4.328114992017925
reactome:Pathway286,abstraction:NextStepPathway,reactome:Pathway2204,4.527801642978091
reactome:Pathway2217,abstraction:NextStepPathway,reactome:Pathway2215,4.54494937413887
reactome:Pathway493,abstraction:NextStepPathway,reactome:Pathway1429,4.495859763942347
reactome:Pathway2154,abstraction:NextStepPathway,reactome:Pathway2074,3.3667782877994084
reactome:Pathway206,abstraction:NextStepPathway,reactome:Pathway208,4.404367423517681
reactome:Pathway1896,abstraction:NextStepPathway,reactome:Pathway1781,3.7488029541067784
reactome:Pathway1677,abstraction:NextStepPathway,reactome:Pathway1584,3.1602285774664103
reactome:Pathway255,abstraction:NextStepPathway,reactome:Pathway258,3.6515604065513996
reactome:Pathway1477,abstraction:NextStepPathway,reactome:Pathway2383,4.482476664566717
reactome:Pathway1904,abstraction:NextStepPathway,reactome:Pathway1914,4.281134783093733
reactome:Pathway1522,abstraction:NextStepPathway,reactome:Pathway1520,3.5362113330100673
reactome:Pathway421,abstraction:NextStepPathway,reactome:Pathway423,4.088400637227318
reactome:Pathway490,abstraction:NextStepPathway,reactome:Pathway1588,4.362889906194535
reactome:Pathway1522,abstraction:NextStepPathway,reactome:Pathway1532,3.8102257667331845
reactome:Pathway2226,abstraction:NextStepPathway,reactome:Pathway2219,4.929410209476503
reactome:Pathway1233,abstraction:NextStepPathway,reactome:Pathway1731,4.439117271582419
reactome:Pathway1750,abstraction:NextStepPathway,reactome:Pathway524,3.843191572863356
reactome:Pathway35,abstraction:NextStepPathway,reactome:Pathway50,2.2256803360324
reactome:Pathway2061,abstraction:NextStepPathway,reactome:Pathway2062,5.247575298653359
reactome:Pathway1429,abstraction:NextStepPathway,reactome:Pathway134,5.376130431291654
reactome:Pathway2671,abstraction:NextStepPathway,reactome:Pathway2694,5.624869529794827
reactome:Pathway1192,abstraction:NextStepPathway,reactome:Pathway1193,2.839344016524327
reactome:Pathway1979,abstraction:NextStepPathway,reactome:Pathway2314,4.567207844739813
reactome:Pathway2600,abstraction:NextStepPathway,reactome:Pathway2601,4.941024741897196
reactome:Pathway2735,abstraction:NextStepPathway,reactome:Pathway1480,5.207134329094848
reactome:Pathway1429,abstraction:NextStepPathway,reactome:Pathway1530,5.00121137553231
reactome:Pathway1349,abstraction:NextStepPathway,reactome:Pathway1337,4.924801906390308
reactome:Pathway1490,abstraction:NextStepPathway,reactome:Pathway1538,3.7452631274016546
reactome:Pathway2159,abstraction:NextStepPathway,reactome:Pathway2319,5.7690393206244055
reactome:Pathway2275,abstraction:NextStepPathway,reactome:Pathway2276,5.379747071761843
reactome:Pathway2041,abstraction:NextStepPathway,reactome:Pathway1973,5.918743572494529
reactome:Pathway1529,abstraction:NextStepPathway,reactome:Pathway2211,4.170354199966567
reactome:Pathway493,abstraction:NextStepPathway,reactome:Pathway501,4.73865625315795
reactome:Pathway1839,abstraction:NextStepPathway,reactome:Pathway1844,5.64356166280698
reactome:Pathway1800,abstraction:NextStepPathway,reactome:Pathway1799,3.5085024638738593
reactome:Pathway399,abstraction:NextStepPathway,reactome:Pathway255,2.7930187694076665
reactome:Pathway2319,abstraction:NextStepPathway,reactome:Pathway2159,5.7690393206244055
reactome:Pathway1956,abstraction:NextStepPathway,reactome:Pathway2265,4.97670034451796
reactome:Pathway1543,abstraction:NextStepPathway,reactome:Pathway1385,5.918743572494529
reactome:Pathway1597,abstraction:NextStepPathway,reactome:Pathway1600,4.625123117650896
reactome:Pathway1233,abstraction:NextStepPathway,reactome:Pathway2204,4.924801906390308
reactome:Pathway1929,abstraction:NextStepPathway,reactome:Pathway1732,4.071610119314327
reactome:Pathway2365,abstraction:NextStepPathway,reactome:Pathway2549,4.397560045289656
reactome:Pathway246,abstraction:NextStepPathway,reactome:Pathway247,4.236263028916557
reactome:Pathway2226,abstraction:NextStepPathway,reactome:Pathway2269,5.686941958437205
reactome:Pathway1537,abstraction:NextStepPathway,reactome:Pathway1536,4.771636933887809
reactome:Pathway271,abstraction:NextStepPathway,reactome:Pathway252,3.4712786808367415
reactome:Pathway1638,abstraction:NextStepPathway,reactome:Pathway2134,4.418122798586166
reactome:Pathway1631,abstraction:NextStepPathway,reactome:Pathway1442,4.122851865981564
reactome:Pathway466,abstraction:NextStepPathway,reactome:Pathway224,3.235427392707515
reactome:Pathway347,abstraction:NextStepPathway,reactome:Pathway1973,5.2798361608715805
reactome:Pathway2236,abstraction:NextStepPathway,reactome:Pathway2541,4.008051510063105
reactome:Pathway1544,abstraction:NextStepPathway,reactome:Pathway501,6.569331138635679
reactome:Pathway372,abstraction:NextStepPathway,reactome:Pathway379,5.253944746938839
reactome:Pathway2563,abstraction:NextStepPathway,reactome:Pathway410,5.638855771769567
reactome:Pathway288,abstraction:NextStepPathway,reactome:Pathway287,4.489889596955843
reactome:Pathway2284,abstraction:NextStepPathway,reactome:Pathway1956,5.039142597855719
reactome:Pathway1731,abstraction:NextStepPathway,reactome:Pathway1861,4.771636933887809
reactome:Pathway1731,abstraction:NextStepPathway,reactome:Pathway2196,4.278722236688349
reactome:Pathway267,abstraction:NextStepPathway,reactome:Pathway2074,3.529923801579026
reactome:Pathway2209,abstraction:NextStepPathway,reactome:Pathway2091,5.216322755149255
reactome:Pathway2036,abstraction:NextStepPathway,reactome:Pathway2236,4.52317557458931
reactome:Pathway1750,abstraction:NextStepPathway,reactome:Pathway1533,3.884565811294539
reactome:Pathway39,abstraction:NextStepPathway,reactome:Pathway62,3.7623697455555494
reactome:Pathway1915,abstraction:NextStepPathway,reactome:Pathway1741,4.314286990410633
reactome:Pathway2369,abstraction:NextStepPathway,reactome:Pathway2434,3.814003632956667
reactome:Pathway1477,abstraction:NextStepPathway,reactome:Pathway448,4.755981036815256
reactome:Pathway1775,abstraction:NextStepPathway,reactome:Pathway1776,5.1771020419959735
reactome:Pathway2204,abstraction:NextStepPathway,reactome:Pathway1521,5.2864151319696235
reactome:Pathway1773,abstraction:NextStepPathway,reactome:Pathway1793,3.8549518024818212
reactome:Pathway1382,abstraction:NextStepPathway,reactome:Pathway1623,4.449067602435588
reactome:Pathway478,abstraction:NextStepPathway,reactome:Pathway1546,5.216322755149255
reactome:Pathway1789,abstraction:NextStepPathway,reactome:Pathway1205,3.547745486255354
reactome:Pathway1943,abstraction:NextStepPathway,reactome:Pathway1979,4.663322206332551
reactome:Pathway1619,abstraction:NextStepPathway,reactome:Pathway1338,3.9226498839097608
reactome:Pathway2147,abstraction:NextStepPathway,reactome:Pathway2148,4.618331920072894
reactome:Pathway1824,abstraction:NextStepPathway,reactome:Pathway1781,4.843168951893437
reactome:Pathway1217,abstraction:NextStepPathway,reactome:Pathway1220,4.717881190582986
reactome:Pathway247,abstraction:NextStepPathway,reactome:Pathway250,3.7173867578733994
reactome:Pathway211,abstraction:NextStepPathway,reactome:Pathway213,6.643439110789401
reactome:Pathway2375,abstraction:NextStepPathway,reactome:Pathway422,3.3362706787755214
reactome:Pathway2691,abstraction:NextStepPathway,reactome:Pathway2697,5.361793268145247
reactome:Pathway2112,abstraction:NextStepPathway,reactome:Pathway2117,5.011186520589129
reactome:Pathway2285,abstraction:NextStepPathway,reactome:Pathway2339,5.390676142294033
reactome:Pathway1385,abstraction:NextStepPathway,reactome:Pathway1732,4.261995442883035
reactome:Pathway1536,abstraction:NextStepPathway,reactome:Pathway1532,5.575197919997589
reactome:Pathway436,abstraction:NextStepPathway,reactome:Pathway184,4.331919689061589
reactome:Pathway1858,abstraction:NextStepPathway,reactome:Pathway1732,4.137390024427591
reactome:Pathway13,abstraction:NextStepPathway,reactome:Pathway15,4.924801906390308
reactome:Pathway2139,abstraction:NextStepPathway,reactome:Pathway2140,6.534239818824409
reactome:Pathway493,abstraction:NextStepPathway,reactome:Pathway1856,4.080464087631581
reactome:Pathway1689,abstraction:NextStepPathway,reactome:Pathway1673,5.498889726934265
reactome:Pathway1808,abstraction:NextStepPathway,reactome:Pathway1795,4.915648524403821
reactome:Pathway438,abstraction:NextStepPathway,reactome:Pathway253,4.281134783093733
reactome:Pathway2098,abstraction:NextStepPathway,reactome:Pathway2099,6.630700085011971
reactome:Pathway1671,abstraction:NextStepPathway,reactome:Pathway411,4.368146160083362
reactome:Pathway1209,abstraction:NextStepPathway,reactome:Pathway2541,4.405734477729214
reactome:Pathway1910,abstraction:NextStepPathway,reactome:Pathway1905,3.6723673990573613
reactome:Pathway1979,abstraction:NextStepPathway,reactome:Pathway2313,4.5639975691095644
reactome:Pathway1631,abstraction:NextStepPathway,reactome:Pathway1732,3.64770683723541
reactome:Pathway1526,abstraction:NextStepPathway,reactome:Pathway1429,4.80574254637432
reactome:Pathway2786,abstraction:NextStepPathway,reactome:Pathway1584,4.875464546584787
reactome:Pathway478,abstraction:NextStepPathway,reactome:Pathway1520,4.562396287742591
reactome:Pathway1861,abstraction:NextStepPathway,reactome:Pathway1642,4.911103062032146
reactome:Pathway1856,abstraction:NextStepPathway,reactome:Pathway1526,4.275114295312149
reactome:Pathway274,abstraction:NextStepPathway,reactome:Pathway275,6.299667571686576
reactome:Pathway2235,abstraction:NextStepPathway,reactome:Pathway2236,4.721626513313148
reactome:Pathway1526,abstraction:NextStepPathway,reactome:Pathway1750,3.847879081446453
reactome:Pathway482,abstraction:NextStepPathway,reactome:Pathway499,6.204357391882251
reactome:Pathway482,abstraction:NextStepPathway,reactome:Pathway1429,5.474694998347209
reactome:Pathway1229,abstraction:NextStepPathway,reactome:Pathway1522,3.671054201232401
reactome:Pathway2375,abstraction:NextStepPathway,reactome:Pathway2374,1.642250001145195
reactome:Pathway482,abstraction:NextStepPathway,reactome:Pathway1750,4.060893991437484
reactome:Pathway2270,abstraction:NextStepPathway,reactome:Pathway2275,5.049505384891265
reactome:Pathway2382,abstraction:NextStepPathway,reactome:Pathway422,3.5664813973128235
reactome:Pathway1544,abstraction:NextStepPathway,reactome:Pathway1856,4.645777896681642
reactome:Pathway1324,abstraction:NextStepPathway,reactome:Pathway1635,4.832631446590651
reactome:Pathway1669,abstraction:NextStepPathway,reactome:Pathway1629,4.420896725468891
reactome:Pathway1597,abstraction:NextStepPathway,reactome:Pathway1596,4.342136891608244
reactome:Pathway2785,abstraction:NextStepPathway,reactome:Pathway2758,5.62950990935133
reactome:Pathway1896,abstraction:NextStepPathway,reactome:Pathway1840,3.7827045057824598
reactome:Pathway2398,abstraction:NextStepPathway,reactome:Pathway2399,3.4777477060918676
reactome:Pathway492,abstraction:NextStepPathway,reactome:Pathway1544,5.2635756399998
reactome:Pathway2083,abstraction:NextStepPathway,reactome:Pathway2175,5.835361963555478
reactome:Pathway257,abstraction:NextStepPathway,reactome:Pathway399,3.217340674639298
reactome:Pathway2584,abstraction:NextStepPathway,reactome:Pathway2581,4.028479332753203
reactome:Pathway2358,abstraction:NextStepPathway,reactome:Pathway2549,5.147945457704518
reactome:Pathway1710,abstraction:NextStepPathway,reactome:Pathway1227,5.145076015276565
reactome:Pathway2134,abstraction:NextStepPathway,reactome:Pathway1732,3.9587362736841816
reactome:Pathway1642,abstraction:NextStepPathway,reactome:Pathway1752,4.630246954650765
reactome:Pathway286,abstraction:NextStepPathway,reactome:Pathway1429,4.2957335825148855
reactome:Pathway1828,abstraction:NextStepPathway,reactome:Pathway1895,6.656342515625308
reactome:Pathway2505,abstraction:NextStepPathway,reactome:Pathway2504,3.8565303347748707
reactome:Pathway2354,abstraction:NextStepPathway,reactome:Pathway2422,3.102108246714374
reactome:Pathway2290,abstraction:NextStepPathway,reactome:Pathway2295,3.967523676450986
reactome:Pathway499,abstraction:NextStepPathway,reactome:Pathway1529,5.390676142294033
reactome:Pathway482,abstraction:NextStepPathway,reactome:Pathway501,6.336708843366925
reactome:Pathway1521,abstraction:NextStepPathway,reactome:Pathway2204,5.2864151319696235
reactome:Pathway1529,abstraction:NextStepPathway,reactome:Pathway135,5.089351293438465
reactome:Pathway1216,abstraction:NextStepPathway,reactome:Pathway1220,5.523684385547481
reactome:Pathway301,abstraction:NextStepPathway,reactome:Pathway302,4.016357972220858
reactome:Pathway2275,abstraction:NextStepPathway,reactome:Pathway2100,5.527877263807517
reactome:Pathway1923,abstraction:NextStepPathway,reactome:Pathway1915,3.397247475274237
reactome:Pathway2385,abstraction:NextStepPathway,reactome:Pathway2388,6.290617736166658
reactome:Pathway2358,abstraction:NextStepPathway,reactome:Pathway2589,5.094786089424422
reactome:Pathway2569,abstraction:NextStepPathway,reactome:Pathway2570,4.370784684041544
reactome:Pathway255,abstraction:NextStepPathway,reactome:Pathway262,3.527078849446795
reactome:Pathway1529,abstraction:NextStepPathway,reactome:Pathway1588,4.325586545664566
reactome:Pathway524,abstraction:NextStepPathway,reactome:Pathway286,4.186703337968097
reactome:Pathway1929,abstraction:NextStepPathway,reactome:Pathway1860,3.8565303347748707
reactome:Pathway2557,abstraction:NextStepPathway,reactome:Pathway2546,5.337187457343046
reactome:Pathway172,abstraction:NextStepPathway,reactome:Pathway286,3.963120322792716
reactome:Pathway526,abstraction:NextStepPathway,reactome:Pathway527,5.111269979146112
reactome:Pathway478,abstraction:NextStepPathway,reactome:Pathway1543,5.682027943634776
reactome:Pathway1516,abstraction:NextStepPathway,reactome:Pathway1520,4.659788633751241
reactome:Pathway2119,abstraction:NextStepPathway,reactome:Pathway2112,5.2864151319696235
reactome:Pathway1750,abstraction:NextStepPathway,reactome:Pathway1233,3.774666464696698
reactome:Pathway2150,abstraction:NextStepPathway,reactome:Pathway2152,4.538679761125275
reactome:Pathway2484,abstraction:NextStepPathway,reactome:Pathway2487,3.9998134772037623
reactome:Pathway1510,abstraction:NextStepPathway,reactome:Pathway1522,3.836201253136445
reactome:Pathway241,abstraction:NextStepPathway,reactome:Pathway242,5.716944208741004
reactome:Pathway1541,abstraction:NextStepPathway,reactome:Pathway2744,5.125217206626962
reactome:Pathway1091,abstraction:NextStepPathway,reactome:Pathway1093,4.403002235592341
reactome:Pathway1977,abstraction:NextStepPathway,reactome:Pathway2109,4.920214742383402
reactome:Pathway1329,abstraction:NextStepPathway,reactome:Pathway1334,5.779792112400668
reactome:Pathway1118,abstraction:NextStepPathway,reactome:Pathway2706,5.368936155657627
reactome:Pathway43,abstraction:NextStepPathway,reactome:Pathway298,4.489889596955843
reactome:Pathway250,abstraction:NextStepPathway,reactome:Pathway2380,4.005297951645922
reactome:Pathway1914,abstraction:NextStepPathway,reactome:Pathway672,4.344707587111345
reactome:Pathway1233,abstraction:NextStepPathway,reactome:Pathway1429,4.616641302594987
reactome:Pathway1672,abstraction:NextStepPathway,reactome:Pathway1668,5.553410565812682
reactome:Pathway589,abstraction:NextStepPathway,reactome:Pathway587,4.063805201644943
reactome:Pathway1299,abstraction:NextStepPathway,reactome:Pathway519,4.22821238163939
reactome:Pathway1193,abstraction:NextStepPathway,reactome:Pathway1192,2.839344016524327
reactome:Pathway1835,abstraction:NextStepPathway,reactome:Pathway1741,4.729159505620693
reactome:Pathway1526,abstraction:NextStepPathway,reactome:Pathway1856,4.275114295312149
reactome:Pathway2625,abstraction:NextStepPathway,reactome:Pathway2623,3.7256683787051212
reactome:Pathway1219,abstraction:NextStepPathway,reactome:Pathway1212,3.726361619634098
reactome:Pathway2371,abstraction:NextStepPathway,reactome:Pathway2372,3.588591649667829
reactome:Pathway1838,abstraction:NextStepPathway,reactome:Pathway1840,5.657813685514181
reactome:Pathway1851,abstraction:NextStepPathway,reactome:Pathway1850,3.7856435233278485
reactome:Pathway114,abstraction:NextStepPathway,reactome:Pathway100,5.412899279078743
reactome:Pathway479,abstraction:NextStepPathway,reactome:Pathway480,6.13261348702341
reactome:Pathway1165,abstraction:NextStepPathway,reactome:Pathway1170,3.0478846288219463
reactome:Pathway2204,abstraction:NextStepPathway,reactome:Pathway1536,5.657813685514181
reactome:Pathway2499,abstraction:NextStepPathway,reactome:Pathway2558,5.00121137553231
reactome:Pathway2706,abstraction:NextStepPathway,reactome:Pathway1812,4.845289843462575
reactome:Pathway1808,abstraction:NextStepPathway,reactome:Pathway1824,4.50337294729313
reactome:Pathway1851,abstraction:NextStepPathway,reactome:Pathway286,4.120792133018553
reactome:Pathway2531,abstraction:NextStepPathway,reactome:Pathway2532,4.98643278143619
reactome:Pathway499,abstraction:NextStepPathway,reactome:Pathway1861,5.372526823788355
reactome:Pathway1835,abstraction:NextStepPathway,reactome:Pathway1776,5.289720920104123
reactome:Pathway372,abstraction:NextStepPathway,reactome:Pathway385,6.630700085011971
reactome:Pathway1529,abstraction:NextStepPathway,reactome:Pathway1861,5.02888609768853
reactome:Pathway469,abstraction:NextStepPathway,reactome:Pathway1166,4.78954786045434
reactome:Pathway1631,abstraction:NextStepPathway,reactome:Pathway224,3.865257085913108
reactome:Pathway286,abstraction:NextStepPathway,reactome:Pathway1856,3.943972653378582
reactome:Pathway2623,abstraction:NextStepPathway,reactome:Pathway2617,2.90607478940964
reactome:Pathway324,abstraction:NextStepPathway,reactome:Pathway1524,4.598230740751807
reactome:Pathway479,abstraction:NextStepPathway,reactome:Pathway269,4.570428459439855
reactome:Pathway1801,abstraction:NextStepPathway,reactome:Pathway1773,3.38337212878062
reactome:Pathway286,abstraction:NextStepPathway,reactome:Pathway1754,4.419508800194043
reactome:Pathway1750,abstraction:NextStepPathway,reactome:Pathway132,3.9835382535847734
reactome:Pathway1366,abstraction:NextStepPathway,reactome:Pathway1851,5.013695932194555
reactome:Pathway1824,abstraction:NextStepPathway,reactome:Pathway1205,3.494655662741568
reactome:Pathway2190,abstraction:NextStepPathway,reactome:Pathway2193,6.446271045878452
reactome:Pathway1619,abstraction:NextStepPathway,reactome:Pathway1382,3.7594982432235264
reactome:Pathway1198,abstraction:NextStepPathway,reactome:Pathway1207,6.196126892745736
reactome:Pathway1234,abstraction:NextStepPathway,reactome:Pathway286,4.223640945106809
reactome:Pathway2027,abstraction:NextStepPathway,reactome:Pathway2028,4.7875418417274735
reactome:Pathway1861,abstraction:NextStepPathway,reactome:Pathway1750,3.9285745732674604
reactome:Pathway2591,abstraction:NextStepPathway,reactome:Pathway1555,4.473653077908202
reactome:Pathway2589,abstraction:NextStepPathway,reactome:Pathway2596,5.07589214006446
reactome:Pathway2399,abstraction:NextStepPathway,reactome:Pathway2398,3.4777477060918676
reactome:Pathway1504,abstraction:NextStepPathway,reactome:Pathway1538,4.532449211374638
reactome:Pathway507,abstraction:NextStepPathway,reactome:Pathway506,3.8870058287719047
reactome:Pathway1497,abstraction:NextStepPathway,reactome:Pathway1522,3.814760921898576
reactome:Pathway267,abstraction:NextStepPathway,reactome:Pathway444,4.425072096879372
reactome:Pathway1832,abstraction:NextStepPathway,reactome:Pathway1220,4.884255811995958
reactome:Pathway2247,abstraction:NextStepPathway,reactome:Pathway2541,4.392147312182906
reactome:Pathway2179,abstraction:NextStepPathway,reactome:Pathway2181,5.02126217257787
reactome:Pathway1931,abstraction:NextStepPathway,reactome:Pathway1618,3.5837694582860644
reactome:Pathway1490,abstraction:NextStepPathway,reactome:Pathway1522,3.3395624757757365
reactome:Pathway2117,abstraction:NextStepPathway,reactome:Pathway2125,5.523684385547481
reactome:Pathway131,abstraction:NextStepPathway,reactome:Pathway1609,5.6674291442136235
reactome:Pathway1776,abstraction:NextStepPathway,reactome:Pathway1896,3.7160131312837876
reactome:Pathway1570,abstraction:NextStepPathway,reactome:Pathway1569,4.071610119314327
reactome:Pathway2060,abstraction:NextStepPathway,reactome:Pathway1526,4.873278753364807
reactome:Pathway1700,abstraction:NextStepPathway,reactome:Pathway1704,3.297140254999756
reactome:Pathway2012,abstraction:NextStepPathway,reactome:Pathway2335,5.253944746938839
reactome:Pathway287,abstraction:NextStepPathway,reactome:Pathway1861,4.439117271582419
reactome:Pathway96,abstraction:NextStepPathway,reactome:Pathway100,5.474694998347209
reactome:Pathway135,abstraction:NextStepPathway,reactome:Pathway253,4.4884026078342645
reactome:Pathway2386,abstraction:NextStepPathway,reactome:Pathway2378,4.777571669407624
reactome:Pathway1878,abstraction:NextStepPathway,reactome:Pathway1895,6.3273191030170866
reactome:Pathway2358,abstraction:NextStepPathway,reactome:Pathway2543,5.431803433717896
reactome:Pathway37,abstraction:NextStepPathway,reactome:Pathway2626,3.815518784761678
reactome:Pathway1537,abstraction:NextStepPathway,reactome:Pathway1545,5.044310568014161
reactome:Pathway1229,abstraction:NextStepPathway,reactome:Pathway1826,4.950414482247035
reactome:Pathway490,abstraction:NextStepPathway,reactome:Pathway1544,5.753123865318506
reactome:Pathway511,abstraction:NextStepPathway,reactome:Pathway484,5.49481640154663
reactome:Pathway1750,abstraction:NextStepPathway,reactome:Pathway1543,4.047419292854124
reactome:Pathway1314,abstraction:NextStepPathway,reactome:Pathway1315,5.562068628555797
reactome:Pathway2711,abstraction:NextStepPathway,reactome:Pathway2712,6.682659823942682
reactome:Pathway385,abstraction:NextStepPathway,reactome:Pathway2428,4.884255811995958
reactome:Pathway1233,abstraction:NextStepPathway,reactome:Pathway1856,4.161742736631648
reactome:Pathway1233,abstraction:NextStepPathway,reactome:Pathway1754,4.771636933887809
reactome:Pathway1412,abstraction:NextStepPathway,reactome:Pathway1323,4.906578167433857
reactome:Pathway2208,abstraction:NextStepPathway,reactome:Pathway2205,6.4050280873444025
reactome:Pathway2624,abstraction:NextStepPathway,reactome:Pathway2617,3.151214211114921
reactome:Pathway1536,abstraction:NextStepPathway,reactome:Pathway2109,5.116825548990714
reactome:Pathway1368,abstraction:NextStepPathway,reactome:Pathway1349,4.924801906390308
reactome:Pathway370,abstraction:NextStepPathway,reactome:Pathway371,6.511511567746853
reactome:Pathway1702,abstraction:NextStepPathway,reactome:Pathway2704,4.858110531891636
reactome:Pathway2027,abstraction:NextStepPathway,reactome:Pathway2226,5.398029116599291
reactome:Pathway1536,abstraction:NextStepPathway,reactome:Pathway2205,5.620250583938533
reactome:Pathway1977,abstraction:NextStepPathway,reactome:Pathway1534,5.368936155657627
reactome:Pathway1531,abstraction:NextStepPathway,reactome:Pathway2796,4.890900354714627
reactome:Pathway1412,abstraction:NextStepPathway,reactome:Pathway1907,4.981554722982758
reactome:Pathway1593,abstraction:NextStepPathway,reactome:Pathway1596,4.403002235592341
reactome:Pathway1416,abstraction:NextStepPathway,reactome:Pathway1695,6.889274073305681
reactome:Pathway1390,abstraction:NextStepPathway,reactome:Pathway250,4.181223872203471
reactome:Pathway2569,abstraction:NextStepPathway,reactome:Pathway2579,4.911103062032146
reactome:Pathway2706,abstraction:NextStepPathway,reactome:Pathway2686,4.9317223492348825
reactome:Pathway1735,abstraction:NextStepPathway,reactome:Pathway1632,5.443319875779455
reactome:Pathway252,abstraction:NextStepPathway,reactome:Pathway278,5.210187766581739
reactome:Pathway1609,abstraction:NextStepPathway,reactome:Pathway2600,5.466758448751472
reactome:Pathway1750,abstraction:NextStepPathway,reactome:Pathway172,3.6809454787111435
reactome:Pathway2100,abstraction:NextStepPathway,reactome:Pathway2222,3.4199585195344517
reactome:Pathway372,abstraction:NextStepPathway,reactome:Pathway383,6.2727601187666515
reactome:Pathway2679,abstraction:NextStepPathway,reactome:Pathway2680,6.922610493573273
reactome:Pathway1924,abstraction:NextStepPathway,reactome:Pathway1923,3.489170185464897
reactome:Pathway1064,abstraction:NextStepPathway,reactome:Pathway1066,5.696843029419917
reactome:Pathway1393,abstraction:NextStepPathway,reactome:Pathway2796,4.24554383799103
reactome:Pathway1384,abstraction:NextStepPathway,reactome:Pathway1851,4.948058768554575
reactome:Pathway1896,abstraction:NextStepPathway,reactome:Pathway1835,3.795255427274319
reactome:Pathway2095,abstraction:NextStepPathway,reactome:Pathway2096,6.569331138635679
reactome:Pathway267,abstraction:NextStepPathway,reactome:Pathway2154,3.756634962813511
reactome:Pathway2124,abstraction:NextStepPathway,reactome:Pathway2131,6.14033553311732
reactome:Pathway1359,abstraction:NextStepPathway,reactome:Pathway1337,4.924801906390308
reactome:Pathway1853,abstraction:NextStepPathway,reactome:Pathway1855,3.73962533938914
reactome:Pathway674,abstraction:NextStepPathway,reactome:Pathway672,4.734846724741282
reactome:Pathway2365,abstraction:NextStepPathway,reactome:Pathway2366,4.560797566378894
reactome:Pathway1234,abstraction:NextStepPathway,reactome:Pathway2030,5.2040901867136204
reactome:Pathway1320,abstraction:NextStepPathway,reactome:Pathway1607,3.7915475995187937
reactome:Pathway2358,abstraction:NextStepPathway,reactome:Pathway2559,4.95514262344298
reactome:Pathway2706,abstraction:NextStepPathway,reactome:Pathway1880,5.293037672730117
reactome:Pathway250,abstraction:NextStepPathway,reactome:Pathway1539,4.197753174154681
reactome:Pathway2375,abstraction:NextStepPathway,reactome:Pathway2354,2.9759404517004144
reactome:Pathway509,abstraction:NextStepPathway,reactome:Pathway452,4.548098983041767
reactome:Pathway1862,abstraction:NextStepPathway,reactome:Pathway1732,4.069653171527366
reactome:Pathway2749,abstraction:NextStepPathway,reactome:Pathway1392,4.813939313578499
reactome:Pathway2119,abstraction:NextStepPathway,reactome:Pathway2121,6.155960851020401
reactome:Pathway1537,abstraction:NextStepPathway,reactome:Pathway1233,4.403002235592341
reactome:Pathway1429,abstraction:NextStepPathway,reactome:Pathway2071,5.128030148003576
reactome:Pathway1965,abstraction:NextStepPathway,reactome:Pathway1963,4.695699135057011
reactome:Pathway1182,abstraction:NextStepPathway,reactome:Pathway1841,4.154268062214943
reactome:Pathway437,abstraction:NextStepPathway,reactome:Pathway438,5.046904603191208
reactome:Pathway2275,abstraction:NextStepPathway,reactome:Pathway2269,5.219404421686663
reactome:Pathway2499,abstraction:NextStepPathway,reactome:Pathway2544,4.84105254898706
reactome:Pathway1904,abstraction:NextStepPathway,reactome:Pathway1910,3.980851283763948
reactome:Pathway2157,abstraction:NextStepPathway,reactome:Pathway2319,4.845289843462575
reactome:Pathway1861,abstraction:NextStepPathway,reactome:Pathway130,4.81806303076236
reactome:Pathway1320,abstraction:NextStepPathway,reactome:Pathway1323,4.2408926668152995
reactome:Pathway2003,abstraction:NextStepPathway,reactome:Pathway2005,4.717881190582986
reactome:Pathway1702,abstraction:NextStepPathway,reactome:Pathway2669,5.634171922457141
reactome:Pathway1626,abstraction:NextStepPathway,reactome:Pathway1360,5.354701039835755
reactome:Pathway1209,abstraction:NextStepPathway,reactome:Pathway2557,5.716944208741004
reactome:Pathway1568,abstraction:NextStepPathway,reactome:Pathway1586,5.319975328461925
reactome:Pathway1385,abstraction:NextStepPathway,reactome:Pathway493,4.654511576650396
reactome:Pathway1501,abstraction:NextStepPathway,reactome:Pathway1520,4.748244054313104
reactome:Pathway2651,abstraction:NextStepPathway,reactome:Pathway2654,4.873278753364807
reactome:Pathway1962,abstraction:NextStepPathway,reactome:Pathway1961,6.14033553311732
reactome:Pathway2522,abstraction:NextStepPathway,reactome:Pathway2519,3.151994851279467
reactome:Pathway2319,abstraction:NextStepPathway,reactome:Pathway2157,4.845289843462575
reactome:Pathway246,abstraction:NextStepPathway,reactome:Pathway2358,4.9317223492348825
reactome:Pathway1520,abstraction:NextStepPathway,reactome:Pathway1537,4.308064194972364
reactome:Pathway250,abstraction:NextStepPathway,reactome:Pathway2598,4.075535541430432
reactome:Pathway179,abstraction:NextStepPathway,reactome:Pathway1861,4.868921447995851
reactome:Pathway1914,abstraction:NextStepPathway,reactome:Pathway1910,3.716699708722361
reactome:Pathway524,abstraction:NextStepPathway,reactome:Pathway520,4.721626513313148
reactome:Pathway1735,abstraction:NextStepPathway,reactome:Pathway2391,4.7875418417274735
reactome:Pathway2504,abstraction:NextStepPathway,reactome:Pathway2508,3.474507962437457
reactome:Pathway1731,abstraction:NextStepPathway,reactome:Pathway1526,4.593267951409678
reactome:Pathway1174,abstraction:NextStepPathway,reactome:Pathway1178,5.108503725653221
reactome:Pathway2122,abstraction:NextStepPathway,reactome:Pathway2114,5.7690393206244055
reactome:Pathway1130,abstraction:NextStepPathway,reactome:Pathway1131,5.686941958437205
reactome:Pathway2196,abstraction:NextStepPathway,reactome:Pathway179,4.334464219696584
reactome:Pathway1631,abstraction:NextStepPathway,reactome:Pathway493,3.81098019905867
reactome:Pathway372,abstraction:NextStepPathway,reactome:Pathway384,6.023414195058418
reactome:Pathway2165,abstraction:NextStepPathway,reactome:Pathway251,4.1300945256808665
reactome:Pathway2079,abstraction:NextStepPathway,reactome:Pathway2084,4.589973055512825
reactome:Pathway1917,abstraction:NextStepPathway,reactome:Pathway1918,4.276315496657784
reactome:Pathway477,abstraction:NextStepPathway,reactome:Pathway482,5.219404421686663
reactome:Pathway2203,abstraction:NextStepPathway,reactome:Pathway1537,4.945708591209622
reactome:Pathway1166,abstraction:NextStepPathway,reactome:Pathway1168,4.76966648990051
reactome:Pathway256,abstraction:NextStepPathway,reactome:Pathway1741,3.969290461362872
reactome:Pathway1736,abstraction:NextStepPathway,reactome:Pathway1629,4.510943006153675
reactome:Pathway288,abstraction:NextStepPathway,reactome:Pathway524,4.853818679810095
reactome:Pathway1498,abstraction:NextStepPathway,reactome:Pathway1520,4.515512701843741
reactome:Pathway1856,abstraction:NextStepPathway,reactome:Pathway1530,4.386763719099433
reactome:Pathway2657,abstraction:NextStepPathway,reactome:Pathway1309,4.005297951645922
reactome:Pathway1832,abstraction:NextStepPathway,reactome:Pathway1836,4.864583046397254
reactome:Pathway2318,abstraction:NextStepPathway,reactome:Pathway2158,4.5371184805583225
reactome:Pathway105,abstraction:NextStepPathway,reactome:Pathway106,6.957096669644442
reactome:Pathway1707,abstraction:NextStepPathway,reactome:Pathway1710,5.85265346066554
reactome:Pathway1480,abstraction:NextStepPathway,reactome:Pathway2731,4.962277017556855
reactome:Pathway1522,abstraction:NextStepPathway,reactome:Pathway1234,3.66777873154993
reactome:Pathway1209,abstraction:NextStepPathway,reactome:Pathway1428,4.382744959504515
reactome:Pathway2068,abstraction:NextStepPathway,reactome:Pathway1588,4.581783001542781
reactome:Pathway1429,abstraction:NextStepPathway,reactome:Pathway499,5.372526823788355
reactome:Pathway2220,abstraction:NextStepPathway,reactome:Pathway1986,5.611076207662491
reactome:Pathway2269,abstraction:NextStepPathway,reactome:Pathway292,4.546522938586301
reactome:Pathway2688,abstraction:NextStepPathway,reactome:Pathway2695,5.937552904452025
reactome:Pathway1500,abstraction:NextStepPathway,reactome:Pathway1520,4.575278913573604
reactome:Pathway2720,abstraction:NextStepPathway,reactome:Pathway237,4.44053269998575
reactome:Pathway2364,abstraction:NextStepPathway,reactome:Pathway2404,4.246710018881212
reactome:Pathway1429,abstraction:NextStepPathway,reactome:Pathway1750,3.9285745732674604
reactome:Pathway524,abstraction:NextStepPathway,reactome:Pathway134,5.081254083205846
reactome:Pathway2499,abstraction:NextStepPathway,reactome:Pathway2500,2.685560646159417
reactome:Pathway1829,abstraction:NextStepPathway,reactome:Pathway1895,6.489288430962143
reactome:Pathway2137,abstraction:NextStepPathway,reactome:Pathway2138,9.054237788423679
reactome:Pathway1209,abstraction:NextStepPathway,reactome:Pathway2675,5.931243735258761
reactome:Pathway2752,abstraction:NextStepPathway,reactome:Pathway2751,4.199977869176792
reactome:Pathway1480,abstraction:NextStepPathway,reactome:Pathway2730,5.570802308524551
reactome:Pathway2162,abstraction:NextStepPathway,reactome:Pathway2163,5.638855771769567
reactome:Pathway2678,abstraction:NextStepPathway,reactome:Pathway2680,6.922610493573273
reactome:Pathway2281,abstraction:NextStepPathway,reactome:Pathway2226,5.931243735258761
reactome:Pathway2176,abstraction:NextStepPathway,reactome:Pathway2177,5.876183958075734
reactome:Pathway2204,abstraction:NextStepPathway,reactome:Pathway1531,6.605698782806553
reactome:Pathway2196,abstraction:NextStepPathway,reactome:Pathway1588,3.980851283763948
reactome:Pathway2569,abstraction:NextStepPathway,reactome:Pathway2580,4.893125049736738
reactome:Pathway524,abstraction:NextStepPathway,reactome:Pathway1669,4.727270930932825
reactome:Pathway266,abstraction:NextStepPathway,reactome:Pathway268,6.009715350700256
reactome:Pathway1731,abstraction:NextStepPathway,reactome:Pathway1225,3.8072137162631927
reactome:Pathway172,abstraction:NextStepPathway,reactome:Pathway1669,4.3734301882299675
reactome:Pathway1588,abstraction:NextStepPathway,reactome:Pathway1861,4.345995417295773
reactome:Pathway1588,abstraction:NextStepPathway,reactome:Pathway2196,3.980851283763948
reactome:Pathway372,abstraction:NextStepPathway,reactome:Pathway2167,5.42041811149277
reactome:Pathway1440,abstraction:NextStepPathway,reactome:Pathway1691,6.2727601187666515
reactome:Pathway2357,abstraction:NextStepPathway,reactome:Pathway250,4.080464087631581
reactome:Pathway1961,abstraction:NextStepPathway,reactome:Pathway1962,6.14033553311732
reactome:Pathway2187,abstraction:NextStepPathway,reactome:Pathway2185,6.12495061427784
reactome:Pathway364,abstraction:NextStepPathway,reactome:Pathway366,6.682659823942682
reactome:Pathway493,abstraction:NextStepPathway,reactome:Pathway1428,3.9728334234392157
reactome:Pathway1801,abstraction:NextStepPathway,reactome:Pathway1794,3.7695847840697003
reactome:Pathway2668,abstraction:NextStepPathway,reactome:Pathway2704,4.677582697551708
reactome:Pathway499,abstraction:NextStepPathway,reactome:Pathway482,6.204357391882251
reactome:Pathway2073,abstraction:NextStepPathway,reactome:Pathway2539,4.260811310121818
reactome:Pathway1689,abstraction:NextStepPathway,reactome:Pathway1225,3.89682587495288
reactome:Pathway1977,abstraction:NextStepPathway,reactome:Pathway1537,4.640574068806615
reactome:Pathway2548,abstraction:NextStepPathway,reactome:Pathway2404,4.996260870372454
reactome:Pathway1537,abstraction:NextStepPathway,reactome:Pathway1543,5.0340011983553
reactome:Pathway1562,abstraction:NextStepPathway,reactome:Pathway1549,4.426467770518347
reactome:Pathway2123,abstraction:NextStepPathway,reactome:Pathway2118,6.511511567746853
reactome:Pathway1375,abstraction:NextStepPathway,reactome:Pathway1384,6.13261348702341
reactome:Pathway1208,abstraction:NextStepPathway,reactome:Pathway81,4.2969598242381295
reactome:Pathway1187,abstraction:NextStepPathway,reactome:Pathway1192,2.843064152450122
reactome:Pathway2112,abstraction:NextStepPathway,reactome:Pathway2114,5.319975328461925
reactome:Pathway2610,abstraction:NextStepPathway,reactome:Pathway2391,4.710432366569995
reactome:Pathway1603,abstraction:NextStepPathway,reactome:Pathway2218,4.906578167433857
reactome:Pathway1862,abstraction:NextStepPathway,reactome:Pathway1860,3.8557407571578532
reactome:Pathway1606,abstraction:NextStepPathway,reactome:Pathway2576,3.177703207989674
reactome:Pathway2226,abstraction:NextStepPathway,reactome:Pathway2275,5.379747071761843
reactome:Pathway1619,abstraction:NextStepPathway,reactome:Pathway1539,4.042650566602041
reactome:Pathway1234,abstraction:NextStepPathway,reactome:Pathway1393,4.409846889282306
reactome:Pathway1917,abstraction:NextStepPathway,reactome:Pathway1919,4.081452718458521
reactome:Pathway1216,abstraction:NextStepPathway,reactome:Pathway1219,4.397560045289656
reactome:Pathway1429,abstraction:NextStepPathway,reactome:Pathway2060,5.116825548990714
reactome:Pathway2500,abstraction:NextStepPathway,reactome:Pathway2570,2.636339052962112
reactome:Pathway1923,abstraction:NextStepPathway,reactome:Pathway1924,3.489170185464897
reactome:Pathway2720,abstraction:NextStepPathway,reactome:Pathway238,4.216822736875033
reactome:Pathway2380,abstraction:NextStepPathway,reactome:Pathway2677,5.225596391934584
reactome:Pathway1161,abstraction:NextStepPathway,reactome:Pathway1891,3.0356445739274442
reactome:Pathway2698,abstraction:NextStepPathway,reactome:Pathway2700,6.065674004348301
reactome:Pathway1523,abstraction:NextStepPathway,reactome:Pathway1524,4.386763719099433
reactome:Pathway470,abstraction:NextStepPathway,reactome:Pathway1188,5.044310568014161
reactome:Pathway2380,abstraction:NextStepPathway,reactome:Pathway2386,4.4780551393088395
reactome:Pathway1517,abstraction:NextStepPathway,reactome:Pathway2203,5.763705974649043
reactome:Pathway2761,abstraction:NextStepPathway,reactome:Pathway2760,6.037303307219085
reactome:Pathway1424,abstraction:NextStepPathway,reactome:Pathway1320,3.2814624422805263
reactome:Pathway2358,abstraction:NextStepPathway,reactome:Pathway2551,4.060893991437484
reactome:Pathway252,abstraction:NextStepPathway,reactome:Pathway279,5.192005447498548
reactome:Pathway1950,abstraction:NextStepPathway,reactome:Pathway2041,6.3654189492493565
reactome:Pathway1536,abstraction:NextStepPathway,reactome:Pathway1234,4.911103062032146
reactome:Pathway49,abstraction:NextStepPathway,reactome:Pathway37,4.182317366024843
reactome:Pathway286,abstraction:NextStepPathway,reactome:Pathway2203,4.441950134666723
reactome:Pathway1385,abstraction:NextStepPathway,reactome:Pathway1630,4.025669026453947
reactome:Pathway1655,abstraction:NextStepPathway,reactome:Pathway1675,5.876183958075734
reactome:Pathway1320,abstraction:NextStepPathway,reactome:Pathway1433,3.89108580179182
reactome:Pathway1362,abstraction:NextStepPathway,reactome:Pathway1366,6.3273191030170866
reactome:Pathway1477,abstraction:NextStepPathway,reactome:Pathway2610,4.681179823732558
reactome:Pathway98,abstraction:NextStepPathway,reactome:Pathway2308,5.482695041014285
reactome:Pathway493,abstraction:NextStepPathway,reactome:Pathway2744,4.570428459439855
reactome:Pathway1842,abstraction:NextStepPathway,reactome:Pathway1844,5.7220332782484755
reactome:Pathway2047,abstraction:NextStepPathway,reactome:Pathway2048,5.247575298653359
reactome:Pathway1366,abstraction:NextStepPathway,reactome:Pathway1642,5.303054450973588
reactome:Pathway492,abstraction:NextStepPathway,reactome:Pathway1546,4.862420883392758
reactome:Pathway1428,abstraction:NextStepPathway,reactome:Pathway2559,4.201092075420196
reactome:Pathway2576,abstraction:NextStepPathway,reactome:Pathway1606,3.177703207989674
reactome:Pathway304,abstraction:NextStepPathway,reactome:Pathway403,3.2677787151946043
reactome:Pathway1349,abstraction:NextStepPathway,reactome:Pathway1635,4.929410209476503
reactome:Pathway2399,abstraction:NextStepPathway,reactome:Pathway2401,3.941389784960328
reactome:Pathway2638,abstraction:NextStepPathway,reactome:Pathway78,6.2727601187666515
reactome:Pathway1820,abstraction:NextStepPathway,reactome:Pathway1491,4.546522938586301
reactome:Pathway1550,abstraction:NextStepPathway,reactome:Pathway1557,5.575197919997589
reactome:Pathway2582,abstraction:NextStepPathway,reactome:Pathway2539,4.330649847621113
reactome:Pathway320,abstraction:NextStepPathway,reactome:Pathway321,5.812762131638237
reactome:Pathway1444,abstraction:NextStepPathway,reactome:Pathway1445,4.845289843462575
reactome:Pathway2500,abstraction:NextStepPathway,reactome:Pathway2510,2.566336355001806
reactome:Pathway267,abstraction:NextStepPathway,reactome:Pathway439,4.326849969711339
reactome:Pathway482,abstraction:NextStepPathway,reactome:Pathway1529,5.49481640154663
reactome:Pathway2204,abstraction:NextStepPathway,reactome:Pathway1233,4.924801906390308
reactome:Pathway1528,abstraction:NextStepPathway,reactome:Pathway2080,5.0365685938605465
reactome:Pathway1491,abstraction:NextStepPathway,reactome:Pathway1520,4.067700045906484
reactome:Pathway1539,abstraction:NextStepPathway,reactome:Pathway1393,4.721626513313148
reactome:Pathway217,abstraction:NextStepPathway,reactome:Pathway216,5.7478745094323624
reactome:Pathway2025,abstraction:NextStepPathway,reactome:Pathway2027,4.9718694172482945
reactome:Pathway1538,abstraction:NextStepPathway,reactome:Pathway1545,4.575278913573604
reactome:Pathway145,abstraction:NextStepPathway,reactome:Pathway154,5.416651628697293
reactome:Pathway1737,abstraction:NextStepPathway,reactome:Pathway1635,5.532087796343861
reactome:Pathway1735,abstraction:NextStepPathway,reactome:Pathway2383,4.785539839056801
reactome:Pathway1973,abstraction:NextStepPathway,reactome:Pathway2335,5.624869529794827
reactome:Pathway2541,abstraction:NextStepPathway,reactome:Pathway1634,4.331919689061589
reactome:Pathway134,abstraction:NextStepPathway,reactome:Pathway1532,6.12495061427784
reactome:Pathway2545,abstraction:NextStepPathway,reactome:Pathway1699,5.412899279078743
reactome:Pathway2504,abstraction:NextStepPathway,reactome:Pathway2509,4.063805201644943
reactome:Pathway1705,abstraction:NextStepPathway,reactome:Pathway2670,5.6626098577776744
reactome:Pathway39,abstraction:NextStepPathway,reactome:Pathway298,3.609966509252563
reactome:Pathway1732,abstraction:NextStepPathway,reactome:Pathway1896,3.4235381705059544
reactome:Pathway1387,abstraction:NextStepPathway,reactome:Pathway1539,6.511511567746853
reactome:Pathway1429,abstraction:NextStepPathway,reactome:Pathway130,4.815999046541509
reactome:Pathway1631,abstraction:NextStepPathway,reactome:Pathway2211,3.6248921594692383
reactome:Pathway1776,abstraction:NextStepPathway,reactome:Pathway1824,4.7253859162370535
reactome:Pathway2629,abstraction:NextStepPathway,reactome:Pathway2634,3.4574043921104423
reactome:Pathway1205,abstraction:NextStepPathway,reactome:Pathway1776,3.5483257009510627
reactome:Pathway1173,abstraction:NextStepPathway,reactome:Pathway1178,5.108503725653221
reactome:Pathway329,abstraction:NextStepPathway,reactome:Pathway330,5.7478745094323624
reactome:Pathway1205,abstraction:NextStepPathway,reactome:Pathway1883,3.275701291845455
reactome:Pathway2119,abstraction:NextStepPathway,reactome:Pathway2117,5.2864151319696235
reactome:Pathway2380,abstraction:NextStepPathway,reactome:Pathway246,4.761823312439485
reactome:Pathway1436,abstraction:NextStepPathway,reactome:Pathway1631,4.0974052003204
reactome:Pathway2373,abstraction:NextStepPathway,reactome:Pathway2441,4.70119869062305
reactome:Pathway1473,abstraction:NextStepPathway,reactome:Pathway2735,4.224781846542601
reactome:Pathway2626,abstraction:NextStepPathway,reactome:Pathway42,4.372106561299459
reactome:Pathway1750,abstraction:NextStepPathway,reactome:Pathway1534,4.079476433230309
reactome:Pathway2391,abstraction:NextStepPathway,reactome:Pathway250,3.9526307161216967
reactome:Pathway1538,abstraction:NextStepPathway,reactome:Pathway500,4.606557183528361
reactome:Pathway1596,abstraction:NextStepPathway,reactome:Pathway1597,4.342136891608244
reactome:Pathway366,abstraction:NextStepPathway,reactome:Pathway367,5.5929761660188735
reactome:Pathway1506,abstraction:NextStepPathway,reactome:Pathway491,5.139361714013127
reactome:Pathway2211,abstraction:NextStepPathway,reactome:Pathway1607,3.8284911147104776
reactome:Pathway530,abstraction:NextStepPathway,reactome:Pathway532,4.721626513313148
reactome:Pathway1635,abstraction:NextStepPathway,reactome:Pathway1428,4.225924051121378
reactome:Pathway248,abstraction:NextStepPathway,reactome:Pathway2548,4.459117938289089
reactome:Pathway2500,abstraction:NextStepPathway,reactome:Pathway2512,2.4921973274296874
reactome:Pathway1440,abstraction:NextStepPathway,reactome:Pathway1688,6.85701321108746
reactome:Pathway1368,abstraction:NextStepPathway,reactome:Pathway1631,4.010812671504432
reactome:Pathway2598,abstraction:NextStepPathway,reactome:Pathway247,4.256088751167645
reactome:Pathway102,abstraction:NextStepPathway,reactome:Pathway2117,4.996260870372454
reactome:Pathway288,abstraction:NextStepPathway,reactome:Pathway1233,4.654511576650396
reactome:Pathway1555,abstraction:NextStepPathway,reactome:Pathway2383,4.277518142623544
reactome:Pathway2562,abstraction:NextStepPathway,reactome:Pathway2563,5.624869529794827
reactome:Pathway1480,abstraction:NextStepPathway,reactome:Pathway2735,5.207134329094848
reactome:Pathway1638,abstraction:NextStepPathway,reactome:Pathway1641,4.712289377317208
reactome:Pathway1735,abstraction:NextStepPathway,reactome:Pathway1858,5.046904603191208
reactome:Pathway2325,abstraction:NextStepPathway,reactome:Pathway2167,5.361793268145247
reactome:Pathway2336,abstraction:NextStepPathway,reactome:Pathway2335,5.90639773667223
reactome:Pathway1322,abstraction:NextStepPathway,reactome:Pathway1619,4.0657507275504345
reactome:Pathway1172,abstraction:NextStepPathway,reactome:Pathway1173,5.742652565451211
reactome:Pathway2380,abstraction:NextStepPathway,reactome:Pathway2446,4.038851891568825
reactome:Pathway499,abstraction:NextStepPathway,reactome:Pathway286,4.457675976972188
reactome:Pathway1516,abstraction:NextStepPathway,reactome:Pathway1234,5.139361714013127
reactome:Pathway1529,abstraction:NextStepPathway,reactome:Pathway286,4.309305660060429
reactome:Pathway1477,abstraction:NextStepPathway,reactome:Pathway2731,4.601553002943785
reactome:Pathway1396,abstraction:NextStepPathway,reactome:Pathway1399,6.511511567746853
reactome:Pathway1324,abstraction:NextStepPathway,reactome:Pathway1349,4.822203823428392
reactome:Pathway2562,abstraction:NextStepPathway,reactome:Pathway2561,5.24440572389208
reactome:Pathway286,abstraction:NextStepPathway,reactome:Pathway1428,3.8604876015140728
reactome:Pathway287,abstraction:NextStepPathway,reactome:Pathway1741,4.144739138869064
reactome:Pathway302,abstraction:NextStepPathway,reactome:Pathway297,5.102994069842252
reactome:Pathway333,abstraction:NextStepPathway,reactome:Pathway1047,5.996201631533533
reactome:Pathway1217,abstraction:NextStepPathway,reactome:Pathway1218,4.6353971806270815
reactome:Pathway1199,abstraction:NextStepPathway,reactome:Pathway1206,6.557496680988676
reactome:Pathway2200,abstraction:NextStepPathway,reactome:Pathway1588,4.423678368430768
reactome:Pathway2397,abstraction:NextStepPathway,reactome:Pathway2443,4.39620411287852
reactome:Pathway1477,abstraction:NextStepPathway,reactome:Pathway2730,4.981554722982758
reactome:Pathway1593,abstraction:NextStepPathway,reactome:Pathway1597,4.0657507275504345
reactome:Pathway286,abstraction:NextStepPathway,reactome:Pathway1977,4.252561410649677
reactome:Pathway1189,abstraction:NextStepPathway,reactome:Pathway1192,3.0041674627152326
reactome:Pathway2557,abstraction:NextStepPathway,reactome:Pathway2361,5.937552904452025
reactome:Pathway1826,abstraction:NextStepPathway,reactome:Pathway1895,5.482695041014285
reactome:Pathway2035,abstraction:NextStepPathway,reactome:Pathway2025,5.376130431291654
reactome:Pathway1478,abstraction:NextStepPathway,reactome:Pathway1474,4.088400637227318
reactome:Pathway1604,abstraction:NextStepPathway,reactome:Pathway1603,4.9718694172482945
reactome:Pathway100,abstraction:NextStepPathway,reactome:Pathway128,4.75017269521951
reactome:Pathway1633,abstraction:NextStepPathway,reactome:Pathway2607,6.511511567746853
reactome:Pathway1090,abstraction:NextStepPathway,reactome:Pathway1085,3.4505387723244607
reactome:Pathway2610,abstraction:NextStepPathway,reactome:Pathway2383,4.708578797920672
reactome:Pathway1413,abstraction:NextStepPathway,reactome:Pathway1420,5.536316132453383
reactome:Pathway2012,abstraction:NextStepPathway,reactome:Pathway2343,5.523684385547481
reactome:Pathway1329,abstraction:NextStepPathway,reactome:Pathway1335,6.4050280873444025
reactome:Pathway1873,abstraction:NextStepPathway,reactome:Pathway269,4.208926474752807
reactome:Pathway1233,abstraction:NextStepPathway,reactome:Pathway179,4.5063940976273065
reactome:Pathway2272,abstraction:NextStepPathway,reactome:Pathway2219,4.436292410946865
reactome:Pathway2434,abstraction:NextStepPathway,reactome:Pathway2435,4.761823312439485
reactome:Pathway72,abstraction:NextStepPathway,reactome:Pathway85,5.75840092241935
reactome:Pathway1626,abstraction:NextStepPathway,reactome:Pathway247,4.413976282624318
reactome:Pathway2688,abstraction:NextStepPathway,reactome:Pathway2689,5.691880240077787
reactome:Pathway1700,abstraction:NextStepPathway,reactome:Pathway1701,3.943972653378582
reactome:Pathway2347,abstraction:NextStepPathway,reactome:Pathway2340,5.195012968562504
reactome:Pathway287,abstraction:NextStepPathway,reactome:Pathway286,3.981746138409792
reactome:Pathway1189,abstraction:NextStepPathway,reactome:Pathway1205,3.552979577878952
reactome:Pathway2365,abstraction:NextStepPathway,reactome:Pathway2560,4.459117938289089
reactome:Pathway2301,abstraction:NextStepPathway,reactome:Pathway2259,4.981554722982758
reactome:Pathway2134,abstraction:NextStepPathway,reactome:Pathway2136,4.712289377317208
reactome:Pathway2610,abstraction:NextStepPathway,reactome:Pathway248,4.403002235592341
reactome:Pathway1366,abstraction:NextStepPathway,reactome:Pathway1429,5.50297971218579
reactome:Pathway253,abstraction:NextStepPathway,reactome:Pathway267,4.093393158830438
reactome:Pathway1856,abstraction:NextStepPathway,reactome:Pathway1732,3.83697554663235
reactome:Pathway2581,abstraction:NextStepPathway,reactome:Pathway2583,4.10345360585628
reactome:Pathway2358,abstraction:NextStepPathway,reactome:Pathway246,4.9317223492348825
reactome:Pathway248,abstraction:NextStepPathway,reactome:Pathway2498,3.1551235202375083
reactome:Pathway1601,abstraction:NextStepPathway,reactome:Pathway1914,4.0117347554794005
reactome:Pathway2118,abstraction:NextStepPathway,reactome:Pathway2112,5.443319875779455
reactome:Pathway1628,abstraction:NextStepPathway,reactome:Pathway1626,6.237974002681236
reactome:Pathway1840,abstraction:NextStepPathway,reactome:Pathway1776,5.23182694168522
reactome:Pathway2556,abstraction:NextStepPathway,reactome:Pathway2558,4.466359099545649
reactome:Pathway1233,abstraction:NextStepPathway,reactome:Pathway1428,4.032238735677108
reactome:Pathway1861,abstraction:NextStepPathway,reactome:Pathway135,5.04172324444921
reactome:Pathway1861,abstraction:NextStepPathway,reactome:Pathway1529,5.02888609768853
reactome:Pathway1358,abstraction:NextStepPathway,reactome:Pathway1619,4.048375773080081
reactome:Pathway1588,abstraction:NextStepPathway,reactome:Pathway1544,4.562396287742591
reactome:Pathway2562,abstraction:NextStepPathway,reactome:Pathway374,5.818364387186907
reactome:Pathway2444,abstraction:NextStepPathway,reactome:Pathway2425,3.5777742364921683
reactome:Pathway2005,abstraction:NextStepPathway,reactome:Pathway2003,4.717881190582986
reactome:Pathway441,abstraction:NextStepPathway,reactome:Pathway443,4.6704270319562955
reactome:Pathway2179,abstraction:NextStepPathway,reactome:Pathway2184,5.011186520589129
reactome:Pathway1382,abstraction:NextStepPathway,reactome:Pathway1338,4.541809654134203
reactome:Pathway1629,abstraction:NextStepPathway,reactome:Pathway1741,4.161742736631648
reactome:Pathway1233,abstraction:NextStepPathway,reactome:Pathway1977,4.527801642978091
reactome:Pathway2311,abstraction:NextStepPathway,reactome:Pathway99,5.60198523596124
reactome:Pathway2218,abstraction:NextStepPathway,reactome:Pathway2296,5.006186510172423
reactome:Pathway2215,abstraction:NextStepPathway,reactome:Pathway2270,4.4780551393088395
reactome:Pathway490,abstraction:NextStepPathway,reactome:Pathway1546,5.162417490313052
reactome:Pathway1687,abstraction:NextStepPathway,reactome:Pathway1601,4.604886339363543
reactome:Pathway2200,abstraction:NextStepPathway,reactome:Pathway1861,5.234956834694148
reactome:Pathway1195,abstraction:NextStepPathway,reactome:Pathway1199,5.653040406761524
reactome:Pathway1300,abstraction:NextStepPathway,reactome:Pathway1303,5.882154125062237
reactome:Pathway287,abstraction:NextStepPathway,reactome:Pathway288,4.489889596955843
reactome:Pathway1513,abstraction:NextStepPathway,reactome:Pathway1538,4.633677489747554
reactome:Pathway1701,abstraction:NextStepPathway,reactome:Pathway1704,3.6483480684212157
reactome:Pathway2056,abstraction:NextStepPathway,reactome:Pathway2058,5.7271483789152455
reactome:Pathway1732,abstraction:NextStepPathway,reactome:Pathway1543,4.313039329612478
reactome:Pathway2614,abstraction:NextStepPathway,reactome:Pathway2615,6.094873159040563
reactome:Pathway1994,abstraction:NextStepPathway,reactome:Pathway1999,5.207134329094848
reactome:Pathway1605,abstraction:NextStepPathway,reactome:Pathway1447,3.308491114668446
reactome:Pathway2397,abstraction:NextStepPathway,reactome:Pathway2404,4.527801642978091
reactome:Pathway507,abstraction:NextStepPathway,reactome:Pathway508,4.025669026453947
reactome:Pathway1473,abstraction:NextStepPathway,reactome:Pathway1474,3.807965878765747
reactome:Pathway2499,abstraction:NextStepPathway,reactome:Pathway2359,5.168265460195475
reactome:Pathway2468,abstraction:NextStepPathway,reactome:Pathway2469,4.775589508203632
reactome:Pathway1365,abstraction:NextStepPathway,reactome:Pathway1368,5.142214782995533
reactome:Pathway1702,abstraction:NextStepPathway,reactome:Pathway1704,3.7298350513999674
reactome:Pathway1520,abstraction:NextStepPathway,reactome:Pathway1588,4.0117347554794005
reactome:Pathway1818,abstraction:NextStepPathway,reactome:Pathway1822,3.7761231291931616
reactome:Pathway1334,abstraction:NextStepPathway,reactome:Pathway1619,3.9889339501286254
reactome:Pathway179,abstraction:NextStepPathway,reactome:Pathway1526,4.673998464323893
reactome:Pathway267,abstraction:NextStepPathway,reactome:Pathway2073,3.843971299998377
reactome:Pathway334,abstraction:NextStepPathway,reactome:Pathway2147,4.779557767379253
reactome:Pathway1413,abstraction:NextStepPathway,reactome:Pathway1419,5.924974122245166
reactome:Pathway1973,abstraction:NextStepPathway,reactome:Pathway327,4.922505694129958
reactome:Pathway1425,abstraction:NextStepPathway,reactome:Pathway1426,6.957096669644442
reactome:Pathway1220,abstraction:NextStepPathway,reactome:Pathway1832,4.884255811995958
reactome:Pathway1217,abstraction:NextStepPathway,reactome:Pathway1214,4.308064194972364
reactome:Pathway288,abstraction:NextStepPathway,reactome:Pathway172,4.459117938289089
reactome:Pathway2616,abstraction:NextStepPathway,reactome:Pathway2615,5.133679880545696
reactome:Pathway1735,abstraction:NextStepPathway,reactome:Pathway2541,4.299416827931182
reactome:Pathway1167,abstraction:NextStepPathway,reactome:Pathway1183,5.192005447498548
reactome:Pathway1572,abstraction:NextStepPathway,reactome:Pathway1741,3.82465822385477
reactome:Pathway1920,abstraction:NextStepPathway,reactome:Pathway1913,4.538679761125275
reactome:Pathway2541,abstraction:NextStepPathway,reactome:Pathway262,4.08541704476043
reactome:Pathway2791,abstraction:NextStepPathway,reactome:Pathway2028,4.991334752036398
reactome:Pathway2548,abstraction:NextStepPathway,reactome:Pathway2361,5.579612938206706
reactome:Pathway2377,abstraction:NextStepPathway,reactome:Pathway2391,4.325586545664566
reactome:Pathway1896,abstraction:NextStepPathway,reactome:Pathway1797,3.807965878765747
reactome:Pathway2487,abstraction:NextStepPathway,reactome:Pathway2490,3.7284442305916246
reactome:Pathway2288,abstraction:NextStepPathway,reactome:Pathway1961,5.931243735258761
reactome:Pathway1875,abstraction:NextStepPathway,reactome:Pathway1205,3.4902648763240784
reactome:Pathway72,abstraction:NextStepPathway,reactome:Pathway73,5.918743572494529
reactome:Pathway2617,abstraction:NextStepPathway,reactome:Pathway2625,3.1376507402484473
reactome:Pathway2239,abstraction:NextStepPathway,reactome:Pathway2236,4.690229659252476
reactome:Pathway2555,abstraction:NextStepPathway,reactome:Pathway2358,4.630246954650765
reactome:Pathway2120,abstraction:NextStepPathway,reactome:Pathway2117,5.4588843923205665
reactome:Pathway2365,abstraction:NextStepPathway,reactome:Pathway2546,4.357661136111736
reactome:Pathway1861,abstraction:NextStepPathway,reactome:Pathway2196,4.425072096879372
reactome:Pathway2724,abstraction:NextStepPathway,reactome:Pathway2728,4.482476664566717
reactome:Pathway1802,abstraction:NextStepPathway,reactome:Pathway1806,3.8072137162631927
reactome:Pathway1750,abstraction:NextStepPathway,reactome:Pathway493,3.7187622739087094
reactome:Pathway1502,abstraction:NextStepPathway,reactome:Pathway1520,4.703038617545057
reactome:Pathway727,abstraction:NextStepPathway,reactome:Pathway1180,6.117346014892622
reactome:Pathway2043,abstraction:NextStepPathway,reactome:Pathway2044,5.611076207662491
reactome:Pathway2774,abstraction:NextStepPathway,reactome:Pathway1668,4.326849969711339
reactome:Pathway2339,abstraction:NextStepPathway,reactome:Pathway2256,4.681179823732558
reactome:Pathway2688,abstraction:NextStepPathway,reactome:Pathway2706,5.24440572389208
reactome:Pathway1428,abstraction:NextStepPathway,reactome:Pathway1209,4.382744959504515
reactome:Pathway2506,abstraction:NextStepPathway,reactome:Pathway2505,4.543378281906829
reactome:Pathway1477,abstraction:NextStepPathway,reactome:Pathway2735,4.75017269521951
reactome:Pathway134,abstraction:NextStepPathway,reactome:Pathway2205,6.204357391882251
reactome:Pathway2670,abstraction:NextStepPathway,reactome:Pathway1704,3.7222093645333305
reactome:Pathway2209,abstraction:NextStepPathway,reactome:Pathway2250,5.23182694168522
reactome:Pathway1960,abstraction:NextStepPathway,reactome:Pathway1962,6.630700085011971
reactome:Pathway88,abstraction:NextStepPathway,reactome:Pathway89,4.175774267435906
reactome:Pathway1234,abstraction:NextStepPathway,reactome:Pathway2204,5.293037672730117
reactome:Pathway1588,abstraction:NextStepPathway,reactome:Pathway1526,4.210050701965088
reactome:Pathway106,abstraction:NextStepPathway,reactome:Pathway2222,3.426616674733042
reactome:Pathway2821,abstraction:NextStepPathway,reactome:Pathway2074,3.2012146274377753
reactome:Pathway1903,abstraction:NextStepPathway,reactome:Pathway1906,4.426467770518347
reactome:Pathway2269,abstraction:NextStepPathway,reactome:Pathway2215,4.572042664794396
reactome:Pathway314,abstraction:NextStepPathway,reactome:Pathway316,2.6611249317342334
reactome:Pathway503,abstraction:NextStepPathway,reactome:Pathway506,4.611586531933362
reactome:Pathway2073,abstraction:NextStepPathway,reactome:Pathway2821,3.4153748598667937
reactome:Pathway1501,abstraction:NextStepPathway,reactome:Pathway1234,5.2864151319696235
reactome:Pathway2204,abstraction:NextStepPathway,reactome:Pathway2109,5.584047535274572
reactome:Pathway14,abstraction:NextStepPathway,reactome:Pathway15,5.003695848859971
reactome:Pathway2291,abstraction:NextStepPathway,reactome:Pathway2290,5.982868100664068
reactome:Pathway2671,abstraction:NextStepPathway,reactome:Pathway2693,4.981554722982758
reactome:Pathway2314,abstraction:NextStepPathway,reactome:Pathway2335,5.238096554698815
reactome:Pathway2222,abstraction:NextStepPathway,reactome:Pathway2229,3.4138516303262723
reactome:Pathway2551,abstraction:NextStepPathway,reactome:Pathway2525,3.9587362736841816
reactome:Pathway2516,abstraction:NextStepPathway,reactome:Pathway2517,3.7180742793855277
reactome:Pathway1860,abstraction:NextStepPathway,reactome:Pathway1896,3.3012117376655445
reactome:Pathway2293,abstraction:NextStepPathway,reactome:Pathway2291,6.766041432881733
reactome:Pathway2570,abstraction:NextStepPathway,reactome:Pathway2796,4.318039340029183
reactome:Pathway2735,abstraction:NextStepPathway,reactome:Pathway2736,5.711880906784457
reactome:Pathway1631,abstraction:NextStepPathway,reactome:Pathway2607,4.182317366024843
reactome:Pathway2556,abstraction:NextStepPathway,reactome:Pathway2544,4.366829504198615
reactome:Pathway1931,abstraction:NextStepPathway,reactome:Pathway1415,4.403002235592341
reactome:Pathway33,abstraction:NextStepPathway,reactome:Pathway35,1.6190526450803204
reactome:Pathway2220,abstraction:NextStepPathway,reactome:Pathway2219,4.890900354714627
reactome:Pathway423,abstraction:NextStepPathway,reactome:Pathway728,5.60652039112663
reactome:Pathway1133,abstraction:NextStepPathway,reactome:Pathway1135,3.5777742364921683
reactome:Pathway2160,abstraction:NextStepPathway,reactome:Pathway2159,5.247575298653359
reactome:Pathway130,abstraction:NextStepPathway,reactome:Pathway135,4.838940615783916
reactome:Pathway1575,abstraction:NextStepPathway,reactome:Pathway1588,4.250216743690422
reactome:Pathway2600,abstraction:NextStepPathway,reactome:Pathway2602,5.49481640154663
reactome:Pathway1498,abstraction:NextStepPathway,reactome:Pathway1234,4.911103062032146
reactome:Pathway2068,abstraction:NextStepPathway,reactome:Pathway1526,5.25714474966951
reactome:Pathway267,abstraction:NextStepPathway,reactome:Pathway2222,3.2061488479749967
reactome:Pathway2556,abstraction:NextStepPathway,reactome:Pathway2358,4.473653077908202
reactome:Pathway2198,abstraction:NextStepPathway,reactome:Pathway1588,4.405734477729214
reactome:Pathway286,abstraction:NextStepPathway,reactome:Pathway1521,4.2213630397938156
reactome:Pathway2640,abstraction:NextStepPathway,reactome:Pathway2642,5.8239982049051635
reactome:Pathway2488,abstraction:NextStepPathway,reactome:Pathway2490,3.9294238302187154
reactome:Pathway520,abstraction:NextStepPathway,reactome:Pathway1604,5.04172324444921
reactome:Pathway2735,abstraction:NextStepPathway,reactome:Pathway1477,4.75017269521951
reactome:Pathway2118,abstraction:NextStepPathway,reactome:Pathway2121,6.682659823942682
reactome:Pathway2060,abstraction:NextStepPathway,reactome:Pathway1642,4.979124588129466
reactome:Pathway1429,abstraction:NextStepPathway,reactome:Pathway135,5.0314403774936265
reactome:Pathway1429,abstraction:NextStepPathway,reactome:Pathway1529,5.018733726224512
reactome:Pathway2283,abstraction:NextStepPathway,reactome:Pathway2258,4.76769992092847
reactome:Pathway2196,abstraction:NextStepPathway,reactome:Pathway1526,4.304349020420501
reactome:Pathway296,abstraction:NextStepPathway,reactome:Pathway295,3.4027516172661976
reactome:Pathway1632,abstraction:NextStepPathway,reactome:Pathway1641,5.2798361608715805
reactome:Pathway1543,abstraction:NextStepPathway,reactome:Pathway1735,5.584047535274572
reactome:Pathway2631,abstraction:NextStepPathway,reactome:Pathway2629,3.417409448564581
reactome:Pathway2365,abstraction:NextStepPathway,reactome:Pathway1777,4.4167387153202275
reactome:Pathway1337,abstraction:NextStepPathway,reactome:Pathway1635,4.929410209476503
reactome:Pathway1529,abstraction:NextStepPathway,reactome:Pathway134,5.412899279078743
reactome:Pathway2434,abstraction:NextStepPathway,reactome:Pathway2445,4.559201396846071
reactome:Pathway1385,abstraction:NextStepPathway,reactome:Pathway1635,5.247575298653359
reactome:Pathway253,abstraction:NextStepPathway,reactome:Pathway436,4.427865394784985
reactome:Pathway1532,abstraction:NextStepPathway,reactome:Pathway286,4.494363877350764
reactome:Pathway2079,abstraction:NextStepPathway,reactome:Pathway2328,4.6423056709708925
reactome:Pathway1912,abstraction:NextStepPathway,reactome:Pathway1913,4.886465757646762
reactome:Pathway1329,abstraction:NextStepPathway,reactome:Pathway1333,5.293037672730117
reactome:Pathway1134,abstraction:NextStepPathway,reactome:Pathway1136,5.0866449318407225
reactome:Pathway2668,abstraction:NextStepPathway,reactome:Pathway1704,3.65542888332932
reactome:Pathway1961,abstraction:NextStepPathway,reactome:Pathway347,5.376130431291654
reactome:Pathway1731,abstraction:NextStepPathway,reactome:Pathway1676,4.315536209811065
reactome:Pathway1910,abstraction:NextStepPathway,reactome:Pathway1878,4.168194371913137
reactome:Pathway310,abstraction:NextStepPathway,reactome:Pathway311,2.478564397761462
reactome:Pathway2454,abstraction:NextStepPathway,reactome:Pathway2459,4.1405330338247905
reactome:Pathway1572,abstraction:NextStepPathway,reactome:Pathway2734,4.008971050357783
reactome:Pathway1557,abstraction:NextStepPathway,reactome:Pathway1558,5.192005447498548
reactome:Pathway1885,abstraction:NextStepPathway,reactome:Pathway1477,4.044555329082695
reactome:Pathway2104,abstraction:NextStepPathway,reactome:Pathway2105,5.6674291442136235
reactome:Pathway1196,abstraction:NextStepPathway,reactome:Pathway1202,4.950414482247035
reactome:Pathway1631,abstraction:NextStepPathway,reactome:Pathway1635,4.069653171527366
reactome:Pathway407,abstraction:NextStepPathway,reactome:Pathway2202,5.089351293438465
reactome:Pathway1522,abstraction:NextStepPathway,reactome:Pathway1977,3.67565795813046
reactome:Pathway1914,abstraction:NextStepPathway,reactome:Pathway1908,4.0923926584968555
reactome:Pathway2132,abstraction:NextStepPathway,reactome:Pathway2133,6.155960851020401
reactome:Pathway1885,abstraction:NextStepPathway,reactome:Pathway1887,4.281134783093733
reactome:Pathway1689,abstraction:NextStepPathway,reactome:Pathway1676,4.462008113711322
reactome:Pathway1764,abstraction:NextStepPathway,reactome:Pathway1757,5.238096554698815
reactome:Pathway2236,abstraction:NextStepPathway,reactome:Pathway262,4.304349020420501
reactome:Pathway1880,abstraction:NextStepPathway,reactome:Pathway1229,5.340665721719371
reactome:Pathway2377,abstraction:NextStepPathway,reactome:Pathway2383,4.324324715844145
reactome:Pathway1233,abstraction:NextStepPathway,reactome:Pathway1521,4.494363877350764
reactome:Pathway1808,abstraction:NextStepPathway,reactome:Pathway1780,5.00121137553231
reactome:Pathway1635,abstraction:NextStepPathway,reactome:Pathway1634,5.296365462822791
reactome:Pathway2215,abstraction:NextStepPathway,reactome:Pathway2219,4.266746045641633
reactome:Pathway1560,abstraction:NextStepPathway,reactome:Pathway1562,4.714149842970127
reactome:Pathway2148,abstraction:NextStepPathway,reactome:Pathway2144,5.105745103214142
reactome:Pathway1196,abstraction:NextStepPathway,reactome:Pathway1205,3.5995273601078575
reactome:Pathway1925,abstraction:NextStepPathway,reactome:Pathway1903,3.915083643526445
reactome:Pathway2384,abstraction:NextStepPathway,reactome:Pathway2380,4.67937964322841
reactome:Pathway1963,abstraction:NextStepPathway,reactome:Pathway108,5.553410565812682
reactome:Pathway1772,abstraction:NextStepPathway,reactome:Pathway1773,3.756634962813511
reactome:Pathway532,abstraction:NextStepPathway,reactome:Pathway530,4.721626513313148
reactome:Pathway2139,abstraction:NextStepPathway,reactome:Pathway2071,5.540562423334833
reactome:Pathway1085,abstraction:NextStepPathway,reactome:Pathway1091,3.3457047110088802
reactome:Pathway1908,abstraction:NextStepPathway,reactome:Pathway674,4.381408953961773
reactome:Pathway1638,abstraction:NextStepPathway,reactome:Pathway1636,4.370784684041544
reactome:Pathway1721,abstraction:NextStepPathway,reactome:Pathway1722,4.463456339887688
reactome:Pathway441,abstraction:NextStepPathway,reactome:Pathway442,5.507086494138444
reactome:Pathway2397,abstraction:NextStepPathway,reactome:Pathway2398,3.397247475274237
reactome:Pathway1409,abstraction:NextStepPathway,reactome:Pathway1635,5.222495614256336
reactome:Pathway1851,abstraction:NextStepPathway,reactome:Pathway1429,4.6938726505309765
reactome:Pathway2134,abstraction:NextStepPathway,reactome:Pathway1635,4.5949194794481505
reactome:Pathway1889,abstraction:NextStepPathway,reactome:Pathway1891,4.040749425345017
reactome:Pathway1750,abstraction:NextStepPathway,reactome:Pathway2211,3.551814076581517
reactome:Pathway1735,abstraction:NextStepPathway,reactome:Pathway2555,4.651008946099195
reactome:Pathway2204,abstraction:NextStepPathway,reactome:Pathway1534,6.795455318088027
reactome:Pathway1500,abstraction:NextStepPathway,reactome:Pathway1538,4.45192883471662
reactome:Pathway1903,abstraction:NextStepPathway,reactome:Pathway1925,3.915083643526445
reactome:Pathway2469,abstraction:NextStepPathway,reactome:Pathway2479,4.6353971806270815
reactome:Pathway2215,abstraction:NextStepPathway,reactome:Pathway1962,4.704881936039346
reactome:Pathway1533,abstraction:NextStepPathway,reactome:Pathway2796,4.526257241126718
reactome:Pathway1763,abstraction:NextStepPathway,reactome:Pathway1762,5.540562423334833
reactome:Pathway1910,abstraction:NextStepPathway,reactome:Pathway1906,4.062833856255311
reactome:Pathway1819,abstraction:NextStepPathway,reactome:Pathway1820,5.365358334309743
reactome:Pathway2201,abstraction:NextStepPathway,reactome:Pathway2091,5.956722820559746
reactome:Pathway1233,abstraction:NextStepPathway,reactome:Pathway1752,4.405734477729214
reactome:Pathway1429,abstraction:NextStepPathway,reactome:Pathway1861,5.02888609768853
reactome:Pathway1429,abstraction:NextStepPathway,reactome:Pathway2196,4.426467770518347
reactome:Pathway1215,abstraction:NextStepPathway,reactome:Pathway1890,4.911103062032146
reactome:Pathway1552,abstraction:NextStepPathway,reactome:Pathway1560,5.250754951570739
reactome:Pathway1973,abstraction:NextStepPathway,reactome:Pathway2043,5.549109483913292
reactome:Pathway2735,abstraction:NextStepPathway,reactome:Pathway1473,4.224781846542601
reactome:Pathway2617,abstraction:NextStepPathway,reactome:Pathway2624,3.151214211114921
reactome:Pathway32,abstraction:NextStepPathway,reactome:Pathway33,2.1116670897561773
reactome:Pathway1346,abstraction:NextStepPathway,reactome:Pathway1349,5.153709162421268
reactome:Pathway1856,abstraction:NextStepPathway,reactome:Pathway130,4.278722236688349
reactome:Pathway1541,abstraction:NextStepPathway,reactome:Pathway1543,5.416651628697293
reactome:Pathway2457,abstraction:NextStepPathway,reactome:Pathway2458,4.193318577086816
reactome:Pathway490,abstraction:NextStepPathway,reactome:Pathway1528,5.677137958340584
reactome:Pathway1638,abstraction:NextStepPathway,reactome:Pathway2541,4.129056642868447
reactome:Pathway1085,abstraction:NextStepPathway,reactome:Pathway1089,3.2917372702216245
reactome:Pathway1642,abstraction:NextStepPathway,reactome:Pathway2071,4.988880763074831
reactome:Pathway1433,abstraction:NextStepPathway,reactome:Pathway1434,4.712289377317208
reactome:Pathway1820,abstraction:NextStepPathway,reactome:Pathway1821,5.466758448751472
reactome:Pathway2339,abstraction:NextStepPathway,reactome:Pathway2287,4.920214742383402
reactome:Pathway1411,abstraction:NextStepPathway,reactome:Pathway1421,4.62682814790198
reactome:Pathway1757,abstraction:NextStepPathway,reactome:Pathway1758,4.287191736801923
reactome:Pathway347,abstraction:NextStepPathway,reactome:Pathway1961,5.376130431291654
reactome:Pathway1375,abstraction:NextStepPathway,reactome:Pathway1385,5.900281509654794
reactome:Pathway1411,abstraction:NextStepPathway,reactome:Pathway1413,4.6757889750976815
reactome:Pathway2238,abstraction:NextStepPathway,reactome:Pathway2236,4.6234209895803655
reactome:Pathway1513,abstraction:NextStepPathway,reactome:Pathway1522,3.8377504401232745
reactome:Pathway2108,abstraction:NextStepPathway,reactome:Pathway2112,5.368936155657627
reactome:Pathway2590,abstraction:NextStepPathway,reactome:Pathway2597,6.229463313013327
reactome:Pathway1491,abstraction:NextStepPathway,reactome:Pathway1234,4.301879883363579
reactome:Pathway1477,abstraction:NextStepPathway,reactome:Pathway247,4.104465239731124
reactome:Pathway524,abstraction:NextStepPathway,reactome:Pathway1856,4.264367923236666
reactome:Pathway1731,abstraction:NextStepPathway,reactome:Pathway1642,4.672211153749798
reactome:Pathway2802,abstraction:NextStepPathway,reactome:Pathway2803,7.150000335768934
reactome:Pathway2219,abstraction:NextStepPathway,reactome:Pathway2215,4.266746045641633
reactome:Pathway172,abstraction:NextStepPathway,reactome:Pathway1856,4.026604917958852
reactome:Pathway1467,abstraction:NextStepPathway,reactome:Pathway1469,4.690229659252476
reactome:Pathway134,abstraction:NextStepPathway,reactome:Pathway1234,5.156603520447632
reactome:Pathway172,abstraction:NextStepPathway,reactome:Pathway1754,4.557607771010794
reactome:Pathway1621,abstraction:NextStepPathway,reactome:Pathway644,5.247575298653359
reactome:Pathway2336,abstraction:NextStepPathway,reactome:Pathway2012,5.427993905301228
reactome:Pathway1628,abstraction:NextStepPathway,reactome:Pathway1619,4.076519309340565
reactome:Pathway1697,abstraction:NextStepPathway,reactome:Pathway183,5.150823157532133
reactome:Pathway1177,abstraction:NextStepPathway,reactome:Pathway1178,5.247575298653359
reactome:Pathway2066,abstraction:NextStepPathway,reactome:Pathway2068,7.632852107492519
reactome:Pathway1626,abstraction:NextStepPathway,reactome:Pathway1783,6.109798809257239
reactome:Pathway2025,abstraction:NextStepPathway,reactome:Pathway2336,5.354701039835755
reactome:Pathway106,abstraction:NextStepPathway,reactome:Pathway2219,5.052112948298347
reactome:Pathway2115,abstraction:NextStepPathway,reactome:Pathway2116,6.080167011650867
reactome:Pathway2293,abstraction:NextStepPathway,reactome:Pathway2290,5.943902132130685
reactome:Pathway2791,abstraction:NextStepPathway,reactome:Pathway403,5.119614951078292
reactome:Pathway2581,abstraction:NextStepPathway,reactome:Pathway2582,3.807965878765747
reactome:Pathway491,abstraction:NextStepPathway,reactome:Pathway1541,4.822203823428392
reactome:Pathway32,abstraction:NextStepPathway,reactome:Pathway47,3.3745528653465384
reactome:Pathway286,abstraction:NextStepPathway,reactome:Pathway1536,4.3370152414881895
reactome:Pathway1626,abstraction:NextStepPathway,reactome:Pathway1619,4.035067591877586
reactome:Pathway1959,abstraction:NextStepPathway,reactome:Pathway2117,5.584047535274572
reactome:Pathway2060,abstraction:NextStepPathway,reactome:Pathway1429,5.116825548990714
reactome:Pathway1629,abstraction:NextStepPathway,reactome:Pathway1669,4.420896725468891
reactome:Pathway2060,abstraction:NextStepPathway,reactome:Pathway1750,3.9569880214906523
reactome:Pathway2238,abstraction:NextStepPathway,reactome:Pathway2241,4.80778544800412
reactome:Pathway1729,abstraction:NextStepPathway,reactome:Pathway1739,3.8377504401232745
reactome:Pathway1520,abstraction:NextStepPathway,reactome:Pathway1544,4.761823312439485
reactome:Pathway2041,abstraction:NextStepPathway,reactome:Pathway2352,6.557496680988676
reactome:Pathway1960,abstraction:NextStepPathway,reactome:Pathway1961,6.308800055249849
reactome:Pathway2294,abstraction:NextStepPathway,reactome:Pathway2295,3.9961738007563126
reactome:Pathway1447,abstraction:NextStepPathway,reactome:Pathway1606,3.0753520235225573
reactome:Pathway1209,abstraction:NextStepPathway,reactome:Pathway2559,5.210187766581739
reactome:Pathway246,abstraction:NextStepPathway,reactome:Pathway2555,4.5216382952704235
reactome:Pathway1784,abstraction:NextStepPathway,reactome:Pathway1787,4.107506296306903
reactome:Pathway1427,abstraction:NextStepPathway,reactome:Pathway493,3.0259592681929806
reactome:Pathway2065,abstraction:NextStepPathway,reactome:Pathway2062,5.507086494138444
reactome:Pathway413,abstraction:NextStepPathway,reactome:Pathway1520,4.306824269209043
reactome:Pathway1851,abstraction:NextStepPathway,reactome:Pathway1856,4.210050701965088
reactome:Pathway247,abstraction:NextStepPathway,reactome:Pathway2560,4.3734301882299675
reactome:Pathway2499,abstraction:NextStepPathway,reactome:Pathway2555,4.572042664794396
reactome:Pathway1491,abstraction:NextStepPathway,reactome:Pathway1538,3.9916427553967124
reactome:Pathway2200,abstraction:NextStepPathway,reactome:Pathway1526,4.967061715680191
reactome:Pathway2112,abstraction:NextStepPathway,reactome:Pathway2125,5.490759600851015
reactome:Pathway2144,abstraction:NextStepPathway,reactome:Pathway2147,4.411221459945473
reactome:Pathway472,abstraction:NextStepPathway,reactome:Pathway474,5.351173699317786
reactome:Pathway1619,abstraction:NextStepPathway,reactome:Pathway1783,4.0667249117482775
reactome:Pathway2688,abstraction:NextStepPathway,reactome:Pathway2698,6.569331138635679
reactome:Pathway2358,abstraction:NextStepPathway,reactome:Pathway2404,5.083945874871557
reactome:Pathway2551,abstraction:NextStepPathway,reactome:Pathway2524,3.9517615287571095
reactome:Pathway1831,abstraction:NextStepPathway,reactome:Pathway1832,4.204442162305479
reactome:Pathway1199,abstraction:NextStepPathway,reactome:Pathway1205,3.6593123833557177
reactome:Pathway1626,abstraction:NextStepPathway,reactome:Pathway1369,5.354701039835755
reactome:Pathway1775,abstraction:NextStepPathway,reactome:Pathway1779,6.023414195058418
reactome:Pathway1216,abstraction:NextStepPathway,reactome:Pathway1217,5.00121137553231
reactome:Pathway1953,abstraction:NextStepPathway,reactome:Pathway2041,6.446271045878452
reactome:Pathway1626,abstraction:NextStepPathway,reactome:Pathway1623,5.128030148003576
reactome:Pathway2202,abstraction:NextStepPathway,reactome:Pathway1521,4.697528961734087
reactome:Pathway2397,abstraction:NextStepPathway,reactome:Pathway2438,4.677582697551708
reactome:Pathway492,abstraction:NextStepPathway,reactome:Pathway1538,4.264367923236666
reactome:Pathway1175,abstraction:NextStepPathway,reactome:Pathway1178,5.159506280105594
reactome:Pathway2120,abstraction:NextStepPathway,reactome:Pathway102,5.405436557877153
reactome:Pathway2219,abstraction:NextStepPathway,reactome:Pathway1986,4.855962303353347
reactome:Pathway2041,abstraction:NextStepPathway,reactome:Pathway2337,5.2668066605812465
reactome:Pathway2359,abstraction:NextStepPathway,reactome:Pathway2365,4.436292410946865
reactome:Pathway1963,abstraction:NextStepPathway,reactome:Pathway98,5.145076015276565
reactome:Pathway1554,abstraction:NextStepPathway,reactome:Pathway1555,4.22821238163939
reactome:Pathway1601,abstraction:NextStepPathway,reactome:Pathway1462,4.640574068806615
reactome:Pathway1385,abstraction:NextStepPathway,reactome:Pathway2134,4.779557767379253
reactome:Pathway1428,abstraction:NextStepPathway,reactome:Pathway224,4.0398002083776845
reactome:Pathway1233,abstraction:NextStepPathway,reactome:Pathway1536,4.6562675033526615
reactome:Pathway2466,abstraction:NextStepPathway,reactome:Pathway2475,3.8927224633682878
reactome:Pathway1861,abstraction:NextStepPathway,reactome:Pathway2825,5.073221911508582
reactome:Pathway172,abstraction:NextStepPathway,reactome:Pathway479,4.572042664794396
reactome:Pathway1973,abstraction:NextStepPathway,reactome:Pathway2051,5.969710016086557
reactome:Pathway1721,abstraction:NextStepPathway,reactome:Pathway1725,4.472190019856442
reactome:Pathway1735,abstraction:NextStepPathway,reactome:Pathway1428,4.294508842618989
reactome:Pathway2068,abstraction:NextStepPathway,reactome:Pathway2064,5.7478745094323624
reactome:Pathway1750,abstraction:NextStepPathway,reactome:Pathway1588,3.633702789151393
reactome:Pathway248,abstraction:NextStepPathway,reactome:Pathway2558,4.425072096879372
reactome:Pathway2269,abstraction:NextStepPathway,reactome:Pathway2270,5.250754951570739
reactome:Pathway470,abstraction:NextStepPathway,reactome:Pathway466,3.3853425727679185
reactome:Pathway2756,abstraction:NextStepPathway,reactome:Pathway2758,4.192212993779067
reactome:Pathway1588,abstraction:NextStepPathway,reactome:Pathway1546,4.342136891608244
reactome:Pathway2136,abstraction:NextStepPathway,reactome:Pathway2137,6.037303307219085
reactome:Pathway1344,abstraction:NextStepPathway,reactome:Pathway1346,5.943902132130685
reactome:Pathway1837,abstraction:NextStepPathway,reactome:Pathway1831,3.96224197403181
reactome:Pathway1631,abstraction:NextStepPathway,reactome:Pathway2134,3.8628695002186064
reactome:Pathway1910,abstraction:NextStepPathway,reactome:Pathway1903,3.7340191579225412
reactome:Pathway288,abstraction:NextStepPathway,reactome:Pathway1856,4.426467770518347
reactome:Pathway1948,abstraction:NextStepPathway,reactome:Pathway1873,4.969462677217729
reactome:Pathway484,abstraction:NextStepPathway,reactome:Pathway490,5.128030148003576
reactome:Pathway1903,abstraction:NextStepPathway,reactome:Pathway1904,4.310548668300026
reactome:Pathway636,abstraction:NextStepPathway,reactome:Pathway637,4.611586531933362
reactome:Pathway2105,abstraction:NextStepPathway,reactome:Pathway2103,5.216322755149255
reactome:Pathway1454,abstraction:NextStepPathway,reactome:Pathway1460,5.900281509654794
reactome:Pathway1588,abstraction:NextStepPathway,reactome:Pathway1851,4.141582902687627
reactome:Pathway1672,abstraction:NextStepPathway,reactome:Pathway1669,5.162417490313052
reactome:Pathway2339,abstraction:NextStepPathway,reactome:Pathway2286,5.557730226957199
reactome:Pathway1343,abstraction:NextStepPathway,reactome:Pathway1348,6.3273191030170866
reactome:Pathway479,abstraction:NextStepPathway,reactome:Pathway172,4.572042664794396
reactome:Pathway2368,abstraction:NextStepPathway,reactome:Pathway2556,4.110556629124527
reactome:Pathway343,abstraction:NextStepPathway,reactome:Pathway2150,4.6234209895803655
reactome:Pathway2073,abstraction:NextStepPathway,reactome:Pathway184,3.843971299998377
reactome:Pathway1359,abstraction:NextStepPathway,reactome:Pathway1368,4.924801906390308
reactome:Pathway1526,abstraction:NextStepPathway,reactome:Pathway524,4.6149535384812665
reactome:Pathway1065,abstraction:NextStepPathway,reactome:Pathway1066,5.943902132130685
reactome:Pathway1543,abstraction:NextStepPathway,reactome:Pathway1631,4.1746879012236855
reactome:Pathway2677,abstraction:NextStepPathway,reactome:Pathway2544,5.247575298653359
reactome:Pathway2137,abstraction:NextStepPathway,reactome:Pathway2132,6.155960851020401
reactome:Pathway482,abstraction:NextStepPathway,reactome:Pathway524,5.150823157532133
reactome:Pathway2738,abstraction:NextStepPathway,reactome:Pathway2757,2.813405150365474
reactome:Pathway1731,abstraction:NextStepPathway,reactome:Pathway1429,4.775589508203632
reactome:Pathway2131,abstraction:NextStepPathway,reactome:Pathway2118,6.308800055249849
reactome:Pathway1814,abstraction:NextStepPathway,reactome:Pathway1822,3.6956319910188373
reactome:Pathway2124,abstraction:NextStepPathway,reactome:Pathway2118,6.12495061427784
reactome:Pathway2365,abstraction:NextStepPathway,reactome:Pathway2368,4.0331807988650095
reactome:Pathway1731,abstraction:NextStepPathway,reactome:Pathway1750,3.836201253136445
reactome:Pathway1856,abstraction:NextStepPathway,reactome:Pathway2211,3.8494464798864656
reactome:Pathway1375,abstraction:NextStepPathway,reactome:Pathway1378,5.696843029419917
reactome:Pathway1346,abstraction:NextStepPathway,reactome:Pathway1619,3.9925473235271394
reactome:Pathway2569,abstraction:NextStepPathway,reactome:Pathway2596,4.697528961734087
reactome:Pathway2721,abstraction:NextStepPathway,reactome:Pathway1362,5.313172581139172
reactome:Pathway2380,abstraction:NextStepPathway,reactome:Pathway2382,3.899296028534942
reactome:Pathway1861,abstraction:NextStepPathway,reactome:Pathway286,4.2969598242381295
reactome:Pathway1334,abstraction:NextStepPathway,reactome:Pathway1337,5.142214782995533
reactome:Pathway490,abstraction:NextStepPathway,reactome:Pathway484,5.128030148003576
reactome:Pathway493,abstraction:NextStepPathway,reactome:Pathway1608,4.586688980311635
reactome:Pathway1337,abstraction:NextStepPathway,reactome:Pathway1368,4.924801906390308
reactome:Pathway1210,abstraction:NextStepPathway,reactome:Pathway1165,4.142633874933602
reactome:Pathway1622,abstraction:NextStepPathway,reactome:Pathway1382,3.9587362736841816
reactome:Pathway2581,abstraction:NextStepPathway,reactome:Pathway2585,4.315536209811065
reactome:Pathway2657,abstraction:NextStepPathway,reactome:Pathway2658,3.2328839407216847
reactome:Pathway2654,abstraction:NextStepPathway,reactome:Pathway2534,4.388106902645901
reactome:Pathway286,abstraction:NextStepPathway,reactome:Pathway524,4.186703337968097
reactome:Pathway1532,abstraction:NextStepPathway,reactome:Pathway134,6.12495061427784
reactome:Pathway1750,abstraction:NextStepPathway,reactome:Pathway1861,3.9285745732674604
reactome:Pathway2156,abstraction:NextStepPathway,reactome:Pathway2131,4.681179823732558
reactome:Pathway1528,abstraction:NextStepPathway,reactome:Pathway2079,4.616641302594987
reactome:Pathway1689,abstraction:NextStepPathway,reactome:Pathway1677,3.2111075358215153
reactome:Pathway2506,abstraction:NextStepPathway,reactome:Pathway2503,3.330185942005415
reactome:Pathway2165,abstraction:NextStepPathway,reactome:Pathway2166,5.443319875779455
reactome:Pathway229,abstraction:NextStepPathway,reactome:Pathway1812,5.49481640154663
reactome:Pathway1983,abstraction:NextStepPathway,reactome:Pathway532,5.162417490313052
reactome:Pathway2744,abstraction:NextStepPathway,reactome:Pathway1668,5.409160956968136
reactome:Pathway1467,abstraction:NextStepPathway,reactome:Pathway1741,4.239733246395565
reactome:Pathway2757,abstraction:NextStepPathway,reactome:Pathway2756,3.6038126436781845
reactome:Pathway1521,abstraction:NextStepPathway,reactome:Pathway1536,4.906578167433857
reactome:Pathway493,abstraction:NextStepPathway,reactome:Pathway1233,4.235108960698451
reactome:Pathway1188,abstraction:NextStepPathway,reactome:Pathway1190,4.581783001542781
reactome:Pathway98,abstraction:NextStepPathway,reactome:Pathway99,5.133679880545696
reactome:Pathway2373,abstraction:NextStepPathway,reactome:Pathway2442,4.922505694129958
reactome:Pathway2691,abstraction:NextStepPathway,reactome:Pathway2698,6.14033553311732
reactome:Pathway372,abstraction:NextStepPathway,reactome:Pathway2567,6.094873159040563
reactome:Pathway2294,abstraction:NextStepPathway,reactome:Pathway2290,5.6674291442136235
reactome:Pathway1883,abstraction:NextStepPathway,reactome:Pathway1884,4.172518702976141
reactome:Pathway1423,abstraction:NextStepPathway,reactome:Pathway1635,4.76769992092847
reactome:Pathway2209,abstraction:NextStepPathway,reactome:Pathway2257,5.133679880545696
reactome:Pathway1689,abstraction:NextStepPathway,reactome:Pathway2745,4.899828985458928
reactome:Pathway1732,abstraction:NextStepPathway,reactome:Pathway493,3.9017722988882055
reactome:Pathway1323,abstraction:NextStepPathway,reactome:Pathway1619,4.021934194848294
reactome:Pathway2293,abstraction:NextStepPathway,reactome:Pathway2294,6.171834200176691
reactome:Pathway2555,abstraction:NextStepPathway,reactome:Pathway2404,4.543378281906829
reactome:Pathway2012,abstraction:NextStepPathway,reactome:Pathway1960,5.549109483913292
reactome:Pathway2557,abstraction:NextStepPathway,reactome:Pathway2543,5.846856342981213
reactome:Pathway1857,abstraction:NextStepPathway,reactome:Pathway1732,3.7856435233278485
reactome:Pathway2028,abstraction:NextStepPathway,reactome:Pathway2206,5.116825548990714
reactome:Pathway1633,abstraction:NextStepPathway,reactome:Pathway1393,4.791557911382363
reactome:Pathway2365,abstraction:NextStepPathway,reactome:Pathway2557,4.4780551393088395
reactome:Pathway1544,abstraction:NextStepPathway,reactome:Pathway1233,4.938691018550975
reactome:Pathway2703,abstraction:NextStepPathway,reactome:Pathway2704,4.489889596955843
reactome:Pathway2503,abstraction:NextStepPathway,reactome:Pathway2556,3.243952593530875
reactome:Pathway1880,abstraction:NextStepPathway,reactome:Pathway2706,5.293037672730117
reactome:Pathway479,abstraction:NextStepPathway,reactome:Pathway1873,4.824280667373231
reactome:Pathway1502,abstraction:NextStepPathway,reactome:Pathway1234,5.210187766581739
reactome:Pathway246,abstraction:NextStepPathway,reactome:Pathway250,4.021934194848294
reactome:Pathway286,abstraction:NextStepPathway,reactome:Pathway1533,4.243215548231439
reactome:Pathway2377,abstraction:NextStepPathway,reactome:Pathway420,4.699362142815748
reactome:Pathway1233,abstraction:NextStepPathway,reactome:Pathway524,4.453362526718468
reactome:Pathway1320,abstraction:NextStepPathway,reactome:Pathway1560,4.108522040426739
reactome:Pathway2215,abstraction:NextStepPathway,reactome:Pathway2027,4.47511827963553
reactome:Pathway42,abstraction:NextStepPathway,reactome:Pathway298,4.535559633789031
reactome:Pathway2163,abstraction:NextStepPathway,reactome:Pathway2318,4.9433639242503675
reactome:Pathway1840,abstraction:NextStepPathway,reactome:Pathway1835,5.807191086588782
reactome:Pathway135,abstraction:NextStepPathway,reactome:Pathway184,4.400277438266156
reactome:Pathway1193,abstraction:NextStepPathway,reactome:Pathway1201,4.304349020420501
reactome:Pathway2380,abstraction:NextStepPathway,reactome:Pathway2381,5.354701039835755
reactome:Pathway1173,abstraction:NextStepPathway,reactome:Pathway1179,4.55284207493778
reactome:Pathway2727,abstraction:NextStepPathway,reactome:Pathway2784,5.570802308524551
reactome:Pathway1206,abstraction:NextStepPathway,reactome:Pathway218,6.171834200176691
reactome:Pathway372,abstraction:NextStepPathway,reactome:Pathway375,4.906578167433857
reactome:Pathway248,abstraction:NextStepPathway,reactome:Pathway2544,4.330649847621113
reactome:Pathway1428,abstraction:NextStepPathway,reactome:Pathway493,3.9728334234392157
reactome:Pathway32,abstraction:NextStepPathway,reactome:Pathway45,3.512414176042548
reactome:Pathway1522,abstraction:NextStepPathway,reactome:Pathway147,3.7132715257282927
reactome:Pathway2752,abstraction:NextStepPathway,reactome:Pathway1669,4.4167387153202275
reactome:Pathway2478,abstraction:NextStepPathway,reactome:Pathway2477,5.943902132130685
reactome:Pathway1609,abstraction:NextStepPathway,reactome:Pathway1393,4.659788633751241
reactome:Pathway2810,abstraction:NextStepPathway,reactome:Pathway11,4.0331807988650095
reactome:Pathway2548,abstraction:NextStepPathway,reactome:Pathway2357,5.139361714013127
reactome:Pathway184,abstraction:NextStepPathway,reactome:Pathway2638,4.681179823732558
reactome:Pathway1699,abstraction:NextStepPathway,reactome:Pathway2670,5.711880906784457
reactome:Pathway286,abstraction:NextStepPathway,reactome:Pathway1531,4.512463918994382
reactome:Pathway2500,abstraction:NextStepPathway,reactome:Pathway2503,2.3491233984292346
reactome:Pathway490,abstraction:NextStepPathway,reactome:Pathway1538,4.419508800194043
reactome:Pathway255,abstraction:NextStepPathway,reactome:Pathway261,3.7187622739087094
reactome:Pathway1632,abstraction:NextStepPathway,reactome:Pathway2541,4.400277438266156
reactome:Pathway135,abstraction:NextStepPathway,reactome:Pathway1609,5.2798361608715805
reactome:Pathway2127,abstraction:NextStepPathway,reactome:Pathway2128,6.255215809115742
reactome:Pathway1910,abstraction:NextStepPathway,reactome:Pathway1904,3.980851283763948
reactome:Pathway1201,abstraction:NextStepPathway,reactome:Pathway1188,5.108503725653221
reactome:Pathway1771,abstraction:NextStepPathway,reactome:Pathway1798,4.175774267435906
reactome:Pathway2581,abstraction:NextStepPathway,reactome:Pathway2586,4.257267301687089
reactome:Pathway2244,abstraction:NextStepPathway,reactome:Pathway1229,4.9718694172482945
reactome:Pathway1517,abstraction:NextStepPathway,reactome:Pathway2202,5.0975146040776265
reactome:Pathway1973,abstraction:NextStepPathway,reactome:Pathway2045,5.7271483789152455
reactome:Pathway1575,abstraction:NextStepPathway,reactome:Pathway1741,4.463456339887688
reactome:Pathway2270,abstraction:NextStepPathway,reactome:Pathway2269,5.250754951570739
reactome:Pathway1215,abstraction:NextStepPathway,reactome:Pathway1219,4.146848844292914
reactome:Pathway1537,abstraction:NextStepPathway,reactome:Pathway1588,4.164963351331691
reactome:Pathway1856,abstraction:NextStepPathway,reactome:Pathway135,4.403002235592341
reactome:Pathway1856,abstraction:NextStepPathway,reactome:Pathway1529,4.39620411287852
reactome:Pathway1926,abstraction:NextStepPathway,reactome:Pathway1925,4.0667249117482775
reactome:Pathway2179,abstraction:NextStepPathway,reactome:Pathway2183,5.018733726224512
reactome:Pathway1867,abstraction:NextStepPathway,reactome:Pathway1868,5.924974122245166
reactome:Pathway1233,abstraction:NextStepPathway,reactome:Pathway1533,4.532449211374638
reactome:Pathway1446,abstraction:NextStepPathway,reactome:Pathway1631,4.203324219204137
reactome:Pathway2198,abstraction:NextStepPathway,reactome:Pathway1526,4.934039847375245
reactome:Pathway2374,abstraction:NextStepPathway,reactome:Pathway2394,1.53982736023504
reactome:Pathway1820,abstraction:NextStepPathway,reactome:Pathway1229,5.162417490313052
reactome:Pathway2036,abstraction:NextStepPathway,reactome:Pathway2206,5.523684385547481
reactome:Pathway1425,abstraction:NextStepPathway,reactome:Pathway1424,3.6882617734018277
reactome:Pathway1502,abstraction:NextStepPathway,reactome:Pathway1538,4.567207844739813
reactome:Pathway100,abstraction:NextStepPathway,reactome:Pathway2226,5.234956834694148
reactome:Pathway298,abstraction:NextStepPathway,reactome:Pathway299,4.238575168674937
reactome:Pathway2097,abstraction:NextStepPathway,reactome:Pathway2222,3.4138516303262723
reactome:Pathway1533,abstraction:NextStepPathway,reactome:Pathway253,4.4125979226541965
reactome:Pathway2455,abstraction:NextStepPathway,reactome:Pathway2456,4.449067602435588
reactome:Pathway1406,abstraction:NextStepPathway,reactome:Pathway1408,6.0443208798777315
reactome:Pathway105,abstraction:NextStepPathway,reactome:Pathway1963,5.7690393206244055
reactome:Pathway2524,abstraction:NextStepPathway,reactome:Pathway2525,4.621721753827406
reactome:Pathway246,abstraction:NextStepPathway,reactome:Pathway2364,4.168194371913137
reactome:Pathway1767,abstraction:NextStepPathway,reactome:Pathway495,3.7284442305916246
reactome:Pathway269,abstraction:NextStepPathway,reactome:Pathway262,4.2213630397938156
reactome:Pathway2365,abstraction:NextStepPathway,reactome:Pathway2706,4.259628577872769
reactome:Pathway1789,abstraction:NextStepPathway,reactome:Pathway1776,4.915648524403821
reactome:Pathway100,abstraction:NextStepPathway,reactome:Pathway141,5.33372124936656
reactome:Pathway1958,abstraction:NextStepPathway,reactome:Pathway2157,4.832631446590651
reactome:Pathway493,abstraction:NextStepPathway,reactome:Pathway1543,4.742480349596353
reactome:Pathway2027,abstraction:NextStepPathway,reactome:Pathway2215,4.47511827963553
reactome:Pathway1526,abstraction:NextStepPathway,reactome:Pathway1233,4.472190019856442
reactome:Pathway1233,abstraction:NextStepPathway,reactome:Pathway1531,4.913373210566686
reactome:Pathway1356,abstraction:NextStepPathway,reactome:Pathway1359,5.142214782995533
reactome:Pathway39,abstraction:NextStepPathway,reactome:Pathway55,3.7537798573765313
reactome:Pathway2115,abstraction:NextStepPathway,reactome:Pathway2121,6.155960851020401
reactome:Pathway248,abstraction:NextStepPathway,reactome:Pathway2365,4.002551954497066
reactome:Pathway248,abstraction:NextStepPathway,reactome:Pathway2500,2.6123802935032128
reactome:Pathway2361,abstraction:NextStepPathway,reactome:Pathway2357,5.523684385547481
reactome:Pathway1428,abstraction:NextStepPathway,reactome:Pathway1607,3.8853784891125294
reactome:Pathway1773,abstraction:NextStepPathway,reactome:Pathway1775,4.153204797893613
reactome:Pathway482,abstraction:NextStepPathway,reactome:Pathway1233,4.888680597976314
reactome:Pathway1491,abstraction:NextStepPathway,reactome:Pathway1522,3.4957563783177537
reactome:Pathway2610,abstraction:NextStepPathway,reactome:Pathway2548,5.054727328872417
reactome:Pathway1959,abstraction:NextStepPathway,reactome:Pathway102,5.523684385547481
reactome:Pathway2211,abstraction:NextStepPathway,reactome:Pathway2213,4.1606714992501495
reactome:Pathway2336,abstraction:NextStepPathway,reactome:Pathway2045,6.030334637902992
reactome:Pathway499,abstraction:NextStepPathway,reactome:Pathway1429,5.372526823788355
reactome:Pathway2284,abstraction:NextStepPathway,reactome:Pathway2339,4.822203823428392
reactome:Pathway2358,abstraction:NextStepPathway,reactome:Pathway2556,4.473653077908202
reactome:Pathway1433,abstraction:NextStepPathway,reactome:Pathway1437,4.815999046541509
reactome:Pathway2242,abstraction:NextStepPathway,reactome:Pathway292,4.370784684041544
reactome:Pathway1621,abstraction:NextStepPathway,reactome:Pathway643,5.270048154505418
reactome:Pathway2024,abstraction:NextStepPathway,reactome:Pathway2352,4.690229659252476
reactome:Pathway448,abstraction:NextStepPathway,reactome:Pathway447,4.666868309339302
reactome:Pathway2118,abstraction:NextStepPathway,reactome:Pathway2119,5.90639773667223
reactome:Pathway1593,abstraction:NextStepPathway,reactome:Pathway1594,4.560797566378894
reactome:Pathway410,abstraction:NextStepPathway,reactome:Pathway357,6.290617736166658
reactome:Pathway2358,abstraction:NextStepPathway,reactome:Pathway2361,5.49481640154663
reactome:Pathway1961,abstraction:NextStepPathway,reactome:Pathway2077,5.1771020419959735
reactome:Pathway1429,abstraction:NextStepPathway,reactome:Pathway286,4.2957335825148855
reactome:Pathway2079,abstraction:NextStepPathway,reactome:Pathway2087,4.512463918994382
reactome:Pathway436,abstraction:NextStepPathway,reactome:Pathway444,4.950414482247035
reactome:Pathway1962,abstraction:NextStepPathway,reactome:Pathway2080,5.011186520589129
reactome:Pathway1608,abstraction:NextStepPathway,reactome:Pathway493,4.586688980311635
reactome:Pathway1737,abstraction:NextStepPathway,reactome:Pathway1631,4.210050701965088
reactome:Pathway2499,abstraction:NextStepPathway,reactome:Pathway2545,5.0365685938605465
reactome:Pathway1857,abstraction:NextStepPathway,reactome:Pathway1860,3.6142968593537836
reactome:Pathway2118,abstraction:NextStepPathway,reactome:Pathway2132,5.812762131638237
reactome:Pathway286,abstraction:NextStepPathway,reactome:Pathway1233,4.082442327643688
reactome:Pathway278,abstraction:NextStepPathway,reactome:Pathway279,5.950291930229455
reactome:Pathway1234,abstraction:NextStepPathway,reactome:Pathway2203,5.116825548990714
reactome:Pathway337,abstraction:NextStepPathway,reactome:Pathway338,6.102308137528081
reactome:Pathway2157,abstraction:NextStepPathway,reactome:Pathway2160,4.604886339363543
reactome:Pathway2285,abstraction:NextStepPathway,reactome:Pathway2284,5.142214782995533
reactome:Pathway267,abstraction:NextStepPathway,reactome:Pathway253,4.093393158830438
reactome:Pathway1419,abstraction:NextStepPathway,reactome:Pathway1420,6.009715350700256
reactome:Pathway253,abstraction:NextStepPathway,reactome:Pathway1979,4.203324219204137
reactome:Pathway499,abstraction:NextStepPathway,reactome:Pathway501,6.102308137528081
reactome:Pathway1769,abstraction:NextStepPathway,reactome:Pathway1063,1.840995602272243
reactome:Pathway1877,abstraction:NextStepPathway,reactome:Pathway1878,5.924974122245166
reactome:Pathway2284,abstraction:NextStepPathway,reactome:Pathway2302,4.886465757646762
reactome:Pathway105,abstraction:NextStepPathway,reactome:Pathway103,5.549109483913292
reactome:Pathway1879,abstraction:NextStepPathway,reactome:Pathway1880,6.751652695429634
reactome:Pathway1856,abstraction:NextStepPathway,reactome:Pathway1861,4.426467770518347
reactome:Pathway1856,abstraction:NextStepPathway,reactome:Pathway2196,4.031297559137045
reactome:Pathway1504,abstraction:NextStepPathway,reactome:Pathway1520,4.663322206332551
reactome:Pathway2152,abstraction:NextStepPathway,reactome:Pathway2317,4.494363877350764
reactome:Pathway1694,abstraction:NextStepPathway,reactome:Pathway2541,3.584370962063599
reactome:Pathway472,abstraction:NextStepPathway,reactome:Pathway475,6.148117673559375
reactome:Pathway2123,abstraction:NextStepPathway,reactome:Pathway2124,6.308800055249849
reactome:Pathway1896,abstraction:NextStepPathway,reactome:Pathway1741,3.554730380777305
reactome:Pathway1903,abstraction:NextStepPathway,reactome:Pathway674,4.201092075420196
reactome:Pathway172,abstraction:NextStepPathway,reactome:Pathway1428,3.9234941220350414
reactome:Pathway287,abstraction:NextStepPathway,reactome:Pathway1429,4.437703843785273
reactome:Pathway1963,abstraction:NextStepPathway,reactome:Pathway2226,5.523684385547481
reactome:Pathway2270,abstraction:NextStepPathway,reactome:Pathway2298,5.33372124936656
reactome:Pathway287,abstraction:NextStepPathway,reactome:Pathway1750,3.6909355717862296
reactome:Pathway2074,abstraction:NextStepPathway,reactome:Pathway2073,3.4632508079128224
reactome:Pathway2626,abstraction:NextStepPathway,reactome:Pathway47,4.203324219204137
reactome:Pathway2226,abstraction:NextStepPathway,reactome:Pathway2270,5.416651628697293
reactome:Pathway1337,abstraction:NextStepPathway,reactome:Pathway1349,4.924801906390308
reactome:Pathway2365,abstraction:NextStepPathway,reactome:Pathway2554,4.576900973945473
reactome:Pathway1412,abstraction:NextStepPathway,reactome:Pathway1619,3.81098019905867
reactome:Pathway423,abstraction:NextStepPathway,reactome:Pathway430,4.97670034451796
reactome:Pathway1499,abstraction:NextStepPathway,reactome:Pathway1538,4.593267951409678
reactome:Pathway1536,abstraction:NextStepPathway,reactome:Pathway286,4.3370152414881895
reactome:Pathway197,abstraction:NextStepPathway,reactome:Pathway198,3.9379563051924364
reactome:Pathway1588,abstraction:NextStepPathway,reactome:Pathway1642,4.260811310121818
reactome:Pathway2768,abstraction:NextStepPathway,reactome:Pathway1628,5.7744012637657915
reactome:Pathway255,abstraction:NextStepPathway,reactome:Pathway264,3.6809454787111435
reactome:Pathway1896,abstraction:NextStepPathway,reactome:Pathway1776,3.7160131312837876
reactome:Pathway2234,abstraction:NextStepPathway,reactome:Pathway2236,4.450497195245182
reactome:Pathway1851,abstraction:NextStepPathway,reactome:Pathway179,4.575278913573604
reactome:Pathway2304,abstraction:NextStepPathway,reactome:Pathway2331,6.204357391882251
reactome:Pathway1428,abstraction:NextStepPathway,reactome:Pathway2211,3.7761231291931616
reactome:Pathway1205,abstraction:NextStepPathway,reactome:Pathway1777,3.5898008396579684
reactome:Pathway1676,abstraction:NextStepPathway,reactome:Pathway1225,3.705091521016362
reactome:Pathway248,abstraction:NextStepPathway,reactome:Pathway2499,4.418122798586166
reactome:Pathway1506,abstraction:NextStepPathway,reactome:Pathway478,5.620250583938533
reactome:Pathway2801,abstraction:NextStepPathway,reactome:Pathway2802,7.336586291349346
reactome:Pathway1233,abstraction:NextStepPathway,reactome:Pathway1609,4.757924672023827
reactome:Pathway2735,abstraction:NextStepPathway,reactome:Pathway1478,4.763778347275288
reactome:Pathway1173,abstraction:NextStepPathway,reactome:Pathway1183,5.597470555606713
reactome:Pathway286,abstraction:NextStepPathway,reactome:Pathway132,4.390798694311612
reactome:Pathway2471,abstraction:NextStepPathway,reactome:Pathway2472,4.652758727822982
reactome:Pathway478,abstraction:NextStepPathway,reactome:Pathway286,4.366829504198615
reactome:Pathway1521,abstraction:NextStepPathway,reactome:Pathway1531,5.247575298653359
reactome:Pathway1841,abstraction:NextStepPathway,reactome:Pathway1842,5.387019831090922
reactome:Pathway1532,abstraction:NextStepPathway,reactome:Pathway2205,6.3654189492493565
reactome:Pathway1400,abstraction:NextStepPathway,reactome:Pathway1635,5.443319875779455
reactome:Pathway1496,abstraction:NextStepPathway,reactome:Pathway1522,3.8300283940293642
reactome:Pathway299,abstraction:NextStepPathway,reactome:Pathway303,4.1300945256808665
reactome:Pathway1385,abstraction:NextStepPathway,reactome:Pathway1735,5.3943458711829955
reactome:Pathway646,abstraction:NextStepPathway,reactome:Pathway649,5.60198523596124
reactome:Pathway2041,abstraction:NextStepPathway,reactome:Pathway292,4.6704270319562955
reactome:Pathway1705,abstraction:NextStepPathway,reactome:Pathway2705,6.179866371873955
reactome:Pathway2383,abstraction:NextStepPathway,reactome:Pathway2357,4.755981036815256
reactome:Pathway499,abstraction:NextStepPathway,reactome:Pathway1856,4.5639975691095644
reactome:Pathway1861,abstraction:NextStepPathway,reactome:Pathway1851,4.6938726505309765
reactome:Pathway1167,abstraction:NextStepPathway,reactome:Pathway1166,4.895354705064007
reactome:Pathway1423,abstraction:NextStepPathway,reactome:Pathway660,5.07589214006446
reactome:Pathway1371,abstraction:NextStepPathway,reactome:Pathway1373,4.037904473212786
reactome:Pathway1861,abstraction:NextStepPathway,reactome:Pathway1669,4.927103403378587
reactome:Pathway1632,abstraction:NextStepPathway,reactome:Pathway2555,4.7875418417274735
reactome:Pathway1520,abstraction:NextStepPathway,reactome:Pathway1546,4.500360896823138
reactome:Pathway1431,abstraction:NextStepPathway,reactome:Pathway1635,3.971946505420988
reactome:Pathway1631,abstraction:NextStepPathway,reactome:Pathway1735,4.075535541430432
reactome:Pathway266,abstraction:NextStepPathway,reactome:Pathway262,4.811883814396403
reactome:Pathway2673,abstraction:NextStepPathway,reactome:Pathway2684,6.957096669644442
reactome:Pathway439,abstraction:NextStepPathway,reactome:Pathway2258,4.591619146419494
reactome:Pathway1963,abstraction:NextStepPathway,reactome:Pathway106,5.75840092241935
reactome:Pathway2605,abstraction:NextStepPathway,reactome:Pathway2386,4.080464087631581
reactome:Pathway2688,abstraction:NextStepPathway,reactome:Pathway2694,5.900281509654794
reactome:Pathway2397,abstraction:NextStepPathway,reactome:Pathway2416,4.779557767379253
reactome:Pathway1406,abstraction:NextStepPathway,reactome:Pathway1405,5.579612938206706
reactome:Pathway1885,abstraction:NextStepPathway,reactome:Pathway1478,4.0550968737531585
reactome:Pathway256,abstraction:NextStepPathway,reactome:Pathway257,4.355056967973348
reactome:Pathway1520,abstraction:NextStepPathway,reactome:Pathway134,4.6704270319562955
reactome:Pathway1057,abstraction:NextStepPathway,reactome:Pathway1062,6.204357391882251
reactome:Pathway1526,abstraction:NextStepPathway,reactome:Pathway172,4.2896248280265645
reactome:Pathway2170,abstraction:NextStepPathway,reactome:Pathway2112,5.474694998347209
reactome:Pathway2399,abstraction:NextStepPathway,reactome:Pathway2397,4.482476664566717
reactome:Pathway154,abstraction:NextStepPathway,reactome:Pathway148,5.657813685514181
reactome:Pathway2269,abstraction:NextStepPathway,reactome:Pathway2298,5.566425933924752
reactome:Pathway1579,abstraction:NextStepPathway,reactome:Pathway1572,3.9916427553967124
reactome:Pathway2190,abstraction:NextStepPathway,reactome:Pathway2194,5.427993905301228
reactome:Pathway1234,abstraction:NextStepPathway,reactome:Pathway1977,4.763778347275288
reactome:Pathway2587,abstraction:NextStepPathway,reactome:Pathway2571,6.065674004348301
reactome:Pathway1626,abstraction:NextStepPathway,reactome:Pathway133,6.204357391882251
reactome:Pathway482,abstraction:NextStepPathway,reactome:Pathway172,4.649262220764252
reactome:Pathway1187,abstraction:NextStepPathway,reactome:Pathway1188,4.05125071516568
reactome:Pathway364,abstraction:NextStepPathway,reactome:Pathway365,6.8257606675833555
reactome:Pathway1390,abstraction:NextStepPathway,reactome:Pathway1392,6.13261348702341
reactome:Pathway1233,abstraction:NextStepPathway,reactome:Pathway132,4.729159505620693
reactome:Pathway179,abstraction:NextStepPathway,reactome:Pathway499,5.171202319868785
reactome:Pathway134,abstraction:NextStepPathway,reactome:Pathway1977,5.216322755149255
reactome:Pathway1225,abstraction:NextStepPathway,reactome:Pathway1233,3.750932880364603
reactome:Pathway1520,abstraction:NextStepPathway,reactome:Pathway1532,4.706728658632511
reactome:Pathway2571,abstraction:NextStepPathway,reactome:Pathway2587,6.065674004348301
reactome:Pathway179,abstraction:NextStepPathway,reactome:Pathway1750,3.8748648459682813
reactome:Pathway2178,abstraction:NextStepPathway,reactome:Pathway1490,4.186703337968097
reactome:Pathway1836,abstraction:NextStepPathway,reactome:Pathway1889,4.570428459439855
reactome:Pathway413,abstraction:NextStepPathway,reactome:Pathway1234,4.616641302594987
reactome:Pathway1824,abstraction:NextStepPathway,reactome:Pathway389,4.826361833577056
reactome:Pathway2208,abstraction:NextStepPathway,reactome:Pathway2030,6.299667571686576
reactome:Pathway1642,abstraction:NextStepPathway,reactome:Pathway1588,4.260811310121818
reactome:Pathway1824,abstraction:NextStepPathway,reactome:Pathway1776,4.7253859162370535
reactome:Pathway2397,abstraction:NextStepPathway,reactome:Pathway2581,3.9268782200192818
reactome:Pathway2533,abstraction:NextStepPathway,reactome:Pathway2534,4.501865788002559
reactome:Pathway1536,abstraction:NextStepPathway,reactome:Pathway2030,5.570802308524551
reactome:Pathway2554,abstraction:NextStepPathway,reactome:Pathway2557,6.0585055148696885
reactome:Pathway1086,abstraction:NextStepPathway,reactome:Pathway1087,4.128019836140006
reactome:Pathway2721,abstraction:NextStepPathway,reactome:Pathway2735,4.98643278143619
reactome:Pathway1531,abstraction:NextStepPathway,reactome:Pathway1533,5.330267014498473
reactome:Pathway286,abstraction:NextStepPathway,reactome:Pathway172,3.963120322792716
reactome:Pathway2446,abstraction:NextStepPathway,reactome:Pathway2447,4.077504046003105
reactome:Pathway103,abstraction:NextStepPathway,reactome:Pathway1518,5.340665721719371
reactome:Pathway2203,abstraction:NextStepPathway,reactome:Pathway1520,4.645777896681642
reactome:Pathway2028,abstraction:NextStepPathway,reactome:Pathway2226,5.003695848859971
reactome:Pathway2541,abstraction:NextStepPathway,reactome:Pathway1697,4.1606714992501495
reactome:Pathway1973,abstraction:NextStepPathway,reactome:Pathway2146,5.33372124936656
reactome:Pathway2499,abstraction:NextStepPathway,reactome:Pathway2511,4.482476664566717
reactome:Pathway2589,abstraction:NextStepPathway,reactome:Pathway2593,5.470718849967569
reactome:Pathway2106,abstraction:NextStepPathway,reactome:Pathway2226,5.549109483913292
reactome:Pathway2554,abstraction:NextStepPathway,reactome:Pathway2556,4.71601377640819
reactome:Pathway1979,abstraction:NextStepPathway,reactome:Pathway1980,4.548098983041767
reactome:Pathway1750,abstraction:NextStepPathway,reactome:Pathway1526,3.847879081446453
reactome:Pathway1784,abstraction:NextStepPathway,reactome:Pathway1785,3.7623697455555494
reactome:Pathway1393,abstraction:NextStepPathway,reactome:Pathway1533,4.4462145334531815
reactome:Pathway2556,abstraction:NextStepPathway,reactome:Pathway2555,4.194425384062007
reactome:Pathway2339,abstraction:NextStepPathway,reactome:Pathway1956,5.2798361608715805
reactome:Pathway2041,abstraction:NextStepPathway,reactome:Pathway367,5.575197919997589
reactome:Pathway2557,abstraction:NextStepPathway,reactome:Pathway2677,5.943902132130685
reactome:Pathway1973,abstraction:NextStepPathway,reactome:Pathway2047,5.443319875779455
reactome:Pathway349,abstraction:NextStepPathway,reactome:Pathway350,5.376130431291654
reactome:Pathway1382,abstraction:NextStepPathway,reactome:Pathway1609,4.703038617545057
reactome:Pathway2115,abstraction:NextStepPathway,reactome:Pathway2117,5.2864151319696235
reactome:Pathway2068,abstraction:NextStepPathway,reactome:Pathway2071,5.894202463578412
reactome:Pathway1635,abstraction:NextStepPathway,reactome:Pathway1631,4.069653171527366
reactome:Pathway1689,abstraction:NextStepPathway,reactome:Pathway1670,4.504882381541984
reactome:Pathway1168,abstraction:NextStepPathway,reactome:Pathway1182,4.094394661167528
reactome:Pathway1538,abstraction:NextStepPathway,reactome:Pathway1588,3.943972653378582
reactome:Pathway2677,abstraction:NextStepPathway,reactome:Pathway2680,6.467548444325736
reactome:Pathway2254,abstraction:NextStepPathway,reactome:Pathway2255,5.470718849967569
reactome:Pathway1393,abstraction:NextStepPathway,reactome:Pathway1531,4.777571669407624
reactome:Pathway2534,abstraction:NextStepPathway,reactome:Pathway2654,4.388106902645901
reactome:Pathway1412,abstraction:NextStepPathway,reactome:Pathway1322,5.013695932194555
reactome:Pathway1522,abstraction:NextStepPathway,reactome:Pathway286,3.461652938065527
reactome:Pathway1837,abstraction:NextStepPathway,reactome:Pathway1829,4.697528961734087
reactome:Pathway1806,abstraction:NextStepPathway,reactome:Pathway1787,5.42041811149277
reactome:Pathway1588,abstraction:NextStepPathway,reactome:Pathway499,4.482476664566717
reactome:Pathway1428,abstraction:NextStepPathway,reactome:Pathway2675,4.397560045289656
reactome:Pathway1539,abstraction:NextStepPathway,reactome:Pathway250,4.197753174154681
reactome:Pathway1588,abstraction:NextStepPathway,reactome:Pathway1429,4.32180582282466
reactome:Pathway1796,abstraction:NextStepPathway,reactome:Pathway1845,5.5929761660188735
reactome:Pathway2119,abstraction:NextStepPathway,reactome:Pathway2125,5.982868100664068
reactome:Pathway1569,abstraction:NextStepPathway,reactome:Pathway1570,4.071610119314327
reactome:Pathway1588,abstraction:NextStepPathway,reactome:Pathway1750,3.633702789151393
reactome:Pathway1502,abstraction:NextStepPathway,reactome:Pathway1522,3.805711086378658
reactome:Pathway1977,abstraction:NextStepPathway,reactome:Pathway134,5.216322755149255
reactome:Pathway1522,abstraction:NextStepPathway,reactome:Pathway1545,3.807965878765747
reactome:Pathway2545,abstraction:NextStepPathway,reactome:Pathway1828,5.696843029419917
reactome:Pathway1880,abstraction:NextStepPathway,reactome:Pathway1895,6.446271045878452
reactome:Pathway1233,abstraction:NextStepPathway,reactome:Pathway172,4.172518702976141
reactome:Pathway1904,abstraction:NextStepPathway,reactome:Pathway1905,4.206681804898983
reactome:Pathway372,abstraction:NextStepPathway,reactome:Pathway1891,4.453362526718468
reactome:Pathway2539,abstraction:NextStepPathway,reactome:Pathway2730,5.996201631533533
reactome:Pathway1642,abstraction:NextStepPathway,reactome:Pathway2061,4.847415242774888
reactome:Pathway2241,abstraction:NextStepPathway,reactome:Pathway269,4.2408926668152995
reactome:Pathway1642,abstraction:NextStepPathway,reactome:Pathway1861,4.911103062032146
reactome:Pathway1642,abstraction:NextStepPathway,reactome:Pathway2196,4.3602721036524565
reactome:Pathway2541,abstraction:NextStepPathway,reactome:Pathway2236,4.008051510063105
reactome:Pathway489,abstraction:NextStepPathway,reactome:Pathway1543,5.701830570930956
reactome:Pathway1137,abstraction:NextStepPathway,reactome:Pathway1138,4.710432366569995
reactome:Pathway1977,abstraction:NextStepPathway,reactome:Pathway1520,4.411221459945473
reactome:Pathway39,abstraction:NextStepPathway,reactome:Pathway60,3.865257085913108
reactome:Pathway1850,abstraction:NextStepPathway,reactome:Pathway1629,3.6842644329692074
reactome:Pathway1977,abstraction:NextStepPathway,reactome:Pathway1532,5.2798361608715805
reactome:Pathway1914,abstraction:NextStepPathway,reactome:Pathway1905,3.884565811294539
reactome:Pathway2318,abstraction:NextStepPathway,reactome:Pathway2162,4.929410209476503
reactome:Pathway1537,abstraction:NextStepPathway,reactome:Pathway1544,5.119614951078292
reactome:Pathway2582,abstraction:NextStepPathway,reactome:Pathway2584,4.064777491463882
reactome:Pathway1635,abstraction:NextStepPathway,reactome:Pathway1801,3.6862611058455306
reactome:Pathway1456,abstraction:NextStepPathway,reactome:Pathway1461,5.818364387186907
reactome:Pathway2618,abstraction:NextStepPathway,reactome:Pathway2619,3.3750407892400927
reactome:Pathway2691,abstraction:NextStepPathway,reactome:Pathway2694,5.6674291442136235
reactome:Pathway2520,abstraction:NextStepPathway,reactome:Pathway2521,2.9421371366769073
reactome:Pathway1601,abstraction:NextStepPathway,reactome:Pathway1908,4.1801315728048625
reactome:Pathway2027,abstraction:NextStepPathway,reactome:Pathway2270,5.062611732396566
reactome:Pathway2541,abstraction:NextStepPathway,reactome:Pathway1694,3.584370962063599
reactome:Pathway1588,abstraction:NextStepPathway,reactome:Pathway501,4.510943006153675
reactome:Pathway1852,abstraction:NextStepPathway,reactome:Pathway29,4.4462145334531815
reactome:Pathway2378,abstraction:NextStepPathway,reactome:Pathway2386,4.777571669407624
reactome:Pathway1209,abstraction:NextStepPathway,reactome:Pathway224,4.81806303076236
reactome:Pathway2789,abstraction:NextStepPathway,reactome:Pathway2790,6.795455318088027
reactome:Pathway1824,abstraction:NextStepPathway,reactome:Pathway2781,4.2490464685422324
reactome:Pathway2721,abstraction:NextStepPathway,reactome:Pathway1354,5.340665721719371
reactome:Pathway2219,abstraction:NextStepPathway,reactome:Pathway2226,4.929410209476503
reactome:Pathway1631,abstraction:NextStepPathway,reactome:Pathway1632,4.139484266030706
reactome:Pathway2541,abstraction:NextStepPathway,reactome:Pathway2027,4.271519324394291
reactome:Pathway2215,abstraction:NextStepPathway,reactome:Pathway2216,4.591619146419494
reactome:Pathway1433,abstraction:NextStepPathway,reactome:Pathway1444,4.24554383799103
reactome:Pathway510,abstraction:NextStepPathway,reactome:Pathway1619,3.93027380902042
reactome:Pathway1826,abstraction:NextStepPathway,reactome:Pathway1229,4.950414482247035
reactome:Pathway1433,abstraction:NextStepPathway,reactome:Pathway1441,4.60823082408639
reactome:Pathway1320,abstraction:NextStepPathway,reactome:Pathway1322,4.292063853625923
reactome:Pathway1429,abstraction:NextStepPathway,reactome:Pathway1851,4.6938726505309765
reactome:Pathway1531,abstraction:NextStepPathway,reactome:Pathway1233,4.913373210566686
reactome:Pathway1189,abstraction:NextStepPathway,reactome:Pathway1188,4.759872092308223
reactome:Pathway1531,abstraction:NextStepPathway,reactome:Pathway1609,5.924974122245166
reactome:Pathway286,abstraction:NextStepPathway,reactome:Pathway2109,4.311793223532231
reactome:Pathway1532,abstraction:NextStepPathway,reactome:Pathway1234,5.216322755149255
reactome:Pathway2236,abstraction:NextStepPathway,reactome:Pathway1972,4.591619146419494
reactome:Pathway1910,abstraction:NextStepPathway,reactome:Pathway1915,3.8853784891125294
reactome:Pathway1429,abstraction:NextStepPathway,reactome:Pathway1669,4.924801906390308
reactome:Pathway495,abstraction:NextStepPathway,reactome:Pathway497,3.6174014877400804
reactome:Pathway1609,abstraction:NextStepPathway,reactome:Pathway2796,4.755981036815256
reactome:Pathway372,abstraction:NextStepPathway,reactome:Pathway381,5.882154125062237
reactome:Pathway1943,abstraction:NextStepPathway,reactome:Pathway1873,4.721626513313148
reactome:Pathway1877,abstraction:NextStepPathway,reactome:Pathway2706,5.070558794089098
reactome:Pathway1689,abstraction:NextStepPathway,reactome:Pathway1427,3.1265501477934525
reactome:Pathway1205,abstraction:NextStepPathway,reactome:Pathway1758,3.3605056496209795
reactome:Pathway341,abstraction:NextStepPathway,reactome:Pathway1747,4.875464546584787
reactome:Pathway1427,abstraction:NextStepPathway,reactome:Pathway2773,3.166151595769532
reactome:Pathway2200,abstraction:NextStepPathway,reactome:Pathway1642,5.081254083205846
reactome:Pathway1330,abstraction:NextStepPathway,reactome:Pathway1336,6.080167011650867
reactome:Pathway2756,abstraction:NextStepPathway,reactome:Pathway2760,4.188903558877699
reactome:Pathway1638,abstraction:NextStepPathway,reactome:Pathway1634,4.860263385252737
reactome:Pathway1935,abstraction:NextStepPathway,reactome:Pathway1936,4.028479332753203
reactome:Pathway2745,abstraction:NextStepPathway,reactome:Pathway2743,4.924801906390308
reactome:Pathway1362,abstraction:NextStepPathway,reactome:Pathway1365,5.716944208741004
reactome:Pathway1359,abstraction:NextStepPathway,reactome:Pathway1631,4.010812671504432
reactome:Pathway1621,abstraction:NextStepPathway,reactome:Pathway1622,4.084424488847678
reactome:Pathway2150,abstraction:NextStepPathway,reactome:Pathway343,4.6234209895803655
reactome:Pathway2632,abstraction:NextStepPathway,reactome:Pathway2629,3.4291893543099823
reactome:Pathway1343,abstraction:NextStepPathway,reactome:Pathway1347,6.630700085011971
reactome:Pathway2452,abstraction:NextStepPathway,reactome:Pathway2451,3.2362766496587705
reactome:Pathway1669,abstraction:NextStepPathway,reactome:Pathway1668,5.136516761880896
reactome:Pathway1509,abstraction:NextStepPathway,reactome:Pathway490,5.398029116599291
reactome:Pathway2499,abstraction:NextStepPathway,reactome:Pathway2501,3.1303640349488466
reactome:Pathway278,abstraction:NextStepPathway,reactome:Pathway275,6.072894252321787
reactome:Pathway2269,abstraction:NextStepPathway,reactome:Pathway2352,5.931243735258761
reactome:Pathway1588,abstraction:NextStepPathway,reactome:Pathway1856,3.9772798513963505
reactome:Pathway1988,abstraction:NextStepPathway,reactome:Pathway2274,5.624869529794827
reactome:Pathway1499,abstraction:NextStepPathway,reactome:Pathway1522,3.8177958255937297
reactome:Pathway184,abstraction:NextStepPathway,reactome:Pathway2074,3.5316346659826556
reactome:Pathway2296,abstraction:NextStepPathway,reactome:Pathway2297,5.435627530156299
reactome:Pathway1873,abstraction:NextStepPathway,reactome:Pathway1874,4.71601377640819
reactome:Pathway1390,abstraction:NextStepPathway,reactome:Pathway2749,4.717881190582986
reactome:Pathway1940,abstraction:NextStepPathway,reactome:Pathway2001,4.904323375046768
reactome:Pathway367,abstraction:NextStepPathway,reactome:Pathway365,5.638855771769567
reactome:Pathway1200,abstraction:NextStepPathway,reactome:Pathway1202,5.247575298653359
reactome:Pathway1331,abstraction:NextStepPathway,reactome:Pathway1334,5.686941958437205
reactome:Pathway1536,abstraction:NextStepPathway,reactome:Pathway134,5.50297971218579
reactome:Pathway1337,abstraction:NextStepPathway,reactome:Pathway1631,4.010812671504432
reactome:Pathway1631,abstraction:NextStepPathway,reactome:Pathway2391,3.9159215153810765
reactome:Pathway2548,abstraction:NextStepPathway,reactome:Pathway2384,4.847415242774888
reactome:Pathway1856,abstraction:NextStepPathway,reactome:Pathway2825,4.419508800194043
reactome:Pathway2735,abstraction:NextStepPathway,reactome:Pathway2724,4.895354705064007
reactome:Pathway2673,abstraction:NextStepPathway,reactome:Pathway2680,6.85701321108746
reactome:Pathway2544,abstraction:NextStepPathway,reactome:Pathway2549,4.957515103796611
reactome:Pathway330,abstraction:NextStepPathway,reactome:Pathway331,6.221024444367463
reactome:Pathway1494,abstraction:NextStepPathway,reactome:Pathway1520,4.703038617545057
reactome:Pathway1375,abstraction:NextStepPathway,reactome:Pathway1380,5.950291930229455
reactome:Pathway1233,abstraction:NextStepPathway,reactome:Pathway2109,4.625123117650896
reactome:Pathway495,abstraction:NextStepPathway,reactome:Pathway496,3.692945622714254
reactome:Pathway2270,abstraction:NextStepPathway,reactome:Pathway114,5.634171922457141
reactome:Pathway2077,abstraction:NextStepPathway,reactome:Pathway2091,5.023797028181058
reactome:Pathway372,abstraction:NextStepPathway,reactome:Pathway378,5.75840092241935
reactome:Pathway2676,abstraction:NextStepPathway,reactome:Pathway2544,5.2635756399998
reactome:Pathway1234,abstraction:NextStepPathway,reactome:Pathway1521,4.73865625315795
reactome:Pathway1175,abstraction:NextStepPathway,reactome:Pathway727,6.080167011650867
reactome:Pathway2095,abstraction:NextStepPathway,reactome:Pathway2222,3.4179187432025313
reactome:Pathway2621,abstraction:NextStepPathway,reactome:Pathway2617,2.7679737010950523
reactome:Pathway1735,abstraction:NextStepPathway,reactome:Pathway2559,5.00121137553231
reactome:Pathway1831,abstraction:NextStepPathway,reactome:Pathway1205,3.34050498291431
reactome:Pathway208,abstraction:NextStepPathway,reactome:Pathway206,4.404367423517681
reactome:Pathway1923,abstraction:NextStepPathway,reactome:Pathway1741,3.3537942150329925
reactome:Pathway1316,abstraction:NextStepPathway,reactome:Pathway1317,5.270048154505418
reactome:Pathway1808,abstraction:NextStepPathway,reactome:Pathway1205,3.475047191353192
reactome:Pathway99,abstraction:NextStepPathway,reactome:Pathway101,5.119614951078292
reactome:Pathway1851,abstraction:NextStepPathway,reactome:Pathway1752,4.470729099216767
reactome:Pathway1395,abstraction:NextStepPathway,reactome:Pathway1404,5.427993905301228
reactome:Pathway2684,abstraction:NextStepPathway,reactome:Pathway2685,5.86434950042873
reactome:Pathway2313,abstraction:NextStepPathway,reactome:Pathway267,4.380074730948636
reactome:Pathway2328,abstraction:NextStepPathway,reactome:Pathway2080,5.083945874871557
reactome:Pathway2162,abstraction:NextStepPathway,reactome:Pathway2318,4.929410209476503
reactome:Pathway2624,abstraction:NextStepPathway,reactome:Pathway2625,4.405734477729214
reactome:Pathway2024,abstraction:NextStepPathway,reactome:Pathway292,4.0657507275504345
reactome:Pathway1973,abstraction:NextStepPathway,reactome:Pathway2314,5.241246163601712
reactome:Pathway2380,abstraction:NextStepPathway,reactome:Pathway2581,4.064777491463882
reactome:Pathway1426,abstraction:NextStepPathway,reactome:Pathway1427,3.1829251519708257
reactome:Pathway1402,abstraction:NextStepPathway,reactome:Pathway1403,5.566425933924752
reactome:Pathway1528,abstraction:NextStepPathway,reactome:Pathway2328,6.85701321108746
reactome:Pathway271,abstraction:NextStepPathway,reactome:Pathway278,3.557069563130477
reactome:Pathway1807,abstraction:NextStepPathway,reactome:Pathway2668,5.094786089424422
reactome:Pathway1568,abstraction:NextStepPathway,reactome:Pathway1227,5.1980295621019295
reactome:Pathway2256,abstraction:NextStepPathway,reactome:Pathway2339,4.681179823732558
reactome:Pathway267,abstraction:NextStepPathway,reactome:Pathway2594,4.616641302594987
reactome:Pathway1182,abstraction:NextStepPathway,reactome:Pathway1792,3.5867806017837522
reactome:Pathway1382,abstraction:NextStepPathway,reactome:Pathway246,4.479526809920296
reactome:Pathway1977,abstraction:NextStepPathway,reactome:Pathway1767,5.1771020419959735
reactome:Pathway2569,abstraction:NextStepPathway,reactome:Pathway2573,4.413976282624318
reactome:Pathway1856,abstraction:NextStepPathway,reactome:Pathway286,3.943972653378582
reactome:Pathway2684,abstraction:NextStepPathway,reactome:Pathway2690,6.08749305174294
reactome:Pathway286,abstraction:NextStepPathway,reactome:Pathway1534,4.534003213241373
reactome:Pathway2459,abstraction:NextStepPathway,reactome:Pathway248,4.473653077908202
reactome:Pathway2317,abstraction:NextStepPathway,reactome:Pathway2152,4.494363877350764
reactome:Pathway2686,abstraction:NextStepPathway,reactome:Pathway2688,5.653040406761524
reactome:Pathway1474,abstraction:NextStepPathway,reactome:Pathway387,3.838525934539805
reactome:Pathway1961,abstraction:NextStepPathway,reactome:Pathway2288,5.931243735258761
reactome:Pathway1331,abstraction:NextStepPathway,reactome:Pathway1336,6.051388047100824
reactome:Pathway2575,abstraction:NextStepPathway,reactome:Pathway2574,6.204357391882251
reactome:Pathway2121,abstraction:NextStepPathway,reactome:Pathway2114,6.308800055249849
reactome:Pathway2439,abstraction:NextStepPathway,reactome:Pathway2425,3.3311196488893096
reactome:Pathway2680,abstraction:NextStepPathway,reactome:Pathway2675,6.308800055249849
reactome:Pathway1541,abstraction:NextStepPathway,reactome:Pathway1588,4.306824269209043
reactome:Pathway1669,abstraction:NextStepPathway,reactome:Pathway1670,4.457675976972188
reactome:Pathway247,abstraction:NextStepPathway,reactome:Pathway2364,3.8177958255937297
reactome:Pathway2548,abstraction:NextStepPathway,reactome:Pathway2391,4.783541836394128
reactome:Pathway2218,abstraction:NextStepPathway,reactome:Pathway2216,5.270048154505418
reactome:Pathway2012,abstraction:NextStepPathway,reactome:Pathway1962,5.474694998347209
reactome:Pathway1299,abstraction:NextStepPathway,reactome:Pathway1302,6.204357391882251
reactome:Pathway2393,abstraction:NextStepPathway,reactome:Pathway2418,3.1963046339402195
reactome:Pathway172,abstraction:NextStepPathway,reactome:Pathway1536,4.457675976972188
reactome:Pathway1783,abstraction:NextStepPathway,reactome:Pathway1741,4.80778544800412
reactome:Pathway1735,abstraction:NextStepPathway,reactome:Pathway1608,5.24440572389208
reactome:Pathway2336,abstraction:NextStepPathway,reactome:Pathway2314,5.405436557877153
reactome:Pathway2598,abstraction:NextStepPathway,reactome:Pathway250,4.075535541430432
reactome:Pathway2043,abstraction:NextStepPathway,reactome:Pathway2047,5.376130431291654
reactome:Pathway2671,abstraction:NextStepPathway,reactome:Pathway2697,5.337187457343046
reactome:Pathway1688,abstraction:NextStepPathway,reactome:Pathway2380,5.2733001898917955
reactome:Pathway499,abstraction:NextStepPathway,reactome:Pathway179,5.171202319868785
reactome:Pathway1627,abstraction:NextStepPathway,reactome:Pathway1626,6.14033553311732
reactome:Pathway2622,abstraction:NextStepPathway,reactome:Pathway32,3.265589093124236
reactome:Pathway1521,abstraction:NextStepPathway,reactome:Pathway2109,4.871097727418447
reactome:Pathway2812,abstraction:NextStepPathway,reactome:Pathway222,4.306824269209043
reactome:Pathway1102,abstraction:NextStepPathway,reactome:Pathway1108,3.7410318093818917
reactome:Pathway2556,abstraction:NextStepPathway,reactome:Pathway2548,4.489889596955843
reactome:Pathway1521,abstraction:NextStepPathway,reactome:Pathway2205,5.241246163601712
reactome:Pathway2366,abstraction:NextStepPathway,reactome:Pathway1670,4.75017269521951
reactome:Pathway2724,abstraction:NextStepPathway,reactome:Pathway2731,4.740566473414069
reactome:Pathway1700,abstraction:NextStepPathway,reactome:Pathway1702,4.05125071516568
reactome:Pathway2200,abstraction:NextStepPathway,reactome:Pathway1750,3.9925473235271394
reactome:Pathway1979,abstraction:NextStepPathway,reactome:Pathway1873,4.343421413300601
reactome:Pathway2556,abstraction:NextStepPathway,reactome:Pathway2545,4.482476664566717
reactome:Pathway2377,abstraction:NextStepPathway,reactome:Pathway2376,4.191108631436013
reactome:Pathway1972,abstraction:NextStepPathway,reactome:Pathway2227,4.710432366569995
reactome:Pathway1543,abstraction:NextStepPathway,reactome:Pathway1428,4.420896725468891
reactome:Pathway1504,abstraction:NextStepPathway,reactome:Pathway1234,5.145076015276565
reactome:Pathway1233,abstraction:NextStepPathway,reactome:Pathway1534,4.9433639242503675
reactome:Pathway1977,abstraction:NextStepPathway,reactome:Pathway2205,5.313172581139172
reactome:Pathway1940,abstraction:NextStepPathway,reactome:Pathway2170,5.62950990935133
reactome:Pathway287,abstraction:NextStepPathway,reactome:Pathway1529,4.444791045668327
reactome:Pathway2027,abstraction:NextStepPathway,reactome:Pathway2219,4.699362142815748
reactome:Pathway2539,abstraction:NextStepPathway,reactome:Pathway1741,4.727270930932825
reactome:Pathway2365,abstraction:NextStepPathway,reactome:Pathway2543,4.5216382952704235
reactome:Pathway215,abstraction:NextStepPathway,reactome:Pathway211,6.669414597192661
reactome:Pathway1750,abstraction:NextStepPathway,reactome:Pathway134,4.031297559137045
reactome:Pathway1824,abstraction:NextStepPathway,reactome:Pathway1840,4.957515103796611
reactome:Pathway2810,abstraction:NextStepPathway,reactome:Pathway2816,4.651008946099195
reactome:Pathway256,abstraction:NextStepPathway,reactome:Pathway264,4.342136891608244
reactome:Pathway2476,abstraction:NextStepPathway,reactome:Pathway2475,4.409846889282306
reactome:Pathway1619,abstraction:NextStepPathway,reactome:Pathway1621,3.872454238131594
reactome:Pathway256,abstraction:NextStepPathway,reactome:Pathway260,4.299416827931182
reactome:Pathway482,abstraction:NextStepPathway,reactome:Pathway1856,4.60823082408639
reactome:Pathway482,abstraction:NextStepPathway,reactome:Pathway1754,5.943902132130685
reactome:Pathway2005,abstraction:NextStepPathway,reactome:Pathway1996,4.777571669407624
reactome:Pathway1965,abstraction:NextStepPathway,reactome:Pathway2283,4.695699135057011
reactome:Pathway1750,abstraction:NextStepPathway,reactome:Pathway1530,3.9192800407882107
reactome:Pathway2500,abstraction:NextStepPathway,reactome:Pathway248,2.6123802935032128
reactome:Pathway2549,abstraction:NextStepPathway,reactome:Pathway2550,5.192005447498548
reactome:Pathway1631,abstraction:NextStepPathway,reactome:Pathway2383,3.915083643526445
reactome:Pathway2064,abstraction:NextStepPathway,reactome:Pathway2066,5.716944208741004
reactome:Pathway1538,abstraction:NextStepPathway,reactome:Pathway1544,4.618331920072894
reactome:Pathway132,abstraction:NextStepPathway,reactome:Pathway1619,3.9952659477661325
reactome:Pathway367,abstraction:NextStepPathway,reactome:Pathway364,5.7068431127545
reactome:Pathway2133,abstraction:NextStepPathway,reactome:Pathway1635,5.62950990935133
reactome:Pathway1427,abstraction:NextStepPathway,reactome:Pathway1225,2.8545983056954087
reactome:Pathway1104,abstraction:NextStepPathway,reactome:Pathway1107,4.67937964322841
reactome:Pathway1626,abstraction:NextStepPathway,reactome:Pathway250,4.183412056884023
reactome:Pathway1506,abstraction:NextStepPathway,reactome:Pathway1541,5.361793268145247
reactome:Pathway1362,abstraction:NextStepPathway,reactome:Pathway1367,6.109798809257239
reactome:Pathway2324,abstraction:NextStepPathway,reactome:Pathway2081,5.052112948298347
reactome:Pathway1579,abstraction:NextStepPathway,reactome:Pathway388,4.0154316173607265
reactome:Pathway1234,abstraction:NextStepPathway,reactome:Pathway1536,4.911103062032146
reactome:Pathway1165,abstraction:NextStepPathway,reactome:Pathway1187,3.9552428203496217
reactome:Pathway2383,abstraction:NextStepPathway,reactome:Pathway2384,4.6704270319562955
reactome:Pathway2235,abstraction:NextStepPathway,reactome:Pathway2352,6.221024444367463
reactome:Pathway351,abstraction:NextStepPathway,reactome:Pathway349,5.361793268145247
