source,interaction,target,weight
reactome:Pathway522,abstraction:IsAChildOf,reactome:Pathway518,
reactome:Pathway275,abstraction:IsAChildOf,reactome:Pathway274,
reactome:Pathway926,abstraction:IsAChildOf,reactome:Pathway909,
reactome:Pathway776,abstraction:IsAChildOf,reactome:Pathway768,
reactome:Pathway759,abstraction:IsAChildOf,reactome:Pathway755,
reactome:Pathway809,abstraction:IsAChildOf,reactome:Pathway784,
reactome:Pathway978,abstraction:IsAChildOf,reactome:Pathway966,
reactome:Pathway779,abstraction:IsAChildOf,reactome:Pathway768,
reactome:Pathway1930,abstraction:IsAChildOf,reactome:Pathway1927,
reactome:Pathway305,abstraction:IsAChildOf,reactome:Pathway290,
reactome:Pathway754,abstraction:IsAChildOf,reactome:Pathway751,
reactome:Pathway781,abstraction:IsAChildOf,reactome:Pathway768,
reactome:Pathway2753,abstraction:IsAChildOf,reactome:Pathway2751,
reactome:Pathway2621,abstraction:IsAChildOf,reactome:Pathway2619,
reactome:Pathway230,abstraction:IsAChildOf,reactome:Pathway226,
reactome:Pathway59,abstraction:IsAChildOf,reactome:Pathway54,
reactome:Pathway2806,abstraction:IsAChildOf,reactome:Pathway2805,
reactome:Pathway2136,abstraction:IsAChildOf,reactome:Pathway2130,
reactome:Pathway1028,abstraction:IsAChildOf,reactome:Pathway1021,
reactome:Pathway2725,abstraction:IsAChildOf,reactome:Pathway2723,
reactome:Pathway627,abstraction:IsAChildOf,reactome:Pathway625,
reactome:Pathway506,abstraction:IsAChildOf,reactome:Pathway504,
reactome:Pathway1554,abstraction:IsAChildOf,reactome:Pathway1553,
reactome:Pathway2372,abstraction:IsAChildOf,reactome:Pathway2434,
reactome:Pathway1647,abstraction:IsAChildOf,reactome:Pathway1645,
reactome:Pathway2560,abstraction:IsAChildOf,reactome:Pathway2559,
reactome:Pathway381,abstraction:IsAChildOf,reactome:Pathway373,
reactome:Pathway1641,abstraction:IsAChildOf,reactome:Pathway1636,
reactome:Pathway1524,abstraction:IsAChildOf,reactome:Pathway1523,
reactome:Pathway2584,abstraction:IsAChildOf,reactome:Pathway2583,
reactome:Pathway1115,abstraction:IsAChildOf,reactome:Pathway1095,
reactome:Pathway125,abstraction:IsAChildOf,reactome:Pathway122,
reactome:Pathway845,abstraction:IsAChildOf,reactome:Pathway784,
reactome:Pathway1685,abstraction:IsAChildOf,reactome:Pathway1684,
reactome:Pathway1925,abstraction:IsAChildOf,reactome:Pathway1881,
reactome:Pathway981,abstraction:IsAChildOf,reactome:Pathway966,
reactome:Pathway315,abstraction:IsAChildOf,reactome:Pathway313,
reactome:Pathway1515,abstraction:IsAChildOf,reactome:Pathway1489,
reactome:Pathway519,abstraction:IsAChildOf,reactome:Pathway518,
reactome:Pathway669,abstraction:IsAChildOf,reactome:Pathway665,
reactome:Pathway2327,abstraction:IsAChildOf,reactome:Pathway2316,
reactome:Pathway1684,abstraction:IsAChildOf,reactome:Pathway1318,
reactome:Pathway1800,abstraction:IsAChildOf,reactome:Pathway1799,
reactome:Pathway53,abstraction:IsAChildOf,reactome:Pathway51,
reactome:Pathway1696,abstraction:IsAChildOf,reactome:Pathway1694,
reactome:Pathway1065,abstraction:IsAChildOf,reactome:Pathway1063,
reactome:Pathway1879,abstraction:IsAChildOf,reactome:Pathway1876,
reactome:Pathway1024,abstraction:IsAChildOf,reactome:Pathway1022,
reactome:Pathway2180,abstraction:IsAChildOf,reactome:Pathway2179,
reactome:Pathway1260,abstraction:IsAChildOf,reactome:Pathway1252,
reactome:Pathway1214,abstraction:IsAChildOf,reactome:Pathway1213,
reactome:Pathway428,abstraction:IsAChildOf,reactome:Pathway427,
reactome:Pathway2524,abstraction:IsAChildOf,reactome:Pathway2523,
reactome:Pathway863,abstraction:IsAChildOf,reactome:Pathway856,
reactome:Pathway2451,abstraction:IsAChildOf,reactome:Pathway2448,
reactome:Pathway2681,abstraction:IsAChildOf,reactome:Pathway2672,
reactome:Pathway2589,abstraction:IsAChildOf,reactome:Pathway2588,
reactome:Pathway171,abstraction:IsAChildOf,reactome:Pathway170,
reactome:Pathway291,abstraction:IsAChildOf,reactome:Pathway290,
reactome:Pathway1469,abstraction:IsAChildOf,reactome:Pathway1467,
reactome:Pathway1213,abstraction:IsAChildOf,reactome:Pathway1211,
reactome:Pathway1878,abstraction:IsAChildOf,reactome:Pathway1876,
reactome:Pathway651,abstraction:IsAChildOf,reactome:Pathway645,
reactome:Pathway1958,abstraction:IsAChildOf,reactome:Pathway1957,
reactome:Pathway2817,abstraction:IsAChildOf,reactome:Pathway2811,
reactome:Pathway2509,abstraction:IsAChildOf,reactome:Pathway2507,
reactome:Pathway974,abstraction:IsAChildOf,reactome:Pathway966,
reactome:Pathway1491,abstraction:IsAChildOf,reactome:Pathway1490,
reactome:Pathway2481,abstraction:IsAChildOf,reactome:Pathway2480,
reactome:Pathway179,abstraction:IsAChildOf,reactome:Pathway173,
reactome:Pathway1673,abstraction:IsAChildOf,reactome:Pathway1667,
reactome:Pathway482,abstraction:IsAChildOf,reactome:Pathway481,
reactome:Pathway924,abstraction:IsAChildOf,reactome:Pathway909,
reactome:Pathway2356,abstraction:IsAChildOf,reactome:Pathway2355,
reactome:Pathway4,abstraction:IsAChildOf,reactome:Pathway3,
reactome:Pathway2682,abstraction:IsAChildOf,reactome:Pathway2672,
reactome:Pathway2456,abstraction:IsAChildOf,reactome:Pathway2454,
reactome:Pathway1538,abstraction:IsAChildOf,reactome:Pathway1519,
reactome:Pathway959,abstraction:IsAChildOf,reactome:Pathway951,
reactome:Pathway242,abstraction:IsAChildOf,reactome:Pathway240,
reactome:Pathway2354,abstraction:IsAChildOf,reactome:Pathway2353,
reactome:Pathway1972,abstraction:IsAChildOf,reactome:Pathway1971,
reactome:Pathway2786,abstraction:IsAChildOf,reactome:Pathway2783,
reactome:Pathway1526,abstraction:IsAChildOf,reactome:Pathway1525,
reactome:Pathway1353,abstraction:IsAChildOf,reactome:Pathway1352,
reactome:Pathway1909,abstraction:IsAChildOf,reactome:Pathway1908,
reactome:Pathway2149,abstraction:IsAChildOf,reactome:Pathway2072,
reactome:Pathway1137,abstraction:IsAChildOf,reactome:Pathway1135,
reactome:Pathway2011,abstraction:IsAChildOf,reactome:Pathway2010,
reactome:Pathway1236,abstraction:IsAChildOf,reactome:Pathway533,
reactome:Pathway1783,abstraction:IsAChildOf,reactome:Pathway1782,
reactome:Pathway1911,abstraction:IsAChildOf,reactome:Pathway1893,
reactome:Pathway2001,abstraction:IsAChildOf,reactome:Pathway1997,
reactome:Pathway2370,abstraction:IsAChildOf,reactome:Pathway2369,
reactome:Pathway1037,abstraction:IsAChildOf,reactome:Pathway1036,
reactome:Pathway976,abstraction:IsAChildOf,reactome:Pathway966,
reactome:Pathway1286,abstraction:IsAChildOf,reactome:Pathway1285,
reactome:Pathway1789,abstraction:IsAChildOf,reactome:Pathway1784,
reactome:Pathway447,abstraction:IsAChildOf,reactome:Pathway446,
reactome:Pathway1066,abstraction:IsAChildOf,reactome:Pathway1063,
reactome:Pathway349,abstraction:IsAChildOf,reactome:Pathway340,
reactome:Pathway206,abstraction:IsAChildOf,reactome:Pathway195,
reactome:Pathway2514,abstraction:IsAChildOf,reactome:Pathway2513,
reactome:Pathway1679,abstraction:IsAChildOf,reactome:Pathway1667,
reactome:Pathway700,abstraction:IsAChildOf,reactome:Pathway695,
reactome:Pathway1738,abstraction:IsAChildOf,reactome:Pathway1733,
reactome:Pathway2686,abstraction:IsAChildOf,reactome:Pathway2685,
reactome:Pathway748,abstraction:IsAChildOf,reactome:Pathway747,
reactome:Pathway85,abstraction:IsAChildOf,reactome:Pathway31,
reactome:Pathway290,abstraction:IsAChildOf,reactome:Pathway289,
reactome:Pathway1465,abstraction:IsAChildOf,reactome:Pathway1464,
reactome:Pathway1512,abstraction:IsAChildOf,reactome:Pathway1490,
reactome:Pathway439,abstraction:IsAChildOf,reactome:Pathway435,
reactome:Pathway1505,abstraction:IsAChildOf,reactome:Pathway1490,
reactome:Pathway2542,abstraction:IsAChildOf,reactome:Pathway2540,
reactome:Pathway1849,abstraction:IsAChildOf,reactome:Pathway1848,
reactome:Pathway1649,abstraction:IsAChildOf,reactome:Pathway1645,
reactome:Pathway2468,abstraction:IsAChildOf,reactome:Pathway2467,
reactome:Pathway415,abstraction:IsAChildOf,reactome:Pathway289,
reactome:Pathway1413,abstraction:IsAChildOf,reactome:Pathway1412,
reactome:Pathway722,abstraction:IsAChildOf,reactome:Pathway721,
reactome:Pathway379,abstraction:IsAChildOf,reactome:Pathway373,
reactome:Pathway28,abstraction:IsAChildOf,reactome:Pathway2,
reactome:Pathway2750,abstraction:IsAChildOf,reactome:Pathway2749,
reactome:Pathway2643,abstraction:IsAChildOf,reactome:Pathway2639,
reactome:Pathway2470,abstraction:IsAChildOf,reactome:Pathway2466,
reactome:Pathway2101,abstraction:IsAChildOf,reactome:Pathway2092,
reactome:Pathway856,abstraction:IsAChildOf,reactome:Pathway855,
reactome:Pathway1657,abstraction:IsAChildOf,reactome:Pathway1645,
reactome:Pathway1865,abstraction:IsAChildOf,reactome:Pathway1859,
reactome:Pathway1152,abstraction:IsAChildOf,reactome:Pathway1150,
reactome:Pathway1754,abstraction:IsAChildOf,reactome:Pathway1751,
reactome:Pathway260,abstraction:IsAChildOf,reactome:Pathway256,
reactome:Pathway2102,abstraction:IsAChildOf,reactome:Pathway2092,
reactome:Pathway1718,abstraction:IsAChildOf,reactome:Pathway1717,
reactome:Pathway1764,abstraction:IsAChildOf,reactome:Pathway1756,
reactome:Pathway861,abstraction:IsAChildOf,reactome:Pathway856,
reactome:Pathway1993,abstraction:IsAChildOf,reactome:Pathway1992,
reactome:Pathway127,abstraction:IsAChildOf,reactome:Pathway126,
reactome:Pathway747,abstraction:IsAChildOf,reactome:Pathway742,
reactome:Pathway808,abstraction:IsAChildOf,reactome:Pathway784,
reactome:Pathway1487,abstraction:IsAChildOf,reactome:Pathway1482,
reactome:Pathway1956,abstraction:IsAChildOf,reactome:Pathway1942,
reactome:Pathway258,abstraction:IsAChildOf,reactome:Pathway256,
reactome:Pathway566,abstraction:IsAChildOf,reactome:Pathway565,
reactome:Pathway2055,abstraction:IsAChildOf,reactome:Pathway2022,
reactome:Pathway1057,abstraction:IsAChildOf,reactome:Pathway1056,
reactome:Pathway1344,abstraction:IsAChildOf,reactome:Pathway1342,
reactome:Pathway772,abstraction:IsAChildOf,reactome:Pathway768,
reactome:Pathway1083,abstraction:IsAChildOf,reactome:Pathway1082,
reactome:Pathway659,abstraction:IsAChildOf,reactome:Pathway534,
reactome:Pathway2376,abstraction:IsAChildOf,reactome:Pathway2375,
reactome:Pathway1305,abstraction:IsAChildOf,reactome:Pathway1304,
reactome:Pathway1776,abstraction:IsAChildOf,reactome:Pathway1803,
reactome:Pathway1688,abstraction:IsAChildOf,reactome:Pathway1685,
reactome:Pathway345,abstraction:IsAChildOf,reactome:Pathway342,
reactome:Pathway1527,abstraction:IsAChildOf,reactome:Pathway1526,
reactome:Pathway1510,abstraction:IsAChildOf,reactome:Pathway1508,
reactome:Pathway2704,abstraction:IsAChildOf,reactome:Pathway2703,
reactome:Pathway1575,abstraction:IsAChildOf,reactome:Pathway1572,
reactome:Pathway2625,abstraction:IsAChildOf,reactome:Pathway2623,
reactome:Pathway2476,abstraction:IsAChildOf,reactome:Pathway2475,
reactome:Pathway9,abstraction:IsAChildOf,reactome:Pathway8,
reactome:Pathway1334,abstraction:IsAChildOf,reactome:Pathway1333,
reactome:Pathway76,abstraction:IsAChildOf,reactome:Pathway74,
reactome:Pathway1861,abstraction:IsAChildOf,reactome:Pathway1860,
reactome:Pathway1810,abstraction:IsAChildOf,reactome:Pathway1809,
reactome:Pathway453,abstraction:IsAChildOf,reactome:Pathway445,
reactome:Pathway799,abstraction:IsAChildOf,reactome:Pathway784,
reactome:Pathway495,abstraction:IsAChildOf,reactome:Pathway1318,
reactome:Pathway2593,abstraction:IsAChildOf,reactome:Pathway2588,
reactome:Pathway734,abstraction:IsAChildOf,reactome:Pathway733,
reactome:Pathway2155,abstraction:IsAChildOf,reactome:Pathway2149,
reactome:Pathway2602,abstraction:IsAChildOf,reactome:Pathway2599,
reactome:Pathway1890,abstraction:IsAChildOf,reactome:Pathway1888,
reactome:Pathway26,abstraction:IsAChildOf,reactome:Pathway25,
reactome:Pathway983,abstraction:IsAChildOf,reactome:Pathway966,
reactome:Pathway369,abstraction:IsAChildOf,reactome:Pathway368,
reactome:Pathway406,abstraction:IsAChildOf,reactome:Pathway402,
reactome:Pathway227,abstraction:IsAChildOf,reactome:Pathway226,
reactome:Pathway317,abstraction:IsAChildOf,reactome:Pathway289,
reactome:Pathway687,abstraction:IsAChildOf,reactome:Pathway676,
reactome:Pathway1523,abstraction:IsAChildOf,reactome:Pathway1522,
reactome:Pathway372,abstraction:IsAChildOf,reactome:Pathway369,
reactome:Pathway253,abstraction:IsAChildOf,reactome:Pathway236,
reactome:Pathway116,abstraction:IsAChildOf,reactome:Pathway115,
reactome:Pathway1630,abstraction:IsAChildOf,reactome:Pathway1318,
reactome:Pathway1127,abstraction:IsAChildOf,reactome:Pathway1125,
reactome:Pathway2465,abstraction:IsAChildOf,reactome:Pathway2464,
reactome:Pathway1894,abstraction:IsAChildOf,reactome:Pathway1893,
reactome:Pathway1422,abstraction:IsAChildOf,reactome:Pathway1319,
reactome:Pathway2096,abstraction:IsAChildOf,reactome:Pathway2093,
reactome:Pathway1204,abstraction:IsAChildOf,reactome:Pathway1185,
reactome:Pathway1008,abstraction:IsAChildOf,reactome:Pathway994,
reactome:Pathway630,abstraction:IsAChildOf,reactome:Pathway629,
reactome:Pathway613,abstraction:IsAChildOf,reactome:Pathway611,
reactome:Pathway1570,abstraction:IsAChildOf,reactome:Pathway1569,
reactome:Pathway1776,abstraction:IsAChildOf,reactome:Pathway1896,
reactome:Pathway1546,abstraction:IsAChildOf,reactome:Pathway1542,
reactome:Pathway530,abstraction:IsAChildOf,reactome:Pathway529,
reactome:Pathway947,abstraction:IsAChildOf,reactome:Pathway942,
reactome:Pathway2493,abstraction:IsAChildOf,reactome:Pathway2491,
reactome:Pathway2632,abstraction:IsAChildOf,reactome:Pathway2630,
reactome:Pathway1986,abstraction:IsAChildOf,reactome:Pathway1985,
reactome:Pathway969,abstraction:IsAChildOf,reactome:Pathway966,
reactome:Pathway837,abstraction:IsAChildOf,reactome:Pathway784,
reactome:Pathway2047,abstraction:IsAChildOf,reactome:Pathway2046,
reactome:Pathway780,abstraction:IsAChildOf,reactome:Pathway768,
reactome:Pathway2668,abstraction:IsAChildOf,reactome:Pathway2667,
reactome:Pathway1730,abstraction:IsAChildOf,reactome:Pathway1728,
reactome:Pathway1733,abstraction:IsAChildOf,reactome:Pathway1727,
reactome:Pathway1177,abstraction:IsAChildOf,reactome:Pathway1172,
reactome:Pathway146,abstraction:IsAChildOf,reactome:Pathway145,
reactome:Pathway843,abstraction:IsAChildOf,reactome:Pathway784,
reactome:Pathway2405,abstraction:IsAChildOf,reactome:Pathway2396,
reactome:Pathway8,abstraction:IsAChildOf,reactome:Pathway7,
reactome:Pathway650,abstraction:IsAChildOf,reactome:Pathway645,
reactome:Pathway1888,abstraction:IsAChildOf,reactome:Pathway1882,
reactome:Pathway1873,abstraction:IsAChildOf,reactome:Pathway1769,
reactome:Pathway1827,abstraction:IsAChildOf,reactome:Pathway1825,
reactome:Pathway2408,abstraction:IsAChildOf,reactome:Pathway2374,
reactome:Pathway1551,abstraction:IsAChildOf,reactome:Pathway1548,
reactome:Pathway352,abstraction:IsAChildOf,reactome:Pathway340,
reactome:Pathway676,abstraction:IsAChildOf,reactome:Pathway670,
reactome:Pathway520,abstraction:IsAChildOf,reactome:Pathway518,
reactome:Pathway1119,abstraction:IsAChildOf,reactome:Pathway1117,
reactome:Pathway1170,abstraction:IsAChildOf,reactome:Pathway1169,
reactome:Pathway2266,abstraction:IsAChildOf,reactome:Pathway2264,
reactome:Pathway1031,abstraction:IsAChildOf,reactome:Pathway1021,
reactome:Pathway2207,abstraction:IsAChildOf,reactome:Pathway2195,
reactome:Pathway1048,abstraction:IsAChildOf,reactome:Pathway1036,
reactome:Pathway1589,abstraction:IsAChildOf,reactome:Pathway1318,
reactome:Pathway2588,abstraction:IsAChildOf,reactome:Pathway2536,
reactome:Pathway2792,abstraction:IsAChildOf,reactome:Pathway2791,
reactome:Pathway1354,abstraction:IsAChildOf,reactome:Pathway1352,
reactome:Pathway341,abstraction:IsAChildOf,reactome:Pathway340,
reactome:Pathway1966,abstraction:IsAChildOf,reactome:Pathway1964,
reactome:Pathway2776,abstraction:IsAChildOf,reactome:Pathway2772,
reactome:Pathway755,abstraction:IsAChildOf,reactome:Pathway735,
reactome:Pathway462,abstraction:IsAChildOf,reactome:Pathway460,
reactome:Pathway585,abstraction:IsAChildOf,reactome:Pathway584,
reactome:Pathway1610,abstraction:IsAChildOf,reactome:Pathway1602,
reactome:Pathway1096,abstraction:IsAChildOf,reactome:Pathway1095,
reactome:Pathway615,abstraction:IsAChildOf,reactome:Pathway614,
reactome:Pathway1380,abstraction:IsAChildOf,reactome:Pathway1377,
reactome:Pathway1001,abstraction:IsAChildOf,reactome:Pathway994,
reactome:Pathway2382,abstraction:IsAChildOf,reactome:Pathway2375,
reactome:Pathway1301,abstraction:IsAChildOf,reactome:Pathway1297,
reactome:Pathway143,abstraction:IsAChildOf,reactome:Pathway139,
reactome:Pathway2115,abstraction:IsAChildOf,reactome:Pathway2111,
reactome:Pathway2300,abstraction:IsAChildOf,reactome:Pathway2268,
reactome:Pathway923,abstraction:IsAChildOf,reactome:Pathway909,
reactome:Pathway821,abstraction:IsAChildOf,reactome:Pathway784,
reactome:Pathway2163,abstraction:IsAChildOf,reactome:Pathway2161,
reactome:Pathway1482,abstraction:IsAChildOf,reactome:Pathway1471,
reactome:Pathway1382,abstraction:IsAChildOf,reactome:Pathway1381,
reactome:Pathway1285,abstraction:IsAChildOf,reactome:Pathway1274,
reactome:Pathway456,abstraction:IsAChildOf,reactome:Pathway445,
reactome:Pathway485,abstraction:IsAChildOf,reactome:Pathway476,
reactome:Pathway1175,abstraction:IsAChildOf,reactome:Pathway1172,
reactome:Pathway1291,abstraction:IsAChildOf,reactome:Pathway1273,
reactome:Pathway2009,abstraction:IsAChildOf,reactome:Pathway1938,
reactome:Pathway1645,abstraction:IsAChildOf,reactome:Pathway1644,
reactome:Pathway1086,abstraction:IsAChildOf,reactome:Pathway1085,
reactome:Pathway2576,abstraction:IsAChildOf,reactome:Pathway2568,
reactome:Pathway1833,abstraction:IsAChildOf,reactome:Pathway1831,
reactome:Pathway1556,abstraction:IsAChildOf,reactome:Pathway1547,
reactome:Pathway1823,abstraction:IsAChildOf,reactome:Pathway1769,
reactome:Pathway783,abstraction:IsAChildOf,reactome:Pathway768,
reactome:Pathway1926,abstraction:IsAChildOf,reactome:Pathway1881,
reactome:Pathway886,abstraction:IsAChildOf,reactome:Pathway855,
reactome:Pathway2522,abstraction:IsAChildOf,reactome:Pathway2519,
reactome:Pathway2749,abstraction:IsAChildOf,reactome:Pathway2740,
reactome:Pathway1242,abstraction:IsAChildOf,reactome:Pathway1237,
reactome:Pathway373,abstraction:IsAChildOf,reactome:Pathway368,
reactome:Pathway2520,abstraction:IsAChildOf,reactome:Pathway2519,
reactome:Pathway2230,abstraction:IsAChildOf,reactome:Pathway2228,
reactome:Pathway1999,abstraction:IsAChildOf,reactome:Pathway1997,
reactome:Pathway490,abstraction:IsAChildOf,reactome:Pathway488,
reactome:Pathway312,abstraction:IsAChildOf,reactome:Pathway308,
reactome:Pathway322,abstraction:IsAChildOf,reactome:Pathway319,
reactome:Pathway1837,abstraction:IsAChildOf,reactome:Pathway1769,
reactome:Pathway925,abstraction:IsAChildOf,reactome:Pathway909,
reactome:Pathway1552,abstraction:IsAChildOf,reactome:Pathway1548,
reactome:Pathway907,abstraction:IsAChildOf,reactome:Pathway906,
reactome:Pathway930,abstraction:IsAChildOf,reactome:Pathway909,
reactome:Pathway1752,abstraction:IsAChildOf,reactome:Pathway1751,
reactome:Pathway565,abstraction:IsAChildOf,reactome:Pathway562,
reactome:Pathway284,abstraction:IsAChildOf,reactome:Pathway232,
reactome:Pathway686,abstraction:IsAChildOf,reactome:Pathway676,
reactome:Pathway1792,abstraction:IsAChildOf,reactome:Pathway1798,
reactome:Pathway557,abstraction:IsAChildOf,reactome:Pathway556,
reactome:Pathway2371,abstraction:IsAChildOf,reactome:Pathway2370,
reactome:Pathway1407,abstraction:IsAChildOf,reactome:Pathway1405,
reactome:Pathway694,abstraction:IsAChildOf,reactome:Pathway691,
reactome:Pathway167,abstraction:IsAChildOf,reactome:Pathway166,
reactome:Pathway234,abstraction:IsAChildOf,reactome:Pathway233,
reactome:Pathway2045,abstraction:IsAChildOf,reactome:Pathway2038,
reactome:Pathway2752,abstraction:IsAChildOf,reactome:Pathway2751,
reactome:Pathway20,abstraction:IsAChildOf,reactome:Pathway17,
reactome:Pathway1151,abstraction:IsAChildOf,reactome:Pathway1150,
reactome:Pathway228,abstraction:IsAChildOf,reactome:Pathway226,
reactome:Pathway274,abstraction:IsAChildOf,reactome:Pathway273,
reactome:Pathway1267,abstraction:IsAChildOf,reactome:Pathway1266,
reactome:Pathway1440,abstraction:IsAChildOf,reactome:Pathway1433,
reactome:Pathway326,abstraction:IsAChildOf,reactome:Pathway289,
reactome:Pathway1319,abstraction:IsAChildOf,reactome:Pathway1318,
reactome:Pathway2187,abstraction:IsAChildOf,reactome:Pathway2185,
reactome:Pathway1306,abstraction:IsAChildOf,reactome:Pathway1305,
reactome:Pathway2549,abstraction:IsAChildOf,reactome:Pathway2547,
reactome:Pathway2483,abstraction:IsAChildOf,reactome:Pathway2464,
reactome:Pathway634,abstraction:IsAChildOf,reactome:Pathway628,
reactome:Pathway1616,abstraction:IsAChildOf,reactome:Pathway1610,
reactome:Pathway5,abstraction:IsAChildOf,reactome:Pathway4,
reactome:Pathway2329,abstraction:IsAChildOf,reactome:Pathway2316,
reactome:Pathway1029,abstraction:IsAChildOf,reactome:Pathway1021,
reactome:Pathway1373,abstraction:IsAChildOf,reactome:Pathway1370,
reactome:Pathway162,abstraction:IsAChildOf,reactome:Pathway159,
reactome:Pathway1544,abstraction:IsAChildOf,reactome:Pathway1542,
reactome:Pathway450,abstraction:IsAChildOf,reactome:Pathway449,
reactome:Pathway1862,abstraction:IsAChildOf,reactome:Pathway1860,
reactome:Pathway1030,abstraction:IsAChildOf,reactome:Pathway1021,
reactome:Pathway841,abstraction:IsAChildOf,reactome:Pathway784,
reactome:Pathway1078,abstraction:IsAChildOf,reactome:Pathway1071,
reactome:Pathway243,abstraction:IsAChildOf,reactome:Pathway242,
reactome:Pathway1661,abstraction:IsAChildOf,reactome:Pathway1660,
reactome:Pathway1375,abstraction:IsAChildOf,reactome:Pathway1374,
reactome:Pathway2098,abstraction:IsAChildOf,reactome:Pathway2093,
reactome:Pathway902,abstraction:IsAChildOf,reactome:Pathway894,
reactome:Pathway1809,abstraction:IsAChildOf,reactome:Pathway1770,
reactome:Pathway999,abstraction:IsAChildOf,reactome:Pathway994,
reactome:Pathway647,abstraction:IsAChildOf,reactome:Pathway645,
reactome:Pathway2715,abstraction:IsAChildOf,reactome:Pathway2714,
reactome:Pathway2351,abstraction:IsAChildOf,reactome:Pathway2021,
reactome:Pathway338,abstraction:IsAChildOf,reactome:Pathway336,
reactome:Pathway2488,abstraction:IsAChildOf,reactome:Pathway2485,
reactome:Pathway512,abstraction:IsAChildOf,reactome:Pathway509,
reactome:Pathway1978,abstraction:IsAChildOf,reactome:Pathway1975,
reactome:Pathway660,abstraction:IsAChildOf,reactome:Pathway659,
reactome:Pathway1208,abstraction:IsAChildOf,reactome:Pathway1204,
reactome:Pathway2733,abstraction:IsAChildOf,reactome:Pathway2723,
reactome:Pathway2225,abstraction:IsAChildOf,reactome:Pathway2222,
reactome:Pathway1631,abstraction:IsAChildOf,reactome:Pathway1630,
reactome:Pathway1870,abstraction:IsAChildOf,reactome:Pathway1866,
reactome:Pathway1784,abstraction:IsAChildOf,reactome:Pathway1770,
reactome:Pathway2773,abstraction:IsAChildOf,reactome:Pathway2772,
reactome:Pathway1867,abstraction:IsAChildOf,reactome:Pathway1866,
reactome:Pathway830,abstraction:IsAChildOf,reactome:Pathway784,
reactome:Pathway217,abstraction:IsAChildOf,reactome:Pathway216,
reactome:Pathway2627,abstraction:IsAChildOf,reactome:Pathway2535,
reactome:Pathway875,abstraction:IsAChildOf,reactome:Pathway873,
reactome:Pathway1803,abstraction:IsAChildOf,reactome:Pathway1802,
reactome:Pathway1097,abstraction:IsAChildOf,reactome:Pathway1096,
reactome:Pathway505,abstraction:IsAChildOf,reactome:Pathway504,
reactome:Pathway2604,abstraction:IsAChildOf,reactome:Pathway2599,
reactome:Pathway98,abstraction:IsAChildOf,reactome:Pathway97,
reactome:Pathway1162,abstraction:IsAChildOf,reactome:Pathway1160,
reactome:Pathway662,abstraction:IsAChildOf,reactome:Pathway659,
reactome:Pathway972,abstraction:IsAChildOf,reactome:Pathway966,
reactome:Pathway1914,abstraction:IsAChildOf,reactome:Pathway1893,
reactome:Pathway846,abstraction:IsAChildOf,reactome:Pathway784,
reactome:Pathway2268,abstraction:IsAChildOf,reactome:Pathway2021,
reactome:Pathway962,abstraction:IsAChildOf,reactome:Pathway951,
reactome:Pathway2449,abstraction:IsAChildOf,reactome:Pathway2448,
reactome:Pathway1326,abstraction:IsAChildOf,reactome:Pathway1319,
reactome:Pathway598,abstraction:IsAChildOf,reactome:Pathway592,
reactome:Pathway1678,abstraction:IsAChildOf,reactome:Pathway1667,
reactome:Pathway1871,abstraction:IsAChildOf,reactome:Pathway1866,
reactome:Pathway2387,abstraction:IsAChildOf,reactome:Pathway2382,
reactome:Pathway929,abstraction:IsAChildOf,reactome:Pathway909,
reactome:Pathway1085,abstraction:IsAChildOf,reactome:Pathway1084,
reactome:Pathway1271,abstraction:IsAChildOf,reactome:Pathway1263,
reactome:Pathway2293,abstraction:IsAChildOf,reactome:Pathway2289,
reactome:Pathway2501,abstraction:IsAChildOf,reactome:Pathway2497,
reactome:Pathway1776,abstraction:IsAChildOf,reactome:Pathway1801,
reactome:Pathway2374,abstraction:IsAChildOf,reactome:Pathway2353,
reactome:Pathway2694,abstraction:IsAChildOf,reactome:Pathway2693,
reactome:Pathway1184,abstraction:IsAChildOf,reactome:Pathway1179,
reactome:Pathway1005,abstraction:IsAChildOf,reactome:Pathway994,
reactome:Pathway1819,abstraction:IsAChildOf,reactome:Pathway1814,
reactome:Pathway1921,abstraction:IsAChildOf,reactome:Pathway1916,
reactome:Pathway328,abstraction:IsAChildOf,reactome:Pathway327,
reactome:Pathway123,abstraction:IsAChildOf,reactome:Pathway122,
reactome:Pathway38,abstraction:IsAChildOf,reactome:Pathway33,
reactome:Pathway2336,abstraction:IsAChildOf,reactome:Pathway2335,
reactome:Pathway966,abstraction:IsAChildOf,reactome:Pathway950,
reactome:Pathway383,abstraction:IsAChildOf,reactome:Pathway373,
reactome:Pathway504,abstraction:IsAChildOf,reactome:Pathway476,
reactome:Pathway166,abstraction:IsAChildOf,reactome:Pathway92,
reactome:Pathway1476,abstraction:IsAChildOf,reactome:Pathway1472,
reactome:Pathway2629,abstraction:IsAChildOf,reactome:Pathway2628,
reactome:Pathway1721,abstraction:IsAChildOf,reactome:Pathway1318,
reactome:Pathway1959,abstraction:IsAChildOf,reactome:Pathway1957,
reactome:Pathway2562,abstraction:IsAChildOf,reactome:Pathway2561,
reactome:Pathway1261,abstraction:IsAChildOf,reactome:Pathway1252,
reactome:Pathway883,abstraction:IsAChildOf,reactome:Pathway855,
reactome:Pathway2391,abstraction:IsAChildOf,reactome:Pathway2390,
reactome:Pathway1640,abstraction:IsAChildOf,reactome:Pathway1636,
reactome:Pathway442,abstraction:IsAChildOf,reactome:Pathway435,
reactome:Pathway1724,abstraction:IsAChildOf,reactome:Pathway1721,
reactome:Pathway2235,abstraction:IsAChildOf,reactome:Pathway2233,
reactome:Pathway1171,abstraction:IsAChildOf,reactome:Pathway1169,
reactome:Pathway215,abstraction:IsAChildOf,reactome:Pathway214,
reactome:Pathway1539,abstraction:IsAChildOf,reactome:Pathway1538,
reactome:Pathway2076,abstraction:IsAChildOf,reactome:Pathway2072,
reactome:Pathway688,abstraction:IsAChildOf,reactome:Pathway676,
reactome:Pathway1294,abstraction:IsAChildOf,reactome:Pathway1291,
reactome:Pathway736,abstraction:IsAChildOf,reactome:Pathway735,
reactome:Pathway176,abstraction:IsAChildOf,reactome:Pathway173,
reactome:Pathway41,abstraction:IsAChildOf,reactome:Pathway40,
reactome:Pathway1604,abstraction:IsAChildOf,reactome:Pathway1603,
reactome:Pathway2504,abstraction:IsAChildOf,reactome:Pathway2502,
reactome:Pathway2662,abstraction:IsAChildOf,reactome:Pathway2661,
reactome:Pathway1504,abstraction:IsAChildOf,reactome:Pathway1490,
reactome:Pathway2655,abstraction:IsAChildOf,reactome:Pathway2646,
reactome:Pathway834,abstraction:IsAChildOf,reactome:Pathway784,
reactome:Pathway1317,abstraction:IsAChildOf,reactome:Pathway1312,
reactome:Pathway1555,abstraction:IsAChildOf,reactome:Pathway1553,
reactome:Pathway152,abstraction:IsAChildOf,reactome:Pathway149,
reactome:Pathway2283,abstraction:IsAChildOf,reactome:Pathway2268,
reactome:Pathway1846,abstraction:IsAChildOf,reactome:Pathway1837,
reactome:Pathway2765,abstraction:IsAChildOf,reactome:Pathway2740,
reactome:Pathway2188,abstraction:IsAChildOf,reactome:Pathway2174,
reactome:Pathway467,abstraction:IsAChildOf,reactome:Pathway466,
reactome:Pathway1984,abstraction:IsAChildOf,reactome:Pathway1983,
reactome:Pathway814,abstraction:IsAChildOf,reactome:Pathway784,
reactome:Pathway446,abstraction:IsAChildOf,reactome:Pathway445,
reactome:Pathway2243,abstraction:IsAChildOf,reactome:Pathway2240,
reactome:Pathway509,abstraction:IsAChildOf,reactome:Pathway476,
reactome:Pathway899,abstraction:IsAChildOf,reactome:Pathway894,
reactome:Pathway1410,abstraction:IsAChildOf,reactome:Pathway1405,
reactome:Pathway2347,abstraction:IsAChildOf,reactome:Pathway2315,
reactome:Pathway1548,abstraction:IsAChildOf,reactome:Pathway1547,
reactome:Pathway2428,abstraction:IsAChildOf,reactome:Pathway2426,
reactome:Pathway853,abstraction:IsAChildOf,reactome:Pathway784,
reactome:Pathway245,abstraction:IsAChildOf,reactome:Pathway236,
reactome:Pathway1968,abstraction:IsAChildOf,reactome:Pathway1967,
reactome:Pathway1681,abstraction:IsAChildOf,reactome:Pathway1643,
reactome:Pathway311,abstraction:IsAChildOf,reactome:Pathway308,
reactome:Pathway1221,abstraction:IsAChildOf,reactome:Pathway1034,
reactome:Pathway1628,abstraction:IsAChildOf,reactome:Pathway1626,
reactome:Pathway1758,abstraction:IsAChildOf,reactome:Pathway1756,
reactome:Pathway1193,abstraction:IsAChildOf,reactome:Pathway1191,
reactome:Pathway1855,abstraction:IsAChildOf,reactome:Pathway1854,
reactome:Pathway1209,abstraction:IsAChildOf,reactome:Pathway1204,
reactome:Pathway2702,abstraction:IsAChildOf,reactome:Pathway2665,
reactome:Pathway1619,abstraction:IsAChildOf,reactome:Pathway1618,
reactome:Pathway1197,abstraction:IsAChildOf,reactome:Pathway1195,
reactome:Pathway1188,abstraction:IsAChildOf,reactome:Pathway1186,
reactome:Pathway2756,abstraction:IsAChildOf,reactome:Pathway2740,
reactome:Pathway877,abstraction:IsAChildOf,reactome:Pathway873,
reactome:Pathway1710,abstraction:IsAChildOf,reactome:Pathway1708,
reactome:Pathway1424,abstraction:IsAChildOf,reactome:Pathway1319,
reactome:Pathway753,abstraction:IsAChildOf,reactome:Pathway751,
reactome:Pathway1241,abstraction:IsAChildOf,reactome:Pathway1237,
reactome:Pathway2448,abstraction:IsAChildOf,reactome:Pathway2353,
reactome:Pathway2244,abstraction:IsAChildOf,reactome:Pathway2240,
reactome:Pathway432,abstraction:IsAChildOf,reactome:Pathway431,
reactome:Pathway640,abstraction:IsAChildOf,reactome:Pathway628,
reactome:Pathway815,abstraction:IsAChildOf,reactome:Pathway784,
reactome:Pathway1012,abstraction:IsAChildOf,reactome:Pathway1011,
reactome:Pathway2441,abstraction:IsAChildOf,reactome:Pathway2440,
reactome:Pathway655,abstraction:IsAChildOf,reactome:Pathway651,
reactome:Pathway153,abstraction:IsAChildOf,reactome:Pathway152,
reactome:Pathway1590,abstraction:IsAChildOf,reactome:Pathway1318,
reactome:Pathway1254,abstraction:IsAChildOf,reactome:Pathway1252,
reactome:Pathway2314,abstraction:IsAChildOf,reactome:Pathway2312,
reactome:Pathway1863,abstraction:IsAChildOf,reactome:Pathway1860,
reactome:Pathway590,abstraction:IsAChildOf,reactome:Pathway581,
reactome:Pathway2642,abstraction:IsAChildOf,reactome:Pathway2639,
reactome:Pathway679,abstraction:IsAChildOf,reactome:Pathway676,
reactome:Pathway1293,abstraction:IsAChildOf,reactome:Pathway1291,
reactome:Pathway1050,abstraction:IsAChildOf,reactome:Pathway1049,
reactome:Pathway335,abstraction:IsAChildOf,reactome:Pathway327,
reactome:Pathway368,abstraction:IsAChildOf,reactome:Pathway326,
reactome:Pathway2740,abstraction:IsAChildOf,reactome:Pathway2739,
reactome:Pathway2793,abstraction:IsAChildOf,reactome:Pathway2713,
reactome:Pathway391,abstraction:IsAChildOf,reactome:Pathway386,
reactome:Pathway2616,abstraction:IsAChildOf,reactome:Pathway2612,
reactome:Pathway323,abstraction:IsAChildOf,reactome:Pathway318,
reactome:Pathway382,abstraction:IsAChildOf,reactome:Pathway373,
reactome:Pathway2419,abstraction:IsAChildOf,reactome:Pathway2417,
reactome:Pathway2294,abstraction:IsAChildOf,reactome:Pathway2289,
reactome:Pathway2466,abstraction:IsAChildOf,reactome:Pathway2465,
reactome:Pathway488,abstraction:IsAChildOf,reactome:Pathway486,
reactome:Pathway364,abstraction:IsAChildOf,reactome:Pathway363,
reactome:Pathway1320,abstraction:IsAChildOf,reactome:Pathway1319,
reactome:Pathway1664,abstraction:IsAChildOf,reactome:Pathway1645,
reactome:Pathway2790,abstraction:IsAChildOf,reactome:Pathway2787,
reactome:Pathway2506,abstraction:IsAChildOf,reactome:Pathway2505,
reactome:Pathway796,abstraction:IsAChildOf,reactome:Pathway784,
reactome:Pathway769,abstraction:IsAChildOf,reactome:Pathway768,
reactome:Pathway2599,abstraction:IsAChildOf,reactome:Pathway2536,
reactome:Pathway784,abstraction:IsAChildOf,reactome:Pathway767,
reactome:Pathway50,abstraction:IsAChildOf,reactome:Pathway49,
reactome:Pathway1095,abstraction:IsAChildOf,reactome:Pathway1084,
reactome:Pathway2761,abstraction:IsAChildOf,reactome:Pathway2756,
reactome:Pathway2292,abstraction:IsAChildOf,reactome:Pathway2289,
reactome:Pathway2296,abstraction:IsAChildOf,reactome:Pathway2268,
reactome:Pathway1290,abstraction:IsAChildOf,reactome:Pathway1274,
reactome:Pathway408,abstraction:IsAChildOf,reactome:Pathway406,
reactome:Pathway1042,abstraction:IsAChildOf,reactome:Pathway1037,
reactome:Pathway75,abstraction:IsAChildOf,reactome:Pathway74,
reactome:Pathway1996,abstraction:IsAChildOf,reactome:Pathway1993,
reactome:Pathway2685,abstraction:IsAChildOf,reactome:Pathway2683,
reactome:Pathway2511,abstraction:IsAChildOf,reactome:Pathway2501,
reactome:Pathway193,abstraction:IsAChildOf,reactome:Pathway186,
reactome:Pathway2259,abstraction:IsAChildOf,reactome:Pathway2246,
reactome:Pathway971,abstraction:IsAChildOf,reactome:Pathway966,
reactome:Pathway1653,abstraction:IsAChildOf,reactome:Pathway1645,
reactome:Pathway1977,abstraction:IsAChildOf,reactome:Pathway1975,
reactome:Pathway425,abstraction:IsAChildOf,reactome:Pathway424,
reactome:Pathway474,abstraction:IsAChildOf,reactome:Pathway465,
reactome:Pathway128,abstraction:IsAChildOf,reactome:Pathway126,
reactome:Pathway1974,abstraction:IsAChildOf,reactome:Pathway1971,
reactome:Pathway2026,abstraction:IsAChildOf,reactome:Pathway2022,
reactome:Pathway2284,abstraction:IsAChildOf,reactome:Pathway2268,
reactome:Pathway593,abstraction:IsAChildOf,reactome:Pathway592,
reactome:Pathway241,abstraction:IsAChildOf,reactome:Pathway240,
reactome:Pathway2679,abstraction:IsAChildOf,reactome:Pathway2674,
reactome:Pathway2213,abstraction:IsAChildOf,reactome:Pathway2210,
reactome:Pathway1313,abstraction:IsAChildOf,reactome:Pathway1312,
reactome:Pathway608,abstraction:IsAChildOf,reactome:Pathway604,
reactome:Pathway1449,abstraction:IsAChildOf,reactome:Pathway1319,
reactome:Pathway2220,abstraction:IsAChildOf,reactome:Pathway2219,
reactome:Pathway2622,abstraction:IsAChildOf,reactome:Pathway2535,
reactome:Pathway1043,abstraction:IsAChildOf,reactome:Pathway1037,
reactome:Pathway2720,abstraction:IsAChildOf,reactome:Pathway2713,
reactome:Pathway741,abstraction:IsAChildOf,reactome:Pathway736,
reactome:Pathway2204,abstraction:IsAChildOf,reactome:Pathway2203,
reactome:Pathway2232,abstraction:IsAChildOf,reactome:Pathway2021,
reactome:Pathway1931,abstraction:IsAChildOf,reactome:Pathway1881,
reactome:Pathway1392,abstraction:IsAChildOf,reactome:Pathway1782,
reactome:Pathway2703,abstraction:IsAChildOf,reactome:Pathway2702,
reactome:Pathway979,abstraction:IsAChildOf,reactome:Pathway966,
reactome:Pathway2383,abstraction:IsAChildOf,reactome:Pathway2382,
reactome:Pathway438,abstraction:IsAChildOf,reactome:Pathway435,
reactome:Pathway1414,abstraction:IsAChildOf,reactome:Pathway1412,
reactome:Pathway2552,abstraction:IsAChildOf,reactome:Pathway2540,
reactome:Pathway1346,abstraction:IsAChildOf,reactome:Pathway1345,
reactome:Pathway1015,abstraction:IsAChildOf,reactome:Pathway1014,
reactome:Pathway2212,abstraction:IsAChildOf,reactome:Pathway2210,
reactome:Pathway149,abstraction:IsAChildOf,reactome:Pathway92,
reactome:Pathway1157,abstraction:IsAChildOf,reactome:Pathway1153,
reactome:Pathway2167,abstraction:IsAChildOf,reactome:Pathway2149,
reactome:Pathway1617,abstraction:IsAChildOf,reactome:Pathway1318,
reactome:Pathway278,abstraction:IsAChildOf,reactome:Pathway273,
reactome:Pathway1296,abstraction:IsAChildOf,reactome:Pathway1291,
reactome:Pathway296,abstraction:IsAChildOf,reactome:Pathway295,
reactome:Pathway1662,abstraction:IsAChildOf,reactome:Pathway1660,
reactome:Pathway1937,abstraction:IsAChildOf,reactome:Pathway1881,
reactome:Pathway1675,abstraction:IsAChildOf,reactome:Pathway1667,
reactome:Pathway1669,abstraction:IsAChildOf,reactome:Pathway1667,
reactome:Pathway1485,abstraction:IsAChildOf,reactome:Pathway1482,
reactome:Pathway702,abstraction:IsAChildOf,reactome:Pathway695,
reactome:Pathway132,abstraction:IsAChildOf,reactome:Pathway131,
reactome:Pathway1044,abstraction:IsAChildOf,reactome:Pathway1037,
reactome:Pathway1773,abstraction:IsAChildOf,reactome:Pathway1790,
reactome:Pathway2737,abstraction:IsAChildOf,reactome:Pathway2713,
reactome:Pathway1692,abstraction:IsAChildOf,reactome:Pathway1685,
reactome:Pathway1705,abstraction:IsAChildOf,reactome:Pathway1698,
reactome:Pathway626,abstraction:IsAChildOf,reactome:Pathway625,
reactome:Pathway2559,abstraction:IsAChildOf,reactome:Pathway2552,
reactome:Pathway1136,abstraction:IsAChildOf,reactome:Pathway1135,
reactome:Pathway2677,abstraction:IsAChildOf,reactome:Pathway2674,
reactome:Pathway526,abstraction:IsAChildOf,reactome:Pathway525,
reactome:Pathway1441,abstraction:IsAChildOf,reactome:Pathway1433,
reactome:Pathway2732,abstraction:IsAChildOf,reactome:Pathway2723,
reactome:Pathway1392,abstraction:IsAChildOf,reactome:Pathway1389,
reactome:Pathway2043,abstraction:IsAChildOf,reactome:Pathway2042,
reactome:Pathway1632,abstraction:IsAChildOf,reactome:Pathway1631,
reactome:Pathway1429,abstraction:IsAChildOf,reactome:Pathway1427,
reactome:Pathway117,abstraction:IsAChildOf,reactome:Pathway116,
reactome:Pathway2228,abstraction:IsAChildOf,reactome:Pathway2214,
reactome:Pathway112,abstraction:IsAChildOf,reactome:Pathway111,
reactome:Pathway859,abstraction:IsAChildOf,reactome:Pathway856,
reactome:Pathway2413,abstraction:IsAChildOf,reactome:Pathway2409,
reactome:Pathway1635,abstraction:IsAChildOf,reactome:Pathway1634,
reactome:Pathway1349,abstraction:IsAChildOf,reactome:Pathway1345,
reactome:Pathway895,abstraction:IsAChildOf,reactome:Pathway894,
reactome:Pathway1190,abstraction:IsAChildOf,reactome:Pathway1188,
reactome:Pathway833,abstraction:IsAChildOf,reactome:Pathway784,
reactome:Pathway500,abstraction:IsAChildOf,reactome:Pathway499,
reactome:Pathway1694,abstraction:IsAChildOf,reactome:Pathway1318,
reactome:Pathway713,abstraction:IsAChildOf,reactome:Pathway712,
reactome:Pathway499,abstraction:IsAChildOf,reactome:Pathway1538,
reactome:Pathway1638,abstraction:IsAChildOf,reactome:Pathway1636,
reactome:Pathway2206,abstraction:IsAChildOf,reactome:Pathway2195,
reactome:Pathway1964,abstraction:IsAChildOf,reactome:Pathway1942,
reactome:Pathway2028,abstraction:IsAChildOf,reactome:Pathway2026,
reactome:Pathway2812,abstraction:IsAChildOf,reactome:Pathway2811,
reactome:Pathway1123,abstraction:IsAChildOf,reactome:Pathway1116,
reactome:Pathway2417,abstraction:IsAChildOf,reactome:Pathway2408,
reactome:Pathway2110,abstraction:IsAChildOf,reactome:Pathway2072,
reactome:Pathway1567,abstraction:IsAChildOf,reactome:Pathway1318,
reactome:Pathway1690,abstraction:IsAChildOf,reactome:Pathway1685,
reactome:Pathway1257,abstraction:IsAChildOf,reactome:Pathway1252,
reactome:Pathway2796,abstraction:IsAChildOf,reactome:Pathway2713,
reactome:Pathway1886,abstraction:IsAChildOf,reactome:Pathway1885,
reactome:Pathway1854,abstraction:IsAChildOf,reactome:Pathway1769,
reactome:Pathway540,abstraction:IsAChildOf,reactome:Pathway535,
reactome:Pathway652,abstraction:IsAChildOf,reactome:Pathway651,
reactome:Pathway1237,abstraction:IsAChildOf,reactome:Pathway1236,
reactome:Pathway1583,abstraction:IsAChildOf,reactome:Pathway1567,
reactome:Pathway1180,abstraction:IsAChildOf,reactome:Pathway1179,
reactome:Pathway187,abstraction:IsAChildOf,reactome:Pathway186,
reactome:Pathway807,abstraction:IsAChildOf,reactome:Pathway951,
reactome:Pathway1467,abstraction:IsAChildOf,reactome:Pathway1319,
reactome:Pathway2795,abstraction:IsAChildOf,reactome:Pathway2794,
reactome:Pathway2492,abstraction:IsAChildOf,reactome:Pathway2491,
reactome:Pathway2367,abstraction:IsAChildOf,reactome:Pathway2364,
reactome:Pathway2052,abstraction:IsAChildOf,reactome:Pathway2049,
reactome:Pathway367,abstraction:IsAChildOf,reactome:Pathway363,
reactome:Pathway2340,abstraction:IsAChildOf,reactome:Pathway2334,
reactome:Pathway1185,abstraction:IsAChildOf,reactome:Pathway1163,
reactome:Pathway1114,abstraction:IsAChildOf,reactome:Pathway1111,
reactome:Pathway1191,abstraction:IsAChildOf,reactome:Pathway1186,
reactome:Pathway762,abstraction:IsAChildOf,reactome:Pathway759,
reactome:Pathway394,abstraction:IsAChildOf,reactome:Pathway392,
reactome:Pathway2727,abstraction:IsAChildOf,reactome:Pathway2723,
reactome:Pathway12,abstraction:IsAChildOf,reactome:Pathway8,
reactome:Pathway1075,abstraction:IsAChildOf,reactome:Pathway1071,
reactome:Pathway2081,abstraction:IsAChildOf,reactome:Pathway2079,
reactome:Pathway2615,abstraction:IsAChildOf,reactome:Pathway2613,
reactome:Pathway2554,abstraction:IsAChildOf,reactome:Pathway2553,
reactome:Pathway832,abstraction:IsAChildOf,reactome:Pathway784,
reactome:Pathway1497,abstraction:IsAChildOf,reactome:Pathway1491,
reactome:Pathway1101,abstraction:IsAChildOf,reactome:Pathway1100,
reactome:Pathway1874,abstraction:IsAChildOf,reactome:Pathway1873,
reactome:Pathway1169,abstraction:IsAChildOf,reactome:Pathway1164,
reactome:Pathway499,abstraction:IsAChildOf,reactome:Pathway486,
reactome:Pathway2224,abstraction:IsAChildOf,reactome:Pathway2222,
reactome:Pathway1219,abstraction:IsAChildOf,reactome:Pathway1211,
reactome:Pathway1891,abstraction:IsAChildOf,reactome:Pathway1888,
reactome:Pathway1253,abstraction:IsAChildOf,reactome:Pathway1252,
reactome:Pathway191,abstraction:IsAChildOf,reactome:Pathway188,
reactome:Pathway2006,abstraction:IsAChildOf,reactome:Pathway2002,
reactome:Pathway15,abstraction:IsAChildOf,reactome:Pathway14,
reactome:Pathway2754,abstraction:IsAChildOf,reactome:Pathway2751,
reactome:Pathway2577,abstraction:IsAChildOf,reactome:Pathway2568,
reactome:Pathway1330,abstraction:IsAChildOf,reactome:Pathway1328,
reactome:Pathway1908,abstraction:IsAChildOf,reactome:Pathway1893,
reactome:Pathway881,abstraction:IsAChildOf,reactome:Pathway873,
reactome:Pathway292,abstraction:IsAChildOf,reactome:Pathway291,
reactome:Pathway1927,abstraction:IsAChildOf,reactome:Pathway1881,
reactome:Pathway157,abstraction:IsAChildOf,reactome:Pathway152,
reactome:Pathway1217,abstraction:IsAChildOf,reactome:Pathway1213,
reactome:Pathway249,abstraction:IsAChildOf,reactome:Pathway248,
reactome:Pathway2475,abstraction:IsAChildOf,reactome:Pathway2465,
reactome:Pathway2719,abstraction:IsAChildOf,reactome:Pathway2714,
reactome:Pathway437,abstraction:IsAChildOf,reactome:Pathway435,
reactome:Pathway1955,abstraction:IsAChildOf,reactome:Pathway1954,
reactome:Pathway2594,abstraction:IsAChildOf,reactome:Pathway2588,
reactome:Pathway1672,abstraction:IsAChildOf,reactome:Pathway1667,
reactome:Pathway1090,abstraction:IsAChildOf,reactome:Pathway1088,
reactome:Pathway334,abstraction:IsAChildOf,reactome:Pathway327,
reactome:Pathway1337,abstraction:IsAChildOf,reactome:Pathway1333,
reactome:Pathway595,abstraction:IsAChildOf,reactome:Pathway592,
reactome:Pathway1797,abstraction:IsAChildOf,reactome:Pathway1798,
reactome:Pathway596,abstraction:IsAChildOf,reactome:Pathway595,
reactome:Pathway182,abstraction:IsAChildOf,reactome:Pathway181,
reactome:Pathway2820,abstraction:IsAChildOf,reactome:Pathway2713,
reactome:Pathway2801,abstraction:IsAChildOf,reactome:Pathway2800,
reactome:Pathway1093,abstraction:IsAChildOf,reactome:Pathway1091,
reactome:Pathway1146,abstraction:IsAChildOf,reactome:Pathway1145,
reactome:Pathway1206,abstraction:IsAChildOf,reactome:Pathway1204,
reactome:Pathway1164,abstraction:IsAChildOf,reactome:Pathway1163,
reactome:Pathway2362,abstraction:IsAChildOf,reactome:Pathway2355,
reactome:Pathway1201,abstraction:IsAChildOf,reactome:Pathway1194,
reactome:Pathway1062,abstraction:IsAChildOf,reactome:Pathway1054,
reactome:Pathway2701,abstraction:IsAChildOf,reactome:Pathway2699,
reactome:Pathway10,abstraction:IsAChildOf,reactome:Pathway9,
reactome:Pathway1035,abstraction:IsAChildOf,reactome:Pathway1034,
reactome:Pathway797,abstraction:IsAChildOf,reactome:Pathway784,
reactome:Pathway2638,abstraction:IsAChildOf,reactome:Pathway2636,
reactome:Pathway1559,abstraction:IsAChildOf,reactome:Pathway1547,
reactome:Pathway2378,abstraction:IsAChildOf,reactome:Pathway2376,
reactome:Pathway461,abstraction:IsAChildOf,reactome:Pathway460,
reactome:Pathway2614,abstraction:IsAChildOf,reactome:Pathway2613,
reactome:Pathway768,abstraction:IsAChildOf,reactome:Pathway767,
reactome:Pathway818,abstraction:IsAChildOf,reactome:Pathway784,
reactome:Pathway1703,abstraction:IsAChildOf,reactome:Pathway1700,
reactome:Pathway938,abstraction:IsAChildOf,reactome:Pathway909,
reactome:Pathway2324,abstraction:IsAChildOf,reactome:Pathway2317,
reactome:Pathway1262,abstraction:IsAChildOf,reactome:Pathway1251,
reactome:Pathway1308,abstraction:IsAChildOf,reactome:Pathway1305,
reactome:Pathway1020,abstraction:IsAChildOf,reactome:Pathway1019,
reactome:Pathway2404,abstraction:IsAChildOf,reactome:Pathway2396,
reactome:Pathway1016,abstraction:IsAChildOf,reactome:Pathway1014,
reactome:Pathway998,abstraction:IsAChildOf,reactome:Pathway994,
reactome:Pathway1869,abstraction:IsAChildOf,reactome:Pathway1867,
reactome:Pathway1795,abstraction:IsAChildOf,reactome:Pathway1793,
reactome:Pathway2437,abstraction:IsAChildOf,reactome:Pathway2433,
reactome:Pathway1216,abstraction:IsAChildOf,reactome:Pathway1213,
reactome:Pathway148,abstraction:IsAChildOf,reactome:Pathway146,
reactome:Pathway1007,abstraction:IsAChildOf,reactome:Pathway994,
reactome:Pathway147,abstraction:IsAChildOf,reactome:Pathway1525,
reactome:Pathway588,abstraction:IsAChildOf,reactome:Pathway581,
reactome:Pathway200,abstraction:IsAChildOf,reactome:Pathway195,
reactome:Pathway2217,abstraction:IsAChildOf,reactome:Pathway2215,
reactome:Pathway749,abstraction:IsAChildOf,reactome:Pathway747,
reactome:Pathway451,abstraction:IsAChildOf,reactome:Pathway449,
reactome:Pathway633,abstraction:IsAChildOf,reactome:Pathway629,
reactome:Pathway1709,abstraction:IsAChildOf,reactome:Pathway1708,
reactome:Pathway371,abstraction:IsAChildOf,reactome:Pathway369,
reactome:Pathway2414,abstraction:IsAChildOf,reactome:Pathway2413,
reactome:Pathway1655,abstraction:IsAChildOf,reactome:Pathway1645,
reactome:Pathway1845,abstraction:IsAChildOf,reactome:Pathway1837,
reactome:Pathway1331,abstraction:IsAChildOf,reactome:Pathway1328,
reactome:Pathway2113,abstraction:IsAChildOf,reactome:Pathway2111,
reactome:Pathway765,abstraction:IsAChildOf,reactome:Pathway764,
reactome:Pathway492,abstraction:IsAChildOf,reactome:Pathway486,
reactome:Pathway1893,abstraction:IsAChildOf,reactome:Pathway1881,
reactome:Pathway1587,abstraction:IsAChildOf,reactome:Pathway1584,
reactome:Pathway477,abstraction:IsAChildOf,reactome:Pathway476,
reactome:Pathway1463,abstraction:IsAChildOf,reactome:Pathway1453,
reactome:Pathway1053,abstraction:IsAChildOf,reactome:Pathway1052,
reactome:Pathway2200,abstraction:IsAChildOf,reactome:Pathway2199,
reactome:Pathway2191,abstraction:IsAChildOf,reactome:Pathway2190,
reactome:Pathway1460,abstraction:IsAChildOf,reactome:Pathway1458,
reactome:Pathway893,abstraction:IsAChildOf,reactome:Pathway854,
reactome:Pathway1107,abstraction:IsAChildOf,reactome:Pathway1096,
reactome:Pathway2579,abstraction:IsAChildOf,reactome:Pathway2568,
reactome:Pathway644,abstraction:IsAChildOf,reactome:Pathway642,
reactome:Pathway1792,abstraction:IsAChildOf,reactome:Pathway1791,
reactome:Pathway1801,abstraction:IsAChildOf,reactome:Pathway1810,
reactome:Pathway619,abstraction:IsAChildOf,reactome:Pathway604,
reactome:Pathway426,abstraction:IsAChildOf,reactome:Pathway424,
reactome:Pathway913,abstraction:IsAChildOf,reactome:Pathway909,
reactome:Pathway2077,abstraction:IsAChildOf,reactome:Pathway2076,
reactome:Pathway554,abstraction:IsAChildOf,reactome:Pathway550,
reactome:Pathway1760,abstraction:IsAChildOf,reactome:Pathway1759,
reactome:Pathway1529,abstraction:IsAChildOf,reactome:Pathway1642,
reactome:Pathway2289,abstraction:IsAChildOf,reactome:Pathway2268,
reactome:Pathway180,abstraction:IsAChildOf,reactome:Pathway173,
reactome:Pathway473,abstraction:IsAChildOf,reactome:Pathway467,
reactome:Pathway2422,abstraction:IsAChildOf,reactome:Pathway2408,
reactome:Pathway196,abstraction:IsAChildOf,reactome:Pathway352,
reactome:Pathway1970,abstraction:IsAChildOf,reactome:Pathway1942,
reactome:Pathway2757,abstraction:IsAChildOf,reactome:Pathway2756,
reactome:Pathway1325,abstraction:IsAChildOf,reactome:Pathway1320,
reactome:Pathway1717,abstraction:IsAChildOf,reactome:Pathway1706,
reactome:Pathway614,abstraction:IsAChildOf,reactome:Pathway604,
reactome:Pathway858,abstraction:IsAChildOf,reactome:Pathway856,
reactome:Pathway1371,abstraction:IsAChildOf,reactome:Pathway1370,
reactome:Pathway1928,abstraction:IsAChildOf,reactome:Pathway1927,
reactome:Pathway2061,abstraction:IsAChildOf,reactome:Pathway2059,
reactome:Pathway2412,abstraction:IsAChildOf,reactome:Pathway2409,
reactome:Pathway309,abstraction:IsAChildOf,reactome:Pathway308,
reactome:Pathway561,abstraction:IsAChildOf,reactome:Pathway560,
reactome:Pathway1830,abstraction:IsAChildOf,reactome:Pathway1769,
reactome:Pathway829,abstraction:IsAChildOf,reactome:Pathway784,
reactome:Pathway2819,abstraction:IsAChildOf,reactome:Pathway2811,
reactome:Pathway2227,abstraction:IsAChildOf,reactome:Pathway2214,
reactome:Pathway665,abstraction:IsAChildOf,reactome:Pathway659,
reactome:Pathway2120,abstraction:IsAChildOf,reactome:Pathway2111,
reactome:Pathway1351,abstraction:IsAChildOf,reactome:Pathway1326,
reactome:Pathway2453,abstraction:IsAChildOf,reactome:Pathway2452,
reactome:Pathway1181,abstraction:IsAChildOf,reactome:Pathway1179,
reactome:Pathway124,abstraction:IsAChildOf,reactome:Pathway123,
reactome:Pathway452,abstraction:IsAChildOf,reactome:Pathway445,
reactome:Pathway113,abstraction:IsAChildOf,reactome:Pathway95,
reactome:Pathway2332,abstraction:IsAChildOf,reactome:Pathway2316,
reactome:Pathway307,abstraction:IsAChildOf,reactome:Pathway290,
reactome:Pathway2166,abstraction:IsAChildOf,reactome:Pathway2161,
reactome:Pathway742,abstraction:IsAChildOf,reactome:Pathway735,
reactome:Pathway813,abstraction:IsAChildOf,reactome:Pathway784,
reactome:Pathway1222,abstraction:IsAChildOf,reactome:Pathway1221,
reactome:Pathway420,abstraction:IsAChildOf,reactome:Pathway418,
reactome:Pathway2352,abstraction:IsAChildOf,reactome:Pathway2021,
reactome:Pathway1876,abstraction:IsAChildOf,reactome:Pathway1769,
reactome:Pathway154,abstraction:IsAChildOf,reactome:Pathway153,
reactome:Pathway2478,abstraction:IsAChildOf,reactome:Pathway2477,
reactome:Pathway109,abstraction:IsAChildOf,reactome:Pathway108,
reactome:Pathway1333,abstraction:IsAChildOf,reactome:Pathway1327,
reactome:Pathway2375,abstraction:IsAChildOf,reactome:Pathway2374,
reactome:Pathway1746,abstraction:IsAChildOf,reactome:Pathway1743,
reactome:Pathway692,abstraction:IsAChildOf,reactome:Pathway691,
reactome:Pathway1875,abstraction:IsAChildOf,reactome:Pathway1769,
reactome:Pathway2160,abstraction:IsAChildOf,reactome:Pathway2155,
reactome:Pathway2799,abstraction:IsAChildOf,reactome:Pathway2798,
reactome:Pathway2013,abstraction:IsAChildOf,reactome:Pathway2010,
reactome:Pathway2012,abstraction:IsAChildOf,reactome:Pathway2010,
reactome:Pathway1179,abstraction:IsAChildOf,reactome:Pathway1164,
reactome:Pathway346,abstraction:IsAChildOf,reactome:Pathway342,
reactome:Pathway802,abstraction:IsAChildOf,reactome:Pathway784,
reactome:Pathway2601,abstraction:IsAChildOf,reactome:Pathway2599,
reactome:Pathway1525,abstraction:IsAChildOf,reactome:Pathway1523,
reactome:Pathway413,abstraction:IsAChildOf,reactome:Pathway289,
reactome:Pathway2746,abstraction:IsAChildOf,reactome:Pathway2741,
reactome:Pathway2071,abstraction:IsAChildOf,reactome:Pathway2059,
reactome:Pathway2249,abstraction:IsAChildOf,reactome:Pathway2246,
reactome:Pathway536,abstraction:IsAChildOf,reactome:Pathway535,
reactome:Pathway1425,abstraction:IsAChildOf,reactome:Pathway1424,
reactome:Pathway2319,abstraction:IsAChildOf,reactome:Pathway2318,
reactome:Pathway2762,abstraction:IsAChildOf,reactome:Pathway2756,
reactome:Pathway2775,abstraction:IsAChildOf,reactome:Pathway2772,
reactome:Pathway2760,abstraction:IsAChildOf,reactome:Pathway2756,
reactome:Pathway2571,abstraction:IsAChildOf,reactome:Pathway2568,
reactome:Pathway891,abstraction:IsAChildOf,reactome:Pathway855,
reactome:Pathway1408,abstraction:IsAChildOf,reactome:Pathway1405,
reactome:Pathway1479,abstraction:IsAChildOf,reactome:Pathway1471,
reactome:Pathway1880,abstraction:IsAChildOf,reactome:Pathway1876,
reactome:Pathway1403,abstraction:IsAChildOf,reactome:Pathway1402,
reactome:Pathway1642,abstraction:IsAChildOf,reactome:Pathway1630,
reactome:Pathway667,abstraction:IsAChildOf,reactome:Pathway665,
reactome:Pathway178,abstraction:IsAChildOf,reactome:Pathway173,
reactome:Pathway1063,abstraction:IsAChildOf,reactome:Pathway1052,
reactome:Pathway1369,abstraction:IsAChildOf,reactome:Pathway1361,
reactome:Pathway491,abstraction:IsAChildOf,reactome:Pathway488,
reactome:Pathway141,abstraction:IsAChildOf,reactome:Pathway140,
reactome:Pathway448,abstraction:IsAChildOf,reactome:Pathway447,
reactome:Pathway2653,abstraction:IsAChildOf,reactome:Pathway2652,
reactome:Pathway936,abstraction:IsAChildOf,reactome:Pathway909,
reactome:Pathway2029,abstraction:IsAChildOf,reactome:Pathway2028,
reactome:Pathway2782,abstraction:IsAChildOf,reactome:Pathway2713,
reactome:Pathway1651,abstraction:IsAChildOf,reactome:Pathway1645,
reactome:Pathway16,abstraction:IsAChildOf,reactome:Pathway6,
reactome:Pathway2548,abstraction:IsAChildOf,reactome:Pathway2547,
reactome:Pathway1714,abstraction:IsAChildOf,reactome:Pathway1713,
reactome:Pathway2390,abstraction:IsAChildOf,reactome:Pathway2374,
reactome:Pathway1976,abstraction:IsAChildOf,reactome:Pathway1975,
reactome:Pathway1367,abstraction:IsAChildOf,reactome:Pathway1364,
reactome:Pathway641,abstraction:IsAChildOf,reactome:Pathway628,
reactome:Pathway570,abstraction:IsAChildOf,reactome:Pathway565,
reactome:Pathway1230,abstraction:IsAChildOf,reactome:Pathway1222,
reactome:Pathway1282,abstraction:IsAChildOf,reactome:Pathway1277,
reactome:Pathway1568,abstraction:IsAChildOf,reactome:Pathway1567,
reactome:Pathway989,abstraction:IsAChildOf,reactome:Pathway984,
reactome:Pathway2285,abstraction:IsAChildOf,reactome:Pathway2284,
reactome:Pathway2245,abstraction:IsAChildOf,reactome:Pathway2021,
reactome:Pathway6,abstraction:IsAChildOf,reactome:Pathway4,
reactome:Pathway836,abstraction:IsAChildOf,reactome:Pathway784,
reactome:Pathway2192,abstraction:IsAChildOf,reactome:Pathway2190,
reactome:Pathway1998,abstraction:IsAChildOf,reactome:Pathway1997,
reactome:Pathway2174,abstraction:IsAChildOf,reactome:Pathway2072,
reactome:Pathway2724,abstraction:IsAChildOf,reactome:Pathway2723,
reactome:Pathway2333,abstraction:IsAChildOf,reactome:Pathway2316,
reactome:Pathway105,abstraction:IsAChildOf,reactome:Pathway103,
reactome:Pathway342,abstraction:IsAChildOf,reactome:Pathway341,
reactome:Pathway78,abstraction:IsAChildOf,reactome:Pathway74,
reactome:Pathway671,abstraction:IsAChildOf,reactome:Pathway670,
reactome:Pathway1796,abstraction:IsAChildOf,reactome:Pathway1792,
reactome:Pathway2813,abstraction:IsAChildOf,reactome:Pathway2811,
reactome:Pathway378,abstraction:IsAChildOf,reactome:Pathway373,
reactome:Pathway2137,abstraction:IsAChildOf,reactome:Pathway2130,
reactome:Pathway337,abstraction:IsAChildOf,reactome:Pathway342,
reactome:Pathway384,abstraction:IsAChildOf,reactome:Pathway373,
reactome:Pathway1791,abstraction:IsAChildOf,reactome:Pathway1770,
reactome:Pathway2211,abstraction:IsAChildOf,reactome:Pathway2210,
reactome:Pathway1153,abstraction:IsAChildOf,reactome:Pathway1133,
reactome:Pathway1654,abstraction:IsAChildOf,reactome:Pathway1645,
reactome:Pathway2074,abstraction:IsAChildOf,reactome:Pathway2073,
reactome:Pathway2214,abstraction:IsAChildOf,reactome:Pathway2021,
reactome:Pathway1765,abstraction:IsAChildOf,reactome:Pathway1727,
reactome:Pathway1778,abstraction:IsAChildOf,reactome:Pathway1784,
reactome:Pathway2640,abstraction:IsAChildOf,reactome:Pathway2639,
reactome:Pathway1648,abstraction:IsAChildOf,reactome:Pathway1645,
reactome:Pathway2267,abstraction:IsAChildOf,reactome:Pathway2264,
reactome:Pathway629,abstraction:IsAChildOf,reactome:Pathway628,
reactome:Pathway885,abstraction:IsAChildOf,reactome:Pathway855,
reactome:Pathway726,abstraction:IsAChildOf,reactome:Pathway725,
reactome:Pathway1660,abstraction:IsAChildOf,reactome:Pathway1645,
reactome:Pathway2164,abstraction:IsAChildOf,reactome:Pathway2161,
reactome:Pathway80,abstraction:IsAChildOf,reactome:Pathway31,
reactome:Pathway2089,abstraction:IsAChildOf,reactome:Pathway2088,
reactome:Pathway2396,abstraction:IsAChildOf,reactome:Pathway2394,
reactome:Pathway145,abstraction:IsAChildOf,reactome:Pathway144,
reactome:Pathway1608,abstraction:IsAChildOf,reactome:Pathway1607,
reactome:Pathway803,abstraction:IsAChildOf,reactome:Pathway784,
reactome:Pathway826,abstraction:IsAChildOf,reactome:Pathway784,
reactome:Pathway1573,abstraction:IsAChildOf,reactome:Pathway1572,
reactome:Pathway400,abstraction:IsAChildOf,reactome:Pathway326,
reactome:Pathway547,abstraction:IsAChildOf,reactome:Pathway544,
reactome:Pathway1112,abstraction:IsAChildOf,reactome:Pathway1111,
reactome:Pathway463,abstraction:IsAChildOf,reactome:Pathway445,
reactome:Pathway1727,abstraction:IsAChildOf,reactome:Pathway1726,
reactome:Pathway1263,abstraction:IsAChildOf,reactome:Pathway533,
reactome:Pathway1210,abstraction:IsAChildOf,reactome:Pathway1163,
reactome:Pathway1763,abstraction:IsAChildOf,reactome:Pathway1759,
reactome:Pathway732,abstraction:IsAChildOf,reactome:Pathway731,
reactome:Pathway1148,abstraction:IsAChildOf,reactome:Pathway1147,
reactome:Pathway1167,abstraction:IsAChildOf,reactome:Pathway1166,
reactome:Pathway2447,abstraction:IsAChildOf,reactome:Pathway2433,
reactome:Pathway2810,abstraction:IsAChildOf,reactome:Pathway2809,
reactome:Pathway997,abstraction:IsAChildOf,reactome:Pathway994,
reactome:Pathway1081,abstraction:IsAChildOf,reactome:Pathway1071,
reactome:Pathway177,abstraction:IsAChildOf,reactome:Pathway173,
reactome:Pathway1394,abstraction:IsAChildOf,reactome:Pathway1370,
reactome:Pathway1105,abstraction:IsAChildOf,reactome:Pathway1096,
reactome:Pathway1912,abstraction:IsAChildOf,reactome:Pathway1911,
reactome:Pathway2789,abstraction:IsAChildOf,reactome:Pathway2787,
reactome:Pathway1406,abstraction:IsAChildOf,reactome:Pathway1405,
reactome:Pathway1227,abstraction:IsAChildOf,reactome:Pathway1226,
reactome:Pathway2049,abstraction:IsAChildOf,reactome:Pathway2038,
reactome:Pathway2176,abstraction:IsAChildOf,reactome:Pathway2174,
reactome:Pathway970,abstraction:IsAChildOf,reactome:Pathway966,
reactome:Pathway398,abstraction:IsAChildOf,reactome:Pathway326,
reactome:Pathway2676,abstraction:IsAChildOf,reactome:Pathway2674,
reactome:Pathway2008,abstraction:IsAChildOf,reactome:Pathway1938,
reactome:Pathway2409,abstraction:IsAChildOf,reactome:Pathway2408,
reactome:Pathway1579,abstraction:IsAChildOf,reactome:Pathway1572,
reactome:Pathway1650,abstraction:IsAChildOf,reactome:Pathway1645,
reactome:Pathway2814,abstraction:IsAChildOf,reactome:Pathway2811,
reactome:Pathway1979,abstraction:IsAChildOf,reactome:Pathway1938,
reactome:Pathway1444,abstraction:IsAChildOf,reactome:Pathway1319,
reactome:Pathway576,abstraction:IsAChildOf,reactome:Pathway562,
reactome:Pathway304,abstraction:IsAChildOf,reactome:Pathway290,
reactome:Pathway484,abstraction:IsAChildOf,reactome:Pathway477,
reactome:Pathway1778,abstraction:IsAChildOf,reactome:Pathway1922,
reactome:Pathway385,abstraction:IsAChildOf,reactome:Pathway373,
reactome:Pathway1881,abstraction:IsAChildOf,reactome:Pathway1726,
reactome:Pathway1615,abstraction:IsAChildOf,reactome:Pathway1610,
reactome:Pathway2605,abstraction:IsAChildOf,reactome:Pathway2536,
reactome:Pathway1882,abstraction:IsAChildOf,reactome:Pathway1881,
reactome:Pathway1303,abstraction:IsAChildOf,reactome:Pathway1301,
reactome:Pathway1920,abstraction:IsAChildOf,reactome:Pathway1916,
reactome:Pathway1350,abstraction:IsAChildOf,reactome:Pathway1340,
reactome:Pathway2446,abstraction:IsAChildOf,reactome:Pathway2433,
reactome:Pathway266,abstraction:IsAChildOf,reactome:Pathway255,
reactome:Pathway1774,abstraction:IsAChildOf,reactome:Pathway1773,
reactome:Pathway2304,abstraction:IsAChildOf,reactome:Pathway2302,
reactome:Pathway1786,abstraction:IsAChildOf,reactome:Pathway1785,
reactome:Pathway649,abstraction:IsAChildOf,reactome:Pathway645,
reactome:Pathway715,abstraction:IsAChildOf,reactome:Pathway533,
reactome:Pathway944,abstraction:IsAChildOf,reactome:Pathway942,
reactome:Pathway1470,abstraction:IsAChildOf,reactome:Pathway1319,
reactome:Pathway594,abstraction:IsAChildOf,reactome:Pathway593,
reactome:Pathway190,abstraction:IsAChildOf,reactome:Pathway188,
reactome:Pathway1017,abstraction:IsAChildOf,reactome:Pathway1014,
reactome:Pathway2660,abstraction:IsAChildOf,reactome:Pathway2659,
reactome:Pathway933,abstraction:IsAChildOf,reactome:Pathway909,
reactome:Pathway1547,abstraction:IsAChildOf,reactome:Pathway1318,
reactome:Pathway2262,abstraction:IsAChildOf,reactome:Pathway2261,
reactome:Pathway2705,abstraction:IsAChildOf,reactome:Pathway2704,
reactome:Pathway727,abstraction:IsAChildOf,reactome:Pathway726,
reactome:Pathway27,abstraction:IsAChildOf,reactome:Pathway25,
reactome:Pathway973,abstraction:IsAChildOf,reactome:Pathway966,
reactome:Pathway2252,abstraction:IsAChildOf,reactome:Pathway2246,
reactome:Pathway2620,abstraction:IsAChildOf,reactome:Pathway2619,
reactome:Pathway205,abstraction:IsAChildOf,reactome:Pathway203,
reactome:Pathway1898,abstraction:IsAChildOf,reactome:Pathway1894,
reactome:Pathway471,abstraction:IsAChildOf,reactome:Pathway467,
reactome:Pathway573,abstraction:IsAChildOf,reactome:Pathway565,
reactome:Pathway731,abstraction:IsAChildOf,reactome:Pathway729,
reactome:Pathway1218,abstraction:IsAChildOf,reactome:Pathway1211,
reactome:Pathway1919,abstraction:IsAChildOf,reactome:Pathway1916,
reactome:Pathway1032,abstraction:IsAChildOf,reactome:Pathway1021,
reactome:Pathway183,abstraction:IsAChildOf,reactome:Pathway182,
reactome:Pathway1522,abstraction:IsAChildOf,reactome:Pathway1519,
reactome:Pathway852,abstraction:IsAChildOf,reactome:Pathway784,
reactome:Pathway2003,abstraction:IsAChildOf,reactome:Pathway2002,
reactome:Pathway1073,abstraction:IsAChildOf,reactome:Pathway1072,
reactome:Pathway496,abstraction:IsAChildOf,reactome:Pathway495,
reactome:Pathway1708,abstraction:IsAChildOf,reactome:Pathway1706,
reactome:Pathway1116,abstraction:IsAChildOf,reactome:Pathway1083,
reactome:Pathway2323,abstraction:IsAChildOf,reactome:Pathway2317,
reactome:Pathway2730,abstraction:IsAChildOf,reactome:Pathway2723,
reactome:Pathway126,abstraction:IsAChildOf,reactome:Pathway115,
reactome:Pathway502,abstraction:IsAChildOf,reactome:Pathway501,
reactome:Pathway1900,abstraction:IsAChildOf,reactome:Pathway1894,
reactome:Pathway1389,abstraction:IsAChildOf,reactome:Pathway1373,
reactome:Pathway1451,abstraction:IsAChildOf,reactome:Pathway1450,
reactome:Pathway1149,abstraction:IsAChildOf,reactome:Pathway1145,
reactome:Pathway2118,abstraction:IsAChildOf,reactome:Pathway2130,
reactome:Pathway956,abstraction:IsAChildOf,reactome:Pathway951,
reactome:Pathway1395,abstraction:IsAChildOf,reactome:Pathway1394,
reactome:Pathway1428,abstraction:IsAChildOf,reactome:Pathway1427,
reactome:Pathway1699,abstraction:IsAChildOf,reactome:Pathway1698,
reactome:Pathway140,abstraction:IsAChildOf,reactome:Pathway139,
reactome:Pathway1945,abstraction:IsAChildOf,reactome:Pathway1943,
reactome:Pathway2218,abstraction:IsAChildOf,reactome:Pathway2217,
reactome:Pathway1414,abstraction:IsAChildOf,reactome:Pathway1452,
reactome:Pathway1074,abstraction:IsAChildOf,reactome:Pathway1072,
reactome:Pathway2587,abstraction:IsAChildOf,reactome:Pathway2581,
reactome:Pathway2399,abstraction:IsAChildOf,reactome:Pathway2396,
reactome:Pathway2210,abstraction:IsAChildOf,reactome:Pathway2021,
reactome:Pathway336,abstraction:IsAChildOf,reactome:Pathway326,
reactome:Pathway1980,abstraction:IsAChildOf,reactome:Pathway1979,
reactome:Pathway1659,abstraction:IsAChildOf,reactome:Pathway1645,
reactome:Pathway2177,abstraction:IsAChildOf,reactome:Pathway2176,
reactome:Pathway2215,abstraction:IsAChildOf,reactome:Pathway2214,
reactome:Pathway1417,abstraction:IsAChildOf,reactome:Pathway1415,
reactome:Pathway729,abstraction:IsAChildOf,reactome:Pathway725,
reactome:Pathway71,abstraction:IsAChildOf,reactome:Pathway69,
reactome:Pathway513,abstraction:IsAChildOf,reactome:Pathway476,
reactome:Pathway1189,abstraction:IsAChildOf,reactome:Pathway1188,
reactome:Pathway2162,abstraction:IsAChildOf,reactome:Pathway2161,
reactome:Pathway670,abstraction:IsAChildOf,reactome:Pathway534,
reactome:Pathway695,abstraction:IsAChildOf,reactome:Pathway691,
reactome:Pathway2033,abstraction:IsAChildOf,reactome:Pathway2031,
reactome:Pathway90,abstraction:IsAChildOf,reactome:Pathway86,
reactome:Pathway589,abstraction:IsAChildOf,reactome:Pathway588,
reactome:Pathway952,abstraction:IsAChildOf,reactome:Pathway951,
reactome:Pathway2159,abstraction:IsAChildOf,reactome:Pathway2156,
reactome:Pathway2406,abstraction:IsAChildOf,reactome:Pathway2396,
reactome:Pathway2019,abstraction:IsAChildOf,reactome:Pathway2010,
reactome:Pathway1486,abstraction:IsAChildOf,reactome:Pathway1482,
reactome:Pathway1040,abstraction:IsAChildOf,reactome:Pathway1037,
reactome:Pathway2452,abstraction:IsAChildOf,reactome:Pathway2451,
reactome:Pathway1576,abstraction:IsAChildOf,reactome:Pathway1575,
reactome:Pathway2312,abstraction:IsAChildOf,reactome:Pathway2021,
reactome:Pathway40,abstraction:IsAChildOf,reactome:Pathway38,
reactome:Pathway503,abstraction:IsAChildOf,reactome:Pathway501,
reactome:Pathway1542,abstraction:IsAChildOf,reactome:Pathway1519,
reactome:Pathway1140,abstraction:IsAChildOf,reactome:Pathway1139,
reactome:Pathway2526,abstraction:IsAChildOf,reactome:Pathway2464,
reactome:Pathway2544,abstraction:IsAChildOf,reactome:Pathway2542,
reactome:Pathway1741,abstraction:IsAChildOf,reactome:Pathway1740,
reactome:Pathway2338,abstraction:IsAChildOf,reactome:Pathway2334,
reactome:Pathway556,abstraction:IsAChildOf,reactome:Pathway555,
reactome:Pathway265,abstraction:IsAChildOf,reactome:Pathway256,
reactome:Pathway63,abstraction:IsAChildOf,reactome:Pathway61,
reactome:Pathway2618,abstraction:IsAChildOf,reactome:Pathway2535,
reactome:Pathway282,abstraction:IsAChildOf,reactome:Pathway236,
reactome:Pathway1225,abstraction:IsAChildOf,reactome:Pathway1224,
reactome:Pathway1372,abstraction:IsAChildOf,reactome:Pathway1371,
reactome:Pathway2229,abstraction:IsAChildOf,reactome:Pathway2228,
reactome:Pathway1613,abstraction:IsAChildOf,reactome:Pathway1610,
reactome:Pathway1198,abstraction:IsAChildOf,reactome:Pathway1195,
reactome:Pathway1534,abstraction:IsAChildOf,reactome:Pathway1530,
reactome:Pathway1667,abstraction:IsAChildOf,reactome:Pathway1644,
reactome:Pathway2053,abstraction:IsAChildOf,reactome:Pathway2022,
reactome:Pathway216,abstraction:IsAChildOf,reactome:Pathway210,
reactome:Pathway2656,abstraction:IsAChildOf,reactome:Pathway2646,
reactome:Pathway1368,abstraction:IsAChildOf,reactome:Pathway1364,
reactome:Pathway785,abstraction:IsAChildOf,reactome:Pathway784,
reactome:Pathway2022,abstraction:IsAChildOf,reactome:Pathway2021,
reactome:Pathway2050,abstraction:IsAChildOf,reactome:Pathway2049,
reactome:Pathway621,abstraction:IsAChildOf,reactome:Pathway604,
reactome:Pathway208,abstraction:IsAChildOf,reactome:Pathway206,
reactome:Pathway1948,abstraction:IsAChildOf,reactome:Pathway1946,
reactome:Pathway792,abstraction:IsAChildOf,reactome:Pathway784,
reactome:Pathway1804,abstraction:IsAChildOf,reactome:Pathway1803,
reactome:Pathway247,abstraction:IsAChildOf,reactome:Pathway245,
reactome:Pathway62,abstraction:IsAChildOf,reactome:Pathway61,
reactome:Pathway2277,abstraction:IsAChildOf,reactome:Pathway2268,
reactome:Pathway91,abstraction:IsAChildOf,reactome:Pathway86,
reactome:Pathway1447,abstraction:IsAChildOf,reactome:Pathway1444,
reactome:Pathway1665,abstraction:IsAChildOf,reactome:Pathway1645,
reactome:Pathway2442,abstraction:IsAChildOf,reactome:Pathway2440,
reactome:Pathway2100,abstraction:IsAChildOf,reactome:Pathway2093,
reactome:Pathway690,abstraction:IsAChildOf,reactome:Pathway676,
reactome:Pathway2173,abstraction:IsAChildOf,reactome:Pathway2171,
reactome:Pathway65,abstraction:IsAChildOf,reactome:Pathway31,
reactome:Pathway558,abstraction:IsAChildOf,reactome:Pathway556,
reactome:Pathway1004,abstraction:IsAChildOf,reactome:Pathway994,
reactome:Pathway2695,abstraction:IsAChildOf,reactome:Pathway2693,
reactome:Pathway279,abstraction:IsAChildOf,reactome:Pathway278,
reactome:Pathway222,abstraction:IsAChildOf,reactome:Pathway195,
reactome:Pathway2384,abstraction:IsAChildOf,reactome:Pathway2391,
reactome:Pathway422,abstraction:IsAChildOf,reactome:Pathway416,
reactome:Pathway21,abstraction:IsAChildOf,reactome:Pathway20,
reactome:Pathway2264,abstraction:IsAChildOf,reactome:Pathway2245,
reactome:Pathway2124,abstraction:IsAChildOf,reactome:Pathway2111,
reactome:Pathway2568,abstraction:IsAChildOf,reactome:Pathway2536,
reactome:Pathway2502,abstraction:IsAChildOf,reactome:Pathway2501,
reactome:Pathway628,abstraction:IsAChildOf,reactome:Pathway534,
reactome:Pathway2309,abstraction:IsAChildOf,reactome:Pathway2307,
reactome:Pathway236,abstraction:IsAChildOf,reactome:Pathway232,
reactome:Pathway1448,abstraction:IsAChildOf,reactome:Pathway1444,
reactome:Pathway559,abstraction:IsAChildOf,reactome:Pathway556,
reactome:Pathway237,abstraction:IsAChildOf,reactome:Pathway236,
reactome:Pathway464,abstraction:IsAChildOf,reactome:Pathway445,
reactome:Pathway2763,abstraction:IsAChildOf,reactome:Pathway2756,
reactome:Pathway2699,abstraction:IsAChildOf,reactome:Pathway2666,
reactome:Pathway990,abstraction:IsAChildOf,reactome:Pathway984,
reactome:Pathway1192,abstraction:IsAChildOf,reactome:Pathway1191,
reactome:Pathway303,abstraction:IsAChildOf,reactome:Pathway294,
reactome:Pathway2170,abstraction:IsAChildOf,reactome:Pathway2168,
reactome:Pathway1627,abstraction:IsAChildOf,reactome:Pathway1626,
reactome:Pathway1356,abstraction:IsAChildOf,reactome:Pathway1355,
reactome:Pathway1965,abstraction:IsAChildOf,reactome:Pathway1964,
reactome:Pathway1797,abstraction:IsAChildOf,reactome:Pathway1791,
reactome:Pathway2121,abstraction:IsAChildOf,reactome:Pathway2111,
reactome:Pathway1381,abstraction:IsAChildOf,reactome:Pathway1377,
reactome:Pathway2066,abstraction:IsAChildOf,reactome:Pathway2059,
reactome:Pathway2024,abstraction:IsAChildOf,reactome:Pathway2023,
reactome:Pathway1501,abstraction:IsAChildOf,reactome:Pathway1498,
reactome:Pathway2373,abstraction:IsAChildOf,reactome:Pathway2372,
reactome:Pathway764,abstraction:IsAChildOf,reactome:Pathway755,
reactome:Pathway197,abstraction:IsAChildOf,reactome:Pathway196,
reactome:Pathway707,abstraction:IsAChildOf,reactome:Pathway706,
reactome:Pathway2318,abstraction:IsAChildOf,reactome:Pathway2317,
reactome:Pathway2377,abstraction:IsAChildOf,reactome:Pathway2376,
reactome:Pathway2800,abstraction:IsAChildOf,reactome:Pathway2798,
reactome:Pathway2670,abstraction:IsAChildOf,reactome:Pathway2668,
reactome:Pathway441,abstraction:IsAChildOf,reactome:Pathway435,
reactome:Pathway2435,abstraction:IsAChildOf,reactome:Pathway2434,
reactome:Pathway2403,abstraction:IsAChildOf,reactome:Pathway2402,
reactome:Pathway2150,abstraction:IsAChildOf,reactome:Pathway2149,
reactome:Pathway2131,abstraction:IsAChildOf,reactome:Pathway2130,
reactome:Pathway716,abstraction:IsAChildOf,reactome:Pathway715,
reactome:Pathway422,abstraction:IsAChildOf,reactome:Pathway2390,
reactome:Pathway1268,abstraction:IsAChildOf,reactome:Pathway1266,
reactome:Pathway2633,abstraction:IsAChildOf,reactome:Pathway2630,
reactome:Pathway2358,abstraction:IsAChildOf,reactome:Pathway2357,
reactome:Pathway620,abstraction:IsAChildOf,reactome:Pathway604,
reactome:Pathway2181,abstraction:IsAChildOf,reactome:Pathway2179,
reactome:Pathway2205,abstraction:IsAChildOf,reactome:Pathway2195,
reactome:Pathway2714,abstraction:IsAChildOf,reactome:Pathway2713,
reactome:Pathway2321,abstraction:IsAChildOf,reactome:Pathway2320,
reactome:Pathway822,abstraction:IsAChildOf,reactome:Pathway784,
reactome:Pathway287,abstraction:IsAChildOf,reactome:Pathway285,
reactome:Pathway529,abstraction:IsAChildOf,reactome:Pathway515,
reactome:Pathway1821,abstraction:IsAChildOf,reactome:Pathway1813,
reactome:Pathway1464,abstraction:IsAChildOf,reactome:Pathway1453,
reactome:Pathway480,abstraction:IsAChildOf,reactome:Pathway479,
reactome:Pathway2248,abstraction:IsAChildOf,reactome:Pathway2246,
reactome:Pathway1689,abstraction:IsAChildOf,reactome:Pathway1685,
reactome:Pathway2772,abstraction:IsAChildOf,reactome:Pathway2740,
reactome:Pathway118,abstraction:IsAChildOf,reactome:Pathway117,
reactome:Pathway430,abstraction:IsAChildOf,reactome:Pathway429,
reactome:Pathway1478,abstraction:IsAChildOf,reactome:Pathway1476,
reactome:Pathway831,abstraction:IsAChildOf,reactome:Pathway784,
reactome:Pathway689,abstraction:IsAChildOf,reactome:Pathway676,
reactome:Pathway481,abstraction:IsAChildOf,reactome:Pathway477,
reactome:Pathway2068,abstraction:IsAChildOf,reactome:Pathway2059,
reactome:Pathway1067,abstraction:IsAChildOf,reactome:Pathway1063,
reactome:Pathway1725,abstraction:IsAChildOf,reactome:Pathway1721,
reactome:Pathway1781,abstraction:IsAChildOf,reactome:Pathway1778,
reactome:Pathway2689,abstraction:IsAChildOf,reactome:Pathway2683,
reactome:Pathway1187,abstraction:IsAChildOf,reactome:Pathway1186,
reactome:Pathway2535,abstraction:IsAChildOf,reactome:Pathway2528,
reactome:Pathway2233,abstraction:IsAChildOf,reactome:Pathway2232,
reactome:Pathway1281,abstraction:IsAChildOf,reactome:Pathway1277,
reactome:Pathway839,abstraction:IsAChildOf,reactome:Pathway784,
reactome:Pathway273,abstraction:IsAChildOf,reactome:Pathway236,
reactome:Pathway2445,abstraction:IsAChildOf,reactome:Pathway2433,
reactome:Pathway1687,abstraction:IsAChildOf,reactome:Pathway1685,
reactome:Pathway497,abstraction:IsAChildOf,reactome:Pathway495,
reactome:Pathway2171,abstraction:IsAChildOf,reactome:Pathway2072,
reactome:Pathway1476,abstraction:IsAChildOf,reactome:Pathway2536,
reactome:Pathway2311,abstraction:IsAChildOf,reactome:Pathway2307,
reactome:Pathway2486,abstraction:IsAChildOf,reactome:Pathway2485,
reactome:Pathway995,abstraction:IsAChildOf,reactome:Pathway994,
reactome:Pathway1339,abstraction:IsAChildOf,reactome:Pathway1338,
reactome:Pathway2209,abstraction:IsAChildOf,reactome:Pathway2195,
reactome:Pathway908,abstraction:IsAChildOf,reactome:Pathway906,
reactome:Pathway1077,abstraction:IsAChildOf,reactome:Pathway1075,
reactome:Pathway2384,abstraction:IsAChildOf,reactome:Pathway2383,
reactome:Pathway1058,abstraction:IsAChildOf,reactome:Pathway1056,
reactome:Pathway937,abstraction:IsAChildOf,reactome:Pathway909,
reactome:Pathway1246,abstraction:IsAChildOf,reactome:Pathway1237,
reactome:Pathway940,abstraction:IsAChildOf,reactome:Pathway909,
reactome:Pathway1794,abstraction:IsAChildOf,reactome:Pathway1793,
reactome:Pathway1584,abstraction:IsAChildOf,reactome:Pathway1583,
reactome:Pathway404,abstraction:IsAChildOf,reactome:Pathway402,
reactome:Pathway1358,abstraction:IsAChildOf,reactome:Pathway1355,
reactome:Pathway2570,abstraction:IsAChildOf,reactome:Pathway2568,
reactome:Pathway564,abstraction:IsAChildOf,reactome:Pathway562,
reactome:Pathway1712,abstraction:IsAChildOf,reactome:Pathway1706,
reactome:Pathway1700,abstraction:IsAChildOf,reactome:Pathway1698,
reactome:Pathway2234,abstraction:IsAChildOf,reactome:Pathway2233,
reactome:Pathway2208,abstraction:IsAChildOf,reactome:Pathway2195,
reactome:Pathway2237,abstraction:IsAChildOf,reactome:Pathway2232,
reactome:Pathway511,abstraction:IsAChildOf,reactome:Pathway509,
reactome:Pathway1812,abstraction:IsAChildOf,reactome:Pathway1770,
reactome:Pathway788,abstraction:IsAChildOf,reactome:Pathway784,
reactome:Pathway1806,abstraction:IsAChildOf,reactome:Pathway1803,
reactome:Pathway1484,abstraction:IsAChildOf,reactome:Pathway1482,
reactome:Pathway948,abstraction:IsAChildOf,reactome:Pathway942,
reactome:Pathway2000,abstraction:IsAChildOf,reactome:Pathway1997,
reactome:Pathway1683,abstraction:IsAChildOf,reactome:Pathway1681,
reactome:Pathway1427,abstraction:IsAChildOf,reactome:Pathway1424,
reactome:Pathway624,abstraction:IsAChildOf,reactome:Pathway604,
reactome:Pathway457,abstraction:IsAChildOf,reactome:Pathway456,
reactome:Pathway2774,abstraction:IsAChildOf,reactome:Pathway2772,
reactome:Pathway897,abstraction:IsAChildOf,reactome:Pathway894,
reactome:Pathway2303,abstraction:IsAChildOf,reactome:Pathway2302,
reactome:Pathway2769,abstraction:IsAChildOf,reactome:Pathway2765,
reactome:Pathway1691,abstraction:IsAChildOf,reactome:Pathway1685,
reactome:Pathway1316,abstraction:IsAChildOf,reactome:Pathway1312,
reactome:Pathway2490,abstraction:IsAChildOf,reactome:Pathway2485,
reactome:Pathway1061,abstraction:IsAChildOf,reactome:Pathway1054,
reactome:Pathway1778,abstraction:IsAChildOf,reactome:Pathway1773,
reactome:Pathway579,abstraction:IsAChildOf,reactome:Pathway577,
reactome:Pathway1622,abstraction:IsAChildOf,reactome:Pathway1619,
reactome:Pathway2363,abstraction:IsAChildOf,reactome:Pathway2362,
reactome:Pathway1412,abstraction:IsAChildOf,reactome:Pathway1411,
reactome:Pathway2369,abstraction:IsAChildOf,reactome:Pathway2354,
reactome:Pathway1828,abstraction:IsAChildOf,reactome:Pathway1825,
reactome:Pathway19,abstraction:IsAChildOf,reactome:Pathway17,
reactome:Pathway1535,abstraction:IsAChildOf,reactome:Pathway1525,
reactome:Pathway1345,abstraction:IsAChildOf,reactome:Pathway1340,
reactome:Pathway1279,abstraction:IsAChildOf,reactome:Pathway1277,
reactome:Pathway2416,abstraction:IsAChildOf,reactome:Pathway2413,
reactome:Pathway723,abstraction:IsAChildOf,reactome:Pathway721,
reactome:Pathway951,abstraction:IsAChildOf,reactome:Pathway950,
reactome:Pathway2091,abstraction:IsAChildOf,reactome:Pathway2076,
reactome:Pathway992,abstraction:IsAChildOf,reactome:Pathway984,
reactome:Pathway1922,abstraction:IsAChildOf,reactome:Pathway1893,
reactome:Pathway1750,abstraction:IsAChildOf,reactome:Pathway1749,
reactome:Pathway2822,abstraction:IsAChildOf,reactome:Pathway2820,
reactome:Pathway1154,abstraction:IsAChildOf,reactome:Pathway1153,
reactome:Pathway2398,abstraction:IsAChildOf,reactome:Pathway2396,
reactome:Pathway1461,abstraction:IsAChildOf,reactome:Pathway1458,
reactome:Pathway771,abstraction:IsAChildOf,reactome:Pathway768,
reactome:Pathway2148,abstraction:IsAChildOf,reactome:Pathway2143,
reactome:Pathway1082,abstraction:IsAChildOf,reactome:Pathway1034,
reactome:Pathway1932,abstraction:IsAChildOf,reactome:Pathway1931,
reactome:Pathway163,abstraction:IsAChildOf,reactome:Pathway159,
reactome:Pathway889,abstraction:IsAChildOf,reactome:Pathway886,
reactome:Pathway207,abstraction:IsAChildOf,reactome:Pathway206,
reactome:Pathway666,abstraction:IsAChildOf,reactome:Pathway665,
reactome:Pathway552,abstraction:IsAChildOf,reactome:Pathway550,
reactome:Pathway137,abstraction:IsAChildOf,reactome:Pathway129,
reactome:Pathway79,abstraction:IsAChildOf,reactome:Pathway74,
reactome:Pathway1386,abstraction:IsAChildOf,reactome:Pathway1373,
reactome:Pathway104,abstraction:IsAChildOf,reactome:Pathway103,
reactome:Pathway876,abstraction:IsAChildOf,reactome:Pathway873,
reactome:Pathway1847,abstraction:IsAChildOf,reactome:Pathway1846,
reactome:Pathway2494,abstraction:IsAChildOf,reactome:Pathway2493,
reactome:Pathway2711,abstraction:IsAChildOf,reactome:Pathway2709,
reactome:Pathway2781,abstraction:IsAChildOf,reactome:Pathway2713,
reactome:Pathway421,abstraction:IsAChildOf,reactome:Pathway417,
reactome:Pathway2142,abstraction:IsAChildOf,reactome:Pathway2130,
reactome:Pathway302,abstraction:IsAChildOf,reactome:Pathway295,
reactome:Pathway1818,abstraction:IsAChildOf,reactome:Pathway1815,
reactome:Pathway2182,abstraction:IsAChildOf,reactome:Pathway2179,
reactome:Pathway61,abstraction:IsAChildOf,reactome:Pathway31,
reactome:Pathway2394,abstraction:IsAChildOf,reactome:Pathway2374,
reactome:Pathway1646,abstraction:IsAChildOf,reactome:Pathway1645,
reactome:Pathway521,abstraction:IsAChildOf,reactome:Pathway518,
reactome:Pathway2610,abstraction:IsAChildOf,reactome:Pathway2606,
reactome:Pathway1398,abstraction:IsAChildOf,reactome:Pathway1394,
reactome:Pathway2461,abstraction:IsAChildOf,reactome:Pathway2353,
reactome:Pathway2070,abstraction:IsAChildOf,reactome:Pathway2059,
reactome:Pathway2185,abstraction:IsAChildOf,reactome:Pathway2179,
reactome:Pathway1128,abstraction:IsAChildOf,reactome:Pathway1127,
reactome:Pathway842,abstraction:IsAChildOf,reactome:Pathway784,
reactome:Pathway22,abstraction:IsAChildOf,reactome:Pathway16,
reactome:Pathway1117,abstraction:IsAChildOf,reactome:Pathway1116,
reactome:Pathway1435,abstraction:IsAChildOf,reactome:Pathway1433,
reactome:Pathway806,abstraction:IsAChildOf,reactome:Pathway784,
reactome:Pathway1060,abstraction:IsAChildOf,reactome:Pathway1054,
reactome:Pathway592,abstraction:IsAChildOf,reactome:Pathway534,
reactome:Pathway1295,abstraction:IsAChildOf,reactome:Pathway1291,
reactome:Pathway616,abstraction:IsAChildOf,reactome:Pathway614,
reactome:Pathway2525,abstraction:IsAChildOf,reactome:Pathway2523,
reactome:Pathway1124,abstraction:IsAChildOf,reactome:Pathway1116,
reactome:Pathway2147,abstraction:IsAChildOf,reactome:Pathway2145,
reactome:Pathway2056,abstraction:IsAChildOf,reactome:Pathway2055,
reactome:Pathway988,abstraction:IsAChildOf,reactome:Pathway984,
reactome:Pathway1776,abstraction:IsAChildOf,reactome:Pathway1784,
reactome:Pathway2389,abstraction:IsAChildOf,reactome:Pathway2387,
reactome:Pathway1985,abstraction:IsAChildOf,reactome:Pathway1938,
reactome:Pathway950,abstraction:IsAChildOf,reactome:Pathway854,
reactome:Pathway2349,abstraction:IsAChildOf,reactome:Pathway2348,
reactome:Pathway407,abstraction:IsAChildOf,reactome:Pathway406,
reactome:Pathway920,abstraction:IsAChildOf,reactome:Pathway909,
reactome:Pathway2545,abstraction:IsAChildOf,reactome:Pathway2542,
reactome:Pathway374,abstraction:IsAChildOf,reactome:Pathway373,
reactome:Pathway1924,abstraction:IsAChildOf,reactome:Pathway1893,
reactome:Pathway39,abstraction:IsAChildOf,reactome:Pathway38,
reactome:Pathway351,abstraction:IsAChildOf,reactome:Pathway350,
reactome:Pathway574,abstraction:IsAChildOf,reactome:Pathway562,
reactome:Pathway1384,abstraction:IsAChildOf,reactome:Pathway1373,
reactome:Pathway1607,abstraction:IsAChildOf,reactome:Pathway1605,
reactome:Pathway1269,abstraction:IsAChildOf,reactome:Pathway1266,
reactome:Pathway657,abstraction:IsAChildOf,reactome:Pathway651,
reactome:Pathway1715,abstraction:IsAChildOf,reactome:Pathway1713,
reactome:Pathway2624,abstraction:IsAChildOf,reactome:Pathway2623,
reactome:Pathway1621,abstraction:IsAChildOf,reactome:Pathway1619,
reactome:Pathway1328,abstraction:IsAChildOf,reactome:Pathway1327,
reactome:Pathway1949,abstraction:IsAChildOf,reactome:Pathway1942,
reactome:Pathway1963,abstraction:IsAChildOf,reactome:Pathway1942,
reactome:Pathway54,abstraction:IsAChildOf,reactome:Pathway31,
reactome:Pathway775,abstraction:IsAChildOf,reactome:Pathway768,
reactome:Pathway1023,abstraction:IsAChildOf,reactome:Pathway1022,
reactome:Pathway2541,abstraction:IsAChildOf,reactome:Pathway2540,
reactome:Pathway683,abstraction:IsAChildOf,reactome:Pathway676,
reactome:Pathway269,abstraction:IsAChildOf,reactome:Pathway254,
reactome:Pathway2040,abstraction:IsAChildOf,reactome:Pathway2039,
reactome:Pathway1530,abstraction:IsAChildOf,reactome:Pathway1529,
reactome:Pathway1172,abstraction:IsAChildOf,reactome:Pathway1164,
reactome:Pathway1851,abstraction:IsAChildOf,reactome:Pathway1848,
reactome:Pathway106,abstraction:IsAChildOf,reactome:Pathway103,
reactome:Pathway606,abstraction:IsAChildOf,reactome:Pathway605,
reactome:Pathway2030,abstraction:IsAChildOf,reactome:Pathway2028,
reactome:Pathway2273,abstraction:IsAChildOf,reactome:Pathway2272,
reactome:Pathway1126,abstraction:IsAChildOf,reactome:Pathway1125,
reactome:Pathway673,abstraction:IsAChildOf,reactome:Pathway670,
reactome:Pathway1312,abstraction:IsAChildOf,reactome:Pathway1311,
reactome:Pathway1599,abstraction:IsAChildOf,reactome:Pathway1597,
reactome:Pathway1302,abstraction:IsAChildOf,reactome:Pathway1301,
reactome:Pathway2265,abstraction:IsAChildOf,reactome:Pathway2264,
reactome:Pathway333,abstraction:IsAChildOf,reactome:Pathway327,
reactome:Pathway1284,abstraction:IsAChildOf,reactome:Pathway1277,
reactome:Pathway1338,abstraction:IsAChildOf,reactome:Pathway1327,
reactome:Pathway1490,abstraction:IsAChildOf,reactome:Pathway1489,
reactome:Pathway2238,abstraction:IsAChildOf,reactome:Pathway2237,
reactome:Pathway1439,abstraction:IsAChildOf,reactome:Pathway1433,
reactome:Pathway1981,abstraction:IsAChildOf,reactome:Pathway1938,
reactome:Pathway840,abstraction:IsAChildOf,reactome:Pathway784,
reactome:Pathway1231,abstraction:IsAChildOf,reactome:Pathway1230,
reactome:Pathway2482,abstraction:IsAChildOf,reactome:Pathway2480,
reactome:Pathway320,abstraction:IsAChildOf,reactome:Pathway319,
reactome:Pathway1815,abstraction:IsAChildOf,reactome:Pathway1814,
reactome:Pathway905,abstraction:IsAChildOf,reactome:Pathway894,
reactome:Pathway1480,abstraction:IsAChildOf,reactome:Pathway1471,
reactome:Pathway121,abstraction:IsAChildOf,reactome:Pathway120,
reactome:Pathway2650,abstraction:IsAChildOf,reactome:Pathway2649,
reactome:Pathway1446,abstraction:IsAChildOf,reactome:Pathway1444,
reactome:Pathway2253,abstraction:IsAChildOf,reactome:Pathway2246,
reactome:Pathway2139,abstraction:IsAChildOf,reactome:Pathway2130,
reactome:Pathway147,abstraction:IsAChildOf,reactome:Pathway146,
reactome:Pathway2508,abstraction:IsAChildOf,reactome:Pathway2507,
reactome:Pathway1995,abstraction:IsAChildOf,reactome:Pathway1993,
reactome:Pathway1182,abstraction:IsAChildOf,reactome:Pathway1179,
reactome:Pathway2219,abstraction:IsAChildOf,reactome:Pathway2214,
reactome:Pathway444,abstraction:IsAChildOf,reactome:Pathway435,
reactome:Pathway2080,abstraction:IsAChildOf,reactome:Pathway2079,
reactome:Pathway2114,abstraction:IsAChildOf,reactome:Pathway2111,
reactome:Pathway766,abstraction:IsAChildOf,reactome:Pathway764,
reactome:Pathway1670,abstraction:IsAChildOf,reactome:Pathway1667,
reactome:Pathway257,abstraction:IsAChildOf,reactome:Pathway256,
reactome:Pathway1606,abstraction:IsAChildOf,reactome:Pathway1605,
reactome:Pathway2472,abstraction:IsAChildOf,reactome:Pathway2470,
reactome:Pathway1707,abstraction:IsAChildOf,reactome:Pathway1706,
reactome:Pathway2534,abstraction:IsAChildOf,reactome:Pathway2529,
reactome:Pathway185,abstraction:IsAChildOf,reactome:Pathway182,
reactome:Pathway1089,abstraction:IsAChildOf,reactome:Pathway1088,
reactome:Pathway543,abstraction:IsAChildOf,reactome:Pathway542,
reactome:Pathway213,abstraction:IsAChildOf,reactome:Pathway211,
reactome:Pathway828,abstraction:IsAChildOf,reactome:Pathway784,
reactome:Pathway2787,abstraction:IsAChildOf,reactome:Pathway2713,
reactome:Pathway2331,abstraction:IsAChildOf,reactome:Pathway2329,
reactome:Pathway2460,abstraction:IsAChildOf,reactome:Pathway2451,
reactome:Pathway2712,abstraction:IsAChildOf,reactome:Pathway2709,
reactome:Pathway2747,abstraction:IsAChildOf,reactome:Pathway2741,
reactome:Pathway704,abstraction:IsAChildOf,reactome:Pathway533,
reactome:Pathway1940,abstraction:IsAChildOf,reactome:Pathway1939,
reactome:Pathway2429,abstraction:IsAChildOf,reactome:Pathway2426,
reactome:Pathway443,abstraction:IsAChildOf,reactome:Pathway435,
reactome:Pathway466,abstraction:IsAChildOf,reactome:Pathway465,
reactome:Pathway1156,abstraction:IsAChildOf,reactome:Pathway1153,
reactome:Pathway1987,abstraction:IsAChildOf,reactome:Pathway1985,
reactome:Pathway256,abstraction:IsAChildOf,reactome:Pathway255,
reactome:Pathway2036,abstraction:IsAChildOf,reactome:Pathway2022,
reactome:Pathway1069,abstraction:IsAChildOf,reactome:Pathway1068,
reactome:Pathway1776,abstraction:IsAChildOf,reactome:Pathway1793,
reactome:Pathway2129,abstraction:IsAChildOf,reactome:Pathway2111,
reactome:Pathway1643,abstraction:IsAChildOf,reactome:Pathway1318,
reactome:Pathway327,abstraction:IsAChildOf,reactome:Pathway326,
reactome:Pathway1070,abstraction:IsAChildOf,reactome:Pathway1052,
reactome:Pathway2085,abstraction:IsAChildOf,reactome:Pathway2079,
reactome:Pathway2444,abstraction:IsAChildOf,reactome:Pathway2439,
reactome:Pathway370,abstraction:IsAChildOf,reactome:Pathway369,
reactome:Pathway1434,abstraction:IsAChildOf,reactome:Pathway1433,
reactome:Pathway1600,abstraction:IsAChildOf,reactome:Pathway1597,
reactome:Pathway1614,abstraction:IsAChildOf,reactome:Pathway1610,
reactome:Pathway2221,abstraction:IsAChildOf,reactome:Pathway2219,
reactome:Pathway479,abstraction:IsAChildOf,reactome:Pathway477,
reactome:Pathway1732,abstraction:IsAChildOf,reactome:Pathway1728,
reactome:Pathway2669,abstraction:IsAChildOf,reactome:Pathway2668,
reactome:Pathway42,abstraction:IsAChildOf,reactome:Pathway40,
reactome:Pathway2575,abstraction:IsAChildOf,reactome:Pathway2568,
reactome:Pathway855,abstraction:IsAChildOf,reactome:Pathway854,
reactome:Pathway1775,abstraction:IsAChildOf,reactome:Pathway1801,
reactome:Pathway1390,abstraction:IsAChildOf,reactome:Pathway1782,
reactome:Pathway261,abstraction:IsAChildOf,reactome:Pathway256,
reactome:Pathway306,abstraction:IsAChildOf,reactome:Pathway305,
reactome:Pathway2067,abstraction:IsAChildOf,reactome:Pathway2059,
reactome:Pathway555,abstraction:IsAChildOf,reactome:Pathway542,
reactome:Pathway1781,abstraction:IsAChildOf,reactome:Pathway1896,
reactome:Pathway860,abstraction:IsAChildOf,reactome:Pathway856,
reactome:Pathway2397,abstraction:IsAChildOf,reactome:Pathway2396,
reactome:Pathway2503,abstraction:IsAChildOf,reactome:Pathway2502,
reactome:Pathway2280,abstraction:IsAChildOf,reactome:Pathway2268,
reactome:Pathway2532,abstraction:IsAChildOf,reactome:Pathway2530,
reactome:Pathway1311,abstraction:IsAChildOf,reactome:Pathway1304,
reactome:Pathway235,abstraction:IsAChildOf,reactome:Pathway233,
reactome:Pathway1183,abstraction:IsAChildOf,reactome:Pathway1179,
reactome:Pathway2279,abstraction:IsAChildOf,reactome:Pathway2277,
reactome:Pathway984,abstraction:IsAChildOf,reactome:Pathway950,
reactome:Pathway2058,abstraction:IsAChildOf,reactome:Pathway2055,
reactome:Pathway1120,abstraction:IsAChildOf,reactome:Pathway1116,
reactome:Pathway1553,abstraction:IsAChildOf,reactome:Pathway1547,
reactome:Pathway791,abstraction:IsAChildOf,reactome:Pathway784,
reactome:Pathway380,abstraction:IsAChildOf,reactome:Pathway373,
reactome:Pathway2739,abstraction:IsAChildOf,reactome:Pathway2713,
reactome:Pathway1952,abstraction:IsAChildOf,reactome:Pathway1949,
reactome:Pathway2672,abstraction:IsAChildOf,reactome:Pathway2666,
reactome:Pathway604,abstraction:IsAChildOf,reactome:Pathway534,
reactome:Pathway1359,abstraction:IsAChildOf,reactome:Pathway1355,
reactome:Pathway1166,abstraction:IsAChildOf,reactome:Pathway1164,
reactome:Pathway987,abstraction:IsAChildOf,reactome:Pathway984,
reactome:Pathway64,abstraction:IsAChildOf,reactome:Pathway61,
reactome:Pathway994,abstraction:IsAChildOf,reactome:Pathway950,
reactome:Pathway2811,abstraction:IsAChildOf,reactome:Pathway2809,
reactome:Pathway1287,abstraction:IsAChildOf,reactome:Pathway1285,
reactome:Pathway101,abstraction:IsAChildOf,reactome:Pathway97,
reactome:Pathway1982,abstraction:IsAChildOf,reactome:Pathway1981,
reactome:Pathway120,abstraction:IsAChildOf,reactome:Pathway116,
reactome:Pathway1104,abstraction:IsAChildOf,reactome:Pathway1100,
reactome:Pathway1749,abstraction:IsAChildOf,reactome:Pathway1727,
reactome:Pathway89,abstraction:IsAChildOf,reactome:Pathway88,
reactome:Pathway1839,abstraction:IsAChildOf,reactome:Pathway1838,
reactome:Pathway934,abstraction:IsAChildOf,reactome:Pathway909,
reactome:Pathway580,abstraction:IsAChildOf,reactome:Pathway577,
reactome:Pathway824,abstraction:IsAChildOf,reactome:Pathway784,
reactome:Pathway52,abstraction:IsAChildOf,reactome:Pathway51,
reactome:Pathway825,abstraction:IsAChildOf,reactome:Pathway784,
reactome:Pathway1362,abstraction:IsAChildOf,reactome:Pathway1361,
reactome:Pathway2426,abstraction:IsAChildOf,reactome:Pathway2424,
reactome:Pathway1577,abstraction:IsAChildOf,reactome:Pathway1572,
reactome:Pathway560,abstraction:IsAChildOf,reactome:Pathway542,
reactome:Pathway2145,abstraction:IsAChildOf,reactome:Pathway2143,
reactome:Pathway1623,abstraction:IsAChildOf,reactome:Pathway1619,
reactome:Pathway2156,abstraction:IsAChildOf,reactome:Pathway2155,
reactome:Pathway724,abstraction:IsAChildOf,reactome:Pathway716,
reactome:Pathway1365,abstraction:IsAChildOf,reactome:Pathway1364,
reactome:Pathway1298,abstraction:IsAChildOf,reactome:Pathway1297,
reactome:Pathway2591,abstraction:IsAChildOf,reactome:Pathway2588,
reactome:Pathway2133,abstraction:IsAChildOf,reactome:Pathway2130,
reactome:Pathway539,abstraction:IsAChildOf,reactome:Pathway538,
reactome:Pathway2258,abstraction:IsAChildOf,reactome:Pathway2246,
reactome:Pathway1753,abstraction:IsAChildOf,reactome:Pathway1751,
reactome:Pathway896,abstraction:IsAChildOf,reactome:Pathway894,
reactome:Pathway93,abstraction:IsAChildOf,reactome:Pathway92,
reactome:Pathway2433,abstraction:IsAChildOf,reactome:Pathway2432,
reactome:Pathway854,abstraction:IsAChildOf,reactome:Pathway533,
reactome:Pathway1719,abstraction:IsAChildOf,reactome:Pathway1717,
reactome:Pathway2583,abstraction:IsAChildOf,reactome:Pathway2581,
reactome:Pathway869,abstraction:IsAChildOf,reactome:Pathway856,
reactome:Pathway1440,abstraction:IsAChildOf,reactome:Pathway1685,
reactome:Pathway1370,abstraction:IsAChildOf,reactome:Pathway1319,
reactome:Pathway773,abstraction:IsAChildOf,reactome:Pathway768,
reactome:Pathway319,abstraction:IsAChildOf,reactome:Pathway318,
reactome:Pathway189,abstraction:IsAChildOf,reactome:Pathway188,
reactome:Pathway2130,abstraction:IsAChildOf,reactome:Pathway2110,
reactome:Pathway2697,abstraction:IsAChildOf,reactome:Pathway2692,
reactome:Pathway1178,abstraction:IsAChildOf,reactome:Pathway1164,
reactome:Pathway693,abstraction:IsAChildOf,reactome:Pathway692,
reactome:Pathway392,abstraction:IsAChildOf,reactome:Pathway326,
reactome:Pathway1992,abstraction:IsAChildOf,reactome:Pathway1938,
reactome:Pathway2691,abstraction:IsAChildOf,reactome:Pathway2689,
reactome:Pathway239,abstraction:IsAChildOf,reactome:Pathway237,
reactome:Pathway1769,abstraction:IsAChildOf,reactome:Pathway1726,
reactome:Pathway1442,abstraction:IsAChildOf,reactome:Pathway1441,
reactome:Pathway635,abstraction:IsAChildOf,reactome:Pathway628,
reactome:Pathway2735,abstraction:IsAChildOf,reactome:Pathway2713,
reactome:Pathway2345,abstraction:IsAChildOf,reactome:Pathway2343,
reactome:Pathway2386,abstraction:IsAChildOf,reactome:Pathway2382,
reactome:Pathway1003,abstraction:IsAChildOf,reactome:Pathway994,
reactome:Pathway1404,abstraction:IsAChildOf,reactome:Pathway1394,
reactome:Pathway1059,abstraction:IsAChildOf,reactome:Pathway1056,
reactome:Pathway1186,abstraction:IsAChildOf,reactome:Pathway1185,
reactome:Pathway2424,abstraction:IsAChildOf,reactome:Pathway2422,
reactome:Pathway224,abstraction:IsAChildOf,reactome:Pathway223,
reactome:Pathway1233,abstraction:IsAChildOf,reactome:Pathway1231,
reactome:Pathway1916,abstraction:IsAChildOf,reactome:Pathway1893,
reactome:Pathway2199,abstraction:IsAChildOf,reactome:Pathway2196,
reactome:Pathway2556,abstraction:IsAChildOf,reactome:Pathway2552,
reactome:Pathway388,abstraction:IsAChildOf,reactome:Pathway386,
reactome:Pathway1540,abstraction:IsAChildOf,reactome:Pathway1539,
reactome:Pathway1332,abstraction:IsAChildOf,reactome:Pathway1327,
reactome:Pathway1022,abstraction:IsAChildOf,reactome:Pathway1021,
reactome:Pathway325,abstraction:IsAChildOf,reactome:Pathway317,
reactome:Pathway848,abstraction:IsAChildOf,reactome:Pathway784,
reactome:Pathway402,abstraction:IsAChildOf,reactome:Pathway289,
reactome:Pathway2057,abstraction:IsAChildOf,reactome:Pathway2055,
reactome:Pathway2803,abstraction:IsAChildOf,reactome:Pathway2800,
reactome:Pathway2807,abstraction:IsAChildOf,reactome:Pathway2805,
reactome:Pathway1772,abstraction:IsAChildOf,reactome:Pathway1770,
reactome:Pathway2342,abstraction:IsAChildOf,reactome:Pathway2334,
reactome:Pathway1474,abstraction:IsAChildOf,reactome:Pathway1473,
reactome:Pathway226,abstraction:IsAChildOf,reactome:Pathway194,
reactome:Pathway2298,abstraction:IsAChildOf,reactome:Pathway2268,
reactome:Pathway2738,abstraction:IsAChildOf,reactome:Pathway2737,
reactome:Pathway2443,abstraction:IsAChildOf,reactome:Pathway2439,
reactome:Pathway1113,abstraction:IsAChildOf,reactome:Pathway1112,
reactome:Pathway2032,abstraction:IsAChildOf,reactome:Pathway2031,
reactome:Pathway541,abstraction:IsAChildOf,reactome:Pathway540,
reactome:Pathway2310,abstraction:IsAChildOf,reactome:Pathway2309,
reactome:Pathway601,abstraction:IsAChildOf,reactome:Pathway592,
reactome:Pathway268,abstraction:IsAChildOf,reactome:Pathway267,
reactome:Pathway739,abstraction:IsAChildOf,reactome:Pathway736,
reactome:Pathway609,abstraction:IsAChildOf,reactome:Pathway608,
reactome:Pathway294,abstraction:IsAChildOf,reactome:Pathway290,
reactome:Pathway1276,abstraction:IsAChildOf,reactome:Pathway1274,
reactome:Pathway459,abstraction:IsAChildOf,reactome:Pathway445,
reactome:Pathway2517,abstraction:IsAChildOf,reactome:Pathway2514,
reactome:Pathway1734,abstraction:IsAChildOf,reactome:Pathway1733,
reactome:Pathway865,abstraction:IsAChildOf,reactome:Pathway856,
reactome:Pathway710,abstraction:IsAChildOf,reactome:Pathway704,
reactome:Pathway1239,abstraction:IsAChildOf,reactome:Pathway1237,
reactome:Pathway991,abstraction:IsAChildOf,reactome:Pathway984,
reactome:Pathway882,abstraction:IsAChildOf,reactome:Pathway873,
reactome:Pathway1232,abstraction:IsAChildOf,reactome:Pathway1231,
reactome:Pathway1256,abstraction:IsAChildOf,reactome:Pathway1252,
reactome:Pathway501,abstraction:IsAChildOf,reactome:Pathway486,
reactome:Pathway1702,abstraction:IsAChildOf,reactome:Pathway1700,
reactome:Pathway1036,abstraction:IsAChildOf,reactome:Pathway1035,
reactome:Pathway1033,abstraction:IsAChildOf,reactome:Pathway1021,
reactome:Pathway1766,abstraction:IsAChildOf,reactome:Pathway1727,
reactome:Pathway542,abstraction:IsAChildOf,reactome:Pathway534,
reactome:Pathway2313,abstraction:IsAChildOf,reactome:Pathway2312,
reactome:Pathway1923,abstraction:IsAChildOf,reactome:Pathway1893,
reactome:Pathway538,abstraction:IsAChildOf,reactome:Pathway535,
reactome:Pathway2242,abstraction:IsAChildOf,reactome:Pathway2241,
reactome:Pathway1905,abstraction:IsAChildOf,reactome:Pathway1902,
reactome:Pathway1468,abstraction:IsAChildOf,reactome:Pathway1467,
reactome:Pathway898,abstraction:IsAChildOf,reactome:Pathway894,
reactome:Pathway2529,abstraction:IsAChildOf,reactome:Pathway2528,
reactome:Pathway299,abstraction:IsAChildOf,reactome:Pathway298,
reactome:Pathway2664,abstraction:IsAChildOf,reactome:Pathway2661,
reactome:Pathway283,abstraction:IsAChildOf,reactome:Pathway236,
reactome:Pathway159,abstraction:IsAChildOf,reactome:Pathway149,
reactome:Pathway2357,abstraction:IsAChildOf,reactome:Pathway2356,
reactome:Pathway343,abstraction:IsAChildOf,reactome:Pathway342,
reactome:Pathway2202,abstraction:IsAChildOf,reactome:Pathway2196,
reactome:Pathway2144,abstraction:IsAChildOf,reactome:Pathway2143,
reactome:Pathway602,abstraction:IsAChildOf,reactome:Pathway601,
reactome:Pathway417,abstraction:IsAChildOf,reactome:Pathway416,
reactome:Pathway1055,abstraction:IsAChildOf,reactome:Pathway1054,
reactome:Pathway584,abstraction:IsAChildOf,reactome:Pathway581,
reactome:Pathway1652,abstraction:IsAChildOf,reactome:Pathway1645,
reactome:Pathway2630,abstraction:IsAChildOf,reactome:Pathway2628,
reactome:Pathway2198,abstraction:IsAChildOf,reactome:Pathway2196,
reactome:Pathway321,abstraction:IsAChildOf,reactome:Pathway319,
reactome:Pathway1321,abstraction:IsAChildOf,reactome:Pathway1320,
reactome:Pathway68,abstraction:IsAChildOf,reactome:Pathway31,
reactome:Pathway1481,abstraction:IsAChildOf,reactome:Pathway1480,
reactome:Pathway1748,abstraction:IsAChildOf,reactome:Pathway1733,
reactome:Pathway158,abstraction:IsAChildOf,reactome:Pathway149,
reactome:Pathway1852,abstraction:IsAChildOf,reactome:Pathway1769,
reactome:Pathway1550,abstraction:IsAChildOf,reactome:Pathway1549,
reactome:Pathway357,abstraction:IsAChildOf,reactome:Pathway355,
reactome:Pathway717,abstraction:IsAChildOf,reactome:Pathway716,
reactome:Pathway2582,abstraction:IsAChildOf,reactome:Pathway2581,
reactome:Pathway276,abstraction:IsAChildOf,reactome:Pathway273,
reactome:Pathway2519,abstraction:IsAChildOf,reactome:Pathway2513,
reactome:Pathway115,abstraction:IsAChildOf,reactome:Pathway95,
reactome:Pathway2255,abstraction:IsAChildOf,reactome:Pathway2253,
reactome:Pathway646,abstraction:IsAChildOf,reactome:Pathway645,
reactome:Pathway1103,abstraction:IsAChildOf,reactome:Pathway1102,
reactome:Pathway1431,abstraction:IsAChildOf,reactome:Pathway1319,
reactome:Pathway2079,abstraction:IsAChildOf,reactome:Pathway2076,
reactome:Pathway2334,abstraction:IsAChildOf,reactome:Pathway2315,
reactome:Pathway2320,abstraction:IsAChildOf,reactome:Pathway2317,
reactome:Pathway2619,abstraction:IsAChildOf,reactome:Pathway2535,
reactome:Pathway1421,abstraction:IsAChildOf,reactome:Pathway1411,
reactome:Pathway1138,abstraction:IsAChildOf,reactome:Pathway1133,
reactome:Pathway1988,abstraction:IsAChildOf,reactome:Pathway1938,
reactome:Pathway1557,abstraction:IsAChildOf,reactome:Pathway1556,
reactome:Pathway77,abstraction:IsAChildOf,reactome:Pathway76,
reactome:Pathway2608,abstraction:IsAChildOf,reactome:Pathway2606,
reactome:Pathway2154,abstraction:IsAChildOf,reactome:Pathway2153,
reactome:Pathway1969,abstraction:IsAChildOf,reactome:Pathway1942,
reactome:Pathway1018,abstraction:IsAChildOf,reactome:Pathway854,
reactome:Pathway1816,abstraction:IsAChildOf,reactome:Pathway1815,
reactome:Pathway1245,abstraction:IsAChildOf,reactome:Pathway1237,
reactome:Pathway255,abstraction:IsAChildOf,reactome:Pathway254,
reactome:Pathway2355,abstraction:IsAChildOf,reactome:Pathway2354,
reactome:Pathway2031,abstraction:IsAChildOf,reactome:Pathway2022,
reactome:Pathway1636,abstraction:IsAChildOf,reactome:Pathway1631,
reactome:Pathway1668,abstraction:IsAChildOf,reactome:Pathway1667,
reactome:Pathway1514,abstraction:IsAChildOf,reactome:Pathway1490,
reactome:Pathway339,abstraction:IsAChildOf,reactome:Pathway336,
reactome:Pathway2458,abstraction:IsAChildOf,reactome:Pathway2457,
reactome:Pathway1143,abstraction:IsAChildOf,reactome:Pathway1139,
reactome:Pathway2271,abstraction:IsAChildOf,reactome:Pathway2268,
reactome:Pathway1477,abstraction:IsAChildOf,reactome:Pathway1476,
reactome:Pathway2175,abstraction:IsAChildOf,reactome:Pathway2174,
reactome:Pathway914,abstraction:IsAChildOf,reactome:Pathway909,
reactome:Pathway1430,abstraction:IsAChildOf,reactome:Pathway1424,
reactome:Pathway11,abstraction:IsAChildOf,reactome:Pathway9,
reactome:Pathway2489,abstraction:IsAChildOf,reactome:Pathway2485,
reactome:Pathway1586,abstraction:IsAChildOf,reactome:Pathway1584,
reactome:Pathway259,abstraction:IsAChildOf,reactome:Pathway256,
reactome:Pathway1936,abstraction:IsAChildOf,reactome:Pathway1935,
reactome:Pathway761,abstraction:IsAChildOf,reactome:Pathway759,
reactome:Pathway801,abstraction:IsAChildOf,reactome:Pathway784,
reactome:Pathway2566,abstraction:IsAChildOf,reactome:Pathway2561,
reactome:Pathway1274,abstraction:IsAChildOf,reactome:Pathway1273,
reactome:Pathway2572,abstraction:IsAChildOf,reactome:Pathway2568,
reactome:Pathway2598,abstraction:IsAChildOf,reactome:Pathway2536,
reactome:Pathway1163,abstraction:IsAChildOf,reactome:Pathway1082,
reactome:Pathway1739,abstraction:IsAChildOf,reactome:Pathway1733,
reactome:Pathway2287,abstraction:IsAChildOf,reactome:Pathway2284,
reactome:Pathway2745,abstraction:IsAChildOf,reactome:Pathway2741,
reactome:Pathway399,abstraction:IsAChildOf,reactome:Pathway326,
reactome:Pathway838,abstraction:IsAChildOf,reactome:Pathway784,
reactome:Pathway458,abstraction:IsAChildOf,reactome:Pathway456,
reactome:Pathway696,abstraction:IsAChildOf,reactome:Pathway695,
reactome:Pathway2461,abstraction:IsAChildOf,reactome:Pathway2707,
reactome:Pathway44,abstraction:IsAChildOf,reactome:Pathway31,
reactome:Pathway188,abstraction:IsAChildOf,reactome:Pathway186,
reactome:Pathway760,abstraction:IsAChildOf,reactome:Pathway759,
reactome:Pathway184,abstraction:IsAChildOf,reactome:Pathway182,
reactome:Pathway1243,abstraction:IsAChildOf,reactome:Pathway1237,
reactome:Pathway1840,abstraction:IsAChildOf,reactome:Pathway1838,
reactome:Pathway280,abstraction:IsAChildOf,reactome:Pathway273,
reactome:Pathway2108,abstraction:IsAChildOf,reactome:Pathway2107,
reactome:Pathway527,abstraction:IsAChildOf,reactome:Pathway525,
reactome:Pathway2075,abstraction:IsAChildOf,reactome:Pathway2072,
reactome:Pathway954,abstraction:IsAChildOf,reactome:Pathway951,
reactome:Pathway199,abstraction:IsAChildOf,reactome:Pathway196,
reactome:Pathway1776,abstraction:IsAChildOf,reactome:Pathway1773,
reactome:Pathway2179,abstraction:IsAChildOf,reactome:Pathway2174,
reactome:Pathway2223,abstraction:IsAChildOf,reactome:Pathway2222,
reactome:Pathway1743,abstraction:IsAChildOf,reactome:Pathway1740,
reactome:Pathway575,abstraction:IsAChildOf,reactome:Pathway562,
reactome:Pathway528,abstraction:IsAChildOf,reactome:Pathway527,
reactome:Pathway2274,abstraction:IsAChildOf,reactome:Pathway2268,
reactome:Pathway1906,abstraction:IsAChildOf,reactome:Pathway1902,
reactome:Pathway2276,abstraction:IsAChildOf,reactome:Pathway2275,
reactome:Pathway1941,abstraction:IsAChildOf,reactome:Pathway1939,
reactome:Pathway2097,abstraction:IsAChildOf,reactome:Pathway2093,
reactome:Pathway1835,abstraction:IsAChildOf,reactome:Pathway1831,
reactome:Pathway1747,abstraction:IsAChildOf,reactome:Pathway1743,
reactome:Pathway35,abstraction:IsAChildOf,reactome:Pathway34,
reactome:Pathway2783,abstraction:IsAChildOf,reactome:Pathway2713,
reactome:Pathway2301,abstraction:IsAChildOf,reactome:Pathway2268,
reactome:Pathway2116,abstraction:IsAChildOf,reactome:Pathway2111,
reactome:Pathway412,abstraction:IsAChildOf,reactome:Pathway289,
reactome:Pathway1506,abstraction:IsAChildOf,reactome:Pathway1505,
reactome:Pathway1711,abstraction:IsAChildOf,reactome:Pathway1708,
reactome:Pathway1327,abstraction:IsAChildOf,reactome:Pathway1326,
reactome:Pathway2065,abstraction:IsAChildOf,reactome:Pathway2059,
reactome:Pathway1374,abstraction:IsAChildOf,reactome:Pathway1373,
reactome:Pathway1934,abstraction:IsAChildOf,reactome:Pathway1931,
reactome:Pathway2025,abstraction:IsAChildOf,reactome:Pathway2023,
reactome:Pathway1275,abstraction:IsAChildOf,reactome:Pathway1274,
reactome:Pathway494,abstraction:IsAChildOf,reactome:Pathway486,
reactome:Pathway1200,abstraction:IsAChildOf,reactome:Pathway1195,
reactome:Pathway1762,abstraction:IsAChildOf,reactome:Pathway1759,
reactome:Pathway348,abstraction:IsAChildOf,reactome:Pathway342,
reactome:Pathway2547,abstraction:IsAChildOf,reactome:Pathway2540,
reactome:Pathway1110,abstraction:IsAChildOf,reactome:Pathway1095,
reactome:Pathway1121,abstraction:IsAChildOf,reactome:Pathway1120,
reactome:Pathway643,abstraction:IsAChildOf,reactome:Pathway642,
reactome:Pathway1265,abstraction:IsAChildOf,reactome:Pathway1264,
reactome:Pathway563,abstraction:IsAChildOf,reactome:Pathway562,
reactome:Pathway1433,abstraction:IsAChildOf,reactome:Pathway1319,
reactome:Pathway1046,abstraction:IsAChildOf,reactome:Pathway1036,
reactome:Pathway866,abstraction:IsAChildOf,reactome:Pathway856,
reactome:Pathway1087,abstraction:IsAChildOf,reactome:Pathway1085,
reactome:Pathway2628,abstraction:IsAChildOf,reactome:Pathway2528,
reactome:Pathway1960,abstraction:IsAChildOf,reactome:Pathway1957,
reactome:Pathway2168,abstraction:IsAChildOf,reactome:Pathway2072,
reactome:Pathway2663,abstraction:IsAChildOf,reactome:Pathway2661,
reactome:Pathway202,abstraction:IsAChildOf,reactome:Pathway200,
reactome:Pathway498,abstraction:IsAChildOf,reactome:Pathway494,
reactome:Pathway489,abstraction:IsAChildOf,reactome:Pathway488,
reactome:Pathway820,abstraction:IsAChildOf,reactome:Pathway784,
reactome:Pathway2222,abstraction:IsAChildOf,reactome:Pathway2214,
reactome:Pathway2128,abstraction:IsAChildOf,reactome:Pathway2111,
reactome:Pathway2366,abstraction:IsAChildOf,reactome:Pathway2365,
reactome:Pathway1658,abstraction:IsAChildOf,reactome:Pathway1645,
reactome:Pathway811,abstraction:IsAChildOf,reactome:Pathway784,
reactome:Pathway2092,abstraction:IsAChildOf,reactome:Pathway2076,
reactome:Pathway685,abstraction:IsAChildOf,reactome:Pathway676,
reactome:Pathway218,abstraction:IsAChildOf,reactome:Pathway209,
reactome:Pathway69,abstraction:IsAChildOf,reactome:Pathway68,
reactome:Pathway1396,abstraction:IsAChildOf,reactome:Pathway1394,
reactome:Pathway927,abstraction:IsAChildOf,reactome:Pathway909,
reactome:Pathway1983,abstraction:IsAChildOf,reactome:Pathway1981,
reactome:Pathway1813,abstraction:IsAChildOf,reactome:Pathway1769,
reactome:Pathway2190,abstraction:IsAChildOf,reactome:Pathway2188,
reactome:Pathway532,abstraction:IsAChildOf,reactome:Pathway529,
reactome:Pathway301,abstraction:IsAChildOf,reactome:Pathway295,
reactome:Pathway2696,abstraction:IsAChildOf,reactome:Pathway2693,
reactome:Pathway244,abstraction:IsAChildOf,reactome:Pathway240,
reactome:Pathway2415,abstraction:IsAChildOf,reactome:Pathway2413,
reactome:Pathway1224,abstraction:IsAChildOf,reactome:Pathway1223,
reactome:Pathway1836,abstraction:IsAChildOf,reactome:Pathway1831,
reactome:Pathway1436,abstraction:IsAChildOf,reactome:Pathway1433,
reactome:Pathway1745,abstraction:IsAChildOf,reactome:Pathway1743,
reactome:Pathway1801,abstraction:IsAChildOf,reactome:Pathway1799,
reactome:Pathway794,abstraction:IsAChildOf,reactome:Pathway784,
reactome:Pathway2755,abstraction:IsAChildOf,reactome:Pathway2751,
reactome:Pathway1309,abstraction:IsAChildOf,reactome:Pathway1305,
reactome:Pathway1884,abstraction:IsAChildOf,reactome:Pathway1883,
reactome:Pathway1420,abstraction:IsAChildOf,reactome:Pathway1412,
reactome:Pathway1720,abstraction:IsAChildOf,reactome:Pathway1706,
reactome:Pathway2135,abstraction:IsAChildOf,reactome:Pathway2130,
reactome:Pathway340,abstraction:IsAChildOf,reactome:Pathway326,
reactome:Pathway2710,abstraction:IsAChildOf,reactome:Pathway2709,
reactome:Pathway3,abstraction:IsAChildOf,reactome:Pathway2,
reactome:Pathway2648,abstraction:IsAChildOf,reactome:Pathway2646,
reactome:Pathway1021,abstraction:IsAChildOf,reactome:Pathway854,
reactome:Pathway1264,abstraction:IsAChildOf,reactome:Pathway1263,
reactome:Pathway2138,abstraction:IsAChildOf,reactome:Pathway2130,
reactome:Pathway43,abstraction:IsAChildOf,reactome:Pathway40,
reactome:Pathway108,abstraction:IsAChildOf,reactome:Pathway107,
reactome:Pathway625,abstraction:IsAChildOf,reactome:Pathway534,
reactome:Pathway220,abstraction:IsAChildOf,reactome:Pathway219,
reactome:Pathway656,abstraction:IsAChildOf,reactome:Pathway651,
reactome:Pathway2768,abstraction:IsAChildOf,reactome:Pathway2765,
reactome:Pathway2564,abstraction:IsAChildOf,reactome:Pathway2561,
reactome:Pathway2777,abstraction:IsAChildOf,reactome:Pathway2740,
reactome:Pathway763,abstraction:IsAChildOf,reactome:Pathway759,
reactome:Pathway583,abstraction:IsAChildOf,reactome:Pathway582,
reactome:Pathway58,abstraction:IsAChildOf,reactome:Pathway54,
reactome:Pathway288,abstraction:IsAChildOf,reactome:Pathway284,
reactome:Pathway2380,abstraction:IsAChildOf,reactome:Pathway2379,
reactome:Pathway790,abstraction:IsAChildOf,reactome:Pathway784,
reactome:Pathway1761,abstraction:IsAChildOf,reactome:Pathway1759,
reactome:Pathway2563,abstraction:IsAChildOf,reactome:Pathway2561,
reactome:Pathway2527,abstraction:IsAChildOf,reactome:Pathway2526,
reactome:Pathway1602,abstraction:IsAChildOf,reactome:Pathway1318,
reactome:Pathway409,abstraction:IsAChildOf,reactome:Pathway402,
reactome:Pathway949,abstraction:IsAChildOf,reactome:Pathway942,
reactome:Pathway223,abstraction:IsAChildOf,reactome:Pathway195,
reactome:Pathway534,abstraction:IsAChildOf,reactome:Pathway533,
reactome:Pathway60,abstraction:IsAChildOf,reactome:Pathway31,
reactome:Pathway1728,abstraction:IsAChildOf,reactome:Pathway1727,
reactome:Pathway2073,abstraction:IsAChildOf,reactome:Pathway2072,
reactome:Pathway431,abstraction:IsAChildOf,reactome:Pathway427,
reactome:Pathway2550,abstraction:IsAChildOf,reactome:Pathway2547,
reactome:Pathway396,abstraction:IsAChildOf,reactome:Pathway326,
reactome:Pathway963,abstraction:IsAChildOf,reactome:Pathway951,
reactome:Pathway678,abstraction:IsAChildOf,reactome:Pathway676,
reactome:Pathway2626,abstraction:IsAChildOf,reactome:Pathway2535,
reactome:Pathway2203,abstraction:IsAChildOf,reactome:Pathway2195,
reactome:Pathway904,abstraction:IsAChildOf,reactome:Pathway894,
reactome:Pathway1744,abstraction:IsAChildOf,reactome:Pathway1743,
reactome:Pathway623,abstraction:IsAChildOf,reactome:Pathway604,
reactome:Pathway1443,abstraction:IsAChildOf,reactome:Pathway1433,
reactome:Pathway977,abstraction:IsAChildOf,reactome:Pathway966,
reactome:Pathway906,abstraction:IsAChildOf,reactome:Pathway893,
reactome:Pathway2543,abstraction:IsAChildOf,reactome:Pathway2542,
reactome:Pathway986,abstraction:IsAChildOf,reactome:Pathway984,
reactome:Pathway107,abstraction:IsAChildOf,reactome:Pathway95,
reactome:Pathway2688,abstraction:IsAChildOf,reactome:Pathway2685,
reactome:Pathway2804,abstraction:IsAChildOf,reactome:Pathway2800,
reactome:Pathway2581,abstraction:IsAChildOf,reactome:Pathway2536,
reactome:Pathway18,abstraction:IsAChildOf,reactome:Pathway17,
reactome:Pathway240,abstraction:IsAChildOf,reactome:Pathway236,
reactome:Pathway2613,abstraction:IsAChildOf,reactome:Pathway2612,
reactome:Pathway395,abstraction:IsAChildOf,reactome:Pathway326,
reactome:Pathway2360,abstraction:IsAChildOf,reactome:Pathway2357,
reactome:Pathway2647,abstraction:IsAChildOf,reactome:Pathway2646,
reactome:Pathway1207,abstraction:IsAChildOf,reactome:Pathway1204,
reactome:Pathway2020,abstraction:IsAChildOf,reactome:Pathway2010,
reactome:Pathway1901,abstraction:IsAChildOf,reactome:Pathway1894,
reactome:Pathway468,abstraction:IsAChildOf,reactome:Pathway467,
reactome:Pathway982,abstraction:IsAChildOf,reactome:Pathway966,
reactome:Pathway612,abstraction:IsAChildOf,reactome:Pathway611,
reactome:Pathway524,abstraction:IsAChildOf,reactome:Pathway522,
reactome:Pathway2658,abstraction:IsAChildOf,reactome:Pathway2656,
reactome:Pathway2645,abstraction:IsAChildOf,reactome:Pathway2639,
reactome:Pathway411,abstraction:IsAChildOf,reactome:Pathway289,
reactome:Pathway1079,abstraction:IsAChildOf,reactome:Pathway1078,
reactome:Pathway2603,abstraction:IsAChildOf,reactome:Pathway2599,
reactome:Pathway637,abstraction:IsAChildOf,reactome:Pathway628,
reactome:Pathway1832,abstraction:IsAChildOf,reactome:Pathway1831,
reactome:Pathway2004,abstraction:IsAChildOf,reactome:Pathway2002,
reactome:Pathway1329,abstraction:IsAChildOf,reactome:Pathway1328,
reactome:Pathway1010,abstraction:IsAChildOf,reactome:Pathway854,
reactome:Pathway2649,abstraction:IsAChildOf,reactome:Pathway2646,
reactome:Pathway1393,abstraction:IsAChildOf,reactome:Pathway1389,
reactome:Pathway264,abstraction:IsAChildOf,reactome:Pathway256,
reactome:Pathway316,abstraction:IsAChildOf,reactome:Pathway313,
reactome:Pathway1848,abstraction:IsAChildOf,reactome:Pathway1769,
reactome:Pathway267,abstraction:IsAChildOf,reactome:Pathway254,
reactome:Pathway2275,abstraction:IsAChildOf,reactome:Pathway2268,
reactome:Pathway928,abstraction:IsAChildOf,reactome:Pathway909,
reactome:Pathway198,abstraction:IsAChildOf,reactome:Pathway196,
reactome:Pathway1580,abstraction:IsAChildOf,reactome:Pathway1572,
reactome:Pathway1025,abstraction:IsAChildOf,reactome:Pathway1022,
reactome:Pathway2825,abstraction:IsAChildOf,reactome:Pathway2824,
reactome:Pathway262,abstraction:IsAChildOf,reactome:Pathway256,
reactome:Pathway1990,abstraction:IsAChildOf,reactome:Pathway1938,
reactome:Pathway2343,abstraction:IsAChildOf,reactome:Pathway2342,
reactome:Pathway823,abstraction:IsAChildOf,reactome:Pathway784,
reactome:Pathway1723,abstraction:IsAChildOf,reactome:Pathway1721,
reactome:Pathway221,abstraction:IsAChildOf,reactome:Pathway195,
reactome:Pathway847,abstraction:IsAChildOf,reactome:Pathway784,
reactome:Pathway1238,abstraction:IsAChildOf,reactome:Pathway1237,
reactome:Pathway2798,abstraction:IsAChildOf,reactome:Pathway2797,
reactome:Pathway887,abstraction:IsAChildOf,reactome:Pathway886,
reactome:Pathway2069,abstraction:IsAChildOf,reactome:Pathway2059,
reactome:Pathway697,abstraction:IsAChildOf,reactome:Pathway695,
reactome:Pathway1174,abstraction:IsAChildOf,reactome:Pathway1172,
reactome:Pathway103,abstraction:IsAChildOf,reactome:Pathway97,
reactome:Pathway2637,abstraction:IsAChildOf,reactome:Pathway2636,
reactome:Pathway767,abstraction:IsAChildOf,reactome:Pathway533,
reactome:Pathway1582,abstraction:IsAChildOf,reactome:Pathway1572,
reactome:Pathway1071,abstraction:IsAChildOf,reactome:Pathway1035,
reactome:Pathway1072,abstraction:IsAChildOf,reactome:Pathway1071,
reactome:Pathway1165,abstraction:IsAChildOf,reactome:Pathway1164,
reactome:Pathway102,abstraction:IsAChildOf,reactome:Pathway97,
reactome:Pathway2002,abstraction:IsAChildOf,reactome:Pathway1992,
reactome:Pathway1202,abstraction:IsAChildOf,reactome:Pathway1194,
reactome:Pathway2263,abstraction:IsAChildOf,reactome:Pathway2261,
reactome:Pathway478,abstraction:IsAChildOf,reactome:Pathway477,
reactome:Pathway173,abstraction:IsAChildOf,reactome:Pathway170,
reactome:Pathway1426,abstraction:IsAChildOf,reactome:Pathway1425,
reactome:Pathway2086,abstraction:IsAChildOf,reactome:Pathway2079,
reactome:Pathway1686,abstraction:IsAChildOf,reactome:Pathway1685,
reactome:Pathway251,abstraction:IsAChildOf,reactome:Pathway236,
reactome:Pathway1397,abstraction:IsAChildOf,reactome:Pathway1394,
reactome:Pathway2117,abstraction:IsAChildOf,reactome:Pathway2111,
reactome:Pathway1872,abstraction:IsAChildOf,reactome:Pathway1769,
reactome:Pathway99,abstraction:IsAChildOf,reactome:Pathway97,
reactome:Pathway745,abstraction:IsAChildOf,reactome:Pathway743,
reactome:Pathway156,abstraction:IsAChildOf,reactome:Pathway152,
reactome:Pathway737,abstraction:IsAChildOf,reactome:Pathway736,
reactome:Pathway119,abstraction:IsAChildOf,reactome:Pathway120,
reactome:Pathway725,abstraction:IsAChildOf,reactome:Pathway533,
reactome:Pathway1756,abstraction:IsAChildOf,reactome:Pathway1727,
reactome:Pathway2515,abstraction:IsAChildOf,reactome:Pathway2514,
reactome:Pathway941,abstraction:IsAChildOf,reactome:Pathway854,
reactome:Pathway1283,abstraction:IsAChildOf,reactome:Pathway1277,
reactome:Pathway2084,abstraction:IsAChildOf,reactome:Pathway2079,
reactome:Pathway2491,abstraction:IsAChildOf,reactome:Pathway2464,
reactome:Pathway2432,abstraction:IsAChildOf,reactome:Pathway2374,
reactome:Pathway1611,abstraction:IsAChildOf,reactome:Pathway1610,
reactome:Pathway2427,abstraction:IsAChildOf,reactome:Pathway2426,
reactome:Pathway277,abstraction:IsAChildOf,reactome:Pathway276,
reactome:Pathway2184,abstraction:IsAChildOf,reactome:Pathway2183,
reactome:Pathway918,abstraction:IsAChildOf,reactome:Pathway909,
reactome:Pathway2410,abstraction:IsAChildOf,reactome:Pathway2409,
reactome:Pathway1572,abstraction:IsAChildOf,reactome:Pathway1567,
reactome:Pathway2051,abstraction:IsAChildOf,reactome:Pathway2049,
reactome:Pathway1625,abstraction:IsAChildOf,reactome:Pathway1619,
reactome:Pathway2496,abstraction:IsAChildOf,reactome:Pathway2491,
reactome:Pathway2239,abstraction:IsAChildOf,reactome:Pathway2237,
reactome:Pathway835,abstraction:IsAChildOf,reactome:Pathway784,
reactome:Pathway1009,abstraction:IsAChildOf,reactome:Pathway994,
reactome:Pathway2146,abstraction:IsAChildOf,reactome:Pathway2145,
reactome:Pathway2450,abstraction:IsAChildOf,reactome:Pathway2449,
reactome:Pathway376,abstraction:IsAChildOf,reactome:Pathway373,
reactome:Pathway738,abstraction:IsAChildOf,reactome:Pathway736,
reactome:Pathway2546,abstraction:IsAChildOf,reactome:Pathway2542,
reactome:Pathway1068,abstraction:IsAChildOf,reactome:Pathway1052,
reactome:Pathway2674,abstraction:IsAChildOf,reactome:Pathway2672,
reactome:Pathway2095,abstraction:IsAChildOf,reactome:Pathway2093,
reactome:Pathway377,abstraction:IsAChildOf,reactome:Pathway373,
reactome:Pathway1942,abstraction:IsAChildOf,reactome:Pathway1938,
reactome:Pathway2231,abstraction:IsAChildOf,reactome:Pathway2214,
reactome:Pathway2261,abstraction:IsAChildOf,reactome:Pathway2245,
reactome:Pathway144,abstraction:IsAChildOf,reactome:Pathway115,
reactome:Pathway1759,abstraction:IsAChildOf,reactome:Pathway1756,
reactome:Pathway548,abstraction:IsAChildOf,reactome:Pathway544,
reactome:Pathway203,abstraction:IsAChildOf,reactome:Pathway200,
reactome:Pathway1088,abstraction:IsAChildOf,reactome:Pathway1085,
reactome:Pathway1574,abstraction:IsAChildOf,reactome:Pathway1572,
reactome:Pathway297,abstraction:IsAChildOf,reactome:Pathway295,
reactome:Pathway1633,abstraction:IsAChildOf,reactome:Pathway1631,
reactome:Pathway2692,abstraction:IsAChildOf,reactome:Pathway2666,
reactome:Pathway360,abstraction:IsAChildOf,reactome:Pathway359,
reactome:Pathway2495,abstraction:IsAChildOf,reactome:Pathway2493,
reactome:Pathway2440,abstraction:IsAChildOf,reactome:Pathway2439,
reactome:Pathway142,abstraction:IsAChildOf,reactome:Pathway140,
reactome:Pathway591,abstraction:IsAChildOf,reactome:Pathway590,
reactome:Pathway2479,abstraction:IsAChildOf,reactome:Pathway2475,
reactome:Pathway389,abstraction:IsAChildOf,reactome:Pathway386,
reactome:Pathway935,abstraction:IsAChildOf,reactome:Pathway909,
reactome:Pathway953,abstraction:IsAChildOf,reactome:Pathway951,
reactome:Pathway677,abstraction:IsAChildOf,reactome:Pathway676,
reactome:Pathway329,abstraction:IsAChildOf,reactome:Pathway328,
reactome:Pathway2103,abstraction:IsAChildOf,reactome:Pathway2076,
reactome:Pathway1967,abstraction:IsAChildOf,reactome:Pathway1942,
reactome:Pathway2718,abstraction:IsAChildOf,reactome:Pathway2714,
reactome:Pathway2038,abstraction:IsAChildOf,reactome:Pathway2022,
reactome:Pathway1473,abstraction:IsAChildOf,reactome:Pathway1472,
reactome:Pathway2537,abstraction:IsAChildOf,reactome:Pathway2536,
reactome:Pathway1411,abstraction:IsAChildOf,reactome:Pathway1319,
reactome:Pathway878,abstraction:IsAChildOf,reactome:Pathway873,
reactome:Pathway1339,abstraction:IsAChildOf,reactome:Pathway1350,
reactome:Pathway2644,abstraction:IsAChildOf,reactome:Pathway2639,
reactome:Pathway567,abstraction:IsAChildOf,reactome:Pathway565,
reactome:Pathway88,abstraction:IsAChildOf,reactome:Pathway86,
reactome:Pathway1173,abstraction:IsAChildOf,reactome:Pathway1172,
reactome:Pathway1270,abstraction:IsAChildOf,reactome:Pathway1266,
reactome:Pathway1419,abstraction:IsAChildOf,reactome:Pathway1414,
reactome:Pathway1108,abstraction:IsAChildOf,reactome:Pathway1096,
reactome:Pathway2290,abstraction:IsAChildOf,reactome:Pathway2289,
reactome:Pathway2385,abstraction:IsAChildOf,reactome:Pathway2383,
reactome:Pathway1860,abstraction:IsAChildOf,reactome:Pathway1859,
reactome:Pathway330,abstraction:IsAChildOf,reactome:Pathway328,
reactome:Pathway719,abstraction:IsAChildOf,reactome:Pathway717,
reactome:Pathway2125,abstraction:IsAChildOf,reactome:Pathway2111,
reactome:Pathway1521,abstraction:IsAChildOf,reactome:Pathway1520,
reactome:Pathway890,abstraction:IsAChildOf,reactome:Pathway886,
reactome:Pathway1778,abstraction:IsAChildOf,reactome:Pathway1801,
reactome:Pathway214,abstraction:IsAChildOf,reactome:Pathway211,
reactome:Pathway270,abstraction:IsAChildOf,reactome:Pathway236,
reactome:Pathway130,abstraction:IsAChildOf,reactome:Pathway129,
reactome:Pathway2401,abstraction:IsAChildOf,reactome:Pathway2400,
reactome:Pathway2590,abstraction:IsAChildOf,reactome:Pathway2588,
reactome:Pathway549,abstraction:IsAChildOf,reactome:Pathway542,
reactome:Pathway1493,abstraction:IsAChildOf,reactome:Pathway1491,
reactome:Pathway2680,abstraction:IsAChildOf,reactome:Pathway2672,
reactome:Pathway1027,abstraction:IsAChildOf,reactome:Pathway1021,
reactome:Pathway955,abstraction:IsAChildOf,reactome:Pathway951,
reactome:Pathway1400,abstraction:IsAChildOf,reactome:Pathway1394,
reactome:Pathway2014,abstraction:IsAChildOf,reactome:Pathway2010,
reactome:Pathway1676,abstraction:IsAChildOf,reactome:Pathway1667,
reactome:Pathway1038,abstraction:IsAChildOf,reactome:Pathway1037,
reactome:Pathway1989,abstraction:IsAChildOf,reactome:Pathway1988,
reactome:Pathway1588,abstraction:IsAChildOf,reactome:Pathway1583,
reactome:Pathway1234,abstraction:IsAChildOf,reactome:Pathway1231,
reactome:Pathway436,abstraction:IsAChildOf,reactome:Pathway435,
reactome:Pathway2531,abstraction:IsAChildOf,reactome:Pathway2530,
reactome:Pathway1698,abstraction:IsAChildOf,reactome:Pathway1318,
reactome:Pathway1102,abstraction:IsAChildOf,reactome:Pathway1100,
reactome:Pathway2189,abstraction:IsAChildOf,reactome:Pathway2188,
reactome:Pathway2315,abstraction:IsAChildOf,reactome:Pathway2021,
reactome:Pathway892,abstraction:IsAChildOf,reactome:Pathway854,
reactome:Pathway684,abstraction:IsAChildOf,reactome:Pathway676,
reactome:Pathway1366,abstraction:IsAChildOf,reactome:Pathway1364,
reactome:Pathway1624,abstraction:IsAChildOf,reactome:Pathway1623,
reactome:Pathway34,abstraction:IsAChildOf,reactome:Pathway33,
reactome:Pathway361,abstraction:IsAChildOf,reactome:Pathway359,
reactome:Pathway599,abstraction:IsAChildOf,reactome:Pathway598,
reactome:Pathway1277,abstraction:IsAChildOf,reactome:Pathway1274,
reactome:Pathway1255,abstraction:IsAChildOf,reactome:Pathway1252,
reactome:Pathway2553,abstraction:IsAChildOf,reactome:Pathway2552,
reactome:Pathway405,abstraction:IsAChildOf,reactome:Pathway402,
reactome:Pathway2418,abstraction:IsAChildOf,reactome:Pathway2417,
reactome:Pathway37,abstraction:IsAChildOf,reactome:Pathway33,
reactome:Pathway1134,abstraction:IsAChildOf,reactome:Pathway1133,
reactome:Pathway638,abstraction:IsAChildOf,reactome:Pathway628,
reactome:Pathway1458,abstraction:IsAChildOf,reactome:Pathway1453,
reactome:Pathway2675,abstraction:IsAChildOf,reactome:Pathway2674,
reactome:Pathway1674,abstraction:IsAChildOf,reactome:Pathway1667,
reactome:Pathway718,abstraction:IsAChildOf,reactome:Pathway717,
reactome:Pathway2411,abstraction:IsAChildOf,reactome:Pathway2409,
reactome:Pathway25,abstraction:IsAChildOf,reactome:Pathway2,
reactome:Pathway1130,abstraction:IsAChildOf,reactome:Pathway1127,
reactome:Pathway2654,abstraction:IsAChildOf,reactome:Pathway2652,
reactome:Pathway752,abstraction:IsAChildOf,reactome:Pathway751,
reactome:Pathway804,abstraction:IsAChildOf,reactome:Pathway784,
reactome:Pathway850,abstraction:IsAChildOf,reactome:Pathway784,
reactome:Pathway2561,abstraction:IsAChildOf,reactome:Pathway2536,
reactome:Pathway880,abstraction:IsAChildOf,reactome:Pathway873,
reactome:Pathway661,abstraction:IsAChildOf,reactome:Pathway659,
reactome:Pathway2193,abstraction:IsAChildOf,reactome:Pathway2190,
reactome:Pathway1483,abstraction:IsAChildOf,reactome:Pathway1482,
reactome:Pathway1887,abstraction:IsAChildOf,reactome:Pathway1885,
reactome:Pathway2337,abstraction:IsAChildOf,reactome:Pathway2334,
reactome:Pathway2165,abstraction:IsAChildOf,reactome:Pathway2161,
reactome:Pathway1531,abstraction:IsAChildOf,reactome:Pathway1530,
reactome:Pathway2,abstraction:IsAChildOf,reactome:Pathway1,
reactome:Pathway1736,abstraction:IsAChildOf,reactome:Pathway1734,
reactome:Pathway789,abstraction:IsAChildOf,reactome:Pathway784,
reactome:Pathway2659,abstraction:IsAChildOf,reactome:Pathway2658,
reactome:Pathway2307,abstraction:IsAChildOf,reactome:Pathway2268,
reactome:Pathway622,abstraction:IsAChildOf,reactome:Pathway604,
reactome:Pathway2335,abstraction:IsAChildOf,reactome:Pathway2334,
reactome:Pathway1593,abstraction:IsAChildOf,reactome:Pathway1590,
reactome:Pathway1562,abstraction:IsAChildOf,reactome:Pathway1559,
reactome:Pathway607,abstraction:IsAChildOf,reactome:Pathway605,
reactome:Pathway1355,abstraction:IsAChildOf,reactome:Pathway1351,
reactome:Pathway2631,abstraction:IsAChildOf,reactome:Pathway2630,
reactome:Pathway2272,abstraction:IsAChildOf,reactome:Pathway2268,
reactome:Pathway2082,abstraction:IsAChildOf,reactome:Pathway2079,
reactome:Pathway751,abstraction:IsAChildOf,reactome:Pathway742,
reactome:Pathway252,abstraction:IsAChildOf,reactome:Pathway236,
reactome:Pathway1437,abstraction:IsAChildOf,reactome:Pathway1433,
reactome:Pathway2236,abstraction:IsAChildOf,reactome:Pathway2232,
reactome:Pathway2748,abstraction:IsAChildOf,reactome:Pathway2741,
reactome:Pathway2611,abstraction:IsAChildOf,reactome:Pathway2606,
reactome:Pathway1834,abstraction:IsAChildOf,reactome:Pathway1831,
reactome:Pathway2420,abstraction:IsAChildOf,reactome:Pathway2417,
reactome:Pathway2473,abstraction:IsAChildOf,reactome:Pathway2466,
reactome:Pathway314,abstraction:IsAChildOf,reactome:Pathway313,
reactome:Pathway2580,abstraction:IsAChildOf,reactome:Pathway2568,
reactome:Pathway2779,abstraction:IsAChildOf,reactome:Pathway2739,
reactome:Pathway1212,abstraction:IsAChildOf,reactome:Pathway1211,
reactome:Pathway1740,abstraction:IsAChildOf,reactome:Pathway1739,
reactome:Pathway2295,abstraction:IsAChildOf,reactome:Pathway2289,
reactome:Pathway2538,abstraction:IsAChildOf,reactome:Pathway2536,
reactome:Pathway2484,abstraction:IsAChildOf,reactome:Pathway2483,
reactome:Pathway1545,abstraction:IsAChildOf,reactome:Pathway1542,
reactome:Pathway2742,abstraction:IsAChildOf,reactome:Pathway2741,
reactome:Pathway1564,abstraction:IsAChildOf,reactome:Pathway1563,
reactome:Pathway1994,abstraction:IsAChildOf,reactome:Pathway1993,
reactome:Pathway714,abstraction:IsAChildOf,reactome:Pathway712,
reactome:Pathway965,abstraction:IsAChildOf,reactome:Pathway951,
reactome:Pathway720,abstraction:IsAChildOf,reactome:Pathway716,
reactome:Pathway553,abstraction:IsAChildOf,reactome:Pathway550,
reactome:Pathway356,abstraction:IsAChildOf,reactome:Pathway355,
reactome:Pathway849,abstraction:IsAChildOf,reactome:Pathway784,
reactome:Pathway1877,abstraction:IsAChildOf,reactome:Pathway1876,
reactome:Pathway1051,abstraction:IsAChildOf,reactome:Pathway1049,
reactome:Pathway2766,abstraction:IsAChildOf,reactome:Pathway2765,
reactome:Pathway2555,abstraction:IsAChildOf,reactome:Pathway2553,
reactome:Pathway518,abstraction:IsAChildOf,reactome:Pathway515,
reactome:Pathway894,abstraction:IsAChildOf,reactome:Pathway893,
reactome:Pathway2592,abstraction:IsAChildOf,reactome:Pathway2588,
reactome:Pathway2007,abstraction:IsAChildOf,reactome:Pathway2002,
reactome:Pathway525,abstraction:IsAChildOf,reactome:Pathway515,
reactome:Pathway691,abstraction:IsAChildOf,reactome:Pathway534,
reactome:Pathway1598,abstraction:IsAChildOf,reactome:Pathway1597,
reactome:Pathway2485,abstraction:IsAChildOf,reactome:Pathway2483,
reactome:Pathway1866,abstraction:IsAChildOf,reactome:Pathway1769,
reactome:Pathway74,abstraction:IsAChildOf,reactome:Pathway31,
reactome:Pathway1620,abstraction:IsAChildOf,reactome:Pathway1619,
reactome:Pathway827,abstraction:IsAChildOf,reactome:Pathway784,
reactome:Pathway1226,abstraction:IsAChildOf,reactome:Pathway1222,
reactome:Pathway67,abstraction:IsAChildOf,reactome:Pathway65,
reactome:Pathway2107,abstraction:IsAChildOf,reactome:Pathway2072,
reactome:Pathway2635,abstraction:IsAChildOf,reactome:Pathway2628,
reactome:Pathway30,abstraction:IsAChildOf,reactome:Pathway1,
reactome:Pathway2667,abstraction:IsAChildOf,reactome:Pathway2666,
reactome:Pathway250,abstraction:IsAChildOf,reactome:Pathway245,
reactome:Pathway2726,abstraction:IsAChildOf,reactome:Pathway2723,
reactome:Pathway33,abstraction:IsAChildOf,reactome:Pathway31,
reactome:Pathway1566,abstraction:IsAChildOf,reactome:Pathway1563,
reactome:Pathway1695,abstraction:IsAChildOf,reactome:Pathway1694,
reactome:Pathway980,abstraction:IsAChildOf,reactome:Pathway966,
reactome:Pathway114,abstraction:IsAChildOf,reactome:Pathway113,
reactome:Pathway2767,abstraction:IsAChildOf,reactome:Pathway2765,
reactome:Pathway2770,abstraction:IsAChildOf,reactome:Pathway2765,
reactome:Pathway49,abstraction:IsAChildOf,reactome:Pathway48,
reactome:Pathway1802,abstraction:IsAChildOf,reactome:Pathway1799,
reactome:Pathway871,abstraction:IsAChildOf,reactome:Pathway856,
reactome:Pathway298,abstraction:IsAChildOf,reactome:Pathway295,
reactome:Pathway421,abstraction:IsAChildOf,reactome:Pathway2382,
reactome:Pathway2497,abstraction:IsAChildOf,reactome:Pathway2464,
reactome:Pathway701,abstraction:IsAChildOf,reactome:Pathway695,
reactome:Pathway100,abstraction:IsAChildOf,reactome:Pathway97,
reactome:Pathway1913,abstraction:IsAChildOf,reactome:Pathway1911,
reactome:Pathway1543,abstraction:IsAChildOf,reactome:Pathway1542,
reactome:Pathway2612,abstraction:IsAChildOf,reactome:Pathway2536,
reactome:Pathway1511,abstraction:IsAChildOf,reactome:Pathway1490,
reactome:Pathway2017,abstraction:IsAChildOf,reactome:Pathway2010,
reactome:Pathway2042,abstraction:IsAChildOf,reactome:Pathway2038,
reactome:Pathway2505,abstraction:IsAChildOf,reactome:Pathway2504,
reactome:Pathway66,abstraction:IsAChildOf,reactome:Pathway65,
reactome:Pathway81,abstraction:IsAChildOf,reactome:Pathway80,
reactome:Pathway2054,abstraction:IsAChildOf,reactome:Pathway2022,
reactome:Pathway960,abstraction:IsAChildOf,reactome:Pathway951,
reactome:Pathway1533,abstraction:IsAChildOf,reactome:Pathway1530,
reactome:Pathway493,abstraction:IsAChildOf,reactome:Pathway486,
reactome:Pathway2152,abstraction:IsAChildOf,reactome:Pathway2150,
reactome:Pathway1315,abstraction:IsAChildOf,reactome:Pathway1312,
reactome:Pathway1820,abstraction:IsAChildOf,reactome:Pathway1813,
reactome:Pathway1895,abstraction:IsAChildOf,reactome:Pathway1894,
reactome:Pathway2288,abstraction:IsAChildOf,reactome:Pathway2287,
reactome:Pathway1519,abstraction:IsAChildOf,reactome:Pathway1488,
reactome:Pathway1299,abstraction:IsAChildOf,reactome:Pathway1298,
reactome:Pathway308,abstraction:IsAChildOf,reactome:Pathway290,
reactome:Pathway916,abstraction:IsAChildOf,reactome:Pathway909,
reactome:Pathway1822,abstraction:IsAChildOf,reactome:Pathway1813,
reactome:Pathway1843,abstraction:IsAChildOf,reactome:Pathway1841,
reactome:Pathway1289,abstraction:IsAChildOf,reactome:Pathway1285,
reactome:Pathway138,abstraction:IsAChildOf,reactome:Pathway126,
reactome:Pathway174,abstraction:IsAChildOf,reactome:Pathway173,
reactome:Pathway1935,abstraction:IsAChildOf,reactome:Pathway1881,
reactome:Pathway229,abstraction:IsAChildOf,reactome:Pathway226,
reactome:Pathway285,abstraction:IsAChildOf,reactome:Pathway284,
reactome:Pathway2815,abstraction:IsAChildOf,reactome:Pathway2811,
reactome:Pathway2088,abstraction:IsAChildOf,reactome:Pathway2076,
reactome:Pathway546,abstraction:IsAChildOf,reactome:Pathway544,
reactome:Pathway2585,abstraction:IsAChildOf,reactome:Pathway2583,
reactome:Pathway1159,abstraction:IsAChildOf,reactome:Pathway1133,
reactome:Pathway1459,abstraction:IsAChildOf,reactome:Pathway1458,
reactome:Pathway2693,abstraction:IsAChildOf,reactome:Pathway2692,
reactome:Pathway2741,abstraction:IsAChildOf,reactome:Pathway2740,
reactome:Pathway1455,abstraction:IsAChildOf,reactome:Pathway1453,
reactome:Pathway1500,abstraction:IsAChildOf,reactome:Pathway1498,
reactome:Pathway2109,abstraction:IsAChildOf,reactome:Pathway2107,
reactome:Pathway1868,abstraction:IsAChildOf,reactome:Pathway1867,
reactome:Pathway110,abstraction:IsAChildOf,reactome:Pathway108,
reactome:Pathway2567,abstraction:IsAChildOf,reactome:Pathway2561,
reactome:Pathway2379,abstraction:IsAChildOf,reactome:Pathway2375,
reactome:Pathway1595,abstraction:IsAChildOf,reactome:Pathway1593,
reactome:Pathway2651,abstraction:IsAChildOf,reactome:Pathway2649,
reactome:Pathway1569,abstraction:IsAChildOf,reactome:Pathway1567,
reactome:Pathway740,abstraction:IsAChildOf,reactome:Pathway736,
reactome:Pathway1779,abstraction:IsAChildOf,reactome:Pathway1778,
reactome:Pathway1278,abstraction:IsAChildOf,reactome:Pathway1277,
reactome:Pathway1215,abstraction:IsAChildOf,reactome:Pathway1213,
reactome:Pathway131,abstraction:IsAChildOf,reactome:Pathway129,
reactome:Pathway1944,abstraction:IsAChildOf,reactome:Pathway1943,
reactome:Pathway2326,abstraction:IsAChildOf,reactome:Pathway2317,
reactome:Pathway2282,abstraction:IsAChildOf,reactome:Pathway2268,
reactome:Pathway735,abstraction:IsAChildOf,reactome:Pathway533,
reactome:Pathway313,abstraction:IsAChildOf,reactome:Pathway290,
reactome:Pathway912,abstraction:IsAChildOf,reactome:Pathway909,
reactome:Pathway1790,abstraction:IsAChildOf,reactome:Pathway1770,
reactome:Pathway2824,abstraction:IsAChildOf,reactome:Pathway2713,
reactome:Pathway1767,abstraction:IsAChildOf,reactome:Pathway1727,
reactome:Pathway2623,abstraction:IsAChildOf,reactome:Pathway2535,
reactome:Pathway1405,abstraction:IsAChildOf,reactome:Pathway1370,
reactome:Pathway550,abstraction:IsAChildOf,reactome:Pathway549,
reactome:Pathway1883,abstraction:IsAChildOf,reactome:Pathway1882,
reactome:Pathway884,abstraction:IsAChildOf,reactome:Pathway855,
reactome:Pathway2634,abstraction:IsAChildOf,reactome:Pathway2628,
reactome:Pathway942,abstraction:IsAChildOf,reactome:Pathway854,
reactome:Pathway1798,abstraction:IsAChildOf,reactome:Pathway1770,
reactome:Pathway551,abstraction:IsAChildOf,reactome:Pathway550,
reactome:Pathway1492,abstraction:IsAChildOf,reactome:Pathway1491,
reactome:Pathway510,abstraction:IsAChildOf,reactome:Pathway509,
reactome:Pathway1161,abstraction:IsAChildOf,reactome:Pathway1160,
reactome:Pathway1771,abstraction:IsAChildOf,reactome:Pathway1770,
reactome:Pathway196,abstraction:IsAChildOf,reactome:Pathway195,
reactome:Pathway1605,abstraction:IsAChildOf,reactome:Pathway1602,
reactome:Pathway129,abstraction:IsAChildOf,reactome:Pathway126,
reactome:Pathway423,abstraction:IsAChildOf,reactome:Pathway422,
reactome:Pathway403,abstraction:IsAChildOf,reactome:Pathway402,
reactome:Pathway1347,abstraction:IsAChildOf,reactome:Pathway1345,
reactome:Pathway639,abstraction:IsAChildOf,reactome:Pathway628,
reactome:Pathway903,abstraction:IsAChildOf,reactome:Pathway894,
reactome:Pathway2062,abstraction:IsAChildOf,reactome:Pathway2059,
reactome:Pathway1132,abstraction:IsAChildOf,reactome:Pathway1116,
reactome:Pathway219,abstraction:IsAChildOf,reactome:Pathway195,
reactome:Pathway1858,abstraction:IsAChildOf,reactome:Pathway1854,
reactome:Pathway857,abstraction:IsAChildOf,reactome:Pathway856,
reactome:Pathway2764,abstraction:IsAChildOf,reactome:Pathway2756,
reactome:Pathway2044,abstraction:IsAChildOf,reactome:Pathway2042,
reactome:Pathway2708,abstraction:IsAChildOf,reactome:Pathway2707,
reactome:Pathway1558,abstraction:IsAChildOf,reactome:Pathway1556,
reactome:Pathway94,abstraction:IsAChildOf,reactome:Pathway93,
reactome:Pathway958,abstraction:IsAChildOf,reactome:Pathway951,
reactome:Pathway2059,abstraction:IsAChildOf,reactome:Pathway2021,
reactome:Pathway1341,abstraction:IsAChildOf,reactome:Pathway1340,
reactome:Pathway2087,abstraction:IsAChildOf,reactome:Pathway2079,
reactome:Pathway915,abstraction:IsAChildOf,reactome:Pathway909,
reactome:Pathway1585,abstraction:IsAChildOf,reactome:Pathway1584,
reactome:Pathway1537,abstraction:IsAChildOf,reactome:Pathway1519,
reactome:Pathway645,abstraction:IsAChildOf,reactome:Pathway534,
reactome:Pathway523,abstraction:IsAChildOf,reactome:Pathway522,
reactome:Pathway2434,abstraction:IsAChildOf,reactome:Pathway2433,
reactome:Pathway1528,abstraction:IsAChildOf,reactome:Pathway1527,
reactome:Pathway225,abstraction:IsAChildOf,reactome:Pathway223,
reactome:Pathway1196,abstraction:IsAChildOf,reactome:Pathway1195,
reactome:Pathway1160,abstraction:IsAChildOf,reactome:Pathway1082,
reactome:Pathway1041,abstraction:IsAChildOf,reactome:Pathway1037,
reactome:Pathway2186,abstraction:IsAChildOf,reactome:Pathway2185,
reactome:Pathway1609,abstraction:IsAChildOf,reactome:Pathway1607,
reactome:Pathway1637,abstraction:IsAChildOf,reactome:Pathway1636,
reactome:Pathway192,abstraction:IsAChildOf,reactome:Pathway188,
reactome:Pathway1323,abstraction:IsAChildOf,reactome:Pathway1320,
reactome:Pathway2778,abstraction:IsAChildOf,reactome:Pathway2740,
reactome:Pathway706,abstraction:IsAChildOf,reactome:Pathway705,
reactome:Pathway1899,abstraction:IsAChildOf,reactome:Pathway1894,
reactome:Pathway1034,abstraction:IsAChildOf,reactome:Pathway533,
reactome:Pathway744,abstraction:IsAChildOf,reactome:Pathway743,
reactome:Pathway2759,abstraction:IsAChildOf,reactome:Pathway2756,
reactome:Pathway1336,abstraction:IsAChildOf,reactome:Pathway1333,
reactome:Pathway1503,abstraction:IsAChildOf,reactome:Pathway1498,
reactome:Pathway1768,abstraction:IsAChildOf,reactome:Pathway1727,
reactome:Pathway29,abstraction:IsAChildOf,reactome:Pathway1,
reactome:Pathway2666,abstraction:IsAChildOf,reactome:Pathway2665,
reactome:Pathway136,abstraction:IsAChildOf,reactome:Pathway129,
reactome:Pathway787,abstraction:IsAChildOf,reactome:Pathway784,
reactome:Pathway2480,abstraction:IsAChildOf,reactome:Pathway2475,
reactome:Pathway1697,abstraction:IsAChildOf,reactome:Pathway1694,
reactome:Pathway70,abstraction:IsAChildOf,reactome:Pathway69,
reactome:Pathway1235,abstraction:IsAChildOf,reactome:Pathway1231,
reactome:Pathway1825,abstraction:IsAChildOf,reactome:Pathway1823,
reactome:Pathway1376,abstraction:IsAChildOf,reactome:Pathway1374,
reactome:Pathway472,abstraction:IsAChildOf,reactome:Pathway467,
reactome:Pathway1150,abstraction:IsAChildOf,reactome:Pathway1133,
reactome:Pathway654,abstraction:IsAChildOf,reactome:Pathway651,
reactome:Pathway355,abstraction:IsAChildOf,reactome:Pathway352,
reactome:Pathway2402,abstraction:IsAChildOf,reactome:Pathway2400,
reactome:Pathway1014,abstraction:IsAChildOf,reactome:Pathway1011,
reactome:Pathway2153,abstraction:IsAChildOf,reactome:Pathway2149,
reactome:Pathway879,abstraction:IsAChildOf,reactome:Pathway873,
reactome:Pathway209,abstraction:IsAChildOf,reactome:Pathway195,
reactome:Pathway1158,abstraction:IsAChildOf,reactome:Pathway1153,
reactome:Pathway1817,abstraction:IsAChildOf,reactome:Pathway1816,
reactome:Pathway507,abstraction:IsAChildOf,reactome:Pathway504,
reactome:Pathway2090,abstraction:IsAChildOf,reactome:Pathway2088,
reactome:Pathway2291,abstraction:IsAChildOf,reactome:Pathway2289,
reactome:Pathway1498,abstraction:IsAChildOf,reactome:Pathway1490,
reactome:Pathway1495,abstraction:IsAChildOf,reactome:Pathway1491,
reactome:Pathway310,abstraction:IsAChildOf,reactome:Pathway308,
reactome:Pathway2586,abstraction:IsAChildOf,reactome:Pathway2581,
reactome:Pathway709,abstraction:IsAChildOf,reactome:Pathway705,
reactome:Pathway1013,abstraction:IsAChildOf,reactome:Pathway1012,
reactome:Pathway2348,abstraction:IsAChildOf,reactome:Pathway2021,
reactome:Pathway1508,abstraction:IsAChildOf,reactome:Pathway1490,
reactome:Pathway470,abstraction:IsAChildOf,reactome:Pathway468,
reactome:Pathway1383,abstraction:IsAChildOf,reactome:Pathway1381,
reactome:Pathway2046,abstraction:IsAChildOf,reactome:Pathway2038,
reactome:Pathway366,abstraction:IsAChildOf,reactome:Pathway363,
reactome:Pathway2521,abstraction:IsAChildOf,reactome:Pathway2519,
reactome:Pathway427,abstraction:IsAChildOf,reactome:Pathway422,
reactome:Pathway2094,abstraction:IsAChildOf,reactome:Pathway2093,
reactome:Pathway1118,abstraction:IsAChildOf,reactome:Pathway1117,
reactome:Pathway2600,abstraction:IsAChildOf,reactome:Pathway2599,
reactome:Pathway2122,abstraction:IsAChildOf,reactome:Pathway2111,
reactome:Pathway2671,abstraction:IsAChildOf,reactome:Pathway2667,
reactome:Pathway365,abstraction:IsAChildOf,reactome:Pathway363,
reactome:Pathway2350,abstraction:IsAChildOf,reactome:Pathway2021,
reactome:Pathway1962,abstraction:IsAChildOf,reactome:Pathway1957,
reactome:Pathway1591,abstraction:IsAChildOf,reactome:Pathway1590,
reactome:Pathway1596,abstraction:IsAChildOf,reactome:Pathway1593,
reactome:Pathway1006,abstraction:IsAChildOf,reactome:Pathway994,
reactome:Pathway483,abstraction:IsAChildOf,reactome:Pathway481,
reactome:Pathway1199,abstraction:IsAChildOf,reactome:Pathway1195,
reactome:Pathway2771,abstraction:IsAChildOf,reactome:Pathway2765,
reactome:Pathway418,abstraction:IsAChildOf,reactome:Pathway417,
reactome:Pathway939,abstraction:IsAChildOf,reactome:Pathway909,
reactome:Pathway2305,abstraction:IsAChildOf,reactome:Pathway2302,
reactome:Pathway2821,abstraction:IsAChildOf,reactome:Pathway2820,
reactome:Pathway712,abstraction:IsAChildOf,reactome:Pathway711,
reactome:Pathway134,abstraction:IsAChildOf,reactome:Pathway129,
reactome:Pathway1240,abstraction:IsAChildOf,reactome:Pathway1237,
reactome:Pathway186,abstraction:IsAChildOf,reactome:Pathway181,
reactome:Pathway248,abstraction:IsAChildOf,reactome:Pathway245,
reactome:Pathway1076,abstraction:IsAChildOf,reactome:Pathway1075,
reactome:Pathway1682,abstraction:IsAChildOf,reactome:Pathway1681,
reactome:Pathway1777,abstraction:IsAChildOf,reactome:Pathway1776,
reactome:Pathway1907,abstraction:IsAChildOf,reactome:Pathway1908,
reactome:Pathway1629,abstraction:IsAChildOf,reactome:Pathway1617,
reactome:Pathway2523,abstraction:IsAChildOf,reactome:Pathway2464,
reactome:Pathway2498,abstraction:IsAChildOf,reactome:Pathway2497,
reactome:Pathway921,abstraction:IsAChildOf,reactome:Pathway909,
reactome:Pathway2474,abstraction:IsAChildOf,reactome:Pathway2466,
reactome:Pathway2308,abstraction:IsAChildOf,reactome:Pathway2307,
reactome:Pathway703,abstraction:IsAChildOf,reactome:Pathway534,
reactome:Pathway424,abstraction:IsAChildOf,reactome:Pathway422,
reactome:Pathway572,abstraction:IsAChildOf,reactome:Pathway565,
reactome:Pathway1496,abstraction:IsAChildOf,reactome:Pathway1491,
reactome:Pathway782,abstraction:IsAChildOf,reactome:Pathway768,
reactome:Pathway1897,abstraction:IsAChildOf,reactome:Pathway1894,
reactome:Pathway111,abstraction:IsAChildOf,reactome:Pathway107,
reactome:Pathway51,abstraction:IsAChildOf,reactome:Pathway48,
reactome:Pathway2393,abstraction:IsAChildOf,reactome:Pathway2390,
reactome:Pathway2158,abstraction:IsAChildOf,reactome:Pathway2156,
reactome:Pathway610,abstraction:IsAChildOf,reactome:Pathway608,
reactome:Pathway2578,abstraction:IsAChildOf,reactome:Pathway2568,
reactome:Pathway2041,abstraction:IsAChildOf,reactome:Pathway2038,
reactome:Pathway968,abstraction:IsAChildOf,reactome:Pathway966,
reactome:Pathway844,abstraction:IsAChildOf,reactome:Pathway784,
reactome:Pathway454,abstraction:IsAChildOf,reactome:Pathway453,
reactome:Pathway1363,abstraction:IsAChildOf,reactome:Pathway1362,
reactome:Pathway2197,abstraction:IsAChildOf,reactome:Pathway2196,
reactome:Pathway2471,abstraction:IsAChildOf,reactome:Pathway2470,
reactome:Pathway2112,abstraction:IsAChildOf,reactome:Pathway2111,
reactome:Pathway2330,abstraction:IsAChildOf,reactome:Pathway2329,
reactome:Pathway1502,abstraction:IsAChildOf,reactome:Pathway1498,
reactome:Pathway2551,abstraction:IsAChildOf,reactome:Pathway2540,
reactome:Pathway1831,abstraction:IsAChildOf,reactome:Pathway1769,
reactome:Pathway1011,abstraction:IsAChildOf,reactome:Pathway854,
reactome:Pathway2818,abstraction:IsAChildOf,reactome:Pathway2811,
reactome:Pathway410,abstraction:IsAChildOf,reactome:Pathway409,
reactome:Pathway24,abstraction:IsAChildOf,reactome:Pathway3,
reactome:Pathway2513,abstraction:IsAChildOf,reactome:Pathway2464,
reactome:Pathway2454,abstraction:IsAChildOf,reactome:Pathway2452,
reactome:Pathway2477,abstraction:IsAChildOf,reactome:Pathway2475,
reactome:Pathway1639,abstraction:IsAChildOf,reactome:Pathway1638,
reactome:Pathway2706,abstraction:IsAChildOf,reactome:Pathway2702,
reactome:Pathway2093,abstraction:IsAChildOf,reactome:Pathway2092,
reactome:Pathway2034,abstraction:IsAChildOf,reactome:Pathway2022,
reactome:Pathway2169,abstraction:IsAChildOf,reactome:Pathway2168,
reactome:Pathway2104,abstraction:IsAChildOf,reactome:Pathway2103,
reactome:Pathway2302,abstraction:IsAChildOf,reactome:Pathway2268,
reactome:Pathway1335,abstraction:IsAChildOf,reactome:Pathway1333,
reactome:Pathway2039,abstraction:IsAChildOf,reactome:Pathway2038,
reactome:Pathway2126,abstraction:IsAChildOf,reactome:Pathway2111,
reactome:Pathway2250,abstraction:IsAChildOf,reactome:Pathway2246,
reactome:Pathway733,abstraction:IsAChildOf,reactome:Pathway729,
reactome:Pathway2683,abstraction:IsAChildOf,reactome:Pathway2672,
reactome:Pathway1314,abstraction:IsAChildOf,reactome:Pathway1312,
reactome:Pathway1529,abstraction:IsAChildOf,reactome:Pathway1527,
reactome:Pathway1342,abstraction:IsAChildOf,reactome:Pathway1340,
reactome:Pathway1223,abstraction:IsAChildOf,reactome:Pathway1222,
reactome:Pathway2652,abstraction:IsAChildOf,reactome:Pathway2646,
reactome:Pathway1722,abstraction:IsAChildOf,reactome:Pathway1721,
reactome:Pathway1737,abstraction:IsAChildOf,reactome:Pathway1733,
reactome:Pathway1677,abstraction:IsAChildOf,reactome:Pathway1667,
reactome:Pathway286,abstraction:IsAChildOf,reactome:Pathway285,
reactome:Pathway1280,abstraction:IsAChildOf,reactome:Pathway1277,
reactome:Pathway519,abstraction:IsAChildOf,reactome:Pathway2261,
reactome:Pathway1339,abstraction:IsAChildOf,reactome:Pathway1360,
reactome:Pathway1975,abstraction:IsAChildOf,reactome:Pathway1938,
reactome:Pathway770,abstraction:IsAChildOf,reactome:Pathway768,
reactome:Pathway1220,abstraction:IsAChildOf,reactome:Pathway1219,
reactome:Pathway2516,abstraction:IsAChildOf,reactome:Pathway2514,
reactome:Pathway2172,abstraction:IsAChildOf,reactome:Pathway2171,
reactome:Pathway516,abstraction:IsAChildOf,reactome:Pathway515,
reactome:Pathway631,abstraction:IsAChildOf,reactome:Pathway630,
reactome:Pathway1788,abstraction:IsAChildOf,reactome:Pathway1784,
reactome:Pathway1859,abstraction:IsAChildOf,reactome:Pathway1769,
reactome:Pathway774,abstraction:IsAChildOf,reactome:Pathway768,
reactome:Pathway165,abstraction:IsAChildOf,reactome:Pathway159,
reactome:Pathway1829,abstraction:IsAChildOf,reactome:Pathway1825,
reactome:Pathway1499,abstraction:IsAChildOf,reactome:Pathway1498,
reactome:Pathway1560,abstraction:IsAChildOf,reactome:Pathway1559,
reactome:Pathway1693,abstraction:IsAChildOf,reactome:Pathway1685,
reactome:Pathway1773,abstraction:IsAChildOf,reactome:Pathway1772,
reactome:Pathway2195,abstraction:IsAChildOf,reactome:Pathway2021,
reactome:Pathway786,abstraction:IsAChildOf,reactome:Pathway784,
reactome:Pathway263,abstraction:IsAChildOf,reactome:Pathway256,
reactome:Pathway2574,abstraction:IsAChildOf,reactome:Pathway2568,
reactome:Pathway781,abstraction:IsAChildOf,reactome:Pathway894,
reactome:Pathway2791,abstraction:IsAChildOf,reactome:Pathway2787,
reactome:Pathway1092,abstraction:IsAChildOf,reactome:Pathway1091,
reactome:Pathway1824,abstraction:IsAChildOf,reactome:Pathway1823,
reactome:Pathway1307,abstraction:IsAChildOf,reactome:Pathway1305,
reactome:Pathway795,abstraction:IsAChildOf,reactome:Pathway784,
reactome:Pathway353,abstraction:IsAChildOf,reactome:Pathway352,
reactome:Pathway1626,abstraction:IsAChildOf,reactome:Pathway1618,
reactome:Pathway1390,abstraction:IsAChildOf,reactome:Pathway1389,
reactome:Pathway1592,abstraction:IsAChildOf,reactome:Pathway1591,
reactome:Pathway2469,abstraction:IsAChildOf,reactome:Pathway2467,
reactome:Pathway2269,abstraction:IsAChildOf,reactome:Pathway2268,
reactome:Pathway2201,abstraction:IsAChildOf,reactome:Pathway2199,
reactome:Pathway455,abstraction:IsAChildOf,reactome:Pathway445,
reactome:Pathway397,abstraction:IsAChildOf,reactome:Pathway326,
reactome:Pathway1248,abstraction:IsAChildOf,reactome:Pathway1237,
reactome:Pathway2539,abstraction:IsAChildOf,reactome:Pathway2536,
reactome:Pathway931,abstraction:IsAChildOf,reactome:Pathway909,
reactome:Pathway1357,abstraction:IsAChildOf,reactome:Pathway1355,
reactome:Pathway1415,abstraction:IsAChildOf,reactome:Pathway1414,
reactome:Pathway2015,abstraction:IsAChildOf,reactome:Pathway2014,
reactome:Pathway1571,abstraction:IsAChildOf,reactome:Pathway1569,
reactome:Pathway363,abstraction:IsAChildOf,reactome:Pathway359,
reactome:Pathway2510,abstraction:IsAChildOf,reactome:Pathway2502,
reactome:Pathway347,abstraction:IsAChildOf,reactome:Pathway342,
reactome:Pathway812,abstraction:IsAChildOf,reactome:Pathway784,
reactome:Pathway2134,abstraction:IsAChildOf,reactome:Pathway2130,
reactome:Pathway1644,abstraction:IsAChildOf,reactome:Pathway1643,
reactome:Pathway1561,abstraction:IsAChildOf,reactome:Pathway1560,
reactome:Pathway1401,abstraction:IsAChildOf,reactome:Pathway1394,
reactome:Pathway642,abstraction:IsAChildOf,reactome:Pathway628,
reactome:Pathway705,abstraction:IsAChildOf,reactome:Pathway704,
reactome:Pathway2306,abstraction:IsAChildOf,reactome:Pathway2268,
reactome:Pathway1098,abstraction:IsAChildOf,reactome:Pathway1096,
reactome:Pathway2241,abstraction:IsAChildOf,reactome:Pathway2240,
reactome:Pathway1910,abstraction:IsAChildOf,reactome:Pathway1893,
reactome:Pathway295,abstraction:IsAChildOf,reactome:Pathway294,
reactome:Pathway758,abstraction:IsAChildOf,reactome:Pathway755,
reactome:Pathway238,abstraction:IsAChildOf,reactome:Pathway237,
reactome:Pathway1438,abstraction:IsAChildOf,reactome:Pathway1433,
reactome:Pathway1106,abstraction:IsAChildOf,reactome:Pathway1096,
reactome:Pathway246,abstraction:IsAChildOf,reactome:Pathway245,
reactome:Pathway2436,abstraction:IsAChildOf,reactome:Pathway2434,
reactome:Pathway139,abstraction:IsAChildOf,reactome:Pathway115,
reactome:Pathway393,abstraction:IsAChildOf,reactome:Pathway392,
reactome:Pathway545,abstraction:IsAChildOf,reactome:Pathway544,
reactome:Pathway2751,abstraction:IsAChildOf,reactome:Pathway2740,
reactome:Pathway293,abstraction:IsAChildOf,reactome:Pathway291,
reactome:Pathway2346,abstraction:IsAChildOf,reactome:Pathway2343,
reactome:Pathway155,abstraction:IsAChildOf,reactome:Pathway152,
reactome:Pathway32,abstraction:IsAChildOf,reactome:Pathway31,
reactome:Pathway1811,abstraction:IsAChildOf,reactome:Pathway1809,
reactome:Pathway1991,abstraction:IsAChildOf,reactome:Pathway1990,
reactome:Pathway1049,abstraction:IsAChildOf,reactome:Pathway1035,
reactome:Pathway2736,abstraction:IsAChildOf,reactome:Pathway2735,
reactome:Pathway1731,abstraction:IsAChildOf,reactome:Pathway1728,
reactome:Pathway175,abstraction:IsAChildOf,reactome:Pathway173,
reactome:Pathway1889,abstraction:IsAChildOf,reactome:Pathway1888,
reactome:Pathway2407,abstraction:IsAChildOf,reactome:Pathway2396,
reactome:Pathway2439,abstraction:IsAChildOf,reactome:Pathway2437,
reactome:Pathway917,abstraction:IsAChildOf,reactome:Pathway909,
reactome:Pathway2530,abstraction:IsAChildOf,reactome:Pathway2529,
reactome:Pathway1000,abstraction:IsAChildOf,reactome:Pathway994,
reactome:Pathway1805,abstraction:IsAChildOf,reactome:Pathway1804,
reactome:Pathway2023,abstraction:IsAChildOf,reactome:Pathway2022,
reactome:Pathway2717,abstraction:IsAChildOf,reactome:Pathway2714,
reactome:Pathway97,abstraction:IsAChildOf,reactome:Pathway95,
reactome:Pathway1045,abstraction:IsAChildOf,reactome:Pathway1037,
reactome:Pathway1100,abstraction:IsAChildOf,reactome:Pathway1096,
reactome:Pathway1892,abstraction:IsAChildOf,reactome:Pathway1882,
reactome:Pathway36,abstraction:IsAChildOf,reactome:Pathway34,
reactome:Pathway48,abstraction:IsAChildOf,reactome:Pathway31,
reactome:Pathway169,abstraction:IsAChildOf,reactome:Pathway166,
reactome:Pathway2609,abstraction:IsAChildOf,reactome:Pathway2606,
reactome:Pathway1850,abstraction:IsAChildOf,reactome:Pathway1848,
reactome:Pathway1961,abstraction:IsAChildOf,reactome:Pathway1957,
reactome:Pathway231,abstraction:IsAChildOf,reactome:Pathway226,
reactome:Pathway2723,abstraction:IsAChildOf,reactome:Pathway2713,
reactome:Pathway1950,abstraction:IsAChildOf,reactome:Pathway1949,
reactome:Pathway1423,abstraction:IsAChildOf,reactome:Pathway1422,
reactome:Pathway617,abstraction:IsAChildOf,reactome:Pathway614,
reactome:Pathway2161,abstraction:IsAChildOf,reactome:Pathway2149,
reactome:Pathway1454,abstraction:IsAChildOf,reactome:Pathway1453,
reactome:Pathway1770,abstraction:IsAChildOf,reactome:Pathway1769,
reactome:Pathway2240,abstraction:IsAChildOf,reactome:Pathway2232,
reactome:Pathway874,abstraction:IsAChildOf,reactome:Pathway873,
reactome:Pathway571,abstraction:IsAChildOf,reactome:Pathway565,
reactome:Pathway1418,abstraction:IsAChildOf,reactome:Pathway1417,
reactome:Pathway597,abstraction:IsAChildOf,reactome:Pathway595,
reactome:Pathway1565,abstraction:IsAChildOf,reactome:Pathway1563,
reactome:Pathway632,abstraction:IsAChildOf,reactome:Pathway630,
reactome:Pathway433,abstraction:IsAChildOf,reactome:Pathway432,
reactome:Pathway663,abstraction:IsAChildOf,reactome:Pathway659,
reactome:Pathway872,abstraction:IsAChildOf,reactome:Pathway856,
reactome:Pathway201,abstraction:IsAChildOf,reactome:Pathway200,
reactome:Pathway2657,abstraction:IsAChildOf,reactome:Pathway2656,
reactome:Pathway195,abstraction:IsAChildOf,reactome:Pathway194,
reactome:Pathway1541,abstraction:IsAChildOf,reactome:Pathway1519,
reactome:Pathway868,abstraction:IsAChildOf,reactome:Pathway856,
reactome:Pathway682,abstraction:IsAChildOf,reactome:Pathway676,
reactome:Pathway233,abstraction:IsAChildOf,reactome:Pathway232,
reactome:Pathway1144,abstraction:IsAChildOf,reactome:Pathway1139,
reactome:Pathway1973,abstraction:IsAChildOf,reactome:Pathway1971,
reactome:Pathway817,abstraction:IsAChildOf,reactome:Pathway784,
reactome:Pathway2431,abstraction:IsAChildOf,reactome:Pathway2430,
reactome:Pathway636,abstraction:IsAChildOf,reactome:Pathway628,
reactome:Pathway1471,abstraction:IsAChildOf,reactome:Pathway1318,
reactome:Pathway1517,abstraction:IsAChildOf,reactome:Pathway1515,
reactome:Pathway1252,abstraction:IsAChildOf,reactome:Pathway1251,
reactome:Pathway2636,abstraction:IsAChildOf,reactome:Pathway2528,
reactome:Pathway1663,abstraction:IsAChildOf,reactome:Pathway1645,
reactome:Pathway2467,abstraction:IsAChildOf,reactome:Pathway2466,
reactome:Pathway1195,abstraction:IsAChildOf,reactome:Pathway1194,
reactome:Pathway1488,abstraction:IsAChildOf,reactome:Pathway1318,
reactome:Pathway1826,abstraction:IsAChildOf,reactome:Pathway1825,
reactome:Pathway2151,abstraction:IsAChildOf,reactome:Pathway2150,
reactome:Pathway2299,abstraction:IsAChildOf,reactome:Pathway2268,
reactome:Pathway1080,abstraction:IsAChildOf,reactome:Pathway1071,
reactome:Pathway1701,abstraction:IsAChildOf,reactome:Pathway1700,
reactome:Pathway909,abstraction:IsAChildOf,reactome:Pathway854,
reactome:Pathway2016,abstraction:IsAChildOf,reactome:Pathway2014,
reactome:Pathway2063,abstraction:IsAChildOf,reactome:Pathway2059,
reactome:Pathway160,abstraction:IsAChildOf,reactome:Pathway159,
reactome:Pathway901,abstraction:IsAChildOf,reactome:Pathway894,
reactome:Pathway1064,abstraction:IsAChildOf,reactome:Pathway1063,
reactome:Pathway708,abstraction:IsAChildOf,reactome:Pathway706,
reactome:Pathway2005,abstraction:IsAChildOf,reactome:Pathway2002,
reactome:Pathway1856,abstraction:IsAChildOf,reactome:Pathway1854,
reactome:Pathway84,abstraction:IsAChildOf,reactome:Pathway31,
reactome:Pathway508,abstraction:IsAChildOf,reactome:Pathway476,
reactome:Pathway1388,abstraction:IsAChildOf,reactome:Pathway1373,
reactome:Pathway2278,abstraction:IsAChildOf,reactome:Pathway2277,
reactome:Pathway168,abstraction:IsAChildOf,reactome:Pathway166,
reactome:Pathway957,abstraction:IsAChildOf,reactome:Pathway951,
reactome:Pathway2457,abstraction:IsAChildOf,reactome:Pathway2454,
reactome:Pathway1244,abstraction:IsAChildOf,reactome:Pathway1237,
reactome:Pathway1194,abstraction:IsAChildOf,reactome:Pathway1185,
reactome:Pathway946,abstraction:IsAChildOf,reactome:Pathway942,
reactome:Pathway1250,abstraction:IsAChildOf,reactome:Pathway533,
reactome:Pathway1971,abstraction:IsAChildOf,reactome:Pathway1942,
reactome:Pathway1915,abstraction:IsAChildOf,reactome:Pathway1893,
reactome:Pathway2743,abstraction:IsAChildOf,reactome:Pathway2742,
reactome:Pathway2132,abstraction:IsAChildOf,reactome:Pathway2130,
reactome:Pathway1929,abstraction:IsAChildOf,reactome:Pathway1927,
reactome:Pathway870,abstraction:IsAChildOf,reactome:Pathway856,
reactome:Pathway2512,abstraction:IsAChildOf,reactome:Pathway2497,
reactome:Pathway161,abstraction:IsAChildOf,reactome:Pathway159,
reactome:Pathway73,abstraction:IsAChildOf,reactome:Pathway72,
reactome:Pathway210,abstraction:IsAChildOf,reactome:Pathway209,
reactome:Pathway1612,abstraction:IsAChildOf,reactome:Pathway1610,
reactome:Pathway1520,abstraction:IsAChildOf,reactome:Pathway1519,
reactome:Pathway2500,abstraction:IsAChildOf,reactome:Pathway2498,
reactome:Pathway1266,abstraction:IsAChildOf,reactome:Pathway1265,
reactome:Pathway1379,abstraction:IsAChildOf,reactome:Pathway1378,
reactome:Pathway17,abstraction:IsAChildOf,reactome:Pathway16,
reactome:Pathway2487,abstraction:IsAChildOf,reactome:Pathway2485,
reactome:Pathway2196,abstraction:IsAChildOf,reactome:Pathway2195,
reactome:Pathway119,abstraction:IsAChildOf,reactome:Pathway117,
reactome:Pathway2558,abstraction:IsAChildOf,reactome:Pathway2552,
reactome:Pathway46,abstraction:IsAChildOf,reactome:Pathway44,
reactome:Pathway668,abstraction:IsAChildOf,reactome:Pathway665,
reactome:Pathway730,abstraction:IsAChildOf,reactome:Pathway729,
reactome:Pathway2731,abstraction:IsAChildOf,reactome:Pathway2723,
reactome:Pathway172,abstraction:IsAChildOf,reactome:Pathway170,
reactome:Pathway577,abstraction:IsAChildOf,reactome:Pathway534,
reactome:Pathway800,abstraction:IsAChildOf,reactome:Pathway784,
reactome:Pathway750,abstraction:IsAChildOf,reactome:Pathway742,
reactome:Pathway1842,abstraction:IsAChildOf,reactome:Pathway1841,
reactome:Pathway1907,abstraction:IsAChildOf,reactome:Pathway1902,
reactome:Pathway362,abstraction:IsAChildOf,reactome:Pathway361,
reactome:Pathway2729,abstraction:IsAChildOf,reactome:Pathway2728,
reactome:Pathway1133,abstraction:IsAChildOf,reactome:Pathway1082,
reactome:Pathway1793,abstraction:IsAChildOf,reactome:Pathway1792,
reactome:Pathway1918,abstraction:IsAChildOf,reactome:Pathway1917,
reactome:Pathway1896,abstraction:IsAChildOf,reactome:Pathway1894,
reactome:Pathway2317,abstraction:IsAChildOf,reactome:Pathway2316,
reactome:Pathway932,abstraction:IsAChildOf,reactome:Pathway909,
reactome:Pathway2794,abstraction:IsAChildOf,reactome:Pathway2713,
reactome:Pathway95,abstraction:IsAChildOf,reactome:Pathway92,
reactome:Pathway993,abstraction:IsAChildOf,reactome:Pathway984,
reactome:Pathway1814,abstraction:IsAChildOf,reactome:Pathway1813,
reactome:Pathway1002,abstraction:IsAChildOf,reactome:Pathway994,
reactome:Pathway2646,abstraction:IsAChildOf,reactome:Pathway2528,
reactome:Pathway1902,abstraction:IsAChildOf,reactome:Pathway1893,
reactome:Pathway2617,abstraction:IsAChildOf,reactome:Pathway2535,
reactome:Pathway721,abstraction:IsAChildOf,reactome:Pathway716,
reactome:Pathway1452,abstraction:IsAChildOf,reactome:Pathway1450,
reactome:Pathway1656,abstraction:IsAChildOf,reactome:Pathway1645,
reactome:Pathway2400,abstraction:IsAChildOf,reactome:Pathway2396,
reactome:Pathway2673,abstraction:IsAChildOf,reactome:Pathway2672,
reactome:Pathway1203,abstraction:IsAChildOf,reactome:Pathway1194,
reactome:Pathway1111,abstraction:IsAChildOf,reactome:Pathway1095,
reactome:Pathway332,abstraction:IsAChildOf,reactome:Pathway327,
reactome:Pathway1416,abstraction:IsAChildOf,reactome:Pathway1415,
reactome:Pathway1933,abstraction:IsAChildOf,reactome:Pathway1931,
reactome:Pathway1939,abstraction:IsAChildOf,reactome:Pathway1938,
reactome:Pathway1457,abstraction:IsAChildOf,reactome:Pathway1453,
reactome:Pathway45,abstraction:IsAChildOf,reactome:Pathway44,
reactome:Pathway2072,abstraction:IsAChildOf,reactome:Pathway2021,
reactome:Pathway919,abstraction:IsAChildOf,reactome:Pathway909,
reactome:Pathway569,abstraction:IsAChildOf,reactome:Pathway565,
reactome:Pathway581,abstraction:IsAChildOf,reactome:Pathway534,
reactome:Pathway1348,abstraction:IsAChildOf,reactome:Pathway1345,
reactome:Pathway2341,abstraction:IsAChildOf,reactome:Pathway2340,
reactome:Pathway964,abstraction:IsAChildOf,reactome:Pathway951,
reactome:Pathway1716,abstraction:IsAChildOf,reactome:Pathway1706,
reactome:Pathway2607,abstraction:IsAChildOf,reactome:Pathway2606,
reactome:Pathway2536,abstraction:IsAChildOf,reactome:Pathway2535,
reactome:Pathway1943,abstraction:IsAChildOf,reactome:Pathway1942,
reactome:Pathway1402,abstraction:IsAChildOf,reactome:Pathway1394,
reactome:Pathway486,abstraction:IsAChildOf,reactome:Pathway476,
reactome:Pathway2438,abstraction:IsAChildOf,reactome:Pathway2437,
reactome:Pathway434,abstraction:IsAChildOf,reactome:Pathway416,
reactome:Pathway582,abstraction:IsAChildOf,reactome:Pathway581,
reactome:Pathway2805,abstraction:IsAChildOf,reactome:Pathway2797,
reactome:Pathway2251,abstraction:IsAChildOf,reactome:Pathway2250,
reactome:Pathway1147,abstraction:IsAChildOf,reactome:Pathway1145,
reactome:Pathway578,abstraction:IsAChildOf,reactome:Pathway577,
reactome:Pathway2119,abstraction:IsAChildOf,reactome:Pathway2111,
reactome:Pathway2425,abstraction:IsAChildOf,reactome:Pathway2424,
reactome:Pathway1634,abstraction:IsAChildOf,reactome:Pathway1631,
reactome:Pathway2641,abstraction:IsAChildOf,reactome:Pathway2639,
reactome:Pathway2037,abstraction:IsAChildOf,reactome:Pathway2036,
reactome:Pathway2064,abstraction:IsAChildOf,reactome:Pathway2059,
reactome:Pathway1258,abstraction:IsAChildOf,reactome:Pathway1252,
reactome:Pathway2254,abstraction:IsAChildOf,reactome:Pathway2253,
reactome:Pathway358,abstraction:IsAChildOf,reactome:Pathway355,
reactome:Pathway1774,abstraction:IsAChildOf,reactome:Pathway1801,
reactome:Pathway1129,abstraction:IsAChildOf,reactome:Pathway1127,
reactome:Pathway2359,abstraction:IsAChildOf,reactome:Pathway2358,
reactome:Pathway911,abstraction:IsAChildOf,reactome:Pathway909,
reactome:Pathway1603,abstraction:IsAChildOf,reactome:Pathway1602,
reactome:Pathway1409,abstraction:IsAChildOf,reactome:Pathway1405,
reactome:Pathway1288,abstraction:IsAChildOf,reactome:Pathway1285,
reactome:Pathway1885,abstraction:IsAChildOf,reactome:Pathway1882,
reactome:Pathway2462,abstraction:IsAChildOf,reactome:Pathway2461,
reactome:Pathway1671,abstraction:IsAChildOf,reactome:Pathway1670,
reactome:Pathway943,abstraction:IsAChildOf,reactome:Pathway942,
reactome:Pathway1099,abstraction:IsAChildOf,reactome:Pathway1096,
reactome:Pathway1532,abstraction:IsAChildOf,reactome:Pathway1531,
reactome:Pathway2780,abstraction:IsAChildOf,reactome:Pathway2713,
reactome:Pathway2083,abstraction:IsAChildOf,reactome:Pathway2079,
reactome:Pathway96,abstraction:IsAChildOf,reactome:Pathway95,
reactome:Pathway271,abstraction:IsAChildOf,reactome:Pathway270,
reactome:Pathway675,abstraction:IsAChildOf,reactome:Pathway670,
reactome:Pathway2183,abstraction:IsAChildOf,reactome:Pathway2179,
reactome:Pathway204,abstraction:IsAChildOf,reactome:Pathway203,
reactome:Pathway1145,abstraction:IsAChildOf,reactome:Pathway1133,
reactome:Pathway1713,abstraction:IsAChildOf,reactome:Pathway1706,
reactome:Pathway2421,abstraction:IsAChildOf,reactome:Pathway2417,
reactome:Pathway2687,abstraction:IsAChildOf,reactome:Pathway2686,
reactome:Pathway82,abstraction:IsAChildOf,reactome:Pathway31,
reactome:Pathway1775,abstraction:IsAChildOf,reactome:Pathway1773,
reactome:Pathway1399,abstraction:IsAChildOf,reactome:Pathway1394,
reactome:Pathway495,abstraction:IsAChildOf,reactome:Pathway494,
reactome:Pathway2392,abstraction:IsAChildOf,reactome:Pathway2390,
reactome:Pathway2573,abstraction:IsAChildOf,reactome:Pathway2568,
reactome:Pathway2518,abstraction:IsAChildOf,reactome:Pathway2514,
reactome:Pathway1785,abstraction:IsAChildOf,reactome:Pathway1784,
reactome:Pathway1947,abstraction:IsAChildOf,reactome:Pathway1946,
reactome:Pathway746,abstraction:IsAChildOf,reactome:Pathway742,
reactome:Pathway2459,abstraction:IsAChildOf,reactome:Pathway2451,
reactome:Pathway1091,abstraction:IsAChildOf,reactome:Pathway1085,
reactome:Pathway2322,abstraction:IsAChildOf,reactome:Pathway2320,
reactome:Pathway867,abstraction:IsAChildOf,reactome:Pathway856,
reactome:Pathway672,abstraction:IsAChildOf,reactome:Pathway671,
reactome:Pathway2802,abstraction:IsAChildOf,reactome:Pathway2800,
reactome:Pathway1229,abstraction:IsAChildOf,reactome:Pathway1228,
reactome:Pathway350,abstraction:IsAChildOf,reactome:Pathway349,
reactome:Pathway331,abstraction:IsAChildOf,reactome:Pathway328,
reactome:Pathway1343,abstraction:IsAChildOf,reactome:Pathway1342,
reactome:Pathway2018,abstraction:IsAChildOf,reactome:Pathway2010,
reactome:Pathway2325,abstraction:IsAChildOf,reactome:Pathway2317,
reactome:Pathway133,abstraction:IsAChildOf,reactome:Pathway131,
reactome:Pathway2286,abstraction:IsAChildOf,reactome:Pathway2284,
reactome:Pathway1387,abstraction:IsAChildOf,reactome:Pathway1373,
reactome:Pathway562,abstraction:IsAChildOf,reactome:Pathway534,
reactome:Pathway2106,abstraction:IsAChildOf,reactome:Pathway2103,
reactome:Pathway2123,abstraction:IsAChildOf,reactome:Pathway2111,
reactome:Pathway2157,abstraction:IsAChildOf,reactome:Pathway2156,
reactome:Pathway1778,abstraction:IsAChildOf,reactome:Pathway1803,
reactome:Pathway1946,abstraction:IsAChildOf,reactome:Pathway1943,
reactome:Pathway816,abstraction:IsAChildOf,reactome:Pathway784,
reactome:Pathway1026,abstraction:IsAChildOf,reactome:Pathway1022,
reactome:Pathway2105,abstraction:IsAChildOf,reactome:Pathway2103,
reactome:Pathway1176,abstraction:IsAChildOf,reactome:Pathway1172,
reactome:Pathway888,abstraction:IsAChildOf,reactome:Pathway886,
reactome:Pathway1310,abstraction:IsAChildOf,reactome:Pathway1305,
reactome:Pathway23,abstraction:IsAChildOf,reactome:Pathway3,
reactome:Pathway618,abstraction:IsAChildOf,reactome:Pathway614,
reactome:Pathway2596,abstraction:IsAChildOf,reactome:Pathway2588,
reactome:Pathway922,abstraction:IsAChildOf,reactome:Pathway909,
reactome:Pathway1205,abstraction:IsAChildOf,reactome:Pathway1204,
reactome:Pathway440,abstraction:IsAChildOf,reactome:Pathway435,
reactome:Pathway2797,abstraction:IsAChildOf,reactome:Pathway2713,
reactome:Pathway1456,abstraction:IsAChildOf,reactome:Pathway1453,
reactome:Pathway2099,abstraction:IsAChildOf,reactome:Pathway2093,
reactome:Pathway568,abstraction:IsAChildOf,reactome:Pathway565,
reactome:Pathway151,abstraction:IsAChildOf,reactome:Pathway149,
reactome:Pathway586,abstraction:IsAChildOf,reactome:Pathway581,
reactome:Pathway55,abstraction:IsAChildOf,reactome:Pathway54,
reactome:Pathway967,abstraction:IsAChildOf,reactome:Pathway966,
reactome:Pathway1706,abstraction:IsAChildOf,reactome:Pathway1698,
reactome:Pathway1780,abstraction:IsAChildOf,reactome:Pathway1778,
reactome:Pathway2684,abstraction:IsAChildOf,reactome:Pathway2683,
reactome:Pathway2257,abstraction:IsAChildOf,reactome:Pathway2246,
reactome:Pathway2246,abstraction:IsAChildOf,reactome:Pathway2245,
reactome:Pathway318,abstraction:IsAChildOf,reactome:Pathway317,
reactome:Pathway2111,abstraction:IsAChildOf,reactome:Pathway2110,
reactome:Pathway975,abstraction:IsAChildOf,reactome:Pathway966,
reactome:Pathway1168,abstraction:IsAChildOf,reactome:Pathway1166,
reactome:Pathway1801,abstraction:IsAChildOf,reactome:Pathway1811,
reactome:Pathway2540,abstraction:IsAChildOf,reactome:Pathway2536,
reactome:Pathway910,abstraction:IsAChildOf,reactome:Pathway909,
reactome:Pathway611,abstraction:IsAChildOf,reactome:Pathway604,
reactome:Pathway2194,abstraction:IsAChildOf,reactome:Pathway2174,
reactome:Pathway2698,abstraction:IsAChildOf,reactome:Pathway2692,
reactome:Pathway537,abstraction:IsAChildOf,reactome:Pathway536,
reactome:Pathway135,abstraction:IsAChildOf,reactome:Pathway129,
reactome:Pathway728,abstraction:IsAChildOf,reactome:Pathway725,
reactome:Pathway1742,abstraction:IsAChildOf,reactome:Pathway1740,
reactome:Pathway1056,abstraction:IsAChildOf,reactome:Pathway1054,
reactome:Pathway699,abstraction:IsAChildOf,reactome:Pathway695,
reactome:Pathway1807,abstraction:IsAChildOf,reactome:Pathway1803,
reactome:Pathway1782,abstraction:IsAChildOf,reactome:Pathway1778,
reactome:Pathway805,abstraction:IsAChildOf,reactome:Pathway784,
reactome:Pathway1361,abstraction:IsAChildOf,reactome:Pathway1326,
reactome:Pathway535,abstraction:IsAChildOf,reactome:Pathway534,
reactome:Pathway2430,abstraction:IsAChildOf,reactome:Pathway2408,
reactome:Pathway281,abstraction:IsAChildOf,reactome:Pathway273,
reactome:Pathway300,abstraction:IsAChildOf,reactome:Pathway295,
reactome:Pathway711,abstraction:IsAChildOf,reactome:Pathway710,
reactome:Pathway2639,abstraction:IsAChildOf,reactome:Pathway2528,
reactome:Pathway517,abstraction:IsAChildOf,reactome:Pathway516,
reactome:Pathway401,abstraction:IsAChildOf,reactome:Pathway326,
reactome:Pathway648,abstraction:IsAChildOf,reactome:Pathway645,
reactome:Pathway1391,abstraction:IsAChildOf,reactome:Pathway1390,
reactome:Pathway1453,abstraction:IsAChildOf,reactome:Pathway1319,
reactome:Pathway1259,abstraction:IsAChildOf,reactome:Pathway1252,
reactome:Pathway1466,abstraction:IsAChildOf,reactome:Pathway1319,
reactome:Pathway354,abstraction:IsAChildOf,reactome:Pathway353,
reactome:Pathway469,abstraction:IsAChildOf,reactome:Pathway468,
reactome:Pathway475,abstraction:IsAChildOf,reactome:Pathway465,
reactome:Pathway1125,abstraction:IsAChildOf,reactome:Pathway1116,
reactome:Pathway600,abstraction:IsAChildOf,reactome:Pathway598,
reactome:Pathway1378,abstraction:IsAChildOf,reactome:Pathway1377,
reactome:Pathway1247,abstraction:IsAChildOf,reactome:Pathway1237,
reactome:Pathway2178,abstraction:IsAChildOf,reactome:Pathway2176,
reactome:Pathway807,abstraction:IsAChildOf,reactome:Pathway784,
reactome:Pathway2785,abstraction:IsAChildOf,reactome:Pathway2783,
reactome:Pathway2734,abstraction:IsAChildOf,reactome:Pathway2723,
reactome:Pathway945,abstraction:IsAChildOf,reactome:Pathway942,
reactome:Pathway164,abstraction:IsAChildOf,reactome:Pathway159,
reactome:Pathway1680,abstraction:IsAChildOf,reactome:Pathway1643,
reactome:Pathway2728,abstraction:IsAChildOf,reactome:Pathway2723,
reactome:Pathway1142,abstraction:IsAChildOf,reactome:Pathway1139,
reactome:Pathway1352,abstraction:IsAChildOf,reactome:Pathway1351,
reactome:Pathway1273,abstraction:IsAChildOf,reactome:Pathway533,
reactome:Pathway429,abstraction:IsAChildOf,reactome:Pathway427,
reactome:Pathway862,abstraction:IsAChildOf,reactome:Pathway856,
reactome:Pathway13,abstraction:IsAChildOf,reactome:Pathway8,
reactome:Pathway87,abstraction:IsAChildOf,reactome:Pathway86,
reactome:Pathway1799,abstraction:IsAChildOf,reactome:Pathway1770,
reactome:Pathway1516,abstraction:IsAChildOf,reactome:Pathway1515,
reactome:Pathway83,abstraction:IsAChildOf,reactome:Pathway82,
reactome:Pathway1518,abstraction:IsAChildOf,reactome:Pathway1489,
reactome:Pathway254,abstraction:IsAChildOf,reactome:Pathway236,
reactome:Pathway2368,abstraction:IsAChildOf,reactome:Pathway2364,
reactome:Pathway1472,abstraction:IsAChildOf,reactome:Pathway1471,
reactome:Pathway743,abstraction:IsAChildOf,reactome:Pathway742,
reactome:Pathway56,abstraction:IsAChildOf,reactome:Pathway54,
reactome:Pathway1735,abstraction:IsAChildOf,reactome:Pathway1734,
reactome:Pathway1563,abstraction:IsAChildOf,reactome:Pathway1547,
reactome:Pathway1339,abstraction:IsAChildOf,reactome:Pathway1369,
reactome:Pathway680,abstraction:IsAChildOf,reactome:Pathway676,
reactome:Pathway1094,abstraction:IsAChildOf,reactome:Pathway1091,
reactome:Pathway864,abstraction:IsAChildOf,reactome:Pathway856,
reactome:Pathway2297,abstraction:IsAChildOf,reactome:Pathway2296,
reactome:Pathway7,abstraction:IsAChildOf,reactome:Pathway6,
reactome:Pathway2060,abstraction:IsAChildOf,reactome:Pathway2059,
reactome:Pathway531,abstraction:IsAChildOf,reactome:Pathway529,
reactome:Pathway1047,abstraction:IsAChildOf,reactome:Pathway1036,
reactome:Pathway1751,abstraction:IsAChildOf,reactome:Pathway1749,
reactome:Pathway1549,abstraction:IsAChildOf,reactome:Pathway1548,
reactome:Pathway1155,abstraction:IsAChildOf,reactome:Pathway1154,
reactome:Pathway2281,abstraction:IsAChildOf,reactome:Pathway2268,
reactome:Pathway1141,abstraction:IsAChildOf,reactome:Pathway1139,
reactome:Pathway873,abstraction:IsAChildOf,reactome:Pathway855,
reactome:Pathway2716,abstraction:IsAChildOf,reactome:Pathway2714,
reactome:Pathway57,abstraction:IsAChildOf,reactome:Pathway54,
reactome:Pathway2216,abstraction:IsAChildOf,reactome:Pathway2215,
reactome:Pathway72,abstraction:IsAChildOf,reactome:Pathway68,
reactome:Pathway798,abstraction:IsAChildOf,reactome:Pathway784,
reactome:Pathway1300,abstraction:IsAChildOf,reactome:Pathway1298,
reactome:Pathway1953,abstraction:IsAChildOf,reactome:Pathway1949,
reactome:Pathway2569,abstraction:IsAChildOf,reactome:Pathway2568,
reactome:Pathway375,abstraction:IsAChildOf,reactome:Pathway373,
reactome:Pathway1364,abstraction:IsAChildOf,reactome:Pathway1361,
reactome:Pathway1536,abstraction:IsAChildOf,reactome:Pathway1523,
reactome:Pathway1340,abstraction:IsAChildOf,reactome:Pathway1326,
reactome:Pathway2690,abstraction:IsAChildOf,reactome:Pathway2689,
reactome:Pathway1578,abstraction:IsAChildOf,reactome:Pathway1572,
reactome:Pathway2606,abstraction:IsAChildOf,reactome:Pathway2536,
reactome:Pathway2597,abstraction:IsAChildOf,reactome:Pathway2588,
reactome:Pathway1251,abstraction:IsAChildOf,reactome:Pathway1250,
reactome:Pathway1052,abstraction:IsAChildOf,reactome:Pathway1035,
reactome:Pathway1513,abstraction:IsAChildOf,reactome:Pathway1490,
reactome:Pathway1581,abstraction:IsAChildOf,reactome:Pathway1572,
reactome:Pathway2758,abstraction:IsAChildOf,reactome:Pathway2756,
reactome:Pathway1475,abstraction:IsAChildOf,reactome:Pathway1472,
reactome:Pathway337,abstraction:IsAChildOf,reactome:Pathway336,
reactome:Pathway1249,abstraction:IsAChildOf,reactome:Pathway1237,
reactome:Pathway810,abstraction:IsAChildOf,reactome:Pathway784,
reactome:Pathway2700,abstraction:IsAChildOf,reactome:Pathway2699,
reactome:Pathway653,abstraction:IsAChildOf,reactome:Pathway651,
reactome:Pathway1838,abstraction:IsAChildOf,reactome:Pathway1837,
reactome:Pathway2141,abstraction:IsAChildOf,reactome:Pathway2130,
reactome:Pathway2372,abstraction:IsAChildOf,reactome:Pathway2369,
reactome:Pathway2140,abstraction:IsAChildOf,reactome:Pathway2130,
reactome:Pathway605,abstraction:IsAChildOf,reactome:Pathway604,
reactome:Pathway1322,abstraction:IsAChildOf,reactome:Pathway1320,
reactome:Pathway1729,abstraction:IsAChildOf,reactome:Pathway1728,
reactome:Pathway272,abstraction:IsAChildOf,reactome:Pathway270,
reactome:Pathway603,abstraction:IsAChildOf,reactome:Pathway601,
reactome:Pathway1997,abstraction:IsAChildOf,reactome:Pathway1992,
reactome:Pathway851,abstraction:IsAChildOf,reactome:Pathway784,
reactome:Pathway344,abstraction:IsAChildOf,reactome:Pathway342,
reactome:Pathway778,abstraction:IsAChildOf,reactome:Pathway768,
reactome:Pathway2395,abstraction:IsAChildOf,reactome:Pathway2394,
reactome:Pathway2328,abstraction:IsAChildOf,reactome:Pathway2316,
reactome:Pathway2388,abstraction:IsAChildOf,reactome:Pathway2387,
reactome:Pathway2027,abstraction:IsAChildOf,reactome:Pathway2026,
reactome:Pathway2127,abstraction:IsAChildOf,reactome:Pathway2111,
reactome:Pathway2455,abstraction:IsAChildOf,reactome:Pathway2454,
reactome:Pathway1904,abstraction:IsAChildOf,reactome:Pathway1902,
reactome:Pathway2364,abstraction:IsAChildOf,reactome:Pathway2354,
reactome:Pathway386,abstraction:IsAChildOf,reactome:Pathway326,
reactome:Pathway1601,abstraction:IsAChildOf,reactome:Pathway1318,
reactome:Pathway211,abstraction:IsAChildOf,reactome:Pathway210,
reactome:Pathway1903,abstraction:IsAChildOf,reactome:Pathway1902,
reactome:Pathway1211,abstraction:IsAChildOf,reactome:Pathway1082,
reactome:Pathway2365,abstraction:IsAChildOf,reactome:Pathway2364,
reactome:Pathway1445,abstraction:IsAChildOf,reactome:Pathway1444,
reactome:Pathway2784,abstraction:IsAChildOf,reactome:Pathway2783,
reactome:Pathway1857,abstraction:IsAChildOf,reactome:Pathway1854,
reactome:Pathway1844,abstraction:IsAChildOf,reactome:Pathway1837,
reactome:Pathway2143,abstraction:IsAChildOf,reactome:Pathway2072,
reactome:Pathway2344,abstraction:IsAChildOf,reactome:Pathway2343,
reactome:Pathway2316,abstraction:IsAChildOf,reactome:Pathway2315,
reactome:Pathway1704,abstraction:IsAChildOf,reactome:Pathway1700,
reactome:Pathway1957,abstraction:IsAChildOf,reactome:Pathway1942,
reactome:Pathway681,abstraction:IsAChildOf,reactome:Pathway676,
reactome:Pathway985,abstraction:IsAChildOf,reactome:Pathway984,
reactome:Pathway2048,abstraction:IsAChildOf,reactome:Pathway2046,
reactome:Pathway1597,abstraction:IsAChildOf,reactome:Pathway1590,
reactome:Pathway1841,abstraction:IsAChildOf,reactome:Pathway1837,
reactome:Pathway2226,abstraction:IsAChildOf,reactome:Pathway2222,
reactome:Pathway2463,abstraction:IsAChildOf,reactome:Pathway2461,
reactome:Pathway757,abstraction:IsAChildOf,reactome:Pathway755,
reactome:Pathway1228,abstraction:IsAChildOf,reactome:Pathway1222,
reactome:Pathway1019,abstraction:IsAChildOf,reactome:Pathway1018,
reactome:Pathway1110,abstraction:IsAChildOf,reactome:Pathway1120,
reactome:Pathway1122,abstraction:IsAChildOf,reactome:Pathway1116,
reactome:Pathway544,abstraction:IsAChildOf,reactome:Pathway543,
reactome:Pathway1292,abstraction:IsAChildOf,reactome:Pathway1291,
reactome:Pathway1462,abstraction:IsAChildOf,reactome:Pathway1453,
reactome:Pathway387,abstraction:IsAChildOf,reactome:Pathway386,
reactome:Pathway2823,abstraction:IsAChildOf,reactome:Pathway2822,
reactome:Pathway1131,abstraction:IsAChildOf,reactome:Pathway1127,
reactome:Pathway1666,abstraction:IsAChildOf,reactome:Pathway1645,
reactome:Pathway819,abstraction:IsAChildOf,reactome:Pathway784,
reactome:Pathway1618,abstraction:IsAChildOf,reactome:Pathway1617,
reactome:Pathway2499,abstraction:IsAChildOf,reactome:Pathway2498,
reactome:Pathway793,abstraction:IsAChildOf,reactome:Pathway784,
reactome:Pathway2423,abstraction:IsAChildOf,reactome:Pathway2422,
reactome:Pathway2247,abstraction:IsAChildOf,reactome:Pathway2246,
reactome:Pathway2678,abstraction:IsAChildOf,reactome:Pathway2674,
reactome:Pathway1864,abstraction:IsAChildOf,reactome:Pathway1859,
reactome:Pathway1594,abstraction:IsAChildOf,reactome:Pathway1593,
reactome:Pathway2565,abstraction:IsAChildOf,reactome:Pathway2561,
reactome:Pathway2557,abstraction:IsAChildOf,reactome:Pathway2552,
reactome:Pathway2709,abstraction:IsAChildOf,reactome:Pathway2707,
reactome:Pathway664,abstraction:IsAChildOf,reactome:Pathway659,
reactome:Pathway1039,abstraction:IsAChildOf,reactome:Pathway1037,
reactome:Pathway1954,abstraction:IsAChildOf,reactome:Pathway1949,
reactome:Pathway2381,abstraction:IsAChildOf,reactome:Pathway2380,
reactome:Pathway430,abstraction:IsAChildOf,reactome:Pathway431,
reactome:Pathway419,abstraction:IsAChildOf,reactome:Pathway418,
reactome:Pathway1084,abstraction:IsAChildOf,reactome:Pathway1083,
reactome:Pathway1951,abstraction:IsAChildOf,reactome:Pathway1949,
reactome:Pathway2507,abstraction:IsAChildOf,reactome:Pathway2504,
reactome:Pathway2339,abstraction:IsAChildOf,reactome:Pathway2334,
reactome:Pathway658,abstraction:IsAChildOf,reactome:Pathway651,
reactome:Pathway674,abstraction:IsAChildOf,reactome:Pathway670,
reactome:Pathway1432,abstraction:IsAChildOf,reactome:Pathway1431,
reactome:Pathway212,abstraction:IsAChildOf,reactome:Pathway211,
reactome:Pathway122,abstraction:IsAChildOf,reactome:Pathway115,
reactome:Pathway1054,abstraction:IsAChildOf,reactome:Pathway1052,
reactome:Pathway1139,abstraction:IsAChildOf,reactome:Pathway1133,
reactome:Pathway1757,abstraction:IsAChildOf,reactome:Pathway1756,
reactome:Pathway756,abstraction:IsAChildOf,reactome:Pathway755,
reactome:Pathway47,abstraction:IsAChildOf,reactome:Pathway44,
reactome:Pathway150,abstraction:IsAChildOf,reactome:Pathway149,
reactome:Pathway2533,abstraction:IsAChildOf,reactome:Pathway2530,
reactome:Pathway2256,abstraction:IsAChildOf,reactome:Pathway2253,
reactome:Pathway996,abstraction:IsAChildOf,reactome:Pathway994,
reactome:Pathway1808,abstraction:IsAChildOf,reactome:Pathway1803,
reactome:Pathway2270,abstraction:IsAChildOf,reactome:Pathway2268,
reactome:Pathway414,abstraction:IsAChildOf,reactome:Pathway289,
reactome:Pathway777,abstraction:IsAChildOf,reactome:Pathway768,
reactome:Pathway2816,abstraction:IsAChildOf,reactome:Pathway2811,
reactome:Pathway2260,abstraction:IsAChildOf,reactome:Pathway2246,
reactome:Pathway1450,abstraction:IsAChildOf,reactome:Pathway1449,
reactome:Pathway2361,abstraction:IsAChildOf,reactome:Pathway2360,
reactome:Pathway1377,abstraction:IsAChildOf,reactome:Pathway1373,
reactome:Pathway359,abstraction:IsAChildOf,reactome:Pathway326,
reactome:Pathway698,abstraction:IsAChildOf,reactome:Pathway695,
reactome:Pathway2808,abstraction:IsAChildOf,reactome:Pathway2805,
reactome:Pathway900,abstraction:IsAChildOf,reactome:Pathway894,
reactome:Pathway1755,abstraction:IsAChildOf,reactome:Pathway1749,
reactome:Pathway2721,abstraction:IsAChildOf,reactome:Pathway2720,
reactome:Pathway1507,abstraction:IsAChildOf,reactome:Pathway1505,
reactome:Pathway1109,abstraction:IsAChildOf,reactome:Pathway1096,
reactome:Pathway2744,abstraction:IsAChildOf,reactome:Pathway2742,
reactome:Pathway2809,abstraction:IsAChildOf,reactome:Pathway2713,
reactome:Pathway487,abstraction:IsAChildOf,reactome:Pathway486,
reactome:Pathway1494,abstraction:IsAChildOf,reactome:Pathway1491,
reactome:Pathway1509,abstraction:IsAChildOf,reactome:Pathway1508,
reactome:Pathway2078,abstraction:IsAChildOf,reactome:Pathway2077,
reactome:Pathway1853,abstraction:IsAChildOf,reactome:Pathway1852,
reactome:Pathway2118,abstraction:IsAChildOf,reactome:Pathway2111,
reactome:Pathway460,abstraction:IsAChildOf,reactome:Pathway445,
reactome:Pathway1385,abstraction:IsAChildOf,reactome:Pathway1373,
reactome:Pathway14,abstraction:IsAChildOf,reactome:Pathway8,
reactome:Pathway1324,abstraction:IsAChildOf,reactome:Pathway1320,
reactome:Pathway587,abstraction:IsAChildOf,reactome:Pathway586,
reactome:Pathway1272,abstraction:IsAChildOf,reactome:Pathway1271,
reactome:Pathway1135,abstraction:IsAChildOf,reactome:Pathway1133,
reactome:Pathway2722,abstraction:IsAChildOf,reactome:Pathway2720,
reactome:Pathway1778,abstraction:IsAChildOf,reactome:Pathway1793,
reactome:Pathway1917,abstraction:IsAChildOf,reactome:Pathway1916,
reactome:Pathway390,abstraction:IsAChildOf,reactome:Pathway386,
reactome:Pathway2661,abstraction:IsAChildOf,reactome:Pathway2646,
reactome:Pathway2035,abstraction:IsAChildOf,reactome:Pathway2022,
reactome:Pathway1360,abstraction:IsAChildOf,reactome:Pathway1351,
reactome:Pathway1489,abstraction:IsAChildOf,reactome:Pathway1488,
reactome:Pathway324,abstraction:IsAChildOf,reactome:Pathway318,
reactome:Pathway1787,abstraction:IsAChildOf,reactome:Pathway1784,
reactome:Pathway2788,abstraction:IsAChildOf,reactome:Pathway2787,
reactome:Pathway2595,abstraction:IsAChildOf,reactome:Pathway2588,
reactome:Pathway514,abstraction:IsAChildOf,reactome:Pathway513,
reactome:Pathway449,abstraction:IsAChildOf,reactome:Pathway446,
reactome:Pathway1861,abstraction:NextStepPathway,reactome:Pathway1429,0
reactome:Pathway1776,abstraction:NextStepPathway,reactome:Pathway1781,6.847297309945023
reactome:Pathway671,abstraction:NextStepPathway,reactome:Pathway672,4.950177325059141
reactome:Pathway1783,abstraction:NextStepPathway,reactome:Pathway247,0
reactome:Pathway134,abstraction:NextStepPathway,reactome:Pathway286,0
reactome:Pathway2365,abstraction:NextStepPathway,reactome:Pathway2559,0
reactome:Pathway2348,abstraction:NextStepPathway,reactome:Pathway2221,2.140774629696644
reactome:Pathway184,abstraction:NextStepPathway,reactome:Pathway444,0
reactome:Pathway1423,abstraction:NextStepPathway,reactome:Pathway1619,1.9224620056521
reactome:Pathway131,abstraction:NextStepPathway,reactome:Pathway1393,0
reactome:Pathway1555,abstraction:NextStepPathway,reactome:Pathway2728,0
reactome:Pathway2050,abstraction:NextStepPathway,reactome:Pathway2052,6.847297309945023
reactome:Pathway1780,abstraction:NextStepPathway,reactome:Pathway247,0
reactome:Pathway1433,abstraction:NextStepPathway,reactome:Pathway1439,2.9286297617982084
reactome:Pathway2150,abstraction:NextStepPathway,reactome:Pathway2318,2.140774629696644
reactome:Pathway2028,abstraction:NextStepPathway,reactome:Pathway345,0
reactome:Pathway1604,abstraction:NextStepPathway,reactome:Pathway2325,0
reactome:Pathway1626,abstraction:NextStepPathway,reactome:Pathway1390,1.9224620056521
reactome:Pathway114,abstraction:NextStepPathway,reactome:Pathway2270,0
reactome:Pathway2099,abstraction:NextStepPathway,reactome:Pathway2222,2.140774629696644
reactome:Pathway2425,abstraction:NextStepPathway,reactome:Pathway2444,3.4685727841349263
reactome:Pathway1429,abstraction:NextStepPathway,reactome:Pathway1642,1.9224620056521
reactome:Pathway537,abstraction:NextStepPathway,reactome:Pathway539,6.154150129385077
reactome:Pathway2556,abstraction:NextStepPathway,reactome:Pathway2550,4.950177325059141
reactome:Pathway255,abstraction:NextStepPathway,reactome:Pathway1210,0
reactome:Pathway2696,abstraction:NextStepPathway,reactome:Pathway2693,6.154150129385077
reactome:Pathway1801,abstraction:NextStepPathway,reactome:Pathway1774,5.306852268997874
reactome:Pathway1568,abstraction:NextStepPathway,reactome:Pathway1584,4.901387160889709
reactome:Pathway1568,abstraction:NextStepPathway,reactome:Pathway1588,4.901387160889709
reactome:Pathway1555,abstraction:NextStepPathway,reactome:Pathway1562,5.0014706194466925
reactome:Pathway2486,abstraction:NextStepPathway,reactome:Pathway2485,5.999999449557819
reactome:Pathway1889,abstraction:NextStepPathway,reactome:Pathway1205,0
reactome:Pathway2068,abstraction:NextStepPathway,reactome:Pathway2066,5.461002948825132
reactome:Pathway1929,abstraction:NextStepPathway,reactome:Pathway1857,2.579933583591281
reactome:Pathway1584,abstraction:NextStepPathway,reactome:Pathway1677,1.9224620056521
reactome:Pathway286,abstraction:NextStepPathway,reactome:Pathway1537,0
reactome:Pathway2226,abstraction:NextStepPathway,reactome:Pathway2027,2.140774629696644
reactome:Pathway301,abstraction:NextStepPathway,reactome:Pathway306,4.687813060591651
reactome:Pathway179,abstraction:NextStepPathway,reactome:Pathway1529,0
reactome:Pathway1642,abstraction:NextStepPathway,reactome:Pathway1526,1.9224620056521
reactome:Pathway1201,abstraction:NextStepPathway,reactome:Pathway1205,4.7678557682651865
reactome:Pathway469,abstraction:NextStepPathway,reactome:Pathway466,5.643324505619087
reactome:Pathway271,abstraction:NextStepPathway,reactome:Pathway279,4.095761996903074
reactome:Pathway1104,abstraction:NextStepPathway,reactome:Pathway1105,5.380960241151596
reactome:Pathway1672,abstraction:NextStepPathway,reactome:Pathway1670,5.461002948825132
reactome:Pathway1209,abstraction:NextStepPathway,reactome:Pathway2211,0
reactome:Pathway1520,abstraction:NextStepPathway,reactome:Pathway1234,0
reactome:Pathway248,abstraction:NextStepPathway,reactome:Pathway2555,0
reactome:Pathway2534,abstraction:NextStepPathway,reactome:Pathway70,0
reactome:Pathway2218,abstraction:NextStepPathway,reactome:Pathway1603,0
reactome:Pathway2099,abstraction:NextStepPathway,reactome:Pathway2100,5.999999449557819
reactome:Pathway1948,abstraction:NextStepPathway,reactome:Pathway1947,7.252762418053187
reactome:Pathway2548,abstraction:NextStepPathway,reactome:Pathway2383,0
reactome:Pathway1414,abstraction:NextStepPathway,reactome:Pathway1415,6.154150129385077
reactome:Pathway1927,abstraction:NextStepPathway,reactome:Pathway1862,2.579933583591281
reactome:Pathway1195,abstraction:NextStepPathway,reactome:Pathway1196,5.748685021276914
reactome:Pathway2317,abstraction:NextStepPathway,reactome:Pathway2150,2.140774629696644
reactome:Pathway1605,abstraction:NextStepPathway,reactome:Pathway1606,5.306852268997874
reactome:Pathway2279,abstraction:NextStepPathway,reactome:Pathway2265,2.140774629696644
reactome:Pathway1452,abstraction:NextStepPathway,reactome:Pathway1414,5.8664680569332965
reactome:Pathway2203,abstraction:NextStepPathway,reactome:Pathway1234,0
reactome:Pathway1729,abstraction:NextStepPathway,reactome:Pathway1730,6.559615237493242
reactome:Pathway1382,abstraction:NextStepPathway,reactome:Pathway1350,2.9286297617982084
reactome:Pathway1642,abstraction:NextStepPathway,reactome:Pathway286,0
reactome:Pathway2383,abstraction:NextStepPathway,reactome:Pathway2391,3.4685727841349263
reactome:Pathway1973,abstraction:NextStepPathway,reactome:Pathway2050,0
reactome:Pathway39,abstraction:NextStepPathway,reactome:Pathway56,3.956925552048858
reactome:Pathway1480,abstraction:NextStepPathway,reactome:Pathway2610,0
reactome:Pathway2548,abstraction:NextStepPathway,reactome:Pathway248,0
reactome:Pathway1536,abstraction:NextStepPathway,reactome:Pathway2204,0
reactome:Pathway2028,abstraction:NextStepPathway,reactome:Pathway344,0
reactome:Pathway1387,abstraction:NextStepPathway,reactome:Pathway250,0
reactome:Pathway1697,abstraction:NextStepPathway,reactome:Pathway2541,0
reactome:Pathway2757,abstraction:NextStepPathway,reactome:Pathway2758,5.8664680569332965
reactome:Pathway2247,abstraction:NextStepPathway,reactome:Pathway2236,2.140774629696644
reactome:Pathway1775,abstraction:NextStepPathway,reactome:Pathway1896,2.579933583591281
reactome:Pathway2617,abstraction:NextStepPathway,reactome:Pathway1101,0
reactome:Pathway2303,abstraction:NextStepPathway,reactome:Pathway2302,4.18470948291957
reactome:Pathway1924,abstraction:NextStepPathway,reactome:Pathway2796,0
reactome:Pathway2525,abstraction:NextStepPathway,reactome:Pathway2524,7.252762418053187
reactome:Pathway2134,abstraction:NextStepPathway,reactome:Pathway2060,2.140774629696644
reactome:Pathway2515,abstraction:NextStepPathway,reactome:Pathway2516,6.559615237493242
reactome:Pathway2773,abstraction:NextStepPathway,reactome:Pathway1427,0
reactome:Pathway1896,abstraction:NextStepPathway,reactome:Pathway1824,2.579933583591281
reactome:Pathway524,abstraction:NextStepPathway,reactome:Pathway1533,0
reactome:Pathway134,abstraction:NextStepPathway,reactome:Pathway2030,0
reactome:Pathway1205,abstraction:NextStepPathway,reactome:Pathway1832,0
reactome:Pathway1861,abstraction:NextStepPathway,reactome:Pathway1856,3.209711150218637
reactome:Pathway172,abstraction:NextStepPathway,reactome:Pathway1533,0
reactome:Pathway1851,abstraction:NextStepPathway,reactome:Pathway524,0
reactome:Pathway1861,abstraction:NextStepPathway,reactome:Pathway1754,2.579933583591281
reactome:Pathway2296,abstraction:NextStepPathway,reactome:Pathway269,0
reactome:Pathway2810,abstraction:NextStepPathway,reactome:Pathway2813,5.643324505619087
reactome:Pathway1908,abstraction:NextStepPathway,reactome:Pathway1907,4.208239980329765
reactome:Pathway1480,abstraction:NextStepPathway,reactome:Pathway2590,0
reactome:Pathway1873,abstraction:NextStepPathway,reactome:Pathway479,0
reactome:Pathway1423,abstraction:NextStepPathway,reactome:Pathway1631,1.9224620056521
reactome:Pathway2036,abstraction:NextStepPathway,reactome:Pathway269,0
reactome:Pathway1537,abstraction:NextStepPathway,reactome:Pathway1546,4.544712216950978
reactome:Pathway2120,abstraction:NextStepPathway,reactome:Pathway2112,5.055537840716968
reactome:Pathway1855,abstraction:NextStepPathway,reactome:Pathway1783,3.209711150218637
reactome:Pathway1375,abstraction:NextStepPathway,reactome:Pathway1388,4.950177325059141
reactome:Pathway2272,abstraction:NextStepPathway,reactome:Pathway2273,4.18470948291957
reactome:Pathway2082,abstraction:NextStepPathway,reactome:Pathway2081,5.8664680569332965
reactome:Pathway1790,abstraction:NextStepPathway,reactome:Pathway1773,4.139247108842813
reactome:Pathway2080,abstraction:NextStepPathway,reactome:Pathway2194,3.141888553879876
reactome:Pathway2211,abstraction:NextStepPathway,reactome:Pathway2267,2.140774629696644
reactome:Pathway1324,abstraction:NextStepPathway,reactome:Pathway1368,2.9286297617982084
reactome:Pathway2777,abstraction:NextStepPathway,reactome:Pathway1619,0
reactome:Pathway1735,abstraction:NextStepPathway,reactome:Pathway1641,0
reactome:Pathway1734,abstraction:NextStepPathway,reactome:Pathway1736,5.237859397510922
reactome:Pathway1776,abstraction:NextStepPathway,reactome:Pathway1840,3.209711150218637
reactome:Pathway179,abstraction:NextStepPathway,reactome:Pathway2196,0
reactome:Pathway2647,abstraction:NextStepPathway,reactome:Pathway728,0
reactome:Pathway1537,abstraction:NextStepPathway,reactome:Pathway134,0
reactome:Pathway1689,abstraction:NextStepPathway,reactome:Pathway1672,1.9224620056521
reactome:Pathway1387,abstraction:NextStepPathway,reactome:Pathway1390,4.950177325059141
reactome:Pathway2027,abstraction:NextStepPathway,reactome:Pathway2541,0
reactome:Pathway2203,abstraction:NextStepPathway,reactome:Pathway1538,0
reactome:Pathway2784,abstraction:NextStepPathway,reactome:Pathway2785,6.847297309945023
reactome:Pathway1760,abstraction:NextStepPathway,reactome:Pathway1761,6.559615237493242
reactome:Pathway1477,abstraction:NextStepPathway,reactome:Pathway1203,0
reactome:Pathway1977,abstraction:NextStepPathway,reactome:Pathway1234,0
reactome:Pathway1875,abstraction:NextStepPathway,reactome:Pathway1776,3.209711150218637
reactome:Pathway2361,abstraction:NextStepPathway,reactome:Pathway248,0
reactome:Pathway1856,abstraction:NextStepPathway,reactome:Pathway134,0
reactome:Pathway207,abstraction:NextStepPathway,reactome:Pathway206,4.544712216950978
reactome:Pathway1821,abstraction:NextStepPathway,reactome:Pathway1822,5.748685021276914
reactome:Pathway2453,abstraction:NextStepPathway,reactome:Pathway2455,6.154150129385077
reactome:Pathway1537,abstraction:NextStepPathway,reactome:Pathway1520,4.544712216950978
reactome:Pathway1856,abstraction:NextStepPathway,reactome:Pathway1851,3.209711150218637
reactome:Pathway1960,abstraction:NextStepPathway,reactome:Pathway2258,0
reactome:Pathway1537,abstraction:NextStepPathway,reactome:Pathway1532,4.544712216950978
reactome:Pathway1731,abstraction:NextStepPathway,reactome:Pathway1850,2.579933583591281
reactome:Pathway2131,abstraction:NextStepPathway,reactome:Pathway2124,4.480173695813406
reactome:Pathway2562,abstraction:NextStepPathway,reactome:Pathway2567,6.154150129385077
reactome:Pathway2133,abstraction:NextStepPathway,reactome:Pathway2134,5.380960241151596
reactome:Pathway10,abstraction:NextStepPathway,reactome:Pathway12,5.999999449557819
reactome:Pathway104,abstraction:NextStepPathway,reactome:Pathway103,5.748685021276914
reactome:Pathway1735,abstraction:NextStepPathway,reactome:Pathway1631,0
reactome:Pathway2365,abstraction:NextStepPathway,reactome:Pathway2551,0
reactome:Pathway18,abstraction:NextStepPathway,reactome:Pathway19,6.559615237493242
reactome:Pathway1856,abstraction:NextStepPathway,reactome:Pathway1669,0
reactome:Pathway1619,abstraction:NextStepPathway,reactome:Pathway1360,1.9224620056521
reactome:Pathway2079,abstraction:NextStepPathway,reactome:Pathway2082,4.544712216950978
reactome:Pathway1702,abstraction:NextStepPathway,reactome:Pathway2670,0
reactome:Pathway394,abstraction:NextStepPathway,reactome:Pathway88,0
reactome:Pathway1572,abstraction:NextStepPathway,reactome:Pathway1577,4.901387160889709
reactome:Pathway2555,abstraction:NextStepPathway,reactome:Pathway247,0
reactome:Pathway1824,abstraction:NextStepPathway,reactome:Pathway1835,3.209711150218637
reactome:Pathway1857,abstraction:NextStepPathway,reactome:Pathway1715,0
reactome:Pathway321,abstraction:NextStepPathway,reactome:Pathway325,5.8664680569332965
reactome:Pathway1776,abstraction:NextStepPathway,reactome:Pathway1205,0
reactome:Pathway1210,abstraction:NextStepPathway,reactome:Pathway1512,0
reactome:Pathway1689,abstraction:NextStepPathway,reactome:Pathway1850,0
reactome:Pathway2728,abstraction:NextStepPathway,reactome:Pathway2729,5.548014325814762
reactome:Pathway2556,abstraction:NextStepPathway,reactome:Pathway2549,4.950177325059141
reactome:Pathway1965,abstraction:NextStepPathway,reactome:Pathway103,0
reactome:Pathway2135,abstraction:NextStepPathway,reactome:Pathway2136,5.380960241151596
reactome:Pathway1838,abstraction:NextStepPathway,reactome:Pathway1839,5.643324505619087
reactome:Pathway2196,abstraction:NextStepPathway,reactome:Pathway1529,0
reactome:Pathway2394,abstraction:NextStepPathway,reactome:Pathway2374,3.133725243240715
reactome:Pathway1234,abstraction:NextStepPathway,reactome:Pathway1533,0
reactome:Pathway1601,abstraction:NextStepPathway,reactome:Pathway674,0
reactome:Pathway2118,abstraction:NextStepPathway,reactome:Pathway2125,5.055537840716968
reactome:Pathway2810,abstraction:NextStepPathway,reactome:Pathway2817,5.643324505619087
reactome:Pathway2551,abstraction:NextStepPathway,reactome:Pathway2526,0
reactome:Pathway439,abstraction:NextStepPathway,reactome:Pathway329,0
reactome:Pathway1677,abstraction:NextStepPathway,reactome:Pathway1439,1.9224620056521
reactome:Pathway2027,abstraction:NextStepPathway,reactome:Pathway1961,0
reactome:Pathway1541,abstraction:NextStepPathway,reactome:Pathway1544,4.544712216950978
reactome:Pathway2668,abstraction:NextStepPathway,reactome:Pathway1777,0
reactome:Pathway1779,abstraction:NextStepPathway,reactome:Pathway247,0
reactome:Pathway1521,abstraction:NextStepPathway,reactome:Pathway1537,4.544712216950978
reactome:Pathway1225,abstraction:NextStepPathway,reactome:Pathway493,0
reactome:Pathway1234,abstraction:NextStepPathway,reactome:Pathway1531,0
reactome:Pathway2383,abstraction:NextStepPathway,reactome:Pathway2397,3.4685727841349263
reactome:Pathway1173,abstraction:NextStepPathway,reactome:Pathway1184,4.950177325059141
reactome:Pathway1831,abstraction:NextStepPathway,reactome:Pathway1833,3.209711150218637
reactome:Pathway1812,abstraction:NextStepPathway,reactome:Pathway1801,4.139247108842813
reactome:Pathway2541,abstraction:NextStepPathway,reactome:Pathway2036,0
reactome:Pathway62,abstraction:NextStepPathway,reactome:Pathway2719,0
reactome:Pathway2209,abstraction:NextStepPathway,reactome:Pathway2028,2.140774629696644
reactome:Pathway1555,abstraction:NextStepPathway,reactome:Pathway1549,5.0014706194466925
reactome:Pathway2165,abstraction:NextStepPathway,reactome:Pathway2163,6.336471686179032
reactome:Pathway2594,abstraction:NextStepPathway,reactome:Pathway2539,3.527068990816535
reactome:Pathway1931,abstraction:NextStepPathway,reactome:Pathway1932,3.7412169792221666
reactome:Pathway1627,abstraction:NextStepPathway,reactome:Pathway1619,5.643324505619087
reactome:Pathway422,abstraction:NextStepPathway,reactome:Pathway424,5.173320876373351
reactome:Pathway493,abstraction:NextStepPathway,reactome:Pathway1588,0
reactome:Pathway248,abstraction:NextStepPathway,reactome:Pathway250,6.336471686179032
reactome:Pathway1750,abstraction:NextStepPathway,reactome:Pathway1642,0
reactome:Pathway485,abstraction:NextStepPathway,reactome:Pathway509,4.308323438886747
reactome:Pathway1532,abstraction:NextStepPathway,reactome:Pathway1977,0
reactome:Pathway2349,abstraction:NextStepPathway,reactome:Pathway2348,2.140774629696644
reactome:Pathway1917,abstraction:NextStepPathway,reactome:Pathway1921,6.336471686179032
reactome:Pathway2216,abstraction:NextStepPathway,reactome:Pathway2027,2.140774629696644
reactome:Pathway2744,abstraction:NextStepPathway,reactome:Pathway1669,0
reactome:Pathway395,abstraction:NextStepPathway,reactome:Pathway1761,0
reactome:Pathway286,abstraction:NextStepPathway,reactome:Pathway2211,0
reactome:Pathway2398,abstraction:NextStepPathway,reactome:Pathway2423,3.4685727841349263
reactome:Pathway134,abstraction:NextStepPathway,reactome:Pathway1393,0
reactome:Pathway319,abstraction:NextStepPathway,reactome:Pathway317,3.07837514815755
reactome:Pathway351,abstraction:NextStepPathway,reactome:Pathway350,7.252762418053187
reactome:Pathway1699,abstraction:NextStepPathway,reactome:Pathway2705,0
reactome:Pathway269,abstraction:NextStepPathway,reactome:Pathway2236,0
reactome:Pathway2051,abstraction:NextStepPathway,reactome:Pathway2052,6.847297309945023
reactome:Pathway1908,abstraction:NextStepPathway,reactome:Pathway1925,3.7412169792221666
reactome:Pathway2068,abstraction:NextStepPathway,reactome:Pathway2061,5.461002948825132
reactome:Pathway1322,abstraction:NextStepPathway,reactome:Pathway1412,2.9286297617982084
reactome:Pathway2398,abstraction:NextStepPathway,reactome:Pathway2418,3.4685727841349263
reactome:Pathway1431,abstraction:NextStepPathway,reactome:Pathway1619,1.9224620056521
reactome:Pathway2068,abstraction:NextStepPathway,reactome:Pathway2196,2.140774629696644
reactome:Pathway2068,abstraction:NextStepPathway,reactome:Pathway1861,0
reactome:Pathway49,abstraction:NextStepPathway,reactome:Pathway2626,0
reactome:Pathway247,abstraction:NextStepPathway,reactome:Pathway2683,0
reactome:Pathway1606,abstraction:NextStepPathway,reactome:Pathway2380,0
reactome:Pathway1730,abstraction:NextStepPathway,reactome:Pathway1731,6.559615237493242
reactome:Pathway1544,abstraction:NextStepPathway,reactome:Pathway1588,1.9224620056521
reactome:Pathway2383,abstraction:NextStepPathway,reactome:Pathway248,0
reactome:Pathway2658,abstraction:NextStepPathway,reactome:Pathway2660,6.559615237493242
reactome:Pathway51,abstraction:NextStepPathway,reactome:Pathway52,6.336471686179032
reactome:Pathway2475,abstraction:NextStepPathway,reactome:Pathway2478,5.112696254556917
reactome:Pathway1533,abstraction:NextStepPathway,reactome:Pathway436,0
reactome:Pathway1908,abstraction:NextStepPathway,reactome:Pathway1903,4.208239980329765
reactome:Pathway2681,abstraction:NextStepPathway,reactome:Pathway2684,5.0014706194466925
reactome:Pathway2196,abstraction:NextStepPathway,reactome:Pathway1861,0
reactome:Pathway1091,abstraction:NextStepPathway,reactome:Pathway1092,5.748685021276914
reactome:Pathway2480,abstraction:NextStepPathway,reactome:Pathway2481,5.999999449557819
reactome:Pathway478,abstraction:NextStepPathway,reactome:Pathway1234,0
reactome:Pathway1851,abstraction:NextStepPathway,reactome:Pathway1233,0
reactome:Pathway2079,abstraction:NextStepPathway,reactome:Pathway2083,4.544712216950978
reactome:Pathway1773,abstraction:NextStepPathway,reactome:Pathway1774,5.306852268997874
reactome:Pathway1533,abstraction:NextStepPathway,reactome:Pathway1531,6.559615237493242
reactome:Pathway1429,abstraction:NextStepPathway,reactome:Pathway1856,0
reactome:Pathway2361,abstraction:NextStepPathway,reactome:Pathway2404,3.133725243240715
reactome:Pathway524,abstraction:NextStepPathway,reactome:Pathway132,0
reactome:Pathway1429,abstraction:NextStepPathway,reactome:Pathway1754,0
reactome:Pathway1555,abstraction:NextStepPathway,reactome:Pathway2591,0
reactome:Pathway172,abstraction:NextStepPathway,reactome:Pathway132,0
reactome:Pathway509,abstraction:NextStepPathway,reactome:Pathway463,0
reactome:Pathway1631,abstraction:NextStepPathway,reactome:Pathway1566,1.9224620056521
reactome:Pathway2801,abstraction:NextStepPathway,reactome:Pathway2804,6.559615237493242
reactome:Pathway1850,abstraction:NextStepPathway,reactome:Pathway1225,0
reactome:Pathway2313,abstraction:NextStepPathway,reactome:Pathway2314,7.252762418053187
reactome:Pathway1477,abstraction:NextStepPathway,reactome:Pathway250,0
reactome:Pathway2641,abstraction:NextStepPathway,reactome:Pathway2642,6.154150129385077
reactome:Pathway491,abstraction:NextStepPathway,reactome:Pathway1538,0
reactome:Pathway1526,abstraction:NextStepPathway,reactome:Pathway179,0
reactome:Pathway1233,abstraction:NextStepPathway,reactome:Pathway2211,0
reactome:Pathway1477,abstraction:NextStepPathway,reactome:Pathway2590,3.527068990816535
reactome:Pathway2032,abstraction:NextStepPathway,reactome:Pathway2033,7.252762418053187
reactome:Pathway2073,abstraction:NextStepPathway,reactome:Pathway2074,3.141888553879876
reactome:Pathway2721,abstraction:NextStepPathway,reactome:Pathway2772,3.227410727318038
reactome:Pathway1234,abstraction:NextStepPathway,reactome:Pathway1233,6.559615237493242
reactome:Pathway250,abstraction:NextStepPathway,reactome:Pathway247,6.336471686179032
reactome:Pathway482,abstraction:NextStepPathway,reactome:Pathway179,0
reactome:Pathway1412,abstraction:NextStepPathway,reactome:Pathway1378,2.9286297617982084
reactome:Pathway1835,abstraction:NextStepPathway,reactome:Pathway1845,3.209711150218637
reactome:Pathway252,abstraction:NextStepPathway,reactome:Pathway271,4.095761996903074
reactome:Pathway1234,abstraction:NextStepPathway,reactome:Pathway1609,0
reactome:Pathway1382,abstraction:NextStepPathway,reactome:Pathway2749,0
reactome:Pathway144,abstraction:NextStepPathway,reactome:Pathway1444,0
reactome:Pathway100,abstraction:NextStepPathway,reactome:Pathway102,5.748685021276914
reactome:Pathway2204,abstraction:NextStepPathway,reactome:Pathway134,0
reactome:Pathway2673,abstraction:NextStepPathway,reactome:Pathway2682,5.0014706194466925
reactome:Pathway2462,abstraction:NextStepPathway,reactome:Pathway2463,7.252762418053187
reactome:Pathway1494,abstraction:NextStepPathway,reactome:Pathway1538,3.8350357344398214
reactome:Pathway2640,abstraction:NextStepPathway,reactome:Pathway2643,6.154150129385077
reactome:Pathway2691,abstraction:NextStepPathway,reactome:Pathway2695,4.390561537123719
reactome:Pathway1521,abstraction:NextStepPathway,reactome:Pathway1607,1.9224620056521
reactome:Pathway2313,abstraction:NextStepPathway,reactome:Pathway1209,0
reactome:Pathway256,abstraction:NextStepPathway,reactome:Pathway262,5.548014325814762
reactome:Pathway405,abstraction:NextStepPathway,reactome:Pathway1491,0
reactome:Pathway2219,abstraction:NextStepPathway,reactome:Pathway2220,5.112696254556917
reactome:Pathway2328,abstraction:NextStepPathway,reactome:Pathway2324,5.112696254556917
reactome:Pathway2397,abstraction:NextStepPathway,reactome:Pathway2435,3.4685727841349263
reactome:Pathway267,abstraction:NextStepPathway,reactome:Pathway436,0
reactome:Pathway2060,abstraction:NextStepPathway,reactome:Pathway1851,0
reactome:Pathway2204,abstraction:NextStepPathway,reactome:Pathway1532,0
reactome:Pathway13,abstraction:NextStepPathway,reactome:Pathway14,5.999999449557819
reactome:Pathway1400,abstraction:NextStepPathway,reactome:Pathway1631,1.9224620056521
reactome:Pathway493,abstraction:NextStepPathway,reactome:Pathway1541,0
reactome:Pathway2284,abstraction:NextStepPathway,reactome:Pathway2301,4.18470948291957
reactome:Pathway1544,abstraction:NextStepPathway,reactome:Pathway1861,0
reactome:Pathway248,abstraction:NextStepPathway,reactome:Pathway2545,0
reactome:Pathway1544,abstraction:NextStepPathway,reactome:Pathway2196,0
reactome:Pathway1477,abstraction:NextStepPathway,reactome:Pathway1187,0
reactome:Pathway2555,abstraction:NextStepPathway,reactome:Pathway2558,5.8664680569332965
reactome:Pathway1168,abstraction:NextStepPathway,reactome:Pathway1170,4.950177325059141
reactome:Pathway2756,abstraction:NextStepPathway,reactome:Pathway2763,4.308323438886747
reactome:Pathway1484,abstraction:NextStepPathway,reactome:Pathway1485,6.336471686179032
reactome:Pathway2759,abstraction:NextStepPathway,reactome:Pathway2751,4.308323438886747
reactome:Pathway2302,abstraction:NextStepPathway,reactome:Pathway2285,4.18470948291957
reactome:Pathway1473,abstraction:NextStepPathway,reactome:Pathway454,0
reactome:Pathway1526,abstraction:NextStepPathway,reactome:Pathway1588,1.9224620056521
reactome:Pathway1631,abstraction:NextStepPathway,reactome:Pathway2555,0
reactome:Pathway1503,abstraction:NextStepPathway,reactome:Pathway1520,3.8350357344398214
reactome:Pathway1642,abstraction:NextStepPathway,reactome:Pathway1851,0
reactome:Pathway1722,abstraction:NextStepPathway,reactome:Pathway1908,0
reactome:Pathway1862,abstraction:NextStepPathway,reactome:Pathway1857,3.209711150218637
reactome:Pathway2398,abstraction:NextStepPathway,reactome:Pathway2411,3.4685727841349263
reactome:Pathway503,abstraction:NextStepPathway,reactome:Pathway507,4.308323438886747
reactome:Pathway99,abstraction:NextStepPathway,reactome:Pathway98,5.748685021276914
reactome:Pathway1857,abstraction:NextStepPathway,reactome:Pathway1741,2.579933583591281
reactome:Pathway211,abstraction:NextStepPathway,reactome:Pathway212,5.999999449557819
reactome:Pathway1896,abstraction:NextStepPathway,reactome:Pathway1777,5.643324505619087
reactome:Pathway2244,abstraction:NextStepPathway,reactome:Pathway2258,2.140774629696644
reactome:Pathway1780,abstraction:NextStepPathway,reactome:Pathway1783,5.8664680569332965
reactome:Pathway184,abstraction:NextStepPathway,reactome:Pathway1393,0
reactome:Pathway256,abstraction:NextStepPathway,reactome:Pathway255,5.237859397510922
reactome:Pathway1775,abstraction:NextStepPathway,reactome:Pathway1824,3.209711150218637
reactome:Pathway524,abstraction:NextStepPathway,reactome:Pathway172,0
reactome:Pathway2235,abstraction:NextStepPathway,reactome:Pathway292,0
reactome:Pathway1538,abstraction:NextStepPathway,reactome:Pathway1546,4.544712216950978
reactome:Pathway2500,abstraction:NextStepPathway,reactome:Pathway2556,0
reactome:Pathway2668,abstraction:NextStepPathway,reactome:Pathway727,0
reactome:Pathway1607,abstraction:NextStepPathway,reactome:Pathway2211,0
reactome:Pathway1520,abstraction:NextStepPathway,reactome:Pathway1522,4.544712216950978
reactome:Pathway421,abstraction:NextStepPathway,reactome:Pathway424,5.055537840716968
reactome:Pathway1670,abstraction:NextStepPathway,reactome:Pathway2366,0
reactome:Pathway286,abstraction:NextStepPathway,reactome:Pathway1588,0
reactome:Pathway1533,abstraction:NextStepPathway,reactome:Pathway1609,1.9224620056521
reactome:Pathway2220,abstraction:NextStepPathway,reactome:Pathway2222,5.112696254556917
reactome:Pathway46,abstraction:NextStepPathway,reactome:Pathway42,3.956925552048858
reactome:Pathway1600,abstraction:NextStepPathway,reactome:Pathway1597,5.643324505619087
reactome:Pathway1722,abstraction:NextStepPathway,reactome:Pathway1925,0
reactome:Pathway372,abstraction:NextStepPathway,reactome:Pathway2810,0
reactome:Pathway1138,abstraction:NextStepPathway,reactome:Pathway1140,4.687813060591651
reactome:Pathway2221,abstraction:NextStepPathway,reactome:Pathway2219,5.112696254556917
reactome:Pathway2397,abstraction:NextStepPathway,reactome:Pathway2415,3.4685727841349263
reactome:Pathway1320,abstraction:NextStepPathway,reactome:Pathway1325,2.9286297617982084
reactome:Pathway2094,abstraction:NextStepPathway,reactome:Pathway2095,5.999999449557819
reactome:Pathway1091,abstraction:NextStepPathway,reactome:Pathway1094,5.748685021276914
reactome:Pathway365,abstraction:NextStepPathway,reactome:Pathway366,6.559615237493242
reactome:Pathway306,abstraction:NextStepPathway,reactome:Pathway305,4.687813060591651
reactome:Pathway2203,abstraction:NextStepPathway,reactome:Pathway1522,0
reactome:Pathway1826,abstraction:NextStepPathway,reactome:Pathway267,0
reactome:Pathway1669,abstraction:NextStepPathway,reactome:Pathway1850,0
reactome:Pathway1694,abstraction:NextStepPathway,reactome:Pathway1696,1.9224620056521
reactome:Pathway1427,abstraction:NextStepPathway,reactome:Pathway1676,1.9224620056521
reactome:Pathway694,abstraction:NextStepPathway,reactome:Pathway693,5.548014325814762
reactome:Pathway101,abstraction:NextStepPathway,reactome:Pathway2308,0
reactome:Pathway1722,abstraction:NextStepPathway,reactome:Pathway1903,0
reactome:Pathway2222,abstraction:NextStepPathway,reactome:Pathway2541,0
reactome:Pathway506,abstraction:NextStepPathway,reactome:Pathway1276,0
reactome:Pathway1428,abstraction:NextStepPathway,reactome:Pathway1735,0
reactome:Pathway1811,abstraction:NextStepPathway,reactome:Pathway1801,5.173320876373351
reactome:Pathway1192,abstraction:NextStepPathway,reactome:Pathway1188,5.999999449557819
reactome:Pathway266,abstraction:NextStepPathway,reactome:Pathway253,4.095761996903074
reactome:Pathway2549,abstraction:NextStepPathway,reactome:Pathway2366,0
reactome:Pathway1842,abstraction:NextStepPathway,reactome:Pathway1839,5.643324505619087
reactome:Pathway438,abstraction:NextStepPathway,reactome:Pathway444,5.748685021276914
reactome:Pathway485,abstraction:NextStepPathway,reactome:Pathway493,4.308323438886747
reactome:Pathway1589,abstraction:NextStepPathway,reactome:Pathway2539,0
reactome:Pathway1875,abstraction:NextStepPathway,reactome:Pathway1896,2.579933583591281
reactome:Pathway306,abstraction:NextStepPathway,reactome:Pathway307,4.687813060591651
reactome:Pathway88,abstraction:NextStepPathway,reactome:Pathway394,0
reactome:Pathway2094,abstraction:NextStepPathway,reactome:Pathway2222,2.140774629696644
reactome:Pathway490,abstraction:NextStepPathway,reactome:Pathway1545,0
reactome:Pathway1856,abstraction:NextStepPathway,reactome:Pathway1642,0
reactome:Pathway2227,abstraction:NextStepPathway,reactome:Pathway1972,0
reactome:Pathway2394,abstraction:NextStepPathway,reactome:Pathway2354,3.133725243240715
reactome:Pathway1531,abstraction:NextStepPathway,reactome:Pathway2600,0
reactome:Pathway2122,abstraction:NextStepPathway,reactome:Pathway2131,4.480173695813406
reactome:Pathway1851,abstraction:NextStepPathway,reactome:Pathway172,0
reactome:Pathway438,abstraction:NextStepPathway,reactome:Pathway441,5.748685021276914
reactome:Pathway114,abstraction:NextStepPathway,reactome:Pathway2541,0
reactome:Pathway1789,abstraction:NextStepPathway,reactome:Pathway1779,5.173320876373351
reactome:Pathway2113,abstraction:NextStepPathway,reactome:Pathway2117,5.055537840716968
reactome:Pathway1931,abstraction:NextStepPathway,reactome:Pathway1621,0
reactome:Pathway1619,abstraction:NextStepPathway,reactome:Pathway247,0
reactome:Pathway2532,abstraction:NextStepPathway,reactome:Pathway2533,6.847297309945023
reactome:Pathway1233,abstraction:NextStepPathway,reactome:Pathway1588,0
reactome:Pathway1731,abstraction:NextStepPathway,reactome:Pathway1851,2.579933583591281
reactome:Pathway2200,abstraction:NextStepPathway,reactome:Pathway2196,5.306852268997874
reactome:Pathway1412,abstraction:NextStepPathway,reactome:Pathway1379,2.9286297617982084
reactome:Pathway2200,abstraction:NextStepPathway,reactome:Pathway2198,6.154150129385077
reactome:Pathway1861,abstraction:NextStepPathway,reactome:Pathway179,0
reactome:Pathway1416,abstraction:NextStepPathway,reactome:Pathway1418,6.847297309945023
reactome:Pathway2320,abstraction:NextStepPathway,reactome:Pathway2340,4.480173695813406
reactome:Pathway1521,abstraction:NextStepPathway,reactome:Pathway1522,4.544712216950978
reactome:Pathway2267,abstraction:NextStepPathway,reactome:Pathway1607,0
reactome:Pathway1483,abstraction:NextStepPathway,reactome:Pathway1484,6.336471686179032
reactome:Pathway2332,abstraction:NextStepPathway,reactome:Pathway2352,2.140774629696644
reactome:Pathway1629,abstraction:NextStepPathway,reactome:Pathway1850,0
reactome:Pathway2028,abstraction:NextStepPathway,reactome:Pathway2035,4.362390660157023
reactome:Pathway1977,abstraction:NextStepPathway,reactome:Pathway1522,0
reactome:Pathway123,abstraction:NextStepPathway,reactome:Pathway125,6.847297309945023
reactome:Pathway1962,abstraction:NextStepPathway,reactome:Pathway2012,0
reactome:Pathway2209,abstraction:NextStepPathway,reactome:Pathway2112,2.140774629696644
reactome:Pathway35,abstraction:NextStepPathway,reactome:Pathway37,5.643324505619087
reactome:Pathway1689,abstraction:NextStepPathway,reactome:Pathway1669,1.9224620056521
reactome:Pathway2079,abstraction:NextStepPathway,reactome:Pathway2085,4.544712216950978
reactome:Pathway1198,abstraction:NextStepPathway,reactome:Pathway1209,4.7678557682651865
reactome:Pathway499,abstraction:NextStepPathway,reactome:Pathway524,0
reactome:Pathway1538,abstraction:NextStepPathway,reactome:Pathway1543,4.544712216950978
reactome:Pathway1861,abstraction:NextStepPathway,reactome:Pathway1428,0
reactome:Pathway2175,abstraction:NextStepPathway,reactome:Pathway1496,0
reactome:Pathway1714,abstraction:NextStepPathway,reactome:Pathway1715,7.252762418053187
reactome:Pathway1908,abstraction:NextStepPathway,reactome:Pathway1601,0
reactome:Pathway2278,abstraction:NextStepPathway,reactome:Pathway2279,7.252762418053187
reactome:Pathway489,abstraction:NextStepPathway,reactome:Pathway1588,0
reactome:Pathway1619,abstraction:NextStepPathway,reactome:Pathway1626,5.643324505619087
reactome:Pathway1961,abstraction:NextStepPathway,reactome:Pathway2027,0
reactome:Pathway1433,abstraction:NextStepPathway,reactome:Pathway1442,2.9286297617982084
reactome:Pathway1554,abstraction:NextStepPathway,reactome:Pathway257,0
reactome:Pathway2204,abstraction:NextStepPathway,reactome:Pathway1767,0
reactome:Pathway2164,abstraction:NextStepPathway,reactome:Pathway2165,6.336471686179032
reactome:Pathway2593,abstraction:NextStepPathway,reactome:Pathway2383,0
reactome:Pathway1456,abstraction:NextStepPathway,reactome:Pathway1457,5.461002948825132
reactome:Pathway179,abstraction:NextStepPathway,reactome:Pathway286,0
reactome:Pathway2603,abstraction:NextStepPathway,reactome:Pathway2600,6.336471686179032
reactome:Pathway462,abstraction:NextStepPathway,reactome:Pathway2275,0
reactome:Pathway1750,abstraction:NextStepPathway,reactome:Pathway130,0
reactome:Pathway1368,abstraction:NextStepPathway,reactome:Pathway1359,4.18470948291957
reactome:Pathway2810,abstraction:NextStepPathway,reactome:Pathway2819,5.643324505619087
reactome:Pathway1915,abstraction:NextStepPathway,reactome:Pathway1923,4.208239980329765
reactome:Pathway2073,abstraction:NextStepPathway,reactome:Pathway444,0
reactome:Pathway395,abstraction:NextStepPathway,reactome:Pathway1764,0
reactome:Pathway2541,abstraction:NextStepPathway,reactome:Pathway2228,0
reactome:Pathway2142,abstraction:NextStepPathway,reactome:Pathway2560,0
reactome:Pathway1233,abstraction:NextStepPathway,reactome:Pathway1861,0
reactome:Pathway2380,abstraction:NextStepPathway,reactome:Pathway2383,5.237859397510922
reactome:Pathway2313,abstraction:NextStepPathway,reactome:Pathway1979,0
reactome:Pathway1885,abstraction:NextStepPathway,reactome:Pathway1886,5.643324505619087
reactome:Pathway1973,abstraction:NextStepPathway,reactome:Pathway2337,0
reactome:Pathway256,abstraction:NextStepPathway,reactome:Pathway259,5.548014325814762
reactome:Pathway287,abstraction:NextStepPathway,reactome:Pathway524,0
reactome:Pathway1349,abstraction:NextStepPathway,reactome:Pathway1368,4.18470948291957
reactome:Pathway2220,abstraction:NextStepPathway,reactome:Pathway2350,2.140774629696644
reactome:Pathway2346,abstraction:NextStepPathway,reactome:Pathway2012,0
reactome:Pathway1904,abstraction:NextStepPathway,reactome:Pathway1906,6.336471686179032
reactome:Pathway2617,abstraction:NextStepPathway,reactome:Pathway1103,0
reactome:Pathway2336,abstraction:NextStepPathway,reactome:Pathway2352,2.140774629696644
reactome:Pathway2414,abstraction:NextStepPathway,reactome:Pathway2415,6.847297309945023
reactome:Pathway2443,abstraction:NextStepPathway,reactome:Pathway2445,5.173320876373351
reactome:Pathway1903,abstraction:NextStepPathway,reactome:Pathway1907,6.336471686179032
reactome:Pathway2267,abstraction:NextStepPathway,reactome:Pathway2211,2.140774629696644
reactome:Pathway2554,abstraction:NextStepPathway,reactome:Pathway2358,0
reactome:Pathway2555,abstraction:NextStepPathway,reactome:Pathway1632,0
reactome:Pathway1225,abstraction:NextStepPathway,reactome:Pathway1427,0
reactome:Pathway1850,abstraction:NextStepPathway,reactome:Pathway1669,0
reactome:Pathway2208,abstraction:NextStepPathway,reactome:Pathway2209,5.306852268997874
reactome:Pathway1305,abstraction:NextStepPathway,reactome:Pathway1914,0
reactome:Pathway1321,abstraction:NextStepPathway,reactome:Pathway1642,1.9224620056521
reactome:Pathway1568,abstraction:NextStepPathway,reactome:Pathway1581,4.901387160889709
reactome:Pathway1779,abstraction:NextStepPathway,reactome:Pathway1783,5.8664680569332965
reactome:Pathway436,abstraction:NextStepPathway,reactome:Pathway253,0
reactome:Pathway134,abstraction:NextStepPathway,reactome:Pathway2204,0
reactome:Pathway1914,abstraction:NextStepPathway,reactome:Pathway1906,4.208239980329765
reactome:Pathway2028,abstraction:NextStepPathway,reactome:Pathway2030,6.559615237493242
reactome:Pathway340,abstraction:NextStepPathway,reactome:Pathway349,3.5764617461461112
reactome:Pathway2365,abstraction:NextStepPathway,reactome:Pathway248,0
reactome:Pathway1854,abstraction:NextStepPathway,reactome:Pathway1858,3.209711150218637
reactome:Pathway252,abstraction:NextStepPathway,reactome:Pathway275,4.095761996903074
reactome:Pathway347,abstraction:NextStepPathway,reactome:Pathway2147,0
reactome:Pathway2204,abstraction:NextStepPathway,reactome:Pathway2205,5.306852268997874
reactome:Pathway2582,abstraction:NextStepPathway,reactome:Pathway2583,6.154150129385077
reactome:Pathway2114,abstraction:NextStepPathway,reactome:Pathway2115,5.055537840716968
reactome:Pathway1509,abstraction:NextStepPathway,reactome:Pathway489,0
reactome:Pathway1428,abstraction:NextStepPathway,reactome:Pathway1632,1.9224620056521
reactome:Pathway1593,abstraction:NextStepPathway,reactome:Pathway2584,0
reactome:Pathway2017,abstraction:NextStepPathway,reactome:Pathway2150,0
reactome:Pathway2466,abstraction:NextStepPathway,reactome:Pathway2480,5.112696254556917
reactome:Pathway1234,abstraction:NextStepPathway,reactome:Pathway2109,0
reactome:Pathway2503,abstraction:NextStepPathway,reactome:Pathway2506,5.8664680569332965
reactome:Pathway1353,abstraction:NextStepPathway,reactome:Pathway1356,5.643324505619087
reactome:Pathway1856,abstraction:NextStepPathway,reactome:Pathway1429,0
reactome:Pathway2081,abstraction:NextStepPathway,reactome:Pathway2324,2.140774629696644
reactome:Pathway1766,abstraction:NextStepPathway,reactome:Pathway1928,2.579933583591281
reactome:Pathway1856,abstraction:NextStepPathway,reactome:Pathway1750,2.579933583591281
reactome:Pathway2073,abstraction:NextStepPathway,reactome:Pathway2154,3.141888553879876
reactome:Pathway2548,abstraction:NextStepPathway,reactome:Pathway2610,3.527068990816535
reactome:Pathway1537,abstraction:NextStepPathway,reactome:Pathway1234,0
reactome:Pathway388,abstraction:NextStepPathway,reactome:Pathway1478,0
reactome:Pathway2629,abstraction:NextStepPathway,reactome:Pathway76,0
reactome:Pathway2384,abstraction:NextStepPathway,reactome:Pathway1688,0
reactome:Pathway1824,abstraction:NextStepPathway,reactome:Pathway1797,3.209711150218637
reactome:Pathway309,abstraction:NextStepPathway,reactome:Pathway310,6.559615237493242
reactome:Pathway1973,abstraction:NextStepPathway,reactome:Pathway347,0
reactome:Pathway2294,abstraction:NextStepPathway,reactome:Pathway2293,6.154150129385077
reactome:Pathway2557,abstraction:NextStepPathway,reactome:Pathway2548,4.950177325059141
reactome:Pathway1541,abstraction:NextStepPathway,reactome:Pathway1546,4.544712216950978
reactome:Pathway1807,abstraction:NextStepPathway,reactome:Pathway2692,0
reactome:Pathway2569,abstraction:NextStepPathway,reactome:Pathway2574,5.461002948825132
reactome:Pathway350,abstraction:NextStepPathway,reactome:Pathway352,4.810415382683983
reactome:Pathway1526,abstraction:NextStepPathway,reactome:Pathway1752,0
reactome:Pathway1834,abstraction:NextStepPathway,reactome:Pathway1796,3.209711150218637
reactome:Pathway1575,abstraction:NextStepPathway,reactome:Pathway2729,0
reactome:Pathway268,abstraction:NextStepPathway,reactome:Pathway267,5.237859397510922
reactome:Pathway482,abstraction:NextStepPathway,reactome:Pathway1752,0
reactome:Pathway439,abstraction:NextStepPathway,reactome:Pathway2074,0
reactome:Pathway1500,abstraction:NextStepPathway,reactome:Pathway1234,0
reactome:Pathway524,abstraction:NextStepPathway,reactome:Pathway1534,0
reactome:Pathway1506,abstraction:NextStepPathway,reactome:Pathway1520,3.8350357344398214
reactome:Pathway172,abstraction:NextStepPathway,reactome:Pathway1534,0
reactome:Pathway1428,abstraction:NextStepPathway,reactome:Pathway1442,2.9286297617982084
reactome:Pathway2397,abstraction:NextStepPathway,reactome:Pathway2411,3.4685727841349263
reactome:Pathway2179,abstraction:NextStepPathway,reactome:Pathway2187,4.950177325059141
reactome:Pathway2028,abstraction:NextStepPathway,reactome:Pathway2215,2.140774629696644
reactome:Pathway1429,abstraction:NextStepPathway,reactome:Pathway179,0
reactome:Pathway1324,abstraction:NextStepPathway,reactome:Pathway1631,1.9224620056521
reactome:Pathway1428,abstraction:NextStepPathway,reactome:Pathway2391,0
reactome:Pathway478,abstraction:NextStepPathway,reactome:Pathway2203,0
reactome:Pathway1529,abstraction:NextStepPathway,reactome:Pathway1669,1.9224620056521
reactome:Pathway1688,abstraction:NextStepPathway,reactome:Pathway2384,0
reactome:Pathway2445,abstraction:NextStepPathway,reactome:Pathway2446,5.173320876373351
reactome:Pathway299,abstraction:NextStepPathway,reactome:Pathway300,5.999999449557819
reactome:Pathway2196,abstraction:NextStepPathway,reactome:Pathway286,0
reactome:Pathway2324,abstraction:NextStepPathway,reactome:Pathway2080,2.140774629696644
reactome:Pathway2318,abstraction:NextStepPathway,reactome:Pathway2159,2.140774629696644
reactome:Pathway2556,abstraction:NextStepPathway,reactome:Pathway2365,0
reactome:Pathway2358,abstraction:NextStepPathway,reactome:Pathway248,0
reactome:Pathway1189,abstraction:NextStepPathway,reactome:Pathway1190,7.252762418053187
reactome:Pathway372,abstraction:NextStepPathway,reactome:Pathway376,5.112696254556917
reactome:Pathway248,abstraction:NextStepPathway,reactome:Pathway2501,0
reactome:Pathway2045,abstraction:NextStepPathway,reactome:Pathway2047,5.306852268997874
reactome:Pathway493,abstraction:NextStepPathway,reactome:Pathway1526,0
reactome:Pathway1552,abstraction:NextStepPathway,reactome:Pathway1557,5.0014706194466925
reactome:Pathway1818,abstraction:NextStepPathway,reactome:Pathway1814,5.748685021276914
reactome:Pathway1468,abstraction:NextStepPathway,reactome:Pathway1467,2.9286297617982084
reactome:Pathway499,abstraction:NextStepPathway,reactome:Pathway1233,0
reactome:Pathway1953,abstraction:NextStepPathway,reactome:Pathway1950,6.154150129385077
reactome:Pathway1429,abstraction:NextStepPathway,reactome:Pathway1428,7.252762418053187
reactome:Pathway1229,abstraction:NextStepPathway,reactome:Pathway1896,0
reactome:Pathway1605,abstraction:NextStepPathway,reactome:Pathway2576,0
reactome:Pathway2202,abstraction:NextStepPathway,reactome:Pathway2196,5.306852268997874
reactome:Pathway255,abstraction:NextStepPathway,reactome:Pathway399,0
reactome:Pathway1856,abstraction:NextStepPathway,reactome:Pathway1857,6.559615237493242
reactome:Pathway2242,abstraction:NextStepPathway,reactome:Pathway2352,2.140774629696644
reactome:Pathway2690,abstraction:NextStepPathway,reactome:Pathway2691,7.252762418053187
reactome:Pathway2198,abstraction:NextStepPathway,reactome:Pathway1861,0
reactome:Pathway2198,abstraction:NextStepPathway,reactome:Pathway2196,5.306852268997874
reactome:Pathway1544,abstraction:NextStepPathway,reactome:Pathway1526,4.544712216950978
reactome:Pathway1575,abstraction:NextStepPathway,reactome:Pathway1577,5.643324505619087
reactome:Pathway262,abstraction:NextStepPathway,reactome:Pathway2541,0
reactome:Pathway1572,abstraction:NextStepPathway,reactome:Pathway1575,4.901387160889709
reactome:Pathway506,abstraction:NextStepPathway,reactome:Pathway1290,0
reactome:Pathway523,abstraction:NextStepPathway,reactome:Pathway524,7.252762418053187
reactome:Pathway2582,abstraction:NextStepPathway,reactome:Pathway2581,3.527068990816535
reactome:Pathway1914,abstraction:NextStepPathway,reactome:Pathway1925,3.7412169792221666
reactome:Pathway1904,abstraction:NextStepPathway,reactome:Pathway1903,6.336471686179032
reactome:Pathway1856,abstraction:NextStepPathway,reactome:Pathway1754,2.579933583591281
reactome:Pathway364,abstraction:NextStepPathway,reactome:Pathway367,6.559615237493242
reactome:Pathway2316,abstraction:NextStepPathway,reactome:Pathway1996,0
reactome:Pathway2549,abstraction:NextStepPathway,reactome:Pathway2399,0
reactome:Pathway1883,abstraction:NextStepPathway,reactome:Pathway2240,0
reactome:Pathway1103,abstraction:NextStepPathway,reactome:Pathway1102,6.559615237493242
reactome:Pathway78,abstraction:NextStepPathway,reactome:Pathway73,3.956925552048858
reactome:Pathway1875,abstraction:NextStepPathway,reactome:Pathway1824,3.209711150218637
reactome:Pathway1914,abstraction:NextStepPathway,reactome:Pathway1903,4.208239980329765
reactome:Pathway509,abstraction:NextStepPathway,reactome:Pathway493,4.308323438886747
reactome:Pathway247,abstraction:NextStepPathway,reactome:Pathway246,6.336471686179032
reactome:Pathway1421,abstraction:NextStepPathway,reactome:Pathway1411,2.9286297617982084
reactome:Pathway1947,abstraction:NextStepPathway,reactome:Pathway403,0
reactome:Pathway2386,abstraction:NextStepPathway,reactome:Pathway2605,0
reactome:Pathway256,abstraction:NextStepPathway,reactome:Pathway265,5.548014325814762
reactome:Pathway2222,abstraction:NextStepPathway,reactome:Pathway2227,5.112696254556917
reactome:Pathway493,abstraction:NextStepPathway,reactome:Pathway1225,0
reactome:Pathway1357,abstraction:NextStepPathway,reactome:Pathway1851,0
reactome:Pathway46,abstraction:NextStepPathway,reactome:Pathway2626,0
reactome:Pathway287,abstraction:NextStepPathway,reactome:Pathway1233,0
reactome:Pathway2626,abstraction:NextStepPathway,reactome:Pathway37,0
reactome:Pathway1910,abstraction:NextStepPathway,reactome:Pathway1880,2.579933583591281
reactome:Pathway198,abstraction:NextStepPathway,reactome:Pathway197,6.847297309945023
reactome:Pathway2541,abstraction:NextStepPathway,reactome:Pathway466,0
reactome:Pathway2275,abstraction:NextStepPathway,reactome:Pathway462,0
reactome:Pathway2619,abstraction:NextStepPathway,reactome:Pathway2617,3.392032707012592
reactome:Pathway1325,abstraction:NextStepPathway,reactome:Pathway1907,0
reactome:Pathway2266,abstraction:NextStepPathway,reactome:Pathway2104,2.140774629696644
reactome:Pathway1532,abstraction:NextStepPathway,reactome:Pathway2030,0
reactome:Pathway524,abstraction:NextStepPathway,reactome:Pathway1754,0
reactome:Pathway253,abstraction:NextStepPathway,reactome:Pathway184,0
reactome:Pathway1850,abstraction:NextStepPathway,reactome:Pathway1676,0
reactome:Pathway1883,abstraction:NextStepPathway,reactome:Pathway1205,0
reactome:Pathway1536,abstraction:NextStepPathway,reactome:Pathway1977,0
reactome:Pathway1473,abstraction:NextStepPathway,reactome:Pathway1480,5.173320876373351
reactome:Pathway2439,abstraction:NextStepPathway,reactome:Pathway2443,5.999999449557819
reactome:Pathway1477,abstraction:NextStepPathway,reactome:Pathway1478,7.252762418053187
reactome:Pathway372,abstraction:NextStepPathway,reactome:Pathway2500,0
reactome:Pathway2458,abstraction:NextStepPathway,reactome:Pathway2457,6.559615237493242
reactome:Pathway2242,abstraction:NextStepPathway,reactome:Pathway2238,5.461002948825132
reactome:Pathway1390,abstraction:NextStepPathway,reactome:Pathway1609,1.9224620056521
reactome:Pathway2391,abstraction:NextStepPathway,reactome:Pathway2357,3.133725243240715
reactome:Pathway2435,abstraction:NextStepPathway,reactome:Pathway2436,6.559615237493242
reactome:Pathway1763,abstraction:NextStepPathway,reactome:Pathway1757,5.8664680569332965
reactome:Pathway2757,abstraction:NextStepPathway,reactome:Pathway2764,5.8664680569332965
reactome:Pathway2671,abstraction:NextStepPathway,reactome:Pathway2706,4.232337531908825
reactome:Pathway247,abstraction:NextStepPathway,reactome:Pathway1855,0
reactome:Pathway300,abstraction:NextStepPathway,reactome:Pathway301,5.999999449557819
reactome:Pathway1840,abstraction:NextStepPathway,reactome:Pathway1845,5.643324505619087
reactome:Pathway1575,abstraction:NextStepPathway,reactome:Pathway2730,0
reactome:Pathway2489,abstraction:NextStepPathway,reactome:Pathway2485,5.999999449557819
reactome:Pathway1861,abstraction:NextStepPathway,reactome:Pathway1752,2.579933583591281
reactome:Pathway1950,abstraction:NextStepPathway,reactome:Pathway1953,6.154150129385077
reactome:Pathway2380,abstraction:NextStepPathway,reactome:Pathway2676,0
reactome:Pathway478,abstraction:NextStepPathway,reactome:Pathway1977,0
reactome:Pathway344,abstraction:NextStepPathway,reactome:Pathway2039,0
reactome:Pathway2752,abstraction:NextStepPathway,reactome:Pathway2758,4.308323438886747
reactome:Pathway1939,abstraction:NextStepPathway,reactome:Pathway520,0
reactome:Pathway2216,abstraction:NextStepPathway,reactome:Pathway1603,0
reactome:Pathway2204,abstraction:NextStepPathway,reactome:Pathway1234,0
reactome:Pathway1732,abstraction:NextStepPathway,reactome:Pathway1860,2.579933583591281
reactome:Pathway2365,abstraction:NextStepPathway,reactome:Pathway2676,0
reactome:Pathway45,abstraction:NextStepPathway,reactome:Pathway2626,0
reactome:Pathway2545,abstraction:NextStepPathway,reactome:Pathway1705,0
reactome:Pathway213,abstraction:NextStepPathway,reactome:Pathway214,6.559615237493242
reactome:Pathway2431,abstraction:NextStepPathway,reactome:Pathway2393,3.4685727841349263
reactome:Pathway1959,abstraction:NextStepPathway,reactome:Pathway2301,0
reactome:Pathway1776,abstraction:NextStepPathway,reactome:Pathway1797,5.112696254556917
reactome:Pathway1735,abstraction:NextStepPathway,reactome:Pathway2557,0
reactome:Pathway1642,abstraction:NextStepPathway,reactome:Pathway499,1.9224620056521
reactome:Pathway2668,abstraction:NextStepPathway,reactome:Pathway2692,4.390561537123719
reactome:Pathway1199,abstraction:NextStepPathway,reactome:Pathway1202,5.748685021276914
reactome:Pathway1642,abstraction:NextStepPathway,reactome:Pathway1429,1.9224620056521
reactome:Pathway1372,abstraction:NextStepPathway,reactome:Pathway1375,4.257030144499196
reactome:Pathway2361,abstraction:NextStepPathway,reactome:Pathway2548,0
reactome:Pathway2073,abstraction:NextStepPathway,reactome:Pathway439,0
reactome:Pathway1642,abstraction:NextStepPathway,reactome:Pathway1750,0
reactome:Pathway1503,abstraction:NextStepPathway,reactome:Pathway1234,0
reactome:Pathway1382,abstraction:NextStepPathway,reactome:Pathway1360,2.9286297617982084
reactome:Pathway2706,abstraction:NextStepPathway,reactome:Pathway2685,4.232337531908825
reactome:Pathway489,abstraction:NextStepPathway,reactome:Pathway1544,0
reactome:Pathway2472,abstraction:NextStepPathway,reactome:Pathway2476,5.112696254556917
reactome:Pathway1467,abstraction:NextStepPathway,reactome:Pathway1468,2.9286297617982084
reactome:Pathway1428,abstraction:NextStepPathway,reactome:Pathway2383,0
reactome:Pathway2598,abstraction:NextStepPathway,reactome:Pathway246,0
reactome:Pathway2556,abstraction:NextStepPathway,reactome:Pathway2560,5.8664680569332965
reactome:Pathway2634,abstraction:NextStepPathway,reactome:Pathway2629,5.999999449557819
reactome:Pathway2035,abstraction:NextStepPathway,reactome:Pathway2027,4.362390660157023
reactome:Pathway372,abstraction:NextStepPathway,reactome:Pathway382,5.112696254556917
reactome:Pathway1385,abstraction:NextStepPathway,reactome:Pathway1634,1.9224620056521
reactome:Pathway499,abstraction:NextStepPathway,reactome:Pathway172,0
reactome:Pathway2101,abstraction:NextStepPathway,reactome:Pathway2097,5.643324505619087
reactome:Pathway257,abstraction:NextStepPathway,reactome:Pathway255,5.237859397510922
reactome:Pathway1668,abstraction:NextStepPathway,reactome:Pathway1669,5.461002948825132
reactome:Pathway1750,abstraction:NextStepPathway,reactome:Pathway1529,0
reactome:Pathway1750,abstraction:NextStepPathway,reactome:Pathway135,0
reactome:Pathway1324,abstraction:NextStepPathway,reactome:Pathway1359,2.9286297617982084
reactome:Pathway2541,abstraction:NextStepPathway,reactome:Pathway100,0
reactome:Pathway1791,abstraction:NextStepPathway,reactome:Pathway1792,4.139247108842813
reactome:Pathway1588,abstraction:NextStepPathway,reactome:Pathway1545,1.9224620056521
reactome:Pathway33,abstraction:NextStepPathway,reactome:Pathway36,3.956925552048858
reactome:Pathway2276,abstraction:NextStepPathway,reactome:Pathway2275,4.18470948291957
reactome:Pathway2735,abstraction:NextStepPathway,reactome:Pathway2731,3.227410727318038
reactome:Pathway2475,abstraction:NextStepPathway,reactome:Pathway2480,5.112696254556917
reactome:Pathway1539,abstraction:NextStepPathway,reactome:Pathway1392,1.9224620056521
reactome:Pathway507,abstraction:NextStepPathway,reactome:Pathway509,4.308323438886747
reactome:Pathway1631,abstraction:NextStepPathway,reactome:Pathway1634,5.055537840716968
reactome:Pathway1322,abstraction:NextStepPathway,reactome:Pathway1419,2.9286297617982084
reactome:Pathway1375,abstraction:NextStepPathway,reactome:Pathway1377,4.950177325059141
reactome:Pathway2810,abstraction:NextStepPathway,reactome:Pathway2814,5.643324505619087
reactome:Pathway2554,abstraction:NextStepPathway,reactome:Pathway248,0
reactome:Pathway1642,abstraction:NextStepPathway,reactome:Pathway2060,0
reactome:Pathway2589,abstraction:NextStepPathway,reactome:Pathway2595,5.748685021276914
reactome:Pathway1735,abstraction:NextStepPathway,reactome:Pathway2675,0
reactome:Pathway2735,abstraction:NextStepPathway,reactome:Pathway2730,3.227410727318038
reactome:Pathway1619,abstraction:NextStepPathway,reactome:Pathway1369,1.9224620056521
reactome:Pathway1588,abstraction:NextStepPathway,reactome:Pathway500,1.9224620056521
reactome:Pathway1742,abstraction:NextStepPathway,reactome:Pathway1746,5.999999449557819
reactome:Pathway1428,abstraction:NextStepPathway,reactome:Pathway2267,0
reactome:Pathway2113,abstraction:NextStepPathway,reactome:Pathway2114,5.055537840716968
reactome:Pathway1619,abstraction:NextStepPathway,reactome:Pathway1623,5.643324505619087
reactome:Pathway454,abstraction:NextStepPathway,reactome:Pathway1473,0
reactome:Pathway2332,abstraction:NextStepPathway,reactome:Pathway292,0
reactome:Pathway2080,abstraction:NextStepPathway,reactome:Pathway2328,2.140774629696644
reactome:Pathway1503,abstraction:NextStepPathway,reactome:Pathway1538,3.8350357344398214
reactome:Pathway1831,abstraction:NextStepPathway,reactome:Pathway1220,0
reactome:Pathway1382,abstraction:NextStepPathway,reactome:Pathway1539,1.9224620056521
reactome:Pathway1914,abstraction:NextStepPathway,reactome:Pathway1904,4.208239980329765
reactome:Pathway2358,abstraction:NextStepPathway,reactome:Pathway2676,0
reactome:Pathway1732,abstraction:NextStepPathway,reactome:Pathway2060,0
reactome:Pathway2134,abstraction:NextStepPathway,reactome:Pathway1634,0
reactome:Pathway2626,abstraction:NextStepPathway,reactome:Pathway41,0
reactome:Pathway1832,abstraction:NextStepPathway,reactome:Pathway1804,3.209711150218637
reactome:Pathway1320,abstraction:NextStepPathway,reactome:Pathway541,0
reactome:Pathway1626,abstraction:NextStepPathway,reactome:Pathway246,0
reactome:Pathway287,abstraction:NextStepPathway,reactome:Pathway172,0
reactome:Pathway1806,abstraction:NextStepPathway,reactome:Pathway1788,4.139247108842813
reactome:Pathway1233,abstraction:NextStepPathway,reactome:Pathway1526,0
reactome:Pathway2060,abstraction:NextStepPathway,reactome:Pathway1856,0
reactome:Pathway253,abstraction:NextStepPathway,reactome:Pathway2314,0
reactome:Pathway2634,abstraction:NextStepPathway,reactome:Pathway2635,5.999999449557819
reactome:Pathway2128,abstraction:NextStepPathway,reactome:Pathway2114,5.055537840716968
reactome:Pathway1234,abstraction:NextStepPathway,reactome:Pathway1537,0
reactome:Pathway1669,abstraction:NextStepPathway,reactome:Pathway172,0
reactome:Pathway1861,abstraction:NextStepPathway,reactome:Pathway1536,0
reactome:Pathway1522,abstraction:NextStepPathway,reactome:Pathway1521,4.544712216950978
reactome:Pathway337,abstraction:NextStepPathway,reactome:Pathway365,3.5764617461461112
reactome:Pathway387,abstraction:NextStepPathway,reactome:Pathway388,6.336471686179032
reactome:Pathway361,abstraction:NextStepPathway,reactome:Pathway362,5.8664680569332965
reactome:Pathway1087,abstraction:NextStepPathway,reactome:Pathway1085,4.5119223941279865
reactome:Pathway2718,abstraction:NextStepPathway,reactome:Pathway62,0
reactome:Pathway1322,abstraction:NextStepPathway,reactome:Pathway1451,2.9286297617982084
reactome:Pathway286,abstraction:NextStepPathway,reactome:Pathway288,6.559615237493242
reactome:Pathway1588,abstraction:NextStepPathway,reactome:Pathway1233,0
reactome:Pathway1925,abstraction:NextStepPathway,reactome:Pathway1601,0
reactome:Pathway1642,abstraction:NextStepPathway,reactome:Pathway1856,0
reactome:Pathway2125,abstraction:NextStepPathway,reactome:Pathway2129,5.055537840716968
reactome:Pathway2373,abstraction:NextStepPathway,reactome:Pathway2439,5.173320876373351
reactome:Pathway2179,abstraction:NextStepPathway,reactome:Pathway2186,4.950177325059141
reactome:Pathway1710,abstraction:NextStepPathway,reactome:Pathway1709,6.847297309945023
reactome:Pathway2810,abstraction:NextStepPathway,reactome:Pathway2815,5.643324505619087
reactome:Pathway2589,abstraction:NextStepPathway,reactome:Pathway2590,5.748685021276914
reactome:Pathway2591,abstraction:NextStepPathway,reactome:Pathway2789,0
reactome:Pathway2160,abstraction:NextStepPathway,reactome:Pathway2156,6.336471686179032
reactome:Pathway2383,abstraction:NextStepPathway,reactome:Pathway2548,0
reactome:Pathway2651,abstraction:NextStepPathway,reactome:Pathway2534,3.011435665482441
reactome:Pathway2125,abstraction:NextStepPathway,reactome:Pathway2127,5.055537840716968
reactome:Pathway1633,abstraction:NextStepPathway,reactome:Pathway1533,5.055537840716968
reactome:Pathway2725,abstraction:NextStepPathway,reactome:Pathway11,0
reactome:Pathway2499,abstraction:NextStepPathway,reactome:Pathway2556,0
reactome:Pathway2068,abstraction:NextStepPathway,reactome:Pathway1851,0
reactome:Pathway1626,abstraction:NextStepPathway,reactome:Pathway1855,0
reactome:Pathway1750,abstraction:NextStepPathway,reactome:Pathway2196,0
reactome:Pathway1106,abstraction:NextStepPathway,reactome:Pathway1103,5.380960241151596
reactome:Pathway2299,abstraction:NextStepPathway,reactome:Pathway2091,2.140774629696644
reactome:Pathway1860,abstraction:NextStepPathway,reactome:Pathway1732,2.579933583591281
reactome:Pathway2556,abstraction:NextStepPathway,reactome:Pathway2546,4.950177325059141
reactome:Pathway2617,abstraction:NextStepPathway,reactome:Pathway2623,3.392032707012592
reactome:Pathway1834,abstraction:NextStepPathway,reactome:Pathway1845,3.209711150218637
reactome:Pathway2176,abstraction:NextStepPathway,reactome:Pathway2178,4.950177325059141
reactome:Pathway1492,abstraction:NextStepPathway,reactome:Pathway1522,3.8350357344398214
reactome:Pathway2521,abstraction:NextStepPathway,reactome:Pathway2522,6.847297309945023
reactome:Pathway1537,abstraction:NextStepPathway,reactome:Pathway1522,4.544712216950978
reactome:Pathway1903,abstraction:NextStepPathway,reactome:Pathway1601,0
reactome:Pathway1118,abstraction:NextStepPathway,reactome:Pathway2684,0
reactome:Pathway1520,abstraction:NextStepPathway,reactome:Pathway286,0
reactome:Pathway1209,abstraction:NextStepPathway,reactome:Pathway1735,0
reactome:Pathway2196,abstraction:NextStepPathway,reactome:Pathway1851,0
reactome:Pathway2726,abstraction:NextStepPathway,reactome:Pathway2728,5.548014325814762
reactome:Pathway1633,abstraction:NextStepPathway,reactome:Pathway1531,5.055537840716968
reactome:Pathway1233,abstraction:NextStepPathway,reactome:Pathway1225,5.380960241151596
reactome:Pathway2336,abstraction:NextStepPathway,reactome:Pathway292,0
reactome:Pathway1205,abstraction:NextStepPathway,reactome:Pathway1792,0
reactome:Pathway1363,abstraction:NextStepPathway,reactome:Pathway1366,5.748685021276914
reactome:Pathway520,abstraction:NextStepPathway,reactome:Pathway524,6.154150129385077
reactome:Pathway1392,abstraction:NextStepPathway,reactome:Pathway1393,6.559615237493242
reactome:Pathway1631,abstraction:NextStepPathway,reactome:Pathway1633,5.055537840716968
reactome:Pathway1609,abstraction:NextStepPathway,reactome:Pathway1533,1.9224620056521
reactome:Pathway1429,abstraction:NextStepPathway,reactome:Pathway1752,0
reactome:Pathway506,abstraction:NextStepPathway,reactome:Pathway1275,0
reactome:Pathway2147,abstraction:NextStepPathway,reactome:Pathway2146,7.252762418053187
reactome:Pathway2425,abstraction:NextStepPathway,reactome:Pathway2445,3.4685727841349263
reactome:Pathway475,abstraction:NextStepPathway,reactome:Pathway474,5.643324505619087
reactome:Pathway2203,abstraction:NextStepPathway,reactome:Pathway286,0
reactome:Pathway2160,abstraction:NextStepPathway,reactome:Pathway2157,6.336471686179032
reactome:Pathway1205,abstraction:NextStepPathway,reactome:Pathway1884,0
reactome:Pathway1477,abstraction:NextStepPathway,reactome:Pathway1480,5.173320876373351
reactome:Pathway2724,abstraction:NextStepPathway,reactome:Pathway2725,5.548014325814762
reactome:Pathway1444,abstraction:NextStepPathway,reactome:Pathway1433,2.9286297617982084
reactome:Pathway1897,abstraction:NextStepPathway,reactome:Pathway1878,2.579933583591281
reactome:Pathway452,abstraction:NextStepPathway,reactome:Pathway509,0
reactome:Pathway2785,abstraction:NextStepPathway,reactome:Pathway2751,3.227410727318038
reactome:Pathway1172,abstraction:NextStepPathway,reactome:Pathway1196,4.095761996903074
reactome:Pathway52,abstraction:NextStepPathway,reactome:Pathway53,7.252762418053187
reactome:Pathway524,abstraction:NextStepPathway,reactome:Pathway523,7.252762418053187
reactome:Pathway2319,abstraction:NextStepPathway,reactome:Pathway2158,2.140774629696644
reactome:Pathway1536,abstraction:NextStepPathway,reactome:Pathway1521,4.544712216950978
reactome:Pathway1609,abstraction:NextStepPathway,reactome:Pathway1531,1.9224620056521
reactome:Pathway2117,abstraction:NextStepPathway,reactome:Pathway2119,5.055537840716968
reactome:Pathway2497,abstraction:NextStepPathway,reactome:Pathway2501,3.8027748722216
reactome:Pathway1783,abstraction:NextStepPathway,reactome:Pathway1637,0
reactome:Pathway1533,abstraction:NextStepPathway,reactome:Pathway130,0
reactome:Pathway220,abstraction:NextStepPathway,reactome:Pathway219,4.544712216950978
reactome:Pathway2620,abstraction:NextStepPathway,reactome:Pathway2621,7.252762418053187
reactome:Pathway2365,abstraction:NextStepPathway,reactome:Pathway2556,0
reactome:Pathway2287,abstraction:NextStepPathway,reactome:Pathway2288,6.559615237493242
reactome:Pathway2541,abstraction:NextStepPathway,reactome:Pathway1732,0
reactome:Pathway135,abstraction:NextStepPathway,reactome:Pathway1393,0
reactome:Pathway2365,abstraction:NextStepPathway,reactome:Pathway2361,5.0014706194466925
reactome:Pathway1798,abstraction:NextStepPathway,reactome:Pathway1415,0
reactome:Pathway2706,abstraction:NextStepPathway,reactome:Pathway1896,0
reactome:Pathway1731,abstraction:NextStepPathway,reactome:Pathway1856,2.579933583591281
reactome:Pathway172,abstraction:NextStepPathway,reactome:Pathway2211,0
reactome:Pathway2200,abstraction:NextStepPathway,reactome:Pathway1540,0
reactome:Pathway1444,abstraction:NextStepPathway,reactome:Pathway1447,2.9286297617982084
reactome:Pathway1357,abstraction:NextStepPathway,reactome:Pathway1642,1.9224620056521
reactome:Pathway2025,abstraction:NextStepPathway,reactome:Pathway2035,4.362390660157023
reactome:Pathway1925,abstraction:NextStepPathway,reactome:Pathway1926,3.7412169792221666
reactome:Pathway1568,abstraction:NextStepPathway,reactome:Pathway1572,4.901387160889709
reactome:Pathway466,abstraction:NextStepPathway,reactome:Pathway1166,0
reactome:Pathway2589,abstraction:NextStepPathway,reactome:Pathway2594,5.748685021276914
reactome:Pathway417,abstraction:NextStepPathway,reactome:Pathway422,5.055537840716968
reactome:Pathway2544,abstraction:NextStepPathway,reactome:Pathway2556,4.950177325059141
reactome:Pathway2318,abstraction:NextStepPathway,reactome:Pathway2157,2.140774629696644
reactome:Pathway1736,abstraction:NextStepPathway,reactome:Pathway1669,0
reactome:Pathway1699,abstraction:NextStepPathway,reactome:Pathway2669,0
reactome:Pathway1521,abstraction:NextStepPathway,reactome:Pathway286,0
reactome:Pathway37,abstraction:NextStepPathway,reactome:Pathway39,5.643324505619087
reactome:Pathway1096,abstraction:NextStepPathway,reactome:Pathway1097,4.950177325059141
reactome:Pathway2219,abstraction:NextStepPathway,reactome:Pathway2270,2.140774629696644
reactome:Pathway2028,abstraction:NextStepPathway,reactome:Pathway2025,4.362390660157023
reactome:Pathway1962,abstraction:NextStepPathway,reactome:Pathway1960,6.336471686179032
reactome:Pathway1831,abstraction:NextStepPathway,reactome:Pathway1836,3.209711150218637
reactome:Pathway547,abstraction:NextStepPathway,reactome:Pathway543,5.0014706194466925
reactome:Pathway1196,abstraction:NextStepPathway,reactome:Pathway1193,4.7678557682651865
reactome:Pathway2117,abstraction:NextStepPathway,reactome:Pathway102,0
reactome:Pathway2358,abstraction:NextStepPathway,reactome:Pathway2555,0
reactome:Pathway1977,abstraction:NextStepPathway,reactome:Pathway286,0
reactome:Pathway2556,abstraction:NextStepPathway,reactome:Pathway1777,0
reactome:Pathway2091,abstraction:NextStepPathway,reactome:Pathway2093,4.544712216950978
reactome:Pathway2671,abstraction:NextStepPathway,reactome:Pathway2698,4.390561537123719
reactome:Pathway1861,abstraction:NextStepPathway,reactome:Pathway524,0
reactome:Pathway2219,abstraction:NextStepPathway,reactome:Pathway2222,5.112696254556917
reactome:Pathway250,abstraction:NextStepPathway,reactome:Pathway1392,0
reactome:Pathway2368,abstraction:NextStepPathway,reactome:Pathway2363,5.0014706194466925
reactome:Pathway2744,abstraction:NextStepPathway,reactome:Pathway1670,0
reactome:Pathway1702,abstraction:NextStepPathway,reactome:Pathway2705,0
reactome:Pathway1822,abstraction:NextStepPathway,reactome:Pathway1229,0
reactome:Pathway2286,abstraction:NextStepPathway,reactome:Pathway2287,6.559615237493242
reactome:Pathway1568,abstraction:NextStepPathway,reactome:Pathway1585,4.901387160889709
reactome:Pathway1522,abstraction:NextStepPathway,reactome:Pathway1536,4.544712216950978
reactome:Pathway444,abstraction:NextStepPathway,reactome:Pathway2074,0
reactome:Pathway1785,abstraction:NextStepPathway,reactome:Pathway1804,4.139247108842813
reactome:Pathway1764,abstraction:NextStepPathway,reactome:Pathway1758,5.8664680569332965
reactome:Pathway1856,abstraction:NextStepPathway,reactome:Pathway179,0
reactome:Pathway2202,abstraction:NextStepPathway,reactome:Pathway286,0
reactome:Pathway2216,abstraction:NextStepPathway,reactome:Pathway2218,6.847297309945023
reactome:Pathway2582,abstraction:NextStepPathway,reactome:Pathway2585,6.154150129385077
reactome:Pathway337,abstraction:NextStepPathway,reactome:Pathway364,3.5764617461461112
reactome:Pathway2069,abstraction:NextStepPathway,reactome:Pathway2062,5.461002948825132
reactome:Pathway2657,abstraction:NextStepPathway,reactome:Pathway1306,0
reactome:Pathway1192,abstraction:NextStepPathway,reactome:Pathway1202,4.7678557682651865
reactome:Pathway1349,abstraction:NextStepPathway,reactome:Pathway1631,1.9224620056521
reactome:Pathway1926,abstraction:NextStepPathway,reactome:Pathway1447,0
reactome:Pathway1634,abstraction:NextStepPathway,reactome:Pathway2060,0
reactome:Pathway1506,abstraction:NextStepPathway,reactome:Pathway1234,0
reactome:Pathway2562,abstraction:NextStepPathway,reactome:Pathway2564,6.154150129385077
reactome:Pathway268,abstraction:NextStepPathway,reactome:Pathway2314,0
reactome:Pathway1533,abstraction:NextStepPathway,reactome:Pathway2600,0
reactome:Pathway1429,abstraction:NextStepPathway,reactome:Pathway1536,1.9224620056521
reactome:Pathway469,abstraction:NextStepPathway,reactome:Pathway1188,0
reactome:Pathway447,abstraction:NextStepPathway,reactome:Pathway449,6.336471686179032
reactome:Pathway1529,abstraction:NextStepPathway,reactome:Pathway1534,6.154150129385077
reactome:Pathway2371,abstraction:NextStepPathway,reactome:Pathway2373,6.559615237493242
reactome:Pathway267,abstraction:NextStepPathway,reactome:Pathway1229,0
reactome:Pathway2001,abstraction:NextStepPathway,reactome:Pathway2000,6.559615237493242
reactome:Pathway1537,abstraction:NextStepPathway,reactome:Pathway1977,0
reactome:Pathway1626,abstraction:NextStepPathway,reactome:Pathway1350,1.9224620056521
reactome:Pathway1856,abstraction:NextStepPathway,reactome:Pathway1428,0
reactome:Pathway101,abstraction:NextStepPathway,reactome:Pathway99,5.748685021276914
reactome:Pathway1808,abstraction:NextStepPathway,reactome:Pathway1776,5.173320876373351
reactome:Pathway2629,abstraction:NextStepPathway,reactome:Pathway75,0
reactome:Pathway2045,abstraction:NextStepPathway,reactome:Pathway2050,5.306852268997874
reactome:Pathway2012,abstraction:NextStepPathway,reactome:Pathway2080,0
reactome:Pathway1861,abstraction:NextStepPathway,reactome:Pathway1533,0
reactome:Pathway1209,abstraction:NextStepPathway,reactome:Pathway1632,0
reactome:Pathway1469,abstraction:NextStepPathway,reactome:Pathway693,0
reactome:Pathway247,abstraction:NextStepPathway,reactome:Pathway2404,0
reactome:Pathway184,abstraction:NextStepPathway,reactome:Pathway253,0
reactome:Pathway407,abstraction:NextStepPathway,reactome:Pathway1517,0
reactome:Pathway2179,abstraction:NextStepPathway,reactome:Pathway2182,4.950177325059141
reactome:Pathway1676,abstraction:NextStepPathway,reactome:Pathway1850,0
reactome:Pathway1097,abstraction:NextStepPathway,reactome:Pathway1098,5.380960241151596
reactome:Pathway2200,abstraction:NextStepPathway,reactome:Pathway1851,0
reactome:Pathway2096,abstraction:NextStepPathway,reactome:Pathway2097,5.999999449557819
reactome:Pathway1217,abstraction:NextStepPathway,reactome:Pathway1891,0
reactome:Pathway2757,abstraction:NextStepPathway,reactome:Pathway2759,5.8664680569332965
reactome:Pathway2258,abstraction:NextStepPathway,reactome:Pathway1960,0
reactome:Pathway524,abstraction:NextStepPathway,reactome:Pathway1428,0
reactome:Pathway2080,abstraction:NextStepPathway,reactome:Pathway2179,3.141888553879876
reactome:Pathway113,abstraction:NextStepPathway,reactome:Pathway97,3.9756176850610108
reactome:Pathway1444,abstraction:NextStepPathway,reactome:Pathway1446,2.9286297617982084
reactome:Pathway286,abstraction:NextStepPathway,reactome:Pathway134,0
reactome:Pathway1962,abstraction:NextStepPathway,reactome:Pathway2258,0
reactome:Pathway1885,abstraction:NextStepPathway,reactome:Pathway2825,0
reactome:Pathway100,abstraction:NextStepPathway,reactome:Pathway2541,0
reactome:Pathway1977,abstraction:NextStepPathway,reactome:Pathway2030,0
reactome:Pathway1694,abstraction:NextStepPathway,reactome:Pathway1697,1.9224620056521
reactome:Pathway2703,abstraction:NextStepPathway,reactome:Pathway727,0
reactome:Pathway2205,abstraction:NextStepPathway,reactome:Pathway2030,2.140774629696644
reactome:Pathway1503,abstraction:NextStepPathway,reactome:Pathway1522,3.8350357344398214
reactome:Pathway1517,abstraction:NextStepPathway,reactome:Pathway1520,3.8350357344398214
reactome:Pathway1914,abstraction:NextStepPathway,reactome:Pathway674,0
reactome:Pathway2720,abstraction:NextStepPathway,reactome:Pathway239,0
reactome:Pathway286,abstraction:NextStepPathway,reactome:Pathway1530,0
reactome:Pathway1960,abstraction:NextStepPathway,reactome:Pathway2012,0
reactome:Pathway99,abstraction:NextStepPathway,reactome:Pathway1503,0
reactome:Pathway524,abstraction:NextStepPathway,reactome:Pathway1588,0
reactome:Pathway1734,abstraction:NextStepPathway,reactome:Pathway1735,5.237859397510922
reactome:Pathway2752,abstraction:NextStepPathway,reactome:Pathway2754,6.559615237493242
reactome:Pathway286,abstraction:NextStepPathway,reactome:Pathway1520,0
reactome:Pathway2336,abstraction:NextStepPathway,reactome:Pathway1973,0
reactome:Pathway1428,abstraction:NextStepPathway,reactome:Pathway1566,1.9224620056521
reactome:Pathway286,abstraction:NextStepPathway,reactome:Pathway1532,0
reactome:Pathway172,abstraction:NextStepPathway,reactome:Pathway1588,0
reactome:Pathway2256,abstraction:NextStepPathway,reactome:Pathway2284,2.140774629696644
reactome:Pathway1209,abstraction:NextStepPathway,reactome:Pathway1442,0
reactome:Pathway2397,abstraction:NextStepPathway,reactome:Pathway2434,3.4685727841349263
reactome:Pathway2013,abstraction:NextStepPathway,reactome:Pathway2341,0
reactome:Pathway278,abstraction:NextStepPathway,reactome:Pathway271,4.095761996903074
reactome:Pathway1219,abstraction:NextStepPathway,reactome:Pathway1890,0
reactome:Pathway1440,abstraction:NextStepPathway,reactome:Pathway1690,5.748685021276914
reactome:Pathway2825,abstraction:NextStepPathway,reactome:Pathway1917,0
reactome:Pathway1750,abstraction:NextStepPathway,reactome:Pathway482,0
reactome:Pathway499,abstraction:NextStepPathway,reactome:Pathway495,5.112696254556917
reactome:Pathway1357,abstraction:NextStepPathway,reactome:Pathway1429,2.9286297617982084
reactome:Pathway324,abstraction:NextStepPathway,reactome:Pathway1538,0
reactome:Pathway1462,abstraction:NextStepPathway,reactome:Pathway1601,1.9224620056521
reactome:Pathway1334,abstraction:NextStepPathway,reactome:Pathway1338,5.461002948825132
reactome:Pathway2554,abstraction:NextStepPathway,reactome:Pathway1891,0
reactome:Pathway269,abstraction:NextStepPathway,reactome:Pathway2215,0
reactome:Pathway1435,abstraction:NextStepPathway,reactome:Pathway1619,1.9224620056521
reactome:Pathway2398,abstraction:NextStepPathway,reactome:Pathway2421,3.4685727841349263
reactome:Pathway1209,abstraction:NextStepPathway,reactome:Pathway2391,0
reactome:Pathway2039,abstraction:NextStepPathway,reactome:Pathway2040,5.306852268997874
reactome:Pathway1205,abstraction:NextStepPathway,reactome:Pathway1831,0
reactome:Pathway2541,abstraction:NextStepPathway,reactome:Pathway2028,0
reactome:Pathway324,abstraction:NextStepPathway,reactome:Pathway1537,0
reactome:Pathway1908,abstraction:NextStepPathway,reactome:Pathway672,0
reactome:Pathway2544,abstraction:NextStepPathway,reactome:Pathway2681,0
reactome:Pathway2259,abstraction:NextStepPathway,reactome:Pathway2256,5.306852268997874
reactome:Pathway1233,abstraction:NextStepPathway,reactome:Pathway134,0
reactome:Pathway1529,abstraction:NextStepPathway,reactome:Pathway1856,0
reactome:Pathway1406,abstraction:NextStepPathway,reactome:Pathway1407,6.336471686179032
reactome:Pathway2391,abstraction:NextStepPathway,reactome:Pathway2384,5.173320876373351
reactome:Pathway1529,abstraction:NextStepPathway,reactome:Pathway1754,0
reactome:Pathway2250,abstraction:NextStepPathway,reactome:Pathway2251,5.306852268997874
reactome:Pathway1907,abstraction:NextStepPathway,reactome:Pathway1619,0
reactome:Pathway1631,abstraction:NextStepPathway,reactome:Pathway1608,1.9224620056521
reactome:Pathway2041,abstraction:NextStepPathway,reactome:Pathway2051,5.306852268997874
reactome:Pathway1783,abstraction:NextStepPathway,reactome:Pathway250,0
reactome:Pathway2219,abstraction:NextStepPathway,reactome:Pathway2350,2.140774629696644
reactome:Pathway1732,abstraction:NextStepPathway,reactome:Pathway2136,0
reactome:Pathway1996,abstraction:NextStepPathway,reactome:Pathway2001,5.237859397510922
reactome:Pathway1628,abstraction:NextStepPathway,reactome:Pathway2768,0
reactome:Pathway2068,abstraction:NextStepPathway,reactome:Pathway1642,0
reactome:Pathway1233,abstraction:NextStepPathway,reactome:Pathway1530,0
reactome:Pathway1532,abstraction:NextStepPathway,reactome:Pathway2204,0
reactome:Pathway1428,abstraction:NextStepPathway,reactome:Pathway2555,0
reactome:Pathway1704,abstraction:NextStepPathway,reactome:Pathway2670,0
reactome:Pathway1851,abstraction:NextStepPathway,reactome:Pathway1588,0
reactome:Pathway1697,abstraction:NextStepPathway,reactome:Pathway2091,0
reactome:Pathway1233,abstraction:NextStepPathway,reactome:Pathway1532,0
reactome:Pathway1477,abstraction:NextStepPathway,reactome:Pathway246,0
reactome:Pathway1346,abstraction:NextStepPathway,reactome:Pathway1350,5.548014325814762
reactome:Pathway489,abstraction:NextStepPathway,reactome:Pathway1546,0
reactome:Pathway1861,abstraction:NextStepPathway,reactome:Pathway1233,0
reactome:Pathway2196,abstraction:NextStepPathway,reactome:Pathway1642,0
reactome:Pathway274,abstraction:NextStepPathway,reactome:Pathway279,5.8664680569332965
reactome:Pathway429,abstraction:NextStepPathway,reactome:Pathway431,6.154150129385077
reactome:Pathway1436,abstraction:NextStepPathway,reactome:Pathway1635,1.9224620056521
reactome:Pathway1429,abstraction:NextStepPathway,reactome:Pathway524,0
reactome:Pathway2309,abstraction:NextStepPathway,reactome:Pathway2310,6.559615237493242
reactome:Pathway2549,abstraction:NextStepPathway,reactome:Pathway2368,0
reactome:Pathway2541,abstraction:NextStepPathway,reactome:Pathway2226,0
reactome:Pathway1195,abstraction:NextStepPathway,reactome:Pathway1200,5.748685021276914
reactome:Pathway1642,abstraction:NextStepPathway,reactome:Pathway1529,5.055537840716968
reactome:Pathway179,abstraction:NextStepPathway,reactome:Pathway1429,0
reactome:Pathway1368,abstraction:NextStepPathway,reactome:Pathway1635,1.9224620056521
reactome:Pathway287,abstraction:NextStepPathway,reactome:Pathway1856,0
reactome:Pathway2198,abstraction:NextStepPathway,reactome:Pathway1540,0
reactome:Pathway520,abstraction:NextStepPathway,reactome:Pathway521,6.154150129385077
reactome:Pathway692,abstraction:NextStepPathway,reactome:Pathway693,5.548014325814762
reactome:Pathway1161,abstraction:NextStepPathway,reactome:Pathway1162,7.252762418053187
reactome:Pathway2749,abstraction:NextStepPathway,reactome:Pathway1393,0
reactome:Pathway2720,abstraction:NextStepPathway,reactome:Pathway2722,3.227410727318038
reactome:Pathway1378,abstraction:NextStepPathway,reactome:Pathway1379,6.154150129385077
reactome:Pathway1349,abstraction:NextStepPathway,reactome:Pathway1359,4.18470948291957
reactome:Pathway11,abstraction:NextStepPathway,reactome:Pathway12,5.999999449557819
reactome:Pathway1574,abstraction:NextStepPathway,reactome:Pathway1572,4.901387160889709
reactome:Pathway253,abstraction:NextStepPathway,reactome:Pathway268,4.095761996903074
reactome:Pathway2272,abstraction:NextStepPathway,reactome:Pathway2102,2.140774629696644
reactome:Pathway1958,abstraction:NextStepPathway,reactome:Pathway2160,0
reactome:Pathway2204,abstraction:NextStepPathway,reactome:Pathway1977,0
reactome:Pathway2290,abstraction:NextStepPathway,reactome:Pathway2292,6.154150129385077
reactome:Pathway2784,abstraction:NextStepPathway,reactome:Pathway2727,3.227410727318038
reactome:Pathway130,abstraction:NextStepPathway,reactome:Pathway1533,0
reactome:Pathway2440,abstraction:NextStepPathway,reactome:Pathway2439,5.999999449557819
reactome:Pathway2557,abstraction:NextStepPathway,reactome:Pathway2544,4.950177325059141
reactome:Pathway1619,abstraction:NextStepPathway,reactome:Pathway133,0
reactome:Pathway179,abstraction:NextStepPathway,reactome:Pathway501,0
reactome:Pathway1543,abstraction:NextStepPathway,reactome:Pathway493,0
reactome:Pathway1514,abstraction:NextStepPathway,reactome:Pathway1538,3.8350357344398214
reactome:Pathway1133,abstraction:NextStepPathway,reactome:Pathway1134,3.018655913455928
reactome:Pathway2114,abstraction:NextStepPathway,reactome:Pathway2121,5.055537840716968
reactome:Pathway47,abstraction:NextStepPathway,reactome:Pathway2626,0
reactome:Pathway2321,abstraction:NextStepPathway,reactome:Pathway2012,0
reactome:Pathway1201,abstraction:NextStepPathway,reactome:Pathway1207,4.7678557682651865
reactome:Pathway1429,abstraction:NextStepPathway,reactome:Pathway1533,1.9224620056521
reactome:Pathway1851,abstraction:NextStepPathway,reactome:Pathway2061,0
reactome:Pathway1544,abstraction:NextStepPathway,reactome:Pathway1642,1.9224620056521
reactome:Pathway107,abstraction:NextStepPathway,reactome:Pathway2117,0
reactome:Pathway1861,abstraction:NextStepPathway,reactome:Pathway132,0
reactome:Pathway1697,abstraction:NextStepPathway,reactome:Pathway2207,0
reactome:Pathway1855,abstraction:NextStepPathway,reactome:Pathway1741,2.579933583591281
reactome:Pathway2112,abstraction:NextStepPathway,reactome:Pathway2123,5.055537840716968
reactome:Pathway1873,abstraction:NextStepPathway,reactome:Pathway172,0
reactome:Pathway2209,abstraction:NextStepPathway,reactome:Pathway2215,2.140774629696644
reactome:Pathway2318,abstraction:NextStepPathway,reactome:Pathway2164,2.140774629696644
reactome:Pathway2234,abstraction:NextStepPathway,reactome:Pathway2352,2.140774629696644
reactome:Pathway1521,abstraction:NextStepPathway,reactome:Pathway134,0
reactome:Pathway2500,abstraction:NextStepPathway,reactome:Pathway2358,0
reactome:Pathway1750,abstraction:NextStepPathway,reactome:Pathway286,0
reactome:Pathway97,abstraction:NextStepPathway,reactome:Pathway113,3.9756176850610108
reactome:Pathway1518,abstraction:NextStepPathway,reactome:Pathway148,0
reactome:Pathway1427,abstraction:NextStepPathway,reactome:Pathway1379,2.9286297617982084
reactome:Pathway268,abstraction:NextStepPathway,reactome:Pathway1979,0
reactome:Pathway1330,abstraction:NextStepPathway,reactome:Pathway1334,5.461002948825132
reactome:Pathway2358,abstraction:NextStepPathway,reactome:Pathway2548,0
reactome:Pathway286,abstraction:NextStepPathway,reactome:Pathway1767,0
reactome:Pathway2768,abstraction:NextStepPathway,reactome:Pathway1627,0
reactome:Pathway1521,abstraction:NextStepPathway,reactome:Pathway1520,4.544712216950978
reactome:Pathway1521,abstraction:NextStepPathway,reactome:Pathway1532,4.544712216950978
reactome:Pathway2581,abstraction:NextStepPathway,reactome:Pathway2587,3.527068990816535
reactome:Pathway1839,abstraction:NextStepPathway,reactome:Pathway1842,5.643324505619087
reactome:Pathway2626,abstraction:NextStepPathway,reactome:Pathway84,0
reactome:Pathway1626,abstraction:NextStepPathway,reactome:Pathway2749,0
reactome:Pathway1209,abstraction:NextStepPathway,reactome:Pathway2383,0
reactome:Pathway419,abstraction:NextStepPathway,reactome:Pathway2389,0
reactome:Pathway1927,abstraction:NextStepPathway,reactome:Pathway1929,3.7412169792221666
reactome:Pathway288,abstraction:NextStepPathway,reactome:Pathway1861,0
reactome:Pathway1541,abstraction:NextStepPathway,reactome:Pathway1668,1.9224620056521
reactome:Pathway1961,abstraction:NextStepPathway,reactome:Pathway1960,6.336471686179032
reactome:Pathway179,abstraction:NextStepPathway,reactome:Pathway1856,0
reactome:Pathway2028,abstraction:NextStepPathway,reactome:Pathway2541,0
reactome:Pathway2301,abstraction:NextStepPathway,reactome:Pathway2339,2.140774629696644
reactome:Pathway1434,abstraction:NextStepPathway,reactome:Pathway1619,1.9224620056521
reactome:Pathway2539,abstraction:NextStepPathway,reactome:Pathway2594,3.527068990816535
reactome:Pathway1478,abstraction:NextStepPathway,reactome:Pathway388,0
reactome:Pathway179,abstraction:NextStepPathway,reactome:Pathway1754,0
reactome:Pathway1789,abstraction:NextStepPathway,reactome:Pathway1896,2.579933583591281
reactome:Pathway1687,abstraction:NextStepPathway,reactome:Pathway1462,1.9224620056521
reactome:Pathway248,abstraction:NextStepPathway,reactome:Pathway2359,0
reactome:Pathway2198,abstraction:NextStepPathway,reactome:Pathway1851,0
reactome:Pathway1999,abstraction:NextStepPathway,reactome:Pathway2003,5.237859397510922
reactome:Pathway2202,abstraction:NextStepPathway,reactome:Pathway1520,0
reactome:Pathway2068,abstraction:NextStepPathway,reactome:Pathway1429,0
reactome:Pathway2318,abstraction:NextStepPathway,reactome:Pathway2166,2.140774629696644
reactome:Pathway2068,abstraction:NextStepPathway,reactome:Pathway1750,0
reactome:Pathway1632,abstraction:NextStepPathway,reactome:Pathway2675,0
reactome:Pathway34,abstraction:NextStepPathway,reactome:Pathway33,3.956925552048858
reactome:Pathway1532,abstraction:NextStepPathway,reactome:Pathway1534,6.559615237493242
reactome:Pathway2556,abstraction:NextStepPathway,reactome:Pathway2557,5.8664680569332965
reactome:Pathway1856,abstraction:NextStepPathway,reactome:Pathway1752,2.579933583591281
reactome:Pathway2239,abstraction:NextStepPathway,reactome:Pathway2243,5.461002948825132
reactome:Pathway1635,abstraction:NextStepPathway,reactome:Pathway1732,0
reactome:Pathway32,abstraction:NextStepPathway,reactome:Pathway46,3.956925552048858
reactome:Pathway2234,abstraction:NextStepPathway,reactome:Pathway2238,5.461002948825132
reactome:Pathway1536,abstraction:NextStepPathway,reactome:Pathway1531,5.306852268997874
reactome:Pathway1344,abstraction:NextStepPathway,reactome:Pathway1348,5.548014325814762
reactome:Pathway2050,abstraction:NextStepPathway,reactome:Pathway2051,6.847297309945023
reactome:Pathway1861,abstraction:NextStepPathway,reactome:Pathway172,0
reactome:Pathway247,abstraction:NextStepPathway,reactome:Pathway2556,0
reactome:Pathway1631,abstraction:NextStepPathway,reactome:Pathway2586,0
reactome:Pathway2688,abstraction:NextStepPathway,reactome:Pathway2697,4.390561537123719
reactome:Pathway2196,abstraction:NextStepPathway,reactome:Pathway1429,0
reactome:Pathway2269,abstraction:NextStepPathway,reactome:Pathway2027,2.140774629696644
reactome:Pathway1593,abstraction:NextStepPathway,reactome:Pathway1595,5.643324505619087
reactome:Pathway1721,abstraction:NextStepPathway,reactome:Pathway1723,1.9224620056521
reactome:Pathway1522,abstraction:NextStepPathway,reactome:Pathway1233,0
reactome:Pathway2196,abstraction:NextStepPathway,reactome:Pathway1750,0
reactome:Pathway286,abstraction:NextStepPathway,reactome:Pathway2205,0
reactome:Pathway1601,abstraction:NextStepPathway,reactome:Pathway1925,0
reactome:Pathway1178,abstraction:NextStepPathway,reactome:Pathway1165,4.950177325059141
reactome:Pathway1855,abstraction:NextStepPathway,reactome:Pathway247,0
reactome:Pathway1175,abstraction:NextStepPathway,reactome:Pathway1180,4.950177325059141
reactome:Pathway2404,abstraction:NextStepPathway,reactome:Pathway2364,3.133725243240715
reactome:Pathway1634,abstraction:NextStepPathway,reactome:Pathway2136,0
reactome:Pathway2637,abstraction:NextStepPathway,reactome:Pathway2638,7.252762418053187
reactome:Pathway1883,abstraction:NextStepPathway,reactome:Pathway1891,5.643324505619087
reactome:Pathway1393,abstraction:NextStepPathway,reactome:Pathway1609,1.9224620056521
reactome:Pathway1925,abstraction:NextStepPathway,reactome:Pathway1914,3.7412169792221666
reactome:Pathway2417,abstraction:NextStepPathway,reactome:Pathway2421,4.810415382683983
reactome:Pathway2119,abstraction:NextStepPathway,reactome:Pathway2120,5.055537840716968
reactome:Pathway2562,abstraction:NextStepPathway,reactome:Pathway2565,6.154150129385077
reactome:Pathway2620,abstraction:NextStepPathway,reactome:Pathway2617,3.392032707012592
reactome:Pathway1776,abstraction:NextStepPathway,reactome:Pathway1741,2.579933583591281
reactome:Pathway1601,abstraction:NextStepPathway,reactome:Pathway1903,0
reactome:Pathway2398,abstraction:NextStepPathway,reactome:Pathway2414,3.4685727841349263
reactome:Pathway267,abstraction:NextStepPathway,reactome:Pathway2539,0
reactome:Pathway2453,abstraction:NextStepPathway,reactome:Pathway2454,6.154150129385077
reactome:Pathway1679,abstraction:NextStepPathway,reactome:Pathway1427,1.9224620056521
reactome:Pathway1429,abstraction:NextStepPathway,reactome:Pathway1233,0
reactome:Pathway1887,abstraction:NextStepPathway,reactome:Pathway1885,5.643324505619087
reactome:Pathway1166,abstraction:NextStepPathway,reactome:Pathway1167,4.950177325059141
reactome:Pathway2657,abstraction:NextStepPathway,reactome:Pathway2660,6.559615237493242
reactome:Pathway1575,abstraction:NextStepPathway,reactome:Pathway2728,0
reactome:Pathway493,abstraction:NextStepPathway,reactome:Pathway499,5.112696254556917
reactome:Pathway2064,abstraction:NextStepPathway,reactome:Pathway2704,0
reactome:Pathway2068,abstraction:NextStepPathway,reactome:Pathway2060,5.461002948825132
reactome:Pathway2308,abstraction:NextStepPathway,reactome:Pathway98,0
reactome:Pathway2658,abstraction:NextStepPathway,reactome:Pathway2657,6.559615237493242
reactome:Pathway2358,abstraction:NextStepPathway,reactome:Pathway2550,0
reactome:Pathway493,abstraction:NextStepPathway,reactome:Pathway1750,0
reactome:Pathway2036,abstraction:NextStepPathway,reactome:Pathway2541,0
reactome:Pathway1622,abstraction:NextStepPathway,reactome:Pathway1626,5.643324505619087
reactome:Pathway478,abstraction:NextStepPathway,reactome:Pathway1545,0
reactome:Pathway246,abstraction:NextStepPathway,reactome:Pathway2683,0
reactome:Pathway1631,abstraction:NextStepPathway,reactome:Pathway1641,5.055537840716968
reactome:Pathway2391,abstraction:NextStepPathway,reactome:Pathway2397,3.4685727841349263
reactome:Pathway2386,abstraction:NextStepPathway,reactome:Pathway421,5.8664680569332965
reactome:Pathway2134,abstraction:NextStepPathway,reactome:Pathway2124,4.480173695813406
reactome:Pathway1814,abstraction:NextStepPathway,reactome:Pathway1820,5.748685021276914
reactome:Pathway1385,abstraction:NextStepPathway,reactome:Pathway1631,1.9224620056521
reactome:Pathway1903,abstraction:NextStepPathway,reactome:Pathway1914,4.208239980329765
reactome:Pathway2560,abstraction:NextStepPathway,reactome:Pathway2142,0
reactome:Pathway324,abstraction:NextStepPathway,reactome:Pathway1522,0
reactome:Pathway1544,abstraction:NextStepPathway,reactome:Pathway499,4.544712216950978
reactome:Pathway2749,abstraction:NextStepPathway,reactome:Pathway1619,0
reactome:Pathway2081,abstraction:NextStepPathway,reactome:Pathway2175,3.141888553879876
reactome:Pathway1544,abstraction:NextStepPathway,reactome:Pathway1429,1.9224620056521
reactome:Pathway2117,abstraction:NextStepPathway,reactome:Pathway2115,5.055537840716968
reactome:Pathway2064,abstraction:NextStepPathway,reactome:Pathway2065,5.461002948825132
reactome:Pathway1846,abstraction:NextStepPathway,reactome:Pathway1841,5.643324505619087
reactome:Pathway1544,abstraction:NextStepPathway,reactome:Pathway1750,0
reactome:Pathway2391,abstraction:NextStepPathway,reactome:Pathway2383,3.4685727841349263
reactome:Pathway1233,abstraction:NextStepPathway,reactome:Pathway2205,0
reactome:Pathway1961,abstraction:NextStepPathway,reactome:Pathway2258,0
reactome:Pathway2555,abstraction:NextStepPathway,reactome:Pathway2364,0
reactome:Pathway2048,abstraction:NextStepPathway,reactome:Pathway2052,5.306852268997874
reactome:Pathway1382,abstraction:NextStepPathway,reactome:Pathway1619,1.9224620056521
reactome:Pathway247,abstraction:NextStepPathway,reactome:Pathway1780,0
reactome:Pathway2386,abstraction:NextStepPathway,reactome:Pathway2377,5.237859397510922
reactome:Pathway1172,abstraction:NextStepPathway,reactome:Pathway1175,4.950177325059141
reactome:Pathway1773,abstraction:NextStepPathway,reactome:Pathway1801,4.139247108842813
reactome:Pathway1626,abstraction:NextStepPathway,reactome:Pathway1338,1.9224620056521
reactome:Pathway1225,abstraction:NextStepPathway,reactome:Pathway1676,0
reactome:Pathway2684,abstraction:NextStepPathway,reactome:Pathway2683,5.0014706194466925
reactome:Pathway2336,abstraction:NextStepPathway,reactome:Pathway2039,2.140774629696644
reactome:Pathway2441,abstraction:NextStepPathway,reactome:Pathway2439,5.999999449557819
reactome:Pathway2556,abstraction:NextStepPathway,reactome:Pathway2706,0
reactome:Pathway134,abstraction:NextStepPathway,reactome:Pathway1521,0
reactome:Pathway2053,abstraction:NextStepPathway,reactome:Pathway2036,4.362390660157023
reactome:Pathway2068,abstraction:NextStepPathway,reactome:Pathway1856,0
reactome:Pathway1233,abstraction:NextStepPathway,reactome:Pathway1732,0
reactome:Pathway1799,abstraction:NextStepPathway,reactome:Pathway1800,4.139247108842813
reactome:Pathway1536,abstraction:NextStepPathway,reactome:Pathway1233,0
reactome:Pathway267,abstraction:NextStepPathway,reactome:Pathway1826,0
reactome:Pathway2391,abstraction:NextStepPathway,reactome:Pathway248,0
reactome:Pathway137,abstraction:NextStepPathway,reactome:Pathway1891,0
reactome:Pathway1707,abstraction:NextStepPathway,reactome:Pathway1709,5.306852268997874
reactome:Pathway2772,abstraction:NextStepPathway,reactome:Pathway2774,4.308323438886747
reactome:Pathway1732,abstraction:NextStepPathway,reactome:Pathway1635,0
reactome:Pathway1429,abstraction:NextStepPathway,reactome:Pathway132,0
reactome:Pathway2125,abstraction:NextStepPathway,reactome:Pathway2126,5.055537840716968
reactome:Pathway1440,abstraction:NextStepPathway,reactome:Pathway1693,5.748685021276914
reactome:Pathway1799,abstraction:NextStepPathway,reactome:Pathway1801,4.139247108842813
reactome:Pathway2541,abstraction:NextStepPathway,reactome:Pathway2229,0
reactome:Pathway399,abstraction:NextStepPathway,reactome:Pathway1210,0
reactome:Pathway1233,abstraction:NextStepPathway,reactome:Pathway1642,0
reactome:Pathway2541,abstraction:NextStepPathway,reactome:Pathway1637,0
reactome:Pathway2067,abstraction:NextStepPathway,reactome:Pathway2069,5.461002948825132
reactome:Pathway1637,abstraction:NextStepPathway,reactome:Pathway1638,6.336471686179032
reactome:Pathway2196,abstraction:NextStepPathway,reactome:Pathway1856,0
reactome:Pathway1409,abstraction:NextStepPathway,reactome:Pathway1631,1.9224620056521
reactome:Pathway344,abstraction:NextStepPathway,reactome:Pathway341,4.810415382683983
reactome:Pathway2134,abstraction:NextStepPathway,reactome:Pathway1631,0
reactome:Pathway1537,abstraction:NextStepPathway,reactome:Pathway286,0
reactome:Pathway1856,abstraction:NextStepPathway,reactome:Pathway1536,0
reactome:Pathway1732,abstraction:NextStepPathway,reactome:Pathway1715,0
reactome:Pathway2444,abstraction:NextStepPathway,reactome:Pathway2445,5.173320876373351
reactome:Pathway2063,abstraction:NextStepPathway,reactome:Pathway2064,5.461002948825132
reactome:Pathway2114,abstraction:NextStepPathway,reactome:Pathway2117,5.055537840716968
reactome:Pathway1382,abstraction:NextStepPathway,reactome:Pathway1369,2.9286297617982084
reactome:Pathway1522,abstraction:NextStepPathway,reactome:Pathway1543,4.544712216950978
reactome:Pathway1520,abstraction:NextStepPathway,reactome:Pathway2204,0
reactome:Pathway2219,abstraction:NextStepPathway,reactome:Pathway1961,0
reactome:Pathway2383,abstraction:NextStepPathway,reactome:Pathway2377,5.237859397510922
reactome:Pathway337,abstraction:NextStepPathway,reactome:Pathway366,3.5764617461461112
reactome:Pathway305,abstraction:NextStepPathway,reactome:Pathway306,4.687813060591651
reactome:Pathway2165,abstraction:NextStepPathway,reactome:Pathway2318,2.140774629696644
reactome:Pathway2024,abstraction:NextStepPathway,reactome:Pathway2336,2.140774629696644
reactome:Pathway2569,abstraction:NextStepPathway,reactome:Pathway2572,5.461002948825132
reactome:Pathway2146,abstraction:NextStepPathway,reactome:Pathway2009,0
reactome:Pathway2384,abstraction:NextStepPathway,reactome:Pathway2391,5.173320876373351
reactome:Pathway1395,abstraction:NextStepPathway,reactome:Pathway1402,5.643324505619087
reactome:Pathway1095,abstraction:NextStepPathway,reactome:Pathway1120,4.054089300502506
reactome:Pathway1454,abstraction:NextStepPathway,reactome:Pathway1456,5.461002948825132
reactome:Pathway2203,abstraction:NextStepPathway,reactome:Pathway2204,5.306852268997874
reactome:Pathway1796,abstraction:NextStepPathway,reactome:Pathway1834,3.209711150218637
reactome:Pathway1620,abstraction:NextStepPathway,reactome:Pathway1619,5.643324505619087
reactome:Pathway524,abstraction:NextStepPathway,reactome:Pathway1536,0
reactome:Pathway2486,abstraction:NextStepPathway,reactome:Pathway2490,6.336471686179032
reactome:Pathway1478,abstraction:NextStepPathway,reactome:Pathway1477,7.252762418053187
reactome:Pathway1824,abstraction:NextStepPathway,reactome:Pathway1896,2.579933583591281
reactome:Pathway1197,abstraction:NextStepPathway,reactome:Pathway1202,5.748685021276914
reactome:Pathway2503,abstraction:NextStepPathway,reactome:Pathway2501,5.237859397510922
reactome:Pathway1810,abstraction:NextStepPathway,reactome:Pathway1801,5.173320876373351
reactome:Pathway2397,abstraction:NextStepPathway,reactome:Pathway2366,3.133725243240715
reactome:Pathway2134,abstraction:NextStepPathway,reactome:Pathway1801,0
reactome:Pathway1568,abstraction:NextStepPathway,reactome:Pathway1587,4.901387160889709
reactome:Pathway2556,abstraction:NextStepPathway,reactome:Pathway2554,5.8664680569332965
reactome:Pathway1514,abstraction:NextStepPathway,reactome:Pathway1522,3.8350357344398214
reactome:Pathway1412,abstraction:NextStepPathway,reactome:Pathway1420,5.643324505619087
reactome:Pathway1804,abstraction:NextStepPathway,reactome:Pathway1785,4.139247108842813
reactome:Pathway2534,abstraction:NextStepPathway,reactome:Pathway71,0
reactome:Pathway1956,abstraction:NextStepPathway,reactome:Pathway73,0
reactome:Pathway2041,abstraction:NextStepPathway,reactome:Pathway361,0
reactome:Pathway1895,abstraction:NextStepPathway,reactome:Pathway1896,5.643324505619087
reactome:Pathway1167,abstraction:NextStepPathway,reactome:Pathway1182,4.950177325059141
reactome:Pathway1427,abstraction:NextStepPathway,reactome:Pathway1850,0
reactome:Pathway2200,abstraction:NextStepPathway,reactome:Pathway1429,0
reactome:Pathway1348,abstraction:NextStepPathway,reactome:Pathway1619,1.9224620056521
reactome:Pathway2359,abstraction:NextStepPathway,reactome:Pathway2556,0
reactome:Pathway1792,abstraction:NextStepPathway,reactome:Pathway1796,5.112696254556917
reactome:Pathway1429,abstraction:NextStepPathway,reactome:Pathway172,0
reactome:Pathway269,abstraction:NextStepPathway,reactome:Pathway1873,0
reactome:Pathway2117,abstraction:NextStepPathway,reactome:Pathway1959,0
reactome:Pathway247,abstraction:NextStepPathway,reactome:Pathway2380,0
reactome:Pathway1367,abstraction:NextStepPathway,reactome:Pathway1619,1.9224620056521
reactome:Pathway1785,abstraction:NextStepPathway,reactome:Pathway1786,5.173320876373351
reactome:Pathway286,abstraction:NextStepPathway,reactome:Pathway1750,0
reactome:Pathway2013,abstraction:NextStepPathway,reactome:Pathway2080,0
reactome:Pathway1910,abstraction:NextStepPathway,reactome:Pathway1914,4.208239980329765
reactome:Pathway1529,abstraction:NextStepPathway,reactome:Pathway1428,1.9224620056521
reactome:Pathway2152,abstraction:NextStepPathway,reactome:Pathway2150,5.055537840716968
reactome:Pathway1517,abstraction:NextStepPathway,reactome:Pathway1234,0
reactome:Pathway2724,abstraction:NextStepPathway,reactome:Pathway2730,5.548014325814762
reactome:Pathway2288,abstraction:NextStepPathway,reactome:Pathway2287,6.559615237493242
reactome:Pathway1549,abstraction:NextStepPathway,reactome:Pathway1551,6.559615237493242
reactome:Pathway1214,abstraction:NextStepPathway,reactome:Pathway1216,6.559615237493242
reactome:Pathway1920,abstraction:NextStepPathway,reactome:Pathway1912,4.208239980329765
reactome:Pathway498,abstraction:NextStepPathway,reactome:Pathway1537,0
reactome:Pathway1750,abstraction:NextStepPathway,reactome:Pathway1851,2.579933583591281
reactome:Pathway2259,abstraction:NextStepPathway,reactome:Pathway2339,2.140774629696644
reactome:Pathway1948,abstraction:NextStepPathway,reactome:Pathway1871,0
reactome:Pathway2543,abstraction:NextStepPathway,reactome:Pathway1705,0
reactome:Pathway1750,abstraction:NextStepPathway,reactome:Pathway1735,4.232337531908825
reactome:Pathway2397,abstraction:NextStepPathway,reactome:Pathway2412,3.4685727841349263
reactome:Pathway2361,abstraction:NextStepPathway,reactome:Pathway2391,3.133725243240715
reactome:Pathway78,abstraction:NextStepPathway,reactome:Pathway79,6.336471686179032
reactome:Pathway286,abstraction:NextStepPathway,reactome:Pathway1234,0
reactome:Pathway1925,abstraction:NextStepPathway,reactome:Pathway672,0
reactome:Pathway2414,abstraction:NextStepPathway,reactome:Pathway2421,4.810415382683983
reactome:Pathway1635,abstraction:NextStepPathway,reactome:Pathway2060,0
reactome:Pathway131,abstraction:NextStepPathway,reactome:Pathway1533,0
reactome:Pathway1686,abstraction:NextStepPathway,reactome:Pathway1440,5.748685021276914
reactome:Pathway372,abstraction:NextStepPathway,reactome:Pathway2428,0
reactome:Pathway2484,abstraction:NextStepPathway,reactome:Pathway2489,5.999999449557819
reactome:Pathway1784,abstraction:NextStepPathway,reactome:Pathway1789,4.139247108842813
reactome:Pathway1750,abstraction:NextStepPathway,reactome:Pathway1669,0
reactome:Pathway1977,abstraction:NextStepPathway,reactome:Pathway2204,0
reactome:Pathway1671,abstraction:NextStepPathway,reactome:Pathway461,0
reactome:Pathway2177,abstraction:NextStepPathway,reactome:Pathway1490,0
reactome:Pathway2160,abstraction:NextStepPathway,reactome:Pathway1958,0
reactome:Pathway2693,abstraction:NextStepPathway,reactome:Pathway2692,4.390561537123719
reactome:Pathway2298,abstraction:NextStepPathway,reactome:Pathway2352,2.140774629696644
reactome:Pathway1337,abstraction:NextStepPathway,reactome:Pathway1359,4.18470948291957
reactome:Pathway1053,abstraction:NextStepPathway,reactome:Pathway1057,5.055537840716968
reactome:Pathway2589,abstraction:NextStepPathway,reactome:Pathway2592,5.748685021276914
reactome:Pathway1628,abstraction:NextStepPathway,reactome:Pathway1382,1.9224620056521
reactome:Pathway2206,abstraction:NextStepPathway,reactome:Pathway2036,2.140774629696644
reactome:Pathway131,abstraction:NextStepPathway,reactome:Pathway1531,0
reactome:Pathway1473,abstraction:NextStepPathway,reactome:Pathway1477,6.154150129385077
reactome:Pathway1320,abstraction:NextStepPathway,reactome:Pathway1321,2.9286297617982084
reactome:Pathway1903,abstraction:NextStepPathway,reactome:Pathway672,0
reactome:Pathway134,abstraction:NextStepPathway,reactome:Pathway1536,0
reactome:Pathway2322,abstraction:NextStepPathway,reactome:Pathway2340,4.480173695813406
reactome:Pathway1795,abstraction:NextStepPathway,reactome:Pathway1808,4.139247108842813
reactome:Pathway2073,abstraction:NextStepPathway,reactome:Pathway253,0
reactome:Pathway2541,abstraction:NextStepPathway,reactome:Pathway2227,0
reactome:Pathway1144,abstraction:NextStepPathway,reactome:Pathway727,1.3099630429264864
reactome:Pathway2101,abstraction:NextStepPathway,reactome:Pathway2222,2.140774629696644
reactome:Pathway1861,abstraction:NextStepPathway,reactome:Pathway1534,0
reactome:Pathway1841,abstraction:NextStepPathway,reactome:Pathway1843,5.643324505619087
reactome:Pathway2116,abstraction:NextStepPathway,reactome:Pathway2112,5.055537840716968
reactome:Pathway2041,abstraction:NextStepPathway,reactome:Pathway2047,5.306852268997874
reactome:Pathway1668,abstraction:NextStepPathway,reactome:Pathway1670,5.461002948825132
reactome:Pathway324,abstraction:NextStepPathway,reactome:Pathway1541,0
reactome:Pathway2198,abstraction:NextStepPathway,reactome:Pathway1642,0
reactome:Pathway1856,abstraction:NextStepPathway,reactome:Pathway524,0
reactome:Pathway1233,abstraction:NextStepPathway,reactome:Pathway1750,0
reactome:Pathway1789,abstraction:NextStepPathway,reactome:Pathway1824,3.209711150218637
reactome:Pathway1412,abstraction:NextStepPathway,reactome:Pathway1419,5.643324505619087
reactome:Pathway1626,abstraction:NextStepPathway,reactome:Pathway1382,1.9224620056521
reactome:Pathway1851,abstraction:NextStepPathway,reactome:Pathway1526,0
reactome:Pathway1853,abstraction:NextStepPathway,reactome:Pathway1619,0
reactome:Pathway1397,abstraction:NextStepPathway,reactome:Pathway1398,5.643324505619087
reactome:Pathway1480,abstraction:NextStepPathway,reactome:Pathway1477,5.173320876373351
reactome:Pathway1670,abstraction:NextStepPathway,reactome:Pathway1671,5.461002948825132
reactome:Pathway2439,abstraction:NextStepPathway,reactome:Pathway2444,5.999999449557819
reactome:Pathway1619,abstraction:NextStepPathway,reactome:Pathway250,0
reactome:Pathway1564,abstraction:NextStepPathway,reactome:Pathway1566,6.847297309945023
reactome:Pathway2358,abstraction:NextStepPathway,reactome:Pathway247,0
reactome:Pathway2541,abstraction:NextStepPathway,reactome:Pathway269,0
reactome:Pathway1517,abstraction:NextStepPathway,reactome:Pathway1538,3.8350357344398214
reactome:Pathway347,abstraction:NextStepPathway,reactome:Pathway2146,0
reactome:Pathway1172,abstraction:NextStepPathway,reactome:Pathway1177,4.950177325059141
reactome:Pathway1233,abstraction:NextStepPathway,reactome:Pathway1234,6.559615237493242
reactome:Pathway1807,abstraction:NextStepPathway,reactome:Pathway1777,5.173320876373351
reactome:Pathway1172,abstraction:NextStepPathway,reactome:Pathway1174,4.950177325059141
reactome:Pathway1753,abstraction:NextStepPathway,reactome:Pathway1619,0
reactome:Pathway2386,abstraction:NextStepPathway,reactome:Pathway2391,3.4685727841349263
reactome:Pathway1201,abstraction:NextStepPathway,reactome:Pathway1202,5.748685021276914
reactome:Pathway2028,abstraction:NextStepPathway,reactome:Pathway2024,4.362390660157023
reactome:Pathway2598,abstraction:NextStepPathway,reactome:Pathway2380,0
reactome:Pathway2150,abstraction:NextStepPathway,reactome:Pathway2151,5.055537840716968
reactome:Pathway1531,abstraction:NextStepPathway,reactome:Pathway2205,0
reactome:Pathway1229,abstraction:NextStepPathway,reactome:Pathway2706,0
reactome:Pathway206,abstraction:NextStepPathway,reactome:Pathway207,4.544712216950978
reactome:Pathway2200,abstraction:NextStepPathway,reactome:Pathway1856,0
reactome:Pathway1209,abstraction:NextStepPathway,reactome:Pathway1566,0
reactome:Pathway2544,abstraction:NextStepPathway,reactome:Pathway2673,0
reactome:Pathway1433,abstraction:NextStepPathway,reactome:Pathway1436,2.9286297617982084
reactome:Pathway1732,abstraction:NextStepPathway,reactome:Pathway2134,0
reactome:Pathway432,abstraction:NextStepPathway,reactome:Pathway433,6.847297309945023
reactome:Pathway2204,abstraction:NextStepPathway,reactome:Pathway286,0
reactome:Pathway1172,abstraction:NextStepPathway,reactome:Pathway1176,4.950177325059141
reactome:Pathway148,abstraction:NextStepPathway,reactome:Pathway154,3.602104176759449
reactome:Pathway2484,abstraction:NextStepPathway,reactome:Pathway2488,5.999999449557819
reactome:Pathway1101,abstraction:NextStepPathway,reactome:Pathway1106,5.380960241151596
reactome:Pathway1635,abstraction:NextStepPathway,reactome:Pathway493,0
reactome:Pathway2397,abstraction:NextStepPathway,reactome:Pathway2414,3.4685727841349263
reactome:Pathway2752,abstraction:NextStepPathway,reactome:Pathway1736,0
reactome:Pathway2384,abstraction:NextStepPathway,reactome:Pathway2383,5.8664680569332965
reactome:Pathway1454,abstraction:NextStepPathway,reactome:Pathway1455,5.461002948825132
reactome:Pathway2368,abstraction:NextStepPathway,reactome:Pathway2366,6.559615237493242
reactome:Pathway1353,abstraction:NextStepPathway,reactome:Pathway1358,5.643324505619087
reactome:Pathway493,abstraction:NextStepPathway,reactome:Pathway1668,0
reactome:Pathway62,abstraction:NextStepPathway,reactome:Pathway64,6.847297309945023
reactome:Pathway62,abstraction:NextStepPathway,reactome:Pathway63,6.847297309945023
reactome:Pathway1732,abstraction:NextStepPathway,reactome:Pathway1741,4.232337531908825
reactome:Pathway1735,abstraction:NextStepPathway,reactome:Pathway1543,0
reactome:Pathway1412,abstraction:NextStepPathway,reactome:Pathway1451,2.9286297617982084
reactome:Pathway2234,abstraction:NextStepPathway,reactome:Pathway292,0
reactome:Pathway484,abstraction:NextStepPathway,reactome:Pathway511,4.308323438886747
reactome:Pathway1856,abstraction:NextStepPathway,reactome:Pathway1533,0
reactome:Pathway1619,abstraction:NextStepPathway,reactome:Pathway1390,1.9224620056521
reactome:Pathway506,abstraction:NextStepPathway,reactome:Pathway1282,0
reactome:Pathway286,abstraction:NextStepPathway,reactome:Pathway130,0
reactome:Pathway1851,abstraction:NextStepPathway,reactome:Pathway1225,0
reactome:Pathway81,abstraction:NextStepPathway,reactome:Pathway1208,0
reactome:Pathway2706,abstraction:NextStepPathway,reactome:Pathway1878,0
reactome:Pathway1080,abstraction:NextStepPathway,reactome:Pathway1074,5.643324505619087
reactome:Pathway1858,abstraction:NextStepPathway,reactome:Pathway1857,6.559615237493242
reactome:Pathway2413,abstraction:NextStepPathway,reactome:Pathway2416,5.999999449557819
reactome:Pathway1329,abstraction:NextStepPathway,reactome:Pathway1336,5.461002948825132
reactome:Pathway1735,abstraction:NextStepPathway,reactome:Pathway1209,0
reactome:Pathway288,abstraction:NextStepPathway,reactome:Pathway286,6.559615237493242
reactome:Pathway1606,abstraction:NextStepPathway,reactome:Pathway1447,1.9224620056521
reactome:Pathway1209,abstraction:NextStepPathway,reactome:Pathway2555,0
reactome:Pathway2365,abstraction:NextStepPathway,reactome:Pathway2558,0
reactome:Pathway1597,abstraction:NextStepPathway,reactome:Pathway2585,0
reactome:Pathway1742,abstraction:NextStepPathway,reactome:Pathway1745,5.999999449557819
reactome:Pathway1622,abstraction:NextStepPathway,reactome:Pathway1619,5.643324505619087
reactome:Pathway1480,abstraction:NextStepPathway,reactome:Pathway1473,5.173320876373351
reactome:Pathway2534,abstraction:NextStepPathway,reactome:Pathway2651,3.011435665482441
reactome:Pathway2367,abstraction:NextStepPathway,reactome:Pathway2397,3.133725243240715
reactome:Pathway1195,abstraction:NextStepPathway,reactome:Pathway1197,5.748685021276914
reactome:Pathway2555,abstraction:NextStepPathway,reactome:Pathway2589,3.527068990816535
reactome:Pathway2361,abstraction:NextStepPathway,reactome:Pathway2383,3.133725243240715
reactome:Pathway267,abstraction:NextStepPathway,reactome:Pathway2821,0
reactome:Pathway2186,abstraction:NextStepPathway,reactome:Pathway2185,5.8664680569332965
reactome:Pathway1849,abstraction:NextStepPathway,reactome:Pathway1850,6.847297309945023
reactome:Pathway2144,abstraction:NextStepPathway,reactome:Pathway1512,0
reactome:Pathway287,abstraction:NextStepPathway,reactome:Pathway1904,0
reactome:Pathway2000,abstraction:NextStepPathway,reactome:Pathway2001,6.559615237493242
reactome:Pathway1233,abstraction:NextStepPathway,reactome:Pathway130,0
reactome:Pathway1521,abstraction:NextStepPathway,reactome:Pathway1234,0
reactome:Pathway2006,abstraction:NextStepPathway,reactome:Pathway1996,5.237859397510922
reactome:Pathway2730,abstraction:NextStepPathway,reactome:Pathway2731,5.548014325814762
reactome:Pathway1855,abstraction:NextStepPathway,reactome:Pathway1619,0
reactome:Pathway1860,abstraction:NextStepPathway,reactome:Pathway1715,0
reactome:Pathway247,abstraction:NextStepPathway,reactome:Pathway2598,0
reactome:Pathway1462,abstraction:NextStepPathway,reactome:Pathway1687,1.9224620056521
reactome:Pathway2204,abstraction:NextStepPathway,reactome:Pathway2030,2.140774629696644
reactome:Pathway2376,abstraction:NextStepPathway,reactome:Pathway2377,5.237859397510922
reactome:Pathway1820,abstraction:NextStepPathway,reactome:Pathway1822,5.748685021276914
reactome:Pathway1588,abstraction:NextStepPathway,reactome:Pathway179,0
reactome:Pathway2121,abstraction:NextStepPathway,reactome:Pathway2122,5.055537840716968
reactome:Pathway1055,abstraction:NextStepPathway,reactome:Pathway1057,5.8664680569332965
reactome:Pathway631,abstraction:NextStepPathway,reactome:Pathway633,6.559615237493242
reactome:Pathway1330,abstraction:NextStepPathway,reactome:Pathway1335,5.461002948825132
reactome:Pathway1883,abstraction:NextStepPathway,reactome:Pathway1220,0
reactome:Pathway320,abstraction:NextStepPathway,reactome:Pathway322,6.847297309945023
reactome:Pathway1454,abstraction:NextStepPathway,reactome:Pathway1464,5.461002948825132
reactome:Pathway2759,abstraction:NextStepPathway,reactome:Pathway2756,4.308323438886747
reactome:Pathway2080,abstraction:NextStepPathway,reactome:Pathway2324,2.140774629696644
reactome:Pathway2198,abstraction:NextStepPathway,reactome:Pathway1429,0
reactome:Pathway1631,abstraction:NextStepPathway,reactome:Pathway2541,0
reactome:Pathway2198,abstraction:NextStepPathway,reactome:Pathway1750,0
reactome:Pathway248,abstraction:NextStepPathway,reactome:Pathway2556,0
reactome:Pathway2167,abstraction:NextStepPathway,reactome:Pathway380,0
reactome:Pathway2202,abstraction:NextStepPathway,reactome:Pathway1234,0
reactome:Pathway2291,abstraction:NextStepPathway,reactome:Pathway2292,6.154150129385077
reactome:Pathway136,abstraction:NextStepPathway,reactome:Pathway129,5.461002948825132
reactome:Pathway2569,abstraction:NextStepPathway,reactome:Pathway2578,5.461002948825132
reactome:Pathway1637,abstraction:NextStepPathway,reactome:Pathway2541,0
reactome:Pathway1668,abstraction:NextStepPathway,reactome:Pathway2744,0
reactome:Pathway2215,abstraction:NextStepPathway,reactome:Pathway2218,5.112696254556917
reactome:Pathway520,abstraction:NextStepPathway,reactome:Pathway1261,0
reactome:Pathway2272,abstraction:NextStepPathway,reactome:Pathway100,0
reactome:Pathway2236,abstraction:NextStepPathway,reactome:Pathway269,0
reactome:Pathway2543,abstraction:NextStepPathway,reactome:Pathway509,0
reactome:Pathway1429,abstraction:NextStepPathway,reactome:Pathway1534,1.9224620056521
reactome:Pathway1931,abstraction:NextStepPathway,reactome:Pathway1933,3.7412169792221666
reactome:Pathway75,abstraction:NextStepPathway,reactome:Pathway76,6.336471686179032
reactome:Pathway1697,abstraction:NextStepPathway,reactome:Pathway1694,1.9224620056521
reactome:Pathway2112,abstraction:NextStepPathway,reactome:Pathway102,0
reactome:Pathway1395,abstraction:NextStepPathway,reactome:Pathway1398,5.643324505619087
reactome:Pathway1735,abstraction:NextStepPathway,reactome:Pathway1442,0
reactome:Pathway1856,abstraction:NextStepPathway,reactome:Pathway1233,0
reactome:Pathway2386,abstraction:NextStepPathway,reactome:Pathway2383,5.8664680569332965
reactome:Pathway1356,abstraction:NextStepPathway,reactome:Pathway1360,5.643324505619087
reactome:Pathway2358,abstraction:NextStepPathway,reactome:Pathway2558,0
reactome:Pathway2221,abstraction:NextStepPathway,reactome:Pathway2222,5.112696254556917
reactome:Pathway2339,abstraction:NextStepPathway,reactome:Pathway2301,2.140774629696644
reactome:Pathway1903,abstraction:NextStepPathway,reactome:Pathway1910,4.208239980329765
reactome:Pathway2114,abstraction:NextStepPathway,reactome:Pathway2128,5.055537840716968
reactome:Pathway1347,abstraction:NextStepPathway,reactome:Pathway1851,0
reactome:Pathway1920,abstraction:NextStepPathway,reactome:Pathway1921,6.336471686179032
reactome:Pathway2617,abstraction:NextStepPathway,reactome:Pathway1106,0
reactome:Pathway2397,abstraction:NextStepPathway,reactome:Pathway2399,5.548014325814762
reactome:Pathway134,abstraction:NextStepPathway,reactome:Pathway1533,0
reactome:Pathway1449,abstraction:NextStepPathway,reactome:Pathway1451,2.9286297617982084
reactome:Pathway2752,abstraction:NextStepPathway,reactome:Pathway1629,0
reactome:Pathway2126,abstraction:NextStepPathway,reactome:Pathway2129,5.055537840716968
reactome:Pathway1433,abstraction:NextStepPathway,reactome:Pathway1440,2.9286297617982084
reactome:Pathway338,abstraction:NextStepPathway,reactome:Pathway339,6.847297309945023
reactome:Pathway1631,abstraction:NextStepPathway,reactome:Pathway579,0
reactome:Pathway2499,abstraction:NextStepPathway,reactome:Pathway2358,0
reactome:Pathway2554,abstraction:NextStepPathway,reactome:Pathway247,0
reactome:Pathway1750,abstraction:NextStepPathway,reactome:Pathway1631,0
reactome:Pathway1817,abstraction:NextStepPathway,reactome:Pathway1816,6.847297309945023
reactome:Pathway1642,abstraction:NextStepPathway,reactome:Pathway524,0
reactome:Pathway484,abstraction:NextStepPathway,reactome:Pathway1528,0
reactome:Pathway2102,abstraction:NextStepPathway,reactome:Pathway2219,2.140774629696644
reactome:Pathway247,abstraction:NextStepPathway,reactome:Pathway1741,0
reactome:Pathway1931,abstraction:NextStepPathway,reactome:Pathway1414,0
reactome:Pathway2368,abstraction:NextStepPathway,reactome:Pathway2365,6.559615237493242
reactome:Pathway1700,abstraction:NextStepPathway,reactome:Pathway1927,0
reactome:Pathway1798,abstraction:NextStepPathway,reactome:Pathway1792,4.139247108842813
reactome:Pathway1427,abstraction:NextStepPathway,reactome:Pathway1735,0
reactome:Pathway1528,abstraction:NextStepPathway,reactome:Pathway2086,0
reactome:Pathway1572,abstraction:NextStepPathway,reactome:Pathway1574,4.901387160889709
reactome:Pathway1217,abstraction:NextStepPathway,reactome:Pathway1219,5.748685021276914
reactome:Pathway134,abstraction:NextStepPathway,reactome:Pathway1531,0
reactome:Pathway2335,abstraction:NextStepPathway,reactome:Pathway2012,0
reactome:Pathway2676,abstraction:NextStepPathway,reactome:Pathway2680,5.0014706194466925
reactome:Pathway1433,abstraction:NextStepPathway,reactome:Pathway1438,2.9286297617982084
reactome:Pathway1819,abstraction:NextStepPathway,reactome:Pathway1822,5.748685021276914
reactome:Pathway1634,abstraction:NextStepPathway,reactome:Pathway2134,0
reactome:Pathway348,abstraction:NextStepPathway,reactome:Pathway1973,0
reactome:Pathway2397,abstraction:NextStepPathway,reactome:Pathway2409,3.4685727841349263
reactome:Pathway2757,abstraction:NextStepPathway,reactome:Pathway2785,3.227410727318038
reactome:Pathway1531,abstraction:NextStepPathway,reactome:Pathway1234,0
reactome:Pathway2644,abstraction:NextStepPathway,reactome:Pathway2662,3.011435665482441
reactome:Pathway2600,abstraction:NextStepPathway,reactome:Pathway2599,3.527068990816535
reactome:Pathway1375,abstraction:NextStepPathway,reactome:Pathway1386,4.950177325059141
reactome:Pathway1700,abstraction:NextStepPathway,reactome:Pathway1703,4.854867145254817
reactome:Pathway1775,abstraction:NextStepPathway,reactome:Pathway1205,0
reactome:Pathway2163,abstraction:NextStepPathway,reactome:Pathway2165,6.336471686179032
reactome:Pathway269,abstraction:NextStepPathway,reactome:Pathway2541,0
reactome:Pathway1735,abstraction:NextStepPathway,reactome:Pathway1732,4.232337531908825
reactome:Pathway2074,abstraction:NextStepPathway,reactome:Pathway405,0
reactome:Pathway2085,abstraction:NextStepPathway,reactome:Pathway2324,2.140774629696644
reactome:Pathway2474,abstraction:NextStepPathway,reactome:Pathway2468,5.8664680569332965
reactome:Pathway2810,abstraction:NextStepPathway,reactome:Pathway2818,5.643324505619087
reactome:Pathway2160,abstraction:NextStepPathway,reactome:Pathway2318,2.140774629696644
reactome:Pathway2275,abstraction:NextStepPathway,reactome:Pathway2226,2.140774629696644
reactome:Pathway1494,abstraction:NextStepPathway,reactome:Pathway1234,0
reactome:Pathway1195,abstraction:NextStepPathway,reactome:Pathway1198,5.748685021276914
reactome:Pathway520,abstraction:NextStepPathway,reactome:Pathway523,6.154150129385077
reactome:Pathway253,abstraction:NextStepPathway,reactome:Pathway266,4.095761996903074
reactome:Pathway2365,abstraction:NextStepPathway,reactome:Pathway2544,0
reactome:Pathway1965,abstraction:NextStepPathway,reactome:Pathway1966,7.252762418053187
reactome:Pathway1856,abstraction:NextStepPathway,reactome:Pathway132,0
reactome:Pathway172,abstraction:NextStepPathway,reactome:Pathway134,0
reactome:Pathway1626,abstraction:NextStepPathway,reactome:Pathway1539,1.9224620056521
reactome:Pathway492,abstraction:NextStepPathway,reactome:Pathway1545,0
reactome:Pathway2686,abstraction:NextStepPathway,reactome:Pathway2687,6.847297309945023
reactome:Pathway1331,abstraction:NextStepPathway,reactome:Pathway1335,5.461002948825132
reactome:Pathway524,abstraction:NextStepPathway,reactome:Pathway1530,0
reactome:Pathway172,abstraction:NextStepPathway,reactome:Pathway1530,0
reactome:Pathway2198,abstraction:NextStepPathway,reactome:Pathway1856,0
reactome:Pathway2569,abstraction:NextStepPathway,reactome:Pathway2576,5.461002948825132
reactome:Pathway1440,abstraction:NextStepPathway,reactome:Pathway1689,5.748685021276914
reactome:Pathway493,abstraction:NextStepPathway,reactome:Pathway1427,0
reactome:Pathway371,abstraction:NextStepPathway,reactome:Pathway372,6.847297309945023
reactome:Pathway2673,abstraction:NextStepPathway,reactome:Pathway2706,4.232337531908825
reactome:Pathway2273,abstraction:NextStepPathway,reactome:Pathway2272,4.18470948291957
reactome:Pathway1382,abstraction:NextStepPathway,reactome:Pathway133,0
reactome:Pathway2365,abstraction:NextStepPathway,reactome:Pathway2358,5.0014706194466925
reactome:Pathway1344,abstraction:NextStepPathway,reactome:Pathway1347,5.548014325814762
reactome:Pathway1321,abstraction:NextStepPathway,reactome:Pathway1851,0
reactome:Pathway1551,abstraction:NextStepPathway,reactome:Pathway1552,6.559615237493242
reactome:Pathway2589,abstraction:NextStepPathway,reactome:Pathway2591,5.748685021276914
reactome:Pathway1555,abstraction:NextStepPathway,reactome:Pathway2789,0
reactome:Pathway1635,abstraction:NextStepPathway,reactome:Pathway2136,0
reactome:Pathway2810,abstraction:NextStepPathway,reactome:Pathway2812,5.643324505619087
reactome:Pathway2147,abstraction:NextStepPathway,reactome:Pathway2144,6.336471686179032
reactome:Pathway2544,abstraction:NextStepPathway,reactome:Pathway2677,0
reactome:Pathway267,abstraction:NextStepPathway,reactome:Pathway2228,0
reactome:Pathway1140,abstraction:NextStepPathway,reactome:Pathway1141,6.336471686179032
reactome:Pathway2096,abstraction:NextStepPathway,reactome:Pathway2222,2.140774629696644
reactome:Pathway1832,abstraction:NextStepPathway,reactome:Pathway389,0
reactome:Pathway1449,abstraction:NextStepPathway,reactome:Pathway1452,2.9286297617982084
reactome:Pathway2746,abstraction:NextStepPathway,reactome:Pathway1850,0
reactome:Pathway286,abstraction:NextStepPathway,reactome:Pathway1522,0
reactome:Pathway1591,abstraction:NextStepPathway,reactome:Pathway1592,5.643324505619087
reactome:Pathway2789,abstraction:NextStepPathway,reactome:Pathway1555,0
reactome:Pathway2638,abstraction:NextStepPathway,reactome:Pathway72,0
reactome:Pathway1354,abstraction:NextStepPathway,reactome:Pathway1358,5.643324505619087
reactome:Pathway2503,abstraction:NextStepPathway,reactome:Pathway2365,0
reactome:Pathway1446,abstraction:NextStepPathway,reactome:Pathway1635,1.9224620056521
reactome:Pathway19,abstraction:NextStepPathway,reactome:Pathway20,6.559615237493242
reactome:Pathway2682,abstraction:NextStepPathway,reactome:Pathway2684,5.0014706194466925
reactome:Pathway2366,abstraction:NextStepPathway,reactome:Pathway2367,6.559615237493242
reactome:Pathway493,abstraction:NextStepPathway,reactome:Pathway1861,0
reactome:Pathway493,abstraction:NextStepPathway,reactome:Pathway2196,0
reactome:Pathway2028,abstraction:NextStepPathway,reactome:Pathway2036,4.362390660157023
reactome:Pathway2175,abstraction:NextStepPathway,reactome:Pathway2081,3.141888553879876
reactome:Pathway134,abstraction:NextStepPathway,reactome:Pathway1233,0
reactome:Pathway539,abstraction:NextStepPathway,reactome:Pathway537,6.154150129385077
reactome:Pathway2365,abstraction:NextStepPathway,reactome:Pathway2500,0
reactome:Pathway1522,abstraction:NextStepPathway,reactome:Pathway1537,4.544712216950978
reactome:Pathway134,abstraction:NextStepPathway,reactome:Pathway1609,0
reactome:Pathway1705,abstraction:NextStepPathway,reactome:Pathway2669,0
reactome:Pathway184,abstraction:NextStepPathway,reactome:Pathway1533,0
reactome:Pathway2117,abstraction:NextStepPathway,reactome:Pathway2112,5.055537840716968
reactome:Pathway1860,abstraction:NextStepPathway,reactome:Pathway1741,2.579933583591281
reactome:Pathway2756,abstraction:NextStepPathway,reactome:Pathway2751,4.308323438886747
reactome:Pathway2500,abstraction:NextStepPathway,reactome:Pathway2555,0
reactome:Pathway184,abstraction:NextStepPathway,reactome:Pathway436,0
reactome:Pathway587,abstraction:NextStepPathway,reactome:Pathway589,5.643324505619087
reactome:Pathway2380,abstraction:NextStepPathway,reactome:Pathway2388,5.237859397510922
reactome:Pathway1912,abstraction:NextStepPathway,reactome:Pathway1921,4.208239980329765
reactome:Pathway1234,abstraction:NextStepPathway,reactome:Pathway134,0
reactome:Pathway1948,abstraction:NextStepPathway,reactome:Pathway1943,4.480173695813406
reactome:Pathway1856,abstraction:NextStepPathway,reactome:Pathway172,0
reactome:Pathway1606,abstraction:NextStepPathway,reactome:Pathway2577,0
reactome:Pathway2358,abstraction:NextStepPathway,reactome:Pathway2544,0
reactome:Pathway1526,abstraction:NextStepPathway,reactome:Pathway1529,5.548014325814762
reactome:Pathway111,abstraction:NextStepPathway,reactome:Pathway2330,0
reactome:Pathway2556,abstraction:NextStepPathway,reactome:Pathway2543,4.950177325059141
reactome:Pathway1529,abstraction:NextStepPathway,reactome:Pathway1536,5.306852268997874
reactome:Pathway1390,abstraction:NextStepPathway,reactome:Pathway1539,1.9224620056521
reactome:Pathway184,abstraction:NextStepPathway,reactome:Pathway1531,0
reactome:Pathway1887,abstraction:NextStepPathway,reactome:Pathway1478,0
reactome:Pathway2261,abstraction:NextStepPathway,reactome:Pathway518,0
reactome:Pathway1540,abstraction:NextStepPathway,reactome:Pathway2198,0
reactome:Pathway2158,abstraction:NextStepPathway,reactome:Pathway2157,6.847297309945023
reactome:Pathway1234,abstraction:NextStepPathway,reactome:Pathway1520,0
reactome:Pathway271,abstraction:NextStepPathway,reactome:Pathway275,4.095761996903074
reactome:Pathway1776,abstraction:NextStepPathway,reactome:Pathway1835,3.209711150218637
reactome:Pathway2077,abstraction:NextStepPathway,reactome:Pathway2150,3.141888553879876
reactome:Pathway1234,abstraction:NextStepPathway,reactome:Pathway1532,0
reactome:Pathway2293,abstraction:NextStepPathway,reactome:Pathway2292,6.154150129385077
reactome:Pathway1861,abstraction:NextStepPathway,reactome:Pathway2211,0
reactome:Pathway1555,abstraction:NextStepPathway,reactome:Pathway2584,0
reactome:Pathway2673,abstraction:NextStepPathway,reactome:Pathway2681,5.0014706194466925
reactome:Pathway1431,abstraction:NextStepPathway,reactome:Pathway1631,1.9224620056521
reactome:Pathway1969,abstraction:NextStepPathway,reactome:Pathway345,0
reactome:Pathway1229,abstraction:NextStepPathway,reactome:Pathway1895,0
reactome:Pathway2060,abstraction:NextStepPathway,reactome:Pathway1233,0
reactome:Pathway1533,abstraction:NextStepPathway,reactome:Pathway184,0
reactome:Pathway2298,abstraction:NextStepPathway,reactome:Pathway292,0
reactome:Pathway1835,abstraction:NextStepPathway,reactome:Pathway1840,3.209711150218637
reactome:Pathway2073,abstraction:NextStepPathway,reactome:Pathway2594,0
reactome:Pathway1533,abstraction:NextStepPathway,reactome:Pathway1393,1.9224620056521
reactome:Pathway2541,abstraction:NextStepPathway,reactome:Pathway2134,0
reactome:Pathway1576,abstraction:NextStepPathway,reactome:Pathway2383,0
reactome:Pathway179,abstraction:NextStepPathway,reactome:Pathway1752,0
reactome:Pathway286,abstraction:NextStepPathway,reactome:Pathway135,0
reactome:Pathway286,abstraction:NextStepPathway,reactome:Pathway1529,0
reactome:Pathway2554,abstraction:NextStepPathway,reactome:Pathway2558,5.8664680569332965
reactome:Pathway253,abstraction:NextStepPathway,reactome:Pathway444,0
reactome:Pathway1732,abstraction:NextStepPathway,reactome:Pathway1735,4.232337531908825
reactome:Pathway1735,abstraction:NextStepPathway,reactome:Pathway224,0
reactome:Pathway2318,abstraction:NextStepPathway,reactome:Pathway2150,2.140774629696644
reactome:Pathway2675,abstraction:NextStepPathway,reactome:Pathway2680,5.0014706194466925
reactome:Pathway1229,abstraction:NextStepPathway,reactome:Pathway267,0
reactome:Pathway1642,abstraction:NextStepPathway,reactome:Pathway1233,0
reactome:Pathway1750,abstraction:NextStepPathway,reactome:Pathway1429,0
reactome:Pathway437,abstraction:NextStepPathway,reactome:Pathway439,5.748685021276914
reactome:Pathway1330,abstraction:NextStepPathway,reactome:Pathway1333,5.461002948825132
reactome:Pathway2669,abstraction:NextStepPathway,reactome:Pathway2668,6.559615237493242
reactome:Pathway2484,abstraction:NextStepPathway,reactome:Pathway2486,5.999999449557819
reactome:Pathway489,abstraction:NextStepPathway,reactome:Pathway1522,0
reactome:Pathway2569,abstraction:NextStepPathway,reactome:Pathway2575,5.461002948825132
reactome:Pathway2556,abstraction:NextStepPathway,reactome:Pathway2559,5.8664680569332965
reactome:Pathway1515,abstraction:NextStepPathway,reactome:Pathway1520,3.8350357344398214
reactome:Pathway2247,abstraction:NextStepPathway,reactome:Pathway269,0
reactome:Pathway2688,abstraction:NextStepPathway,reactome:Pathway2693,4.390561537123719
reactome:Pathway1802,abstraction:NextStepPathway,reactome:Pathway1808,4.854867145254817
reactome:Pathway2569,abstraction:NextStepPathway,reactome:Pathway2571,5.461002948825132
reactome:Pathway2671,abstraction:NextStepPathway,reactome:Pathway2695,4.390561537123719
reactome:Pathway1428,abstraction:NextStepPathway,reactome:Pathway1608,1.9224620056521
reactome:Pathway2358,abstraction:NextStepPathway,reactome:Pathway2365,5.0014706194466925
reactome:Pathway2376,abstraction:NextStepPathway,reactome:Pathway2378,5.237859397510922
reactome:Pathway1261,abstraction:NextStepPathway,reactome:Pathway520,0
reactome:Pathway2047,abstraction:NextStepPathway,reactome:Pathway2043,5.306852268997874
reactome:Pathway1520,abstraction:NextStepPathway,reactome:Pathway2203,0
reactome:Pathway1343,abstraction:NextStepPathway,reactome:Pathway1346,5.548014325814762
reactome:Pathway1477,abstraction:NextStepPathway,reactome:Pathway2380,0
reactome:Pathway277,abstraction:NextStepPathway,reactome:Pathway2657,0
reactome:Pathway1198,abstraction:NextStepPathway,reactome:Pathway1202,5.748685021276914
reactome:Pathway1384,abstraction:NextStepPathway,reactome:Pathway1642,1.9224620056521
reactome:Pathway296,abstraction:NextStepPathway,reactome:Pathway301,5.999999449557819
reactome:Pathway1855,abstraction:NextStepPathway,reactome:Pathway1858,6.559615237493242
reactome:Pathway1983,abstraction:NextStepPathway,reactome:Pathway530,0
reactome:Pathway2041,abstraction:NextStepPathway,reactome:Pathway2050,5.306852268997874
reactome:Pathway267,abstraction:NextStepPathway,reactome:Pathway184,0
reactome:Pathway1526,abstraction:NextStepPathway,reactome:Pathway1861,0
reactome:Pathway1526,abstraction:NextStepPathway,reactome:Pathway2196,0
reactome:Pathway1981,abstraction:NextStepPathway,reactome:Pathway1421,0
reactome:Pathway2517,abstraction:NextStepPathway,reactome:Pathway2518,6.559615237493242
reactome:Pathway1233,abstraction:NextStepPathway,reactome:Pathway1529,0
reactome:Pathway1233,abstraction:NextStepPathway,reactome:Pathway135,0
reactome:Pathway482,abstraction:NextStepPathway,reactome:Pathway1861,0
reactome:Pathway2008,abstraction:NextStepPathway,reactome:Pathway2211,0
reactome:Pathway1198,abstraction:NextStepPathway,reactome:Pathway1205,4.7678557682651865
reactome:Pathway276,abstraction:NextStepPathway,reactome:Pathway277,5.8664680569332965
reactome:Pathway492,abstraction:NextStepPathway,reactome:Pathway1543,0
reactome:Pathway184,abstraction:NextStepPathway,reactome:Pathway1609,0
reactome:Pathway1631,abstraction:NextStepPathway,reactome:Pathway2557,0
reactome:Pathway2377,abstraction:NextStepPathway,reactome:Pathway2386,5.237859397510922
reactome:Pathway1363,abstraction:NextStepPathway,reactome:Pathway1365,5.748685021276914
reactome:Pathway1393,abstraction:NextStepPathway,reactome:Pathway2600,0
reactome:Pathway1824,abstraction:NextStepPathway,reactome:Pathway1777,3.209711150218637
reactome:Pathway1638,abstraction:NextStepPathway,reactome:Pathway1732,0
reactome:Pathway2079,abstraction:NextStepPathway,reactome:Pathway2081,4.544712216950978
reactome:Pathway1532,abstraction:NextStepPathway,reactome:Pathway1521,4.544712216950978
reactome:Pathway1477,abstraction:NextStepPathway,reactome:Pathway447,0
reactome:Pathway286,abstraction:NextStepPathway,reactome:Pathway1861,0
reactome:Pathway1101,abstraction:NextStepPathway,reactome:Pathway1104,6.559615237493242
reactome:Pathway1427,abstraction:NextStepPathway,reactome:Pathway1631,1.9224620056521
reactome:Pathway1808,abstraction:NextStepPathway,reactome:Pathway1779,5.173320876373351
reactome:Pathway1347,abstraction:NextStepPathway,reactome:Pathway1642,1.9224620056521
reactome:Pathway2302,abstraction:NextStepPathway,reactome:Pathway2304,4.18470948291957
reactome:Pathway128,abstraction:NextStepPathway,reactome:Pathway130,5.461002948825132
reactome:Pathway1806,abstraction:NextStepPathway,reactome:Pathway1807,5.173320876373351
reactome:Pathway466,abstraction:NextStepPathway,reactome:Pathway1188,0
reactome:Pathway1119,abstraction:NextStepPathway,reactome:Pathway1091,4.054089300502506
reactome:Pathway1385,abstraction:NextStepPathway,reactome:Pathway1428,2.9286297617982084
reactome:Pathway2417,abstraction:NextStepPathway,reactome:Pathway2418,4.810415382683983
reactome:Pathway1731,abstraction:NextStepPathway,reactome:Pathway1233,0
reactome:Pathway107,abstraction:NextStepPathway,reactome:Pathway1959,0
reactome:Pathway1943,abstraction:NextStepPathway,reactome:Pathway1871,0
reactome:Pathway1603,abstraction:NextStepPathway,reactome:Pathway2091,0
reactome:Pathway2386,abstraction:NextStepPathway,reactome:Pathway420,0
reactome:Pathway2391,abstraction:NextStepPathway,reactome:Pathway2548,0
reactome:Pathway1742,abstraction:NextStepPathway,reactome:Pathway1744,5.999999449557819
reactome:Pathway39,abstraction:NextStepPathway,reactome:Pathway58,3.956925552048858
reactome:Pathway310,abstraction:NextStepPathway,reactome:Pathway312,6.559615237493242
reactome:Pathway2082,abstraction:NextStepPathway,reactome:Pathway2175,3.141888553879876
reactome:Pathway1750,abstraction:NextStepPathway,reactome:Pathway1856,2.579933583591281
reactome:Pathway47,abstraction:NextStepPathway,reactome:Pathway43,3.956925552048858
reactome:Pathway1124,abstraction:NextStepPathway,reactome:Pathway1103,4.054089300502506
reactome:Pathway2499,abstraction:NextStepPathway,reactome:Pathway248,0
reactome:Pathway1631,abstraction:NextStepPathway,reactome:Pathway1428,1.9224620056521
reactome:Pathway1750,abstraction:NextStepPathway,reactome:Pathway1754,6.154150129385077
reactome:Pathway1552,abstraction:NextStepPathway,reactome:Pathway1554,5.0014706194466925
reactome:Pathway1609,abstraction:NextStepPathway,reactome:Pathway2380,0
reactome:Pathway2112,abstraction:NextStepPathway,reactome:Pathway2544,0
reactome:Pathway2065,abstraction:NextStepPathway,reactome:Pathway2070,5.461002948825132
reactome:Pathway1331,abstraction:NextStepPathway,reactome:Pathway1333,5.461002948825132
reactome:Pathway1531,abstraction:NextStepPathway,reactome:Pathway134,0
reactome:Pathway1861,abstraction:NextStepPathway,reactome:Pathway1588,0
reactome:Pathway1977,abstraction:NextStepPathway,reactome:Pathway2203,0
reactome:Pathway2117,abstraction:NextStepPathway,reactome:Pathway2121,5.055537840716968
reactome:Pathway2080,abstraction:NextStepPathway,reactome:Pathway2083,5.8664680569332965
reactome:Pathway1832,abstraction:NextStepPathway,reactome:Pathway1785,3.209711150218637
reactome:Pathway248,abstraction:NextStepPathway,reactome:Pathway2511,0
reactome:Pathway1931,abstraction:NextStepPathway,reactome:Pathway1934,3.7412169792221666
reactome:Pathway2226,abstraction:NextStepPathway,reactome:Pathway2220,5.112696254556917
reactome:Pathway1783,abstraction:NextStepPathway,reactome:Pathway1855,3.209711150218637
reactome:Pathway1631,abstraction:NextStepPathway,reactome:Pathway2675,0
reactome:Pathway222,abstraction:NextStepPathway,reactome:Pathway2812,0
reactome:Pathway2196,abstraction:NextStepPathway,reactome:Pathway1752,0
reactome:Pathway241,abstraction:NextStepPathway,reactome:Pathway244,6.559615237493242
reactome:Pathway2436,abstraction:NextStepPathway,reactome:Pathway2434,5.173320876373351
reactome:Pathway1910,abstraction:NextStepPathway,reactome:Pathway2680,0
reactome:Pathway2533,abstraction:NextStepPathway,reactome:Pathway2654,3.011435665482441
reactome:Pathway2098,abstraction:NextStepPathway,reactome:Pathway2222,2.140774629696644
reactome:Pathway1781,abstraction:NextStepPathway,reactome:Pathway1627,0
reactome:Pathway1963,abstraction:NextStepPathway,reactome:Pathway103,0
reactome:Pathway179,abstraction:NextStepPathway,reactome:Pathway1982,0
reactome:Pathway1804,abstraction:NextStepPathway,reactome:Pathway1805,5.173320876373351
reactome:Pathway1855,abstraction:NextStepPathway,reactome:Pathway1856,6.559615237493242
reactome:Pathway1233,abstraction:NextStepPathway,reactome:Pathway2196,0
reactome:Pathway372,abstraction:NextStepPathway,reactome:Pathway380,5.112696254556917
reactome:Pathway2202,abstraction:NextStepPathway,reactome:Pathway2203,5.306852268997874
reactome:Pathway1991,abstraction:NextStepPathway,reactome:Pathway1990,3.6832297215718173
reactome:Pathway1520,abstraction:NextStepPathway,reactome:Pathway1977,0
reactome:Pathway2619,abstraction:NextStepPathway,reactome:Pathway2620,3.392032707012592
reactome:Pathway1883,abstraction:NextStepPathway,reactome:Pathway1892,5.643324505619087
reactome:Pathway1642,abstraction:NextStepPathway,reactome:Pathway172,0
reactome:Pathway1429,abstraction:NextStepPathway,reactome:Pathway1891,0
reactome:Pathway2500,abstraction:NextStepPathway,reactome:Pathway2363,0
reactome:Pathway2691,abstraction:NextStepPathway,reactome:Pathway2693,4.390561537123719
reactome:Pathway2621,abstraction:NextStepPathway,reactome:Pathway2622,3.392032707012592
reactome:Pathway1792,abstraction:NextStepPathway,reactome:Pathway1793,5.112696254556917
reactome:Pathway1735,abstraction:NextStepPathway,reactome:Pathway493,0
reactome:Pathway1429,abstraction:NextStepPathway,reactome:Pathway2211,0
reactome:Pathway2023,abstraction:NextStepPathway,reactome:Pathway2022,2.140774629696644
reactome:Pathway2117,abstraction:NextStepPathway,reactome:Pathway2118,5.055537840716968
reactome:Pathway1098,abstraction:NextStepPathway,reactome:Pathway1099,5.380960241151596
reactome:Pathway1529,abstraction:NextStepPathway,reactome:Pathway1533,6.154150129385077
reactome:Pathway1914,abstraction:NextStepPathway,reactome:Pathway1305,0
reactome:Pathway145,abstraction:NextStepPathway,reactome:Pathway1522,0
reactome:Pathway2066,abstraction:NextStepPathway,reactome:Pathway2067,5.461002948825132
reactome:Pathway1793,abstraction:NextStepPathway,reactome:Pathway1795,5.237859397510922
reactome:Pathway2203,abstraction:NextStepPathway,reactome:Pathway1977,0
reactome:Pathway417,abstraction:NextStepPathway,reactome:Pathway2382,0
reactome:Pathway2025,abstraction:NextStepPathway,reactome:Pathway2024,7.252762418053187
reactome:Pathway111,abstraction:NextStepPathway,reactome:Pathway112,6.336471686179032
reactome:Pathway1518,abstraction:NextStepPathway,reactome:Pathway1538,3.8350357344398214
reactome:Pathway2556,abstraction:NextStepPathway,reactome:Pathway2551,4.950177325059141
reactome:Pathway1480,abstraction:NextStepPathway,reactome:Pathway1478,5.173320876373351
reactome:Pathway1780,abstraction:NextStepPathway,reactome:Pathway2560,0
reactome:Pathway2358,abstraction:NextStepPathway,reactome:Pathway2560,0
reactome:Pathway2456,abstraction:NextStepPathway,reactome:Pathway2457,6.559615237493242
reactome:Pathway2269,abstraction:NextStepPathway,reactome:Pathway1963,0
reactome:Pathway2138,abstraction:NextStepPathway,reactome:Pathway2140,5.380960241151596
reactome:Pathway1205,abstraction:NextStepPathway,reactome:Pathway1781,0
reactome:Pathway267,abstraction:NextStepPathway,reactome:Pathway2314,0
reactome:Pathway1384,abstraction:NextStepPathway,reactome:Pathway1429,2.9286297617982084
reactome:Pathway2377,abstraction:NextStepPathway,reactome:Pathway2378,7.252762418053187
reactome:Pathway471,abstraction:NextStepPathway,reactome:Pathway474,5.643324505619087
reactome:Pathway433,abstraction:NextStepPathway,reactome:Pathway432,6.847297309945023
reactome:Pathway2033,abstraction:NextStepPathway,reactome:Pathway2028,4.362390660157023
reactome:Pathway2339,abstraction:NextStepPathway,reactome:Pathway2284,2.140774629696644
reactome:Pathway1320,abstraction:NextStepPathway,reactome:Pathway1444,2.9286297617982084
reactome:Pathway438,abstraction:NextStepPathway,reactome:Pathway440,5.748685021276914
reactome:Pathway1856,abstraction:NextStepPathway,reactome:Pathway1534,0
reactome:Pathway1742,abstraction:NextStepPathway,reactome:Pathway1747,5.999999449557819
reactome:Pathway1895,abstraction:NextStepPathway,reactome:Pathway1229,0
reactome:Pathway1601,abstraction:NextStepPathway,reactome:Pathway1687,1.9224620056521
reactome:Pathway1234,abstraction:NextStepPathway,reactome:Pathway2205,0
reactome:Pathway1541,abstraction:NextStepPathway,reactome:Pathway1545,4.544712216950978
reactome:Pathway1735,abstraction:NextStepPathway,reactome:Pathway1736,7.252762418053187
reactome:Pathway1413,abstraction:NextStepPathway,reactome:Pathway1414,5.8664680569332965
reactome:Pathway1016,abstraction:NextStepPathway,reactome:Pathway2241,0
reactome:Pathway2255,abstraction:NextStepPathway,reactome:Pathway2256,6.847297309945023
reactome:Pathway134,abstraction:NextStepPathway,reactome:Pathway2109,0
reactome:Pathway2815,abstraction:NextStepPathway,reactome:Pathway2810,5.643324505619087
reactome:Pathway2159,abstraction:NextStepPathway,reactome:Pathway2157,6.847297309945023
reactome:Pathway78,abstraction:NextStepPathway,reactome:Pathway85,3.956925552048858
reactome:Pathway1851,abstraction:NextStepPathway,reactome:Pathway1642,0
reactome:Pathway2554,abstraction:NextStepPathway,reactome:Pathway2500,0
reactome:Pathway2469,abstraction:NextStepPathway,reactome:Pathway2476,5.112696254556917
reactome:Pathway2554,abstraction:NextStepPathway,reactome:Pathway2365,0
reactome:Pathway1109,abstraction:NextStepPathway,reactome:Pathway1102,5.380960241151596
reactome:Pathway1694,abstraction:NextStepPathway,reactome:Pathway466,0
reactome:Pathway507,abstraction:NextStepPathway,reactome:Pathway463,0
reactome:Pathway1187,abstraction:NextStepPathway,reactome:Pathway1193,5.999999449557819
reactome:Pathway286,abstraction:NextStepPathway,reactome:Pathway287,7.252762418053187
reactome:Pathway2211,abstraction:NextStepPathway,reactome:Pathway1428,0
reactome:Pathway1455,abstraction:NextStepPathway,reactome:Pathway1619,1.9224620056521
reactome:Pathway2635,abstraction:NextStepPathway,reactome:Pathway76,0
reactome:Pathway1521,abstraction:NextStepPathway,reactome:Pathway1977,0
reactome:Pathway2721,abstraction:NextStepPathway,reactome:Pathway1329,0
reactome:Pathway103,abstraction:NextStepPathway,reactome:Pathway145,3.9756176850610108
reactome:Pathway490,abstraction:NextStepPathway,reactome:Pathway1543,0
reactome:Pathway1532,abstraction:NextStepPathway,reactome:Pathway1536,5.306852268997874
reactome:Pathway2489,abstraction:NextStepPathway,reactome:Pathway2490,6.336471686179032
reactome:Pathway430,abstraction:NextStepPathway,reactome:Pathway432,6.847297309945023
reactome:Pathway458,abstraction:NextStepPathway,reactome:Pathway365,0
reactome:Pathway1347,abstraction:NextStepPathway,reactome:Pathway1429,2.9286297617982084
reactome:Pathway2548,abstraction:NextStepPathway,reactome:Pathway250,0
reactome:Pathway2073,abstraction:NextStepPathway,reactome:Pathway267,0
reactome:Pathway2151,abstraction:NextStepPathway,reactome:Pathway2150,5.055537840716968
reactome:Pathway1732,abstraction:NextStepPathway,reactome:Pathway1631,0
reactome:Pathway246,abstraction:NextStepPathway,reactome:Pathway2404,0
reactome:Pathway2654,abstraction:NextStepPathway,reactome:Pathway2651,5.055537840716968
reactome:Pathway1518,abstraction:NextStepPathway,reactome:Pathway154,0
reactome:Pathway1722,abstraction:NextStepPathway,reactome:Pathway1601,1.9224620056521
reactome:Pathway2152,abstraction:NextStepPathway,reactome:Pathway2167,5.055537840716968
reactome:Pathway1428,abstraction:NextStepPathway,reactome:Pathway1641,1.9224620056521
reactome:Pathway2555,abstraction:NextStepPathway,reactome:Pathway246,0
reactome:Pathway1776,abstraction:NextStepPathway,reactome:Pathway1777,6.847297309945023
reactome:Pathway179,abstraction:NextStepPathway,reactome:Pathway524,0
reactome:Pathway1382,abstraction:NextStepPathway,reactome:Pathway250,0
reactome:Pathway2555,abstraction:NextStepPathway,reactome:Pathway1631,0
reactome:Pathway2318,abstraction:NextStepPathway,reactome:Pathway2163,2.140774629696644
reactome:Pathway324,abstraction:NextStepPathway,reactome:Pathway1520,0
reactome:Pathway98,abstraction:NextStepPathway,reactome:Pathway101,5.748685021276914
reactome:Pathway2037,abstraction:NextStepPathway,reactome:Pathway2235,2.140774629696644
reactome:Pathway2202,abstraction:NextStepPathway,reactome:Pathway1977,0
reactome:Pathway1427,abstraction:NextStepPathway,reactome:Pathway1429,6.154150129385077
reactome:Pathway1197,abstraction:NextStepPathway,reactome:Pathway1203,5.748685021276914
reactome:Pathway1979,abstraction:NextStepPathway,reactome:Pathway1871,0
reactome:Pathway1363,abstraction:NextStepPathway,reactome:Pathway1367,5.748685021276914
reactome:Pathway2361,abstraction:NextStepPathway,reactome:Pathway2610,0
reactome:Pathway247,abstraction:NextStepPathway,reactome:Pathway2358,0
reactome:Pathway1626,abstraction:NextStepPathway,reactome:Pathway1609,1.9224620056521
reactome:Pathway2309,abstraction:NextStepPathway,reactome:Pathway1874,0
reactome:Pathway1832,abstraction:NextStepPathway,reactome:Pathway1205,0
reactome:Pathway247,abstraction:NextStepPathway,reactome:Pathway1783,0
reactome:Pathway248,abstraction:NextStepPathway,reactome:Pathway2357,0
reactome:Pathway1522,abstraction:NextStepPathway,reactome:Pathway1588,1.9224620056521
reactome:Pathway32,abstraction:NextStepPathway,reactome:Pathway2624,0
reactome:Pathway2409,abstraction:NextStepPathway,reactome:Pathway2420,4.810415382683983
reactome:Pathway1397,abstraction:NextStepPathway,reactome:Pathway1399,5.643324505619087
reactome:Pathway2391,abstraction:NextStepPathway,reactome:Pathway2434,3.4685727841349263
reactome:Pathway1428,abstraction:NextStepPathway,reactome:Pathway1631,1.9224620056521
reactome:Pathway2457,abstraction:NextStepPathway,reactome:Pathway2454,6.154150129385077
reactome:Pathway1359,abstraction:NextStepPathway,reactome:Pathway1635,1.9224620056521
reactome:Pathway2358,abstraction:NextStepPathway,reactome:Pathway2546,0
reactome:Pathway1627,abstraction:NextStepPathway,reactome:Pathway2768,0
reactome:Pathway1601,abstraction:NextStepPathway,reactome:Pathway672,0
reactome:Pathway2262,abstraction:NextStepPathway,reactome:Pathway329,0
reactome:Pathway1851,abstraction:NextStepPathway,reactome:Pathway2071,0
reactome:Pathway1925,abstraction:NextStepPathway,reactome:Pathway1908,3.7412169792221666
reactome:Pathway1857,abstraction:NextStepPathway,reactome:Pathway1896,2.579933583591281
reactome:Pathway2539,abstraction:NextStepPathway,reactome:Pathway2584,3.527068990816535
reactome:Pathway1336,abstraction:NextStepPathway,reactome:Pathway1619,1.9224620056521
reactome:Pathway329,abstraction:NextStepPathway,reactome:Pathway2262,0
reactome:Pathway2063,abstraction:NextStepPathway,reactome:Pathway2066,5.461002948825132
reactome:Pathway1379,abstraction:NextStepPathway,reactome:Pathway1427,2.9286297617982084
reactome:Pathway1949,abstraction:NextStepPathway,reactome:Pathway1953,4.480173695813406
reactome:Pathway1429,abstraction:NextStepPathway,reactome:Pathway1588,1.9224620056521
reactome:Pathway1735,abstraction:NextStepPathway,reactome:Pathway1566,0
reactome:Pathway2532,abstraction:NextStepPathway,reactome:Pathway2653,3.011435665482441
reactome:Pathway1382,abstraction:NextStepPathway,reactome:Pathway1390,4.950177325059141
reactome:Pathway1707,abstraction:NextStepPathway,reactome:Pathway1716,5.306852268997874
reactome:Pathway1855,abstraction:NextStepPathway,reactome:Pathway1779,3.209711150218637
reactome:Pathway37,abstraction:NextStepPathway,reactome:Pathway84,3.956925552048858
reactome:Pathway1229,abstraction:NextStepPathway,reactome:Pathway2258,0
reactome:Pathway404,abstraction:NextStepPathway,reactome:Pathway1491,0
reactome:Pathway100,abstraction:NextStepPathway,reactome:Pathway2270,0
reactome:Pathway1789,abstraction:NextStepPathway,reactome:Pathway1780,5.173320876373351
reactome:Pathway1619,abstraction:NextStepPathway,reactome:Pathway1609,1.9224620056521
reactome:Pathway2336,abstraction:NextStepPathway,reactome:Pathway2024,2.140774629696644
reactome:Pathway1205,abstraction:NextStepPathway,reactome:Pathway1840,0
reactome:Pathway1735,abstraction:NextStepPathway,reactome:Pathway2211,0
reactome:Pathway2383,abstraction:NextStepPathway,reactome:Pathway2385,5.8664680569332965
reactome:Pathway1368,abstraction:NextStepPathway,reactome:Pathway1337,4.18470948291957
reactome:Pathway1529,abstraction:NextStepPathway,reactome:Pathway1530,6.154150129385077
reactome:Pathway2487,abstraction:NextStepPathway,reactome:Pathway2485,5.999999449557819
reactome:Pathway2377,abstraction:NextStepPathway,reactome:Pathway2397,3.4685727841349263
reactome:Pathway2756,abstraction:NextStepPathway,reactome:Pathway2761,4.308323438886747
reactome:Pathway1321,abstraction:NextStepPathway,reactome:Pathway1429,2.9286297617982084
reactome:Pathway2144,abstraction:NextStepPathway,reactome:Pathway2009,0
reactome:Pathway1687,abstraction:NextStepPathway,reactome:Pathway267,0
reactome:Pathway1903,abstraction:NextStepPathway,reactome:Pathway1908,4.208239980329765
reactome:Pathway1175,abstraction:NextStepPathway,reactome:Pathway1184,4.950177325059141
reactome:Pathway1779,abstraction:NextStepPathway,reactome:Pathway1855,3.209711150218637
reactome:Pathway1416,abstraction:NextStepPathway,reactome:Pathway2812,0
reactome:Pathway1689,abstraction:NextStepPathway,reactome:Pathway1674,1.9224620056521
reactome:Pathway2162,abstraction:NextStepPathway,reactome:Pathway2165,6.336471686179032
reactome:Pathway1473,abstraction:NextStepPathway,reactome:Pathway1475,6.154150129385077
reactome:Pathway1411,abstraction:NextStepPathway,reactome:Pathway1412,2.9286297617982084
reactome:Pathway1180,abstraction:NextStepPathway,reactome:Pathway727,1.3099630429264864
reactome:Pathway2097,abstraction:NextStepPathway,reactome:Pathway2098,5.999999449557819
reactome:Pathway1494,abstraction:NextStepPathway,reactome:Pathway1977,0
reactome:Pathway2027,abstraction:NextStepPathway,reactome:Pathway2036,4.362390660157023
reactome:Pathway2756,abstraction:NextStepPathway,reactome:Pathway2762,4.308323438886747
reactome:Pathway2117,abstraction:NextStepPathway,reactome:Pathway2301,2.140774629696644
reactome:Pathway1529,abstraction:NextStepPathway,reactome:Pathway132,0
reactome:Pathway1089,abstraction:NextStepPathway,reactome:Pathway1090,7.252762418053187
reactome:Pathway2015,abstraction:NextStepPathway,reactome:Pathway2016,7.252762418053187
reactome:Pathway1707,abstraction:NextStepPathway,reactome:Pathway1714,5.306852268997874
reactome:Pathway2735,abstraction:NextStepPathway,reactome:Pathway2610,0
reactome:Pathway11,abstraction:NextStepPathway,reactome:Pathway2810,0
reactome:Pathway2284,abstraction:NextStepPathway,reactome:Pathway2256,2.140774629696644
reactome:Pathway438,abstraction:NextStepPathway,reactome:Pathway436,5.748685021276914
reactome:Pathway1635,abstraction:NextStepPathway,reactome:Pathway2134,0
reactome:Pathway2733,abstraction:NextStepPathway,reactome:Pathway2732,5.548014325814762
reactome:Pathway2267,abstraction:NextStepPathway,reactome:Pathway1428,0
reactome:Pathway372,abstraction:NextStepPathway,reactome:Pathway377,5.112696254556917
reactome:Pathway1851,abstraction:NextStepPathway,reactome:Pathway499,0
reactome:Pathway184,abstraction:NextStepPathway,reactome:Pathway2637,0
reactome:Pathway2270,abstraction:NextStepPathway,reactome:Pathway100,0
reactome:Pathway1335,abstraction:NextStepPathway,reactome:Pathway1851,0
reactome:Pathway1188,abstraction:NextStepPathway,reactome:Pathway1205,4.7678557682651865
reactome:Pathway1851,abstraction:NextStepPathway,reactome:Pathway1750,2.579933583591281
reactome:Pathway1679,abstraction:NextStepPathway,reactome:Pathway1873,0
reactome:Pathway1784,abstraction:NextStepPathway,reactome:Pathway1808,4.139247108842813
reactome:Pathway1520,abstraction:NextStepPathway,reactome:Pathway1521,4.544712216950978
reactome:Pathway2060,abstraction:NextStepPathway,reactome:Pathway2071,5.461002948825132
reactome:Pathway2036,abstraction:NextStepPathway,reactome:Pathway2037,4.362390660157023
reactome:Pathway507,abstraction:NextStepPathway,reactome:Pathway1282,0
reactome:Pathway1424,abstraction:NextStepPathway,reactome:Pathway491,0
reactome:Pathway2069,abstraction:NextStepPathway,reactome:Pathway2063,5.461002948825132
reactome:Pathway1429,abstraction:NextStepPathway,reactome:Pathway2061,0
reactome:Pathway1220,abstraction:NextStepPathway,reactome:Pathway1883,0
reactome:Pathway2160,abstraction:NextStepPathway,reactome:Pathway2074,3.141888553879876
reactome:Pathway1500,abstraction:NextStepPathway,reactome:Pathway1537,3.8350357344398214
reactome:Pathway1522,abstraction:NextStepPathway,reactome:Pathway1541,4.544712216950978
reactome:Pathway1419,abstraction:NextStepPathway,reactome:Pathway1619,1.9224620056521
reactome:Pathway1832,abstraction:NextStepPathway,reactome:Pathway1834,6.336471686179032
reactome:Pathway1492,abstraction:NextStepPathway,reactome:Pathway2756,0
reactome:Pathway478,abstraction:NextStepPathway,reactome:Pathway1588,0
reactome:Pathway1433,abstraction:NextStepPathway,reactome:Pathway1435,2.9286297617982084
reactome:Pathway1196,abstraction:NextStepPathway,reactome:Pathway1209,4.7678557682651865
reactome:Pathway2735,abstraction:NextStepPathway,reactome:Pathway2590,0
reactome:Pathway250,abstraction:NextStepPathway,reactome:Pathway246,6.336471686179032
reactome:Pathway2203,abstraction:NextStepPathway,reactome:Pathway1521,0
reactome:Pathway1956,abstraction:NextStepPathway,reactome:Pathway79,0
reactome:Pathway2196,abstraction:NextStepPathway,reactome:Pathway524,0
reactome:Pathway279,abstraction:NextStepPathway,reactome:Pathway1741,0
reactome:Pathway1731,abstraction:NextStepPathway,reactome:Pathway1732,6.559615237493242
reactome:Pathway2466,abstraction:NextStepPathway,reactome:Pathway2477,5.112696254556917
reactome:Pathway2341,abstraction:NextStepPathway,reactome:Pathway2340,5.461002948825132
reactome:Pathway647,abstraction:NextStepPathway,reactome:Pathway649,5.380960241151596
reactome:Pathway2720,abstraction:NextStepPathway,reactome:Pathway2721,3.227410727318038
reactome:Pathway2706,abstraction:NextStepPathway,reactome:Pathway2683,4.232337531908825
reactome:Pathway2358,abstraction:NextStepPathway,reactome:Pathway1777,0
reactome:Pathway1422,abstraction:NextStepPathway,reactome:Pathway1423,2.9286297617982084
reactome:Pathway1136,abstraction:NextStepPathway,reactome:Pathway1137,7.252762418053187
reactome:Pathway1963,abstraction:NextStepPathway,reactome:Pathway2270,0
reactome:Pathway1461,abstraction:NextStepPathway,reactome:Pathway1463,5.461002948825132
reactome:Pathway2684,abstraction:NextStepPathway,reactome:Pathway2686,5.8664680569332965
reactome:Pathway1397,abstraction:NextStepPathway,reactome:Pathway1400,5.643324505619087
reactome:Pathway2144,abstraction:NextStepPathway,reactome:Pathway2148,6.336471686179032
reactome:Pathway506,abstraction:NextStepPathway,reactome:Pathway507,6.847297309945023
reactome:Pathway458,abstraction:NextStepPathway,reactome:Pathway364,0
reactome:Pathway672,abstraction:NextStepPathway,reactome:Pathway674,4.950177325059141
reactome:Pathway2544,abstraction:NextStepPathway,reactome:Pathway2676,0
reactome:Pathway288,abstraction:NextStepPathway,reactome:Pathway1429,0
reactome:Pathway1454,abstraction:NextStepPathway,reactome:Pathway1459,5.461002948825132
reactome:Pathway2488,abstraction:NextStepPathway,reactome:Pathway2485,5.999999449557819
reactome:Pathway1851,abstraction:NextStepPathway,reactome:Pathway2060,0
reactome:Pathway1526,abstraction:NextStepPathway,reactome:Pathway286,0
reactome:Pathway501,abstraction:NextStepPathway,reactome:Pathway502,5.112696254556917
reactome:Pathway288,abstraction:NextStepPathway,reactome:Pathway1750,0
reactome:Pathway1973,abstraction:NextStepPathway,reactome:Pathway2012,0
reactome:Pathway2251,abstraction:NextStepPathway,reactome:Pathway2250,5.306852268997874
reactome:Pathway524,abstraction:NextStepPathway,reactome:Pathway130,0
reactome:Pathway98,abstraction:NextStepPathway,reactome:Pathway1963,0
reactome:Pathway2116,abstraction:NextStepPathway,reactome:Pathway2114,5.055537840716968
reactome:Pathway482,abstraction:NextStepPathway,reactome:Pathway286,0
reactome:Pathway172,abstraction:NextStepPathway,reactome:Pathway130,0
reactome:Pathway1518,abstraction:NextStepPathway,reactome:Pathway1522,3.8350357344398214
reactome:Pathway1732,abstraction:NextStepPathway,reactome:Pathway1858,2.579933583591281
reactome:Pathway1529,abstraction:NextStepPathway,reactome:Pathway172,0
reactome:Pathway179,abstraction:NextStepPathway,reactome:Pathway1233,0
reactome:Pathway2081,abstraction:NextStepPathway,reactome:Pathway2082,5.8664680569332965
reactome:Pathway1480,abstraction:NextStepPathway,reactome:Pathway2724,0
reactome:Pathway387,abstraction:NextStepPathway,reactome:Pathway399,3.5764617461461112
reactome:Pathway1538,abstraction:NextStepPathway,reactome:Pathway499,4.544712216950978
reactome:Pathway2070,abstraction:NextStepPathway,reactome:Pathway2067,5.461002948825132
reactome:Pathway1356,abstraction:NextStepPathway,reactome:Pathway1619,1.9224620056521
reactome:Pathway2496,abstraction:NextStepPathway,reactome:Pathway2492,6.336471686179032
reactome:Pathway1510,abstraction:NextStepPathway,reactome:Pathway1520,3.8350357344398214
reactome:Pathway1395,abstraction:NextStepPathway,reactome:Pathway1399,5.643324505619087
reactome:Pathway2721,abstraction:NextStepPathway,reactome:Pathway1891,0
reactome:Pathway470,abstraction:NextStepPathway,reactome:Pathway1166,0
reactome:Pathway1354,abstraction:NextStepPathway,reactome:Pathway1356,5.643324505619087
reactome:Pathway2459,abstraction:NextStepPathway,reactome:Pathway2460,5.748685021276914
reactome:Pathway2359,abstraction:NextStepPathway,reactome:Pathway2358,6.559615237493242
reactome:Pathway2041,abstraction:NextStepPathway,reactome:Pathway327,0
reactome:Pathway2073,abstraction:NextStepPathway,reactome:Pathway436,0
reactome:Pathway1515,abstraction:NextStepPathway,reactome:Pathway1234,0
reactome:Pathway2633,abstraction:NextStepPathway,reactome:Pathway2629,5.999999449557819
reactome:Pathway1788,abstraction:NextStepPathway,reactome:Pathway1777,5.173320876373351
reactome:Pathway2738,abstraction:NextStepPathway,reactome:Pathway2784,3.227410727318038
reactome:Pathway2215,abstraction:NextStepPathway,reactome:Pathway2226,5.112696254556917
reactome:Pathway2280,abstraction:NextStepPathway,reactome:Pathway2270,4.18470948291957
reactome:Pathway1750,abstraction:NextStepPathway,reactome:Pathway179,0
reactome:Pathway1977,abstraction:NextStepPathway,reactome:Pathway1521,0
reactome:Pathway1532,abstraction:NextStepPathway,reactome:Pathway1531,6.559615237493242
reactome:Pathway2398,abstraction:NextStepPathway,reactome:Pathway2410,3.4685727841349263
reactome:Pathway1353,abstraction:NextStepPathway,reactome:Pathway1357,5.643324505619087
reactome:Pathway2226,abstraction:NextStepPathway,reactome:Pathway1963,0
reactome:Pathway474,abstraction:NextStepPathway,reactome:Pathway475,5.643324505619087
reactome:Pathway2238,abstraction:NextStepPathway,reactome:Pathway2352,2.140774629696644
reactome:Pathway1721,abstraction:NextStepPathway,reactome:Pathway1724,1.9224620056521
reactome:Pathway1801,abstraction:NextStepPathway,reactome:Pathway1775,5.306852268997874
reactome:Pathway436,abstraction:NextStepPathway,reactome:Pathway437,5.748685021276914
reactome:Pathway505,abstraction:NextStepPathway,reactome:Pathway507,6.847297309945023
reactome:Pathway1538,abstraction:NextStepPathway,reactome:Pathway501,0
reactome:Pathway2308,abstraction:NextStepPathway,reactome:Pathway101,0
reactome:Pathway474,abstraction:NextStepPathway,reactome:Pathway472,5.643324505619087
reactome:Pathway1572,abstraction:NextStepPathway,reactome:Pathway2724,0
reactome:Pathway499,abstraction:NextStepPathway,reactome:Pathway1767,0
reactome:Pathway1750,abstraction:NextStepPathway,reactome:Pathway1428,0
reactome:Pathway2684,abstraction:NextStepPathway,reactome:Pathway2689,5.8664680569332965
reactome:Pathway2321,abstraction:NextStepPathway,reactome:Pathway2335,4.480173695813406
reactome:Pathway2256,abstraction:NextStepPathway,reactome:Pathway2102,2.140774629696644
reactome:Pathway489,abstraction:NextStepPathway,reactome:Pathway147,0
reactome:Pathway2541,abstraction:NextStepPathway,reactome:Pathway2270,0
reactome:Pathway365,abstraction:NextStepPathway,reactome:Pathway367,6.559615237493242
reactome:Pathway472,abstraction:NextStepPathway,reactome:Pathway465,0
reactome:Pathway1233,abstraction:NextStepPathway,reactome:Pathway1850,0
reactome:Pathway1392,abstraction:NextStepPathway,reactome:Pathway1533,1.9224620056521
reactome:Pathway1895,abstraction:NextStepPathway,reactome:Pathway2706,0
reactome:Pathway2162,abstraction:NextStepPathway,reactome:Pathway2164,6.336471686179032
reactome:Pathway278,abstraction:NextStepPathway,reactome:Pathway252,4.095761996903074
reactome:Pathway471,abstraction:NextStepPathway,reactome:Pathway475,5.643324505619087
reactome:Pathway133,abstraction:NextStepPathway,reactome:Pathway131,5.8664680569332965
reactome:Pathway1979,abstraction:NextStepPathway,reactome:Pathway2266,0
reactome:Pathway1732,abstraction:NextStepPathway,reactome:Pathway1857,2.579933583591281
reactome:Pathway1233,abstraction:NextStepPathway,reactome:Pathway286,0
reactome:Pathway39,abstraction:NextStepPathway,reactome:Pathway57,3.956925552048858
reactome:Pathway2179,abstraction:NextStepPathway,reactome:Pathway2180,4.950177325059141
reactome:Pathway2610,abstraction:NextStepPathway,reactome:Pathway2361,0
reactome:Pathway2690,abstraction:NextStepPathway,reactome:Pathway2695,4.390561537123719
reactome:Pathway2541,abstraction:NextStepPathway,reactome:Pathway2222,0
reactome:Pathway2271,abstraction:NextStepPathway,reactome:Pathway2215,2.140774629696644
reactome:Pathway1170,abstraction:NextStepPathway,reactome:Pathway1178,4.950177325059141
reactome:Pathway2692,abstraction:NextStepPathway,reactome:Pathway2693,4.390561537123719
reactome:Pathway351,abstraction:NextStepPathway,reactome:Pathway352,4.810415382683983
reactome:Pathway2226,abstraction:NextStepPathway,reactome:Pathway2215,5.112696254556917
reactome:Pathway1619,abstraction:NextStepPathway,reactome:Pathway246,0
reactome:Pathway1758,abstraction:NextStepPathway,reactome:Pathway1205,0
reactome:Pathway1539,abstraction:NextStepPathway,reactome:Pathway1538,4.544712216950978
reactome:Pathway1497,abstraction:NextStepPathway,reactome:Pathway1520,3.8350357344398214
reactome:Pathway1392,abstraction:NextStepPathway,reactome:Pathway1531,1.9224620056521
reactome:Pathway2140,abstraction:NextStepPathway,reactome:Pathway2132,5.380960241151596
reactome:Pathway1828,abstraction:NextStepPathway,reactome:Pathway1229,0
reactome:Pathway1520,abstraction:NextStepPathway,reactome:Pathway1536,4.544712216950978
reactome:Pathway1973,abstraction:NextStepPathway,reactome:Pathway2336,0
reactome:Pathway2759,abstraction:NextStepPathway,reactome:Pathway2758,5.8664680569332965
reactome:Pathway1849,abstraction:NextStepPathway,reactome:Pathway1854,3.209711150218637
reactome:Pathway2698,abstraction:NextStepPathway,reactome:Pathway2701,4.390561537123719
reactome:Pathway1490,abstraction:NextStepPathway,reactome:Pathway1520,3.8350357344398214
reactome:Pathway183,abstraction:NextStepPathway,reactome:Pathway184,6.847297309945023
reactome:Pathway1205,abstraction:NextStepPathway,reactome:Pathway1835,0
reactome:Pathway442,abstraction:NextStepPathway,reactome:Pathway443,5.748685021276914
reactome:Pathway2365,abstraction:NextStepPathway,reactome:Pathway2555,0
reactome:Pathway2284,abstraction:NextStepPathway,reactome:Pathway2287,4.18470948291957
reactome:Pathway1956,abstraction:NextStepPathway,reactome:Pathway401,0
reactome:Pathway1861,abstraction:NextStepPathway,reactome:Pathway1526,0
reactome:Pathway436,abstraction:NextStepPathway,reactome:Pathway2074,0
reactome:Pathway1914,abstraction:NextStepPathway,reactome:Pathway1601,0
reactome:Pathway2503,abstraction:NextStepPathway,reactome:Pathway2510,5.8664680569332965
reactome:Pathway1188,abstraction:NextStepPathway,reactome:Pathway1189,5.999999449557819
reactome:Pathway135,abstraction:NextStepPathway,reactome:Pathway1533,0
reactome:Pathway2439,abstraction:NextStepPathway,reactome:Pathway2445,5.173320876373351
reactome:Pathway1491,abstraction:NextStepPathway,reactome:Pathway1229,0
reactome:Pathway286,abstraction:NextStepPathway,reactome:Pathway2030,0
reactome:Pathway2068,abstraction:NextStepPathway,reactome:Pathway1233,0
reactome:Pathway135,abstraction:NextStepPathway,reactome:Pathway436,0
reactome:Pathway1322,abstraction:NextStepPathway,reactome:Pathway1323,6.336471686179032
reactome:Pathway2169,abstraction:NextStepPathway,reactome:Pathway1940,0
reactome:Pathway1365,abstraction:NextStepPathway,reactome:Pathway1619,1.9224620056521
reactome:Pathway1532,abstraction:NextStepPathway,reactome:Pathway1233,0
reactome:Pathway1855,abstraction:NextStepPathway,reactome:Pathway250,0
reactome:Pathway1484,abstraction:NextStepPathway,reactome:Pathway1487,6.336471686179032
reactome:Pathway1406,abstraction:NextStepPathway,reactome:Pathway1409,6.336471686179032
reactome:Pathway2779,abstraction:NextStepPathway,reactome:Pathway211,0
reactome:Pathway1397,abstraction:NextStepPathway,reactome:Pathway1401,5.643324505619087
reactome:Pathway1564,abstraction:NextStepPathway,reactome:Pathway1565,6.847297309945023
reactome:Pathway256,abstraction:NextStepPathway,reactome:Pathway263,5.548014325814762
reactome:Pathway1322,abstraction:NextStepPathway,reactome:Pathway1907,0
reactome:Pathway1619,abstraction:NextStepPathway,reactome:Pathway1855,0
reactome:Pathway2533,abstraction:NextStepPathway,reactome:Pathway2651,3.011435665482441
reactome:Pathway1375,abstraction:NextStepPathway,reactome:Pathway1382,4.950177325059141
reactome:Pathway2556,abstraction:NextStepPathway,reactome:Pathway248,0
reactome:Pathway493,abstraction:NextStepPathway,reactome:Pathway500,5.112696254556917
reactome:Pathway1904,abstraction:NextStepPathway,reactome:Pathway287,0
reactome:Pathway1225,abstraction:NextStepPathway,reactome:Pathway1850,0
reactome:Pathway2472,abstraction:NextStepPathway,reactome:Pathway2479,5.112696254556917
reactome:Pathway2681,abstraction:NextStepPathway,reactome:Pathway2706,4.232337531908825
reactome:Pathway2196,abstraction:NextStepPathway,reactome:Pathway1233,0
reactome:Pathway1501,abstraction:NextStepPathway,reactome:Pathway1522,3.8350357344398214
reactome:Pathway2339,abstraction:NextStepPathway,reactome:Pathway2302,2.140774629696644
reactome:Pathway1395,abstraction:NextStepPathway,reactome:Pathway1400,5.643324505619087
reactome:Pathway135,abstraction:NextStepPathway,reactome:Pathway1531,0
reactome:Pathway1102,abstraction:NextStepPathway,reactome:Pathway1109,5.380960241151596
reactome:Pathway136,abstraction:NextStepPathway,reactome:Pathway138,5.461002948825132
reactome:Pathway493,abstraction:NextStepPathway,reactome:Pathway1851,0
reactome:Pathway1522,abstraction:NextStepPathway,reactome:Pathway1544,4.544712216950978
reactome:Pathway2724,abstraction:NextStepPathway,reactome:Pathway2782,3.227410727318038
reactome:Pathway493,abstraction:NextStepPathway,reactome:Pathway1735,0
reactome:Pathway1979,abstraction:NextStepPathway,reactome:Pathway267,0
reactome:Pathway2241,abstraction:NextStepPathway,reactome:Pathway1016,0
reactome:Pathway1973,abstraction:NextStepPathway,reactome:Pathway367,0
reactome:Pathway179,abstraction:NextStepPathway,reactome:Pathway172,5.643324505619087
reactome:Pathway1445,abstraction:NextStepPathway,reactome:Pathway1619,1.9224620056521
reactome:Pathway1908,abstraction:NextStepPathway,reactome:Pathway1914,4.208239980329765
reactome:Pathway1544,abstraction:NextStepPathway,reactome:Pathway500,4.544712216950978
reactome:Pathway2066,abstraction:NextStepPathway,reactome:Pathway2069,5.461002948825132
reactome:Pathway524,abstraction:NextStepPathway,reactome:Pathway2211,0
reactome:Pathway1365,abstraction:NextStepPathway,reactome:Pathway1369,5.748685021276914
reactome:Pathway2576,abstraction:NextStepPathway,reactome:Pathway2577,5.461002948825132
reactome:Pathway45,abstraction:NextStepPathway,reactome:Pathway41,3.956925552048858
reactome:Pathway2541,abstraction:NextStepPathway,reactome:Pathway1638,0
reactome:Pathway478,abstraction:NextStepPathway,reactome:Pathway1521,0
reactome:Pathway2301,abstraction:NextStepPathway,reactome:Pathway2284,4.18470948291957
reactome:Pathway1544,abstraction:NextStepPathway,reactome:Pathway1851,0
reactome:Pathway2079,abstraction:NextStepPathway,reactome:Pathway2086,4.544712216950978
reactome:Pathway2682,abstraction:NextStepPathway,reactome:Pathway2706,4.232337531908825
reactome:Pathway2335,abstraction:NextStepPathway,reactome:Pathway2314,2.140774629696644
reactome:Pathway1233,abstraction:NextStepPathway,reactome:Pathway2030,0
reactome:Pathway1428,abstraction:NextStepPathway,reactome:Pathway2541,0
reactome:Pathway1477,abstraction:NextStepPathway,reactome:Pathway2724,0
reactome:Pathway1977,abstraction:NextStepPathway,reactome:Pathway1536,0
reactome:Pathway2554,abstraction:NextStepPathway,reactome:Pathway2541,4.950177325059141
reactome:Pathway1392,abstraction:NextStepPathway,reactome:Pathway1609,1.9224620056521
reactome:Pathway1324,abstraction:NextStepPathway,reactome:Pathway1337,2.9286297617982084
reactome:Pathway2539,abstraction:NextStepPathway,reactome:Pathway180,0
reactome:Pathway145,abstraction:NextStepPathway,reactome:Pathway148,6.559615237493242
reactome:Pathway41,abstraction:NextStepPathway,reactome:Pathway298,0
reactome:Pathway2298,abstraction:NextStepPathway,reactome:Pathway2270,4.18470948291957
reactome:Pathway1335,abstraction:NextStepPathway,reactome:Pathway1642,1.9224620056521
reactome:Pathway1193,abstraction:NextStepPathway,reactome:Pathway1195,4.7678557682651865
reactome:Pathway1535,abstraction:NextStepPathway,reactome:Pathway1536,5.306852268997874
reactome:Pathway1509,abstraction:NextStepPathway,reactome:Pathway1538,3.8350357344398214
reactome:Pathway1979,abstraction:NextStepPathway,reactome:Pathway1943,3.6832297215718173
reactome:Pathway1626,abstraction:NextStepPathway,reactome:Pathway2584,0
reactome:Pathway1633,abstraction:NextStepPathway,reactome:Pathway1609,1.9224620056521
reactome:Pathway2040,abstraction:NextStepPathway,reactome:Pathway2039,5.306852268997874
reactome:Pathway354,abstraction:NextStepPathway,reactome:Pathway353,5.643324505619087
reactome:Pathway343,abstraction:NextStepPathway,reactome:Pathway341,4.810415382683983
reactome:Pathway1897,abstraction:NextStepPathway,reactome:Pathway1880,2.579933583591281
reactome:Pathway292,abstraction:NextStepPathway,reactome:Pathway297,4.687813060591651
reactome:Pathway2732,abstraction:NextStepPathway,reactome:Pathway2733,5.548014325814762
reactome:Pathway2041,abstraction:NextStepPathway,reactome:Pathway2043,5.306852268997874
reactome:Pathway2209,abstraction:NextStepPathway,reactome:Pathway2077,2.140774629696644
reactome:Pathway2703,abstraction:NextStepPathway,reactome:Pathway1180,0
reactome:Pathway2037,abstraction:NextStepPathway,reactome:Pathway2234,2.140774629696644
reactome:Pathway1973,abstraction:NextStepPathway,reactome:Pathway2034,0
reactome:Pathway1427,abstraction:NextStepPathway,reactome:Pathway1679,1.9224620056521
reactome:Pathway505,abstraction:NextStepPathway,reactome:Pathway506,6.847297309945023
reactome:Pathway2357,abstraction:NextStepPathway,reactome:Pathway2384,3.133725243240715
reactome:Pathway1775,abstraction:NextStepPathway,reactome:Pathway1780,5.380960241151596
reactome:Pathway261,abstraction:NextStepPathway,reactome:Pathway2217,0
reactome:Pathway2555,abstraction:NextStepPathway,reactome:Pathway388,0
reactome:Pathway248,abstraction:NextStepPathway,reactome:Pathway2358,0
reactome:Pathway2167,abstraction:NextStepPathway,reactome:Pathway2325,2.140774629696644
reactome:Pathway2785,abstraction:NextStepPathway,reactome:Pathway1584,0
reactome:Pathway1878,abstraction:NextStepPathway,reactome:Pathway1229,0
reactome:Pathway2545,abstraction:NextStepPathway,reactome:Pathway1833,0
reactome:Pathway2284,abstraction:NextStepPathway,reactome:Pathway2286,4.18470948291957
reactome:Pathway478,abstraction:NextStepPathway,reactome:Pathway1544,0
reactome:Pathway1619,abstraction:NextStepPathway,reactome:Pathway2584,0
reactome:Pathway1175,abstraction:NextStepPathway,reactome:Pathway1182,4.950177325059141
reactome:Pathway1415,abstraction:NextStepPathway,reactome:Pathway1416,6.336471686179032
reactome:Pathway1627,abstraction:NextStepPathway,reactome:Pathway1382,1.9224620056521
reactome:Pathway2153,abstraction:NextStepPathway,reactome:Pathway2154,5.055537840716968
reactome:Pathway1635,abstraction:NextStepPathway,reactome:Pathway1735,0
reactome:Pathway1526,abstraction:NextStepPathway,reactome:Pathway1851,0
reactome:Pathway2134,abstraction:NextStepPathway,reactome:Pathway2135,5.380960241151596
reactome:Pathway248,abstraction:NextStepPathway,reactome:Pathway2384,0
reactome:Pathway347,abstraction:NextStepPathway,reactome:Pathway344,5.999999449557819
reactome:Pathway246,abstraction:NextStepPathway,reactome:Pathway2380,0
reactome:Pathway1382,abstraction:NextStepPathway,reactome:Pathway1391,4.950177325059141
reactome:Pathway2397,abstraction:NextStepPathway,reactome:Pathway2367,3.133725243240715
reactome:Pathway1856,abstraction:NextStepPathway,reactome:Pathway1588,0
reactome:Pathway2721,abstraction:NextStepPathway,reactome:Pathway1330,0
reactome:Pathway2635,abstraction:NextStepPathway,reactome:Pathway75,0
reactome:Pathway2569,abstraction:NextStepPathway,reactome:Pathway1549,0
reactome:Pathway1121,abstraction:NextStepPathway,reactome:Pathway1110,7.252762418053187
reactome:Pathway2806,abstraction:NextStepPathway,reactome:Pathway2807,6.847297309945023
reactome:Pathway1155,abstraction:NextStepPathway,reactome:Pathway1154,6.336471686179032
reactome:Pathway1440,abstraction:NextStepPathway,reactome:Pathway1687,5.748685021276914
reactome:Pathway1429,abstraction:NextStepPathway,reactome:Pathway2416,0
reactome:Pathway2123,abstraction:NextStepPathway,reactome:Pathway2131,4.480173695813406
reactome:Pathway1521,abstraction:NextStepPathway,reactome:Pathway2030,0
reactome:Pathway1631,abstraction:NextStepPathway,reactome:Pathway2559,0
reactome:Pathway2216,abstraction:NextStepPathway,reactome:Pathway2215,5.112696254556917
reactome:Pathway1807,abstraction:NextStepPathway,reactome:Pathway2694,0
reactome:Pathway1354,abstraction:NextStepPathway,reactome:Pathway1357,5.643324505619087
reactome:Pathway2358,abstraction:NextStepPathway,reactome:Pathway2557,0
reactome:Pathway2196,abstraction:NextStepPathway,reactome:Pathway172,0
reactome:Pathway2074,abstraction:NextStepPathway,reactome:Pathway2217,2.140774629696644
reactome:Pathway1429,abstraction:NextStepPathway,reactome:Pathway1526,1.9224620056521
reactome:Pathway524,abstraction:NextStepPathway,reactome:Pathway135,0
reactome:Pathway1395,abstraction:NextStepPathway,reactome:Pathway1401,5.643324505619087
reactome:Pathway1619,abstraction:NextStepPathway,reactome:Pathway1350,1.9224620056521
reactome:Pathway1722,abstraction:NextStepPathway,reactome:Pathway1914,0
reactome:Pathway1980,abstraction:NextStepPathway,reactome:Pathway1421,0
reactome:Pathway1234,abstraction:NextStepPathway,reactome:Pathway1522,0
reactome:Pathway423,abstraction:NextStepPathway,reactome:Pathway2388,3.4685727841349263
reactome:Pathway172,abstraction:NextStepPathway,reactome:Pathway135,0
reactome:Pathway350,abstraction:NextStepPathway,reactome:Pathway351,7.252762418053187
reactome:Pathway1382,abstraction:NextStepPathway,reactome:Pathway1626,1.9224620056521
reactome:Pathway2397,abstraction:NextStepPathway,reactome:Pathway2410,3.4685727841349263
reactome:Pathway106,abstraction:NextStepPathway,reactome:Pathway2231,0
reactome:Pathway2079,abstraction:NextStepPathway,reactome:Pathway2080,4.544712216950978
reactome:Pathway286,abstraction:NextStepPathway,reactome:Pathway1669,0
reactome:Pathway2117,abstraction:NextStepPathway,reactome:Pathway2114,5.055537840716968
reactome:Pathway499,abstraction:NextStepPathway,reactome:Pathway1750,0
reactome:Pathway1855,abstraction:NextStepPathway,reactome:Pathway1853,3.209711150218637
reactome:Pathway2200,abstraction:NextStepPathway,reactome:Pathway1233,0
reactome:Pathway1427,abstraction:NextStepPathway,reactome:Pathway1428,6.154150129385077
reactome:Pathway1763,abstraction:NextStepPathway,reactome:Pathway1758,5.8664680569332965
reactome:Pathway2365,abstraction:NextStepPathway,reactome:Pathway2363,5.0014706194466925
reactome:Pathway1233,abstraction:NextStepPathway,reactome:Pathway1393,0
reactome:Pathway485,abstraction:NextStepPathway,reactome:Pathway1296,0
reactome:Pathway2041,abstraction:NextStepPathway,reactome:Pathway1950,0
reactome:Pathway2060,abstraction:NextStepPathway,reactome:Pathway2066,5.461002948825132
reactome:Pathway2270,abstraction:NextStepPathway,reactome:Pathway2226,2.140774629696644
reactome:Pathway2222,abstraction:NextStepPathway,reactome:Pathway267,0
reactome:Pathway1689,abstraction:NextStepPathway,reactome:Pathway1736,0
reactome:Pathway1540,abstraction:NextStepPathway,reactome:Pathway1619,1.9224620056521
reactome:Pathway1925,abstraction:NextStepPathway,reactome:Pathway674,0
reactome:Pathway1209,abstraction:NextStepPathway,reactome:Pathway1641,0
reactome:Pathway172,abstraction:NextStepPathway,reactome:Pathway480,0
reactome:Pathway1750,abstraction:NextStepPathway,reactome:Pathway1752,6.154150129385077
reactome:Pathway2357,abstraction:NextStepPathway,reactome:Pathway2391,3.133725243240715
reactome:Pathway2562,abstraction:NextStepPathway,reactome:Pathway2566,6.154150129385077
reactome:Pathway1750,abstraction:NextStepPathway,reactome:Pathway1753,6.154150129385077
reactome:Pathway2366,abstraction:NextStepPathway,reactome:Pathway2397,3.133725243240715
reactome:Pathway1229,abstraction:NextStepPathway,reactome:Pathway2244,0
reactome:Pathway2806,abstraction:NextStepPathway,reactome:Pathway2808,6.847297309945023
reactome:Pathway2500,abstraction:NextStepPathway,reactome:Pathway2366,0
reactome:Pathway1375,abstraction:NextStepPathway,reactome:Pathway1383,4.950177325059141
reactome:Pathway1860,abstraction:NextStepPathway,reactome:Pathway1857,3.209711150218637
reactome:Pathway1189,abstraction:NextStepPathway,reactome:Pathway1208,4.7678557682651865
reactome:Pathway2556,abstraction:NextStepPathway,reactome:Pathway2676,0
reactome:Pathway1359,abstraction:NextStepPathway,reactome:Pathway1349,4.18470948291957
reactome:Pathway1520,abstraction:NextStepPathway,reactome:Pathway1545,4.544712216950978
reactome:Pathway1320,abstraction:NextStepPathway,reactome:Pathway1324,2.9286297617982084
reactome:Pathway2554,abstraction:NextStepPathway,reactome:Pathway1637,0
reactome:Pathway248,abstraction:NextStepPathway,reactome:Pathway2391,0
reactome:Pathway1209,abstraction:NextStepPathway,reactome:Pathway1631,0
reactome:Pathway509,abstraction:NextStepPathway,reactome:Pathway507,4.308323438886747
reactome:Pathway1479,abstraction:NextStepPathway,reactome:Pathway2583,0
reactome:Pathway1335,abstraction:NextStepPathway,reactome:Pathway1429,2.9286297617982084
reactome:Pathway1233,abstraction:NextStepPathway,reactome:Pathway1851,0
reactome:Pathway1851,abstraction:NextStepPathway,reactome:Pathway1529,0
reactome:Pathway1697,abstraction:NextStepPathway,reactome:Pathway466,0
reactome:Pathway2158,abstraction:NextStepPathway,reactome:Pathway2319,2.140774629696644
reactome:Pathway2749,abstraction:NextStepPathway,reactome:Pathway1533,0
reactome:Pathway489,abstraction:NextStepPathway,reactome:Pathway1545,0
reactome:Pathway2203,abstraction:NextStepPathway,reactome:Pathway2202,5.306852268997874
reactome:Pathway2080,abstraction:NextStepPathway,reactome:Pathway2176,3.141888553879876
reactome:Pathway1233,abstraction:NextStepPathway,reactome:Pathway1669,0
reactome:Pathway2668,abstraction:NextStepPathway,reactome:Pathway2673,4.390561537123719
reactome:Pathway495,abstraction:NextStepPathway,reactome:Pathway1767,0
reactome:Pathway524,abstraction:NextStepPathway,reactome:Pathway1939,0
reactome:Pathway1511,abstraction:NextStepPathway,reactome:Pathway1522,3.8350357344398214
reactome:Pathway1834,abstraction:NextStepPathway,reactome:Pathway1835,6.336471686179032
reactome:Pathway493,abstraction:NextStepPathway,reactome:Pathway1731,0
reactome:Pathway1322,abstraction:NextStepPathway,reactome:Pathway1378,2.9286297617982084
reactome:Pathway2358,abstraction:NextStepPathway,reactome:Pathway2706,0
reactome:Pathway2554,abstraction:NextStepPathway,reactome:Pathway2555,7.252762418053187
reactome:Pathway2365,abstraction:NextStepPathway,reactome:Pathway2548,0
reactome:Pathway1440,abstraction:NextStepPathway,reactome:Pathway2384,0
reactome:Pathway1816,abstraction:NextStepPathway,reactome:Pathway1814,5.748685021276914
reactome:Pathway524,abstraction:NextStepPathway,reactome:Pathway1861,0
reactome:Pathway2226,abstraction:NextStepPathway,reactome:Pathway2222,5.112696254556917
reactome:Pathway172,abstraction:NextStepPathway,reactome:Pathway1861,0
reactome:Pathway2365,abstraction:NextStepPathway,reactome:Pathway2545,0
reactome:Pathway1500,abstraction:NextStepPathway,reactome:Pathway1541,3.8350357344398214
reactome:Pathway1998,abstraction:NextStepPathway,reactome:Pathway1999,6.559615237493242
reactome:Pathway2749,abstraction:NextStepPathway,reactome:Pathway1531,0
reactome:Pathway493,abstraction:NextStepPathway,reactome:Pathway1631,0
reactome:Pathway1411,abstraction:NextStepPathway,reactome:Pathway1420,2.9286297617982084
reactome:Pathway267,abstraction:NextStepPathway,reactome:Pathway2229,0
reactome:Pathway1631,abstraction:NextStepPathway,reactome:Pathway1609,1.9224620056521
reactome:Pathway1532,abstraction:NextStepPathway,reactome:Pathway2109,0
reactome:Pathway1801,abstraction:NextStepPathway,reactome:Pathway1793,4.139247108842813
reactome:Pathway2593,abstraction:NextStepPathway,reactome:Pathway1576,0
reactome:Pathway1829,abstraction:NextStepPathway,reactome:Pathway1229,0
reactome:Pathway1822,abstraction:NextStepPathway,reactome:Pathway1522,0
reactome:Pathway2341,abstraction:NextStepPathway,reactome:Pathway2013,0
reactome:Pathway2259,abstraction:NextStepPathway,reactome:Pathway2284,2.140774629696644
reactome:Pathway2499,abstraction:NextStepPathway,reactome:Pathway2498,5.237859397510922
reactome:Pathway2269,abstraction:NextStepPathway,reactome:Pathway2226,2.140774629696644
reactome:Pathway458,abstraction:NextStepPathway,reactome:Pathway366,0
reactome:Pathway1861,abstraction:NextStepPathway,reactome:Pathway134,0
reactome:Pathway70,abstraction:NextStepPathway,reactome:Pathway84,3.956925552048858
reactome:Pathway492,abstraction:NextStepPathway,reactome:Pathway1588,0
reactome:Pathway288,abstraction:NextStepPathway,reactome:Pathway1529,0
reactome:Pathway1594,abstraction:NextStepPathway,reactome:Pathway1593,5.643324505619087
reactome:Pathway1977,abstraction:NextStepPathway,reactome:Pathway1531,0
reactome:Pathway2581,abstraction:NextStepPathway,reactome:Pathway2584,3.527068990816535
reactome:Pathway1520,abstraction:NextStepPathway,reactome:Pathway1233,0
reactome:Pathway1484,abstraction:NextStepPathway,reactome:Pathway1486,6.336471686179032
reactome:Pathway247,abstraction:NextStepPathway,reactome:Pathway1779,0
reactome:Pathway1973,abstraction:NextStepPathway,reactome:Pathway361,0
reactome:Pathway1861,abstraction:NextStepPathway,reactome:Pathway1530,0
reactome:Pathway493,abstraction:NextStepPathway,reactome:Pathway1642,0
reactome:Pathway1642,abstraction:NextStepPathway,reactome:Pathway179,0
reactome:Pathway2480,abstraction:NextStepPathway,reactome:Pathway2482,5.999999449557819
reactome:Pathway2238,abstraction:NextStepPathway,reactome:Pathway292,0
reactome:Pathway344,abstraction:NextStepPathway,reactome:Pathway2028,0
reactome:Pathway2378,abstraction:NextStepPathway,reactome:Pathway2377,7.252762418053187
reactome:Pathway2158,abstraction:NextStepPathway,reactome:Pathway2318,2.140774629696644
reactome:Pathway2106,abstraction:NextStepPathway,reactome:Pathway2105,6.847297309945023
reactome:Pathway1529,abstraction:NextStepPathway,reactome:Pathway130,0
reactome:Pathway2629,abstraction:NextStepPathway,reactome:Pathway2635,5.999999449557819
reactome:Pathway2234,abstraction:NextStepPathway,reactome:Pathway2241,5.461002948825132
reactome:Pathway1977,abstraction:NextStepPathway,reactome:Pathway2202,0
reactome:Pathway1225,abstraction:NextStepPathway,reactome:Pathway1669,0
reactome:Pathway212,abstraction:NextStepPathway,reactome:Pathway213,6.559615237493242
reactome:Pathway1986,abstraction:NextStepPathway,reactome:Pathway1987,7.252762418053187
reactome:Pathway1852,abstraction:NextStepPathway,reactome:Pathway1853,3.209711150218637
reactome:Pathway1510,abstraction:NextStepPathway,reactome:Pathway1234,0
reactome:Pathway1787,abstraction:NextStepPathway,reactome:Pathway1840,3.209711150218637
reactome:Pathway100,abstraction:NextStepPathway,reactome:Pathway125,3.9756176850610108
reactome:Pathway2569,abstraction:NextStepPathway,reactome:Pathway1606,0
reactome:Pathway2744,abstraction:NextStepPathway,reactome:Pathway1541,0
reactome:Pathway1851,abstraction:NextStepPathway,reactome:Pathway1861,3.209711150218637
reactome:Pathway1851,abstraction:NextStepPathway,reactome:Pathway2196,0
reactome:Pathway1750,abstraction:NextStepPathway,reactome:Pathway1536,0
reactome:Pathway2060,abstraction:NextStepPathway,reactome:Pathway1588,0
reactome:Pathway1995,abstraction:NextStepPathway,reactome:Pathway2004,5.237859397510922
reactome:Pathway372,abstraction:NextStepPathway,reactome:Pathway374,5.112696254556917
reactome:Pathway1923,abstraction:NextStepPathway,reactome:Pathway1617,0
reactome:Pathway2358,abstraction:NextStepPathway,reactome:Pathway2364,5.0014706194466925
reactome:Pathway213,abstraction:NextStepPathway,reactome:Pathway215,6.559615237493242
reactome:Pathway1533,abstraction:NextStepPathway,reactome:Pathway135,0
reactome:Pathway246,abstraction:NextStepPathway,reactome:Pathway2598,0
reactome:Pathway2555,abstraction:NextStepPathway,reactome:Pathway2556,5.8664680569332965
reactome:Pathway2668,abstraction:NextStepPathway,reactome:Pathway2694,4.390561537123719
reactome:Pathway1428,abstraction:NextStepPathway,reactome:Pathway2557,0
reactome:Pathway2358,abstraction:NextStepPathway,reactome:Pathway2554,0
reactome:Pathway2067,abstraction:NextStepPathway,reactome:Pathway2068,5.461002948825132
reactome:Pathway1912,abstraction:NextStepPathway,reactome:Pathway1747,2.579933583591281
reactome:Pathway1509,abstraction:NextStepPathway,reactome:Pathway1522,3.8350357344398214
reactome:Pathway447,abstraction:NextStepPathway,reactome:Pathway448,6.336471686179032
reactome:Pathway1110,abstraction:NextStepPathway,reactome:Pathway1121,7.252762418053187
reactome:Pathway2545,abstraction:NextStepPathway,reactome:Pathway2686,0
reactome:Pathway1732,abstraction:NextStepPathway,reactome:Pathway1428,0
reactome:Pathway1576,abstraction:NextStepPathway,reactome:Pathway2593,0
reactome:Pathway1537,abstraction:NextStepPathway,reactome:Pathway1521,4.544712216950978
reactome:Pathway2788,abstraction:NextStepPathway,reactome:Pathway2789,6.336471686179032
reactome:Pathway2112,abstraction:NextStepPathway,reactome:Pathway2108,3.141888553879876
reactome:Pathway1689,abstraction:NextStepPathway,reactome:Pathway1629,1.9224620056521
reactome:Pathway2164,abstraction:NextStepPathway,reactome:Pathway2318,2.140774629696644
reactome:Pathway439,abstraction:NextStepPathway,reactome:Pathway2073,0
reactome:Pathway2358,abstraction:NextStepPathway,reactome:Pathway2545,0
reactome:Pathway2222,abstraction:NextStepPathway,reactome:Pathway2228,5.112696254556917
reactome:Pathway255,abstraction:NextStepPathway,reactome:Pathway256,5.237859397510922
reactome:Pathway247,abstraction:NextStepPathway,reactome:Pathway2555,0
reactome:Pathway2365,abstraction:NextStepPathway,reactome:Pathway2550,0
reactome:Pathway1896,abstraction:NextStepPathway,reactome:Pathway2781,0
reactome:Pathway50,abstraction:NextStepPathway,reactome:Pathway49,6.336471686179032
reactome:Pathway2749,abstraction:NextStepPathway,reactome:Pathway1609,0
reactome:Pathway1385,abstraction:NextStepPathway,reactome:Pathway1543,1.9224620056521
reactome:Pathway101,abstraction:NextStepPathway,reactome:Pathway98,5.748685021276914
reactome:Pathway2062,abstraction:NextStepPathway,reactome:Pathway2063,5.461002948825132
reactome:Pathway253,abstraction:NextStepPathway,reactome:Pathway227,0
reactome:Pathway2062,abstraction:NextStepPathway,reactome:Pathway2070,5.461002948825132
reactome:Pathway1521,abstraction:NextStepPathway,reactome:Pathway1233,0
reactome:Pathway2078,abstraction:NextStepPathway,reactome:Pathway2077,4.544712216950978
reactome:Pathway2150,abstraction:NextStepPathway,reactome:Pathway2317,2.140774629696644
reactome:Pathway2821,abstraction:NextStepPathway,reactome:Pathway2207,0
reactome:Pathway2500,abstraction:NextStepPathway,reactome:Pathway2365,0
reactome:Pathway1802,abstraction:NextStepPathway,reactome:Pathway1804,4.854867145254817
reactome:Pathway1977,abstraction:NextStepPathway,reactome:Pathway1233,0
reactome:Pathway2138,abstraction:NextStepPathway,reactome:Pathway2139,5.380960241151596
reactome:Pathway248,abstraction:NextStepPathway,reactome:Pathway2383,0
reactome:Pathway492,abstraction:NextStepPathway,reactome:Pathway1541,0
reactome:Pathway1948,abstraction:NextStepPathway,reactome:Pathway403,0
reactome:Pathway2314,abstraction:NextStepPathway,reactome:Pathway267,0
reactome:Pathway1741,abstraction:NextStepPathway,reactome:Pathway1742,5.999999449557819
reactome:Pathway2060,abstraction:NextStepPathway,reactome:Pathway2061,5.461002948825132
reactome:Pathway1205,abstraction:NextStepPathway,reactome:Pathway1797,0
reactome:Pathway1531,abstraction:NextStepPathway,reactome:Pathway1393,1.9224620056521
reactome:Pathway2060,abstraction:NextStepPathway,reactome:Pathway1861,0
reactome:Pathway2718,abstraction:NextStepPathway,reactome:Pathway2719,6.336471686179032
reactome:Pathway1497,abstraction:NextStepPathway,reactome:Pathway1234,0
reactome:Pathway2060,abstraction:NextStepPathway,reactome:Pathway2196,2.140774629696644
reactome:Pathway1520,abstraction:NextStepPathway,reactome:Pathway1543,4.544712216950978
reactome:Pathway1619,abstraction:NextStepPathway,reactome:Pathway2749,0
reactome:Pathway1879,abstraction:NextStepPathway,reactome:Pathway2706,0
reactome:Pathway1808,abstraction:NextStepPathway,reactome:Pathway1896,2.579933583591281
reactome:Pathway1490,abstraction:NextStepPathway,reactome:Pathway1234,0
reactome:Pathway1108,abstraction:NextStepPathway,reactome:Pathway1102,5.380960241151596
reactome:Pathway1961,abstraction:NextStepPathway,reactome:Pathway2215,0
reactome:Pathway1190,abstraction:NextStepPathway,reactome:Pathway1192,5.999999449557819
reactome:Pathway1526,abstraction:NextStepPathway,reactome:Pathway1642,1.9224620056521
reactome:Pathway1631,abstraction:NextStepPathway,reactome:Pathway1209,0
reactome:Pathway267,abstraction:NextStepPathway,reactome:Pathway2227,0
reactome:Pathway2198,abstraction:NextStepPathway,reactome:Pathway1233,0
reactome:Pathway2081,abstraction:NextStepPathway,reactome:Pathway1235,0
reactome:Pathway2503,abstraction:NextStepPathway,reactome:Pathway2511,5.643324505619087
reactome:Pathway2243,abstraction:NextStepPathway,reactome:Pathway2298,2.140774629696644
reactome:Pathway1903,abstraction:NextStepPathway,reactome:Pathway1905,6.336471686179032
reactome:Pathway1522,abstraction:NextStepPathway,reactome:Pathway1546,4.544712216950978
reactome:Pathway1454,abstraction:NextStepPathway,reactome:Pathway1462,5.461002948825132
reactome:Pathway2556,abstraction:NextStepPathway,reactome:Pathway2361,0
reactome:Pathway1878,abstraction:NextStepPathway,reactome:Pathway2706,0
reactome:Pathway32,abstraction:NextStepPathway,reactome:Pathway2622,0
reactome:Pathway1416,abstraction:NextStepPathway,reactome:Pathway222,0
reactome:Pathway96,abstraction:NextStepPathway,reactome:Pathway102,3.9756176850610108
reactome:Pathway2198,abstraction:NextStepPathway,reactome:Pathway2200,6.154150129385077
reactome:Pathway2554,abstraction:NextStepPathway,reactome:Pathway2590,3.527068990816535
reactome:Pathway2610,abstraction:NextStepPathway,reactome:Pathway2357,0
reactome:Pathway1731,abstraction:NextStepPathway,reactome:Pathway1588,0
reactome:Pathway1522,abstraction:NextStepPathway,reactome:Pathway134,0
reactome:Pathway1917,abstraction:NextStepPathway,reactome:Pathway2825,0
reactome:Pathway286,abstraction:NextStepPathway,reactome:Pathway2204,0
reactome:Pathway2217,abstraction:NextStepPathway,reactome:Pathway2215,5.112696254556917
reactome:Pathway493,abstraction:NextStepPathway,reactome:Pathway1429,0
reactome:Pathway2154,abstraction:NextStepPathway,reactome:Pathway2074,3.141888553879876
reactome:Pathway206,abstraction:NextStepPathway,reactome:Pathway208,4.544712216950978
reactome:Pathway1896,abstraction:NextStepPathway,reactome:Pathway1781,5.643324505619087
reactome:Pathway1677,abstraction:NextStepPathway,reactome:Pathway1584,1.9224620056521
reactome:Pathway255,abstraction:NextStepPathway,reactome:Pathway258,5.237859397510922
reactome:Pathway1477,abstraction:NextStepPathway,reactome:Pathway2383,0
reactome:Pathway1904,abstraction:NextStepPathway,reactome:Pathway1914,4.208239980329765
reactome:Pathway1522,abstraction:NextStepPathway,reactome:Pathway1520,4.544712216950978
reactome:Pathway421,abstraction:NextStepPathway,reactome:Pathway423,5.055537840716968
reactome:Pathway490,abstraction:NextStepPathway,reactome:Pathway1588,0
reactome:Pathway1522,abstraction:NextStepPathway,reactome:Pathway1532,4.544712216950978
reactome:Pathway2226,abstraction:NextStepPathway,reactome:Pathway2219,5.112696254556917
reactome:Pathway1233,abstraction:NextStepPathway,reactome:Pathway1731,0
reactome:Pathway1750,abstraction:NextStepPathway,reactome:Pathway524,0
reactome:Pathway35,abstraction:NextStepPathway,reactome:Pathway50,3.956925552048858
reactome:Pathway2061,abstraction:NextStepPathway,reactome:Pathway2062,5.461002948825132
reactome:Pathway1429,abstraction:NextStepPathway,reactome:Pathway134,0
reactome:Pathway2671,abstraction:NextStepPathway,reactome:Pathway2694,4.390561537123719
reactome:Pathway1192,abstraction:NextStepPathway,reactome:Pathway1193,7.252762418053187
reactome:Pathway1979,abstraction:NextStepPathway,reactome:Pathway2314,0
reactome:Pathway2600,abstraction:NextStepPathway,reactome:Pathway2601,6.336471686179032
reactome:Pathway2735,abstraction:NextStepPathway,reactome:Pathway1480,0
reactome:Pathway1429,abstraction:NextStepPathway,reactome:Pathway1530,1.9224620056521
reactome:Pathway1349,abstraction:NextStepPathway,reactome:Pathway1337,4.18470948291957
reactome:Pathway1490,abstraction:NextStepPathway,reactome:Pathway1538,3.8350357344398214
reactome:Pathway2159,abstraction:NextStepPathway,reactome:Pathway2319,2.140774629696644
reactome:Pathway2275,abstraction:NextStepPathway,reactome:Pathway2276,4.18470948291957
reactome:Pathway2041,abstraction:NextStepPathway,reactome:Pathway1973,0
reactome:Pathway1529,abstraction:NextStepPathway,reactome:Pathway2211,0
reactome:Pathway493,abstraction:NextStepPathway,reactome:Pathway501,5.112696254556917
reactome:Pathway1839,abstraction:NextStepPathway,reactome:Pathway1844,5.643324505619087
reactome:Pathway1800,abstraction:NextStepPathway,reactome:Pathway1799,4.139247108842813
reactome:Pathway399,abstraction:NextStepPathway,reactome:Pathway255,0
reactome:Pathway2319,abstraction:NextStepPathway,reactome:Pathway2159,2.140774629696644
reactome:Pathway1956,abstraction:NextStepPathway,reactome:Pathway2265,0
reactome:Pathway1543,abstraction:NextStepPathway,reactome:Pathway1385,1.9224620056521
reactome:Pathway1597,abstraction:NextStepPathway,reactome:Pathway1600,5.643324505619087
reactome:Pathway1233,abstraction:NextStepPathway,reactome:Pathway2204,0
reactome:Pathway1929,abstraction:NextStepPathway,reactome:Pathway1732,2.579933583591281
reactome:Pathway2365,abstraction:NextStepPathway,reactome:Pathway2549,0
reactome:Pathway246,abstraction:NextStepPathway,reactome:Pathway247,6.336471686179032
reactome:Pathway2226,abstraction:NextStepPathway,reactome:Pathway2269,2.140774629696644
reactome:Pathway1537,abstraction:NextStepPathway,reactome:Pathway1536,4.544712216950978
reactome:Pathway271,abstraction:NextStepPathway,reactome:Pathway252,4.095761996903074
reactome:Pathway1638,abstraction:NextStepPathway,reactome:Pathway2134,0
reactome:Pathway1631,abstraction:NextStepPathway,reactome:Pathway1442,1.9224620056521
reactome:Pathway466,abstraction:NextStepPathway,reactome:Pathway224,0
reactome:Pathway347,abstraction:NextStepPathway,reactome:Pathway1973,0
reactome:Pathway2236,abstraction:NextStepPathway,reactome:Pathway2541,0
reactome:Pathway1544,abstraction:NextStepPathway,reactome:Pathway501,0
reactome:Pathway372,abstraction:NextStepPathway,reactome:Pathway379,5.112696254556917
reactome:Pathway2563,abstraction:NextStepPathway,reactome:Pathway410,0
reactome:Pathway288,abstraction:NextStepPathway,reactome:Pathway287,6.559615237493242
reactome:Pathway2284,abstraction:NextStepPathway,reactome:Pathway1956,0
reactome:Pathway1731,abstraction:NextStepPathway,reactome:Pathway1861,2.579933583591281
reactome:Pathway1731,abstraction:NextStepPathway,reactome:Pathway2196,0
reactome:Pathway267,abstraction:NextStepPathway,reactome:Pathway2074,0
reactome:Pathway2209,abstraction:NextStepPathway,reactome:Pathway2091,2.140774629696644
reactome:Pathway2036,abstraction:NextStepPathway,reactome:Pathway2236,2.140774629696644
reactome:Pathway1750,abstraction:NextStepPathway,reactome:Pathway1533,0
reactome:Pathway39,abstraction:NextStepPathway,reactome:Pathway62,3.956925552048858
reactome:Pathway1915,abstraction:NextStepPathway,reactome:Pathway1741,2.579933583591281
reactome:Pathway2369,abstraction:NextStepPathway,reactome:Pathway2434,3.133725243240715
reactome:Pathway1477,abstraction:NextStepPathway,reactome:Pathway448,0
reactome:Pathway1775,abstraction:NextStepPathway,reactome:Pathway1776,5.380960241151596
reactome:Pathway2204,abstraction:NextStepPathway,reactome:Pathway1521,0
reactome:Pathway1773,abstraction:NextStepPathway,reactome:Pathway1793,4.139247108842813
reactome:Pathway1382,abstraction:NextStepPathway,reactome:Pathway1623,1.9224620056521
reactome:Pathway478,abstraction:NextStepPathway,reactome:Pathway1546,0
reactome:Pathway1789,abstraction:NextStepPathway,reactome:Pathway1205,0
reactome:Pathway1943,abstraction:NextStepPathway,reactome:Pathway1979,3.6832297215718173
reactome:Pathway1619,abstraction:NextStepPathway,reactome:Pathway1338,1.9224620056521
reactome:Pathway2147,abstraction:NextStepPathway,reactome:Pathway2148,6.336471686179032
reactome:Pathway1824,abstraction:NextStepPathway,reactome:Pathway1781,3.209711150218637
reactome:Pathway1217,abstraction:NextStepPathway,reactome:Pathway1220,5.748685021276914
reactome:Pathway247,abstraction:NextStepPathway,reactome:Pathway250,6.336471686179032
reactome:Pathway211,abstraction:NextStepPathway,reactome:Pathway213,5.999999449557819
reactome:Pathway2375,abstraction:NextStepPathway,reactome:Pathway422,3.4685727841349263
reactome:Pathway2691,abstraction:NextStepPathway,reactome:Pathway2697,4.390561537123719
reactome:Pathway2112,abstraction:NextStepPathway,reactome:Pathway2117,5.055537840716968
reactome:Pathway2285,abstraction:NextStepPathway,reactome:Pathway2339,2.140774629696644
reactome:Pathway1385,abstraction:NextStepPathway,reactome:Pathway1732,0
reactome:Pathway1536,abstraction:NextStepPathway,reactome:Pathway1532,5.306852268997874
reactome:Pathway436,abstraction:NextStepPathway,reactome:Pathway184,0
reactome:Pathway1858,abstraction:NextStepPathway,reactome:Pathway1732,2.579933583591281
reactome:Pathway13,abstraction:NextStepPathway,reactome:Pathway15,5.999999449557819
reactome:Pathway2139,abstraction:NextStepPathway,reactome:Pathway2140,5.380960241151596
reactome:Pathway493,abstraction:NextStepPathway,reactome:Pathway1856,0
reactome:Pathway1689,abstraction:NextStepPathway,reactome:Pathway1673,1.9224620056521
reactome:Pathway1808,abstraction:NextStepPathway,reactome:Pathway1795,4.139247108842813
reactome:Pathway438,abstraction:NextStepPathway,reactome:Pathway253,0
reactome:Pathway2098,abstraction:NextStepPathway,reactome:Pathway2099,5.999999449557819
reactome:Pathway1671,abstraction:NextStepPathway,reactome:Pathway411,0
reactome:Pathway1209,abstraction:NextStepPathway,reactome:Pathway2541,0
reactome:Pathway1910,abstraction:NextStepPathway,reactome:Pathway1905,4.208239980329765
reactome:Pathway1979,abstraction:NextStepPathway,reactome:Pathway2313,0
reactome:Pathway1631,abstraction:NextStepPathway,reactome:Pathway1732,0
reactome:Pathway1526,abstraction:NextStepPathway,reactome:Pathway1429,1.9224620056521
reactome:Pathway2786,abstraction:NextStepPathway,reactome:Pathway1584,0
reactome:Pathway478,abstraction:NextStepPathway,reactome:Pathway1520,0
reactome:Pathway1861,abstraction:NextStepPathway,reactome:Pathway1642,0
reactome:Pathway1856,abstraction:NextStepPathway,reactome:Pathway1526,0
reactome:Pathway274,abstraction:NextStepPathway,reactome:Pathway275,5.8664680569332965
reactome:Pathway2235,abstraction:NextStepPathway,reactome:Pathway2236,5.461002948825132
reactome:Pathway1526,abstraction:NextStepPathway,reactome:Pathway1750,0
reactome:Pathway482,abstraction:NextStepPathway,reactome:Pathway499,4.308323438886747
reactome:Pathway482,abstraction:NextStepPathway,reactome:Pathway1429,0
reactome:Pathway1229,abstraction:NextStepPathway,reactome:Pathway1522,0
reactome:Pathway2375,abstraction:NextStepPathway,reactome:Pathway2374,3.133725243240715
reactome:Pathway482,abstraction:NextStepPathway,reactome:Pathway1750,0
reactome:Pathway2270,abstraction:NextStepPathway,reactome:Pathway2275,4.18470948291957
reactome:Pathway2382,abstraction:NextStepPathway,reactome:Pathway422,3.4685727841349263
reactome:Pathway1544,abstraction:NextStepPathway,reactome:Pathway1856,0
reactome:Pathway1324,abstraction:NextStepPathway,reactome:Pathway1635,1.9224620056521
reactome:Pathway1669,abstraction:NextStepPathway,reactome:Pathway1629,1.9224620056521
reactome:Pathway1597,abstraction:NextStepPathway,reactome:Pathway1596,5.643324505619087
reactome:Pathway2785,abstraction:NextStepPathway,reactome:Pathway2758,3.227410727318038
reactome:Pathway1896,abstraction:NextStepPathway,reactome:Pathway1840,2.579933583591281
reactome:Pathway2398,abstraction:NextStepPathway,reactome:Pathway2399,5.548014325814762
reactome:Pathway492,abstraction:NextStepPathway,reactome:Pathway1544,0
reactome:Pathway2083,abstraction:NextStepPathway,reactome:Pathway2175,3.141888553879876
reactome:Pathway257,abstraction:NextStepPathway,reactome:Pathway399,0
reactome:Pathway2584,abstraction:NextStepPathway,reactome:Pathway2581,3.527068990816535
reactome:Pathway2358,abstraction:NextStepPathway,reactome:Pathway2549,0
reactome:Pathway1710,abstraction:NextStepPathway,reactome:Pathway1227,0
reactome:Pathway2134,abstraction:NextStepPathway,reactome:Pathway1732,0
reactome:Pathway1642,abstraction:NextStepPathway,reactome:Pathway1752,0
reactome:Pathway286,abstraction:NextStepPathway,reactome:Pathway1429,0
reactome:Pathway1828,abstraction:NextStepPathway,reactome:Pathway1895,2.579933583591281
reactome:Pathway2505,abstraction:NextStepPathway,reactome:Pathway2504,5.8664680569332965
reactome:Pathway2354,abstraction:NextStepPathway,reactome:Pathway2422,3.133725243240715
reactome:Pathway2290,abstraction:NextStepPathway,reactome:Pathway2295,6.154150129385077
reactome:Pathway499,abstraction:NextStepPathway,reactome:Pathway1529,4.544712216950978
reactome:Pathway482,abstraction:NextStepPathway,reactome:Pathway501,4.308323438886747
reactome:Pathway1521,abstraction:NextStepPathway,reactome:Pathway2204,0
reactome:Pathway1529,abstraction:NextStepPathway,reactome:Pathway135,0
reactome:Pathway1216,abstraction:NextStepPathway,reactome:Pathway1220,5.748685021276914
reactome:Pathway301,abstraction:NextStepPathway,reactome:Pathway302,5.999999449557819
reactome:Pathway2275,abstraction:NextStepPathway,reactome:Pathway2100,2.140774629696644
reactome:Pathway1923,abstraction:NextStepPathway,reactome:Pathway1915,4.208239980329765
reactome:Pathway2385,abstraction:NextStepPathway,reactome:Pathway2388,5.8664680569332965
reactome:Pathway2358,abstraction:NextStepPathway,reactome:Pathway2589,0
reactome:Pathway2569,abstraction:NextStepPathway,reactome:Pathway2570,5.461002948825132
reactome:Pathway255,abstraction:NextStepPathway,reactome:Pathway262,5.237859397510922
reactome:Pathway1529,abstraction:NextStepPathway,reactome:Pathway1588,1.9224620056521
reactome:Pathway524,abstraction:NextStepPathway,reactome:Pathway286,0
reactome:Pathway1929,abstraction:NextStepPathway,reactome:Pathway1860,2.579933583591281
reactome:Pathway2557,abstraction:NextStepPathway,reactome:Pathway2546,4.950177325059141
reactome:Pathway172,abstraction:NextStepPathway,reactome:Pathway286,0
reactome:Pathway526,abstraction:NextStepPathway,reactome:Pathway527,6.847297309945023
reactome:Pathway478,abstraction:NextStepPathway,reactome:Pathway1543,0
reactome:Pathway1516,abstraction:NextStepPathway,reactome:Pathway1520,3.8350357344398214
reactome:Pathway2119,abstraction:NextStepPathway,reactome:Pathway2112,5.055537840716968
reactome:Pathway1750,abstraction:NextStepPathway,reactome:Pathway1233,0
reactome:Pathway2150,abstraction:NextStepPathway,reactome:Pathway2152,5.055537840716968
reactome:Pathway2484,abstraction:NextStepPathway,reactome:Pathway2487,5.999999449557819
reactome:Pathway1510,abstraction:NextStepPathway,reactome:Pathway1522,3.8350357344398214
reactome:Pathway241,abstraction:NextStepPathway,reactome:Pathway242,6.559615237493242
reactome:Pathway1541,abstraction:NextStepPathway,reactome:Pathway2744,0
reactome:Pathway1091,abstraction:NextStepPathway,reactome:Pathway1093,5.748685021276914
reactome:Pathway1977,abstraction:NextStepPathway,reactome:Pathway2109,0
reactome:Pathway1329,abstraction:NextStepPathway,reactome:Pathway1334,5.461002948825132
reactome:Pathway1118,abstraction:NextStepPathway,reactome:Pathway2706,0
reactome:Pathway43,abstraction:NextStepPathway,reactome:Pathway298,0
reactome:Pathway250,abstraction:NextStepPathway,reactome:Pathway2380,0
reactome:Pathway1914,abstraction:NextStepPathway,reactome:Pathway672,0
reactome:Pathway1233,abstraction:NextStepPathway,reactome:Pathway1429,0
reactome:Pathway1672,abstraction:NextStepPathway,reactome:Pathway1668,5.461002948825132
reactome:Pathway589,abstraction:NextStepPathway,reactome:Pathway587,5.643324505619087
reactome:Pathway1299,abstraction:NextStepPathway,reactome:Pathway519,0
reactome:Pathway1193,abstraction:NextStepPathway,reactome:Pathway1192,7.252762418053187
reactome:Pathway1835,abstraction:NextStepPathway,reactome:Pathway1741,2.579933583591281
reactome:Pathway1526,abstraction:NextStepPathway,reactome:Pathway1856,0
reactome:Pathway2625,abstraction:NextStepPathway,reactome:Pathway2623,3.392032707012592
reactome:Pathway1219,abstraction:NextStepPathway,reactome:Pathway1212,5.748685021276914
reactome:Pathway2371,abstraction:NextStepPathway,reactome:Pathway2372,6.559615237493242
reactome:Pathway1838,abstraction:NextStepPathway,reactome:Pathway1840,5.643324505619087
reactome:Pathway1851,abstraction:NextStepPathway,reactome:Pathway1850,6.847297309945023
reactome:Pathway114,abstraction:NextStepPathway,reactome:Pathway100,3.9756176850610108
reactome:Pathway479,abstraction:NextStepPathway,reactome:Pathway480,5.999999449557819
reactome:Pathway1165,abstraction:NextStepPathway,reactome:Pathway1170,4.950177325059141
reactome:Pathway2204,abstraction:NextStepPathway,reactome:Pathway1536,0
reactome:Pathway2499,abstraction:NextStepPathway,reactome:Pathway2558,0
reactome:Pathway2706,abstraction:NextStepPathway,reactome:Pathway1812,0
reactome:Pathway1808,abstraction:NextStepPathway,reactome:Pathway1824,3.209711150218637
reactome:Pathway1851,abstraction:NextStepPathway,reactome:Pathway286,0
reactome:Pathway2531,abstraction:NextStepPathway,reactome:Pathway2532,6.847297309945023
reactome:Pathway499,abstraction:NextStepPathway,reactome:Pathway1861,0
reactome:Pathway1835,abstraction:NextStepPathway,reactome:Pathway1776,3.209711150218637
reactome:Pathway372,abstraction:NextStepPathway,reactome:Pathway385,5.112696254556917
reactome:Pathway1529,abstraction:NextStepPathway,reactome:Pathway1861,0
reactome:Pathway469,abstraction:NextStepPathway,reactome:Pathway1166,0
reactome:Pathway1631,abstraction:NextStepPathway,reactome:Pathway224,0
reactome:Pathway286,abstraction:NextStepPathway,reactome:Pathway1856,0
reactome:Pathway2623,abstraction:NextStepPathway,reactome:Pathway2617,3.392032707012592
reactome:Pathway324,abstraction:NextStepPathway,reactome:Pathway1524,0
reactome:Pathway479,abstraction:NextStepPathway,reactome:Pathway269,0
reactome:Pathway1801,abstraction:NextStepPathway,reactome:Pathway1773,4.139247108842813
reactome:Pathway286,abstraction:NextStepPathway,reactome:Pathway1754,0
reactome:Pathway1750,abstraction:NextStepPathway,reactome:Pathway132,0
reactome:Pathway1366,abstraction:NextStepPathway,reactome:Pathway1851,0
reactome:Pathway1824,abstraction:NextStepPathway,reactome:Pathway1205,0
reactome:Pathway2190,abstraction:NextStepPathway,reactome:Pathway2193,6.336471686179032
reactome:Pathway1619,abstraction:NextStepPathway,reactome:Pathway1382,1.9224620056521
reactome:Pathway1198,abstraction:NextStepPathway,reactome:Pathway1207,4.7678557682651865
reactome:Pathway1234,abstraction:NextStepPathway,reactome:Pathway286,0
reactome:Pathway2027,abstraction:NextStepPathway,reactome:Pathway2028,6.559615237493242
reactome:Pathway1861,abstraction:NextStepPathway,reactome:Pathway1750,2.579933583591281
reactome:Pathway2591,abstraction:NextStepPathway,reactome:Pathway1555,0
reactome:Pathway2589,abstraction:NextStepPathway,reactome:Pathway2596,5.748685021276914
reactome:Pathway2399,abstraction:NextStepPathway,reactome:Pathway2398,5.548014325814762
reactome:Pathway1504,abstraction:NextStepPathway,reactome:Pathway1538,3.8350357344398214
reactome:Pathway507,abstraction:NextStepPathway,reactome:Pathway506,6.847297309945023
reactome:Pathway1497,abstraction:NextStepPathway,reactome:Pathway1522,3.8350357344398214
reactome:Pathway267,abstraction:NextStepPathway,reactome:Pathway444,0
reactome:Pathway1832,abstraction:NextStepPathway,reactome:Pathway1220,0
reactome:Pathway2247,abstraction:NextStepPathway,reactome:Pathway2541,0
reactome:Pathway2179,abstraction:NextStepPathway,reactome:Pathway2181,4.950177325059141
reactome:Pathway1931,abstraction:NextStepPathway,reactome:Pathway1618,0
reactome:Pathway1490,abstraction:NextStepPathway,reactome:Pathway1522,3.8350357344398214
reactome:Pathway2117,abstraction:NextStepPathway,reactome:Pathway2125,5.055537840716968
reactome:Pathway131,abstraction:NextStepPathway,reactome:Pathway1609,0
reactome:Pathway1776,abstraction:NextStepPathway,reactome:Pathway1896,5.643324505619087
reactome:Pathway1570,abstraction:NextStepPathway,reactome:Pathway1569,4.901387160889709
reactome:Pathway2060,abstraction:NextStepPathway,reactome:Pathway1526,0
reactome:Pathway1700,abstraction:NextStepPathway,reactome:Pathway1704,4.854867145254817
reactome:Pathway2012,abstraction:NextStepPathway,reactome:Pathway2335,0
reactome:Pathway287,abstraction:NextStepPathway,reactome:Pathway1861,0
reactome:Pathway96,abstraction:NextStepPathway,reactome:Pathway100,3.9756176850610108
reactome:Pathway135,abstraction:NextStepPathway,reactome:Pathway253,0
reactome:Pathway2386,abstraction:NextStepPathway,reactome:Pathway2378,5.237859397510922
reactome:Pathway1878,abstraction:NextStepPathway,reactome:Pathway1895,2.579933583591281
reactome:Pathway2358,abstraction:NextStepPathway,reactome:Pathway2543,0
reactome:Pathway37,abstraction:NextStepPathway,reactome:Pathway2626,0
reactome:Pathway1537,abstraction:NextStepPathway,reactome:Pathway1545,4.544712216950978
reactome:Pathway1229,abstraction:NextStepPathway,reactome:Pathway1826,0
reactome:Pathway490,abstraction:NextStepPathway,reactome:Pathway1544,0
reactome:Pathway511,abstraction:NextStepPathway,reactome:Pathway484,4.308323438886747
reactome:Pathway1750,abstraction:NextStepPathway,reactome:Pathway1543,0
reactome:Pathway1314,abstraction:NextStepPathway,reactome:Pathway1315,6.336471686179032
reactome:Pathway2711,abstraction:NextStepPathway,reactome:Pathway2712,6.847297309945023
reactome:Pathway385,abstraction:NextStepPathway,reactome:Pathway2428,0
reactome:Pathway1233,abstraction:NextStepPathway,reactome:Pathway1856,0
reactome:Pathway1233,abstraction:NextStepPathway,reactome:Pathway1754,0
reactome:Pathway1412,abstraction:NextStepPathway,reactome:Pathway1323,2.9286297617982084
reactome:Pathway2208,abstraction:NextStepPathway,reactome:Pathway2205,5.306852268997874
reactome:Pathway2624,abstraction:NextStepPathway,reactome:Pathway2617,3.392032707012592
reactome:Pathway1536,abstraction:NextStepPathway,reactome:Pathway2109,0
reactome:Pathway1368,abstraction:NextStepPathway,reactome:Pathway1349,4.18470948291957
reactome:Pathway370,abstraction:NextStepPathway,reactome:Pathway371,6.847297309945023
reactome:Pathway1702,abstraction:NextStepPathway,reactome:Pathway2704,0
reactome:Pathway2027,abstraction:NextStepPathway,reactome:Pathway2226,2.140774629696644
reactome:Pathway1536,abstraction:NextStepPathway,reactome:Pathway2205,0
reactome:Pathway1977,abstraction:NextStepPathway,reactome:Pathway1534,0
reactome:Pathway1531,abstraction:NextStepPathway,reactome:Pathway2796,0
reactome:Pathway1412,abstraction:NextStepPathway,reactome:Pathway1907,0
reactome:Pathway1593,abstraction:NextStepPathway,reactome:Pathway1596,5.643324505619087
reactome:Pathway1416,abstraction:NextStepPathway,reactome:Pathway1695,1.9224620056521
reactome:Pathway1390,abstraction:NextStepPathway,reactome:Pathway250,0
reactome:Pathway2569,abstraction:NextStepPathway,reactome:Pathway2579,5.461002948825132
reactome:Pathway2706,abstraction:NextStepPathway,reactome:Pathway2686,4.232337531908825
reactome:Pathway1735,abstraction:NextStepPathway,reactome:Pathway1632,0
reactome:Pathway252,abstraction:NextStepPathway,reactome:Pathway278,4.095761996903074
reactome:Pathway1609,abstraction:NextStepPathway,reactome:Pathway2600,0
reactome:Pathway1750,abstraction:NextStepPathway,reactome:Pathway172,0
reactome:Pathway2100,abstraction:NextStepPathway,reactome:Pathway2222,2.140774629696644
reactome:Pathway372,abstraction:NextStepPathway,reactome:Pathway383,5.112696254556917
reactome:Pathway2679,abstraction:NextStepPathway,reactome:Pathway2680,5.0014706194466925
reactome:Pathway1924,abstraction:NextStepPathway,reactome:Pathway1923,4.208239980329765
reactome:Pathway1064,abstraction:NextStepPathway,reactome:Pathway1066,6.559615237493242
reactome:Pathway1393,abstraction:NextStepPathway,reactome:Pathway2796,0
reactome:Pathway1384,abstraction:NextStepPathway,reactome:Pathway1851,0
reactome:Pathway1896,abstraction:NextStepPathway,reactome:Pathway1835,2.579933583591281
reactome:Pathway2095,abstraction:NextStepPathway,reactome:Pathway2096,5.999999449557819
reactome:Pathway267,abstraction:NextStepPathway,reactome:Pathway2154,0
reactome:Pathway2124,abstraction:NextStepPathway,reactome:Pathway2131,4.480173695813406
reactome:Pathway1359,abstraction:NextStepPathway,reactome:Pathway1337,4.18470948291957
reactome:Pathway1853,abstraction:NextStepPathway,reactome:Pathway1855,3.209711150218637
reactome:Pathway674,abstraction:NextStepPathway,reactome:Pathway672,4.950177325059141
reactome:Pathway2365,abstraction:NextStepPathway,reactome:Pathway2366,6.559615237493242
reactome:Pathway1234,abstraction:NextStepPathway,reactome:Pathway2030,0
reactome:Pathway1320,abstraction:NextStepPathway,reactome:Pathway1607,1.9224620056521
reactome:Pathway2358,abstraction:NextStepPathway,reactome:Pathway2559,0
reactome:Pathway2706,abstraction:NextStepPathway,reactome:Pathway1880,0
reactome:Pathway250,abstraction:NextStepPathway,reactome:Pathway1539,0
reactome:Pathway2375,abstraction:NextStepPathway,reactome:Pathway2354,3.133725243240715
reactome:Pathway509,abstraction:NextStepPathway,reactome:Pathway452,0
reactome:Pathway1862,abstraction:NextStepPathway,reactome:Pathway1732,2.579933583591281
reactome:Pathway2749,abstraction:NextStepPathway,reactome:Pathway1392,0
reactome:Pathway2119,abstraction:NextStepPathway,reactome:Pathway2121,5.055537840716968
reactome:Pathway1537,abstraction:NextStepPathway,reactome:Pathway1233,0
reactome:Pathway1429,abstraction:NextStepPathway,reactome:Pathway2071,0
reactome:Pathway1965,abstraction:NextStepPathway,reactome:Pathway1963,4.480173695813406
reactome:Pathway1182,abstraction:NextStepPathway,reactome:Pathway1841,0
reactome:Pathway437,abstraction:NextStepPathway,reactome:Pathway438,5.748685021276914
reactome:Pathway2275,abstraction:NextStepPathway,reactome:Pathway2269,4.18470948291957
reactome:Pathway2499,abstraction:NextStepPathway,reactome:Pathway2544,0
reactome:Pathway1904,abstraction:NextStepPathway,reactome:Pathway1910,4.208239980329765
reactome:Pathway2157,abstraction:NextStepPathway,reactome:Pathway2319,2.140774629696644
reactome:Pathway1861,abstraction:NextStepPathway,reactome:Pathway130,0
reactome:Pathway1320,abstraction:NextStepPathway,reactome:Pathway1323,2.9286297617982084
reactome:Pathway2003,abstraction:NextStepPathway,reactome:Pathway2005,6.336471686179032
reactome:Pathway1702,abstraction:NextStepPathway,reactome:Pathway2669,0
reactome:Pathway1626,abstraction:NextStepPathway,reactome:Pathway1360,1.9224620056521
reactome:Pathway1209,abstraction:NextStepPathway,reactome:Pathway2557,0
reactome:Pathway1568,abstraction:NextStepPathway,reactome:Pathway1586,4.901387160889709
reactome:Pathway1385,abstraction:NextStepPathway,reactome:Pathway493,0
reactome:Pathway1501,abstraction:NextStepPathway,reactome:Pathway1520,3.8350357344398214
reactome:Pathway2651,abstraction:NextStepPathway,reactome:Pathway2654,5.055537840716968
reactome:Pathway1962,abstraction:NextStepPathway,reactome:Pathway1961,6.336471686179032
reactome:Pathway2522,abstraction:NextStepPathway,reactome:Pathway2519,5.748685021276914
reactome:Pathway2319,abstraction:NextStepPathway,reactome:Pathway2157,2.140774629696644
reactome:Pathway246,abstraction:NextStepPathway,reactome:Pathway2358,0
reactome:Pathway1520,abstraction:NextStepPathway,reactome:Pathway1537,4.544712216950978
reactome:Pathway250,abstraction:NextStepPathway,reactome:Pathway2598,0
reactome:Pathway179,abstraction:NextStepPathway,reactome:Pathway1861,0
reactome:Pathway1914,abstraction:NextStepPathway,reactome:Pathway1910,4.208239980329765
reactome:Pathway524,abstraction:NextStepPathway,reactome:Pathway520,6.154150129385077
reactome:Pathway1735,abstraction:NextStepPathway,reactome:Pathway2391,0
reactome:Pathway2504,abstraction:NextStepPathway,reactome:Pathway2508,5.8664680569332965
reactome:Pathway1731,abstraction:NextStepPathway,reactome:Pathway1526,0
reactome:Pathway1174,abstraction:NextStepPathway,reactome:Pathway1178,4.950177325059141
reactome:Pathway2122,abstraction:NextStepPathway,reactome:Pathway2114,5.055537840716968
reactome:Pathway1130,abstraction:NextStepPathway,reactome:Pathway1131,6.559615237493242
reactome:Pathway2196,abstraction:NextStepPathway,reactome:Pathway179,0
reactome:Pathway1631,abstraction:NextStepPathway,reactome:Pathway493,0
reactome:Pathway372,abstraction:NextStepPathway,reactome:Pathway384,5.112696254556917
reactome:Pathway2165,abstraction:NextStepPathway,reactome:Pathway251,0
reactome:Pathway2079,abstraction:NextStepPathway,reactome:Pathway2084,4.544712216950978
reactome:Pathway1917,abstraction:NextStepPathway,reactome:Pathway1918,6.336471686179032
reactome:Pathway477,abstraction:NextStepPathway,reactome:Pathway482,4.308323438886747
reactome:Pathway2203,abstraction:NextStepPathway,reactome:Pathway1537,0
reactome:Pathway1166,abstraction:NextStepPathway,reactome:Pathway1168,4.950177325059141
reactome:Pathway256,abstraction:NextStepPathway,reactome:Pathway1741,0
reactome:Pathway1736,abstraction:NextStepPathway,reactome:Pathway1629,0
reactome:Pathway288,abstraction:NextStepPathway,reactome:Pathway524,0
reactome:Pathway1498,abstraction:NextStepPathway,reactome:Pathway1520,3.8350357344398214
reactome:Pathway1856,abstraction:NextStepPathway,reactome:Pathway1530,0
reactome:Pathway2657,abstraction:NextStepPathway,reactome:Pathway1309,0
reactome:Pathway1832,abstraction:NextStepPathway,reactome:Pathway1836,6.336471686179032
reactome:Pathway2318,abstraction:NextStepPathway,reactome:Pathway2158,2.140774629696644
reactome:Pathway105,abstraction:NextStepPathway,reactome:Pathway106,6.847297309945023
reactome:Pathway1707,abstraction:NextStepPathway,reactome:Pathway1710,5.306852268997874
reactome:Pathway1480,abstraction:NextStepPathway,reactome:Pathway2731,0
reactome:Pathway1522,abstraction:NextStepPathway,reactome:Pathway1234,0
reactome:Pathway1209,abstraction:NextStepPathway,reactome:Pathway1428,0
reactome:Pathway2068,abstraction:NextStepPathway,reactome:Pathway1588,0
reactome:Pathway1429,abstraction:NextStepPathway,reactome:Pathway499,1.9224620056521
reactome:Pathway2220,abstraction:NextStepPathway,reactome:Pathway1986,0
reactome:Pathway2269,abstraction:NextStepPathway,reactome:Pathway292,0
reactome:Pathway2688,abstraction:NextStepPathway,reactome:Pathway2695,4.390561537123719
reactome:Pathway1500,abstraction:NextStepPathway,reactome:Pathway1520,3.8350357344398214
reactome:Pathway2720,abstraction:NextStepPathway,reactome:Pathway237,0
reactome:Pathway2364,abstraction:NextStepPathway,reactome:Pathway2404,3.133725243240715
reactome:Pathway1429,abstraction:NextStepPathway,reactome:Pathway1750,0
reactome:Pathway524,abstraction:NextStepPathway,reactome:Pathway134,0
reactome:Pathway2499,abstraction:NextStepPathway,reactome:Pathway2500,7.252762418053187
reactome:Pathway1829,abstraction:NextStepPathway,reactome:Pathway1895,2.579933583591281
reactome:Pathway2137,abstraction:NextStepPathway,reactome:Pathway2138,5.380960241151596
reactome:Pathway1209,abstraction:NextStepPathway,reactome:Pathway2675,0
reactome:Pathway2752,abstraction:NextStepPathway,reactome:Pathway2751,4.308323438886747
reactome:Pathway1480,abstraction:NextStepPathway,reactome:Pathway2730,0
reactome:Pathway2162,abstraction:NextStepPathway,reactome:Pathway2163,6.336471686179032
reactome:Pathway2678,abstraction:NextStepPathway,reactome:Pathway2680,5.0014706194466925
reactome:Pathway2281,abstraction:NextStepPathway,reactome:Pathway2226,2.140774629696644
reactome:Pathway2176,abstraction:NextStepPathway,reactome:Pathway2177,4.950177325059141
reactome:Pathway2204,abstraction:NextStepPathway,reactome:Pathway1531,0
reactome:Pathway2196,abstraction:NextStepPathway,reactome:Pathway1588,0
reactome:Pathway2569,abstraction:NextStepPathway,reactome:Pathway2580,5.461002948825132
reactome:Pathway524,abstraction:NextStepPathway,reactome:Pathway1669,0
reactome:Pathway266,abstraction:NextStepPathway,reactome:Pathway268,5.237859397510922
reactome:Pathway1731,abstraction:NextStepPathway,reactome:Pathway1225,0
reactome:Pathway172,abstraction:NextStepPathway,reactome:Pathway1669,0
reactome:Pathway1588,abstraction:NextStepPathway,reactome:Pathway1861,0
reactome:Pathway1588,abstraction:NextStepPathway,reactome:Pathway2196,0
reactome:Pathway372,abstraction:NextStepPathway,reactome:Pathway2167,0
reactome:Pathway1440,abstraction:NextStepPathway,reactome:Pathway1691,5.748685021276914
reactome:Pathway2357,abstraction:NextStepPathway,reactome:Pathway250,0
reactome:Pathway1961,abstraction:NextStepPathway,reactome:Pathway1962,6.336471686179032
reactome:Pathway2187,abstraction:NextStepPathway,reactome:Pathway2185,5.8664680569332965
reactome:Pathway364,abstraction:NextStepPathway,reactome:Pathway366,6.559615237493242
reactome:Pathway493,abstraction:NextStepPathway,reactome:Pathway1428,0
reactome:Pathway1801,abstraction:NextStepPathway,reactome:Pathway1794,4.139247108842813
reactome:Pathway2668,abstraction:NextStepPathway,reactome:Pathway2704,4.232337531908825
reactome:Pathway499,abstraction:NextStepPathway,reactome:Pathway482,4.308323438886747
reactome:Pathway2073,abstraction:NextStepPathway,reactome:Pathway2539,0
reactome:Pathway1689,abstraction:NextStepPathway,reactome:Pathway1225,0
reactome:Pathway1977,abstraction:NextStepPathway,reactome:Pathway1537,0
reactome:Pathway2548,abstraction:NextStepPathway,reactome:Pathway2404,0
reactome:Pathway1537,abstraction:NextStepPathway,reactome:Pathway1543,4.544712216950978
reactome:Pathway1562,abstraction:NextStepPathway,reactome:Pathway1549,5.0014706194466925
reactome:Pathway2123,abstraction:NextStepPathway,reactome:Pathway2118,5.055537840716968
reactome:Pathway1375,abstraction:NextStepPathway,reactome:Pathway1384,4.950177325059141
reactome:Pathway1208,abstraction:NextStepPathway,reactome:Pathway81,0
reactome:Pathway1187,abstraction:NextStepPathway,reactome:Pathway1192,5.999999449557819
reactome:Pathway2112,abstraction:NextStepPathway,reactome:Pathway2114,5.055537840716968
reactome:Pathway2610,abstraction:NextStepPathway,reactome:Pathway2391,0
reactome:Pathway1603,abstraction:NextStepPathway,reactome:Pathway2218,0
reactome:Pathway1862,abstraction:NextStepPathway,reactome:Pathway1860,6.154150129385077
reactome:Pathway1606,abstraction:NextStepPathway,reactome:Pathway2576,0
reactome:Pathway2226,abstraction:NextStepPathway,reactome:Pathway2275,2.140774629696644
reactome:Pathway1619,abstraction:NextStepPathway,reactome:Pathway1539,1.9224620056521
reactome:Pathway1234,abstraction:NextStepPathway,reactome:Pathway1393,0
reactome:Pathway1917,abstraction:NextStepPathway,reactome:Pathway1919,6.336471686179032
reactome:Pathway1216,abstraction:NextStepPathway,reactome:Pathway1219,5.748685021276914
reactome:Pathway1429,abstraction:NextStepPathway,reactome:Pathway2060,0
reactome:Pathway2500,abstraction:NextStepPathway,reactome:Pathway2570,0
reactome:Pathway1923,abstraction:NextStepPathway,reactome:Pathway1924,4.208239980329765
reactome:Pathway2720,abstraction:NextStepPathway,reactome:Pathway238,0
reactome:Pathway2380,abstraction:NextStepPathway,reactome:Pathway2677,0
reactome:Pathway1161,abstraction:NextStepPathway,reactome:Pathway1891,0
reactome:Pathway2698,abstraction:NextStepPathway,reactome:Pathway2700,4.390561537123719
reactome:Pathway1523,abstraction:NextStepPathway,reactome:Pathway1524,5.237859397510922
reactome:Pathway470,abstraction:NextStepPathway,reactome:Pathway1188,0
reactome:Pathway2380,abstraction:NextStepPathway,reactome:Pathway2386,5.237859397510922
reactome:Pathway1517,abstraction:NextStepPathway,reactome:Pathway2203,0
reactome:Pathway2761,abstraction:NextStepPathway,reactome:Pathway2760,5.8664680569332965
reactome:Pathway1424,abstraction:NextStepPathway,reactome:Pathway1320,2.9286297617982084
reactome:Pathway2358,abstraction:NextStepPathway,reactome:Pathway2551,0
reactome:Pathway252,abstraction:NextStepPathway,reactome:Pathway279,4.095761996903074
reactome:Pathway1950,abstraction:NextStepPathway,reactome:Pathway2041,0
reactome:Pathway1536,abstraction:NextStepPathway,reactome:Pathway1234,0
reactome:Pathway49,abstraction:NextStepPathway,reactome:Pathway37,3.956925552048858
reactome:Pathway286,abstraction:NextStepPathway,reactome:Pathway2203,0
reactome:Pathway1385,abstraction:NextStepPathway,reactome:Pathway1630,1.9224620056521
reactome:Pathway1655,abstraction:NextStepPathway,reactome:Pathway1675,4.390561537123719
reactome:Pathway1320,abstraction:NextStepPathway,reactome:Pathway1433,2.9286297617982084
reactome:Pathway1362,abstraction:NextStepPathway,reactome:Pathway1366,5.748685021276914
reactome:Pathway1477,abstraction:NextStepPathway,reactome:Pathway2610,3.527068990816535
reactome:Pathway98,abstraction:NextStepPathway,reactome:Pathway2308,0
reactome:Pathway493,abstraction:NextStepPathway,reactome:Pathway2744,0
reactome:Pathway1842,abstraction:NextStepPathway,reactome:Pathway1844,5.643324505619087
reactome:Pathway2047,abstraction:NextStepPathway,reactome:Pathway2048,7.252762418053187
reactome:Pathway1366,abstraction:NextStepPathway,reactome:Pathway1642,1.9224620056521
reactome:Pathway492,abstraction:NextStepPathway,reactome:Pathway1546,0
reactome:Pathway1428,abstraction:NextStepPathway,reactome:Pathway2559,0
reactome:Pathway2576,abstraction:NextStepPathway,reactome:Pathway1606,0
reactome:Pathway304,abstraction:NextStepPathway,reactome:Pathway403,3.07837514815755
reactome:Pathway1349,abstraction:NextStepPathway,reactome:Pathway1635,1.9224620056521
reactome:Pathway2399,abstraction:NextStepPathway,reactome:Pathway2401,5.548014325814762
reactome:Pathway2638,abstraction:NextStepPathway,reactome:Pathway78,0
reactome:Pathway1820,abstraction:NextStepPathway,reactome:Pathway1491,0
reactome:Pathway1550,abstraction:NextStepPathway,reactome:Pathway1557,5.0014706194466925
reactome:Pathway2582,abstraction:NextStepPathway,reactome:Pathway2539,3.527068990816535
reactome:Pathway320,abstraction:NextStepPathway,reactome:Pathway321,6.847297309945023
reactome:Pathway1444,abstraction:NextStepPathway,reactome:Pathway1445,2.9286297617982084
reactome:Pathway2500,abstraction:NextStepPathway,reactome:Pathway2510,5.237859397510922
reactome:Pathway267,abstraction:NextStepPathway,reactome:Pathway439,0
reactome:Pathway482,abstraction:NextStepPathway,reactome:Pathway1529,0
reactome:Pathway2204,abstraction:NextStepPathway,reactome:Pathway1233,0
reactome:Pathway1528,abstraction:NextStepPathway,reactome:Pathway2080,0
reactome:Pathway1491,abstraction:NextStepPathway,reactome:Pathway1520,3.8350357344398214
reactome:Pathway1539,abstraction:NextStepPathway,reactome:Pathway1393,1.9224620056521
reactome:Pathway217,abstraction:NextStepPathway,reactome:Pathway216,5.999999449557819
reactome:Pathway2025,abstraction:NextStepPathway,reactome:Pathway2027,4.362390660157023
reactome:Pathway1538,abstraction:NextStepPathway,reactome:Pathway1545,4.544712216950978
reactome:Pathway145,abstraction:NextStepPathway,reactome:Pathway154,3.602104176759449
reactome:Pathway1737,abstraction:NextStepPathway,reactome:Pathway1635,0
reactome:Pathway1735,abstraction:NextStepPathway,reactome:Pathway2383,0
reactome:Pathway1973,abstraction:NextStepPathway,reactome:Pathway2335,0
reactome:Pathway2541,abstraction:NextStepPathway,reactome:Pathway1634,0
reactome:Pathway134,abstraction:NextStepPathway,reactome:Pathway1532,0
reactome:Pathway2545,abstraction:NextStepPathway,reactome:Pathway1699,0
reactome:Pathway2504,abstraction:NextStepPathway,reactome:Pathway2509,5.8664680569332965
reactome:Pathway1705,abstraction:NextStepPathway,reactome:Pathway2670,0
reactome:Pathway39,abstraction:NextStepPathway,reactome:Pathway298,0
reactome:Pathway1732,abstraction:NextStepPathway,reactome:Pathway1896,2.579933583591281
reactome:Pathway1387,abstraction:NextStepPathway,reactome:Pathway1539,1.9224620056521
reactome:Pathway1429,abstraction:NextStepPathway,reactome:Pathway130,0
reactome:Pathway1631,abstraction:NextStepPathway,reactome:Pathway2211,0
reactome:Pathway1776,abstraction:NextStepPathway,reactome:Pathway1824,3.209711150218637
reactome:Pathway2629,abstraction:NextStepPathway,reactome:Pathway2634,5.999999449557819
reactome:Pathway1205,abstraction:NextStepPathway,reactome:Pathway1776,0
reactome:Pathway1173,abstraction:NextStepPathway,reactome:Pathway1178,4.950177325059141
reactome:Pathway329,abstraction:NextStepPathway,reactome:Pathway330,6.847297309945023
reactome:Pathway1205,abstraction:NextStepPathway,reactome:Pathway1883,0
reactome:Pathway2119,abstraction:NextStepPathway,reactome:Pathway2117,5.055537840716968
reactome:Pathway2380,abstraction:NextStepPathway,reactome:Pathway246,0
reactome:Pathway1436,abstraction:NextStepPathway,reactome:Pathway1631,1.9224620056521
reactome:Pathway2373,abstraction:NextStepPathway,reactome:Pathway2441,5.173320876373351
reactome:Pathway1473,abstraction:NextStepPathway,reactome:Pathway2735,0
reactome:Pathway2626,abstraction:NextStepPathway,reactome:Pathway42,0
reactome:Pathway1750,abstraction:NextStepPathway,reactome:Pathway1534,0
reactome:Pathway2391,abstraction:NextStepPathway,reactome:Pathway250,0
reactome:Pathway1538,abstraction:NextStepPathway,reactome:Pathway500,4.544712216950978
reactome:Pathway1596,abstraction:NextStepPathway,reactome:Pathway1597,5.643324505619087
reactome:Pathway366,abstraction:NextStepPathway,reactome:Pathway367,6.559615237493242
reactome:Pathway1506,abstraction:NextStepPathway,reactome:Pathway491,0
reactome:Pathway2211,abstraction:NextStepPathway,reactome:Pathway1607,0
reactome:Pathway530,abstraction:NextStepPathway,reactome:Pathway532,6.847297309945023
reactome:Pathway1635,abstraction:NextStepPathway,reactome:Pathway1428,1.9224620056521
reactome:Pathway248,abstraction:NextStepPathway,reactome:Pathway2548,0
reactome:Pathway2500,abstraction:NextStepPathway,reactome:Pathway2512,5.237859397510922
reactome:Pathway1440,abstraction:NextStepPathway,reactome:Pathway1688,5.748685021276914
reactome:Pathway1368,abstraction:NextStepPathway,reactome:Pathway1631,1.9224620056521
reactome:Pathway2598,abstraction:NextStepPathway,reactome:Pathway247,0
reactome:Pathway102,abstraction:NextStepPathway,reactome:Pathway2117,0
reactome:Pathway288,abstraction:NextStepPathway,reactome:Pathway1233,0
reactome:Pathway1555,abstraction:NextStepPathway,reactome:Pathway2383,0
reactome:Pathway2562,abstraction:NextStepPathway,reactome:Pathway2563,6.154150129385077
reactome:Pathway1480,abstraction:NextStepPathway,reactome:Pathway2735,0
reactome:Pathway1638,abstraction:NextStepPathway,reactome:Pathway1641,6.336471686179032
reactome:Pathway1735,abstraction:NextStepPathway,reactome:Pathway1858,2.579933583591281
reactome:Pathway2325,abstraction:NextStepPathway,reactome:Pathway2167,2.140774629696644
reactome:Pathway2336,abstraction:NextStepPathway,reactome:Pathway2335,5.461002948825132
reactome:Pathway1322,abstraction:NextStepPathway,reactome:Pathway1619,1.9224620056521
reactome:Pathway1172,abstraction:NextStepPathway,reactome:Pathway1173,4.950177325059141
reactome:Pathway2380,abstraction:NextStepPathway,reactome:Pathway2446,3.4685727841349263
reactome:Pathway499,abstraction:NextStepPathway,reactome:Pathway286,0
reactome:Pathway1516,abstraction:NextStepPathway,reactome:Pathway1234,0
reactome:Pathway1529,abstraction:NextStepPathway,reactome:Pathway286,0
reactome:Pathway1477,abstraction:NextStepPathway,reactome:Pathway2731,0
reactome:Pathway1396,abstraction:NextStepPathway,reactome:Pathway1399,5.643324505619087
reactome:Pathway1324,abstraction:NextStepPathway,reactome:Pathway1349,2.9286297617982084
reactome:Pathway2562,abstraction:NextStepPathway,reactome:Pathway2561,3.527068990816535
reactome:Pathway286,abstraction:NextStepPathway,reactome:Pathway1428,0
reactome:Pathway287,abstraction:NextStepPathway,reactome:Pathway1741,0
reactome:Pathway302,abstraction:NextStepPathway,reactome:Pathway297,5.999999449557819
reactome:Pathway333,abstraction:NextStepPathway,reactome:Pathway1047,0
reactome:Pathway1217,abstraction:NextStepPathway,reactome:Pathway1218,5.748685021276914
reactome:Pathway1199,abstraction:NextStepPathway,reactome:Pathway1206,4.7678557682651865
reactome:Pathway2200,abstraction:NextStepPathway,reactome:Pathway1588,0
reactome:Pathway2397,abstraction:NextStepPathway,reactome:Pathway2443,3.4685727841349263
reactome:Pathway1477,abstraction:NextStepPathway,reactome:Pathway2730,0
reactome:Pathway1593,abstraction:NextStepPathway,reactome:Pathway1597,5.643324505619087
reactome:Pathway286,abstraction:NextStepPathway,reactome:Pathway1977,0
reactome:Pathway1189,abstraction:NextStepPathway,reactome:Pathway1192,5.999999449557819
reactome:Pathway2557,abstraction:NextStepPathway,reactome:Pathway2361,0
reactome:Pathway1826,abstraction:NextStepPathway,reactome:Pathway1895,2.579933583591281
reactome:Pathway2035,abstraction:NextStepPathway,reactome:Pathway2025,4.362390660157023
reactome:Pathway1478,abstraction:NextStepPathway,reactome:Pathway1474,6.154150129385077
reactome:Pathway1604,abstraction:NextStepPathway,reactome:Pathway1603,5.306852268997874
reactome:Pathway100,abstraction:NextStepPathway,reactome:Pathway128,3.9756176850610108
reactome:Pathway1633,abstraction:NextStepPathway,reactome:Pathway2607,0
reactome:Pathway1090,abstraction:NextStepPathway,reactome:Pathway1085,4.5119223941279865
reactome:Pathway2610,abstraction:NextStepPathway,reactome:Pathway2383,0
reactome:Pathway1413,abstraction:NextStepPathway,reactome:Pathway1420,5.8664680569332965
reactome:Pathway2012,abstraction:NextStepPathway,reactome:Pathway2343,0
reactome:Pathway1329,abstraction:NextStepPathway,reactome:Pathway1335,5.461002948825132
reactome:Pathway1873,abstraction:NextStepPathway,reactome:Pathway269,0
reactome:Pathway1233,abstraction:NextStepPathway,reactome:Pathway179,0
reactome:Pathway2272,abstraction:NextStepPathway,reactome:Pathway2219,2.140774629696644
reactome:Pathway2434,abstraction:NextStepPathway,reactome:Pathway2435,5.173320876373351
reactome:Pathway72,abstraction:NextStepPathway,reactome:Pathway85,3.956925552048858
reactome:Pathway1626,abstraction:NextStepPathway,reactome:Pathway247,0
reactome:Pathway2688,abstraction:NextStepPathway,reactome:Pathway2689,5.8664680569332965
reactome:Pathway1700,abstraction:NextStepPathway,reactome:Pathway1701,4.854867145254817
reactome:Pathway2347,abstraction:NextStepPathway,reactome:Pathway2340,4.480173695813406
reactome:Pathway287,abstraction:NextStepPathway,reactome:Pathway286,7.252762418053187
reactome:Pathway1189,abstraction:NextStepPathway,reactome:Pathway1205,4.7678557682651865
reactome:Pathway2365,abstraction:NextStepPathway,reactome:Pathway2560,0
reactome:Pathway2301,abstraction:NextStepPathway,reactome:Pathway2259,2.140774629696644
reactome:Pathway2134,abstraction:NextStepPathway,reactome:Pathway2136,5.380960241151596
reactome:Pathway2610,abstraction:NextStepPathway,reactome:Pathway248,0
reactome:Pathway1366,abstraction:NextStepPathway,reactome:Pathway1429,2.9286297617982084
reactome:Pathway253,abstraction:NextStepPathway,reactome:Pathway267,4.095761996903074
reactome:Pathway1856,abstraction:NextStepPathway,reactome:Pathway1732,2.579933583591281
reactome:Pathway2581,abstraction:NextStepPathway,reactome:Pathway2583,3.527068990816535
reactome:Pathway2358,abstraction:NextStepPathway,reactome:Pathway246,0
reactome:Pathway248,abstraction:NextStepPathway,reactome:Pathway2498,0
reactome:Pathway1601,abstraction:NextStepPathway,reactome:Pathway1914,0
reactome:Pathway2118,abstraction:NextStepPathway,reactome:Pathway2112,5.055537840716968
reactome:Pathway1628,abstraction:NextStepPathway,reactome:Pathway1626,5.643324505619087
reactome:Pathway1840,abstraction:NextStepPathway,reactome:Pathway1776,3.209711150218637
reactome:Pathway2556,abstraction:NextStepPathway,reactome:Pathway2558,5.8664680569332965
reactome:Pathway1233,abstraction:NextStepPathway,reactome:Pathway1428,0
reactome:Pathway1861,abstraction:NextStepPathway,reactome:Pathway135,0
reactome:Pathway1861,abstraction:NextStepPathway,reactome:Pathway1529,0
reactome:Pathway1358,abstraction:NextStepPathway,reactome:Pathway1619,1.9224620056521
reactome:Pathway1588,abstraction:NextStepPathway,reactome:Pathway1544,1.9224620056521
reactome:Pathway2562,abstraction:NextStepPathway,reactome:Pathway374,0
reactome:Pathway2444,abstraction:NextStepPathway,reactome:Pathway2425,3.4685727841349263
reactome:Pathway2005,abstraction:NextStepPathway,reactome:Pathway2003,6.336471686179032
reactome:Pathway441,abstraction:NextStepPathway,reactome:Pathway443,5.748685021276914
reactome:Pathway2179,abstraction:NextStepPathway,reactome:Pathway2184,4.950177325059141
reactome:Pathway1382,abstraction:NextStepPathway,reactome:Pathway1338,2.9286297617982084
reactome:Pathway1629,abstraction:NextStepPathway,reactome:Pathway1741,0
reactome:Pathway1233,abstraction:NextStepPathway,reactome:Pathway1977,0
reactome:Pathway2311,abstraction:NextStepPathway,reactome:Pathway99,0
reactome:Pathway2218,abstraction:NextStepPathway,reactome:Pathway2296,2.140774629696644
reactome:Pathway2215,abstraction:NextStepPathway,reactome:Pathway2270,2.140774629696644
reactome:Pathway490,abstraction:NextStepPathway,reactome:Pathway1546,0
reactome:Pathway1687,abstraction:NextStepPathway,reactome:Pathway1601,1.9224620056521
reactome:Pathway2200,abstraction:NextStepPathway,reactome:Pathway1861,0
reactome:Pathway1195,abstraction:NextStepPathway,reactome:Pathway1199,5.748685021276914
reactome:Pathway1300,abstraction:NextStepPathway,reactome:Pathway1303,6.154150129385077
reactome:Pathway287,abstraction:NextStepPathway,reactome:Pathway288,6.559615237493242
reactome:Pathway1513,abstraction:NextStepPathway,reactome:Pathway1538,3.8350357344398214
reactome:Pathway1701,abstraction:NextStepPathway,reactome:Pathway1704,6.559615237493242
reactome:Pathway2056,abstraction:NextStepPathway,reactome:Pathway2058,6.847297309945023
reactome:Pathway1732,abstraction:NextStepPathway,reactome:Pathway1543,0
reactome:Pathway2614,abstraction:NextStepPathway,reactome:Pathway2615,7.252762418053187
reactome:Pathway1994,abstraction:NextStepPathway,reactome:Pathway1999,5.237859397510922
reactome:Pathway1605,abstraction:NextStepPathway,reactome:Pathway1447,1.9224620056521
reactome:Pathway2397,abstraction:NextStepPathway,reactome:Pathway2404,5.548014325814762
reactome:Pathway507,abstraction:NextStepPathway,reactome:Pathway508,4.308323438886747
reactome:Pathway1473,abstraction:NextStepPathway,reactome:Pathway1474,6.154150129385077
reactome:Pathway2499,abstraction:NextStepPathway,reactome:Pathway2359,0
reactome:Pathway2468,abstraction:NextStepPathway,reactome:Pathway2469,7.252762418053187
reactome:Pathway1365,abstraction:NextStepPathway,reactome:Pathway1368,6.559615237493242
reactome:Pathway1702,abstraction:NextStepPathway,reactome:Pathway1704,6.559615237493242
reactome:Pathway1520,abstraction:NextStepPathway,reactome:Pathway1588,1.9224620056521
reactome:Pathway1818,abstraction:NextStepPathway,reactome:Pathway1822,5.748685021276914
reactome:Pathway1334,abstraction:NextStepPathway,reactome:Pathway1619,1.9224620056521
reactome:Pathway179,abstraction:NextStepPathway,reactome:Pathway1526,0
reactome:Pathway267,abstraction:NextStepPathway,reactome:Pathway2073,0
reactome:Pathway334,abstraction:NextStepPathway,reactome:Pathway2147,0
reactome:Pathway1413,abstraction:NextStepPathway,reactome:Pathway1419,5.8664680569332965
reactome:Pathway1973,abstraction:NextStepPathway,reactome:Pathway327,0
reactome:Pathway1425,abstraction:NextStepPathway,reactome:Pathway1426,6.154150129385077
reactome:Pathway1220,abstraction:NextStepPathway,reactome:Pathway1832,0
reactome:Pathway1217,abstraction:NextStepPathway,reactome:Pathway1214,6.559615237493242
reactome:Pathway288,abstraction:NextStepPathway,reactome:Pathway172,0
reactome:Pathway2616,abstraction:NextStepPathway,reactome:Pathway2615,6.559615237493242
reactome:Pathway1735,abstraction:NextStepPathway,reactome:Pathway2541,0
reactome:Pathway1167,abstraction:NextStepPathway,reactome:Pathway1183,4.950177325059141
reactome:Pathway1572,abstraction:NextStepPathway,reactome:Pathway1741,0
reactome:Pathway1920,abstraction:NextStepPathway,reactome:Pathway1913,4.208239980329765
reactome:Pathway2541,abstraction:NextStepPathway,reactome:Pathway262,0
reactome:Pathway2791,abstraction:NextStepPathway,reactome:Pathway2028,0
reactome:Pathway2548,abstraction:NextStepPathway,reactome:Pathway2361,0
reactome:Pathway2377,abstraction:NextStepPathway,reactome:Pathway2391,3.4685727841349263
reactome:Pathway1896,abstraction:NextStepPathway,reactome:Pathway1797,2.579933583591281
reactome:Pathway2487,abstraction:NextStepPathway,reactome:Pathway2490,6.336471686179032
reactome:Pathway2288,abstraction:NextStepPathway,reactome:Pathway1961,0
reactome:Pathway1875,abstraction:NextStepPathway,reactome:Pathway1205,0
reactome:Pathway72,abstraction:NextStepPathway,reactome:Pathway73,6.336471686179032
reactome:Pathway2617,abstraction:NextStepPathway,reactome:Pathway2625,3.392032707012592
reactome:Pathway2239,abstraction:NextStepPathway,reactome:Pathway2236,5.461002948825132
reactome:Pathway2555,abstraction:NextStepPathway,reactome:Pathway2358,0
reactome:Pathway2120,abstraction:NextStepPathway,reactome:Pathway2117,5.055537840716968
reactome:Pathway2365,abstraction:NextStepPathway,reactome:Pathway2546,0
reactome:Pathway1861,abstraction:NextStepPathway,reactome:Pathway2196,0
reactome:Pathway2724,abstraction:NextStepPathway,reactome:Pathway2728,5.548014325814762
reactome:Pathway1802,abstraction:NextStepPathway,reactome:Pathway1806,4.854867145254817
reactome:Pathway1750,abstraction:NextStepPathway,reactome:Pathway493,0
reactome:Pathway1502,abstraction:NextStepPathway,reactome:Pathway1520,3.8350357344398214
reactome:Pathway727,abstraction:NextStepPathway,reactome:Pathway1180,1.3099630429264864
reactome:Pathway2043,abstraction:NextStepPathway,reactome:Pathway2044,7.252762418053187
reactome:Pathway2774,abstraction:NextStepPathway,reactome:Pathway1668,0
reactome:Pathway2339,abstraction:NextStepPathway,reactome:Pathway2256,2.140774629696644
reactome:Pathway2688,abstraction:NextStepPathway,reactome:Pathway2706,4.232337531908825
reactome:Pathway1428,abstraction:NextStepPathway,reactome:Pathway1209,0
reactome:Pathway2506,abstraction:NextStepPathway,reactome:Pathway2505,6.336471686179032
reactome:Pathway1477,abstraction:NextStepPathway,reactome:Pathway2735,0
reactome:Pathway134,abstraction:NextStepPathway,reactome:Pathway2205,0
reactome:Pathway2670,abstraction:NextStepPathway,reactome:Pathway1704,0
reactome:Pathway2209,abstraction:NextStepPathway,reactome:Pathway2250,2.140774629696644
reactome:Pathway1960,abstraction:NextStepPathway,reactome:Pathway1962,6.336471686179032
reactome:Pathway88,abstraction:NextStepPathway,reactome:Pathway89,6.336471686179032
reactome:Pathway1234,abstraction:NextStepPathway,reactome:Pathway2204,0
reactome:Pathway1588,abstraction:NextStepPathway,reactome:Pathway1526,1.9224620056521
reactome:Pathway106,abstraction:NextStepPathway,reactome:Pathway2222,0
reactome:Pathway2821,abstraction:NextStepPathway,reactome:Pathway2074,0
reactome:Pathway1903,abstraction:NextStepPathway,reactome:Pathway1906,6.336471686179032
reactome:Pathway2269,abstraction:NextStepPathway,reactome:Pathway2215,2.140774629696644
reactome:Pathway314,abstraction:NextStepPathway,reactome:Pathway316,6.847297309945023
reactome:Pathway503,abstraction:NextStepPathway,reactome:Pathway506,4.308323438886747
reactome:Pathway2073,abstraction:NextStepPathway,reactome:Pathway2821,0
reactome:Pathway1501,abstraction:NextStepPathway,reactome:Pathway1234,0
reactome:Pathway2204,abstraction:NextStepPathway,reactome:Pathway2109,2.140774629696644
reactome:Pathway14,abstraction:NextStepPathway,reactome:Pathway15,5.999999449557819
reactome:Pathway2291,abstraction:NextStepPathway,reactome:Pathway2290,6.154150129385077
reactome:Pathway2671,abstraction:NextStepPathway,reactome:Pathway2693,4.390561537123719
reactome:Pathway2314,abstraction:NextStepPathway,reactome:Pathway2335,2.140774629696644
reactome:Pathway2222,abstraction:NextStepPathway,reactome:Pathway2229,5.112696254556917
reactome:Pathway2551,abstraction:NextStepPathway,reactome:Pathway2525,0
reactome:Pathway2516,abstraction:NextStepPathway,reactome:Pathway2517,6.559615237493242
reactome:Pathway1860,abstraction:NextStepPathway,reactome:Pathway1896,2.579933583591281
reactome:Pathway2293,abstraction:NextStepPathway,reactome:Pathway2291,6.154150129385077
reactome:Pathway2570,abstraction:NextStepPathway,reactome:Pathway2796,0
reactome:Pathway2735,abstraction:NextStepPathway,reactome:Pathway2736,3.227410727318038
reactome:Pathway1631,abstraction:NextStepPathway,reactome:Pathway2607,0
reactome:Pathway2556,abstraction:NextStepPathway,reactome:Pathway2544,4.950177325059141
reactome:Pathway1931,abstraction:NextStepPathway,reactome:Pathway1415,0
reactome:Pathway33,abstraction:NextStepPathway,reactome:Pathway35,3.956925552048858
reactome:Pathway2220,abstraction:NextStepPathway,reactome:Pathway2219,5.112696254556917
reactome:Pathway423,abstraction:NextStepPathway,reactome:Pathway728,0
reactome:Pathway1133,abstraction:NextStepPathway,reactome:Pathway1135,3.018655913455928
reactome:Pathway2160,abstraction:NextStepPathway,reactome:Pathway2159,6.336471686179032
reactome:Pathway130,abstraction:NextStepPathway,reactome:Pathway135,5.8664680569332965
reactome:Pathway1575,abstraction:NextStepPathway,reactome:Pathway1588,4.901387160889709
reactome:Pathway2600,abstraction:NextStepPathway,reactome:Pathway2602,6.336471686179032
reactome:Pathway1498,abstraction:NextStepPathway,reactome:Pathway1234,0
reactome:Pathway2068,abstraction:NextStepPathway,reactome:Pathway1526,0
reactome:Pathway267,abstraction:NextStepPathway,reactome:Pathway2222,0
reactome:Pathway2556,abstraction:NextStepPathway,reactome:Pathway2358,0
reactome:Pathway2198,abstraction:NextStepPathway,reactome:Pathway1588,0
reactome:Pathway286,abstraction:NextStepPathway,reactome:Pathway1521,0
reactome:Pathway2640,abstraction:NextStepPathway,reactome:Pathway2642,6.154150129385077
reactome:Pathway2488,abstraction:NextStepPathway,reactome:Pathway2490,6.336471686179032
reactome:Pathway520,abstraction:NextStepPathway,reactome:Pathway1604,0
reactome:Pathway2735,abstraction:NextStepPathway,reactome:Pathway1477,0
reactome:Pathway2118,abstraction:NextStepPathway,reactome:Pathway2121,5.055537840716968
reactome:Pathway2060,abstraction:NextStepPathway,reactome:Pathway1642,0
reactome:Pathway1429,abstraction:NextStepPathway,reactome:Pathway135,0
reactome:Pathway1429,abstraction:NextStepPathway,reactome:Pathway1529,1.9224620056521
reactome:Pathway2283,abstraction:NextStepPathway,reactome:Pathway2258,2.140774629696644
reactome:Pathway2196,abstraction:NextStepPathway,reactome:Pathway1526,0
reactome:Pathway296,abstraction:NextStepPathway,reactome:Pathway295,5.748685021276914
reactome:Pathway1632,abstraction:NextStepPathway,reactome:Pathway1641,5.643324505619087
reactome:Pathway1543,abstraction:NextStepPathway,reactome:Pathway1735,0
reactome:Pathway2631,abstraction:NextStepPathway,reactome:Pathway2629,5.999999449557819
reactome:Pathway2365,abstraction:NextStepPathway,reactome:Pathway1777,0
reactome:Pathway1337,abstraction:NextStepPathway,reactome:Pathway1635,1.9224620056521
reactome:Pathway1529,abstraction:NextStepPathway,reactome:Pathway134,0
reactome:Pathway2434,abstraction:NextStepPathway,reactome:Pathway2445,5.173320876373351
reactome:Pathway1385,abstraction:NextStepPathway,reactome:Pathway1635,1.9224620056521
reactome:Pathway253,abstraction:NextStepPathway,reactome:Pathway436,0
reactome:Pathway1532,abstraction:NextStepPathway,reactome:Pathway286,0
reactome:Pathway2079,abstraction:NextStepPathway,reactome:Pathway2328,2.140774629696644
reactome:Pathway1912,abstraction:NextStepPathway,reactome:Pathway1913,7.252762418053187
reactome:Pathway1329,abstraction:NextStepPathway,reactome:Pathway1333,5.461002948825132
reactome:Pathway1134,abstraction:NextStepPathway,reactome:Pathway1136,4.687813060591651
reactome:Pathway2668,abstraction:NextStepPathway,reactome:Pathway1704,0
reactome:Pathway1961,abstraction:NextStepPathway,reactome:Pathway347,0
reactome:Pathway1731,abstraction:NextStepPathway,reactome:Pathway1676,0
reactome:Pathway1910,abstraction:NextStepPathway,reactome:Pathway1878,2.579933583591281
reactome:Pathway310,abstraction:NextStepPathway,reactome:Pathway311,6.559615237493242
reactome:Pathway2454,abstraction:NextStepPathway,reactome:Pathway2459,5.748685021276914
reactome:Pathway1572,abstraction:NextStepPathway,reactome:Pathway2734,0
reactome:Pathway1557,abstraction:NextStepPathway,reactome:Pathway1558,7.252762418053187
reactome:Pathway1885,abstraction:NextStepPathway,reactome:Pathway1477,0
reactome:Pathway2104,abstraction:NextStepPathway,reactome:Pathway2105,6.847297309945023
reactome:Pathway1196,abstraction:NextStepPathway,reactome:Pathway1202,5.748685021276914
reactome:Pathway1631,abstraction:NextStepPathway,reactome:Pathway1635,5.055537840716968
reactome:Pathway407,abstraction:NextStepPathway,reactome:Pathway2202,0
reactome:Pathway1522,abstraction:NextStepPathway,reactome:Pathway1977,0
reactome:Pathway1914,abstraction:NextStepPathway,reactome:Pathway1908,4.208239980329765
reactome:Pathway2132,abstraction:NextStepPathway,reactome:Pathway2133,5.380960241151596
reactome:Pathway1885,abstraction:NextStepPathway,reactome:Pathway1887,5.643324505619087
reactome:Pathway1689,abstraction:NextStepPathway,reactome:Pathway1676,1.9224620056521
reactome:Pathway1764,abstraction:NextStepPathway,reactome:Pathway1757,5.8664680569332965
reactome:Pathway2236,abstraction:NextStepPathway,reactome:Pathway262,0
reactome:Pathway1880,abstraction:NextStepPathway,reactome:Pathway1229,0
reactome:Pathway2377,abstraction:NextStepPathway,reactome:Pathway2383,5.237859397510922
reactome:Pathway1233,abstraction:NextStepPathway,reactome:Pathway1521,0
reactome:Pathway1808,abstraction:NextStepPathway,reactome:Pathway1780,5.173320876373351
reactome:Pathway1635,abstraction:NextStepPathway,reactome:Pathway1634,5.643324505619087
reactome:Pathway2215,abstraction:NextStepPathway,reactome:Pathway2219,5.112696254556917
reactome:Pathway1560,abstraction:NextStepPathway,reactome:Pathway1562,6.847297309945023
reactome:Pathway2148,abstraction:NextStepPathway,reactome:Pathway2144,6.336471686179032
reactome:Pathway1196,abstraction:NextStepPathway,reactome:Pathway1205,4.7678557682651865
reactome:Pathway1925,abstraction:NextStepPathway,reactome:Pathway1903,3.7412169792221666
reactome:Pathway2384,abstraction:NextStepPathway,reactome:Pathway2380,5.237859397510922
reactome:Pathway1963,abstraction:NextStepPathway,reactome:Pathway108,0
reactome:Pathway1772,abstraction:NextStepPathway,reactome:Pathway1773,4.139247108842813
reactome:Pathway532,abstraction:NextStepPathway,reactome:Pathway530,6.847297309945023
reactome:Pathway2139,abstraction:NextStepPathway,reactome:Pathway2071,2.140774629696644
reactome:Pathway1085,abstraction:NextStepPathway,reactome:Pathway1091,4.5119223941279865
reactome:Pathway1908,abstraction:NextStepPathway,reactome:Pathway674,0
reactome:Pathway1638,abstraction:NextStepPathway,reactome:Pathway1636,5.643324505619087
reactome:Pathway1721,abstraction:NextStepPathway,reactome:Pathway1722,1.9224620056521
reactome:Pathway441,abstraction:NextStepPathway,reactome:Pathway442,5.748685021276914
reactome:Pathway2397,abstraction:NextStepPathway,reactome:Pathway2398,5.548014325814762
reactome:Pathway1409,abstraction:NextStepPathway,reactome:Pathway1635,1.9224620056521
reactome:Pathway1851,abstraction:NextStepPathway,reactome:Pathway1429,0
reactome:Pathway2134,abstraction:NextStepPathway,reactome:Pathway1635,0
reactome:Pathway1889,abstraction:NextStepPathway,reactome:Pathway1891,6.847297309945023
reactome:Pathway1750,abstraction:NextStepPathway,reactome:Pathway2211,0
reactome:Pathway1735,abstraction:NextStepPathway,reactome:Pathway2555,0
reactome:Pathway2204,abstraction:NextStepPathway,reactome:Pathway1534,0
reactome:Pathway1500,abstraction:NextStepPathway,reactome:Pathway1538,3.8350357344398214
reactome:Pathway1903,abstraction:NextStepPathway,reactome:Pathway1925,3.7412169792221666
reactome:Pathway2469,abstraction:NextStepPathway,reactome:Pathway2479,5.112696254556917
reactome:Pathway2215,abstraction:NextStepPathway,reactome:Pathway1962,0
reactome:Pathway1533,abstraction:NextStepPathway,reactome:Pathway2796,0
reactome:Pathway1763,abstraction:NextStepPathway,reactome:Pathway1762,6.559615237493242
reactome:Pathway1910,abstraction:NextStepPathway,reactome:Pathway1906,4.208239980329765
reactome:Pathway1819,abstraction:NextStepPathway,reactome:Pathway1820,5.748685021276914
reactome:Pathway2201,abstraction:NextStepPathway,reactome:Pathway2091,2.140774629696644
reactome:Pathway1233,abstraction:NextStepPathway,reactome:Pathway1752,0
reactome:Pathway1429,abstraction:NextStepPathway,reactome:Pathway1861,0
reactome:Pathway1429,abstraction:NextStepPathway,reactome:Pathway2196,0
reactome:Pathway1215,abstraction:NextStepPathway,reactome:Pathway1890,0
reactome:Pathway1552,abstraction:NextStepPathway,reactome:Pathway1560,5.0014706194466925
reactome:Pathway1973,abstraction:NextStepPathway,reactome:Pathway2043,0
reactome:Pathway2735,abstraction:NextStepPathway,reactome:Pathway1473,0
reactome:Pathway2617,abstraction:NextStepPathway,reactome:Pathway2624,3.392032707012592
reactome:Pathway32,abstraction:NextStepPathway,reactome:Pathway33,3.956925552048858
reactome:Pathway1346,abstraction:NextStepPathway,reactome:Pathway1349,6.559615237493242
reactome:Pathway1856,abstraction:NextStepPathway,reactome:Pathway130,0
reactome:Pathway1541,abstraction:NextStepPathway,reactome:Pathway1543,4.544712216950978
reactome:Pathway2457,abstraction:NextStepPathway,reactome:Pathway2458,6.559615237493242
reactome:Pathway490,abstraction:NextStepPathway,reactome:Pathway1528,0
reactome:Pathway1638,abstraction:NextStepPathway,reactome:Pathway2541,0
reactome:Pathway1085,abstraction:NextStepPathway,reactome:Pathway1089,4.5119223941279865
reactome:Pathway1642,abstraction:NextStepPathway,reactome:Pathway2071,0
reactome:Pathway1433,abstraction:NextStepPathway,reactome:Pathway1434,2.9286297617982084
reactome:Pathway1820,abstraction:NextStepPathway,reactome:Pathway1821,5.748685021276914
reactome:Pathway2339,abstraction:NextStepPathway,reactome:Pathway2287,2.140774629696644
reactome:Pathway1411,abstraction:NextStepPathway,reactome:Pathway1421,2.9286297617982084
reactome:Pathway1757,abstraction:NextStepPathway,reactome:Pathway1758,5.8664680569332965
reactome:Pathway347,abstraction:NextStepPathway,reactome:Pathway1961,0
reactome:Pathway1375,abstraction:NextStepPathway,reactome:Pathway1385,4.950177325059141
reactome:Pathway1411,abstraction:NextStepPathway,reactome:Pathway1413,2.9286297617982084
reactome:Pathway2238,abstraction:NextStepPathway,reactome:Pathway2236,5.461002948825132
reactome:Pathway1513,abstraction:NextStepPathway,reactome:Pathway1522,3.8350357344398214
reactome:Pathway2108,abstraction:NextStepPathway,reactome:Pathway2112,3.141888553879876
reactome:Pathway2590,abstraction:NextStepPathway,reactome:Pathway2597,5.748685021276914
reactome:Pathway1491,abstraction:NextStepPathway,reactome:Pathway1234,0
reactome:Pathway1477,abstraction:NextStepPathway,reactome:Pathway247,0
reactome:Pathway524,abstraction:NextStepPathway,reactome:Pathway1856,0
reactome:Pathway1731,abstraction:NextStepPathway,reactome:Pathway1642,0
reactome:Pathway2802,abstraction:NextStepPathway,reactome:Pathway2803,6.559615237493242
reactome:Pathway2219,abstraction:NextStepPathway,reactome:Pathway2215,5.112696254556917
reactome:Pathway172,abstraction:NextStepPathway,reactome:Pathway1856,0
reactome:Pathway1467,abstraction:NextStepPathway,reactome:Pathway1469,2.9286297617982084
reactome:Pathway134,abstraction:NextStepPathway,reactome:Pathway1234,0
reactome:Pathway172,abstraction:NextStepPathway,reactome:Pathway1754,0
reactome:Pathway1621,abstraction:NextStepPathway,reactome:Pathway644,0
reactome:Pathway2336,abstraction:NextStepPathway,reactome:Pathway2012,0
reactome:Pathway1628,abstraction:NextStepPathway,reactome:Pathway1619,5.643324505619087
reactome:Pathway1697,abstraction:NextStepPathway,reactome:Pathway183,0
reactome:Pathway1177,abstraction:NextStepPathway,reactome:Pathway1178,4.950177325059141
reactome:Pathway2066,abstraction:NextStepPathway,reactome:Pathway2068,5.461002948825132
reactome:Pathway1626,abstraction:NextStepPathway,reactome:Pathway1783,0
reactome:Pathway2025,abstraction:NextStepPathway,reactome:Pathway2336,2.140774629696644
reactome:Pathway106,abstraction:NextStepPathway,reactome:Pathway2219,0
reactome:Pathway2115,abstraction:NextStepPathway,reactome:Pathway2116,5.055537840716968
reactome:Pathway2293,abstraction:NextStepPathway,reactome:Pathway2290,6.154150129385077
reactome:Pathway2791,abstraction:NextStepPathway,reactome:Pathway403,0
reactome:Pathway2581,abstraction:NextStepPathway,reactome:Pathway2582,3.527068990816535
reactome:Pathway491,abstraction:NextStepPathway,reactome:Pathway1541,0
reactome:Pathway32,abstraction:NextStepPathway,reactome:Pathway47,3.956925552048858
reactome:Pathway286,abstraction:NextStepPathway,reactome:Pathway1536,0
reactome:Pathway1626,abstraction:NextStepPathway,reactome:Pathway1619,5.643324505619087
reactome:Pathway1959,abstraction:NextStepPathway,reactome:Pathway2117,0
reactome:Pathway2060,abstraction:NextStepPathway,reactome:Pathway1429,0
reactome:Pathway1629,abstraction:NextStepPathway,reactome:Pathway1669,1.9224620056521
reactome:Pathway2060,abstraction:NextStepPathway,reactome:Pathway1750,0
reactome:Pathway2238,abstraction:NextStepPathway,reactome:Pathway2241,5.461002948825132
reactome:Pathway1729,abstraction:NextStepPathway,reactome:Pathway1739,4.232337531908825
reactome:Pathway1520,abstraction:NextStepPathway,reactome:Pathway1544,4.544712216950978
reactome:Pathway2041,abstraction:NextStepPathway,reactome:Pathway2352,2.140774629696644
reactome:Pathway1960,abstraction:NextStepPathway,reactome:Pathway1961,6.336471686179032
reactome:Pathway2294,abstraction:NextStepPathway,reactome:Pathway2295,6.154150129385077
reactome:Pathway1447,abstraction:NextStepPathway,reactome:Pathway1606,1.9224620056521
reactome:Pathway1209,abstraction:NextStepPathway,reactome:Pathway2559,0
reactome:Pathway246,abstraction:NextStepPathway,reactome:Pathway2555,0
reactome:Pathway1784,abstraction:NextStepPathway,reactome:Pathway1787,4.139247108842813
reactome:Pathway1427,abstraction:NextStepPathway,reactome:Pathway493,0
reactome:Pathway2065,abstraction:NextStepPathway,reactome:Pathway2062,5.461002948825132
reactome:Pathway413,abstraction:NextStepPathway,reactome:Pathway1520,0
reactome:Pathway1851,abstraction:NextStepPathway,reactome:Pathway1856,3.209711150218637
reactome:Pathway247,abstraction:NextStepPathway,reactome:Pathway2560,0
reactome:Pathway2499,abstraction:NextStepPathway,reactome:Pathway2555,0
reactome:Pathway1491,abstraction:NextStepPathway,reactome:Pathway1538,3.8350357344398214
reactome:Pathway2200,abstraction:NextStepPathway,reactome:Pathway1526,0
reactome:Pathway2112,abstraction:NextStepPathway,reactome:Pathway2125,5.055537840716968
reactome:Pathway2144,abstraction:NextStepPathway,reactome:Pathway2147,6.336471686179032
reactome:Pathway472,abstraction:NextStepPathway,reactome:Pathway474,5.643324505619087
reactome:Pathway1619,abstraction:NextStepPathway,reactome:Pathway1783,0
reactome:Pathway2688,abstraction:NextStepPathway,reactome:Pathway2698,4.390561537123719
reactome:Pathway2358,abstraction:NextStepPathway,reactome:Pathway2404,3.133725243240715
reactome:Pathway2551,abstraction:NextStepPathway,reactome:Pathway2524,0
reactome:Pathway1831,abstraction:NextStepPathway,reactome:Pathway1832,3.209711150218637
reactome:Pathway1199,abstraction:NextStepPathway,reactome:Pathway1205,4.7678557682651865
reactome:Pathway1626,abstraction:NextStepPathway,reactome:Pathway1369,1.9224620056521
reactome:Pathway1775,abstraction:NextStepPathway,reactome:Pathway1779,5.380960241151596
reactome:Pathway1216,abstraction:NextStepPathway,reactome:Pathway1217,6.559615237493242
reactome:Pathway1953,abstraction:NextStepPathway,reactome:Pathway2041,0
reactome:Pathway1626,abstraction:NextStepPathway,reactome:Pathway1623,5.643324505619087
reactome:Pathway2202,abstraction:NextStepPathway,reactome:Pathway1521,0
reactome:Pathway2397,abstraction:NextStepPathway,reactome:Pathway2438,3.4685727841349263
reactome:Pathway492,abstraction:NextStepPathway,reactome:Pathway1538,0
reactome:Pathway1175,abstraction:NextStepPathway,reactome:Pathway1178,4.950177325059141
reactome:Pathway2120,abstraction:NextStepPathway,reactome:Pathway102,0
reactome:Pathway2219,abstraction:NextStepPathway,reactome:Pathway1986,0
reactome:Pathway2041,abstraction:NextStepPathway,reactome:Pathway2337,2.140774629696644
reactome:Pathway2359,abstraction:NextStepPathway,reactome:Pathway2365,5.0014706194466925
reactome:Pathway1963,abstraction:NextStepPathway,reactome:Pathway98,0
reactome:Pathway1554,abstraction:NextStepPathway,reactome:Pathway1555,7.252762418053187
reactome:Pathway1601,abstraction:NextStepPathway,reactome:Pathway1462,1.9224620056521
reactome:Pathway1385,abstraction:NextStepPathway,reactome:Pathway2134,0
reactome:Pathway1428,abstraction:NextStepPathway,reactome:Pathway224,0
reactome:Pathway1233,abstraction:NextStepPathway,reactome:Pathway1536,0
reactome:Pathway2466,abstraction:NextStepPathway,reactome:Pathway2475,5.112696254556917
reactome:Pathway1861,abstraction:NextStepPathway,reactome:Pathway2825,0
reactome:Pathway172,abstraction:NextStepPathway,reactome:Pathway479,0
reactome:Pathway1973,abstraction:NextStepPathway,reactome:Pathway2051,0
reactome:Pathway1721,abstraction:NextStepPathway,reactome:Pathway1725,1.9224620056521
reactome:Pathway1735,abstraction:NextStepPathway,reactome:Pathway1428,0
reactome:Pathway2068,abstraction:NextStepPathway,reactome:Pathway2064,5.461002948825132
reactome:Pathway1750,abstraction:NextStepPathway,reactome:Pathway1588,0
reactome:Pathway248,abstraction:NextStepPathway,reactome:Pathway2558,0
reactome:Pathway2269,abstraction:NextStepPathway,reactome:Pathway2270,4.18470948291957
reactome:Pathway470,abstraction:NextStepPathway,reactome:Pathway466,5.643324505619087
reactome:Pathway2756,abstraction:NextStepPathway,reactome:Pathway2758,4.308323438886747
reactome:Pathway1588,abstraction:NextStepPathway,reactome:Pathway1546,1.9224620056521
reactome:Pathway2136,abstraction:NextStepPathway,reactome:Pathway2137,5.380960241151596
reactome:Pathway1344,abstraction:NextStepPathway,reactome:Pathway1346,5.548014325814762
reactome:Pathway1837,abstraction:NextStepPathway,reactome:Pathway1831,3.209711150218637
reactome:Pathway1631,abstraction:NextStepPathway,reactome:Pathway2134,0
reactome:Pathway1910,abstraction:NextStepPathway,reactome:Pathway1903,4.208239980329765
reactome:Pathway288,abstraction:NextStepPathway,reactome:Pathway1856,0
reactome:Pathway1948,abstraction:NextStepPathway,reactome:Pathway1873,0
reactome:Pathway484,abstraction:NextStepPathway,reactome:Pathway490,4.308323438886747
reactome:Pathway1903,abstraction:NextStepPathway,reactome:Pathway1904,6.336471686179032
reactome:Pathway636,abstraction:NextStepPathway,reactome:Pathway637,5.173320876373351
reactome:Pathway2105,abstraction:NextStepPathway,reactome:Pathway2103,4.544712216950978
reactome:Pathway1454,abstraction:NextStepPathway,reactome:Pathway1460,5.461002948825132
reactome:Pathway1588,abstraction:NextStepPathway,reactome:Pathway1851,0
reactome:Pathway1672,abstraction:NextStepPathway,reactome:Pathway1669,5.461002948825132
reactome:Pathway2339,abstraction:NextStepPathway,reactome:Pathway2286,2.140774629696644
reactome:Pathway1343,abstraction:NextStepPathway,reactome:Pathway1348,5.548014325814762
reactome:Pathway479,abstraction:NextStepPathway,reactome:Pathway172,0
reactome:Pathway2368,abstraction:NextStepPathway,reactome:Pathway2556,0
reactome:Pathway343,abstraction:NextStepPathway,reactome:Pathway2150,0
reactome:Pathway2073,abstraction:NextStepPathway,reactome:Pathway184,0
reactome:Pathway1359,abstraction:NextStepPathway,reactome:Pathway1368,4.18470948291957
reactome:Pathway1526,abstraction:NextStepPathway,reactome:Pathway524,0
reactome:Pathway1065,abstraction:NextStepPathway,reactome:Pathway1066,6.559615237493242
reactome:Pathway1543,abstraction:NextStepPathway,reactome:Pathway1631,1.9224620056521
reactome:Pathway2677,abstraction:NextStepPathway,reactome:Pathway2544,0
reactome:Pathway2137,abstraction:NextStepPathway,reactome:Pathway2132,5.380960241151596
reactome:Pathway482,abstraction:NextStepPathway,reactome:Pathway524,0
reactome:Pathway2738,abstraction:NextStepPathway,reactome:Pathway2757,3.227410727318038
reactome:Pathway1731,abstraction:NextStepPathway,reactome:Pathway1429,0
reactome:Pathway2131,abstraction:NextStepPathway,reactome:Pathway2118,5.380960241151596
reactome:Pathway1814,abstraction:NextStepPathway,reactome:Pathway1822,5.748685021276914
reactome:Pathway2124,abstraction:NextStepPathway,reactome:Pathway2118,5.055537840716968
reactome:Pathway2365,abstraction:NextStepPathway,reactome:Pathway2368,6.559615237493242
reactome:Pathway1731,abstraction:NextStepPathway,reactome:Pathway1750,4.232337531908825
reactome:Pathway1856,abstraction:NextStepPathway,reactome:Pathway2211,0
reactome:Pathway1375,abstraction:NextStepPathway,reactome:Pathway1378,4.950177325059141
reactome:Pathway1346,abstraction:NextStepPathway,reactome:Pathway1619,1.9224620056521
reactome:Pathway2569,abstraction:NextStepPathway,reactome:Pathway2596,3.527068990816535
reactome:Pathway2721,abstraction:NextStepPathway,reactome:Pathway1362,0
reactome:Pathway2380,abstraction:NextStepPathway,reactome:Pathway2382,5.237859397510922
reactome:Pathway1861,abstraction:NextStepPathway,reactome:Pathway286,0
reactome:Pathway1334,abstraction:NextStepPathway,reactome:Pathway1337,6.559615237493242
reactome:Pathway490,abstraction:NextStepPathway,reactome:Pathway484,4.308323438886747
reactome:Pathway493,abstraction:NextStepPathway,reactome:Pathway1608,0
reactome:Pathway1337,abstraction:NextStepPathway,reactome:Pathway1368,4.18470948291957
reactome:Pathway1210,abstraction:NextStepPathway,reactome:Pathway1165,4.095761996903074
reactome:Pathway1622,abstraction:NextStepPathway,reactome:Pathway1382,1.9224620056521
reactome:Pathway2581,abstraction:NextStepPathway,reactome:Pathway2585,3.527068990816535
reactome:Pathway2657,abstraction:NextStepPathway,reactome:Pathway2658,6.559615237493242
reactome:Pathway2654,abstraction:NextStepPathway,reactome:Pathway2534,3.011435665482441
reactome:Pathway286,abstraction:NextStepPathway,reactome:Pathway524,0
reactome:Pathway1532,abstraction:NextStepPathway,reactome:Pathway134,0
reactome:Pathway1750,abstraction:NextStepPathway,reactome:Pathway1861,2.579933583591281
reactome:Pathway2156,abstraction:NextStepPathway,reactome:Pathway2131,3.141888553879876
reactome:Pathway1528,abstraction:NextStepPathway,reactome:Pathway2079,0
reactome:Pathway1689,abstraction:NextStepPathway,reactome:Pathway1677,1.9224620056521
reactome:Pathway2506,abstraction:NextStepPathway,reactome:Pathway2503,5.8664680569332965
reactome:Pathway2165,abstraction:NextStepPathway,reactome:Pathway2166,6.336471686179032
reactome:Pathway229,abstraction:NextStepPathway,reactome:Pathway1812,0
reactome:Pathway1983,abstraction:NextStepPathway,reactome:Pathway532,0
reactome:Pathway2744,abstraction:NextStepPathway,reactome:Pathway1668,0
reactome:Pathway1467,abstraction:NextStepPathway,reactome:Pathway1741,0
reactome:Pathway2757,abstraction:NextStepPathway,reactome:Pathway2756,4.308323438886747
reactome:Pathway1521,abstraction:NextStepPathway,reactome:Pathway1536,4.544712216950978
reactome:Pathway493,abstraction:NextStepPathway,reactome:Pathway1233,0
reactome:Pathway1188,abstraction:NextStepPathway,reactome:Pathway1190,5.999999449557819
reactome:Pathway98,abstraction:NextStepPathway,reactome:Pathway99,5.748685021276914
reactome:Pathway2373,abstraction:NextStepPathway,reactome:Pathway2442,5.173320876373351
reactome:Pathway2691,abstraction:NextStepPathway,reactome:Pathway2698,4.390561537123719
reactome:Pathway372,abstraction:NextStepPathway,reactome:Pathway2567,0
reactome:Pathway2294,abstraction:NextStepPathway,reactome:Pathway2290,6.154150129385077
reactome:Pathway1883,abstraction:NextStepPathway,reactome:Pathway1884,5.643324505619087
reactome:Pathway1423,abstraction:NextStepPathway,reactome:Pathway1635,1.9224620056521
reactome:Pathway2209,abstraction:NextStepPathway,reactome:Pathway2257,2.140774629696644
reactome:Pathway1689,abstraction:NextStepPathway,reactome:Pathway2745,0
reactome:Pathway1732,abstraction:NextStepPathway,reactome:Pathway493,0
reactome:Pathway1323,abstraction:NextStepPathway,reactome:Pathway1619,1.9224620056521
reactome:Pathway2293,abstraction:NextStepPathway,reactome:Pathway2294,6.154150129385077
reactome:Pathway2555,abstraction:NextStepPathway,reactome:Pathway2404,0
reactome:Pathway2012,abstraction:NextStepPathway,reactome:Pathway1960,0
reactome:Pathway2557,abstraction:NextStepPathway,reactome:Pathway2543,4.950177325059141
reactome:Pathway1857,abstraction:NextStepPathway,reactome:Pathway1732,2.579933583591281
reactome:Pathway2028,abstraction:NextStepPathway,reactome:Pathway2206,2.140774629696644
reactome:Pathway1633,abstraction:NextStepPathway,reactome:Pathway1393,1.9224620056521
reactome:Pathway2365,abstraction:NextStepPathway,reactome:Pathway2557,0
reactome:Pathway1544,abstraction:NextStepPathway,reactome:Pathway1233,0
reactome:Pathway2703,abstraction:NextStepPathway,reactome:Pathway2704,6.559615237493242
reactome:Pathway2503,abstraction:NextStepPathway,reactome:Pathway2556,0
reactome:Pathway1880,abstraction:NextStepPathway,reactome:Pathway2706,0
reactome:Pathway479,abstraction:NextStepPathway,reactome:Pathway1873,0
reactome:Pathway1502,abstraction:NextStepPathway,reactome:Pathway1234,0
reactome:Pathway246,abstraction:NextStepPathway,reactome:Pathway250,6.336471686179032
reactome:Pathway286,abstraction:NextStepPathway,reactome:Pathway1533,0
reactome:Pathway2377,abstraction:NextStepPathway,reactome:Pathway420,0
reactome:Pathway1233,abstraction:NextStepPathway,reactome:Pathway524,0
reactome:Pathway1320,abstraction:NextStepPathway,reactome:Pathway1560,1.9224620056521
reactome:Pathway2215,abstraction:NextStepPathway,reactome:Pathway2027,2.140774629696644
reactome:Pathway42,abstraction:NextStepPathway,reactome:Pathway298,0
reactome:Pathway2163,abstraction:NextStepPathway,reactome:Pathway2318,2.140774629696644
reactome:Pathway1840,abstraction:NextStepPathway,reactome:Pathway1835,3.209711150218637
reactome:Pathway135,abstraction:NextStepPathway,reactome:Pathway184,0
reactome:Pathway1193,abstraction:NextStepPathway,reactome:Pathway1201,4.7678557682651865
reactome:Pathway2380,abstraction:NextStepPathway,reactome:Pathway2381,7.252762418053187
reactome:Pathway1173,abstraction:NextStepPathway,reactome:Pathway1179,4.950177325059141
reactome:Pathway2727,abstraction:NextStepPathway,reactome:Pathway2784,3.227410727318038
reactome:Pathway1206,abstraction:NextStepPathway,reactome:Pathway218,0
reactome:Pathway372,abstraction:NextStepPathway,reactome:Pathway375,5.112696254556917
reactome:Pathway248,abstraction:NextStepPathway,reactome:Pathway2544,0
reactome:Pathway1428,abstraction:NextStepPathway,reactome:Pathway493,0
reactome:Pathway32,abstraction:NextStepPathway,reactome:Pathway45,3.956925552048858
reactome:Pathway1522,abstraction:NextStepPathway,reactome:Pathway147,4.544712216950978
reactome:Pathway2752,abstraction:NextStepPathway,reactome:Pathway1669,0
reactome:Pathway2478,abstraction:NextStepPathway,reactome:Pathway2477,5.999999449557819
reactome:Pathway1609,abstraction:NextStepPathway,reactome:Pathway1393,1.9224620056521
reactome:Pathway2810,abstraction:NextStepPathway,reactome:Pathway11,0
reactome:Pathway2548,abstraction:NextStepPathway,reactome:Pathway2357,0
reactome:Pathway184,abstraction:NextStepPathway,reactome:Pathway2638,0
reactome:Pathway1699,abstraction:NextStepPathway,reactome:Pathway2670,0
reactome:Pathway286,abstraction:NextStepPathway,reactome:Pathway1531,0
reactome:Pathway2500,abstraction:NextStepPathway,reactome:Pathway2503,5.237859397510922
reactome:Pathway490,abstraction:NextStepPathway,reactome:Pathway1538,0
reactome:Pathway255,abstraction:NextStepPathway,reactome:Pathway261,5.237859397510922
reactome:Pathway1632,abstraction:NextStepPathway,reactome:Pathway2541,0
reactome:Pathway135,abstraction:NextStepPathway,reactome:Pathway1609,0
reactome:Pathway2127,abstraction:NextStepPathway,reactome:Pathway2128,5.055537840716968
reactome:Pathway1910,abstraction:NextStepPathway,reactome:Pathway1904,4.208239980329765
reactome:Pathway1201,abstraction:NextStepPathway,reactome:Pathway1188,4.7678557682651865
reactome:Pathway1771,abstraction:NextStepPathway,reactome:Pathway1798,4.139247108842813
reactome:Pathway2581,abstraction:NextStepPathway,reactome:Pathway2586,3.527068990816535
reactome:Pathway2244,abstraction:NextStepPathway,reactome:Pathway1229,0
reactome:Pathway1517,abstraction:NextStepPathway,reactome:Pathway2202,0
reactome:Pathway1973,abstraction:NextStepPathway,reactome:Pathway2045,0
reactome:Pathway1575,abstraction:NextStepPathway,reactome:Pathway1741,0
reactome:Pathway2270,abstraction:NextStepPathway,reactome:Pathway2269,4.18470948291957
reactome:Pathway1215,abstraction:NextStepPathway,reactome:Pathway1219,5.748685021276914
reactome:Pathway1537,abstraction:NextStepPathway,reactome:Pathway1588,1.9224620056521
reactome:Pathway1856,abstraction:NextStepPathway,reactome:Pathway135,0
reactome:Pathway1856,abstraction:NextStepPathway,reactome:Pathway1529,0
reactome:Pathway1926,abstraction:NextStepPathway,reactome:Pathway1925,3.7412169792221666
reactome:Pathway2179,abstraction:NextStepPathway,reactome:Pathway2183,4.950177325059141
reactome:Pathway1867,abstraction:NextStepPathway,reactome:Pathway1868,6.336471686179032
reactome:Pathway1233,abstraction:NextStepPathway,reactome:Pathway1533,0
reactome:Pathway1446,abstraction:NextStepPathway,reactome:Pathway1631,1.9224620056521
reactome:Pathway2198,abstraction:NextStepPathway,reactome:Pathway1526,0
reactome:Pathway2374,abstraction:NextStepPathway,reactome:Pathway2394,3.133725243240715
reactome:Pathway1820,abstraction:NextStepPathway,reactome:Pathway1229,0
reactome:Pathway2036,abstraction:NextStepPathway,reactome:Pathway2206,2.140774629696644
reactome:Pathway1425,abstraction:NextStepPathway,reactome:Pathway1424,2.9286297617982084
reactome:Pathway1502,abstraction:NextStepPathway,reactome:Pathway1538,3.8350357344398214
reactome:Pathway100,abstraction:NextStepPathway,reactome:Pathway2226,0
reactome:Pathway298,abstraction:NextStepPathway,reactome:Pathway299,5.999999449557819
reactome:Pathway2097,abstraction:NextStepPathway,reactome:Pathway2222,2.140774629696644
reactome:Pathway1533,abstraction:NextStepPathway,reactome:Pathway253,0
reactome:Pathway2455,abstraction:NextStepPathway,reactome:Pathway2456,6.559615237493242
reactome:Pathway1406,abstraction:NextStepPathway,reactome:Pathway1408,6.336471686179032
reactome:Pathway105,abstraction:NextStepPathway,reactome:Pathway1963,0
reactome:Pathway2524,abstraction:NextStepPathway,reactome:Pathway2525,7.252762418053187
reactome:Pathway246,abstraction:NextStepPathway,reactome:Pathway2364,0
reactome:Pathway1767,abstraction:NextStepPathway,reactome:Pathway495,0
reactome:Pathway269,abstraction:NextStepPathway,reactome:Pathway262,5.237859397510922
reactome:Pathway2365,abstraction:NextStepPathway,reactome:Pathway2706,0
reactome:Pathway1789,abstraction:NextStepPathway,reactome:Pathway1776,5.173320876373351
reactome:Pathway100,abstraction:NextStepPathway,reactome:Pathway141,3.9756176850610108
reactome:Pathway1958,abstraction:NextStepPathway,reactome:Pathway2157,0
reactome:Pathway493,abstraction:NextStepPathway,reactome:Pathway1543,0
reactome:Pathway2027,abstraction:NextStepPathway,reactome:Pathway2215,2.140774629696644
reactome:Pathway1526,abstraction:NextStepPathway,reactome:Pathway1233,0
reactome:Pathway1233,abstraction:NextStepPathway,reactome:Pathway1531,0
reactome:Pathway1356,abstraction:NextStepPathway,reactome:Pathway1359,6.559615237493242
reactome:Pathway39,abstraction:NextStepPathway,reactome:Pathway55,3.956925552048858
reactome:Pathway2115,abstraction:NextStepPathway,reactome:Pathway2121,5.055537840716968
reactome:Pathway248,abstraction:NextStepPathway,reactome:Pathway2365,0
reactome:Pathway248,abstraction:NextStepPathway,reactome:Pathway2500,0
reactome:Pathway2361,abstraction:NextStepPathway,reactome:Pathway2357,6.336471686179032
reactome:Pathway1428,abstraction:NextStepPathway,reactome:Pathway1607,1.9224620056521
reactome:Pathway1773,abstraction:NextStepPathway,reactome:Pathway1775,5.306852268997874
reactome:Pathway482,abstraction:NextStepPathway,reactome:Pathway1233,0
reactome:Pathway1491,abstraction:NextStepPathway,reactome:Pathway1522,3.8350357344398214
reactome:Pathway2610,abstraction:NextStepPathway,reactome:Pathway2548,3.527068990816535
reactome:Pathway1959,abstraction:NextStepPathway,reactome:Pathway102,0
reactome:Pathway2211,abstraction:NextStepPathway,reactome:Pathway2213,6.847297309945023
reactome:Pathway2336,abstraction:NextStepPathway,reactome:Pathway2045,2.140774629696644
reactome:Pathway499,abstraction:NextStepPathway,reactome:Pathway1429,1.9224620056521
reactome:Pathway2284,abstraction:NextStepPathway,reactome:Pathway2339,2.140774629696644
reactome:Pathway2358,abstraction:NextStepPathway,reactome:Pathway2556,0
reactome:Pathway1433,abstraction:NextStepPathway,reactome:Pathway1437,2.9286297617982084
reactome:Pathway2242,abstraction:NextStepPathway,reactome:Pathway292,0
reactome:Pathway1621,abstraction:NextStepPathway,reactome:Pathway643,0
reactome:Pathway2024,abstraction:NextStepPathway,reactome:Pathway2352,2.140774629696644
reactome:Pathway448,abstraction:NextStepPathway,reactome:Pathway447,6.336471686179032
reactome:Pathway2118,abstraction:NextStepPathway,reactome:Pathway2119,5.055537840716968
reactome:Pathway1593,abstraction:NextStepPathway,reactome:Pathway1594,5.643324505619087
reactome:Pathway410,abstraction:NextStepPathway,reactome:Pathway357,3.07837514815755
reactome:Pathway2358,abstraction:NextStepPathway,reactome:Pathway2361,6.559615237493242
reactome:Pathway1961,abstraction:NextStepPathway,reactome:Pathway2077,0
reactome:Pathway1429,abstraction:NextStepPathway,reactome:Pathway286,0
reactome:Pathway2079,abstraction:NextStepPathway,reactome:Pathway2087,4.544712216950978
reactome:Pathway436,abstraction:NextStepPathway,reactome:Pathway444,5.748685021276914
reactome:Pathway1962,abstraction:NextStepPathway,reactome:Pathway2080,0
reactome:Pathway1608,abstraction:NextStepPathway,reactome:Pathway493,0
reactome:Pathway1737,abstraction:NextStepPathway,reactome:Pathway1631,0
reactome:Pathway2499,abstraction:NextStepPathway,reactome:Pathway2545,0
reactome:Pathway1857,abstraction:NextStepPathway,reactome:Pathway1860,3.209711150218637
reactome:Pathway2118,abstraction:NextStepPathway,reactome:Pathway2132,5.380960241151596
reactome:Pathway286,abstraction:NextStepPathway,reactome:Pathway1233,0
reactome:Pathway278,abstraction:NextStepPathway,reactome:Pathway279,5.8664680569332965
reactome:Pathway1234,abstraction:NextStepPathway,reactome:Pathway2203,0
reactome:Pathway337,abstraction:NextStepPathway,reactome:Pathway338,6.847297309945023
reactome:Pathway2157,abstraction:NextStepPathway,reactome:Pathway2160,6.336471686179032
reactome:Pathway2285,abstraction:NextStepPathway,reactome:Pathway2284,4.18470948291957
reactome:Pathway267,abstraction:NextStepPathway,reactome:Pathway253,4.095761996903074
reactome:Pathway1419,abstraction:NextStepPathway,reactome:Pathway1420,5.8664680569332965
reactome:Pathway253,abstraction:NextStepPathway,reactome:Pathway1979,0
reactome:Pathway499,abstraction:NextStepPathway,reactome:Pathway501,5.112696254556917
reactome:Pathway1769,abstraction:NextStepPathway,reactome:Pathway1063,0
reactome:Pathway1877,abstraction:NextStepPathway,reactome:Pathway1878,6.559615237493242
reactome:Pathway2284,abstraction:NextStepPathway,reactome:Pathway2302,4.18470948291957
reactome:Pathway105,abstraction:NextStepPathway,reactome:Pathway103,5.748685021276914
reactome:Pathway1879,abstraction:NextStepPathway,reactome:Pathway1880,6.559615237493242
reactome:Pathway1856,abstraction:NextStepPathway,reactome:Pathway1861,3.209711150218637
reactome:Pathway1856,abstraction:NextStepPathway,reactome:Pathway2196,0
reactome:Pathway1504,abstraction:NextStepPathway,reactome:Pathway1520,3.8350357344398214
reactome:Pathway2152,abstraction:NextStepPathway,reactome:Pathway2317,2.140774629696644
reactome:Pathway1694,abstraction:NextStepPathway,reactome:Pathway2541,0
reactome:Pathway472,abstraction:NextStepPathway,reactome:Pathway475,5.643324505619087
reactome:Pathway2123,abstraction:NextStepPathway,reactome:Pathway2124,5.055537840716968
reactome:Pathway1896,abstraction:NextStepPathway,reactome:Pathway1741,2.579933583591281
reactome:Pathway1903,abstraction:NextStepPathway,reactome:Pathway674,0
reactome:Pathway172,abstraction:NextStepPathway,reactome:Pathway1428,0
reactome:Pathway287,abstraction:NextStepPathway,reactome:Pathway1429,0
reactome:Pathway1963,abstraction:NextStepPathway,reactome:Pathway2226,0
reactome:Pathway2270,abstraction:NextStepPathway,reactome:Pathway2298,4.18470948291957
reactome:Pathway287,abstraction:NextStepPathway,reactome:Pathway1750,0
reactome:Pathway2074,abstraction:NextStepPathway,reactome:Pathway2073,3.141888553879876
reactome:Pathway2626,abstraction:NextStepPathway,reactome:Pathway47,0
reactome:Pathway2226,abstraction:NextStepPathway,reactome:Pathway2270,2.140774629696644
reactome:Pathway1337,abstraction:NextStepPathway,reactome:Pathway1349,4.18470948291957
reactome:Pathway2365,abstraction:NextStepPathway,reactome:Pathway2554,0
reactome:Pathway1412,abstraction:NextStepPathway,reactome:Pathway1619,1.9224620056521
reactome:Pathway423,abstraction:NextStepPathway,reactome:Pathway430,5.548014325814762
reactome:Pathway1499,abstraction:NextStepPathway,reactome:Pathway1538,3.8350357344398214
reactome:Pathway1536,abstraction:NextStepPathway,reactome:Pathway286,0
reactome:Pathway197,abstraction:NextStepPathway,reactome:Pathway198,6.847297309945023
reactome:Pathway1588,abstraction:NextStepPathway,reactome:Pathway1642,1.9224620056521
reactome:Pathway2768,abstraction:NextStepPathway,reactome:Pathway1628,0
reactome:Pathway255,abstraction:NextStepPathway,reactome:Pathway264,5.237859397510922
reactome:Pathway1896,abstraction:NextStepPathway,reactome:Pathway1776,5.643324505619087
reactome:Pathway2234,abstraction:NextStepPathway,reactome:Pathway2236,5.461002948825132
reactome:Pathway1851,abstraction:NextStepPathway,reactome:Pathway179,0
reactome:Pathway2304,abstraction:NextStepPathway,reactome:Pathway2331,2.140774629696644
reactome:Pathway1428,abstraction:NextStepPathway,reactome:Pathway2211,0
reactome:Pathway1205,abstraction:NextStepPathway,reactome:Pathway1777,0
reactome:Pathway1676,abstraction:NextStepPathway,reactome:Pathway1225,0
reactome:Pathway248,abstraction:NextStepPathway,reactome:Pathway2499,0
reactome:Pathway1506,abstraction:NextStepPathway,reactome:Pathway478,0
reactome:Pathway2801,abstraction:NextStepPathway,reactome:Pathway2802,6.559615237493242
reactome:Pathway1233,abstraction:NextStepPathway,reactome:Pathway1609,0
reactome:Pathway2735,abstraction:NextStepPathway,reactome:Pathway1478,0
reactome:Pathway1173,abstraction:NextStepPathway,reactome:Pathway1183,4.950177325059141
reactome:Pathway286,abstraction:NextStepPathway,reactome:Pathway132,0
reactome:Pathway2471,abstraction:NextStepPathway,reactome:Pathway2472,7.252762418053187
reactome:Pathway478,abstraction:NextStepPathway,reactome:Pathway286,0
reactome:Pathway1521,abstraction:NextStepPathway,reactome:Pathway1531,4.544712216950978
reactome:Pathway1841,abstraction:NextStepPathway,reactome:Pathway1842,5.643324505619087
reactome:Pathway1532,abstraction:NextStepPathway,reactome:Pathway2205,0
reactome:Pathway1400,abstraction:NextStepPathway,reactome:Pathway1635,1.9224620056521
reactome:Pathway1496,abstraction:NextStepPathway,reactome:Pathway1522,3.8350357344398214
reactome:Pathway299,abstraction:NextStepPathway,reactome:Pathway303,5.748685021276914
reactome:Pathway1385,abstraction:NextStepPathway,reactome:Pathway1735,0
reactome:Pathway646,abstraction:NextStepPathway,reactome:Pathway649,5.380960241151596
reactome:Pathway2041,abstraction:NextStepPathway,reactome:Pathway292,0
reactome:Pathway1705,abstraction:NextStepPathway,reactome:Pathway2705,0
reactome:Pathway2383,abstraction:NextStepPathway,reactome:Pathway2357,3.133725243240715
reactome:Pathway499,abstraction:NextStepPathway,reactome:Pathway1856,0
reactome:Pathway1861,abstraction:NextStepPathway,reactome:Pathway1851,3.209711150218637
reactome:Pathway1167,abstraction:NextStepPathway,reactome:Pathway1166,4.950177325059141
reactome:Pathway1423,abstraction:NextStepPathway,reactome:Pathway660,0
reactome:Pathway1371,abstraction:NextStepPathway,reactome:Pathway1373,4.257030144499196
reactome:Pathway1861,abstraction:NextStepPathway,reactome:Pathway1669,0
reactome:Pathway1632,abstraction:NextStepPathway,reactome:Pathway2555,0
reactome:Pathway1520,abstraction:NextStepPathway,reactome:Pathway1546,4.544712216950978
reactome:Pathway1431,abstraction:NextStepPathway,reactome:Pathway1635,1.9224620056521
reactome:Pathway1631,abstraction:NextStepPathway,reactome:Pathway1735,0
reactome:Pathway266,abstraction:NextStepPathway,reactome:Pathway262,5.548014325814762
reactome:Pathway2673,abstraction:NextStepPathway,reactome:Pathway2684,5.0014706194466925
reactome:Pathway439,abstraction:NextStepPathway,reactome:Pathway2258,0
reactome:Pathway1963,abstraction:NextStepPathway,reactome:Pathway106,0
reactome:Pathway2605,abstraction:NextStepPathway,reactome:Pathway2386,0
reactome:Pathway2688,abstraction:NextStepPathway,reactome:Pathway2694,4.390561537123719
reactome:Pathway2397,abstraction:NextStepPathway,reactome:Pathway2416,3.4685727841349263
reactome:Pathway1406,abstraction:NextStepPathway,reactome:Pathway1405,4.257030144499196
reactome:Pathway1885,abstraction:NextStepPathway,reactome:Pathway1478,0
reactome:Pathway256,abstraction:NextStepPathway,reactome:Pathway257,5.548014325814762
reactome:Pathway1520,abstraction:NextStepPathway,reactome:Pathway134,0
reactome:Pathway1057,abstraction:NextStepPathway,reactome:Pathway1062,5.8664680569332965
reactome:Pathway1526,abstraction:NextStepPathway,reactome:Pathway172,0
reactome:Pathway2170,abstraction:NextStepPathway,reactome:Pathway2112,3.141888553879876
reactome:Pathway2399,abstraction:NextStepPathway,reactome:Pathway2397,5.548014325814762
reactome:Pathway154,abstraction:NextStepPathway,reactome:Pathway148,3.602104176759449
reactome:Pathway2269,abstraction:NextStepPathway,reactome:Pathway2298,4.18470948291957
reactome:Pathway1579,abstraction:NextStepPathway,reactome:Pathway1572,4.901387160889709
reactome:Pathway2190,abstraction:NextStepPathway,reactome:Pathway2194,4.950177325059141
reactome:Pathway1234,abstraction:NextStepPathway,reactome:Pathway1977,0
reactome:Pathway2587,abstraction:NextStepPathway,reactome:Pathway2571,3.527068990816535
reactome:Pathway1626,abstraction:NextStepPathway,reactome:Pathway133,0
reactome:Pathway482,abstraction:NextStepPathway,reactome:Pathway172,0
reactome:Pathway1187,abstraction:NextStepPathway,reactome:Pathway1188,5.999999449557819
reactome:Pathway364,abstraction:NextStepPathway,reactome:Pathway365,6.559615237493242
reactome:Pathway1390,abstraction:NextStepPathway,reactome:Pathway1392,6.559615237493242
reactome:Pathway1233,abstraction:NextStepPathway,reactome:Pathway132,0
reactome:Pathway179,abstraction:NextStepPathway,reactome:Pathway499,0
reactome:Pathway134,abstraction:NextStepPathway,reactome:Pathway1977,0
reactome:Pathway1225,abstraction:NextStepPathway,reactome:Pathway1233,5.380960241151596
reactome:Pathway1520,abstraction:NextStepPathway,reactome:Pathway1532,4.544712216950978
reactome:Pathway2571,abstraction:NextStepPathway,reactome:Pathway2587,3.527068990816535
reactome:Pathway179,abstraction:NextStepPathway,reactome:Pathway1750,0
reactome:Pathway2178,abstraction:NextStepPathway,reactome:Pathway1490,0
reactome:Pathway1836,abstraction:NextStepPathway,reactome:Pathway1889,2.579933583591281
reactome:Pathway413,abstraction:NextStepPathway,reactome:Pathway1234,0
reactome:Pathway1824,abstraction:NextStepPathway,reactome:Pathway389,0
reactome:Pathway2208,abstraction:NextStepPathway,reactome:Pathway2030,2.140774629696644
reactome:Pathway1642,abstraction:NextStepPathway,reactome:Pathway1588,1.9224620056521
reactome:Pathway1824,abstraction:NextStepPathway,reactome:Pathway1776,3.209711150218637
reactome:Pathway2397,abstraction:NextStepPathway,reactome:Pathway2581,0
reactome:Pathway2533,abstraction:NextStepPathway,reactome:Pathway2534,6.336471686179032
reactome:Pathway1536,abstraction:NextStepPathway,reactome:Pathway2030,0
reactome:Pathway2554,abstraction:NextStepPathway,reactome:Pathway2557,5.8664680569332965
reactome:Pathway1086,abstraction:NextStepPathway,reactome:Pathway1087,5.748685021276914
reactome:Pathway2721,abstraction:NextStepPathway,reactome:Pathway2735,3.227410727318038
reactome:Pathway1531,abstraction:NextStepPathway,reactome:Pathway1533,6.559615237493242
reactome:Pathway286,abstraction:NextStepPathway,reactome:Pathway172,0
reactome:Pathway2446,abstraction:NextStepPathway,reactome:Pathway2447,5.173320876373351
reactome:Pathway103,abstraction:NextStepPathway,reactome:Pathway1518,0
reactome:Pathway2203,abstraction:NextStepPathway,reactome:Pathway1520,0
reactome:Pathway2028,abstraction:NextStepPathway,reactome:Pathway2226,2.140774629696644
reactome:Pathway2541,abstraction:NextStepPathway,reactome:Pathway1697,0
reactome:Pathway1973,abstraction:NextStepPathway,reactome:Pathway2146,0
reactome:Pathway2499,abstraction:NextStepPathway,reactome:Pathway2511,5.237859397510922
reactome:Pathway2589,abstraction:NextStepPathway,reactome:Pathway2593,5.748685021276914
reactome:Pathway2106,abstraction:NextStepPathway,reactome:Pathway2226,2.140774629696644
reactome:Pathway2554,abstraction:NextStepPathway,reactome:Pathway2556,5.8664680569332965
reactome:Pathway1979,abstraction:NextStepPathway,reactome:Pathway1980,3.6832297215718173
reactome:Pathway1750,abstraction:NextStepPathway,reactome:Pathway1526,0
reactome:Pathway1784,abstraction:NextStepPathway,reactome:Pathway1785,4.139247108842813
reactome:Pathway1393,abstraction:NextStepPathway,reactome:Pathway1533,1.9224620056521
reactome:Pathway2556,abstraction:NextStepPathway,reactome:Pathway2555,5.8664680569332965
reactome:Pathway2339,abstraction:NextStepPathway,reactome:Pathway1956,0
reactome:Pathway2041,abstraction:NextStepPathway,reactome:Pathway367,0
reactome:Pathway2557,abstraction:NextStepPathway,reactome:Pathway2677,0
reactome:Pathway1973,abstraction:NextStepPathway,reactome:Pathway2047,0
reactome:Pathway349,abstraction:NextStepPathway,reactome:Pathway350,4.810415382683983
reactome:Pathway1382,abstraction:NextStepPathway,reactome:Pathway1609,1.9224620056521
reactome:Pathway2115,abstraction:NextStepPathway,reactome:Pathway2117,5.055537840716968
reactome:Pathway2068,abstraction:NextStepPathway,reactome:Pathway2071,5.461002948825132
reactome:Pathway1635,abstraction:NextStepPathway,reactome:Pathway1631,5.055537840716968
reactome:Pathway1689,abstraction:NextStepPathway,reactome:Pathway1670,1.9224620056521
reactome:Pathway1168,abstraction:NextStepPathway,reactome:Pathway1182,4.950177325059141
reactome:Pathway1538,abstraction:NextStepPathway,reactome:Pathway1588,1.9224620056521
reactome:Pathway2677,abstraction:NextStepPathway,reactome:Pathway2680,5.0014706194466925
reactome:Pathway2254,abstraction:NextStepPathway,reactome:Pathway2255,6.847297309945023
reactome:Pathway1393,abstraction:NextStepPathway,reactome:Pathway1531,1.9224620056521
reactome:Pathway2534,abstraction:NextStepPathway,reactome:Pathway2654,3.011435665482441
reactome:Pathway1412,abstraction:NextStepPathway,reactome:Pathway1322,2.9286297617982084
reactome:Pathway1522,abstraction:NextStepPathway,reactome:Pathway286,0
reactome:Pathway1837,abstraction:NextStepPathway,reactome:Pathway1829,3.209711150218637
reactome:Pathway1806,abstraction:NextStepPathway,reactome:Pathway1787,4.139247108842813
reactome:Pathway1588,abstraction:NextStepPathway,reactome:Pathway499,1.9224620056521
reactome:Pathway1428,abstraction:NextStepPathway,reactome:Pathway2675,0
reactome:Pathway1539,abstraction:NextStepPathway,reactome:Pathway250,0
reactome:Pathway1588,abstraction:NextStepPathway,reactome:Pathway1429,1.9224620056521
reactome:Pathway1796,abstraction:NextStepPathway,reactome:Pathway1845,3.209711150218637
reactome:Pathway2119,abstraction:NextStepPathway,reactome:Pathway2125,5.055537840716968
reactome:Pathway1569,abstraction:NextStepPathway,reactome:Pathway1570,4.901387160889709
reactome:Pathway1588,abstraction:NextStepPathway,reactome:Pathway1750,0
reactome:Pathway1502,abstraction:NextStepPathway,reactome:Pathway1522,3.8350357344398214
reactome:Pathway1977,abstraction:NextStepPathway,reactome:Pathway134,0
reactome:Pathway1522,abstraction:NextStepPathway,reactome:Pathway1545,4.544712216950978
reactome:Pathway2545,abstraction:NextStepPathway,reactome:Pathway1828,0
reactome:Pathway1880,abstraction:NextStepPathway,reactome:Pathway1895,2.579933583591281
reactome:Pathway1233,abstraction:NextStepPathway,reactome:Pathway172,0
reactome:Pathway1904,abstraction:NextStepPathway,reactome:Pathway1905,6.336471686179032
reactome:Pathway372,abstraction:NextStepPathway,reactome:Pathway1891,0
reactome:Pathway2539,abstraction:NextStepPathway,reactome:Pathway2730,0
reactome:Pathway1642,abstraction:NextStepPathway,reactome:Pathway2061,0
reactome:Pathway2241,abstraction:NextStepPathway,reactome:Pathway269,0
reactome:Pathway1642,abstraction:NextStepPathway,reactome:Pathway1861,0
reactome:Pathway1642,abstraction:NextStepPathway,reactome:Pathway2196,0
reactome:Pathway2541,abstraction:NextStepPathway,reactome:Pathway2236,0
reactome:Pathway489,abstraction:NextStepPathway,reactome:Pathway1543,0
reactome:Pathway1137,abstraction:NextStepPathway,reactome:Pathway1138,4.687813060591651
reactome:Pathway1977,abstraction:NextStepPathway,reactome:Pathway1520,0
reactome:Pathway39,abstraction:NextStepPathway,reactome:Pathway60,3.956925552048858
reactome:Pathway1850,abstraction:NextStepPathway,reactome:Pathway1629,0
reactome:Pathway1977,abstraction:NextStepPathway,reactome:Pathway1532,0
reactome:Pathway1914,abstraction:NextStepPathway,reactome:Pathway1905,4.208239980329765
reactome:Pathway2318,abstraction:NextStepPathway,reactome:Pathway2162,2.140774629696644
reactome:Pathway1537,abstraction:NextStepPathway,reactome:Pathway1544,4.544712216950978
reactome:Pathway2582,abstraction:NextStepPathway,reactome:Pathway2584,6.154150129385077
reactome:Pathway1635,abstraction:NextStepPathway,reactome:Pathway1801,0
reactome:Pathway1456,abstraction:NextStepPathway,reactome:Pathway1461,5.461002948825132
reactome:Pathway2618,abstraction:NextStepPathway,reactome:Pathway2619,3.392032707012592
reactome:Pathway2691,abstraction:NextStepPathway,reactome:Pathway2694,4.390561537123719
reactome:Pathway2520,abstraction:NextStepPathway,reactome:Pathway2521,6.847297309945023
reactome:Pathway1601,abstraction:NextStepPathway,reactome:Pathway1908,0
reactome:Pathway2027,abstraction:NextStepPathway,reactome:Pathway2270,2.140774629696644
reactome:Pathway2541,abstraction:NextStepPathway,reactome:Pathway1694,0
reactome:Pathway1588,abstraction:NextStepPathway,reactome:Pathway501,0
reactome:Pathway1852,abstraction:NextStepPathway,reactome:Pathway29,0
reactome:Pathway2378,abstraction:NextStepPathway,reactome:Pathway2386,5.237859397510922
reactome:Pathway1209,abstraction:NextStepPathway,reactome:Pathway224,0
reactome:Pathway2789,abstraction:NextStepPathway,reactome:Pathway2790,6.336471686179032
reactome:Pathway1824,abstraction:NextStepPathway,reactome:Pathway2781,0
reactome:Pathway2721,abstraction:NextStepPathway,reactome:Pathway1354,0
reactome:Pathway2219,abstraction:NextStepPathway,reactome:Pathway2226,5.112696254556917
reactome:Pathway1631,abstraction:NextStepPathway,reactome:Pathway1632,5.055537840716968
reactome:Pathway2541,abstraction:NextStepPathway,reactome:Pathway2027,0
reactome:Pathway2215,abstraction:NextStepPathway,reactome:Pathway2216,5.112696254556917
reactome:Pathway1433,abstraction:NextStepPathway,reactome:Pathway1444,2.9286297617982084
reactome:Pathway510,abstraction:NextStepPathway,reactome:Pathway1619,0
reactome:Pathway1826,abstraction:NextStepPathway,reactome:Pathway1229,0
reactome:Pathway1433,abstraction:NextStepPathway,reactome:Pathway1441,2.9286297617982084
reactome:Pathway1320,abstraction:NextStepPathway,reactome:Pathway1322,2.9286297617982084
reactome:Pathway1429,abstraction:NextStepPathway,reactome:Pathway1851,0
reactome:Pathway1531,abstraction:NextStepPathway,reactome:Pathway1233,0
reactome:Pathway1189,abstraction:NextStepPathway,reactome:Pathway1188,5.999999449557819
reactome:Pathway1531,abstraction:NextStepPathway,reactome:Pathway1609,1.9224620056521
reactome:Pathway286,abstraction:NextStepPathway,reactome:Pathway2109,0
reactome:Pathway1532,abstraction:NextStepPathway,reactome:Pathway1234,0
reactome:Pathway2236,abstraction:NextStepPathway,reactome:Pathway1972,0
reactome:Pathway1910,abstraction:NextStepPathway,reactome:Pathway1915,4.208239980329765
reactome:Pathway1429,abstraction:NextStepPathway,reactome:Pathway1669,1.9224620056521
reactome:Pathway495,abstraction:NextStepPathway,reactome:Pathway497,6.559615237493242
reactome:Pathway1609,abstraction:NextStepPathway,reactome:Pathway2796,0
reactome:Pathway372,abstraction:NextStepPathway,reactome:Pathway381,5.112696254556917
reactome:Pathway1943,abstraction:NextStepPathway,reactome:Pathway1873,0
reactome:Pathway1877,abstraction:NextStepPathway,reactome:Pathway2706,0
reactome:Pathway1689,abstraction:NextStepPathway,reactome:Pathway1427,1.9224620056521
reactome:Pathway1205,abstraction:NextStepPathway,reactome:Pathway1758,0
reactome:Pathway341,abstraction:NextStepPathway,reactome:Pathway1747,0
reactome:Pathway1427,abstraction:NextStepPathway,reactome:Pathway2773,0
reactome:Pathway2200,abstraction:NextStepPathway,reactome:Pathway1642,0
reactome:Pathway1330,abstraction:NextStepPathway,reactome:Pathway1336,5.461002948825132
reactome:Pathway2756,abstraction:NextStepPathway,reactome:Pathway2760,4.308323438886747
reactome:Pathway1638,abstraction:NextStepPathway,reactome:Pathway1634,5.643324505619087
reactome:Pathway1935,abstraction:NextStepPathway,reactome:Pathway1936,3.7412169792221666
reactome:Pathway2745,abstraction:NextStepPathway,reactome:Pathway2743,5.999999449557819
reactome:Pathway1362,abstraction:NextStepPathway,reactome:Pathway1365,5.748685021276914
reactome:Pathway1359,abstraction:NextStepPathway,reactome:Pathway1631,1.9224620056521
reactome:Pathway1621,abstraction:NextStepPathway,reactome:Pathway1622,6.154150129385077
reactome:Pathway2150,abstraction:NextStepPathway,reactome:Pathway343,0
reactome:Pathway2632,abstraction:NextStepPathway,reactome:Pathway2629,5.999999449557819
reactome:Pathway1343,abstraction:NextStepPathway,reactome:Pathway1347,5.548014325814762
reactome:Pathway2452,abstraction:NextStepPathway,reactome:Pathway2451,5.461002948825132
reactome:Pathway1669,abstraction:NextStepPathway,reactome:Pathway1668,5.461002948825132
reactome:Pathway1509,abstraction:NextStepPathway,reactome:Pathway490,0
reactome:Pathway2499,abstraction:NextStepPathway,reactome:Pathway2501,5.237859397510922
reactome:Pathway278,abstraction:NextStepPathway,reactome:Pathway275,5.8664680569332965
reactome:Pathway2269,abstraction:NextStepPathway,reactome:Pathway2352,2.140774629696644
reactome:Pathway1588,abstraction:NextStepPathway,reactome:Pathway1856,0
reactome:Pathway1988,abstraction:NextStepPathway,reactome:Pathway2274,0
reactome:Pathway1499,abstraction:NextStepPathway,reactome:Pathway1522,3.8350357344398214
reactome:Pathway184,abstraction:NextStepPathway,reactome:Pathway2074,0
reactome:Pathway2296,abstraction:NextStepPathway,reactome:Pathway2297,4.18470948291957
reactome:Pathway1873,abstraction:NextStepPathway,reactome:Pathway1874,3.209711150218637
reactome:Pathway1390,abstraction:NextStepPathway,reactome:Pathway2749,0
reactome:Pathway1940,abstraction:NextStepPathway,reactome:Pathway2001,3.6832297215718173
reactome:Pathway367,abstraction:NextStepPathway,reactome:Pathway365,6.559615237493242
reactome:Pathway1200,abstraction:NextStepPathway,reactome:Pathway1202,5.748685021276914
reactome:Pathway1331,abstraction:NextStepPathway,reactome:Pathway1334,5.461002948825132
reactome:Pathway1536,abstraction:NextStepPathway,reactome:Pathway134,0
reactome:Pathway1337,abstraction:NextStepPathway,reactome:Pathway1631,1.9224620056521
reactome:Pathway1631,abstraction:NextStepPathway,reactome:Pathway2391,0
reactome:Pathway2548,abstraction:NextStepPathway,reactome:Pathway2384,0
reactome:Pathway1856,abstraction:NextStepPathway,reactome:Pathway2825,0
reactome:Pathway2735,abstraction:NextStepPathway,reactome:Pathway2724,3.227410727318038
reactome:Pathway2673,abstraction:NextStepPathway,reactome:Pathway2680,5.0014706194466925
reactome:Pathway2544,abstraction:NextStepPathway,reactome:Pathway2549,4.950177325059141
reactome:Pathway330,abstraction:NextStepPathway,reactome:Pathway331,6.847297309945023
reactome:Pathway1494,abstraction:NextStepPathway,reactome:Pathway1520,3.8350357344398214
reactome:Pathway1375,abstraction:NextStepPathway,reactome:Pathway1380,4.950177325059141
reactome:Pathway1233,abstraction:NextStepPathway,reactome:Pathway2109,0
reactome:Pathway495,abstraction:NextStepPathway,reactome:Pathway496,6.559615237493242
reactome:Pathway2270,abstraction:NextStepPathway,reactome:Pathway114,0
reactome:Pathway2077,abstraction:NextStepPathway,reactome:Pathway2091,4.544712216950978
reactome:Pathway372,abstraction:NextStepPathway,reactome:Pathway378,5.112696254556917
reactome:Pathway2676,abstraction:NextStepPathway,reactome:Pathway2544,0
reactome:Pathway1234,abstraction:NextStepPathway,reactome:Pathway1521,0
reactome:Pathway1175,abstraction:NextStepPathway,reactome:Pathway727,1.3099630429264864
reactome:Pathway2095,abstraction:NextStepPathway,reactome:Pathway2222,2.140774629696644
reactome:Pathway2621,abstraction:NextStepPathway,reactome:Pathway2617,3.392032707012592
reactome:Pathway1735,abstraction:NextStepPathway,reactome:Pathway2559,0
reactome:Pathway1831,abstraction:NextStepPathway,reactome:Pathway1205,0
reactome:Pathway208,abstraction:NextStepPathway,reactome:Pathway206,4.544712216950978
reactome:Pathway1923,abstraction:NextStepPathway,reactome:Pathway1741,2.579933583591281
reactome:Pathway1316,abstraction:NextStepPathway,reactome:Pathway1317,6.336471686179032
reactome:Pathway1808,abstraction:NextStepPathway,reactome:Pathway1205,0
reactome:Pathway99,abstraction:NextStepPathway,reactome:Pathway101,5.748685021276914
reactome:Pathway1851,abstraction:NextStepPathway,reactome:Pathway1752,2.579933583591281
reactome:Pathway1395,abstraction:NextStepPathway,reactome:Pathway1404,5.643324505619087
reactome:Pathway2684,abstraction:NextStepPathway,reactome:Pathway2685,5.8664680569332965
reactome:Pathway2313,abstraction:NextStepPathway,reactome:Pathway267,0
reactome:Pathway2328,abstraction:NextStepPathway,reactome:Pathway2080,2.140774629696644
reactome:Pathway2162,abstraction:NextStepPathway,reactome:Pathway2318,2.140774629696644
reactome:Pathway2624,abstraction:NextStepPathway,reactome:Pathway2625,7.252762418053187
reactome:Pathway2024,abstraction:NextStepPathway,reactome:Pathway292,0
reactome:Pathway1973,abstraction:NextStepPathway,reactome:Pathway2314,0
reactome:Pathway2380,abstraction:NextStepPathway,reactome:Pathway2581,0
reactome:Pathway1426,abstraction:NextStepPathway,reactome:Pathway1427,6.154150129385077
reactome:Pathway1402,abstraction:NextStepPathway,reactome:Pathway1403,5.643324505619087
reactome:Pathway1528,abstraction:NextStepPathway,reactome:Pathway2328,0
reactome:Pathway271,abstraction:NextStepPathway,reactome:Pathway278,4.095761996903074
reactome:Pathway1807,abstraction:NextStepPathway,reactome:Pathway2668,0
reactome:Pathway1568,abstraction:NextStepPathway,reactome:Pathway1227,0
reactome:Pathway2256,abstraction:NextStepPathway,reactome:Pathway2339,2.140774629696644
reactome:Pathway267,abstraction:NextStepPathway,reactome:Pathway2594,0
reactome:Pathway1182,abstraction:NextStepPathway,reactome:Pathway1792,0
reactome:Pathway1382,abstraction:NextStepPathway,reactome:Pathway246,0
reactome:Pathway1977,abstraction:NextStepPathway,reactome:Pathway1767,0
reactome:Pathway2569,abstraction:NextStepPathway,reactome:Pathway2573,5.461002948825132
reactome:Pathway1856,abstraction:NextStepPathway,reactome:Pathway286,0
reactome:Pathway2684,abstraction:NextStepPathway,reactome:Pathway2690,5.8664680569332965
reactome:Pathway286,abstraction:NextStepPathway,reactome:Pathway1534,0
reactome:Pathway2459,abstraction:NextStepPathway,reactome:Pathway248,0
reactome:Pathway2317,abstraction:NextStepPathway,reactome:Pathway2152,2.140774629696644
reactome:Pathway2686,abstraction:NextStepPathway,reactome:Pathway2688,6.847297309945023
reactome:Pathway1474,abstraction:NextStepPathway,reactome:Pathway387,0
reactome:Pathway1961,abstraction:NextStepPathway,reactome:Pathway2288,0
reactome:Pathway1331,abstraction:NextStepPathway,reactome:Pathway1336,5.461002948825132
reactome:Pathway2575,abstraction:NextStepPathway,reactome:Pathway2574,5.461002948825132
reactome:Pathway2121,abstraction:NextStepPathway,reactome:Pathway2114,5.055537840716968
reactome:Pathway2439,abstraction:NextStepPathway,reactome:Pathway2425,3.4685727841349263
reactome:Pathway2680,abstraction:NextStepPathway,reactome:Pathway2675,5.0014706194466925
reactome:Pathway1541,abstraction:NextStepPathway,reactome:Pathway1588,1.9224620056521
reactome:Pathway1669,abstraction:NextStepPathway,reactome:Pathway1670,5.461002948825132
reactome:Pathway247,abstraction:NextStepPathway,reactome:Pathway2364,0
reactome:Pathway2548,abstraction:NextStepPathway,reactome:Pathway2391,0
reactome:Pathway2218,abstraction:NextStepPathway,reactome:Pathway2216,6.847297309945023
reactome:Pathway2012,abstraction:NextStepPathway,reactome:Pathway1962,0
reactome:Pathway1299,abstraction:NextStepPathway,reactome:Pathway1302,6.154150129385077
reactome:Pathway2393,abstraction:NextStepPathway,reactome:Pathway2418,3.4685727841349263
reactome:Pathway172,abstraction:NextStepPathway,reactome:Pathway1536,0
reactome:Pathway1783,abstraction:NextStepPathway,reactome:Pathway1741,2.579933583591281
reactome:Pathway1735,abstraction:NextStepPathway,reactome:Pathway1608,0
reactome:Pathway2336,abstraction:NextStepPathway,reactome:Pathway2314,2.140774629696644
reactome:Pathway2598,abstraction:NextStepPathway,reactome:Pathway250,0
reactome:Pathway2043,abstraction:NextStepPathway,reactome:Pathway2047,5.306852268997874
reactome:Pathway2671,abstraction:NextStepPathway,reactome:Pathway2697,4.390561537123719
reactome:Pathway1688,abstraction:NextStepPathway,reactome:Pathway2380,0
reactome:Pathway499,abstraction:NextStepPathway,reactome:Pathway179,0
reactome:Pathway1627,abstraction:NextStepPathway,reactome:Pathway1626,5.643324505619087
reactome:Pathway2622,abstraction:NextStepPathway,reactome:Pathway32,0
reactome:Pathway1521,abstraction:NextStepPathway,reactome:Pathway2109,0
reactome:Pathway2812,abstraction:NextStepPathway,reactome:Pathway222,0
reactome:Pathway1102,abstraction:NextStepPathway,reactome:Pathway1108,5.380960241151596
reactome:Pathway2556,abstraction:NextStepPathway,reactome:Pathway2548,4.950177325059141
reactome:Pathway1521,abstraction:NextStepPathway,reactome:Pathway2205,0
reactome:Pathway2366,abstraction:NextStepPathway,reactome:Pathway1670,0
reactome:Pathway2724,abstraction:NextStepPathway,reactome:Pathway2731,5.548014325814762
reactome:Pathway1700,abstraction:NextStepPathway,reactome:Pathway1702,4.854867145254817
reactome:Pathway2200,abstraction:NextStepPathway,reactome:Pathway1750,0
reactome:Pathway1979,abstraction:NextStepPathway,reactome:Pathway1873,0
reactome:Pathway2556,abstraction:NextStepPathway,reactome:Pathway2545,4.950177325059141
reactome:Pathway2377,abstraction:NextStepPathway,reactome:Pathway2376,5.237859397510922
reactome:Pathway1972,abstraction:NextStepPathway,reactome:Pathway2227,0
reactome:Pathway1543,abstraction:NextStepPathway,reactome:Pathway1428,1.9224620056521
reactome:Pathway1504,abstraction:NextStepPathway,reactome:Pathway1234,0
reactome:Pathway1233,abstraction:NextStepPathway,reactome:Pathway1534,0
reactome:Pathway1977,abstraction:NextStepPathway,reactome:Pathway2205,0
reactome:Pathway1940,abstraction:NextStepPathway,reactome:Pathway2170,0
reactome:Pathway287,abstraction:NextStepPathway,reactome:Pathway1529,0
reactome:Pathway2027,abstraction:NextStepPathway,reactome:Pathway2219,2.140774629696644
reactome:Pathway2539,abstraction:NextStepPathway,reactome:Pathway1741,0
reactome:Pathway2365,abstraction:NextStepPathway,reactome:Pathway2543,0
reactome:Pathway215,abstraction:NextStepPathway,reactome:Pathway211,5.999999449557819
reactome:Pathway1750,abstraction:NextStepPathway,reactome:Pathway134,0
reactome:Pathway1824,abstraction:NextStepPathway,reactome:Pathway1840,3.209711150218637
reactome:Pathway2810,abstraction:NextStepPathway,reactome:Pathway2816,5.643324505619087
reactome:Pathway256,abstraction:NextStepPathway,reactome:Pathway264,5.548014325814762
reactome:Pathway2476,abstraction:NextStepPathway,reactome:Pathway2475,5.112696254556917
reactome:Pathway1619,abstraction:NextStepPathway,reactome:Pathway1621,5.643324505619087
reactome:Pathway256,abstraction:NextStepPathway,reactome:Pathway260,5.548014325814762
reactome:Pathway482,abstraction:NextStepPathway,reactome:Pathway1856,0
reactome:Pathway482,abstraction:NextStepPathway,reactome:Pathway1754,0
reactome:Pathway2005,abstraction:NextStepPathway,reactome:Pathway1996,5.237859397510922
reactome:Pathway1965,abstraction:NextStepPathway,reactome:Pathway2283,0
reactome:Pathway1750,abstraction:NextStepPathway,reactome:Pathway1530,0
reactome:Pathway2500,abstraction:NextStepPathway,reactome:Pathway248,0
reactome:Pathway2549,abstraction:NextStepPathway,reactome:Pathway2550,6.847297309945023
reactome:Pathway1631,abstraction:NextStepPathway,reactome:Pathway2383,0
reactome:Pathway2064,abstraction:NextStepPathway,reactome:Pathway2066,5.461002948825132
reactome:Pathway1538,abstraction:NextStepPathway,reactome:Pathway1544,4.544712216950978
reactome:Pathway132,abstraction:NextStepPathway,reactome:Pathway1619,0
reactome:Pathway367,abstraction:NextStepPathway,reactome:Pathway364,6.559615237493242
reactome:Pathway2133,abstraction:NextStepPathway,reactome:Pathway1635,0
reactome:Pathway1427,abstraction:NextStepPathway,reactome:Pathway1225,0
reactome:Pathway1104,abstraction:NextStepPathway,reactome:Pathway1107,5.380960241151596
reactome:Pathway1626,abstraction:NextStepPathway,reactome:Pathway250,0
reactome:Pathway1506,abstraction:NextStepPathway,reactome:Pathway1541,3.8350357344398214
reactome:Pathway1362,abstraction:NextStepPathway,reactome:Pathway1367,5.748685021276914
reactome:Pathway2324,abstraction:NextStepPathway,reactome:Pathway2081,2.140774629696644
reactome:Pathway1579,abstraction:NextStepPathway,reactome:Pathway388,0
reactome:Pathway1234,abstraction:NextStepPathway,reactome:Pathway1536,0
reactome:Pathway1165,abstraction:NextStepPathway,reactome:Pathway1187,4.095761996903074
reactome:Pathway2383,abstraction:NextStepPathway,reactome:Pathway2384,5.8664680569332965
reactome:Pathway2235,abstraction:NextStepPathway,reactome:Pathway2352,2.140774629696644
reactome:Pathway351,abstraction:NextStepPathway,reactome:Pathway349,4.810415382683983
