Source,Interaction,Target
reactome:Pathway271,abstraction:NextStepPathway,reactome:Pathway1741
reactome:Pathway1861,abstraction:NextStepPathway,reactome:Pathway1429
reactome:Pathway1776,abstraction:NextStepPathway,reactome:Pathway1781
reactome:Pathway671,abstraction:NextStepPathway,reactome:Pathway672
reactome:Pathway1783,abstraction:NextStepPathway,reactome:Pathway247
reactome:Pathway134,abstraction:NextStepPathway,reactome:Pathway286
reactome:Pathway2365,abstraction:NextStepPathway,reactome:Pathway2559
reactome:Pathway2348,abstraction:NextStepPathway,reactome:Pathway2221
reactome:Pathway184,abstraction:NextStepPathway,reactome:Pathway444
reactome:Pathway1423,abstraction:NextStepPathway,reactome:Pathway1619
reactome:Pathway131,abstraction:NextStepPathway,reactome:Pathway1393
reactome:Pathway1555,abstraction:NextStepPathway,reactome:Pathway2728
reactome:Pathway2050,abstraction:NextStepPathway,reactome:Pathway2052
reactome:Pathway1780,abstraction:NextStepPathway,reactome:Pathway247
reactome:Pathway1433,abstraction:NextStepPathway,reactome:Pathway1439
reactome:Pathway2150,abstraction:NextStepPathway,reactome:Pathway2318
reactome:Pathway2028,abstraction:NextStepPathway,reactome:Pathway345
reactome:Pathway1604,abstraction:NextStepPathway,reactome:Pathway2325
reactome:Pathway1626,abstraction:NextStepPathway,reactome:Pathway1390
reactome:Pathway114,abstraction:NextStepPathway,reactome:Pathway2270
reactome:Pathway2099,abstraction:NextStepPathway,reactome:Pathway2222
reactome:Pathway2425,abstraction:NextStepPathway,reactome:Pathway2444
reactome:Pathway1429,abstraction:NextStepPathway,reactome:Pathway1642
reactome:Pathway537,abstraction:NextStepPathway,reactome:Pathway539
reactome:Pathway2556,abstraction:NextStepPathway,reactome:Pathway2550
reactome:Pathway255,abstraction:NextStepPathway,reactome:Pathway1210
reactome:Pathway2696,abstraction:NextStepPathway,reactome:Pathway2693
reactome:Pathway1801,abstraction:NextStepPathway,reactome:Pathway1774
reactome:Pathway1568,abstraction:NextStepPathway,reactome:Pathway1584
reactome:Pathway1568,abstraction:NextStepPathway,reactome:Pathway1588
reactome:Pathway1555,abstraction:NextStepPathway,reactome:Pathway1562
reactome:Pathway2486,abstraction:NextStepPathway,reactome:Pathway2485
reactome:Pathway1889,abstraction:NextStepPathway,reactome:Pathway1205
reactome:Pathway2068,abstraction:NextStepPathway,reactome:Pathway2066
reactome:Pathway1929,abstraction:NextStepPathway,reactome:Pathway1857
reactome:Pathway1584,abstraction:NextStepPathway,reactome:Pathway1677
reactome:Pathway286,abstraction:NextStepPathway,reactome:Pathway1537
reactome:Pathway2226,abstraction:NextStepPathway,reactome:Pathway2027
reactome:Pathway301,abstraction:NextStepPathway,reactome:Pathway306
reactome:Pathway179,abstraction:NextStepPathway,reactome:Pathway1529
reactome:Pathway1642,abstraction:NextStepPathway,reactome:Pathway1526
reactome:Pathway1201,abstraction:NextStepPathway,reactome:Pathway1205
reactome:Pathway469,abstraction:NextStepPathway,reactome:Pathway466
reactome:Pathway271,abstraction:NextStepPathway,reactome:Pathway279
reactome:Pathway1104,abstraction:NextStepPathway,reactome:Pathway1105
reactome:Pathway1672,abstraction:NextStepPathway,reactome:Pathway1670
reactome:Pathway1209,abstraction:NextStepPathway,reactome:Pathway2211
reactome:Pathway1520,abstraction:NextStepPathway,reactome:Pathway1234
reactome:Pathway248,abstraction:NextStepPathway,reactome:Pathway2555
reactome:Pathway2534,abstraction:NextStepPathway,reactome:Pathway70
reactome:Pathway2218,abstraction:NextStepPathway,reactome:Pathway1603
reactome:Pathway2099,abstraction:NextStepPathway,reactome:Pathway2100
reactome:Pathway1948,abstraction:NextStepPathway,reactome:Pathway1947
reactome:Pathway2548,abstraction:NextStepPathway,reactome:Pathway2383
reactome:Pathway1414,abstraction:NextStepPathway,reactome:Pathway1415
reactome:Pathway1927,abstraction:NextStepPathway,reactome:Pathway1862
reactome:Pathway1195,abstraction:NextStepPathway,reactome:Pathway1196
reactome:Pathway2317,abstraction:NextStepPathway,reactome:Pathway2150
reactome:Pathway1605,abstraction:NextStepPathway,reactome:Pathway1606
reactome:Pathway2279,abstraction:NextStepPathway,reactome:Pathway2265
reactome:Pathway1452,abstraction:NextStepPathway,reactome:Pathway1414
reactome:Pathway2203,abstraction:NextStepPathway,reactome:Pathway1234
reactome:Pathway1729,abstraction:NextStepPathway,reactome:Pathway1730
reactome:Pathway1382,abstraction:NextStepPathway,reactome:Pathway1350
reactome:Pathway1642,abstraction:NextStepPathway,reactome:Pathway286
reactome:Pathway2383,abstraction:NextStepPathway,reactome:Pathway2391
reactome:Pathway1973,abstraction:NextStepPathway,reactome:Pathway2050
reactome:Pathway39,abstraction:NextStepPathway,reactome:Pathway56
reactome:Pathway1480,abstraction:NextStepPathway,reactome:Pathway2610
reactome:Pathway2548,abstraction:NextStepPathway,reactome:Pathway248
reactome:Pathway1536,abstraction:NextStepPathway,reactome:Pathway2204
reactome:Pathway2028,abstraction:NextStepPathway,reactome:Pathway344
reactome:Pathway1387,abstraction:NextStepPathway,reactome:Pathway250
reactome:Pathway1697,abstraction:NextStepPathway,reactome:Pathway2541
reactome:Pathway2757,abstraction:NextStepPathway,reactome:Pathway2758
reactome:Pathway2247,abstraction:NextStepPathway,reactome:Pathway2236
reactome:Pathway1775,abstraction:NextStepPathway,reactome:Pathway1896
reactome:Pathway2617,abstraction:NextStepPathway,reactome:Pathway1101
reactome:Pathway2303,abstraction:NextStepPathway,reactome:Pathway2302
reactome:Pathway1924,abstraction:NextStepPathway,reactome:Pathway2796
reactome:Pathway2525,abstraction:NextStepPathway,reactome:Pathway2524
reactome:Pathway2134,abstraction:NextStepPathway,reactome:Pathway2060
reactome:Pathway2515,abstraction:NextStepPathway,reactome:Pathway2516
reactome:Pathway2773,abstraction:NextStepPathway,reactome:Pathway1427
reactome:Pathway1896,abstraction:NextStepPathway,reactome:Pathway1824
reactome:Pathway524,abstraction:NextStepPathway,reactome:Pathway1533
reactome:Pathway134,abstraction:NextStepPathway,reactome:Pathway2030
reactome:Pathway1205,abstraction:NextStepPathway,reactome:Pathway1832
reactome:Pathway1861,abstraction:NextStepPathway,reactome:Pathway1856
reactome:Pathway172,abstraction:NextStepPathway,reactome:Pathway1533
reactome:Pathway1851,abstraction:NextStepPathway,reactome:Pathway524
reactome:Pathway1861,abstraction:NextStepPathway,reactome:Pathway1754
reactome:Pathway2296,abstraction:NextStepPathway,reactome:Pathway269
reactome:Pathway2810,abstraction:NextStepPathway,reactome:Pathway2813
reactome:Pathway1908,abstraction:NextStepPathway,reactome:Pathway1907
reactome:Pathway1480,abstraction:NextStepPathway,reactome:Pathway2590
reactome:Pathway1873,abstraction:NextStepPathway,reactome:Pathway479
reactome:Pathway1423,abstraction:NextStepPathway,reactome:Pathway1631
reactome:Pathway2036,abstraction:NextStepPathway,reactome:Pathway269
reactome:Pathway1537,abstraction:NextStepPathway,reactome:Pathway1546
reactome:Pathway2120,abstraction:NextStepPathway,reactome:Pathway2112
reactome:Pathway1855,abstraction:NextStepPathway,reactome:Pathway1783
reactome:Pathway1375,abstraction:NextStepPathway,reactome:Pathway1388
reactome:Pathway2272,abstraction:NextStepPathway,reactome:Pathway2273
reactome:Pathway2082,abstraction:NextStepPathway,reactome:Pathway2081
reactome:Pathway1790,abstraction:NextStepPathway,reactome:Pathway1773
reactome:Pathway2080,abstraction:NextStepPathway,reactome:Pathway2194
reactome:Pathway2211,abstraction:NextStepPathway,reactome:Pathway2267
reactome:Pathway1324,abstraction:NextStepPathway,reactome:Pathway1368
reactome:Pathway2777,abstraction:NextStepPathway,reactome:Pathway1619
reactome:Pathway1735,abstraction:NextStepPathway,reactome:Pathway1641
reactome:Pathway1734,abstraction:NextStepPathway,reactome:Pathway1736
reactome:Pathway1776,abstraction:NextStepPathway,reactome:Pathway1840
reactome:Pathway179,abstraction:NextStepPathway,reactome:Pathway2196
reactome:Pathway2647,abstraction:NextStepPathway,reactome:Pathway728
reactome:Pathway1537,abstraction:NextStepPathway,reactome:Pathway134
reactome:Pathway1689,abstraction:NextStepPathway,reactome:Pathway1672
reactome:Pathway1387,abstraction:NextStepPathway,reactome:Pathway1390
reactome:Pathway2027,abstraction:NextStepPathway,reactome:Pathway2541
reactome:Pathway2203,abstraction:NextStepPathway,reactome:Pathway1538
reactome:Pathway2784,abstraction:NextStepPathway,reactome:Pathway2785
reactome:Pathway1760,abstraction:NextStepPathway,reactome:Pathway1761
reactome:Pathway1477,abstraction:NextStepPathway,reactome:Pathway1203
reactome:Pathway1977,abstraction:NextStepPathway,reactome:Pathway1234
reactome:Pathway1875,abstraction:NextStepPathway,reactome:Pathway1776
reactome:Pathway2361,abstraction:NextStepPathway,reactome:Pathway248
reactome:Pathway1856,abstraction:NextStepPathway,reactome:Pathway134
reactome:Pathway207,abstraction:NextStepPathway,reactome:Pathway206
reactome:Pathway1821,abstraction:NextStepPathway,reactome:Pathway1822
reactome:Pathway2453,abstraction:NextStepPathway,reactome:Pathway2455
reactome:Pathway1537,abstraction:NextStepPathway,reactome:Pathway1520
reactome:Pathway1856,abstraction:NextStepPathway,reactome:Pathway1851
reactome:Pathway1960,abstraction:NextStepPathway,reactome:Pathway2258
reactome:Pathway1537,abstraction:NextStepPathway,reactome:Pathway1532
reactome:Pathway1731,abstraction:NextStepPathway,reactome:Pathway1850
reactome:Pathway2131,abstraction:NextStepPathway,reactome:Pathway2124
reactome:Pathway2562,abstraction:NextStepPathway,reactome:Pathway2567
reactome:Pathway2133,abstraction:NextStepPathway,reactome:Pathway2134
reactome:Pathway10,abstraction:NextStepPathway,reactome:Pathway12
reactome:Pathway104,abstraction:NextStepPathway,reactome:Pathway103
reactome:Pathway1735,abstraction:NextStepPathway,reactome:Pathway1631
reactome:Pathway2365,abstraction:NextStepPathway,reactome:Pathway2551
reactome:Pathway18,abstraction:NextStepPathway,reactome:Pathway19
reactome:Pathway1856,abstraction:NextStepPathway,reactome:Pathway1669
reactome:Pathway1619,abstraction:NextStepPathway,reactome:Pathway1360
reactome:Pathway2079,abstraction:NextStepPathway,reactome:Pathway2082
reactome:Pathway1702,abstraction:NextStepPathway,reactome:Pathway2670
reactome:Pathway394,abstraction:NextStepPathway,reactome:Pathway88
reactome:Pathway1572,abstraction:NextStepPathway,reactome:Pathway1577
reactome:Pathway2555,abstraction:NextStepPathway,reactome:Pathway247
reactome:Pathway1824,abstraction:NextStepPathway,reactome:Pathway1835
reactome:Pathway1857,abstraction:NextStepPathway,reactome:Pathway1715
reactome:Pathway321,abstraction:NextStepPathway,reactome:Pathway325
reactome:Pathway1776,abstraction:NextStepPathway,reactome:Pathway1205
reactome:Pathway1210,abstraction:NextStepPathway,reactome:Pathway1512
reactome:Pathway1689,abstraction:NextStepPathway,reactome:Pathway1850
reactome:Pathway2728,abstraction:NextStepPathway,reactome:Pathway2729
reactome:Pathway2556,abstraction:NextStepPathway,reactome:Pathway2549
reactome:Pathway1965,abstraction:NextStepPathway,reactome:Pathway103
reactome:Pathway2135,abstraction:NextStepPathway,reactome:Pathway2136
reactome:Pathway1838,abstraction:NextStepPathway,reactome:Pathway1839
reactome:Pathway2196,abstraction:NextStepPathway,reactome:Pathway1529
reactome:Pathway2394,abstraction:NextStepPathway,reactome:Pathway2374
reactome:Pathway1234,abstraction:NextStepPathway,reactome:Pathway1533
reactome:Pathway1601,abstraction:NextStepPathway,reactome:Pathway674
reactome:Pathway2118,abstraction:NextStepPathway,reactome:Pathway2125
reactome:Pathway2810,abstraction:NextStepPathway,reactome:Pathway2817
reactome:Pathway2551,abstraction:NextStepPathway,reactome:Pathway2526
reactome:Pathway439,abstraction:NextStepPathway,reactome:Pathway329
reactome:Pathway1677,abstraction:NextStepPathway,reactome:Pathway1439
reactome:Pathway2027,abstraction:NextStepPathway,reactome:Pathway1961
reactome:Pathway1541,abstraction:NextStepPathway,reactome:Pathway1544
reactome:Pathway2668,abstraction:NextStepPathway,reactome:Pathway1777
reactome:Pathway1779,abstraction:NextStepPathway,reactome:Pathway247
reactome:Pathway1521,abstraction:NextStepPathway,reactome:Pathway1537
reactome:Pathway1225,abstraction:NextStepPathway,reactome:Pathway493
reactome:Pathway1234,abstraction:NextStepPathway,reactome:Pathway1531
reactome:Pathway2383,abstraction:NextStepPathway,reactome:Pathway2397
reactome:Pathway1173,abstraction:NextStepPathway,reactome:Pathway1184
reactome:Pathway1831,abstraction:NextStepPathway,reactome:Pathway1833
reactome:Pathway1812,abstraction:NextStepPathway,reactome:Pathway1801
reactome:Pathway2541,abstraction:NextStepPathway,reactome:Pathway2036
reactome:Pathway62,abstraction:NextStepPathway,reactome:Pathway2719
reactome:Pathway2209,abstraction:NextStepPathway,reactome:Pathway2028
reactome:Pathway1555,abstraction:NextStepPathway,reactome:Pathway1549
reactome:Pathway2165,abstraction:NextStepPathway,reactome:Pathway2163
reactome:Pathway2594,abstraction:NextStepPathway,reactome:Pathway2539
reactome:Pathway1931,abstraction:NextStepPathway,reactome:Pathway1932
reactome:Pathway1627,abstraction:NextStepPathway,reactome:Pathway1619
reactome:Pathway422,abstraction:NextStepPathway,reactome:Pathway424
reactome:Pathway493,abstraction:NextStepPathway,reactome:Pathway1588
reactome:Pathway248,abstraction:NextStepPathway,reactome:Pathway250
reactome:Pathway1750,abstraction:NextStepPathway,reactome:Pathway1642
reactome:Pathway485,abstraction:NextStepPathway,reactome:Pathway509
reactome:Pathway1532,abstraction:NextStepPathway,reactome:Pathway1977
reactome:Pathway2349,abstraction:NextStepPathway,reactome:Pathway2348
reactome:Pathway1917,abstraction:NextStepPathway,reactome:Pathway1921
reactome:Pathway2216,abstraction:NextStepPathway,reactome:Pathway2027
reactome:Pathway2744,abstraction:NextStepPathway,reactome:Pathway1669
reactome:Pathway395,abstraction:NextStepPathway,reactome:Pathway1761
reactome:Pathway286,abstraction:NextStepPathway,reactome:Pathway2211
reactome:Pathway2398,abstraction:NextStepPathway,reactome:Pathway2423
reactome:Pathway134,abstraction:NextStepPathway,reactome:Pathway1393
reactome:Pathway319,abstraction:NextStepPathway,reactome:Pathway317
reactome:Pathway351,abstraction:NextStepPathway,reactome:Pathway350
reactome:Pathway1699,abstraction:NextStepPathway,reactome:Pathway2705
reactome:Pathway269,abstraction:NextStepPathway,reactome:Pathway2236
reactome:Pathway2051,abstraction:NextStepPathway,reactome:Pathway2052
reactome:Pathway1908,abstraction:NextStepPathway,reactome:Pathway1925
reactome:Pathway2068,abstraction:NextStepPathway,reactome:Pathway2061
reactome:Pathway1322,abstraction:NextStepPathway,reactome:Pathway1412
reactome:Pathway2398,abstraction:NextStepPathway,reactome:Pathway2418
reactome:Pathway1431,abstraction:NextStepPathway,reactome:Pathway1619
reactome:Pathway2068,abstraction:NextStepPathway,reactome:Pathway2196
reactome:Pathway2068,abstraction:NextStepPathway,reactome:Pathway1861
reactome:Pathway49,abstraction:NextStepPathway,reactome:Pathway2626
reactome:Pathway247,abstraction:NextStepPathway,reactome:Pathway2683
reactome:Pathway1606,abstraction:NextStepPathway,reactome:Pathway2380
reactome:Pathway1730,abstraction:NextStepPathway,reactome:Pathway1731
reactome:Pathway1544,abstraction:NextStepPathway,reactome:Pathway1588
reactome:Pathway2383,abstraction:NextStepPathway,reactome:Pathway248
reactome:Pathway2658,abstraction:NextStepPathway,reactome:Pathway2660
reactome:Pathway51,abstraction:NextStepPathway,reactome:Pathway52
reactome:Pathway2475,abstraction:NextStepPathway,reactome:Pathway2478
reactome:Pathway1533,abstraction:NextStepPathway,reactome:Pathway436
reactome:Pathway1908,abstraction:NextStepPathway,reactome:Pathway1903
reactome:Pathway2681,abstraction:NextStepPathway,reactome:Pathway2684
reactome:Pathway2196,abstraction:NextStepPathway,reactome:Pathway1861
reactome:Pathway1091,abstraction:NextStepPathway,reactome:Pathway1092
reactome:Pathway2480,abstraction:NextStepPathway,reactome:Pathway2481
reactome:Pathway478,abstraction:NextStepPathway,reactome:Pathway1234
reactome:Pathway1851,abstraction:NextStepPathway,reactome:Pathway1233
reactome:Pathway2079,abstraction:NextStepPathway,reactome:Pathway2083
reactome:Pathway1773,abstraction:NextStepPathway,reactome:Pathway1774
reactome:Pathway1533,abstraction:NextStepPathway,reactome:Pathway1531
reactome:Pathway1429,abstraction:NextStepPathway,reactome:Pathway1856
reactome:Pathway2361,abstraction:NextStepPathway,reactome:Pathway2404
reactome:Pathway524,abstraction:NextStepPathway,reactome:Pathway132
reactome:Pathway1429,abstraction:NextStepPathway,reactome:Pathway1754
reactome:Pathway1555,abstraction:NextStepPathway,reactome:Pathway2591
reactome:Pathway172,abstraction:NextStepPathway,reactome:Pathway132
reactome:Pathway509,abstraction:NextStepPathway,reactome:Pathway463
reactome:Pathway1631,abstraction:NextStepPathway,reactome:Pathway1566
reactome:Pathway2801,abstraction:NextStepPathway,reactome:Pathway2804
reactome:Pathway1850,abstraction:NextStepPathway,reactome:Pathway1225
reactome:Pathway2313,abstraction:NextStepPathway,reactome:Pathway2314
reactome:Pathway1477,abstraction:NextStepPathway,reactome:Pathway250
reactome:Pathway2641,abstraction:NextStepPathway,reactome:Pathway2642
reactome:Pathway491,abstraction:NextStepPathway,reactome:Pathway1538
reactome:Pathway1526,abstraction:NextStepPathway,reactome:Pathway179
reactome:Pathway1233,abstraction:NextStepPathway,reactome:Pathway2211
reactome:Pathway1477,abstraction:NextStepPathway,reactome:Pathway2590
reactome:Pathway2032,abstraction:NextStepPathway,reactome:Pathway2033
reactome:Pathway2073,abstraction:NextStepPathway,reactome:Pathway2074
reactome:Pathway2721,abstraction:NextStepPathway,reactome:Pathway2772
reactome:Pathway1234,abstraction:NextStepPathway,reactome:Pathway1233
reactome:Pathway250,abstraction:NextStepPathway,reactome:Pathway247
reactome:Pathway482,abstraction:NextStepPathway,reactome:Pathway179
reactome:Pathway1412,abstraction:NextStepPathway,reactome:Pathway1378
reactome:Pathway1835,abstraction:NextStepPathway,reactome:Pathway1845
reactome:Pathway252,abstraction:NextStepPathway,reactome:Pathway271
reactome:Pathway1234,abstraction:NextStepPathway,reactome:Pathway1609
reactome:Pathway1382,abstraction:NextStepPathway,reactome:Pathway2749
reactome:Pathway144,abstraction:NextStepPathway,reactome:Pathway1444
reactome:Pathway100,abstraction:NextStepPathway,reactome:Pathway102
reactome:Pathway2204,abstraction:NextStepPathway,reactome:Pathway134
reactome:Pathway2673,abstraction:NextStepPathway,reactome:Pathway2682
reactome:Pathway2462,abstraction:NextStepPathway,reactome:Pathway2463
reactome:Pathway1494,abstraction:NextStepPathway,reactome:Pathway1538
reactome:Pathway2640,abstraction:NextStepPathway,reactome:Pathway2643
reactome:Pathway2691,abstraction:NextStepPathway,reactome:Pathway2695
reactome:Pathway1521,abstraction:NextStepPathway,reactome:Pathway1607
reactome:Pathway2313,abstraction:NextStepPathway,reactome:Pathway1209
reactome:Pathway256,abstraction:NextStepPathway,reactome:Pathway262
reactome:Pathway405,abstraction:NextStepPathway,reactome:Pathway1491
reactome:Pathway2219,abstraction:NextStepPathway,reactome:Pathway2220
reactome:Pathway2328,abstraction:NextStepPathway,reactome:Pathway2324
reactome:Pathway2397,abstraction:NextStepPathway,reactome:Pathway2435
reactome:Pathway267,abstraction:NextStepPathway,reactome:Pathway436
reactome:Pathway2060,abstraction:NextStepPathway,reactome:Pathway1851
reactome:Pathway2204,abstraction:NextStepPathway,reactome:Pathway1532
reactome:Pathway13,abstraction:NextStepPathway,reactome:Pathway14
reactome:Pathway1400,abstraction:NextStepPathway,reactome:Pathway1631
reactome:Pathway493,abstraction:NextStepPathway,reactome:Pathway1541
reactome:Pathway2284,abstraction:NextStepPathway,reactome:Pathway2301
reactome:Pathway1544,abstraction:NextStepPathway,reactome:Pathway1861
reactome:Pathway248,abstraction:NextStepPathway,reactome:Pathway2545
reactome:Pathway1544,abstraction:NextStepPathway,reactome:Pathway2196
reactome:Pathway1477,abstraction:NextStepPathway,reactome:Pathway1187
reactome:Pathway2555,abstraction:NextStepPathway,reactome:Pathway2558
reactome:Pathway1168,abstraction:NextStepPathway,reactome:Pathway1170
reactome:Pathway2756,abstraction:NextStepPathway,reactome:Pathway2763
reactome:Pathway1484,abstraction:NextStepPathway,reactome:Pathway1485
reactome:Pathway2759,abstraction:NextStepPathway,reactome:Pathway2751
reactome:Pathway2302,abstraction:NextStepPathway,reactome:Pathway2285
reactome:Pathway1473,abstraction:NextStepPathway,reactome:Pathway454
reactome:Pathway1526,abstraction:NextStepPathway,reactome:Pathway1588
reactome:Pathway1631,abstraction:NextStepPathway,reactome:Pathway2555
reactome:Pathway1503,abstraction:NextStepPathway,reactome:Pathway1520
reactome:Pathway1642,abstraction:NextStepPathway,reactome:Pathway1851
reactome:Pathway1722,abstraction:NextStepPathway,reactome:Pathway1908
reactome:Pathway1862,abstraction:NextStepPathway,reactome:Pathway1857
reactome:Pathway2398,abstraction:NextStepPathway,reactome:Pathway2411
reactome:Pathway503,abstraction:NextStepPathway,reactome:Pathway507
reactome:Pathway99,abstraction:NextStepPathway,reactome:Pathway98
reactome:Pathway1857,abstraction:NextStepPathway,reactome:Pathway1741
reactome:Pathway211,abstraction:NextStepPathway,reactome:Pathway212
reactome:Pathway1896,abstraction:NextStepPathway,reactome:Pathway1777
reactome:Pathway2244,abstraction:NextStepPathway,reactome:Pathway2258
reactome:Pathway1780,abstraction:NextStepPathway,reactome:Pathway1783
reactome:Pathway184,abstraction:NextStepPathway,reactome:Pathway1393
reactome:Pathway256,abstraction:NextStepPathway,reactome:Pathway255
reactome:Pathway1775,abstraction:NextStepPathway,reactome:Pathway1824
reactome:Pathway524,abstraction:NextStepPathway,reactome:Pathway172
reactome:Pathway2235,abstraction:NextStepPathway,reactome:Pathway292
reactome:Pathway1538,abstraction:NextStepPathway,reactome:Pathway1546
reactome:Pathway2500,abstraction:NextStepPathway,reactome:Pathway2556
reactome:Pathway2668,abstraction:NextStepPathway,reactome:Pathway727
reactome:Pathway1607,abstraction:NextStepPathway,reactome:Pathway2211
reactome:Pathway1520,abstraction:NextStepPathway,reactome:Pathway1522
reactome:Pathway421,abstraction:NextStepPathway,reactome:Pathway424
reactome:Pathway1670,abstraction:NextStepPathway,reactome:Pathway2366
reactome:Pathway286,abstraction:NextStepPathway,reactome:Pathway1588
reactome:Pathway1533,abstraction:NextStepPathway,reactome:Pathway1609
reactome:Pathway2220,abstraction:NextStepPathway,reactome:Pathway2222
reactome:Pathway46,abstraction:NextStepPathway,reactome:Pathway42
reactome:Pathway1600,abstraction:NextStepPathway,reactome:Pathway1597
reactome:Pathway1722,abstraction:NextStepPathway,reactome:Pathway1925
reactome:Pathway372,abstraction:NextStepPathway,reactome:Pathway2810
reactome:Pathway1138,abstraction:NextStepPathway,reactome:Pathway1140
reactome:Pathway2221,abstraction:NextStepPathway,reactome:Pathway2219
reactome:Pathway2397,abstraction:NextStepPathway,reactome:Pathway2415
reactome:Pathway1320,abstraction:NextStepPathway,reactome:Pathway1325
reactome:Pathway2094,abstraction:NextStepPathway,reactome:Pathway2095
reactome:Pathway1091,abstraction:NextStepPathway,reactome:Pathway1094
reactome:Pathway365,abstraction:NextStepPathway,reactome:Pathway366
reactome:Pathway306,abstraction:NextStepPathway,reactome:Pathway305
reactome:Pathway2203,abstraction:NextStepPathway,reactome:Pathway1522
reactome:Pathway1826,abstraction:NextStepPathway,reactome:Pathway267
reactome:Pathway1669,abstraction:NextStepPathway,reactome:Pathway1850
reactome:Pathway1694,abstraction:NextStepPathway,reactome:Pathway1696
reactome:Pathway1427,abstraction:NextStepPathway,reactome:Pathway1676
reactome:Pathway694,abstraction:NextStepPathway,reactome:Pathway693
reactome:Pathway101,abstraction:NextStepPathway,reactome:Pathway2308
reactome:Pathway1722,abstraction:NextStepPathway,reactome:Pathway1903
reactome:Pathway2222,abstraction:NextStepPathway,reactome:Pathway2541
reactome:Pathway506,abstraction:NextStepPathway,reactome:Pathway1276
reactome:Pathway1428,abstraction:NextStepPathway,reactome:Pathway1735
reactome:Pathway1811,abstraction:NextStepPathway,reactome:Pathway1801
reactome:Pathway1192,abstraction:NextStepPathway,reactome:Pathway1188
reactome:Pathway266,abstraction:NextStepPathway,reactome:Pathway253
reactome:Pathway2549,abstraction:NextStepPathway,reactome:Pathway2366
reactome:Pathway1842,abstraction:NextStepPathway,reactome:Pathway1839
reactome:Pathway438,abstraction:NextStepPathway,reactome:Pathway444
reactome:Pathway485,abstraction:NextStepPathway,reactome:Pathway493
reactome:Pathway1589,abstraction:NextStepPathway,reactome:Pathway2539
reactome:Pathway1875,abstraction:NextStepPathway,reactome:Pathway1896
reactome:Pathway306,abstraction:NextStepPathway,reactome:Pathway307
reactome:Pathway88,abstraction:NextStepPathway,reactome:Pathway394
reactome:Pathway2094,abstraction:NextStepPathway,reactome:Pathway2222
reactome:Pathway490,abstraction:NextStepPathway,reactome:Pathway1545
reactome:Pathway1856,abstraction:NextStepPathway,reactome:Pathway1642
reactome:Pathway2227,abstraction:NextStepPathway,reactome:Pathway1972
reactome:Pathway2394,abstraction:NextStepPathway,reactome:Pathway2354
reactome:Pathway1531,abstraction:NextStepPathway,reactome:Pathway2600
reactome:Pathway2122,abstraction:NextStepPathway,reactome:Pathway2131
reactome:Pathway1851,abstraction:NextStepPathway,reactome:Pathway172
reactome:Pathway438,abstraction:NextStepPathway,reactome:Pathway441
reactome:Pathway114,abstraction:NextStepPathway,reactome:Pathway2541
reactome:Pathway1789,abstraction:NextStepPathway,reactome:Pathway1779
reactome:Pathway2113,abstraction:NextStepPathway,reactome:Pathway2117
reactome:Pathway1931,abstraction:NextStepPathway,reactome:Pathway1621
reactome:Pathway1619,abstraction:NextStepPathway,reactome:Pathway247
reactome:Pathway2532,abstraction:NextStepPathway,reactome:Pathway2533
reactome:Pathway1233,abstraction:NextStepPathway,reactome:Pathway1588
reactome:Pathway1731,abstraction:NextStepPathway,reactome:Pathway1851
reactome:Pathway2200,abstraction:NextStepPathway,reactome:Pathway2196
reactome:Pathway1412,abstraction:NextStepPathway,reactome:Pathway1379
reactome:Pathway2200,abstraction:NextStepPathway,reactome:Pathway2198
reactome:Pathway1861,abstraction:NextStepPathway,reactome:Pathway179
reactome:Pathway1416,abstraction:NextStepPathway,reactome:Pathway1418
reactome:Pathway2320,abstraction:NextStepPathway,reactome:Pathway2340
reactome:Pathway1521,abstraction:NextStepPathway,reactome:Pathway1522
reactome:Pathway2267,abstraction:NextStepPathway,reactome:Pathway1607
reactome:Pathway1483,abstraction:NextStepPathway,reactome:Pathway1484
reactome:Pathway2332,abstraction:NextStepPathway,reactome:Pathway2352
reactome:Pathway1629,abstraction:NextStepPathway,reactome:Pathway1850
reactome:Pathway2028,abstraction:NextStepPathway,reactome:Pathway2035
reactome:Pathway1977,abstraction:NextStepPathway,reactome:Pathway1522
reactome:Pathway123,abstraction:NextStepPathway,reactome:Pathway125
reactome:Pathway1962,abstraction:NextStepPathway,reactome:Pathway2012
reactome:Pathway2209,abstraction:NextStepPathway,reactome:Pathway2112
reactome:Pathway35,abstraction:NextStepPathway,reactome:Pathway37
reactome:Pathway1689,abstraction:NextStepPathway,reactome:Pathway1669
reactome:Pathway2079,abstraction:NextStepPathway,reactome:Pathway2085
reactome:Pathway1198,abstraction:NextStepPathway,reactome:Pathway1209
reactome:Pathway499,abstraction:NextStepPathway,reactome:Pathway524
reactome:Pathway1538,abstraction:NextStepPathway,reactome:Pathway1543
reactome:Pathway1861,abstraction:NextStepPathway,reactome:Pathway1428
reactome:Pathway2175,abstraction:NextStepPathway,reactome:Pathway1496
reactome:Pathway1714,abstraction:NextStepPathway,reactome:Pathway1715
reactome:Pathway1908,abstraction:NextStepPathway,reactome:Pathway1601
reactome:Pathway2278,abstraction:NextStepPathway,reactome:Pathway2279
reactome:Pathway489,abstraction:NextStepPathway,reactome:Pathway1588
reactome:Pathway1619,abstraction:NextStepPathway,reactome:Pathway1626
reactome:Pathway1961,abstraction:NextStepPathway,reactome:Pathway2027
reactome:Pathway1433,abstraction:NextStepPathway,reactome:Pathway1442
reactome:Pathway1554,abstraction:NextStepPathway,reactome:Pathway257
reactome:Pathway2204,abstraction:NextStepPathway,reactome:Pathway1767
reactome:Pathway2164,abstraction:NextStepPathway,reactome:Pathway2165
reactome:Pathway2593,abstraction:NextStepPathway,reactome:Pathway2383
reactome:Pathway1456,abstraction:NextStepPathway,reactome:Pathway1457
reactome:Pathway179,abstraction:NextStepPathway,reactome:Pathway286
reactome:Pathway2603,abstraction:NextStepPathway,reactome:Pathway2600
reactome:Pathway462,abstraction:NextStepPathway,reactome:Pathway2275
reactome:Pathway1750,abstraction:NextStepPathway,reactome:Pathway130
reactome:Pathway1368,abstraction:NextStepPathway,reactome:Pathway1359
reactome:Pathway2810,abstraction:NextStepPathway,reactome:Pathway2819
reactome:Pathway1915,abstraction:NextStepPathway,reactome:Pathway1923
reactome:Pathway2073,abstraction:NextStepPathway,reactome:Pathway444
reactome:Pathway395,abstraction:NextStepPathway,reactome:Pathway1764
reactome:Pathway2541,abstraction:NextStepPathway,reactome:Pathway2228
reactome:Pathway2142,abstraction:NextStepPathway,reactome:Pathway2560
reactome:Pathway1233,abstraction:NextStepPathway,reactome:Pathway1861
reactome:Pathway2380,abstraction:NextStepPathway,reactome:Pathway2383
reactome:Pathway2313,abstraction:NextStepPathway,reactome:Pathway1979
reactome:Pathway1885,abstraction:NextStepPathway,reactome:Pathway1886
reactome:Pathway1973,abstraction:NextStepPathway,reactome:Pathway2337
reactome:Pathway256,abstraction:NextStepPathway,reactome:Pathway259
reactome:Pathway287,abstraction:NextStepPathway,reactome:Pathway524
reactome:Pathway1349,abstraction:NextStepPathway,reactome:Pathway1368
reactome:Pathway2220,abstraction:NextStepPathway,reactome:Pathway2350
reactome:Pathway2346,abstraction:NextStepPathway,reactome:Pathway2012
reactome:Pathway1904,abstraction:NextStepPathway,reactome:Pathway1906
reactome:Pathway2617,abstraction:NextStepPathway,reactome:Pathway1103
reactome:Pathway2336,abstraction:NextStepPathway,reactome:Pathway2352
reactome:Pathway2414,abstraction:NextStepPathway,reactome:Pathway2415
reactome:Pathway2443,abstraction:NextStepPathway,reactome:Pathway2445
reactome:Pathway1903,abstraction:NextStepPathway,reactome:Pathway1907
reactome:Pathway2267,abstraction:NextStepPathway,reactome:Pathway2211
reactome:Pathway2554,abstraction:NextStepPathway,reactome:Pathway2358
reactome:Pathway2555,abstraction:NextStepPathway,reactome:Pathway1632
reactome:Pathway1225,abstraction:NextStepPathway,reactome:Pathway1427
reactome:Pathway1850,abstraction:NextStepPathway,reactome:Pathway1669
reactome:Pathway2208,abstraction:NextStepPathway,reactome:Pathway2209
reactome:Pathway1305,abstraction:NextStepPathway,reactome:Pathway1914
reactome:Pathway1321,abstraction:NextStepPathway,reactome:Pathway1642
reactome:Pathway1568,abstraction:NextStepPathway,reactome:Pathway1581
reactome:Pathway1779,abstraction:NextStepPathway,reactome:Pathway1783
reactome:Pathway436,abstraction:NextStepPathway,reactome:Pathway253
reactome:Pathway134,abstraction:NextStepPathway,reactome:Pathway2204
reactome:Pathway1914,abstraction:NextStepPathway,reactome:Pathway1906
reactome:Pathway2028,abstraction:NextStepPathway,reactome:Pathway2030
reactome:Pathway340,abstraction:NextStepPathway,reactome:Pathway349
reactome:Pathway2365,abstraction:NextStepPathway,reactome:Pathway248
reactome:Pathway1854,abstraction:NextStepPathway,reactome:Pathway1858
reactome:Pathway252,abstraction:NextStepPathway,reactome:Pathway275
reactome:Pathway347,abstraction:NextStepPathway,reactome:Pathway2147
reactome:Pathway2204,abstraction:NextStepPathway,reactome:Pathway2205
reactome:Pathway2582,abstraction:NextStepPathway,reactome:Pathway2583
reactome:Pathway2114,abstraction:NextStepPathway,reactome:Pathway2115
reactome:Pathway1509,abstraction:NextStepPathway,reactome:Pathway489
reactome:Pathway1428,abstraction:NextStepPathway,reactome:Pathway1632
reactome:Pathway1593,abstraction:NextStepPathway,reactome:Pathway2584
reactome:Pathway2017,abstraction:NextStepPathway,reactome:Pathway2150
reactome:Pathway2466,abstraction:NextStepPathway,reactome:Pathway2480
reactome:Pathway1234,abstraction:NextStepPathway,reactome:Pathway2109
reactome:Pathway2503,abstraction:NextStepPathway,reactome:Pathway2506
reactome:Pathway1353,abstraction:NextStepPathway,reactome:Pathway1356
reactome:Pathway1856,abstraction:NextStepPathway,reactome:Pathway1429
reactome:Pathway2081,abstraction:NextStepPathway,reactome:Pathway2324
reactome:Pathway1766,abstraction:NextStepPathway,reactome:Pathway1928
reactome:Pathway1856,abstraction:NextStepPathway,reactome:Pathway1750
reactome:Pathway2073,abstraction:NextStepPathway,reactome:Pathway2154
reactome:Pathway2548,abstraction:NextStepPathway,reactome:Pathway2610
reactome:Pathway1537,abstraction:NextStepPathway,reactome:Pathway1234
reactome:Pathway388,abstraction:NextStepPathway,reactome:Pathway1478
reactome:Pathway2629,abstraction:NextStepPathway,reactome:Pathway76
reactome:Pathway2384,abstraction:NextStepPathway,reactome:Pathway1688
reactome:Pathway1824,abstraction:NextStepPathway,reactome:Pathway1797
reactome:Pathway309,abstraction:NextStepPathway,reactome:Pathway310
reactome:Pathway1973,abstraction:NextStepPathway,reactome:Pathway347
reactome:Pathway2294,abstraction:NextStepPathway,reactome:Pathway2293
reactome:Pathway2557,abstraction:NextStepPathway,reactome:Pathway2548
reactome:Pathway1541,abstraction:NextStepPathway,reactome:Pathway1546
reactome:Pathway1807,abstraction:NextStepPathway,reactome:Pathway2692
reactome:Pathway2569,abstraction:NextStepPathway,reactome:Pathway2574
reactome:Pathway350,abstraction:NextStepPathway,reactome:Pathway352
reactome:Pathway1526,abstraction:NextStepPathway,reactome:Pathway1752
reactome:Pathway1834,abstraction:NextStepPathway,reactome:Pathway1796
reactome:Pathway1575,abstraction:NextStepPathway,reactome:Pathway2729
reactome:Pathway268,abstraction:NextStepPathway,reactome:Pathway267
reactome:Pathway482,abstraction:NextStepPathway,reactome:Pathway1752
reactome:Pathway439,abstraction:NextStepPathway,reactome:Pathway2074
reactome:Pathway1500,abstraction:NextStepPathway,reactome:Pathway1234
reactome:Pathway524,abstraction:NextStepPathway,reactome:Pathway1534
reactome:Pathway1506,abstraction:NextStepPathway,reactome:Pathway1520
reactome:Pathway172,abstraction:NextStepPathway,reactome:Pathway1534
reactome:Pathway1428,abstraction:NextStepPathway,reactome:Pathway1442
reactome:Pathway2397,abstraction:NextStepPathway,reactome:Pathway2411
reactome:Pathway2179,abstraction:NextStepPathway,reactome:Pathway2187
reactome:Pathway2028,abstraction:NextStepPathway,reactome:Pathway2215
reactome:Pathway1429,abstraction:NextStepPathway,reactome:Pathway179
reactome:Pathway1324,abstraction:NextStepPathway,reactome:Pathway1631
reactome:Pathway1428,abstraction:NextStepPathway,reactome:Pathway2391
reactome:Pathway478,abstraction:NextStepPathway,reactome:Pathway2203
reactome:Pathway1529,abstraction:NextStepPathway,reactome:Pathway1669
reactome:Pathway1688,abstraction:NextStepPathway,reactome:Pathway2384
reactome:Pathway2445,abstraction:NextStepPathway,reactome:Pathway2446
reactome:Pathway299,abstraction:NextStepPathway,reactome:Pathway300
reactome:Pathway2196,abstraction:NextStepPathway,reactome:Pathway286
reactome:Pathway2324,abstraction:NextStepPathway,reactome:Pathway2080
reactome:Pathway2318,abstraction:NextStepPathway,reactome:Pathway2159
reactome:Pathway2556,abstraction:NextStepPathway,reactome:Pathway2365
reactome:Pathway2358,abstraction:NextStepPathway,reactome:Pathway248
reactome:Pathway1189,abstraction:NextStepPathway,reactome:Pathway1190
reactome:Pathway372,abstraction:NextStepPathway,reactome:Pathway376
reactome:Pathway248,abstraction:NextStepPathway,reactome:Pathway2501
reactome:Pathway2045,abstraction:NextStepPathway,reactome:Pathway2047
reactome:Pathway493,abstraction:NextStepPathway,reactome:Pathway1526
reactome:Pathway1552,abstraction:NextStepPathway,reactome:Pathway1557
reactome:Pathway1818,abstraction:NextStepPathway,reactome:Pathway1814
reactome:Pathway1468,abstraction:NextStepPathway,reactome:Pathway1467
reactome:Pathway499,abstraction:NextStepPathway,reactome:Pathway1233
reactome:Pathway1953,abstraction:NextStepPathway,reactome:Pathway1950
reactome:Pathway1429,abstraction:NextStepPathway,reactome:Pathway1428
reactome:Pathway1229,abstraction:NextStepPathway,reactome:Pathway1896
reactome:Pathway1605,abstraction:NextStepPathway,reactome:Pathway2576
reactome:Pathway2202,abstraction:NextStepPathway,reactome:Pathway2196
reactome:Pathway255,abstraction:NextStepPathway,reactome:Pathway399
reactome:Pathway1856,abstraction:NextStepPathway,reactome:Pathway1857
reactome:Pathway2242,abstraction:NextStepPathway,reactome:Pathway2352
reactome:Pathway2690,abstraction:NextStepPathway,reactome:Pathway2691
reactome:Pathway2198,abstraction:NextStepPathway,reactome:Pathway1861
reactome:Pathway2198,abstraction:NextStepPathway,reactome:Pathway2196
reactome:Pathway1544,abstraction:NextStepPathway,reactome:Pathway1526
reactome:Pathway1575,abstraction:NextStepPathway,reactome:Pathway1577
reactome:Pathway262,abstraction:NextStepPathway,reactome:Pathway2541
reactome:Pathway1572,abstraction:NextStepPathway,reactome:Pathway1575
reactome:Pathway506,abstraction:NextStepPathway,reactome:Pathway1290
reactome:Pathway523,abstraction:NextStepPathway,reactome:Pathway524
reactome:Pathway2582,abstraction:NextStepPathway,reactome:Pathway2581
reactome:Pathway1914,abstraction:NextStepPathway,reactome:Pathway1925
reactome:Pathway1904,abstraction:NextStepPathway,reactome:Pathway1903
reactome:Pathway1856,abstraction:NextStepPathway,reactome:Pathway1754
reactome:Pathway364,abstraction:NextStepPathway,reactome:Pathway367
reactome:Pathway2316,abstraction:NextStepPathway,reactome:Pathway1996
reactome:Pathway2549,abstraction:NextStepPathway,reactome:Pathway2399
reactome:Pathway1883,abstraction:NextStepPathway,reactome:Pathway2240
reactome:Pathway1103,abstraction:NextStepPathway,reactome:Pathway1102
reactome:Pathway78,abstraction:NextStepPathway,reactome:Pathway73
reactome:Pathway1875,abstraction:NextStepPathway,reactome:Pathway1824
reactome:Pathway1914,abstraction:NextStepPathway,reactome:Pathway1903
reactome:Pathway509,abstraction:NextStepPathway,reactome:Pathway493
reactome:Pathway247,abstraction:NextStepPathway,reactome:Pathway246
reactome:Pathway1421,abstraction:NextStepPathway,reactome:Pathway1411
reactome:Pathway1947,abstraction:NextStepPathway,reactome:Pathway403
reactome:Pathway2386,abstraction:NextStepPathway,reactome:Pathway2605
reactome:Pathway256,abstraction:NextStepPathway,reactome:Pathway265
reactome:Pathway2222,abstraction:NextStepPathway,reactome:Pathway2227
reactome:Pathway493,abstraction:NextStepPathway,reactome:Pathway1225
reactome:Pathway1357,abstraction:NextStepPathway,reactome:Pathway1851
reactome:Pathway46,abstraction:NextStepPathway,reactome:Pathway2626
reactome:Pathway287,abstraction:NextStepPathway,reactome:Pathway1233
reactome:Pathway2626,abstraction:NextStepPathway,reactome:Pathway37
reactome:Pathway1910,abstraction:NextStepPathway,reactome:Pathway1880
reactome:Pathway198,abstraction:NextStepPathway,reactome:Pathway197
reactome:Pathway2541,abstraction:NextStepPathway,reactome:Pathway466
reactome:Pathway2275,abstraction:NextStepPathway,reactome:Pathway462
reactome:Pathway2619,abstraction:NextStepPathway,reactome:Pathway2617
reactome:Pathway1325,abstraction:NextStepPathway,reactome:Pathway1907
reactome:Pathway2266,abstraction:NextStepPathway,reactome:Pathway2104
reactome:Pathway1532,abstraction:NextStepPathway,reactome:Pathway2030
reactome:Pathway524,abstraction:NextStepPathway,reactome:Pathway1754
reactome:Pathway253,abstraction:NextStepPathway,reactome:Pathway184
reactome:Pathway1850,abstraction:NextStepPathway,reactome:Pathway1676
reactome:Pathway1883,abstraction:NextStepPathway,reactome:Pathway1205
reactome:Pathway1536,abstraction:NextStepPathway,reactome:Pathway1977
reactome:Pathway1473,abstraction:NextStepPathway,reactome:Pathway1480
reactome:Pathway2439,abstraction:NextStepPathway,reactome:Pathway2443
reactome:Pathway1477,abstraction:NextStepPathway,reactome:Pathway1478
reactome:Pathway372,abstraction:NextStepPathway,reactome:Pathway2500
reactome:Pathway2458,abstraction:NextStepPathway,reactome:Pathway2457
reactome:Pathway2242,abstraction:NextStepPathway,reactome:Pathway2238
reactome:Pathway1390,abstraction:NextStepPathway,reactome:Pathway1609
reactome:Pathway2391,abstraction:NextStepPathway,reactome:Pathway2357
reactome:Pathway2435,abstraction:NextStepPathway,reactome:Pathway2436
reactome:Pathway1763,abstraction:NextStepPathway,reactome:Pathway1757
reactome:Pathway2757,abstraction:NextStepPathway,reactome:Pathway2764
reactome:Pathway2671,abstraction:NextStepPathway,reactome:Pathway2706
reactome:Pathway247,abstraction:NextStepPathway,reactome:Pathway1855
reactome:Pathway300,abstraction:NextStepPathway,reactome:Pathway301
reactome:Pathway1840,abstraction:NextStepPathway,reactome:Pathway1845
reactome:Pathway1575,abstraction:NextStepPathway,reactome:Pathway2730
reactome:Pathway2489,abstraction:NextStepPathway,reactome:Pathway2485
reactome:Pathway1861,abstraction:NextStepPathway,reactome:Pathway1752
reactome:Pathway1950,abstraction:NextStepPathway,reactome:Pathway1953
reactome:Pathway2380,abstraction:NextStepPathway,reactome:Pathway2676
reactome:Pathway478,abstraction:NextStepPathway,reactome:Pathway1977
reactome:Pathway344,abstraction:NextStepPathway,reactome:Pathway2039
reactome:Pathway2752,abstraction:NextStepPathway,reactome:Pathway2758
reactome:Pathway1939,abstraction:NextStepPathway,reactome:Pathway520
reactome:Pathway2216,abstraction:NextStepPathway,reactome:Pathway1603
reactome:Pathway2204,abstraction:NextStepPathway,reactome:Pathway1234
reactome:Pathway1732,abstraction:NextStepPathway,reactome:Pathway1860
reactome:Pathway2365,abstraction:NextStepPathway,reactome:Pathway2676
reactome:Pathway45,abstraction:NextStepPathway,reactome:Pathway2626
reactome:Pathway2545,abstraction:NextStepPathway,reactome:Pathway1705
reactome:Pathway213,abstraction:NextStepPathway,reactome:Pathway214
reactome:Pathway2431,abstraction:NextStepPathway,reactome:Pathway2393
reactome:Pathway1959,abstraction:NextStepPathway,reactome:Pathway2301
reactome:Pathway1776,abstraction:NextStepPathway,reactome:Pathway1797
reactome:Pathway1735,abstraction:NextStepPathway,reactome:Pathway2557
reactome:Pathway1642,abstraction:NextStepPathway,reactome:Pathway499
reactome:Pathway2668,abstraction:NextStepPathway,reactome:Pathway2692
reactome:Pathway1199,abstraction:NextStepPathway,reactome:Pathway1202
reactome:Pathway1642,abstraction:NextStepPathway,reactome:Pathway1429
reactome:Pathway1372,abstraction:NextStepPathway,reactome:Pathway1375
reactome:Pathway2361,abstraction:NextStepPathway,reactome:Pathway2548
reactome:Pathway2073,abstraction:NextStepPathway,reactome:Pathway439
reactome:Pathway1642,abstraction:NextStepPathway,reactome:Pathway1750
reactome:Pathway1503,abstraction:NextStepPathway,reactome:Pathway1234
reactome:Pathway1382,abstraction:NextStepPathway,reactome:Pathway1360
reactome:Pathway2706,abstraction:NextStepPathway,reactome:Pathway2685
reactome:Pathway489,abstraction:NextStepPathway,reactome:Pathway1544
reactome:Pathway2472,abstraction:NextStepPathway,reactome:Pathway2476
reactome:Pathway1467,abstraction:NextStepPathway,reactome:Pathway1468
reactome:Pathway1428,abstraction:NextStepPathway,reactome:Pathway2383
reactome:Pathway2598,abstraction:NextStepPathway,reactome:Pathway246
reactome:Pathway2556,abstraction:NextStepPathway,reactome:Pathway2560
reactome:Pathway2634,abstraction:NextStepPathway,reactome:Pathway2629
reactome:Pathway2035,abstraction:NextStepPathway,reactome:Pathway2027
reactome:Pathway372,abstraction:NextStepPathway,reactome:Pathway382
reactome:Pathway1385,abstraction:NextStepPathway,reactome:Pathway1634
reactome:Pathway499,abstraction:NextStepPathway,reactome:Pathway172
reactome:Pathway2101,abstraction:NextStepPathway,reactome:Pathway2097
reactome:Pathway257,abstraction:NextStepPathway,reactome:Pathway255
reactome:Pathway1668,abstraction:NextStepPathway,reactome:Pathway1669
reactome:Pathway1750,abstraction:NextStepPathway,reactome:Pathway1529
reactome:Pathway1750,abstraction:NextStepPathway,reactome:Pathway135
reactome:Pathway1324,abstraction:NextStepPathway,reactome:Pathway1359
reactome:Pathway2541,abstraction:NextStepPathway,reactome:Pathway100
reactome:Pathway1791,abstraction:NextStepPathway,reactome:Pathway1792
reactome:Pathway1588,abstraction:NextStepPathway,reactome:Pathway1545
reactome:Pathway33,abstraction:NextStepPathway,reactome:Pathway36
reactome:Pathway2276,abstraction:NextStepPathway,reactome:Pathway2275
reactome:Pathway2735,abstraction:NextStepPathway,reactome:Pathway2731
reactome:Pathway2475,abstraction:NextStepPathway,reactome:Pathway2480
reactome:Pathway1539,abstraction:NextStepPathway,reactome:Pathway1392
reactome:Pathway507,abstraction:NextStepPathway,reactome:Pathway509
reactome:Pathway1631,abstraction:NextStepPathway,reactome:Pathway1634
reactome:Pathway1322,abstraction:NextStepPathway,reactome:Pathway1419
reactome:Pathway1375,abstraction:NextStepPathway,reactome:Pathway1377
reactome:Pathway2810,abstraction:NextStepPathway,reactome:Pathway2814
reactome:Pathway2554,abstraction:NextStepPathway,reactome:Pathway248
reactome:Pathway1642,abstraction:NextStepPathway,reactome:Pathway2060
reactome:Pathway2589,abstraction:NextStepPathway,reactome:Pathway2595
reactome:Pathway1735,abstraction:NextStepPathway,reactome:Pathway2675
reactome:Pathway2735,abstraction:NextStepPathway,reactome:Pathway2730
reactome:Pathway1619,abstraction:NextStepPathway,reactome:Pathway1369
reactome:Pathway1588,abstraction:NextStepPathway,reactome:Pathway500
reactome:Pathway1742,abstraction:NextStepPathway,reactome:Pathway1746
reactome:Pathway1428,abstraction:NextStepPathway,reactome:Pathway2267
reactome:Pathway2113,abstraction:NextStepPathway,reactome:Pathway2114
reactome:Pathway1619,abstraction:NextStepPathway,reactome:Pathway1623
reactome:Pathway454,abstraction:NextStepPathway,reactome:Pathway1473
reactome:Pathway2332,abstraction:NextStepPathway,reactome:Pathway292
reactome:Pathway2080,abstraction:NextStepPathway,reactome:Pathway2328
reactome:Pathway1503,abstraction:NextStepPathway,reactome:Pathway1538
reactome:Pathway1831,abstraction:NextStepPathway,reactome:Pathway1220
reactome:Pathway1382,abstraction:NextStepPathway,reactome:Pathway1539
reactome:Pathway1914,abstraction:NextStepPathway,reactome:Pathway1904
reactome:Pathway2358,abstraction:NextStepPathway,reactome:Pathway2676
reactome:Pathway1732,abstraction:NextStepPathway,reactome:Pathway2060
reactome:Pathway2134,abstraction:NextStepPathway,reactome:Pathway1634
reactome:Pathway2626,abstraction:NextStepPathway,reactome:Pathway41
reactome:Pathway1832,abstraction:NextStepPathway,reactome:Pathway1804
reactome:Pathway1320,abstraction:NextStepPathway,reactome:Pathway541
reactome:Pathway1626,abstraction:NextStepPathway,reactome:Pathway246
reactome:Pathway287,abstraction:NextStepPathway,reactome:Pathway172
reactome:Pathway1806,abstraction:NextStepPathway,reactome:Pathway1788
reactome:Pathway1233,abstraction:NextStepPathway,reactome:Pathway1526
reactome:Pathway2060,abstraction:NextStepPathway,reactome:Pathway1856
reactome:Pathway253,abstraction:NextStepPathway,reactome:Pathway2314
reactome:Pathway2634,abstraction:NextStepPathway,reactome:Pathway2635
reactome:Pathway2128,abstraction:NextStepPathway,reactome:Pathway2114
reactome:Pathway1234,abstraction:NextStepPathway,reactome:Pathway1537
reactome:Pathway1669,abstraction:NextStepPathway,reactome:Pathway172
reactome:Pathway1861,abstraction:NextStepPathway,reactome:Pathway1536
reactome:Pathway1522,abstraction:NextStepPathway,reactome:Pathway1521
reactome:Pathway337,abstraction:NextStepPathway,reactome:Pathway365
reactome:Pathway387,abstraction:NextStepPathway,reactome:Pathway388
reactome:Pathway361,abstraction:NextStepPathway,reactome:Pathway362
reactome:Pathway1087,abstraction:NextStepPathway,reactome:Pathway1085
reactome:Pathway2718,abstraction:NextStepPathway,reactome:Pathway62
reactome:Pathway1322,abstraction:NextStepPathway,reactome:Pathway1451
reactome:Pathway286,abstraction:NextStepPathway,reactome:Pathway288
reactome:Pathway1588,abstraction:NextStepPathway,reactome:Pathway1233
reactome:Pathway1925,abstraction:NextStepPathway,reactome:Pathway1601
reactome:Pathway1642,abstraction:NextStepPathway,reactome:Pathway1856
reactome:Pathway2125,abstraction:NextStepPathway,reactome:Pathway2129
reactome:Pathway2373,abstraction:NextStepPathway,reactome:Pathway2439
reactome:Pathway2179,abstraction:NextStepPathway,reactome:Pathway2186
reactome:Pathway1710,abstraction:NextStepPathway,reactome:Pathway1709
reactome:Pathway2810,abstraction:NextStepPathway,reactome:Pathway2815
reactome:Pathway2589,abstraction:NextStepPathway,reactome:Pathway2590
reactome:Pathway2591,abstraction:NextStepPathway,reactome:Pathway2789
reactome:Pathway2160,abstraction:NextStepPathway,reactome:Pathway2156
reactome:Pathway2383,abstraction:NextStepPathway,reactome:Pathway2548
reactome:Pathway2651,abstraction:NextStepPathway,reactome:Pathway2534
reactome:Pathway2125,abstraction:NextStepPathway,reactome:Pathway2127
reactome:Pathway1633,abstraction:NextStepPathway,reactome:Pathway1533
reactome:Pathway2725,abstraction:NextStepPathway,reactome:Pathway11
reactome:Pathway2499,abstraction:NextStepPathway,reactome:Pathway2556
reactome:Pathway2068,abstraction:NextStepPathway,reactome:Pathway1851
reactome:Pathway1626,abstraction:NextStepPathway,reactome:Pathway1855
reactome:Pathway1750,abstraction:NextStepPathway,reactome:Pathway2196
reactome:Pathway1106,abstraction:NextStepPathway,reactome:Pathway1103
reactome:Pathway2299,abstraction:NextStepPathway,reactome:Pathway2091
reactome:Pathway1860,abstraction:NextStepPathway,reactome:Pathway1732
reactome:Pathway2556,abstraction:NextStepPathway,reactome:Pathway2546
reactome:Pathway2617,abstraction:NextStepPathway,reactome:Pathway2623
reactome:Pathway1834,abstraction:NextStepPathway,reactome:Pathway1845
reactome:Pathway2176,abstraction:NextStepPathway,reactome:Pathway2178
reactome:Pathway1492,abstraction:NextStepPathway,reactome:Pathway1522
reactome:Pathway2521,abstraction:NextStepPathway,reactome:Pathway2522
reactome:Pathway1537,abstraction:NextStepPathway,reactome:Pathway1522
reactome:Pathway1903,abstraction:NextStepPathway,reactome:Pathway1601
reactome:Pathway1118,abstraction:NextStepPathway,reactome:Pathway2684
reactome:Pathway1520,abstraction:NextStepPathway,reactome:Pathway286
reactome:Pathway1209,abstraction:NextStepPathway,reactome:Pathway1735
reactome:Pathway2196,abstraction:NextStepPathway,reactome:Pathway1851
reactome:Pathway2726,abstraction:NextStepPathway,reactome:Pathway2728
reactome:Pathway1633,abstraction:NextStepPathway,reactome:Pathway1531
reactome:Pathway1233,abstraction:NextStepPathway,reactome:Pathway1225
reactome:Pathway2336,abstraction:NextStepPathway,reactome:Pathway292
reactome:Pathway1205,abstraction:NextStepPathway,reactome:Pathway1792
reactome:Pathway1363,abstraction:NextStepPathway,reactome:Pathway1366
reactome:Pathway520,abstraction:NextStepPathway,reactome:Pathway524
reactome:Pathway1392,abstraction:NextStepPathway,reactome:Pathway1393
reactome:Pathway1631,abstraction:NextStepPathway,reactome:Pathway1633
reactome:Pathway1609,abstraction:NextStepPathway,reactome:Pathway1533
reactome:Pathway1429,abstraction:NextStepPathway,reactome:Pathway1752
reactome:Pathway506,abstraction:NextStepPathway,reactome:Pathway1275
reactome:Pathway2147,abstraction:NextStepPathway,reactome:Pathway2146
reactome:Pathway2425,abstraction:NextStepPathway,reactome:Pathway2445
reactome:Pathway475,abstraction:NextStepPathway,reactome:Pathway474
reactome:Pathway2203,abstraction:NextStepPathway,reactome:Pathway286
reactome:Pathway2160,abstraction:NextStepPathway,reactome:Pathway2157
reactome:Pathway1205,abstraction:NextStepPathway,reactome:Pathway1884
reactome:Pathway1477,abstraction:NextStepPathway,reactome:Pathway1480
reactome:Pathway2724,abstraction:NextStepPathway,reactome:Pathway2725
reactome:Pathway1444,abstraction:NextStepPathway,reactome:Pathway1433
reactome:Pathway1897,abstraction:NextStepPathway,reactome:Pathway1878
reactome:Pathway452,abstraction:NextStepPathway,reactome:Pathway509
reactome:Pathway2785,abstraction:NextStepPathway,reactome:Pathway2751
reactome:Pathway1172,abstraction:NextStepPathway,reactome:Pathway1196
reactome:Pathway52,abstraction:NextStepPathway,reactome:Pathway53
reactome:Pathway524,abstraction:NextStepPathway,reactome:Pathway523
reactome:Pathway2319,abstraction:NextStepPathway,reactome:Pathway2158
reactome:Pathway1536,abstraction:NextStepPathway,reactome:Pathway1521
reactome:Pathway1609,abstraction:NextStepPathway,reactome:Pathway1531
reactome:Pathway2117,abstraction:NextStepPathway,reactome:Pathway2119
reactome:Pathway2497,abstraction:NextStepPathway,reactome:Pathway2501
reactome:Pathway1783,abstraction:NextStepPathway,reactome:Pathway1637
reactome:Pathway1533,abstraction:NextStepPathway,reactome:Pathway130
reactome:Pathway220,abstraction:NextStepPathway,reactome:Pathway219
reactome:Pathway2620,abstraction:NextStepPathway,reactome:Pathway2621
reactome:Pathway2365,abstraction:NextStepPathway,reactome:Pathway2556
reactome:Pathway2287,abstraction:NextStepPathway,reactome:Pathway2288
reactome:Pathway2541,abstraction:NextStepPathway,reactome:Pathway1732
reactome:Pathway135,abstraction:NextStepPathway,reactome:Pathway1393
reactome:Pathway2365,abstraction:NextStepPathway,reactome:Pathway2361
reactome:Pathway1798,abstraction:NextStepPathway,reactome:Pathway1415
reactome:Pathway2706,abstraction:NextStepPathway,reactome:Pathway1896
reactome:Pathway1731,abstraction:NextStepPathway,reactome:Pathway1856
reactome:Pathway172,abstraction:NextStepPathway,reactome:Pathway2211
reactome:Pathway2200,abstraction:NextStepPathway,reactome:Pathway1540
reactome:Pathway1444,abstraction:NextStepPathway,reactome:Pathway1447
reactome:Pathway1357,abstraction:NextStepPathway,reactome:Pathway1642
reactome:Pathway2025,abstraction:NextStepPathway,reactome:Pathway2035
reactome:Pathway1925,abstraction:NextStepPathway,reactome:Pathway1926
reactome:Pathway1568,abstraction:NextStepPathway,reactome:Pathway1572
reactome:Pathway466,abstraction:NextStepPathway,reactome:Pathway1166
reactome:Pathway2589,abstraction:NextStepPathway,reactome:Pathway2594
reactome:Pathway417,abstraction:NextStepPathway,reactome:Pathway422
reactome:Pathway2544,abstraction:NextStepPathway,reactome:Pathway2556
reactome:Pathway2318,abstraction:NextStepPathway,reactome:Pathway2157
reactome:Pathway1736,abstraction:NextStepPathway,reactome:Pathway1669
reactome:Pathway1699,abstraction:NextStepPathway,reactome:Pathway2669
reactome:Pathway1521,abstraction:NextStepPathway,reactome:Pathway286
reactome:Pathway37,abstraction:NextStepPathway,reactome:Pathway39
reactome:Pathway1096,abstraction:NextStepPathway,reactome:Pathway1097
reactome:Pathway2219,abstraction:NextStepPathway,reactome:Pathway2270
reactome:Pathway2028,abstraction:NextStepPathway,reactome:Pathway2025
reactome:Pathway1962,abstraction:NextStepPathway,reactome:Pathway1960
reactome:Pathway1831,abstraction:NextStepPathway,reactome:Pathway1836
reactome:Pathway547,abstraction:NextStepPathway,reactome:Pathway543
reactome:Pathway1196,abstraction:NextStepPathway,reactome:Pathway1193
reactome:Pathway2117,abstraction:NextStepPathway,reactome:Pathway102
reactome:Pathway2358,abstraction:NextStepPathway,reactome:Pathway2555
reactome:Pathway1977,abstraction:NextStepPathway,reactome:Pathway286
reactome:Pathway2556,abstraction:NextStepPathway,reactome:Pathway1777
reactome:Pathway2091,abstraction:NextStepPathway,reactome:Pathway2093
reactome:Pathway2671,abstraction:NextStepPathway,reactome:Pathway2698
reactome:Pathway1861,abstraction:NextStepPathway,reactome:Pathway524
reactome:Pathway2219,abstraction:NextStepPathway,reactome:Pathway2222
reactome:Pathway250,abstraction:NextStepPathway,reactome:Pathway1392
reactome:Pathway2368,abstraction:NextStepPathway,reactome:Pathway2363
reactome:Pathway2744,abstraction:NextStepPathway,reactome:Pathway1670
reactome:Pathway1702,abstraction:NextStepPathway,reactome:Pathway2705
reactome:Pathway1822,abstraction:NextStepPathway,reactome:Pathway1229
reactome:Pathway2286,abstraction:NextStepPathway,reactome:Pathway2287
reactome:Pathway1568,abstraction:NextStepPathway,reactome:Pathway1585
reactome:Pathway1522,abstraction:NextStepPathway,reactome:Pathway1536
reactome:Pathway444,abstraction:NextStepPathway,reactome:Pathway2074
reactome:Pathway1785,abstraction:NextStepPathway,reactome:Pathway1804
reactome:Pathway1764,abstraction:NextStepPathway,reactome:Pathway1758
reactome:Pathway1856,abstraction:NextStepPathway,reactome:Pathway179
reactome:Pathway2202,abstraction:NextStepPathway,reactome:Pathway286
reactome:Pathway2216,abstraction:NextStepPathway,reactome:Pathway2218
reactome:Pathway2582,abstraction:NextStepPathway,reactome:Pathway2585
reactome:Pathway337,abstraction:NextStepPathway,reactome:Pathway364
reactome:Pathway2069,abstraction:NextStepPathway,reactome:Pathway2062
reactome:Pathway2657,abstraction:NextStepPathway,reactome:Pathway1306
reactome:Pathway1192,abstraction:NextStepPathway,reactome:Pathway1202
reactome:Pathway1349,abstraction:NextStepPathway,reactome:Pathway1631
reactome:Pathway1926,abstraction:NextStepPathway,reactome:Pathway1447
reactome:Pathway1634,abstraction:NextStepPathway,reactome:Pathway2060
reactome:Pathway1506,abstraction:NextStepPathway,reactome:Pathway1234
reactome:Pathway2562,abstraction:NextStepPathway,reactome:Pathway2564
reactome:Pathway268,abstraction:NextStepPathway,reactome:Pathway2314
reactome:Pathway1533,abstraction:NextStepPathway,reactome:Pathway2600
reactome:Pathway1429,abstraction:NextStepPathway,reactome:Pathway1536
reactome:Pathway469,abstraction:NextStepPathway,reactome:Pathway1188
reactome:Pathway447,abstraction:NextStepPathway,reactome:Pathway449
reactome:Pathway1529,abstraction:NextStepPathway,reactome:Pathway1534
reactome:Pathway2371,abstraction:NextStepPathway,reactome:Pathway2373
reactome:Pathway267,abstraction:NextStepPathway,reactome:Pathway1229
reactome:Pathway2001,abstraction:NextStepPathway,reactome:Pathway2000
reactome:Pathway1537,abstraction:NextStepPathway,reactome:Pathway1977
reactome:Pathway1626,abstraction:NextStepPathway,reactome:Pathway1350
reactome:Pathway1856,abstraction:NextStepPathway,reactome:Pathway1428
reactome:Pathway101,abstraction:NextStepPathway,reactome:Pathway99
reactome:Pathway1808,abstraction:NextStepPathway,reactome:Pathway1776
reactome:Pathway2629,abstraction:NextStepPathway,reactome:Pathway75
reactome:Pathway2045,abstraction:NextStepPathway,reactome:Pathway2050
reactome:Pathway2012,abstraction:NextStepPathway,reactome:Pathway2080
reactome:Pathway1861,abstraction:NextStepPathway,reactome:Pathway1533
reactome:Pathway1209,abstraction:NextStepPathway,reactome:Pathway1632
reactome:Pathway1469,abstraction:NextStepPathway,reactome:Pathway693
reactome:Pathway247,abstraction:NextStepPathway,reactome:Pathway2404
reactome:Pathway184,abstraction:NextStepPathway,reactome:Pathway253
reactome:Pathway407,abstraction:NextStepPathway,reactome:Pathway1517
reactome:Pathway2179,abstraction:NextStepPathway,reactome:Pathway2182
reactome:Pathway1676,abstraction:NextStepPathway,reactome:Pathway1850
reactome:Pathway1097,abstraction:NextStepPathway,reactome:Pathway1098
reactome:Pathway2200,abstraction:NextStepPathway,reactome:Pathway1851
reactome:Pathway2096,abstraction:NextStepPathway,reactome:Pathway2097
reactome:Pathway1217,abstraction:NextStepPathway,reactome:Pathway1891
reactome:Pathway2757,abstraction:NextStepPathway,reactome:Pathway2759
reactome:Pathway2258,abstraction:NextStepPathway,reactome:Pathway1960
reactome:Pathway524,abstraction:NextStepPathway,reactome:Pathway1428
reactome:Pathway2080,abstraction:NextStepPathway,reactome:Pathway2179
reactome:Pathway113,abstraction:NextStepPathway,reactome:Pathway97
reactome:Pathway1444,abstraction:NextStepPathway,reactome:Pathway1446
reactome:Pathway286,abstraction:NextStepPathway,reactome:Pathway134
reactome:Pathway1962,abstraction:NextStepPathway,reactome:Pathway2258
reactome:Pathway1885,abstraction:NextStepPathway,reactome:Pathway2825
reactome:Pathway100,abstraction:NextStepPathway,reactome:Pathway2541
reactome:Pathway1977,abstraction:NextStepPathway,reactome:Pathway2030
reactome:Pathway1694,abstraction:NextStepPathway,reactome:Pathway1697
reactome:Pathway2703,abstraction:NextStepPathway,reactome:Pathway727
reactome:Pathway2205,abstraction:NextStepPathway,reactome:Pathway2030
reactome:Pathway1503,abstraction:NextStepPathway,reactome:Pathway1522
reactome:Pathway1517,abstraction:NextStepPathway,reactome:Pathway1520
reactome:Pathway1914,abstraction:NextStepPathway,reactome:Pathway674
reactome:Pathway2720,abstraction:NextStepPathway,reactome:Pathway239
reactome:Pathway286,abstraction:NextStepPathway,reactome:Pathway1530
reactome:Pathway1960,abstraction:NextStepPathway,reactome:Pathway2012
reactome:Pathway99,abstraction:NextStepPathway,reactome:Pathway1503
reactome:Pathway524,abstraction:NextStepPathway,reactome:Pathway1588
reactome:Pathway1734,abstraction:NextStepPathway,reactome:Pathway1735
reactome:Pathway2752,abstraction:NextStepPathway,reactome:Pathway2754
reactome:Pathway286,abstraction:NextStepPathway,reactome:Pathway1520
reactome:Pathway2336,abstraction:NextStepPathway,reactome:Pathway1973
reactome:Pathway1428,abstraction:NextStepPathway,reactome:Pathway1566
reactome:Pathway286,abstraction:NextStepPathway,reactome:Pathway1532
reactome:Pathway172,abstraction:NextStepPathway,reactome:Pathway1588
reactome:Pathway2256,abstraction:NextStepPathway,reactome:Pathway2284
reactome:Pathway1209,abstraction:NextStepPathway,reactome:Pathway1442
reactome:Pathway2397,abstraction:NextStepPathway,reactome:Pathway2434
reactome:Pathway2013,abstraction:NextStepPathway,reactome:Pathway2341
reactome:Pathway278,abstraction:NextStepPathway,reactome:Pathway271
reactome:Pathway1219,abstraction:NextStepPathway,reactome:Pathway1890
reactome:Pathway1440,abstraction:NextStepPathway,reactome:Pathway1690
reactome:Pathway2825,abstraction:NextStepPathway,reactome:Pathway1917
reactome:Pathway1750,abstraction:NextStepPathway,reactome:Pathway482
reactome:Pathway499,abstraction:NextStepPathway,reactome:Pathway495
reactome:Pathway1357,abstraction:NextStepPathway,reactome:Pathway1429
reactome:Pathway324,abstraction:NextStepPathway,reactome:Pathway1538
reactome:Pathway1462,abstraction:NextStepPathway,reactome:Pathway1601
reactome:Pathway1334,abstraction:NextStepPathway,reactome:Pathway1338
reactome:Pathway2554,abstraction:NextStepPathway,reactome:Pathway1891
reactome:Pathway269,abstraction:NextStepPathway,reactome:Pathway2215
reactome:Pathway1435,abstraction:NextStepPathway,reactome:Pathway1619
reactome:Pathway2398,abstraction:NextStepPathway,reactome:Pathway2421
reactome:Pathway1209,abstraction:NextStepPathway,reactome:Pathway2391
reactome:Pathway2039,abstraction:NextStepPathway,reactome:Pathway2040
reactome:Pathway1205,abstraction:NextStepPathway,reactome:Pathway1831
reactome:Pathway2541,abstraction:NextStepPathway,reactome:Pathway2028
reactome:Pathway324,abstraction:NextStepPathway,reactome:Pathway1537
reactome:Pathway1908,abstraction:NextStepPathway,reactome:Pathway672
reactome:Pathway2544,abstraction:NextStepPathway,reactome:Pathway2681
reactome:Pathway2259,abstraction:NextStepPathway,reactome:Pathway2256
reactome:Pathway1233,abstraction:NextStepPathway,reactome:Pathway134
reactome:Pathway1529,abstraction:NextStepPathway,reactome:Pathway1856
reactome:Pathway1406,abstraction:NextStepPathway,reactome:Pathway1407
reactome:Pathway2391,abstraction:NextStepPathway,reactome:Pathway2384
reactome:Pathway1529,abstraction:NextStepPathway,reactome:Pathway1754
reactome:Pathway2250,abstraction:NextStepPathway,reactome:Pathway2251
reactome:Pathway1907,abstraction:NextStepPathway,reactome:Pathway1619
reactome:Pathway1631,abstraction:NextStepPathway,reactome:Pathway1608
reactome:Pathway2041,abstraction:NextStepPathway,reactome:Pathway2051
reactome:Pathway1783,abstraction:NextStepPathway,reactome:Pathway250
reactome:Pathway2219,abstraction:NextStepPathway,reactome:Pathway2350
reactome:Pathway1732,abstraction:NextStepPathway,reactome:Pathway2136
reactome:Pathway1996,abstraction:NextStepPathway,reactome:Pathway2001
reactome:Pathway1628,abstraction:NextStepPathway,reactome:Pathway2768
reactome:Pathway2068,abstraction:NextStepPathway,reactome:Pathway1642
reactome:Pathway1233,abstraction:NextStepPathway,reactome:Pathway1530
reactome:Pathway1532,abstraction:NextStepPathway,reactome:Pathway2204
reactome:Pathway1428,abstraction:NextStepPathway,reactome:Pathway2555
reactome:Pathway1704,abstraction:NextStepPathway,reactome:Pathway2670
reactome:Pathway1851,abstraction:NextStepPathway,reactome:Pathway1588
reactome:Pathway1697,abstraction:NextStepPathway,reactome:Pathway2091
reactome:Pathway1233,abstraction:NextStepPathway,reactome:Pathway1532
reactome:Pathway1477,abstraction:NextStepPathway,reactome:Pathway246
reactome:Pathway1346,abstraction:NextStepPathway,reactome:Pathway1350
reactome:Pathway489,abstraction:NextStepPathway,reactome:Pathway1546
reactome:Pathway1861,abstraction:NextStepPathway,reactome:Pathway1233
reactome:Pathway2196,abstraction:NextStepPathway,reactome:Pathway1642
reactome:Pathway274,abstraction:NextStepPathway,reactome:Pathway279
reactome:Pathway429,abstraction:NextStepPathway,reactome:Pathway431
reactome:Pathway1436,abstraction:NextStepPathway,reactome:Pathway1635
reactome:Pathway1429,abstraction:NextStepPathway,reactome:Pathway524
reactome:Pathway2309,abstraction:NextStepPathway,reactome:Pathway2310
reactome:Pathway2549,abstraction:NextStepPathway,reactome:Pathway2368
reactome:Pathway2541,abstraction:NextStepPathway,reactome:Pathway2226
reactome:Pathway1195,abstraction:NextStepPathway,reactome:Pathway1200
reactome:Pathway1642,abstraction:NextStepPathway,reactome:Pathway1529
reactome:Pathway179,abstraction:NextStepPathway,reactome:Pathway1429
reactome:Pathway1368,abstraction:NextStepPathway,reactome:Pathway1635
reactome:Pathway287,abstraction:NextStepPathway,reactome:Pathway1856
reactome:Pathway2198,abstraction:NextStepPathway,reactome:Pathway1540
reactome:Pathway520,abstraction:NextStepPathway,reactome:Pathway521
reactome:Pathway692,abstraction:NextStepPathway,reactome:Pathway693
reactome:Pathway1161,abstraction:NextStepPathway,reactome:Pathway1162
reactome:Pathway2749,abstraction:NextStepPathway,reactome:Pathway1393
reactome:Pathway2720,abstraction:NextStepPathway,reactome:Pathway2722
reactome:Pathway1378,abstraction:NextStepPathway,reactome:Pathway1379
reactome:Pathway1349,abstraction:NextStepPathway,reactome:Pathway1359
reactome:Pathway11,abstraction:NextStepPathway,reactome:Pathway12
reactome:Pathway1574,abstraction:NextStepPathway,reactome:Pathway1572
reactome:Pathway253,abstraction:NextStepPathway,reactome:Pathway268
reactome:Pathway2272,abstraction:NextStepPathway,reactome:Pathway2102
reactome:Pathway1958,abstraction:NextStepPathway,reactome:Pathway2160
reactome:Pathway2204,abstraction:NextStepPathway,reactome:Pathway1977
reactome:Pathway2290,abstraction:NextStepPathway,reactome:Pathway2292
reactome:Pathway2784,abstraction:NextStepPathway,reactome:Pathway2727
reactome:Pathway130,abstraction:NextStepPathway,reactome:Pathway1533
reactome:Pathway2440,abstraction:NextStepPathway,reactome:Pathway2439
reactome:Pathway2557,abstraction:NextStepPathway,reactome:Pathway2544
reactome:Pathway1619,abstraction:NextStepPathway,reactome:Pathway133
reactome:Pathway179,abstraction:NextStepPathway,reactome:Pathway501
reactome:Pathway1543,abstraction:NextStepPathway,reactome:Pathway493
reactome:Pathway1514,abstraction:NextStepPathway,reactome:Pathway1538
reactome:Pathway1133,abstraction:NextStepPathway,reactome:Pathway1134
reactome:Pathway2114,abstraction:NextStepPathway,reactome:Pathway2121
reactome:Pathway47,abstraction:NextStepPathway,reactome:Pathway2626
reactome:Pathway2321,abstraction:NextStepPathway,reactome:Pathway2012
reactome:Pathway1201,abstraction:NextStepPathway,reactome:Pathway1207
reactome:Pathway1429,abstraction:NextStepPathway,reactome:Pathway1533
reactome:Pathway1851,abstraction:NextStepPathway,reactome:Pathway2061
reactome:Pathway1544,abstraction:NextStepPathway,reactome:Pathway1642
reactome:Pathway107,abstraction:NextStepPathway,reactome:Pathway2117
reactome:Pathway1861,abstraction:NextStepPathway,reactome:Pathway132
reactome:Pathway1697,abstraction:NextStepPathway,reactome:Pathway2207
reactome:Pathway1855,abstraction:NextStepPathway,reactome:Pathway1741
reactome:Pathway2112,abstraction:NextStepPathway,reactome:Pathway2123
reactome:Pathway1873,abstraction:NextStepPathway,reactome:Pathway172
reactome:Pathway2209,abstraction:NextStepPathway,reactome:Pathway2215
reactome:Pathway2318,abstraction:NextStepPathway,reactome:Pathway2164
reactome:Pathway2234,abstraction:NextStepPathway,reactome:Pathway2352
reactome:Pathway1521,abstraction:NextStepPathway,reactome:Pathway134
reactome:Pathway2500,abstraction:NextStepPathway,reactome:Pathway2358
reactome:Pathway1750,abstraction:NextStepPathway,reactome:Pathway286
reactome:Pathway97,abstraction:NextStepPathway,reactome:Pathway113
reactome:Pathway1518,abstraction:NextStepPathway,reactome:Pathway148
reactome:Pathway1427,abstraction:NextStepPathway,reactome:Pathway1379
reactome:Pathway268,abstraction:NextStepPathway,reactome:Pathway1979
reactome:Pathway1330,abstraction:NextStepPathway,reactome:Pathway1334
reactome:Pathway2358,abstraction:NextStepPathway,reactome:Pathway2548
reactome:Pathway286,abstraction:NextStepPathway,reactome:Pathway1767
reactome:Pathway2768,abstraction:NextStepPathway,reactome:Pathway1627
reactome:Pathway1521,abstraction:NextStepPathway,reactome:Pathway1520
reactome:Pathway1521,abstraction:NextStepPathway,reactome:Pathway1532
reactome:Pathway2581,abstraction:NextStepPathway,reactome:Pathway2587
reactome:Pathway1839,abstraction:NextStepPathway,reactome:Pathway1842
reactome:Pathway2626,abstraction:NextStepPathway,reactome:Pathway84
reactome:Pathway1626,abstraction:NextStepPathway,reactome:Pathway2749
reactome:Pathway1209,abstraction:NextStepPathway,reactome:Pathway2383
reactome:Pathway419,abstraction:NextStepPathway,reactome:Pathway2389
reactome:Pathway1927,abstraction:NextStepPathway,reactome:Pathway1929
reactome:Pathway288,abstraction:NextStepPathway,reactome:Pathway1861
reactome:Pathway1541,abstraction:NextStepPathway,reactome:Pathway1668
reactome:Pathway1961,abstraction:NextStepPathway,reactome:Pathway1960
reactome:Pathway179,abstraction:NextStepPathway,reactome:Pathway1856
reactome:Pathway2028,abstraction:NextStepPathway,reactome:Pathway2541
reactome:Pathway2301,abstraction:NextStepPathway,reactome:Pathway2339
reactome:Pathway1434,abstraction:NextStepPathway,reactome:Pathway1619
reactome:Pathway2539,abstraction:NextStepPathway,reactome:Pathway2594
reactome:Pathway1478,abstraction:NextStepPathway,reactome:Pathway388
reactome:Pathway179,abstraction:NextStepPathway,reactome:Pathway1754
reactome:Pathway1789,abstraction:NextStepPathway,reactome:Pathway1896
reactome:Pathway1687,abstraction:NextStepPathway,reactome:Pathway1462
reactome:Pathway248,abstraction:NextStepPathway,reactome:Pathway2359
reactome:Pathway2198,abstraction:NextStepPathway,reactome:Pathway1851
reactome:Pathway1999,abstraction:NextStepPathway,reactome:Pathway2003
reactome:Pathway2202,abstraction:NextStepPathway,reactome:Pathway1520
reactome:Pathway2068,abstraction:NextStepPathway,reactome:Pathway1429
reactome:Pathway2318,abstraction:NextStepPathway,reactome:Pathway2166
reactome:Pathway2068,abstraction:NextStepPathway,reactome:Pathway1750
reactome:Pathway1632,abstraction:NextStepPathway,reactome:Pathway2675
reactome:Pathway34,abstraction:NextStepPathway,reactome:Pathway33
reactome:Pathway1532,abstraction:NextStepPathway,reactome:Pathway1534
reactome:Pathway2556,abstraction:NextStepPathway,reactome:Pathway2557
reactome:Pathway1856,abstraction:NextStepPathway,reactome:Pathway1752
reactome:Pathway2239,abstraction:NextStepPathway,reactome:Pathway2243
reactome:Pathway1635,abstraction:NextStepPathway,reactome:Pathway1732
reactome:Pathway32,abstraction:NextStepPathway,reactome:Pathway46
reactome:Pathway2234,abstraction:NextStepPathway,reactome:Pathway2238
reactome:Pathway1536,abstraction:NextStepPathway,reactome:Pathway1531
reactome:Pathway1344,abstraction:NextStepPathway,reactome:Pathway1348
reactome:Pathway2050,abstraction:NextStepPathway,reactome:Pathway2051
reactome:Pathway1861,abstraction:NextStepPathway,reactome:Pathway172
reactome:Pathway247,abstraction:NextStepPathway,reactome:Pathway2556
reactome:Pathway1631,abstraction:NextStepPathway,reactome:Pathway2586
reactome:Pathway2688,abstraction:NextStepPathway,reactome:Pathway2697
reactome:Pathway2196,abstraction:NextStepPathway,reactome:Pathway1429
reactome:Pathway2269,abstraction:NextStepPathway,reactome:Pathway2027
reactome:Pathway1593,abstraction:NextStepPathway,reactome:Pathway1595
reactome:Pathway1721,abstraction:NextStepPathway,reactome:Pathway1723
reactome:Pathway1522,abstraction:NextStepPathway,reactome:Pathway1233
reactome:Pathway2196,abstraction:NextStepPathway,reactome:Pathway1750
reactome:Pathway286,abstraction:NextStepPathway,reactome:Pathway2205
reactome:Pathway1601,abstraction:NextStepPathway,reactome:Pathway1925
reactome:Pathway1178,abstraction:NextStepPathway,reactome:Pathway1165
reactome:Pathway1855,abstraction:NextStepPathway,reactome:Pathway247
reactome:Pathway1175,abstraction:NextStepPathway,reactome:Pathway1180
reactome:Pathway2404,abstraction:NextStepPathway,reactome:Pathway2364
reactome:Pathway1634,abstraction:NextStepPathway,reactome:Pathway2136
reactome:Pathway2637,abstraction:NextStepPathway,reactome:Pathway2638
reactome:Pathway1883,abstraction:NextStepPathway,reactome:Pathway1891
reactome:Pathway1393,abstraction:NextStepPathway,reactome:Pathway1609
reactome:Pathway1925,abstraction:NextStepPathway,reactome:Pathway1914
reactome:Pathway2417,abstraction:NextStepPathway,reactome:Pathway2421
reactome:Pathway2119,abstraction:NextStepPathway,reactome:Pathway2120
reactome:Pathway2562,abstraction:NextStepPathway,reactome:Pathway2565
reactome:Pathway2620,abstraction:NextStepPathway,reactome:Pathway2617
reactome:Pathway1776,abstraction:NextStepPathway,reactome:Pathway1741
reactome:Pathway1601,abstraction:NextStepPathway,reactome:Pathway1903
reactome:Pathway2398,abstraction:NextStepPathway,reactome:Pathway2414
reactome:Pathway267,abstraction:NextStepPathway,reactome:Pathway2539
reactome:Pathway2453,abstraction:NextStepPathway,reactome:Pathway2454
reactome:Pathway1679,abstraction:NextStepPathway,reactome:Pathway1427
reactome:Pathway1429,abstraction:NextStepPathway,reactome:Pathway1233
reactome:Pathway1887,abstraction:NextStepPathway,reactome:Pathway1885
reactome:Pathway1166,abstraction:NextStepPathway,reactome:Pathway1167
reactome:Pathway2657,abstraction:NextStepPathway,reactome:Pathway2660
reactome:Pathway1575,abstraction:NextStepPathway,reactome:Pathway2728
reactome:Pathway493,abstraction:NextStepPathway,reactome:Pathway499
reactome:Pathway2064,abstraction:NextStepPathway,reactome:Pathway2704
reactome:Pathway2068,abstraction:NextStepPathway,reactome:Pathway2060
reactome:Pathway2308,abstraction:NextStepPathway,reactome:Pathway98
reactome:Pathway2658,abstraction:NextStepPathway,reactome:Pathway2657
reactome:Pathway2358,abstraction:NextStepPathway,reactome:Pathway2550
reactome:Pathway493,abstraction:NextStepPathway,reactome:Pathway1750
reactome:Pathway2036,abstraction:NextStepPathway,reactome:Pathway2541
reactome:Pathway1622,abstraction:NextStepPathway,reactome:Pathway1626
reactome:Pathway478,abstraction:NextStepPathway,reactome:Pathway1545
reactome:Pathway246,abstraction:NextStepPathway,reactome:Pathway2683
reactome:Pathway1631,abstraction:NextStepPathway,reactome:Pathway1641
reactome:Pathway2391,abstraction:NextStepPathway,reactome:Pathway2397
reactome:Pathway2386,abstraction:NextStepPathway,reactome:Pathway421
reactome:Pathway2134,abstraction:NextStepPathway,reactome:Pathway2124
reactome:Pathway1814,abstraction:NextStepPathway,reactome:Pathway1820
reactome:Pathway1385,abstraction:NextStepPathway,reactome:Pathway1631
reactome:Pathway1903,abstraction:NextStepPathway,reactome:Pathway1914
reactome:Pathway2560,abstraction:NextStepPathway,reactome:Pathway2142
reactome:Pathway324,abstraction:NextStepPathway,reactome:Pathway1522
reactome:Pathway1544,abstraction:NextStepPathway,reactome:Pathway499
reactome:Pathway2749,abstraction:NextStepPathway,reactome:Pathway1619
reactome:Pathway2081,abstraction:NextStepPathway,reactome:Pathway2175
reactome:Pathway1544,abstraction:NextStepPathway,reactome:Pathway1429
reactome:Pathway2117,abstraction:NextStepPathway,reactome:Pathway2115
reactome:Pathway2064,abstraction:NextStepPathway,reactome:Pathway2065
reactome:Pathway1846,abstraction:NextStepPathway,reactome:Pathway1841
reactome:Pathway1544,abstraction:NextStepPathway,reactome:Pathway1750
reactome:Pathway2391,abstraction:NextStepPathway,reactome:Pathway2383
reactome:Pathway1233,abstraction:NextStepPathway,reactome:Pathway2205
reactome:Pathway1961,abstraction:NextStepPathway,reactome:Pathway2258
reactome:Pathway2555,abstraction:NextStepPathway,reactome:Pathway2364
reactome:Pathway2048,abstraction:NextStepPathway,reactome:Pathway2052
reactome:Pathway1382,abstraction:NextStepPathway,reactome:Pathway1619
reactome:Pathway247,abstraction:NextStepPathway,reactome:Pathway1780
reactome:Pathway2386,abstraction:NextStepPathway,reactome:Pathway2377
reactome:Pathway1172,abstraction:NextStepPathway,reactome:Pathway1175
reactome:Pathway1773,abstraction:NextStepPathway,reactome:Pathway1801
reactome:Pathway1626,abstraction:NextStepPathway,reactome:Pathway1338
reactome:Pathway1225,abstraction:NextStepPathway,reactome:Pathway1676
reactome:Pathway2684,abstraction:NextStepPathway,reactome:Pathway2683
reactome:Pathway2336,abstraction:NextStepPathway,reactome:Pathway2039
reactome:Pathway2441,abstraction:NextStepPathway,reactome:Pathway2439
reactome:Pathway2556,abstraction:NextStepPathway,reactome:Pathway2706
reactome:Pathway134,abstraction:NextStepPathway,reactome:Pathway1521
reactome:Pathway2053,abstraction:NextStepPathway,reactome:Pathway2036
reactome:Pathway2068,abstraction:NextStepPathway,reactome:Pathway1856
reactome:Pathway1233,abstraction:NextStepPathway,reactome:Pathway1732
reactome:Pathway1799,abstraction:NextStepPathway,reactome:Pathway1800
reactome:Pathway1536,abstraction:NextStepPathway,reactome:Pathway1233
reactome:Pathway267,abstraction:NextStepPathway,reactome:Pathway1826
reactome:Pathway2391,abstraction:NextStepPathway,reactome:Pathway248
reactome:Pathway137,abstraction:NextStepPathway,reactome:Pathway1891
reactome:Pathway1707,abstraction:NextStepPathway,reactome:Pathway1709
reactome:Pathway2772,abstraction:NextStepPathway,reactome:Pathway2774
reactome:Pathway1732,abstraction:NextStepPathway,reactome:Pathway1635
reactome:Pathway1429,abstraction:NextStepPathway,reactome:Pathway132
reactome:Pathway2125,abstraction:NextStepPathway,reactome:Pathway2126
reactome:Pathway1440,abstraction:NextStepPathway,reactome:Pathway1693
reactome:Pathway1799,abstraction:NextStepPathway,reactome:Pathway1801
reactome:Pathway2541,abstraction:NextStepPathway,reactome:Pathway2229
reactome:Pathway399,abstraction:NextStepPathway,reactome:Pathway1210
reactome:Pathway1233,abstraction:NextStepPathway,reactome:Pathway1642
reactome:Pathway2541,abstraction:NextStepPathway,reactome:Pathway1637
reactome:Pathway2067,abstraction:NextStepPathway,reactome:Pathway2069
reactome:Pathway1637,abstraction:NextStepPathway,reactome:Pathway1638
reactome:Pathway2196,abstraction:NextStepPathway,reactome:Pathway1856
reactome:Pathway1409,abstraction:NextStepPathway,reactome:Pathway1631
reactome:Pathway344,abstraction:NextStepPathway,reactome:Pathway341
reactome:Pathway2134,abstraction:NextStepPathway,reactome:Pathway1631
reactome:Pathway1537,abstraction:NextStepPathway,reactome:Pathway286
reactome:Pathway1856,abstraction:NextStepPathway,reactome:Pathway1536
reactome:Pathway1732,abstraction:NextStepPathway,reactome:Pathway1715
reactome:Pathway2444,abstraction:NextStepPathway,reactome:Pathway2445
reactome:Pathway2063,abstraction:NextStepPathway,reactome:Pathway2064
reactome:Pathway2114,abstraction:NextStepPathway,reactome:Pathway2117
reactome:Pathway1382,abstraction:NextStepPathway,reactome:Pathway1369
reactome:Pathway1522,abstraction:NextStepPathway,reactome:Pathway1543
reactome:Pathway1520,abstraction:NextStepPathway,reactome:Pathway2204
reactome:Pathway2219,abstraction:NextStepPathway,reactome:Pathway1961
reactome:Pathway2383,abstraction:NextStepPathway,reactome:Pathway2377
reactome:Pathway337,abstraction:NextStepPathway,reactome:Pathway366
reactome:Pathway305,abstraction:NextStepPathway,reactome:Pathway306
reactome:Pathway2165,abstraction:NextStepPathway,reactome:Pathway2318
reactome:Pathway2024,abstraction:NextStepPathway,reactome:Pathway2336
reactome:Pathway2569,abstraction:NextStepPathway,reactome:Pathway2572
reactome:Pathway2146,abstraction:NextStepPathway,reactome:Pathway2009
reactome:Pathway2384,abstraction:NextStepPathway,reactome:Pathway2391
reactome:Pathway1395,abstraction:NextStepPathway,reactome:Pathway1402
reactome:Pathway1095,abstraction:NextStepPathway,reactome:Pathway1120
reactome:Pathway1454,abstraction:NextStepPathway,reactome:Pathway1456
reactome:Pathway2203,abstraction:NextStepPathway,reactome:Pathway2204
reactome:Pathway1796,abstraction:NextStepPathway,reactome:Pathway1834
reactome:Pathway1620,abstraction:NextStepPathway,reactome:Pathway1619
reactome:Pathway524,abstraction:NextStepPathway,reactome:Pathway1536
reactome:Pathway2486,abstraction:NextStepPathway,reactome:Pathway2490
reactome:Pathway1478,abstraction:NextStepPathway,reactome:Pathway1477
reactome:Pathway1824,abstraction:NextStepPathway,reactome:Pathway1896
reactome:Pathway1197,abstraction:NextStepPathway,reactome:Pathway1202
reactome:Pathway2503,abstraction:NextStepPathway,reactome:Pathway2501
reactome:Pathway1810,abstraction:NextStepPathway,reactome:Pathway1801
reactome:Pathway2397,abstraction:NextStepPathway,reactome:Pathway2366
reactome:Pathway2134,abstraction:NextStepPathway,reactome:Pathway1801
reactome:Pathway1568,abstraction:NextStepPathway,reactome:Pathway1587
reactome:Pathway2556,abstraction:NextStepPathway,reactome:Pathway2554
reactome:Pathway1514,abstraction:NextStepPathway,reactome:Pathway1522
reactome:Pathway1412,abstraction:NextStepPathway,reactome:Pathway1420
reactome:Pathway1804,abstraction:NextStepPathway,reactome:Pathway1785
reactome:Pathway2534,abstraction:NextStepPathway,reactome:Pathway71
reactome:Pathway1956,abstraction:NextStepPathway,reactome:Pathway73
reactome:Pathway2041,abstraction:NextStepPathway,reactome:Pathway361
reactome:Pathway1895,abstraction:NextStepPathway,reactome:Pathway1896
reactome:Pathway1167,abstraction:NextStepPathway,reactome:Pathway1182
reactome:Pathway1427,abstraction:NextStepPathway,reactome:Pathway1850
reactome:Pathway2200,abstraction:NextStepPathway,reactome:Pathway1429
reactome:Pathway1348,abstraction:NextStepPathway,reactome:Pathway1619
reactome:Pathway2359,abstraction:NextStepPathway,reactome:Pathway2556
reactome:Pathway1792,abstraction:NextStepPathway,reactome:Pathway1796
reactome:Pathway1429,abstraction:NextStepPathway,reactome:Pathway172
reactome:Pathway269,abstraction:NextStepPathway,reactome:Pathway1873
reactome:Pathway2117,abstraction:NextStepPathway,reactome:Pathway1959
reactome:Pathway247,abstraction:NextStepPathway,reactome:Pathway2380
reactome:Pathway1367,abstraction:NextStepPathway,reactome:Pathway1619
reactome:Pathway1785,abstraction:NextStepPathway,reactome:Pathway1786
reactome:Pathway286,abstraction:NextStepPathway,reactome:Pathway1750
reactome:Pathway2013,abstraction:NextStepPathway,reactome:Pathway2080
reactome:Pathway1910,abstraction:NextStepPathway,reactome:Pathway1914
reactome:Pathway1529,abstraction:NextStepPathway,reactome:Pathway1428
reactome:Pathway2152,abstraction:NextStepPathway,reactome:Pathway2150
reactome:Pathway1517,abstraction:NextStepPathway,reactome:Pathway1234
reactome:Pathway2724,abstraction:NextStepPathway,reactome:Pathway2730
reactome:Pathway2288,abstraction:NextStepPathway,reactome:Pathway2287
reactome:Pathway1549,abstraction:NextStepPathway,reactome:Pathway1551
reactome:Pathway1214,abstraction:NextStepPathway,reactome:Pathway1216
reactome:Pathway1920,abstraction:NextStepPathway,reactome:Pathway1912
reactome:Pathway498,abstraction:NextStepPathway,reactome:Pathway1537
reactome:Pathway1750,abstraction:NextStepPathway,reactome:Pathway1851
reactome:Pathway2259,abstraction:NextStepPathway,reactome:Pathway2339
reactome:Pathway1948,abstraction:NextStepPathway,reactome:Pathway1871
reactome:Pathway2543,abstraction:NextStepPathway,reactome:Pathway1705
reactome:Pathway1750,abstraction:NextStepPathway,reactome:Pathway1735
reactome:Pathway2397,abstraction:NextStepPathway,reactome:Pathway2412
reactome:Pathway2361,abstraction:NextStepPathway,reactome:Pathway2391
reactome:Pathway78,abstraction:NextStepPathway,reactome:Pathway79
reactome:Pathway286,abstraction:NextStepPathway,reactome:Pathway1234
reactome:Pathway1925,abstraction:NextStepPathway,reactome:Pathway672
reactome:Pathway2414,abstraction:NextStepPathway,reactome:Pathway2421
reactome:Pathway1635,abstraction:NextStepPathway,reactome:Pathway2060
reactome:Pathway131,abstraction:NextStepPathway,reactome:Pathway1533
reactome:Pathway1686,abstraction:NextStepPathway,reactome:Pathway1440
reactome:Pathway372,abstraction:NextStepPathway,reactome:Pathway2428
reactome:Pathway2484,abstraction:NextStepPathway,reactome:Pathway2489
reactome:Pathway1784,abstraction:NextStepPathway,reactome:Pathway1789
reactome:Pathway1750,abstraction:NextStepPathway,reactome:Pathway1669
reactome:Pathway1977,abstraction:NextStepPathway,reactome:Pathway2204
reactome:Pathway1671,abstraction:NextStepPathway,reactome:Pathway461
reactome:Pathway2177,abstraction:NextStepPathway,reactome:Pathway1490
reactome:Pathway2160,abstraction:NextStepPathway,reactome:Pathway1958
reactome:Pathway2693,abstraction:NextStepPathway,reactome:Pathway2692
reactome:Pathway2298,abstraction:NextStepPathway,reactome:Pathway2352
reactome:Pathway1337,abstraction:NextStepPathway,reactome:Pathway1359
reactome:Pathway1053,abstraction:NextStepPathway,reactome:Pathway1057
reactome:Pathway2589,abstraction:NextStepPathway,reactome:Pathway2592
reactome:Pathway1628,abstraction:NextStepPathway,reactome:Pathway1382
reactome:Pathway2206,abstraction:NextStepPathway,reactome:Pathway2036
reactome:Pathway131,abstraction:NextStepPathway,reactome:Pathway1531
reactome:Pathway1473,abstraction:NextStepPathway,reactome:Pathway1477
reactome:Pathway1320,abstraction:NextStepPathway,reactome:Pathway1321
reactome:Pathway1903,abstraction:NextStepPathway,reactome:Pathway672
reactome:Pathway134,abstraction:NextStepPathway,reactome:Pathway1536
reactome:Pathway2322,abstraction:NextStepPathway,reactome:Pathway2340
reactome:Pathway1795,abstraction:NextStepPathway,reactome:Pathway1808
reactome:Pathway2073,abstraction:NextStepPathway,reactome:Pathway253
reactome:Pathway2541,abstraction:NextStepPathway,reactome:Pathway2227
reactome:Pathway1144,abstraction:NextStepPathway,reactome:Pathway727
reactome:Pathway2101,abstraction:NextStepPathway,reactome:Pathway2222
reactome:Pathway1861,abstraction:NextStepPathway,reactome:Pathway1534
reactome:Pathway1841,abstraction:NextStepPathway,reactome:Pathway1843
reactome:Pathway2116,abstraction:NextStepPathway,reactome:Pathway2112
reactome:Pathway2041,abstraction:NextStepPathway,reactome:Pathway2047
reactome:Pathway1668,abstraction:NextStepPathway,reactome:Pathway1670
reactome:Pathway324,abstraction:NextStepPathway,reactome:Pathway1541
reactome:Pathway2198,abstraction:NextStepPathway,reactome:Pathway1642
reactome:Pathway1856,abstraction:NextStepPathway,reactome:Pathway524
reactome:Pathway1233,abstraction:NextStepPathway,reactome:Pathway1750
reactome:Pathway1789,abstraction:NextStepPathway,reactome:Pathway1824
reactome:Pathway1412,abstraction:NextStepPathway,reactome:Pathway1419
reactome:Pathway1626,abstraction:NextStepPathway,reactome:Pathway1382
reactome:Pathway1851,abstraction:NextStepPathway,reactome:Pathway1526
reactome:Pathway1853,abstraction:NextStepPathway,reactome:Pathway1619
reactome:Pathway1397,abstraction:NextStepPathway,reactome:Pathway1398
reactome:Pathway1480,abstraction:NextStepPathway,reactome:Pathway1477
reactome:Pathway1670,abstraction:NextStepPathway,reactome:Pathway1671
reactome:Pathway2439,abstraction:NextStepPathway,reactome:Pathway2444
reactome:Pathway1619,abstraction:NextStepPathway,reactome:Pathway250
reactome:Pathway1564,abstraction:NextStepPathway,reactome:Pathway1566
reactome:Pathway2358,abstraction:NextStepPathway,reactome:Pathway247
reactome:Pathway2541,abstraction:NextStepPathway,reactome:Pathway269
reactome:Pathway1517,abstraction:NextStepPathway,reactome:Pathway1538
reactome:Pathway347,abstraction:NextStepPathway,reactome:Pathway2146
reactome:Pathway1172,abstraction:NextStepPathway,reactome:Pathway1177
reactome:Pathway1233,abstraction:NextStepPathway,reactome:Pathway1234
reactome:Pathway1807,abstraction:NextStepPathway,reactome:Pathway1777
reactome:Pathway1172,abstraction:NextStepPathway,reactome:Pathway1174
reactome:Pathway1753,abstraction:NextStepPathway,reactome:Pathway1619
reactome:Pathway2386,abstraction:NextStepPathway,reactome:Pathway2391
reactome:Pathway1201,abstraction:NextStepPathway,reactome:Pathway1202
reactome:Pathway2028,abstraction:NextStepPathway,reactome:Pathway2024
reactome:Pathway2598,abstraction:NextStepPathway,reactome:Pathway2380
reactome:Pathway2150,abstraction:NextStepPathway,reactome:Pathway2151
reactome:Pathway1531,abstraction:NextStepPathway,reactome:Pathway2205
reactome:Pathway1229,abstraction:NextStepPathway,reactome:Pathway2706
reactome:Pathway206,abstraction:NextStepPathway,reactome:Pathway207
reactome:Pathway2200,abstraction:NextStepPathway,reactome:Pathway1856
reactome:Pathway1209,abstraction:NextStepPathway,reactome:Pathway1566
reactome:Pathway2544,abstraction:NextStepPathway,reactome:Pathway2673
reactome:Pathway1433,abstraction:NextStepPathway,reactome:Pathway1436
reactome:Pathway1732,abstraction:NextStepPathway,reactome:Pathway2134
reactome:Pathway432,abstraction:NextStepPathway,reactome:Pathway433
reactome:Pathway2204,abstraction:NextStepPathway,reactome:Pathway286
reactome:Pathway1172,abstraction:NextStepPathway,reactome:Pathway1176
reactome:Pathway148,abstraction:NextStepPathway,reactome:Pathway154
reactome:Pathway2484,abstraction:NextStepPathway,reactome:Pathway2488
reactome:Pathway1101,abstraction:NextStepPathway,reactome:Pathway1106
reactome:Pathway1635,abstraction:NextStepPathway,reactome:Pathway493
reactome:Pathway2397,abstraction:NextStepPathway,reactome:Pathway2414
reactome:Pathway2752,abstraction:NextStepPathway,reactome:Pathway1736
reactome:Pathway2384,abstraction:NextStepPathway,reactome:Pathway2383
reactome:Pathway1454,abstraction:NextStepPathway,reactome:Pathway1455
reactome:Pathway2368,abstraction:NextStepPathway,reactome:Pathway2366
reactome:Pathway1353,abstraction:NextStepPathway,reactome:Pathway1358
reactome:Pathway493,abstraction:NextStepPathway,reactome:Pathway1668
reactome:Pathway62,abstraction:NextStepPathway,reactome:Pathway64
reactome:Pathway62,abstraction:NextStepPathway,reactome:Pathway63
reactome:Pathway1732,abstraction:NextStepPathway,reactome:Pathway1741
reactome:Pathway1735,abstraction:NextStepPathway,reactome:Pathway1543
reactome:Pathway1412,abstraction:NextStepPathway,reactome:Pathway1451
reactome:Pathway2234,abstraction:NextStepPathway,reactome:Pathway292
reactome:Pathway484,abstraction:NextStepPathway,reactome:Pathway511
reactome:Pathway1856,abstraction:NextStepPathway,reactome:Pathway1533
reactome:Pathway1619,abstraction:NextStepPathway,reactome:Pathway1390
reactome:Pathway506,abstraction:NextStepPathway,reactome:Pathway1282
reactome:Pathway286,abstraction:NextStepPathway,reactome:Pathway130
reactome:Pathway1851,abstraction:NextStepPathway,reactome:Pathway1225
reactome:Pathway81,abstraction:NextStepPathway,reactome:Pathway1208
reactome:Pathway2706,abstraction:NextStepPathway,reactome:Pathway1878
reactome:Pathway1080,abstraction:NextStepPathway,reactome:Pathway1074
reactome:Pathway1858,abstraction:NextStepPathway,reactome:Pathway1857
reactome:Pathway2413,abstraction:NextStepPathway,reactome:Pathway2416
reactome:Pathway1329,abstraction:NextStepPathway,reactome:Pathway1336
reactome:Pathway1735,abstraction:NextStepPathway,reactome:Pathway1209
reactome:Pathway288,abstraction:NextStepPathway,reactome:Pathway286
reactome:Pathway1606,abstraction:NextStepPathway,reactome:Pathway1447
reactome:Pathway1209,abstraction:NextStepPathway,reactome:Pathway2555
reactome:Pathway2365,abstraction:NextStepPathway,reactome:Pathway2558
reactome:Pathway1597,abstraction:NextStepPathway,reactome:Pathway2585
reactome:Pathway1742,abstraction:NextStepPathway,reactome:Pathway1745
reactome:Pathway1622,abstraction:NextStepPathway,reactome:Pathway1619
reactome:Pathway1480,abstraction:NextStepPathway,reactome:Pathway1473
reactome:Pathway2534,abstraction:NextStepPathway,reactome:Pathway2651
reactome:Pathway2367,abstraction:NextStepPathway,reactome:Pathway2397
reactome:Pathway1195,abstraction:NextStepPathway,reactome:Pathway1197
reactome:Pathway2555,abstraction:NextStepPathway,reactome:Pathway2589
reactome:Pathway2361,abstraction:NextStepPathway,reactome:Pathway2383
reactome:Pathway267,abstraction:NextStepPathway,reactome:Pathway2821
reactome:Pathway2186,abstraction:NextStepPathway,reactome:Pathway2185
reactome:Pathway1849,abstraction:NextStepPathway,reactome:Pathway1850
reactome:Pathway2144,abstraction:NextStepPathway,reactome:Pathway1512
reactome:Pathway287,abstraction:NextStepPathway,reactome:Pathway1904
reactome:Pathway2000,abstraction:NextStepPathway,reactome:Pathway2001
reactome:Pathway1233,abstraction:NextStepPathway,reactome:Pathway130
reactome:Pathway1521,abstraction:NextStepPathway,reactome:Pathway1234
reactome:Pathway2006,abstraction:NextStepPathway,reactome:Pathway1996
reactome:Pathway2730,abstraction:NextStepPathway,reactome:Pathway2731
reactome:Pathway1855,abstraction:NextStepPathway,reactome:Pathway1619
reactome:Pathway1860,abstraction:NextStepPathway,reactome:Pathway1715
reactome:Pathway247,abstraction:NextStepPathway,reactome:Pathway2598
reactome:Pathway1462,abstraction:NextStepPathway,reactome:Pathway1687
reactome:Pathway2204,abstraction:NextStepPathway,reactome:Pathway2030
reactome:Pathway2376,abstraction:NextStepPathway,reactome:Pathway2377
reactome:Pathway1820,abstraction:NextStepPathway,reactome:Pathway1822
reactome:Pathway1588,abstraction:NextStepPathway,reactome:Pathway179
reactome:Pathway2121,abstraction:NextStepPathway,reactome:Pathway2122
reactome:Pathway1055,abstraction:NextStepPathway,reactome:Pathway1057
reactome:Pathway631,abstraction:NextStepPathway,reactome:Pathway633
reactome:Pathway1330,abstraction:NextStepPathway,reactome:Pathway1335
reactome:Pathway1883,abstraction:NextStepPathway,reactome:Pathway1220
reactome:Pathway320,abstraction:NextStepPathway,reactome:Pathway322
reactome:Pathway1454,abstraction:NextStepPathway,reactome:Pathway1464
reactome:Pathway2759,abstraction:NextStepPathway,reactome:Pathway2756
reactome:Pathway2080,abstraction:NextStepPathway,reactome:Pathway2324
reactome:Pathway2198,abstraction:NextStepPathway,reactome:Pathway1429
reactome:Pathway1631,abstraction:NextStepPathway,reactome:Pathway2541
reactome:Pathway2198,abstraction:NextStepPathway,reactome:Pathway1750
reactome:Pathway248,abstraction:NextStepPathway,reactome:Pathway2556
reactome:Pathway2167,abstraction:NextStepPathway,reactome:Pathway380
reactome:Pathway2202,abstraction:NextStepPathway,reactome:Pathway1234
reactome:Pathway2291,abstraction:NextStepPathway,reactome:Pathway2292
reactome:Pathway136,abstraction:NextStepPathway,reactome:Pathway129
reactome:Pathway2569,abstraction:NextStepPathway,reactome:Pathway2578
reactome:Pathway1637,abstraction:NextStepPathway,reactome:Pathway2541
reactome:Pathway1668,abstraction:NextStepPathway,reactome:Pathway2744
reactome:Pathway2215,abstraction:NextStepPathway,reactome:Pathway2218
reactome:Pathway520,abstraction:NextStepPathway,reactome:Pathway1261
reactome:Pathway2272,abstraction:NextStepPathway,reactome:Pathway100
reactome:Pathway2236,abstraction:NextStepPathway,reactome:Pathway269
reactome:Pathway2543,abstraction:NextStepPathway,reactome:Pathway509
reactome:Pathway1429,abstraction:NextStepPathway,reactome:Pathway1534
reactome:Pathway1931,abstraction:NextStepPathway,reactome:Pathway1933
reactome:Pathway75,abstraction:NextStepPathway,reactome:Pathway76
reactome:Pathway1697,abstraction:NextStepPathway,reactome:Pathway1694
reactome:Pathway2112,abstraction:NextStepPathway,reactome:Pathway102
reactome:Pathway1395,abstraction:NextStepPathway,reactome:Pathway1398
reactome:Pathway1735,abstraction:NextStepPathway,reactome:Pathway1442
reactome:Pathway1856,abstraction:NextStepPathway,reactome:Pathway1233
reactome:Pathway2386,abstraction:NextStepPathway,reactome:Pathway2383
reactome:Pathway1356,abstraction:NextStepPathway,reactome:Pathway1360
reactome:Pathway2358,abstraction:NextStepPathway,reactome:Pathway2558
reactome:Pathway2221,abstraction:NextStepPathway,reactome:Pathway2222
reactome:Pathway2339,abstraction:NextStepPathway,reactome:Pathway2301
reactome:Pathway1903,abstraction:NextStepPathway,reactome:Pathway1910
reactome:Pathway2114,abstraction:NextStepPathway,reactome:Pathway2128
reactome:Pathway1347,abstraction:NextStepPathway,reactome:Pathway1851
reactome:Pathway1920,abstraction:NextStepPathway,reactome:Pathway1921
reactome:Pathway2617,abstraction:NextStepPathway,reactome:Pathway1106
reactome:Pathway2397,abstraction:NextStepPathway,reactome:Pathway2399
reactome:Pathway134,abstraction:NextStepPathway,reactome:Pathway1533
reactome:Pathway1449,abstraction:NextStepPathway,reactome:Pathway1451
reactome:Pathway2752,abstraction:NextStepPathway,reactome:Pathway1629
reactome:Pathway2126,abstraction:NextStepPathway,reactome:Pathway2129
reactome:Pathway1433,abstraction:NextStepPathway,reactome:Pathway1440
reactome:Pathway338,abstraction:NextStepPathway,reactome:Pathway339
reactome:Pathway1631,abstraction:NextStepPathway,reactome:Pathway579
reactome:Pathway2499,abstraction:NextStepPathway,reactome:Pathway2358
reactome:Pathway2554,abstraction:NextStepPathway,reactome:Pathway247
reactome:Pathway1750,abstraction:NextStepPathway,reactome:Pathway1631
reactome:Pathway1817,abstraction:NextStepPathway,reactome:Pathway1816
reactome:Pathway1642,abstraction:NextStepPathway,reactome:Pathway524
reactome:Pathway484,abstraction:NextStepPathway,reactome:Pathway1528
reactome:Pathway2102,abstraction:NextStepPathway,reactome:Pathway2219
reactome:Pathway247,abstraction:NextStepPathway,reactome:Pathway1741
reactome:Pathway1931,abstraction:NextStepPathway,reactome:Pathway1414
reactome:Pathway2368,abstraction:NextStepPathway,reactome:Pathway2365
reactome:Pathway1700,abstraction:NextStepPathway,reactome:Pathway1927
reactome:Pathway1798,abstraction:NextStepPathway,reactome:Pathway1792
reactome:Pathway1427,abstraction:NextStepPathway,reactome:Pathway1735
reactome:Pathway1528,abstraction:NextStepPathway,reactome:Pathway2086
reactome:Pathway1572,abstraction:NextStepPathway,reactome:Pathway1574
reactome:Pathway1217,abstraction:NextStepPathway,reactome:Pathway1219
reactome:Pathway134,abstraction:NextStepPathway,reactome:Pathway1531
reactome:Pathway2335,abstraction:NextStepPathway,reactome:Pathway2012
reactome:Pathway2676,abstraction:NextStepPathway,reactome:Pathway2680
reactome:Pathway1433,abstraction:NextStepPathway,reactome:Pathway1438
reactome:Pathway1819,abstraction:NextStepPathway,reactome:Pathway1822
reactome:Pathway1634,abstraction:NextStepPathway,reactome:Pathway2134
reactome:Pathway348,abstraction:NextStepPathway,reactome:Pathway1973
reactome:Pathway2397,abstraction:NextStepPathway,reactome:Pathway2409
reactome:Pathway2757,abstraction:NextStepPathway,reactome:Pathway2785
reactome:Pathway1531,abstraction:NextStepPathway,reactome:Pathway1234
reactome:Pathway2644,abstraction:NextStepPathway,reactome:Pathway2662
reactome:Pathway2600,abstraction:NextStepPathway,reactome:Pathway2599
reactome:Pathway1375,abstraction:NextStepPathway,reactome:Pathway1386
reactome:Pathway1700,abstraction:NextStepPathway,reactome:Pathway1703
reactome:Pathway1775,abstraction:NextStepPathway,reactome:Pathway1205
reactome:Pathway2163,abstraction:NextStepPathway,reactome:Pathway2165
reactome:Pathway269,abstraction:NextStepPathway,reactome:Pathway2541
reactome:Pathway1735,abstraction:NextStepPathway,reactome:Pathway1732
reactome:Pathway2074,abstraction:NextStepPathway,reactome:Pathway405
reactome:Pathway2085,abstraction:NextStepPathway,reactome:Pathway2324
reactome:Pathway2474,abstraction:NextStepPathway,reactome:Pathway2468
reactome:Pathway2810,abstraction:NextStepPathway,reactome:Pathway2818
reactome:Pathway2160,abstraction:NextStepPathway,reactome:Pathway2318
reactome:Pathway2275,abstraction:NextStepPathway,reactome:Pathway2226
reactome:Pathway1494,abstraction:NextStepPathway,reactome:Pathway1234
reactome:Pathway1195,abstraction:NextStepPathway,reactome:Pathway1198
reactome:Pathway520,abstraction:NextStepPathway,reactome:Pathway523
reactome:Pathway253,abstraction:NextStepPathway,reactome:Pathway266
reactome:Pathway2365,abstraction:NextStepPathway,reactome:Pathway2544
reactome:Pathway1965,abstraction:NextStepPathway,reactome:Pathway1966
reactome:Pathway1856,abstraction:NextStepPathway,reactome:Pathway132
reactome:Pathway172,abstraction:NextStepPathway,reactome:Pathway134
reactome:Pathway1626,abstraction:NextStepPathway,reactome:Pathway1539
reactome:Pathway492,abstraction:NextStepPathway,reactome:Pathway1545
reactome:Pathway2686,abstraction:NextStepPathway,reactome:Pathway2687
reactome:Pathway1331,abstraction:NextStepPathway,reactome:Pathway1335
reactome:Pathway524,abstraction:NextStepPathway,reactome:Pathway1530
reactome:Pathway172,abstraction:NextStepPathway,reactome:Pathway1530
reactome:Pathway2198,abstraction:NextStepPathway,reactome:Pathway1856
reactome:Pathway2569,abstraction:NextStepPathway,reactome:Pathway2576
reactome:Pathway1440,abstraction:NextStepPathway,reactome:Pathway1689
reactome:Pathway493,abstraction:NextStepPathway,reactome:Pathway1427
reactome:Pathway371,abstraction:NextStepPathway,reactome:Pathway372
reactome:Pathway2673,abstraction:NextStepPathway,reactome:Pathway2706
reactome:Pathway2273,abstraction:NextStepPathway,reactome:Pathway2272
reactome:Pathway1382,abstraction:NextStepPathway,reactome:Pathway133
reactome:Pathway2365,abstraction:NextStepPathway,reactome:Pathway2358
reactome:Pathway1344,abstraction:NextStepPathway,reactome:Pathway1347
reactome:Pathway1321,abstraction:NextStepPathway,reactome:Pathway1851
reactome:Pathway1551,abstraction:NextStepPathway,reactome:Pathway1552
reactome:Pathway2589,abstraction:NextStepPathway,reactome:Pathway2591
reactome:Pathway1555,abstraction:NextStepPathway,reactome:Pathway2789
reactome:Pathway1635,abstraction:NextStepPathway,reactome:Pathway2136
reactome:Pathway2810,abstraction:NextStepPathway,reactome:Pathway2812
reactome:Pathway2147,abstraction:NextStepPathway,reactome:Pathway2144
reactome:Pathway2544,abstraction:NextStepPathway,reactome:Pathway2677
reactome:Pathway267,abstraction:NextStepPathway,reactome:Pathway2228
reactome:Pathway1140,abstraction:NextStepPathway,reactome:Pathway1141
reactome:Pathway2096,abstraction:NextStepPathway,reactome:Pathway2222
reactome:Pathway1832,abstraction:NextStepPathway,reactome:Pathway389
reactome:Pathway1449,abstraction:NextStepPathway,reactome:Pathway1452
reactome:Pathway2746,abstraction:NextStepPathway,reactome:Pathway1850
reactome:Pathway286,abstraction:NextStepPathway,reactome:Pathway1522
reactome:Pathway1591,abstraction:NextStepPathway,reactome:Pathway1592
reactome:Pathway2789,abstraction:NextStepPathway,reactome:Pathway1555
reactome:Pathway2638,abstraction:NextStepPathway,reactome:Pathway72
reactome:Pathway1354,abstraction:NextStepPathway,reactome:Pathway1358
reactome:Pathway2503,abstraction:NextStepPathway,reactome:Pathway2365
reactome:Pathway1446,abstraction:NextStepPathway,reactome:Pathway1635
reactome:Pathway19,abstraction:NextStepPathway,reactome:Pathway20
reactome:Pathway2682,abstraction:NextStepPathway,reactome:Pathway2684
reactome:Pathway2366,abstraction:NextStepPathway,reactome:Pathway2367
reactome:Pathway493,abstraction:NextStepPathway,reactome:Pathway1861
reactome:Pathway493,abstraction:NextStepPathway,reactome:Pathway2196
reactome:Pathway2028,abstraction:NextStepPathway,reactome:Pathway2036
reactome:Pathway2175,abstraction:NextStepPathway,reactome:Pathway2081
reactome:Pathway134,abstraction:NextStepPathway,reactome:Pathway1233
reactome:Pathway539,abstraction:NextStepPathway,reactome:Pathway537
reactome:Pathway2365,abstraction:NextStepPathway,reactome:Pathway2500
reactome:Pathway1522,abstraction:NextStepPathway,reactome:Pathway1537
reactome:Pathway134,abstraction:NextStepPathway,reactome:Pathway1609
reactome:Pathway1705,abstraction:NextStepPathway,reactome:Pathway2669
reactome:Pathway184,abstraction:NextStepPathway,reactome:Pathway1533
reactome:Pathway2117,abstraction:NextStepPathway,reactome:Pathway2112
reactome:Pathway1860,abstraction:NextStepPathway,reactome:Pathway1741
reactome:Pathway2756,abstraction:NextStepPathway,reactome:Pathway2751
reactome:Pathway2500,abstraction:NextStepPathway,reactome:Pathway2555
reactome:Pathway184,abstraction:NextStepPathway,reactome:Pathway436
reactome:Pathway587,abstraction:NextStepPathway,reactome:Pathway589
reactome:Pathway2380,abstraction:NextStepPathway,reactome:Pathway2388
reactome:Pathway1912,abstraction:NextStepPathway,reactome:Pathway1921
reactome:Pathway1234,abstraction:NextStepPathway,reactome:Pathway134
reactome:Pathway1948,abstraction:NextStepPathway,reactome:Pathway1943
reactome:Pathway1856,abstraction:NextStepPathway,reactome:Pathway172
reactome:Pathway1606,abstraction:NextStepPathway,reactome:Pathway2577
reactome:Pathway2358,abstraction:NextStepPathway,reactome:Pathway2544
reactome:Pathway1526,abstraction:NextStepPathway,reactome:Pathway1529
reactome:Pathway111,abstraction:NextStepPathway,reactome:Pathway2330
reactome:Pathway2556,abstraction:NextStepPathway,reactome:Pathway2543
reactome:Pathway1529,abstraction:NextStepPathway,reactome:Pathway1536
reactome:Pathway1390,abstraction:NextStepPathway,reactome:Pathway1539
reactome:Pathway184,abstraction:NextStepPathway,reactome:Pathway1531
reactome:Pathway1887,abstraction:NextStepPathway,reactome:Pathway1478
reactome:Pathway2261,abstraction:NextStepPathway,reactome:Pathway518
reactome:Pathway1540,abstraction:NextStepPathway,reactome:Pathway2198
reactome:Pathway2158,abstraction:NextStepPathway,reactome:Pathway2157
reactome:Pathway1234,abstraction:NextStepPathway,reactome:Pathway1520
reactome:Pathway271,abstraction:NextStepPathway,reactome:Pathway275
reactome:Pathway1776,abstraction:NextStepPathway,reactome:Pathway1835
reactome:Pathway2077,abstraction:NextStepPathway,reactome:Pathway2150
reactome:Pathway1234,abstraction:NextStepPathway,reactome:Pathway1532
reactome:Pathway2293,abstraction:NextStepPathway,reactome:Pathway2292
reactome:Pathway1861,abstraction:NextStepPathway,reactome:Pathway2211
reactome:Pathway1555,abstraction:NextStepPathway,reactome:Pathway2584
reactome:Pathway2673,abstraction:NextStepPathway,reactome:Pathway2681
reactome:Pathway1431,abstraction:NextStepPathway,reactome:Pathway1631
reactome:Pathway1969,abstraction:NextStepPathway,reactome:Pathway345
reactome:Pathway1229,abstraction:NextStepPathway,reactome:Pathway1895
reactome:Pathway2060,abstraction:NextStepPathway,reactome:Pathway1233
reactome:Pathway1533,abstraction:NextStepPathway,reactome:Pathway184
reactome:Pathway2298,abstraction:NextStepPathway,reactome:Pathway292
reactome:Pathway1835,abstraction:NextStepPathway,reactome:Pathway1840
reactome:Pathway2073,abstraction:NextStepPathway,reactome:Pathway2594
reactome:Pathway1533,abstraction:NextStepPathway,reactome:Pathway1393
reactome:Pathway2541,abstraction:NextStepPathway,reactome:Pathway2134
reactome:Pathway1576,abstraction:NextStepPathway,reactome:Pathway2383
reactome:Pathway179,abstraction:NextStepPathway,reactome:Pathway1752
reactome:Pathway286,abstraction:NextStepPathway,reactome:Pathway135
reactome:Pathway286,abstraction:NextStepPathway,reactome:Pathway1529
reactome:Pathway2554,abstraction:NextStepPathway,reactome:Pathway2558
reactome:Pathway253,abstraction:NextStepPathway,reactome:Pathway444
reactome:Pathway1732,abstraction:NextStepPathway,reactome:Pathway1735
reactome:Pathway1735,abstraction:NextStepPathway,reactome:Pathway224
reactome:Pathway2318,abstraction:NextStepPathway,reactome:Pathway2150
reactome:Pathway2675,abstraction:NextStepPathway,reactome:Pathway2680
reactome:Pathway1229,abstraction:NextStepPathway,reactome:Pathway267
reactome:Pathway1642,abstraction:NextStepPathway,reactome:Pathway1233
reactome:Pathway1750,abstraction:NextStepPathway,reactome:Pathway1429
reactome:Pathway437,abstraction:NextStepPathway,reactome:Pathway439
reactome:Pathway1330,abstraction:NextStepPathway,reactome:Pathway1333
reactome:Pathway2669,abstraction:NextStepPathway,reactome:Pathway2668
reactome:Pathway2484,abstraction:NextStepPathway,reactome:Pathway2486
reactome:Pathway489,abstraction:NextStepPathway,reactome:Pathway1522
reactome:Pathway2569,abstraction:NextStepPathway,reactome:Pathway2575
reactome:Pathway2556,abstraction:NextStepPathway,reactome:Pathway2559
reactome:Pathway1515,abstraction:NextStepPathway,reactome:Pathway1520
reactome:Pathway2247,abstraction:NextStepPathway,reactome:Pathway269
reactome:Pathway2688,abstraction:NextStepPathway,reactome:Pathway2693
reactome:Pathway1802,abstraction:NextStepPathway,reactome:Pathway1808
reactome:Pathway2569,abstraction:NextStepPathway,reactome:Pathway2571
reactome:Pathway2671,abstraction:NextStepPathway,reactome:Pathway2695
reactome:Pathway1428,abstraction:NextStepPathway,reactome:Pathway1608
reactome:Pathway2358,abstraction:NextStepPathway,reactome:Pathway2365
reactome:Pathway2376,abstraction:NextStepPathway,reactome:Pathway2378
reactome:Pathway1261,abstraction:NextStepPathway,reactome:Pathway520
reactome:Pathway2047,abstraction:NextStepPathway,reactome:Pathway2043
reactome:Pathway1520,abstraction:NextStepPathway,reactome:Pathway2203
reactome:Pathway1343,abstraction:NextStepPathway,reactome:Pathway1346
reactome:Pathway1477,abstraction:NextStepPathway,reactome:Pathway2380
reactome:Pathway277,abstraction:NextStepPathway,reactome:Pathway2657
reactome:Pathway1198,abstraction:NextStepPathway,reactome:Pathway1202
reactome:Pathway1384,abstraction:NextStepPathway,reactome:Pathway1642
reactome:Pathway296,abstraction:NextStepPathway,reactome:Pathway301
reactome:Pathway1855,abstraction:NextStepPathway,reactome:Pathway1858
reactome:Pathway1983,abstraction:NextStepPathway,reactome:Pathway530
reactome:Pathway2041,abstraction:NextStepPathway,reactome:Pathway2050
reactome:Pathway267,abstraction:NextStepPathway,reactome:Pathway184
reactome:Pathway1526,abstraction:NextStepPathway,reactome:Pathway1861
reactome:Pathway1526,abstraction:NextStepPathway,reactome:Pathway2196
reactome:Pathway1981,abstraction:NextStepPathway,reactome:Pathway1421
reactome:Pathway2517,abstraction:NextStepPathway,reactome:Pathway2518
reactome:Pathway1233,abstraction:NextStepPathway,reactome:Pathway1529
reactome:Pathway1233,abstraction:NextStepPathway,reactome:Pathway135
reactome:Pathway482,abstraction:NextStepPathway,reactome:Pathway1861
reactome:Pathway2008,abstraction:NextStepPathway,reactome:Pathway2211
reactome:Pathway1198,abstraction:NextStepPathway,reactome:Pathway1205
reactome:Pathway276,abstraction:NextStepPathway,reactome:Pathway277
reactome:Pathway492,abstraction:NextStepPathway,reactome:Pathway1543
reactome:Pathway184,abstraction:NextStepPathway,reactome:Pathway1609
reactome:Pathway1631,abstraction:NextStepPathway,reactome:Pathway2557
reactome:Pathway2377,abstraction:NextStepPathway,reactome:Pathway2386
reactome:Pathway1363,abstraction:NextStepPathway,reactome:Pathway1365
reactome:Pathway1393,abstraction:NextStepPathway,reactome:Pathway2600
reactome:Pathway1824,abstraction:NextStepPathway,reactome:Pathway1777
reactome:Pathway1638,abstraction:NextStepPathway,reactome:Pathway1732
reactome:Pathway2079,abstraction:NextStepPathway,reactome:Pathway2081
reactome:Pathway1532,abstraction:NextStepPathway,reactome:Pathway1521
reactome:Pathway1477,abstraction:NextStepPathway,reactome:Pathway447
reactome:Pathway286,abstraction:NextStepPathway,reactome:Pathway1861
reactome:Pathway1101,abstraction:NextStepPathway,reactome:Pathway1104
reactome:Pathway1427,abstraction:NextStepPathway,reactome:Pathway1631
reactome:Pathway1808,abstraction:NextStepPathway,reactome:Pathway1779
reactome:Pathway1347,abstraction:NextStepPathway,reactome:Pathway1642
reactome:Pathway2302,abstraction:NextStepPathway,reactome:Pathway2304
reactome:Pathway128,abstraction:NextStepPathway,reactome:Pathway130
reactome:Pathway1806,abstraction:NextStepPathway,reactome:Pathway1807
reactome:Pathway466,abstraction:NextStepPathway,reactome:Pathway1188
reactome:Pathway1119,abstraction:NextStepPathway,reactome:Pathway1091
reactome:Pathway1385,abstraction:NextStepPathway,reactome:Pathway1428
reactome:Pathway2417,abstraction:NextStepPathway,reactome:Pathway2418
reactome:Pathway1731,abstraction:NextStepPathway,reactome:Pathway1233
reactome:Pathway107,abstraction:NextStepPathway,reactome:Pathway1959
reactome:Pathway1943,abstraction:NextStepPathway,reactome:Pathway1871
reactome:Pathway1603,abstraction:NextStepPathway,reactome:Pathway2091
reactome:Pathway2386,abstraction:NextStepPathway,reactome:Pathway420
reactome:Pathway2391,abstraction:NextStepPathway,reactome:Pathway2548
reactome:Pathway1742,abstraction:NextStepPathway,reactome:Pathway1744
reactome:Pathway39,abstraction:NextStepPathway,reactome:Pathway58
reactome:Pathway310,abstraction:NextStepPathway,reactome:Pathway312
reactome:Pathway2082,abstraction:NextStepPathway,reactome:Pathway2175
reactome:Pathway1750,abstraction:NextStepPathway,reactome:Pathway1856
reactome:Pathway47,abstraction:NextStepPathway,reactome:Pathway43
reactome:Pathway1124,abstraction:NextStepPathway,reactome:Pathway1103
reactome:Pathway2499,abstraction:NextStepPathway,reactome:Pathway248
reactome:Pathway1631,abstraction:NextStepPathway,reactome:Pathway1428
reactome:Pathway1750,abstraction:NextStepPathway,reactome:Pathway1754
reactome:Pathway1552,abstraction:NextStepPathway,reactome:Pathway1554
reactome:Pathway1609,abstraction:NextStepPathway,reactome:Pathway2380
reactome:Pathway2112,abstraction:NextStepPathway,reactome:Pathway2544
reactome:Pathway2065,abstraction:NextStepPathway,reactome:Pathway2070
reactome:Pathway1331,abstraction:NextStepPathway,reactome:Pathway1333
reactome:Pathway1531,abstraction:NextStepPathway,reactome:Pathway134
reactome:Pathway1861,abstraction:NextStepPathway,reactome:Pathway1588
reactome:Pathway1977,abstraction:NextStepPathway,reactome:Pathway2203
reactome:Pathway2117,abstraction:NextStepPathway,reactome:Pathway2121
reactome:Pathway2080,abstraction:NextStepPathway,reactome:Pathway2083
reactome:Pathway1832,abstraction:NextStepPathway,reactome:Pathway1785
reactome:Pathway248,abstraction:NextStepPathway,reactome:Pathway2511
reactome:Pathway1931,abstraction:NextStepPathway,reactome:Pathway1934
reactome:Pathway2226,abstraction:NextStepPathway,reactome:Pathway2220
reactome:Pathway1783,abstraction:NextStepPathway,reactome:Pathway1855
reactome:Pathway1631,abstraction:NextStepPathway,reactome:Pathway2675
reactome:Pathway222,abstraction:NextStepPathway,reactome:Pathway2812
reactome:Pathway2196,abstraction:NextStepPathway,reactome:Pathway1752
reactome:Pathway241,abstraction:NextStepPathway,reactome:Pathway244
reactome:Pathway2436,abstraction:NextStepPathway,reactome:Pathway2434
reactome:Pathway1910,abstraction:NextStepPathway,reactome:Pathway2680
reactome:Pathway2533,abstraction:NextStepPathway,reactome:Pathway2654
reactome:Pathway2098,abstraction:NextStepPathway,reactome:Pathway2222
reactome:Pathway1781,abstraction:NextStepPathway,reactome:Pathway1627
reactome:Pathway1963,abstraction:NextStepPathway,reactome:Pathway103
reactome:Pathway179,abstraction:NextStepPathway,reactome:Pathway1982
reactome:Pathway1804,abstraction:NextStepPathway,reactome:Pathway1805
reactome:Pathway1855,abstraction:NextStepPathway,reactome:Pathway1856
reactome:Pathway1233,abstraction:NextStepPathway,reactome:Pathway2196
reactome:Pathway372,abstraction:NextStepPathway,reactome:Pathway380
reactome:Pathway2202,abstraction:NextStepPathway,reactome:Pathway2203
reactome:Pathway1991,abstraction:NextStepPathway,reactome:Pathway1990
reactome:Pathway1520,abstraction:NextStepPathway,reactome:Pathway1977
reactome:Pathway2619,abstraction:NextStepPathway,reactome:Pathway2620
reactome:Pathway1883,abstraction:NextStepPathway,reactome:Pathway1892
reactome:Pathway1642,abstraction:NextStepPathway,reactome:Pathway172
reactome:Pathway1429,abstraction:NextStepPathway,reactome:Pathway1891
reactome:Pathway2500,abstraction:NextStepPathway,reactome:Pathway2363
reactome:Pathway2691,abstraction:NextStepPathway,reactome:Pathway2693
reactome:Pathway2621,abstraction:NextStepPathway,reactome:Pathway2622
reactome:Pathway1792,abstraction:NextStepPathway,reactome:Pathway1793
reactome:Pathway1735,abstraction:NextStepPathway,reactome:Pathway493
reactome:Pathway1429,abstraction:NextStepPathway,reactome:Pathway2211
reactome:Pathway2023,abstraction:NextStepPathway,reactome:Pathway2022
reactome:Pathway2117,abstraction:NextStepPathway,reactome:Pathway2118
reactome:Pathway1098,abstraction:NextStepPathway,reactome:Pathway1099
reactome:Pathway1529,abstraction:NextStepPathway,reactome:Pathway1533
reactome:Pathway1914,abstraction:NextStepPathway,reactome:Pathway1305
reactome:Pathway145,abstraction:NextStepPathway,reactome:Pathway1522
reactome:Pathway2066,abstraction:NextStepPathway,reactome:Pathway2067
reactome:Pathway1793,abstraction:NextStepPathway,reactome:Pathway1795
reactome:Pathway2203,abstraction:NextStepPathway,reactome:Pathway1977
reactome:Pathway417,abstraction:NextStepPathway,reactome:Pathway2382
reactome:Pathway2025,abstraction:NextStepPathway,reactome:Pathway2024
reactome:Pathway111,abstraction:NextStepPathway,reactome:Pathway112
reactome:Pathway1518,abstraction:NextStepPathway,reactome:Pathway1538
reactome:Pathway2556,abstraction:NextStepPathway,reactome:Pathway2551
reactome:Pathway1480,abstraction:NextStepPathway,reactome:Pathway1478
reactome:Pathway1780,abstraction:NextStepPathway,reactome:Pathway2560
reactome:Pathway2358,abstraction:NextStepPathway,reactome:Pathway2560
reactome:Pathway2456,abstraction:NextStepPathway,reactome:Pathway2457
reactome:Pathway2269,abstraction:NextStepPathway,reactome:Pathway1963
reactome:Pathway2138,abstraction:NextStepPathway,reactome:Pathway2140
reactome:Pathway1205,abstraction:NextStepPathway,reactome:Pathway1781
reactome:Pathway267,abstraction:NextStepPathway,reactome:Pathway2314
reactome:Pathway1384,abstraction:NextStepPathway,reactome:Pathway1429
reactome:Pathway2377,abstraction:NextStepPathway,reactome:Pathway2378
reactome:Pathway471,abstraction:NextStepPathway,reactome:Pathway474
reactome:Pathway433,abstraction:NextStepPathway,reactome:Pathway432
reactome:Pathway2033,abstraction:NextStepPathway,reactome:Pathway2028
reactome:Pathway2339,abstraction:NextStepPathway,reactome:Pathway2284
reactome:Pathway1320,abstraction:NextStepPathway,reactome:Pathway1444
reactome:Pathway438,abstraction:NextStepPathway,reactome:Pathway440
reactome:Pathway1856,abstraction:NextStepPathway,reactome:Pathway1534
reactome:Pathway1742,abstraction:NextStepPathway,reactome:Pathway1747
reactome:Pathway1895,abstraction:NextStepPathway,reactome:Pathway1229
reactome:Pathway1601,abstraction:NextStepPathway,reactome:Pathway1687
reactome:Pathway1234,abstraction:NextStepPathway,reactome:Pathway2205
reactome:Pathway1541,abstraction:NextStepPathway,reactome:Pathway1545
reactome:Pathway1735,abstraction:NextStepPathway,reactome:Pathway1736
reactome:Pathway1413,abstraction:NextStepPathway,reactome:Pathway1414
reactome:Pathway1016,abstraction:NextStepPathway,reactome:Pathway2241
reactome:Pathway2255,abstraction:NextStepPathway,reactome:Pathway2256
reactome:Pathway134,abstraction:NextStepPathway,reactome:Pathway2109
reactome:Pathway2815,abstraction:NextStepPathway,reactome:Pathway2810
reactome:Pathway2159,abstraction:NextStepPathway,reactome:Pathway2157
reactome:Pathway78,abstraction:NextStepPathway,reactome:Pathway85
reactome:Pathway1851,abstraction:NextStepPathway,reactome:Pathway1642
reactome:Pathway2554,abstraction:NextStepPathway,reactome:Pathway2500
reactome:Pathway2469,abstraction:NextStepPathway,reactome:Pathway2476
reactome:Pathway2554,abstraction:NextStepPathway,reactome:Pathway2365
reactome:Pathway1109,abstraction:NextStepPathway,reactome:Pathway1102
reactome:Pathway1694,abstraction:NextStepPathway,reactome:Pathway466
reactome:Pathway507,abstraction:NextStepPathway,reactome:Pathway463
reactome:Pathway1187,abstraction:NextStepPathway,reactome:Pathway1193
reactome:Pathway286,abstraction:NextStepPathway,reactome:Pathway287
reactome:Pathway2211,abstraction:NextStepPathway,reactome:Pathway1428
reactome:Pathway1455,abstraction:NextStepPathway,reactome:Pathway1619
reactome:Pathway2635,abstraction:NextStepPathway,reactome:Pathway76
reactome:Pathway1521,abstraction:NextStepPathway,reactome:Pathway1977
reactome:Pathway2721,abstraction:NextStepPathway,reactome:Pathway1329
reactome:Pathway103,abstraction:NextStepPathway,reactome:Pathway145
reactome:Pathway490,abstraction:NextStepPathway,reactome:Pathway1543
reactome:Pathway1532,abstraction:NextStepPathway,reactome:Pathway1536
reactome:Pathway2489,abstraction:NextStepPathway,reactome:Pathway2490
reactome:Pathway430,abstraction:NextStepPathway,reactome:Pathway432
reactome:Pathway458,abstraction:NextStepPathway,reactome:Pathway365
reactome:Pathway1347,abstraction:NextStepPathway,reactome:Pathway1429
reactome:Pathway2548,abstraction:NextStepPathway,reactome:Pathway250
reactome:Pathway2073,abstraction:NextStepPathway,reactome:Pathway267
reactome:Pathway2151,abstraction:NextStepPathway,reactome:Pathway2150
reactome:Pathway1732,abstraction:NextStepPathway,reactome:Pathway1631
reactome:Pathway246,abstraction:NextStepPathway,reactome:Pathway2404
reactome:Pathway2654,abstraction:NextStepPathway,reactome:Pathway2651
reactome:Pathway1518,abstraction:NextStepPathway,reactome:Pathway154
reactome:Pathway1722,abstraction:NextStepPathway,reactome:Pathway1601
reactome:Pathway2152,abstraction:NextStepPathway,reactome:Pathway2167
reactome:Pathway1428,abstraction:NextStepPathway,reactome:Pathway1641
reactome:Pathway2555,abstraction:NextStepPathway,reactome:Pathway246
reactome:Pathway1776,abstraction:NextStepPathway,reactome:Pathway1777
reactome:Pathway179,abstraction:NextStepPathway,reactome:Pathway524
reactome:Pathway1382,abstraction:NextStepPathway,reactome:Pathway250
reactome:Pathway2555,abstraction:NextStepPathway,reactome:Pathway1631
reactome:Pathway2318,abstraction:NextStepPathway,reactome:Pathway2163
reactome:Pathway324,abstraction:NextStepPathway,reactome:Pathway1520
reactome:Pathway98,abstraction:NextStepPathway,reactome:Pathway101
reactome:Pathway2037,abstraction:NextStepPathway,reactome:Pathway2235
reactome:Pathway2202,abstraction:NextStepPathway,reactome:Pathway1977
reactome:Pathway1427,abstraction:NextStepPathway,reactome:Pathway1429
reactome:Pathway1197,abstraction:NextStepPathway,reactome:Pathway1203
reactome:Pathway1979,abstraction:NextStepPathway,reactome:Pathway1871
reactome:Pathway1363,abstraction:NextStepPathway,reactome:Pathway1367
reactome:Pathway2361,abstraction:NextStepPathway,reactome:Pathway2610
reactome:Pathway247,abstraction:NextStepPathway,reactome:Pathway2358
reactome:Pathway1626,abstraction:NextStepPathway,reactome:Pathway1609
reactome:Pathway2309,abstraction:NextStepPathway,reactome:Pathway1874
reactome:Pathway1832,abstraction:NextStepPathway,reactome:Pathway1205
reactome:Pathway247,abstraction:NextStepPathway,reactome:Pathway1783
reactome:Pathway248,abstraction:NextStepPathway,reactome:Pathway2357
reactome:Pathway1522,abstraction:NextStepPathway,reactome:Pathway1588
reactome:Pathway32,abstraction:NextStepPathway,reactome:Pathway2624
reactome:Pathway2409,abstraction:NextStepPathway,reactome:Pathway2420
reactome:Pathway1397,abstraction:NextStepPathway,reactome:Pathway1399
reactome:Pathway2391,abstraction:NextStepPathway,reactome:Pathway2434
reactome:Pathway1428,abstraction:NextStepPathway,reactome:Pathway1631
reactome:Pathway2457,abstraction:NextStepPathway,reactome:Pathway2454
reactome:Pathway1359,abstraction:NextStepPathway,reactome:Pathway1635
reactome:Pathway2358,abstraction:NextStepPathway,reactome:Pathway2546
reactome:Pathway1627,abstraction:NextStepPathway,reactome:Pathway2768
reactome:Pathway1601,abstraction:NextStepPathway,reactome:Pathway672
reactome:Pathway2262,abstraction:NextStepPathway,reactome:Pathway329
reactome:Pathway1851,abstraction:NextStepPathway,reactome:Pathway2071
reactome:Pathway1925,abstraction:NextStepPathway,reactome:Pathway1908
reactome:Pathway1857,abstraction:NextStepPathway,reactome:Pathway1896
reactome:Pathway2539,abstraction:NextStepPathway,reactome:Pathway2584
reactome:Pathway1336,abstraction:NextStepPathway,reactome:Pathway1619
reactome:Pathway329,abstraction:NextStepPathway,reactome:Pathway2262
reactome:Pathway2063,abstraction:NextStepPathway,reactome:Pathway2066
reactome:Pathway1379,abstraction:NextStepPathway,reactome:Pathway1427
reactome:Pathway1949,abstraction:NextStepPathway,reactome:Pathway1953
reactome:Pathway1429,abstraction:NextStepPathway,reactome:Pathway1588
reactome:Pathway1735,abstraction:NextStepPathway,reactome:Pathway1566
reactome:Pathway2532,abstraction:NextStepPathway,reactome:Pathway2653
reactome:Pathway1382,abstraction:NextStepPathway,reactome:Pathway1390
reactome:Pathway1707,abstraction:NextStepPathway,reactome:Pathway1716
reactome:Pathway1855,abstraction:NextStepPathway,reactome:Pathway1779
reactome:Pathway37,abstraction:NextStepPathway,reactome:Pathway84
reactome:Pathway1229,abstraction:NextStepPathway,reactome:Pathway2258
reactome:Pathway404,abstraction:NextStepPathway,reactome:Pathway1491
reactome:Pathway100,abstraction:NextStepPathway,reactome:Pathway2270
reactome:Pathway1789,abstraction:NextStepPathway,reactome:Pathway1780
reactome:Pathway1619,abstraction:NextStepPathway,reactome:Pathway1609
reactome:Pathway2336,abstraction:NextStepPathway,reactome:Pathway2024
reactome:Pathway1205,abstraction:NextStepPathway,reactome:Pathway1840
reactome:Pathway1735,abstraction:NextStepPathway,reactome:Pathway2211
reactome:Pathway2383,abstraction:NextStepPathway,reactome:Pathway2385
reactome:Pathway1368,abstraction:NextStepPathway,reactome:Pathway1337
reactome:Pathway1529,abstraction:NextStepPathway,reactome:Pathway1530
reactome:Pathway2487,abstraction:NextStepPathway,reactome:Pathway2485
reactome:Pathway2377,abstraction:NextStepPathway,reactome:Pathway2397
reactome:Pathway2756,abstraction:NextStepPathway,reactome:Pathway2761
reactome:Pathway1321,abstraction:NextStepPathway,reactome:Pathway1429
reactome:Pathway2144,abstraction:NextStepPathway,reactome:Pathway2009
reactome:Pathway1687,abstraction:NextStepPathway,reactome:Pathway267
reactome:Pathway1903,abstraction:NextStepPathway,reactome:Pathway1908
reactome:Pathway1175,abstraction:NextStepPathway,reactome:Pathway1184
reactome:Pathway1779,abstraction:NextStepPathway,reactome:Pathway1855
reactome:Pathway1416,abstraction:NextStepPathway,reactome:Pathway2812
reactome:Pathway1689,abstraction:NextStepPathway,reactome:Pathway1674
reactome:Pathway2162,abstraction:NextStepPathway,reactome:Pathway2165
reactome:Pathway1473,abstraction:NextStepPathway,reactome:Pathway1475
reactome:Pathway1411,abstraction:NextStepPathway,reactome:Pathway1412
reactome:Pathway1180,abstraction:NextStepPathway,reactome:Pathway727
reactome:Pathway2097,abstraction:NextStepPathway,reactome:Pathway2098
reactome:Pathway1494,abstraction:NextStepPathway,reactome:Pathway1977
reactome:Pathway2027,abstraction:NextStepPathway,reactome:Pathway2036
reactome:Pathway2756,abstraction:NextStepPathway,reactome:Pathway2762
reactome:Pathway2117,abstraction:NextStepPathway,reactome:Pathway2301
reactome:Pathway1529,abstraction:NextStepPathway,reactome:Pathway132
reactome:Pathway1089,abstraction:NextStepPathway,reactome:Pathway1090
reactome:Pathway2015,abstraction:NextStepPathway,reactome:Pathway2016
reactome:Pathway1707,abstraction:NextStepPathway,reactome:Pathway1714
reactome:Pathway2735,abstraction:NextStepPathway,reactome:Pathway2610
reactome:Pathway11,abstraction:NextStepPathway,reactome:Pathway2810
reactome:Pathway2284,abstraction:NextStepPathway,reactome:Pathway2256
reactome:Pathway438,abstraction:NextStepPathway,reactome:Pathway436
reactome:Pathway1635,abstraction:NextStepPathway,reactome:Pathway2134
reactome:Pathway2733,abstraction:NextStepPathway,reactome:Pathway2732
reactome:Pathway2267,abstraction:NextStepPathway,reactome:Pathway1428
reactome:Pathway372,abstraction:NextStepPathway,reactome:Pathway377
reactome:Pathway1851,abstraction:NextStepPathway,reactome:Pathway499
reactome:Pathway184,abstraction:NextStepPathway,reactome:Pathway2637
reactome:Pathway2270,abstraction:NextStepPathway,reactome:Pathway100
reactome:Pathway1335,abstraction:NextStepPathway,reactome:Pathway1851
reactome:Pathway1188,abstraction:NextStepPathway,reactome:Pathway1205
reactome:Pathway1851,abstraction:NextStepPathway,reactome:Pathway1750
reactome:Pathway1679,abstraction:NextStepPathway,reactome:Pathway1873
reactome:Pathway1784,abstraction:NextStepPathway,reactome:Pathway1808
reactome:Pathway1520,abstraction:NextStepPathway,reactome:Pathway1521
reactome:Pathway2060,abstraction:NextStepPathway,reactome:Pathway2071
reactome:Pathway2036,abstraction:NextStepPathway,reactome:Pathway2037
reactome:Pathway507,abstraction:NextStepPathway,reactome:Pathway1282
reactome:Pathway1424,abstraction:NextStepPathway,reactome:Pathway491
reactome:Pathway2069,abstraction:NextStepPathway,reactome:Pathway2063
reactome:Pathway1429,abstraction:NextStepPathway,reactome:Pathway2061
reactome:Pathway1220,abstraction:NextStepPathway,reactome:Pathway1883
reactome:Pathway2160,abstraction:NextStepPathway,reactome:Pathway2074
reactome:Pathway1500,abstraction:NextStepPathway,reactome:Pathway1537
reactome:Pathway1522,abstraction:NextStepPathway,reactome:Pathway1541
reactome:Pathway1419,abstraction:NextStepPathway,reactome:Pathway1619
reactome:Pathway1832,abstraction:NextStepPathway,reactome:Pathway1834
reactome:Pathway1492,abstraction:NextStepPathway,reactome:Pathway2756
reactome:Pathway478,abstraction:NextStepPathway,reactome:Pathway1588
reactome:Pathway1433,abstraction:NextStepPathway,reactome:Pathway1435
reactome:Pathway1196,abstraction:NextStepPathway,reactome:Pathway1209
reactome:Pathway2735,abstraction:NextStepPathway,reactome:Pathway2590
reactome:Pathway250,abstraction:NextStepPathway,reactome:Pathway246
reactome:Pathway2203,abstraction:NextStepPathway,reactome:Pathway1521
reactome:Pathway1956,abstraction:NextStepPathway,reactome:Pathway79
reactome:Pathway2196,abstraction:NextStepPathway,reactome:Pathway524
reactome:Pathway279,abstraction:NextStepPathway,reactome:Pathway1741
reactome:Pathway1731,abstraction:NextStepPathway,reactome:Pathway1732
reactome:Pathway2466,abstraction:NextStepPathway,reactome:Pathway2477
reactome:Pathway2341,abstraction:NextStepPathway,reactome:Pathway2340
reactome:Pathway647,abstraction:NextStepPathway,reactome:Pathway649
reactome:Pathway2720,abstraction:NextStepPathway,reactome:Pathway2721
reactome:Pathway2706,abstraction:NextStepPathway,reactome:Pathway2683
reactome:Pathway2358,abstraction:NextStepPathway,reactome:Pathway1777
reactome:Pathway1422,abstraction:NextStepPathway,reactome:Pathway1423
reactome:Pathway1136,abstraction:NextStepPathway,reactome:Pathway1137
reactome:Pathway1963,abstraction:NextStepPathway,reactome:Pathway2270
reactome:Pathway1461,abstraction:NextStepPathway,reactome:Pathway1463
reactome:Pathway2684,abstraction:NextStepPathway,reactome:Pathway2686
reactome:Pathway1397,abstraction:NextStepPathway,reactome:Pathway1400
reactome:Pathway2144,abstraction:NextStepPathway,reactome:Pathway2148
reactome:Pathway506,abstraction:NextStepPathway,reactome:Pathway507
reactome:Pathway458,abstraction:NextStepPathway,reactome:Pathway364
reactome:Pathway672,abstraction:NextStepPathway,reactome:Pathway674
reactome:Pathway2544,abstraction:NextStepPathway,reactome:Pathway2676
reactome:Pathway288,abstraction:NextStepPathway,reactome:Pathway1429
reactome:Pathway1454,abstraction:NextStepPathway,reactome:Pathway1459
reactome:Pathway2488,abstraction:NextStepPathway,reactome:Pathway2485
reactome:Pathway1851,abstraction:NextStepPathway,reactome:Pathway2060
reactome:Pathway1526,abstraction:NextStepPathway,reactome:Pathway286
reactome:Pathway501,abstraction:NextStepPathway,reactome:Pathway502
reactome:Pathway288,abstraction:NextStepPathway,reactome:Pathway1750
reactome:Pathway1973,abstraction:NextStepPathway,reactome:Pathway2012
reactome:Pathway2251,abstraction:NextStepPathway,reactome:Pathway2250
reactome:Pathway524,abstraction:NextStepPathway,reactome:Pathway130
reactome:Pathway98,abstraction:NextStepPathway,reactome:Pathway1963
reactome:Pathway2116,abstraction:NextStepPathway,reactome:Pathway2114
reactome:Pathway482,abstraction:NextStepPathway,reactome:Pathway286
reactome:Pathway172,abstraction:NextStepPathway,reactome:Pathway130
reactome:Pathway1518,abstraction:NextStepPathway,reactome:Pathway1522
reactome:Pathway1732,abstraction:NextStepPathway,reactome:Pathway1858
reactome:Pathway1529,abstraction:NextStepPathway,reactome:Pathway172
reactome:Pathway179,abstraction:NextStepPathway,reactome:Pathway1233
reactome:Pathway2081,abstraction:NextStepPathway,reactome:Pathway2082
reactome:Pathway1480,abstraction:NextStepPathway,reactome:Pathway2724
reactome:Pathway387,abstraction:NextStepPathway,reactome:Pathway399
reactome:Pathway1538,abstraction:NextStepPathway,reactome:Pathway499
reactome:Pathway2070,abstraction:NextStepPathway,reactome:Pathway2067
reactome:Pathway1356,abstraction:NextStepPathway,reactome:Pathway1619
reactome:Pathway2496,abstraction:NextStepPathway,reactome:Pathway2492
reactome:Pathway1510,abstraction:NextStepPathway,reactome:Pathway1520
reactome:Pathway1395,abstraction:NextStepPathway,reactome:Pathway1399
reactome:Pathway2721,abstraction:NextStepPathway,reactome:Pathway1891
reactome:Pathway470,abstraction:NextStepPathway,reactome:Pathway1166
reactome:Pathway1354,abstraction:NextStepPathway,reactome:Pathway1356
reactome:Pathway2459,abstraction:NextStepPathway,reactome:Pathway2460
reactome:Pathway2359,abstraction:NextStepPathway,reactome:Pathway2358
reactome:Pathway2041,abstraction:NextStepPathway,reactome:Pathway327
reactome:Pathway2073,abstraction:NextStepPathway,reactome:Pathway436
reactome:Pathway1515,abstraction:NextStepPathway,reactome:Pathway1234
reactome:Pathway2633,abstraction:NextStepPathway,reactome:Pathway2629
reactome:Pathway1788,abstraction:NextStepPathway,reactome:Pathway1777
reactome:Pathway2738,abstraction:NextStepPathway,reactome:Pathway2784
reactome:Pathway2215,abstraction:NextStepPathway,reactome:Pathway2226
reactome:Pathway2280,abstraction:NextStepPathway,reactome:Pathway2270
reactome:Pathway1750,abstraction:NextStepPathway,reactome:Pathway179
reactome:Pathway1977,abstraction:NextStepPathway,reactome:Pathway1521
reactome:Pathway1532,abstraction:NextStepPathway,reactome:Pathway1531
reactome:Pathway2398,abstraction:NextStepPathway,reactome:Pathway2410
reactome:Pathway1353,abstraction:NextStepPathway,reactome:Pathway1357
reactome:Pathway2226,abstraction:NextStepPathway,reactome:Pathway1963
reactome:Pathway474,abstraction:NextStepPathway,reactome:Pathway475
reactome:Pathway2238,abstraction:NextStepPathway,reactome:Pathway2352
reactome:Pathway1721,abstraction:NextStepPathway,reactome:Pathway1724
reactome:Pathway1801,abstraction:NextStepPathway,reactome:Pathway1775
reactome:Pathway436,abstraction:NextStepPathway,reactome:Pathway437
reactome:Pathway505,abstraction:NextStepPathway,reactome:Pathway507
reactome:Pathway1538,abstraction:NextStepPathway,reactome:Pathway501
reactome:Pathway2308,abstraction:NextStepPathway,reactome:Pathway101
reactome:Pathway474,abstraction:NextStepPathway,reactome:Pathway472
reactome:Pathway1572,abstraction:NextStepPathway,reactome:Pathway2724
reactome:Pathway499,abstraction:NextStepPathway,reactome:Pathway1767
reactome:Pathway1750,abstraction:NextStepPathway,reactome:Pathway1428
reactome:Pathway2684,abstraction:NextStepPathway,reactome:Pathway2689
reactome:Pathway2321,abstraction:NextStepPathway,reactome:Pathway2335
reactome:Pathway2256,abstraction:NextStepPathway,reactome:Pathway2102
reactome:Pathway489,abstraction:NextStepPathway,reactome:Pathway147
reactome:Pathway2541,abstraction:NextStepPathway,reactome:Pathway2270
reactome:Pathway365,abstraction:NextStepPathway,reactome:Pathway367
reactome:Pathway472,abstraction:NextStepPathway,reactome:Pathway465
reactome:Pathway1233,abstraction:NextStepPathway,reactome:Pathway1850
reactome:Pathway1392,abstraction:NextStepPathway,reactome:Pathway1533
reactome:Pathway1895,abstraction:NextStepPathway,reactome:Pathway2706
reactome:Pathway2162,abstraction:NextStepPathway,reactome:Pathway2164
reactome:Pathway278,abstraction:NextStepPathway,reactome:Pathway252
reactome:Pathway471,abstraction:NextStepPathway,reactome:Pathway475
reactome:Pathway133,abstraction:NextStepPathway,reactome:Pathway131
reactome:Pathway1979,abstraction:NextStepPathway,reactome:Pathway2266
reactome:Pathway1732,abstraction:NextStepPathway,reactome:Pathway1857
reactome:Pathway1233,abstraction:NextStepPathway,reactome:Pathway286
reactome:Pathway39,abstraction:NextStepPathway,reactome:Pathway57
reactome:Pathway2179,abstraction:NextStepPathway,reactome:Pathway2180
reactome:Pathway2610,abstraction:NextStepPathway,reactome:Pathway2361
reactome:Pathway2690,abstraction:NextStepPathway,reactome:Pathway2695
reactome:Pathway2541,abstraction:NextStepPathway,reactome:Pathway2222
reactome:Pathway2271,abstraction:NextStepPathway,reactome:Pathway2215
reactome:Pathway1170,abstraction:NextStepPathway,reactome:Pathway1178
reactome:Pathway2692,abstraction:NextStepPathway,reactome:Pathway2693
reactome:Pathway351,abstraction:NextStepPathway,reactome:Pathway352
reactome:Pathway2226,abstraction:NextStepPathway,reactome:Pathway2215
reactome:Pathway1619,abstraction:NextStepPathway,reactome:Pathway246
reactome:Pathway1758,abstraction:NextStepPathway,reactome:Pathway1205
reactome:Pathway1539,abstraction:NextStepPathway,reactome:Pathway1538
reactome:Pathway1497,abstraction:NextStepPathway,reactome:Pathway1520
reactome:Pathway1392,abstraction:NextStepPathway,reactome:Pathway1531
reactome:Pathway2140,abstraction:NextStepPathway,reactome:Pathway2132
reactome:Pathway1828,abstraction:NextStepPathway,reactome:Pathway1229
reactome:Pathway1520,abstraction:NextStepPathway,reactome:Pathway1536
reactome:Pathway1973,abstraction:NextStepPathway,reactome:Pathway2336
reactome:Pathway2759,abstraction:NextStepPathway,reactome:Pathway2758
reactome:Pathway1849,abstraction:NextStepPathway,reactome:Pathway1854
reactome:Pathway2698,abstraction:NextStepPathway,reactome:Pathway2701
reactome:Pathway1490,abstraction:NextStepPathway,reactome:Pathway1520
reactome:Pathway183,abstraction:NextStepPathway,reactome:Pathway184
reactome:Pathway1205,abstraction:NextStepPathway,reactome:Pathway1835
reactome:Pathway442,abstraction:NextStepPathway,reactome:Pathway443
reactome:Pathway2365,abstraction:NextStepPathway,reactome:Pathway2555
reactome:Pathway2284,abstraction:NextStepPathway,reactome:Pathway2287
reactome:Pathway1956,abstraction:NextStepPathway,reactome:Pathway401
reactome:Pathway1861,abstraction:NextStepPathway,reactome:Pathway1526
reactome:Pathway436,abstraction:NextStepPathway,reactome:Pathway2074
reactome:Pathway1914,abstraction:NextStepPathway,reactome:Pathway1601
reactome:Pathway2503,abstraction:NextStepPathway,reactome:Pathway2510
reactome:Pathway1188,abstraction:NextStepPathway,reactome:Pathway1189
reactome:Pathway135,abstraction:NextStepPathway,reactome:Pathway1533
reactome:Pathway2439,abstraction:NextStepPathway,reactome:Pathway2445
reactome:Pathway1491,abstraction:NextStepPathway,reactome:Pathway1229
reactome:Pathway286,abstraction:NextStepPathway,reactome:Pathway2030
reactome:Pathway2068,abstraction:NextStepPathway,reactome:Pathway1233
reactome:Pathway135,abstraction:NextStepPathway,reactome:Pathway436
reactome:Pathway1322,abstraction:NextStepPathway,reactome:Pathway1323
reactome:Pathway2169,abstraction:NextStepPathway,reactome:Pathway1940
reactome:Pathway1365,abstraction:NextStepPathway,reactome:Pathway1619
reactome:Pathway1532,abstraction:NextStepPathway,reactome:Pathway1233
reactome:Pathway1855,abstraction:NextStepPathway,reactome:Pathway250
reactome:Pathway1484,abstraction:NextStepPathway,reactome:Pathway1487
reactome:Pathway1406,abstraction:NextStepPathway,reactome:Pathway1409
reactome:Pathway2779,abstraction:NextStepPathway,reactome:Pathway211
reactome:Pathway1397,abstraction:NextStepPathway,reactome:Pathway1401
reactome:Pathway1564,abstraction:NextStepPathway,reactome:Pathway1565
reactome:Pathway256,abstraction:NextStepPathway,reactome:Pathway263
reactome:Pathway1322,abstraction:NextStepPathway,reactome:Pathway1907
reactome:Pathway1619,abstraction:NextStepPathway,reactome:Pathway1855
reactome:Pathway2533,abstraction:NextStepPathway,reactome:Pathway2651
reactome:Pathway1375,abstraction:NextStepPathway,reactome:Pathway1382
reactome:Pathway2556,abstraction:NextStepPathway,reactome:Pathway248
reactome:Pathway493,abstraction:NextStepPathway,reactome:Pathway500
reactome:Pathway1904,abstraction:NextStepPathway,reactome:Pathway287
reactome:Pathway1225,abstraction:NextStepPathway,reactome:Pathway1850
reactome:Pathway2472,abstraction:NextStepPathway,reactome:Pathway2479
reactome:Pathway2681,abstraction:NextStepPathway,reactome:Pathway2706
reactome:Pathway2196,abstraction:NextStepPathway,reactome:Pathway1233
reactome:Pathway1501,abstraction:NextStepPathway,reactome:Pathway1522
reactome:Pathway2339,abstraction:NextStepPathway,reactome:Pathway2302
reactome:Pathway1395,abstraction:NextStepPathway,reactome:Pathway1400
reactome:Pathway135,abstraction:NextStepPathway,reactome:Pathway1531
reactome:Pathway1102,abstraction:NextStepPathway,reactome:Pathway1109
reactome:Pathway136,abstraction:NextStepPathway,reactome:Pathway138
reactome:Pathway493,abstraction:NextStepPathway,reactome:Pathway1851
reactome:Pathway1522,abstraction:NextStepPathway,reactome:Pathway1544
reactome:Pathway2724,abstraction:NextStepPathway,reactome:Pathway2782
reactome:Pathway493,abstraction:NextStepPathway,reactome:Pathway1735
reactome:Pathway1979,abstraction:NextStepPathway,reactome:Pathway267
reactome:Pathway2241,abstraction:NextStepPathway,reactome:Pathway1016
reactome:Pathway1973,abstraction:NextStepPathway,reactome:Pathway367
reactome:Pathway179,abstraction:NextStepPathway,reactome:Pathway172
reactome:Pathway1445,abstraction:NextStepPathway,reactome:Pathway1619
reactome:Pathway1908,abstraction:NextStepPathway,reactome:Pathway1914
reactome:Pathway1544,abstraction:NextStepPathway,reactome:Pathway500
reactome:Pathway2066,abstraction:NextStepPathway,reactome:Pathway2069
reactome:Pathway524,abstraction:NextStepPathway,reactome:Pathway2211
reactome:Pathway1365,abstraction:NextStepPathway,reactome:Pathway1369
reactome:Pathway2576,abstraction:NextStepPathway,reactome:Pathway2577
reactome:Pathway45,abstraction:NextStepPathway,reactome:Pathway41
reactome:Pathway2541,abstraction:NextStepPathway,reactome:Pathway1638
reactome:Pathway478,abstraction:NextStepPathway,reactome:Pathway1521
reactome:Pathway2301,abstraction:NextStepPathway,reactome:Pathway2284
reactome:Pathway1544,abstraction:NextStepPathway,reactome:Pathway1851
reactome:Pathway2079,abstraction:NextStepPathway,reactome:Pathway2086
reactome:Pathway2682,abstraction:NextStepPathway,reactome:Pathway2706
reactome:Pathway2335,abstraction:NextStepPathway,reactome:Pathway2314
reactome:Pathway1233,abstraction:NextStepPathway,reactome:Pathway2030
reactome:Pathway1428,abstraction:NextStepPathway,reactome:Pathway2541
reactome:Pathway1477,abstraction:NextStepPathway,reactome:Pathway2724
reactome:Pathway1977,abstraction:NextStepPathway,reactome:Pathway1536
reactome:Pathway2554,abstraction:NextStepPathway,reactome:Pathway2541
reactome:Pathway1392,abstraction:NextStepPathway,reactome:Pathway1609
reactome:Pathway1324,abstraction:NextStepPathway,reactome:Pathway1337
reactome:Pathway2539,abstraction:NextStepPathway,reactome:Pathway180
reactome:Pathway145,abstraction:NextStepPathway,reactome:Pathway148
reactome:Pathway41,abstraction:NextStepPathway,reactome:Pathway298
reactome:Pathway2298,abstraction:NextStepPathway,reactome:Pathway2270
reactome:Pathway1335,abstraction:NextStepPathway,reactome:Pathway1642
reactome:Pathway1193,abstraction:NextStepPathway,reactome:Pathway1195
reactome:Pathway1535,abstraction:NextStepPathway,reactome:Pathway1536
reactome:Pathway1509,abstraction:NextStepPathway,reactome:Pathway1538
reactome:Pathway1979,abstraction:NextStepPathway,reactome:Pathway1943
reactome:Pathway1626,abstraction:NextStepPathway,reactome:Pathway2584
reactome:Pathway1633,abstraction:NextStepPathway,reactome:Pathway1609
reactome:Pathway2040,abstraction:NextStepPathway,reactome:Pathway2039
reactome:Pathway354,abstraction:NextStepPathway,reactome:Pathway353
reactome:Pathway343,abstraction:NextStepPathway,reactome:Pathway341
reactome:Pathway1897,abstraction:NextStepPathway,reactome:Pathway1880
reactome:Pathway292,abstraction:NextStepPathway,reactome:Pathway297
reactome:Pathway2732,abstraction:NextStepPathway,reactome:Pathway2733
reactome:Pathway2041,abstraction:NextStepPathway,reactome:Pathway2043
reactome:Pathway2209,abstraction:NextStepPathway,reactome:Pathway2077
reactome:Pathway2703,abstraction:NextStepPathway,reactome:Pathway1180
reactome:Pathway2037,abstraction:NextStepPathway,reactome:Pathway2234
reactome:Pathway1973,abstraction:NextStepPathway,reactome:Pathway2034
reactome:Pathway1427,abstraction:NextStepPathway,reactome:Pathway1679
reactome:Pathway505,abstraction:NextStepPathway,reactome:Pathway506
reactome:Pathway2357,abstraction:NextStepPathway,reactome:Pathway2384
reactome:Pathway1775,abstraction:NextStepPathway,reactome:Pathway1780
reactome:Pathway261,abstraction:NextStepPathway,reactome:Pathway2217
reactome:Pathway2555,abstraction:NextStepPathway,reactome:Pathway388
reactome:Pathway248,abstraction:NextStepPathway,reactome:Pathway2358
reactome:Pathway2167,abstraction:NextStepPathway,reactome:Pathway2325
reactome:Pathway2785,abstraction:NextStepPathway,reactome:Pathway1584
reactome:Pathway1878,abstraction:NextStepPathway,reactome:Pathway1229
reactome:Pathway2545,abstraction:NextStepPathway,reactome:Pathway1833
reactome:Pathway2284,abstraction:NextStepPathway,reactome:Pathway2286
reactome:Pathway478,abstraction:NextStepPathway,reactome:Pathway1544
reactome:Pathway1619,abstraction:NextStepPathway,reactome:Pathway2584
reactome:Pathway1175,abstraction:NextStepPathway,reactome:Pathway1182
reactome:Pathway1415,abstraction:NextStepPathway,reactome:Pathway1416
reactome:Pathway1627,abstraction:NextStepPathway,reactome:Pathway1382
reactome:Pathway2153,abstraction:NextStepPathway,reactome:Pathway2154
reactome:Pathway1635,abstraction:NextStepPathway,reactome:Pathway1735
reactome:Pathway1526,abstraction:NextStepPathway,reactome:Pathway1851
reactome:Pathway2134,abstraction:NextStepPathway,reactome:Pathway2135
reactome:Pathway248,abstraction:NextStepPathway,reactome:Pathway2384
reactome:Pathway347,abstraction:NextStepPathway,reactome:Pathway344
reactome:Pathway246,abstraction:NextStepPathway,reactome:Pathway2380
reactome:Pathway1382,abstraction:NextStepPathway,reactome:Pathway1391
reactome:Pathway2397,abstraction:NextStepPathway,reactome:Pathway2367
reactome:Pathway1856,abstraction:NextStepPathway,reactome:Pathway1588
reactome:Pathway2721,abstraction:NextStepPathway,reactome:Pathway1330
reactome:Pathway2635,abstraction:NextStepPathway,reactome:Pathway75
reactome:Pathway2569,abstraction:NextStepPathway,reactome:Pathway1549
reactome:Pathway1121,abstraction:NextStepPathway,reactome:Pathway1110
reactome:Pathway2806,abstraction:NextStepPathway,reactome:Pathway2807
reactome:Pathway1155,abstraction:NextStepPathway,reactome:Pathway1154
reactome:Pathway1440,abstraction:NextStepPathway,reactome:Pathway1687
reactome:Pathway1429,abstraction:NextStepPathway,reactome:Pathway2416
reactome:Pathway2123,abstraction:NextStepPathway,reactome:Pathway2131
reactome:Pathway1521,abstraction:NextStepPathway,reactome:Pathway2030
reactome:Pathway1631,abstraction:NextStepPathway,reactome:Pathway2559
reactome:Pathway2216,abstraction:NextStepPathway,reactome:Pathway2215
reactome:Pathway1807,abstraction:NextStepPathway,reactome:Pathway2694
reactome:Pathway1354,abstraction:NextStepPathway,reactome:Pathway1357
reactome:Pathway2358,abstraction:NextStepPathway,reactome:Pathway2557
reactome:Pathway2196,abstraction:NextStepPathway,reactome:Pathway172
reactome:Pathway2074,abstraction:NextStepPathway,reactome:Pathway2217
reactome:Pathway1429,abstraction:NextStepPathway,reactome:Pathway1526
reactome:Pathway524,abstraction:NextStepPathway,reactome:Pathway135
reactome:Pathway1395,abstraction:NextStepPathway,reactome:Pathway1401
reactome:Pathway1619,abstraction:NextStepPathway,reactome:Pathway1350
reactome:Pathway1722,abstraction:NextStepPathway,reactome:Pathway1914
reactome:Pathway1980,abstraction:NextStepPathway,reactome:Pathway1421
reactome:Pathway1234,abstraction:NextStepPathway,reactome:Pathway1522
reactome:Pathway423,abstraction:NextStepPathway,reactome:Pathway2388
reactome:Pathway172,abstraction:NextStepPathway,reactome:Pathway135
reactome:Pathway350,abstraction:NextStepPathway,reactome:Pathway351
reactome:Pathway1382,abstraction:NextStepPathway,reactome:Pathway1626
reactome:Pathway2397,abstraction:NextStepPathway,reactome:Pathway2410
reactome:Pathway106,abstraction:NextStepPathway,reactome:Pathway2231
reactome:Pathway2079,abstraction:NextStepPathway,reactome:Pathway2080
reactome:Pathway286,abstraction:NextStepPathway,reactome:Pathway1669
reactome:Pathway2117,abstraction:NextStepPathway,reactome:Pathway2114
reactome:Pathway499,abstraction:NextStepPathway,reactome:Pathway1750
reactome:Pathway1855,abstraction:NextStepPathway,reactome:Pathway1853
reactome:Pathway2200,abstraction:NextStepPathway,reactome:Pathway1233
reactome:Pathway1427,abstraction:NextStepPathway,reactome:Pathway1428
reactome:Pathway1763,abstraction:NextStepPathway,reactome:Pathway1758
reactome:Pathway2365,abstraction:NextStepPathway,reactome:Pathway2363
reactome:Pathway1233,abstraction:NextStepPathway,reactome:Pathway1393
reactome:Pathway485,abstraction:NextStepPathway,reactome:Pathway1296
reactome:Pathway2041,abstraction:NextStepPathway,reactome:Pathway1950
reactome:Pathway2060,abstraction:NextStepPathway,reactome:Pathway2066
reactome:Pathway2270,abstraction:NextStepPathway,reactome:Pathway2226
reactome:Pathway2222,abstraction:NextStepPathway,reactome:Pathway267
reactome:Pathway1689,abstraction:NextStepPathway,reactome:Pathway1736
reactome:Pathway1540,abstraction:NextStepPathway,reactome:Pathway1619
reactome:Pathway1925,abstraction:NextStepPathway,reactome:Pathway674
reactome:Pathway1209,abstraction:NextStepPathway,reactome:Pathway1641
reactome:Pathway172,abstraction:NextStepPathway,reactome:Pathway480
reactome:Pathway1750,abstraction:NextStepPathway,reactome:Pathway1752
reactome:Pathway2357,abstraction:NextStepPathway,reactome:Pathway2391
reactome:Pathway2562,abstraction:NextStepPathway,reactome:Pathway2566
reactome:Pathway1750,abstraction:NextStepPathway,reactome:Pathway1753
reactome:Pathway2366,abstraction:NextStepPathway,reactome:Pathway2397
reactome:Pathway1229,abstraction:NextStepPathway,reactome:Pathway2244
reactome:Pathway2806,abstraction:NextStepPathway,reactome:Pathway2808
reactome:Pathway2500,abstraction:NextStepPathway,reactome:Pathway2366
reactome:Pathway1375,abstraction:NextStepPathway,reactome:Pathway1383
reactome:Pathway1860,abstraction:NextStepPathway,reactome:Pathway1857
reactome:Pathway1189,abstraction:NextStepPathway,reactome:Pathway1208
reactome:Pathway2556,abstraction:NextStepPathway,reactome:Pathway2676
reactome:Pathway1359,abstraction:NextStepPathway,reactome:Pathway1349
reactome:Pathway1520,abstraction:NextStepPathway,reactome:Pathway1545
reactome:Pathway1320,abstraction:NextStepPathway,reactome:Pathway1324
reactome:Pathway2554,abstraction:NextStepPathway,reactome:Pathway1637
reactome:Pathway248,abstraction:NextStepPathway,reactome:Pathway2391
reactome:Pathway1209,abstraction:NextStepPathway,reactome:Pathway1631
reactome:Pathway509,abstraction:NextStepPathway,reactome:Pathway507
reactome:Pathway1479,abstraction:NextStepPathway,reactome:Pathway2583
reactome:Pathway1335,abstraction:NextStepPathway,reactome:Pathway1429
reactome:Pathway1233,abstraction:NextStepPathway,reactome:Pathway1851
reactome:Pathway1851,abstraction:NextStepPathway,reactome:Pathway1529
reactome:Pathway1697,abstraction:NextStepPathway,reactome:Pathway466
reactome:Pathway2158,abstraction:NextStepPathway,reactome:Pathway2319
reactome:Pathway2749,abstraction:NextStepPathway,reactome:Pathway1533
reactome:Pathway489,abstraction:NextStepPathway,reactome:Pathway1545
reactome:Pathway2203,abstraction:NextStepPathway,reactome:Pathway2202
reactome:Pathway2080,abstraction:NextStepPathway,reactome:Pathway2176
reactome:Pathway1233,abstraction:NextStepPathway,reactome:Pathway1669
reactome:Pathway2668,abstraction:NextStepPathway,reactome:Pathway2673
reactome:Pathway495,abstraction:NextStepPathway,reactome:Pathway1767
reactome:Pathway524,abstraction:NextStepPathway,reactome:Pathway1939
reactome:Pathway1511,abstraction:NextStepPathway,reactome:Pathway1522
reactome:Pathway1834,abstraction:NextStepPathway,reactome:Pathway1835
reactome:Pathway493,abstraction:NextStepPathway,reactome:Pathway1731
reactome:Pathway1322,abstraction:NextStepPathway,reactome:Pathway1378
reactome:Pathway2358,abstraction:NextStepPathway,reactome:Pathway2706
reactome:Pathway2554,abstraction:NextStepPathway,reactome:Pathway2555
reactome:Pathway2365,abstraction:NextStepPathway,reactome:Pathway2548
reactome:Pathway1440,abstraction:NextStepPathway,reactome:Pathway2384
reactome:Pathway1816,abstraction:NextStepPathway,reactome:Pathway1814
reactome:Pathway524,abstraction:NextStepPathway,reactome:Pathway1861
reactome:Pathway2226,abstraction:NextStepPathway,reactome:Pathway2222
reactome:Pathway172,abstraction:NextStepPathway,reactome:Pathway1861
reactome:Pathway2365,abstraction:NextStepPathway,reactome:Pathway2545
reactome:Pathway1500,abstraction:NextStepPathway,reactome:Pathway1541
reactome:Pathway1998,abstraction:NextStepPathway,reactome:Pathway1999
reactome:Pathway2749,abstraction:NextStepPathway,reactome:Pathway1531
reactome:Pathway493,abstraction:NextStepPathway,reactome:Pathway1631
reactome:Pathway1411,abstraction:NextStepPathway,reactome:Pathway1420
reactome:Pathway267,abstraction:NextStepPathway,reactome:Pathway2229
reactome:Pathway1631,abstraction:NextStepPathway,reactome:Pathway1609
reactome:Pathway1532,abstraction:NextStepPathway,reactome:Pathway2109
reactome:Pathway1801,abstraction:NextStepPathway,reactome:Pathway1793
reactome:Pathway2593,abstraction:NextStepPathway,reactome:Pathway1576
reactome:Pathway1829,abstraction:NextStepPathway,reactome:Pathway1229
reactome:Pathway1822,abstraction:NextStepPathway,reactome:Pathway1522
reactome:Pathway2341,abstraction:NextStepPathway,reactome:Pathway2013
reactome:Pathway2259,abstraction:NextStepPathway,reactome:Pathway2284
reactome:Pathway2499,abstraction:NextStepPathway,reactome:Pathway2498
reactome:Pathway2269,abstraction:NextStepPathway,reactome:Pathway2226
reactome:Pathway458,abstraction:NextStepPathway,reactome:Pathway366
reactome:Pathway1861,abstraction:NextStepPathway,reactome:Pathway134
reactome:Pathway70,abstraction:NextStepPathway,reactome:Pathway84
reactome:Pathway492,abstraction:NextStepPathway,reactome:Pathway1588
reactome:Pathway288,abstraction:NextStepPathway,reactome:Pathway1529
reactome:Pathway1594,abstraction:NextStepPathway,reactome:Pathway1593
reactome:Pathway1977,abstraction:NextStepPathway,reactome:Pathway1531
reactome:Pathway2581,abstraction:NextStepPathway,reactome:Pathway2584
reactome:Pathway1520,abstraction:NextStepPathway,reactome:Pathway1233
reactome:Pathway1484,abstraction:NextStepPathway,reactome:Pathway1486
reactome:Pathway247,abstraction:NextStepPathway,reactome:Pathway1779
reactome:Pathway1973,abstraction:NextStepPathway,reactome:Pathway361
reactome:Pathway1861,abstraction:NextStepPathway,reactome:Pathway1530
reactome:Pathway493,abstraction:NextStepPathway,reactome:Pathway1642
reactome:Pathway1642,abstraction:NextStepPathway,reactome:Pathway179
reactome:Pathway2480,abstraction:NextStepPathway,reactome:Pathway2482
reactome:Pathway2238,abstraction:NextStepPathway,reactome:Pathway292
reactome:Pathway344,abstraction:NextStepPathway,reactome:Pathway2028
reactome:Pathway2378,abstraction:NextStepPathway,reactome:Pathway2377
reactome:Pathway2158,abstraction:NextStepPathway,reactome:Pathway2318
reactome:Pathway2106,abstraction:NextStepPathway,reactome:Pathway2105
reactome:Pathway1529,abstraction:NextStepPathway,reactome:Pathway130
reactome:Pathway2629,abstraction:NextStepPathway,reactome:Pathway2635
reactome:Pathway2234,abstraction:NextStepPathway,reactome:Pathway2241
reactome:Pathway1977,abstraction:NextStepPathway,reactome:Pathway2202
reactome:Pathway1225,abstraction:NextStepPathway,reactome:Pathway1669
reactome:Pathway212,abstraction:NextStepPathway,reactome:Pathway213
reactome:Pathway1986,abstraction:NextStepPathway,reactome:Pathway1987
reactome:Pathway1852,abstraction:NextStepPathway,reactome:Pathway1853
reactome:Pathway1510,abstraction:NextStepPathway,reactome:Pathway1234
reactome:Pathway1787,abstraction:NextStepPathway,reactome:Pathway1840
reactome:Pathway100,abstraction:NextStepPathway,reactome:Pathway125
reactome:Pathway2569,abstraction:NextStepPathway,reactome:Pathway1606
reactome:Pathway2744,abstraction:NextStepPathway,reactome:Pathway1541
reactome:Pathway1851,abstraction:NextStepPathway,reactome:Pathway1861
reactome:Pathway1851,abstraction:NextStepPathway,reactome:Pathway2196
reactome:Pathway1750,abstraction:NextStepPathway,reactome:Pathway1536
reactome:Pathway2060,abstraction:NextStepPathway,reactome:Pathway1588
reactome:Pathway1995,abstraction:NextStepPathway,reactome:Pathway2004
reactome:Pathway372,abstraction:NextStepPathway,reactome:Pathway374
reactome:Pathway1923,abstraction:NextStepPathway,reactome:Pathway1617
reactome:Pathway2358,abstraction:NextStepPathway,reactome:Pathway2364
reactome:Pathway213,abstraction:NextStepPathway,reactome:Pathway215
reactome:Pathway1533,abstraction:NextStepPathway,reactome:Pathway135
reactome:Pathway246,abstraction:NextStepPathway,reactome:Pathway2598
reactome:Pathway2555,abstraction:NextStepPathway,reactome:Pathway2556
reactome:Pathway2668,abstraction:NextStepPathway,reactome:Pathway2694
reactome:Pathway1428,abstraction:NextStepPathway,reactome:Pathway2557
reactome:Pathway2358,abstraction:NextStepPathway,reactome:Pathway2554
reactome:Pathway2067,abstraction:NextStepPathway,reactome:Pathway2068
reactome:Pathway1912,abstraction:NextStepPathway,reactome:Pathway1747
reactome:Pathway1509,abstraction:NextStepPathway,reactome:Pathway1522
reactome:Pathway447,abstraction:NextStepPathway,reactome:Pathway448
reactome:Pathway1110,abstraction:NextStepPathway,reactome:Pathway1121
reactome:Pathway2545,abstraction:NextStepPathway,reactome:Pathway2686
reactome:Pathway1732,abstraction:NextStepPathway,reactome:Pathway1428
reactome:Pathway1576,abstraction:NextStepPathway,reactome:Pathway2593
reactome:Pathway1537,abstraction:NextStepPathway,reactome:Pathway1521
reactome:Pathway2788,abstraction:NextStepPathway,reactome:Pathway2789
reactome:Pathway2112,abstraction:NextStepPathway,reactome:Pathway2108
reactome:Pathway1689,abstraction:NextStepPathway,reactome:Pathway1629
reactome:Pathway2164,abstraction:NextStepPathway,reactome:Pathway2318
reactome:Pathway439,abstraction:NextStepPathway,reactome:Pathway2073
reactome:Pathway2358,abstraction:NextStepPathway,reactome:Pathway2545
reactome:Pathway2222,abstraction:NextStepPathway,reactome:Pathway2228
reactome:Pathway255,abstraction:NextStepPathway,reactome:Pathway256
reactome:Pathway247,abstraction:NextStepPathway,reactome:Pathway2555
reactome:Pathway2365,abstraction:NextStepPathway,reactome:Pathway2550
reactome:Pathway1896,abstraction:NextStepPathway,reactome:Pathway2781
reactome:Pathway50,abstraction:NextStepPathway,reactome:Pathway49
reactome:Pathway2749,abstraction:NextStepPathway,reactome:Pathway1609
reactome:Pathway1385,abstraction:NextStepPathway,reactome:Pathway1543
reactome:Pathway101,abstraction:NextStepPathway,reactome:Pathway98
reactome:Pathway2062,abstraction:NextStepPathway,reactome:Pathway2063
reactome:Pathway253,abstraction:NextStepPathway,reactome:Pathway227
reactome:Pathway2062,abstraction:NextStepPathway,reactome:Pathway2070
reactome:Pathway1521,abstraction:NextStepPathway,reactome:Pathway1233
reactome:Pathway2078,abstraction:NextStepPathway,reactome:Pathway2077
reactome:Pathway2150,abstraction:NextStepPathway,reactome:Pathway2317
reactome:Pathway2821,abstraction:NextStepPathway,reactome:Pathway2207
reactome:Pathway2500,abstraction:NextStepPathway,reactome:Pathway2365
reactome:Pathway1802,abstraction:NextStepPathway,reactome:Pathway1804
reactome:Pathway1977,abstraction:NextStepPathway,reactome:Pathway1233
reactome:Pathway2138,abstraction:NextStepPathway,reactome:Pathway2139
reactome:Pathway248,abstraction:NextStepPathway,reactome:Pathway2383
reactome:Pathway492,abstraction:NextStepPathway,reactome:Pathway1541
reactome:Pathway1948,abstraction:NextStepPathway,reactome:Pathway403
reactome:Pathway2314,abstraction:NextStepPathway,reactome:Pathway267
reactome:Pathway1741,abstraction:NextStepPathway,reactome:Pathway1742
reactome:Pathway2060,abstraction:NextStepPathway,reactome:Pathway2061
reactome:Pathway1205,abstraction:NextStepPathway,reactome:Pathway1797
reactome:Pathway1531,abstraction:NextStepPathway,reactome:Pathway1393
reactome:Pathway2060,abstraction:NextStepPathway,reactome:Pathway1861
reactome:Pathway2718,abstraction:NextStepPathway,reactome:Pathway2719
reactome:Pathway1497,abstraction:NextStepPathway,reactome:Pathway1234
reactome:Pathway2060,abstraction:NextStepPathway,reactome:Pathway2196
reactome:Pathway1520,abstraction:NextStepPathway,reactome:Pathway1543
reactome:Pathway1619,abstraction:NextStepPathway,reactome:Pathway2749
reactome:Pathway1879,abstraction:NextStepPathway,reactome:Pathway2706
reactome:Pathway1808,abstraction:NextStepPathway,reactome:Pathway1896
reactome:Pathway1490,abstraction:NextStepPathway,reactome:Pathway1234
reactome:Pathway1108,abstraction:NextStepPathway,reactome:Pathway1102
reactome:Pathway1961,abstraction:NextStepPathway,reactome:Pathway2215
reactome:Pathway1190,abstraction:NextStepPathway,reactome:Pathway1192
reactome:Pathway1526,abstraction:NextStepPathway,reactome:Pathway1642
reactome:Pathway1631,abstraction:NextStepPathway,reactome:Pathway1209
reactome:Pathway267,abstraction:NextStepPathway,reactome:Pathway2227
reactome:Pathway2198,abstraction:NextStepPathway,reactome:Pathway1233
reactome:Pathway2081,abstraction:NextStepPathway,reactome:Pathway1235
reactome:Pathway2503,abstraction:NextStepPathway,reactome:Pathway2511
reactome:Pathway2243,abstraction:NextStepPathway,reactome:Pathway2298
reactome:Pathway1903,abstraction:NextStepPathway,reactome:Pathway1905
reactome:Pathway1522,abstraction:NextStepPathway,reactome:Pathway1546
reactome:Pathway1454,abstraction:NextStepPathway,reactome:Pathway1462
reactome:Pathway2556,abstraction:NextStepPathway,reactome:Pathway2361
reactome:Pathway1878,abstraction:NextStepPathway,reactome:Pathway2706
reactome:Pathway32,abstraction:NextStepPathway,reactome:Pathway2622
reactome:Pathway1416,abstraction:NextStepPathway,reactome:Pathway222
reactome:Pathway96,abstraction:NextStepPathway,reactome:Pathway102
reactome:Pathway2198,abstraction:NextStepPathway,reactome:Pathway2200
reactome:Pathway2554,abstraction:NextStepPathway,reactome:Pathway2590
reactome:Pathway2610,abstraction:NextStepPathway,reactome:Pathway2357
reactome:Pathway1731,abstraction:NextStepPathway,reactome:Pathway1588
reactome:Pathway1522,abstraction:NextStepPathway,reactome:Pathway134
reactome:Pathway1917,abstraction:NextStepPathway,reactome:Pathway2825
reactome:Pathway286,abstraction:NextStepPathway,reactome:Pathway2204
reactome:Pathway2217,abstraction:NextStepPathway,reactome:Pathway2215
reactome:Pathway493,abstraction:NextStepPathway,reactome:Pathway1429
reactome:Pathway2154,abstraction:NextStepPathway,reactome:Pathway2074
reactome:Pathway206,abstraction:NextStepPathway,reactome:Pathway208
reactome:Pathway1896,abstraction:NextStepPathway,reactome:Pathway1781
reactome:Pathway1677,abstraction:NextStepPathway,reactome:Pathway1584
reactome:Pathway255,abstraction:NextStepPathway,reactome:Pathway258
reactome:Pathway1477,abstraction:NextStepPathway,reactome:Pathway2383
reactome:Pathway1904,abstraction:NextStepPathway,reactome:Pathway1914
reactome:Pathway1522,abstraction:NextStepPathway,reactome:Pathway1520
reactome:Pathway421,abstraction:NextStepPathway,reactome:Pathway423
reactome:Pathway490,abstraction:NextStepPathway,reactome:Pathway1588
reactome:Pathway1522,abstraction:NextStepPathway,reactome:Pathway1532
reactome:Pathway2226,abstraction:NextStepPathway,reactome:Pathway2219
reactome:Pathway1233,abstraction:NextStepPathway,reactome:Pathway1731
reactome:Pathway1750,abstraction:NextStepPathway,reactome:Pathway524
reactome:Pathway35,abstraction:NextStepPathway,reactome:Pathway50
reactome:Pathway2061,abstraction:NextStepPathway,reactome:Pathway2062
reactome:Pathway1429,abstraction:NextStepPathway,reactome:Pathway134
reactome:Pathway2671,abstraction:NextStepPathway,reactome:Pathway2694
reactome:Pathway1192,abstraction:NextStepPathway,reactome:Pathway1193
reactome:Pathway1979,abstraction:NextStepPathway,reactome:Pathway2314
reactome:Pathway2600,abstraction:NextStepPathway,reactome:Pathway2601
reactome:Pathway2735,abstraction:NextStepPathway,reactome:Pathway1480
reactome:Pathway1429,abstraction:NextStepPathway,reactome:Pathway1530
reactome:Pathway1349,abstraction:NextStepPathway,reactome:Pathway1337
reactome:Pathway1490,abstraction:NextStepPathway,reactome:Pathway1538
reactome:Pathway2159,abstraction:NextStepPathway,reactome:Pathway2319
reactome:Pathway2275,abstraction:NextStepPathway,reactome:Pathway2276
reactome:Pathway2041,abstraction:NextStepPathway,reactome:Pathway1973
reactome:Pathway1529,abstraction:NextStepPathway,reactome:Pathway2211
reactome:Pathway493,abstraction:NextStepPathway,reactome:Pathway501
reactome:Pathway1839,abstraction:NextStepPathway,reactome:Pathway1844
reactome:Pathway1800,abstraction:NextStepPathway,reactome:Pathway1799
reactome:Pathway399,abstraction:NextStepPathway,reactome:Pathway255
reactome:Pathway2319,abstraction:NextStepPathway,reactome:Pathway2159
reactome:Pathway1956,abstraction:NextStepPathway,reactome:Pathway2265
reactome:Pathway1543,abstraction:NextStepPathway,reactome:Pathway1385
reactome:Pathway1597,abstraction:NextStepPathway,reactome:Pathway1600
reactome:Pathway1233,abstraction:NextStepPathway,reactome:Pathway2204
reactome:Pathway1929,abstraction:NextStepPathway,reactome:Pathway1732
reactome:Pathway2365,abstraction:NextStepPathway,reactome:Pathway2549
reactome:Pathway246,abstraction:NextStepPathway,reactome:Pathway247
reactome:Pathway2226,abstraction:NextStepPathway,reactome:Pathway2269
reactome:Pathway1537,abstraction:NextStepPathway,reactome:Pathway1536
reactome:Pathway271,abstraction:NextStepPathway,reactome:Pathway252
reactome:Pathway1638,abstraction:NextStepPathway,reactome:Pathway2134
reactome:Pathway1631,abstraction:NextStepPathway,reactome:Pathway1442
reactome:Pathway466,abstraction:NextStepPathway,reactome:Pathway224
reactome:Pathway347,abstraction:NextStepPathway,reactome:Pathway1973
reactome:Pathway2236,abstraction:NextStepPathway,reactome:Pathway2541
reactome:Pathway1544,abstraction:NextStepPathway,reactome:Pathway501
reactome:Pathway372,abstraction:NextStepPathway,reactome:Pathway379
reactome:Pathway2563,abstraction:NextStepPathway,reactome:Pathway410
reactome:Pathway288,abstraction:NextStepPathway,reactome:Pathway287
reactome:Pathway2284,abstraction:NextStepPathway,reactome:Pathway1956
reactome:Pathway1731,abstraction:NextStepPathway,reactome:Pathway1861
reactome:Pathway1731,abstraction:NextStepPathway,reactome:Pathway2196
reactome:Pathway267,abstraction:NextStepPathway,reactome:Pathway2074
reactome:Pathway2209,abstraction:NextStepPathway,reactome:Pathway2091
reactome:Pathway2036,abstraction:NextStepPathway,reactome:Pathway2236
reactome:Pathway1750,abstraction:NextStepPathway,reactome:Pathway1533
reactome:Pathway39,abstraction:NextStepPathway,reactome:Pathway62
reactome:Pathway1915,abstraction:NextStepPathway,reactome:Pathway1741
reactome:Pathway2369,abstraction:NextStepPathway,reactome:Pathway2434
reactome:Pathway1477,abstraction:NextStepPathway,reactome:Pathway448
reactome:Pathway1775,abstraction:NextStepPathway,reactome:Pathway1776
reactome:Pathway2204,abstraction:NextStepPathway,reactome:Pathway1521
reactome:Pathway1773,abstraction:NextStepPathway,reactome:Pathway1793
reactome:Pathway1382,abstraction:NextStepPathway,reactome:Pathway1623
reactome:Pathway478,abstraction:NextStepPathway,reactome:Pathway1546
reactome:Pathway1789,abstraction:NextStepPathway,reactome:Pathway1205
reactome:Pathway1943,abstraction:NextStepPathway,reactome:Pathway1979
reactome:Pathway1619,abstraction:NextStepPathway,reactome:Pathway1338
reactome:Pathway2147,abstraction:NextStepPathway,reactome:Pathway2148
reactome:Pathway1824,abstraction:NextStepPathway,reactome:Pathway1781
reactome:Pathway1217,abstraction:NextStepPathway,reactome:Pathway1220
reactome:Pathway247,abstraction:NextStepPathway,reactome:Pathway250
reactome:Pathway211,abstraction:NextStepPathway,reactome:Pathway213
reactome:Pathway2375,abstraction:NextStepPathway,reactome:Pathway422
reactome:Pathway2691,abstraction:NextStepPathway,reactome:Pathway2697
reactome:Pathway2112,abstraction:NextStepPathway,reactome:Pathway2117
reactome:Pathway2285,abstraction:NextStepPathway,reactome:Pathway2339
reactome:Pathway1385,abstraction:NextStepPathway,reactome:Pathway1732
reactome:Pathway1536,abstraction:NextStepPathway,reactome:Pathway1532
reactome:Pathway436,abstraction:NextStepPathway,reactome:Pathway184
reactome:Pathway1858,abstraction:NextStepPathway,reactome:Pathway1732
reactome:Pathway13,abstraction:NextStepPathway,reactome:Pathway15
reactome:Pathway2139,abstraction:NextStepPathway,reactome:Pathway2140
reactome:Pathway493,abstraction:NextStepPathway,reactome:Pathway1856
reactome:Pathway1689,abstraction:NextStepPathway,reactome:Pathway1673
reactome:Pathway1808,abstraction:NextStepPathway,reactome:Pathway1795
reactome:Pathway438,abstraction:NextStepPathway,reactome:Pathway253
reactome:Pathway2098,abstraction:NextStepPathway,reactome:Pathway2099
reactome:Pathway1671,abstraction:NextStepPathway,reactome:Pathway411
reactome:Pathway1209,abstraction:NextStepPathway,reactome:Pathway2541
reactome:Pathway1910,abstraction:NextStepPathway,reactome:Pathway1905
reactome:Pathway1979,abstraction:NextStepPathway,reactome:Pathway2313
reactome:Pathway1631,abstraction:NextStepPathway,reactome:Pathway1732
reactome:Pathway1526,abstraction:NextStepPathway,reactome:Pathway1429
reactome:Pathway2786,abstraction:NextStepPathway,reactome:Pathway1584
reactome:Pathway478,abstraction:NextStepPathway,reactome:Pathway1520
reactome:Pathway1861,abstraction:NextStepPathway,reactome:Pathway1642
reactome:Pathway1856,abstraction:NextStepPathway,reactome:Pathway1526
reactome:Pathway274,abstraction:NextStepPathway,reactome:Pathway275
reactome:Pathway2235,abstraction:NextStepPathway,reactome:Pathway2236
reactome:Pathway1526,abstraction:NextStepPathway,reactome:Pathway1750
reactome:Pathway482,abstraction:NextStepPathway,reactome:Pathway499
reactome:Pathway482,abstraction:NextStepPathway,reactome:Pathway1429
reactome:Pathway1229,abstraction:NextStepPathway,reactome:Pathway1522
reactome:Pathway2375,abstraction:NextStepPathway,reactome:Pathway2374
reactome:Pathway482,abstraction:NextStepPathway,reactome:Pathway1750
reactome:Pathway2270,abstraction:NextStepPathway,reactome:Pathway2275
reactome:Pathway2382,abstraction:NextStepPathway,reactome:Pathway422
reactome:Pathway1544,abstraction:NextStepPathway,reactome:Pathway1856
reactome:Pathway1324,abstraction:NextStepPathway,reactome:Pathway1635
reactome:Pathway1669,abstraction:NextStepPathway,reactome:Pathway1629
reactome:Pathway1597,abstraction:NextStepPathway,reactome:Pathway1596
reactome:Pathway2785,abstraction:NextStepPathway,reactome:Pathway2758
reactome:Pathway1896,abstraction:NextStepPathway,reactome:Pathway1840
reactome:Pathway2398,abstraction:NextStepPathway,reactome:Pathway2399
reactome:Pathway492,abstraction:NextStepPathway,reactome:Pathway1544
reactome:Pathway2083,abstraction:NextStepPathway,reactome:Pathway2175
reactome:Pathway257,abstraction:NextStepPathway,reactome:Pathway399
reactome:Pathway2584,abstraction:NextStepPathway,reactome:Pathway2581
reactome:Pathway2358,abstraction:NextStepPathway,reactome:Pathway2549
reactome:Pathway1710,abstraction:NextStepPathway,reactome:Pathway1227
reactome:Pathway2134,abstraction:NextStepPathway,reactome:Pathway1732
reactome:Pathway1642,abstraction:NextStepPathway,reactome:Pathway1752
reactome:Pathway286,abstraction:NextStepPathway,reactome:Pathway1429
reactome:Pathway1828,abstraction:NextStepPathway,reactome:Pathway1895
reactome:Pathway2505,abstraction:NextStepPathway,reactome:Pathway2504
reactome:Pathway2354,abstraction:NextStepPathway,reactome:Pathway2422
reactome:Pathway2290,abstraction:NextStepPathway,reactome:Pathway2295
reactome:Pathway499,abstraction:NextStepPathway,reactome:Pathway1529
reactome:Pathway482,abstraction:NextStepPathway,reactome:Pathway501
reactome:Pathway1521,abstraction:NextStepPathway,reactome:Pathway2204
reactome:Pathway1529,abstraction:NextStepPathway,reactome:Pathway135
reactome:Pathway1216,abstraction:NextStepPathway,reactome:Pathway1220
reactome:Pathway301,abstraction:NextStepPathway,reactome:Pathway302
reactome:Pathway2275,abstraction:NextStepPathway,reactome:Pathway2100
reactome:Pathway1923,abstraction:NextStepPathway,reactome:Pathway1915
reactome:Pathway2385,abstraction:NextStepPathway,reactome:Pathway2388
reactome:Pathway2358,abstraction:NextStepPathway,reactome:Pathway2589
reactome:Pathway2569,abstraction:NextStepPathway,reactome:Pathway2570
reactome:Pathway255,abstraction:NextStepPathway,reactome:Pathway262
reactome:Pathway1529,abstraction:NextStepPathway,reactome:Pathway1588
reactome:Pathway524,abstraction:NextStepPathway,reactome:Pathway286
reactome:Pathway1929,abstraction:NextStepPathway,reactome:Pathway1860
reactome:Pathway2557,abstraction:NextStepPathway,reactome:Pathway2546
reactome:Pathway172,abstraction:NextStepPathway,reactome:Pathway286
reactome:Pathway526,abstraction:NextStepPathway,reactome:Pathway527
reactome:Pathway478,abstraction:NextStepPathway,reactome:Pathway1543
reactome:Pathway1516,abstraction:NextStepPathway,reactome:Pathway1520
reactome:Pathway2119,abstraction:NextStepPathway,reactome:Pathway2112
reactome:Pathway1750,abstraction:NextStepPathway,reactome:Pathway1233
reactome:Pathway2150,abstraction:NextStepPathway,reactome:Pathway2152
reactome:Pathway2484,abstraction:NextStepPathway,reactome:Pathway2487
reactome:Pathway1510,abstraction:NextStepPathway,reactome:Pathway1522
reactome:Pathway241,abstraction:NextStepPathway,reactome:Pathway242
reactome:Pathway1541,abstraction:NextStepPathway,reactome:Pathway2744
reactome:Pathway1091,abstraction:NextStepPathway,reactome:Pathway1093
reactome:Pathway1977,abstraction:NextStepPathway,reactome:Pathway2109
reactome:Pathway1329,abstraction:NextStepPathway,reactome:Pathway1334
reactome:Pathway1118,abstraction:NextStepPathway,reactome:Pathway2706
reactome:Pathway43,abstraction:NextStepPathway,reactome:Pathway298
reactome:Pathway250,abstraction:NextStepPathway,reactome:Pathway2380
reactome:Pathway1914,abstraction:NextStepPathway,reactome:Pathway672
reactome:Pathway1233,abstraction:NextStepPathway,reactome:Pathway1429
reactome:Pathway1672,abstraction:NextStepPathway,reactome:Pathway1668
reactome:Pathway589,abstraction:NextStepPathway,reactome:Pathway587
reactome:Pathway1299,abstraction:NextStepPathway,reactome:Pathway519
reactome:Pathway1193,abstraction:NextStepPathway,reactome:Pathway1192
reactome:Pathway1835,abstraction:NextStepPathway,reactome:Pathway1741
reactome:Pathway1526,abstraction:NextStepPathway,reactome:Pathway1856
reactome:Pathway2625,abstraction:NextStepPathway,reactome:Pathway2623
reactome:Pathway1219,abstraction:NextStepPathway,reactome:Pathway1212
reactome:Pathway2371,abstraction:NextStepPathway,reactome:Pathway2372
reactome:Pathway1838,abstraction:NextStepPathway,reactome:Pathway1840
reactome:Pathway1851,abstraction:NextStepPathway,reactome:Pathway1850
reactome:Pathway114,abstraction:NextStepPathway,reactome:Pathway100
reactome:Pathway479,abstraction:NextStepPathway,reactome:Pathway480
reactome:Pathway1165,abstraction:NextStepPathway,reactome:Pathway1170
reactome:Pathway2204,abstraction:NextStepPathway,reactome:Pathway1536
reactome:Pathway2499,abstraction:NextStepPathway,reactome:Pathway2558
reactome:Pathway2706,abstraction:NextStepPathway,reactome:Pathway1812
reactome:Pathway1808,abstraction:NextStepPathway,reactome:Pathway1824
reactome:Pathway1851,abstraction:NextStepPathway,reactome:Pathway286
reactome:Pathway2531,abstraction:NextStepPathway,reactome:Pathway2532
reactome:Pathway499,abstraction:NextStepPathway,reactome:Pathway1861
reactome:Pathway1835,abstraction:NextStepPathway,reactome:Pathway1776
reactome:Pathway372,abstraction:NextStepPathway,reactome:Pathway385
reactome:Pathway1529,abstraction:NextStepPathway,reactome:Pathway1861
reactome:Pathway469,abstraction:NextStepPathway,reactome:Pathway1166
reactome:Pathway1631,abstraction:NextStepPathway,reactome:Pathway224
reactome:Pathway286,abstraction:NextStepPathway,reactome:Pathway1856
reactome:Pathway2623,abstraction:NextStepPathway,reactome:Pathway2617
reactome:Pathway324,abstraction:NextStepPathway,reactome:Pathway1524
reactome:Pathway479,abstraction:NextStepPathway,reactome:Pathway269
reactome:Pathway1801,abstraction:NextStepPathway,reactome:Pathway1773
reactome:Pathway286,abstraction:NextStepPathway,reactome:Pathway1754
reactome:Pathway1750,abstraction:NextStepPathway,reactome:Pathway132
reactome:Pathway1366,abstraction:NextStepPathway,reactome:Pathway1851
reactome:Pathway1824,abstraction:NextStepPathway,reactome:Pathway1205
reactome:Pathway2190,abstraction:NextStepPathway,reactome:Pathway2193
reactome:Pathway1619,abstraction:NextStepPathway,reactome:Pathway1382
reactome:Pathway1198,abstraction:NextStepPathway,reactome:Pathway1207
reactome:Pathway1234,abstraction:NextStepPathway,reactome:Pathway286
reactome:Pathway2027,abstraction:NextStepPathway,reactome:Pathway2028
reactome:Pathway1861,abstraction:NextStepPathway,reactome:Pathway1750
reactome:Pathway2591,abstraction:NextStepPathway,reactome:Pathway1555
reactome:Pathway2589,abstraction:NextStepPathway,reactome:Pathway2596
reactome:Pathway2399,abstraction:NextStepPathway,reactome:Pathway2398
reactome:Pathway1504,abstraction:NextStepPathway,reactome:Pathway1538
reactome:Pathway507,abstraction:NextStepPathway,reactome:Pathway506
reactome:Pathway1497,abstraction:NextStepPathway,reactome:Pathway1522
reactome:Pathway267,abstraction:NextStepPathway,reactome:Pathway444
reactome:Pathway1832,abstraction:NextStepPathway,reactome:Pathway1220
reactome:Pathway2247,abstraction:NextStepPathway,reactome:Pathway2541
reactome:Pathway2179,abstraction:NextStepPathway,reactome:Pathway2181
reactome:Pathway1931,abstraction:NextStepPathway,reactome:Pathway1618
reactome:Pathway1490,abstraction:NextStepPathway,reactome:Pathway1522
reactome:Pathway2117,abstraction:NextStepPathway,reactome:Pathway2125
reactome:Pathway131,abstraction:NextStepPathway,reactome:Pathway1609
reactome:Pathway1776,abstraction:NextStepPathway,reactome:Pathway1896
reactome:Pathway1570,abstraction:NextStepPathway,reactome:Pathway1569
reactome:Pathway2060,abstraction:NextStepPathway,reactome:Pathway1526
reactome:Pathway1700,abstraction:NextStepPathway,reactome:Pathway1704
reactome:Pathway2012,abstraction:NextStepPathway,reactome:Pathway2335
reactome:Pathway287,abstraction:NextStepPathway,reactome:Pathway1861
reactome:Pathway96,abstraction:NextStepPathway,reactome:Pathway100
reactome:Pathway135,abstraction:NextStepPathway,reactome:Pathway253
reactome:Pathway2386,abstraction:NextStepPathway,reactome:Pathway2378
reactome:Pathway1878,abstraction:NextStepPathway,reactome:Pathway1895
reactome:Pathway2358,abstraction:NextStepPathway,reactome:Pathway2543
reactome:Pathway37,abstraction:NextStepPathway,reactome:Pathway2626
reactome:Pathway1537,abstraction:NextStepPathway,reactome:Pathway1545
reactome:Pathway1229,abstraction:NextStepPathway,reactome:Pathway1826
reactome:Pathway490,abstraction:NextStepPathway,reactome:Pathway1544
reactome:Pathway511,abstraction:NextStepPathway,reactome:Pathway484
reactome:Pathway1750,abstraction:NextStepPathway,reactome:Pathway1543
reactome:Pathway1314,abstraction:NextStepPathway,reactome:Pathway1315
reactome:Pathway2711,abstraction:NextStepPathway,reactome:Pathway2712
reactome:Pathway385,abstraction:NextStepPathway,reactome:Pathway2428
reactome:Pathway1233,abstraction:NextStepPathway,reactome:Pathway1856
reactome:Pathway1233,abstraction:NextStepPathway,reactome:Pathway1754
reactome:Pathway1412,abstraction:NextStepPathway,reactome:Pathway1323
reactome:Pathway2208,abstraction:NextStepPathway,reactome:Pathway2205
reactome:Pathway2624,abstraction:NextStepPathway,reactome:Pathway2617
reactome:Pathway1536,abstraction:NextStepPathway,reactome:Pathway2109
reactome:Pathway1368,abstraction:NextStepPathway,reactome:Pathway1349
reactome:Pathway370,abstraction:NextStepPathway,reactome:Pathway371
reactome:Pathway1702,abstraction:NextStepPathway,reactome:Pathway2704
reactome:Pathway2027,abstraction:NextStepPathway,reactome:Pathway2226
reactome:Pathway1536,abstraction:NextStepPathway,reactome:Pathway2205
reactome:Pathway1977,abstraction:NextStepPathway,reactome:Pathway1534
reactome:Pathway1531,abstraction:NextStepPathway,reactome:Pathway2796
reactome:Pathway1412,abstraction:NextStepPathway,reactome:Pathway1907
reactome:Pathway1593,abstraction:NextStepPathway,reactome:Pathway1596
reactome:Pathway1416,abstraction:NextStepPathway,reactome:Pathway1695
reactome:Pathway1390,abstraction:NextStepPathway,reactome:Pathway250
reactome:Pathway2569,abstraction:NextStepPathway,reactome:Pathway2579
reactome:Pathway2706,abstraction:NextStepPathway,reactome:Pathway2686
reactome:Pathway1735,abstraction:NextStepPathway,reactome:Pathway1632
reactome:Pathway252,abstraction:NextStepPathway,reactome:Pathway278
reactome:Pathway1609,abstraction:NextStepPathway,reactome:Pathway2600
reactome:Pathway1750,abstraction:NextStepPathway,reactome:Pathway172
reactome:Pathway2100,abstraction:NextStepPathway,reactome:Pathway2222
reactome:Pathway372,abstraction:NextStepPathway,reactome:Pathway383
reactome:Pathway2679,abstraction:NextStepPathway,reactome:Pathway2680
reactome:Pathway1924,abstraction:NextStepPathway,reactome:Pathway1923
reactome:Pathway1064,abstraction:NextStepPathway,reactome:Pathway1066
reactome:Pathway1393,abstraction:NextStepPathway,reactome:Pathway2796
reactome:Pathway1384,abstraction:NextStepPathway,reactome:Pathway1851
reactome:Pathway1896,abstraction:NextStepPathway,reactome:Pathway1835
reactome:Pathway2095,abstraction:NextStepPathway,reactome:Pathway2096
reactome:Pathway267,abstraction:NextStepPathway,reactome:Pathway2154
reactome:Pathway2124,abstraction:NextStepPathway,reactome:Pathway2131
reactome:Pathway1359,abstraction:NextStepPathway,reactome:Pathway1337
reactome:Pathway1853,abstraction:NextStepPathway,reactome:Pathway1855
reactome:Pathway674,abstraction:NextStepPathway,reactome:Pathway672
reactome:Pathway2365,abstraction:NextStepPathway,reactome:Pathway2366
reactome:Pathway1234,abstraction:NextStepPathway,reactome:Pathway2030
reactome:Pathway1320,abstraction:NextStepPathway,reactome:Pathway1607
reactome:Pathway2358,abstraction:NextStepPathway,reactome:Pathway2559
reactome:Pathway2706,abstraction:NextStepPathway,reactome:Pathway1880
reactome:Pathway250,abstraction:NextStepPathway,reactome:Pathway1539
reactome:Pathway2375,abstraction:NextStepPathway,reactome:Pathway2354
reactome:Pathway509,abstraction:NextStepPathway,reactome:Pathway452
reactome:Pathway1862,abstraction:NextStepPathway,reactome:Pathway1732
reactome:Pathway2749,abstraction:NextStepPathway,reactome:Pathway1392
reactome:Pathway2119,abstraction:NextStepPathway,reactome:Pathway2121
reactome:Pathway1537,abstraction:NextStepPathway,reactome:Pathway1233
reactome:Pathway1429,abstraction:NextStepPathway,reactome:Pathway2071
reactome:Pathway1965,abstraction:NextStepPathway,reactome:Pathway1963
reactome:Pathway1182,abstraction:NextStepPathway,reactome:Pathway1841
reactome:Pathway437,abstraction:NextStepPathway,reactome:Pathway438
reactome:Pathway2275,abstraction:NextStepPathway,reactome:Pathway2269
reactome:Pathway2499,abstraction:NextStepPathway,reactome:Pathway2544
reactome:Pathway1904,abstraction:NextStepPathway,reactome:Pathway1910
reactome:Pathway2157,abstraction:NextStepPathway,reactome:Pathway2319
reactome:Pathway1861,abstraction:NextStepPathway,reactome:Pathway130
reactome:Pathway1320,abstraction:NextStepPathway,reactome:Pathway1323
reactome:Pathway2003,abstraction:NextStepPathway,reactome:Pathway2005
reactome:Pathway1702,abstraction:NextStepPathway,reactome:Pathway2669
reactome:Pathway1626,abstraction:NextStepPathway,reactome:Pathway1360
reactome:Pathway1209,abstraction:NextStepPathway,reactome:Pathway2557
reactome:Pathway1568,abstraction:NextStepPathway,reactome:Pathway1586
reactome:Pathway1385,abstraction:NextStepPathway,reactome:Pathway493
reactome:Pathway1501,abstraction:NextStepPathway,reactome:Pathway1520
reactome:Pathway2651,abstraction:NextStepPathway,reactome:Pathway2654
reactome:Pathway1962,abstraction:NextStepPathway,reactome:Pathway1961
reactome:Pathway2522,abstraction:NextStepPathway,reactome:Pathway2519
reactome:Pathway2319,abstraction:NextStepPathway,reactome:Pathway2157
reactome:Pathway246,abstraction:NextStepPathway,reactome:Pathway2358
reactome:Pathway1520,abstraction:NextStepPathway,reactome:Pathway1537
reactome:Pathway250,abstraction:NextStepPathway,reactome:Pathway2598
reactome:Pathway179,abstraction:NextStepPathway,reactome:Pathway1861
reactome:Pathway1914,abstraction:NextStepPathway,reactome:Pathway1910
reactome:Pathway524,abstraction:NextStepPathway,reactome:Pathway520
reactome:Pathway1735,abstraction:NextStepPathway,reactome:Pathway2391
reactome:Pathway2504,abstraction:NextStepPathway,reactome:Pathway2508
reactome:Pathway1731,abstraction:NextStepPathway,reactome:Pathway1526
reactome:Pathway1174,abstraction:NextStepPathway,reactome:Pathway1178
reactome:Pathway2122,abstraction:NextStepPathway,reactome:Pathway2114
reactome:Pathway1130,abstraction:NextStepPathway,reactome:Pathway1131
reactome:Pathway2196,abstraction:NextStepPathway,reactome:Pathway179
reactome:Pathway1631,abstraction:NextStepPathway,reactome:Pathway493
reactome:Pathway372,abstraction:NextStepPathway,reactome:Pathway384
reactome:Pathway2165,abstraction:NextStepPathway,reactome:Pathway251
reactome:Pathway2079,abstraction:NextStepPathway,reactome:Pathway2084
reactome:Pathway1917,abstraction:NextStepPathway,reactome:Pathway1918
reactome:Pathway477,abstraction:NextStepPathway,reactome:Pathway482
reactome:Pathway2203,abstraction:NextStepPathway,reactome:Pathway1537
reactome:Pathway1166,abstraction:NextStepPathway,reactome:Pathway1168
reactome:Pathway256,abstraction:NextStepPathway,reactome:Pathway1741
reactome:Pathway1736,abstraction:NextStepPathway,reactome:Pathway1629
reactome:Pathway288,abstraction:NextStepPathway,reactome:Pathway524
reactome:Pathway1498,abstraction:NextStepPathway,reactome:Pathway1520
reactome:Pathway1856,abstraction:NextStepPathway,reactome:Pathway1530
reactome:Pathway2657,abstraction:NextStepPathway,reactome:Pathway1309
reactome:Pathway1832,abstraction:NextStepPathway,reactome:Pathway1836
reactome:Pathway2318,abstraction:NextStepPathway,reactome:Pathway2158
reactome:Pathway105,abstraction:NextStepPathway,reactome:Pathway106
reactome:Pathway1707,abstraction:NextStepPathway,reactome:Pathway1710
reactome:Pathway1480,abstraction:NextStepPathway,reactome:Pathway2731
reactome:Pathway1522,abstraction:NextStepPathway,reactome:Pathway1234
reactome:Pathway1209,abstraction:NextStepPathway,reactome:Pathway1428
reactome:Pathway2068,abstraction:NextStepPathway,reactome:Pathway1588
reactome:Pathway1429,abstraction:NextStepPathway,reactome:Pathway499
reactome:Pathway2220,abstraction:NextStepPathway,reactome:Pathway1986
reactome:Pathway2269,abstraction:NextStepPathway,reactome:Pathway292
reactome:Pathway2688,abstraction:NextStepPathway,reactome:Pathway2695
reactome:Pathway1500,abstraction:NextStepPathway,reactome:Pathway1520
reactome:Pathway2720,abstraction:NextStepPathway,reactome:Pathway237
reactome:Pathway2364,abstraction:NextStepPathway,reactome:Pathway2404
reactome:Pathway1429,abstraction:NextStepPathway,reactome:Pathway1750
reactome:Pathway524,abstraction:NextStepPathway,reactome:Pathway134
reactome:Pathway2499,abstraction:NextStepPathway,reactome:Pathway2500
reactome:Pathway1829,abstraction:NextStepPathway,reactome:Pathway1895
reactome:Pathway2137,abstraction:NextStepPathway,reactome:Pathway2138
reactome:Pathway1209,abstraction:NextStepPathway,reactome:Pathway2675
reactome:Pathway2752,abstraction:NextStepPathway,reactome:Pathway2751
reactome:Pathway1480,abstraction:NextStepPathway,reactome:Pathway2730
reactome:Pathway2162,abstraction:NextStepPathway,reactome:Pathway2163
reactome:Pathway2678,abstraction:NextStepPathway,reactome:Pathway2680
reactome:Pathway2281,abstraction:NextStepPathway,reactome:Pathway2226
reactome:Pathway2176,abstraction:NextStepPathway,reactome:Pathway2177
reactome:Pathway2204,abstraction:NextStepPathway,reactome:Pathway1531
reactome:Pathway2196,abstraction:NextStepPathway,reactome:Pathway1588
reactome:Pathway2569,abstraction:NextStepPathway,reactome:Pathway2580
reactome:Pathway524,abstraction:NextStepPathway,reactome:Pathway1669
reactome:Pathway266,abstraction:NextStepPathway,reactome:Pathway268
reactome:Pathway1731,abstraction:NextStepPathway,reactome:Pathway1225
reactome:Pathway172,abstraction:NextStepPathway,reactome:Pathway1669
reactome:Pathway1588,abstraction:NextStepPathway,reactome:Pathway1861
reactome:Pathway1588,abstraction:NextStepPathway,reactome:Pathway2196
reactome:Pathway372,abstraction:NextStepPathway,reactome:Pathway2167
reactome:Pathway1440,abstraction:NextStepPathway,reactome:Pathway1691
reactome:Pathway2357,abstraction:NextStepPathway,reactome:Pathway250
reactome:Pathway1961,abstraction:NextStepPathway,reactome:Pathway1962
reactome:Pathway2187,abstraction:NextStepPathway,reactome:Pathway2185
reactome:Pathway364,abstraction:NextStepPathway,reactome:Pathway366
reactome:Pathway493,abstraction:NextStepPathway,reactome:Pathway1428
reactome:Pathway1801,abstraction:NextStepPathway,reactome:Pathway1794
reactome:Pathway2668,abstraction:NextStepPathway,reactome:Pathway2704
reactome:Pathway499,abstraction:NextStepPathway,reactome:Pathway482
reactome:Pathway2073,abstraction:NextStepPathway,reactome:Pathway2539
reactome:Pathway1689,abstraction:NextStepPathway,reactome:Pathway1225
reactome:Pathway1977,abstraction:NextStepPathway,reactome:Pathway1537
reactome:Pathway2548,abstraction:NextStepPathway,reactome:Pathway2404
reactome:Pathway1537,abstraction:NextStepPathway,reactome:Pathway1543
reactome:Pathway1562,abstraction:NextStepPathway,reactome:Pathway1549
reactome:Pathway2123,abstraction:NextStepPathway,reactome:Pathway2118
reactome:Pathway1375,abstraction:NextStepPathway,reactome:Pathway1384
reactome:Pathway1208,abstraction:NextStepPathway,reactome:Pathway81
reactome:Pathway1187,abstraction:NextStepPathway,reactome:Pathway1192
reactome:Pathway2112,abstraction:NextStepPathway,reactome:Pathway2114
reactome:Pathway2610,abstraction:NextStepPathway,reactome:Pathway2391
reactome:Pathway1603,abstraction:NextStepPathway,reactome:Pathway2218
reactome:Pathway1862,abstraction:NextStepPathway,reactome:Pathway1860
reactome:Pathway1606,abstraction:NextStepPathway,reactome:Pathway2576
reactome:Pathway2226,abstraction:NextStepPathway,reactome:Pathway2275
reactome:Pathway1619,abstraction:NextStepPathway,reactome:Pathway1539
reactome:Pathway1234,abstraction:NextStepPathway,reactome:Pathway1393
reactome:Pathway1917,abstraction:NextStepPathway,reactome:Pathway1919
reactome:Pathway1216,abstraction:NextStepPathway,reactome:Pathway1219
reactome:Pathway1429,abstraction:NextStepPathway,reactome:Pathway2060
reactome:Pathway2500,abstraction:NextStepPathway,reactome:Pathway2570
reactome:Pathway1923,abstraction:NextStepPathway,reactome:Pathway1924
reactome:Pathway2720,abstraction:NextStepPathway,reactome:Pathway238
reactome:Pathway2380,abstraction:NextStepPathway,reactome:Pathway2677
reactome:Pathway1161,abstraction:NextStepPathway,reactome:Pathway1891
reactome:Pathway2698,abstraction:NextStepPathway,reactome:Pathway2700
reactome:Pathway1523,abstraction:NextStepPathway,reactome:Pathway1524
reactome:Pathway470,abstraction:NextStepPathway,reactome:Pathway1188
reactome:Pathway2380,abstraction:NextStepPathway,reactome:Pathway2386
reactome:Pathway1517,abstraction:NextStepPathway,reactome:Pathway2203
reactome:Pathway2761,abstraction:NextStepPathway,reactome:Pathway2760
reactome:Pathway1424,abstraction:NextStepPathway,reactome:Pathway1320
reactome:Pathway2358,abstraction:NextStepPathway,reactome:Pathway2551
reactome:Pathway252,abstraction:NextStepPathway,reactome:Pathway279
reactome:Pathway1950,abstraction:NextStepPathway,reactome:Pathway2041
reactome:Pathway1536,abstraction:NextStepPathway,reactome:Pathway1234
reactome:Pathway49,abstraction:NextStepPathway,reactome:Pathway37
reactome:Pathway286,abstraction:NextStepPathway,reactome:Pathway2203
reactome:Pathway1385,abstraction:NextStepPathway,reactome:Pathway1630
reactome:Pathway1655,abstraction:NextStepPathway,reactome:Pathway1675
reactome:Pathway1320,abstraction:NextStepPathway,reactome:Pathway1433
reactome:Pathway1362,abstraction:NextStepPathway,reactome:Pathway1366
reactome:Pathway1477,abstraction:NextStepPathway,reactome:Pathway2610
reactome:Pathway98,abstraction:NextStepPathway,reactome:Pathway2308
reactome:Pathway493,abstraction:NextStepPathway,reactome:Pathway2744
reactome:Pathway1842,abstraction:NextStepPathway,reactome:Pathway1844
reactome:Pathway2047,abstraction:NextStepPathway,reactome:Pathway2048
reactome:Pathway1366,abstraction:NextStepPathway,reactome:Pathway1642
reactome:Pathway492,abstraction:NextStepPathway,reactome:Pathway1546
reactome:Pathway1428,abstraction:NextStepPathway,reactome:Pathway2559
reactome:Pathway2576,abstraction:NextStepPathway,reactome:Pathway1606
reactome:Pathway304,abstraction:NextStepPathway,reactome:Pathway403
reactome:Pathway1349,abstraction:NextStepPathway,reactome:Pathway1635
reactome:Pathway2399,abstraction:NextStepPathway,reactome:Pathway2401
reactome:Pathway2638,abstraction:NextStepPathway,reactome:Pathway78
reactome:Pathway1820,abstraction:NextStepPathway,reactome:Pathway1491
reactome:Pathway1550,abstraction:NextStepPathway,reactome:Pathway1557
reactome:Pathway2582,abstraction:NextStepPathway,reactome:Pathway2539
reactome:Pathway320,abstraction:NextStepPathway,reactome:Pathway321
reactome:Pathway1444,abstraction:NextStepPathway,reactome:Pathway1445
reactome:Pathway2500,abstraction:NextStepPathway,reactome:Pathway2510
reactome:Pathway267,abstraction:NextStepPathway,reactome:Pathway439
reactome:Pathway482,abstraction:NextStepPathway,reactome:Pathway1529
reactome:Pathway2204,abstraction:NextStepPathway,reactome:Pathway1233
reactome:Pathway1528,abstraction:NextStepPathway,reactome:Pathway2080
reactome:Pathway1491,abstraction:NextStepPathway,reactome:Pathway1520
reactome:Pathway1539,abstraction:NextStepPathway,reactome:Pathway1393
reactome:Pathway217,abstraction:NextStepPathway,reactome:Pathway216
reactome:Pathway2025,abstraction:NextStepPathway,reactome:Pathway2027
reactome:Pathway1538,abstraction:NextStepPathway,reactome:Pathway1545
reactome:Pathway145,abstraction:NextStepPathway,reactome:Pathway154
reactome:Pathway1737,abstraction:NextStepPathway,reactome:Pathway1635
reactome:Pathway1735,abstraction:NextStepPathway,reactome:Pathway2383
reactome:Pathway1973,abstraction:NextStepPathway,reactome:Pathway2335
reactome:Pathway2541,abstraction:NextStepPathway,reactome:Pathway1634
reactome:Pathway134,abstraction:NextStepPathway,reactome:Pathway1532
reactome:Pathway2545,abstraction:NextStepPathway,reactome:Pathway1699
reactome:Pathway2504,abstraction:NextStepPathway,reactome:Pathway2509
reactome:Pathway1705,abstraction:NextStepPathway,reactome:Pathway2670
reactome:Pathway39,abstraction:NextStepPathway,reactome:Pathway298
reactome:Pathway1732,abstraction:NextStepPathway,reactome:Pathway1896
reactome:Pathway1387,abstraction:NextStepPathway,reactome:Pathway1539
reactome:Pathway1429,abstraction:NextStepPathway,reactome:Pathway130
reactome:Pathway1631,abstraction:NextStepPathway,reactome:Pathway2211
reactome:Pathway1776,abstraction:NextStepPathway,reactome:Pathway1824
reactome:Pathway2629,abstraction:NextStepPathway,reactome:Pathway2634
reactome:Pathway1205,abstraction:NextStepPathway,reactome:Pathway1776
reactome:Pathway1173,abstraction:NextStepPathway,reactome:Pathway1178
reactome:Pathway329,abstraction:NextStepPathway,reactome:Pathway330
reactome:Pathway1205,abstraction:NextStepPathway,reactome:Pathway1883
reactome:Pathway2119,abstraction:NextStepPathway,reactome:Pathway2117
reactome:Pathway2380,abstraction:NextStepPathway,reactome:Pathway246
reactome:Pathway1436,abstraction:NextStepPathway,reactome:Pathway1631
reactome:Pathway2373,abstraction:NextStepPathway,reactome:Pathway2441
reactome:Pathway1473,abstraction:NextStepPathway,reactome:Pathway2735
reactome:Pathway2626,abstraction:NextStepPathway,reactome:Pathway42
reactome:Pathway1750,abstraction:NextStepPathway,reactome:Pathway1534
reactome:Pathway2391,abstraction:NextStepPathway,reactome:Pathway250
reactome:Pathway1538,abstraction:NextStepPathway,reactome:Pathway500
reactome:Pathway1596,abstraction:NextStepPathway,reactome:Pathway1597
reactome:Pathway366,abstraction:NextStepPathway,reactome:Pathway367
reactome:Pathway1506,abstraction:NextStepPathway,reactome:Pathway491
reactome:Pathway2211,abstraction:NextStepPathway,reactome:Pathway1607
reactome:Pathway530,abstraction:NextStepPathway,reactome:Pathway532
reactome:Pathway1635,abstraction:NextStepPathway,reactome:Pathway1428
reactome:Pathway248,abstraction:NextStepPathway,reactome:Pathway2548
reactome:Pathway2500,abstraction:NextStepPathway,reactome:Pathway2512
reactome:Pathway1440,abstraction:NextStepPathway,reactome:Pathway1688
reactome:Pathway1368,abstraction:NextStepPathway,reactome:Pathway1631
reactome:Pathway2598,abstraction:NextStepPathway,reactome:Pathway247
reactome:Pathway102,abstraction:NextStepPathway,reactome:Pathway2117
reactome:Pathway288,abstraction:NextStepPathway,reactome:Pathway1233
reactome:Pathway1555,abstraction:NextStepPathway,reactome:Pathway2383
reactome:Pathway2562,abstraction:NextStepPathway,reactome:Pathway2563
reactome:Pathway1480,abstraction:NextStepPathway,reactome:Pathway2735
reactome:Pathway1638,abstraction:NextStepPathway,reactome:Pathway1641
reactome:Pathway1735,abstraction:NextStepPathway,reactome:Pathway1858
reactome:Pathway2325,abstraction:NextStepPathway,reactome:Pathway2167
reactome:Pathway2336,abstraction:NextStepPathway,reactome:Pathway2335
reactome:Pathway1322,abstraction:NextStepPathway,reactome:Pathway1619
reactome:Pathway1172,abstraction:NextStepPathway,reactome:Pathway1173
reactome:Pathway2380,abstraction:NextStepPathway,reactome:Pathway2446
reactome:Pathway499,abstraction:NextStepPathway,reactome:Pathway286
reactome:Pathway1516,abstraction:NextStepPathway,reactome:Pathway1234
reactome:Pathway1529,abstraction:NextStepPathway,reactome:Pathway286
reactome:Pathway1477,abstraction:NextStepPathway,reactome:Pathway2731
reactome:Pathway1396,abstraction:NextStepPathway,reactome:Pathway1399
reactome:Pathway1324,abstraction:NextStepPathway,reactome:Pathway1349
reactome:Pathway2562,abstraction:NextStepPathway,reactome:Pathway2561
reactome:Pathway286,abstraction:NextStepPathway,reactome:Pathway1428
reactome:Pathway287,abstraction:NextStepPathway,reactome:Pathway1741
reactome:Pathway302,abstraction:NextStepPathway,reactome:Pathway297
reactome:Pathway333,abstraction:NextStepPathway,reactome:Pathway1047
reactome:Pathway1217,abstraction:NextStepPathway,reactome:Pathway1218
reactome:Pathway1199,abstraction:NextStepPathway,reactome:Pathway1206
reactome:Pathway2200,abstraction:NextStepPathway,reactome:Pathway1588
reactome:Pathway2397,abstraction:NextStepPathway,reactome:Pathway2443
reactome:Pathway1477,abstraction:NextStepPathway,reactome:Pathway2730
reactome:Pathway1593,abstraction:NextStepPathway,reactome:Pathway1597
reactome:Pathway286,abstraction:NextStepPathway,reactome:Pathway1977
reactome:Pathway1189,abstraction:NextStepPathway,reactome:Pathway1192
reactome:Pathway2557,abstraction:NextStepPathway,reactome:Pathway2361
reactome:Pathway1826,abstraction:NextStepPathway,reactome:Pathway1895
reactome:Pathway2035,abstraction:NextStepPathway,reactome:Pathway2025
reactome:Pathway1478,abstraction:NextStepPathway,reactome:Pathway1474
reactome:Pathway1604,abstraction:NextStepPathway,reactome:Pathway1603
reactome:Pathway100,abstraction:NextStepPathway,reactome:Pathway128
reactome:Pathway1633,abstraction:NextStepPathway,reactome:Pathway2607
reactome:Pathway1090,abstraction:NextStepPathway,reactome:Pathway1085
reactome:Pathway2610,abstraction:NextStepPathway,reactome:Pathway2383
reactome:Pathway1413,abstraction:NextStepPathway,reactome:Pathway1420
reactome:Pathway2012,abstraction:NextStepPathway,reactome:Pathway2343
reactome:Pathway1329,abstraction:NextStepPathway,reactome:Pathway1335
reactome:Pathway1873,abstraction:NextStepPathway,reactome:Pathway269
reactome:Pathway1233,abstraction:NextStepPathway,reactome:Pathway179
reactome:Pathway2272,abstraction:NextStepPathway,reactome:Pathway2219
reactome:Pathway2434,abstraction:NextStepPathway,reactome:Pathway2435
reactome:Pathway72,abstraction:NextStepPathway,reactome:Pathway85
reactome:Pathway1626,abstraction:NextStepPathway,reactome:Pathway247
reactome:Pathway2688,abstraction:NextStepPathway,reactome:Pathway2689
reactome:Pathway1700,abstraction:NextStepPathway,reactome:Pathway1701
reactome:Pathway2347,abstraction:NextStepPathway,reactome:Pathway2340
reactome:Pathway287,abstraction:NextStepPathway,reactome:Pathway286
reactome:Pathway1189,abstraction:NextStepPathway,reactome:Pathway1205
reactome:Pathway2365,abstraction:NextStepPathway,reactome:Pathway2560
reactome:Pathway2301,abstraction:NextStepPathway,reactome:Pathway2259
reactome:Pathway2134,abstraction:NextStepPathway,reactome:Pathway2136
reactome:Pathway2610,abstraction:NextStepPathway,reactome:Pathway248
reactome:Pathway1366,abstraction:NextStepPathway,reactome:Pathway1429
reactome:Pathway253,abstraction:NextStepPathway,reactome:Pathway267
reactome:Pathway1856,abstraction:NextStepPathway,reactome:Pathway1732
reactome:Pathway2581,abstraction:NextStepPathway,reactome:Pathway2583
reactome:Pathway2358,abstraction:NextStepPathway,reactome:Pathway246
reactome:Pathway248,abstraction:NextStepPathway,reactome:Pathway2498
reactome:Pathway1601,abstraction:NextStepPathway,reactome:Pathway1914
reactome:Pathway2118,abstraction:NextStepPathway,reactome:Pathway2112
reactome:Pathway1628,abstraction:NextStepPathway,reactome:Pathway1626
reactome:Pathway1840,abstraction:NextStepPathway,reactome:Pathway1776
reactome:Pathway2556,abstraction:NextStepPathway,reactome:Pathway2558
reactome:Pathway1233,abstraction:NextStepPathway,reactome:Pathway1428
reactome:Pathway1861,abstraction:NextStepPathway,reactome:Pathway135
reactome:Pathway1861,abstraction:NextStepPathway,reactome:Pathway1529
reactome:Pathway1358,abstraction:NextStepPathway,reactome:Pathway1619
reactome:Pathway1588,abstraction:NextStepPathway,reactome:Pathway1544
reactome:Pathway2562,abstraction:NextStepPathway,reactome:Pathway374
reactome:Pathway2444,abstraction:NextStepPathway,reactome:Pathway2425
reactome:Pathway2005,abstraction:NextStepPathway,reactome:Pathway2003
reactome:Pathway441,abstraction:NextStepPathway,reactome:Pathway443
reactome:Pathway2179,abstraction:NextStepPathway,reactome:Pathway2184
reactome:Pathway1382,abstraction:NextStepPathway,reactome:Pathway1338
reactome:Pathway1629,abstraction:NextStepPathway,reactome:Pathway1741
reactome:Pathway1233,abstraction:NextStepPathway,reactome:Pathway1977
reactome:Pathway2311,abstraction:NextStepPathway,reactome:Pathway99
reactome:Pathway2218,abstraction:NextStepPathway,reactome:Pathway2296
reactome:Pathway2215,abstraction:NextStepPathway,reactome:Pathway2270
reactome:Pathway490,abstraction:NextStepPathway,reactome:Pathway1546
reactome:Pathway1687,abstraction:NextStepPathway,reactome:Pathway1601
reactome:Pathway2200,abstraction:NextStepPathway,reactome:Pathway1861
reactome:Pathway1195,abstraction:NextStepPathway,reactome:Pathway1199
reactome:Pathway1300,abstraction:NextStepPathway,reactome:Pathway1303
reactome:Pathway287,abstraction:NextStepPathway,reactome:Pathway288
reactome:Pathway1513,abstraction:NextStepPathway,reactome:Pathway1538
reactome:Pathway1701,abstraction:NextStepPathway,reactome:Pathway1704
reactome:Pathway2056,abstraction:NextStepPathway,reactome:Pathway2058
reactome:Pathway1732,abstraction:NextStepPathway,reactome:Pathway1543
reactome:Pathway2614,abstraction:NextStepPathway,reactome:Pathway2615
reactome:Pathway1994,abstraction:NextStepPathway,reactome:Pathway1999
reactome:Pathway1605,abstraction:NextStepPathway,reactome:Pathway1447
reactome:Pathway2397,abstraction:NextStepPathway,reactome:Pathway2404
reactome:Pathway507,abstraction:NextStepPathway,reactome:Pathway508
reactome:Pathway1473,abstraction:NextStepPathway,reactome:Pathway1474
reactome:Pathway2499,abstraction:NextStepPathway,reactome:Pathway2359
reactome:Pathway2468,abstraction:NextStepPathway,reactome:Pathway2469
reactome:Pathway1365,abstraction:NextStepPathway,reactome:Pathway1368
reactome:Pathway1702,abstraction:NextStepPathway,reactome:Pathway1704
reactome:Pathway1520,abstraction:NextStepPathway,reactome:Pathway1588
reactome:Pathway1818,abstraction:NextStepPathway,reactome:Pathway1822
reactome:Pathway1334,abstraction:NextStepPathway,reactome:Pathway1619
reactome:Pathway179,abstraction:NextStepPathway,reactome:Pathway1526
reactome:Pathway267,abstraction:NextStepPathway,reactome:Pathway2073
reactome:Pathway334,abstraction:NextStepPathway,reactome:Pathway2147
reactome:Pathway1413,abstraction:NextStepPathway,reactome:Pathway1419
reactome:Pathway1973,abstraction:NextStepPathway,reactome:Pathway327
reactome:Pathway1425,abstraction:NextStepPathway,reactome:Pathway1426
reactome:Pathway1220,abstraction:NextStepPathway,reactome:Pathway1832
reactome:Pathway1217,abstraction:NextStepPathway,reactome:Pathway1214
reactome:Pathway288,abstraction:NextStepPathway,reactome:Pathway172
reactome:Pathway2616,abstraction:NextStepPathway,reactome:Pathway2615
reactome:Pathway1735,abstraction:NextStepPathway,reactome:Pathway2541
reactome:Pathway1167,abstraction:NextStepPathway,reactome:Pathway1183
reactome:Pathway1572,abstraction:NextStepPathway,reactome:Pathway1741
reactome:Pathway1920,abstraction:NextStepPathway,reactome:Pathway1913
reactome:Pathway2541,abstraction:NextStepPathway,reactome:Pathway262
reactome:Pathway2791,abstraction:NextStepPathway,reactome:Pathway2028
reactome:Pathway2548,abstraction:NextStepPathway,reactome:Pathway2361
reactome:Pathway2377,abstraction:NextStepPathway,reactome:Pathway2391
reactome:Pathway1896,abstraction:NextStepPathway,reactome:Pathway1797
reactome:Pathway2487,abstraction:NextStepPathway,reactome:Pathway2490
reactome:Pathway2288,abstraction:NextStepPathway,reactome:Pathway1961
reactome:Pathway1875,abstraction:NextStepPathway,reactome:Pathway1205
reactome:Pathway72,abstraction:NextStepPathway,reactome:Pathway73
reactome:Pathway2617,abstraction:NextStepPathway,reactome:Pathway2625
reactome:Pathway2239,abstraction:NextStepPathway,reactome:Pathway2236
reactome:Pathway2555,abstraction:NextStepPathway,reactome:Pathway2358
reactome:Pathway2120,abstraction:NextStepPathway,reactome:Pathway2117
reactome:Pathway2365,abstraction:NextStepPathway,reactome:Pathway2546
reactome:Pathway1861,abstraction:NextStepPathway,reactome:Pathway2196
reactome:Pathway2724,abstraction:NextStepPathway,reactome:Pathway2728
reactome:Pathway1802,abstraction:NextStepPathway,reactome:Pathway1806
reactome:Pathway1750,abstraction:NextStepPathway,reactome:Pathway493
reactome:Pathway1502,abstraction:NextStepPathway,reactome:Pathway1520
reactome:Pathway727,abstraction:NextStepPathway,reactome:Pathway1180
reactome:Pathway2043,abstraction:NextStepPathway,reactome:Pathway2044
reactome:Pathway2774,abstraction:NextStepPathway,reactome:Pathway1668
reactome:Pathway2339,abstraction:NextStepPathway,reactome:Pathway2256
reactome:Pathway2688,abstraction:NextStepPathway,reactome:Pathway2706
reactome:Pathway1428,abstraction:NextStepPathway,reactome:Pathway1209
reactome:Pathway2506,abstraction:NextStepPathway,reactome:Pathway2505
reactome:Pathway1477,abstraction:NextStepPathway,reactome:Pathway2735
reactome:Pathway134,abstraction:NextStepPathway,reactome:Pathway2205
reactome:Pathway2670,abstraction:NextStepPathway,reactome:Pathway1704
reactome:Pathway2209,abstraction:NextStepPathway,reactome:Pathway2250
reactome:Pathway1960,abstraction:NextStepPathway,reactome:Pathway1962
reactome:Pathway88,abstraction:NextStepPathway,reactome:Pathway89
reactome:Pathway1234,abstraction:NextStepPathway,reactome:Pathway2204
reactome:Pathway1588,abstraction:NextStepPathway,reactome:Pathway1526
reactome:Pathway106,abstraction:NextStepPathway,reactome:Pathway2222
reactome:Pathway2821,abstraction:NextStepPathway,reactome:Pathway2074
reactome:Pathway1903,abstraction:NextStepPathway,reactome:Pathway1906
reactome:Pathway2269,abstraction:NextStepPathway,reactome:Pathway2215
reactome:Pathway314,abstraction:NextStepPathway,reactome:Pathway316
reactome:Pathway503,abstraction:NextStepPathway,reactome:Pathway506
reactome:Pathway2073,abstraction:NextStepPathway,reactome:Pathway2821
reactome:Pathway1501,abstraction:NextStepPathway,reactome:Pathway1234
reactome:Pathway2204,abstraction:NextStepPathway,reactome:Pathway2109
reactome:Pathway14,abstraction:NextStepPathway,reactome:Pathway15
reactome:Pathway2291,abstraction:NextStepPathway,reactome:Pathway2290
reactome:Pathway2671,abstraction:NextStepPathway,reactome:Pathway2693
reactome:Pathway2314,abstraction:NextStepPathway,reactome:Pathway2335
reactome:Pathway2222,abstraction:NextStepPathway,reactome:Pathway2229
reactome:Pathway2551,abstraction:NextStepPathway,reactome:Pathway2525
reactome:Pathway2516,abstraction:NextStepPathway,reactome:Pathway2517
reactome:Pathway1860,abstraction:NextStepPathway,reactome:Pathway1896
reactome:Pathway2293,abstraction:NextStepPathway,reactome:Pathway2291
reactome:Pathway2570,abstraction:NextStepPathway,reactome:Pathway2796
reactome:Pathway2735,abstraction:NextStepPathway,reactome:Pathway2736
reactome:Pathway1631,abstraction:NextStepPathway,reactome:Pathway2607
reactome:Pathway2556,abstraction:NextStepPathway,reactome:Pathway2544
reactome:Pathway1931,abstraction:NextStepPathway,reactome:Pathway1415
reactome:Pathway33,abstraction:NextStepPathway,reactome:Pathway35
reactome:Pathway2220,abstraction:NextStepPathway,reactome:Pathway2219
reactome:Pathway423,abstraction:NextStepPathway,reactome:Pathway728
reactome:Pathway1133,abstraction:NextStepPathway,reactome:Pathway1135
reactome:Pathway2160,abstraction:NextStepPathway,reactome:Pathway2159
reactome:Pathway130,abstraction:NextStepPathway,reactome:Pathway135
reactome:Pathway1575,abstraction:NextStepPathway,reactome:Pathway1588
reactome:Pathway2600,abstraction:NextStepPathway,reactome:Pathway2602
reactome:Pathway1498,abstraction:NextStepPathway,reactome:Pathway1234
reactome:Pathway2068,abstraction:NextStepPathway,reactome:Pathway1526
reactome:Pathway267,abstraction:NextStepPathway,reactome:Pathway2222
reactome:Pathway2556,abstraction:NextStepPathway,reactome:Pathway2358
reactome:Pathway2198,abstraction:NextStepPathway,reactome:Pathway1588
reactome:Pathway286,abstraction:NextStepPathway,reactome:Pathway1521
reactome:Pathway2640,abstraction:NextStepPathway,reactome:Pathway2642
reactome:Pathway2488,abstraction:NextStepPathway,reactome:Pathway2490
reactome:Pathway520,abstraction:NextStepPathway,reactome:Pathway1604
reactome:Pathway2735,abstraction:NextStepPathway,reactome:Pathway1477
reactome:Pathway2118,abstraction:NextStepPathway,reactome:Pathway2121
reactome:Pathway2060,abstraction:NextStepPathway,reactome:Pathway1642
reactome:Pathway1429,abstraction:NextStepPathway,reactome:Pathway135
reactome:Pathway1429,abstraction:NextStepPathway,reactome:Pathway1529
reactome:Pathway2283,abstraction:NextStepPathway,reactome:Pathway2258
reactome:Pathway2196,abstraction:NextStepPathway,reactome:Pathway1526
reactome:Pathway296,abstraction:NextStepPathway,reactome:Pathway295
reactome:Pathway1632,abstraction:NextStepPathway,reactome:Pathway1641
reactome:Pathway1543,abstraction:NextStepPathway,reactome:Pathway1735
reactome:Pathway2631,abstraction:NextStepPathway,reactome:Pathway2629
reactome:Pathway2365,abstraction:NextStepPathway,reactome:Pathway1777
reactome:Pathway1337,abstraction:NextStepPathway,reactome:Pathway1635
reactome:Pathway1529,abstraction:NextStepPathway,reactome:Pathway134
reactome:Pathway2434,abstraction:NextStepPathway,reactome:Pathway2445
reactome:Pathway1385,abstraction:NextStepPathway,reactome:Pathway1635
reactome:Pathway253,abstraction:NextStepPathway,reactome:Pathway436
reactome:Pathway1532,abstraction:NextStepPathway,reactome:Pathway286
reactome:Pathway2079,abstraction:NextStepPathway,reactome:Pathway2328
reactome:Pathway1912,abstraction:NextStepPathway,reactome:Pathway1913
reactome:Pathway1329,abstraction:NextStepPathway,reactome:Pathway1333
reactome:Pathway1134,abstraction:NextStepPathway,reactome:Pathway1136
reactome:Pathway2668,abstraction:NextStepPathway,reactome:Pathway1704
reactome:Pathway1961,abstraction:NextStepPathway,reactome:Pathway347
reactome:Pathway1731,abstraction:NextStepPathway,reactome:Pathway1676
reactome:Pathway1910,abstraction:NextStepPathway,reactome:Pathway1878
reactome:Pathway310,abstraction:NextStepPathway,reactome:Pathway311
reactome:Pathway2454,abstraction:NextStepPathway,reactome:Pathway2459
reactome:Pathway1572,abstraction:NextStepPathway,reactome:Pathway2734
reactome:Pathway1557,abstraction:NextStepPathway,reactome:Pathway1558
reactome:Pathway1885,abstraction:NextStepPathway,reactome:Pathway1477
reactome:Pathway2104,abstraction:NextStepPathway,reactome:Pathway2105
reactome:Pathway1196,abstraction:NextStepPathway,reactome:Pathway1202
reactome:Pathway1631,abstraction:NextStepPathway,reactome:Pathway1635
reactome:Pathway407,abstraction:NextStepPathway,reactome:Pathway2202
reactome:Pathway1522,abstraction:NextStepPathway,reactome:Pathway1977
reactome:Pathway1914,abstraction:NextStepPathway,reactome:Pathway1908
reactome:Pathway2132,abstraction:NextStepPathway,reactome:Pathway2133
reactome:Pathway1885,abstraction:NextStepPathway,reactome:Pathway1887
reactome:Pathway1689,abstraction:NextStepPathway,reactome:Pathway1676
reactome:Pathway1764,abstraction:NextStepPathway,reactome:Pathway1757
reactome:Pathway2236,abstraction:NextStepPathway,reactome:Pathway262
reactome:Pathway1880,abstraction:NextStepPathway,reactome:Pathway1229
reactome:Pathway2377,abstraction:NextStepPathway,reactome:Pathway2383
reactome:Pathway1233,abstraction:NextStepPathway,reactome:Pathway1521
reactome:Pathway1808,abstraction:NextStepPathway,reactome:Pathway1780
reactome:Pathway1635,abstraction:NextStepPathway,reactome:Pathway1634
reactome:Pathway2215,abstraction:NextStepPathway,reactome:Pathway2219
reactome:Pathway1560,abstraction:NextStepPathway,reactome:Pathway1562
reactome:Pathway2148,abstraction:NextStepPathway,reactome:Pathway2144
reactome:Pathway1196,abstraction:NextStepPathway,reactome:Pathway1205
reactome:Pathway1925,abstraction:NextStepPathway,reactome:Pathway1903
reactome:Pathway2384,abstraction:NextStepPathway,reactome:Pathway2380
reactome:Pathway1963,abstraction:NextStepPathway,reactome:Pathway108
reactome:Pathway1772,abstraction:NextStepPathway,reactome:Pathway1773
reactome:Pathway532,abstraction:NextStepPathway,reactome:Pathway530
reactome:Pathway2139,abstraction:NextStepPathway,reactome:Pathway2071
reactome:Pathway1085,abstraction:NextStepPathway,reactome:Pathway1091
reactome:Pathway1908,abstraction:NextStepPathway,reactome:Pathway674
reactome:Pathway1638,abstraction:NextStepPathway,reactome:Pathway1636
reactome:Pathway1721,abstraction:NextStepPathway,reactome:Pathway1722
reactome:Pathway441,abstraction:NextStepPathway,reactome:Pathway442
reactome:Pathway2397,abstraction:NextStepPathway,reactome:Pathway2398
reactome:Pathway1409,abstraction:NextStepPathway,reactome:Pathway1635
reactome:Pathway1851,abstraction:NextStepPathway,reactome:Pathway1429
reactome:Pathway2134,abstraction:NextStepPathway,reactome:Pathway1635
reactome:Pathway1889,abstraction:NextStepPathway,reactome:Pathway1891
reactome:Pathway1750,abstraction:NextStepPathway,reactome:Pathway2211
reactome:Pathway1735,abstraction:NextStepPathway,reactome:Pathway2555
reactome:Pathway2204,abstraction:NextStepPathway,reactome:Pathway1534
reactome:Pathway1500,abstraction:NextStepPathway,reactome:Pathway1538
reactome:Pathway1903,abstraction:NextStepPathway,reactome:Pathway1925
reactome:Pathway2469,abstraction:NextStepPathway,reactome:Pathway2479
reactome:Pathway2215,abstraction:NextStepPathway,reactome:Pathway1962
reactome:Pathway1533,abstraction:NextStepPathway,reactome:Pathway2796
reactome:Pathway1763,abstraction:NextStepPathway,reactome:Pathway1762
reactome:Pathway1910,abstraction:NextStepPathway,reactome:Pathway1906
reactome:Pathway1819,abstraction:NextStepPathway,reactome:Pathway1820
reactome:Pathway2201,abstraction:NextStepPathway,reactome:Pathway2091
reactome:Pathway1233,abstraction:NextStepPathway,reactome:Pathway1752
reactome:Pathway1429,abstraction:NextStepPathway,reactome:Pathway1861
reactome:Pathway1429,abstraction:NextStepPathway,reactome:Pathway2196
reactome:Pathway1215,abstraction:NextStepPathway,reactome:Pathway1890
reactome:Pathway1552,abstraction:NextStepPathway,reactome:Pathway1560
reactome:Pathway1973,abstraction:NextStepPathway,reactome:Pathway2043
reactome:Pathway2735,abstraction:NextStepPathway,reactome:Pathway1473
reactome:Pathway2617,abstraction:NextStepPathway,reactome:Pathway2624
reactome:Pathway32,abstraction:NextStepPathway,reactome:Pathway33
reactome:Pathway1346,abstraction:NextStepPathway,reactome:Pathway1349
reactome:Pathway1856,abstraction:NextStepPathway,reactome:Pathway130
reactome:Pathway1541,abstraction:NextStepPathway,reactome:Pathway1543
reactome:Pathway2457,abstraction:NextStepPathway,reactome:Pathway2458
reactome:Pathway490,abstraction:NextStepPathway,reactome:Pathway1528
reactome:Pathway1638,abstraction:NextStepPathway,reactome:Pathway2541
reactome:Pathway1085,abstraction:NextStepPathway,reactome:Pathway1089
reactome:Pathway1642,abstraction:NextStepPathway,reactome:Pathway2071
reactome:Pathway1433,abstraction:NextStepPathway,reactome:Pathway1434
reactome:Pathway1820,abstraction:NextStepPathway,reactome:Pathway1821
reactome:Pathway2339,abstraction:NextStepPathway,reactome:Pathway2287
reactome:Pathway1411,abstraction:NextStepPathway,reactome:Pathway1421
reactome:Pathway1757,abstraction:NextStepPathway,reactome:Pathway1758
reactome:Pathway347,abstraction:NextStepPathway,reactome:Pathway1961
reactome:Pathway1375,abstraction:NextStepPathway,reactome:Pathway1385
reactome:Pathway1411,abstraction:NextStepPathway,reactome:Pathway1413
reactome:Pathway2238,abstraction:NextStepPathway,reactome:Pathway2236
reactome:Pathway1513,abstraction:NextStepPathway,reactome:Pathway1522
reactome:Pathway2108,abstraction:NextStepPathway,reactome:Pathway2112
reactome:Pathway2590,abstraction:NextStepPathway,reactome:Pathway2597
reactome:Pathway1491,abstraction:NextStepPathway,reactome:Pathway1234
reactome:Pathway1477,abstraction:NextStepPathway,reactome:Pathway247
reactome:Pathway524,abstraction:NextStepPathway,reactome:Pathway1856
reactome:Pathway1731,abstraction:NextStepPathway,reactome:Pathway1642
reactome:Pathway2802,abstraction:NextStepPathway,reactome:Pathway2803
reactome:Pathway2219,abstraction:NextStepPathway,reactome:Pathway2215
reactome:Pathway172,abstraction:NextStepPathway,reactome:Pathway1856
reactome:Pathway1467,abstraction:NextStepPathway,reactome:Pathway1469
reactome:Pathway134,abstraction:NextStepPathway,reactome:Pathway1234
reactome:Pathway172,abstraction:NextStepPathway,reactome:Pathway1754
reactome:Pathway1621,abstraction:NextStepPathway,reactome:Pathway644
reactome:Pathway2336,abstraction:NextStepPathway,reactome:Pathway2012
reactome:Pathway1628,abstraction:NextStepPathway,reactome:Pathway1619
reactome:Pathway1697,abstraction:NextStepPathway,reactome:Pathway183
reactome:Pathway1177,abstraction:NextStepPathway,reactome:Pathway1178
reactome:Pathway2066,abstraction:NextStepPathway,reactome:Pathway2068
reactome:Pathway1626,abstraction:NextStepPathway,reactome:Pathway1783
reactome:Pathway2025,abstraction:NextStepPathway,reactome:Pathway2336
reactome:Pathway106,abstraction:NextStepPathway,reactome:Pathway2219
reactome:Pathway2115,abstraction:NextStepPathway,reactome:Pathway2116
reactome:Pathway2293,abstraction:NextStepPathway,reactome:Pathway2290
reactome:Pathway2791,abstraction:NextStepPathway,reactome:Pathway403
reactome:Pathway2581,abstraction:NextStepPathway,reactome:Pathway2582
reactome:Pathway491,abstraction:NextStepPathway,reactome:Pathway1541
reactome:Pathway32,abstraction:NextStepPathway,reactome:Pathway47
reactome:Pathway286,abstraction:NextStepPathway,reactome:Pathway1536
reactome:Pathway1626,abstraction:NextStepPathway,reactome:Pathway1619
reactome:Pathway1959,abstraction:NextStepPathway,reactome:Pathway2117
reactome:Pathway2060,abstraction:NextStepPathway,reactome:Pathway1429
reactome:Pathway1629,abstraction:NextStepPathway,reactome:Pathway1669
reactome:Pathway2060,abstraction:NextStepPathway,reactome:Pathway1750
reactome:Pathway2238,abstraction:NextStepPathway,reactome:Pathway2241
reactome:Pathway1729,abstraction:NextStepPathway,reactome:Pathway1739
reactome:Pathway1520,abstraction:NextStepPathway,reactome:Pathway1544
reactome:Pathway2041,abstraction:NextStepPathway,reactome:Pathway2352
reactome:Pathway1960,abstraction:NextStepPathway,reactome:Pathway1961
reactome:Pathway2294,abstraction:NextStepPathway,reactome:Pathway2295
reactome:Pathway1447,abstraction:NextStepPathway,reactome:Pathway1606
reactome:Pathway1209,abstraction:NextStepPathway,reactome:Pathway2559
reactome:Pathway246,abstraction:NextStepPathway,reactome:Pathway2555
reactome:Pathway1784,abstraction:NextStepPathway,reactome:Pathway1787
reactome:Pathway1427,abstraction:NextStepPathway,reactome:Pathway493
reactome:Pathway2065,abstraction:NextStepPathway,reactome:Pathway2062
reactome:Pathway413,abstraction:NextStepPathway,reactome:Pathway1520
reactome:Pathway1851,abstraction:NextStepPathway,reactome:Pathway1856
reactome:Pathway247,abstraction:NextStepPathway,reactome:Pathway2560
reactome:Pathway2499,abstraction:NextStepPathway,reactome:Pathway2555
reactome:Pathway1491,abstraction:NextStepPathway,reactome:Pathway1538
reactome:Pathway2200,abstraction:NextStepPathway,reactome:Pathway1526
reactome:Pathway2112,abstraction:NextStepPathway,reactome:Pathway2125
reactome:Pathway2144,abstraction:NextStepPathway,reactome:Pathway2147
reactome:Pathway472,abstraction:NextStepPathway,reactome:Pathway474
reactome:Pathway1619,abstraction:NextStepPathway,reactome:Pathway1783
reactome:Pathway2688,abstraction:NextStepPathway,reactome:Pathway2698
reactome:Pathway2358,abstraction:NextStepPathway,reactome:Pathway2404
reactome:Pathway2551,abstraction:NextStepPathway,reactome:Pathway2524
reactome:Pathway1831,abstraction:NextStepPathway,reactome:Pathway1832
reactome:Pathway1199,abstraction:NextStepPathway,reactome:Pathway1205
reactome:Pathway1626,abstraction:NextStepPathway,reactome:Pathway1369
reactome:Pathway1775,abstraction:NextStepPathway,reactome:Pathway1779
reactome:Pathway1216,abstraction:NextStepPathway,reactome:Pathway1217
reactome:Pathway1953,abstraction:NextStepPathway,reactome:Pathway2041
reactome:Pathway1626,abstraction:NextStepPathway,reactome:Pathway1623
reactome:Pathway2202,abstraction:NextStepPathway,reactome:Pathway1521
reactome:Pathway2397,abstraction:NextStepPathway,reactome:Pathway2438
reactome:Pathway492,abstraction:NextStepPathway,reactome:Pathway1538
reactome:Pathway1175,abstraction:NextStepPathway,reactome:Pathway1178
reactome:Pathway2120,abstraction:NextStepPathway,reactome:Pathway102
reactome:Pathway2219,abstraction:NextStepPathway,reactome:Pathway1986
reactome:Pathway2041,abstraction:NextStepPathway,reactome:Pathway2337
reactome:Pathway2359,abstraction:NextStepPathway,reactome:Pathway2365
reactome:Pathway1963,abstraction:NextStepPathway,reactome:Pathway98
reactome:Pathway1554,abstraction:NextStepPathway,reactome:Pathway1555
reactome:Pathway1601,abstraction:NextStepPathway,reactome:Pathway1462
reactome:Pathway1385,abstraction:NextStepPathway,reactome:Pathway2134
reactome:Pathway1428,abstraction:NextStepPathway,reactome:Pathway224
reactome:Pathway1233,abstraction:NextStepPathway,reactome:Pathway1536
reactome:Pathway2466,abstraction:NextStepPathway,reactome:Pathway2475
reactome:Pathway1861,abstraction:NextStepPathway,reactome:Pathway2825
reactome:Pathway172,abstraction:NextStepPathway,reactome:Pathway479
reactome:Pathway1973,abstraction:NextStepPathway,reactome:Pathway2051
reactome:Pathway1721,abstraction:NextStepPathway,reactome:Pathway1725
reactome:Pathway1735,abstraction:NextStepPathway,reactome:Pathway1428
reactome:Pathway2068,abstraction:NextStepPathway,reactome:Pathway2064
reactome:Pathway1750,abstraction:NextStepPathway,reactome:Pathway1588
reactome:Pathway248,abstraction:NextStepPathway,reactome:Pathway2558
reactome:Pathway2269,abstraction:NextStepPathway,reactome:Pathway2270
reactome:Pathway470,abstraction:NextStepPathway,reactome:Pathway466
reactome:Pathway2756,abstraction:NextStepPathway,reactome:Pathway2758
reactome:Pathway1588,abstraction:NextStepPathway,reactome:Pathway1546
reactome:Pathway2136,abstraction:NextStepPathway,reactome:Pathway2137
reactome:Pathway1344,abstraction:NextStepPathway,reactome:Pathway1346
reactome:Pathway1837,abstraction:NextStepPathway,reactome:Pathway1831
reactome:Pathway1631,abstraction:NextStepPathway,reactome:Pathway2134
reactome:Pathway1910,abstraction:NextStepPathway,reactome:Pathway1903
reactome:Pathway288,abstraction:NextStepPathway,reactome:Pathway1856
reactome:Pathway1948,abstraction:NextStepPathway,reactome:Pathway1873
reactome:Pathway484,abstraction:NextStepPathway,reactome:Pathway490
reactome:Pathway1903,abstraction:NextStepPathway,reactome:Pathway1904
reactome:Pathway636,abstraction:NextStepPathway,reactome:Pathway637
reactome:Pathway2105,abstraction:NextStepPathway,reactome:Pathway2103
reactome:Pathway1454,abstraction:NextStepPathway,reactome:Pathway1460
reactome:Pathway1588,abstraction:NextStepPathway,reactome:Pathway1851
reactome:Pathway1672,abstraction:NextStepPathway,reactome:Pathway1669
reactome:Pathway2339,abstraction:NextStepPathway,reactome:Pathway2286
reactome:Pathway1343,abstraction:NextStepPathway,reactome:Pathway1348
reactome:Pathway479,abstraction:NextStepPathway,reactome:Pathway172
reactome:Pathway2368,abstraction:NextStepPathway,reactome:Pathway2556
reactome:Pathway343,abstraction:NextStepPathway,reactome:Pathway2150
reactome:Pathway2073,abstraction:NextStepPathway,reactome:Pathway184
reactome:Pathway1359,abstraction:NextStepPathway,reactome:Pathway1368
reactome:Pathway1526,abstraction:NextStepPathway,reactome:Pathway524
reactome:Pathway1065,abstraction:NextStepPathway,reactome:Pathway1066
reactome:Pathway1543,abstraction:NextStepPathway,reactome:Pathway1631
reactome:Pathway2677,abstraction:NextStepPathway,reactome:Pathway2544
reactome:Pathway2137,abstraction:NextStepPathway,reactome:Pathway2132
reactome:Pathway482,abstraction:NextStepPathway,reactome:Pathway524
reactome:Pathway2738,abstraction:NextStepPathway,reactome:Pathway2757
reactome:Pathway1731,abstraction:NextStepPathway,reactome:Pathway1429
reactome:Pathway2131,abstraction:NextStepPathway,reactome:Pathway2118
reactome:Pathway1814,abstraction:NextStepPathway,reactome:Pathway1822
reactome:Pathway2124,abstraction:NextStepPathway,reactome:Pathway2118
reactome:Pathway2365,abstraction:NextStepPathway,reactome:Pathway2368
reactome:Pathway1731,abstraction:NextStepPathway,reactome:Pathway1750
reactome:Pathway1856,abstraction:NextStepPathway,reactome:Pathway2211
reactome:Pathway1375,abstraction:NextStepPathway,reactome:Pathway1378
reactome:Pathway1346,abstraction:NextStepPathway,reactome:Pathway1619
reactome:Pathway2569,abstraction:NextStepPathway,reactome:Pathway2596
reactome:Pathway2721,abstraction:NextStepPathway,reactome:Pathway1362
reactome:Pathway2380,abstraction:NextStepPathway,reactome:Pathway2382
reactome:Pathway1861,abstraction:NextStepPathway,reactome:Pathway286
reactome:Pathway1334,abstraction:NextStepPathway,reactome:Pathway1337
reactome:Pathway490,abstraction:NextStepPathway,reactome:Pathway484
reactome:Pathway493,abstraction:NextStepPathway,reactome:Pathway1608
reactome:Pathway1337,abstraction:NextStepPathway,reactome:Pathway1368
reactome:Pathway1210,abstraction:NextStepPathway,reactome:Pathway1165
reactome:Pathway1622,abstraction:NextStepPathway,reactome:Pathway1382
reactome:Pathway2581,abstraction:NextStepPathway,reactome:Pathway2585
reactome:Pathway2657,abstraction:NextStepPathway,reactome:Pathway2658
reactome:Pathway2654,abstraction:NextStepPathway,reactome:Pathway2534
reactome:Pathway286,abstraction:NextStepPathway,reactome:Pathway524
reactome:Pathway1532,abstraction:NextStepPathway,reactome:Pathway134
reactome:Pathway1750,abstraction:NextStepPathway,reactome:Pathway1861
reactome:Pathway2156,abstraction:NextStepPathway,reactome:Pathway2131
reactome:Pathway1528,abstraction:NextStepPathway,reactome:Pathway2079
reactome:Pathway1689,abstraction:NextStepPathway,reactome:Pathway1677
reactome:Pathway2506,abstraction:NextStepPathway,reactome:Pathway2503
reactome:Pathway2165,abstraction:NextStepPathway,reactome:Pathway2166
reactome:Pathway229,abstraction:NextStepPathway,reactome:Pathway1812
reactome:Pathway1983,abstraction:NextStepPathway,reactome:Pathway532
reactome:Pathway2744,abstraction:NextStepPathway,reactome:Pathway1668
reactome:Pathway1467,abstraction:NextStepPathway,reactome:Pathway1741
reactome:Pathway2757,abstraction:NextStepPathway,reactome:Pathway2756
reactome:Pathway1521,abstraction:NextStepPathway,reactome:Pathway1536
reactome:Pathway493,abstraction:NextStepPathway,reactome:Pathway1233
reactome:Pathway1188,abstraction:NextStepPathway,reactome:Pathway1190
reactome:Pathway98,abstraction:NextStepPathway,reactome:Pathway99
reactome:Pathway2373,abstraction:NextStepPathway,reactome:Pathway2442
reactome:Pathway2691,abstraction:NextStepPathway,reactome:Pathway2698
reactome:Pathway372,abstraction:NextStepPathway,reactome:Pathway2567
reactome:Pathway2294,abstraction:NextStepPathway,reactome:Pathway2290
reactome:Pathway1883,abstraction:NextStepPathway,reactome:Pathway1884
reactome:Pathway1423,abstraction:NextStepPathway,reactome:Pathway1635
reactome:Pathway2209,abstraction:NextStepPathway,reactome:Pathway2257
reactome:Pathway1689,abstraction:NextStepPathway,reactome:Pathway2745
reactome:Pathway1732,abstraction:NextStepPathway,reactome:Pathway493
reactome:Pathway1323,abstraction:NextStepPathway,reactome:Pathway1619
reactome:Pathway2293,abstraction:NextStepPathway,reactome:Pathway2294
reactome:Pathway2555,abstraction:NextStepPathway,reactome:Pathway2404
reactome:Pathway2012,abstraction:NextStepPathway,reactome:Pathway1960
reactome:Pathway2557,abstraction:NextStepPathway,reactome:Pathway2543
reactome:Pathway1857,abstraction:NextStepPathway,reactome:Pathway1732
reactome:Pathway2028,abstraction:NextStepPathway,reactome:Pathway2206
reactome:Pathway1633,abstraction:NextStepPathway,reactome:Pathway1393
reactome:Pathway2365,abstraction:NextStepPathway,reactome:Pathway2557
reactome:Pathway1544,abstraction:NextStepPathway,reactome:Pathway1233
reactome:Pathway2703,abstraction:NextStepPathway,reactome:Pathway2704
reactome:Pathway2503,abstraction:NextStepPathway,reactome:Pathway2556
reactome:Pathway1880,abstraction:NextStepPathway,reactome:Pathway2706
reactome:Pathway479,abstraction:NextStepPathway,reactome:Pathway1873
reactome:Pathway1502,abstraction:NextStepPathway,reactome:Pathway1234
reactome:Pathway246,abstraction:NextStepPathway,reactome:Pathway250
reactome:Pathway286,abstraction:NextStepPathway,reactome:Pathway1533
reactome:Pathway2377,abstraction:NextStepPathway,reactome:Pathway420
reactome:Pathway1233,abstraction:NextStepPathway,reactome:Pathway524
reactome:Pathway1320,abstraction:NextStepPathway,reactome:Pathway1560
reactome:Pathway2215,abstraction:NextStepPathway,reactome:Pathway2027
reactome:Pathway42,abstraction:NextStepPathway,reactome:Pathway298
reactome:Pathway2163,abstraction:NextStepPathway,reactome:Pathway2318
reactome:Pathway1840,abstraction:NextStepPathway,reactome:Pathway1835
reactome:Pathway135,abstraction:NextStepPathway,reactome:Pathway184
reactome:Pathway1193,abstraction:NextStepPathway,reactome:Pathway1201
reactome:Pathway2380,abstraction:NextStepPathway,reactome:Pathway2381
reactome:Pathway1173,abstraction:NextStepPathway,reactome:Pathway1179
reactome:Pathway2727,abstraction:NextStepPathway,reactome:Pathway2784
reactome:Pathway1206,abstraction:NextStepPathway,reactome:Pathway218
reactome:Pathway372,abstraction:NextStepPathway,reactome:Pathway375
reactome:Pathway248,abstraction:NextStepPathway,reactome:Pathway2544
reactome:Pathway1428,abstraction:NextStepPathway,reactome:Pathway493
reactome:Pathway32,abstraction:NextStepPathway,reactome:Pathway45
reactome:Pathway1522,abstraction:NextStepPathway,reactome:Pathway147
reactome:Pathway2752,abstraction:NextStepPathway,reactome:Pathway1669
reactome:Pathway2478,abstraction:NextStepPathway,reactome:Pathway2477
reactome:Pathway1609,abstraction:NextStepPathway,reactome:Pathway1393
reactome:Pathway2810,abstraction:NextStepPathway,reactome:Pathway11
reactome:Pathway2548,abstraction:NextStepPathway,reactome:Pathway2357
reactome:Pathway184,abstraction:NextStepPathway,reactome:Pathway2638
reactome:Pathway1699,abstraction:NextStepPathway,reactome:Pathway2670
reactome:Pathway286,abstraction:NextStepPathway,reactome:Pathway1531
reactome:Pathway2500,abstraction:NextStepPathway,reactome:Pathway2503
reactome:Pathway490,abstraction:NextStepPathway,reactome:Pathway1538
reactome:Pathway255,abstraction:NextStepPathway,reactome:Pathway261
reactome:Pathway1632,abstraction:NextStepPathway,reactome:Pathway2541
reactome:Pathway135,abstraction:NextStepPathway,reactome:Pathway1609
reactome:Pathway2127,abstraction:NextStepPathway,reactome:Pathway2128
reactome:Pathway1910,abstraction:NextStepPathway,reactome:Pathway1904
reactome:Pathway1201,abstraction:NextStepPathway,reactome:Pathway1188
reactome:Pathway1771,abstraction:NextStepPathway,reactome:Pathway1798
reactome:Pathway2581,abstraction:NextStepPathway,reactome:Pathway2586
reactome:Pathway2244,abstraction:NextStepPathway,reactome:Pathway1229
reactome:Pathway1517,abstraction:NextStepPathway,reactome:Pathway2202
reactome:Pathway1973,abstraction:NextStepPathway,reactome:Pathway2045
reactome:Pathway1575,abstraction:NextStepPathway,reactome:Pathway1741
reactome:Pathway2270,abstraction:NextStepPathway,reactome:Pathway2269
reactome:Pathway1215,abstraction:NextStepPathway,reactome:Pathway1219
reactome:Pathway1537,abstraction:NextStepPathway,reactome:Pathway1588
reactome:Pathway1856,abstraction:NextStepPathway,reactome:Pathway135
reactome:Pathway1856,abstraction:NextStepPathway,reactome:Pathway1529
reactome:Pathway1926,abstraction:NextStepPathway,reactome:Pathway1925
reactome:Pathway2179,abstraction:NextStepPathway,reactome:Pathway2183
reactome:Pathway1867,abstraction:NextStepPathway,reactome:Pathway1868
reactome:Pathway1233,abstraction:NextStepPathway,reactome:Pathway1533
reactome:Pathway1446,abstraction:NextStepPathway,reactome:Pathway1631
reactome:Pathway2198,abstraction:NextStepPathway,reactome:Pathway1526
reactome:Pathway2374,abstraction:NextStepPathway,reactome:Pathway2394
reactome:Pathway1820,abstraction:NextStepPathway,reactome:Pathway1229
reactome:Pathway2036,abstraction:NextStepPathway,reactome:Pathway2206
reactome:Pathway1425,abstraction:NextStepPathway,reactome:Pathway1424
reactome:Pathway1502,abstraction:NextStepPathway,reactome:Pathway1538
reactome:Pathway100,abstraction:NextStepPathway,reactome:Pathway2226
reactome:Pathway298,abstraction:NextStepPathway,reactome:Pathway299
reactome:Pathway2097,abstraction:NextStepPathway,reactome:Pathway2222
reactome:Pathway1533,abstraction:NextStepPathway,reactome:Pathway253
reactome:Pathway2455,abstraction:NextStepPathway,reactome:Pathway2456
reactome:Pathway1406,abstraction:NextStepPathway,reactome:Pathway1408
reactome:Pathway105,abstraction:NextStepPathway,reactome:Pathway1963
reactome:Pathway2524,abstraction:NextStepPathway,reactome:Pathway2525
reactome:Pathway246,abstraction:NextStepPathway,reactome:Pathway2364
reactome:Pathway1767,abstraction:NextStepPathway,reactome:Pathway495
reactome:Pathway269,abstraction:NextStepPathway,reactome:Pathway262
reactome:Pathway2365,abstraction:NextStepPathway,reactome:Pathway2706
reactome:Pathway1789,abstraction:NextStepPathway,reactome:Pathway1776
reactome:Pathway100,abstraction:NextStepPathway,reactome:Pathway141
reactome:Pathway1958,abstraction:NextStepPathway,reactome:Pathway2157
reactome:Pathway493,abstraction:NextStepPathway,reactome:Pathway1543
reactome:Pathway2027,abstraction:NextStepPathway,reactome:Pathway2215
reactome:Pathway1526,abstraction:NextStepPathway,reactome:Pathway1233
reactome:Pathway1233,abstraction:NextStepPathway,reactome:Pathway1531
reactome:Pathway1356,abstraction:NextStepPathway,reactome:Pathway1359
reactome:Pathway39,abstraction:NextStepPathway,reactome:Pathway55
reactome:Pathway2115,abstraction:NextStepPathway,reactome:Pathway2121
reactome:Pathway248,abstraction:NextStepPathway,reactome:Pathway2365
reactome:Pathway248,abstraction:NextStepPathway,reactome:Pathway2500
reactome:Pathway2361,abstraction:NextStepPathway,reactome:Pathway2357
reactome:Pathway1428,abstraction:NextStepPathway,reactome:Pathway1607
reactome:Pathway1773,abstraction:NextStepPathway,reactome:Pathway1775
reactome:Pathway482,abstraction:NextStepPathway,reactome:Pathway1233
reactome:Pathway1491,abstraction:NextStepPathway,reactome:Pathway1522
reactome:Pathway2610,abstraction:NextStepPathway,reactome:Pathway2548
reactome:Pathway1959,abstraction:NextStepPathway,reactome:Pathway102
reactome:Pathway2211,abstraction:NextStepPathway,reactome:Pathway2213
reactome:Pathway2336,abstraction:NextStepPathway,reactome:Pathway2045
reactome:Pathway499,abstraction:NextStepPathway,reactome:Pathway1429
reactome:Pathway2284,abstraction:NextStepPathway,reactome:Pathway2339
reactome:Pathway2358,abstraction:NextStepPathway,reactome:Pathway2556
reactome:Pathway1433,abstraction:NextStepPathway,reactome:Pathway1437
reactome:Pathway2242,abstraction:NextStepPathway,reactome:Pathway292
reactome:Pathway1621,abstraction:NextStepPathway,reactome:Pathway643
reactome:Pathway2024,abstraction:NextStepPathway,reactome:Pathway2352
reactome:Pathway448,abstraction:NextStepPathway,reactome:Pathway447
reactome:Pathway2118,abstraction:NextStepPathway,reactome:Pathway2119
reactome:Pathway1593,abstraction:NextStepPathway,reactome:Pathway1594
reactome:Pathway410,abstraction:NextStepPathway,reactome:Pathway357
reactome:Pathway2358,abstraction:NextStepPathway,reactome:Pathway2361
reactome:Pathway1961,abstraction:NextStepPathway,reactome:Pathway2077
reactome:Pathway1429,abstraction:NextStepPathway,reactome:Pathway286
reactome:Pathway2079,abstraction:NextStepPathway,reactome:Pathway2087
reactome:Pathway436,abstraction:NextStepPathway,reactome:Pathway444
reactome:Pathway1962,abstraction:NextStepPathway,reactome:Pathway2080
reactome:Pathway1608,abstraction:NextStepPathway,reactome:Pathway493
reactome:Pathway1737,abstraction:NextStepPathway,reactome:Pathway1631
reactome:Pathway2499,abstraction:NextStepPathway,reactome:Pathway2545
reactome:Pathway1857,abstraction:NextStepPathway,reactome:Pathway1860
reactome:Pathway2118,abstraction:NextStepPathway,reactome:Pathway2132
reactome:Pathway286,abstraction:NextStepPathway,reactome:Pathway1233
reactome:Pathway278,abstraction:NextStepPathway,reactome:Pathway279
reactome:Pathway1234,abstraction:NextStepPathway,reactome:Pathway2203
reactome:Pathway337,abstraction:NextStepPathway,reactome:Pathway338
reactome:Pathway2157,abstraction:NextStepPathway,reactome:Pathway2160
reactome:Pathway2285,abstraction:NextStepPathway,reactome:Pathway2284
reactome:Pathway267,abstraction:NextStepPathway,reactome:Pathway253
reactome:Pathway1419,abstraction:NextStepPathway,reactome:Pathway1420
reactome:Pathway253,abstraction:NextStepPathway,reactome:Pathway1979
reactome:Pathway499,abstraction:NextStepPathway,reactome:Pathway501
reactome:Pathway1769,abstraction:NextStepPathway,reactome:Pathway1063
reactome:Pathway1877,abstraction:NextStepPathway,reactome:Pathway1878
reactome:Pathway2284,abstraction:NextStepPathway,reactome:Pathway2302
reactome:Pathway105,abstraction:NextStepPathway,reactome:Pathway103
reactome:Pathway1879,abstraction:NextStepPathway,reactome:Pathway1880
reactome:Pathway1856,abstraction:NextStepPathway,reactome:Pathway1861
reactome:Pathway1856,abstraction:NextStepPathway,reactome:Pathway2196
reactome:Pathway1504,abstraction:NextStepPathway,reactome:Pathway1520
reactome:Pathway2152,abstraction:NextStepPathway,reactome:Pathway2317
reactome:Pathway1694,abstraction:NextStepPathway,reactome:Pathway2541
reactome:Pathway472,abstraction:NextStepPathway,reactome:Pathway475
reactome:Pathway2123,abstraction:NextStepPathway,reactome:Pathway2124
reactome:Pathway1896,abstraction:NextStepPathway,reactome:Pathway1741
reactome:Pathway1903,abstraction:NextStepPathway,reactome:Pathway674
reactome:Pathway172,abstraction:NextStepPathway,reactome:Pathway1428
reactome:Pathway287,abstraction:NextStepPathway,reactome:Pathway1429
reactome:Pathway1963,abstraction:NextStepPathway,reactome:Pathway2226
reactome:Pathway2270,abstraction:NextStepPathway,reactome:Pathway2298
reactome:Pathway287,abstraction:NextStepPathway,reactome:Pathway1750
reactome:Pathway2074,abstraction:NextStepPathway,reactome:Pathway2073
reactome:Pathway2626,abstraction:NextStepPathway,reactome:Pathway47
reactome:Pathway2226,abstraction:NextStepPathway,reactome:Pathway2270
reactome:Pathway1337,abstraction:NextStepPathway,reactome:Pathway1349
reactome:Pathway2365,abstraction:NextStepPathway,reactome:Pathway2554
reactome:Pathway1412,abstraction:NextStepPathway,reactome:Pathway1619
reactome:Pathway423,abstraction:NextStepPathway,reactome:Pathway430
reactome:Pathway1499,abstraction:NextStepPathway,reactome:Pathway1538
reactome:Pathway1536,abstraction:NextStepPathway,reactome:Pathway286
reactome:Pathway197,abstraction:NextStepPathway,reactome:Pathway198
reactome:Pathway1588,abstraction:NextStepPathway,reactome:Pathway1642
reactome:Pathway2768,abstraction:NextStepPathway,reactome:Pathway1628
reactome:Pathway255,abstraction:NextStepPathway,reactome:Pathway264
reactome:Pathway1896,abstraction:NextStepPathway,reactome:Pathway1776
reactome:Pathway2234,abstraction:NextStepPathway,reactome:Pathway2236
reactome:Pathway1851,abstraction:NextStepPathway,reactome:Pathway179
reactome:Pathway2304,abstraction:NextStepPathway,reactome:Pathway2331
reactome:Pathway1428,abstraction:NextStepPathway,reactome:Pathway2211
reactome:Pathway1205,abstraction:NextStepPathway,reactome:Pathway1777
reactome:Pathway1676,abstraction:NextStepPathway,reactome:Pathway1225
reactome:Pathway248,abstraction:NextStepPathway,reactome:Pathway2499
reactome:Pathway1506,abstraction:NextStepPathway,reactome:Pathway478
reactome:Pathway2801,abstraction:NextStepPathway,reactome:Pathway2802
reactome:Pathway1233,abstraction:NextStepPathway,reactome:Pathway1609
reactome:Pathway2735,abstraction:NextStepPathway,reactome:Pathway1478
reactome:Pathway1173,abstraction:NextStepPathway,reactome:Pathway1183
reactome:Pathway286,abstraction:NextStepPathway,reactome:Pathway132
reactome:Pathway2471,abstraction:NextStepPathway,reactome:Pathway2472
reactome:Pathway478,abstraction:NextStepPathway,reactome:Pathway286
reactome:Pathway1521,abstraction:NextStepPathway,reactome:Pathway1531
reactome:Pathway1841,abstraction:NextStepPathway,reactome:Pathway1842
reactome:Pathway1532,abstraction:NextStepPathway,reactome:Pathway2205
reactome:Pathway1400,abstraction:NextStepPathway,reactome:Pathway1635
reactome:Pathway1496,abstraction:NextStepPathway,reactome:Pathway1522
reactome:Pathway299,abstraction:NextStepPathway,reactome:Pathway303
reactome:Pathway1385,abstraction:NextStepPathway,reactome:Pathway1735
reactome:Pathway646,abstraction:NextStepPathway,reactome:Pathway649
reactome:Pathway2041,abstraction:NextStepPathway,reactome:Pathway292
reactome:Pathway1705,abstraction:NextStepPathway,reactome:Pathway2705
reactome:Pathway2383,abstraction:NextStepPathway,reactome:Pathway2357
reactome:Pathway499,abstraction:NextStepPathway,reactome:Pathway1856
reactome:Pathway1861,abstraction:NextStepPathway,reactome:Pathway1851
reactome:Pathway1167,abstraction:NextStepPathway,reactome:Pathway1166
reactome:Pathway1423,abstraction:NextStepPathway,reactome:Pathway660
reactome:Pathway1371,abstraction:NextStepPathway,reactome:Pathway1373
reactome:Pathway1861,abstraction:NextStepPathway,reactome:Pathway1669
reactome:Pathway1632,abstraction:NextStepPathway,reactome:Pathway2555
reactome:Pathway1520,abstraction:NextStepPathway,reactome:Pathway1546
reactome:Pathway1431,abstraction:NextStepPathway,reactome:Pathway1635
reactome:Pathway1631,abstraction:NextStepPathway,reactome:Pathway1735
reactome:Pathway266,abstraction:NextStepPathway,reactome:Pathway262
reactome:Pathway2673,abstraction:NextStepPathway,reactome:Pathway2684
reactome:Pathway439,abstraction:NextStepPathway,reactome:Pathway2258
reactome:Pathway1963,abstraction:NextStepPathway,reactome:Pathway106
reactome:Pathway2605,abstraction:NextStepPathway,reactome:Pathway2386
reactome:Pathway2688,abstraction:NextStepPathway,reactome:Pathway2694
reactome:Pathway2397,abstraction:NextStepPathway,reactome:Pathway2416
reactome:Pathway1406,abstraction:NextStepPathway,reactome:Pathway1405
reactome:Pathway1885,abstraction:NextStepPathway,reactome:Pathway1478
reactome:Pathway256,abstraction:NextStepPathway,reactome:Pathway257
reactome:Pathway1520,abstraction:NextStepPathway,reactome:Pathway134
reactome:Pathway1057,abstraction:NextStepPathway,reactome:Pathway1062
reactome:Pathway1526,abstraction:NextStepPathway,reactome:Pathway172
reactome:Pathway2170,abstraction:NextStepPathway,reactome:Pathway2112
reactome:Pathway2399,abstraction:NextStepPathway,reactome:Pathway2397
reactome:Pathway154,abstraction:NextStepPathway,reactome:Pathway148
reactome:Pathway2269,abstraction:NextStepPathway,reactome:Pathway2298
reactome:Pathway1579,abstraction:NextStepPathway,reactome:Pathway1572
reactome:Pathway2190,abstraction:NextStepPathway,reactome:Pathway2194
reactome:Pathway1234,abstraction:NextStepPathway,reactome:Pathway1977
reactome:Pathway2587,abstraction:NextStepPathway,reactome:Pathway2571
reactome:Pathway1626,abstraction:NextStepPathway,reactome:Pathway133
reactome:Pathway482,abstraction:NextStepPathway,reactome:Pathway172
reactome:Pathway1187,abstraction:NextStepPathway,reactome:Pathway1188
reactome:Pathway364,abstraction:NextStepPathway,reactome:Pathway365
reactome:Pathway1390,abstraction:NextStepPathway,reactome:Pathway1392
reactome:Pathway1233,abstraction:NextStepPathway,reactome:Pathway132
reactome:Pathway179,abstraction:NextStepPathway,reactome:Pathway499
reactome:Pathway134,abstraction:NextStepPathway,reactome:Pathway1977
reactome:Pathway1225,abstraction:NextStepPathway,reactome:Pathway1233
reactome:Pathway1520,abstraction:NextStepPathway,reactome:Pathway1532
reactome:Pathway2571,abstraction:NextStepPathway,reactome:Pathway2587
reactome:Pathway179,abstraction:NextStepPathway,reactome:Pathway1750
reactome:Pathway2178,abstraction:NextStepPathway,reactome:Pathway1490
reactome:Pathway1836,abstraction:NextStepPathway,reactome:Pathway1889
reactome:Pathway413,abstraction:NextStepPathway,reactome:Pathway1234
reactome:Pathway1824,abstraction:NextStepPathway,reactome:Pathway389
reactome:Pathway2208,abstraction:NextStepPathway,reactome:Pathway2030
reactome:Pathway1642,abstraction:NextStepPathway,reactome:Pathway1588
reactome:Pathway1824,abstraction:NextStepPathway,reactome:Pathway1776
reactome:Pathway2397,abstraction:NextStepPathway,reactome:Pathway2581
reactome:Pathway2533,abstraction:NextStepPathway,reactome:Pathway2534
reactome:Pathway1536,abstraction:NextStepPathway,reactome:Pathway2030
reactome:Pathway2554,abstraction:NextStepPathway,reactome:Pathway2557
reactome:Pathway1086,abstraction:NextStepPathway,reactome:Pathway1087
reactome:Pathway2721,abstraction:NextStepPathway,reactome:Pathway2735
reactome:Pathway1531,abstraction:NextStepPathway,reactome:Pathway1533
reactome:Pathway286,abstraction:NextStepPathway,reactome:Pathway172
reactome:Pathway2446,abstraction:NextStepPathway,reactome:Pathway2447
reactome:Pathway103,abstraction:NextStepPathway,reactome:Pathway1518
reactome:Pathway2203,abstraction:NextStepPathway,reactome:Pathway1520
reactome:Pathway2028,abstraction:NextStepPathway,reactome:Pathway2226
reactome:Pathway2541,abstraction:NextStepPathway,reactome:Pathway1697
reactome:Pathway1973,abstraction:NextStepPathway,reactome:Pathway2146
reactome:Pathway2499,abstraction:NextStepPathway,reactome:Pathway2511
reactome:Pathway2589,abstraction:NextStepPathway,reactome:Pathway2593
reactome:Pathway2106,abstraction:NextStepPathway,reactome:Pathway2226
reactome:Pathway2554,abstraction:NextStepPathway,reactome:Pathway2556
reactome:Pathway1979,abstraction:NextStepPathway,reactome:Pathway1980
reactome:Pathway1750,abstraction:NextStepPathway,reactome:Pathway1526
reactome:Pathway1784,abstraction:NextStepPathway,reactome:Pathway1785
reactome:Pathway1393,abstraction:NextStepPathway,reactome:Pathway1533
reactome:Pathway2556,abstraction:NextStepPathway,reactome:Pathway2555
reactome:Pathway2339,abstraction:NextStepPathway,reactome:Pathway1956
reactome:Pathway2041,abstraction:NextStepPathway,reactome:Pathway367
reactome:Pathway2557,abstraction:NextStepPathway,reactome:Pathway2677
reactome:Pathway1973,abstraction:NextStepPathway,reactome:Pathway2047
reactome:Pathway349,abstraction:NextStepPathway,reactome:Pathway350
reactome:Pathway1382,abstraction:NextStepPathway,reactome:Pathway1609
reactome:Pathway2115,abstraction:NextStepPathway,reactome:Pathway2117
reactome:Pathway2068,abstraction:NextStepPathway,reactome:Pathway2071
reactome:Pathway1635,abstraction:NextStepPathway,reactome:Pathway1631
reactome:Pathway1689,abstraction:NextStepPathway,reactome:Pathway1670
reactome:Pathway1168,abstraction:NextStepPathway,reactome:Pathway1182
reactome:Pathway1538,abstraction:NextStepPathway,reactome:Pathway1588
reactome:Pathway2677,abstraction:NextStepPathway,reactome:Pathway2680
reactome:Pathway2254,abstraction:NextStepPathway,reactome:Pathway2255
reactome:Pathway1393,abstraction:NextStepPathway,reactome:Pathway1531
reactome:Pathway2534,abstraction:NextStepPathway,reactome:Pathway2654
reactome:Pathway1412,abstraction:NextStepPathway,reactome:Pathway1322
reactome:Pathway1522,abstraction:NextStepPathway,reactome:Pathway286
reactome:Pathway1837,abstraction:NextStepPathway,reactome:Pathway1829
reactome:Pathway1806,abstraction:NextStepPathway,reactome:Pathway1787
reactome:Pathway1588,abstraction:NextStepPathway,reactome:Pathway499
reactome:Pathway1428,abstraction:NextStepPathway,reactome:Pathway2675
reactome:Pathway1539,abstraction:NextStepPathway,reactome:Pathway250
reactome:Pathway1588,abstraction:NextStepPathway,reactome:Pathway1429
reactome:Pathway1796,abstraction:NextStepPathway,reactome:Pathway1845
reactome:Pathway2119,abstraction:NextStepPathway,reactome:Pathway2125
reactome:Pathway1569,abstraction:NextStepPathway,reactome:Pathway1570
reactome:Pathway1588,abstraction:NextStepPathway,reactome:Pathway1750
reactome:Pathway1502,abstraction:NextStepPathway,reactome:Pathway1522
reactome:Pathway1977,abstraction:NextStepPathway,reactome:Pathway134
reactome:Pathway1522,abstraction:NextStepPathway,reactome:Pathway1545
reactome:Pathway2545,abstraction:NextStepPathway,reactome:Pathway1828
reactome:Pathway1880,abstraction:NextStepPathway,reactome:Pathway1895
reactome:Pathway1233,abstraction:NextStepPathway,reactome:Pathway172
reactome:Pathway1904,abstraction:NextStepPathway,reactome:Pathway1905
reactome:Pathway372,abstraction:NextStepPathway,reactome:Pathway1891
reactome:Pathway2539,abstraction:NextStepPathway,reactome:Pathway2730
reactome:Pathway1642,abstraction:NextStepPathway,reactome:Pathway2061
reactome:Pathway2241,abstraction:NextStepPathway,reactome:Pathway269
reactome:Pathway1642,abstraction:NextStepPathway,reactome:Pathway1861
reactome:Pathway1642,abstraction:NextStepPathway,reactome:Pathway2196
reactome:Pathway2541,abstraction:NextStepPathway,reactome:Pathway2236
reactome:Pathway489,abstraction:NextStepPathway,reactome:Pathway1543
reactome:Pathway1137,abstraction:NextStepPathway,reactome:Pathway1138
reactome:Pathway1977,abstraction:NextStepPathway,reactome:Pathway1520
reactome:Pathway39,abstraction:NextStepPathway,reactome:Pathway60
reactome:Pathway1850,abstraction:NextStepPathway,reactome:Pathway1629
reactome:Pathway1977,abstraction:NextStepPathway,reactome:Pathway1532
reactome:Pathway1914,abstraction:NextStepPathway,reactome:Pathway1905
reactome:Pathway2318,abstraction:NextStepPathway,reactome:Pathway2162
reactome:Pathway1537,abstraction:NextStepPathway,reactome:Pathway1544
reactome:Pathway2582,abstraction:NextStepPathway,reactome:Pathway2584
reactome:Pathway1635,abstraction:NextStepPathway,reactome:Pathway1801
reactome:Pathway1456,abstraction:NextStepPathway,reactome:Pathway1461
reactome:Pathway2618,abstraction:NextStepPathway,reactome:Pathway2619
reactome:Pathway2691,abstraction:NextStepPathway,reactome:Pathway2694
reactome:Pathway2520,abstraction:NextStepPathway,reactome:Pathway2521
reactome:Pathway1601,abstraction:NextStepPathway,reactome:Pathway1908
reactome:Pathway2027,abstraction:NextStepPathway,reactome:Pathway2270
reactome:Pathway2541,abstraction:NextStepPathway,reactome:Pathway1694
reactome:Pathway1588,abstraction:NextStepPathway,reactome:Pathway501
reactome:Pathway1852,abstraction:NextStepPathway,reactome:Pathway29
reactome:Pathway2378,abstraction:NextStepPathway,reactome:Pathway2386
reactome:Pathway1209,abstraction:NextStepPathway,reactome:Pathway224
reactome:Pathway2789,abstraction:NextStepPathway,reactome:Pathway2790
reactome:Pathway1824,abstraction:NextStepPathway,reactome:Pathway2781
reactome:Pathway2721,abstraction:NextStepPathway,reactome:Pathway1354
reactome:Pathway2219,abstraction:NextStepPathway,reactome:Pathway2226
reactome:Pathway1631,abstraction:NextStepPathway,reactome:Pathway1632
reactome:Pathway2541,abstraction:NextStepPathway,reactome:Pathway2027
reactome:Pathway2215,abstraction:NextStepPathway,reactome:Pathway2216
reactome:Pathway1433,abstraction:NextStepPathway,reactome:Pathway1444
reactome:Pathway510,abstraction:NextStepPathway,reactome:Pathway1619
reactome:Pathway1826,abstraction:NextStepPathway,reactome:Pathway1229
reactome:Pathway1433,abstraction:NextStepPathway,reactome:Pathway1441
reactome:Pathway1320,abstraction:NextStepPathway,reactome:Pathway1322
reactome:Pathway1429,abstraction:NextStepPathway,reactome:Pathway1851
reactome:Pathway1531,abstraction:NextStepPathway,reactome:Pathway1233
reactome:Pathway1189,abstraction:NextStepPathway,reactome:Pathway1188
reactome:Pathway1531,abstraction:NextStepPathway,reactome:Pathway1609
reactome:Pathway286,abstraction:NextStepPathway,reactome:Pathway2109
reactome:Pathway1532,abstraction:NextStepPathway,reactome:Pathway1234
reactome:Pathway2236,abstraction:NextStepPathway,reactome:Pathway1972
reactome:Pathway1910,abstraction:NextStepPathway,reactome:Pathway1915
reactome:Pathway1429,abstraction:NextStepPathway,reactome:Pathway1669
reactome:Pathway495,abstraction:NextStepPathway,reactome:Pathway497
reactome:Pathway1609,abstraction:NextStepPathway,reactome:Pathway2796
reactome:Pathway372,abstraction:NextStepPathway,reactome:Pathway381
reactome:Pathway1943,abstraction:NextStepPathway,reactome:Pathway1873
reactome:Pathway1877,abstraction:NextStepPathway,reactome:Pathway2706
reactome:Pathway1689,abstraction:NextStepPathway,reactome:Pathway1427
reactome:Pathway1205,abstraction:NextStepPathway,reactome:Pathway1758
reactome:Pathway341,abstraction:NextStepPathway,reactome:Pathway1747
reactome:Pathway1427,abstraction:NextStepPathway,reactome:Pathway2773
reactome:Pathway2200,abstraction:NextStepPathway,reactome:Pathway1642
reactome:Pathway1330,abstraction:NextStepPathway,reactome:Pathway1336
reactome:Pathway2756,abstraction:NextStepPathway,reactome:Pathway2760
reactome:Pathway1638,abstraction:NextStepPathway,reactome:Pathway1634
reactome:Pathway1935,abstraction:NextStepPathway,reactome:Pathway1936
reactome:Pathway2745,abstraction:NextStepPathway,reactome:Pathway2743
reactome:Pathway1362,abstraction:NextStepPathway,reactome:Pathway1365
reactome:Pathway1359,abstraction:NextStepPathway,reactome:Pathway1631
reactome:Pathway1621,abstraction:NextStepPathway,reactome:Pathway1622
reactome:Pathway2150,abstraction:NextStepPathway,reactome:Pathway343
reactome:Pathway2632,abstraction:NextStepPathway,reactome:Pathway2629
reactome:Pathway1343,abstraction:NextStepPathway,reactome:Pathway1347
reactome:Pathway2452,abstraction:NextStepPathway,reactome:Pathway2451
reactome:Pathway1669,abstraction:NextStepPathway,reactome:Pathway1668
reactome:Pathway1509,abstraction:NextStepPathway,reactome:Pathway490
reactome:Pathway2499,abstraction:NextStepPathway,reactome:Pathway2501
reactome:Pathway278,abstraction:NextStepPathway,reactome:Pathway275
reactome:Pathway2269,abstraction:NextStepPathway,reactome:Pathway2352
reactome:Pathway1588,abstraction:NextStepPathway,reactome:Pathway1856
reactome:Pathway1988,abstraction:NextStepPathway,reactome:Pathway2274
reactome:Pathway1499,abstraction:NextStepPathway,reactome:Pathway1522
reactome:Pathway184,abstraction:NextStepPathway,reactome:Pathway2074
reactome:Pathway2296,abstraction:NextStepPathway,reactome:Pathway2297
reactome:Pathway1873,abstraction:NextStepPathway,reactome:Pathway1874
reactome:Pathway1390,abstraction:NextStepPathway,reactome:Pathway2749
reactome:Pathway1940,abstraction:NextStepPathway,reactome:Pathway2001
reactome:Pathway367,abstraction:NextStepPathway,reactome:Pathway365
reactome:Pathway1200,abstraction:NextStepPathway,reactome:Pathway1202
reactome:Pathway1331,abstraction:NextStepPathway,reactome:Pathway1334
reactome:Pathway1536,abstraction:NextStepPathway,reactome:Pathway134
reactome:Pathway1337,abstraction:NextStepPathway,reactome:Pathway1631
reactome:Pathway1631,abstraction:NextStepPathway,reactome:Pathway2391
reactome:Pathway2548,abstraction:NextStepPathway,reactome:Pathway2384
reactome:Pathway1856,abstraction:NextStepPathway,reactome:Pathway2825
reactome:Pathway2735,abstraction:NextStepPathway,reactome:Pathway2724
reactome:Pathway2673,abstraction:NextStepPathway,reactome:Pathway2680
reactome:Pathway2544,abstraction:NextStepPathway,reactome:Pathway2549
reactome:Pathway330,abstraction:NextStepPathway,reactome:Pathway331
reactome:Pathway1494,abstraction:NextStepPathway,reactome:Pathway1520
reactome:Pathway1375,abstraction:NextStepPathway,reactome:Pathway1380
reactome:Pathway1233,abstraction:NextStepPathway,reactome:Pathway2109
reactome:Pathway495,abstraction:NextStepPathway,reactome:Pathway496
reactome:Pathway2270,abstraction:NextStepPathway,reactome:Pathway114
reactome:Pathway2077,abstraction:NextStepPathway,reactome:Pathway2091
reactome:Pathway372,abstraction:NextStepPathway,reactome:Pathway378
reactome:Pathway2676,abstraction:NextStepPathway,reactome:Pathway2544
reactome:Pathway1234,abstraction:NextStepPathway,reactome:Pathway1521
reactome:Pathway1175,abstraction:NextStepPathway,reactome:Pathway727
reactome:Pathway2095,abstraction:NextStepPathway,reactome:Pathway2222
reactome:Pathway2621,abstraction:NextStepPathway,reactome:Pathway2617
reactome:Pathway1735,abstraction:NextStepPathway,reactome:Pathway2559
reactome:Pathway1831,abstraction:NextStepPathway,reactome:Pathway1205
reactome:Pathway208,abstraction:NextStepPathway,reactome:Pathway206
reactome:Pathway1923,abstraction:NextStepPathway,reactome:Pathway1741
reactome:Pathway1316,abstraction:NextStepPathway,reactome:Pathway1317
reactome:Pathway1808,abstraction:NextStepPathway,reactome:Pathway1205
reactome:Pathway99,abstraction:NextStepPathway,reactome:Pathway101
reactome:Pathway1851,abstraction:NextStepPathway,reactome:Pathway1752
reactome:Pathway1395,abstraction:NextStepPathway,reactome:Pathway1404
reactome:Pathway2684,abstraction:NextStepPathway,reactome:Pathway2685
reactome:Pathway2313,abstraction:NextStepPathway,reactome:Pathway267
reactome:Pathway2328,abstraction:NextStepPathway,reactome:Pathway2080
reactome:Pathway2162,abstraction:NextStepPathway,reactome:Pathway2318
reactome:Pathway2624,abstraction:NextStepPathway,reactome:Pathway2625
reactome:Pathway2024,abstraction:NextStepPathway,reactome:Pathway292
reactome:Pathway1973,abstraction:NextStepPathway,reactome:Pathway2314
reactome:Pathway2380,abstraction:NextStepPathway,reactome:Pathway2581
reactome:Pathway1426,abstraction:NextStepPathway,reactome:Pathway1427
reactome:Pathway1402,abstraction:NextStepPathway,reactome:Pathway1403
reactome:Pathway1528,abstraction:NextStepPathway,reactome:Pathway2328
reactome:Pathway271,abstraction:NextStepPathway,reactome:Pathway278
reactome:Pathway1807,abstraction:NextStepPathway,reactome:Pathway2668
reactome:Pathway1568,abstraction:NextStepPathway,reactome:Pathway1227
reactome:Pathway2256,abstraction:NextStepPathway,reactome:Pathway2339
reactome:Pathway267,abstraction:NextStepPathway,reactome:Pathway2594
reactome:Pathway1182,abstraction:NextStepPathway,reactome:Pathway1792
reactome:Pathway1382,abstraction:NextStepPathway,reactome:Pathway246
reactome:Pathway1977,abstraction:NextStepPathway,reactome:Pathway1767
reactome:Pathway2569,abstraction:NextStepPathway,reactome:Pathway2573
reactome:Pathway1856,abstraction:NextStepPathway,reactome:Pathway286
reactome:Pathway2684,abstraction:NextStepPathway,reactome:Pathway2690
reactome:Pathway286,abstraction:NextStepPathway,reactome:Pathway1534
reactome:Pathway2459,abstraction:NextStepPathway,reactome:Pathway248
reactome:Pathway2317,abstraction:NextStepPathway,reactome:Pathway2152
reactome:Pathway2686,abstraction:NextStepPathway,reactome:Pathway2688
reactome:Pathway1474,abstraction:NextStepPathway,reactome:Pathway387
reactome:Pathway1961,abstraction:NextStepPathway,reactome:Pathway2288
reactome:Pathway1331,abstraction:NextStepPathway,reactome:Pathway1336
reactome:Pathway2575,abstraction:NextStepPathway,reactome:Pathway2574
reactome:Pathway2121,abstraction:NextStepPathway,reactome:Pathway2114
reactome:Pathway2439,abstraction:NextStepPathway,reactome:Pathway2425
reactome:Pathway2680,abstraction:NextStepPathway,reactome:Pathway2675
reactome:Pathway1541,abstraction:NextStepPathway,reactome:Pathway1588
reactome:Pathway1669,abstraction:NextStepPathway,reactome:Pathway1670
reactome:Pathway247,abstraction:NextStepPathway,reactome:Pathway2364
reactome:Pathway2548,abstraction:NextStepPathway,reactome:Pathway2391
reactome:Pathway2218,abstraction:NextStepPathway,reactome:Pathway2216
reactome:Pathway2012,abstraction:NextStepPathway,reactome:Pathway1962
reactome:Pathway1299,abstraction:NextStepPathway,reactome:Pathway1302
reactome:Pathway2393,abstraction:NextStepPathway,reactome:Pathway2418
reactome:Pathway172,abstraction:NextStepPathway,reactome:Pathway1536
reactome:Pathway1783,abstraction:NextStepPathway,reactome:Pathway1741
reactome:Pathway1735,abstraction:NextStepPathway,reactome:Pathway1608
reactome:Pathway2336,abstraction:NextStepPathway,reactome:Pathway2314
reactome:Pathway2598,abstraction:NextStepPathway,reactome:Pathway250
reactome:Pathway2043,abstraction:NextStepPathway,reactome:Pathway2047
reactome:Pathway2671,abstraction:NextStepPathway,reactome:Pathway2697
reactome:Pathway1688,abstraction:NextStepPathway,reactome:Pathway2380
reactome:Pathway499,abstraction:NextStepPathway,reactome:Pathway179
reactome:Pathway1627,abstraction:NextStepPathway,reactome:Pathway1626
reactome:Pathway2622,abstraction:NextStepPathway,reactome:Pathway32
reactome:Pathway1521,abstraction:NextStepPathway,reactome:Pathway2109
reactome:Pathway2812,abstraction:NextStepPathway,reactome:Pathway222
reactome:Pathway1102,abstraction:NextStepPathway,reactome:Pathway1108
reactome:Pathway2556,abstraction:NextStepPathway,reactome:Pathway2548
reactome:Pathway1521,abstraction:NextStepPathway,reactome:Pathway2205
reactome:Pathway2366,abstraction:NextStepPathway,reactome:Pathway1670
reactome:Pathway2724,abstraction:NextStepPathway,reactome:Pathway2731
reactome:Pathway1700,abstraction:NextStepPathway,reactome:Pathway1702
reactome:Pathway2200,abstraction:NextStepPathway,reactome:Pathway1750
reactome:Pathway1979,abstraction:NextStepPathway,reactome:Pathway1873
reactome:Pathway2556,abstraction:NextStepPathway,reactome:Pathway2545
reactome:Pathway2377,abstraction:NextStepPathway,reactome:Pathway2376
reactome:Pathway1972,abstraction:NextStepPathway,reactome:Pathway2227
reactome:Pathway1543,abstraction:NextStepPathway,reactome:Pathway1428
reactome:Pathway1504,abstraction:NextStepPathway,reactome:Pathway1234
reactome:Pathway1233,abstraction:NextStepPathway,reactome:Pathway1534
reactome:Pathway1977,abstraction:NextStepPathway,reactome:Pathway2205
reactome:Pathway1940,abstraction:NextStepPathway,reactome:Pathway2170
reactome:Pathway287,abstraction:NextStepPathway,reactome:Pathway1529
reactome:Pathway2027,abstraction:NextStepPathway,reactome:Pathway2219
reactome:Pathway2539,abstraction:NextStepPathway,reactome:Pathway1741
reactome:Pathway2365,abstraction:NextStepPathway,reactome:Pathway2543
reactome:Pathway215,abstraction:NextStepPathway,reactome:Pathway211
reactome:Pathway1750,abstraction:NextStepPathway,reactome:Pathway134
reactome:Pathway1824,abstraction:NextStepPathway,reactome:Pathway1840
reactome:Pathway2810,abstraction:NextStepPathway,reactome:Pathway2816
reactome:Pathway256,abstraction:NextStepPathway,reactome:Pathway264
reactome:Pathway2476,abstraction:NextStepPathway,reactome:Pathway2475
reactome:Pathway1619,abstraction:NextStepPathway,reactome:Pathway1621
reactome:Pathway256,abstraction:NextStepPathway,reactome:Pathway260
reactome:Pathway482,abstraction:NextStepPathway,reactome:Pathway1856
reactome:Pathway482,abstraction:NextStepPathway,reactome:Pathway1754
reactome:Pathway2005,abstraction:NextStepPathway,reactome:Pathway1996
reactome:Pathway1965,abstraction:NextStepPathway,reactome:Pathway2283
reactome:Pathway1750,abstraction:NextStepPathway,reactome:Pathway1530
reactome:Pathway2500,abstraction:NextStepPathway,reactome:Pathway248
reactome:Pathway2549,abstraction:NextStepPathway,reactome:Pathway2550
reactome:Pathway1631,abstraction:NextStepPathway,reactome:Pathway2383
reactome:Pathway2064,abstraction:NextStepPathway,reactome:Pathway2066
reactome:Pathway1538,abstraction:NextStepPathway,reactome:Pathway1544
reactome:Pathway132,abstraction:NextStepPathway,reactome:Pathway1619
reactome:Pathway367,abstraction:NextStepPathway,reactome:Pathway364
reactome:Pathway2133,abstraction:NextStepPathway,reactome:Pathway1635
reactome:Pathway1427,abstraction:NextStepPathway,reactome:Pathway1225
reactome:Pathway1104,abstraction:NextStepPathway,reactome:Pathway1107
reactome:Pathway1626,abstraction:NextStepPathway,reactome:Pathway250
reactome:Pathway1506,abstraction:NextStepPathway,reactome:Pathway1541
reactome:Pathway1362,abstraction:NextStepPathway,reactome:Pathway1367
reactome:Pathway2324,abstraction:NextStepPathway,reactome:Pathway2081
reactome:Pathway1579,abstraction:NextStepPathway,reactome:Pathway388
reactome:Pathway1234,abstraction:NextStepPathway,reactome:Pathway1536
reactome:Pathway1165,abstraction:NextStepPathway,reactome:Pathway1187
reactome:Pathway2383,abstraction:NextStepPathway,reactome:Pathway2384
reactome:Pathway2235,abstraction:NextStepPathway,reactome:Pathway2352
reactome:Pathway351,abstraction:NextStepPathway,reactome:Pathway349
