source,interaction,target,weight
R-HSA-8877627,abstraction:IsAChildOf,R-HSA-6806667,
R-HSA-6806664,abstraction:IsAChildOf,R-HSA-6806667,
R-HSA-975634,abstraction:IsAChildOf,R-HSA-6806667,
R-HSA-1296041,abstraction:IsAChildOf,R-HSA-1296059,
R-HSA-190241,abstraction:IsAChildOf,R-HSA-5654738,
R-HSA-5654696,abstraction:IsAChildOf,R-HSA-5654738,
R-HSA-6803529,abstraction:IsAChildOf,R-HSA-5654738,
R-HSA-5654727,abstraction:IsAChildOf,R-HSA-5654738,
R-HSA-9705683,abstraction:IsAChildOf,R-HSA-9694516,
R-HSA-9772573,abstraction:IsAChildOf,R-HSA-9694516,
R-HSA-9772572,abstraction:IsAChildOf,R-HSA-9694516,
R-HSA-9672393,abstraction:IsAChildOf,R-HSA-9662001,
R-HSA-9672391,abstraction:IsAChildOf,R-HSA-9662001,
R-HSA-9672396,abstraction:IsAChildOf,R-HSA-9662001,
R-HSA-9672387,abstraction:IsAChildOf,R-HSA-9662001,
R-HSA-9672395,abstraction:IsAChildOf,R-HSA-9662001,
R-HSA-9672397,abstraction:IsAChildOf,R-HSA-9662001,
R-HSA-9674519,abstraction:IsAChildOf,R-HSA-9662001,
R-HSA-8964208,abstraction:IsAChildOf,R-HSA-8963691,
R-HSA-8963684,abstraction:IsAChildOf,R-HSA-8963691,
R-HSA-162599,abstraction:IsAChildOf,R-HSA-162587,
R-HSA-162594,abstraction:IsAChildOf,R-HSA-162587,
R-HSA-1839122,abstraction:IsAChildOf,R-HSA-1839124,
R-HSA-1839117,abstraction:IsAChildOf,R-HSA-1839124,
R-HSA-1839120,abstraction:IsAChildOf,R-HSA-1839124,
R-HSA-8853336,abstraction:IsAChildOf,R-HSA-1839124,
R-HSA-9840309,abstraction:IsAChildOf,R-HSA-1660662,
R-HSA-9840310,abstraction:IsAChildOf,R-HSA-1660662,
R-HSA-9700649,abstraction:IsAChildOf,R-HSA-9700206,
R-HSA-9725370,abstraction:IsAChildOf,R-HSA-9700206,
R-HSA-9700645,abstraction:IsAChildOf,R-HSA-9700206,
R-HSA-5654219,abstraction:IsAChildOf,R-HSA-5654687,
R-HSA-5654688,abstraction:IsAChildOf,R-HSA-5654687,
R-HSA-5654693,abstraction:IsAChildOf,R-HSA-5654687,
R-HSA-5654689,abstraction:IsAChildOf,R-HSA-5654687,
R-HSA-9662361,abstraction:IsAChildOf,R-HSA-9659379,
R-HSA-9662360,abstraction:IsAChildOf,R-HSA-9659379,
R-HSA-162909,abstraction:IsAChildOf,R-HSA-162906,
R-HSA-162587,abstraction:IsAChildOf,R-HSA-162906,
R-HSA-111997,abstraction:IsAChildOf,R-HSA-1489509,
R-HSA-379398,abstraction:IsAChildOf,R-HSA-379401,
R-HSA-379397,abstraction:IsAChildOf,R-HSA-379401,
R-HSA-5218859,abstraction:IsAChildOf,R-HSA-5357801,
R-HSA-109581,abstraction:IsAChildOf,R-HSA-5357801,
R-HSA-9673163,abstraction:IsAChildOf,R-HSA-166187,
R-HSA-167826,abstraction:IsAChildOf,R-HSA-166187,
R-HSA-113501,abstraction:IsAChildOf,R-HSA-113510,
R-HSA-113507,abstraction:IsAChildOf,R-HSA-113510,
R-HSA-111931,abstraction:IsAChildOf,R-HSA-111933,
R-HSA-111957,abstraction:IsAChildOf,R-HSA-111933,
R-HSA-111932,abstraction:IsAChildOf,R-HSA-111933,
R-HSA-420092,abstraction:IsAChildOf,R-HSA-373080,
R-HSA-419812,abstraction:IsAChildOf,R-HSA-373080,
R-HSA-8941326,abstraction:IsAChildOf,R-HSA-8878166,
R-HSA-8941332,abstraction:IsAChildOf,R-HSA-8878166,
R-HSA-8941333,abstraction:IsAChildOf,R-HSA-8878166,
R-HSA-8939902,abstraction:IsAChildOf,R-HSA-8878166,
R-HSA-5467333,abstraction:IsAChildOf,R-HSA-4839744,
R-HSA-5467337,abstraction:IsAChildOf,R-HSA-4839744,
R-HSA-3928664,abstraction:IsAChildOf,R-HSA-2682334,
R-HSA-3928662,abstraction:IsAChildOf,R-HSA-2682334,
R-HSA-3928663,abstraction:IsAChildOf,R-HSA-2682334,
R-HSA-3928665,abstraction:IsAChildOf,R-HSA-2682334,
R-HSA-1614558,abstraction:IsAChildOf,R-HSA-1614635,
R-HSA-1237112,abstraction:IsAChildOf,R-HSA-1614635,
R-HSA-1614603,abstraction:IsAChildOf,R-HSA-1614635,
R-HSA-2426168,abstraction:IsAChildOf,R-HSA-1655829,
R-HSA-141430,abstraction:IsAChildOf,R-HSA-141405,
R-HSA-9683673,abstraction:IsAChildOf,R-HSA-9683701,
R-HSA-9683610,abstraction:IsAChildOf,R-HSA-9683701,
R-HSA-9683683,abstraction:IsAChildOf,R-HSA-9683701,
R-HSA-9683612,abstraction:IsAChildOf,R-HSA-9683701,
R-HSA-9683686,abstraction:IsAChildOf,R-HSA-9683701,
R-HSA-5637812,abstraction:IsAChildOf,R-HSA-1643713,
R-HSA-5638302,abstraction:IsAChildOf,R-HSA-1643713,
R-HSA-5637815,abstraction:IsAChildOf,R-HSA-1643713,
R-HSA-9693928,abstraction:IsAChildOf,R-HSA-9645723,
R-HSA-9734009,abstraction:IsAChildOf,R-HSA-9645723,
R-HSA-9710421,abstraction:IsAChildOf,R-HSA-9645723,
R-HSA-9027307,abstraction:IsAChildOf,R-HSA-9018682,
R-HSA-2871796,abstraction:IsAChildOf,R-HSA-2454202,
R-HSA-2871809,abstraction:IsAChildOf,R-HSA-2454202,
R-HSA-2730905,abstraction:IsAChildOf,R-HSA-2454202,
R-HSA-2871837,abstraction:IsAChildOf,R-HSA-2454202,
R-HSA-8856825,abstraction:IsAChildOf,R-HSA-8856828,
R-HSA-9706377,abstraction:IsAChildOf,R-HSA-9682385,
R-HSA-9702509,abstraction:IsAChildOf,R-HSA-9682385,
R-HSA-9703465,abstraction:IsAChildOf,R-HSA-9682385,
R-HSA-9703648,abstraction:IsAChildOf,R-HSA-9682385,
R-HSA-9702506,abstraction:IsAChildOf,R-HSA-9682385,
R-HSA-380108,abstraction:IsAChildOf,R-HSA-375276,
R-HSA-388479,abstraction:IsAChildOf,R-HSA-375276,
R-HSA-389397,abstraction:IsAChildOf,R-HSA-375276,
R-HSA-380095,abstraction:IsAChildOf,R-HSA-375276,
R-HSA-444473,abstraction:IsAChildOf,R-HSA-375276,
R-HSA-444821,abstraction:IsAChildOf,R-HSA-375276,
R-HSA-418889,abstraction:IsAChildOf,R-HSA-5357769,
R-HSA-140534,abstraction:IsAChildOf,R-HSA-5357769,
R-HSA-68911,abstraction:IsAChildOf,R-HSA-453274,
R-HSA-69275,abstraction:IsAChildOf,R-HSA-453274,
R-HSA-9664407,abstraction:IsAChildOf,R-HSA-9658195,
R-HSA-9664420,abstraction:IsAChildOf,R-HSA-9658195,
R-HSA-9664433,abstraction:IsAChildOf,R-HSA-9658195,
R-HSA-9664424,abstraction:IsAChildOf,R-HSA-9658195,
R-HSA-450294,abstraction:IsAChildOf,R-HSA-975871,
R-HSA-937039,abstraction:IsAChildOf,R-HSA-975871,
R-HSA-445989,abstraction:IsAChildOf,R-HSA-975871,
R-HSA-937042,abstraction:IsAChildOf,R-HSA-975871,
R-HSA-381183,abstraction:IsAChildOf,R-HSA-381033,
R-HSA-9764790,abstraction:IsAChildOf,R-HSA-9764560,
R-HSA-9764725,abstraction:IsAChildOf,R-HSA-9764560,
R-HSA-9820965,abstraction:IsAChildOf,R-HSA-9820952,
R-HSA-9833110,abstraction:IsAChildOf,R-HSA-9820952,
R-HSA-9820960,abstraction:IsAChildOf,R-HSA-9820952,
R-HSA-9820962,abstraction:IsAChildOf,R-HSA-9820952,
R-HSA-4086400,abstraction:IsAChildOf,R-HSA-3858494,
R-HSA-4086398,abstraction:IsAChildOf,R-HSA-3858494,
R-HSA-3214815,abstraction:IsAChildOf,R-HSA-3247509,
R-HSA-3214858,abstraction:IsAChildOf,R-HSA-3247509,
R-HSA-3214842,abstraction:IsAChildOf,R-HSA-3247509,
R-HSA-3214847,abstraction:IsAChildOf,R-HSA-3247509,
R-HSA-3214841,abstraction:IsAChildOf,R-HSA-3247509,
R-HSA-4551638,abstraction:IsAChildOf,R-HSA-3108232,
R-HSA-3232118,abstraction:IsAChildOf,R-HSA-3108232,
R-HSA-3108214,abstraction:IsAChildOf,R-HSA-3108232,
R-HSA-4085377,abstraction:IsAChildOf,R-HSA-3108232,
R-HSA-3232142,abstraction:IsAChildOf,R-HSA-3108232,
R-HSA-4090294,abstraction:IsAChildOf,R-HSA-3108232,
R-HSA-9793242,abstraction:IsAChildOf,R-HSA-3108232,
R-HSA-4655427,abstraction:IsAChildOf,R-HSA-3108232,
R-HSA-3899300,abstraction:IsAChildOf,R-HSA-3108232,
R-HSA-4615885,abstraction:IsAChildOf,R-HSA-3108232,
R-HSA-4570464,abstraction:IsAChildOf,R-HSA-3108232,
R-HSA-4755510,abstraction:IsAChildOf,R-HSA-3108232,
R-HSA-5654741,abstraction:IsAChildOf,R-HSA-190236,
R-HSA-5654736,abstraction:IsAChildOf,R-HSA-190236,
R-HSA-5654738,abstraction:IsAChildOf,R-HSA-190236,
R-HSA-5654743,abstraction:IsAChildOf,R-HSA-190236,
R-HSA-2173795,abstraction:IsAChildOf,R-HSA-2173793,
R-HSA-2173796,abstraction:IsAChildOf,R-HSA-2173793,
R-HSA-912446,abstraction:IsAChildOf,R-HSA-1500620,
R-HSA-1221632,abstraction:IsAChildOf,R-HSA-1500620,
R-HSA-141444,abstraction:IsAChildOf,R-HSA-141424,
R-HSA-5673001,abstraction:IsAChildOf,R-HSA-5684996,
R-HSA-112409,abstraction:IsAChildOf,R-HSA-5684996,
R-HSA-5637810,abstraction:IsAChildOf,R-HSA-5637812,
R-HSA-170670,abstraction:IsAChildOf,R-HSA-991365,
R-HSA-997272,abstraction:IsAChildOf,R-HSA-991365,
R-HSA-380994,abstraction:IsAChildOf,R-HSA-381042,
R-HSA-9844594,abstraction:IsAChildOf,R-HSA-9843743,
R-HSA-425410,abstraction:IsAChildOf,R-HSA-425407,
R-HSA-549127,abstraction:IsAChildOf,R-HSA-425407,
R-HSA-189200,abstraction:IsAChildOf,R-HSA-425407,
R-HSA-429593,abstraction:IsAChildOf,R-HSA-425407,
R-HSA-9958863,abstraction:IsAChildOf,R-HSA-425407,
R-HSA-9959399,abstraction:IsAChildOf,R-HSA-425407,
R-HSA-425397,abstraction:IsAChildOf,R-HSA-425407,
R-HSA-9955298,abstraction:IsAChildOf,R-HSA-425407,
R-HSA-9958790,abstraction:IsAChildOf,R-HSA-425407,
R-HSA-442660,abstraction:IsAChildOf,R-HSA-425407,
R-HSA-5674499,abstraction:IsAChildOf,R-HSA-5675221,
R-HSA-1614517,abstraction:IsAChildOf,R-HSA-1614558,
R-HSA-2855086,abstraction:IsAChildOf,R-HSA-166662,
R-HSA-9748787,abstraction:IsAChildOf,R-HSA-9748784,
R-HSA-9755088,abstraction:IsAChildOf,R-HSA-9748784,
R-HSA-9753281,abstraction:IsAChildOf,R-HSA-9748784,
R-HSA-2161522,abstraction:IsAChildOf,R-HSA-9748784,
R-HSA-9757110,abstraction:IsAChildOf,R-HSA-9748784,
R-HSA-9749641,abstraction:IsAChildOf,R-HSA-9748784,
R-HSA-9793528,abstraction:IsAChildOf,R-HSA-9748784,
R-HSA-9754706,abstraction:IsAChildOf,R-HSA-9748784,
R-HSA-1251985,abstraction:IsAChildOf,R-HSA-1236394,
R-HSA-1253288,abstraction:IsAChildOf,R-HSA-1236394,
R-HSA-1250347,abstraction:IsAChildOf,R-HSA-1236394,
R-HSA-1250342,abstraction:IsAChildOf,R-HSA-1236394,
R-HSA-193648,abstraction:IsAChildOf,R-HSA-204998,
R-HSA-205025,abstraction:IsAChildOf,R-HSA-204998,
R-HSA-205043,abstraction:IsAChildOf,R-HSA-204998,
R-HSA-5654726,abstraction:IsAChildOf,R-HSA-5654736,
R-HSA-190242,abstraction:IsAChildOf,R-HSA-5654736,
R-HSA-5658623,abstraction:IsAChildOf,R-HSA-5654736,
R-HSA-5654687,abstraction:IsAChildOf,R-HSA-5654736,
R-HSA-975155,abstraction:IsAChildOf,R-HSA-168181,
R-HSA-9860276,abstraction:IsAChildOf,R-HSA-168181,
R-HSA-171319,abstraction:IsAChildOf,R-HSA-180786,
R-HSA-174417,abstraction:IsAChildOf,R-HSA-180786,
R-HSA-977444,abstraction:IsAChildOf,R-HSA-977443,
R-HSA-75094,abstraction:IsAChildOf,R-HSA-72200,
R-HSA-70263,abstraction:IsAChildOf,R-HSA-70326,
R-HSA-70171,abstraction:IsAChildOf,R-HSA-70326,
R-HSA-195399,abstraction:IsAChildOf,R-HSA-194313,
R-HSA-9929356,abstraction:IsAChildOf,R-HSA-9909615,
R-HSA-9931269,abstraction:IsAChildOf,R-HSA-9909615,
R-HSA-9929491,abstraction:IsAChildOf,R-HSA-9909615,
R-HSA-9931295,abstraction:IsAChildOf,R-HSA-9909615,
R-HSA-3134973,abstraction:IsAChildOf,R-HSA-1834949,
R-HSA-3134975,abstraction:IsAChildOf,R-HSA-1834949,
R-HSA-1834941,abstraction:IsAChildOf,R-HSA-1834949,
R-HSA-3134963,abstraction:IsAChildOf,R-HSA-1834949,
R-HSA-1606322,abstraction:IsAChildOf,R-HSA-1834949,
R-HSA-8981373,abstraction:IsAChildOf,R-HSA-8963676,
R-HSA-8963678,abstraction:IsAChildOf,R-HSA-8963676,
R-HSA-75876,abstraction:IsAChildOf,R-HSA-75105,
R-HSA-392154,abstraction:IsAChildOf,R-HSA-418346,
R-HSA-418360,abstraction:IsAChildOf,R-HSA-418346,
R-HSA-432142,abstraction:IsAChildOf,R-HSA-418346,
R-HSA-392851,abstraction:IsAChildOf,R-HSA-418346,
R-HSA-6803211,abstraction:IsAChildOf,R-HSA-5633008,
R-HSA-6803204,abstraction:IsAChildOf,R-HSA-5633008,
R-HSA-6803207,abstraction:IsAChildOf,R-HSA-5633008,
R-HSA-6803205,abstraction:IsAChildOf,R-HSA-5633008,
R-HSA-193368,abstraction:IsAChildOf,R-HSA-192105,
R-HSA-193775,abstraction:IsAChildOf,R-HSA-192105,
R-HSA-193807,abstraction:IsAChildOf,R-HSA-192105,
R-HSA-69481,abstraction:IsAChildOf,R-HSA-69620,
R-HSA-69615,abstraction:IsAChildOf,R-HSA-69620,
R-HSA-69618,abstraction:IsAChildOf,R-HSA-69620,
R-HSA-390247,abstraction:IsAChildOf,R-HSA-390918,
R-HSA-389887,abstraction:IsAChildOf,R-HSA-390918,
R-HSA-389599,abstraction:IsAChildOf,R-HSA-390918,
R-HSA-5099900,abstraction:IsAChildOf,R-HSA-4086400,
R-HSA-4608870,abstraction:IsAChildOf,R-HSA-4086400,
R-HSA-5140745,abstraction:IsAChildOf,R-HSA-4086400,
R-HSA-5675482,abstraction:IsAChildOf,R-HSA-5213460,
R-HSA-5632987,abstraction:IsAChildOf,R-HSA-5423599,
R-HSA-5632928,abstraction:IsAChildOf,R-HSA-5423599,
R-HSA-5632927,abstraction:IsAChildOf,R-HSA-5423599,
R-HSA-5632968,abstraction:IsAChildOf,R-HSA-5423599,
R-HSA-5545483,abstraction:IsAChildOf,R-HSA-5423599,
R-HSA-68882,abstraction:IsAChildOf,R-HSA-2555396,
R-HSA-68881,abstraction:IsAChildOf,R-HSA-2555396,
R-HSA-179419,abstraction:IsAChildOf,R-HSA-176409,
R-HSA-174048,abstraction:IsAChildOf,R-HSA-176409,
R-HSA-174154,abstraction:IsAChildOf,R-HSA-176409,
R-HSA-5657562,abstraction:IsAChildOf,R-HSA-5663084,
R-HSA-5662853,abstraction:IsAChildOf,R-HSA-5663084,
R-HSA-3229121,abstraction:IsAChildOf,R-HSA-5663084,
R-HSA-5659898,abstraction:IsAChildOf,R-HSA-5663084,
R-HSA-6791465,abstraction:IsAChildOf,R-HSA-5663084,
R-HSA-5657560,abstraction:IsAChildOf,R-HSA-5663084,
R-HSA-2206281,abstraction:IsAChildOf,R-HSA-5663084,
R-HSA-2033519,abstraction:IsAChildOf,R-HSA-1839126,
R-HSA-8851708,abstraction:IsAChildOf,R-HSA-1839126,
R-HSA-2023837,abstraction:IsAChildOf,R-HSA-1839126,
R-HSA-8853333,abstraction:IsAChildOf,R-HSA-1839126,
R-HSA-192105,abstraction:IsAChildOf,R-HSA-194068,
R-HSA-159418,abstraction:IsAChildOf,R-HSA-194068,
R-HSA-9012546,abstraction:IsAChildOf,R-HSA-446652,
R-HSA-9008059,abstraction:IsAChildOf,R-HSA-446652,
R-HSA-9014843,abstraction:IsAChildOf,R-HSA-446652,
R-HSA-9014826,abstraction:IsAChildOf,R-HSA-446652,
R-HSA-448706,abstraction:IsAChildOf,R-HSA-446652,
R-HSA-9007892,abstraction:IsAChildOf,R-HSA-446652,
R-HSA-9020702,abstraction:IsAChildOf,R-HSA-446652,
R-HSA-1592230,abstraction:IsAChildOf,R-HSA-1852241,
R-HSA-5617833,abstraction:IsAChildOf,R-HSA-1852241,
R-HSA-9649913,abstraction:IsAChildOf,R-HSA-6802949,
R-HSA-9649948,abstraction:IsAChildOf,R-HSA-6802949,
R-HSA-8874081,abstraction:IsAChildOf,R-HSA-8875878,
R-HSA-8875513,abstraction:IsAChildOf,R-HSA-8875878,
R-HSA-8875555,abstraction:IsAChildOf,R-HSA-8875878,
R-HSA-975956,abstraction:IsAChildOf,R-HSA-927802,
R-HSA-975957,abstraction:IsAChildOf,R-HSA-927802,
R-HSA-9823587,abstraction:IsAChildOf,R-HSA-9671793,
R-HSA-9651496,abstraction:IsAChildOf,R-HSA-9671793,
R-HSA-9026357,abstraction:IsAChildOf,R-HSA-9006115,
R-HSA-9026527,abstraction:IsAChildOf,R-HSA-9006115,
R-HSA-9032500,abstraction:IsAChildOf,R-HSA-9006115,
R-HSA-9028731,abstraction:IsAChildOf,R-HSA-9006115,
R-HSA-9026519,abstraction:IsAChildOf,R-HSA-9006115,
R-HSA-9028335,abstraction:IsAChildOf,R-HSA-9006115,
R-HSA-9024909,abstraction:IsAChildOf,R-HSA-9006115,
R-HSA-9025046,abstraction:IsAChildOf,R-HSA-9006115,
R-HSA-9032845,abstraction:IsAChildOf,R-HSA-9006115,
R-HSA-190372,abstraction:IsAChildOf,R-HSA-190239,
R-HSA-190371,abstraction:IsAChildOf,R-HSA-190239,
R-HSA-9735869,abstraction:IsAChildOf,R-HSA-9692914,
R-HSA-9692916,abstraction:IsAChildOf,R-HSA-9692914,
R-HSA-9692912,abstraction:IsAChildOf,R-HSA-9692914,
R-HSA-9692913,abstraction:IsAChildOf,R-HSA-9692914,
R-HSA-9735871,abstraction:IsAChildOf,R-HSA-9692914,
R-HSA-8940973,abstraction:IsAChildOf,R-HSA-8941326,
R-HSA-8941284,abstraction:IsAChildOf,R-HSA-8941326,
R-HSA-69580,abstraction:IsAChildOf,R-HSA-69615,
R-HSA-69613,abstraction:IsAChildOf,R-HSA-69615,
R-HSA-426486,abstraction:IsAChildOf,R-HSA-211000,
R-HSA-5601884,abstraction:IsAChildOf,R-HSA-211000,
R-HSA-5578749,abstraction:IsAChildOf,R-HSA-211000,
R-HSA-203927,abstraction:IsAChildOf,R-HSA-211000,
R-HSA-426496,abstraction:IsAChildOf,R-HSA-211000,
R-HSA-9708296,abstraction:IsAChildOf,R-HSA-211000,
R-HSA-419037,abstraction:IsAChildOf,R-HSA-375165,
R-HSA-9638737,abstraction:IsAChildOf,R-HSA-9640148,
R-HSA-9638482,abstraction:IsAChildOf,R-HSA-9640148,
R-HSA-9956593,abstraction:IsAChildOf,R-HSA-9640148,
R-HSA-9760173,abstraction:IsAChildOf,R-HSA-9640148,
R-HSA-9931953,abstraction:IsAChildOf,R-HSA-9640148,
R-HSA-9758920,abstraction:IsAChildOf,R-HSA-9758941,
R-HSA-9754189,abstraction:IsAChildOf,R-HSA-9758941,
R-HSA-9834899,abstraction:IsAChildOf,R-HSA-9758941,
R-HSA-9823739,abstraction:IsAChildOf,R-HSA-9758941,
R-HSA-9796292,abstraction:IsAChildOf,R-HSA-9758941,
R-HSA-9758919,abstraction:IsAChildOf,R-HSA-9758941,
R-HSA-9832991,abstraction:IsAChildOf,R-HSA-9758941,
R-HSA-9761174,abstraction:IsAChildOf,R-HSA-9758941,
R-HSA-9793380,abstraction:IsAChildOf,R-HSA-9758941,
R-HSA-9823730,abstraction:IsAChildOf,R-HSA-9758941,
R-HSA-114516,abstraction:IsAChildOf,R-HSA-76005,
R-HSA-114608,abstraction:IsAChildOf,R-HSA-76005,
R-HSA-9023661,abstraction:IsAChildOf,R-HSA-9018679,
R-HSA-9018896,abstraction:IsAChildOf,R-HSA-9018679,
R-HSA-1234174,abstraction:IsAChildOf,R-HSA-2262752,
R-HSA-9707616,abstraction:IsAChildOf,R-HSA-2262752,
R-HSA-9841251,abstraction:IsAChildOf,R-HSA-2262752,
R-HSA-9711097,abstraction:IsAChildOf,R-HSA-2262752,
R-HSA-9648895,abstraction:IsAChildOf,R-HSA-2262752,
R-HSA-3371497,abstraction:IsAChildOf,R-HSA-2262752,
R-HSA-381119,abstraction:IsAChildOf,R-HSA-2262752,
R-HSA-9840373,abstraction:IsAChildOf,R-HSA-2262752,
R-HSA-9711123,abstraction:IsAChildOf,R-HSA-2262752,
R-HSA-2559583,abstraction:IsAChildOf,R-HSA-2262752,
R-HSA-3371556,abstraction:IsAChildOf,R-HSA-2262752,
R-HSA-9768777,abstraction:IsAChildOf,R-HSA-9768759,
R-HSA-9768778,abstraction:IsAChildOf,R-HSA-9768759,
R-HSA-8949275,abstraction:IsAChildOf,R-HSA-8878159,
R-HSA-8951936,abstraction:IsAChildOf,R-HSA-8878159,
R-HSA-8952158,abstraction:IsAChildOf,R-HSA-8878159,
R-HSA-8951430,abstraction:IsAChildOf,R-HSA-8878159,
R-HSA-8941858,abstraction:IsAChildOf,R-HSA-8878159,
R-HSA-8941855,abstraction:IsAChildOf,R-HSA-8878159,
R-HSA-8951671,abstraction:IsAChildOf,R-HSA-8878159,
R-HSA-8941856,abstraction:IsAChildOf,R-HSA-8878159,
R-HSA-8951911,abstraction:IsAChildOf,R-HSA-8878159,
R-HSA-2980736,abstraction:IsAChildOf,R-HSA-392499,
R-HSA-597592,abstraction:IsAChildOf,R-HSA-392499,
R-HSA-9837999,abstraction:IsAChildOf,R-HSA-392499,
R-HSA-5676934,abstraction:IsAChildOf,R-HSA-392499,
R-HSA-977225,abstraction:IsAChildOf,R-HSA-392499,
R-HSA-5683826,abstraction:IsAChildOf,R-HSA-392499,
R-HSA-391251,abstraction:IsAChildOf,R-HSA-392499,
R-HSA-72766,abstraction:IsAChildOf,R-HSA-392499,
R-HSA-381426,abstraction:IsAChildOf,R-HSA-392499,
R-HSA-69206,abstraction:IsAChildOf,R-HSA-453279,
R-HSA-69236,abstraction:IsAChildOf,R-HSA-453279,
R-HSA-1538133,abstraction:IsAChildOf,R-HSA-453279,
R-HSA-9670095,abstraction:IsAChildOf,R-HSA-157579,
R-HSA-171306,abstraction:IsAChildOf,R-HSA-157579,
R-HSA-180786,abstraction:IsAChildOf,R-HSA-157579,
R-HSA-1442490,abstraction:IsAChildOf,R-HSA-1474228,
R-HSA-1592389,abstraction:IsAChildOf,R-HSA-1474228,
R-HSA-170984,abstraction:IsAChildOf,R-HSA-169893,
R-HSA-170968,abstraction:IsAChildOf,R-HSA-169893,
R-HSA-110314,abstraction:IsAChildOf,R-HSA-73893,
R-HSA-110313,abstraction:IsAChildOf,R-HSA-73893,
R-HSA-5340573,abstraction:IsAChildOf,R-HSA-4791275,
R-HSA-5339717,abstraction:IsAChildOf,R-HSA-4791275,
R-HSA-5339700,abstraction:IsAChildOf,R-HSA-4791275,
R-HSA-4839743,abstraction:IsAChildOf,R-HSA-4791275,
R-HSA-4839744,abstraction:IsAChildOf,R-HSA-4791275,
R-HSA-5339716,abstraction:IsAChildOf,R-HSA-4791275,
R-HSA-5545619,abstraction:IsAChildOf,R-HSA-4791275,
R-HSA-4839748,abstraction:IsAChildOf,R-HSA-4791275,
R-HSA-5340588,abstraction:IsAChildOf,R-HSA-4791275,
R-HSA-4839735,abstraction:IsAChildOf,R-HSA-4791275,
R-HSA-68689,abstraction:IsAChildOf,R-HSA-68867,
R-HSA-68616,abstraction:IsAChildOf,R-HSA-68867,
R-HSA-977068,abstraction:IsAChildOf,R-HSA-913709,
R-HSA-5358346,abstraction:IsAChildOf,R-HSA-5358351,
R-HSA-5632684,abstraction:IsAChildOf,R-HSA-5358351,
R-HSA-5610787,abstraction:IsAChildOf,R-HSA-5358351,
R-HSA-5621575,abstraction:IsAChildOf,R-HSA-5621481,
R-HSA-5621480,abstraction:IsAChildOf,R-HSA-5621481,
R-HSA-5607764,abstraction:IsAChildOf,R-HSA-5621481,
R-HSA-9763198,abstraction:IsAChildOf,R-HSA-9701190,
R-HSA-9709603,abstraction:IsAChildOf,R-HSA-9701190,
R-HSA-9709275,abstraction:IsAChildOf,R-HSA-9701190,
R-HSA-9709570,abstraction:IsAChildOf,R-HSA-9701190,
R-HSA-3359478,abstraction:IsAChildOf,R-HSA-9759785,
R-HSA-5693579,abstraction:IsAChildOf,R-HSA-5685942,
R-HSA-5693537,abstraction:IsAChildOf,R-HSA-5685942,
R-HSA-9678108,abstraction:IsAChildOf,R-HSA-9679506,
R-HSA-9694516,abstraction:IsAChildOf,R-HSA-9679506,
R-HSA-9679191,abstraction:IsAChildOf,R-HSA-9679506,
R-HSA-936440,abstraction:IsAChildOf,R-HSA-168928,
R-HSA-933542,abstraction:IsAChildOf,R-HSA-168928,
R-HSA-933543,abstraction:IsAChildOf,R-HSA-168928,
R-HSA-918233,abstraction:IsAChildOf,R-HSA-168928,
R-HSA-933541,abstraction:IsAChildOf,R-HSA-168928,
R-HSA-69239,abstraction:IsAChildOf,R-HSA-69242,
R-HSA-69656,abstraction:IsAChildOf,R-HSA-69242,
R-HSA-75815,abstraction:IsAChildOf,R-HSA-69242,
R-HSA-2468052,abstraction:IsAChildOf,R-HSA-69242,
R-HSA-1482839,abstraction:IsAChildOf,R-HSA-1483206,
R-HSA-1483196,abstraction:IsAChildOf,R-HSA-1483206,
R-HSA-1483076,abstraction:IsAChildOf,R-HSA-1483206,
R-HSA-1482798,abstraction:IsAChildOf,R-HSA-1483206,
R-HSA-1483226,abstraction:IsAChildOf,R-HSA-1483206,
R-HSA-1483148,abstraction:IsAChildOf,R-HSA-1483206,
R-HSA-1483213,abstraction:IsAChildOf,R-HSA-1483206,
R-HSA-1483191,abstraction:IsAChildOf,R-HSA-1483206,
R-HSA-1482925,abstraction:IsAChildOf,R-HSA-1483206,
R-HSA-1482883,abstraction:IsAChildOf,R-HSA-1483206,
R-HSA-1482801,abstraction:IsAChildOf,R-HSA-1483206,
R-HSA-1483152,abstraction:IsAChildOf,R-HSA-1483206,
R-HSA-1483101,abstraction:IsAChildOf,R-HSA-1483206,
R-HSA-1483166,abstraction:IsAChildOf,R-HSA-1483206,
R-HSA-1483171,abstraction:IsAChildOf,R-HSA-1483206,
R-HSA-1482788,abstraction:IsAChildOf,R-HSA-1483206,
R-HSA-1483115,abstraction:IsAChildOf,R-HSA-1483206,
R-HSA-1482922,abstraction:IsAChildOf,R-HSA-1483206,
R-HSA-9635486,abstraction:IsAChildOf,R-HSA-9824439,
R-HSA-9640148,abstraction:IsAChildOf,R-HSA-9824439,
R-HSA-5339562,abstraction:IsAChildOf,R-HSA-9824439,
R-HSA-8876384,abstraction:IsAChildOf,R-HSA-9824439,
R-HSA-9759785,abstraction:IsAChildOf,R-HSA-9759774,
R-HSA-176407,abstraction:IsAChildOf,R-HSA-174143,
R-HSA-176814,abstraction:IsAChildOf,R-HSA-174143,
R-HSA-176408,abstraction:IsAChildOf,R-HSA-174143,
R-HSA-174178,abstraction:IsAChildOf,R-HSA-174143,
R-HSA-174084,abstraction:IsAChildOf,R-HSA-174143,
R-HSA-167172,abstraction:IsAChildOf,R-HSA-162599,
R-HSA-175474,abstraction:IsAChildOf,R-HSA-162599,
R-HSA-165054,abstraction:IsAChildOf,R-HSA-162599,
R-HSA-162588,abstraction:IsAChildOf,R-HSA-162599,
R-HSA-209560,abstraction:IsAChildOf,R-HSA-193639,
R-HSA-209543,abstraction:IsAChildOf,R-HSA-193639,
R-HSA-9702998,abstraction:IsAChildOf,R-HSA-9702506,
R-HSA-9702569,abstraction:IsAChildOf,R-HSA-9702506,
R-HSA-9702620,abstraction:IsAChildOf,R-HSA-9702506,
R-HSA-9702577,abstraction:IsAChildOf,R-HSA-9702506,
R-HSA-9702636,abstraction:IsAChildOf,R-HSA-9702506,
R-HSA-9702614,abstraction:IsAChildOf,R-HSA-9702506,
R-HSA-9702624,abstraction:IsAChildOf,R-HSA-9702506,
R-HSA-9702590,abstraction:IsAChildOf,R-HSA-9702506,
R-HSA-9702596,abstraction:IsAChildOf,R-HSA-9702506,
R-HSA-9702600,abstraction:IsAChildOf,R-HSA-9702506,
R-HSA-9702605,abstraction:IsAChildOf,R-HSA-9702506,
R-HSA-9702581,abstraction:IsAChildOf,R-HSA-9702506,
R-HSA-9702632,abstraction:IsAChildOf,R-HSA-9702506,
R-HSA-9703009,abstraction:IsAChildOf,R-HSA-9702506,
R-HSA-9856530,abstraction:IsAChildOf,R-HSA-9860931,
R-HSA-9860927,abstraction:IsAChildOf,R-HSA-9860931,
R-HSA-5610785,abstraction:IsAChildOf,R-HSA-5610787,
R-HSA-5610783,abstraction:IsAChildOf,R-HSA-5610787,
R-HSA-5610780,abstraction:IsAChildOf,R-HSA-5610787,
R-HSA-194002,abstraction:IsAChildOf,R-HSA-196071,
R-HSA-193144,abstraction:IsAChildOf,R-HSA-196071,
R-HSA-196108,abstraction:IsAChildOf,R-HSA-196071,
R-HSA-193048,abstraction:IsAChildOf,R-HSA-196071,
R-HSA-193993,abstraction:IsAChildOf,R-HSA-196071,
R-HSA-5693565,abstraction:IsAChildOf,R-HSA-5693606,
R-HSA-5693548,abstraction:IsAChildOf,R-HSA-5693606,
R-HSA-9636667,abstraction:IsAChildOf,R-HSA-9637690,
R-HSA-9635644,abstraction:IsAChildOf,R-HSA-9637690,
R-HSA-9636569,abstraction:IsAChildOf,R-HSA-9637690,
R-HSA-9637687,abstraction:IsAChildOf,R-HSA-9637690,
R-HSA-9635465,abstraction:IsAChildOf,R-HSA-9637690,
R-HSA-449147,abstraction:IsAChildOf,R-HSA-1280215,
R-HSA-9680350,abstraction:IsAChildOf,R-HSA-1280215,
R-HSA-5668541,abstraction:IsAChildOf,R-HSA-1280215,
R-HSA-913531,abstraction:IsAChildOf,R-HSA-1280215,
R-HSA-1170546,abstraction:IsAChildOf,R-HSA-1280215,
R-HSA-9674555,abstraction:IsAChildOf,R-HSA-1280215,
R-HSA-9607240,abstraction:IsAChildOf,R-HSA-1280215,
R-HSA-982772,abstraction:IsAChildOf,R-HSA-1280215,
R-HSA-437239,abstraction:IsAChildOf,R-HSA-373760,
R-HSA-445144,abstraction:IsAChildOf,R-HSA-373760,
R-HSA-447041,abstraction:IsAChildOf,R-HSA-373760,
R-HSA-447038,abstraction:IsAChildOf,R-HSA-373760,
R-HSA-445095,abstraction:IsAChildOf,R-HSA-373760,
R-HSA-447043,abstraction:IsAChildOf,R-HSA-373760,
R-HSA-1655829,abstraction:IsAChildOf,R-HSA-8957322,
R-HSA-196791,abstraction:IsAChildOf,R-HSA-8957322,
R-HSA-191273,abstraction:IsAChildOf,R-HSA-8957322,
R-HSA-196071,abstraction:IsAChildOf,R-HSA-8957322,
R-HSA-194068,abstraction:IsAChildOf,R-HSA-8957322,
R-HSA-174490,abstraction:IsAChildOf,R-HSA-174495,
R-HSA-5684045,abstraction:IsAChildOf,R-HSA-5619084,
R-HSA-5683371,abstraction:IsAChildOf,R-HSA-5619084,
R-HSA-5679001,abstraction:IsAChildOf,R-HSA-5619084,
R-HSA-5683329,abstraction:IsAChildOf,R-HSA-5619084,
R-HSA-5690338,abstraction:IsAChildOf,R-HSA-5619084,
R-HSA-5678420,abstraction:IsAChildOf,R-HSA-5619084,
R-HSA-5682113,abstraction:IsAChildOf,R-HSA-5619084,
R-HSA-5678895,abstraction:IsAChildOf,R-HSA-5619084,
R-HSA-5679096,abstraction:IsAChildOf,R-HSA-5619084,
R-HSA-5683678,abstraction:IsAChildOf,R-HSA-5619084,
R-HSA-5683177,abstraction:IsAChildOf,R-HSA-5619084,
R-HSA-5678520,abstraction:IsAChildOf,R-HSA-5619084,
R-HSA-5682294,abstraction:IsAChildOf,R-HSA-5619084,
R-HSA-5679090,abstraction:IsAChildOf,R-HSA-5619084,
R-HSA-5678771,abstraction:IsAChildOf,R-HSA-5619084,
R-HSA-9857377,abstraction:IsAChildOf,R-HSA-9856651,
R-HSA-9825892,abstraction:IsAChildOf,R-HSA-9856651,
R-HSA-9824594,abstraction:IsAChildOf,R-HSA-9856651,
R-HSA-9854907,abstraction:IsAChildOf,R-HSA-9856651,
R-HSA-9926550,abstraction:IsAChildOf,R-HSA-9856651,
R-HSA-9854909,abstraction:IsAChildOf,R-HSA-9856651,
R-HSA-9825895,abstraction:IsAChildOf,R-HSA-9856651,
R-HSA-9824585,abstraction:IsAChildOf,R-HSA-9856651,
R-HSA-2173791,abstraction:IsAChildOf,R-HSA-170834,
R-HSA-2173789,abstraction:IsAChildOf,R-HSA-170834,
R-HSA-2173793,abstraction:IsAChildOf,R-HSA-170834,
R-HSA-9911233,abstraction:IsAChildOf,R-HSA-1912408,
R-HSA-8866427,abstraction:IsAChildOf,R-HSA-8964043,
R-HSA-8964038,abstraction:IsAChildOf,R-HSA-8964043,
R-HSA-8964011,abstraction:IsAChildOf,R-HSA-8964043,
R-HSA-8964046,abstraction:IsAChildOf,R-HSA-8964043,
R-HSA-8964026,abstraction:IsAChildOf,R-HSA-8964043,
R-HSA-5638303,abstraction:IsAChildOf,R-HSA-5638302,
R-HSA-5576892,abstraction:IsAChildOf,R-HSA-5576891,
R-HSA-5576890,abstraction:IsAChildOf,R-HSA-5576891,
R-HSA-5576893,abstraction:IsAChildOf,R-HSA-5576891,
R-HSA-5576886,abstraction:IsAChildOf,R-HSA-5576891,
R-HSA-5578775,abstraction:IsAChildOf,R-HSA-5576891,
R-HSA-5576894,abstraction:IsAChildOf,R-HSA-5576891,
R-HSA-5578768,abstraction:IsAChildOf,R-HSA-5576891,
R-HSA-9942503,abstraction:IsAChildOf,R-HSA-9945266,
R-HSA-975155,abstraction:IsAChildOf,R-HSA-168138,
R-HSA-9860276,abstraction:IsAChildOf,R-HSA-168138,
R-HSA-5619087,abstraction:IsAChildOf,R-HSA-5619102,
R-HSA-5619092,abstraction:IsAChildOf,R-HSA-5619102,
R-HSA-5619043,abstraction:IsAChildOf,R-HSA-5619102,
R-HSA-5619061,abstraction:IsAChildOf,R-HSA-5619102,
R-HSA-5619060,abstraction:IsAChildOf,R-HSA-5619102,
R-HSA-5619089,abstraction:IsAChildOf,R-HSA-5619102,
R-HSA-5619088,abstraction:IsAChildOf,R-HSA-5619102,
R-HSA-5619062,abstraction:IsAChildOf,R-HSA-5619102,
R-HSA-5659735,abstraction:IsAChildOf,R-HSA-5619102,
R-HSA-9036092,abstraction:IsAChildOf,R-HSA-5619102,
R-HSA-5619083,abstraction:IsAChildOf,R-HSA-5619102,
R-HSA-5619053,abstraction:IsAChildOf,R-HSA-5619102,
R-HSA-5619050,abstraction:IsAChildOf,R-HSA-5619102,
R-HSA-5619058,abstraction:IsAChildOf,R-HSA-5619102,
R-HSA-5619039,abstraction:IsAChildOf,R-HSA-5619102,
R-HSA-5619081,abstraction:IsAChildOf,R-HSA-5619102,
R-HSA-5619072,abstraction:IsAChildOf,R-HSA-5619102,
R-HSA-5619085,abstraction:IsAChildOf,R-HSA-5619102,
R-HSA-5660883,abstraction:IsAChildOf,R-HSA-5619102,
R-HSA-5619114,abstraction:IsAChildOf,R-HSA-5619102,
R-HSA-5619037,abstraction:IsAChildOf,R-HSA-5619102,
R-HSA-5619077,abstraction:IsAChildOf,R-HSA-5619102,
R-HSA-5619042,abstraction:IsAChildOf,R-HSA-5619102,
R-HSA-5619110,abstraction:IsAChildOf,R-HSA-5619102,
R-HSA-5619035,abstraction:IsAChildOf,R-HSA-5619102,
R-HSA-5619044,abstraction:IsAChildOf,R-HSA-5619102,
R-HSA-5619068,abstraction:IsAChildOf,R-HSA-5619102,
R-HSA-5660686,abstraction:IsAChildOf,R-HSA-5619102,
R-HSA-5619111,abstraction:IsAChildOf,R-HSA-5619102,
R-HSA-5619070,abstraction:IsAChildOf,R-HSA-5619102,
R-HSA-5619108,abstraction:IsAChildOf,R-HSA-5619102,
R-HSA-5619098,abstraction:IsAChildOf,R-HSA-5619102,
R-HSA-5619073,abstraction:IsAChildOf,R-HSA-5619102,
R-HSA-5619045,abstraction:IsAChildOf,R-HSA-5619102,
R-HSA-5619094,abstraction:IsAChildOf,R-HSA-5619102,
R-HSA-5619046,abstraction:IsAChildOf,R-HSA-5619102,
R-HSA-5619076,abstraction:IsAChildOf,R-HSA-5619102,
R-HSA-5663020,abstraction:IsAChildOf,R-HSA-5619102,
R-HSA-5619041,abstraction:IsAChildOf,R-HSA-5619102,
R-HSA-5619049,abstraction:IsAChildOf,R-HSA-5619102,
R-HSA-5619048,abstraction:IsAChildOf,R-HSA-5619102,
R-HSA-5660724,abstraction:IsAChildOf,R-HSA-5619102,
R-HSA-5619101,abstraction:IsAChildOf,R-HSA-5619102,
R-HSA-5619036,abstraction:IsAChildOf,R-HSA-5619102,
R-HSA-5619071,abstraction:IsAChildOf,R-HSA-5619102,
R-HSA-5660862,abstraction:IsAChildOf,R-HSA-5619102,
R-HSA-5655799,abstraction:IsAChildOf,R-HSA-5619102,
R-HSA-5619096,abstraction:IsAChildOf,R-HSA-5619102,
R-HSA-3560792,abstraction:IsAChildOf,R-HSA-5619102,
R-HSA-5619040,abstraction:IsAChildOf,R-HSA-5619102,
R-HSA-5658471,abstraction:IsAChildOf,R-HSA-5619102,
R-HSA-5619063,abstraction:IsAChildOf,R-HSA-5619102,
R-HSA-5656364,abstraction:IsAChildOf,R-HSA-5619102,
R-HSA-5619047,abstraction:IsAChildOf,R-HSA-5619102,
R-HSA-5619056,abstraction:IsAChildOf,R-HSA-5619102,
R-HSA-5619097,abstraction:IsAChildOf,R-HSA-5619102,
R-HSA-5619104,abstraction:IsAChildOf,R-HSA-5619102,
R-HSA-5619054,abstraction:IsAChildOf,R-HSA-5619102,
R-HSA-5619052,abstraction:IsAChildOf,R-HSA-5619102,
R-HSA-5619067,abstraction:IsAChildOf,R-HSA-5619102,
R-HSA-5619109,abstraction:IsAChildOf,R-HSA-5619102,
R-HSA-5619078,abstraction:IsAChildOf,R-HSA-5619102,
R-HSA-5619066,abstraction:IsAChildOf,R-HSA-5619102,
R-HSA-5619095,abstraction:IsAChildOf,R-HSA-5619102,
R-HSA-5619055,abstraction:IsAChildOf,R-HSA-5619102,
R-HSA-5658208,abstraction:IsAChildOf,R-HSA-5619102,
R-HSA-5619099,abstraction:IsAChildOf,R-HSA-5619102,
R-HSA-5619107,abstraction:IsAChildOf,R-HSA-5619102,
R-HSA-5619113,abstraction:IsAChildOf,R-HSA-5619102,
R-HSA-917977,abstraction:IsAChildOf,R-HSA-917937,
R-HSA-5654716,abstraction:IsAChildOf,R-HSA-5654743,
R-HSA-190322,abstraction:IsAChildOf,R-HSA-5654743,
R-HSA-5654733,abstraction:IsAChildOf,R-HSA-5654743,
R-HSA-166058,abstraction:IsAChildOf,R-HSA-168179,
R-HSA-9645722,abstraction:IsAChildOf,R-HSA-9734009,
R-HSA-9723907,abstraction:IsAChildOf,R-HSA-9734009,
R-HSA-8863678,abstraction:IsAChildOf,R-HSA-9734009,
R-HSA-8866910,abstraction:IsAChildOf,R-HSA-8864260,
R-HSA-8866911,abstraction:IsAChildOf,R-HSA-8864260,
R-HSA-8869496,abstraction:IsAChildOf,R-HSA-8864260,
R-HSA-8866907,abstraction:IsAChildOf,R-HSA-8864260,
R-HSA-8866906,abstraction:IsAChildOf,R-HSA-8864260,
R-HSA-8866904,abstraction:IsAChildOf,R-HSA-8864260,
R-HSA-8866654,abstraction:IsAChildOf,R-HSA-8852135,
R-HSA-8866652,abstraction:IsAChildOf,R-HSA-8852135,
R-HSA-6811558,abstraction:IsAChildOf,R-HSA-199418,
R-HSA-8852405,abstraction:IsAChildOf,R-HSA-9006934,
R-HSA-194138,abstraction:IsAChildOf,R-HSA-9006934,
R-HSA-6806834,abstraction:IsAChildOf,R-HSA-9006934,
R-HSA-1227986,abstraction:IsAChildOf,R-HSA-9006934,
R-HSA-1236394,abstraction:IsAChildOf,R-HSA-9006934,
R-HSA-190236,abstraction:IsAChildOf,R-HSA-9006934,
R-HSA-166520,abstraction:IsAChildOf,R-HSA-9006934,
R-HSA-1433557,abstraction:IsAChildOf,R-HSA-9006934,
R-HSA-177929,abstraction:IsAChildOf,R-HSA-9006934,
R-HSA-186797,abstraction:IsAChildOf,R-HSA-9006934,
R-HSA-201556,abstraction:IsAChildOf,R-HSA-9006934,
R-HSA-2404192,abstraction:IsAChildOf,R-HSA-9006934,
R-HSA-9842663,abstraction:IsAChildOf,R-HSA-9006934,
R-HSA-74752,abstraction:IsAChildOf,R-HSA-9006934,
R-HSA-174403,abstraction:IsAChildOf,R-HSA-156590,
R-HSA-111458,abstraction:IsAChildOf,R-HSA-111461,
R-HSA-111459,abstraction:IsAChildOf,R-HSA-111461,
R-HSA-2534343,abstraction:IsAChildOf,R-HSA-1187000,
R-HSA-1300645,abstraction:IsAChildOf,R-HSA-1187000,
R-HSA-1300642,abstraction:IsAChildOf,R-HSA-1187000,
R-HSA-9608287,abstraction:IsAChildOf,R-HSA-9605310,
R-HSA-9608290,abstraction:IsAChildOf,R-HSA-9605310,
R-HSA-9660826,abstraction:IsAChildOf,R-HSA-9664424,
R-HSA-9013419,abstraction:IsAChildOf,R-HSA-9715370,
R-HSA-9013425,abstraction:IsAChildOf,R-HSA-9715370,
R-HSA-1168372,abstraction:IsAChildOf,R-HSA-983705,
R-HSA-5690714,abstraction:IsAChildOf,R-HSA-983705,
R-HSA-983695,abstraction:IsAChildOf,R-HSA-983705,
R-HSA-3656535,abstraction:IsAChildOf,R-HSA-3656534,
R-HSA-3656532,abstraction:IsAChildOf,R-HSA-3656534,
R-HSA-111465,abstraction:IsAChildOf,R-HSA-75153,
R-HSA-140342,abstraction:IsAChildOf,R-HSA-75153,
R-HSA-211736,abstraction:IsAChildOf,R-HSA-75153,
R-HSA-428930,abstraction:IsAChildOf,R-HSA-392518,
R-HSA-392170,abstraction:IsAChildOf,R-HSA-392518,
R-HSA-418592,abstraction:IsAChildOf,R-HSA-392518,
R-HSA-2660826,abstraction:IsAChildOf,R-HSA-2660825,
R-HSA-5654719,abstraction:IsAChildOf,R-HSA-5654716,
R-HSA-5654712,abstraction:IsAChildOf,R-HSA-5654716,
R-HSA-5654228,abstraction:IsAChildOf,R-HSA-5654716,
R-HSA-5654720,abstraction:IsAChildOf,R-HSA-5654716,
R-HSA-9734091,abstraction:IsAChildOf,R-HSA-6807004,
R-HSA-2395516,abstraction:IsAChildOf,R-HSA-1362409,
R-HSA-3248023,abstraction:IsAChildOf,R-HSA-3134975,
R-HSA-159854,abstraction:IsAChildOf,R-HSA-163841,
R-HSA-204626,abstraction:IsAChildOf,R-HSA-163841,
R-HSA-5358493,abstraction:IsAChildOf,R-HSA-163841,
R-HSA-1663150,abstraction:IsAChildOf,R-HSA-163841,
R-HSA-9629569,abstraction:IsAChildOf,R-HSA-163841,
R-HSA-2243919,abstraction:IsAChildOf,R-HSA-2022090,
R-HSA-2214320,abstraction:IsAChildOf,R-HSA-2022090,
R-HSA-9022707,abstraction:IsAChildOf,R-HSA-8986944,
R-HSA-9022927,abstraction:IsAChildOf,R-HSA-8986944,
R-HSA-9022692,abstraction:IsAChildOf,R-HSA-8986944,
R-HSA-9022699,abstraction:IsAChildOf,R-HSA-8986944,
R-HSA-9022702,abstraction:IsAChildOf,R-HSA-8986944,
R-HSA-804914,abstraction:IsAChildOf,R-HSA-425397,
R-HSA-83936,abstraction:IsAChildOf,R-HSA-425397,
R-HSA-727802,abstraction:IsAChildOf,R-HSA-425397,
R-HSA-6811434,abstraction:IsAChildOf,R-HSA-8856688,
R-HSA-6811436,abstraction:IsAChildOf,R-HSA-8856688,
R-HSA-2219530,abstraction:IsAChildOf,R-HSA-2219528,
R-HSA-5674400,abstraction:IsAChildOf,R-HSA-2219528,
R-HSA-5674404,abstraction:IsAChildOf,R-HSA-2219528,
R-HSA-190375,abstraction:IsAChildOf,R-HSA-190241,
R-HSA-190377,abstraction:IsAChildOf,R-HSA-190241,
R-HSA-166058,abstraction:IsAChildOf,R-HSA-168188,
R-HSA-9726842,abstraction:IsAChildOf,R-HSA-9660537,
R-HSA-9726840,abstraction:IsAChildOf,R-HSA-9660537,
R-HSA-983189,abstraction:IsAChildOf,R-HSA-983231,
R-HSA-5358508,abstraction:IsAChildOf,R-HSA-73894,
R-HSA-73884,abstraction:IsAChildOf,R-HSA-73894,
R-HSA-73942,abstraction:IsAChildOf,R-HSA-73894,
R-HSA-5696398,abstraction:IsAChildOf,R-HSA-73894,
R-HSA-6783310,abstraction:IsAChildOf,R-HSA-73894,
R-HSA-5693532,abstraction:IsAChildOf,R-HSA-73894,
R-HSA-73893,abstraction:IsAChildOf,R-HSA-73894,
R-HSA-112040,abstraction:IsAChildOf,R-HSA-111885,
R-HSA-202040,abstraction:IsAChildOf,R-HSA-111885,
R-HSA-180024,abstraction:IsAChildOf,R-HSA-111885,
R-HSA-75892,abstraction:IsAChildOf,R-HSA-109582,
R-HSA-75205,abstraction:IsAChildOf,R-HSA-109582,
R-HSA-202733,abstraction:IsAChildOf,R-HSA-109582,
R-HSA-983231,abstraction:IsAChildOf,R-HSA-109582,
R-HSA-140877,abstraction:IsAChildOf,R-HSA-109582,
R-HSA-76002,abstraction:IsAChildOf,R-HSA-109582,
R-HSA-418346,abstraction:IsAChildOf,R-HSA-109582,
R-HSA-5655253,abstraction:IsAChildOf,R-HSA-1226099,
R-HSA-5655302,abstraction:IsAChildOf,R-HSA-1226099,
R-HSA-5655291,abstraction:IsAChildOf,R-HSA-1226099,
R-HSA-5655332,abstraction:IsAChildOf,R-HSA-1226099,
R-HSA-69166,abstraction:IsAChildOf,R-HSA-69183,
R-HSA-1606341,abstraction:IsAChildOf,R-HSA-1606322,
R-HSA-1810476,abstraction:IsAChildOf,R-HSA-1606322,
R-HSA-975577,abstraction:IsAChildOf,R-HSA-975576,
R-HSA-975574,abstraction:IsAChildOf,R-HSA-975576,
R-HSA-975578,abstraction:IsAChildOf,R-HSA-975576,
R-HSA-68867,abstraction:IsAChildOf,R-HSA-69002,
R-HSA-68962,abstraction:IsAChildOf,R-HSA-69002,
R-HSA-450294,abstraction:IsAChildOf,R-HSA-166058,
R-HSA-937039,abstraction:IsAChildOf,R-HSA-166058,
R-HSA-445989,abstraction:IsAChildOf,R-HSA-166058,
R-HSA-937042,abstraction:IsAChildOf,R-HSA-166058,
R-HSA-2129379,abstraction:IsAChildOf,R-HSA-1566948,
R-HSA-140179,abstraction:IsAChildOf,R-HSA-211945,
R-HSA-140180,abstraction:IsAChildOf,R-HSA-211945,
R-HSA-8937144,abstraction:IsAChildOf,R-HSA-211945,
R-HSA-71384,abstraction:IsAChildOf,R-HSA-211945,
R-HSA-217271,abstraction:IsAChildOf,R-HSA-211945,
R-HSA-211897,abstraction:IsAChildOf,R-HSA-211945,
R-HSA-6798695,abstraction:IsAChildOf,R-HSA-168249,
R-HSA-2172127,abstraction:IsAChildOf,R-HSA-168249,
R-HSA-879415,abstraction:IsAChildOf,R-HSA-168249,
R-HSA-1222556,abstraction:IsAChildOf,R-HSA-168249,
R-HSA-166658,abstraction:IsAChildOf,R-HSA-168249,
R-HSA-2029480,abstraction:IsAChildOf,R-HSA-168249,
R-HSA-168643,abstraction:IsAChildOf,R-HSA-168249,
R-HSA-6803157,abstraction:IsAChildOf,R-HSA-168249,
R-HSA-9686114,abstraction:IsAChildOf,R-HSA-168249,
R-HSA-168898,abstraction:IsAChildOf,R-HSA-168249,
R-HSA-2454202,abstraction:IsAChildOf,R-HSA-168249,
R-HSA-1834949,abstraction:IsAChildOf,R-HSA-168249,
R-HSA-9645460,abstraction:IsAChildOf,R-HSA-168249,
R-HSA-168928,abstraction:IsAChildOf,R-HSA-168249,
R-HSA-5621481,abstraction:IsAChildOf,R-HSA-168249,
R-HSA-69190,abstraction:IsAChildOf,R-HSA-69239,
R-HSA-69052,abstraction:IsAChildOf,R-HSA-69239,
R-HSA-68952,abstraction:IsAChildOf,R-HSA-69239,
R-HSA-1295596,abstraction:IsAChildOf,R-HSA-5654733,
R-HSA-964827,abstraction:IsAChildOf,R-HSA-964739,
R-HSA-111997,abstraction:IsAChildOf,R-HSA-111996,
R-HSA-111995,abstraction:IsAChildOf,R-HSA-111996,
R-HSA-187024,abstraction:IsAChildOf,R-HSA-187015,
R-HSA-187042,abstraction:IsAChildOf,R-HSA-187015,
R-HSA-173599,abstraction:IsAChildOf,R-HSA-156588,
R-HSA-9732724,abstraction:IsAChildOf,R-HSA-877300,
R-HSA-877312,abstraction:IsAChildOf,R-HSA-877300,
R-HSA-5660489,abstraction:IsAChildOf,R-HSA-5660526,
R-HSA-5661231,abstraction:IsAChildOf,R-HSA-5660526,
R-HSA-73780,abstraction:IsAChildOf,R-HSA-74158,
R-HSA-73980,abstraction:IsAChildOf,R-HSA-74158,
R-HSA-76046,abstraction:IsAChildOf,R-HSA-74158,
R-HSA-749476,abstraction:IsAChildOf,R-HSA-74158,
R-HSA-388396,abstraction:IsAChildOf,R-HSA-372790,
R-HSA-500792,abstraction:IsAChildOf,R-HSA-372790,
R-HSA-9694631,abstraction:IsAChildOf,R-HSA-9694635,
R-HSA-9694719,abstraction:IsAChildOf,R-HSA-9694635,
R-HSA-9694493,abstraction:IsAChildOf,R-HSA-9694635,
R-HSA-9694594,abstraction:IsAChildOf,R-HSA-9694635,
R-HSA-9694548,abstraction:IsAChildOf,R-HSA-9694635,
R-HSA-180746,abstraction:IsAChildOf,R-HSA-177243,
R-HSA-165054,abstraction:IsAChildOf,R-HSA-177243,
R-HSA-73929,abstraction:IsAChildOf,R-HSA-73884,
R-HSA-73933,abstraction:IsAChildOf,R-HSA-73884,
R-HSA-164516,abstraction:IsAChildOf,R-HSA-162589,
R-HSA-164525,abstraction:IsAChildOf,R-HSA-162589,
R-HSA-192869,abstraction:IsAChildOf,R-HSA-168273,
R-HSA-192905,abstraction:IsAChildOf,R-HSA-168273,
R-HSA-192823,abstraction:IsAChildOf,R-HSA-168273,
R-HSA-168325,abstraction:IsAChildOf,R-HSA-168273,
R-HSA-192814,abstraction:IsAChildOf,R-HSA-168273,
R-HSA-5693607,abstraction:IsAChildOf,R-HSA-5693567,
R-HSA-5685938,abstraction:IsAChildOf,R-HSA-5693567,
R-HSA-5685942,abstraction:IsAChildOf,R-HSA-5693567,
R-HSA-372708,abstraction:IsAChildOf,R-HSA-354192,
R-HSA-354194,abstraction:IsAChildOf,R-HSA-354192,
R-HSA-9661069,abstraction:IsAChildOf,R-HSA-9659787,
R-HSA-9661070,abstraction:IsAChildOf,R-HSA-9659787,
R-HSA-6784531,abstraction:IsAChildOf,R-HSA-72306,
R-HSA-6782315,abstraction:IsAChildOf,R-HSA-72306,
R-HSA-6785470,abstraction:IsAChildOf,R-HSA-72306,
R-HSA-6787450,abstraction:IsAChildOf,R-HSA-72306,
R-HSA-9839389,abstraction:IsAChildOf,R-HSA-9839373,
R-HSA-9839397,abstraction:IsAChildOf,R-HSA-9839373,
R-HSA-9839406,abstraction:IsAChildOf,R-HSA-9839373,
R-HSA-9839394,abstraction:IsAChildOf,R-HSA-9839373,
R-HSA-9839383,abstraction:IsAChildOf,R-HSA-9839373,
R-HSA-168305,abstraction:IsAChildOf,R-HSA-168276,
R-HSA-168315,abstraction:IsAChildOf,R-HSA-168276,
R-HSA-169131,abstraction:IsAChildOf,R-HSA-168276,
R-HSA-8848021,abstraction:IsAChildOf,R-HSA-9006927,
R-HSA-72163,abstraction:IsAChildOf,R-HSA-72172,
R-HSA-72165,abstraction:IsAChildOf,R-HSA-72172,
R-HSA-389359,abstraction:IsAChildOf,R-HSA-389356,
R-HSA-389357,abstraction:IsAChildOf,R-HSA-389356,
R-HSA-168888,abstraction:IsAChildOf,R-HSA-168305,
R-HSA-2514856,abstraction:IsAChildOf,R-HSA-2187338,
R-HSA-2187335,abstraction:IsAChildOf,R-HSA-2187338,
R-HSA-2453902,abstraction:IsAChildOf,R-HSA-2187338,
R-HSA-975634,abstraction:IsAChildOf,R-HSA-2187338,
R-HSA-9663891,abstraction:IsAChildOf,R-HSA-1632852,
R-HSA-163560,abstraction:IsAChildOf,R-HSA-8979227,
R-HSA-75109,abstraction:IsAChildOf,R-HSA-8979227,
R-HSA-2428933,abstraction:IsAChildOf,R-HSA-2428924,
R-HSA-2428928,abstraction:IsAChildOf,R-HSA-2428924,
R-HSA-9645135,abstraction:IsAChildOf,R-HSA-9607240,
R-HSA-9706369,abstraction:IsAChildOf,R-HSA-9607240,
R-HSA-9706374,abstraction:IsAChildOf,R-HSA-9607240,
R-HSA-1362277,abstraction:IsAChildOf,R-HSA-1538133,
R-HSA-1362300,abstraction:IsAChildOf,R-HSA-1538133,
R-HSA-5173105,abstraction:IsAChildOf,R-HSA-597592,
R-HSA-8873719,abstraction:IsAChildOf,R-HSA-597592,
R-HSA-8852135,abstraction:IsAChildOf,R-HSA-597592,
R-HSA-8951664,abstraction:IsAChildOf,R-HSA-597592,
R-HSA-8955332,abstraction:IsAChildOf,R-HSA-597592,
R-HSA-163841,abstraction:IsAChildOf,R-HSA-597592,
R-HSA-9907900,abstraction:IsAChildOf,R-HSA-597592,
R-HSA-5688426,abstraction:IsAChildOf,R-HSA-597592,
R-HSA-2990846,abstraction:IsAChildOf,R-HSA-597592,
R-HSA-8957275,abstraction:IsAChildOf,R-HSA-597592,
R-HSA-446203,abstraction:IsAChildOf,R-HSA-597592,
R-HSA-163125,abstraction:IsAChildOf,R-HSA-597592,
R-HSA-9857492,abstraction:IsAChildOf,R-HSA-597592,
R-HSA-8876725,abstraction:IsAChildOf,R-HSA-597592,
R-HSA-622312,abstraction:IsAChildOf,R-HSA-168643,
R-HSA-168638,abstraction:IsAChildOf,R-HSA-168643,
R-HSA-1632852,abstraction:IsAChildOf,R-HSA-9612973,
R-HSA-9615710,abstraction:IsAChildOf,R-HSA-9612973,
R-HSA-9613829,abstraction:IsAChildOf,R-HSA-9612973,
R-HSA-5658034,abstraction:IsAChildOf,R-HSA-5387390,
R-HSA-5362768,abstraction:IsAChildOf,R-HSA-5387390,
R-HSA-1855167,abstraction:IsAChildOf,R-HSA-1483249,
R-HSA-1855156,abstraction:IsAChildOf,R-HSA-1483249,
R-HSA-1855191,abstraction:IsAChildOf,R-HSA-1483249,
R-HSA-1855231,abstraction:IsAChildOf,R-HSA-1483249,
R-HSA-1855215,abstraction:IsAChildOf,R-HSA-1483249,
R-HSA-1855204,abstraction:IsAChildOf,R-HSA-1483249,
R-HSA-1855192,abstraction:IsAChildOf,R-HSA-1483249,
R-HSA-1855170,abstraction:IsAChildOf,R-HSA-1483249,
R-HSA-1855196,abstraction:IsAChildOf,R-HSA-1483249,
R-HSA-1855184,abstraction:IsAChildOf,R-HSA-1483249,
R-HSA-1855183,abstraction:IsAChildOf,R-HSA-1483249,
R-HSA-1855229,abstraction:IsAChildOf,R-HSA-1483249,
R-HSA-77387,abstraction:IsAChildOf,R-HSA-74752,
R-HSA-74751,abstraction:IsAChildOf,R-HSA-74752,
R-HSA-9725371,abstraction:IsAChildOf,R-HSA-9725370,
R-HSA-9006821,abstraction:IsAChildOf,R-HSA-9673013,
R-HSA-193670,abstraction:IsAChildOf,R-HSA-193704,
R-HSA-193692,abstraction:IsAChildOf,R-HSA-193704,
R-HSA-205017,abstraction:IsAChildOf,R-HSA-193704,
R-HSA-193697,abstraction:IsAChildOf,R-HSA-193704,
R-HSA-204998,abstraction:IsAChildOf,R-HSA-193704,
R-HSA-193639,abstraction:IsAChildOf,R-HSA-193704,
R-HSA-193681,abstraction:IsAChildOf,R-HSA-193704,
R-HSA-446353,abstraction:IsAChildOf,R-HSA-446728,
R-HSA-421270,abstraction:IsAChildOf,R-HSA-446728,
R-HSA-446107,abstraction:IsAChildOf,R-HSA-446728,
R-HSA-9758274,abstraction:IsAChildOf,R-HSA-445989,
R-HSA-2682334,abstraction:IsAChildOf,R-HSA-422475,
R-HSA-373760,abstraction:IsAChildOf,R-HSA-422475,
R-HSA-373752,abstraction:IsAChildOf,R-HSA-422475,
R-HSA-8866376,abstraction:IsAChildOf,R-HSA-422475,
R-HSA-8853659,abstraction:IsAChildOf,R-HSA-422475,
R-HSA-376176,abstraction:IsAChildOf,R-HSA-422475,
R-HSA-373755,abstraction:IsAChildOf,R-HSA-422475,
R-HSA-375165,abstraction:IsAChildOf,R-HSA-422475,
R-HSA-428890,abstraction:IsAChildOf,R-HSA-376176,
R-HSA-428543,abstraction:IsAChildOf,R-HSA-376176,
R-HSA-8985801,abstraction:IsAChildOf,R-HSA-376176,
R-HSA-428540,abstraction:IsAChildOf,R-HSA-376176,
R-HSA-9010642,abstraction:IsAChildOf,R-HSA-376176,
R-HSA-8985586,abstraction:IsAChildOf,R-HSA-376176,
R-HSA-9010553,abstraction:IsAChildOf,R-HSA-376176,
R-HSA-428542,abstraction:IsAChildOf,R-HSA-376176,
R-HSA-2197563,abstraction:IsAChildOf,R-HSA-1980145,
R-HSA-2979096,abstraction:IsAChildOf,R-HSA-1980145,
R-HSA-9851695,abstraction:IsAChildOf,R-HSA-9818564,
R-HSA-9927432,abstraction:IsAChildOf,R-HSA-9924644,
R-HSA-9938206,abstraction:IsAChildOf,R-HSA-9924644,
R-HSA-9927426,abstraction:IsAChildOf,R-HSA-9924644,
R-HSA-9927418,abstraction:IsAChildOf,R-HSA-9924644,
R-HSA-111453,abstraction:IsAChildOf,R-HSA-109606,
R-HSA-114294,abstraction:IsAChildOf,R-HSA-109606,
R-HSA-114452,abstraction:IsAChildOf,R-HSA-109606,
R-HSA-111452,abstraction:IsAChildOf,R-HSA-109606,
R-HSA-111471,abstraction:IsAChildOf,R-HSA-109606,
R-HSA-75108,abstraction:IsAChildOf,R-HSA-109606,
R-HSA-2206291,abstraction:IsAChildOf,R-HSA-2206281,
R-HSA-9953078,abstraction:IsAChildOf,R-HSA-2206281,
R-HSA-9953097,abstraction:IsAChildOf,R-HSA-2206281,
R-HSA-2206285,abstraction:IsAChildOf,R-HSA-2206281,
R-HSA-2206296,abstraction:IsAChildOf,R-HSA-2206281,
R-HSA-9953111,abstraction:IsAChildOf,R-HSA-2206281,
R-HSA-2206280,abstraction:IsAChildOf,R-HSA-2206281,
R-HSA-9953038,abstraction:IsAChildOf,R-HSA-2206281,
R-HSA-2206282,abstraction:IsAChildOf,R-HSA-2206281,
R-HSA-2206290,abstraction:IsAChildOf,R-HSA-2206281,
R-HSA-9953080,abstraction:IsAChildOf,R-HSA-2206281,
R-HSA-2206308,abstraction:IsAChildOf,R-HSA-2206281,
R-HSA-2206302,abstraction:IsAChildOf,R-HSA-2206281,
R-HSA-2206292,abstraction:IsAChildOf,R-HSA-2206281,
R-HSA-2206305,abstraction:IsAChildOf,R-HSA-2206281,
R-HSA-2206307,abstraction:IsAChildOf,R-HSA-2206281,
R-HSA-4419969,abstraction:IsAChildOf,R-HSA-2980766,
R-HSA-3301854,abstraction:IsAChildOf,R-HSA-2980766,
R-HSA-2980767,abstraction:IsAChildOf,R-HSA-2980766,
R-HSA-5696397,abstraction:IsAChildOf,R-HSA-5696399,
R-HSA-5696395,abstraction:IsAChildOf,R-HSA-5696399,
R-HSA-5696400,abstraction:IsAChildOf,R-HSA-5696399,
R-HSA-5696394,abstraction:IsAChildOf,R-HSA-5696399,
R-HSA-428643,abstraction:IsAChildOf,R-HSA-9955298,
R-HSA-9958517,abstraction:IsAChildOf,R-HSA-9955298,
R-HSA-433692,abstraction:IsAChildOf,R-HSA-9955298,
R-HSA-561048,abstraction:IsAChildOf,R-HSA-9955298,
R-HSA-879518,abstraction:IsAChildOf,R-HSA-9955298,
R-HSA-6802957,abstraction:IsAChildOf,R-HSA-5663202,
R-HSA-9700206,abstraction:IsAChildOf,R-HSA-5663202,
R-HSA-1643713,abstraction:IsAChildOf,R-HSA-5663202,
R-HSA-1226099,abstraction:IsAChildOf,R-HSA-5663202,
R-HSA-4791275,abstraction:IsAChildOf,R-HSA-5663202,
R-HSA-3304351,abstraction:IsAChildOf,R-HSA-5663202,
R-HSA-9682385,abstraction:IsAChildOf,R-HSA-5663202,
R-HSA-9669938,abstraction:IsAChildOf,R-HSA-5663202,
R-HSA-1227990,abstraction:IsAChildOf,R-HSA-5663202,
R-HSA-9671555,abstraction:IsAChildOf,R-HSA-5663202,
R-HSA-2644603,abstraction:IsAChildOf,R-HSA-5663202,
R-HSA-9842640,abstraction:IsAChildOf,R-HSA-5663202,
R-HSA-2219528,abstraction:IsAChildOf,R-HSA-5663202,
R-HSA-5387390,abstraction:IsAChildOf,R-HSA-5663202,
R-HSA-72200,abstraction:IsAChildOf,R-HSA-75072,
R-HSA-75064,abstraction:IsAChildOf,R-HSA-75072,
R-HSA-916853,abstraction:IsAChildOf,R-HSA-888590,
R-HSA-888568,abstraction:IsAChildOf,R-HSA-888590,
R-HSA-888593,abstraction:IsAChildOf,R-HSA-888590,
R-HSA-196849,abstraction:IsAChildOf,R-HSA-196854,
R-HSA-6806667,abstraction:IsAChildOf,R-HSA-196854,
R-HSA-8978934,abstraction:IsAChildOf,R-HSA-196854,
R-HSA-1369007,abstraction:IsAChildOf,R-HSA-382556,
R-HSA-1369062,abstraction:IsAChildOf,R-HSA-382556,
R-HSA-373753,abstraction:IsAChildOf,R-HSA-1500931,
R-HSA-446728,abstraction:IsAChildOf,R-HSA-1500931,
R-HSA-391160,abstraction:IsAChildOf,R-HSA-1500931,
R-HSA-5654221,abstraction:IsAChildOf,R-HSA-5654696,
R-HSA-5654699,abstraction:IsAChildOf,R-HSA-5654696,
R-HSA-5654695,abstraction:IsAChildOf,R-HSA-5654696,
R-HSA-5654700,abstraction:IsAChildOf,R-HSA-5654696,
R-HSA-9824856,abstraction:IsAChildOf,R-HSA-5602358,
R-HSA-5602566,abstraction:IsAChildOf,R-HSA-5602358,
R-HSA-5603027,abstraction:IsAChildOf,R-HSA-5602358,
R-HSA-5602415,abstraction:IsAChildOf,R-HSA-5602358,
R-HSA-5602636,abstraction:IsAChildOf,R-HSA-5602358,
R-HSA-5602571,abstraction:IsAChildOf,R-HSA-5602358,
R-HSA-5603037,abstraction:IsAChildOf,R-HSA-5602358,
R-HSA-5603029,abstraction:IsAChildOf,R-HSA-5602358,
R-HSA-5603041,abstraction:IsAChildOf,R-HSA-5602358,
R-HSA-5602498,abstraction:IsAChildOf,R-HSA-5602358,
R-HSA-5602410,abstraction:IsAChildOf,R-HSA-5602358,
R-HSA-5602680,abstraction:IsAChildOf,R-HSA-5602358,
R-HSA-446193,abstraction:IsAChildOf,R-HSA-446203,
R-HSA-532668,abstraction:IsAChildOf,R-HSA-446203,
R-HSA-948021,abstraction:IsAChildOf,R-HSA-446203,
R-HSA-901032,abstraction:IsAChildOf,R-HSA-901042,
R-HSA-1296025,abstraction:IsAChildOf,R-HSA-1296065,
R-HSA-1296067,abstraction:IsAChildOf,R-HSA-1296065,
R-HSA-1296059,abstraction:IsAChildOf,R-HSA-1296065,
R-HSA-1296053,abstraction:IsAChildOf,R-HSA-1296065,
R-HSA-9009391,abstraction:IsAChildOf,R-HSA-8939211,
R-HSA-9018519,abstraction:IsAChildOf,R-HSA-8939211,
R-HSA-2024096,abstraction:IsAChildOf,R-HSA-1638091,
R-HSA-2022928,abstraction:IsAChildOf,R-HSA-1638091,
R-HSA-9664417,abstraction:IsAChildOf,R-HSA-9664407,
R-HSA-69200,abstraction:IsAChildOf,R-HSA-69202,
R-HSA-187577,abstraction:IsAChildOf,R-HSA-69202,
R-HSA-5689896,abstraction:IsAChildOf,R-HSA-5688426,
R-HSA-5689603,abstraction:IsAChildOf,R-HSA-5688426,
R-HSA-5689877,abstraction:IsAChildOf,R-HSA-5688426,
R-HSA-5689901,abstraction:IsAChildOf,R-HSA-5688426,
R-HSA-5689880,abstraction:IsAChildOf,R-HSA-5688426,
R-HSA-1236974,abstraction:IsAChildOf,R-HSA-1236975,
R-HSA-1236973,abstraction:IsAChildOf,R-HSA-1236975,
R-HSA-1236978,abstraction:IsAChildOf,R-HSA-1236975,
R-HSA-1236977,abstraction:IsAChildOf,R-HSA-1236975,
R-HSA-166058,abstraction:IsAChildOf,R-HSA-166016,
R-HSA-166020,abstraction:IsAChildOf,R-HSA-166016,
R-HSA-166166,abstraction:IsAChildOf,R-HSA-166016,
R-HSA-9824272,abstraction:IsAChildOf,R-HSA-9793380,
R-HSA-418594,abstraction:IsAChildOf,R-HSA-388396,
R-HSA-418597,abstraction:IsAChildOf,R-HSA-388396,
R-HSA-416476,abstraction:IsAChildOf,R-HSA-388396,
R-HSA-397795,abstraction:IsAChildOf,R-HSA-388396,
R-HSA-418555,abstraction:IsAChildOf,R-HSA-388396,
R-HSA-416482,abstraction:IsAChildOf,R-HSA-388396,
R-HSA-9670613,abstraction:IsAChildOf,R-HSA-9670621,
R-HSA-9670615,abstraction:IsAChildOf,R-HSA-9670621,
R-HSA-5467345,abstraction:IsAChildOf,R-HSA-4839735,
R-HSA-5467340,abstraction:IsAChildOf,R-HSA-4839735,
R-HSA-9701193,abstraction:IsAChildOf,R-HSA-9675136,
R-HSA-9663199,abstraction:IsAChildOf,R-HSA-9675136,
R-HSA-9699150,abstraction:IsAChildOf,R-HSA-9675136,
R-HSA-9701190,abstraction:IsAChildOf,R-HSA-9675136,
R-HSA-9701192,abstraction:IsAChildOf,R-HSA-9675136,
R-HSA-73943,abstraction:IsAChildOf,R-HSA-73942,
R-HSA-9729902,abstraction:IsAChildOf,R-HSA-73942,
R-HSA-5657655,abstraction:IsAChildOf,R-HSA-73942,
R-HSA-9843970,abstraction:IsAChildOf,R-HSA-9842860,
R-HSA-9845323,abstraction:IsAChildOf,R-HSA-9842860,
R-HSA-9843940,abstraction:IsAChildOf,R-HSA-9842860,
R-HSA-9694301,abstraction:IsAChildOf,R-HSA-9694676,
R-HSA-9694271,abstraction:IsAChildOf,R-HSA-9694676,
R-HSA-159424,abstraction:IsAChildOf,R-HSA-156587,
R-HSA-9657050,abstraction:IsAChildOf,R-HSA-9656249,
R-HSA-9656256,abstraction:IsAChildOf,R-HSA-9656249,
R-HSA-9656255,abstraction:IsAChildOf,R-HSA-9656249,
R-HSA-190827,abstraction:IsAChildOf,R-HSA-190861,
R-HSA-190872,abstraction:IsAChildOf,R-HSA-190861,
R-HSA-190704,abstraction:IsAChildOf,R-HSA-190861,
R-HSA-379401,abstraction:IsAChildOf,R-HSA-112311,
R-HSA-380615,abstraction:IsAChildOf,R-HSA-112311,
R-HSA-352230,abstraction:IsAChildOf,R-HSA-9958863,
R-HSA-428559,abstraction:IsAChildOf,R-HSA-9958863,
R-HSA-8854050,abstraction:IsAChildOf,R-HSA-69275,
R-HSA-69273,abstraction:IsAChildOf,R-HSA-69275,
R-HSA-8854518,abstraction:IsAChildOf,R-HSA-69275,
R-HSA-8854521,abstraction:IsAChildOf,R-HSA-69275,
R-HSA-156711,abstraction:IsAChildOf,R-HSA-69275,
R-HSA-2565942,abstraction:IsAChildOf,R-HSA-69275,
R-HSA-8852276,abstraction:IsAChildOf,R-HSA-69275,
R-HSA-380287,abstraction:IsAChildOf,R-HSA-69275,
R-HSA-9830674,abstraction:IsAChildOf,R-HSA-9830369,
R-HSA-9831926,abstraction:IsAChildOf,R-HSA-9830369,
R-HSA-9830364,abstraction:IsAChildOf,R-HSA-9830369,
R-HSA-211733,abstraction:IsAChildOf,R-HSA-169911,
R-HSA-211728,abstraction:IsAChildOf,R-HSA-169911,
R-HSA-179812,abstraction:IsAChildOf,R-HSA-177929,
R-HSA-180336,abstraction:IsAChildOf,R-HSA-177929,
R-HSA-180292,abstraction:IsAChildOf,R-HSA-177929,
R-HSA-212718,abstraction:IsAChildOf,R-HSA-177929,
R-HSA-182971,abstraction:IsAChildOf,R-HSA-177929,
R-HSA-72706,abstraction:IsAChildOf,R-HSA-72737,
R-HSA-72689,abstraction:IsAChildOf,R-HSA-72737,
R-HSA-72702,abstraction:IsAChildOf,R-HSA-72737,
R-HSA-72662,abstraction:IsAChildOf,R-HSA-72737,
R-HSA-72695,abstraction:IsAChildOf,R-HSA-72737,
R-HSA-72731,abstraction:IsAChildOf,R-HSA-72737,
R-HSA-9764560,abstraction:IsAChildOf,R-HSA-9764265,
R-HSA-9764562,abstraction:IsAChildOf,R-HSA-9764265,
R-HSA-9768727,abstraction:IsAChildOf,R-HSA-9764265,
R-HSA-9764561,abstraction:IsAChildOf,R-HSA-9764265,
R-HSA-434313,abstraction:IsAChildOf,R-HSA-400451,
R-HSA-434316,abstraction:IsAChildOf,R-HSA-400451,
R-HSA-9013422,abstraction:IsAChildOf,R-HSA-9706574,
R-HSA-9013418,abstraction:IsAChildOf,R-HSA-9706574,
R-HSA-6804760,abstraction:IsAChildOf,R-HSA-5633007,
R-HSA-6806003,abstraction:IsAChildOf,R-HSA-5633007,
R-HSA-6804756,abstraction:IsAChildOf,R-HSA-5633007,
R-HSA-6804759,abstraction:IsAChildOf,R-HSA-5633007,
R-HSA-6804758,abstraction:IsAChildOf,R-HSA-5633007,
R-HSA-913709,abstraction:IsAChildOf,R-HSA-5173105,
R-HSA-8931838,abstraction:IsAChildOf,R-HSA-5173105,
R-HSA-5173214,abstraction:IsAChildOf,R-HSA-5173105,
R-HSA-8978868,abstraction:IsAChildOf,R-HSA-556833,
R-HSA-400206,abstraction:IsAChildOf,R-HSA-556833,
R-HSA-8964572,abstraction:IsAChildOf,R-HSA-556833,
R-HSA-74182,abstraction:IsAChildOf,R-HSA-556833,
R-HSA-8848584,abstraction:IsAChildOf,R-HSA-556833,
R-HSA-8979227,abstraction:IsAChildOf,R-HSA-556833,
R-HSA-9018678,abstraction:IsAChildOf,R-HSA-556833,
R-HSA-8957322,abstraction:IsAChildOf,R-HSA-556833,
R-HSA-428157,abstraction:IsAChildOf,R-HSA-556833,
R-HSA-1483257,abstraction:IsAChildOf,R-HSA-556833,
R-HSA-9694786,abstraction:IsAChildOf,R-HSA-9694682,
R-HSA-9694686,abstraction:IsAChildOf,R-HSA-9694682,
R-HSA-9707587,abstraction:IsAChildOf,R-HSA-9707564,
R-HSA-5649702,abstraction:IsAChildOf,R-HSA-73933,
R-HSA-110357,abstraction:IsAChildOf,R-HSA-73933,
R-HSA-110373,abstraction:IsAChildOf,R-HSA-73933,
R-HSA-110381,abstraction:IsAChildOf,R-HSA-73933,
R-HSA-6791462,abstraction:IsAChildOf,R-HSA-6791465,
R-HSA-6791055,abstraction:IsAChildOf,R-HSA-6791465,
R-HSA-5659996,abstraction:IsAChildOf,R-HSA-6791465,
R-HSA-6791461,abstraction:IsAChildOf,R-HSA-6791465,
R-HSA-141334,abstraction:IsAChildOf,R-HSA-140179,
R-HSA-141333,abstraction:IsAChildOf,R-HSA-140179,
R-HSA-193704,abstraction:IsAChildOf,R-HSA-73887,
R-HSA-75158,abstraction:IsAChildOf,R-HSA-73887,
R-HSA-75893,abstraction:IsAChildOf,R-HSA-73887,
R-HSA-75157,abstraction:IsAChildOf,R-HSA-73887,
R-HSA-3560782,abstraction:IsAChildOf,R-HSA-3781865,
R-HSA-5609975,abstraction:IsAChildOf,R-HSA-3781865,
R-HSA-3906995,abstraction:IsAChildOf,R-HSA-3781865,
R-HSA-3781860,abstraction:IsAChildOf,R-HSA-3781865,
R-HSA-9909648,abstraction:IsAChildOf,R-HSA-389948,
R-HSA-991365,abstraction:IsAChildOf,R-HSA-977444,
R-HSA-912526,abstraction:IsAChildOf,R-HSA-512988,
R-HSA-912631,abstraction:IsAChildOf,R-HSA-512988,
R-HSA-442380,abstraction:IsAChildOf,R-HSA-435354,
R-HSA-435368,abstraction:IsAChildOf,R-HSA-435354,
R-HSA-69473,abstraction:IsAChildOf,R-HSA-69481,
R-HSA-69478,abstraction:IsAChildOf,R-HSA-69481,
R-HSA-176187,abstraction:IsAChildOf,R-HSA-69481,
R-HSA-3315487,abstraction:IsAChildOf,R-HSA-3304349,
R-HSA-3304356,abstraction:IsAChildOf,R-HSA-3304349,
R-HSA-8948216,abstraction:IsAChildOf,R-HSA-1650814,
R-HSA-9665246,abstraction:IsAChildOf,R-HSA-9665230,
R-HSA-9665244,abstraction:IsAChildOf,R-HSA-9665230,
R-HSA-9665250,abstraction:IsAChildOf,R-HSA-9665230,
R-HSA-9665249,abstraction:IsAChildOf,R-HSA-9665230,
R-HSA-9665247,abstraction:IsAChildOf,R-HSA-9665230,
R-HSA-9665251,abstraction:IsAChildOf,R-HSA-9665230,
R-HSA-9665245,abstraction:IsAChildOf,R-HSA-9665230,
R-HSA-9665233,abstraction:IsAChildOf,R-HSA-9665230,
R-HSA-2122948,abstraction:IsAChildOf,R-HSA-1980143,
R-HSA-2122947,abstraction:IsAChildOf,R-HSA-1980143,
R-HSA-9615933,abstraction:IsAChildOf,R-HSA-2995410,
R-HSA-2995383,abstraction:IsAChildOf,R-HSA-2995410,
R-HSA-9668328,abstraction:IsAChildOf,R-HSA-2995410,
R-HSA-156588,abstraction:IsAChildOf,R-HSA-156580,
R-HSA-156582,abstraction:IsAChildOf,R-HSA-156580,
R-HSA-156590,abstraction:IsAChildOf,R-HSA-156580,
R-HSA-156587,abstraction:IsAChildOf,R-HSA-156580,
R-HSA-156584,abstraction:IsAChildOf,R-HSA-156580,
R-HSA-156581,abstraction:IsAChildOf,R-HSA-156580,
R-HSA-2173788,abstraction:IsAChildOf,R-HSA-2173789,
R-HSA-9855142,abstraction:IsAChildOf,R-HSA-8953897,
R-HSA-5660526,abstraction:IsAChildOf,R-HSA-8953897,
R-HSA-2262752,abstraction:IsAChildOf,R-HSA-8953897,
R-HSA-76071,abstraction:IsAChildOf,R-HSA-76046,
R-HSA-76066,abstraction:IsAChildOf,R-HSA-76046,
R-HSA-76061,abstraction:IsAChildOf,R-HSA-76046,
R-HSA-114508,abstraction:IsAChildOf,R-HSA-76002,
R-HSA-76009,abstraction:IsAChildOf,R-HSA-76002,
R-HSA-76005,abstraction:IsAChildOf,R-HSA-76002,
R-HSA-392518,abstraction:IsAChildOf,R-HSA-76002,
R-HSA-114604,abstraction:IsAChildOf,R-HSA-76002,
R-HSA-430116,abstraction:IsAChildOf,R-HSA-76002,
R-HSA-456926,abstraction:IsAChildOf,R-HSA-76002,
R-HSA-3371571,abstraction:IsAChildOf,R-HSA-3371556,
R-HSA-3371453,abstraction:IsAChildOf,R-HSA-3371556,
R-HSA-3371511,abstraction:IsAChildOf,R-HSA-3371556,
R-HSA-9638630,abstraction:IsAChildOf,R-HSA-9931953,
R-HSA-1169091,abstraction:IsAChildOf,R-HSA-1168372,
R-HSA-1169092,abstraction:IsAChildOf,R-HSA-1168372,
R-HSA-2025928,abstraction:IsAChildOf,R-HSA-1168372,
R-HSA-5684264,abstraction:IsAChildOf,R-HSA-450294,
R-HSA-450302,abstraction:IsAChildOf,R-HSA-450294,
R-HSA-450282,abstraction:IsAChildOf,R-HSA-450294,
R-HSA-450321,abstraction:IsAChildOf,R-HSA-450294,
R-HSA-199920,abstraction:IsAChildOf,R-HSA-450282,
R-HSA-450341,abstraction:IsAChildOf,R-HSA-450282,
R-HSA-198753,abstraction:IsAChildOf,R-HSA-450282,
R-HSA-444411,abstraction:IsAChildOf,R-HSA-5223345,
R-HSA-8963896,abstraction:IsAChildOf,R-HSA-8963898,
R-HSA-8866423,abstraction:IsAChildOf,R-HSA-8963898,
R-HSA-8963888,abstraction:IsAChildOf,R-HSA-8963898,
R-HSA-73863,abstraction:IsAChildOf,R-HSA-73864,
R-HSA-73854,abstraction:IsAChildOf,R-HSA-73864,
R-HSA-9673221,abstraction:IsAChildOf,R-HSA-9668250,
R-HSA-9673240,abstraction:IsAChildOf,R-HSA-9668250,
R-HSA-9673202,abstraction:IsAChildOf,R-HSA-9668250,
R-HSA-9673218,abstraction:IsAChildOf,R-HSA-9668250,
R-HSA-375281,abstraction:IsAChildOf,R-HSA-373076,
R-HSA-375276,abstraction:IsAChildOf,R-HSA-373076,
R-HSA-3296197,abstraction:IsAChildOf,R-HSA-373076,
R-HSA-419408,abstraction:IsAChildOf,R-HSA-373076,
R-HSA-419771,abstraction:IsAChildOf,R-HSA-373076,
R-HSA-375280,abstraction:IsAChildOf,R-HSA-373076,
R-HSA-391903,abstraction:IsAChildOf,R-HSA-373076,
R-HSA-418038,abstraction:IsAChildOf,R-HSA-373076,
R-HSA-444209,abstraction:IsAChildOf,R-HSA-373076,
R-HSA-9729555,abstraction:IsAChildOf,R-HSA-9717189,
R-HSA-9717207,abstraction:IsAChildOf,R-HSA-9717189,
R-HSA-9730628,abstraction:IsAChildOf,R-HSA-9717189,
R-HSA-9640463,abstraction:IsAChildOf,R-HSA-8848584,
R-HSA-75896,abstraction:IsAChildOf,R-HSA-8848584,
R-HSA-69560,abstraction:IsAChildOf,R-HSA-69563,
R-HSA-69541,abstraction:IsAChildOf,R-HSA-69563,
R-HSA-937061,abstraction:IsAChildOf,R-HSA-166166,
R-HSA-442982,abstraction:IsAChildOf,R-HSA-442742,
R-HSA-444257,abstraction:IsAChildOf,R-HSA-442742,
R-HSA-202670,abstraction:IsAChildOf,R-HSA-198753,
R-HSA-9702518,abstraction:IsAChildOf,R-HSA-9703648,
R-HSA-199920,abstraction:IsAChildOf,R-HSA-198725,
R-HSA-9031628,abstraction:IsAChildOf,R-HSA-198725,
R-HSA-198753,abstraction:IsAChildOf,R-HSA-198725,
R-HSA-199991,abstraction:IsAChildOf,R-HSA-5653656,
R-HSA-2173782,abstraction:IsAChildOf,R-HSA-5653656,
R-HSA-210991,abstraction:IsAChildOf,R-HSA-202733,
R-HSA-210990,abstraction:IsAChildOf,R-HSA-202733,
R-HSA-210993,abstraction:IsAChildOf,R-HSA-202733,
R-HSA-1059683,abstraction:IsAChildOf,R-HSA-6783589,
R-HSA-6788467,abstraction:IsAChildOf,R-HSA-6783589,
R-HSA-354192,abstraction:IsAChildOf,R-HSA-76009,
R-HSA-392023,abstraction:IsAChildOf,R-HSA-76009,
R-HSA-170834,abstraction:IsAChildOf,R-HSA-9006936,
R-HSA-9839373,abstraction:IsAChildOf,R-HSA-9006936,
R-HSA-201451,abstraction:IsAChildOf,R-HSA-9006936,
R-HSA-1502540,abstraction:IsAChildOf,R-HSA-9006936,
R-HSA-9913635,abstraction:IsAChildOf,R-HSA-69306,
R-HSA-69239,abstraction:IsAChildOf,R-HSA-69306,
R-HSA-69002,abstraction:IsAChildOf,R-HSA-69306,
R-HSA-6804754,abstraction:IsAChildOf,R-HSA-6806003,
R-HSA-6804757,abstraction:IsAChildOf,R-HSA-6806003,
R-HSA-167160,abstraction:IsAChildOf,R-HSA-167172,
R-HSA-167238,abstraction:IsAChildOf,R-HSA-167172,
R-HSA-167287,abstraction:IsAChildOf,R-HSA-167172,
R-HSA-167152,abstraction:IsAChildOf,R-HSA-167172,
R-HSA-167169,abstraction:IsAChildOf,R-HSA-167172,
R-HSA-167243,abstraction:IsAChildOf,R-HSA-167172,
R-HSA-167161,abstraction:IsAChildOf,R-HSA-167172,
R-HSA-167290,abstraction:IsAChildOf,R-HSA-167172,
R-HSA-167162,abstraction:IsAChildOf,R-HSA-167172,
R-HSA-1268020,abstraction:IsAChildOf,R-HSA-9609507,
R-HSA-9609523,abstraction:IsAChildOf,R-HSA-9609507,
R-HSA-9033241,abstraction:IsAChildOf,R-HSA-9609507,
R-HSA-9603798,abstraction:IsAChildOf,R-HSA-9609507,
R-HSA-9824878,abstraction:IsAChildOf,R-HSA-936964,
R-HSA-3247509,abstraction:IsAChildOf,R-HSA-4839726,
R-HSA-9932444,abstraction:IsAChildOf,R-HSA-4839726,
R-HSA-1433559,abstraction:IsAChildOf,R-HSA-1433557,
R-HSA-9013507,abstraction:IsAChildOf,R-HSA-9012852,
R-HSA-9013508,abstraction:IsAChildOf,R-HSA-9012852,
R-HSA-9024446,abstraction:IsAChildOf,R-HSA-9006931,
R-HSA-5362517,abstraction:IsAChildOf,R-HSA-9006931,
R-HSA-8939211,abstraction:IsAChildOf,R-HSA-9006931,
R-HSA-389960,abstraction:IsAChildOf,R-HSA-389958,
R-HSA-389957,abstraction:IsAChildOf,R-HSA-389958,
R-HSA-390450,abstraction:IsAChildOf,R-HSA-389958,
R-HSA-629587,abstraction:IsAChildOf,R-HSA-622327,
R-HSA-629594,abstraction:IsAChildOf,R-HSA-622327,
R-HSA-73843,abstraction:IsAChildOf,R-HSA-71336,
R-HSA-1971475,abstraction:IsAChildOf,R-HSA-1630316,
R-HSA-1638074,abstraction:IsAChildOf,R-HSA-1630316,
R-HSA-2142845,abstraction:IsAChildOf,R-HSA-1630316,
R-HSA-1638091,abstraction:IsAChildOf,R-HSA-1630316,
R-HSA-174362,abstraction:IsAChildOf,R-HSA-1630316,
R-HSA-1793185,abstraction:IsAChildOf,R-HSA-1630316,
R-HSA-190239,abstraction:IsAChildOf,R-HSA-5654741,
R-HSA-5654732,abstraction:IsAChildOf,R-HSA-5654741,
R-HSA-5654708,abstraction:IsAChildOf,R-HSA-5654741,
R-HSA-9753510,abstraction:IsAChildOf,R-HSA-9649913,
R-HSA-9753512,abstraction:IsAChildOf,R-HSA-9649913,
R-HSA-2894862,abstraction:IsAChildOf,R-HSA-2894858,
R-HSA-69091,abstraction:IsAChildOf,R-HSA-69109,
R-HSA-2892245,abstraction:IsAChildOf,R-HSA-452723,
R-HSA-2892247,abstraction:IsAChildOf,R-HSA-452723,
R-HSA-70921,abstraction:IsAChildOf,R-HSA-71291,
R-HSA-70688,abstraction:IsAChildOf,R-HSA-71291,
R-HSA-71240,abstraction:IsAChildOf,R-HSA-71291,
R-HSA-209776,abstraction:IsAChildOf,R-HSA-71291,
R-HSA-6798163,abstraction:IsAChildOf,R-HSA-71291,
R-HSA-8964539,abstraction:IsAChildOf,R-HSA-71291,
R-HSA-1614635,abstraction:IsAChildOf,R-HSA-71291,
R-HSA-71288,abstraction:IsAChildOf,R-HSA-71291,
R-HSA-389661,abstraction:IsAChildOf,R-HSA-71291,
R-HSA-5662702,abstraction:IsAChildOf,R-HSA-71291,
R-HSA-71064,abstraction:IsAChildOf,R-HSA-71291,
R-HSA-977347,abstraction:IsAChildOf,R-HSA-71291,
R-HSA-70895,abstraction:IsAChildOf,R-HSA-71291,
R-HSA-8963693,abstraction:IsAChildOf,R-HSA-71291,
R-HSA-71262,abstraction:IsAChildOf,R-HSA-71291,
R-HSA-8963691,abstraction:IsAChildOf,R-HSA-71291,
R-HSA-8964540,abstraction:IsAChildOf,R-HSA-71291,
R-HSA-2408522,abstraction:IsAChildOf,R-HSA-71291,
R-HSA-351202,abstraction:IsAChildOf,R-HSA-71291,
R-HSA-8849175,abstraction:IsAChildOf,R-HSA-71291,
R-HSA-70635,abstraction:IsAChildOf,R-HSA-71291,
R-HSA-6782861,abstraction:IsAChildOf,R-HSA-6782315,
R-HSA-9828211,abstraction:IsAChildOf,R-HSA-9013973,
R-HSA-6807878,abstraction:IsAChildOf,R-HSA-199977,
R-HSA-5694530,abstraction:IsAChildOf,R-HSA-199977,
R-HSA-204005,abstraction:IsAChildOf,R-HSA-199977,
R-HSA-211916,abstraction:IsAChildOf,R-HSA-211897,
R-HSA-211935,abstraction:IsAChildOf,R-HSA-211897,
R-HSA-211979,abstraction:IsAChildOf,R-HSA-211897,
R-HSA-211976,abstraction:IsAChildOf,R-HSA-211897,
R-HSA-211981,abstraction:IsAChildOf,R-HSA-211897,
R-HSA-211958,abstraction:IsAChildOf,R-HSA-211897,
R-HSA-167021,abstraction:IsAChildOf,R-HSA-187037,
R-HSA-198745,abstraction:IsAChildOf,R-HSA-187037,
R-HSA-198203,abstraction:IsAChildOf,R-HSA-187037,
R-HSA-198765,abstraction:IsAChildOf,R-HSA-187037,
R-HSA-198725,abstraction:IsAChildOf,R-HSA-187037,
R-HSA-187015,abstraction:IsAChildOf,R-HSA-187037,
R-HSA-177504,abstraction:IsAChildOf,R-HSA-187037,
R-HSA-187687,abstraction:IsAChildOf,R-HSA-187037,
R-HSA-1989781,abstraction:IsAChildOf,R-HSA-400206,
R-HSA-9858328,abstraction:IsAChildOf,R-HSA-71064,
R-HSA-77348,abstraction:IsAChildOf,R-HSA-77286,
R-HSA-77352,abstraction:IsAChildOf,R-HSA-77286,
R-HSA-77346,abstraction:IsAChildOf,R-HSA-77286,
R-HSA-77310,abstraction:IsAChildOf,R-HSA-77286,
R-HSA-77305,abstraction:IsAChildOf,R-HSA-77286,
R-HSA-77350,abstraction:IsAChildOf,R-HSA-77286,
R-HSA-77285,abstraction:IsAChildOf,R-HSA-77286,
R-HSA-9764260,abstraction:IsAChildOf,R-HSA-9759476,
R-HSA-9764274,abstraction:IsAChildOf,R-HSA-9759476,
R-HSA-9617629,abstraction:IsAChildOf,R-HSA-9614085,
R-HSA-9615017,abstraction:IsAChildOf,R-HSA-9614085,
R-HSA-9614657,abstraction:IsAChildOf,R-HSA-9614085,
R-HSA-9614399,abstraction:IsAChildOf,R-HSA-9614085,
R-HSA-9617828,abstraction:IsAChildOf,R-HSA-9614085,
R-HSA-351200,abstraction:IsAChildOf,R-HSA-351202,
R-HSA-351143,abstraction:IsAChildOf,R-HSA-351202,
R-HSA-350562,abstraction:IsAChildOf,R-HSA-351202,
R-HSA-110330,abstraction:IsAChildOf,R-HSA-73927,
R-HSA-110331,abstraction:IsAChildOf,R-HSA-73927,
R-HSA-9856649,abstraction:IsAChildOf,R-HSA-9730414,
R-HSA-9856651,abstraction:IsAChildOf,R-HSA-9730414,
R-HSA-72737,abstraction:IsAChildOf,R-HSA-72613,
R-HSA-156827,abstraction:IsAChildOf,R-HSA-72613,
R-HSA-8956319,abstraction:IsAChildOf,R-HSA-15869,
R-HSA-8956320,abstraction:IsAChildOf,R-HSA-15869,
R-HSA-8956321,abstraction:IsAChildOf,R-HSA-15869,
R-HSA-499943,abstraction:IsAChildOf,R-HSA-15869,
R-HSA-110328,abstraction:IsAChildOf,R-HSA-73928,
R-HSA-110329,abstraction:IsAChildOf,R-HSA-73928,
R-HSA-8950505,abstraction:IsAChildOf,R-HSA-9020591,
R-HSA-427601,abstraction:IsAChildOf,R-HSA-9958790,
R-HSA-426117,abstraction:IsAChildOf,R-HSA-9958790,
R-HSA-433137,abstraction:IsAChildOf,R-HSA-9958790,
R-HSA-425381,abstraction:IsAChildOf,R-HSA-9958790,
R-HSA-427652,abstraction:IsAChildOf,R-HSA-9958790,
R-HSA-8963676,abstraction:IsAChildOf,R-HSA-8963743,
R-HSA-8935690,abstraction:IsAChildOf,R-HSA-8963743,
R-HSA-975871,abstraction:IsAChildOf,R-HSA-168176,
R-HSA-9865125,abstraction:IsAChildOf,R-HSA-9865114,
R-HSA-9865113,abstraction:IsAChildOf,R-HSA-9865114,
R-HSA-9907570,abstraction:IsAChildOf,R-HSA-9865114,
R-HSA-9912529,abstraction:IsAChildOf,R-HSA-9865114,
R-HSA-5083629,abstraction:IsAChildOf,R-HSA-3906995,
R-HSA-5083625,abstraction:IsAChildOf,R-HSA-3906995,
R-HSA-5083635,abstraction:IsAChildOf,R-HSA-3906995,
R-HSA-5083628,abstraction:IsAChildOf,R-HSA-3906995,
R-HSA-5083627,abstraction:IsAChildOf,R-HSA-3906995,
R-HSA-5083636,abstraction:IsAChildOf,R-HSA-3906995,
R-HSA-5083633,abstraction:IsAChildOf,R-HSA-3906995,
R-HSA-5083632,abstraction:IsAChildOf,R-HSA-3906995,
R-HSA-5083630,abstraction:IsAChildOf,R-HSA-3906995,
R-HSA-112303,abstraction:IsAChildOf,R-HSA-112307,
R-HSA-109704,abstraction:IsAChildOf,R-HSA-112399,
R-HSA-112412,abstraction:IsAChildOf,R-HSA-112399,
R-HSA-9841922,abstraction:IsAChildOf,R-HSA-9851695,
R-HSA-3108232,abstraction:IsAChildOf,R-HSA-2990846,
R-HSA-3215018,abstraction:IsAChildOf,R-HSA-2990846,
R-HSA-9634597,abstraction:IsAChildOf,R-HSA-418555,
R-HSA-1660662,abstraction:IsAChildOf,R-HSA-428157,
R-HSA-9845614,abstraction:IsAChildOf,R-HSA-428157,
R-HSA-1660661,abstraction:IsAChildOf,R-HSA-428157,
R-HSA-73621,abstraction:IsAChildOf,R-HSA-8956319,
R-HSA-74259,abstraction:IsAChildOf,R-HSA-8956319,
R-HSA-8850843,abstraction:IsAChildOf,R-HSA-8956319,
R-HSA-5625970,abstraction:IsAChildOf,R-HSA-195258,
R-HSA-5625900,abstraction:IsAChildOf,R-HSA-195258,
R-HSA-5668599,abstraction:IsAChildOf,R-HSA-195258,
R-HSA-5663220,abstraction:IsAChildOf,R-HSA-195258,
R-HSA-5666185,abstraction:IsAChildOf,R-HSA-195258,
R-HSA-5627117,abstraction:IsAChildOf,R-HSA-195258,
R-HSA-5626467,abstraction:IsAChildOf,R-HSA-195258,
R-HSA-5663213,abstraction:IsAChildOf,R-HSA-195258,
R-HSA-5625740,abstraction:IsAChildOf,R-HSA-195258,
R-HSA-5627083,abstraction:IsAChildOf,R-HSA-195258,
R-HSA-5627123,abstraction:IsAChildOf,R-HSA-195258,
R-HSA-190840,abstraction:IsAChildOf,R-HSA-190872,
R-HSA-9859138,abstraction:IsAChildOf,R-HSA-70895,
R-HSA-9658195,abstraction:IsAChildOf,R-HSA-9824443,
R-HSA-187577,abstraction:IsAChildOf,R-HSA-69656,
R-HSA-9845619,abstraction:IsAChildOf,R-HSA-9823587,
R-HSA-9845622,abstraction:IsAChildOf,R-HSA-9823587,
R-HSA-9845621,abstraction:IsAChildOf,R-HSA-9823587,
R-HSA-9846298,abstraction:IsAChildOf,R-HSA-9823587,
R-HSA-9845620,abstraction:IsAChildOf,R-HSA-9823587,
R-HSA-69601,abstraction:IsAChildOf,R-HSA-69613,
R-HSA-420499,abstraction:IsAChildOf,R-HSA-500792,
R-HSA-373080,abstraction:IsAChildOf,R-HSA-500792,
R-HSA-373076,abstraction:IsAChildOf,R-HSA-500792,
R-HSA-352238,abstraction:IsAChildOf,R-HSA-111465,
R-HSA-264870,abstraction:IsAChildOf,R-HSA-111465,
R-HSA-351906,abstraction:IsAChildOf,R-HSA-111465,
R-HSA-9662851,abstraction:IsAChildOf,R-HSA-9664433,
R-HSA-74749,abstraction:IsAChildOf,R-HSA-74751,
R-HSA-74713,abstraction:IsAChildOf,R-HSA-74751,
R-HSA-112399,abstraction:IsAChildOf,R-HSA-74751,
R-HSA-3656253,abstraction:IsAChildOf,R-HSA-3560782,
R-HSA-3560801,abstraction:IsAChildOf,R-HSA-3560782,
R-HSA-3595174,abstraction:IsAChildOf,R-HSA-3560782,
R-HSA-3656248,abstraction:IsAChildOf,R-HSA-3560782,
R-HSA-3656243,abstraction:IsAChildOf,R-HSA-3560782,
R-HSA-3595172,abstraction:IsAChildOf,R-HSA-3560782,
R-HSA-3595177,abstraction:IsAChildOf,R-HSA-3560782,
R-HSA-3656225,abstraction:IsAChildOf,R-HSA-3560782,
R-HSA-3656244,abstraction:IsAChildOf,R-HSA-3560782,
R-HSA-3656234,abstraction:IsAChildOf,R-HSA-3560782,
R-HSA-4420332,abstraction:IsAChildOf,R-HSA-3560782,
R-HSA-3560792,abstraction:IsAChildOf,R-HSA-3560782,
R-HSA-3656237,abstraction:IsAChildOf,R-HSA-3560782,
R-HSA-3560796,abstraction:IsAChildOf,R-HSA-3560782,
R-HSA-3560783,abstraction:IsAChildOf,R-HSA-3560782,
R-HSA-3359463,abstraction:IsAChildOf,R-HSA-3296469,
R-HSA-3359471,abstraction:IsAChildOf,R-HSA-3296469,
R-HSA-3359474,abstraction:IsAChildOf,R-HSA-3296469,
R-HSA-5683329,abstraction:IsAChildOf,R-HSA-3296469,
R-HSA-3359475,abstraction:IsAChildOf,R-HSA-3296469,
R-HSA-3359467,abstraction:IsAChildOf,R-HSA-3296469,
R-HSA-3359473,abstraction:IsAChildOf,R-HSA-3296469,
R-HSA-3359485,abstraction:IsAChildOf,R-HSA-3296469,
R-HSA-3359457,abstraction:IsAChildOf,R-HSA-3296469,
R-HSA-3359469,abstraction:IsAChildOf,R-HSA-3296469,
R-HSA-3359454,abstraction:IsAChildOf,R-HSA-3296469,
R-HSA-3359462,abstraction:IsAChildOf,R-HSA-3296469,
R-HSA-429947,abstraction:IsAChildOf,R-HSA-429914,
R-HSA-429958,abstraction:IsAChildOf,R-HSA-429914,
R-HSA-430039,abstraction:IsAChildOf,R-HSA-429914,
R-HSA-9609690,abstraction:IsAChildOf,R-HSA-9609646,
R-HSA-9610379,abstraction:IsAChildOf,R-HSA-9609646,
R-HSA-9706574,abstraction:IsAChildOf,R-HSA-9012999,
R-HSA-9013420,abstraction:IsAChildOf,R-HSA-9012999,
R-HSA-9013408,abstraction:IsAChildOf,R-HSA-9012999,
R-HSA-9696270,abstraction:IsAChildOf,R-HSA-9012999,
R-HSA-9013405,abstraction:IsAChildOf,R-HSA-9012999,
R-HSA-9013406,abstraction:IsAChildOf,R-HSA-9012999,
R-HSA-9013424,abstraction:IsAChildOf,R-HSA-9012999,
R-HSA-9035034,abstraction:IsAChildOf,R-HSA-9012999,
R-HSA-9696273,abstraction:IsAChildOf,R-HSA-9012999,
R-HSA-9013404,abstraction:IsAChildOf,R-HSA-9012999,
R-HSA-9013106,abstraction:IsAChildOf,R-HSA-9012999,
R-HSA-9013149,abstraction:IsAChildOf,R-HSA-9012999,
R-HSA-9013409,abstraction:IsAChildOf,R-HSA-9012999,
R-HSA-9013026,abstraction:IsAChildOf,R-HSA-9012999,
R-HSA-9013423,abstraction:IsAChildOf,R-HSA-9012999,
R-HSA-9696264,abstraction:IsAChildOf,R-HSA-9012999,
R-HSA-9013407,abstraction:IsAChildOf,R-HSA-9012999,
R-HSA-9013148,abstraction:IsAChildOf,R-HSA-9012999,
R-HSA-8980692,abstraction:IsAChildOf,R-HSA-9012999,
R-HSA-72202,abstraction:IsAChildOf,R-HSA-72203,
R-HSA-72172,abstraction:IsAChildOf,R-HSA-72203,
R-HSA-72187,abstraction:IsAChildOf,R-HSA-72203,
R-HSA-9833576,abstraction:IsAChildOf,R-HSA-9762292,
R-HSA-9820448,abstraction:IsAChildOf,R-HSA-9734767,
R-HSA-9734779,abstraction:IsAChildOf,R-HSA-9734767,
R-HSA-389958,abstraction:IsAChildOf,R-HSA-390466,
R-HSA-390471,abstraction:IsAChildOf,R-HSA-390466,
R-HSA-6814122,abstraction:IsAChildOf,R-HSA-390466,
R-HSA-3371599,abstraction:IsAChildOf,R-HSA-3323169,
R-HSA-3371598,abstraction:IsAChildOf,R-HSA-3323169,
R-HSA-9603505,abstraction:IsAChildOf,R-HSA-9034015,
R-HSA-9034013,abstraction:IsAChildOf,R-HSA-9034015,
R-HSA-9603381,abstraction:IsAChildOf,R-HSA-9034015,
R-HSA-9034864,abstraction:IsAChildOf,R-HSA-9034015,
R-HSA-9034793,abstraction:IsAChildOf,R-HSA-9034015,
R-HSA-201681,abstraction:IsAChildOf,R-HSA-195721,
R-HSA-3238698,abstraction:IsAChildOf,R-HSA-195721,
R-HSA-195253,abstraction:IsAChildOf,R-HSA-195721,
R-HSA-3858494,abstraction:IsAChildOf,R-HSA-195721,
R-HSA-191859,abstraction:IsAChildOf,R-HSA-194441,
R-HSA-9755511,abstraction:IsAChildOf,R-HSA-9711123,
R-HSA-9707564,abstraction:IsAChildOf,R-HSA-9711123,
R-HSA-3299685,abstraction:IsAChildOf,R-HSA-9711123,
R-HSA-9033807,abstraction:IsAChildOf,R-HSA-9033658,
R-HSA-9037628,abstraction:IsAChildOf,R-HSA-9033658,
R-HSA-9037629,abstraction:IsAChildOf,R-HSA-9033658,
R-HSA-2179392,abstraction:IsAChildOf,R-HSA-881907,
R-HSA-9017802,abstraction:IsAChildOf,R-HSA-9013507,
R-HSA-3295583,abstraction:IsAChildOf,R-HSA-2672351,
R-HSA-9735786,abstraction:IsAChildOf,R-HSA-9735804,
R-HSA-9734207,abstraction:IsAChildOf,R-HSA-9735804,
R-HSA-112307,abstraction:IsAChildOf,R-HSA-112316,
R-HSA-1296071,abstraction:IsAChildOf,R-HSA-112316,
R-HSA-6794362,abstraction:IsAChildOf,R-HSA-112316,
R-HSA-112315,abstraction:IsAChildOf,R-HSA-112316,
R-HSA-9735763,abstraction:IsAChildOf,R-HSA-9735786,
R-HSA-1483255,abstraction:IsAChildOf,R-HSA-1483257,
R-HSA-1483206,abstraction:IsAChildOf,R-HSA-1483257,
R-HSA-174411,abstraction:IsAChildOf,R-HSA-174417,
R-HSA-174414,abstraction:IsAChildOf,R-HSA-174417,
R-HSA-174430,abstraction:IsAChildOf,R-HSA-174417,
R-HSA-9026395,abstraction:IsAChildOf,R-HSA-9018677,
R-HSA-9020265,abstraction:IsAChildOf,R-HSA-9018677,
R-HSA-9018682,abstraction:IsAChildOf,R-HSA-9018677,
R-HSA-9018676,abstraction:IsAChildOf,R-HSA-9018677,
R-HSA-9018681,abstraction:IsAChildOf,R-HSA-9018677,
R-HSA-111996,abstraction:IsAChildOf,R-HSA-112043,
R-HSA-9912633,abstraction:IsAChildOf,R-HSA-983169,
R-HSA-1236975,abstraction:IsAChildOf,R-HSA-983169,
R-HSA-983170,abstraction:IsAChildOf,R-HSA-983169,
R-HSA-983168,abstraction:IsAChildOf,R-HSA-983169,
R-HSA-2424491,abstraction:IsAChildOf,R-HSA-2172127,
R-HSA-435354,abstraction:IsAChildOf,R-HSA-425410,
R-HSA-425986,abstraction:IsAChildOf,R-HSA-425410,
R-HSA-425561,abstraction:IsAChildOf,R-HSA-425410,
R-HSA-9669921,abstraction:IsAChildOf,R-HSA-9669938,
R-HSA-9670439,abstraction:IsAChildOf,R-HSA-9669938,
R-HSA-9680187,abstraction:IsAChildOf,R-HSA-9669938,
R-HSA-9669935,abstraction:IsAChildOf,R-HSA-9669938,
R-HSA-9669937,abstraction:IsAChildOf,R-HSA-9669938,
R-HSA-9669933,abstraction:IsAChildOf,R-HSA-9669938,
R-HSA-72764,abstraction:IsAChildOf,R-HSA-72766,
R-HSA-9948299,abstraction:IsAChildOf,R-HSA-72766,
R-HSA-379724,abstraction:IsAChildOf,R-HSA-72766,
R-HSA-72613,abstraction:IsAChildOf,R-HSA-72766,
R-HSA-5368287,abstraction:IsAChildOf,R-HSA-72766,
R-HSA-156842,abstraction:IsAChildOf,R-HSA-72766,
R-HSA-1799339,abstraction:IsAChildOf,R-HSA-72766,
R-HSA-888590,abstraction:IsAChildOf,R-HSA-112310,
R-HSA-210500,abstraction:IsAChildOf,R-HSA-112310,
R-HSA-181430,abstraction:IsAChildOf,R-HSA-112310,
R-HSA-212676,abstraction:IsAChildOf,R-HSA-112310,
R-HSA-264642,abstraction:IsAChildOf,R-HSA-112310,
R-HSA-181429,abstraction:IsAChildOf,R-HSA-112310,
R-HSA-2644607,abstraction:IsAChildOf,R-HSA-2644605,
R-HSA-8854214,abstraction:IsAChildOf,R-HSA-9007101,
R-HSA-8876198,abstraction:IsAChildOf,R-HSA-9007101,
R-HSA-1222541,abstraction:IsAChildOf,R-HSA-1222499,
R-HSA-1222449,abstraction:IsAChildOf,R-HSA-1222499,
R-HSA-1222538,abstraction:IsAChildOf,R-HSA-1222499,
R-HSA-1222387,abstraction:IsAChildOf,R-HSA-1222499,
R-HSA-6802955,abstraction:IsAChildOf,R-HSA-6802957,
R-HSA-6802946,abstraction:IsAChildOf,R-HSA-6802957,
R-HSA-6802953,abstraction:IsAChildOf,R-HSA-6802957,
R-HSA-6802948,abstraction:IsAChildOf,R-HSA-6802957,
R-HSA-9660537,abstraction:IsAChildOf,R-HSA-6802957,
R-HSA-9656223,abstraction:IsAChildOf,R-HSA-6802957,
R-HSA-9652817,abstraction:IsAChildOf,R-HSA-6802957,
R-HSA-9652169,abstraction:IsAChildOf,R-HSA-6802957,
R-HSA-6802952,abstraction:IsAChildOf,R-HSA-6802957,
R-HSA-6802949,abstraction:IsAChildOf,R-HSA-6802957,
R-HSA-173736,abstraction:IsAChildOf,R-HSA-166663,
R-HSA-166786,abstraction:IsAChildOf,R-HSA-166663,
R-HSA-167200,abstraction:IsAChildOf,R-HSA-167246,
R-HSA-418359,abstraction:IsAChildOf,R-HSA-418360,
R-HSA-139853,abstraction:IsAChildOf,R-HSA-418360,
R-HSA-209931,abstraction:IsAChildOf,R-HSA-209776,
R-HSA-209968,abstraction:IsAChildOf,R-HSA-209776,
R-HSA-209905,abstraction:IsAChildOf,R-HSA-209776,
R-HSA-164378,abstraction:IsAChildOf,R-HSA-163359,
R-HSA-166665,abstraction:IsAChildOf,R-HSA-166658,
R-HSA-977606,abstraction:IsAChildOf,R-HSA-166658,
R-HSA-166663,abstraction:IsAChildOf,R-HSA-166658,
R-HSA-174577,abstraction:IsAChildOf,R-HSA-166658,
R-HSA-9679514,abstraction:IsAChildOf,R-HSA-9678108,
R-HSA-9679509,abstraction:IsAChildOf,R-HSA-9678108,
R-HSA-9679504,abstraction:IsAChildOf,R-HSA-9678108,
R-HSA-9683701,abstraction:IsAChildOf,R-HSA-9678108,
R-HSA-9678110,abstraction:IsAChildOf,R-HSA-9678108,
R-HSA-9692914,abstraction:IsAChildOf,R-HSA-9678108,
R-HSA-2033514,abstraction:IsAChildOf,R-HSA-5655332,
R-HSA-6783984,abstraction:IsAChildOf,R-HSA-389661,
R-HSA-5357956,abstraction:IsAChildOf,R-HSA-75893,
R-HSA-5357786,abstraction:IsAChildOf,R-HSA-75893,
R-HSA-5357905,abstraction:IsAChildOf,R-HSA-75893,
R-HSA-5626978,abstraction:IsAChildOf,R-HSA-75893,
R-HSA-417973,abstraction:IsAChildOf,R-HSA-418038,
R-HSA-417957,abstraction:IsAChildOf,R-HSA-418038,
R-HSA-1433617,abstraction:IsAChildOf,R-HSA-1181150,
R-HSA-1839128,abstraction:IsAChildOf,R-HSA-5655291,
R-HSA-2995410,abstraction:IsAChildOf,R-HSA-68882,
R-HSA-2467813,abstraction:IsAChildOf,R-HSA-68882,
R-HSA-174437,abstraction:IsAChildOf,R-HSA-174414,
R-HSA-112310,abstraction:IsAChildOf,R-HSA-112315,
R-HSA-112308,abstraction:IsAChildOf,R-HSA-112315,
R-HSA-112313,abstraction:IsAChildOf,R-HSA-112315,
R-HSA-112311,abstraction:IsAChildOf,R-HSA-112315,
R-HSA-112314,abstraction:IsAChildOf,R-HSA-112315,
R-HSA-211957,abstraction:IsAChildOf,R-HSA-211981,
R-HSA-211999,abstraction:IsAChildOf,R-HSA-211981,
R-HSA-450294,abstraction:IsAChildOf,R-HSA-448424,
R-HSA-1295596,abstraction:IsAChildOf,R-HSA-5654727,
R-HSA-2514853,abstraction:IsAChildOf,R-HSA-68877,
R-HSA-380320,abstraction:IsAChildOf,R-HSA-68877,
R-HSA-9648025,abstraction:IsAChildOf,R-HSA-68877,
R-HSA-2500257,abstraction:IsAChildOf,R-HSA-68877,
R-HSA-1500620,abstraction:IsAChildOf,R-HSA-1474165,
R-HSA-9827857,abstraction:IsAChildOf,R-HSA-1474165,
R-HSA-1187000,abstraction:IsAChildOf,R-HSA-1474165,
R-HSA-163765,abstraction:IsAChildOf,R-HSA-163685,
R-HSA-163767,abstraction:IsAChildOf,R-HSA-163685,
R-HSA-163680,abstraction:IsAChildOf,R-HSA-163685,
R-HSA-163754,abstraction:IsAChildOf,R-HSA-163685,
R-HSA-163359,abstraction:IsAChildOf,R-HSA-163685,
R-HSA-422356,abstraction:IsAChildOf,R-HSA-163685,
R-HSA-163358,abstraction:IsAChildOf,R-HSA-163685,
R-HSA-68949,abstraction:IsAChildOf,R-HSA-69052,
R-HSA-69017,abstraction:IsAChildOf,R-HSA-69052,
R-HSA-111367,abstraction:IsAChildOf,R-HSA-75067,
R-HSA-77588,abstraction:IsAChildOf,R-HSA-75067,
R-HSA-77595,abstraction:IsAChildOf,R-HSA-75067,
R-HSA-3769402,abstraction:IsAChildOf,R-HSA-201681,
R-HSA-4641262,abstraction:IsAChildOf,R-HSA-201681,
R-HSA-4641263,abstraction:IsAChildOf,R-HSA-201681,
R-HSA-3772470,abstraction:IsAChildOf,R-HSA-201681,
R-HSA-4641258,abstraction:IsAChildOf,R-HSA-201681,
R-HSA-201722,abstraction:IsAChildOf,R-HSA-201681,
R-HSA-201688,abstraction:IsAChildOf,R-HSA-201681,
R-HSA-5368598,abstraction:IsAChildOf,R-HSA-201681,
R-HSA-4641257,abstraction:IsAChildOf,R-HSA-201681,
R-HSA-426048,abstraction:IsAChildOf,R-HSA-114508,
R-HSA-5607761,abstraction:IsAChildOf,R-HSA-5607764,
R-HSA-5607763,abstraction:IsAChildOf,R-HSA-5607764,
R-HSA-5660668,abstraction:IsAChildOf,R-HSA-5607764,
R-HSA-174495,abstraction:IsAChildOf,R-HSA-175474,
R-HSA-171286,abstraction:IsAChildOf,R-HSA-175474,
R-HSA-9034015,abstraction:IsAChildOf,R-HSA-166520,
R-HSA-9036866,abstraction:IsAChildOf,R-HSA-166520,
R-HSA-187037,abstraction:IsAChildOf,R-HSA-166520,
R-HSA-9006115,abstraction:IsAChildOf,R-HSA-166520,
R-HSA-2559584,abstraction:IsAChildOf,R-HSA-2559586,
R-HSA-8856828,abstraction:IsAChildOf,R-HSA-199991,
R-HSA-199977,abstraction:IsAChildOf,R-HSA-199991,
R-HSA-199992,abstraction:IsAChildOf,R-HSA-199991,
R-HSA-1445148,abstraction:IsAChildOf,R-HSA-199991,
R-HSA-917729,abstraction:IsAChildOf,R-HSA-199991,
R-HSA-6811442,abstraction:IsAChildOf,R-HSA-199991,
R-HSA-9007101,abstraction:IsAChildOf,R-HSA-199991,
R-HSA-157858,abstraction:IsAChildOf,R-HSA-199991,
R-HSA-9674415,abstraction:IsAChildOf,R-HSA-9671555,
R-HSA-9673767,abstraction:IsAChildOf,R-HSA-9671555,
R-HSA-9674428,abstraction:IsAChildOf,R-HSA-9671555,
R-HSA-9673770,abstraction:IsAChildOf,R-HSA-9671555,
R-HSA-9673768,abstraction:IsAChildOf,R-HSA-9671555,
R-HSA-9673766,abstraction:IsAChildOf,R-HSA-9671555,
R-HSA-70350,abstraction:IsAChildOf,R-HSA-5652084,
R-HSA-5652227,abstraction:IsAChildOf,R-HSA-5652084,
R-HSA-9727281,abstraction:IsAChildOf,R-HSA-9772573,
R-HSA-9694635,abstraction:IsAChildOf,R-HSA-9772573,
R-HSA-9694322,abstraction:IsAChildOf,R-HSA-9772573,
R-HSA-9733458,abstraction:IsAChildOf,R-HSA-9772573,
R-HSA-163615,abstraction:IsAChildOf,R-HSA-111931,
R-HSA-1679131,abstraction:IsAChildOf,R-HSA-168898,
R-HSA-166016,abstraction:IsAChildOf,R-HSA-168898,
R-HSA-181438,abstraction:IsAChildOf,R-HSA-168898,
R-HSA-168138,abstraction:IsAChildOf,R-HSA-168898,
R-HSA-168142,abstraction:IsAChildOf,R-HSA-168898,
R-HSA-5686938,abstraction:IsAChildOf,R-HSA-168898,
R-HSA-168181,abstraction:IsAChildOf,R-HSA-168898,
R-HSA-168176,abstraction:IsAChildOf,R-HSA-168898,
R-HSA-168164,abstraction:IsAChildOf,R-HSA-168898,
R-HSA-203641,abstraction:IsAChildOf,R-HSA-202131,
R-HSA-203754,abstraction:IsAChildOf,R-HSA-202131,
R-HSA-203615,abstraction:IsAChildOf,R-HSA-202131,
R-HSA-4411364,abstraction:IsAChildOf,R-HSA-201722,
R-HSA-450385,abstraction:IsAChildOf,R-HSA-450531,
R-HSA-450408,abstraction:IsAChildOf,R-HSA-450531,
R-HSA-450513,abstraction:IsAChildOf,R-HSA-450531,
R-HSA-450604,abstraction:IsAChildOf,R-HSA-450531,
R-HSA-450520,abstraction:IsAChildOf,R-HSA-450531,
R-HSA-9717329,abstraction:IsAChildOf,R-HSA-9700649,
R-HSA-9717264,abstraction:IsAChildOf,R-HSA-9700649,
R-HSA-9717326,abstraction:IsAChildOf,R-HSA-9700649,
R-HSA-9717319,abstraction:IsAChildOf,R-HSA-9700649,
R-HSA-9717323,abstraction:IsAChildOf,R-HSA-9700649,
R-HSA-9717301,abstraction:IsAChildOf,R-HSA-9700649,
R-HSA-9717316,abstraction:IsAChildOf,R-HSA-9700649,
R-HSA-9860931,abstraction:IsAChildOf,R-HSA-9855142,
R-HSA-9856532,abstraction:IsAChildOf,R-HSA-9855142,
R-HSA-170822,abstraction:IsAChildOf,R-HSA-70171,
R-HSA-9634600,abstraction:IsAChildOf,R-HSA-70171,
R-HSA-1500620,abstraction:IsAChildOf,R-HSA-1640170,
R-HSA-69620,abstraction:IsAChildOf,R-HSA-1640170,
R-HSA-69278,abstraction:IsAChildOf,R-HSA-1640170,
R-HSA-73886,abstraction:IsAChildOf,R-HSA-1640170,
R-HSA-9667769,abstraction:IsAChildOf,R-HSA-9662361,
R-HSA-167060,abstraction:IsAChildOf,R-HSA-9036866,
R-HSA-8875656,abstraction:IsAChildOf,R-HSA-6806834,
R-HSA-8851907,abstraction:IsAChildOf,R-HSA-6806834,
R-HSA-8865999,abstraction:IsAChildOf,R-HSA-6806834,
R-HSA-6807004,abstraction:IsAChildOf,R-HSA-6806834,
R-HSA-8875791,abstraction:IsAChildOf,R-HSA-6806834,
R-HSA-8851805,abstraction:IsAChildOf,R-HSA-6806834,
R-HSA-6806942,abstraction:IsAChildOf,R-HSA-6806834,
R-HSA-8875878,abstraction:IsAChildOf,R-HSA-6806834,
R-HSA-9837092,abstraction:IsAChildOf,R-HSA-9836573,
R-HSA-2022857,abstraction:IsAChildOf,R-HSA-1638074,
R-HSA-2022854,abstraction:IsAChildOf,R-HSA-1638074,
R-HSA-9632974,abstraction:IsAChildOf,R-HSA-9024446,
R-HSA-9623433,abstraction:IsAChildOf,R-HSA-9024446,
R-HSA-9031525,abstraction:IsAChildOf,R-HSA-9024446,
R-HSA-9029558,abstraction:IsAChildOf,R-HSA-9024446,
R-HSA-9029569,abstraction:IsAChildOf,R-HSA-9024446,
R-HSA-9031528,abstraction:IsAChildOf,R-HSA-9024446,
R-HSA-1307965,abstraction:IsAChildOf,R-HSA-190322,
R-HSA-446205,abstraction:IsAChildOf,R-HSA-446219,
R-HSA-6787639,abstraction:IsAChildOf,R-HSA-446219,
R-HSA-480985,abstraction:IsAChildOf,R-HSA-446219,
R-HSA-446199,abstraction:IsAChildOf,R-HSA-446219,
R-HSA-162699,abstraction:IsAChildOf,R-HSA-446219,
R-HSA-4085001,abstraction:IsAChildOf,R-HSA-446219,
R-HSA-446210,abstraction:IsAChildOf,R-HSA-446219,
R-HSA-2151209,abstraction:IsAChildOf,R-HSA-1592230,
R-HSA-8949613,abstraction:IsAChildOf,R-HSA-1592230,
R-HSA-2151201,abstraction:IsAChildOf,R-HSA-1592230,
R-HSA-5250981,abstraction:IsAChildOf,R-HSA-168799,
R-HSA-5250958,abstraction:IsAChildOf,R-HSA-168799,
R-HSA-5250989,abstraction:IsAChildOf,R-HSA-168799,
R-HSA-5250992,abstraction:IsAChildOf,R-HSA-168799,
R-HSA-5250968,abstraction:IsAChildOf,R-HSA-168799,
R-HSA-5250982,abstraction:IsAChildOf,R-HSA-168799,
R-HSA-5250971,abstraction:IsAChildOf,R-HSA-168799,
R-HSA-5250955,abstraction:IsAChildOf,R-HSA-168799,
R-HSA-9026766,abstraction:IsAChildOf,R-HSA-9026395,
R-HSA-9026762,abstraction:IsAChildOf,R-HSA-9026395,
R-HSA-196783,abstraction:IsAChildOf,R-HSA-199220,
R-HSA-9657689,abstraction:IsAChildOf,R-HSA-9651496,
R-HSA-9662001,abstraction:IsAChildOf,R-HSA-9651496,
R-HSA-9657688,abstraction:IsAChildOf,R-HSA-9651496,
R-HSA-9668250,abstraction:IsAChildOf,R-HSA-9651496,
R-HSA-9672383,abstraction:IsAChildOf,R-HSA-9651496,
R-HSA-349425,abstraction:IsAChildOf,R-HSA-69541,
R-HSA-68877,abstraction:IsAChildOf,R-HSA-68886,
R-HSA-68884,abstraction:IsAChildOf,R-HSA-68886,
R-HSA-68875,abstraction:IsAChildOf,R-HSA-68886,
R-HSA-2555396,abstraction:IsAChildOf,R-HSA-68886,
R-HSA-112411,abstraction:IsAChildOf,R-HSA-112409,
R-HSA-110056,abstraction:IsAChildOf,R-HSA-112409,
R-HSA-5651801,abstraction:IsAChildOf,R-HSA-110373,
R-HSA-110362,abstraction:IsAChildOf,R-HSA-110373,
R-HSA-1980143,abstraction:IsAChildOf,R-HSA-157118,
R-HSA-1980145,abstraction:IsAChildOf,R-HSA-157118,
R-HSA-1912422,abstraction:IsAChildOf,R-HSA-157118,
R-HSA-9012852,abstraction:IsAChildOf,R-HSA-157118,
R-HSA-9013694,abstraction:IsAChildOf,R-HSA-157118,
R-HSA-8949664,abstraction:IsAChildOf,R-HSA-8949215,
R-HSA-111885,abstraction:IsAChildOf,R-HSA-418594,
R-HSA-9025106,abstraction:IsAChildOf,R-HSA-9018683,
R-HSA-9025094,abstraction:IsAChildOf,R-HSA-9018683,
R-HSA-3645790,abstraction:IsAChildOf,R-HSA-3642278,
R-HSA-3642279,abstraction:IsAChildOf,R-HSA-3642278,
R-HSA-2046106,abstraction:IsAChildOf,R-HSA-2046104,
R-HSA-2046105,abstraction:IsAChildOf,R-HSA-2046104,
R-HSA-9682706,abstraction:IsAChildOf,R-HSA-9679514,
R-HSA-9682708,abstraction:IsAChildOf,R-HSA-9679514,
R-HSA-9638334,abstraction:IsAChildOf,R-HSA-9638482,
R-HSA-9927020,abstraction:IsAChildOf,R-HSA-9638482,
R-HSA-975144,abstraction:IsAChildOf,R-HSA-975138,
R-HSA-450294,abstraction:IsAChildOf,R-HSA-975138,
R-HSA-975163,abstraction:IsAChildOf,R-HSA-975138,
R-HSA-445989,abstraction:IsAChildOf,R-HSA-975138,
R-HSA-9764302,abstraction:IsAChildOf,R-HSA-9764260,
R-HSA-9759475,abstraction:IsAChildOf,R-HSA-9764260,
R-HSA-2470946,abstraction:IsAChildOf,R-HSA-68884,
R-HSA-418457,abstraction:IsAChildOf,R-HSA-392154,
R-HSA-8948700,abstraction:IsAChildOf,R-HSA-8943723,
R-HSA-9638771,abstraction:IsAChildOf,R-HSA-9638737,
R-HSA-9913143,abstraction:IsAChildOf,R-HSA-9638737,
R-HSA-8939236,abstraction:IsAChildOf,R-HSA-8878171,
R-HSA-8939242,abstraction:IsAChildOf,R-HSA-8878171,
R-HSA-8877330,abstraction:IsAChildOf,R-HSA-8878171,
R-HSA-8939246,abstraction:IsAChildOf,R-HSA-8878171,
R-HSA-8936459,abstraction:IsAChildOf,R-HSA-8878171,
R-HSA-8939243,abstraction:IsAChildOf,R-HSA-8878171,
R-HSA-8939245,abstraction:IsAChildOf,R-HSA-8878171,
R-HSA-8939247,abstraction:IsAChildOf,R-HSA-8878171,
R-HSA-8939256,abstraction:IsAChildOf,R-HSA-8878171,
R-HSA-8934593,abstraction:IsAChildOf,R-HSA-8878171,
R-HSA-8935964,abstraction:IsAChildOf,R-HSA-8878171,
R-HSA-8931987,abstraction:IsAChildOf,R-HSA-8878171,
R-HSA-209822,abstraction:IsAChildOf,R-HSA-209952,
R-HSA-210744,abstraction:IsAChildOf,R-HSA-186712,
R-HSA-210746,abstraction:IsAChildOf,R-HSA-186712,
R-HSA-210747,abstraction:IsAChildOf,R-HSA-186712,
R-HSA-210745,abstraction:IsAChildOf,R-HSA-186712,
R-HSA-9715370,abstraction:IsAChildOf,R-HSA-9716542,
R-HSA-9706019,abstraction:IsAChildOf,R-HSA-9716542,
R-HSA-194315,abstraction:IsAChildOf,R-HSA-9716542,
R-HSA-5693616,abstraction:IsAChildOf,R-HSA-5693579,
R-HSA-6790901,abstraction:IsAChildOf,R-HSA-8868773,
R-HSA-6791226,abstraction:IsAChildOf,R-HSA-8868773,
R-HSA-73728,abstraction:IsAChildOf,R-HSA-73854,
R-HSA-73762,abstraction:IsAChildOf,R-HSA-73854,
R-HSA-73772,abstraction:IsAChildOf,R-HSA-73854,
R-HSA-9937080,abstraction:IsAChildOf,R-HSA-9820448,
R-HSA-9925561,abstraction:IsAChildOf,R-HSA-9820448,
R-HSA-9925563,abstraction:IsAChildOf,R-HSA-9820448,
R-HSA-3000170,abstraction:IsAChildOf,R-HSA-3000171,
R-HSA-9913351,abstraction:IsAChildOf,R-HSA-3000171,
R-HSA-73614,abstraction:IsAChildOf,R-HSA-8956321,
R-HSA-74217,abstraction:IsAChildOf,R-HSA-8956321,
R-HSA-2644606,abstraction:IsAChildOf,R-HSA-2644602,
R-HSA-168874,abstraction:IsAChildOf,R-HSA-168316,
R-HSA-9005891,abstraction:IsAChildOf,R-HSA-9005895,
R-HSA-3065679,abstraction:IsAChildOf,R-HSA-3215018,
R-HSA-3065676,abstraction:IsAChildOf,R-HSA-3215018,
R-HSA-3065678,abstraction:IsAChildOf,R-HSA-3215018,
R-HSA-9915355,abstraction:IsAChildOf,R-HSA-9865118,
R-HSA-9914355,abstraction:IsAChildOf,R-HSA-9865118,
R-HSA-9914274,abstraction:IsAChildOf,R-HSA-9865118,
R-HSA-9916720,abstraction:IsAChildOf,R-HSA-9865118,
R-HSA-9909438,abstraction:IsAChildOf,R-HSA-9865118,
R-HSA-9865114,abstraction:IsAChildOf,R-HSA-9865118,
R-HSA-9916722,abstraction:IsAChildOf,R-HSA-9865118,
R-HSA-9912481,abstraction:IsAChildOf,R-HSA-9865118,
R-HSA-8964058,abstraction:IsAChildOf,R-HSA-8963899,
R-HSA-8964041,abstraction:IsAChildOf,R-HSA-8963899,
R-HSA-8963901,abstraction:IsAChildOf,R-HSA-8963899,
R-HSA-8963889,abstraction:IsAChildOf,R-HSA-8963899,
R-HSA-1247673,abstraction:IsAChildOf,R-HSA-1480926,
R-HSA-1237044,abstraction:IsAChildOf,R-HSA-1480926,
R-HSA-156902,abstraction:IsAChildOf,R-HSA-156842,
R-HSA-164952,abstraction:IsAChildOf,R-HSA-162909,
R-HSA-180585,abstraction:IsAChildOf,R-HSA-162909,
R-HSA-180689,abstraction:IsAChildOf,R-HSA-162909,
R-HSA-180534,abstraction:IsAChildOf,R-HSA-162909,
R-HSA-176033,abstraction:IsAChildOf,R-HSA-162909,
R-HSA-176034,abstraction:IsAChildOf,R-HSA-162909,
R-HSA-177243,abstraction:IsAChildOf,R-HSA-162909,
R-HSA-9633012,abstraction:IsAChildOf,R-HSA-9711097,
R-HSA-9639288,abstraction:IsAChildOf,R-HSA-9711097,
R-HSA-3371568,abstraction:IsAChildOf,R-HSA-3371571,
R-HSA-9752946,abstraction:IsAChildOf,R-HSA-381753,
R-HSA-141424,abstraction:IsAChildOf,R-HSA-69618,
R-HSA-141405,abstraction:IsAChildOf,R-HSA-69618,
R-HSA-9619483,abstraction:IsAChildOf,R-HSA-438064,
R-HSA-9620244,abstraction:IsAChildOf,R-HSA-438064,
R-HSA-442742,abstraction:IsAChildOf,R-HSA-438064,
R-HSA-442720,abstraction:IsAChildOf,R-HSA-438064,
R-HSA-442729,abstraction:IsAChildOf,R-HSA-438064,
R-HSA-9619229,abstraction:IsAChildOf,R-HSA-438064,
R-HSA-1358803,abstraction:IsAChildOf,R-HSA-8863795,
R-HSA-2160456,abstraction:IsAChildOf,R-HSA-5668914,
R-HSA-3296482,abstraction:IsAChildOf,R-HSA-5668914,
R-HSA-3781865,abstraction:IsAChildOf,R-HSA-5668914,
R-HSA-5579029,abstraction:IsAChildOf,R-HSA-5668914,
R-HSA-5579031,abstraction:IsAChildOf,R-HSA-5668914,
R-HSA-9865118,abstraction:IsAChildOf,R-HSA-5668914,
R-HSA-2978092,abstraction:IsAChildOf,R-HSA-5668914,
R-HSA-5687613,abstraction:IsAChildOf,R-HSA-5668914,
R-HSA-5663084,abstraction:IsAChildOf,R-HSA-5668914,
R-HSA-9735804,abstraction:IsAChildOf,R-HSA-5668914,
R-HSA-9759774,abstraction:IsAChildOf,R-HSA-5668914,
R-HSA-9032759,abstraction:IsAChildOf,R-HSA-9032500,
R-HSA-111933,abstraction:IsAChildOf,R-HSA-111997,
R-HSA-9843743,abstraction:IsAChildOf,R-HSA-9843745,
R-HSA-381340,abstraction:IsAChildOf,R-HSA-9843745,
R-HSA-189451,abstraction:IsAChildOf,R-HSA-189445,
R-HSA-189483,abstraction:IsAChildOf,R-HSA-189445,
R-HSA-977443,abstraction:IsAChildOf,R-HSA-112314,
R-HSA-451326,abstraction:IsAChildOf,R-HSA-112314,
R-HSA-399721,abstraction:IsAChildOf,R-HSA-112314,
R-HSA-181431,abstraction:IsAChildOf,R-HSA-112314,
R-HSA-442755,abstraction:IsAChildOf,R-HSA-112314,
R-HSA-379716,abstraction:IsAChildOf,R-HSA-379724,
R-HSA-379726,abstraction:IsAChildOf,R-HSA-379724,
R-HSA-2428924,abstraction:IsAChildOf,R-HSA-2404192,
R-HSA-212165,abstraction:IsAChildOf,R-HSA-74160,
R-HSA-73857,abstraction:IsAChildOf,R-HSA-74160,
R-HSA-211000,abstraction:IsAChildOf,R-HSA-74160,
R-HSA-73864,abstraction:IsAChildOf,R-HSA-74160,
R-HSA-74158,abstraction:IsAChildOf,R-HSA-74160,
R-HSA-75944,abstraction:IsAChildOf,R-HSA-74160,
R-HSA-9634638,abstraction:IsAChildOf,R-HSA-9009391,
R-HSA-9634635,abstraction:IsAChildOf,R-HSA-9009391,
R-HSA-975871,abstraction:IsAChildOf,R-HSA-168142,
R-HSA-4420097,abstraction:IsAChildOf,R-HSA-194138,
R-HSA-194306,abstraction:IsAChildOf,R-HSA-194138,
R-HSA-194313,abstraction:IsAChildOf,R-HSA-194138,
R-HSA-9704331,abstraction:IsAChildOf,R-HSA-9701193,
R-HSA-9704646,abstraction:IsAChildOf,R-HSA-9701193,
R-HSA-9705462,abstraction:IsAChildOf,R-HSA-9674555,
R-HSA-390466,abstraction:IsAChildOf,R-HSA-391251,
R-HSA-389977,abstraction:IsAChildOf,R-HSA-391251,
R-HSA-6811555,abstraction:IsAChildOf,R-HSA-6804758,
R-HSA-170660,abstraction:IsAChildOf,R-HSA-112040,
R-HSA-112043,abstraction:IsAChildOf,R-HSA-112040,
R-HSA-170670,abstraction:IsAChildOf,R-HSA-112040,
R-HSA-199977,abstraction:IsAChildOf,R-HSA-948021,
R-HSA-975576,abstraction:IsAChildOf,R-HSA-948021,
R-HSA-964739,abstraction:IsAChildOf,R-HSA-948021,
R-HSA-1650814,abstraction:IsAChildOf,R-HSA-1474290,
R-HSA-2022090,abstraction:IsAChildOf,R-HSA-1474290,
R-HSA-9851151,abstraction:IsAChildOf,R-HSA-201556,
R-HSA-9701898,abstraction:IsAChildOf,R-HSA-201556,
R-HSA-937072,abstraction:IsAChildOf,R-HSA-937061,
R-HSA-450294,abstraction:IsAChildOf,R-HSA-937061,
R-HSA-936964,abstraction:IsAChildOf,R-HSA-937061,
R-HSA-445989,abstraction:IsAChildOf,R-HSA-937061,
R-HSA-937041,abstraction:IsAChildOf,R-HSA-937061,
R-HSA-2562578,abstraction:IsAChildOf,R-HSA-937061,
R-HSA-427359,abstraction:IsAChildOf,R-HSA-5250941,
R-HSA-427413,abstraction:IsAChildOf,R-HSA-5250941,
R-HSA-6793080,abstraction:IsAChildOf,R-HSA-8868766,
R-HSA-9853506,abstraction:IsAChildOf,R-HSA-71403,
R-HSA-9854311,abstraction:IsAChildOf,R-HSA-71403,
R-HSA-8878171,abstraction:IsAChildOf,R-HSA-212436,
R-HSA-8878159,abstraction:IsAChildOf,R-HSA-212436,
R-HSA-2032785,abstraction:IsAChildOf,R-HSA-212436,
R-HSA-8853884,abstraction:IsAChildOf,R-HSA-212436,
R-HSA-9634815,abstraction:IsAChildOf,R-HSA-212436,
R-HSA-8953750,abstraction:IsAChildOf,R-HSA-212436,
R-HSA-8864260,abstraction:IsAChildOf,R-HSA-212436,
R-HSA-383280,abstraction:IsAChildOf,R-HSA-212436,
R-HSA-2173793,abstraction:IsAChildOf,R-HSA-212436,
R-HSA-8878166,abstraction:IsAChildOf,R-HSA-212436,
R-HSA-3700989,abstraction:IsAChildOf,R-HSA-212436,
R-HSA-9614085,abstraction:IsAChildOf,R-HSA-212436,
R-HSA-8986944,abstraction:IsAChildOf,R-HSA-212436,
R-HSA-350054,abstraction:IsAChildOf,R-HSA-212436,
R-HSA-5693571,abstraction:IsAChildOf,R-HSA-5693532,
R-HSA-5693538,abstraction:IsAChildOf,R-HSA-5693532,
R-HSA-5693606,abstraction:IsAChildOf,R-HSA-5693532,
R-HSA-9005895,abstraction:IsAChildOf,R-HSA-9697154,
R-HSA-1660514,abstraction:IsAChildOf,R-HSA-1483255,
R-HSA-1660537,abstraction:IsAChildOf,R-HSA-1483255,
R-HSA-1483196,abstraction:IsAChildOf,R-HSA-1483255,
R-HSA-1660508,abstraction:IsAChildOf,R-HSA-1483255,
R-HSA-1660502,abstraction:IsAChildOf,R-HSA-1483255,
R-HSA-1483248,abstraction:IsAChildOf,R-HSA-1483255,
R-HSA-6814848,abstraction:IsAChildOf,R-HSA-1483255,
R-HSA-1660517,abstraction:IsAChildOf,R-HSA-1483255,
R-HSA-1660524,abstraction:IsAChildOf,R-HSA-1483255,
R-HSA-1660499,abstraction:IsAChildOf,R-HSA-1483255,
R-HSA-1660516,abstraction:IsAChildOf,R-HSA-1483255,
R-HSA-1660510,abstraction:IsAChildOf,R-HSA-1483255,
R-HSA-8847453,abstraction:IsAChildOf,R-HSA-1483255,
R-HSA-381042,abstraction:IsAChildOf,R-HSA-381119,
R-HSA-381033,abstraction:IsAChildOf,R-HSA-381119,
R-HSA-8874211,abstraction:IsAChildOf,R-HSA-381119,
R-HSA-381070,abstraction:IsAChildOf,R-HSA-381119,
R-HSA-8874177,abstraction:IsAChildOf,R-HSA-381119,
R-HSA-5218921,abstraction:IsAChildOf,R-HSA-4420097,
R-HSA-5218920,abstraction:IsAChildOf,R-HSA-4420097,
R-HSA-9630747,abstraction:IsAChildOf,R-HSA-9675132,
R-HSA-69563,abstraction:IsAChildOf,R-HSA-69580,
R-HSA-9833482,abstraction:IsAChildOf,R-HSA-1169410,
R-HSA-1169408,abstraction:IsAChildOf,R-HSA-1169410,
R-HSA-8983711,abstraction:IsAChildOf,R-HSA-1169410,
R-HSA-9960525,abstraction:IsAChildOf,R-HSA-9686114,
R-HSA-9960519,abstraction:IsAChildOf,R-HSA-9686114,
R-HSA-9948001,abstraction:IsAChildOf,R-HSA-9686114,
R-HSA-9948011,abstraction:IsAChildOf,R-HSA-9686114,
R-HSA-75953,abstraction:IsAChildOf,R-HSA-76042,
R-HSA-73776,abstraction:IsAChildOf,R-HSA-76042,
R-HSA-5218900,abstraction:IsAChildOf,R-HSA-5675482,
R-HSA-9686347,abstraction:IsAChildOf,R-HSA-9693928,
R-HSA-427975,abstraction:IsAChildOf,R-HSA-9959399,
R-HSA-173623,abstraction:IsAChildOf,R-HSA-166786,
R-HSA-166662,abstraction:IsAChildOf,R-HSA-166786,
R-HSA-390650,abstraction:IsAChildOf,R-HSA-375280,
R-HSA-390666,abstraction:IsAChildOf,R-HSA-375280,
R-HSA-390696,abstraction:IsAChildOf,R-HSA-375280,
R-HSA-390648,abstraction:IsAChildOf,R-HSA-375280,
R-HSA-390651,abstraction:IsAChildOf,R-HSA-375280,
R-HSA-1299503,abstraction:IsAChildOf,R-HSA-1296346,
R-HSA-1299361,abstraction:IsAChildOf,R-HSA-1296346,
R-HSA-1299287,abstraction:IsAChildOf,R-HSA-1296346,
R-HSA-1299308,abstraction:IsAChildOf,R-HSA-1296346,
R-HSA-1299344,abstraction:IsAChildOf,R-HSA-1296346,
R-HSA-1299316,abstraction:IsAChildOf,R-HSA-1296346,
R-HSA-69091,abstraction:IsAChildOf,R-HSA-69186,
R-HSA-69183,abstraction:IsAChildOf,R-HSA-69186,
R-HSA-77288,abstraction:IsAChildOf,R-HSA-77289,
R-HSA-71032,abstraction:IsAChildOf,R-HSA-77289,
R-HSA-77286,abstraction:IsAChildOf,R-HSA-77289,
R-HSA-5682910,abstraction:IsAChildOf,R-HSA-1266738,
R-HSA-9830369,abstraction:IsAChildOf,R-HSA-1266738,
R-HSA-9730414,abstraction:IsAChildOf,R-HSA-1266738,
R-HSA-9690406,abstraction:IsAChildOf,R-HSA-1266738,
R-HSA-452723,abstraction:IsAChildOf,R-HSA-1266738,
R-HSA-5619507,abstraction:IsAChildOf,R-HSA-1266738,
R-HSA-9945266,abstraction:IsAChildOf,R-HSA-1266738,
R-HSA-186712,abstraction:IsAChildOf,R-HSA-1266738,
R-HSA-9843745,abstraction:IsAChildOf,R-HSA-1266738,
R-HSA-525793,abstraction:IsAChildOf,R-HSA-1266738,
R-HSA-9616222,abstraction:IsAChildOf,R-HSA-1266738,
R-HSA-1181150,abstraction:IsAChildOf,R-HSA-1266738,
R-HSA-6805567,abstraction:IsAChildOf,R-HSA-1266738,
R-HSA-9734767,abstraction:IsAChildOf,R-HSA-1266738,
R-HSA-9733709,abstraction:IsAChildOf,R-HSA-1266738,
R-HSA-9816359,abstraction:IsAChildOf,R-HSA-1266738,
R-HSA-9758941,abstraction:IsAChildOf,R-HSA-1266738,
R-HSA-9675108,abstraction:IsAChildOf,R-HSA-1266738,
R-HSA-5620912,abstraction:IsAChildOf,R-HSA-5617833,
R-HSA-5620920,abstraction:IsAChildOf,R-HSA-5617833,
R-HSA-5620924,abstraction:IsAChildOf,R-HSA-5617833,
R-HSA-975138,abstraction:IsAChildOf,R-HSA-975155,
R-HSA-975110,abstraction:IsAChildOf,R-HSA-975155,
R-HSA-9605308,abstraction:IsAChildOf,R-HSA-9675135,
R-HSA-9675136,abstraction:IsAChildOf,R-HSA-9675135,
R-HSA-5423599,abstraction:IsAChildOf,R-HSA-9675135,
R-HSA-210455,abstraction:IsAChildOf,R-HSA-112313,
R-HSA-9670621,abstraction:IsAChildOf,R-HSA-9006821,
R-HSA-400508,abstraction:IsAChildOf,R-HSA-2980736,
R-HSA-2022377,abstraction:IsAChildOf,R-HSA-2980736,
R-HSA-209952,abstraction:IsAChildOf,R-HSA-2980736,
R-HSA-264876,abstraction:IsAChildOf,R-HSA-2980736,
R-HSA-422085,abstraction:IsAChildOf,R-HSA-2980736,
R-HSA-176974,abstraction:IsAChildOf,R-HSA-69190,
R-HSA-69109,abstraction:IsAChildOf,R-HSA-69190,
R-HSA-69186,abstraction:IsAChildOf,R-HSA-69190,
R-HSA-1234176,abstraction:IsAChildOf,R-HSA-1234174,
R-HSA-1234158,abstraction:IsAChildOf,R-HSA-1234174,
R-HSA-2474795,abstraction:IsAChildOf,R-HSA-9675143,
R-HSA-165160,abstraction:IsAChildOf,R-HSA-109703,
R-HSA-427589,abstraction:IsAChildOf,R-HSA-427652,
R-HSA-9630221,abstraction:IsAChildOf,R-HSA-9616333,
R-HSA-9630222,abstraction:IsAChildOf,R-HSA-9616333,
R-HSA-5260271,abstraction:IsAChildOf,R-HSA-1643685,
R-HSA-9675151,abstraction:IsAChildOf,R-HSA-1643685,
R-HSA-9675143,abstraction:IsAChildOf,R-HSA-1643685,
R-HSA-5619115,abstraction:IsAChildOf,R-HSA-1643685,
R-HSA-9671793,abstraction:IsAChildOf,R-HSA-1643685,
R-HSA-5668914,abstraction:IsAChildOf,R-HSA-1643685,
R-HSA-5663202,abstraction:IsAChildOf,R-HSA-1643685,
R-HSA-9675126,abstraction:IsAChildOf,R-HSA-1643685,
R-HSA-9675135,abstraction:IsAChildOf,R-HSA-1643685,
R-HSA-9675132,abstraction:IsAChildOf,R-HSA-1643685,
R-HSA-9645723,abstraction:IsAChildOf,R-HSA-1643685,
R-HSA-5663205,abstraction:IsAChildOf,R-HSA-1643685,
R-HSA-9944997,abstraction:IsAChildOf,R-HSA-9944971,
R-HSA-9033500,abstraction:IsAChildOf,R-HSA-9033241,
R-HSA-9687136,abstraction:IsAChildOf,R-HSA-9687139,
R-HSA-9659787,abstraction:IsAChildOf,R-HSA-9687139,
R-HSA-5625886,abstraction:IsAChildOf,R-HSA-5625740,
R-HSA-167246,abstraction:IsAChildOf,R-HSA-167169,
R-HSA-167158,abstraction:IsAChildOf,R-HSA-167169,
R-HSA-167242,abstraction:IsAChildOf,R-HSA-167169,
R-HSA-72649,abstraction:IsAChildOf,R-HSA-72662,
R-HSA-380972,abstraction:IsAChildOf,R-HSA-165159,
R-HSA-165181,abstraction:IsAChildOf,R-HSA-165159,
R-HSA-166208,abstraction:IsAChildOf,R-HSA-165159,
R-HSA-6781827,abstraction:IsAChildOf,R-HSA-5696398,
R-HSA-5696399,abstraction:IsAChildOf,R-HSA-5696398,
R-HSA-193634,abstraction:IsAChildOf,R-HSA-193697,
R-HSA-209563,abstraction:IsAChildOf,R-HSA-193697,
R-HSA-877300,abstraction:IsAChildOf,R-HSA-913531,
R-HSA-9909505,abstraction:IsAChildOf,R-HSA-913531,
R-HSA-909733,abstraction:IsAChildOf,R-HSA-913531,
R-HSA-1169410,abstraction:IsAChildOf,R-HSA-913531,
R-HSA-2161541,abstraction:IsAChildOf,R-HSA-2161522,
R-HSA-2161517,abstraction:IsAChildOf,R-HSA-2161522,
R-HSA-5213460,abstraction:IsAChildOf,R-HSA-5218859,
R-HSA-5620971,abstraction:IsAChildOf,R-HSA-5218859,
R-HSA-6811438,abstraction:IsAChildOf,R-HSA-6811442,
R-HSA-6811440,abstraction:IsAChildOf,R-HSA-6811442,
R-HSA-8856688,abstraction:IsAChildOf,R-HSA-6811442,
R-HSA-9750126,abstraction:IsAChildOf,R-HSA-6783310,
R-HSA-3249367,abstraction:IsAChildOf,R-HSA-1834941,
R-HSA-3270619,abstraction:IsAChildOf,R-HSA-1834941,
R-HSA-380284,abstraction:IsAChildOf,R-HSA-380287,
R-HSA-380270,abstraction:IsAChildOf,R-HSA-380287,
R-HSA-9764265,abstraction:IsAChildOf,R-HSA-9764274,
R-HSA-9944971,abstraction:IsAChildOf,R-HSA-9675151,
R-HSA-9697154,abstraction:IsAChildOf,R-HSA-9675151,
R-HSA-8943723,abstraction:IsAChildOf,R-HSA-6807070,
R-HSA-8943724,abstraction:IsAChildOf,R-HSA-6807070,
R-HSA-8948747,abstraction:IsAChildOf,R-HSA-6807070,
R-HSA-8948751,abstraction:IsAChildOf,R-HSA-6807070,
R-HSA-901042,abstraction:IsAChildOf,R-HSA-532668,
R-HSA-77111,abstraction:IsAChildOf,R-HSA-74182,
R-HSA-77108,abstraction:IsAChildOf,R-HSA-74182,
R-HSA-5693554,abstraction:IsAChildOf,R-HSA-5693537,
R-HSA-5693568,abstraction:IsAChildOf,R-HSA-5693537,
R-HSA-9856872,abstraction:IsAChildOf,R-HSA-611105,
R-HSA-6799198,abstraction:IsAChildOf,R-HSA-611105,
R-HSA-9864848,abstraction:IsAChildOf,R-HSA-611105,
R-HSA-9865881,abstraction:IsAChildOf,R-HSA-611105,
R-HSA-167044,abstraction:IsAChildOf,R-HSA-187687,
R-HSA-169893,abstraction:IsAChildOf,R-HSA-187687,
R-HSA-187706,abstraction:IsAChildOf,R-HSA-187687,
R-HSA-380259,abstraction:IsAChildOf,R-HSA-380284,
R-HSA-5688354,abstraction:IsAChildOf,R-HSA-5687613,
R-HSA-5688399,abstraction:IsAChildOf,R-HSA-5687613,
R-HSA-5688890,abstraction:IsAChildOf,R-HSA-5687613,
R-HSA-5688849,abstraction:IsAChildOf,R-HSA-5687613,
R-HSA-5687583,abstraction:IsAChildOf,R-HSA-5687613,
R-HSA-5688031,abstraction:IsAChildOf,R-HSA-5687613,
R-HSA-5687868,abstraction:IsAChildOf,R-HSA-5687613,
R-HSA-9617324,abstraction:IsAChildOf,R-HSA-442755,
R-HSA-438066,abstraction:IsAChildOf,R-HSA-442755,
R-HSA-438064,abstraction:IsAChildOf,R-HSA-442755,
R-HSA-9609736,abstraction:IsAChildOf,R-HSA-442755,
R-HSA-9020558,abstraction:IsAChildOf,R-HSA-451927,
R-HSA-8985947,abstraction:IsAChildOf,R-HSA-451927,
R-HSA-912526,abstraction:IsAChildOf,R-HSA-451927,
R-HSA-9020958,abstraction:IsAChildOf,R-HSA-451927,
R-HSA-8983432,abstraction:IsAChildOf,R-HSA-451927,
R-HSA-5576891,abstraction:IsAChildOf,R-HSA-397014,
R-HSA-445355,abstraction:IsAChildOf,R-HSA-397014,
R-HSA-390522,abstraction:IsAChildOf,R-HSA-397014,
R-HSA-2514859,abstraction:IsAChildOf,R-HSA-2514856,
R-HSA-2485179,abstraction:IsAChildOf,R-HSA-2514856,
R-HSA-176409,abstraction:IsAChildOf,R-HSA-176814,
R-HSA-176412,abstraction:IsAChildOf,R-HSA-176814,
R-HSA-2408499,abstraction:IsAChildOf,R-HSA-2408522,
R-HSA-2408508,abstraction:IsAChildOf,R-HSA-2408522,
R-HSA-2408557,abstraction:IsAChildOf,R-HSA-2408522,
R-HSA-5263617,abstraction:IsAChildOf,R-HSA-2408522,
R-HSA-2408550,abstraction:IsAChildOf,R-HSA-2408522,
R-HSA-2408552,abstraction:IsAChildOf,R-HSA-2408522,
R-HSA-8964043,abstraction:IsAChildOf,R-HSA-174824,
R-HSA-8963899,abstraction:IsAChildOf,R-HSA-174824,
R-HSA-8963898,abstraction:IsAChildOf,R-HSA-174824,
R-HSA-9754560,abstraction:IsAChildOf,R-HSA-9705683,
R-HSA-9705677,abstraction:IsAChildOf,R-HSA-9705683,
R-HSA-9755779,abstraction:IsAChildOf,R-HSA-9705683,
R-HSA-9754678,abstraction:IsAChildOf,R-HSA-9705683,
R-HSA-9705671,abstraction:IsAChildOf,R-HSA-9705683,
R-HSA-9933937,abstraction:IsAChildOf,R-HSA-9932451,
R-HSA-9933939,abstraction:IsAChildOf,R-HSA-9932451,
R-HSA-9933947,abstraction:IsAChildOf,R-HSA-9932451,
R-HSA-9934037,abstraction:IsAChildOf,R-HSA-9932451,
R-HSA-9933946,abstraction:IsAChildOf,R-HSA-9932451,
R-HSA-2980766,abstraction:IsAChildOf,R-HSA-68875,
R-HSA-2465910,abstraction:IsAChildOf,R-HSA-68875,
R-HSA-162658,abstraction:IsAChildOf,R-HSA-68875,
R-HSA-2299718,abstraction:IsAChildOf,R-HSA-68875,
R-HSA-2187338,abstraction:IsAChildOf,R-HSA-9709957,
R-HSA-381753,abstraction:IsAChildOf,R-HSA-9709957,
R-HSA-9717189,abstraction:IsAChildOf,R-HSA-9709957,
R-HSA-9659379,abstraction:IsAChildOf,R-HSA-9709957,
R-HSA-159740,abstraction:IsAChildOf,R-HSA-159854,
R-HSA-159763,abstraction:IsAChildOf,R-HSA-159854,
R-HSA-159782,abstraction:IsAChildOf,R-HSA-159854,
R-HSA-629587,abstraction:IsAChildOf,R-HSA-622323,
R-HSA-629597,abstraction:IsAChildOf,R-HSA-622323,
R-HSA-112122,abstraction:IsAChildOf,R-HSA-73943,
R-HSA-112126,abstraction:IsAChildOf,R-HSA-73943,
R-HSA-9013973,abstraction:IsAChildOf,R-HSA-168164,
R-HSA-450294,abstraction:IsAChildOf,R-HSA-168164,
R-HSA-9014325,abstraction:IsAChildOf,R-HSA-168164,
R-HSA-445989,abstraction:IsAChildOf,R-HSA-168164,
R-HSA-9013957,abstraction:IsAChildOf,R-HSA-168164,
R-HSA-168927,abstraction:IsAChildOf,R-HSA-168164,
R-HSA-5619084,abstraction:IsAChildOf,R-HSA-5619115,
R-HSA-5619102,abstraction:IsAChildOf,R-HSA-5619115,
R-HSA-77289,abstraction:IsAChildOf,R-HSA-8978868,
R-HSA-75105,abstraction:IsAChildOf,R-HSA-8978868,
R-HSA-200425,abstraction:IsAChildOf,R-HSA-8978868,
R-HSA-2142753,abstraction:IsAChildOf,R-HSA-8978868,
R-HSA-2046104,abstraction:IsAChildOf,R-HSA-8978868,
R-HSA-390918,abstraction:IsAChildOf,R-HSA-8978868,
R-HSA-9939291,abstraction:IsAChildOf,R-HSA-8931838,
R-HSA-8932504,abstraction:IsAChildOf,R-HSA-8931838,
R-HSA-8932506,abstraction:IsAChildOf,R-HSA-8931838,
R-HSA-8932505,abstraction:IsAChildOf,R-HSA-8931838,
R-HSA-163282,abstraction:IsAChildOf,R-HSA-75944,
R-HSA-163316,abstraction:IsAChildOf,R-HSA-75944,
R-HSA-9613354,abstraction:IsAChildOf,R-HSA-9663891,
R-HSA-5205647,abstraction:IsAChildOf,R-HSA-9663891,
R-HSA-9646399,abstraction:IsAChildOf,R-HSA-9663891,
R-HSA-9664873,abstraction:IsAChildOf,R-HSA-9663891,
R-HSA-5684264,abstraction:IsAChildOf,R-HSA-9020702,
R-HSA-445989,abstraction:IsAChildOf,R-HSA-9020702,
R-HSA-6782135,abstraction:IsAChildOf,R-HSA-6781827,
R-HSA-6782210,abstraction:IsAChildOf,R-HSA-6781827,
R-HSA-6781823,abstraction:IsAChildOf,R-HSA-6781827,
R-HSA-9027604,abstraction:IsAChildOf,R-HSA-9018678,
R-HSA-9018679,abstraction:IsAChildOf,R-HSA-9018678,
R-HSA-9018683,abstraction:IsAChildOf,R-HSA-9018678,
R-HSA-2142700,abstraction:IsAChildOf,R-HSA-9018678,
R-HSA-9018677,abstraction:IsAChildOf,R-HSA-9018678,
R-HSA-912694,abstraction:IsAChildOf,R-HSA-909733,
R-HSA-2393930,abstraction:IsAChildOf,R-HSA-74259,
R-HSA-5617472,abstraction:IsAChildOf,R-HSA-5619507,
R-HSA-399956,abstraction:IsAChildOf,R-HSA-373755,
R-HSA-399955,abstraction:IsAChildOf,R-HSA-373755,
R-HSA-400685,abstraction:IsAChildOf,R-HSA-373755,
R-HSA-399954,abstraction:IsAChildOf,R-HSA-373755,
R-HSA-416700,abstraction:IsAChildOf,R-HSA-373755,
R-HSA-196299,abstraction:IsAChildOf,R-HSA-195253,
R-HSA-4641265,abstraction:IsAChildOf,R-HSA-195253,
R-HSA-399710,abstraction:IsAChildOf,R-HSA-399721,
R-HSA-399719,abstraction:IsAChildOf,R-HSA-399721,
R-HSA-113418,abstraction:IsAChildOf,R-HSA-75955,
R-HSA-112382,abstraction:IsAChildOf,R-HSA-75955,
R-HSA-2691232,abstraction:IsAChildOf,R-HSA-2691230,
R-HSA-416572,abstraction:IsAChildOf,R-HSA-400685,
R-HSA-416550,abstraction:IsAChildOf,R-HSA-400685,
R-HSA-5669034,abstraction:IsAChildOf,R-HSA-5668541,
R-HSA-5676594,abstraction:IsAChildOf,R-HSA-5668541,
R-HSA-5676590,abstraction:IsAChildOf,R-HSA-5668541,
R-HSA-9673013,abstraction:IsAChildOf,R-HSA-9675126,
R-HSA-9687139,abstraction:IsAChildOf,R-HSA-9675126,
R-HSA-77042,abstraction:IsAChildOf,R-HSA-75064,
R-HSA-75102,abstraction:IsAChildOf,R-HSA-75064,
R-HSA-9627069,abstraction:IsAChildOf,R-HSA-111458,
R-HSA-5205685,abstraction:IsAChildOf,R-HSA-5205647,
R-HSA-8934903,abstraction:IsAChildOf,R-HSA-5205647,
R-HSA-168255,abstraction:IsAChildOf,R-HSA-9824446,
R-HSA-9820952,abstraction:IsAChildOf,R-HSA-9824446,
R-HSA-9679506,abstraction:IsAChildOf,R-HSA-9824446,
R-HSA-162906,abstraction:IsAChildOf,R-HSA-9824446,
R-HSA-9609646,abstraction:IsAChildOf,R-HSA-9824446,
R-HSA-5358751,abstraction:IsAChildOf,R-HSA-4839743,
R-HSA-5358747,abstraction:IsAChildOf,R-HSA-4839743,
R-HSA-5358749,abstraction:IsAChildOf,R-HSA-4839743,
R-HSA-5358752,abstraction:IsAChildOf,R-HSA-4839743,
R-HSA-5358606,abstraction:IsAChildOf,R-HSA-5358508,
R-HSA-5358565,abstraction:IsAChildOf,R-HSA-5358508,
R-HSA-171007,abstraction:IsAChildOf,R-HSA-167044,
R-HSA-9820865,abstraction:IsAChildOf,R-HSA-9816359,
R-HSA-9820841,abstraction:IsAChildOf,R-HSA-9816359,
R-HSA-9821993,abstraction:IsAChildOf,R-HSA-9816359,
R-HSA-9821002,abstraction:IsAChildOf,R-HSA-9816359,
R-HSA-9819196,abstraction:IsAChildOf,R-HSA-9816359,
R-HSA-381038,abstraction:IsAChildOf,R-HSA-381070,
R-HSA-9683439,abstraction:IsAChildOf,R-HSA-9679504,
R-HSA-9684325,abstraction:IsAChildOf,R-HSA-9679504,
R-HSA-418886,abstraction:IsAChildOf,R-HSA-373752,
R-HSA-418885,abstraction:IsAChildOf,R-HSA-373752,
R-HSA-376172,abstraction:IsAChildOf,R-HSA-373752,
R-HSA-418890,abstraction:IsAChildOf,R-HSA-373752,
R-HSA-159236,abstraction:IsAChildOf,R-HSA-72202,
R-HSA-159234,abstraction:IsAChildOf,R-HSA-72202,
R-HSA-75035,abstraction:IsAChildOf,R-HSA-69473,
R-HSA-389356,abstraction:IsAChildOf,R-HSA-388841,
R-HSA-389948,abstraction:IsAChildOf,R-HSA-388841,
R-HSA-9927353,abstraction:IsAChildOf,R-HSA-388841,
R-HSA-9927354,abstraction:IsAChildOf,R-HSA-388841,
R-HSA-389513,abstraction:IsAChildOf,R-HSA-388841,
R-HSA-73930,abstraction:IsAChildOf,R-HSA-110381,
R-HSA-168268,abstraction:IsAChildOf,R-HSA-168255,
R-HSA-168275,abstraction:IsAChildOf,R-HSA-168255,
R-HSA-168277,abstraction:IsAChildOf,R-HSA-168255,
R-HSA-168270,abstraction:IsAChildOf,R-HSA-168255,
R-HSA-168271,abstraction:IsAChildOf,R-HSA-168255,
R-HSA-168273,abstraction:IsAChildOf,R-HSA-168255,
R-HSA-168274,abstraction:IsAChildOf,R-HSA-168255,
R-HSA-168276,abstraction:IsAChildOf,R-HSA-168255,
R-HSA-5334118,abstraction:IsAChildOf,R-HSA-212165,
R-HSA-5250913,abstraction:IsAChildOf,R-HSA-212165,
R-HSA-212300,abstraction:IsAChildOf,R-HSA-212165,
R-HSA-9917777,abstraction:IsAChildOf,R-HSA-212165,
R-HSA-5250941,abstraction:IsAChildOf,R-HSA-212165,
R-HSA-9842860,abstraction:IsAChildOf,R-HSA-212165,
R-HSA-5221030,abstraction:IsAChildOf,R-HSA-212165,
R-HSA-391906,abstraction:IsAChildOf,R-HSA-391903,
R-HSA-391908,abstraction:IsAChildOf,R-HSA-391903,
R-HSA-186763,abstraction:IsAChildOf,R-HSA-186797,
R-HSA-70326,abstraction:IsAChildOf,R-HSA-71387,
R-HSA-9033658,abstraction:IsAChildOf,R-HSA-71387,
R-HSA-8982491,abstraction:IsAChildOf,R-HSA-71387,
R-HSA-1630316,abstraction:IsAChildOf,R-HSA-71387,
R-HSA-8853383,abstraction:IsAChildOf,R-HSA-71387,
R-HSA-5661270,abstraction:IsAChildOf,R-HSA-71387,
R-HSA-5653890,abstraction:IsAChildOf,R-HSA-71387,
R-HSA-70370,abstraction:IsAChildOf,R-HSA-71387,
R-HSA-71336,abstraction:IsAChildOf,R-HSA-71387,
R-HSA-5652084,abstraction:IsAChildOf,R-HSA-71387,
R-HSA-9616334,abstraction:IsAChildOf,R-HSA-9605308,
R-HSA-9656249,abstraction:IsAChildOf,R-HSA-9605308,
R-HSA-9629232,abstraction:IsAChildOf,R-HSA-9605308,
R-HSA-9616333,abstraction:IsAChildOf,R-HSA-9605308,
R-HSA-9605310,abstraction:IsAChildOf,R-HSA-9605308,
R-HSA-5684996,abstraction:IsAChildOf,R-HSA-5683057,
R-HSA-5687128,abstraction:IsAChildOf,R-HSA-5683057,
R-HSA-947581,abstraction:IsAChildOf,R-HSA-196849,
R-HSA-196807,abstraction:IsAChildOf,R-HSA-196849,
R-HSA-196741,abstraction:IsAChildOf,R-HSA-196849,
R-HSA-196757,abstraction:IsAChildOf,R-HSA-196849,
R-HSA-964975,abstraction:IsAChildOf,R-HSA-196849,
R-HSA-196836,abstraction:IsAChildOf,R-HSA-196849,
R-HSA-196819,abstraction:IsAChildOf,R-HSA-196849,
R-HSA-196843,abstraction:IsAChildOf,R-HSA-196849,
R-HSA-199220,abstraction:IsAChildOf,R-HSA-196849,
R-HSA-196780,abstraction:IsAChildOf,R-HSA-196849,
R-HSA-9630794,abstraction:IsAChildOf,R-HSA-9630750,
R-HSA-9630791,abstraction:IsAChildOf,R-HSA-9630750,
R-HSA-9013700,abstraction:IsAChildOf,R-HSA-9013694,
R-HSA-9013695,abstraction:IsAChildOf,R-HSA-9013694,
R-HSA-9604323,abstraction:IsAChildOf,R-HSA-9013694,
R-HSA-9674396,abstraction:IsAChildOf,R-HSA-9674415,
R-HSA-9674404,abstraction:IsAChildOf,R-HSA-9674415,
R-HSA-9674401,abstraction:IsAChildOf,R-HSA-9674415,
R-HSA-9674403,abstraction:IsAChildOf,R-HSA-9674415,
R-HSA-189085,abstraction:IsAChildOf,R-HSA-8935690,
R-HSA-192456,abstraction:IsAChildOf,R-HSA-8935690,
R-HSA-168336,abstraction:IsAChildOf,R-HSA-168270,
R-HSA-168288,abstraction:IsAChildOf,R-HSA-168270,
R-HSA-9664323,abstraction:IsAChildOf,R-HSA-9662851,
R-HSA-9662834,abstraction:IsAChildOf,R-HSA-9662851,
R-HSA-9664535,abstraction:IsAChildOf,R-HSA-9662851,
R-HSA-9660821,abstraction:IsAChildOf,R-HSA-9662851,
R-HSA-169911,abstraction:IsAChildOf,R-HSA-109581,
R-HSA-5357769,abstraction:IsAChildOf,R-HSA-109581,
R-HSA-75153,abstraction:IsAChildOf,R-HSA-109581,
R-HSA-109606,abstraction:IsAChildOf,R-HSA-109581,
R-HSA-162710,abstraction:IsAChildOf,R-HSA-163125,
R-HSA-162699,abstraction:IsAChildOf,R-HSA-163125,
R-HSA-162791,abstraction:IsAChildOf,R-HSA-163125,
R-HSA-1257604,abstraction:IsAChildOf,R-HSA-9006925,
R-HSA-1489509,abstraction:IsAChildOf,R-HSA-9006925,
R-HSA-110320,abstraction:IsAChildOf,R-HSA-110313,
R-HSA-5655862,abstraction:IsAChildOf,R-HSA-110313,
R-HSA-110312,abstraction:IsAChildOf,R-HSA-110313,
R-HSA-5656121,abstraction:IsAChildOf,R-HSA-110313,
R-HSA-5656169,abstraction:IsAChildOf,R-HSA-110313,
R-HSA-6807047,abstraction:IsAChildOf,R-HSA-191273,
R-HSA-6807062,abstraction:IsAChildOf,R-HSA-191273,
R-HSA-2894858,abstraction:IsAChildOf,R-HSA-2644603,
R-HSA-2644605,abstraction:IsAChildOf,R-HSA-2644603,
R-HSA-2660825,abstraction:IsAChildOf,R-HSA-2644603,
R-HSA-2644602,abstraction:IsAChildOf,R-HSA-2644603,
R-HSA-2691230,abstraction:IsAChildOf,R-HSA-2644603,
R-HSA-9861718,abstraction:IsAChildOf,R-HSA-70268,
R-HSA-9861559,abstraction:IsAChildOf,R-HSA-70268,
R-HSA-179409,abstraction:IsAChildOf,R-HSA-179419,
R-HSA-174184,abstraction:IsAChildOf,R-HSA-179419,
R-HSA-9909615,abstraction:IsAChildOf,R-HSA-9909648,
R-HSA-9909620,abstraction:IsAChildOf,R-HSA-9909648,
R-HSA-9909649,abstraction:IsAChildOf,R-HSA-9909648,
R-HSA-9636003,abstraction:IsAChildOf,R-HSA-73929,
R-HSA-73928,abstraction:IsAChildOf,R-HSA-73929,
R-HSA-73927,abstraction:IsAChildOf,R-HSA-73929,
R-HSA-9730737,abstraction:IsAChildOf,R-HSA-73929,
R-HSA-611105,abstraction:IsAChildOf,R-HSA-1428517,
R-HSA-880009,abstraction:IsAChildOf,R-HSA-1428517,
R-HSA-70268,abstraction:IsAChildOf,R-HSA-1428517,
R-HSA-166187,abstraction:IsAChildOf,R-HSA-1428517,
R-HSA-163210,abstraction:IsAChildOf,R-HSA-1428517,
R-HSA-71403,abstraction:IsAChildOf,R-HSA-1428517,
R-HSA-202433,abstraction:IsAChildOf,R-HSA-202403,
R-HSA-202430,abstraction:IsAChildOf,R-HSA-202403,
R-HSA-202427,abstraction:IsAChildOf,R-HSA-202403,
R-HSA-202424,abstraction:IsAChildOf,R-HSA-202403,
R-HSA-399997,abstraction:IsAChildOf,R-HSA-422356,
R-HSA-400042,abstraction:IsAChildOf,R-HSA-422356,
R-HSA-381676,abstraction:IsAChildOf,R-HSA-422356,
R-HSA-400451,abstraction:IsAChildOf,R-HSA-422356,
R-HSA-2453864,abstraction:IsAChildOf,R-HSA-2474795,
R-HSA-6809583,abstraction:IsAChildOf,R-HSA-2474795,
R-HSA-69895,abstraction:IsAChildOf,R-HSA-69560,
R-HSA-177539,abstraction:IsAChildOf,R-HSA-162592,
R-HSA-164843,abstraction:IsAChildOf,R-HSA-162592,
R-HSA-175567,abstraction:IsAChildOf,R-HSA-162592,
R-HSA-1839126,abstraction:IsAChildOf,R-HSA-5655253,
R-HSA-6809371,abstraction:IsAChildOf,R-HSA-6805567,
R-HSA-8941413,abstraction:IsAChildOf,R-HSA-1222556,
R-HSA-9673324,abstraction:IsAChildOf,R-HSA-9664420,
R-HSA-9669934,abstraction:IsAChildOf,R-HSA-9669937,
R-HSA-9669926,abstraction:IsAChildOf,R-HSA-9669937,
R-HSA-9669917,abstraction:IsAChildOf,R-HSA-9669937,
R-HSA-9669924,abstraction:IsAChildOf,R-HSA-9669937,
R-HSA-9669914,abstraction:IsAChildOf,R-HSA-9669937,
R-HSA-9669936,abstraction:IsAChildOf,R-HSA-9669937,
R-HSA-9669929,abstraction:IsAChildOf,R-HSA-9669937,
R-HSA-9723905,abstraction:IsAChildOf,R-HSA-9723907,
R-HSA-177135,abstraction:IsAChildOf,R-HSA-159424,
R-HSA-177162,abstraction:IsAChildOf,R-HSA-159424,
R-HSA-177128,abstraction:IsAChildOf,R-HSA-159424,
R-HSA-204174,abstraction:IsAChildOf,R-HSA-9861718,
R-HSA-8862803,abstraction:IsAChildOf,R-HSA-8863678,
R-HSA-774815,abstraction:IsAChildOf,R-HSA-73886,
R-HSA-157579,abstraction:IsAChildOf,R-HSA-73886,
R-HSA-432722,abstraction:IsAChildOf,R-HSA-199992,
R-HSA-432720,abstraction:IsAChildOf,R-HSA-199992,
R-HSA-168330,abstraction:IsAChildOf,R-HSA-168274,
R-HSA-168333,abstraction:IsAChildOf,R-HSA-168274,
R-HSA-168303,abstraction:IsAChildOf,R-HSA-168268,
R-HSA-168316,abstraction:IsAChildOf,R-HSA-168268,
R-HSA-168298,abstraction:IsAChildOf,R-HSA-168268,
R-HSA-168302,abstraction:IsAChildOf,R-HSA-168268,
R-HSA-9632700,abstraction:IsAChildOf,R-HSA-9632693,
R-HSA-9632697,abstraction:IsAChildOf,R-HSA-9632693,
R-HSA-2559582,abstraction:IsAChildOf,R-HSA-2559583,
R-HSA-2559585,abstraction:IsAChildOf,R-HSA-2559583,
R-HSA-2559580,abstraction:IsAChildOf,R-HSA-2559583,
R-HSA-2559586,abstraction:IsAChildOf,R-HSA-2559583,
R-HSA-380612,abstraction:IsAChildOf,R-HSA-380615,
R-HSA-8849932,abstraction:IsAChildOf,R-HSA-6794362,
R-HSA-388844,abstraction:IsAChildOf,R-HSA-6794362,
R-HSA-6794361,abstraction:IsAChildOf,R-HSA-6794362,
R-HSA-5467348,abstraction:IsAChildOf,R-HSA-4839748,
R-HSA-5467343,abstraction:IsAChildOf,R-HSA-4839748,
R-HSA-9637698,abstraction:IsAChildOf,R-HSA-9637679,
R-HSA-9824446,abstraction:IsAChildOf,R-HSA-5663205,
R-HSA-9824443,abstraction:IsAChildOf,R-HSA-5663205,
R-HSA-9824439,abstraction:IsAChildOf,R-HSA-5663205,
R-HSA-69416,abstraction:IsAChildOf,R-HSA-140534,
R-HSA-3371378,abstraction:IsAChildOf,R-HSA-140534,
R-HSA-451307,abstraction:IsAChildOf,R-HSA-451306,
R-HSA-451308,abstraction:IsAChildOf,R-HSA-451306,
R-HSA-139915,abstraction:IsAChildOf,R-HSA-114452,
R-HSA-111447,abstraction:IsAChildOf,R-HSA-114452,
R-HSA-111446,abstraction:IsAChildOf,R-HSA-114452,
R-HSA-111448,abstraction:IsAChildOf,R-HSA-114452,
R-HSA-139910,abstraction:IsAChildOf,R-HSA-114452,
R-HSA-2473224,abstraction:IsAChildOf,R-HSA-1502540,
R-HSA-1296052,abstraction:IsAChildOf,R-HSA-1296071,
R-HSA-1296061,abstraction:IsAChildOf,R-HSA-1296071,
R-HSA-1296072,abstraction:IsAChildOf,R-HSA-1296071,
R-HSA-1296346,abstraction:IsAChildOf,R-HSA-1296071,
R-HSA-1296065,abstraction:IsAChildOf,R-HSA-1296071,
R-HSA-1474228,abstraction:IsAChildOf,R-HSA-1474244,
R-HSA-216083,abstraction:IsAChildOf,R-HSA-1474244,
R-HSA-3000157,abstraction:IsAChildOf,R-HSA-1474244,
R-HSA-1566977,abstraction:IsAChildOf,R-HSA-1474244,
R-HSA-1474290,abstraction:IsAChildOf,R-HSA-1474244,
R-HSA-1566948,abstraction:IsAChildOf,R-HSA-1474244,
R-HSA-8941237,abstraction:IsAChildOf,R-HSA-1474244,
R-HSA-3000178,abstraction:IsAChildOf,R-HSA-1474244,
R-HSA-3000171,abstraction:IsAChildOf,R-HSA-1474244,
R-HSA-173107,abstraction:IsAChildOf,R-HSA-162594,
R-HSA-162592,abstraction:IsAChildOf,R-HSA-162594,
R-HSA-162589,abstraction:IsAChildOf,R-HSA-162594,
R-HSA-162585,abstraction:IsAChildOf,R-HSA-162594,
R-HSA-350864,abstraction:IsAChildOf,R-HSA-209968,
R-HSA-9020591,abstraction:IsAChildOf,R-HSA-447115,
R-HSA-9020956,abstraction:IsAChildOf,R-HSA-447115,
R-HSA-8984722,abstraction:IsAChildOf,R-HSA-447115,
R-HSA-9020933,abstraction:IsAChildOf,R-HSA-447115,
R-HSA-1236382,abstraction:IsAChildOf,R-HSA-5637815,
R-HSA-3311021,abstraction:IsAChildOf,R-HSA-3304347,
R-HSA-9734195,abstraction:IsAChildOf,R-HSA-9734207,
R-HSA-9734281,abstraction:IsAChildOf,R-HSA-9734207,
R-HSA-9734735,abstraction:IsAChildOf,R-HSA-9734207,
R-HSA-5675221,abstraction:IsAChildOf,R-HSA-5673001,
R-HSA-5658442,abstraction:IsAChildOf,R-HSA-5673001,
R-HSA-9648002,abstraction:IsAChildOf,R-HSA-5673001,
R-HSA-5674135,abstraction:IsAChildOf,R-HSA-5673001,
R-HSA-5673000,abstraction:IsAChildOf,R-HSA-5673001,
R-HSA-2132295,abstraction:IsAChildOf,R-HSA-1280218,
R-HSA-983169,abstraction:IsAChildOf,R-HSA-1280218,
R-HSA-202403,abstraction:IsAChildOf,R-HSA-1280218,
R-HSA-8851680,abstraction:IsAChildOf,R-HSA-1280218,
R-HSA-983705,abstraction:IsAChildOf,R-HSA-1280218,
R-HSA-388841,abstraction:IsAChildOf,R-HSA-1280218,
R-HSA-392517,abstraction:IsAChildOf,R-HSA-1280218,
R-HSA-198933,abstraction:IsAChildOf,R-HSA-1280218,
R-HSA-5685939,abstraction:IsAChildOf,R-HSA-5693538,
R-HSA-5693567,abstraction:IsAChildOf,R-HSA-5693538,
R-HSA-4755583,abstraction:IsAChildOf,R-HSA-5609975,
R-HSA-4717374,abstraction:IsAChildOf,R-HSA-5609975,
R-HSA-9931929,abstraction:IsAChildOf,R-HSA-5609975,
R-HSA-4755579,abstraction:IsAChildOf,R-HSA-5609975,
R-HSA-5609976,abstraction:IsAChildOf,R-HSA-5609975,
R-HSA-5609978,abstraction:IsAChildOf,R-HSA-5609975,
R-HSA-4085023,abstraction:IsAChildOf,R-HSA-5609975,
R-HSA-4085011,abstraction:IsAChildOf,R-HSA-5609975,
R-HSA-4719360,abstraction:IsAChildOf,R-HSA-5609975,
R-HSA-4043916,abstraction:IsAChildOf,R-HSA-5609975,
R-HSA-5609977,abstraction:IsAChildOf,R-HSA-5609975,
R-HSA-5609974,abstraction:IsAChildOf,R-HSA-5609975,
R-HSA-4755609,abstraction:IsAChildOf,R-HSA-5609975,
R-HSA-4043911,abstraction:IsAChildOf,R-HSA-5609975,
R-HSA-4719377,abstraction:IsAChildOf,R-HSA-5609975,
R-HSA-432030,abstraction:IsAChildOf,R-HSA-445717,
R-HSA-432040,abstraction:IsAChildOf,R-HSA-445717,
R-HSA-432047,abstraction:IsAChildOf,R-HSA-445717,
R-HSA-211994,abstraction:IsAChildOf,R-HSA-211976,
R-HSA-420029,abstraction:IsAChildOf,R-HSA-421270,
R-HSA-418990,abstraction:IsAChildOf,R-HSA-421270,
R-HSA-373756,abstraction:IsAChildOf,R-HSA-421270,
R-HSA-109703,abstraction:IsAChildOf,R-HSA-109704,
R-HSA-165158,abstraction:IsAChildOf,R-HSA-109704,
R-HSA-9833109,abstraction:IsAChildOf,R-HSA-9833110,
R-HSA-168799,abstraction:IsAChildOf,R-HSA-5339562,
R-HSA-5210891,abstraction:IsAChildOf,R-HSA-5339562,
R-HSA-5336415,abstraction:IsAChildOf,R-HSA-5339562,
R-HSA-8942233,abstraction:IsAChildOf,R-HSA-5339562,
R-HSA-2029481,abstraction:IsAChildOf,R-HSA-2029480,
R-HSA-2029482,abstraction:IsAChildOf,R-HSA-2029480,
R-HSA-2029485,abstraction:IsAChildOf,R-HSA-2029480,
R-HSA-1462054,abstraction:IsAChildOf,R-HSA-1461973,
R-HSA-1461957,abstraction:IsAChildOf,R-HSA-1461973,
R-HSA-9924644,abstraction:IsAChildOf,R-HSA-9734779,
R-HSA-9725554,abstraction:IsAChildOf,R-HSA-9734779,
R-HSA-71291,abstraction:IsAChildOf,R-HSA-1430728,
R-HSA-211859,abstraction:IsAChildOf,R-HSA-1430728,
R-HSA-2564830,abstraction:IsAChildOf,R-HSA-1430728,
R-HSA-556833,abstraction:IsAChildOf,R-HSA-1430728,
R-HSA-15869,abstraction:IsAChildOf,R-HSA-1430728,
R-HSA-1475029,abstraction:IsAChildOf,R-HSA-1430728,
R-HSA-163685,abstraction:IsAChildOf,R-HSA-1430728,
R-HSA-1483249,abstraction:IsAChildOf,R-HSA-1430728,
R-HSA-189445,abstraction:IsAChildOf,R-HSA-1430728,
R-HSA-71387,abstraction:IsAChildOf,R-HSA-1430728,
R-HSA-71737,abstraction:IsAChildOf,R-HSA-1430728,
R-HSA-1428517,abstraction:IsAChildOf,R-HSA-1430728,
R-HSA-196854,abstraction:IsAChildOf,R-HSA-1430728,
R-HSA-202131,abstraction:IsAChildOf,R-HSA-1430728,
R-HSA-1362409,abstraction:IsAChildOf,R-HSA-1430728,
R-HSA-9762114,abstraction:IsAChildOf,R-HSA-9759194,
R-HSA-9818035,abstraction:IsAChildOf,R-HSA-9759194,
R-HSA-9818032,abstraction:IsAChildOf,R-HSA-9759194,
R-HSA-9818030,abstraction:IsAChildOf,R-HSA-9759194,
R-HSA-9818025,abstraction:IsAChildOf,R-HSA-9759194,
R-HSA-9818028,abstraction:IsAChildOf,R-HSA-9759194,
R-HSA-9818027,abstraction:IsAChildOf,R-HSA-9759194,
R-HSA-9818749,abstraction:IsAChildOf,R-HSA-9759194,
R-HSA-9818026,abstraction:IsAChildOf,R-HSA-9759194,
R-HSA-9636467,abstraction:IsAChildOf,R-HSA-9637687,
R-HSA-9636249,abstraction:IsAChildOf,R-HSA-9637687,
R-HSA-9636383,abstraction:IsAChildOf,R-HSA-9637687,
R-HSA-164944,abstraction:IsAChildOf,R-HSA-164952,
R-HSA-164938,abstraction:IsAChildOf,R-HSA-164952,
R-HSA-6804114,abstraction:IsAChildOf,R-HSA-6791312,
R-HSA-6804116,abstraction:IsAChildOf,R-HSA-6791312,
R-HSA-6804115,abstraction:IsAChildOf,R-HSA-6791312,
R-HSA-111457,abstraction:IsAChildOf,R-HSA-111471,
R-HSA-111469,abstraction:IsAChildOf,R-HSA-111471,
R-HSA-111461,abstraction:IsAChildOf,R-HSA-111471,
R-HSA-168179,abstraction:IsAChildOf,R-HSA-181438,
R-HSA-168188,abstraction:IsAChildOf,R-HSA-181438,
R-HSA-69205,abstraction:IsAChildOf,R-HSA-69206,
R-HSA-69202,abstraction:IsAChildOf,R-HSA-69206,
R-HSA-113510,abstraction:IsAChildOf,R-HSA-69206,
R-HSA-68962,abstraction:IsAChildOf,R-HSA-69206,
R-HSA-9918440,abstraction:IsAChildOf,R-HSA-2453864,
R-HSA-9918443,abstraction:IsAChildOf,R-HSA-2453864,
R-HSA-2466712,abstraction:IsAChildOf,R-HSA-2453864,
R-HSA-9918436,abstraction:IsAChildOf,R-HSA-2453864,
R-HSA-9918449,abstraction:IsAChildOf,R-HSA-2453864,
R-HSA-9918454,abstraction:IsAChildOf,R-HSA-2453864,
R-HSA-9918450,abstraction:IsAChildOf,R-HSA-2453864,
R-HSA-9918438,abstraction:IsAChildOf,R-HSA-2453864,
R-HSA-9918442,abstraction:IsAChildOf,R-HSA-2453864,
R-HSA-606279,abstraction:IsAChildOf,R-HSA-774815,
R-HSA-5632681,abstraction:IsAChildOf,R-HSA-5632684,
R-HSA-5635838,abstraction:IsAChildOf,R-HSA-5632684,
R-HSA-5635851,abstraction:IsAChildOf,R-HSA-5632684,
R-HSA-5419276,abstraction:IsAChildOf,R-HSA-5368287,
R-HSA-5368286,abstraction:IsAChildOf,R-HSA-5368287,
R-HSA-5389840,abstraction:IsAChildOf,R-HSA-5368287,
R-HSA-9937383,abstraction:IsAChildOf,R-HSA-5368287,
R-HSA-5362798,abstraction:IsAChildOf,R-HSA-5358346,
R-HSA-9637628,abstraction:IsAChildOf,R-HSA-9635486,
R-HSA-9637679,abstraction:IsAChildOf,R-HSA-9635486,
R-HSA-9637690,abstraction:IsAChildOf,R-HSA-9635486,
R-HSA-9639775,abstraction:IsAChildOf,R-HSA-9635486,
R-HSA-1222499,abstraction:IsAChildOf,R-HSA-9635486,
R-HSA-9762293,abstraction:IsAChildOf,R-HSA-9759475,
R-HSA-9762292,abstraction:IsAChildOf,R-HSA-9759475,
R-HSA-9759811,abstraction:IsAChildOf,R-HSA-9759475,
R-HSA-8849469,abstraction:IsAChildOf,R-HSA-8848021,
R-HSA-8849474,abstraction:IsAChildOf,R-HSA-8848021,
R-HSA-8849472,abstraction:IsAChildOf,R-HSA-8848021,
R-HSA-8849473,abstraction:IsAChildOf,R-HSA-8848021,
R-HSA-8849470,abstraction:IsAChildOf,R-HSA-8848021,
R-HSA-8847993,abstraction:IsAChildOf,R-HSA-8848021,
R-HSA-8849468,abstraction:IsAChildOf,R-HSA-8848021,
R-HSA-8849471,abstraction:IsAChildOf,R-HSA-8848021,
R-HSA-8857538,abstraction:IsAChildOf,R-HSA-8848021,
R-HSA-622327,abstraction:IsAChildOf,R-HSA-181431,
R-HSA-622323,abstraction:IsAChildOf,R-HSA-181431,
R-HSA-8853334,abstraction:IsAChildOf,R-HSA-2033514,
R-HSA-1839130,abstraction:IsAChildOf,R-HSA-2033514,
R-HSA-2033515,abstraction:IsAChildOf,R-HSA-2033514,
R-HSA-5654227,abstraction:IsAChildOf,R-HSA-5654708,
R-HSA-5654706,abstraction:IsAChildOf,R-HSA-5654708,
R-HSA-5654704,abstraction:IsAChildOf,R-HSA-5654708,
R-HSA-5654710,abstraction:IsAChildOf,R-HSA-5654708,
R-HSA-112399,abstraction:IsAChildOf,R-HSA-2428928,
R-HSA-9768759,abstraction:IsAChildOf,R-HSA-9634815,
R-HSA-9768919,abstraction:IsAChildOf,R-HSA-9634815,
R-HSA-9022535,abstraction:IsAChildOf,R-HSA-9005891,
R-HSA-9022534,abstraction:IsAChildOf,R-HSA-9005891,
R-HSA-9022537,abstraction:IsAChildOf,R-HSA-9005891,
R-HSA-9022538,abstraction:IsAChildOf,R-HSA-9005891,
R-HSA-5223345,abstraction:IsAChildOf,R-HSA-382551,
R-HSA-8981607,abstraction:IsAChildOf,R-HSA-382551,
R-HSA-445717,abstraction:IsAChildOf,R-HSA-382551,
R-HSA-8949215,abstraction:IsAChildOf,R-HSA-382551,
R-HSA-174824,abstraction:IsAChildOf,R-HSA-382551,
R-HSA-425407,abstraction:IsAChildOf,R-HSA-382551,
R-HSA-917937,abstraction:IsAChildOf,R-HSA-382551,
R-HSA-382556,abstraction:IsAChildOf,R-HSA-382551,
R-HSA-9845576,abstraction:IsAChildOf,R-HSA-382551,
R-HSA-983712,abstraction:IsAChildOf,R-HSA-382551,
R-HSA-1480926,abstraction:IsAChildOf,R-HSA-382551,
R-HSA-446219,abstraction:IsAChildOf,R-HSA-446193,
R-HSA-9758890,abstraction:IsAChildOf,R-HSA-196741,
R-HSA-9759218,abstraction:IsAChildOf,R-HSA-196741,
R-HSA-9758881,abstraction:IsAChildOf,R-HSA-196741,
R-HSA-69231,abstraction:IsAChildOf,R-HSA-69236,
R-HSA-9772755,abstraction:IsAChildOf,R-HSA-9917777,
R-HSA-9818564,abstraction:IsAChildOf,R-HSA-9917777,
R-HSA-381771,abstraction:IsAChildOf,R-HSA-400508,
R-HSA-400511,abstraction:IsAChildOf,R-HSA-400508,
R-HSA-1839124,abstraction:IsAChildOf,R-HSA-5655302,
R-HSA-73817,abstraction:IsAChildOf,R-HSA-8956320,
R-HSA-500753,abstraction:IsAChildOf,R-HSA-8956320,
R-HSA-3323169,abstraction:IsAChildOf,R-HSA-3296482,
R-HSA-3296469,abstraction:IsAChildOf,R-HSA-3296482,
R-HSA-140834,abstraction:IsAChildOf,R-HSA-140877,
R-HSA-140875,abstraction:IsAChildOf,R-HSA-140877,
R-HSA-140837,abstraction:IsAChildOf,R-HSA-140877,
R-HSA-9634285,abstraction:IsAChildOf,R-HSA-1227990,
R-HSA-9665737,abstraction:IsAChildOf,R-HSA-1227990,
R-HSA-9664565,abstraction:IsAChildOf,R-HSA-1227990,
R-HSA-9665348,abstraction:IsAChildOf,R-HSA-1227990,
R-HSA-9665230,abstraction:IsAChildOf,R-HSA-1227990,
R-HSA-9665686,abstraction:IsAChildOf,R-HSA-1227990,
R-HSA-422475,abstraction:IsAChildOf,R-HSA-9675108,
R-HSA-9619665,abstraction:IsAChildOf,R-HSA-9675108,
R-HSA-446343,abstraction:IsAChildOf,R-HSA-446353,
R-HSA-446388,abstraction:IsAChildOf,R-HSA-446353,
R-HSA-195258,abstraction:IsAChildOf,R-HSA-194315,
R-HSA-9012999,abstraction:IsAChildOf,R-HSA-194315,
R-HSA-447115,abstraction:IsAChildOf,R-HSA-449147,
R-HSA-449836,abstraction:IsAChildOf,R-HSA-449147,
R-HSA-512988,abstraction:IsAChildOf,R-HSA-449147,
R-HSA-8854691,abstraction:IsAChildOf,R-HSA-449147,
R-HSA-446652,abstraction:IsAChildOf,R-HSA-449147,
R-HSA-6785807,abstraction:IsAChildOf,R-HSA-449147,
R-HSA-1266695,abstraction:IsAChildOf,R-HSA-449147,
R-HSA-6783589,abstraction:IsAChildOf,R-HSA-449147,
R-HSA-448424,abstraction:IsAChildOf,R-HSA-449147,
R-HSA-6783783,abstraction:IsAChildOf,R-HSA-449147,
R-HSA-451927,abstraction:IsAChildOf,R-HSA-449147,
R-HSA-111464,abstraction:IsAChildOf,R-HSA-111469,
R-HSA-111463,abstraction:IsAChildOf,R-HSA-111469,
R-HSA-1295596,abstraction:IsAChildOf,R-HSA-5654726,
R-HSA-9026290,abstraction:IsAChildOf,R-HSA-9025094,
R-HSA-9026286,abstraction:IsAChildOf,R-HSA-9025094,
R-HSA-9026403,abstraction:IsAChildOf,R-HSA-9025094,
R-HSA-500657,abstraction:IsAChildOf,R-HSA-451326,
R-HSA-451306,abstraction:IsAChildOf,R-HSA-451326,
R-HSA-176417,abstraction:IsAChildOf,R-HSA-176408,
R-HSA-174113,abstraction:IsAChildOf,R-HSA-176408,
R-HSA-141405,abstraction:IsAChildOf,R-HSA-176408,
R-HSA-5365859,abstraction:IsAChildOf,R-HSA-5362517,
R-HSA-6807505,abstraction:IsAChildOf,R-HSA-73857,
R-HSA-212436,abstraction:IsAChildOf,R-HSA-73857,
R-HSA-674695,abstraction:IsAChildOf,R-HSA-73857,
R-HSA-73856,abstraction:IsAChildOf,R-HSA-73857,
R-HSA-73779,abstraction:IsAChildOf,R-HSA-73857,
R-HSA-77075,abstraction:IsAChildOf,R-HSA-73857,
R-HSA-76042,abstraction:IsAChildOf,R-HSA-73857,
R-HSA-75955,abstraction:IsAChildOf,R-HSA-73857,
R-HSA-2142770,abstraction:IsAChildOf,R-HSA-2142753,
R-HSA-2142816,abstraction:IsAChildOf,R-HSA-2142753,
R-HSA-2142688,abstraction:IsAChildOf,R-HSA-2142753,
R-HSA-2142696,abstraction:IsAChildOf,R-HSA-2142753,
R-HSA-2142670,abstraction:IsAChildOf,R-HSA-2142753,
R-HSA-2142691,abstraction:IsAChildOf,R-HSA-2142753,
R-HSA-2142712,abstraction:IsAChildOf,R-HSA-2142753,
R-HSA-2162123,abstraction:IsAChildOf,R-HSA-2142753,
R-HSA-73887,abstraction:IsAChildOf,R-HSA-162582,
R-HSA-195721,abstraction:IsAChildOf,R-HSA-162582,
R-HSA-354192,abstraction:IsAChildOf,R-HSA-162582,
R-HSA-9006931,abstraction:IsAChildOf,R-HSA-162582,
R-HSA-9716542,abstraction:IsAChildOf,R-HSA-162582,
R-HSA-2586552,abstraction:IsAChildOf,R-HSA-162582,
R-HSA-372790,abstraction:IsAChildOf,R-HSA-162582,
R-HSA-2028269,abstraction:IsAChildOf,R-HSA-162582,
R-HSA-5358351,abstraction:IsAChildOf,R-HSA-162582,
R-HSA-9006335,abstraction:IsAChildOf,R-HSA-162582,
R-HSA-9006925,abstraction:IsAChildOf,R-HSA-162582,
R-HSA-165159,abstraction:IsAChildOf,R-HSA-162582,
R-HSA-5683057,abstraction:IsAChildOf,R-HSA-162582,
R-HSA-157118,abstraction:IsAChildOf,R-HSA-162582,
R-HSA-9006927,abstraction:IsAChildOf,R-HSA-162582,
R-HSA-9006934,abstraction:IsAChildOf,R-HSA-162582,
R-HSA-9006936,abstraction:IsAChildOf,R-HSA-162582,
R-HSA-5579016,abstraction:IsAChildOf,R-HSA-5579029,
R-HSA-5579027,abstraction:IsAChildOf,R-HSA-5579029,
R-HSA-5579021,abstraction:IsAChildOf,R-HSA-5579029,
R-HSA-5579000,abstraction:IsAChildOf,R-HSA-5579029,
R-HSA-5579006,abstraction:IsAChildOf,R-HSA-5579029,
R-HSA-5579030,abstraction:IsAChildOf,R-HSA-5579029,
R-HSA-5579028,abstraction:IsAChildOf,R-HSA-5579029,
R-HSA-5579015,abstraction:IsAChildOf,R-HSA-5579029,
R-HSA-5579020,abstraction:IsAChildOf,R-HSA-5579029,
R-HSA-5579011,abstraction:IsAChildOf,R-HSA-5579029,
R-HSA-5579026,abstraction:IsAChildOf,R-HSA-5579029,
R-HSA-5579010,abstraction:IsAChildOf,R-HSA-5579029,
R-HSA-5578998,abstraction:IsAChildOf,R-HSA-5579029,
R-HSA-5579022,abstraction:IsAChildOf,R-HSA-5579029,
R-HSA-5579002,abstraction:IsAChildOf,R-HSA-5579029,
R-HSA-5578995,abstraction:IsAChildOf,R-HSA-5579029,
R-HSA-5579004,abstraction:IsAChildOf,R-HSA-5579029,
R-HSA-5579007,abstraction:IsAChildOf,R-HSA-5579029,
R-HSA-5579005,abstraction:IsAChildOf,R-HSA-5579029,
R-HSA-5579013,abstraction:IsAChildOf,R-HSA-5579029,
R-HSA-5579012,abstraction:IsAChildOf,R-HSA-5579029,
R-HSA-5579017,abstraction:IsAChildOf,R-HSA-5579029,
R-HSA-5578996,abstraction:IsAChildOf,R-HSA-5579029,
R-HSA-5578997,abstraction:IsAChildOf,R-HSA-5579029,
R-HSA-5579014,abstraction:IsAChildOf,R-HSA-5579029,
R-HSA-5579024,abstraction:IsAChildOf,R-HSA-5579029,
R-HSA-5579019,abstraction:IsAChildOf,R-HSA-5579029,
R-HSA-5579009,abstraction:IsAChildOf,R-HSA-5579029,
R-HSA-5579032,abstraction:IsAChildOf,R-HSA-5579029,
R-HSA-5578999,abstraction:IsAChildOf,R-HSA-5579029,
R-HSA-9035968,abstraction:IsAChildOf,R-HSA-5579029,
R-HSA-211163,abstraction:IsAChildOf,R-HSA-210745,
R-HSA-1295596,abstraction:IsAChildOf,R-HSA-5654732,
R-HSA-211945,abstraction:IsAChildOf,R-HSA-211859,
R-HSA-156580,abstraction:IsAChildOf,R-HSA-211859,
R-HSA-5423646,abstraction:IsAChildOf,R-HSA-211859,
R-HSA-9694682,abstraction:IsAChildOf,R-HSA-9772572,
R-HSA-9694676,abstraction:IsAChildOf,R-HSA-9772572,
R-HSA-9694614,abstraction:IsAChildOf,R-HSA-9772572,
R-HSA-3000484,abstraction:IsAChildOf,R-HSA-2173782,
R-HSA-3000480,abstraction:IsAChildOf,R-HSA-2173782,
R-HSA-2168880,abstraction:IsAChildOf,R-HSA-2173782,
R-HSA-3000497,abstraction:IsAChildOf,R-HSA-2173782,
R-HSA-3000471,abstraction:IsAChildOf,R-HSA-2173782,
R-HSA-418217,abstraction:IsAChildOf,R-HSA-397795,
R-HSA-392451,abstraction:IsAChildOf,R-HSA-397795,
R-HSA-8964315,abstraction:IsAChildOf,R-HSA-397795,
R-HSA-8964616,abstraction:IsAChildOf,R-HSA-397795,
R-HSA-174143,abstraction:IsAChildOf,R-HSA-453276,
R-HSA-4549356,abstraction:IsAChildOf,R-HSA-3781860,
R-HSA-4549380,abstraction:IsAChildOf,R-HSA-3781860,
R-HSA-4720489,abstraction:IsAChildOf,R-HSA-3781860,
R-HSA-4793952,abstraction:IsAChildOf,R-HSA-3781860,
R-HSA-4793954,abstraction:IsAChildOf,R-HSA-3781860,
R-HSA-4570571,abstraction:IsAChildOf,R-HSA-3781860,
R-HSA-4793950,abstraction:IsAChildOf,R-HSA-3781860,
R-HSA-4793953,abstraction:IsAChildOf,R-HSA-3781860,
R-HSA-4549349,abstraction:IsAChildOf,R-HSA-3781860,
R-HSA-4724289,abstraction:IsAChildOf,R-HSA-3781860,
R-HSA-4341670,abstraction:IsAChildOf,R-HSA-3781860,
R-HSA-5633231,abstraction:IsAChildOf,R-HSA-3781860,
R-HSA-4720454,abstraction:IsAChildOf,R-HSA-3781860,
R-HSA-4724325,abstraction:IsAChildOf,R-HSA-3781860,
R-HSA-4687000,abstraction:IsAChildOf,R-HSA-3781860,
R-HSA-4551295,abstraction:IsAChildOf,R-HSA-3781860,
R-HSA-4720475,abstraction:IsAChildOf,R-HSA-3781860,
R-HSA-3322077,abstraction:IsAChildOf,R-HSA-8982491,
R-HSA-70221,abstraction:IsAChildOf,R-HSA-8982491,
R-HSA-9754119,abstraction:IsAChildOf,R-HSA-69231,
R-HSA-190861,abstraction:IsAChildOf,R-HSA-190828,
R-HSA-190873,abstraction:IsAChildOf,R-HSA-190828,
R-HSA-420597,abstraction:IsAChildOf,R-HSA-418990,
R-HSA-9759476,abstraction:IsAChildOf,R-HSA-418990,
R-HSA-164940,abstraction:IsAChildOf,R-HSA-164938,
R-HSA-167590,abstraction:IsAChildOf,R-HSA-164938,
R-HSA-182218,abstraction:IsAChildOf,R-HSA-164938,
R-HSA-164939,abstraction:IsAChildOf,R-HSA-164938,
R-HSA-114508,abstraction:IsAChildOf,R-HSA-416476,
R-HSA-881907,abstraction:IsAChildOf,R-HSA-416476,
R-HSA-9630750,abstraction:IsAChildOf,R-HSA-9630747,
R-HSA-9632693,abstraction:IsAChildOf,R-HSA-9630747,
R-HSA-9646303,abstraction:IsAChildOf,R-HSA-9630747,
R-HSA-9646304,abstraction:IsAChildOf,R-HSA-9630747,
R-HSA-9931521,abstraction:IsAChildOf,R-HSA-9909396,
R-HSA-9931509,abstraction:IsAChildOf,R-HSA-9909396,
R-HSA-9931512,abstraction:IsAChildOf,R-HSA-9909396,
R-HSA-1368108,abstraction:IsAChildOf,R-HSA-9909396,
R-HSA-9933387,abstraction:IsAChildOf,R-HSA-9909396,
R-HSA-9931529,abstraction:IsAChildOf,R-HSA-9909396,
R-HSA-9931530,abstraction:IsAChildOf,R-HSA-9909396,
R-HSA-9932298,abstraction:IsAChildOf,R-HSA-9909396,
R-HSA-9931510,abstraction:IsAChildOf,R-HSA-9909396,
R-HSA-453276,abstraction:IsAChildOf,R-HSA-69278,
R-HSA-453274,abstraction:IsAChildOf,R-HSA-69278,
R-HSA-68886,abstraction:IsAChildOf,R-HSA-69278,
R-HSA-69242,abstraction:IsAChildOf,R-HSA-69278,
R-HSA-453279,abstraction:IsAChildOf,R-HSA-69278,
R-HSA-936837,abstraction:IsAChildOf,R-HSA-983712,
R-HSA-2672351,abstraction:IsAChildOf,R-HSA-983712,
R-HSA-9932451,abstraction:IsAChildOf,R-HSA-9932444,
R-HSA-844455,abstraction:IsAChildOf,R-HSA-622312,
R-HSA-844456,abstraction:IsAChildOf,R-HSA-622312,
R-HSA-844615,abstraction:IsAChildOf,R-HSA-622312,
R-HSA-844623,abstraction:IsAChildOf,R-HSA-622312,
R-HSA-5624958,abstraction:IsAChildOf,R-HSA-5620920,
R-HSA-5624138,abstraction:IsAChildOf,R-HSA-5620920,
R-HSA-5620922,abstraction:IsAChildOf,R-HSA-5620920,
R-HSA-5620916,abstraction:IsAChildOf,R-HSA-5620920,
R-HSA-2022923,abstraction:IsAChildOf,R-HSA-1793185,
R-HSA-2022870,abstraction:IsAChildOf,R-HSA-1793185,
R-HSA-2024101,abstraction:IsAChildOf,R-HSA-1793185,
R-HSA-9664422,abstraction:IsAChildOf,R-HSA-9664417,
R-HSA-9828642,abstraction:IsAChildOf,R-HSA-9820965,
R-HSA-9834752,abstraction:IsAChildOf,R-HSA-9820965,
R-HSA-9828721,abstraction:IsAChildOf,R-HSA-9820965,
R-HSA-9828806,abstraction:IsAChildOf,R-HSA-9820965,
R-HSA-6807070,abstraction:IsAChildOf,R-HSA-1257604,
R-HSA-199418,abstraction:IsAChildOf,R-HSA-1257604,
R-HSA-198693,abstraction:IsAChildOf,R-HSA-1257604,
R-HSA-198323,abstraction:IsAChildOf,R-HSA-1257604,
R-HSA-180897,abstraction:IsAChildOf,R-HSA-176033,
R-HSA-180910,abstraction:IsAChildOf,R-HSA-176033,
R-HSA-3785653,abstraction:IsAChildOf,R-HSA-3229121,
R-HSA-3274531,abstraction:IsAChildOf,R-HSA-3229121,
R-HSA-3858516,abstraction:IsAChildOf,R-HSA-3229121,
R-HSA-3828062,abstraction:IsAChildOf,R-HSA-3229121,
R-HSA-3229133,abstraction:IsAChildOf,R-HSA-3229121,
R-HSA-3282872,abstraction:IsAChildOf,R-HSA-3229121,
R-HSA-3878781,abstraction:IsAChildOf,R-HSA-3229121,
R-HSA-5357609,abstraction:IsAChildOf,R-HSA-3229121,
R-HSA-3814836,abstraction:IsAChildOf,R-HSA-3229121,
R-HSA-416993,abstraction:IsAChildOf,R-HSA-399719,
R-HSA-1912399,abstraction:IsAChildOf,R-HSA-1912422,
R-HSA-1912420,abstraction:IsAChildOf,R-HSA-1912422,
R-HSA-1912408,abstraction:IsAChildOf,R-HSA-1912422,
R-HSA-196025,abstraction:IsAChildOf,R-HSA-190873,
R-HSA-9766229,abstraction:IsAChildOf,R-HSA-9764561,
R-HSA-1474151,abstraction:IsAChildOf,R-HSA-8978934,
R-HSA-389542,abstraction:IsAChildOf,R-HSA-8978934,
R-HSA-2142789,abstraction:IsAChildOf,R-HSA-8978934,
R-HSA-1280218,abstraction:IsAChildOf,R-HSA-168256,
R-HSA-168249,abstraction:IsAChildOf,R-HSA-168256,
R-HSA-1280215,abstraction:IsAChildOf,R-HSA-168256,
R-HSA-8876493,abstraction:IsAChildOf,R-HSA-8876384,
R-HSA-8875360,abstraction:IsAChildOf,R-HSA-8876384,
R-HSA-8868773,abstraction:IsAChildOf,R-HSA-72312,
R-HSA-8868766,abstraction:IsAChildOf,R-HSA-72312,
R-HSA-190373,abstraction:IsAChildOf,R-HSA-190242,
R-HSA-190370,abstraction:IsAChildOf,R-HSA-190242,
R-HSA-190374,abstraction:IsAChildOf,R-HSA-190242,
R-HSA-2160916,abstraction:IsAChildOf,R-HSA-2142845,
R-HSA-9759194,abstraction:IsAChildOf,R-HSA-9755511,
R-HSA-9708530,abstraction:IsAChildOf,R-HSA-9755511,
R-HSA-6796648,abstraction:IsAChildOf,R-HSA-3700989,
R-HSA-5628897,abstraction:IsAChildOf,R-HSA-3700989,
R-HSA-6791312,abstraction:IsAChildOf,R-HSA-3700989,
R-HSA-5633007,abstraction:IsAChildOf,R-HSA-3700989,
R-HSA-5633008,abstraction:IsAChildOf,R-HSA-3700989,
R-HSA-3304347,abstraction:IsAChildOf,R-HSA-3304351,
R-HSA-3656534,abstraction:IsAChildOf,R-HSA-3304351,
R-HSA-3304349,abstraction:IsAChildOf,R-HSA-3304351,
R-HSA-3642278,abstraction:IsAChildOf,R-HSA-3304351,
R-HSA-159231,abstraction:IsAChildOf,R-HSA-159234,
R-HSA-159230,abstraction:IsAChildOf,R-HSA-159234,
R-HSA-159227,abstraction:IsAChildOf,R-HSA-159234,
R-HSA-5602358,abstraction:IsAChildOf,R-HSA-5260271,
R-HSA-9652282,abstraction:IsAChildOf,R-HSA-1227986,
R-HSA-8863795,abstraction:IsAChildOf,R-HSA-1227986,
R-HSA-1251932,abstraction:IsAChildOf,R-HSA-1227986,
R-HSA-1250196,abstraction:IsAChildOf,R-HSA-1227986,
R-HSA-1306955,abstraction:IsAChildOf,R-HSA-1227986,
R-HSA-6785631,abstraction:IsAChildOf,R-HSA-1227986,
R-HSA-8847993,abstraction:IsAChildOf,R-HSA-1227986,
R-HSA-1963640,abstraction:IsAChildOf,R-HSA-1227986,
R-HSA-1963642,abstraction:IsAChildOf,R-HSA-1227986,
R-HSA-1461973,abstraction:IsAChildOf,R-HSA-6803157,
R-HSA-6799990,abstraction:IsAChildOf,R-HSA-6803157,
R-HSA-6803544,abstraction:IsAChildOf,R-HSA-6803157,
R-HSA-5250924,abstraction:IsAChildOf,R-HSA-5250913,
R-HSA-427389,abstraction:IsAChildOf,R-HSA-5250913,
R-HSA-9027276,abstraction:IsAChildOf,R-HSA-9006335,
R-HSA-9027277,abstraction:IsAChildOf,R-HSA-9006335,
R-HSA-9027284,abstraction:IsAChildOf,R-HSA-9006335,
R-HSA-9027283,abstraction:IsAChildOf,R-HSA-9006335,
R-HSA-191650,abstraction:IsAChildOf,R-HSA-157858,
R-HSA-190828,abstraction:IsAChildOf,R-HSA-157858,
R-HSA-9954716,abstraction:IsAChildOf,R-HSA-9948299,
R-HSA-9954709,abstraction:IsAChildOf,R-HSA-9948299,
R-HSA-9954714,abstraction:IsAChildOf,R-HSA-9948299,
R-HSA-9930044,abstraction:IsAChildOf,R-HSA-8953854,
R-HSA-927802,abstraction:IsAChildOf,R-HSA-8953854,
R-HSA-9937008,abstraction:IsAChildOf,R-HSA-8953854,
R-HSA-450531,abstraction:IsAChildOf,R-HSA-8953854,
R-HSA-75067,abstraction:IsAChildOf,R-HSA-8953854,
R-HSA-428359,abstraction:IsAChildOf,R-HSA-8953854,
R-HSA-9836573,abstraction:IsAChildOf,R-HSA-8953854,
R-HSA-72086,abstraction:IsAChildOf,R-HSA-8953854,
R-HSA-75072,abstraction:IsAChildOf,R-HSA-8953854,
R-HSA-194441,abstraction:IsAChildOf,R-HSA-8953854,
R-HSA-72312,abstraction:IsAChildOf,R-HSA-8953854,
R-HSA-72306,abstraction:IsAChildOf,R-HSA-8953854,
R-HSA-429914,abstraction:IsAChildOf,R-HSA-8953854,
R-HSA-72203,abstraction:IsAChildOf,R-HSA-8953854,
R-HSA-1474151,abstraction:NextStepPathway,R-HSA-9009391,0
R-HSA-1474151,abstraction:NextStepPathway,R-HSA-203615,2.1411286746640528
R-HSA-1474151,abstraction:NextStepPathway,R-HSA-5218920,0
R-HSA-434313,abstraction:NextStepPathway,R-HSA-200425,2.1411286746640528
R-HSA-174411,abstraction:NextStepPathway,R-HSA-174414,6.559969282460651
R-HSA-1912399,abstraction:NextStepPathway,R-HSA-1912420,6.559969282460651
R-HSA-429947,abstraction:NextStepPathway,R-HSA-9820865,0
R-HSA-429947,abstraction:NextStepPathway,R-HSA-429958,6.847651354912432
R-HSA-429947,abstraction:NextStepPathway,R-HSA-430039,6.847651354912432
R-HSA-72649,abstraction:NextStepPathway,R-HSA-72702,6.000353494525228
R-HSA-72649,abstraction:NextStepPathway,R-HSA-156827,5.749039066244322
R-HSA-5654227,abstraction:NextStepPathway,R-HSA-2029485,0
R-HSA-5654227,abstraction:NextStepPathway,R-HSA-5218921,2.928983806765617
R-HSA-5654227,abstraction:NextStepPathway,R-HSA-1489509,1.9228160506195084
R-HSA-111458,abstraction:NextStepPathway,R-HSA-9627069,6.847651354912432
R-HSA-111458,abstraction:NextStepPathway,R-HSA-111459,6.847651354912432
R-HSA-977443,abstraction:NextStepPathway,R-HSA-1236394,0
R-HSA-1855167,abstraction:NextStepPathway,R-HSA-1855184,5.461356993792541
R-HSA-1855167,abstraction:NextStepPathway,R-HSA-5675482,0
R-HSA-1855167,abstraction:NextStepPathway,R-HSA-1855229,5.461356993792541
R-HSA-425410,abstraction:NextStepPathway,R-HSA-1222556,0
R-HSA-425410,abstraction:NextStepPathway,R-HSA-917937,3.683583766539226
R-HSA-425410,abstraction:NextStepPathway,R-HSA-6803544,0
R-HSA-166665,abstraction:NextStepPathway,R-HSA-977606,5.749039066244322
R-HSA-5358346,abstraction:NextStepPathway,R-HSA-5362798,5.643678550586496
R-HSA-2408499,abstraction:NextStepPathway,R-HSA-2408508,6.154504174352486
R-HSA-2408499,abstraction:NextStepPathway,R-HSA-5263617,6.154504174352486
R-HSA-2408499,abstraction:NextStepPathway,R-HSA-2408550,6.154504174352486
R-HSA-2408499,abstraction:NextStepPathway,R-HSA-2408552,6.154504174352486
R-HSA-209931,abstraction:NextStepPathway,R-HSA-181429,0
R-HSA-9707587,abstraction:NextStepPathway,R-HSA-917937,0
R-HSA-9707587,abstraction:NextStepPathway,R-HSA-9707564,5.238213442478331
R-HSA-9707587,abstraction:NextStepPathway,R-HSA-189483,0
R-HSA-167021,abstraction:NextStepPathway,R-HSA-2029485,0
R-HSA-167021,abstraction:NextStepPathway,R-HSA-5218921,2.928983806765617
R-HSA-167021,abstraction:NextStepPathway,R-HSA-1489509,1.9228160506195084
R-HSA-2142770,abstraction:NextStepPathway,R-HSA-2142700,3.1422425988472846
R-HSA-390247,abstraction:NextStepPathway,R-HSA-9856872,2.1411286746640528
R-HSA-390247,abstraction:NextStepPathway,R-HSA-389887,6.847651354912432
R-HSA-196783,abstraction:NextStepPathway,R-HSA-199220,5.307206313965283
R-HSA-211994,abstraction:NextStepPathway,R-HSA-193368,2.1411286746640528
R-HSA-211994,abstraction:NextStepPathway,R-HSA-193775,2.1411286746640528
R-HSA-211994,abstraction:NextStepPathway,R-HSA-193807,2.1411286746640528
R-HSA-9013700,abstraction:NextStepPathway,R-HSA-9013695,6.847651354912432
R-HSA-9013700,abstraction:NextStepPathway,R-HSA-9604323,6.847651354912432
R-HSA-3322077,abstraction:NextStepPathway,R-HSA-379716,0
R-HSA-3322077,abstraction:NextStepPathway,R-HSA-71737,2.1411286746640528
R-HSA-3322077,abstraction:NextStepPathway,R-HSA-173599,2.1411286746640528
R-HSA-5357956,abstraction:NextStepPathway,R-HSA-5357905,6.559969282460651
R-HSA-9758920,abstraction:NextStepPathway,R-HSA-9793380,5.548368370782171
R-HSA-72706,abstraction:NextStepPathway,R-HSA-156902,4.688167105559059
R-HSA-72706,abstraction:NextStepPathway,R-HSA-72731,6.000353494525228
R-HSA-5673001,abstraction:NextStepPathway,R-HSA-5654726,1.9228160506195084
R-HSA-5673001,abstraction:NextStepPathway,R-HSA-5675221,5.643678550586496
R-HSA-5673001,abstraction:NextStepPathway,R-HSA-2559582,0
R-HSA-5673001,abstraction:NextStepPathway,R-HSA-2871796,0
R-HSA-5673001,abstraction:NextStepPathway,R-HSA-2559585,0
R-HSA-5673001,abstraction:NextStepPathway,R-HSA-9634638,1.9228160506195084
R-HSA-5673001,abstraction:NextStepPathway,R-HSA-2559580,0
R-HSA-5673001,abstraction:NextStepPathway,R-HSA-8940973,0
R-HSA-5673001,abstraction:NextStepPathway,R-HSA-5654732,1.9228160506195084
R-HSA-5673001,abstraction:NextStepPathway,R-HSA-881907,1.9228160506195084
R-HSA-5673001,abstraction:NextStepPathway,R-HSA-450341,0
R-HSA-5673001,abstraction:NextStepPathway,R-HSA-170968,1.9228160506195084
R-HSA-5673001,abstraction:NextStepPathway,R-HSA-444257,0
R-HSA-5673001,abstraction:NextStepPathway,R-HSA-112409,5.643678550586496
R-HSA-5673001,abstraction:NextStepPathway,R-HSA-5673000,5.643678550586496
R-HSA-5673001,abstraction:NextStepPathway,R-HSA-375165,0
R-HSA-5673001,abstraction:NextStepPathway,R-HSA-5654727,1.9228160506195084
R-HSA-5673001,abstraction:NextStepPathway,R-HSA-198753,1.9228160506195084
R-HSA-5673001,abstraction:NextStepPathway,R-HSA-5654733,1.9228160506195084
R-HSA-1307965,abstraction:NextStepPathway,R-HSA-5654719,5.749039066244322
R-HSA-1307965,abstraction:NextStepPathway,R-HSA-5654712,5.749039066244322
R-HSA-1307965,abstraction:NextStepPathway,R-HSA-5654228,5.749039066244322
R-HSA-8963896,abstraction:NextStepPathway,R-HSA-8964058,5.238213442478331
R-HSA-113418,abstraction:NextStepPathway,R-HSA-674695,3.3923867519800006
R-HSA-113418,abstraction:NextStepPathway,R-HSA-112382,7.253116463020596
R-HSA-163765,abstraction:NextStepPathway,R-HSA-75105,2.1411286746640528
R-HSA-163765,abstraction:NextStepPathway,R-HSA-200425,2.1411286746640528
R-HSA-163765,abstraction:NextStepPathway,R-HSA-70171,2.1411286746640528
R-HSA-163765,abstraction:NextStepPathway,R-HSA-70268,2.1411286746640528
R-HSA-163765,abstraction:NextStepPathway,R-HSA-1483166,2.1411286746640528
R-HSA-163765,abstraction:NextStepPathway,R-HSA-199220,2.1411286746640528
R-HSA-163765,abstraction:NextStepPathway,R-HSA-196780,2.1411286746640528
R-HSA-170660,abstraction:NextStepPathway,R-HSA-180024,5.307206313965283
R-HSA-111931,abstraction:NextStepPathway,R-HSA-9634638,1.9228160506195084
R-HSA-111931,abstraction:NextStepPathway,R-HSA-9664323,0
R-HSA-111931,abstraction:NextStepPathway,R-HSA-442720,0
R-HSA-111931,abstraction:NextStepPathway,R-HSA-9022692,0
R-HSA-111931,abstraction:NextStepPathway,R-HSA-111932,6.559969282460651
R-HSA-111931,abstraction:NextStepPathway,R-HSA-9616222,0
R-HSA-111931,abstraction:NextStepPathway,R-HSA-163358,0
R-HSA-111931,abstraction:NextStepPathway,R-HSA-9031628,1.9228160506195084
R-HSA-111931,abstraction:NextStepPathway,R-HSA-9660821,0
R-HSA-9840309,abstraction:NextStepPathway,R-HSA-9845576,0
R-HSA-69206,abstraction:NextStepPathway,R-HSA-69239,3.468926829102335
R-HSA-8866910,abstraction:NextStepPathway,R-HSA-209822,0
R-HSA-1660514,abstraction:NextStepPathway,R-HSA-1660510,5.381314286119005
R-HSA-379716,abstraction:NextStepPathway,R-HSA-72695,4.688167105559059
R-HSA-5223345,abstraction:NextStepPathway,R-HSA-70921,0
R-HSA-1679131,abstraction:NextStepPathway,R-HSA-168138,4.139601153810221
R-HSA-9954716,abstraction:NextStepPathway,R-HSA-9954709,6.847651354912432
R-HSA-611105,abstraction:NextStepPathway,R-HSA-5628897,0
R-HSA-611105,abstraction:NextStepPathway,R-HSA-9707564,0
R-HSA-611105,abstraction:NextStepPathway,R-HSA-166187,5.113050299524325
R-HSA-611105,abstraction:NextStepPathway,R-HSA-167826,5.113050299524325
R-HSA-611105,abstraction:NextStepPathway,R-HSA-163210,5.113050299524325
R-HSA-159231,abstraction:NextStepPathway,R-HSA-72662,0
R-HSA-1650814,abstraction:NextStepPathway,R-HSA-8948216,6.336825731146441
R-HSA-1650814,abstraction:NextStepPathway,R-HSA-2022090,6.336825731146441
R-HSA-190861,abstraction:NextStepPathway,R-HSA-190827,6.000353494525228
R-HSA-190861,abstraction:NextStepPathway,R-HSA-190704,6.000353494525228
R-HSA-6784531,abstraction:NextStepPathway,R-HSA-6782315,6.336825731146441
R-HSA-180897,abstraction:NextStepPathway,R-HSA-111457,0
R-HSA-180897,abstraction:NextStepPathway,R-HSA-5620971,0
R-HSA-196807,abstraction:NextStepPathway,R-HSA-561048,0
R-HSA-190375,abstraction:NextStepPathway,R-HSA-5654221,5.548368370782171
R-HSA-190375,abstraction:NextStepPathway,R-HSA-5654699,5.548368370782171
R-HSA-190375,abstraction:NextStepPathway,R-HSA-5654700,5.548368370782171
R-HSA-72689,abstraction:NextStepPathway,R-HSA-72706,6.000353494525228
R-HSA-72689,abstraction:NextStepPathway,R-HSA-72737,5.749039066244322
R-HSA-4420097,abstraction:NextStepPathway,R-HSA-389357,0
R-HSA-4420097,abstraction:NextStepPathway,R-HSA-5668599,1.9228160506195084
R-HSA-4420097,abstraction:NextStepPathway,R-HSA-1257604,1.9228160506195084
R-HSA-4420097,abstraction:NextStepPathway,R-HSA-2029482,0
R-HSA-4420097,abstraction:NextStepPathway,R-HSA-114604,0
R-HSA-4420097,abstraction:NextStepPathway,R-HSA-5663213,1.9228160506195084
R-HSA-4420097,abstraction:NextStepPathway,R-HSA-3928663,0
R-HSA-4420097,abstraction:NextStepPathway,R-HSA-171007,2.928983806765617
R-HSA-4420097,abstraction:NextStepPathway,R-HSA-5218921,6.154504174352486
R-HSA-4420097,abstraction:NextStepPathway,R-HSA-5218920,6.154504174352486
R-HSA-4420097,abstraction:NextStepPathway,R-HSA-9664422,0
R-HSA-70350,abstraction:NextStepPathway,R-HSA-70171,4.362744705124431
R-HSA-202433,abstraction:NextStepPathway,R-HSA-2871809,2.5802876285586898
R-HSA-202433,abstraction:NextStepPathway,R-HSA-112043,0
R-HSA-202433,abstraction:NextStepPathway,R-HSA-9664323,0
R-HSA-202433,abstraction:NextStepPathway,R-HSA-2029482,2.5802876285586898
R-HSA-202433,abstraction:NextStepPathway,R-HSA-2029485,2.5802876285586898
R-HSA-202433,abstraction:NextStepPathway,R-HSA-5663213,0
R-HSA-202433,abstraction:NextStepPathway,R-HSA-5218921,0
R-HSA-202433,abstraction:NextStepPathway,R-HSA-422356,0
R-HSA-202433,abstraction:NextStepPathway,R-HSA-5607763,2.5802876285586898
R-HSA-202433,abstraction:NextStepPathway,R-HSA-1489509,0
R-HSA-202433,abstraction:NextStepPathway,R-HSA-4086398,0
R-HSA-202433,abstraction:NextStepPathway,R-HSA-983695,4.232691576876234
R-HSA-202433,abstraction:NextStepPathway,R-HSA-9664422,0
R-HSA-202433,abstraction:NextStepPathway,R-HSA-202424,6.559969282460651
R-HSA-389542,abstraction:NextStepPathway,R-HSA-389599,2.1411286746640528
R-HSA-171319,abstraction:NextStepPathway,R-HSA-174417,6.154504174352486
R-HSA-171319,abstraction:NextStepPathway,R-HSA-174430,6.154504174352486
R-HSA-5625900,abstraction:NextStepPathway,R-HSA-5627117,5.461356993792541
R-HSA-5625900,abstraction:NextStepPathway,R-HSA-5625740,5.461356993792541
R-HSA-5625900,abstraction:NextStepPathway,R-HSA-5627123,5.461356993792541
R-HSA-5684264,abstraction:NextStepPathway,R-HSA-110056,0
R-HSA-68877,abstraction:NextStepPathway,R-HSA-9648025,4.810769427651391
R-HSA-68877,abstraction:NextStepPathway,R-HSA-2500257,4.810769427651391
R-HSA-162599,abstraction:NextStepPathway,R-HSA-177243,4.054443345469915
R-HSA-199920,abstraction:NextStepPathway,R-HSA-111931,1.9228160506195084
R-HSA-199920,abstraction:NextStepPathway,R-HSA-9634638,1.9228160506195084
R-HSA-199920,abstraction:NextStepPathway,R-HSA-111932,1.9228160506195084
R-HSA-199920,abstraction:NextStepPathway,R-HSA-9031628,6.559969282460651
R-HSA-2980766,abstraction:NextStepPathway,R-HSA-4419969,6.000353494525228
R-HSA-8981607,abstraction:NextStepPathway,R-HSA-203615,0
R-HSA-1251985,abstraction:NextStepPathway,R-HSA-9018519,1.9228160506195084
R-HSA-179812,abstraction:NextStepPathway,R-HSA-5673001,1.9228160506195084
R-HSA-179812,abstraction:NextStepPathway,R-HSA-912526,0
R-HSA-179812,abstraction:NextStepPathway,R-HSA-2428933,2.928983806765617
R-HSA-179812,abstraction:NextStepPathway,R-HSA-180336,6.336825731146441
R-HSA-179812,abstraction:NextStepPathway,R-HSA-167044,2.928983806765617
R-HSA-179812,abstraction:NextStepPathway,R-HSA-74751,2.928983806765617
R-HSA-179812,abstraction:NextStepPathway,R-HSA-112412,2.928983806765617
R-HSA-8939236,abstraction:NextStepPathway,R-HSA-9616222,0
R-HSA-420092,abstraction:NextStepPathway,R-HSA-163359,0
R-HSA-420092,abstraction:NextStepPathway,R-HSA-416476,3.83538977940723
R-HSA-420092,abstraction:NextStepPathway,R-HSA-418555,3.83538977940723
R-HSA-420092,abstraction:NextStepPathway,R-HSA-381676,0
R-HSA-420092,abstraction:NextStepPathway,R-HSA-9660821,0
R-HSA-211945,abstraction:NextStepPathway,R-HSA-8963896,0
R-HSA-9022707,abstraction:NextStepPathway,R-HSA-9022692,6.336825731146441
R-HSA-888590,abstraction:NextStepPathway,R-HSA-420499,0
R-HSA-888590,abstraction:NextStepPathway,R-HSA-977444,3.9759717300284194
R-HSA-9026357,abstraction:NextStepPathway,R-HSA-9026527,5.643678550586496
R-HSA-9026357,abstraction:NextStepPathway,R-HSA-9028731,5.643678550586496
R-HSA-9026357,abstraction:NextStepPathway,R-HSA-9026519,5.643678550586496
R-HSA-9026357,abstraction:NextStepPathway,R-HSA-9028335,5.643678550586496
R-HSA-901032,abstraction:NextStepPathway,R-HSA-901042,7.253116463020596
R-HSA-901032,abstraction:NextStepPathway,R-HSA-532668,4.810769427651391
R-HSA-901032,abstraction:NextStepPathway,R-HSA-948021,4.810769427651391
R-HSA-2022377,abstraction:NextStepPathway,R-HSA-375276,0
R-HSA-1482839,abstraction:NextStepPathway,R-HSA-1483191,5.055891885684376
R-HSA-1482839,abstraction:NextStepPathway,R-HSA-1483152,5.055891885684376
R-HSA-1482839,abstraction:NextStepPathway,R-HSA-1483101,5.055891885684376
R-HSA-977606,abstraction:NextStepPathway,R-HSA-418594,0
R-HSA-977606,abstraction:NextStepPathway,R-HSA-9660826,0
R-HSA-6811558,abstraction:NextStepPathway,R-HSA-166058,0
R-HSA-6811558,abstraction:NextStepPathway,R-HSA-389357,0
R-HSA-6811558,abstraction:NextStepPathway,R-HSA-1257604,5.055891885684376
R-HSA-6811558,abstraction:NextStepPathway,R-HSA-199418,5.643678550586496
R-HSA-6811558,abstraction:NextStepPathway,R-HSA-1855204,0
R-HSA-6811558,abstraction:NextStepPathway,R-HSA-114604,0
R-HSA-6811558,abstraction:NextStepPathway,R-HSA-1660499,0
R-HSA-6811558,abstraction:NextStepPathway,R-HSA-5218920,1.9228160506195084
R-HSA-6811558,abstraction:NextStepPathway,R-HSA-1660516,0
R-HSA-6811558,abstraction:NextStepPathway,R-HSA-202424,0
R-HSA-194138,abstraction:NextStepPathway,R-HSA-428930,0
R-HSA-194138,abstraction:NextStepPathway,R-HSA-177929,2.928983806765617
R-HSA-1855156,abstraction:NextStepPathway,R-HSA-1855191,5.461356993792541
R-HSA-1855156,abstraction:NextStepPathway,R-HSA-1855170,5.461356993792541
R-HSA-1059683,abstraction:NextStepPathway,R-HSA-6788467,7.253116463020596
R-HSA-1059683,abstraction:NextStepPathway,R-HSA-8984722,4.208594025297173
R-HSA-1059683,abstraction:NextStepPathway,R-HSA-9931295,2.5802876285586898
R-HSA-354192,abstraction:NextStepPathway,R-HSA-372708,6.559969282460651
R-HSA-354192,abstraction:NextStepPathway,R-HSA-354194,6.559969282460651
R-HSA-354192,abstraction:NextStepPathway,R-HSA-392517,0
R-HSA-9939291,abstraction:NextStepPathway,R-HSA-8932504,6.559969282460651
R-HSA-9939291,abstraction:NextStepPathway,R-HSA-8932506,6.559969282460651
R-HSA-9732724,abstraction:NextStepPathway,R-HSA-877300,5.643678550586496
R-HSA-9732724,abstraction:NextStepPathway,R-HSA-2173795,0
R-HSA-936440,abstraction:NextStepPathway,R-HSA-1169408,2.5802876285586898
R-HSA-111457,abstraction:NextStepPathway,R-HSA-111458,5.866822101900706
R-HSA-111457,abstraction:NextStepPathway,R-HSA-111469,5.866822101900706
R-HSA-111457,abstraction:NextStepPathway,R-HSA-111461,5.866822101900706
R-HSA-111457,abstraction:NextStepPathway,R-HSA-111463,5.866822101900706
R-HSA-111457,abstraction:NextStepPathway,R-HSA-111471,5.001824664414101
R-HSA-417973,abstraction:NextStepPathway,R-HSA-418594,3.83538977940723
R-HSA-417973,abstraction:NextStepPathway,R-HSA-418555,3.83538977940723
R-HSA-417973,abstraction:NextStepPathway,R-HSA-9660821,0
R-HSA-70688,abstraction:NextStepPathway,R-HSA-8964539,4.185063527886979
R-HSA-9012546,abstraction:NextStepPathway,R-HSA-9960525,2.5802876285586898
R-HSA-9012546,abstraction:NextStepPathway,R-HSA-9960519,2.5802876285586898
R-HSA-73614,abstraction:NextStepPathway,R-HSA-73621,5.461356993792541
R-HSA-73614,abstraction:NextStepPathway,R-HSA-499943,5.461356993792541
R-HSA-69563,abstraction:NextStepPathway,R-HSA-2559582,0
R-HSA-69563,abstraction:NextStepPathway,R-HSA-69656,3.134079288208124
R-HSA-69563,abstraction:NextStepPathway,R-HSA-187577,3.134079288208124
R-HSA-77348,abstraction:NextStepPathway,R-HSA-611105,2.1411286746640528
R-HSA-77348,abstraction:NextStepPathway,R-HSA-77350,6.000353494525228
R-HSA-2172127,abstraction:NextStepPathway,R-HSA-391160,0
R-HSA-2172127,abstraction:NextStepPathway,R-HSA-2424491,3.210065195186046
R-HSA-156588,abstraction:NextStepPathway,R-HSA-189483,2.1411286746640528
R-HSA-156588,abstraction:NextStepPathway,R-HSA-9749641,0
R-HSA-9694631,abstraction:NextStepPathway,R-HSA-9755779,4.768209813232596
R-HSA-9694631,abstraction:NextStepPathway,R-HSA-9694322,5.749039066244322
R-HSA-9694631,abstraction:NextStepPathway,R-HSA-9694786,4.768209813232596
R-HSA-9694631,abstraction:NextStepPathway,R-HSA-9705671,4.768209813232596
R-HSA-428930,abstraction:NextStepPathway,R-HSA-416476,0
R-HSA-428930,abstraction:NextStepPathway,R-HSA-416482,0
R-HSA-916853,abstraction:NextStepPathway,R-HSA-611105,0
R-HSA-916853,abstraction:NextStepPathway,R-HSA-880009,0
R-HSA-916853,abstraction:NextStepPathway,R-HSA-71403,0
R-HSA-428643,abstraction:NextStepPathway,R-HSA-196807,0
R-HSA-428643,abstraction:NextStepPathway,R-HSA-433692,6.336825731146441
R-HSA-428643,abstraction:NextStepPathway,R-HSA-561048,6.336825731146441
R-HSA-428643,abstraction:NextStepPathway,R-HSA-75105,0
R-HSA-428643,abstraction:NextStepPathway,R-HSA-70263,0
R-HSA-428643,abstraction:NextStepPathway,R-HSA-1614517,0
R-HSA-428643,abstraction:NextStepPathway,R-HSA-70268,0
R-HSA-428643,abstraction:NextStepPathway,R-HSA-4085001,0
R-HSA-166058,abstraction:NextStepPathway,R-HSA-975144,4.139601153810221
R-HSA-166058,abstraction:NextStepPathway,R-HSA-975138,4.139601153810221
R-HSA-166058,abstraction:NextStepPathway,R-HSA-937039,5.307206313965283
R-HSA-166058,abstraction:NextStepPathway,R-HSA-975871,4.139601153810221
R-HSA-166058,abstraction:NextStepPathway,R-HSA-937042,5.307206313965283
R-HSA-420499,abstraction:NextStepPathway,R-HSA-418594,3.83538977940723
R-HSA-420499,abstraction:NextStepPathway,R-HSA-416476,3.83538977940723
R-HSA-420499,abstraction:NextStepPathway,R-HSA-1296041,0
R-HSA-420499,abstraction:NextStepPathway,R-HSA-997272,0
R-HSA-1655829,abstraction:NextStepPathway,R-HSA-2426168,5.055891885684376
R-HSA-114508,abstraction:NextStepPathway,R-HSA-354192,5.113050299524325
R-HSA-114508,abstraction:NextStepPathway,R-HSA-9856530,0
R-HSA-114508,abstraction:NextStepPathway,R-HSA-2871809,0
R-HSA-114508,abstraction:NextStepPathway,R-HSA-9664323,0
R-HSA-114508,abstraction:NextStepPathway,R-HSA-76005,5.113050299524325
R-HSA-114508,abstraction:NextStepPathway,R-HSA-445355,0
R-HSA-114508,abstraction:NextStepPathway,R-HSA-5218921,1.9228160506195084
R-HSA-114508,abstraction:NextStepPathway,R-HSA-111997,4.545066261918386
R-HSA-114508,abstraction:NextStepPathway,R-HSA-5607763,0
R-HSA-114508,abstraction:NextStepPathway,R-HSA-5578775,0
R-HSA-114508,abstraction:NextStepPathway,R-HSA-983695,0
R-HSA-114508,abstraction:NextStepPathway,R-HSA-2514859,0
R-HSA-114508,abstraction:NextStepPathway,R-HSA-392517,0
R-HSA-114508,abstraction:NextStepPathway,R-HSA-139853,4.308677483854155
R-HSA-392154,abstraction:NextStepPathway,R-HSA-1222556,0
R-HSA-392154,abstraction:NextStepPathway,R-HSA-418457,6.000353494525228
R-HSA-392154,abstraction:NextStepPathway,R-HSA-445355,0
R-HSA-392154,abstraction:NextStepPathway,R-HSA-3299685,0
R-HSA-176407,abstraction:NextStepPathway,R-HSA-174178,5.17367492134076
R-HSA-77288,abstraction:NextStepPathway,R-HSA-611105,2.1411286746640528
R-HSA-77288,abstraction:NextStepPathway,R-HSA-77346,5.643678550586496
R-HSA-141430,abstraction:NextStepPathway,R-HSA-179409,5.17367492134076
R-HSA-141430,abstraction:NextStepPathway,R-HSA-176409,5.17367492134076
R-HSA-141430,abstraction:NextStepPathway,R-HSA-174184,5.17367492134076
R-HSA-352230,abstraction:NextStepPathway,R-HSA-888590,0
R-HSA-352230,abstraction:NextStepPathway,R-HSA-71240,0
R-HSA-352230,abstraction:NextStepPathway,R-HSA-428559,7.253116463020596
R-HSA-352230,abstraction:NextStepPathway,R-HSA-442660,4.480527740780815
R-HSA-73621,abstraction:NextStepPathway,R-HSA-70635,2.1411286746640528
R-HSA-9912633,abstraction:NextStepPathway,R-HSA-983170,5.866822101900706
R-HSA-9912633,abstraction:NextStepPathway,R-HSA-983168,5.866822101900706
R-HSA-71240,abstraction:NextStepPathway,R-HSA-196807,2.1411286746640528
R-HSA-2029481,abstraction:NextStepPathway,R-HSA-2029482,6.847651354912432
R-HSA-2029481,abstraction:NextStepPathway,R-HSA-2454202,3.210065195186046
R-HSA-1614558,abstraction:NextStepPathway,R-HSA-1614517,6.559969282460651
R-HSA-168275,abstraction:NextStepPathway,R-HSA-168288,4.688167105559059
R-HSA-389958,abstraction:NextStepPathway,R-HSA-391251,3.0787291931249587
R-HSA-166016,abstraction:NextStepPathway,R-HSA-166058,4.139601153810221
R-HSA-166016,abstraction:NextStepPathway,R-HSA-166020,4.139601153810221
R-HSA-8856825,abstraction:NextStepPathway,R-HSA-8856828,4.545066261918386
R-HSA-9960525,abstraction:NextStepPathway,R-HSA-448706,2.5802876285586898
R-HSA-9960525,abstraction:NextStepPathway,R-HSA-5620971,0
R-HSA-9960525,abstraction:NextStepPathway,R-HSA-9660826,0
R-HSA-9020591,abstraction:NextStepPathway,R-HSA-8984722,6.336825731146441
R-HSA-9020591,abstraction:NextStepPathway,R-HSA-9942503,0
R-HSA-9020591,abstraction:NextStepPathway,R-HSA-8950505,6.336825731146441
R-HSA-9020591,abstraction:NextStepPathway,R-HSA-9020933,6.336825731146441
R-HSA-381042,abstraction:NextStepPathway,R-HSA-9633012,4.0961160418704825
R-HSA-381042,abstraction:NextStepPathway,R-HSA-9648895,4.0961160418704825
R-HSA-381042,abstraction:NextStepPathway,R-HSA-380994,5.866822101900706
R-HSA-381042,abstraction:NextStepPathway,R-HSA-381183,5.866822101900706
R-HSA-389359,abstraction:NextStepPathway,R-HSA-5627123,0
R-HSA-389359,abstraction:NextStepPathway,R-HSA-5687128,0
R-HSA-2559582,abstraction:NextStepPathway,R-HSA-199920,0
R-HSA-2559582,abstraction:NextStepPathway,R-HSA-2559585,6.336825731146441
R-HSA-2559582,abstraction:NextStepPathway,R-HSA-2559580,6.336825731146441
R-HSA-2559582,abstraction:NextStepPathway,R-HSA-881907,0
R-HSA-2559582,abstraction:NextStepPathway,R-HSA-8853884,0
R-HSA-2559582,abstraction:NextStepPathway,R-HSA-69231,0
R-HSA-9830674,abstraction:NextStepPathway,R-HSA-4086400,0
R-HSA-9830674,abstraction:NextStepPathway,R-HSA-373752,3.227764772285447
R-HSA-9830674,abstraction:NextStepPathway,R-HSA-428542,3.227764772285447
R-HSA-9633012,abstraction:NextStepPathway,R-HSA-381042,4.0961160418704825
R-HSA-9633012,abstraction:NextStepPathway,R-HSA-9648895,4.0961160418704825
R-HSA-9633012,abstraction:NextStepPathway,R-HSA-380994,4.0961160418704825
R-HSA-9633012,abstraction:NextStepPathway,R-HSA-9909649,0
R-HSA-9633012,abstraction:NextStepPathway,R-HSA-381183,4.0961160418704825
R-HSA-176417,abstraction:NextStepPathway,R-HSA-174113,6.559969282460651
R-HSA-9931521,abstraction:NextStepPathway,R-HSA-9932298,5.749039066244322
R-HSA-389356,abstraction:NextStepPathway,R-HSA-389359,5.238213442478331
R-HSA-389356,abstraction:NextStepPathway,R-HSA-389357,5.238213442478331
R-HSA-418217,abstraction:NextStepPathway,R-HSA-114508,4.545066261918386
R-HSA-418217,abstraction:NextStepPathway,R-HSA-2871809,0
R-HSA-418217,abstraction:NextStepPathway,R-HSA-112043,4.545066261918386
R-HSA-418217,abstraction:NextStepPathway,R-HSA-9664323,0
R-HSA-418217,abstraction:NextStepPathway,R-HSA-76005,0
R-HSA-418217,abstraction:NextStepPathway,R-HSA-2029485,0
R-HSA-418217,abstraction:NextStepPathway,R-HSA-5218921,1.9228160506195084
R-HSA-418217,abstraction:NextStepPathway,R-HSA-422356,0
R-HSA-418217,abstraction:NextStepPathway,R-HSA-5607763,0
R-HSA-418217,abstraction:NextStepPathway,R-HSA-1489509,1.9228160506195084
R-HSA-418217,abstraction:NextStepPathway,R-HSA-4086398,1.9228160506195084
R-HSA-418217,abstraction:NextStepPathway,R-HSA-983695,0
R-HSA-418217,abstraction:NextStepPathway,R-HSA-426048,4.545066261918386
R-HSA-9009391,abstraction:NextStepPathway,R-HSA-203615,0
R-HSA-8851907,abstraction:NextStepPathway,R-HSA-8865999,5.461356993792541
R-HSA-8851907,abstraction:NextStepPathway,R-HSA-8875555,5.461356993792541
R-HSA-2151209,abstraction:NextStepPathway,R-HSA-2151201,6.847651354912432
R-HSA-1971475,abstraction:NextStepPathway,R-HSA-2022928,5.307206313965283
R-HSA-1971475,abstraction:NextStepPathway,R-HSA-2022870,5.307206313965283
R-HSA-167238,abstraction:NextStepPathway,R-HSA-167246,5.381314286119005
R-HSA-6796648,abstraction:NextStepPathway,R-HSA-6783310,0
R-HSA-6796648,abstraction:NextStepPathway,R-HSA-5358606,0
R-HSA-6796648,abstraction:NextStepPathway,R-HSA-5358565,0
R-HSA-5357786,abstraction:NextStepPathway,R-HSA-69416,0
R-HSA-5357786,abstraction:NextStepPathway,R-HSA-5357905,6.559969282460651
R-HSA-5357786,abstraction:NextStepPathway,R-HSA-5675482,0
R-HSA-5357786,abstraction:NextStepPathway,R-HSA-5218900,0
R-HSA-5357786,abstraction:NextStepPathway,R-HSA-3371378,0
R-HSA-9609690,abstraction:NextStepPathway,R-HSA-9610379,7.253116463020596
R-HSA-9609690,abstraction:NextStepPathway,R-HSA-9833482,0
R-HSA-112310,abstraction:NextStepPathway,R-HSA-112313,3.9759717300284194
R-HSA-9619483,abstraction:NextStepPathway,R-HSA-9833482,0
R-HSA-5689603,abstraction:NextStepPathway,R-HSA-8951664,3.57681579111352
R-HSA-5689603,abstraction:NextStepPathway,R-HSA-5689880,6.336825731146441
R-HSA-2871796,abstraction:NextStepPathway,R-HSA-5673001,0
R-HSA-2871796,abstraction:NextStepPathway,R-HSA-2559582,0
R-HSA-2871796,abstraction:NextStepPathway,R-HSA-2559580,0
R-HSA-2871796,abstraction:NextStepPathway,R-HSA-2871809,6.559969282460651
R-HSA-2871796,abstraction:NextStepPathway,R-HSA-450341,3.210065195186046
R-HSA-2871796,abstraction:NextStepPathway,R-HSA-9909649,2.5802876285586898
R-HSA-2871796,abstraction:NextStepPathway,R-HSA-2730905,6.559969282460651
R-HSA-2871796,abstraction:NextStepPathway,R-HSA-2424491,3.210065195186046
R-HSA-2871796,abstraction:NextStepPathway,R-HSA-450321,3.210065195186046
R-HSA-389960,abstraction:NextStepPathway,R-HSA-389977,5.866822101900706
R-HSA-877300,abstraction:NextStepPathway,R-HSA-9732724,5.643678550586496
R-HSA-877300,abstraction:NextStepPathway,R-HSA-877312,5.643678550586496
R-HSA-877300,abstraction:NextStepPathway,R-HSA-2173795,0
R-HSA-877300,abstraction:NextStepPathway,R-HSA-2173796,0
R-HSA-877300,abstraction:NextStepPathway,R-HSA-9942503,0
R-HSA-2559585,abstraction:NextStepPathway,R-HSA-2559582,6.336825731146441
R-HSA-2559585,abstraction:NextStepPathway,R-HSA-2559580,6.336825731146441
R-HSA-2559585,abstraction:NextStepPathway,R-HSA-8853884,0
R-HSA-2559585,abstraction:NextStepPathway,R-HSA-69541,0
R-HSA-2559585,abstraction:NextStepPathway,R-HSA-69481,0
R-HSA-2559585,abstraction:NextStepPathway,R-HSA-69231,0
R-HSA-2559585,abstraction:NextStepPathway,R-HSA-111471,0
R-HSA-2559585,abstraction:NextStepPathway,R-HSA-8852276,0
R-HSA-2559585,abstraction:NextStepPathway,R-HSA-6804757,0
R-HSA-3065679,abstraction:NextStepPathway,R-HSA-3065676,6.847651354912432
R-HSA-1660537,abstraction:NextStepPathway,R-HSA-1660514,5.381314286119005
R-HSA-1660537,abstraction:NextStepPathway,R-HSA-1660502,5.381314286119005
R-HSA-9958517,abstraction:NextStepPathway,R-HSA-6798163,0
R-HSA-9958517,abstraction:NextStepPathway,R-HSA-1483191,0
R-HSA-9958517,abstraction:NextStepPathway,R-HSA-264642,0
R-HSA-913709,abstraction:NextStepPathway,R-HSA-977068,5.866822101900706
R-HSA-418594,abstraction:NextStepPathway,R-HSA-418217,4.545066261918386
R-HSA-418594,abstraction:NextStepPathway,R-HSA-9856530,0
R-HSA-418594,abstraction:NextStepPathway,R-HSA-9634597,4.545066261918386
R-HSA-418594,abstraction:NextStepPathway,R-HSA-392451,4.545066261918386
R-HSA-418594,abstraction:NextStepPathway,R-HSA-9664323,0
R-HSA-418594,abstraction:NextStepPathway,R-HSA-170670,4.545066261918386
R-HSA-418594,abstraction:NextStepPathway,R-HSA-418597,4.545066261918386
R-HSA-418594,abstraction:NextStepPathway,R-HSA-442720,0
R-HSA-418594,abstraction:NextStepPathway,R-HSA-432040,0
R-HSA-418594,abstraction:NextStepPathway,R-HSA-180024,4.545066261918386
R-HSA-418594,abstraction:NextStepPathway,R-HSA-418555,4.545066261918386
R-HSA-418594,abstraction:NextStepPathway,R-HSA-4086398,1.9228160506195084
R-HSA-418594,abstraction:NextStepPathway,R-HSA-8964315,4.545066261918386
R-HSA-418594,abstraction:NextStepPathway,R-HSA-416482,4.545066261918386
R-HSA-418594,abstraction:NextStepPathway,R-HSA-8964616,4.545066261918386
R-HSA-418594,abstraction:NextStepPathway,R-HSA-163615,4.545066261918386
R-HSA-418594,abstraction:NextStepPathway,R-HSA-9660821,0
R-HSA-2173795,abstraction:NextStepPathway,R-HSA-2173796,7.253116463020596
R-HSA-2173795,abstraction:NextStepPathway,R-HSA-2173788,6.154504174352486
R-HSA-2173795,abstraction:NextStepPathway,R-HSA-5689880,0
R-HSA-399997,abstraction:NextStepPathway,R-HSA-2871809,0
R-HSA-399997,abstraction:NextStepPathway,R-HSA-434316,6.154504174352486
R-HSA-399997,abstraction:NextStepPathway,R-HSA-112043,0
R-HSA-399997,abstraction:NextStepPathway,R-HSA-9664323,0
R-HSA-399997,abstraction:NextStepPathway,R-HSA-2029485,0
R-HSA-399997,abstraction:NextStepPathway,R-HSA-5218921,0
R-HSA-399997,abstraction:NextStepPathway,R-HSA-2179392,0
R-HSA-399997,abstraction:NextStepPathway,R-HSA-422356,5.307206313965283
R-HSA-399997,abstraction:NextStepPathway,R-HSA-5607763,0
R-HSA-399997,abstraction:NextStepPathway,R-HSA-1489509,0
R-HSA-399997,abstraction:NextStepPathway,R-HSA-4086398,0
R-HSA-399997,abstraction:NextStepPathway,R-HSA-983695,0
R-HSA-937072,abstraction:NextStepPathway,R-HSA-450302,5.17367492134076
R-HSA-937072,abstraction:NextStepPathway,R-HSA-975163,4.139601153810221
R-HSA-937072,abstraction:NextStepPathway,R-HSA-445989,5.17367492134076
R-HSA-937072,abstraction:NextStepPathway,R-HSA-9705671,0
R-HSA-937072,abstraction:NextStepPathway,R-HSA-168638,3.210065195186046
R-HSA-937072,abstraction:NextStepPathway,R-HSA-450321,5.17367492134076
R-HSA-937072,abstraction:NextStepPathway,R-HSA-9020702,2.5802876285586898
R-HSA-9619665,abstraction:NextStepPathway,R-HSA-190861,0
R-HSA-167246,abstraction:NextStepPathway,R-HSA-167238,5.381314286119005
R-HSA-167246,abstraction:NextStepPathway,R-HSA-167243,5.381314286119005
R-HSA-75892,abstraction:NextStepPathway,R-HSA-202733,4.308677483854155
R-HSA-75892,abstraction:NextStepPathway,R-HSA-114604,4.308677483854155
R-HSA-75892,abstraction:NextStepPathway,R-HSA-9845620,0
R-HSA-174414,abstraction:NextStepPathway,R-HSA-174417,6.154504174352486
R-HSA-174414,abstraction:NextStepPathway,R-HSA-174437,6.559969282460651
R-HSA-2894862,abstraction:NextStepPathway,R-HSA-2644606,5.643678550586496
R-HSA-9032500,abstraction:NextStepPathway,R-HSA-9032759,5.643678550586496
R-HSA-392170,abstraction:NextStepPathway,R-HSA-418217,0
R-HSA-392170,abstraction:NextStepPathway,R-HSA-418594,0
R-HSA-392170,abstraction:NextStepPathway,R-HSA-392451,0
R-HSA-392170,abstraction:NextStepPathway,R-HSA-170670,0
R-HSA-392170,abstraction:NextStepPathway,R-HSA-4086398,0
R-HSA-392170,abstraction:NextStepPathway,R-HSA-8964315,0
R-HSA-392170,abstraction:NextStepPathway,R-HSA-8964616,0
R-HSA-4641262,abstraction:NextStepPathway,R-HSA-201681,4.901741205857118
R-HSA-6804114,abstraction:NextStepPathway,R-HSA-75035,0
R-HSA-6804114,abstraction:NextStepPathway,R-HSA-6804115,6.847651354912432
R-HSA-6804114,abstraction:NextStepPathway,R-HSA-176187,0
R-HSA-6804114,abstraction:NextStepPathway,R-HSA-156711,0
R-HSA-5693579,abstraction:NextStepPathway,R-HSA-5685942,5.866822101900706
R-HSA-380108,abstraction:NextStepPathway,R-HSA-418594,3.83538977940723
R-HSA-380108,abstraction:NextStepPathway,R-HSA-376176,0
R-HSA-9036866,abstraction:NextStepPathway,R-HSA-187037,4.257384189466605
R-HSA-6803211,abstraction:NextStepPathway,R-HSA-202733,0
R-HSA-6803211,abstraction:NextStepPathway,R-HSA-75158,0
R-HSA-166020,abstraction:NextStepPathway,R-HSA-166016,4.139601153810221
R-HSA-166663,abstraction:NextStepPathway,R-HSA-977606,5.749039066244322
R-HSA-166663,abstraction:NextStepPathway,R-HSA-174577,5.749039066244322
R-HSA-1483196,abstraction:NextStepPathway,R-HSA-1660514,5.381314286119005
R-HSA-1483196,abstraction:NextStepPathway,R-HSA-1483148,5.055891885684376
R-HSA-1483196,abstraction:NextStepPathway,R-HSA-1483101,5.055891885684376
R-HSA-1483196,abstraction:NextStepPathway,R-HSA-1483166,5.055891885684376
R-HSA-1483196,abstraction:NextStepPathway,R-HSA-1482788,5.055891885684376
R-HSA-549127,abstraction:NextStepPathway,R-HSA-2142789,0
R-HSA-549127,abstraction:NextStepPathway,R-HSA-6787450,0
R-HSA-549127,abstraction:NextStepPathway,R-HSA-6793080,0
R-HSA-549127,abstraction:NextStepPathway,R-HSA-9857492,0
R-HSA-2534343,abstraction:NextStepPathway,R-HSA-1300645,6.847651354912432
R-HSA-5693607,abstraction:NextStepPathway,R-HSA-69473,0
R-HSA-5693607,abstraction:NextStepPathway,R-HSA-5693616,5.866822101900706
R-HSA-5693607,abstraction:NextStepPathway,R-HSA-6804756,0
R-HSA-5693607,abstraction:NextStepPathway,R-HSA-5685938,5.866822101900706
R-HSA-5693607,abstraction:NextStepPathway,R-HSA-5693538,5.238213442478331
R-HSA-5693607,abstraction:NextStepPathway,R-HSA-5685939,5.643678550586496
R-HSA-8932504,abstraction:NextStepPathway,R-HSA-9939291,6.559969282460651
R-HSA-8932504,abstraction:NextStepPathway,R-HSA-8932505,6.559969282460651
R-HSA-2142845,abstraction:NextStepPathway,R-HSA-2160916,5.307206313965283
R-HSA-9856530,abstraction:NextStepPathway,R-HSA-111931,0
R-HSA-9856530,abstraction:NextStepPathway,R-HSA-418594,0
R-HSA-9856530,abstraction:NextStepPathway,R-HSA-442982,0
R-HSA-9856530,abstraction:NextStepPathway,R-HSA-2871809,0
R-HSA-9856530,abstraction:NextStepPathway,R-HSA-164378,0
R-HSA-9856530,abstraction:NextStepPathway,R-HSA-9634597,0
R-HSA-9856530,abstraction:NextStepPathway,R-HSA-111933,0
R-HSA-9856530,abstraction:NextStepPathway,R-HSA-9620244,0
R-HSA-9856530,abstraction:NextStepPathway,R-HSA-111957,0
R-HSA-9856530,abstraction:NextStepPathway,R-HSA-9664323,0
R-HSA-9856530,abstraction:NextStepPathway,R-HSA-163560,0
R-HSA-9856530,abstraction:NextStepPathway,R-HSA-418597,0
R-HSA-9856530,abstraction:NextStepPathway,R-HSA-442720,0
R-HSA-9856530,abstraction:NextStepPathway,R-HSA-442729,0
R-HSA-9856530,abstraction:NextStepPathway,R-HSA-111932,0
R-HSA-9856530,abstraction:NextStepPathway,R-HSA-445355,0
R-HSA-9856530,abstraction:NextStepPathway,R-HSA-9856532,6.559969282460651
R-HSA-9856530,abstraction:NextStepPathway,R-HSA-163359,0
R-HSA-9856530,abstraction:NextStepPathway,R-HSA-5218921,0
R-HSA-9856530,abstraction:NextStepPathway,R-HSA-432040,0
R-HSA-9856530,abstraction:NextStepPathway,R-HSA-203615,0
R-HSA-9856530,abstraction:NextStepPathway,R-HSA-180024,0
R-HSA-9856530,abstraction:NextStepPathway,R-HSA-111997,0
R-HSA-9856530,abstraction:NextStepPathway,R-HSA-418555,0
R-HSA-9856530,abstraction:NextStepPathway,R-HSA-5607763,0
R-HSA-9856530,abstraction:NextStepPathway,R-HSA-4086398,0
R-HSA-9856530,abstraction:NextStepPathway,R-HSA-5627123,0
R-HSA-9856530,abstraction:NextStepPathway,R-HSA-163358,0
R-HSA-9856530,abstraction:NextStepPathway,R-HSA-2025928,0
R-HSA-9856530,abstraction:NextStepPathway,R-HSA-5218920,0
R-HSA-9856530,abstraction:NextStepPathway,R-HSA-983695,0
R-HSA-9856530,abstraction:NextStepPathway,R-HSA-2514859,0
R-HSA-9856530,abstraction:NextStepPathway,R-HSA-9634600,0
R-HSA-9856530,abstraction:NextStepPathway,R-HSA-9860927,7.253116463020596
R-HSA-9856530,abstraction:NextStepPathway,R-HSA-163615,0
R-HSA-9856530,abstraction:NextStepPathway,R-HSA-392517,0
R-HSA-9856530,abstraction:NextStepPathway,R-HSA-9660821,0
R-HSA-73930,abstraction:NextStepPathway,R-HSA-110381,6.000353494525228
R-HSA-69205,abstraction:NextStepPathway,R-HSA-69202,5.866822101900706
R-HSA-69205,abstraction:NextStepPathway,R-HSA-8953750,0
R-HSA-69205,abstraction:NextStepPathway,R-HSA-68689,0
R-HSA-69205,abstraction:NextStepPathway,R-HSA-68962,5.866822101900706
R-HSA-69205,abstraction:NextStepPathway,R-HSA-69656,3.468926829102335
R-HSA-69205,abstraction:NextStepPathway,R-HSA-1362277,5.238213442478331
R-HSA-69205,abstraction:NextStepPathway,R-HSA-1362300,5.238213442478331
R-HSA-9679509,abstraction:NextStepPathway,R-HSA-9678110,4.9505313700265505
R-HSA-76071,abstraction:NextStepPathway,R-HSA-749476,6.000353494525228
R-HSA-975138,abstraction:NextStepPathway,R-HSA-975163,5.238213442478331
R-HSA-9856872,abstraction:NextStepPathway,R-HSA-611105,5.113050299524325
R-HSA-9856872,abstraction:NextStepPathway,R-HSA-70263,2.1411286746640528
R-HSA-9856872,abstraction:NextStepPathway,R-HSA-9853506,5.113050299524325
R-HSA-9856872,abstraction:NextStepPathway,R-HSA-8964539,2.1411286746640528
R-HSA-9856872,abstraction:NextStepPathway,R-HSA-71064,2.1411286746640528
R-HSA-9856872,abstraction:NextStepPathway,R-HSA-70268,5.113050299524325
R-HSA-9856872,abstraction:NextStepPathway,R-HSA-8963693,2.1411286746640528
R-HSA-9856872,abstraction:NextStepPathway,R-HSA-442660,0
R-HSA-9856872,abstraction:NextStepPathway,R-HSA-71403,5.113050299524325
R-HSA-189085,abstraction:NextStepPathway,R-HSA-8981373,6.154504174352486
R-HSA-2586552,abstraction:NextStepPathway,R-HSA-8849474,1.9228160506195084
R-HSA-2586552,abstraction:NextStepPathway,R-HSA-9020558,0
R-HSA-2586552,abstraction:NextStepPathway,R-HSA-512988,0
R-HSA-2586552,abstraction:NextStepPathway,R-HSA-9703465,0
R-HSA-2586552,abstraction:NextStepPathway,R-HSA-1266695,0
R-HSA-2586552,abstraction:NextStepPathway,R-HSA-8875791,1.9228160506195084
R-HSA-2586552,abstraction:NextStepPathway,R-HSA-9702518,0
R-HSA-2586552,abstraction:NextStepPathway,R-HSA-982772,0
R-HSA-8849474,abstraction:NextStepPathway,R-HSA-2586552,1.9228160506195084
R-HSA-8849474,abstraction:NextStepPathway,R-HSA-9707564,0
R-HSA-8849474,abstraction:NextStepPathway,R-HSA-8875791,1.9228160506195084
R-HSA-6798163,abstraction:NextStepPathway,R-HSA-1614635,4.185063527886979
R-HSA-6798163,abstraction:NextStepPathway,R-HSA-196757,2.1411286746640528
R-HSA-6798163,abstraction:NextStepPathway,R-HSA-156581,2.1411286746640528
R-HSA-9634638,abstraction:NextStepPathway,R-HSA-111931,1.9228160506195084
R-HSA-9634638,abstraction:NextStepPathway,R-HSA-9022692,0
R-HSA-9634638,abstraction:NextStepPathway,R-HSA-111932,1.9228160506195084
R-HSA-9634638,abstraction:NextStepPathway,R-HSA-9616222,0
R-HSA-9634638,abstraction:NextStepPathway,R-HSA-9031628,1.9228160506195084
R-HSA-9634638,abstraction:NextStepPathway,R-HSA-69231,0
R-HSA-173107,abstraction:NextStepPathway,R-HSA-162585,5.749039066244322
R-HSA-9013973,abstraction:NextStepPathway,R-HSA-9828211,5.17367492134076
R-HSA-9013973,abstraction:NextStepPathway,R-HSA-936964,4.139601153810221
R-HSA-8951664,abstraction:NextStepPathway,R-HSA-9755511,0
R-HSA-8951664,abstraction:NextStepPathway,R-HSA-9679191,0
R-HSA-2022923,abstraction:NextStepPathway,R-HSA-2024101,6.847651354912432
R-HSA-211916,abstraction:NextStepPathway,R-HSA-196791,2.1411286746640528
R-HSA-5654221,abstraction:NextStepPathway,R-HSA-2029485,0
R-HSA-5654221,abstraction:NextStepPathway,R-HSA-5218921,2.928983806765617
R-HSA-5654221,abstraction:NextStepPathway,R-HSA-1489509,1.9228160506195084
R-HSA-9754189,abstraction:NextStepPathway,R-HSA-9796292,5.548368370782171
R-HSA-9754189,abstraction:NextStepPathway,R-HSA-9758919,5.548368370782171
R-HSA-9754189,abstraction:NextStepPathway,R-HSA-9733709,3.227764772285447
R-HSA-9754189,abstraction:NextStepPathway,R-HSA-9793380,5.548368370782171
R-HSA-9754189,abstraction:NextStepPathway,R-HSA-9823730,5.548368370782171
R-HSA-389357,abstraction:NextStepPathway,R-HSA-389359,7.253116463020596
R-HSA-389357,abstraction:NextStepPathway,R-HSA-8876198,0
R-HSA-389357,abstraction:NextStepPathway,R-HSA-1257604,0
R-HSA-389357,abstraction:NextStepPathway,R-HSA-69202,0
R-HSA-389357,abstraction:NextStepPathway,R-HSA-392451,0
R-HSA-389357,abstraction:NextStepPathway,R-HSA-5628897,0
R-HSA-389357,abstraction:NextStepPathway,R-HSA-9755779,0
R-HSA-389357,abstraction:NextStepPathway,R-HSA-114604,0
R-HSA-389357,abstraction:NextStepPathway,R-HSA-69656,0
R-HSA-389357,abstraction:NextStepPathway,R-HSA-111447,0
R-HSA-389357,abstraction:NextStepPathway,R-HSA-203615,0
R-HSA-389357,abstraction:NextStepPathway,R-HSA-1358803,0
R-HSA-389357,abstraction:NextStepPathway,R-HSA-6804759,0
R-HSA-389357,abstraction:NextStepPathway,R-HSA-198323,0
R-HSA-389357,abstraction:NextStepPathway,R-HSA-2730905,2.5802876285586898
R-HSA-389357,abstraction:NextStepPathway,R-HSA-5218920,0
R-HSA-389357,abstraction:NextStepPathway,R-HSA-6804758,0
R-HSA-389357,abstraction:NextStepPathway,R-HSA-9634635,0
R-HSA-389357,abstraction:NextStepPathway,R-HSA-9604323,0
R-HSA-389357,abstraction:NextStepPathway,R-HSA-8948751,0
R-HSA-389357,abstraction:NextStepPathway,R-HSA-6804757,0
R-HSA-389357,abstraction:NextStepPathway,R-HSA-202424,4.232691576876234
R-HSA-189200,abstraction:NextStepPathway,R-HSA-446205,0
R-HSA-9034013,abstraction:NextStepPathway,R-HSA-9034015,4.257384189466605
R-HSA-9034013,abstraction:NextStepPathway,R-HSA-9603381,6.336825731146441
R-HSA-9034013,abstraction:NextStepPathway,R-HSA-9034864,6.336825731146441
R-HSA-9034013,abstraction:NextStepPathway,R-HSA-9034793,6.336825731146441
R-HSA-180746,abstraction:NextStepPathway,R-HSA-165054,7.253116463020596
R-HSA-442982,abstraction:NextStepPathway,R-HSA-5673001,0
R-HSA-9018679,abstraction:NextStepPathway,R-HSA-9023661,4.9505313700265505
R-HSA-9018679,abstraction:NextStepPathway,R-HSA-9018896,4.9505313700265505
R-HSA-9603381,abstraction:NextStepPathway,R-HSA-6811558,1.9228160506195084
R-HSA-9603381,abstraction:NextStepPathway,R-HSA-1257604,1.9228160506195084
R-HSA-416572,abstraction:NextStepPathway,R-HSA-5627117,0
R-HSA-416572,abstraction:NextStepPathway,R-HSA-5625740,0
R-HSA-416572,abstraction:NextStepPathway,R-HSA-5627123,0
R-HSA-416572,abstraction:NextStepPathway,R-HSA-416482,0
R-HSA-167152,abstraction:NextStepPathway,R-HSA-167200,5.381314286119005
R-HSA-168138,abstraction:NextStepPathway,R-HSA-109704,0
R-HSA-168138,abstraction:NextStepPathway,R-HSA-975155,4.139601153810221
R-HSA-162592,abstraction:NextStepPathway,R-HSA-177539,5.749039066244322
R-HSA-162592,abstraction:NextStepPathway,R-HSA-164843,5.749039066244322
R-HSA-162592,abstraction:NextStepPathway,R-HSA-175567,5.749039066244322
R-HSA-433692,abstraction:NextStepPathway,R-HSA-196807,0
R-HSA-433692,abstraction:NextStepPathway,R-HSA-428643,6.336825731146441
R-HSA-433692,abstraction:NextStepPathway,R-HSA-561048,6.336825731146441
R-HSA-433692,abstraction:NextStepPathway,R-HSA-9749641,0
R-HSA-433692,abstraction:NextStepPathway,R-HSA-2162123,0
R-HSA-373080,abstraction:NextStepPathway,R-HSA-418555,3.83538977940723
R-HSA-373080,abstraction:NextStepPathway,R-HSA-9660821,0
R-HSA-9682706,abstraction:NextStepPathway,R-HSA-9679509,4.9505313700265505
R-HSA-69091,abstraction:NextStepPathway,R-HSA-69183,6.847651354912432
R-HSA-2559580,abstraction:NextStepPathway,R-HSA-2559582,6.336825731146441
R-HSA-2559580,abstraction:NextStepPathway,R-HSA-2871796,0
R-HSA-2559580,abstraction:NextStepPathway,R-HSA-2559585,6.336825731146441
R-HSA-2559580,abstraction:NextStepPathway,R-HSA-6811555,0
R-HSA-2559580,abstraction:NextStepPathway,R-HSA-450302,0
R-HSA-2559580,abstraction:NextStepPathway,R-HSA-8853884,0
R-HSA-2559580,abstraction:NextStepPathway,R-HSA-69541,0
R-HSA-2559580,abstraction:NextStepPathway,R-HSA-450341,0
R-HSA-2559580,abstraction:NextStepPathway,R-HSA-6804756,0
R-HSA-2559580,abstraction:NextStepPathway,R-HSA-69481,0
R-HSA-2559580,abstraction:NextStepPathway,R-HSA-9909649,0
R-HSA-2559580,abstraction:NextStepPathway,R-HSA-450321,0
R-HSA-2559580,abstraction:NextStepPathway,R-HSA-69231,0
R-HSA-2559580,abstraction:NextStepPathway,R-HSA-111471,0
R-HSA-2559580,abstraction:NextStepPathway,R-HSA-8852276,0
R-HSA-2559580,abstraction:NextStepPathway,R-HSA-6804757,0
R-HSA-5654706,abstraction:NextStepPathway,R-HSA-5673001,1.9228160506195084
R-HSA-5654706,abstraction:NextStepPathway,R-HSA-5654732,5.643678550586496
R-HSA-5654706,abstraction:NextStepPathway,R-HSA-5654710,6.559969282460651
R-HSA-111367,abstraction:NextStepPathway,R-HSA-73856,0
R-HSA-111367,abstraction:NextStepPathway,R-HSA-159227,3.957279597016267
R-HSA-112308,abstraction:NextStepPathway,R-HSA-210500,3.9759717300284194
R-HSA-112308,abstraction:NextStepPathway,R-HSA-264642,3.9759717300284194
R-HSA-1632852,abstraction:NextStepPathway,R-HSA-8876198,0
R-HSA-1632852,abstraction:NextStepPathway,R-HSA-9694676,0
R-HSA-1632852,abstraction:NextStepPathway,R-HSA-9679504,0
R-HSA-390650,abstraction:NextStepPathway,R-HSA-418594,3.83538977940723
R-HSA-390650,abstraction:NextStepPathway,R-HSA-416476,3.83538977940723
R-HSA-390650,abstraction:NextStepPathway,R-HSA-418555,3.83538977940723
R-HSA-390650,abstraction:NextStepPathway,R-HSA-9660821,0
R-HSA-2871809,abstraction:NextStepPathway,R-HSA-9856530,0
R-HSA-2871809,abstraction:NextStepPathway,R-HSA-442982,0
R-HSA-2871809,abstraction:NextStepPathway,R-HSA-1169091,2.5802876285586898
R-HSA-2871809,abstraction:NextStepPathway,R-HSA-111933,0
R-HSA-2871809,abstraction:NextStepPathway,R-HSA-9620244,0
R-HSA-2871809,abstraction:NextStepPathway,R-HSA-111957,0
R-HSA-2871809,abstraction:NextStepPathway,R-HSA-112043,0
R-HSA-2871809,abstraction:NextStepPathway,R-HSA-9664323,0
R-HSA-2871809,abstraction:NextStepPathway,R-HSA-442720,0
R-HSA-2871809,abstraction:NextStepPathway,R-HSA-2029485,3.210065195186046
R-HSA-2871809,abstraction:NextStepPathway,R-HSA-442729,0
R-HSA-2871809,abstraction:NextStepPathway,R-HSA-111932,0
R-HSA-2871809,abstraction:NextStepPathway,R-HSA-445355,0
R-HSA-2871809,abstraction:NextStepPathway,R-HSA-5218921,0
R-HSA-2871809,abstraction:NextStepPathway,R-HSA-203615,0
R-HSA-2871809,abstraction:NextStepPathway,R-HSA-180024,0
R-HSA-2871809,abstraction:NextStepPathway,R-HSA-111997,0
R-HSA-2871809,abstraction:NextStepPathway,R-HSA-422356,0
R-HSA-2871809,abstraction:NextStepPathway,R-HSA-5607763,3.210065195186046
R-HSA-2871809,abstraction:NextStepPathway,R-HSA-9942503,0
R-HSA-2871809,abstraction:NextStepPathway,R-HSA-1489509,0
R-HSA-2871809,abstraction:NextStepPathway,R-HSA-4086398,0
R-HSA-2871809,abstraction:NextStepPathway,R-HSA-5627123,0
R-HSA-2871809,abstraction:NextStepPathway,R-HSA-2025928,2.5802876285586898
R-HSA-2871809,abstraction:NextStepPathway,R-HSA-5218920,0
R-HSA-2871809,abstraction:NextStepPathway,R-HSA-5578775,0
R-HSA-2871809,abstraction:NextStepPathway,R-HSA-983695,2.5802876285586898
R-HSA-2871809,abstraction:NextStepPathway,R-HSA-2514859,0
R-HSA-2871809,abstraction:NextStepPathway,R-HSA-2871837,6.559969282460651
R-HSA-2871809,abstraction:NextStepPathway,R-HSA-202424,2.5802876285586898
R-HSA-194002,abstraction:NextStepPathway,R-HSA-193048,6.336825731146441
R-HSA-194002,abstraction:NextStepPathway,R-HSA-211976,2.1411286746640528
R-HSA-427601,abstraction:NextStepPathway,R-HSA-174362,0
R-HSA-427601,abstraction:NextStepPathway,R-HSA-425381,6.154504174352486
R-HSA-6787639,abstraction:NextStepPathway,R-HSA-727802,0
R-HSA-1483076,abstraction:NextStepPathway,R-HSA-1482798,5.055891885684376
R-HSA-5637810,abstraction:NextStepPathway,R-HSA-1236382,6.154504174352486
R-HSA-674695,abstraction:NextStepPathway,R-HSA-113418,3.3923867519800006
R-HSA-674695,abstraction:NextStepPathway,R-HSA-167152,0
R-HSA-674695,abstraction:NextStepPathway,R-HSA-167200,0
R-HSA-674695,abstraction:NextStepPathway,R-HSA-75955,3.3923867519800006
R-HSA-674695,abstraction:NextStepPathway,R-HSA-167158,0
R-HSA-674695,abstraction:NextStepPathway,R-HSA-112382,3.3923867519800006
R-HSA-9833110,abstraction:NextStepPathway,R-HSA-9820960,5.749039066244322
R-HSA-9833110,abstraction:NextStepPathway,R-HSA-8983711,0
R-HSA-76066,abstraction:NextStepPathway,R-HSA-749476,6.000353494525228
R-HSA-2024096,abstraction:NextStepPathway,R-HSA-2024101,5.307206313965283
R-HSA-110320,abstraction:NextStepPathway,R-HSA-110313,6.000353494525228
R-HSA-110320,abstraction:NextStepPathway,R-HSA-5656169,6.336825731146441
R-HSA-6782135,abstraction:NextStepPathway,R-HSA-6782210,6.847651354912432
R-HSA-8849473,abstraction:NextStepPathway,R-HSA-8847993,5.749039066244322
R-HSA-69473,abstraction:NextStepPathway,R-HSA-6796648,0
R-HSA-69473,abstraction:NextStepPathway,R-HSA-6804114,0
R-HSA-69473,abstraction:NextStepPathway,R-HSA-6803211,0
R-HSA-69473,abstraction:NextStepPathway,R-HSA-9758274,0
R-HSA-69473,abstraction:NextStepPathway,R-HSA-69601,5.001824664414101
R-HSA-69473,abstraction:NextStepPathway,R-HSA-6804760,0
R-HSA-69473,abstraction:NextStepPathway,R-HSA-75035,6.559969282460651
R-HSA-69473,abstraction:NextStepPathway,R-HSA-6811555,0
R-HSA-69473,abstraction:NextStepPathway,R-HSA-69541,5.001824664414101
R-HSA-69473,abstraction:NextStepPathway,R-HSA-5620971,0
R-HSA-69473,abstraction:NextStepPathway,R-HSA-5693565,0
R-HSA-69473,abstraction:NextStepPathway,R-HSA-6804756,0
R-HSA-69473,abstraction:NextStepPathway,R-HSA-6804116,0
R-HSA-69473,abstraction:NextStepPathway,R-HSA-6804115,0
R-HSA-69473,abstraction:NextStepPathway,R-HSA-176187,6.559969282460651
R-HSA-69473,abstraction:NextStepPathway,R-HSA-69895,5.001824664414101
R-HSA-69473,abstraction:NextStepPathway,R-HSA-6803204,0
R-HSA-69473,abstraction:NextStepPathway,R-HSA-6804759,0
R-HSA-69473,abstraction:NextStepPathway,R-HSA-6803207,0
R-HSA-69473,abstraction:NextStepPathway,R-HSA-111448,0
R-HSA-69473,abstraction:NextStepPathway,R-HSA-2559586,0
R-HSA-69473,abstraction:NextStepPathway,R-HSA-6803205,0
R-HSA-69473,abstraction:NextStepPathway,R-HSA-6804754,0
R-HSA-69473,abstraction:NextStepPathway,R-HSA-6804758,0
R-HSA-69473,abstraction:NextStepPathway,R-HSA-6804757,0
R-HSA-8940973,abstraction:NextStepPathway,R-HSA-8878166,3.5274230357839436
R-HSA-400206,abstraction:NextStepPathway,R-HSA-2426168,3.1422425988472846
R-HSA-400206,abstraction:NextStepPathway,R-HSA-2032785,0
R-HSA-400206,abstraction:NextStepPathway,R-HSA-9707616,0
R-HSA-400206,abstraction:NextStepPathway,R-HSA-9707564,0
R-HSA-400206,abstraction:NextStepPathway,R-HSA-9931509,0
R-HSA-400206,abstraction:NextStepPathway,R-HSA-8951671,0
R-HSA-400206,abstraction:NextStepPathway,R-HSA-1368108,0
R-HSA-400206,abstraction:NextStepPathway,R-HSA-9933387,0
R-HSA-400206,abstraction:NextStepPathway,R-HSA-381340,0
R-HSA-400206,abstraction:NextStepPathway,R-HSA-2151201,0
R-HSA-400206,abstraction:NextStepPathway,R-HSA-1989781,3.1422425988472846
R-HSA-453274,abstraction:NextStepPathway,R-HSA-69620,3.134079288208124
R-HSA-453274,abstraction:NextStepPathway,R-HSA-69278,3.134079288208124
R-HSA-111464,abstraction:NextStepPathway,R-HSA-111465,4.390915582091128
R-HSA-111464,abstraction:NextStepPathway,R-HSA-140342,4.390915582091128
R-HSA-111464,abstraction:NextStepPathway,R-HSA-264870,4.390915582091128
R-HSA-111464,abstraction:NextStepPathway,R-HSA-211736,4.390915582091128
R-HSA-111464,abstraction:NextStepPathway,R-HSA-351906,4.390915582091128
R-HSA-174417,abstraction:NextStepPathway,R-HSA-171306,5.749039066244322
R-HSA-1912420,abstraction:NextStepPathway,R-HSA-9013507,5.001824664414101
R-HSA-1912420,abstraction:NextStepPathway,R-HSA-2979096,5.001824664414101
R-HSA-1912420,abstraction:NextStepPathway,R-HSA-2122948,5.001824664414101
R-HSA-5668599,abstraction:NextStepPathway,R-HSA-4420097,1.9228160506195084
R-HSA-5668599,abstraction:NextStepPathway,R-HSA-1222556,0
R-HSA-389887,abstraction:NextStepPathway,R-HSA-390918,4.545066261918386
R-HSA-69200,abstraction:NextStepPathway,R-HSA-113501,5.866822101900706
R-HSA-110314,abstraction:NextStepPathway,R-HSA-110320,6.000353494525228
R-HSA-110314,abstraction:NextStepPathway,R-HSA-5655862,6.000353494525228
R-HSA-110314,abstraction:NextStepPathway,R-HSA-110312,6.000353494525228
R-HSA-110314,abstraction:NextStepPathway,R-HSA-5656121,6.000353494525228
R-HSA-1482798,abstraction:NextStepPathway,R-HSA-1483213,5.055891885684376
R-HSA-9960519,abstraction:NextStepPathway,R-HSA-448706,2.5802876285586898
R-HSA-9960519,abstraction:NextStepPathway,R-HSA-5620971,0
R-HSA-9960519,abstraction:NextStepPathway,R-HSA-9660826,0
R-HSA-449836,abstraction:NextStepPathway,R-HSA-8854691,4.208594025297173
R-HSA-449836,abstraction:NextStepPathway,R-HSA-9616222,0
R-HSA-9772755,abstraction:NextStepPathway,R-HSA-3214847,0
R-HSA-9772755,abstraction:NextStepPathway,R-HSA-9841922,6.559969282460651
R-HSA-9772755,abstraction:NextStepPathway,R-HSA-3214841,0
R-HSA-9772755,abstraction:NextStepPathway,R-HSA-9818564,6.559969282460651
R-HSA-9851151,abstraction:NextStepPathway,R-HSA-201556,2.928983806765617
R-HSA-5213460,abstraction:NextStepPathway,R-HSA-9686347,0
R-HSA-5213460,abstraction:NextStepPathway,R-HSA-5675482,6.559969282460651
R-HSA-5213460,abstraction:NextStepPathway,R-HSA-9692913,0
R-HSA-168336,abstraction:NextStepPathway,R-HSA-168271,4.688167105559059
R-HSA-204174,abstraction:NextStepPathway,R-HSA-5362517,0
R-HSA-204174,abstraction:NextStepPathway,R-HSA-389661,2.1411286746640528
R-HSA-204174,abstraction:NextStepPathway,R-HSA-9861559,6.847651354912432
R-HSA-199992,abstraction:NextStepPathway,R-HSA-432722,4.545066261918386
R-HSA-199992,abstraction:NextStepPathway,R-HSA-432720,4.545066261918386
R-HSA-179419,abstraction:NextStepPathway,R-HSA-176409,6.000353494525228
R-HSA-192456,abstraction:NextStepPathway,R-HSA-8963678,6.154504174352486
R-HSA-192456,abstraction:NextStepPathway,R-HSA-975634,0
R-HSA-2470946,abstraction:NextStepPathway,R-HSA-2468052,3.468926829102335
R-HSA-8866423,abstraction:NextStepPathway,R-HSA-8964046,5.238213442478331
R-HSA-9683673,abstraction:NextStepPathway,R-HSA-9679509,4.9505313700265505
R-HSA-9683673,abstraction:NextStepPathway,R-HSA-9686347,1.3090056122960843
R-HSA-9683673,abstraction:NextStepPathway,R-HSA-9692916,4.9505313700265505
R-HSA-9683673,abstraction:NextStepPathway,R-HSA-9692913,4.9505313700265505
R-HSA-9683673,abstraction:NextStepPathway,R-HSA-9735871,4.9505313700265505
R-HSA-426486,abstraction:NextStepPathway,R-HSA-426496,6.154504174352486
R-HSA-9020558,abstraction:NextStepPathway,R-HSA-2586552,0
R-HSA-9020558,abstraction:NextStepPathway,R-HSA-8985947,6.336825731146441
R-HSA-9020558,abstraction:NextStepPathway,R-HSA-912526,6.336825731146441
R-HSA-9020558,abstraction:NextStepPathway,R-HSA-512988,4.208594025297173
R-HSA-9020558,abstraction:NextStepPathway,R-HSA-9703465,0
R-HSA-9020558,abstraction:NextStepPathway,R-HSA-6785807,4.208594025297173
R-HSA-9020558,abstraction:NextStepPathway,R-HSA-9020958,6.336825731146441
R-HSA-9020558,abstraction:NextStepPathway,R-HSA-1266695,4.208594025297173
R-HSA-9020558,abstraction:NextStepPathway,R-HSA-8983432,6.336825731146441
R-HSA-9020558,abstraction:NextStepPathway,R-HSA-9702518,0
R-HSA-9020558,abstraction:NextStepPathway,R-HSA-982772,3.741571024189575
R-HSA-561048,abstraction:NextStepPathway,R-HSA-196807,0
R-HSA-561048,abstraction:NextStepPathway,R-HSA-428643,6.336825731146441
R-HSA-561048,abstraction:NextStepPathway,R-HSA-433692,6.336825731146441
R-HSA-561048,abstraction:NextStepPathway,R-HSA-9749641,0
R-HSA-6785470,abstraction:NextStepPathway,R-HSA-9937008,3.957279597016267
R-HSA-6785470,abstraction:NextStepPathway,R-HSA-6787450,6.336825731146441
R-HSA-6785470,abstraction:NextStepPathway,R-HSA-6793080,3.957279597016267
R-HSA-201681,abstraction:NextStepPathway,R-HSA-3769402,4.901741205857118
R-HSA-201681,abstraction:NextStepPathway,R-HSA-4641262,4.901741205857118
R-HSA-201681,abstraction:NextStepPathway,R-HSA-9754189,0
R-HSA-201681,abstraction:NextStepPathway,R-HSA-9834899,0
R-HSA-201681,abstraction:NextStepPathway,R-HSA-201722,4.901741205857118
R-HSA-201681,abstraction:NextStepPathway,R-HSA-9909649,0
R-HSA-418889,abstraction:NextStepPathway,R-HSA-5620971,4.232691576876234
R-HSA-418889,abstraction:NextStepPathway,R-HSA-111465,4.390915582091128
R-HSA-418889,abstraction:NextStepPathway,R-HSA-140342,4.390915582091128
R-HSA-418889,abstraction:NextStepPathway,R-HSA-264870,4.390915582091128
R-HSA-418889,abstraction:NextStepPathway,R-HSA-211736,4.390915582091128
R-HSA-418889,abstraction:NextStepPathway,R-HSA-351906,4.390915582091128
R-HSA-73856,abstraction:NextStepPathway,R-HSA-9930044,0
R-HSA-73856,abstraction:NextStepPathway,R-HSA-159230,0
R-HSA-73856,abstraction:NextStepPathway,R-HSA-77595,0
R-HSA-73856,abstraction:NextStepPathway,R-HSA-159227,0
R-HSA-73856,abstraction:NextStepPathway,R-HSA-72187,0
R-HSA-1227986,abstraction:NextStepPathway,R-HSA-8863795,2.928983806765617
R-HSA-1227986,abstraction:NextStepPathway,R-HSA-1251932,2.928983806765617
R-HSA-1227986,abstraction:NextStepPathway,R-HSA-1236394,2.928983806765617
R-HSA-1227986,abstraction:NextStepPathway,R-HSA-1250196,2.928983806765617
R-HSA-1227986,abstraction:NextStepPathway,R-HSA-1306955,2.928983806765617
R-HSA-1227986,abstraction:NextStepPathway,R-HSA-6785631,2.928983806765617
R-HSA-1227986,abstraction:NextStepPathway,R-HSA-8847993,2.928983806765617
R-HSA-1227986,abstraction:NextStepPathway,R-HSA-1358803,2.928983806765617
R-HSA-1227986,abstraction:NextStepPathway,R-HSA-1963640,2.928983806765617
R-HSA-1227986,abstraction:NextStepPathway,R-HSA-1963642,2.928983806765617
R-HSA-75953,abstraction:NextStepPathway,R-HSA-674695,3.3923867519800006
R-HSA-75953,abstraction:NextStepPathway,R-HSA-73776,7.253116463020596
R-HSA-9694676,abstraction:NextStepPathway,R-HSA-9694301,6.000353494525228
R-HSA-9694676,abstraction:NextStepPathway,R-HSA-9705671,4.768209813232596
R-HSA-9694676,abstraction:NextStepPathway,R-HSA-9694271,6.000353494525228
R-HSA-190372,abstraction:NextStepPathway,R-HSA-5654227,5.643678550586496
R-HSA-190372,abstraction:NextStepPathway,R-HSA-5654706,5.643678550586496
R-HSA-190372,abstraction:NextStepPathway,R-HSA-5654704,5.643678550586496
R-HSA-5654719,abstraction:NextStepPathway,R-HSA-5673001,1.9228160506195084
R-HSA-9613354,abstraction:NextStepPathway,R-HSA-9615710,5.643678550586496
R-HSA-9613354,abstraction:NextStepPathway,R-HSA-9613829,5.643678550586496
R-HSA-9613354,abstraction:NextStepPathway,R-HSA-9612973,0
R-HSA-75105,abstraction:NextStepPathway,R-HSA-200425,4.545066261918386
R-HSA-75105,abstraction:NextStepPathway,R-HSA-191273,3.1422425988472846
R-HSA-1483226,abstraction:NextStepPathway,R-HSA-1483196,5.055891885684376
R-HSA-1483226,abstraction:NextStepPathway,R-HSA-1483248,4.480527740780815
R-HSA-1483226,abstraction:NextStepPathway,R-HSA-1482922,5.055891885684376
R-HSA-164516,abstraction:NextStepPathway,R-HSA-164525,7.253116463020596
R-HSA-163767,abstraction:NextStepPathway,R-HSA-163765,5.307206313965283
R-HSA-163767,abstraction:NextStepPathway,R-HSA-163358,5.307206313965283
R-HSA-163767,abstraction:NextStepPathway,R-HSA-9634600,2.1411286746640528
R-HSA-351200,abstraction:NextStepPathway,R-HSA-141334,2.1411286746640528
R-HSA-5205685,abstraction:NextStepPathway,R-HSA-1632852,5.643678550586496
R-HSA-5205685,abstraction:NextStepPathway,R-HSA-9694676,0
R-HSA-5205685,abstraction:NextStepPathway,R-HSA-9679504,0
R-HSA-2682334,abstraction:NextStepPathway,R-HSA-3928662,4.308677483854155
R-HSA-8943723,abstraction:NextStepPathway,R-HSA-6807070,5.643678550586496
R-HSA-8943723,abstraction:NextStepPathway,R-HSA-199418,5.643678550586496
R-HSA-8943723,abstraction:NextStepPathway,R-HSA-5628897,0
R-HSA-8943723,abstraction:NextStepPathway,R-HSA-1660499,0
R-HSA-8943723,abstraction:NextStepPathway,R-HSA-8948751,6.336825731146441
R-HSA-8943723,abstraction:NextStepPathway,R-HSA-202424,0
R-HSA-9679504,abstraction:NextStepPathway,R-HSA-9683439,4.9505313700265505
R-HSA-9679504,abstraction:NextStepPathway,R-HSA-9684325,4.9505313700265505
R-HSA-75035,abstraction:NextStepPathway,R-HSA-69478,6.559969282460651
R-HSA-75035,abstraction:NextStepPathway,R-HSA-69273,3.134079288208124
R-HSA-75035,abstraction:NextStepPathway,R-HSA-5625740,0
R-HSA-2426168,abstraction:NextStepPathway,R-HSA-1989781,3.1422425988472846
R-HSA-434316,abstraction:NextStepPathway,R-HSA-399997,6.154504174352486
R-HSA-434316,abstraction:NextStepPathway,R-HSA-2871809,0
R-HSA-434316,abstraction:NextStepPathway,R-HSA-112043,0
R-HSA-434316,abstraction:NextStepPathway,R-HSA-9664323,0
R-HSA-434316,abstraction:NextStepPathway,R-HSA-2029485,0
R-HSA-434316,abstraction:NextStepPathway,R-HSA-5218921,0
R-HSA-434316,abstraction:NextStepPathway,R-HSA-2179392,0
R-HSA-434316,abstraction:NextStepPathway,R-HSA-422356,5.307206313965283
R-HSA-434316,abstraction:NextStepPathway,R-HSA-5607763,0
R-HSA-434316,abstraction:NextStepPathway,R-HSA-1489509,0
R-HSA-434316,abstraction:NextStepPathway,R-HSA-4086398,0
R-HSA-434316,abstraction:NextStepPathway,R-HSA-983695,0
R-HSA-2032785,abstraction:NextStepPathway,R-HSA-8940973,3.5274230357839436
R-HSA-2032785,abstraction:NextStepPathway,R-HSA-9796292,0
R-HSA-2032785,abstraction:NextStepPathway,R-HSA-9909649,0
R-HSA-2032785,abstraction:NextStepPathway,R-HSA-8951671,3.5274230357839436
R-HSA-2032785,abstraction:NextStepPathway,R-HSA-5578768,0
R-HSA-9637628,abstraction:NextStepPathway,R-HSA-9636383,5.055891885684376
R-HSA-168142,abstraction:NextStepPathway,R-HSA-975871,4.139601153810221
R-HSA-399955,abstraction:NextStepPathway,R-HSA-416550,6.000353494525228
R-HSA-9686347,abstraction:NextStepPathway,R-HSA-9692913,1.3090056122960843
R-HSA-8964058,abstraction:NextStepPathway,R-HSA-8964041,6.559969282460651
R-HSA-1257604,abstraction:NextStepPathway,R-HSA-6811558,5.055891885684376
R-HSA-1257604,abstraction:NextStepPathway,R-HSA-9634638,1.9228160506195084
R-HSA-1257604,abstraction:NextStepPathway,R-HSA-389357,0
R-HSA-1257604,abstraction:NextStepPathway,R-HSA-8941332,0
R-HSA-1257604,abstraction:NextStepPathway,R-HSA-8876198,0
R-HSA-1257604,abstraction:NextStepPathway,R-HSA-69202,0
R-HSA-1257604,abstraction:NextStepPathway,R-HSA-199418,5.055891885684376
R-HSA-1257604,abstraction:NextStepPathway,R-HSA-5628897,0
R-HSA-1257604,abstraction:NextStepPathway,R-HSA-9755779,0
R-HSA-1257604,abstraction:NextStepPathway,R-HSA-114604,0
R-HSA-1257604,abstraction:NextStepPathway,R-HSA-198693,5.055891885684376
R-HSA-1257604,abstraction:NextStepPathway,R-HSA-69656,0
R-HSA-1257604,abstraction:NextStepPathway,R-HSA-5674400,0
R-HSA-1257604,abstraction:NextStepPathway,R-HSA-111447,0
R-HSA-1257604,abstraction:NextStepPathway,R-HSA-203615,0
R-HSA-1257604,abstraction:NextStepPathway,R-HSA-1358803,1.9228160506195084
R-HSA-1257604,abstraction:NextStepPathway,R-HSA-1660499,0
R-HSA-1257604,abstraction:NextStepPathway,R-HSA-6804759,0
R-HSA-1257604,abstraction:NextStepPathway,R-HSA-198323,5.055891885684376
R-HSA-1257604,abstraction:NextStepPathway,R-HSA-5218920,1.9228160506195084
R-HSA-1257604,abstraction:NextStepPathway,R-HSA-6804758,0
R-HSA-1257604,abstraction:NextStepPathway,R-HSA-9614399,0
R-HSA-1257604,abstraction:NextStepPathway,R-HSA-9634635,1.9228160506195084
R-HSA-1257604,abstraction:NextStepPathway,R-HSA-9604323,1.9228160506195084
R-HSA-1257604,abstraction:NextStepPathway,R-HSA-8948751,5.055891885684376
R-HSA-1257604,abstraction:NextStepPathway,R-HSA-6804757,0
R-HSA-1257604,abstraction:NextStepPathway,R-HSA-202424,0
R-HSA-1660508,abstraction:NextStepPathway,R-HSA-1660514,5.381314286119005
R-HSA-3065676,abstraction:NextStepPathway,R-HSA-3065678,6.847651354912432
R-HSA-9640463,abstraction:NextStepPathway,R-HSA-1369062,0
R-HSA-392023,abstraction:NextStepPathway,R-HSA-418597,0
R-HSA-164378,abstraction:NextStepPathway,R-HSA-111931,0
R-HSA-164378,abstraction:NextStepPathway,R-HSA-9856530,0
R-HSA-164378,abstraction:NextStepPathway,R-HSA-9634597,0
R-HSA-164378,abstraction:NextStepPathway,R-HSA-111957,0
R-HSA-164378,abstraction:NextStepPathway,R-HSA-9664323,0
R-HSA-164378,abstraction:NextStepPathway,R-HSA-163560,2.1411286746640528
R-HSA-164378,abstraction:NextStepPathway,R-HSA-442720,0
R-HSA-164378,abstraction:NextStepPathway,R-HSA-432040,0
R-HSA-164378,abstraction:NextStepPathway,R-HSA-180024,0
R-HSA-164378,abstraction:NextStepPathway,R-HSA-163358,5.307206313965283
R-HSA-164378,abstraction:NextStepPathway,R-HSA-9634600,2.1411286746640528
R-HSA-164378,abstraction:NextStepPathway,R-HSA-163615,0
R-HSA-164378,abstraction:NextStepPathway,R-HSA-392517,0
R-HSA-164378,abstraction:NextStepPathway,R-HSA-9660821,0
R-HSA-164525,abstraction:NextStepPathway,R-HSA-162594,4.5122764390953956
R-HSA-352238,abstraction:NextStepPathway,R-HSA-111465,6.154504174352486
R-HSA-9707616,abstraction:NextStepPathway,R-HSA-9707587,4.0961160418704825
R-HSA-9707616,abstraction:NextStepPathway,R-HSA-2168880,0
R-HSA-9707616,abstraction:NextStepPathway,R-HSA-917937,0
R-HSA-9707616,abstraction:NextStepPathway,R-HSA-9707564,4.0961160418704825
R-HSA-9707616,abstraction:NextStepPathway,R-HSA-9931509,0
R-HSA-9707616,abstraction:NextStepPathway,R-HSA-189483,0
R-HSA-9707616,abstraction:NextStepPathway,R-HSA-9933387,0
R-HSA-9707616,abstraction:NextStepPathway,R-HSA-2151201,0
R-HSA-9707616,abstraction:NextStepPathway,R-HSA-9708530,4.0961160418704825
R-HSA-171306,abstraction:NextStepPathway,R-HSA-9670095,5.749039066244322
R-HSA-171306,abstraction:NextStepPathway,R-HSA-2559586,0
R-HSA-1660502,abstraction:NextStepPathway,R-HSA-1660508,5.381314286119005
R-HSA-1660502,abstraction:NextStepPathway,R-HSA-1660517,5.381314286119005
R-HSA-69202,abstraction:NextStepPathway,R-HSA-69563,3.134079288208124
R-HSA-69202,abstraction:NextStepPathway,R-HSA-69200,5.866822101900706
R-HSA-69202,abstraction:NextStepPathway,R-HSA-6804116,0
R-HSA-69202,abstraction:NextStepPathway,R-HSA-69656,3.468926829102335
R-HSA-69202,abstraction:NextStepPathway,R-HSA-1362277,5.238213442478331
R-HSA-69202,abstraction:NextStepPathway,R-HSA-69273,3.468926829102335
R-HSA-69202,abstraction:NextStepPathway,R-HSA-2559586,0
R-HSA-69202,abstraction:NextStepPathway,R-HSA-187577,5.866822101900706
R-HSA-9840310,abstraction:NextStepPathway,R-HSA-9840309,7.253116463020596
R-HSA-9840310,abstraction:NextStepPathway,R-HSA-9845614,6.336825731146441
R-HSA-9840310,abstraction:NextStepPathway,R-HSA-1660661,6.336825731146441
R-HSA-381033,abstraction:NextStepPathway,R-HSA-380994,5.866822101900706
R-HSA-381033,abstraction:NextStepPathway,R-HSA-381183,5.866822101900706
R-HSA-3247509,abstraction:NextStepPathway,R-HSA-1266695,0
R-HSA-162710,abstraction:NextStepPathway,R-HSA-162791,6.847651354912432
R-HSA-73780,abstraction:NextStepPathway,R-HSA-73980,6.000353494525228
R-HSA-73780,abstraction:NextStepPathway,R-HSA-749476,6.000353494525228
R-HSA-9683610,abstraction:NextStepPathway,R-HSA-9679509,4.9505313700265505
R-HSA-9683610,abstraction:NextStepPathway,R-HSA-9735869,4.9505313700265505
R-HSA-9683610,abstraction:NextStepPathway,R-HSA-9735871,4.9505313700265505
R-HSA-9683610,abstraction:NextStepPathway,R-HSA-9692914,4.9505313700265505
R-HSA-159236,abstraction:NextStepPathway,R-HSA-429947,3.957279597016267
R-HSA-159236,abstraction:NextStepPathway,R-HSA-450385,3.957279597016267
R-HSA-159236,abstraction:NextStepPathway,R-HSA-450408,3.957279597016267
R-HSA-159236,abstraction:NextStepPathway,R-HSA-450513,3.957279597016267
R-HSA-159236,abstraction:NextStepPathway,R-HSA-72662,0
R-HSA-159236,abstraction:NextStepPathway,R-HSA-428359,3.957279597016267
R-HSA-159236,abstraction:NextStepPathway,R-HSA-450604,3.957279597016267
R-HSA-1222556,abstraction:NextStepPathway,R-HSA-392154,0
R-HSA-1222556,abstraction:NextStepPathway,R-HSA-445355,0
R-HSA-1222556,abstraction:NextStepPathway,R-HSA-3299685,0
R-HSA-1222556,abstraction:NextStepPathway,R-HSA-8941413,3.210065195186046
R-HSA-70263,abstraction:NextStepPathway,R-HSA-428643,0
R-HSA-70263,abstraction:NextStepPathway,R-HSA-9856872,2.1411286746640528
R-HSA-70263,abstraction:NextStepPathway,R-HSA-8964539,2.1411286746640528
R-HSA-70263,abstraction:NextStepPathway,R-HSA-5628897,0
R-HSA-70263,abstraction:NextStepPathway,R-HSA-70171,6.559969282460651
R-HSA-70263,abstraction:NextStepPathway,R-HSA-70268,2.1411286746640528
R-HSA-70263,abstraction:NextStepPathway,R-HSA-71336,4.362744705124431
R-HSA-70263,abstraction:NextStepPathway,R-HSA-71403,2.1411286746640528
R-HSA-418592,abstraction:NextStepPathway,R-HSA-418217,0
R-HSA-418592,abstraction:NextStepPathway,R-HSA-392451,0
R-HSA-418592,abstraction:NextStepPathway,R-HSA-432142,4.308677483854155
R-HSA-418592,abstraction:NextStepPathway,R-HSA-416476,0
R-HSA-418592,abstraction:NextStepPathway,R-HSA-4086398,0
R-HSA-418592,abstraction:NextStepPathway,R-HSA-8964315,0
R-HSA-418592,abstraction:NextStepPathway,R-HSA-8964616,0
R-HSA-418592,abstraction:NextStepPathway,R-HSA-111995,0
R-HSA-2672351,abstraction:NextStepPathway,R-HSA-9717207,0
R-HSA-2672351,abstraction:NextStepPathway,R-HSA-9730628,0
R-HSA-200425,abstraction:NextStepPathway,R-HSA-77286,4.545066261918386
R-HSA-140834,abstraction:NextStepPathway,R-HSA-140875,6.847651354912432
R-HSA-140834,abstraction:NextStepPathway,R-HSA-140837,6.847651354912432
R-HSA-1483148,abstraction:NextStepPathway,R-HSA-1483076,5.055891885684376
R-HSA-1483148,abstraction:NextStepPathway,R-HSA-1482925,5.055891885684376
R-HSA-1483148,abstraction:NextStepPathway,R-HSA-1483171,5.055891885684376
R-HSA-9634597,abstraction:NextStepPathway,R-HSA-111931,4.545066261918386
R-HSA-9634597,abstraction:NextStepPathway,R-HSA-9009391,1.9228160506195084
R-HSA-9634597,abstraction:NextStepPathway,R-HSA-418594,4.545066261918386
R-HSA-9634597,abstraction:NextStepPathway,R-HSA-9856530,0
R-HSA-9634597,abstraction:NextStepPathway,R-HSA-164378,0
R-HSA-9634597,abstraction:NextStepPathway,R-HSA-9664323,0
R-HSA-9634597,abstraction:NextStepPathway,R-HSA-163560,0
R-HSA-9634597,abstraction:NextStepPathway,R-HSA-418597,4.545066261918386
R-HSA-9634597,abstraction:NextStepPathway,R-HSA-442720,0
R-HSA-9634597,abstraction:NextStepPathway,R-HSA-432040,0
R-HSA-9634597,abstraction:NextStepPathway,R-HSA-180024,4.545066261918386
R-HSA-9634597,abstraction:NextStepPathway,R-HSA-418555,4.545066261918386
R-HSA-9634597,abstraction:NextStepPathway,R-HSA-163358,0
R-HSA-9634597,abstraction:NextStepPathway,R-HSA-9634600,0
R-HSA-9634597,abstraction:NextStepPathway,R-HSA-163615,4.545066261918386
R-HSA-9634597,abstraction:NextStepPathway,R-HSA-9660821,0
R-HSA-8934903,abstraction:NextStepPathway,R-HSA-1632852,5.643678550586496
R-HSA-8934903,abstraction:NextStepPathway,R-HSA-9694676,0
R-HSA-8934903,abstraction:NextStepPathway,R-HSA-9679504,0
R-HSA-6806667,abstraction:NextStepPathway,R-HSA-2187338,0
R-HSA-6811555,abstraction:NextStepPathway,R-HSA-8847453,0
R-HSA-2022928,abstraction:NextStepPathway,R-HSA-2024096,7.253116463020596
R-HSA-2022928,abstraction:NextStepPathway,R-HSA-2022854,5.307206313965283
R-HSA-380972,abstraction:NextStepPathway,R-HSA-2151209,0
R-HSA-380972,abstraction:NextStepPathway,R-HSA-1632852,0
R-HSA-380972,abstraction:NextStepPathway,R-HSA-200425,0
R-HSA-380972,abstraction:NextStepPathway,R-HSA-163680,0
R-HSA-380972,abstraction:NextStepPathway,R-HSA-5628897,0
R-HSA-380972,abstraction:NextStepPathway,R-HSA-165159,1.9228160506195084
R-HSA-198203,abstraction:NextStepPathway,R-HSA-6811558,1.9228160506195084
R-HSA-198203,abstraction:NextStepPathway,R-HSA-389357,0
R-HSA-198203,abstraction:NextStepPathway,R-HSA-1257604,1.9228160506195084
R-HSA-198203,abstraction:NextStepPathway,R-HSA-392451,1.9228160506195084
R-HSA-198203,abstraction:NextStepPathway,R-HSA-199418,1.9228160506195084
R-HSA-198203,abstraction:NextStepPathway,R-HSA-114604,0
R-HSA-198203,abstraction:NextStepPathway,R-HSA-9006925,1.9228160506195084
R-HSA-198203,abstraction:NextStepPathway,R-HSA-1660499,0
R-HSA-198203,abstraction:NextStepPathway,R-HSA-5218920,2.928983806765617
R-HSA-198203,abstraction:NextStepPathway,R-HSA-202424,0
R-HSA-8985947,abstraction:NextStepPathway,R-HSA-9020558,6.336825731146441
R-HSA-8985947,abstraction:NextStepPathway,R-HSA-6785807,4.208594025297173
R-HSA-8985947,abstraction:NextStepPathway,R-HSA-9020958,6.336825731146441
R-HSA-8985947,abstraction:NextStepPathway,R-HSA-1266695,4.208594025297173
R-HSA-8985947,abstraction:NextStepPathway,R-HSA-8983432,6.336825731146441
R-HSA-8985947,abstraction:NextStepPathway,R-HSA-9860927,0
R-HSA-1538133,abstraction:NextStepPathway,R-HSA-1362277,5.238213442478331
R-HSA-1538133,abstraction:NextStepPathway,R-HSA-1362300,5.238213442478331
R-HSA-193368,abstraction:NextStepPathway,R-HSA-211994,2.1411286746640528
R-HSA-193368,abstraction:NextStepPathway,R-HSA-159418,6.336825731146441
R-HSA-75153,abstraction:NextStepPathway,R-HSA-111465,4.390915582091128
R-HSA-2142753,abstraction:NextStepPathway,R-HSA-2142770,4.545066261918386
R-HSA-2142753,abstraction:NextStepPathway,R-HSA-2142816,4.545066261918386
R-HSA-2142753,abstraction:NextStepPathway,R-HSA-2142688,4.545066261918386
R-HSA-2142753,abstraction:NextStepPathway,R-HSA-2142696,4.545066261918386
R-HSA-2142753,abstraction:NextStepPathway,R-HSA-140180,2.1411286746640528
R-HSA-2142753,abstraction:NextStepPathway,R-HSA-2142670,4.545066261918386
R-HSA-2142753,abstraction:NextStepPathway,R-HSA-2142691,4.545066261918386
R-HSA-2142753,abstraction:NextStepPathway,R-HSA-2142712,4.545066261918386
R-HSA-2142753,abstraction:NextStepPathway,R-HSA-2162123,4.545066261918386
R-HSA-1483213,abstraction:NextStepPathway,R-HSA-1482839,5.055891885684376
R-HSA-1483213,abstraction:NextStepPathway,R-HSA-1482798,5.055891885684376
R-HSA-1483213,abstraction:NextStepPathway,R-HSA-1483191,5.055891885684376
R-HSA-1483213,abstraction:NextStepPathway,R-HSA-1483101,5.055891885684376
R-HSA-448706,abstraction:NextStepPathway,R-HSA-5620971,0
R-HSA-448706,abstraction:NextStepPathway,R-HSA-9660826,0
R-HSA-448706,abstraction:NextStepPathway,R-HSA-9020702,5.643678550586496
R-HSA-190373,abstraction:NextStepPathway,R-HSA-5654219,5.461356993792541
R-HSA-190373,abstraction:NextStepPathway,R-HSA-5654687,5.461356993792541
R-HSA-190373,abstraction:NextStepPathway,R-HSA-5654688,5.461356993792541
R-HSA-190373,abstraction:NextStepPathway,R-HSA-5654693,5.461356993792541
R-HSA-109704,abstraction:NextStepPathway,R-HSA-165158,6.336825731146441
R-HSA-9854907,abstraction:NextStepPathway,R-HSA-9856649,5.643678550586496
R-HSA-1855191,abstraction:NextStepPathway,R-HSA-1855192,5.461356993792541
R-HSA-1855191,abstraction:NextStepPathway,R-HSA-1855170,5.461356993792541
R-HSA-212300,abstraction:NextStepPathway,R-HSA-9710421,0
R-HSA-174577,abstraction:NextStepPathway,R-HSA-166665,5.749039066244322
R-HSA-174577,abstraction:NextStepPathway,R-HSA-977606,5.749039066244322
R-HSA-174577,abstraction:NextStepPathway,R-HSA-375276,0
R-HSA-174577,abstraction:NextStepPathway,R-HSA-9660826,0
R-HSA-74713,abstraction:NextStepPathway,R-HSA-74749,5.866822101900706
R-HSA-74713,abstraction:NextStepPathway,R-HSA-112399,5.866822101900706
R-HSA-74713,abstraction:NextStepPathway,R-HSA-112412,5.866822101900706
R-HSA-167060,abstraction:NextStepPathway,R-HSA-187042,4.257384189466605
R-HSA-1483191,abstraction:NextStepPathway,R-HSA-1482839,5.055891885684376
R-HSA-1483191,abstraction:NextStepPathway,R-HSA-9958517,0
R-HSA-1483191,abstraction:NextStepPathway,R-HSA-1483196,5.055891885684376
R-HSA-1483191,abstraction:NextStepPathway,R-HSA-6798163,2.1411286746640528
R-HSA-1483191,abstraction:NextStepPathway,R-HSA-1483148,5.055891885684376
R-HSA-1483191,abstraction:NextStepPathway,R-HSA-1483213,5.055891885684376
R-HSA-1483191,abstraction:NextStepPathway,R-HSA-1483101,5.055891885684376
R-HSA-1483191,abstraction:NextStepPathway,R-HSA-264642,0
R-HSA-1483191,abstraction:NextStepPathway,R-HSA-1483166,5.055891885684376
R-HSA-1483191,abstraction:NextStepPathway,R-HSA-1482788,5.055891885684376
R-HSA-917977,abstraction:NextStepPathway,R-HSA-77387,0
R-HSA-9853506,abstraction:NextStepPathway,R-HSA-611105,5.113050299524325
R-HSA-9853506,abstraction:NextStepPathway,R-HSA-1237044,0
R-HSA-9853506,abstraction:NextStepPathway,R-HSA-1475029,2.1411286746640528
R-HSA-9853506,abstraction:NextStepPathway,R-HSA-71403,5.113050299524325
R-HSA-879518,abstraction:NextStepPathway,R-HSA-193368,0
R-HSA-879518,abstraction:NextStepPathway,R-HSA-159418,0
R-HSA-9755511,abstraction:NextStepPathway,R-HSA-9762114,5.238213442478331
R-HSA-9755511,abstraction:NextStepPathway,R-HSA-8951664,0
R-HSA-9755511,abstraction:NextStepPathway,R-HSA-9759194,5.238213442478331
R-HSA-9755511,abstraction:NextStepPathway,R-HSA-9818025,5.238213442478331
R-HSA-9755511,abstraction:NextStepPathway,R-HSA-9818028,5.238213442478331
R-HSA-9755511,abstraction:NextStepPathway,R-HSA-9818027,5.238213442478331
R-HSA-9755511,abstraction:NextStepPathway,R-HSA-9679191,0
R-HSA-8868766,abstraction:NextStepPathway,R-HSA-9937008,3.957279597016267
R-HSA-8868766,abstraction:NextStepPathway,R-HSA-6793080,6.336825731146441
R-HSA-9014325,abstraction:NextStepPathway,R-HSA-450302,5.17367492134076
R-HSA-9014325,abstraction:NextStepPathway,R-HSA-445989,5.17367492134076
R-HSA-9014325,abstraction:NextStepPathway,R-HSA-9705671,0
R-HSA-9014325,abstraction:NextStepPathway,R-HSA-168638,3.210065195186046
R-HSA-9014325,abstraction:NextStepPathway,R-HSA-450321,5.17367492134076
R-HSA-9014325,abstraction:NextStepPathway,R-HSA-9020702,2.5802876285586898
R-HSA-111453,abstraction:NextStepPathway,R-HSA-111447,5.001824664414101
R-HSA-5663220,abstraction:NextStepPathway,R-HSA-4086400,1.9228160506195084
R-HSA-5663220,abstraction:NextStepPathway,R-HSA-6785631,1.9228160506195084
R-HSA-2855086,abstraction:NextStepPathway,R-HSA-166662,6.847651354912432
R-HSA-445144,abstraction:NextStepPathway,R-HSA-112411,0
R-HSA-445144,abstraction:NextStepPathway,R-HSA-110056,0
R-HSA-167172,abstraction:NextStepPathway,R-HSA-167161,4.9505313700265505
R-HSA-139915,abstraction:NextStepPathway,R-HSA-111453,5.001824664414101
R-HSA-139915,abstraction:NextStepPathway,R-HSA-6803204,0
R-HSA-2393930,abstraction:NextStepPathway,R-HSA-379716,0
R-HSA-2393930,abstraction:NextStepPathway,R-HSA-74217,5.461356993792541
R-HSA-2393930,abstraction:NextStepPathway,R-HSA-71737,2.1411286746640528
R-HSA-2028269,abstraction:NextStepPathway,R-HSA-2032785,0
R-HSA-6802946,abstraction:NextStepPathway,R-HSA-6802955,5.17367492134076
R-HSA-9026766,abstraction:NextStepPathway,R-HSA-9026395,5.866822101900706
R-HSA-9013406,abstraction:NextStepPathway,R-HSA-5627083,4.390915582091128
R-HSA-5676590,abstraction:NextStepPathway,R-HSA-5607764,2.5802876285586898
R-HSA-5676590,abstraction:NextStepPathway,R-HSA-2871837,2.5802876285586898
R-HSA-5676590,abstraction:NextStepPathway,R-HSA-202424,2.5802876285586898
R-HSA-5694530,abstraction:NextStepPathway,R-HSA-204005,6.847651354912432
R-HSA-438066,abstraction:NextStepPathway,R-HSA-9620244,5.461356993792541
R-HSA-9907900,abstraction:NextStepPathway,R-HSA-9912633,0
R-HSA-9907900,abstraction:NextStepPathway,R-HSA-1236974,0
R-HSA-432722,abstraction:NextStepPathway,R-HSA-199992,4.545066261918386
R-HSA-209543,abstraction:NextStepPathway,R-HSA-209560,7.253116463020596
R-HSA-4411364,abstraction:NextStepPathway,R-HSA-69202,0
R-HSA-4411364,abstraction:NextStepPathway,R-HSA-8951430,0
R-HSA-9823739,abstraction:NextStepPathway,R-HSA-9832991,5.548368370782171
R-HSA-844456,abstraction:NextStepPathway,R-HSA-448706,2.5802876285586898
R-HSA-844456,abstraction:NextStepPathway,R-HSA-9707564,0
R-HSA-844456,abstraction:NextStepPathway,R-HSA-9660826,0
R-HSA-8964539,abstraction:NextStepPathway,R-HSA-9856872,2.1411286746640528
R-HSA-8964539,abstraction:NextStepPathway,R-HSA-210500,0
R-HSA-8964539,abstraction:NextStepPathway,R-HSA-71064,4.185063527886979
R-HSA-8964539,abstraction:NextStepPathway,R-HSA-8963693,4.185063527886979
R-HSA-8964539,abstraction:NextStepPathway,R-HSA-210455,0
R-HSA-8964539,abstraction:NextStepPathway,R-HSA-70635,4.185063527886979
R-HSA-9727281,abstraction:NextStepPathway,R-HSA-9754560,4.768209813232596
R-HSA-9727281,abstraction:NextStepPathway,R-HSA-9694676,4.768209813232596
R-HSA-9727281,abstraction:NextStepPathway,R-HSA-9694322,5.749039066244322
R-HSA-9727281,abstraction:NextStepPathway,R-HSA-9705671,4.768209813232596
R-HSA-9911233,abstraction:NextStepPathway,R-HSA-2979096,5.001824664414101
R-HSA-1236394,abstraction:NextStepPathway,R-HSA-1251985,2.928983806765617
R-HSA-1236394,abstraction:NextStepPathway,R-HSA-1227986,2.928983806765617
R-HSA-1236394,abstraction:NextStepPathway,R-HSA-1250347,2.928983806765617
R-HSA-1236394,abstraction:NextStepPathway,R-HSA-1250342,2.928983806765617
R-HSA-72702,abstraction:NextStepPathway,R-HSA-72706,6.000353494525228
R-HSA-9620244,abstraction:NextStepPathway,R-HSA-442729,5.866822101900706
R-HSA-9620244,abstraction:NextStepPathway,R-HSA-111932,0
R-HSA-912526,abstraction:NextStepPathway,R-HSA-5673001,0
R-HSA-917937,abstraction:NextStepPathway,R-HSA-425410,3.683583766539226
R-HSA-917937,abstraction:NextStepPathway,R-HSA-389542,0
R-HSA-917937,abstraction:NextStepPathway,R-HSA-1222556,0
R-HSA-917937,abstraction:NextStepPathway,R-HSA-917977,3.683583766539226
R-HSA-917937,abstraction:NextStepPathway,R-HSA-189451,0
R-HSA-917937,abstraction:NextStepPathway,R-HSA-9707564,0
R-HSA-917937,abstraction:NextStepPathway,R-HSA-189483,0
R-HSA-917937,abstraction:NextStepPathway,R-HSA-6803544,0
R-HSA-9615710,abstraction:NextStepPathway,R-HSA-9613829,5.643678550586496
R-HSA-1461973,abstraction:NextStepPathway,R-HSA-1462054,6.336825731146441
R-HSA-69416,abstraction:NextStepPathway,R-HSA-140534,6.559969282460651
R-HSA-392451,abstraction:NextStepPathway,R-HSA-389357,0
R-HSA-392451,abstraction:NextStepPathway,R-HSA-1257604,1.9228160506195084
R-HSA-392451,abstraction:NextStepPathway,R-HSA-198203,1.9228160506195084
R-HSA-392451,abstraction:NextStepPathway,R-HSA-114604,0
R-HSA-392451,abstraction:NextStepPathway,R-HSA-5218920,1.9228160506195084
R-HSA-9648895,abstraction:NextStepPathway,R-HSA-381042,4.0961160418704825
R-HSA-9648895,abstraction:NextStepPathway,R-HSA-9633012,4.0961160418704825
R-HSA-9648895,abstraction:NextStepPathway,R-HSA-380994,4.0961160418704825
R-HSA-9648895,abstraction:NextStepPathway,R-HSA-381183,4.0961160418704825
R-HSA-450302,abstraction:NextStepPathway,R-HSA-2559580,0
R-HSA-450302,abstraction:NextStepPathway,R-HSA-6811555,0
R-HSA-450302,abstraction:NextStepPathway,R-HSA-450341,5.866822101900706
R-HSA-9828642,abstraction:NextStepPathway,R-HSA-9828721,6.559969282460651
R-HSA-112043,abstraction:NextStepPathway,R-HSA-9856530,0
R-HSA-112043,abstraction:NextStepPathway,R-HSA-2871809,0
R-HSA-112043,abstraction:NextStepPathway,R-HSA-1169091,0
R-HSA-112043,abstraction:NextStepPathway,R-HSA-9664323,0
R-HSA-112043,abstraction:NextStepPathway,R-HSA-2029485,0
R-HSA-112043,abstraction:NextStepPathway,R-HSA-445355,0
R-HSA-112043,abstraction:NextStepPathway,R-HSA-5218921,1.9228160506195084
R-HSA-112043,abstraction:NextStepPathway,R-HSA-111997,5.548368370782171
R-HSA-112043,abstraction:NextStepPathway,R-HSA-422356,0
R-HSA-112043,abstraction:NextStepPathway,R-HSA-5607763,0
R-HSA-112043,abstraction:NextStepPathway,R-HSA-1489509,1.9228160506195084
R-HSA-112043,abstraction:NextStepPathway,R-HSA-4086398,1.9228160506195084
R-HSA-112043,abstraction:NextStepPathway,R-HSA-5578775,0
R-HSA-112043,abstraction:NextStepPathway,R-HSA-983695,0
R-HSA-112043,abstraction:NextStepPathway,R-HSA-2514859,0
R-HSA-9664323,abstraction:NextStepPathway,R-HSA-111931,0
R-HSA-9664323,abstraction:NextStepPathway,R-HSA-202433,0
R-HSA-9664323,abstraction:NextStepPathway,R-HSA-9856530,0
R-HSA-9664323,abstraction:NextStepPathway,R-HSA-9634638,0
R-HSA-9664323,abstraction:NextStepPathway,R-HSA-442982,0
R-HSA-9664323,abstraction:NextStepPathway,R-HSA-2871809,0
R-HSA-9664323,abstraction:NextStepPathway,R-HSA-1169091,0
R-HSA-9664323,abstraction:NextStepPathway,R-HSA-164378,0
R-HSA-9664323,abstraction:NextStepPathway,R-HSA-9634597,0
R-HSA-9664323,abstraction:NextStepPathway,R-HSA-111933,0
R-HSA-9664323,abstraction:NextStepPathway,R-HSA-9620244,0
R-HSA-9664323,abstraction:NextStepPathway,R-HSA-111957,0
R-HSA-9664323,abstraction:NextStepPathway,R-HSA-112043,0
R-HSA-9664323,abstraction:NextStepPathway,R-HSA-163560,0
R-HSA-9664323,abstraction:NextStepPathway,R-HSA-2029482,0
R-HSA-9664323,abstraction:NextStepPathway,R-HSA-442720,0
R-HSA-9664323,abstraction:NextStepPathway,R-HSA-2029485,0
R-HSA-9664323,abstraction:NextStepPathway,R-HSA-442729,0
R-HSA-9664323,abstraction:NextStepPathway,R-HSA-111932,0
R-HSA-9664323,abstraction:NextStepPathway,R-HSA-445355,0
R-HSA-9664323,abstraction:NextStepPathway,R-HSA-5218921,0
R-HSA-9664323,abstraction:NextStepPathway,R-HSA-432040,0
R-HSA-9664323,abstraction:NextStepPathway,R-HSA-203615,0
R-HSA-9664323,abstraction:NextStepPathway,R-HSA-180024,0
R-HSA-9664323,abstraction:NextStepPathway,R-HSA-111997,0
R-HSA-9664323,abstraction:NextStepPathway,R-HSA-422356,0
R-HSA-9664323,abstraction:NextStepPathway,R-HSA-5607763,0
R-HSA-9664323,abstraction:NextStepPathway,R-HSA-1489509,0
R-HSA-9664323,abstraction:NextStepPathway,R-HSA-4086398,0
R-HSA-9664323,abstraction:NextStepPathway,R-HSA-5627123,0
R-HSA-9664323,abstraction:NextStepPathway,R-HSA-163358,0
R-HSA-9664323,abstraction:NextStepPathway,R-HSA-2025928,0
R-HSA-9664323,abstraction:NextStepPathway,R-HSA-5218920,0
R-HSA-9664323,abstraction:NextStepPathway,R-HSA-5578775,0
R-HSA-9664323,abstraction:NextStepPathway,R-HSA-983695,0
R-HSA-9664323,abstraction:NextStepPathway,R-HSA-2514859,0
R-HSA-9664323,abstraction:NextStepPathway,R-HSA-9031628,0
R-HSA-9664323,abstraction:NextStepPathway,R-HSA-9634600,0
R-HSA-9664323,abstraction:NextStepPathway,R-HSA-163615,0
R-HSA-9664323,abstraction:NextStepPathway,R-HSA-9664422,5.381314286119005
R-HSA-9664323,abstraction:NextStepPathway,R-HSA-9660821,6.559969282460651
R-HSA-9664323,abstraction:NextStepPathway,R-HSA-202424,0
R-HSA-174437,abstraction:NextStepPathway,R-HSA-174414,6.559969282460651
R-HSA-9759194,abstraction:NextStepPathway,R-HSA-9818035,5.548368370782171
R-HSA-9759194,abstraction:NextStepPathway,R-HSA-9818032,5.548368370782171
R-HSA-9759194,abstraction:NextStepPathway,R-HSA-9755511,5.238213442478331
R-HSA-9759194,abstraction:NextStepPathway,R-HSA-9818030,5.548368370782171
R-HSA-9759194,abstraction:NextStepPathway,R-HSA-9909649,0
R-HSA-9759194,abstraction:NextStepPathway,R-HSA-9818028,5.548368370782171
R-HSA-9759194,abstraction:NextStepPathway,R-HSA-9818027,5.548368370782171
R-HSA-9759194,abstraction:NextStepPathway,R-HSA-9818749,5.548368370782171
R-HSA-9759194,abstraction:NextStepPathway,R-HSA-9818026,5.548368370782171
R-HSA-888568,abstraction:NextStepPathway,R-HSA-888590,5.749039066244322
R-HSA-74217,abstraction:NextStepPathway,R-HSA-379716,0
R-HSA-74217,abstraction:NextStepPathway,R-HSA-74259,5.461356993792541
R-HSA-74217,abstraction:NextStepPathway,R-HSA-71737,2.1411286746640528
R-HSA-74217,abstraction:NextStepPathway,R-HSA-499943,5.461356993792541
R-HSA-1566977,abstraction:NextStepPathway,R-HSA-202733,0
R-HSA-881907,abstraction:NextStepPathway,R-HSA-199920,1.9228160506195084
R-HSA-881907,abstraction:NextStepPathway,R-HSA-2559582,0
R-HSA-881907,abstraction:NextStepPathway,R-HSA-416476,4.545066261918386
R-HSA-881907,abstraction:NextStepPathway,R-HSA-9031628,1.9228160506195084
R-HSA-9933939,abstraction:NextStepPathway,R-HSA-9933947,6.336825731146441
R-HSA-112313,abstraction:NextStepPathway,R-HSA-112310,3.9759717300284194
R-HSA-5654699,abstraction:NextStepPathway,R-HSA-5673001,1.9228160506195084
R-HSA-8853884,abstraction:NextStepPathway,R-HSA-2559582,0
R-HSA-8853884,abstraction:NextStepPathway,R-HSA-2559585,0
R-HSA-8853884,abstraction:NextStepPathway,R-HSA-2559580,0
R-HSA-8853884,abstraction:NextStepPathway,R-HSA-69231,0
R-HSA-375281,abstraction:NextStepPathway,R-HSA-416476,3.83538977940723
R-HSA-375281,abstraction:NextStepPathway,R-HSA-418555,3.83538977940723
R-HSA-375281,abstraction:NextStepPathway,R-HSA-9660821,0
R-HSA-168255,abstraction:NextStepPathway,R-HSA-168275,3.0190099584233367
R-HSA-168255,abstraction:NextStepPathway,R-HSA-168270,3.0190099584233367
R-HSA-210500,abstraction:NextStepPathway,R-HSA-9856872,0
R-HSA-210500,abstraction:NextStepPathway,R-HSA-438066,3.9759717300284194
R-HSA-210500,abstraction:NextStepPathway,R-HSA-8964539,0
R-HSA-210500,abstraction:NextStepPathway,R-HSA-399710,3.9759717300284194
R-HSA-210500,abstraction:NextStepPathway,R-HSA-5628897,0
R-HSA-210500,abstraction:NextStepPathway,R-HSA-264642,5.749039066244322
R-HSA-210500,abstraction:NextStepPathway,R-HSA-451307,3.9759717300284194
R-HSA-190827,abstraction:NextStepPathway,R-HSA-190704,6.559969282460651
R-HSA-3928662,abstraction:NextStepPathway,R-HSA-5627117,0
R-HSA-5668541,abstraction:NextStepPathway,R-HSA-5676590,3.741571024189575
R-HSA-5668541,abstraction:NextStepPathway,R-HSA-5607761,2.5802876285586898
R-HSA-389957,abstraction:NextStepPathway,R-HSA-389960,6.847651354912432
R-HSA-389957,abstraction:NextStepPathway,R-HSA-390450,6.847651354912432
R-HSA-9948001,abstraction:NextStepPathway,R-HSA-9960519,6.559969282460651
R-HSA-9948001,abstraction:NextStepPathway,R-HSA-5620971,0
R-HSA-3065678,abstraction:NextStepPathway,R-HSA-9615933,0
R-HSA-3065678,abstraction:NextStepPathway,R-HSA-4551638,5.113050299524325
R-HSA-3065678,abstraction:NextStepPathway,R-HSA-3232118,5.113050299524325
R-HSA-3065678,abstraction:NextStepPathway,R-HSA-9856649,0
R-HSA-3065678,abstraction:NextStepPathway,R-HSA-3108214,5.113050299524325
R-HSA-3065678,abstraction:NextStepPathway,R-HSA-4085377,5.113050299524325
R-HSA-3065678,abstraction:NextStepPathway,R-HSA-196791,0
R-HSA-3065678,abstraction:NextStepPathway,R-HSA-5693565,0
R-HSA-3065678,abstraction:NextStepPathway,R-HSA-9833482,0
R-HSA-3065678,abstraction:NextStepPathway,R-HSA-3232142,5.113050299524325
R-HSA-3065678,abstraction:NextStepPathway,R-HSA-4090294,5.113050299524325
R-HSA-3065678,abstraction:NextStepPathway,R-HSA-9793242,5.113050299524325
R-HSA-3065678,abstraction:NextStepPathway,R-HSA-8866904,0
R-HSA-3065678,abstraction:NextStepPathway,R-HSA-4655427,5.113050299524325
R-HSA-3065678,abstraction:NextStepPathway,R-HSA-3899300,5.113050299524325
R-HSA-3065678,abstraction:NextStepPathway,R-HSA-4615885,5.113050299524325
R-HSA-3065678,abstraction:NextStepPathway,R-HSA-4570464,5.113050299524325
R-HSA-3065678,abstraction:NextStepPathway,R-HSA-4755510,5.113050299524325
R-HSA-9845614,abstraction:NextStepPathway,R-HSA-1660661,6.336825731146441
R-HSA-418885,abstraction:NextStepPathway,R-HSA-389359,0
R-HSA-418885,abstraction:NextStepPathway,R-HSA-373752,4.308677483854155
R-HSA-418885,abstraction:NextStepPathway,R-HSA-5627123,0
R-HSA-418885,abstraction:NextStepPathway,R-HSA-418890,6.559969282460651
R-HSA-418885,abstraction:NextStepPathway,R-HSA-428542,4.308677483854155
R-HSA-418885,abstraction:NextStepPathway,R-HSA-5687128,0
R-HSA-1614517,abstraction:NextStepPathway,R-HSA-428643,0
R-HSA-1614517,abstraction:NextStepPathway,R-HSA-1614558,6.559969282460651
R-HSA-114294,abstraction:NextStepPathway,R-HSA-111457,5.001824664414101
R-HSA-114294,abstraction:NextStepPathway,R-HSA-5620971,4.232691576876234
R-HSA-1614635,abstraction:NextStepPathway,R-HSA-1614558,4.185063527886979
R-HSA-1614635,abstraction:NextStepPathway,R-HSA-549127,0
R-HSA-1614635,abstraction:NextStepPathway,R-HSA-6798163,4.185063527886979
R-HSA-1614635,abstraction:NextStepPathway,R-HSA-9759218,2.1411286746640528
R-HSA-1614635,abstraction:NextStepPathway,R-HSA-351202,4.185063527886979
R-HSA-1614635,abstraction:NextStepPathway,R-HSA-1614603,4.185063527886979
R-HSA-1614635,abstraction:NextStepPathway,R-HSA-156581,2.1411286746640528
R-HSA-9018519,abstraction:NextStepPathway,R-HSA-1251985,1.9228160506195084
R-HSA-9018519,abstraction:NextStepPathway,R-HSA-8939256,0
R-HSA-9018519,abstraction:NextStepPathway,R-HSA-69231,0
R-HSA-9018519,abstraction:NextStepPathway,R-HSA-8931987,0
R-HSA-69541,abstraction:NextStepPathway,R-HSA-6796648,0
R-HSA-69541,abstraction:NextStepPathway,R-HSA-2559585,0
R-HSA-69541,abstraction:NextStepPathway,R-HSA-6804114,0
R-HSA-69541,abstraction:NextStepPathway,R-HSA-6803211,0
R-HSA-69541,abstraction:NextStepPathway,R-HSA-9758274,0
R-HSA-69541,abstraction:NextStepPathway,R-HSA-2559580,0
R-HSA-69541,abstraction:NextStepPathway,R-HSA-69473,5.001824664414101
R-HSA-69541,abstraction:NextStepPathway,R-HSA-6804760,0
R-HSA-69541,abstraction:NextStepPathway,R-HSA-6811555,0
R-HSA-69541,abstraction:NextStepPathway,R-HSA-5620971,0
R-HSA-69541,abstraction:NextStepPathway,R-HSA-8941858,0
R-HSA-69541,abstraction:NextStepPathway,R-HSA-6804756,0
R-HSA-69541,abstraction:NextStepPathway,R-HSA-69481,5.001824664414101
R-HSA-69541,abstraction:NextStepPathway,R-HSA-6804116,0
R-HSA-69541,abstraction:NextStepPathway,R-HSA-6804115,0
R-HSA-69541,abstraction:NextStepPathway,R-HSA-69895,6.559969282460651
R-HSA-69541,abstraction:NextStepPathway,R-HSA-6803204,0
R-HSA-69541,abstraction:NextStepPathway,R-HSA-6804759,0
R-HSA-69541,abstraction:NextStepPathway,R-HSA-6803207,0
R-HSA-69541,abstraction:NextStepPathway,R-HSA-111448,0
R-HSA-69541,abstraction:NextStepPathway,R-HSA-2559586,0
R-HSA-69541,abstraction:NextStepPathway,R-HSA-6803205,0
R-HSA-69541,abstraction:NextStepPathway,R-HSA-6804754,0
R-HSA-69541,abstraction:NextStepPathway,R-HSA-6804758,0
R-HSA-69541,abstraction:NextStepPathway,R-HSA-8852276,3.134079288208124
R-HSA-69541,abstraction:NextStepPathway,R-HSA-6804757,0
R-HSA-2173796,abstraction:NextStepPathway,R-HSA-1650814,0
R-HSA-2173796,abstraction:NextStepPathway,R-HSA-2559582,0
R-HSA-2173796,abstraction:NextStepPathway,R-HSA-2559585,0
R-HSA-2173796,abstraction:NextStepPathway,R-HSA-2173795,7.253116463020596
R-HSA-2173796,abstraction:NextStepPathway,R-HSA-9754189,0
R-HSA-2173796,abstraction:NextStepPathway,R-HSA-2559580,0
R-HSA-2173796,abstraction:NextStepPathway,R-HSA-69202,0
R-HSA-2173796,abstraction:NextStepPathway,R-HSA-9796292,0
R-HSA-2173796,abstraction:NextStepPathway,R-HSA-8948216,0
R-HSA-2173796,abstraction:NextStepPathway,R-HSA-1181150,0
R-HSA-2173796,abstraction:NextStepPathway,R-HSA-8941855,3.5274230357839436
R-HSA-2173796,abstraction:NextStepPathway,R-HSA-9733458,0
R-HSA-2173796,abstraction:NextStepPathway,R-HSA-69231,0
R-HSA-2173796,abstraction:NextStepPathway,R-HSA-9823730,0
R-HSA-2173796,abstraction:NextStepPathway,R-HSA-1502540,5.17367492134076
R-HSA-2173796,abstraction:NextStepPathway,R-HSA-9617828,3.5274230357839436
R-HSA-2173796,abstraction:NextStepPathway,R-HSA-9694614,0
R-HSA-5362517,abstraction:NextStepPathway,R-HSA-204174,0
R-HSA-5362517,abstraction:NextStepPathway,R-HSA-200425,0
R-HSA-196757,abstraction:NextStepPathway,R-HSA-1614635,2.1411286746640528
R-HSA-196757,abstraction:NextStepPathway,R-HSA-9759218,5.307206313965283
R-HSA-196757,abstraction:NextStepPathway,R-HSA-156581,2.1411286746640528
R-HSA-9705677,abstraction:NextStepPathway,R-HSA-191650,0
R-HSA-112411,abstraction:NextStepPathway,R-HSA-5673001,5.643678550586496
R-HSA-112411,abstraction:NextStepPathway,R-HSA-445144,0
R-HSA-112411,abstraction:NextStepPathway,R-HSA-170968,1.9228160506195084
R-HSA-112411,abstraction:NextStepPathway,R-HSA-112409,5.643678550586496
R-HSA-9683439,abstraction:NextStepPathway,R-HSA-9682706,4.9505313700265505
R-HSA-9683439,abstraction:NextStepPathway,R-HSA-9692916,4.9505313700265505
R-HSA-2029482,abstraction:NextStepPathway,R-HSA-5663213,0
R-HSA-2029482,abstraction:NextStepPathway,R-HSA-5627123,0
R-HSA-2029482,abstraction:NextStepPathway,R-HSA-5687128,0
R-HSA-2029482,abstraction:NextStepPathway,R-HSA-9664422,0
R-HSA-8982491,abstraction:NextStepPathway,R-HSA-71387,2.1411286746640528
R-HSA-2466712,abstraction:NextStepPathway,R-HSA-2453902,0
R-HSA-4086400,abstraction:NextStepPathway,R-HSA-5663220,1.9228160506195084
R-HSA-9856649,abstraction:NextStepPathway,R-HSA-9857377,5.643678550586496
R-HSA-9856649,abstraction:NextStepPathway,R-HSA-9825892,5.643678550586496
R-HSA-9856649,abstraction:NextStepPathway,R-HSA-9824594,5.643678550586496
R-HSA-9856649,abstraction:NextStepPathway,R-HSA-9854907,5.643678550586496
R-HSA-9856649,abstraction:NextStepPathway,R-HSA-9926550,5.643678550586496
R-HSA-9856649,abstraction:NextStepPathway,R-HSA-9854909,5.643678550586496
R-HSA-9856649,abstraction:NextStepPathway,R-HSA-9825895,5.643678550586496
R-HSA-9856649,abstraction:NextStepPathway,R-HSA-9824585,5.643678550586496
R-HSA-9856649,abstraction:NextStepPathway,R-HSA-9764725,0
R-HSA-181430,abstraction:NextStepPathway,R-HSA-212676,5.749039066244322
R-HSA-181430,abstraction:NextStepPathway,R-HSA-442660,0
R-HSA-181430,abstraction:NextStepPathway,R-HSA-209905,0
R-HSA-181430,abstraction:NextStepPathway,R-HSA-181429,5.749039066244322
R-HSA-5617472,abstraction:NextStepPathway,R-HSA-9830364,3.227764772285447
R-HSA-5617472,abstraction:NextStepPathway,R-HSA-9010553,3.227764772285447
R-HSA-8985801,abstraction:NextStepPathway,R-HSA-373752,4.308677483854155
R-HSA-8985801,abstraction:NextStepPathway,R-HSA-376176,4.308677483854155
R-HSA-8985801,abstraction:NextStepPathway,R-HSA-428542,5.866822101900706
R-HSA-9020956,abstraction:NextStepPathway,R-HSA-1059683,4.208594025297173
R-HSA-9020956,abstraction:NextStepPathway,R-HSA-6788467,4.208594025297173
R-HSA-9020956,abstraction:NextStepPathway,R-HSA-8984722,6.336825731146441
R-HSA-199418,abstraction:NextStepPathway,R-HSA-1855204,0
R-HSA-199418,abstraction:NextStepPathway,R-HSA-1660499,0
R-HSA-199418,abstraction:NextStepPathway,R-HSA-1660516,0
R-HSA-450341,abstraction:NextStepPathway,R-HSA-2559582,0
R-HSA-450341,abstraction:NextStepPathway,R-HSA-2871796,3.210065195186046
R-HSA-450341,abstraction:NextStepPathway,R-HSA-2559580,0
R-HSA-450341,abstraction:NextStepPathway,R-HSA-8943724,0
R-HSA-450341,abstraction:NextStepPathway,R-HSA-9909649,2.5802876285586898
R-HSA-888593,abstraction:NextStepPathway,R-HSA-888590,5.749039066244322
R-HSA-888593,abstraction:NextStepPathway,R-HSA-916853,6.847651354912432
R-HSA-888593,abstraction:NextStepPathway,R-HSA-442660,0
R-HSA-933542,abstraction:NextStepPathway,R-HSA-445989,3.210065195186046
R-HSA-933542,abstraction:NextStepPathway,R-HSA-9909649,2.5802876285586898
R-HSA-933542,abstraction:NextStepPathway,R-HSA-3134963,3.210065195186046
R-HSA-933542,abstraction:NextStepPathway,R-HSA-1810476,3.210065195186046
R-HSA-180336,abstraction:NextStepPathway,R-HSA-5673001,1.9228160506195084
R-HSA-75094,abstraction:NextStepPathway,R-HSA-72200,6.336825731146441
R-HSA-76061,abstraction:NextStepPathway,R-HSA-749476,6.000353494525228
R-HSA-5620971,abstraction:NextStepPathway,R-HSA-111458,4.232691576876234
R-HSA-5620971,abstraction:NextStepPathway,R-HSA-9960525,0
R-HSA-5620971,abstraction:NextStepPathway,R-HSA-9960519,0
R-HSA-5620971,abstraction:NextStepPathway,R-HSA-111461,4.232691576876234
R-HSA-5620971,abstraction:NextStepPathway,R-HSA-5686938,0
R-HSA-5620971,abstraction:NextStepPathway,R-HSA-111471,4.232691576876234
R-HSA-5620971,abstraction:NextStepPathway,R-HSA-9020702,0
R-HSA-1855231,abstraction:NextStepPathway,R-HSA-1855156,5.461356993792541
R-HSA-1855231,abstraction:NextStepPathway,R-HSA-1855215,5.461356993792541
R-HSA-9796292,abstraction:NextStepPathway,R-HSA-9823730,5.548368370782171
R-HSA-1445148,abstraction:NextStepPathway,R-HSA-9824585,0
R-HSA-9831926,abstraction:NextStepPathway,R-HSA-4086400,0
R-HSA-196791,abstraction:NextStepPathway,R-HSA-211916,2.1411286746640528
R-HSA-196791,abstraction:NextStepPathway,R-HSA-4090294,0
R-HSA-112311,abstraction:NextStepPathway,R-HSA-9958517,0
R-HSA-112311,abstraction:NextStepPathway,R-HSA-1483191,0
R-HSA-8964038,abstraction:NextStepPathway,R-HSA-8963896,5.238213442478331
R-HSA-8964038,abstraction:NextStepPathway,R-HSA-8964026,6.336825731146441
R-HSA-210744,abstraction:NextStepPathway,R-HSA-210746,6.336825731146441
R-HSA-210744,abstraction:NextStepPathway,R-HSA-2122947,0
R-HSA-5654712,abstraction:NextStepPathway,R-HSA-5673001,1.9228160506195084
R-HSA-5654712,abstraction:NextStepPathway,R-HSA-5654720,6.559969282460651
R-HSA-5654712,abstraction:NextStepPathway,R-HSA-5654733,5.749039066244322
R-HSA-9701898,abstraction:NextStepPathway,R-HSA-9725371,0
R-HSA-8849470,abstraction:NextStepPathway,R-HSA-69231,0
R-HSA-8849470,abstraction:NextStepPathway,R-HSA-187577,0
R-HSA-77352,abstraction:NextStepPathway,R-HSA-611105,2.1411286746640528
R-HSA-76005,abstraction:NextStepPathway,R-HSA-114516,5.113050299524325
R-HSA-418597,abstraction:NextStepPathway,R-HSA-418217,4.545066261918386
R-HSA-418597,abstraction:NextStepPathway,R-HSA-418594,4.545066261918386
R-HSA-418597,abstraction:NextStepPathway,R-HSA-9856530,0
R-HSA-418597,abstraction:NextStepPathway,R-HSA-9634597,4.545066261918386
R-HSA-418597,abstraction:NextStepPathway,R-HSA-392451,4.545066261918386
R-HSA-418597,abstraction:NextStepPathway,R-HSA-9664323,0
R-HSA-418597,abstraction:NextStepPathway,R-HSA-442720,0
R-HSA-418597,abstraction:NextStepPathway,R-HSA-432040,0
R-HSA-418597,abstraction:NextStepPathway,R-HSA-180024,4.545066261918386
R-HSA-418597,abstraction:NextStepPathway,R-HSA-418555,4.545066261918386
R-HSA-418597,abstraction:NextStepPathway,R-HSA-4086398,1.9228160506195084
R-HSA-418597,abstraction:NextStepPathway,R-HSA-8964315,4.545066261918386
R-HSA-418597,abstraction:NextStepPathway,R-HSA-8964616,4.545066261918386
R-HSA-418597,abstraction:NextStepPathway,R-HSA-163615,4.545066261918386
R-HSA-418597,abstraction:NextStepPathway,R-HSA-9660821,0
R-HSA-8939246,abstraction:NextStepPathway,R-HSA-8941333,3.5274230357839436
R-HSA-2142688,abstraction:NextStepPathway,R-HSA-2142700,3.1422425988472846
R-HSA-2142688,abstraction:NextStepPathway,R-HSA-2142691,5.866822101900706
R-HSA-9717207,abstraction:NextStepPathway,R-HSA-9730628,6.847651354912432
R-HSA-173623,abstraction:NextStepPathway,R-HSA-977606,5.749039066244322
R-HSA-173623,abstraction:NextStepPathway,R-HSA-166663,5.749039066244322
R-HSA-9662360,abstraction:NextStepPathway,R-HSA-9662361,6.847651354912432
R-HSA-5628897,abstraction:NextStepPathway,R-HSA-611105,0
R-HSA-5628897,abstraction:NextStepPathway,R-HSA-9856872,0
R-HSA-5628897,abstraction:NextStepPathway,R-HSA-1632852,0
R-HSA-5628897,abstraction:NextStepPathway,R-HSA-8943723,0
R-HSA-5628897,abstraction:NextStepPathway,R-HSA-70263,0
R-HSA-5628897,abstraction:NextStepPathway,R-HSA-380972,0
R-HSA-5628897,abstraction:NextStepPathway,R-HSA-8964539,0
R-HSA-5628897,abstraction:NextStepPathway,R-HSA-210500,0
R-HSA-5628897,abstraction:NextStepPathway,R-HSA-199418,0
R-HSA-5628897,abstraction:NextStepPathway,R-HSA-8943724,0
R-HSA-5628897,abstraction:NextStepPathway,R-HSA-70171,0
R-HSA-5628897,abstraction:NextStepPathway,R-HSA-165159,0
R-HSA-5628897,abstraction:NextStepPathway,R-HSA-166187,0
R-HSA-5628897,abstraction:NextStepPathway,R-HSA-3299685,0
R-HSA-5628897,abstraction:NextStepPathway,R-HSA-167826,0
R-HSA-5628897,abstraction:NextStepPathway,R-HSA-1660499,0
R-HSA-5628897,abstraction:NextStepPathway,R-HSA-71336,0
R-HSA-5628897,abstraction:NextStepPathway,R-HSA-163210,0
R-HSA-5628897,abstraction:NextStepPathway,R-HSA-9818027,0
R-HSA-5628897,abstraction:NextStepPathway,R-HSA-202424,0
R-HSA-5628897,abstraction:NextStepPathway,R-HSA-499943,0
R-HSA-1482925,abstraction:NextStepPathway,R-HSA-1483171,5.055891885684376
R-HSA-174362,abstraction:NextStepPathway,R-HSA-379716,0
R-HSA-174362,abstraction:NextStepPathway,R-HSA-9939291,0
R-HSA-174362,abstraction:NextStepPathway,R-HSA-913709,0
R-HSA-174362,abstraction:NextStepPathway,R-HSA-2022923,5.307206313965283
R-HSA-174362,abstraction:NextStepPathway,R-HSA-2022928,5.307206313965283
R-HSA-174362,abstraction:NextStepPathway,R-HSA-163841,0
R-HSA-174362,abstraction:NextStepPathway,R-HSA-2022870,5.307206313965283
R-HSA-174362,abstraction:NextStepPathway,R-HSA-425381,0
R-HSA-174362,abstraction:NextStepPathway,R-HSA-727802,0
R-HSA-174362,abstraction:NextStepPathway,R-HSA-156584,2.1411286746640528
R-HSA-174362,abstraction:NextStepPathway,R-HSA-71737,2.1411286746640528
R-HSA-174362,abstraction:NextStepPathway,R-HSA-2022854,5.307206313965283
R-HSA-3270619,abstraction:NextStepPathway,R-HSA-1606341,5.643678550586496
R-HSA-3270619,abstraction:NextStepPathway,R-HSA-3134973,5.643678550586496
R-HSA-5625886,abstraction:NextStepPathway,R-HSA-381426,0
R-HSA-5625886,abstraction:NextStepPathway,R-HSA-1592389,0
R-HSA-140534,abstraction:NextStepPathway,R-HSA-9758274,0
R-HSA-140534,abstraction:NextStepPathway,R-HSA-9686347,0
R-HSA-140534,abstraction:NextStepPathway,R-HSA-75153,4.390915582091128
R-HSA-140534,abstraction:NextStepPathway,R-HSA-264870,4.390915582091128
R-HSA-140534,abstraction:NextStepPathway,R-HSA-5357905,0
R-HSA-140534,abstraction:NextStepPathway,R-HSA-5675482,4.232691576876234
R-HSA-140534,abstraction:NextStepPathway,R-HSA-75108,4.390915582091128
R-HSA-168179,abstraction:NextStepPathway,R-HSA-166058,5.17367492134076
R-HSA-9854311,abstraction:NextStepPathway,R-HSA-611105,5.113050299524325
R-HSA-9854311,abstraction:NextStepPathway,R-HSA-71403,5.113050299524325
R-HSA-5610785,abstraction:NextStepPathway,R-HSA-5610787,5.643678550586496
R-HSA-9861718,abstraction:NextStepPathway,R-HSA-70268,5.113050299524325
R-HSA-202733,abstraction:NextStepPathway,R-HSA-216083,0
R-HSA-202733,abstraction:NextStepPathway,R-HSA-1566977,0
R-HSA-202733,abstraction:NextStepPathway,R-HSA-114604,4.308677483854155
R-HSA-202733,abstraction:NextStepPathway,R-HSA-140875,4.308677483854155
R-HSA-373076,abstraction:NextStepPathway,R-HSA-418594,3.83538977940723
R-HSA-373076,abstraction:NextStepPathway,R-HSA-416476,3.83538977940723
R-HSA-373076,abstraction:NextStepPathway,R-HSA-418555,3.83538977940723
R-HSA-373076,abstraction:NextStepPathway,R-HSA-9660821,0
R-HSA-936964,abstraction:NextStepPathway,R-HSA-9013973,4.139601153810221
R-HSA-936964,abstraction:NextStepPathway,R-HSA-9824878,5.17367492134076
R-HSA-8951430,abstraction:NextStepPathway,R-HSA-69202,0
R-HSA-8951430,abstraction:NextStepPathway,R-HSA-4411364,0
R-HSA-75158,abstraction:NextStepPathway,R-HSA-69416,0
R-HSA-75158,abstraction:NextStepPathway,R-HSA-5218900,0
R-HSA-75158,abstraction:NextStepPathway,R-HSA-3371378,0
R-HSA-8948216,abstraction:NextStepPathway,R-HSA-1650814,6.336825731146441
R-HSA-9669935,abstraction:NextStepPathway,R-HSA-9670439,5.381314286119005
R-HSA-186763,abstraction:NextStepPathway,R-HSA-5673001,1.9228160506195084
R-HSA-186763,abstraction:NextStepPathway,R-HSA-6811558,1.9228160506195084
R-HSA-186763,abstraction:NextStepPathway,R-HSA-1257604,1.9228160506195084
R-HSA-186763,abstraction:NextStepPathway,R-HSA-9673767,0
R-HSA-3238698,abstraction:NextStepPathway,R-HSA-5099900,4.901741205857118
R-HSA-3238698,abstraction:NextStepPathway,R-HSA-201681,4.901741205857118
R-HSA-3238698,abstraction:NextStepPathway,R-HSA-3772470,4.901741205857118
R-HSA-3238698,abstraction:NextStepPathway,R-HSA-9673324,0
R-HSA-3238698,abstraction:NextStepPathway,R-HSA-4086400,4.901741205857118
R-HSA-3238698,abstraction:NextStepPathway,R-HSA-4608870,4.901741205857118
R-HSA-3238698,abstraction:NextStepPathway,R-HSA-4086398,4.901741205857118
R-HSA-3238698,abstraction:NextStepPathway,R-HSA-5140745,4.901741205857118
R-HSA-9758919,abstraction:NextStepPathway,R-HSA-9764725,0
R-HSA-512988,abstraction:NextStepPathway,R-HSA-2586552,0
R-HSA-512988,abstraction:NextStepPathway,R-HSA-9020558,4.208594025297173
R-HSA-512988,abstraction:NextStepPathway,R-HSA-912526,4.208594025297173
R-HSA-512988,abstraction:NextStepPathway,R-HSA-9703465,0
R-HSA-512988,abstraction:NextStepPathway,R-HSA-1266695,4.208594025297173
R-HSA-512988,abstraction:NextStepPathway,R-HSA-9702518,0
R-HSA-512988,abstraction:NextStepPathway,R-HSA-982772,3.741571024189575
R-HSA-446193,abstraction:NextStepPathway,R-HSA-9931295,0
R-HSA-8943724,abstraction:NextStepPathway,R-HSA-8943723,6.336825731146441
R-HSA-8943724,abstraction:NextStepPathway,R-HSA-5628897,0
R-HSA-8941858,abstraction:NextStepPathway,R-HSA-8949275,5.749039066244322
R-HSA-8941858,abstraction:NextStepPathway,R-HSA-8951936,5.749039066244322
R-HSA-8941858,abstraction:NextStepPathway,R-HSA-8951430,5.749039066244322
R-HSA-8941858,abstraction:NextStepPathway,R-HSA-8941855,5.749039066244322
R-HSA-8941858,abstraction:NextStepPathway,R-HSA-8951671,5.749039066244322
R-HSA-8941858,abstraction:NextStepPathway,R-HSA-8941856,5.749039066244322
R-HSA-8941858,abstraction:NextStepPathway,R-HSA-8951911,5.749039066244322
R-HSA-432142,abstraction:NextStepPathway,R-HSA-418592,4.308677483854155
R-HSA-432142,abstraction:NextStepPathway,R-HSA-210990,4.308677483854155
R-HSA-432142,abstraction:NextStepPathway,R-HSA-111995,0
R-HSA-5654219,abstraction:NextStepPathway,R-HSA-2029485,0
R-HSA-5654219,abstraction:NextStepPathway,R-HSA-5218921,2.928983806765617
R-HSA-5654219,abstraction:NextStepPathway,R-HSA-1489509,1.9228160506195084
R-HSA-8964011,abstraction:NextStepPathway,R-HSA-8963896,5.238213442478331
R-HSA-389661,abstraction:NextStepPathway,R-HSA-6783984,4.185063527886979
R-HSA-389661,abstraction:NextStepPathway,R-HSA-3299685,0
R-HSA-5693565,abstraction:NextStepPathway,R-HSA-8939236,0
R-HSA-5693565,abstraction:NextStepPathway,R-HSA-5693571,5.238213442478331
R-HSA-5693565,abstraction:NextStepPathway,R-HSA-5693607,5.238213442478331
R-HSA-5693565,abstraction:NextStepPathway,R-HSA-69601,0
R-HSA-5693565,abstraction:NextStepPathway,R-HSA-69473,0
R-HSA-5693565,abstraction:NextStepPathway,R-HSA-75035,0
R-HSA-5693565,abstraction:NextStepPathway,R-HSA-69541,0
R-HSA-5693565,abstraction:NextStepPathway,R-HSA-6804756,0
R-HSA-5693565,abstraction:NextStepPathway,R-HSA-5685938,5.238213442478331
R-HSA-5693565,abstraction:NextStepPathway,R-HSA-2559586,0
R-HSA-5693565,abstraction:NextStepPathway,R-HSA-6804757,0
R-HSA-1482883,abstraction:NextStepPathway,R-HSA-1483213,5.055891885684376
R-HSA-1482883,abstraction:NextStepPathway,R-HSA-1483191,5.055891885684376
R-HSA-73929,abstraction:NextStepPathway,R-HSA-73933,5.113050299524325
R-HSA-73929,abstraction:NextStepPathway,R-HSA-110373,5.113050299524325
R-HSA-73929,abstraction:NextStepPathway,R-HSA-110381,5.113050299524325
R-HSA-2408508,abstraction:NextStepPathway,R-HSA-2408557,6.154504174352486
R-HSA-2408508,abstraction:NextStepPathway,R-HSA-2408552,6.154504174352486
R-HSA-9028335,abstraction:NextStepPathway,R-HSA-6811558,1.9228160506195084
R-HSA-9028335,abstraction:NextStepPathway,R-HSA-1257604,1.9228160506195084
R-HSA-168271,abstraction:NextStepPathway,R-HSA-192905,4.688167105559059
R-HSA-9692916,abstraction:NextStepPathway,R-HSA-1834941,0
R-HSA-9692916,abstraction:NextStepPathway,R-HSA-975155,0
R-HSA-390666,abstraction:NextStepPathway,R-HSA-418594,3.83538977940723
R-HSA-390666,abstraction:NextStepPathway,R-HSA-416476,3.83538977940723
R-HSA-390666,abstraction:NextStepPathway,R-HSA-418555,3.83538977940723
R-HSA-390666,abstraction:NextStepPathway,R-HSA-9660821,0
R-HSA-9755779,abstraction:NextStepPathway,R-HSA-389357,0
R-HSA-9755779,abstraction:NextStepPathway,R-HSA-8876198,0
R-HSA-9755779,abstraction:NextStepPathway,R-HSA-1257604,0
R-HSA-9755779,abstraction:NextStepPathway,R-HSA-69202,0
R-HSA-9755779,abstraction:NextStepPathway,R-HSA-5628897,0
R-HSA-9755779,abstraction:NextStepPathway,R-HSA-69656,0
R-HSA-9755779,abstraction:NextStepPathway,R-HSA-111447,0
R-HSA-9755779,abstraction:NextStepPathway,R-HSA-203615,0
R-HSA-9755779,abstraction:NextStepPathway,R-HSA-1358803,0
R-HSA-9755779,abstraction:NextStepPathway,R-HSA-6804759,0
R-HSA-9755779,abstraction:NextStepPathway,R-HSA-198323,0
R-HSA-9755779,abstraction:NextStepPathway,R-HSA-5218920,0
R-HSA-9755779,abstraction:NextStepPathway,R-HSA-6804758,0
R-HSA-9755779,abstraction:NextStepPathway,R-HSA-9604323,0
R-HSA-9755779,abstraction:NextStepPathway,R-HSA-8948751,0
R-HSA-9755779,abstraction:NextStepPathway,R-HSA-6804757,0
R-HSA-198765,abstraction:NextStepPathway,R-HSA-2559582,0
R-HSA-198765,abstraction:NextStepPathway,R-HSA-881907,1.9228160506195084
R-HSA-198765,abstraction:NextStepPathway,R-HSA-198753,4.9505313700265505
R-HSA-180786,abstraction:NextStepPathway,R-HSA-157579,5.461356993792541
R-HSA-9013507,abstraction:NextStepPathway,R-HSA-9013508,6.847651354912432
R-HSA-70171,abstraction:NextStepPathway,R-HSA-3322077,4.362744705124431
R-HSA-70171,abstraction:NextStepPathway,R-HSA-446205,0
R-HSA-70171,abstraction:NextStepPathway,R-HSA-9856872,2.1411286746640528
R-HSA-70171,abstraction:NextStepPathway,R-HSA-5628897,0
R-HSA-70171,abstraction:NextStepPathway,R-HSA-70268,2.1411286746640528
R-HSA-70171,abstraction:NextStepPathway,R-HSA-163754,2.1411286746640528
R-HSA-70171,abstraction:NextStepPathway,R-HSA-70370,4.362744705124431
R-HSA-70171,abstraction:NextStepPathway,R-HSA-71336,4.362744705124431
R-HSA-70171,abstraction:NextStepPathway,R-HSA-9634600,6.559969282460651
R-HSA-70171,abstraction:NextStepPathway,R-HSA-70221,4.362744705124431
R-HSA-70171,abstraction:NextStepPathway,R-HSA-446210,0
R-HSA-69478,abstraction:NextStepPathway,R-HSA-69273,3.134079288208124
R-HSA-9734281,abstraction:NextStepPathway,R-HSA-74259,0
R-HSA-5693616,abstraction:NextStepPathway,R-HSA-5693579,6.336825731146441
R-HSA-5693616,abstraction:NextStepPathway,R-HSA-5693607,5.866822101900706
R-HSA-9703465,abstraction:NextStepPathway,R-HSA-9702518,4.9505313700265505
R-HSA-1855215,abstraction:NextStepPathway,R-HSA-1855167,5.461356993792541
R-HSA-1855215,abstraction:NextStepPathway,R-HSA-2871809,0
R-HSA-1855215,abstraction:NextStepPathway,R-HSA-112043,0
R-HSA-1855215,abstraction:NextStepPathway,R-HSA-9664323,0
R-HSA-1855215,abstraction:NextStepPathway,R-HSA-1855204,5.461356993792541
R-HSA-1855215,abstraction:NextStepPathway,R-HSA-2029485,0
R-HSA-1855215,abstraction:NextStepPathway,R-HSA-1855196,5.461356993792541
R-HSA-1855215,abstraction:NextStepPathway,R-HSA-5218921,0
R-HSA-1855215,abstraction:NextStepPathway,R-HSA-1855184,5.461356993792541
R-HSA-1855215,abstraction:NextStepPathway,R-HSA-422356,2.1411286746640528
R-HSA-1855215,abstraction:NextStepPathway,R-HSA-5607763,0
R-HSA-1855215,abstraction:NextStepPathway,R-HSA-1489509,0
R-HSA-1855215,abstraction:NextStepPathway,R-HSA-4086398,0
R-HSA-1855215,abstraction:NextStepPathway,R-HSA-983695,0
R-HSA-1855215,abstraction:NextStepPathway,R-HSA-1855183,5.461356993792541
R-HSA-156902,abstraction:NextStepPathway,R-HSA-72764,4.688167105559059
R-HSA-156902,abstraction:NextStepPathway,R-HSA-156842,4.688167105559059
R-HSA-5654228,abstraction:NextStepPathway,R-HSA-2029485,0
R-HSA-5654228,abstraction:NextStepPathway,R-HSA-5218921,2.928983806765617
R-HSA-5654228,abstraction:NextStepPathway,R-HSA-1489509,1.9228160506195084
R-HSA-9938206,abstraction:NextStepPathway,R-HSA-9927432,6.559969282460651
R-HSA-9938206,abstraction:NextStepPathway,R-HSA-9927418,6.559969282460651
R-HSA-452723,abstraction:NextStepPathway,R-HSA-1234176,0
R-HSA-452723,abstraction:NextStepPathway,R-HSA-1234158,0
R-HSA-452723,abstraction:NextStepPathway,R-HSA-1234174,0
R-HSA-452723,abstraction:NextStepPathway,R-HSA-2892245,3.227764772285447
R-HSA-452723,abstraction:NextStepPathway,R-HSA-2892247,3.227764772285447
R-HSA-168249,abstraction:NextStepPathway,R-HSA-1222499,0
R-HSA-975871,abstraction:NextStepPathway,R-HSA-166058,4.139601153810221
R-HSA-975871,abstraction:NextStepPathway,R-HSA-975138,4.139601153810221
R-HSA-975871,abstraction:NextStepPathway,R-HSA-937039,5.307206313965283
R-HSA-975871,abstraction:NextStepPathway,R-HSA-937042,5.307206313965283
R-HSA-167590,abstraction:NextStepPathway,R-HSA-182218,6.559969282460651
R-HSA-1855204,abstraction:NextStepPathway,R-HSA-2871809,0
R-HSA-1855204,abstraction:NextStepPathway,R-HSA-112043,0
R-HSA-1855204,abstraction:NextStepPathway,R-HSA-9664323,0
R-HSA-1855204,abstraction:NextStepPathway,R-HSA-2029485,0
R-HSA-1855204,abstraction:NextStepPathway,R-HSA-1855196,5.461356993792541
R-HSA-1855204,abstraction:NextStepPathway,R-HSA-5218921,0
R-HSA-1855204,abstraction:NextStepPathway,R-HSA-1855184,5.461356993792541
R-HSA-1855204,abstraction:NextStepPathway,R-HSA-422356,2.1411286746640528
R-HSA-1855204,abstraction:NextStepPathway,R-HSA-5607763,0
R-HSA-1855204,abstraction:NextStepPathway,R-HSA-1489509,0
R-HSA-1855204,abstraction:NextStepPathway,R-HSA-4086398,0
R-HSA-1855204,abstraction:NextStepPathway,R-HSA-983695,0
R-HSA-1855204,abstraction:NextStepPathway,R-HSA-1855183,5.461356993792541
R-HSA-9006335,abstraction:NextStepPathway,R-HSA-9027276,1.9228160506195084
R-HSA-9006335,abstraction:NextStepPathway,R-HSA-9027277,1.9228160506195084
R-HSA-9006335,abstraction:NextStepPathway,R-HSA-9027284,1.9228160506195084
R-HSA-9006335,abstraction:NextStepPathway,R-HSA-9027283,1.9228160506195084
R-HSA-9861559,abstraction:NextStepPathway,R-HSA-204174,6.847651354912432
R-HSA-9861559,abstraction:NextStepPathway,R-HSA-70263,2.1411286746640528
R-HSA-9861559,abstraction:NextStepPathway,R-HSA-5362517,0
R-HSA-9861559,abstraction:NextStepPathway,R-HSA-70268,5.113050299524325
R-HSA-170968,abstraction:NextStepPathway,R-HSA-5673001,1.9228160506195084
R-HSA-170968,abstraction:NextStepPathway,R-HSA-5654726,2.928983806765617
R-HSA-170968,abstraction:NextStepPathway,R-HSA-5675221,1.9228160506195084
R-HSA-170968,abstraction:NextStepPathway,R-HSA-2559582,0
R-HSA-170968,abstraction:NextStepPathway,R-HSA-2559585,0
R-HSA-170968,abstraction:NextStepPathway,R-HSA-9634638,1.9228160506195084
R-HSA-170968,abstraction:NextStepPathway,R-HSA-5654732,2.928983806765617
R-HSA-170968,abstraction:NextStepPathway,R-HSA-881907,1.9228160506195084
R-HSA-170968,abstraction:NextStepPathway,R-HSA-444257,0
R-HSA-170968,abstraction:NextStepPathway,R-HSA-112409,1.9228160506195084
R-HSA-170968,abstraction:NextStepPathway,R-HSA-202670,4.9505313700265505
R-HSA-170968,abstraction:NextStepPathway,R-HSA-375165,0
R-HSA-170968,abstraction:NextStepPathway,R-HSA-5654727,2.928983806765617
R-HSA-170968,abstraction:NextStepPathway,R-HSA-198753,4.9505313700265505
R-HSA-170968,abstraction:NextStepPathway,R-HSA-5654733,2.928983806765617
R-HSA-381038,abstraction:NextStepPathway,R-HSA-9772755,0
R-HSA-112399,abstraction:NextStepPathway,R-HSA-109704,6.154504174352486
R-HSA-114604,abstraction:NextStepPathway,R-HSA-4420097,0
R-HSA-114604,abstraction:NextStepPathway,R-HSA-202433,0
R-HSA-114604,abstraction:NextStepPathway,R-HSA-114508,5.113050299524325
R-HSA-114604,abstraction:NextStepPathway,R-HSA-389357,0
R-HSA-114604,abstraction:NextStepPathway,R-HSA-416572,0
R-HSA-114604,abstraction:NextStepPathway,R-HSA-2871809,0
R-HSA-114604,abstraction:NextStepPathway,R-HSA-1257604,0
R-HSA-114604,abstraction:NextStepPathway,R-HSA-392451,0
R-HSA-114604,abstraction:NextStepPathway,R-HSA-112043,0
R-HSA-114604,abstraction:NextStepPathway,R-HSA-9664323,0
R-HSA-114604,abstraction:NextStepPathway,R-HSA-76005,5.113050299524325
R-HSA-114604,abstraction:NextStepPathway,R-HSA-5627117,0
R-HSA-114604,abstraction:NextStepPathway,R-HSA-2029485,0
R-HSA-114604,abstraction:NextStepPathway,R-HSA-5218921,0
R-HSA-114604,abstraction:NextStepPathway,R-HSA-422356,0
R-HSA-114604,abstraction:NextStepPathway,R-HSA-5607763,0
R-HSA-114604,abstraction:NextStepPathway,R-HSA-1489509,0
R-HSA-114604,abstraction:NextStepPathway,R-HSA-4086398,0
R-HSA-114604,abstraction:NextStepPathway,R-HSA-5218920,0
R-HSA-114604,abstraction:NextStepPathway,R-HSA-983695,0
R-HSA-114604,abstraction:NextStepPathway,R-HSA-426048,5.113050299524325
R-HSA-114604,abstraction:NextStepPathway,R-HSA-416482,0
R-HSA-114604,abstraction:NextStepPathway,R-HSA-9634635,0
R-HSA-114604,abstraction:NextStepPathway,R-HSA-9664422,0
R-HSA-5683826,abstraction:NextStepPathway,R-HSA-418555,0
R-HSA-5683826,abstraction:NextStepPathway,R-HSA-9660821,0
R-HSA-442742,abstraction:NextStepPathway,R-HSA-111931,0
R-HSA-442742,abstraction:NextStepPathway,R-HSA-9634638,0
R-HSA-442742,abstraction:NextStepPathway,R-HSA-111932,0
R-HSA-442742,abstraction:NextStepPathway,R-HSA-9031628,0
R-HSA-6804756,abstraction:NextStepPathway,R-HSA-6796648,4.9505313700265505
R-HSA-6804756,abstraction:NextStepPathway,R-HSA-6804114,4.9505313700265505
R-HSA-6804756,abstraction:NextStepPathway,R-HSA-6803211,4.9505313700265505
R-HSA-6804756,abstraction:NextStepPathway,R-HSA-9758274,0
R-HSA-6804756,abstraction:NextStepPathway,R-HSA-69473,0
R-HSA-6804756,abstraction:NextStepPathway,R-HSA-6804760,5.866822101900706
R-HSA-6804756,abstraction:NextStepPathway,R-HSA-6811555,5.866822101900706
R-HSA-6804756,abstraction:NextStepPathway,R-HSA-69541,0
R-HSA-6804756,abstraction:NextStepPathway,R-HSA-5620971,0
R-HSA-6804756,abstraction:NextStepPathway,R-HSA-6804116,4.9505313700265505
R-HSA-6804756,abstraction:NextStepPathway,R-HSA-6804115,4.9505313700265505
R-HSA-6804756,abstraction:NextStepPathway,R-HSA-69895,0
R-HSA-6804756,abstraction:NextStepPathway,R-HSA-6803204,4.9505313700265505
R-HSA-6804756,abstraction:NextStepPathway,R-HSA-6804759,5.866822101900706
R-HSA-6804756,abstraction:NextStepPathway,R-HSA-6803207,4.9505313700265505
R-HSA-6804756,abstraction:NextStepPathway,R-HSA-111448,0
R-HSA-6804756,abstraction:NextStepPathway,R-HSA-2559586,0
R-HSA-6804756,abstraction:NextStepPathway,R-HSA-6803205,4.9505313700265505
R-HSA-6804756,abstraction:NextStepPathway,R-HSA-6804754,5.866822101900706
R-HSA-6804756,abstraction:NextStepPathway,R-HSA-6804758,5.866822101900706
R-HSA-6804756,abstraction:NextStepPathway,R-HSA-6804757,5.866822101900706
R-HSA-69481,abstraction:NextStepPathway,R-HSA-8852276,3.134079288208124
R-HSA-111465,abstraction:NextStepPathway,R-HSA-75153,4.390915582091128
R-HSA-1442490,abstraction:NextStepPathway,R-HSA-71064,0
R-HSA-69239,abstraction:NextStepPathway,R-HSA-69052,5.17367492134076
R-HSA-1433557,abstraction:NextStepPathway,R-HSA-5673001,1.9228160506195084
R-HSA-1433557,abstraction:NextStepPathway,R-HSA-6811558,1.9228160506195084
R-HSA-1433557,abstraction:NextStepPathway,R-HSA-1257604,1.9228160506195084
R-HSA-5627117,abstraction:NextStepPathway,R-HSA-416572,0
R-HSA-5627117,abstraction:NextStepPathway,R-HSA-5625740,5.461356993792541
R-HSA-5627117,abstraction:NextStepPathway,R-HSA-5627123,5.461356993792541
R-HSA-9648002,abstraction:NextStepPathway,R-HSA-5673001,5.643678550586496
R-HSA-167200,abstraction:NextStepPathway,R-HSA-167246,6.559969282460651
R-HSA-71064,abstraction:NextStepPathway,R-HSA-9856872,2.1411286746640528
R-HSA-71064,abstraction:NextStepPathway,R-HSA-77352,2.1411286746640528
R-HSA-71064,abstraction:NextStepPathway,R-HSA-1442490,0
R-HSA-71064,abstraction:NextStepPathway,R-HSA-9858328,4.185063527886979
R-HSA-71064,abstraction:NextStepPathway,R-HSA-8963693,4.185063527886979
R-HSA-189451,abstraction:NextStepPathway,R-HSA-917937,0
R-HSA-189451,abstraction:NextStepPathway,R-HSA-9755779,0
R-HSA-189451,abstraction:NextStepPathway,R-HSA-9707564,0
R-HSA-189451,abstraction:NextStepPathway,R-HSA-189483,7.253116463020596
R-HSA-177929,abstraction:NextStepPathway,R-HSA-179812,2.928983806765617
R-HSA-177929,abstraction:NextStepPathway,R-HSA-9009391,1.9228160506195084
R-HSA-177929,abstraction:NextStepPathway,R-HSA-1227986,2.928983806765617
R-HSA-177929,abstraction:NextStepPathway,R-HSA-5638303,0
R-HSA-177929,abstraction:NextStepPathway,R-HSA-1236394,2.928983806765617
R-HSA-177929,abstraction:NextStepPathway,R-HSA-180336,2.928983806765617
R-HSA-177929,abstraction:NextStepPathway,R-HSA-9013507,1.9228160506195084
R-HSA-177929,abstraction:NextStepPathway,R-HSA-180292,2.928983806765617
R-HSA-177929,abstraction:NextStepPathway,R-HSA-212718,2.928983806765617
R-HSA-177929,abstraction:NextStepPathway,R-HSA-182971,2.928983806765617
R-HSA-9707564,abstraction:NextStepPathway,R-HSA-611105,0
R-HSA-9707564,abstraction:NextStepPathway,R-HSA-400206,0
R-HSA-9707564,abstraction:NextStepPathway,R-HSA-2426168,0
R-HSA-9707564,abstraction:NextStepPathway,R-HSA-2032785,0
R-HSA-9707564,abstraction:NextStepPathway,R-HSA-9707616,4.0961160418704825
R-HSA-9707564,abstraction:NextStepPathway,R-HSA-844456,0
R-HSA-9707564,abstraction:NextStepPathway,R-HSA-166187,0
R-HSA-9707564,abstraction:NextStepPathway,R-HSA-9931509,0
R-HSA-9707564,abstraction:NextStepPathway,R-HSA-189483,0
R-HSA-9707564,abstraction:NextStepPathway,R-HSA-167826,0
R-HSA-9707564,abstraction:NextStepPathway,R-HSA-8951671,0
R-HSA-9707564,abstraction:NextStepPathway,R-HSA-1368108,0
R-HSA-9707564,abstraction:NextStepPathway,R-HSA-9660826,0
R-HSA-9707564,abstraction:NextStepPathway,R-HSA-9933387,0
R-HSA-9707564,abstraction:NextStepPathway,R-HSA-163210,0
R-HSA-9707564,abstraction:NextStepPathway,R-HSA-381340,0
R-HSA-9707564,abstraction:NextStepPathway,R-HSA-2151201,0
R-HSA-9707564,abstraction:NextStepPathway,R-HSA-1989781,0
R-HSA-5601884,abstraction:NextStepPathway,R-HSA-9845323,3.0117897104498494
R-HSA-6804116,abstraction:NextStepPathway,R-HSA-69563,0
R-HSA-6804116,abstraction:NextStepPathway,R-HSA-2559582,0
R-HSA-6804116,abstraction:NextStepPathway,R-HSA-69202,0
R-HSA-6804116,abstraction:NextStepPathway,R-HSA-69895,0
R-HSA-6804116,abstraction:NextStepPathway,R-HSA-69656,0
R-HSA-6804116,abstraction:NextStepPathway,R-HSA-2559586,0
R-HSA-6804116,abstraction:NextStepPathway,R-HSA-8852276,0
R-HSA-6804116,abstraction:NextStepPathway,R-HSA-187577,0
R-HSA-6804116,abstraction:NextStepPathway,R-HSA-9617828,3.5274230357839436
R-HSA-1483248,abstraction:NextStepPathway,R-HSA-1483196,5.381314286119005
R-HSA-1483248,abstraction:NextStepPathway,R-HSA-1482922,4.480527740780815
R-HSA-9694635,abstraction:NextStepPathway,R-HSA-9694631,5.749039066244322
R-HSA-9694635,abstraction:NextStepPathway,R-HSA-9694719,5.749039066244322
R-HSA-9694635,abstraction:NextStepPathway,R-HSA-9694493,5.749039066244322
R-HSA-9694635,abstraction:NextStepPathway,R-HSA-9694594,5.749039066244322
R-HSA-9694635,abstraction:NextStepPathway,R-HSA-9694548,5.749039066244322
R-HSA-202430,abstraction:NextStepPathway,R-HSA-202433,6.559969282460651
R-HSA-975163,abstraction:NextStepPathway,R-HSA-937072,4.139601153810221
R-HSA-1250196,abstraction:NextStepPathway,R-HSA-5673001,1.9228160506195084
R-HSA-8854691,abstraction:NextStepPathway,R-HSA-449836,4.208594025297173
R-HSA-8854691,abstraction:NextStepPathway,R-HSA-5683057,0
R-HSA-8854691,abstraction:NextStepPathway,R-HSA-9909649,2.5802876285586898
R-HSA-8854691,abstraction:NextStepPathway,R-HSA-6783783,4.208594025297173
R-HSA-2142696,abstraction:NextStepPathway,R-HSA-211979,2.1411286746640528
R-HSA-5358493,abstraction:NextStepPathway,R-HSA-5336415,0
R-HSA-5655862,abstraction:NextStepPathway,R-HSA-110313,6.000353494525228
R-HSA-5655862,abstraction:NextStepPathway,R-HSA-5656169,6.336825731146441
R-HSA-5607764,abstraction:NextStepPathway,R-HSA-209560,0
R-HSA-5607764,abstraction:NextStepPathway,R-HSA-9909649,2.5802876285586898
R-HSA-5607764,abstraction:NextStepPathway,R-HSA-2871837,3.210065195186046
R-HSA-5607764,abstraction:NextStepPathway,R-HSA-9020702,2.5802876285586898
R-HSA-5607764,abstraction:NextStepPathway,R-HSA-202424,2.5802876285586898
R-HSA-196108,abstraction:NextStepPathway,R-HSA-194002,6.336825731146441
R-HSA-196108,abstraction:NextStepPathway,R-HSA-193048,6.336825731146441
R-HSA-196108,abstraction:NextStepPathway,R-HSA-211976,2.1411286746640528
R-HSA-196108,abstraction:NextStepPathway,R-HSA-193993,6.336825731146441
R-HSA-9725370,abstraction:NextStepPathway,R-HSA-9725371,5.548368370782171
R-HSA-1855192,abstraction:NextStepPathway,R-HSA-1855231,5.461356993792541
R-HSA-8932506,abstraction:NextStepPathway,R-HSA-9939291,6.559969282460651
R-HSA-8932506,abstraction:NextStepPathway,R-HSA-8932504,6.559969282460651
R-HSA-8932506,abstraction:NextStepPathway,R-HSA-8932505,6.559969282460651
R-HSA-191859,abstraction:NextStepPathway,R-HSA-9754678,0
R-HSA-1482801,abstraction:NextStepPathway,R-HSA-1483213,5.055891885684376
R-HSA-1482801,abstraction:NextStepPathway,R-HSA-1483248,4.480527740780815
R-HSA-2142700,abstraction:NextStepPathway,R-HSA-2142691,3.1422425988472846
R-HSA-2142700,abstraction:NextStepPathway,R-HSA-444473,0
R-HSA-165159,abstraction:NextStepPathway,R-HSA-1632852,0
R-HSA-165159,abstraction:NextStepPathway,R-HSA-380972,1.9228160506195084
R-HSA-165159,abstraction:NextStepPathway,R-HSA-5628897,0
R-HSA-165159,abstraction:NextStepPathway,R-HSA-166208,1.9228160506195084
R-HSA-5368286,abstraction:NextStepPathway,R-HSA-5389840,6.559969282460651
R-HSA-2467813,abstraction:NextStepPathway,R-HSA-176407,3.468926829102335
R-HSA-2467813,abstraction:NextStepPathway,R-HSA-174154,3.468926829102335
R-HSA-445989,abstraction:NextStepPathway,R-HSA-5684264,6.847651354912432
R-HSA-445989,abstraction:NextStepPathway,R-HSA-9758274,6.847651354912432
R-HSA-445989,abstraction:NextStepPathway,R-HSA-933542,3.210065195186046
R-HSA-445989,abstraction:NextStepPathway,R-HSA-9909649,2.5802876285586898
R-HSA-445989,abstraction:NextStepPathway,R-HSA-9705671,0
R-HSA-445989,abstraction:NextStepPathway,R-HSA-168638,3.210065195186046
R-HSA-445989,abstraction:NextStepPathway,R-HSA-9860276,5.113050299524325
R-HSA-445989,abstraction:NextStepPathway,R-HSA-1810476,3.210065195186046
R-HSA-445989,abstraction:NextStepPathway,R-HSA-9020702,5.643678550586496
R-HSA-419812,abstraction:NextStepPathway,R-HSA-418555,3.83538977940723
R-HSA-419812,abstraction:NextStepPathway,R-HSA-9660821,0
R-HSA-5661270,abstraction:NextStepPathway,R-HSA-71336,4.362744705124431
R-HSA-176187,abstraction:NextStepPathway,R-HSA-69601,5.001824664414101
R-HSA-176187,abstraction:NextStepPathway,R-HSA-69473,6.559969282460651
R-HSA-176187,abstraction:NextStepPathway,R-HSA-75035,6.559969282460651
R-HSA-176187,abstraction:NextStepPathway,R-HSA-6804756,0
R-HSA-72662,abstraction:NextStepPathway,R-HSA-72649,6.000353494525228
R-HSA-9033241,abstraction:NextStepPathway,R-HSA-8866654,0
R-HSA-9033241,abstraction:NextStepPathway,R-HSA-9033500,6.336825731146441
R-HSA-140180,abstraction:NextStepPathway,R-HSA-211979,5.113050299524325
R-HSA-140180,abstraction:NextStepPathway,R-HSA-2162123,2.1411286746640528
R-HSA-69895,abstraction:NextStepPathway,R-HSA-69563,6.336825731146441
R-HSA-69895,abstraction:NextStepPathway,R-HSA-69202,3.134079288208124
R-HSA-69895,abstraction:NextStepPathway,R-HSA-6804116,0
R-HSA-69895,abstraction:NextStepPathway,R-HSA-69656,3.134079288208124
R-HSA-69895,abstraction:NextStepPathway,R-HSA-2559586,0
R-HSA-69895,abstraction:NextStepPathway,R-HSA-8852276,3.134079288208124
R-HSA-69895,abstraction:NextStepPathway,R-HSA-9617828,0
R-HSA-442720,abstraction:NextStepPathway,R-HSA-111931,0
R-HSA-442720,abstraction:NextStepPathway,R-HSA-9856530,0
R-HSA-442720,abstraction:NextStepPathway,R-HSA-9634638,0
R-HSA-442720,abstraction:NextStepPathway,R-HSA-164378,0
R-HSA-442720,abstraction:NextStepPathway,R-HSA-9634597,0
R-HSA-442720,abstraction:NextStepPathway,R-HSA-9664323,0
R-HSA-442720,abstraction:NextStepPathway,R-HSA-163560,0
R-HSA-442720,abstraction:NextStepPathway,R-HSA-111932,0
R-HSA-442720,abstraction:NextStepPathway,R-HSA-432040,0
R-HSA-442720,abstraction:NextStepPathway,R-HSA-180024,0
R-HSA-442720,abstraction:NextStepPathway,R-HSA-163358,0
R-HSA-442720,abstraction:NextStepPathway,R-HSA-9031628,0
R-HSA-442720,abstraction:NextStepPathway,R-HSA-9634600,0
R-HSA-442720,abstraction:NextStepPathway,R-HSA-163615,0
R-HSA-442720,abstraction:NextStepPathway,R-HSA-9660821,0
R-HSA-77588,abstraction:NextStepPathway,R-HSA-73856,0
R-HSA-77588,abstraction:NextStepPathway,R-HSA-159230,3.957279597016267
R-HSA-186797,abstraction:NextStepPathway,R-HSA-186763,2.928983806765617
R-HSA-8953750,abstraction:NextStepPathway,R-HSA-69205,0
R-HSA-77346,abstraction:NextStepPathway,R-HSA-611105,2.1411286746640528
R-HSA-77346,abstraction:NextStepPathway,R-HSA-77348,6.000353494525228
R-HSA-1855170,abstraction:NextStepPathway,R-HSA-1855167,5.461356993792541
R-HSA-1855170,abstraction:NextStepPathway,R-HSA-1855184,5.461356993792541
R-HSA-9937080,abstraction:NextStepPathway,R-HSA-9925561,6.847651354912432
R-HSA-9937080,abstraction:NextStepPathway,R-HSA-9925563,6.847651354912432
R-HSA-2029485,abstraction:NextStepPathway,R-HSA-114508,0
R-HSA-2029485,abstraction:NextStepPathway,R-HSA-9856530,0
R-HSA-2029485,abstraction:NextStepPathway,R-HSA-2871809,3.210065195186046
R-HSA-2029485,abstraction:NextStepPathway,R-HSA-1169091,2.5802876285586898
R-HSA-2029485,abstraction:NextStepPathway,R-HSA-112043,0
R-HSA-2029485,abstraction:NextStepPathway,R-HSA-9664323,0
R-HSA-2029485,abstraction:NextStepPathway,R-HSA-2029482,6.847651354912432
R-HSA-2029485,abstraction:NextStepPathway,R-HSA-1855204,0
R-HSA-2029485,abstraction:NextStepPathway,R-HSA-1855196,0
R-HSA-2029485,abstraction:NextStepPathway,R-HSA-445355,0
R-HSA-2029485,abstraction:NextStepPathway,R-HSA-5218921,0
R-HSA-2029485,abstraction:NextStepPathway,R-HSA-111997,0
R-HSA-2029485,abstraction:NextStepPathway,R-HSA-422356,0
R-HSA-2029485,abstraction:NextStepPathway,R-HSA-5607763,3.210065195186046
R-HSA-2029485,abstraction:NextStepPathway,R-HSA-1489509,0
R-HSA-2029485,abstraction:NextStepPathway,R-HSA-4086398,0
R-HSA-2029485,abstraction:NextStepPathway,R-HSA-5578775,0
R-HSA-2029485,abstraction:NextStepPathway,R-HSA-983695,2.5802876285586898
R-HSA-2029485,abstraction:NextStepPathway,R-HSA-2514859,0
R-HSA-2029485,abstraction:NextStepPathway,R-HSA-1855183,0
R-HSA-2029485,abstraction:NextStepPathway,R-HSA-9664422,0
R-HSA-1660661,abstraction:NextStepPathway,R-HSA-9840310,6.336825731146441
R-HSA-1660661,abstraction:NextStepPathway,R-HSA-9845614,6.336825731146441
R-HSA-1660661,abstraction:NextStepPathway,R-HSA-419408,0
R-HSA-1660661,abstraction:NextStepPathway,R-HSA-9845576,0
R-HSA-2173789,abstraction:NextStepPathway,R-HSA-2173791,6.154504174352486
R-HSA-2173789,abstraction:NextStepPathway,R-HSA-2173796,6.154504174352486
R-HSA-2173789,abstraction:NextStepPathway,R-HSA-2129379,0
R-HSA-2173789,abstraction:NextStepPathway,R-HSA-1181150,0
R-HSA-2173789,abstraction:NextStepPathway,R-HSA-2173788,6.154504174352486
R-HSA-2173789,abstraction:NextStepPathway,R-HSA-1502540,5.17367492134076
R-HSA-73728,abstraction:NextStepPathway,R-HSA-73762,6.847651354912432
R-HSA-191273,abstraction:NextStepPathway,R-HSA-446199,0
R-HSA-191273,abstraction:NextStepPathway,R-HSA-6807047,5.055891885684376
R-HSA-191273,abstraction:NextStepPathway,R-HSA-211976,2.1411286746640528
R-HSA-191273,abstraction:NextStepPathway,R-HSA-211897,2.1411286746640528
R-HSA-191273,abstraction:NextStepPathway,R-HSA-6807062,5.055891885684376
R-HSA-72200,abstraction:NextStepPathway,R-HSA-73856,0
R-HSA-72200,abstraction:NextStepPathway,R-HSA-72187,3.957279597016267
R-HSA-68962,abstraction:NextStepPathway,R-HSA-69052,5.055891885684376
R-HSA-68962,abstraction:NextStepPathway,R-HSA-68952,5.055891885684376
R-HSA-351143,abstraction:NextStepPathway,R-HSA-351202,4.185063527886979
R-HSA-2979096,abstraction:NextStepPathway,R-HSA-2197563,7.253116463020596
R-HSA-196836,abstraction:NextStepPathway,R-HSA-5628897,0
R-HSA-196836,abstraction:NextStepPathway,R-HSA-3299685,0
R-HSA-196836,abstraction:NextStepPathway,R-HSA-499943,2.1411286746640528
R-HSA-375276,abstraction:NextStepPathway,R-HSA-418594,3.83538977940723
R-HSA-375276,abstraction:NextStepPathway,R-HSA-416476,3.83538977940723
R-HSA-375276,abstraction:NextStepPathway,R-HSA-418555,3.83538977940723
R-HSA-375276,abstraction:NextStepPathway,R-HSA-9660826,0
R-HSA-375276,abstraction:NextStepPathway,R-HSA-9660821,0
R-HSA-1606341,abstraction:NextStepPathway,R-HSA-3270619,5.643678550586496
R-HSA-1606341,abstraction:NextStepPathway,R-HSA-3134973,5.643678550586496
R-HSA-5674135,abstraction:NextStepPathway,R-HSA-5673001,5.643678550586496
R-HSA-5674135,abstraction:NextStepPathway,R-HSA-170968,1.9228160506195084
R-HSA-5674135,abstraction:NextStepPathway,R-HSA-112409,5.643678550586496
R-HSA-1839117,abstraction:NextStepPathway,R-HSA-5655302,5.001824664414101
R-HSA-2022870,abstraction:NextStepPathway,R-HSA-2022923,6.847651354912432
R-HSA-2022870,abstraction:NextStepPathway,R-HSA-2024101,6.847651354912432
R-HSA-425381,abstraction:NextStepPathway,R-HSA-427601,6.154504174352486
R-HSA-425381,abstraction:NextStepPathway,R-HSA-174362,0
R-HSA-1660517,abstraction:NextStepPathway,R-HSA-1660508,5.381314286119005
R-HSA-1660517,abstraction:NextStepPathway,R-HSA-1855183,2.1411286746640528
R-HSA-5654695,abstraction:NextStepPathway,R-HSA-6811558,1.9228160506195084
R-HSA-5654695,abstraction:NextStepPathway,R-HSA-1257604,1.9228160506195084
R-HSA-5654695,abstraction:NextStepPathway,R-HSA-5654720,4.185063527886979
R-HSA-5654695,abstraction:NextStepPathway,R-HSA-5654710,4.185063527886979
R-HSA-5654695,abstraction:NextStepPathway,R-HSA-5654689,4.185063527886979
R-HSA-912446,abstraction:NextStepPathway,R-HSA-1221632,7.253116463020596
R-HSA-446199,abstraction:NextStepPathway,R-HSA-446193,4.810769427651391
R-HSA-446199,abstraction:NextStepPathway,R-HSA-191273,0
R-HSA-8866654,abstraction:NextStepPathway,R-HSA-9033241,0
R-HSA-190370,abstraction:NextStepPathway,R-HSA-5654219,5.461356993792541
R-HSA-190370,abstraction:NextStepPathway,R-HSA-5654687,5.461356993792541
R-HSA-190370,abstraction:NextStepPathway,R-HSA-5654688,5.461356993792541
R-HSA-190370,abstraction:NextStepPathway,R-HSA-5654693,5.461356993792541
R-HSA-5663213,abstraction:NextStepPathway,R-HSA-2029482,0
R-HSA-5663213,abstraction:NextStepPathway,R-HSA-9664422,0
R-HSA-9758890,abstraction:NextStepPathway,R-HSA-9759218,6.847651354912432
R-HSA-3928663,abstraction:NextStepPathway,R-HSA-4420097,0
R-HSA-171007,abstraction:NextStepPathway,R-HSA-4420097,2.928983806765617
R-HSA-176408,abstraction:NextStepPathway,R-HSA-176407,5.17367492134076
R-HSA-176408,abstraction:NextStepPathway,R-HSA-176417,5.17367492134076
R-HSA-70268,abstraction:NextStepPathway,R-HSA-9856872,5.113050299524325
R-HSA-70268,abstraction:NextStepPathway,R-HSA-433692,0
R-HSA-70268,abstraction:NextStepPathway,R-HSA-204174,5.113050299524325
R-HSA-70268,abstraction:NextStepPathway,R-HSA-70263,2.1411286746640528
R-HSA-70268,abstraction:NextStepPathway,R-HSA-8964539,2.1411286746640528
R-HSA-70268,abstraction:NextStepPathway,R-HSA-9861559,5.113050299524325
R-HSA-70268,abstraction:NextStepPathway,R-HSA-71403,5.113050299524325
R-HSA-442380,abstraction:NextStepPathway,R-HSA-425410,4.480527740780815
R-HSA-442380,abstraction:NextStepPathway,R-HSA-1222556,0
R-HSA-442380,abstraction:NextStepPathway,R-HSA-6803544,0
R-HSA-442380,abstraction:NextStepPathway,R-HSA-264876,0
R-HSA-442380,abstraction:NextStepPathway,R-HSA-435368,7.253116463020596
R-HSA-74259,abstraction:NextStepPathway,R-HSA-9734281,0
R-HSA-74259,abstraction:NextStepPathway,R-HSA-3299685,0
R-HSA-6785807,abstraction:NextStepPathway,R-HSA-9960525,2.5802876285586898
R-HSA-6785807,abstraction:NextStepPathway,R-HSA-9960519,2.5802876285586898
R-HSA-6785807,abstraction:NextStepPathway,R-HSA-9020558,4.208594025297173
R-HSA-6785807,abstraction:NextStepPathway,R-HSA-8985947,4.208594025297173
R-HSA-6785807,abstraction:NextStepPathway,R-HSA-111453,0
R-HSA-6785807,abstraction:NextStepPathway,R-HSA-9020958,4.208594025297173
R-HSA-6785807,abstraction:NextStepPathway,R-HSA-1266695,4.208594025297173
R-HSA-6785807,abstraction:NextStepPathway,R-HSA-8983432,4.208594025297173
R-HSA-6785807,abstraction:NextStepPathway,R-HSA-6783783,4.208594025297173
R-HSA-162699,abstraction:NextStepPathway,R-HSA-8932504,3.57681579111352
R-HSA-162699,abstraction:NextStepPathway,R-HSA-162710,6.847651354912432
R-HSA-162699,abstraction:NextStepPathway,R-HSA-8932506,3.57681579111352
R-HSA-162699,abstraction:NextStepPathway,R-HSA-8932505,3.57681579111352
R-HSA-977347,abstraction:NextStepPathway,R-HSA-9856872,2.1411286746640528
R-HSA-1237112,abstraction:NextStepPathway,R-HSA-1614635,4.185063527886979
R-HSA-1237112,abstraction:NextStepPathway,R-HSA-156581,2.1411286746640528
R-HSA-9683701,abstraction:NextStepPathway,R-HSA-9694631,4.0961160418704825
R-HSA-9683701,abstraction:NextStepPathway,R-HSA-9683673,4.9505313700265505
R-HSA-9683701,abstraction:NextStepPathway,R-HSA-9683610,4.9505313700265505
R-HSA-9683701,abstraction:NextStepPathway,R-HSA-9683683,4.9505313700265505
R-HSA-9683701,abstraction:NextStepPathway,R-HSA-9683612,4.9505313700265505
R-HSA-9683701,abstraction:NextStepPathway,R-HSA-9683686,4.9505313700265505
R-HSA-198693,abstraction:NextStepPathway,R-HSA-111931,5.055891885684376
R-HSA-198693,abstraction:NextStepPathway,R-HSA-9634638,1.9228160506195084
R-HSA-198693,abstraction:NextStepPathway,R-HSA-111932,5.055891885684376
R-HSA-198693,abstraction:NextStepPathway,R-HSA-9031628,1.9228160506195084
R-HSA-198693,abstraction:NextStepPathway,R-HSA-9614399,0
R-HSA-8964041,abstraction:NextStepPathway,R-HSA-8964058,6.559969282460651
R-HSA-72163,abstraction:NextStepPathway,R-HSA-75094,3.957279597016267
R-HSA-72163,abstraction:NextStepPathway,R-HSA-72187,5.643678550586496
R-HSA-844615,abstraction:NextStepPathway,R-HSA-448706,2.5802876285586898
R-HSA-844615,abstraction:NextStepPathway,R-HSA-9660826,0
R-HSA-9858328,abstraction:NextStepPathway,R-HSA-71064,4.185063527886979
R-HSA-428540,abstraction:NextStepPathway,R-HSA-428543,5.866822101900706
R-HSA-9683612,abstraction:NextStepPathway,R-HSA-9679509,4.9505313700265505
R-HSA-70895,abstraction:NextStepPathway,R-HSA-210500,0
R-HSA-70895,abstraction:NextStepPathway,R-HSA-71403,2.1411286746640528
R-HSA-70895,abstraction:NextStepPathway,R-HSA-9859138,4.185063527886979
R-HSA-70895,abstraction:NextStepPathway,R-HSA-71032,2.1411286746640528
R-HSA-388479,abstraction:NextStepPathway,R-HSA-416476,3.83538977940723
R-HSA-388479,abstraction:NextStepPathway,R-HSA-432040,0
R-HSA-388479,abstraction:NextStepPathway,R-HSA-418555,3.83538977940723
R-HSA-388479,abstraction:NextStepPathway,R-HSA-9660821,0
R-HSA-3296197,abstraction:NextStepPathway,R-HSA-418594,3.83538977940723
R-HSA-3134975,abstraction:NextStepPathway,R-HSA-1834941,5.643678550586496
R-HSA-389599,abstraction:NextStepPathway,R-HSA-389887,6.847651354912432
R-HSA-163754,abstraction:NextStepPathway,R-HSA-71336,2.1411286746640528
R-HSA-9635644,abstraction:NextStepPathway,R-HSA-9636383,5.866822101900706
R-HSA-2453902,abstraction:NextStepPathway,R-HSA-2466712,0
R-HSA-2453902,abstraction:NextStepPathway,R-HSA-2187335,6.154504174352486
R-HSA-2453902,abstraction:NextStepPathway,R-HSA-5365859,0
R-HSA-2453902,abstraction:NextStepPathway,R-HSA-2514859,6.154504174352486
R-HSA-2453902,abstraction:NextStepPathway,R-HSA-2485179,6.154504174352486
R-HSA-190377,abstraction:NextStepPathway,R-HSA-5654221,5.548368370782171
R-HSA-190377,abstraction:NextStepPathway,R-HSA-5654699,5.548368370782171
R-HSA-190377,abstraction:NextStepPathway,R-HSA-5654700,5.548368370782171
R-HSA-9694719,abstraction:NextStepPathway,R-HSA-9754560,4.768209813232596
R-HSA-9694719,abstraction:NextStepPathway,R-HSA-9755779,4.768209813232596
R-HSA-9694719,abstraction:NextStepPathway,R-HSA-9694322,5.749039066244322
R-HSA-9694719,abstraction:NextStepPathway,R-HSA-9705671,4.768209813232596
R-HSA-77310,abstraction:NextStepPathway,R-HSA-611105,2.1411286746640528
R-HSA-77310,abstraction:NextStepPathway,R-HSA-77346,6.000353494525228
R-HSA-9839394,abstraction:NextStepPathway,R-HSA-9839383,6.336825731146441
R-HSA-2395516,abstraction:NextStepPathway,R-HSA-1362409,2.1411286746640528
R-HSA-69656,abstraction:NextStepPathway,R-HSA-69563,3.134079288208124
R-HSA-69656,abstraction:NextStepPathway,R-HSA-2559582,0
R-HSA-69656,abstraction:NextStepPathway,R-HSA-69202,3.468926829102335
R-HSA-69656,abstraction:NextStepPathway,R-HSA-6804116,0
R-HSA-69656,abstraction:NextStepPathway,R-HSA-176408,3.468926829102335
R-HSA-69656,abstraction:NextStepPathway,R-HSA-69273,3.468926829102335
R-HSA-69656,abstraction:NextStepPathway,R-HSA-2559586,0
R-HSA-69656,abstraction:NextStepPathway,R-HSA-187577,5.17367492134076
R-HSA-8847993,abstraction:NextStepPathway,R-HSA-8849469,5.749039066244322
R-HSA-8847993,abstraction:NextStepPathway,R-HSA-8849474,5.749039066244322
R-HSA-8847993,abstraction:NextStepPathway,R-HSA-8849472,5.749039066244322
R-HSA-8847993,abstraction:NextStepPathway,R-HSA-8849470,5.749039066244322
R-HSA-8847993,abstraction:NextStepPathway,R-HSA-8849468,5.749039066244322
R-HSA-8847993,abstraction:NextStepPathway,R-HSA-187577,0
R-HSA-8847993,abstraction:NextStepPathway,R-HSA-8849471,5.749039066244322
R-HSA-442729,abstraction:NextStepPathway,R-HSA-111931,0
R-HSA-442729,abstraction:NextStepPathway,R-HSA-9634638,0
R-HSA-442729,abstraction:NextStepPathway,R-HSA-9707616,0
R-HSA-442729,abstraction:NextStepPathway,R-HSA-111932,0
R-HSA-442729,abstraction:NextStepPathway,R-HSA-9931509,0
R-HSA-442729,abstraction:NextStepPathway,R-HSA-9031628,0
R-HSA-442729,abstraction:NextStepPathway,R-HSA-2151201,0
R-HSA-444257,abstraction:NextStepPathway,R-HSA-442742,5.866822101900706
R-HSA-8963693,abstraction:NextStepPathway,R-HSA-379716,0
R-HSA-8963693,abstraction:NextStepPathway,R-HSA-9856872,2.1411286746640528
R-HSA-8963693,abstraction:NextStepPathway,R-HSA-70263,2.1411286746640528
R-HSA-8963693,abstraction:NextStepPathway,R-HSA-8964539,4.185063527886979
R-HSA-8963693,abstraction:NextStepPathway,R-HSA-70268,2.1411286746640528
R-HSA-8963693,abstraction:NextStepPathway,R-HSA-442660,0
R-HSA-8963693,abstraction:NextStepPathway,R-HSA-71737,2.1411286746640528
R-HSA-8963693,abstraction:NextStepPathway,R-HSA-70635,4.185063527886979
R-HSA-937042,abstraction:NextStepPathway,R-HSA-450302,5.381314286119005
R-HSA-937042,abstraction:NextStepPathway,R-HSA-445989,5.381314286119005
R-HSA-937042,abstraction:NextStepPathway,R-HSA-9705671,0
R-HSA-937042,abstraction:NextStepPathway,R-HSA-168638,3.210065195186046
R-HSA-937042,abstraction:NextStepPathway,R-HSA-450321,5.381314286119005
R-HSA-937042,abstraction:NextStepPathway,R-HSA-9020702,2.5802876285586898
R-HSA-381771,abstraction:NextStepPathway,R-HSA-420092,0
R-HSA-381771,abstraction:NextStepPathway,R-HSA-381676,0
R-HSA-5654720,abstraction:NextStepPathway,R-HSA-6811558,1.9228160506195084
R-HSA-5654720,abstraction:NextStepPathway,R-HSA-1257604,1.9228160506195084
R-HSA-5654720,abstraction:NextStepPathway,R-HSA-5654695,4.185063527886979
R-HSA-5654720,abstraction:NextStepPathway,R-HSA-5654710,4.185063527886979
R-HSA-5654720,abstraction:NextStepPathway,R-HSA-5654689,4.185063527886979
R-HSA-6806664,abstraction:NextStepPathway,R-HSA-159740,0
R-HSA-73817,abstraction:NextStepPathway,R-HSA-379716,0
R-HSA-73817,abstraction:NextStepPathway,R-HSA-74217,5.461356993792541
R-HSA-73817,abstraction:NextStepPathway,R-HSA-74259,5.461356993792541
R-HSA-73817,abstraction:NextStepPathway,R-HSA-71737,2.1411286746640528
R-HSA-73817,abstraction:NextStepPathway,R-HSA-499943,5.461356993792541
R-HSA-9022692,abstraction:NextStepPathway,R-HSA-9022699,6.336825731146441
R-HSA-9022692,abstraction:NextStepPathway,R-HSA-8986944,3.5274230357839436
R-HSA-9022692,abstraction:NextStepPathway,R-HSA-9022702,6.336825731146441
R-HSA-1237044,abstraction:NextStepPathway,R-HSA-1247673,7.253116463020596
R-HSA-9613829,abstraction:NextStepPathway,R-HSA-9613354,5.643678550586496
R-HSA-9613829,abstraction:NextStepPathway,R-HSA-9615710,5.643678550586496
R-HSA-196299,abstraction:NextStepPathway,R-HSA-195253,4.901741205857118
R-HSA-1660524,abstraction:NextStepPathway,R-HSA-1660516,5.381314286119005
R-HSA-901042,abstraction:NextStepPathway,R-HSA-901032,7.253116463020596
R-HSA-901042,abstraction:NextStepPathway,R-HSA-948021,4.810769427651391
R-HSA-3000471,abstraction:NextStepPathway,R-HSA-5686938,0
R-HSA-71262,abstraction:NextStepPathway,R-HSA-200425,2.1411286746640528
R-HSA-177128,abstraction:NextStepPathway,R-HSA-9749641,0
R-HSA-1250347,abstraction:NextStepPathway,R-HSA-5673001,1.9228160506195084
R-HSA-1169092,abstraction:NextStepPathway,R-HSA-5673001,0
R-HSA-9754678,abstraction:NextStepPathway,R-HSA-191859,0
R-HSA-162585,abstraction:NextStepPathway,R-HSA-162594,4.5122764390953956
R-HSA-5607761,abstraction:NextStepPathway,R-HSA-5607764,6.154504174352486
R-HSA-5607761,abstraction:NextStepPathway,R-HSA-2871837,3.210065195186046
R-HSA-5607761,abstraction:NextStepPathway,R-HSA-202424,2.5802876285586898
R-HSA-211957,abstraction:NextStepPathway,R-HSA-156588,4.480527740780815
R-HSA-211957,abstraction:NextStepPathway,R-HSA-9749641,0
R-HSA-72086,abstraction:NextStepPathway,R-HSA-113418,0
R-HSA-72086,abstraction:NextStepPathway,R-HSA-111367,3.957279597016267
R-HSA-72086,abstraction:NextStepPathway,R-HSA-77588,3.957279597016267
R-HSA-72086,abstraction:NextStepPathway,R-HSA-77075,0
R-HSA-72086,abstraction:NextStepPathway,R-HSA-77595,3.957279597016267
R-HSA-72086,abstraction:NextStepPathway,R-HSA-72203,3.957279597016267
R-HSA-193775,abstraction:NextStepPathway,R-HSA-211994,2.1411286746640528
R-HSA-193775,abstraction:NextStepPathway,R-HSA-193368,6.847651354912432
R-HSA-193775,abstraction:NextStepPathway,R-HSA-211976,2.1411286746640528
R-HSA-5389840,abstraction:NextStepPathway,R-HSA-5419276,6.559969282460651
R-HSA-5389840,abstraction:NextStepPathway,R-HSA-9937383,6.559969282460651
R-HSA-174048,abstraction:NextStepPathway,R-HSA-176407,5.17367492134076
R-HSA-1855196,abstraction:NextStepPathway,R-HSA-1855191,5.461356993792541
R-HSA-111932,abstraction:NextStepPathway,R-HSA-111931,6.559969282460651
R-HSA-111932,abstraction:NextStepPathway,R-HSA-9634638,1.9228160506195084
R-HSA-111932,abstraction:NextStepPathway,R-HSA-9707616,0
R-HSA-111932,abstraction:NextStepPathway,R-HSA-9620244,0
R-HSA-111932,abstraction:NextStepPathway,R-HSA-442729,0
R-HSA-111932,abstraction:NextStepPathway,R-HSA-9022692,0
R-HSA-111932,abstraction:NextStepPathway,R-HSA-9931509,0
R-HSA-111932,abstraction:NextStepPathway,R-HSA-9616222,0
R-HSA-111932,abstraction:NextStepPathway,R-HSA-9031628,1.9228160506195084
R-HSA-111932,abstraction:NextStepPathway,R-HSA-2151201,0
R-HSA-380994,abstraction:NextStepPathway,R-HSA-9909649,0
R-HSA-6782210,abstraction:NextStepPathway,R-HSA-6781827,5.749039066244322
R-HSA-8964208,abstraction:NextStepPathway,R-HSA-8963684,7.253116463020596
R-HSA-445355,abstraction:NextStepPathway,R-HSA-392154,0
R-HSA-445355,abstraction:NextStepPathway,R-HSA-9856530,0
R-HSA-445355,abstraction:NextStepPathway,R-HSA-442982,0
R-HSA-445355,abstraction:NextStepPathway,R-HSA-2871809,0
R-HSA-445355,abstraction:NextStepPathway,R-HSA-111933,0
R-HSA-445355,abstraction:NextStepPathway,R-HSA-9620244,0
R-HSA-445355,abstraction:NextStepPathway,R-HSA-111957,0
R-HSA-445355,abstraction:NextStepPathway,R-HSA-418457,0
R-HSA-445355,abstraction:NextStepPathway,R-HSA-442720,0
R-HSA-445355,abstraction:NextStepPathway,R-HSA-442729,0
R-HSA-445355,abstraction:NextStepPathway,R-HSA-111932,0
R-HSA-445355,abstraction:NextStepPathway,R-HSA-203615,0
R-HSA-445355,abstraction:NextStepPathway,R-HSA-180024,0
R-HSA-445355,abstraction:NextStepPathway,R-HSA-5607763,0
R-HSA-445355,abstraction:NextStepPathway,R-HSA-4086398,0
R-HSA-445355,abstraction:NextStepPathway,R-HSA-5627123,0
R-HSA-445355,abstraction:NextStepPathway,R-HSA-2025928,0
R-HSA-445355,abstraction:NextStepPathway,R-HSA-5218920,0
R-HSA-1236973,abstraction:NextStepPathway,R-HSA-1236974,6.559969282460651
R-HSA-5686938,abstraction:NextStepPathway,R-HSA-166058,4.139601153810221
R-HSA-1362277,abstraction:NextStepPathway,R-HSA-69205,5.238213442478331
R-HSA-1362277,abstraction:NextStepPathway,R-HSA-69202,5.238213442478331
R-HSA-1362277,abstraction:NextStepPathway,R-HSA-1538133,5.238213442478331
R-HSA-1362277,abstraction:NextStepPathway,R-HSA-68689,0
R-HSA-1362277,abstraction:NextStepPathway,R-HSA-69656,3.468926829102335
R-HSA-1362277,abstraction:NextStepPathway,R-HSA-69273,3.468926829102335
R-HSA-1362277,abstraction:NextStepPathway,R-HSA-1362300,7.253116463020596
R-HSA-9931509,abstraction:NextStepPathway,R-HSA-9707616,0
R-HSA-9931509,abstraction:NextStepPathway,R-HSA-9933387,5.749039066244322
R-HSA-9931509,abstraction:NextStepPathway,R-HSA-9931529,5.749039066244322
R-HSA-9931509,abstraction:NextStepPathway,R-HSA-2151201,0
R-HSA-9931509,abstraction:NextStepPathway,R-HSA-1989781,0
R-HSA-5696395,abstraction:NextStepPathway,R-HSA-5696400,6.559969282460651
R-HSA-9856532,abstraction:NextStepPathway,R-HSA-9856530,6.559969282460651
R-HSA-9856532,abstraction:NextStepPathway,R-HSA-2871809,0
R-HSA-9856532,abstraction:NextStepPathway,R-HSA-9664323,0
R-HSA-9856532,abstraction:NextStepPathway,R-HSA-445355,0
R-HSA-9856532,abstraction:NextStepPathway,R-HSA-5218921,0
R-HSA-9856532,abstraction:NextStepPathway,R-HSA-111997,0
R-HSA-9856532,abstraction:NextStepPathway,R-HSA-5607763,0
R-HSA-9856532,abstraction:NextStepPathway,R-HSA-983695,0
R-HSA-9856532,abstraction:NextStepPathway,R-HSA-2514859,0
R-HSA-9856532,abstraction:NextStepPathway,R-HSA-9860927,6.559969282460651
R-HSA-391908,abstraction:NextStepPathway,R-HSA-428930,0
R-HSA-391908,abstraction:NextStepPathway,R-HSA-418555,3.83538977940723
R-HSA-391908,abstraction:NextStepPathway,R-HSA-392851,0
R-HSA-391908,abstraction:NextStepPathway,R-HSA-416482,3.83538977940723
R-HSA-391908,abstraction:NextStepPathway,R-HSA-9660821,0
R-HSA-3299685,abstraction:NextStepPathway,R-HSA-1222556,0
R-HSA-3299685,abstraction:NextStepPathway,R-HSA-5628897,0
R-HSA-3299685,abstraction:NextStepPathway,R-HSA-70268,0
R-HSA-3299685,abstraction:NextStepPathway,R-HSA-9818027,5.238213442478331
R-HSA-3299685,abstraction:NextStepPathway,R-HSA-499943,0
R-HSA-83936,abstraction:NextStepPathway,R-HSA-163210,0
R-HSA-193048,abstraction:NextStepPathway,R-HSA-194002,6.336825731146441
R-HSA-193048,abstraction:NextStepPathway,R-HSA-3371497,0
R-HSA-193048,abstraction:NextStepPathway,R-HSA-193144,6.336825731146441
R-HSA-193048,abstraction:NextStepPathway,R-HSA-211976,2.1411286746640528
R-HSA-163359,abstraction:NextStepPathway,R-HSA-418594,0
R-HSA-163359,abstraction:NextStepPathway,R-HSA-9856530,0
R-HSA-163359,abstraction:NextStepPathway,R-HSA-164378,5.307206313965283
R-HSA-163359,abstraction:NextStepPathway,R-HSA-9634597,0
R-HSA-163359,abstraction:NextStepPathway,R-HSA-418597,0
R-HSA-163359,abstraction:NextStepPathway,R-HSA-416476,0
R-HSA-163359,abstraction:NextStepPathway,R-HSA-432040,0
R-HSA-163359,abstraction:NextStepPathway,R-HSA-418555,0
R-HSA-163359,abstraction:NextStepPathway,R-HSA-381676,5.307206313965283
R-HSA-163359,abstraction:NextStepPathway,R-HSA-9660821,0
R-HSA-6803204,abstraction:NextStepPathway,R-HSA-6804114,4.9505313700265505
R-HSA-6803204,abstraction:NextStepPathway,R-HSA-139915,0
R-HSA-6803204,abstraction:NextStepPathway,R-HSA-114294,0
R-HSA-6803204,abstraction:NextStepPathway,R-HSA-6804756,4.9505313700265505
R-HSA-6803204,abstraction:NextStepPathway,R-HSA-111448,0
R-HSA-6803204,abstraction:NextStepPathway,R-HSA-75108,0
R-HSA-5358606,abstraction:NextStepPathway,R-HSA-5358565,7.253116463020596
R-HSA-1834941,abstraction:NextStepPathway,R-HSA-3249367,5.643678550586496
R-HSA-1834941,abstraction:NextStepPathway,R-HSA-3270619,5.643678550586496
R-HSA-1169408,abstraction:NextStepPathway,R-HSA-9833482,6.847651354912432
R-HSA-1169408,abstraction:NextStepPathway,R-HSA-9705671,0
R-HSA-205017,abstraction:NextStepPathway,R-HSA-193648,5.307206313965283
R-HSA-205017,abstraction:NextStepPathway,R-HSA-209543,5.307206313965283
R-HSA-205017,abstraction:NextStepPathway,R-HSA-193681,5.307206313965283
R-HSA-205017,abstraction:NextStepPathway,R-HSA-205043,5.307206313965283
R-HSA-983170,abstraction:NextStepPathway,R-HSA-9705671,0
R-HSA-140875,abstraction:NextStepPathway,R-HSA-216083,0
R-HSA-140875,abstraction:NextStepPathway,R-HSA-75205,4.308677483854155
R-HSA-140875,abstraction:NextStepPathway,R-HSA-202733,4.308677483854155
R-HSA-140875,abstraction:NextStepPathway,R-HSA-9672391,0
R-HSA-140875,abstraction:NextStepPathway,R-HSA-140837,6.847651354912432
R-HSA-9013957,abstraction:NextStepPathway,R-HSA-9758274,5.17367492134076
R-HSA-9768727,abstraction:NextStepPathway,R-HSA-9764561,6.000353494525228
R-HSA-9768727,abstraction:NextStepPathway,R-HSA-9766229,6.000353494525228
R-HSA-9913351,abstraction:NextStepPathway,R-HSA-8932504,0
R-HSA-9913351,abstraction:NextStepPathway,R-HSA-8932506,0
R-HSA-9913351,abstraction:NextStepPathway,R-HSA-8932505,0
R-HSA-416476,abstraction:NextStepPathway,R-HSA-114508,4.545066261918386
R-HSA-416476,abstraction:NextStepPathway,R-HSA-418217,4.545066261918386
R-HSA-416476,abstraction:NextStepPathway,R-HSA-392451,4.545066261918386
R-HSA-416476,abstraction:NextStepPathway,R-HSA-76005,0
R-HSA-416476,abstraction:NextStepPathway,R-HSA-4086398,1.9228160506195084
R-HSA-416476,abstraction:NextStepPathway,R-HSA-426048,4.545066261918386
R-HSA-416476,abstraction:NextStepPathway,R-HSA-8964315,4.545066261918386
R-HSA-416476,abstraction:NextStepPathway,R-HSA-8964616,4.545066261918386
R-HSA-190374,abstraction:NextStepPathway,R-HSA-5654219,5.461356993792541
R-HSA-190374,abstraction:NextStepPathway,R-HSA-5654687,5.461356993792541
R-HSA-190374,abstraction:NextStepPathway,R-HSA-5654688,5.461356993792541
R-HSA-190374,abstraction:NextStepPathway,R-HSA-5654693,5.461356993792541
R-HSA-2161517,abstraction:NextStepPathway,R-HSA-2161541,7.253116463020596
R-HSA-73933,abstraction:NextStepPathway,R-HSA-73930,5.113050299524325
R-HSA-73933,abstraction:NextStepPathway,R-HSA-110373,5.113050299524325
R-HSA-77387,abstraction:NextStepPathway,R-HSA-74752,2.928983806765617
R-HSA-975155,abstraction:NextStepPathway,R-HSA-975138,5.113050299524325
R-HSA-975155,abstraction:NextStepPathway,R-HSA-975110,5.113050299524325
R-HSA-9646399,abstraction:NextStepPathway,R-HSA-9615710,5.643678550586496
R-HSA-9646399,abstraction:NextStepPathway,R-HSA-9613829,5.643678550586496
R-HSA-9024909,abstraction:NextStepPathway,R-HSA-9026527,5.643678550586496
R-HSA-9024909,abstraction:NextStepPathway,R-HSA-9032500,5.643678550586496
R-HSA-9024909,abstraction:NextStepPathway,R-HSA-9028731,5.643678550586496
R-HSA-9024909,abstraction:NextStepPathway,R-HSA-9026519,5.643678550586496
R-HSA-9024909,abstraction:NextStepPathway,R-HSA-9028335,5.643678550586496
R-HSA-9024909,abstraction:NextStepPathway,R-HSA-9032845,5.643678550586496
R-HSA-212676,abstraction:NextStepPathway,R-HSA-181430,5.749039066244322
R-HSA-212676,abstraction:NextStepPathway,R-HSA-209905,0
R-HSA-212676,abstraction:NextStepPathway,R-HSA-181429,5.749039066244322
R-HSA-9768919,abstraction:NextStepPathway,R-HSA-9768778,6.559969282460651
R-HSA-69273,abstraction:NextStepPathway,R-HSA-176417,3.468926829102335
R-HSA-69273,abstraction:NextStepPathway,R-HSA-4419969,3.468926829102335
R-HSA-69273,abstraction:NextStepPathway,R-HSA-2465910,3.468926829102335
R-HSA-69273,abstraction:NextStepPathway,R-HSA-162658,3.468926829102335
R-HSA-69273,abstraction:NextStepPathway,R-HSA-75035,3.134079288208124
R-HSA-69273,abstraction:NextStepPathway,R-HSA-69478,3.134079288208124
R-HSA-69273,abstraction:NextStepPathway,R-HSA-3301854,3.468926829102335
R-HSA-69273,abstraction:NextStepPathway,R-HSA-2299718,3.468926829102335
R-HSA-69273,abstraction:NextStepPathway,R-HSA-176408,3.468926829102335
R-HSA-69273,abstraction:NextStepPathway,R-HSA-174048,3.468926829102335
R-HSA-69273,abstraction:NextStepPathway,R-HSA-8878166,0
R-HSA-69273,abstraction:NextStepPathway,R-HSA-68875,3.468926829102335
R-HSA-69273,abstraction:NextStepPathway,R-HSA-156711,5.548368370782171
R-HSA-69273,abstraction:NextStepPathway,R-HSA-176412,3.468926829102335
R-HSA-69273,abstraction:NextStepPathway,R-HSA-2565942,5.548368370782171
R-HSA-69273,abstraction:NextStepPathway,R-HSA-8852276,5.548368370782171
R-HSA-69273,abstraction:NextStepPathway,R-HSA-2980767,3.468926829102335
R-HSA-9694301,abstraction:NextStepPathway,R-HSA-9694676,6.000353494525228
R-HSA-9694301,abstraction:NextStepPathway,R-HSA-9754678,4.768209813232596
R-HSA-9694301,abstraction:NextStepPathway,R-HSA-9705671,4.768209813232596
R-HSA-9694301,abstraction:NextStepPathway,R-HSA-9694686,6.000353494525228
R-HSA-9694301,abstraction:NextStepPathway,R-HSA-9694271,7.253116463020596
R-HSA-5654704,abstraction:NextStepPathway,R-HSA-5673001,1.9228160506195084
R-HSA-446203,abstraction:NextStepPathway,R-HSA-532668,3.57681579111352
R-HSA-189483,abstraction:NextStepPathway,R-HSA-156588,2.1411286746640528
R-HSA-189483,abstraction:NextStepPathway,R-HSA-9707564,0
R-HSA-9753281,abstraction:NextStepPathway,R-HSA-174403,0
R-HSA-9753281,abstraction:NextStepPathway,R-HSA-2162123,0
R-HSA-909733,abstraction:NextStepPathway,R-HSA-9909505,5.643678550586496
R-HSA-909733,abstraction:NextStepPathway,R-HSA-8956319,0
R-HSA-909733,abstraction:NextStepPathway,R-HSA-9833482,5.643678550586496
R-HSA-909733,abstraction:NextStepPathway,R-HSA-9705671,0
R-HSA-909733,abstraction:NextStepPathway,R-HSA-912694,5.643678550586496
R-HSA-909733,abstraction:NextStepPathway,R-HSA-9833109,0
R-HSA-201722,abstraction:NextStepPathway,R-HSA-3769402,5.643678550586496
R-HSA-201722,abstraction:NextStepPathway,R-HSA-9824272,0
R-HSA-201722,abstraction:NextStepPathway,R-HSA-9796292,0
R-HSA-201722,abstraction:NextStepPathway,R-HSA-9909649,0
R-HSA-201722,abstraction:NextStepPathway,R-HSA-4086398,4.901741205857118
R-HSA-201722,abstraction:NextStepPathway,R-HSA-9793380,0
R-HSA-112409,abstraction:NextStepPathway,R-HSA-5673001,5.643678550586496
R-HSA-112409,abstraction:NextStepPathway,R-HSA-5654726,1.9228160506195084
R-HSA-112409,abstraction:NextStepPathway,R-HSA-5675221,5.643678550586496
R-HSA-112409,abstraction:NextStepPathway,R-HSA-2559582,0
R-HSA-112409,abstraction:NextStepPathway,R-HSA-2871796,0
R-HSA-112409,abstraction:NextStepPathway,R-HSA-2559585,0
R-HSA-112409,abstraction:NextStepPathway,R-HSA-9634638,1.9228160506195084
R-HSA-112409,abstraction:NextStepPathway,R-HSA-2559580,0
R-HSA-112409,abstraction:NextStepPathway,R-HSA-8940973,0
R-HSA-112409,abstraction:NextStepPathway,R-HSA-5654732,1.9228160506195084
R-HSA-112409,abstraction:NextStepPathway,R-HSA-881907,1.9228160506195084
R-HSA-112409,abstraction:NextStepPathway,R-HSA-450341,0
R-HSA-112409,abstraction:NextStepPathway,R-HSA-170968,1.9228160506195084
R-HSA-112409,abstraction:NextStepPathway,R-HSA-444257,0
R-HSA-112409,abstraction:NextStepPathway,R-HSA-375165,0
R-HSA-112409,abstraction:NextStepPathway,R-HSA-5654727,1.9228160506195084
R-HSA-112409,abstraction:NextStepPathway,R-HSA-198753,1.9228160506195084
R-HSA-112409,abstraction:NextStepPathway,R-HSA-5654733,1.9228160506195084
R-HSA-110328,abstraction:NextStepPathway,R-HSA-110329,7.253116463020596
R-HSA-69183,abstraction:NextStepPathway,R-HSA-69166,6.847651354912432
R-HSA-9948011,abstraction:NextStepPathway,R-HSA-9960525,6.559969282460651
R-HSA-9948011,abstraction:NextStepPathway,R-HSA-5620971,0
R-HSA-111447,abstraction:NextStepPathway,R-HSA-111453,5.001824664414101
R-HSA-73980,abstraction:NextStepPathway,R-HSA-6784531,0
R-HSA-73980,abstraction:NextStepPathway,R-HSA-6782315,0
R-HSA-1296041,abstraction:NextStepPathway,R-HSA-997272,3.6024582217268573
R-HSA-69620,abstraction:NextStepPathway,R-HSA-2555396,3.134079288208124
R-HSA-211999,abstraction:NextStepPathway,R-HSA-156590,4.480527740780815
R-HSA-997272,abstraction:NextStepPathway,R-HSA-1296041,3.6024582217268573
R-HSA-9760173,abstraction:NextStepPathway,R-HSA-9927020,5.643678550586496
R-HSA-382556,abstraction:NextStepPathway,R-HSA-2453902,0
R-HSA-204005,abstraction:NextStepPathway,R-HSA-5694530,6.847651354912432
R-HSA-8875555,abstraction:NextStepPathway,R-HSA-8875656,5.461356993792541
R-HSA-9818025,abstraction:NextStepPathway,R-HSA-9861718,0
R-HSA-9768777,abstraction:NextStepPathway,R-HSA-9768778,7.253116463020596
R-HSA-381070,abstraction:NextStepPathway,R-HSA-381038,5.866822101900706
R-HSA-165158,abstraction:NextStepPathway,R-HSA-165181,1.9228160506195084
R-HSA-165158,abstraction:NextStepPathway,R-HSA-1445148,0
R-HSA-165158,abstraction:NextStepPathway,R-HSA-165160,6.847651354912432
R-HSA-165158,abstraction:NextStepPathway,R-HSA-9824585,0
R-HSA-2428928,abstraction:NextStepPathway,R-HSA-112399,5.866822101900706
R-HSA-73776,abstraction:NextStepPathway,R-HSA-674695,3.3923867519800006
R-HSA-73776,abstraction:NextStepPathway,R-HSA-77075,3.3923867519800006
R-HSA-5218921,abstraction:NextStepPathway,R-HSA-114508,1.9228160506195084
R-HSA-5218921,abstraction:NextStepPathway,R-HSA-9856530,0
R-HSA-5218921,abstraction:NextStepPathway,R-HSA-442982,0
R-HSA-5218921,abstraction:NextStepPathway,R-HSA-4419969,0
R-HSA-5218921,abstraction:NextStepPathway,R-HSA-2871809,0
R-HSA-5218921,abstraction:NextStepPathway,R-HSA-1169091,0
R-HSA-5218921,abstraction:NextStepPathway,R-HSA-111933,1.9228160506195084
R-HSA-5218921,abstraction:NextStepPathway,R-HSA-9620244,0
R-HSA-5218921,abstraction:NextStepPathway,R-HSA-111957,1.9228160506195084
R-HSA-5218921,abstraction:NextStepPathway,R-HSA-112043,1.9228160506195084
R-HSA-5218921,abstraction:NextStepPathway,R-HSA-9664323,0
R-HSA-5218921,abstraction:NextStepPathway,R-HSA-1855204,0
R-HSA-5218921,abstraction:NextStepPathway,R-HSA-442720,0
R-HSA-5218921,abstraction:NextStepPathway,R-HSA-2029485,0
R-HSA-5218921,abstraction:NextStepPathway,R-HSA-9833482,0
R-HSA-5218921,abstraction:NextStepPathway,R-HSA-442729,0
R-HSA-5218921,abstraction:NextStepPathway,R-HSA-1855196,0
R-HSA-5218921,abstraction:NextStepPathway,R-HSA-111932,1.9228160506195084
R-HSA-5218921,abstraction:NextStepPathway,R-HSA-445355,0
R-HSA-5218921,abstraction:NextStepPathway,R-HSA-203615,0
R-HSA-5218921,abstraction:NextStepPathway,R-HSA-180024,1.9228160506195084
R-HSA-5218921,abstraction:NextStepPathway,R-HSA-111997,1.9228160506195084
R-HSA-5218921,abstraction:NextStepPathway,R-HSA-422356,0
R-HSA-5218921,abstraction:NextStepPathway,R-HSA-5607763,0
R-HSA-5218921,abstraction:NextStepPathway,R-HSA-1489509,1.9228160506195084
R-HSA-5218921,abstraction:NextStepPathway,R-HSA-4086398,1.9228160506195084
R-HSA-5218921,abstraction:NextStepPathway,R-HSA-5627123,1.9228160506195084
R-HSA-5218921,abstraction:NextStepPathway,R-HSA-2025928,0
R-HSA-5218921,abstraction:NextStepPathway,R-HSA-5218920,7.253116463020596
R-HSA-5218921,abstraction:NextStepPathway,R-HSA-5578775,0
R-HSA-5218921,abstraction:NextStepPathway,R-HSA-983695,0
R-HSA-5218921,abstraction:NextStepPathway,R-HSA-2514859,0
R-HSA-5218921,abstraction:NextStepPathway,R-HSA-1855183,0
R-HSA-2129379,abstraction:NextStepPathway,R-HSA-2173789,0
R-HSA-211979,abstraction:NextStepPathway,R-HSA-2142691,2.1411286746640528
R-HSA-211979,abstraction:NextStepPathway,R-HSA-2162123,2.1411286746640528
R-HSA-73779,abstraction:NextStepPathway,R-HSA-76042,3.3923867519800006
R-HSA-2179392,abstraction:NextStepPathway,R-HSA-5673001,1.9228160506195084
R-HSA-2179392,abstraction:NextStepPathway,R-HSA-399997,0
R-HSA-2892247,abstraction:NextStepPathway,R-HSA-190372,0
R-HSA-2892247,abstraction:NextStepPathway,R-HSA-2682334,3.227764772285447
R-HSA-2892247,abstraction:NextStepPathway,R-HSA-190373,0
R-HSA-2892247,abstraction:NextStepPathway,R-HSA-190370,0
R-HSA-2892247,abstraction:NextStepPathway,R-HSA-9833482,0
R-HSA-2892247,abstraction:NextStepPathway,R-HSA-1181150,3.227764772285447
R-HSA-2892247,abstraction:NextStepPathway,R-HSA-190322,0
R-HSA-77075,abstraction:NextStepPathway,R-HSA-72086,0
R-HSA-8853659,abstraction:NextStepPathway,R-HSA-5673001,0
R-HSA-69166,abstraction:NextStepPathway,R-HSA-69183,6.847651354912432
R-HSA-4085001,abstraction:NextStepPathway,R-HSA-9840309,0
R-HSA-4085001,abstraction:NextStepPathway,R-HSA-428643,0
R-HSA-4085001,abstraction:NextStepPathway,R-HSA-9840310,0
R-HSA-4085001,abstraction:NextStepPathway,R-HSA-727802,0
R-HSA-4085001,abstraction:NextStepPathway,R-HSA-446210,6.000353494525228
R-HSA-5696400,abstraction:NextStepPathway,R-HSA-5696397,6.559969282460651
R-HSA-727802,abstraction:NextStepPathway,R-HSA-9840309,0
R-HSA-727802,abstraction:NextStepPathway,R-HSA-9939291,0
R-HSA-727802,abstraction:NextStepPathway,R-HSA-156588,0
R-HSA-727802,abstraction:NextStepPathway,R-HSA-1971475,0
R-HSA-727802,abstraction:NextStepPathway,R-HSA-913709,0
R-HSA-727802,abstraction:NextStepPathway,R-HSA-2022923,0
R-HSA-727802,abstraction:NextStepPathway,R-HSA-2022928,0
R-HSA-727802,abstraction:NextStepPathway,R-HSA-163841,0
R-HSA-727802,abstraction:NextStepPathway,R-HSA-2022870,0
R-HSA-727802,abstraction:NextStepPathway,R-HSA-5653890,0
R-HSA-727802,abstraction:NextStepPathway,R-HSA-189483,0
R-HSA-727802,abstraction:NextStepPathway,R-HSA-4085001,0
R-HSA-727802,abstraction:NextStepPathway,R-HSA-156584,0
R-HSA-727802,abstraction:NextStepPathway,R-HSA-173599,0
R-HSA-727802,abstraction:NextStepPathway,R-HSA-9749641,0
R-HSA-727802,abstraction:NextStepPathway,R-HSA-2022854,0
R-HSA-432720,abstraction:NextStepPathway,R-HSA-199992,4.545066261918386
R-HSA-110357,abstraction:NextStepPathway,R-HSA-73933,5.113050299524325
R-HSA-432040,abstraction:NextStepPathway,R-HSA-111931,0
R-HSA-432040,abstraction:NextStepPathway,R-HSA-418594,0
R-HSA-432040,abstraction:NextStepPathway,R-HSA-9856530,0
R-HSA-432040,abstraction:NextStepPathway,R-HSA-164378,0
R-HSA-432040,abstraction:NextStepPathway,R-HSA-9634597,0
R-HSA-432040,abstraction:NextStepPathway,R-HSA-111957,0
R-HSA-432040,abstraction:NextStepPathway,R-HSA-9664323,0
R-HSA-432040,abstraction:NextStepPathway,R-HSA-163560,0
R-HSA-432040,abstraction:NextStepPathway,R-HSA-418597,0
R-HSA-432040,abstraction:NextStepPathway,R-HSA-442720,0
R-HSA-432040,abstraction:NextStepPathway,R-HSA-163359,0
R-HSA-432040,abstraction:NextStepPathway,R-HSA-180024,0
R-HSA-432040,abstraction:NextStepPathway,R-HSA-418555,0
R-HSA-432040,abstraction:NextStepPathway,R-HSA-163358,0
R-HSA-432040,abstraction:NextStepPathway,R-HSA-381676,0
R-HSA-432040,abstraction:NextStepPathway,R-HSA-9634600,0
R-HSA-432040,abstraction:NextStepPathway,R-HSA-163615,0
R-HSA-432040,abstraction:NextStepPathway,R-HSA-392517,0
R-HSA-432040,abstraction:NextStepPathway,R-HSA-9660821,0
R-HSA-1483152,abstraction:NextStepPathway,R-HSA-1483213,5.055891885684376
R-HSA-1483152,abstraction:NextStepPathway,R-HSA-1483166,5.055891885684376
R-HSA-196025,abstraction:NextStepPathway,R-HSA-190873,6.000353494525228
R-HSA-69278,abstraction:NextStepPathway,R-HSA-453274,3.134079288208124
R-HSA-9909620,abstraction:NextStepPathway,R-HSA-9929356,6.000353494525228
R-HSA-9909620,abstraction:NextStepPathway,R-HSA-9931269,6.000353494525228
R-HSA-9909620,abstraction:NextStepPathway,R-HSA-9929491,6.000353494525228
R-HSA-9909620,abstraction:NextStepPathway,R-HSA-9931295,6.000353494525228
R-HSA-937041,abstraction:NextStepPathway,R-HSA-9013957,4.139601153810221
R-HSA-937041,abstraction:NextStepPathway,R-HSA-2562578,5.17367492134076
R-HSA-937041,abstraction:NextStepPathway,R-HSA-168927,4.139601153810221
R-HSA-203615,abstraction:NextStepPathway,R-HSA-1474151,2.1411286746640528
R-HSA-203615,abstraction:NextStepPathway,R-HSA-203641,6.847651354912432
R-HSA-203615,abstraction:NextStepPathway,R-HSA-9009391,0
R-HSA-203615,abstraction:NextStepPathway,R-HSA-5218920,0
R-HSA-195399,abstraction:NextStepPathway,R-HSA-4420097,6.154504174352486
R-HSA-1855184,abstraction:NextStepPathway,R-HSA-1855156,5.461356993792541
R-HSA-1855184,abstraction:NextStepPathway,R-HSA-1855231,5.461356993792541
R-HSA-1855184,abstraction:NextStepPathway,R-HSA-1855215,5.461356993792541
R-HSA-1170546,abstraction:NextStepPathway,R-HSA-1251985,0
R-HSA-1170546,abstraction:NextStepPathway,R-HSA-982772,3.741571024189575
R-HSA-75109,abstraction:NextStepPathway,R-HSA-1483166,3.1422425988472846
R-HSA-1266695,abstraction:NextStepPathway,R-HSA-2586552,0
R-HSA-1266695,abstraction:NextStepPathway,R-HSA-9020558,4.208594025297173
R-HSA-1266695,abstraction:NextStepPathway,R-HSA-3247509,0
R-HSA-1266695,abstraction:NextStepPathway,R-HSA-8985947,4.208594025297173
R-HSA-1266695,abstraction:NextStepPathway,R-HSA-512988,4.208594025297173
R-HSA-1266695,abstraction:NextStepPathway,R-HSA-9703465,0
R-HSA-1266695,abstraction:NextStepPathway,R-HSA-6785807,4.208594025297173
R-HSA-1266695,abstraction:NextStepPathway,R-HSA-9020958,4.208594025297173
R-HSA-1266695,abstraction:NextStepPathway,R-HSA-8983432,4.208594025297173
R-HSA-1266695,abstraction:NextStepPathway,R-HSA-9702518,0
R-HSA-1266695,abstraction:NextStepPathway,R-HSA-982772,3.741571024189575
R-HSA-180024,abstraction:NextStepPathway,R-HSA-111931,5.307206313965283
R-HSA-180024,abstraction:NextStepPathway,R-HSA-9856530,0
R-HSA-180024,abstraction:NextStepPathway,R-HSA-164378,0
R-HSA-180024,abstraction:NextStepPathway,R-HSA-9634597,4.545066261918386
R-HSA-180024,abstraction:NextStepPathway,R-HSA-9664323,0
R-HSA-180024,abstraction:NextStepPathway,R-HSA-163560,0
R-HSA-180024,abstraction:NextStepPathway,R-HSA-442720,0
R-HSA-180024,abstraction:NextStepPathway,R-HSA-432040,0
R-HSA-180024,abstraction:NextStepPathway,R-HSA-163358,0
R-HSA-180024,abstraction:NextStepPathway,R-HSA-9634600,0
R-HSA-180024,abstraction:NextStepPathway,R-HSA-163615,5.307206313965283
R-HSA-180024,abstraction:NextStepPathway,R-HSA-9660821,0
R-HSA-111452,abstraction:NextStepPathway,R-HSA-111457,5.001824664414101
R-HSA-111452,abstraction:NextStepPathway,R-HSA-5620971,4.232691576876234
R-HSA-111997,abstraction:NextStepPathway,R-HSA-9856530,0
R-HSA-111997,abstraction:NextStepPathway,R-HSA-442982,0
R-HSA-111997,abstraction:NextStepPathway,R-HSA-2871809,0
R-HSA-111997,abstraction:NextStepPathway,R-HSA-111933,6.154504174352486
R-HSA-111997,abstraction:NextStepPathway,R-HSA-9620244,0
R-HSA-111997,abstraction:NextStepPathway,R-HSA-111957,6.154504174352486
R-HSA-111997,abstraction:NextStepPathway,R-HSA-442720,0
R-HSA-111997,abstraction:NextStepPathway,R-HSA-442729,0
R-HSA-111997,abstraction:NextStepPathway,R-HSA-111932,6.154504174352486
R-HSA-111997,abstraction:NextStepPathway,R-HSA-445355,0
R-HSA-111997,abstraction:NextStepPathway,R-HSA-203615,0
R-HSA-111997,abstraction:NextStepPathway,R-HSA-180024,5.307206313965283
R-HSA-111997,abstraction:NextStepPathway,R-HSA-5607763,0
R-HSA-111997,abstraction:NextStepPathway,R-HSA-4086398,1.9228160506195084
R-HSA-111997,abstraction:NextStepPathway,R-HSA-5627123,1.9228160506195084
R-HSA-111997,abstraction:NextStepPathway,R-HSA-2025928,0
R-HSA-111997,abstraction:NextStepPathway,R-HSA-5218920,1.9228160506195084
R-HSA-2454202,abstraction:NextStepPathway,R-HSA-2730905,3.210065195186046
R-HSA-349425,abstraction:NextStepPathway,R-HSA-69473,5.001824664414101
R-HSA-349425,abstraction:NextStepPathway,R-HSA-69541,6.559969282460651
R-HSA-349425,abstraction:NextStepPathway,R-HSA-6804756,0
R-HSA-500753,abstraction:NextStepPathway,R-HSA-379716,0
R-HSA-500753,abstraction:NextStepPathway,R-HSA-71737,2.1411286746640528
R-HSA-500753,abstraction:NextStepPathway,R-HSA-499943,5.461356993792541
R-HSA-180292,abstraction:NextStepPathway,R-HSA-6811558,1.9228160506195084
R-HSA-180292,abstraction:NextStepPathway,R-HSA-1257604,1.9228160506195084
R-HSA-180292,abstraction:NextStepPathway,R-HSA-5654695,2.928983806765617
R-HSA-180292,abstraction:NextStepPathway,R-HSA-5654720,2.928983806765617
R-HSA-180292,abstraction:NextStepPathway,R-HSA-5654710,2.928983806765617
R-HSA-180292,abstraction:NextStepPathway,R-HSA-5654689,2.928983806765617
R-HSA-8939211,abstraction:NextStepPathway,R-HSA-1251985,1.9228160506195084
R-HSA-8939211,abstraction:NextStepPathway,R-HSA-9018519,5.307206313965283
R-HSA-8939211,abstraction:NextStepPathway,R-HSA-8931987,0
R-HSA-1181150,abstraction:NextStepPathway,R-HSA-2173795,0
R-HSA-1181150,abstraction:NextStepPathway,R-HSA-9754189,3.227764772285447
R-HSA-1181150,abstraction:NextStepPathway,R-HSA-2173796,0
R-HSA-1181150,abstraction:NextStepPathway,R-HSA-9796292,3.227764772285447
R-HSA-1181150,abstraction:NextStepPathway,R-HSA-2173789,0
R-HSA-1181150,abstraction:NextStepPathway,R-HSA-8941855,0
R-HSA-1181150,abstraction:NextStepPathway,R-HSA-1433617,3.227764772285447
R-HSA-1181150,abstraction:NextStepPathway,R-HSA-9823730,3.227764772285447
R-HSA-1181150,abstraction:NextStepPathway,R-HSA-1502540,0
R-HSA-1181150,abstraction:NextStepPathway,R-HSA-9617828,0
R-HSA-5357905,abstraction:NextStepPathway,R-HSA-3371378,0
R-HSA-8878166,abstraction:NextStepPathway,R-HSA-8941326,3.5274230357839436
R-HSA-8878166,abstraction:NextStepPathway,R-HSA-8941332,3.5274230357839436
R-HSA-8878166,abstraction:NextStepPathway,R-HSA-8940973,3.5274230357839436
R-HSA-8878166,abstraction:NextStepPathway,R-HSA-8941284,3.5274230357839436
R-HSA-8878166,abstraction:NextStepPathway,R-HSA-8941333,3.5274230357839436
R-HSA-8878166,abstraction:NextStepPathway,R-HSA-8939902,3.5274230357839436
R-HSA-167243,abstraction:NextStepPathway,R-HSA-167246,5.381314286119005
R-HSA-5673000,abstraction:NextStepPathway,R-HSA-9726842,0
R-HSA-5673000,abstraction:NextStepPathway,R-HSA-9726840,0
R-HSA-5673000,abstraction:NextStepPathway,R-HSA-5674135,6.154504174352486
R-HSA-167044,abstraction:NextStepPathway,R-HSA-171007,6.154504174352486
R-HSA-419771,abstraction:NextStepPathway,R-HSA-418594,3.83538977940723
R-HSA-419771,abstraction:NextStepPathway,R-HSA-416476,3.83538977940723
R-HSA-9023661,abstraction:NextStepPathway,R-HSA-373076,0
R-HSA-9909649,abstraction:NextStepPathway,R-HSA-9909620,6.000353494525228
R-HSA-2142691,abstraction:NextStepPathway,R-HSA-2142688,5.866822101900706
R-HSA-2142691,abstraction:NextStepPathway,R-HSA-2142700,3.1422425988472846
R-HSA-2142691,abstraction:NextStepPathway,R-HSA-211979,2.1411286746640528
R-HSA-2142691,abstraction:NextStepPathway,R-HSA-9664535,0
R-HSA-964827,abstraction:NextStepPathway,R-HSA-964739,5.643678550586496
R-HSA-418555,abstraction:NextStepPathway,R-HSA-418217,4.545066261918386
R-HSA-418555,abstraction:NextStepPathway,R-HSA-418594,4.545066261918386
R-HSA-418555,abstraction:NextStepPathway,R-HSA-9856530,0
R-HSA-418555,abstraction:NextStepPathway,R-HSA-164378,0
R-HSA-418555,abstraction:NextStepPathway,R-HSA-9634597,4.545066261918386
R-HSA-418555,abstraction:NextStepPathway,R-HSA-392451,4.545066261918386
R-HSA-418555,abstraction:NextStepPathway,R-HSA-9664323,0
R-HSA-418555,abstraction:NextStepPathway,R-HSA-418597,4.545066261918386
R-HSA-418555,abstraction:NextStepPathway,R-HSA-442720,0
R-HSA-418555,abstraction:NextStepPathway,R-HSA-163359,0
R-HSA-418555,abstraction:NextStepPathway,R-HSA-432040,0
R-HSA-418555,abstraction:NextStepPathway,R-HSA-180024,4.545066261918386
R-HSA-418555,abstraction:NextStepPathway,R-HSA-4086398,1.9228160506195084
R-HSA-418555,abstraction:NextStepPathway,R-HSA-8964315,4.545066261918386
R-HSA-418555,abstraction:NextStepPathway,R-HSA-8964616,4.545066261918386
R-HSA-418555,abstraction:NextStepPathway,R-HSA-163615,4.545066261918386
R-HSA-418555,abstraction:NextStepPathway,R-HSA-9660821,0
R-HSA-9033807,abstraction:NextStepPathway,R-HSA-9037629,6.847651354912432
R-HSA-209968,abstraction:NextStepPathway,R-HSA-350864,6.559969282460651
R-HSA-209968,abstraction:NextStepPathway,R-HSA-8941413,0
R-HSA-422356,abstraction:NextStepPathway,R-HSA-9856530,0
R-HSA-422356,abstraction:NextStepPathway,R-HSA-2871809,0
R-HSA-422356,abstraction:NextStepPathway,R-HSA-1169091,0
R-HSA-422356,abstraction:NextStepPathway,R-HSA-112043,0
R-HSA-422356,abstraction:NextStepPathway,R-HSA-9664323,0
R-HSA-422356,abstraction:NextStepPathway,R-HSA-2029485,0
R-HSA-422356,abstraction:NextStepPathway,R-HSA-445355,0
R-HSA-422356,abstraction:NextStepPathway,R-HSA-5218921,0
R-HSA-422356,abstraction:NextStepPathway,R-HSA-111997,0
R-HSA-422356,abstraction:NextStepPathway,R-HSA-5607763,0
R-HSA-422356,abstraction:NextStepPathway,R-HSA-1489509,0
R-HSA-422356,abstraction:NextStepPathway,R-HSA-4086398,0
R-HSA-422356,abstraction:NextStepPathway,R-HSA-5578775,0
R-HSA-422356,abstraction:NextStepPathway,R-HSA-983695,0
R-HSA-422356,abstraction:NextStepPathway,R-HSA-2514859,0
R-HSA-71384,abstraction:NextStepPathway,R-HSA-379716,0
R-HSA-71384,abstraction:NextStepPathway,R-HSA-71737,2.1411286746640528
R-HSA-9703648,abstraction:NextStepPathway,R-HSA-9702518,4.9505313700265505
R-HSA-210990,abstraction:NextStepPathway,R-HSA-432142,4.308677483854155
R-HSA-1222538,abstraction:NextStepPathway,R-HSA-1222541,6.559969282460651
R-HSA-8941855,abstraction:NextStepPathway,R-HSA-8952158,5.749039066244322
R-HSA-9694786,abstraction:NextStepPathway,R-HSA-9727281,4.768209813232596
R-HSA-9694786,abstraction:NextStepPathway,R-HSA-9694635,4.768209813232596
R-HSA-9694786,abstraction:NextStepPathway,R-HSA-9694686,7.253116463020596
R-HSA-5654688,abstraction:NextStepPathway,R-HSA-5673001,1.9228160506195084
R-HSA-5365859,abstraction:NextStepPathway,R-HSA-211916,0
R-HSA-5365859,abstraction:NextStepPathway,R-HSA-5362517,5.307206313965283
R-HSA-8951671,abstraction:NextStepPathway,R-HSA-2032785,3.5274230357839436
R-HSA-1236978,abstraction:NextStepPathway,R-HSA-983170,5.866822101900706
R-HSA-1236978,abstraction:NextStepPathway,R-HSA-983168,5.866822101900706
R-HSA-1236978,abstraction:NextStepPathway,R-HSA-1236977,6.559969282460651
R-HSA-399719,abstraction:NextStepPathway,R-HSA-399710,6.847651354912432
R-HSA-5607763,abstraction:NextStepPathway,R-HSA-9856530,0
R-HSA-5607763,abstraction:NextStepPathway,R-HSA-442982,0
R-HSA-5607763,abstraction:NextStepPathway,R-HSA-2871809,3.210065195186046
R-HSA-5607763,abstraction:NextStepPathway,R-HSA-1169091,2.5802876285586898
R-HSA-5607763,abstraction:NextStepPathway,R-HSA-111933,0
R-HSA-5607763,abstraction:NextStepPathway,R-HSA-9620244,0
R-HSA-5607763,abstraction:NextStepPathway,R-HSA-111957,0
R-HSA-5607763,abstraction:NextStepPathway,R-HSA-112043,0
R-HSA-5607763,abstraction:NextStepPathway,R-HSA-9664323,0
R-HSA-5607763,abstraction:NextStepPathway,R-HSA-442720,0
R-HSA-5607763,abstraction:NextStepPathway,R-HSA-2029485,3.210065195186046
R-HSA-5607763,abstraction:NextStepPathway,R-HSA-442729,0
R-HSA-5607763,abstraction:NextStepPathway,R-HSA-111932,0
R-HSA-5607763,abstraction:NextStepPathway,R-HSA-445355,0
R-HSA-5607763,abstraction:NextStepPathway,R-HSA-5218921,0
R-HSA-5607763,abstraction:NextStepPathway,R-HSA-203615,0
R-HSA-5607763,abstraction:NextStepPathway,R-HSA-180024,0
R-HSA-5607763,abstraction:NextStepPathway,R-HSA-111997,0
R-HSA-5607763,abstraction:NextStepPathway,R-HSA-422356,0
R-HSA-5607763,abstraction:NextStepPathway,R-HSA-9942503,0
R-HSA-5607763,abstraction:NextStepPathway,R-HSA-1489509,0
R-HSA-5607763,abstraction:NextStepPathway,R-HSA-4086398,0
R-HSA-5607763,abstraction:NextStepPathway,R-HSA-5627123,0
R-HSA-5607763,abstraction:NextStepPathway,R-HSA-2025928,2.5802876285586898
R-HSA-5607763,abstraction:NextStepPathway,R-HSA-5218920,0
R-HSA-5607763,abstraction:NextStepPathway,R-HSA-5578775,0
R-HSA-5607763,abstraction:NextStepPathway,R-HSA-983695,2.5802876285586898
R-HSA-5607763,abstraction:NextStepPathway,R-HSA-2514859,0
R-HSA-110056,abstraction:NextStepPathway,R-HSA-5673001,5.643678550586496
R-HSA-110056,abstraction:NextStepPathway,R-HSA-445144,0
R-HSA-110056,abstraction:NextStepPathway,R-HSA-170968,1.9228160506195084
R-HSA-110056,abstraction:NextStepPathway,R-HSA-112409,5.643678550586496
R-HSA-375280,abstraction:NextStepPathway,R-HSA-418555,3.83538977940723
R-HSA-375280,abstraction:NextStepPathway,R-HSA-9660821,0
R-HSA-9942503,abstraction:NextStepPathway,R-HSA-9020591,0
R-HSA-68875,abstraction:NextStepPathway,R-HSA-380320,4.810769427651391
R-HSA-6807047,abstraction:NextStepPathway,R-HSA-191273,5.055891885684376
R-HSA-9692913,abstraction:NextStepPathway,R-HSA-9686347,1.3090056122960843
R-HSA-190840,abstraction:NextStepPathway,R-HSA-190861,6.000353494525228
R-HSA-918233,abstraction:NextStepPathway,R-HSA-936440,6.336825731146441
R-HSA-918233,abstraction:NextStepPathway,R-HSA-5689896,0
R-HSA-918233,abstraction:NextStepPathway,R-HSA-9013973,3.210065195186046
R-HSA-918233,abstraction:NextStepPathway,R-HSA-936964,3.210065195186046
R-HSA-918233,abstraction:NextStepPathway,R-HSA-9705671,0
R-HSA-918233,abstraction:NextStepPathway,R-HSA-933541,6.336825731146441
R-HSA-918233,abstraction:NextStepPathway,R-HSA-9833109,0
R-HSA-110312,abstraction:NextStepPathway,R-HSA-110313,6.000353494525228
R-HSA-110312,abstraction:NextStepPathway,R-HSA-5656169,6.336825731146441
R-HSA-75876,abstraction:NextStepPathway,R-HSA-75105,4.545066261918386
R-HSA-1489509,abstraction:NextStepPathway,R-HSA-114508,1.9228160506195084
R-HSA-1489509,abstraction:NextStepPathway,R-HSA-9856530,0
R-HSA-1489509,abstraction:NextStepPathway,R-HSA-2871809,0
R-HSA-1489509,abstraction:NextStepPathway,R-HSA-1169091,0
R-HSA-1489509,abstraction:NextStepPathway,R-HSA-112043,1.9228160506195084
R-HSA-1489509,abstraction:NextStepPathway,R-HSA-9664323,0
R-HSA-1489509,abstraction:NextStepPathway,R-HSA-1855204,0
R-HSA-1489509,abstraction:NextStepPathway,R-HSA-2029485,0
R-HSA-1489509,abstraction:NextStepPathway,R-HSA-1855196,0
R-HSA-1489509,abstraction:NextStepPathway,R-HSA-445355,0
R-HSA-1489509,abstraction:NextStepPathway,R-HSA-5218921,1.9228160506195084
R-HSA-1489509,abstraction:NextStepPathway,R-HSA-111997,5.055891885684376
R-HSA-1489509,abstraction:NextStepPathway,R-HSA-422356,0
R-HSA-1489509,abstraction:NextStepPathway,R-HSA-5607763,0
R-HSA-1489509,abstraction:NextStepPathway,R-HSA-4086398,1.9228160506195084
R-HSA-1489509,abstraction:NextStepPathway,R-HSA-5578775,0
R-HSA-1489509,abstraction:NextStepPathway,R-HSA-983695,0
R-HSA-1489509,abstraction:NextStepPathway,R-HSA-2514859,0
R-HSA-1489509,abstraction:NextStepPathway,R-HSA-1855183,0
R-HSA-69002,abstraction:NextStepPathway,R-HSA-69206,0
R-HSA-69002,abstraction:NextStepPathway,R-HSA-69239,5.055891885684376
R-HSA-73843,abstraction:NextStepPathway,R-HSA-73817,2.1411286746640528
R-HSA-73843,abstraction:NextStepPathway,R-HSA-500753,2.1411286746640528
R-HSA-9705671,abstraction:NextStepPathway,R-HSA-5684264,0
R-HSA-9705671,abstraction:NextStepPathway,R-HSA-9758274,0
R-HSA-9705671,abstraction:NextStepPathway,R-HSA-933542,0
R-HSA-9705671,abstraction:NextStepPathway,R-HSA-445989,0
R-HSA-9705671,abstraction:NextStepPathway,R-HSA-983170,0
R-HSA-9705671,abstraction:NextStepPathway,R-HSA-975155,0
R-HSA-9705671,abstraction:NextStepPathway,R-HSA-909733,0
R-HSA-9705671,abstraction:NextStepPathway,R-HSA-918233,0
R-HSA-9705671,abstraction:NextStepPathway,R-HSA-9860276,0
R-HSA-9705671,abstraction:NextStepPathway,R-HSA-912694,0
R-HSA-9705671,abstraction:NextStepPathway,R-HSA-1810476,0
R-HSA-9705671,abstraction:NextStepPathway,R-HSA-168928,0
R-HSA-9832991,abstraction:NextStepPathway,R-HSA-9823739,5.548368370782171
R-HSA-195253,abstraction:NextStepPathway,R-HSA-196299,4.901741205857118
R-HSA-8964540,abstraction:NextStepPathway,R-HSA-70268,2.1411286746640528
R-HSA-5263617,abstraction:NextStepPathway,R-HSA-2408508,6.154504174352486
R-HSA-5263617,abstraction:NextStepPathway,R-HSA-2408552,6.154504174352486
R-HSA-9730628,abstraction:NextStepPathway,R-HSA-9717207,6.847651354912432
R-HSA-110373,abstraction:NextStepPathway,R-HSA-5651801,6.000353494525228
R-HSA-110373,abstraction:NextStepPathway,R-HSA-110362,6.000353494525228
R-HSA-4086398,abstraction:NextStepPathway,R-HSA-114508,1.9228160506195084
R-HSA-4086398,abstraction:NextStepPathway,R-HSA-418217,1.9228160506195084
R-HSA-4086398,abstraction:NextStepPathway,R-HSA-2871809,0
R-HSA-4086398,abstraction:NextStepPathway,R-HSA-112043,1.9228160506195084
R-HSA-4086398,abstraction:NextStepPathway,R-HSA-9664323,0
R-HSA-4086398,abstraction:NextStepPathway,R-HSA-76005,0
R-HSA-4086398,abstraction:NextStepPathway,R-HSA-2029485,0
R-HSA-4086398,abstraction:NextStepPathway,R-HSA-5218921,1.9228160506195084
R-HSA-4086398,abstraction:NextStepPathway,R-HSA-422356,0
R-HSA-4086398,abstraction:NextStepPathway,R-HSA-5607763,0
R-HSA-4086398,abstraction:NextStepPathway,R-HSA-1489509,1.9228160506195084
R-HSA-4086398,abstraction:NextStepPathway,R-HSA-5578775,0
R-HSA-4086398,abstraction:NextStepPathway,R-HSA-983695,0
R-HSA-4086398,abstraction:NextStepPathway,R-HSA-426048,1.9228160506195084
R-HSA-4086398,abstraction:NextStepPathway,R-HSA-8964315,1.9228160506195084
R-HSA-4086398,abstraction:NextStepPathway,R-HSA-8964616,1.9228160506195084
R-HSA-9026762,abstraction:NextStepPathway,R-HSA-9026395,5.866822101900706
R-HSA-76042,abstraction:NextStepPathway,R-HSA-674695,3.3923867519800006
R-HSA-76042,abstraction:NextStepPathway,R-HSA-75953,3.3923867519800006
R-HSA-1368108,abstraction:NextStepPathway,R-HSA-196807,0
R-HSA-1368108,abstraction:NextStepPathway,R-HSA-400206,0
R-HSA-1368108,abstraction:NextStepPathway,R-HSA-159740,0
R-HSA-1368108,abstraction:NextStepPathway,R-HSA-1989781,0
R-HSA-8866907,abstraction:NextStepPathway,R-HSA-8866910,6.154504174352486
R-HSA-8866907,abstraction:NextStepPathway,R-HSA-8866911,6.154504174352486
R-HSA-8866907,abstraction:NextStepPathway,R-HSA-3232118,0
R-HSA-8866907,abstraction:NextStepPathway,R-HSA-8869496,6.154504174352486
R-HSA-8866907,abstraction:NextStepPathway,R-HSA-8864260,3.5274230357839436
R-HSA-8866907,abstraction:NextStepPathway,R-HSA-8866906,6.154504174352486
R-HSA-8866907,abstraction:NextStepPathway,R-HSA-8866904,6.154504174352486
R-HSA-75064,abstraction:NextStepPathway,R-HSA-77042,6.336825731146441
R-HSA-77042,abstraction:NextStepPathway,R-HSA-75102,7.253116463020596
R-HSA-73863,abstraction:NextStepPathway,R-HSA-6790901,0
R-HSA-73863,abstraction:NextStepPathway,R-HSA-427389,3.0117897104498494
R-HSA-73863,abstraction:NextStepPathway,R-HSA-427413,3.0117897104498494
R-HSA-73863,abstraction:NextStepPathway,R-HSA-6791226,0
R-HSA-5656121,abstraction:NextStepPathway,R-HSA-110313,6.000353494525228
R-HSA-5656121,abstraction:NextStepPathway,R-HSA-5656169,6.336825731146441
R-HSA-210455,abstraction:NextStepPathway,R-HSA-8964539,0
R-HSA-210455,abstraction:NextStepPathway,R-HSA-210500,3.9759717300284194
R-HSA-210455,abstraction:NextStepPathway,R-HSA-5628897,0
R-HSA-203927,abstraction:NextStepPathway,R-HSA-5578749,6.154504174352486
R-HSA-203927,abstraction:NextStepPathway,R-HSA-426496,6.154504174352486
R-HSA-9834752,abstraction:NextStepPathway,R-HSA-9833110,5.749039066244322
R-HSA-9834752,abstraction:NextStepPathway,R-HSA-8983711,0
R-HSA-1606322,abstraction:NextStepPathway,R-HSA-1606341,5.643678550586496
R-HSA-1606322,abstraction:NextStepPathway,R-HSA-1810476,5.643678550586496
R-HSA-8963901,abstraction:NextStepPathway,R-HSA-8964026,5.238213442478331
R-HSA-9660826,abstraction:NextStepPathway,R-HSA-196807,0
R-HSA-9660826,abstraction:NextStepPathway,R-HSA-418594,0
R-HSA-9660826,abstraction:NextStepPathway,R-HSA-448706,0
R-HSA-9660826,abstraction:NextStepPathway,R-HSA-844456,0
R-HSA-9660826,abstraction:NextStepPathway,R-HSA-5620971,0
R-HSA-9660826,abstraction:NextStepPathway,R-HSA-9707564,0
R-HSA-9660826,abstraction:NextStepPathway,R-HSA-8850843,0
R-HSA-9660826,abstraction:NextStepPathway,R-HSA-9020702,0
R-HSA-9759218,abstraction:NextStepPathway,R-HSA-1614635,2.1411286746640528
R-HSA-9759218,abstraction:NextStepPathway,R-HSA-71032,2.1411286746640528
R-HSA-9759218,abstraction:NextStepPathway,R-HSA-156581,2.1411286746640528
R-HSA-9694493,abstraction:NextStepPathway,R-HSA-9705677,4.768209813232596
R-HSA-9694493,abstraction:NextStepPathway,R-HSA-9694322,5.749039066244322
R-HSA-9694493,abstraction:NextStepPathway,R-HSA-9705671,4.768209813232596
R-HSA-163282,abstraction:NextStepPathway,R-HSA-163316,7.253116463020596
R-HSA-1483101,abstraction:NextStepPathway,R-HSA-1483213,5.055891885684376
R-HSA-1483101,abstraction:NextStepPathway,R-HSA-1482801,5.055891885684376
R-HSA-168874,abstraction:NextStepPathway,R-HSA-168316,6.336825731146441
R-HSA-376176,abstraction:NextStepPathway,R-HSA-428890,4.308677483854155
R-HSA-376176,abstraction:NextStepPathway,R-HSA-428543,4.308677483854155
R-HSA-376176,abstraction:NextStepPathway,R-HSA-373752,4.308677483854155
R-HSA-376176,abstraction:NextStepPathway,R-HSA-428540,4.308677483854155
R-HSA-376176,abstraction:NextStepPathway,R-HSA-8985586,4.308677483854155
R-HSA-376176,abstraction:NextStepPathway,R-HSA-428542,4.308677483854155
R-HSA-2173788,abstraction:NextStepPathway,R-HSA-5689603,0
R-HSA-5625740,abstraction:NextStepPathway,R-HSA-75035,0
R-HSA-5625740,abstraction:NextStepPathway,R-HSA-5625886,5.461356993792541
R-HSA-167161,abstraction:NextStepPathway,R-HSA-167162,5.381314286119005
R-HSA-5689880,abstraction:NextStepPathway,R-HSA-2173795,0
R-HSA-192105,abstraction:NextStepPathway,R-HSA-1483248,3.1422425988472846
R-HSA-9764790,abstraction:NextStepPathway,R-HSA-9764562,6.000353494525228
R-HSA-1963640,abstraction:NextStepPathway,R-HSA-5673001,1.9228160506195084
R-HSA-9793242,abstraction:NextStepPathway,R-HSA-9615933,0
R-HSA-8939247,abstraction:NextStepPathway,R-HSA-8939245,5.461356993792541
R-HSA-9684325,abstraction:NextStepPathway,R-HSA-9735869,4.9505313700265505
R-HSA-9684325,abstraction:NextStepPathway,R-HSA-9679504,4.9505313700265505
R-HSA-9684325,abstraction:NextStepPathway,R-HSA-9692916,4.9505313700265505
R-HSA-1663150,abstraction:NextStepPathway,R-HSA-9840310,0
R-HSA-211976,abstraction:NextStepPathway,R-HSA-194002,2.1411286746640528
R-HSA-211976,abstraction:NextStepPathway,R-HSA-193368,2.1411286746640528
R-HSA-211976,abstraction:NextStepPathway,R-HSA-193144,2.1411286746640528
R-HSA-211976,abstraction:NextStepPathway,R-HSA-196108,2.1411286746640528
R-HSA-211976,abstraction:NextStepPathway,R-HSA-191273,2.1411286746640528
R-HSA-211976,abstraction:NextStepPathway,R-HSA-193775,2.1411286746640528
R-HSA-211976,abstraction:NextStepPathway,R-HSA-193993,2.1411286746640528
R-HSA-211976,abstraction:NextStepPathway,R-HSA-193807,2.1411286746640528
R-HSA-111446,abstraction:NextStepPathway,R-HSA-111453,5.001824664414101
R-HSA-74751,abstraction:NextStepPathway,R-HSA-5673001,1.9228160506195084
R-HSA-74751,abstraction:NextStepPathway,R-HSA-179812,2.928983806765617
R-HSA-74751,abstraction:NextStepPathway,R-HSA-74749,5.643678550586496
R-HSA-74751,abstraction:NextStepPathway,R-HSA-912526,0
R-HSA-74751,abstraction:NextStepPathway,R-HSA-2428933,2.928983806765617
R-HSA-74751,abstraction:NextStepPathway,R-HSA-180336,2.928983806765617
R-HSA-74751,abstraction:NextStepPathway,R-HSA-171007,2.928983806765617
R-HSA-74751,abstraction:NextStepPathway,R-HSA-167044,2.928983806765617
R-HSA-74751,abstraction:NextStepPathway,R-HSA-112412,5.643678550586496
R-HSA-9958790,abstraction:NextStepPathway,R-HSA-427601,4.480527740780815
R-HSA-190704,abstraction:NextStepPathway,R-HSA-190872,6.559969282460651
R-HSA-190704,abstraction:NextStepPathway,R-HSA-190840,6.559969282460651
R-HSA-390696,abstraction:NextStepPathway,R-HSA-418597,3.83538977940723
R-HSA-390696,abstraction:NextStepPathway,R-HSA-416476,3.83538977940723
R-HSA-390696,abstraction:NextStepPathway,R-HSA-418555,3.83538977940723
R-HSA-390696,abstraction:NextStepPathway,R-HSA-416482,3.83538977940723
R-HSA-390696,abstraction:NextStepPathway,R-HSA-9660821,0
R-HSA-110330,abstraction:NextStepPathway,R-HSA-110331,7.253116463020596
R-HSA-159230,abstraction:NextStepPathway,R-HSA-72662,0
R-HSA-176409,abstraction:NextStepPathway,R-HSA-176407,5.17367492134076
R-HSA-176409,abstraction:NextStepPathway,R-HSA-2467813,3.468926829102335
R-HSA-176409,abstraction:NextStepPathway,R-HSA-174048,6.000353494525228
R-HSA-176409,abstraction:NextStepPathway,R-HSA-174154,6.000353494525228
R-HSA-1660499,abstraction:NextStepPathway,R-HSA-6811558,0
R-HSA-1660499,abstraction:NextStepPathway,R-HSA-166058,0
R-HSA-1660499,abstraction:NextStepPathway,R-HSA-1257604,0
R-HSA-1660499,abstraction:NextStepPathway,R-HSA-199418,0
R-HSA-1660499,abstraction:NextStepPathway,R-HSA-1855204,2.1411286746640528
R-HSA-1660499,abstraction:NextStepPathway,R-HSA-1660524,5.381314286119005
R-HSA-1660499,abstraction:NextStepPathway,R-HSA-1660516,5.381314286119005
R-HSA-1660499,abstraction:NextStepPathway,R-HSA-1482922,4.480527740780815
R-HSA-1660499,abstraction:NextStepPathway,R-HSA-202424,0
R-HSA-163316,abstraction:NextStepPathway,R-HSA-6785470,0
R-HSA-163316,abstraction:NextStepPathway,R-HSA-8868766,0
R-HSA-201451,abstraction:NextStepPathway,R-HSA-8941326,0
R-HSA-156842,abstraction:NextStepPathway,R-HSA-156902,4.688167105559059
R-HSA-192905,abstraction:NextStepPathway,R-HSA-168325,6.336825731146441
R-HSA-5632684,abstraction:NextStepPathway,R-HSA-8941284,0
R-HSA-5632684,abstraction:NextStepPathway,R-HSA-5610780,5.643678550586496
R-HSA-5632684,abstraction:NextStepPathway,R-HSA-5635851,5.643678550586496
R-HSA-2160916,abstraction:NextStepPathway,R-HSA-2142845,5.307206313965283
R-HSA-390648,abstraction:NextStepPathway,R-HSA-418594,3.83538977940723
R-HSA-390648,abstraction:NextStepPathway,R-HSA-416476,3.83538977940723
R-HSA-975110,abstraction:NextStepPathway,R-HSA-3134963,3.210065195186046
R-HSA-975110,abstraction:NextStepPathway,R-HSA-933541,3.210065195186046
R-HSA-173736,abstraction:NextStepPathway,R-HSA-977606,5.749039066244322
R-HSA-173736,abstraction:NextStepPathway,R-HSA-174577,5.749039066244322
R-HSA-69109,abstraction:NextStepPathway,R-HSA-69186,6.154504174352486
R-HSA-168188,abstraction:NextStepPathway,R-HSA-166058,5.17367492134076
R-HSA-9674555,abstraction:NextStepPathway,R-HSA-9705462,3.741571024189575
R-HSA-6804759,abstraction:NextStepPathway,R-HSA-6803211,4.9505313700265505
R-HSA-6804759,abstraction:NextStepPathway,R-HSA-139915,0
R-HSA-6804759,abstraction:NextStepPathway,R-HSA-6804116,4.9505313700265505
R-HSA-6804759,abstraction:NextStepPathway,R-HSA-69895,0
R-HSA-6804759,abstraction:NextStepPathway,R-HSA-6803204,4.9505313700265505
R-HSA-6804759,abstraction:NextStepPathway,R-HSA-6803205,4.9505313700265505
R-HSA-9025094,abstraction:NextStepPathway,R-HSA-9027604,4.9505313700265505
R-HSA-9025094,abstraction:NextStepPathway,R-HSA-9026403,6.336825731146441
R-HSA-9933387,abstraction:NextStepPathway,R-HSA-1989781,0
R-HSA-983712,abstraction:NextStepPathway,R-HSA-77387,0
R-HSA-156711,abstraction:NextStepPathway,R-HSA-69273,5.548368370782171
R-HSA-156711,abstraction:NextStepPathway,R-HSA-380270,5.548368370782171
R-HSA-156711,abstraction:NextStepPathway,R-HSA-2565942,5.548368370782171
R-HSA-73762,abstraction:NextStepPathway,R-HSA-427359,3.0117897104498494
R-HSA-73762,abstraction:NextStepPathway,R-HSA-73772,6.847651354912432
R-HSA-198323,abstraction:NextStepPathway,R-HSA-5628897,0
R-HSA-198323,abstraction:NextStepPathway,R-HSA-111447,0
R-HSA-198323,abstraction:NextStepPathway,R-HSA-8948751,5.643678550586496
R-HSA-198323,abstraction:NextStepPathway,R-HSA-6804757,0
R-HSA-8941856,abstraction:NextStepPathway,R-HSA-210744,0
R-HSA-8941856,abstraction:NextStepPathway,R-HSA-2122947,0
R-HSA-442660,abstraction:NextStepPathway,R-HSA-888590,0
R-HSA-442660,abstraction:NextStepPathway,R-HSA-916853,0
R-HSA-442660,abstraction:NextStepPathway,R-HSA-9856872,0
R-HSA-442660,abstraction:NextStepPathway,R-HSA-8964539,0
R-HSA-442660,abstraction:NextStepPathway,R-HSA-181430,0
R-HSA-442660,abstraction:NextStepPathway,R-HSA-379401,0
R-HSA-140837,abstraction:NextStepPathway,R-HSA-9657689,0
R-HSA-140837,abstraction:NextStepPathway,R-HSA-9672391,0
R-HSA-140837,abstraction:NextStepPathway,R-HSA-9657688,0
R-HSA-140837,abstraction:NextStepPathway,R-HSA-140875,6.847651354912432
R-HSA-140837,abstraction:NextStepPathway,R-HSA-9672383,0
R-HSA-5627123,abstraction:NextStepPathway,R-HSA-2029482,0
R-HSA-5627123,abstraction:NextStepPathway,R-HSA-5627117,5.461356993792541
R-HSA-5627123,abstraction:NextStepPathway,R-HSA-445355,0
R-HSA-5627123,abstraction:NextStepPathway,R-HSA-5625740,5.461356993792541
R-HSA-5627123,abstraction:NextStepPathway,R-HSA-5687128,1.9228160506195084
R-HSA-264642,abstraction:NextStepPathway,R-HSA-1483191,0
R-HSA-163358,abstraction:NextStepPathway,R-HSA-9634600,2.1411286746640528
R-HSA-8875791,abstraction:NextStepPathway,R-HSA-2586552,1.9228160506195084
R-HSA-8875791,abstraction:NextStepPathway,R-HSA-8849474,1.9228160506195084
R-HSA-9931529,abstraction:NextStepPathway,R-HSA-1368108,5.749039066244322
R-HSA-9931529,abstraction:NextStepPathway,R-HSA-9931510,5.749039066244322
R-HSA-6803207,abstraction:NextStepPathway,R-HSA-111458,0
R-HSA-6803207,abstraction:NextStepPathway,R-HSA-75158,0
R-HSA-6803207,abstraction:NextStepPathway,R-HSA-933543,0
R-HSA-6803207,abstraction:NextStepPathway,R-HSA-844623,0
R-HSA-6803207,abstraction:NextStepPathway,R-HSA-75157,0
R-HSA-2730905,abstraction:NextStepPathway,R-HSA-2871837,6.559969282460651
R-HSA-2730905,abstraction:NextStepPathway,R-HSA-202424,2.5802876285586898
R-HSA-9764561,abstraction:NextStepPathway,R-HSA-9766229,6.000353494525228
R-HSA-168638,abstraction:NextStepPathway,R-HSA-5684264,3.210065195186046
R-HSA-168638,abstraction:NextStepPathway,R-HSA-5689896,0
R-HSA-168638,abstraction:NextStepPathway,R-HSA-9758274,3.210065195186046
R-HSA-168638,abstraction:NextStepPathway,R-HSA-933542,3.210065195186046
R-HSA-168638,abstraction:NextStepPathway,R-HSA-445989,3.210065195186046
R-HSA-168638,abstraction:NextStepPathway,R-HSA-525793,0
R-HSA-168638,abstraction:NextStepPathway,R-HSA-9705671,0
R-HSA-168638,abstraction:NextStepPathway,R-HSA-9860276,3.210065195186046
R-HSA-168638,abstraction:NextStepPathway,R-HSA-1810476,3.210065195186046
R-HSA-168638,abstraction:NextStepPathway,R-HSA-9020702,2.5802876285586898
R-HSA-70370,abstraction:NextStepPathway,R-HSA-70263,4.362744705124431
R-HSA-70370,abstraction:NextStepPathway,R-HSA-70221,4.362744705124431
R-HSA-844623,abstraction:NextStepPathway,R-HSA-448706,2.5802876285586898
R-HSA-844623,abstraction:NextStepPathway,R-HSA-9660826,0
R-HSA-5358565,abstraction:NextStepPathway,R-HSA-5358606,7.253116463020596
R-HSA-71336,abstraction:NextStepPathway,R-HSA-5628897,0
R-HSA-71336,abstraction:NextStepPathway,R-HSA-163754,2.1411286746640528
R-HSA-71336,abstraction:NextStepPathway,R-HSA-3299685,0
R-HSA-71336,abstraction:NextStepPathway,R-HSA-73843,4.362744705124431
R-HSA-71336,abstraction:NextStepPathway,R-HSA-499943,2.1411286746640528
R-HSA-1483166,abstraction:NextStepPathway,R-HSA-1483226,5.055891885684376
R-HSA-1483166,abstraction:NextStepPathway,R-HSA-1483148,5.055891885684376
R-HSA-1483166,abstraction:NextStepPathway,R-HSA-1483213,5.055891885684376
R-HSA-1483166,abstraction:NextStepPathway,R-HSA-1483191,5.055891885684376
R-HSA-1483166,abstraction:NextStepPathway,R-HSA-6803204,0
R-HSA-1483166,abstraction:NextStepPathway,R-HSA-75109,3.1422425988472846
R-HSA-1483166,abstraction:NextStepPathway,R-HSA-264642,0
R-HSA-456926,abstraction:NextStepPathway,R-HSA-418217,0
R-HSA-456926,abstraction:NextStepPathway,R-HSA-392451,0
R-HSA-456926,abstraction:NextStepPathway,R-HSA-416476,0
R-HSA-456926,abstraction:NextStepPathway,R-HSA-4086398,0
R-HSA-456926,abstraction:NextStepPathway,R-HSA-8964315,0
R-HSA-456926,abstraction:NextStepPathway,R-HSA-416482,0
R-HSA-456926,abstraction:NextStepPathway,R-HSA-8964616,0
R-HSA-9025046,abstraction:NextStepPathway,R-HSA-9026527,5.643678550586496
R-HSA-110331,abstraction:NextStepPathway,R-HSA-5649702,5.113050299524325
R-HSA-110331,abstraction:NextStepPathway,R-HSA-110357,5.113050299524325
R-HSA-163210,abstraction:NextStepPathway,R-HSA-83936,0
R-HSA-180910,abstraction:NextStepPathway,R-HSA-162592,4.054443345469915
R-HSA-9933946,abstraction:NextStepPathway,R-HSA-9934037,6.336825731146441
R-HSA-9762293,abstraction:NextStepPathway,R-HSA-9759811,6.559969282460651
R-HSA-77595,abstraction:NextStepPathway,R-HSA-159231,3.957279597016267
R-HSA-77595,abstraction:NextStepPathway,R-HSA-73856,0
R-HSA-192823,abstraction:NextStepPathway,R-HSA-9686347,1.3090056122960843
R-HSA-351202,abstraction:NextStepPathway,R-HSA-351200,4.185063527886979
R-HSA-351202,abstraction:NextStepPathway,R-HSA-1237112,4.185063527886979
R-HSA-417957,abstraction:NextStepPathway,R-HSA-418594,3.83538977940723
R-HSA-417957,abstraction:NextStepPathway,R-HSA-392170,0
R-HSA-417957,abstraction:NextStepPathway,R-HSA-418592,0
R-HSA-417957,abstraction:NextStepPathway,R-HSA-416476,3.83538977940723
R-HSA-9619229,abstraction:NextStepPathway,R-HSA-9617324,5.461356993792541
R-HSA-9619229,abstraction:NextStepPathway,R-HSA-438064,5.461356993792541
R-HSA-5218920,abstraction:NextStepPathway,R-HSA-1474151,0
R-HSA-5218920,abstraction:NextStepPathway,R-HSA-9009391,1.9228160506195084
R-HSA-5218920,abstraction:NextStepPathway,R-HSA-389357,0
R-HSA-5218920,abstraction:NextStepPathway,R-HSA-8876198,0
R-HSA-5218920,abstraction:NextStepPathway,R-HSA-1257604,1.9228160506195084
R-HSA-5218920,abstraction:NextStepPathway,R-HSA-69202,0
R-HSA-5218920,abstraction:NextStepPathway,R-HSA-5628897,0
R-HSA-5218920,abstraction:NextStepPathway,R-HSA-9755779,0
R-HSA-5218920,abstraction:NextStepPathway,R-HSA-114604,0
R-HSA-5218920,abstraction:NextStepPathway,R-HSA-69656,0
R-HSA-5218920,abstraction:NextStepPathway,R-HSA-111447,0
R-HSA-5218920,abstraction:NextStepPathway,R-HSA-203615,0
R-HSA-5218920,abstraction:NextStepPathway,R-HSA-1358803,2.928983806765617
R-HSA-5218920,abstraction:NextStepPathway,R-HSA-6804759,0
R-HSA-5218920,abstraction:NextStepPathway,R-HSA-198323,1.9228160506195084
R-HSA-5218920,abstraction:NextStepPathway,R-HSA-6804758,0
R-HSA-5218920,abstraction:NextStepPathway,R-HSA-9634635,1.9228160506195084
R-HSA-5218920,abstraction:NextStepPathway,R-HSA-9604323,1.9228160506195084
R-HSA-5218920,abstraction:NextStepPathway,R-HSA-8948751,1.9228160506195084
R-HSA-5218920,abstraction:NextStepPathway,R-HSA-6804757,0
R-HSA-201556,abstraction:NextStepPathway,R-HSA-9851151,2.928983806765617
R-HSA-201556,abstraction:NextStepPathway,R-HSA-9701898,2.928983806765617
R-HSA-201556,abstraction:NextStepPathway,R-HSA-9909649,0
R-HSA-68952,abstraction:NextStepPathway,R-HSA-113501,3.468926829102335
R-HSA-68952,abstraction:NextStepPathway,R-HSA-69091,5.548368370782171
R-HSA-68952,abstraction:NextStepPathway,R-HSA-9710421,0
R-HSA-9927354,abstraction:NextStepPathway,R-HSA-6811558,0
R-HSA-9927354,abstraction:NextStepPathway,R-HSA-1257604,0
R-HSA-9678110,abstraction:NextStepPathway,R-HSA-9682706,4.9505313700265505
R-HSA-9678110,abstraction:NextStepPathway,R-HSA-9694614,4.0961160418704825
R-HSA-2424491,abstraction:NextStepPathway,R-HSA-5673001,0
R-HSA-2424491,abstraction:NextStepPathway,R-HSA-2871796,3.210065195186046
R-HSA-2404192,abstraction:NextStepPathway,R-HSA-2428933,2.928983806765617
R-HSA-2404192,abstraction:NextStepPathway,R-HSA-2428928,2.928983806765617
R-HSA-1369062,abstraction:NextStepPathway,R-HSA-8964058,3.683583766539226
R-HSA-1369062,abstraction:NextStepPathway,R-HSA-75896,0
R-HSA-210747,abstraction:NextStepPathway,R-HSA-210744,6.336825731146441
R-HSA-6783783,abstraction:NextStepPathway,R-HSA-8854691,4.208594025297173
R-HSA-6783783,abstraction:NextStepPathway,R-HSA-9909649,2.5802876285586898
R-HSA-381676,abstraction:NextStepPathway,R-HSA-9856530,0
R-HSA-381676,abstraction:NextStepPathway,R-HSA-9634597,0
R-HSA-381676,abstraction:NextStepPathway,R-HSA-163359,5.307206313965283
R-HSA-381676,abstraction:NextStepPathway,R-HSA-432040,0
R-HSA-381676,abstraction:NextStepPathway,R-HSA-418555,0
R-HSA-381676,abstraction:NextStepPathway,R-HSA-422356,5.307206313965283
R-HSA-381676,abstraction:NextStepPathway,R-HSA-9660821,0
R-HSA-165054,abstraction:NextStepPathway,R-HSA-180746,7.253116463020596
R-HSA-5578775,abstraction:NextStepPathway,R-HSA-936837,0
R-HSA-5578775,abstraction:NextStepPathway,R-HSA-114508,0
R-HSA-5578775,abstraction:NextStepPathway,R-HSA-9856530,0
R-HSA-5578775,abstraction:NextStepPathway,R-HSA-2871809,0
R-HSA-5578775,abstraction:NextStepPathway,R-HSA-1169091,0
R-HSA-5578775,abstraction:NextStepPathway,R-HSA-112043,0
R-HSA-5578775,abstraction:NextStepPathway,R-HSA-9664323,0
R-HSA-5578775,abstraction:NextStepPathway,R-HSA-76005,0
R-HSA-5578775,abstraction:NextStepPathway,R-HSA-445355,5.643678550586496
R-HSA-5578775,abstraction:NextStepPathway,R-HSA-5218921,0
R-HSA-5578775,abstraction:NextStepPathway,R-HSA-111997,0
R-HSA-5578775,abstraction:NextStepPathway,R-HSA-422356,0
R-HSA-5578775,abstraction:NextStepPathway,R-HSA-5607763,0
R-HSA-5578775,abstraction:NextStepPathway,R-HSA-2025928,0
R-HSA-5578775,abstraction:NextStepPathway,R-HSA-983695,0
R-HSA-5578775,abstraction:NextStepPathway,R-HSA-2514859,0
R-HSA-75893,abstraction:NextStepPathway,R-HSA-5357956,4.855221190222226
R-HSA-75893,abstraction:NextStepPathway,R-HSA-5357786,4.855221190222226
R-HSA-75893,abstraction:NextStepPathway,R-HSA-5668541,0
R-HSA-75893,abstraction:NextStepPathway,R-HSA-5357905,4.855221190222226
R-HSA-75893,abstraction:NextStepPathway,R-HSA-5626978,4.855221190222226
R-HSA-983695,abstraction:NextStepPathway,R-HSA-9856530,0
R-HSA-983695,abstraction:NextStepPathway,R-HSA-389357,4.232691576876234
R-HSA-983695,abstraction:NextStepPathway,R-HSA-442982,0
R-HSA-983695,abstraction:NextStepPathway,R-HSA-2871809,2.5802876285586898
R-HSA-983695,abstraction:NextStepPathway,R-HSA-1169091,6.154504174352486
R-HSA-983695,abstraction:NextStepPathway,R-HSA-1257604,0
R-HSA-983695,abstraction:NextStepPathway,R-HSA-111933,0
R-HSA-983695,abstraction:NextStepPathway,R-HSA-9620244,0
R-HSA-983695,abstraction:NextStepPathway,R-HSA-392451,0
R-HSA-983695,abstraction:NextStepPathway,R-HSA-111957,0
R-HSA-983695,abstraction:NextStepPathway,R-HSA-112043,0
R-HSA-983695,abstraction:NextStepPathway,R-HSA-9664323,0
R-HSA-983695,abstraction:NextStepPathway,R-HSA-114604,0
R-HSA-983695,abstraction:NextStepPathway,R-HSA-442720,0
R-HSA-983695,abstraction:NextStepPathway,R-HSA-2029485,2.5802876285586898
R-HSA-983695,abstraction:NextStepPathway,R-HSA-442729,0
R-HSA-983695,abstraction:NextStepPathway,R-HSA-1169092,6.154504174352486
R-HSA-983695,abstraction:NextStepPathway,R-HSA-111932,0
R-HSA-983695,abstraction:NextStepPathway,R-HSA-445355,0
R-HSA-983695,abstraction:NextStepPathway,R-HSA-5218921,0
R-HSA-983695,abstraction:NextStepPathway,R-HSA-203615,0
R-HSA-983695,abstraction:NextStepPathway,R-HSA-180024,0
R-HSA-983695,abstraction:NextStepPathway,R-HSA-111997,0
R-HSA-983695,abstraction:NextStepPathway,R-HSA-422356,0
R-HSA-983695,abstraction:NextStepPathway,R-HSA-5607763,2.5802876285586898
R-HSA-983695,abstraction:NextStepPathway,R-HSA-1489509,0
R-HSA-983695,abstraction:NextStepPathway,R-HSA-4086398,0
R-HSA-983695,abstraction:NextStepPathway,R-HSA-5627123,0
R-HSA-983695,abstraction:NextStepPathway,R-HSA-2025928,6.154504174352486
R-HSA-983695,abstraction:NextStepPathway,R-HSA-5218920,0
R-HSA-983695,abstraction:NextStepPathway,R-HSA-5578775,0
R-HSA-983695,abstraction:NextStepPathway,R-HSA-2514859,0
R-HSA-983695,abstraction:NextStepPathway,R-HSA-139853,0
R-HSA-5654693,abstraction:NextStepPathway,R-HSA-5673001,1.9228160506195084
R-HSA-5654693,abstraction:NextStepPathway,R-HSA-5654726,5.461356993792541
R-HSA-5654693,abstraction:NextStepPathway,R-HSA-5654689,6.559969282460651
R-HSA-5693532,abstraction:NextStepPathway,R-HSA-5693538,3.8031289171890084
R-HSA-983168,abstraction:NextStepPathway,R-HSA-983170,5.866822101900706
R-HSA-9830364,abstraction:NextStepPathway,R-HSA-9830674,6.847651354912432
R-HSA-9830364,abstraction:NextStepPathway,R-HSA-9761174,3.227764772285447
R-HSA-9931530,abstraction:NextStepPathway,R-HSA-9931521,5.749039066244322
R-HSA-9931530,abstraction:NextStepPathway,R-HSA-9932298,5.749039066244322
R-HSA-2514859,abstraction:NextStepPathway,R-HSA-9856530,0
R-HSA-2514859,abstraction:NextStepPathway,R-HSA-442982,0
R-HSA-2514859,abstraction:NextStepPathway,R-HSA-2871809,0
R-HSA-2514859,abstraction:NextStepPathway,R-HSA-111933,0
R-HSA-2514859,abstraction:NextStepPathway,R-HSA-9620244,0
R-HSA-2514859,abstraction:NextStepPathway,R-HSA-111957,0
R-HSA-2514859,abstraction:NextStepPathway,R-HSA-442720,0
R-HSA-2514859,abstraction:NextStepPathway,R-HSA-2453902,6.154504174352486
R-HSA-2514859,abstraction:NextStepPathway,R-HSA-442729,0
R-HSA-2514859,abstraction:NextStepPathway,R-HSA-111932,0
R-HSA-2514859,abstraction:NextStepPathway,R-HSA-445355,0
R-HSA-2514859,abstraction:NextStepPathway,R-HSA-382556,0
R-HSA-2514859,abstraction:NextStepPathway,R-HSA-203615,0
R-HSA-2514859,abstraction:NextStepPathway,R-HSA-180024,0
R-HSA-2514859,abstraction:NextStepPathway,R-HSA-5607763,0
R-HSA-2514859,abstraction:NextStepPathway,R-HSA-4086398,0
R-HSA-2514859,abstraction:NextStepPathway,R-HSA-5627123,0
R-HSA-2514859,abstraction:NextStepPathway,R-HSA-2025928,0
R-HSA-2514859,abstraction:NextStepPathway,R-HSA-5218920,0
R-HSA-2514859,abstraction:NextStepPathway,R-HSA-2485179,7.253116463020596
R-HSA-392851,abstraction:NextStepPathway,R-HSA-418217,0
R-HSA-392851,abstraction:NextStepPathway,R-HSA-9856530,0
R-HSA-392851,abstraction:NextStepPathway,R-HSA-9634597,0
R-HSA-392851,abstraction:NextStepPathway,R-HSA-392451,0
R-HSA-392851,abstraction:NextStepPathway,R-HSA-163359,0
R-HSA-392851,abstraction:NextStepPathway,R-HSA-432040,0
R-HSA-392851,abstraction:NextStepPathway,R-HSA-418555,0
R-HSA-392851,abstraction:NextStepPathway,R-HSA-4086398,0
R-HSA-392851,abstraction:NextStepPathway,R-HSA-8964315,0
R-HSA-392851,abstraction:NextStepPathway,R-HSA-8964616,0
R-HSA-392851,abstraction:NextStepPathway,R-HSA-9660821,0
R-HSA-173599,abstraction:NextStepPathway,R-HSA-3322077,2.1411286746640528
R-HSA-173599,abstraction:NextStepPathway,R-HSA-379716,0
R-HSA-173599,abstraction:NextStepPathway,R-HSA-156588,5.461356993792541
R-HSA-173599,abstraction:NextStepPathway,R-HSA-1971475,2.1411286746640528
R-HSA-173599,abstraction:NextStepPathway,R-HSA-2142845,2.1411286746640528
R-HSA-173599,abstraction:NextStepPathway,R-HSA-189483,2.1411286746640528
R-HSA-173599,abstraction:NextStepPathway,R-HSA-727802,0
R-HSA-173599,abstraction:NextStepPathway,R-HSA-71737,2.1411286746640528
R-HSA-173599,abstraction:NextStepPathway,R-HSA-9749641,0
R-HSA-9031628,abstraction:NextStepPathway,R-HSA-111931,1.9228160506195084
R-HSA-9031628,abstraction:NextStepPathway,R-HSA-9634638,1.9228160506195084
R-HSA-9031628,abstraction:NextStepPathway,R-HSA-9022692,0
R-HSA-9031628,abstraction:NextStepPathway,R-HSA-111932,1.9228160506195084
R-HSA-9031628,abstraction:NextStepPathway,R-HSA-9616222,0
R-HSA-190322,abstraction:NextStepPathway,R-HSA-5654719,5.749039066244322
R-HSA-190322,abstraction:NextStepPathway,R-HSA-5654712,5.749039066244322
R-HSA-190322,abstraction:NextStepPathway,R-HSA-5654228,5.749039066244322
R-HSA-8932505,abstraction:NextStepPathway,R-HSA-9939291,6.559969282460651
R-HSA-9818027,abstraction:NextStepPathway,R-HSA-5628897,0
R-HSA-1614603,abstraction:NextStepPathway,R-HSA-1614558,6.559969282460651
R-HSA-111448,abstraction:NextStepPathway,R-HSA-111453,5.001824664414101
R-HSA-111448,abstraction:NextStepPathway,R-HSA-6803204,0
R-HSA-9694594,abstraction:NextStepPathway,R-HSA-9694322,5.749039066244322
R-HSA-69618,abstraction:NextStepPathway,R-HSA-176408,3.134079288208124
R-HSA-977444,abstraction:NextStepPathway,R-HSA-418594,0
R-HSA-977444,abstraction:NextStepPathway,R-HSA-1296041,3.6024582217268573
R-HSA-977444,abstraction:NextStepPathway,R-HSA-997272,6.559969282460651
R-HSA-9702518,abstraction:NextStepPathway,R-HSA-9703465,4.9505313700265505
R-HSA-450321,abstraction:NextStepPathway,R-HSA-2871796,3.210065195186046
R-HSA-450321,abstraction:NextStepPathway,R-HSA-2559580,0
R-HSA-450321,abstraction:NextStepPathway,R-HSA-450341,5.866822101900706
R-HSA-9013508,abstraction:NextStepPathway,R-HSA-1912408,5.001824664414101
R-HSA-9828721,abstraction:NextStepPathway,R-HSA-9833110,5.749039066244322
R-HSA-9828721,abstraction:NextStepPathway,R-HSA-9828806,6.559969282460651
R-HSA-9828721,abstraction:NextStepPathway,R-HSA-9833109,5.749039066244322
R-HSA-2559586,abstraction:NextStepPathway,R-HSA-69563,0
R-HSA-2559586,abstraction:NextStepPathway,R-HSA-2559582,6.336825731146441
R-HSA-2559586,abstraction:NextStepPathway,R-HSA-69473,0
R-HSA-2559586,abstraction:NextStepPathway,R-HSA-6804760,0
R-HSA-2559586,abstraction:NextStepPathway,R-HSA-69202,0
R-HSA-2559586,abstraction:NextStepPathway,R-HSA-69541,0
R-HSA-2559586,abstraction:NextStepPathway,R-HSA-5693565,0
R-HSA-2559586,abstraction:NextStepPathway,R-HSA-6804756,0
R-HSA-2559586,abstraction:NextStepPathway,R-HSA-6804116,0
R-HSA-2559586,abstraction:NextStepPathway,R-HSA-69656,0
R-HSA-2559586,abstraction:NextStepPathway,R-HSA-6803204,0
R-HSA-2559586,abstraction:NextStepPathway,R-HSA-5693538,0
R-HSA-2559586,abstraction:NextStepPathway,R-HSA-349425,0
R-HSA-2559586,abstraction:NextStepPathway,R-HSA-5685939,0
R-HSA-2559586,abstraction:NextStepPathway,R-HSA-6803207,0
R-HSA-2559586,abstraction:NextStepPathway,R-HSA-187577,0
R-HSA-2559586,abstraction:NextStepPathway,R-HSA-5693548,0
R-HSA-2559586,abstraction:NextStepPathway,R-HSA-6804757,0
R-HSA-2559586,abstraction:NextStepPathway,R-HSA-5693606,0
R-HSA-75955,abstraction:NextStepPathway,R-HSA-674695,3.3923867519800006
R-HSA-5654710,abstraction:NextStepPathway,R-HSA-6811558,1.9228160506195084
R-HSA-5654710,abstraction:NextStepPathway,R-HSA-1257604,1.9228160506195084
R-HSA-5654710,abstraction:NextStepPathway,R-HSA-5654695,4.185063527886979
R-HSA-5654710,abstraction:NextStepPathway,R-HSA-5654720,4.185063527886979
R-HSA-5654710,abstraction:NextStepPathway,R-HSA-5654689,4.185063527886979
R-HSA-9927418,abstraction:NextStepPathway,R-HSA-9927426,6.559969282460651
R-HSA-9758881,abstraction:NextStepPathway,R-HSA-9758890,6.847651354912432
R-HSA-1660516,abstraction:NextStepPathway,R-HSA-1660537,5.381314286119005
R-HSA-6814122,abstraction:NextStepPathway,R-HSA-418594,0
R-HSA-6814122,abstraction:NextStepPathway,R-HSA-202040,0
R-HSA-6814122,abstraction:NextStepPathway,R-HSA-418597,0
R-HSA-6814122,abstraction:NextStepPathway,R-HSA-416476,0
R-HSA-6814122,abstraction:NextStepPathway,R-HSA-418555,0
R-HSA-6814122,abstraction:NextStepPathway,R-HSA-416482,0
R-HSA-2644606,abstraction:NextStepPathway,R-HSA-2894862,5.643678550586496
R-HSA-75896,abstraction:NextStepPathway,R-HSA-1483166,3.1422425988472846
R-HSA-5652227,abstraction:NextStepPathway,R-HSA-70350,7.253116463020596
R-HSA-9694548,abstraction:NextStepPathway,R-HSA-9694322,5.749039066244322
R-HSA-9694548,abstraction:NextStepPathway,R-HSA-9733458,5.749039066244322
R-HSA-69231,abstraction:NextStepPathway,R-HSA-69206,5.238213442478331
R-HSA-69231,abstraction:NextStepPathway,R-HSA-9754119,7.253116463020596
R-HSA-69231,abstraction:NextStepPathway,R-HSA-113501,5.238213442478331
R-HSA-69231,abstraction:NextStepPathway,R-HSA-2559585,0
R-HSA-69231,abstraction:NextStepPathway,R-HSA-69205,5.238213442478331
R-HSA-69231,abstraction:NextStepPathway,R-HSA-69202,5.238213442478331
R-HSA-69231,abstraction:NextStepPathway,R-HSA-139915,0
R-HSA-69231,abstraction:NextStepPathway,R-HSA-8878166,0
R-HSA-69231,abstraction:NextStepPathway,R-HSA-111448,0
R-HSA-69231,abstraction:NextStepPathway,R-HSA-174178,3.468926829102335
R-HSA-166662,abstraction:NextStepPathway,R-HSA-166663,5.749039066244322
R-HSA-8934593,abstraction:NextStepPathway,R-HSA-8939236,5.461356993792541
R-HSA-8934593,abstraction:NextStepPathway,R-HSA-8939242,5.461356993792541
R-HSA-8934593,abstraction:NextStepPathway,R-HSA-8877330,5.461356993792541
R-HSA-8934593,abstraction:NextStepPathway,R-HSA-8951936,3.5274230357839436
R-HSA-8934593,abstraction:NextStepPathway,R-HSA-9018519,0
R-HSA-8934593,abstraction:NextStepPathway,R-HSA-8939246,5.461356993792541
R-HSA-8934593,abstraction:NextStepPathway,R-HSA-8936459,5.461356993792541
R-HSA-8934593,abstraction:NextStepPathway,R-HSA-8939243,5.461356993792541
R-HSA-8934593,abstraction:NextStepPathway,R-HSA-8939245,5.461356993792541
R-HSA-8934593,abstraction:NextStepPathway,R-HSA-8939247,5.461356993792541
R-HSA-8934593,abstraction:NextStepPathway,R-HSA-8935964,5.461356993792541
R-HSA-8934593,abstraction:NextStepPathway,R-HSA-8931987,5.461356993792541
R-HSA-8934593,abstraction:NextStepPathway,R-HSA-1912408,0
R-HSA-2122948,abstraction:NextStepPathway,R-HSA-2122947,7.253116463020596
R-HSA-2122948,abstraction:NextStepPathway,R-HSA-9818749,0
R-HSA-380615,abstraction:NextStepPathway,R-HSA-380612,6.336825731146441
R-HSA-380615,abstraction:NextStepPathway,R-HSA-141333,0
R-HSA-9828806,abstraction:NextStepPathway,R-HSA-9833110,5.749039066244322
R-HSA-9828806,abstraction:NextStepPathway,R-HSA-9828642,6.559969282460651
R-HSA-9828806,abstraction:NextStepPathway,R-HSA-9833482,0
R-HSA-9828806,abstraction:NextStepPathway,R-HSA-9820962,5.749039066244322
R-HSA-9828806,abstraction:NextStepPathway,R-HSA-9833109,5.749039066244322
R-HSA-72731,abstraction:NextStepPathway,R-HSA-72695,6.000353494525228
R-HSA-77305,abstraction:NextStepPathway,R-HSA-611105,2.1411286746640528
R-HSA-77305,abstraction:NextStepPathway,R-HSA-77285,6.000353494525228
R-HSA-933541,abstraction:NextStepPathway,R-HSA-933542,6.336825731146441
R-HSA-933541,abstraction:NextStepPathway,R-HSA-3134963,3.210065195186046
R-HSA-933541,abstraction:NextStepPathway,R-HSA-975110,3.210065195186046
R-HSA-9679191,abstraction:NextStepPathway,R-HSA-419408,0
R-HSA-9679191,abstraction:NextStepPathway,R-HSA-9678110,4.0961160418704825
R-HSA-68616,abstraction:NextStepPathway,R-HSA-113507,0
R-HSA-5610787,abstraction:NextStepPathway,R-HSA-8940973,0
R-HSA-5610787,abstraction:NextStepPathway,R-HSA-5610785,5.643678550586496
R-HSA-5610787,abstraction:NextStepPathway,R-HSA-5610783,5.643678550586496
R-HSA-5610787,abstraction:NextStepPathway,R-HSA-5632684,5.643678550586496
R-HSA-5610787,abstraction:NextStepPathway,R-HSA-5610780,5.643678550586496
R-HSA-211897,abstraction:NextStepPathway,R-HSA-191273,2.1411286746640528
R-HSA-211897,abstraction:NextStepPathway,R-HSA-6807062,2.1411286746640528
R-HSA-209822,abstraction:NextStepPathway,R-HSA-975578,3.0787291931249587
R-HSA-9607240,abstraction:NextStepPathway,R-HSA-109704,0
R-HSA-9607240,abstraction:NextStepPathway,R-HSA-9645135,3.741571024189575
R-HSA-9607240,abstraction:NextStepPathway,R-HSA-5684996,0
R-HSA-9607240,abstraction:NextStepPathway,R-HSA-112399,0
R-HSA-9607240,abstraction:NextStepPathway,R-HSA-5673000,0
R-HSA-9607240,abstraction:NextStepPathway,R-HSA-9706369,3.741571024189575
R-HSA-9607240,abstraction:NextStepPathway,R-HSA-9706374,3.741571024189575
R-HSA-162594,abstraction:NextStepPathway,R-HSA-162592,4.5122764390953956
R-HSA-162594,abstraction:NextStepPathway,R-HSA-164516,4.5122764390953956
R-HSA-9027283,abstraction:NextStepPathway,R-HSA-2586552,1.9228160506195084
R-HSA-9027283,abstraction:NextStepPathway,R-HSA-9020558,0
R-HSA-9027283,abstraction:NextStepPathway,R-HSA-512988,0
R-HSA-9027283,abstraction:NextStepPathway,R-HSA-1266695,0
R-HSA-9027283,abstraction:NextStepPathway,R-HSA-982772,0
R-HSA-199220,abstraction:NextStepPathway,R-HSA-196783,5.307206313965283
R-HSA-174430,abstraction:NextStepPathway,R-HSA-174411,6.559969282460651
R-HSA-399954,abstraction:NextStepPathway,R-HSA-2029482,0
R-HSA-416482,abstraction:NextStepPathway,R-HSA-418217,4.545066261918386
R-HSA-416482,abstraction:NextStepPathway,R-HSA-416572,0
R-HSA-416482,abstraction:NextStepPathway,R-HSA-392451,4.545066261918386
R-HSA-416482,abstraction:NextStepPathway,R-HSA-5627117,1.9228160506195084
R-HSA-416482,abstraction:NextStepPathway,R-HSA-4086398,1.9228160506195084
R-HSA-416482,abstraction:NextStepPathway,R-HSA-8964315,4.545066261918386
R-HSA-416482,abstraction:NextStepPathway,R-HSA-8964616,4.545066261918386
R-HSA-167158,abstraction:NextStepPathway,R-HSA-167152,5.381314286119005
R-HSA-167158,abstraction:NextStepPathway,R-HSA-167242,6.559969282460651
R-HSA-210745,abstraction:NextStepPathway,R-HSA-70171,0
R-HSA-210745,abstraction:NextStepPathway,R-HSA-264876,0
R-HSA-9839383,abstraction:NextStepPathway,R-HSA-9839389,6.336825731146441
R-HSA-9839383,abstraction:NextStepPathway,R-HSA-9839397,6.336825731146441
R-HSA-9839383,abstraction:NextStepPathway,R-HSA-9839406,6.336825731146441
R-HSA-176034,abstraction:NextStepPathway,R-HSA-167200,4.054443345469915
R-HSA-6804754,abstraction:NextStepPathway,R-HSA-2559580,0
R-HSA-6804754,abstraction:NextStepPathway,R-HSA-69473,0
R-HSA-6804754,abstraction:NextStepPathway,R-HSA-6804760,5.866822101900706
R-HSA-6804754,abstraction:NextStepPathway,R-HSA-69541,0
R-HSA-6804754,abstraction:NextStepPathway,R-HSA-5628897,4.9505313700265505
R-HSA-6804754,abstraction:NextStepPathway,R-HSA-8943724,0
R-HSA-6804754,abstraction:NextStepPathway,R-HSA-5693565,0
R-HSA-6804754,abstraction:NextStepPathway,R-HSA-6804756,5.866822101900706
R-HSA-6804754,abstraction:NextStepPathway,R-HSA-9833482,0
R-HSA-6804754,abstraction:NextStepPathway,R-HSA-8941855,3.5274230357839436
R-HSA-6804754,abstraction:NextStepPathway,R-HSA-6804759,5.866822101900706
R-HSA-6804754,abstraction:NextStepPathway,R-HSA-2559586,0
R-HSA-6804754,abstraction:NextStepPathway,R-HSA-6804757,7.253116463020596
R-HSA-375165,abstraction:NextStepPathway,R-HSA-5673001,0
R-HSA-375165,abstraction:NextStepPathway,R-HSA-111931,0
R-HSA-375165,abstraction:NextStepPathway,R-HSA-199920,0
R-HSA-375165,abstraction:NextStepPathway,R-HSA-9634638,0
R-HSA-375165,abstraction:NextStepPathway,R-HSA-111932,0
R-HSA-375165,abstraction:NextStepPathway,R-HSA-9031628,0
R-HSA-1236382,abstraction:NextStepPathway,R-HSA-5637810,6.154504174352486
R-HSA-9749641,abstraction:NextStepPathway,R-HSA-156588,0
R-HSA-9749641,abstraction:NextStepPathway,R-HSA-433692,0
R-HSA-9749641,abstraction:NextStepPathway,R-HSA-561048,0
R-HSA-9749641,abstraction:NextStepPathway,R-HSA-159424,0
R-HSA-9749641,abstraction:NextStepPathway,R-HSA-2162123,0
R-HSA-187042,abstraction:NextStepPathway,R-HSA-167021,4.9505313700265505
R-HSA-187042,abstraction:NextStepPathway,R-HSA-170984,4.9505313700265505
R-HSA-187042,abstraction:NextStepPathway,R-HSA-198745,4.9505313700265505
R-HSA-187042,abstraction:NextStepPathway,R-HSA-198203,4.9505313700265505
R-HSA-187042,abstraction:NextStepPathway,R-HSA-170968,4.9505313700265505
R-HSA-187042,abstraction:NextStepPathway,R-HSA-167044,4.9505313700265505
R-HSA-187042,abstraction:NextStepPathway,R-HSA-177504,4.9505313700265505
R-HSA-187042,abstraction:NextStepPathway,R-HSA-187706,4.9505313700265505
R-HSA-187042,abstraction:NextStepPathway,R-HSA-187687,4.9505313700265505
R-HSA-211736,abstraction:NextStepPathway,R-HSA-211733,4.390915582091128
R-HSA-211736,abstraction:NextStepPathway,R-HSA-211728,4.390915582091128
R-HSA-8850843,abstraction:NextStepPathway,R-HSA-196807,2.1411286746640528
R-HSA-8850843,abstraction:NextStepPathway,R-HSA-9660826,0
R-HSA-159740,abstraction:NextStepPathway,R-HSA-6806664,0
R-HSA-159740,abstraction:NextStepPathway,R-HSA-159763,6.847651354912432
R-HSA-77350,abstraction:NextStepPathway,R-HSA-611105,2.1411286746640528
R-HSA-77350,abstraction:NextStepPathway,R-HSA-77352,6.000353494525228
R-HSA-212718,abstraction:NextStepPathway,R-HSA-2029485,0
R-HSA-212718,abstraction:NextStepPathway,R-HSA-5218921,2.928983806765617
R-HSA-212718,abstraction:NextStepPathway,R-HSA-1489509,1.9228160506195084
R-HSA-174178,abstraction:NextStepPathway,R-HSA-174084,5.17367492134076
R-HSA-159763,abstraction:NextStepPathway,R-HSA-159782,6.847651354912432
R-HSA-174154,abstraction:NextStepPathway,R-HSA-176407,5.17367492134076
R-HSA-174154,abstraction:NextStepPathway,R-HSA-2467813,3.468926829102335
R-HSA-2122947,abstraction:NextStepPathway,R-HSA-8940973,0
R-HSA-2122947,abstraction:NextStepPathway,R-HSA-69202,0
R-HSA-2122947,abstraction:NextStepPathway,R-HSA-210744,0
R-HSA-2122947,abstraction:NextStepPathway,R-HSA-8941856,0
R-HSA-2122947,abstraction:NextStepPathway,R-HSA-9013508,5.001824664414101
R-HSA-2122947,abstraction:NextStepPathway,R-HSA-9793380,0
R-HSA-2122947,abstraction:NextStepPathway,R-HSA-1912408,5.001824664414101
R-HSA-209905,abstraction:NextStepPathway,R-HSA-181430,0
R-HSA-209905,abstraction:NextStepPathway,R-HSA-212676,0
R-HSA-435368,abstraction:NextStepPathway,R-HSA-264876,0
R-HSA-1834949,abstraction:NextStepPathway,R-HSA-844615,3.210065195186046
R-HSA-1834949,abstraction:NextStepPathway,R-HSA-168928,3.210065195186046
R-HSA-3371511,abstraction:NextStepPathway,R-HSA-3371571,6.559969282460651
R-HSA-3371511,abstraction:NextStepPathway,R-HSA-3371453,6.559969282460651
R-HSA-72172,abstraction:NextStepPathway,R-HSA-72203,3.957279597016267
R-HSA-8964026,abstraction:NextStepPathway,R-HSA-8964038,6.336825731146441
R-HSA-193993,abstraction:NextStepPathway,R-HSA-193048,6.336825731146441
R-HSA-193993,abstraction:NextStepPathway,R-HSA-211976,2.1411286746640528
R-HSA-1660510,abstraction:NextStepPathway,R-HSA-6811558,0
R-HSA-1660510,abstraction:NextStepPathway,R-HSA-1660499,5.381314286119005
R-HSA-9833109,abstraction:NextStepPathway,R-HSA-909733,0
R-HSA-9833109,abstraction:NextStepPathway,R-HSA-918233,0
R-HSA-444473,abstraction:NextStepPathway,R-HSA-418594,3.83538977940723
R-HSA-168181,abstraction:NextStepPathway,R-HSA-975155,4.139601153810221
R-HSA-9761174,abstraction:NextStepPathway,R-HSA-9830364,3.227764772285447
R-HSA-9645460,abstraction:NextStepPathway,R-HSA-445989,3.210065195186046
R-HSA-9645460,abstraction:NextStepPathway,R-HSA-9705671,0
R-HSA-9645460,abstraction:NextStepPathway,R-HSA-168638,3.210065195186046
R-HSA-9645460,abstraction:NextStepPathway,R-HSA-9020702,2.5802876285586898
R-HSA-381340,abstraction:NextStepPathway,R-HSA-163680,0
R-HSA-381340,abstraction:NextStepPathway,R-HSA-1989781,0
R-HSA-5654700,abstraction:NextStepPathway,R-HSA-5673001,1.9228160506195084
R-HSA-5654700,abstraction:NextStepPathway,R-HSA-5654695,6.559969282460651
R-HSA-5654700,abstraction:NextStepPathway,R-HSA-5654727,5.548368370782171
R-HSA-198753,abstraction:NextStepPathway,R-HSA-199920,6.559969282460651
R-HSA-198753,abstraction:NextStepPathway,R-HSA-2559582,0
R-HSA-198753,abstraction:NextStepPathway,R-HSA-9634638,1.9228160506195084
R-HSA-198753,abstraction:NextStepPathway,R-HSA-881907,1.9228160506195084
R-HSA-198753,abstraction:NextStepPathway,R-HSA-375165,0
R-HSA-2151201,abstraction:NextStepPathway,R-HSA-111931,0
R-HSA-2151201,abstraction:NextStepPathway,R-HSA-9634638,0
R-HSA-2151201,abstraction:NextStepPathway,R-HSA-9707616,0
R-HSA-2151201,abstraction:NextStepPathway,R-HSA-111932,0
R-HSA-2151201,abstraction:NextStepPathway,R-HSA-9931509,0
R-HSA-2151201,abstraction:NextStepPathway,R-HSA-163282,0
R-HSA-2151201,abstraction:NextStepPathway,R-HSA-163316,0
R-HSA-2151201,abstraction:NextStepPathway,R-HSA-9933387,0
R-HSA-2151201,abstraction:NextStepPathway,R-HSA-9031628,0
R-HSA-2151201,abstraction:NextStepPathway,R-HSA-1989781,0
R-HSA-8851805,abstraction:NextStepPathway,R-HSA-5673001,1.9228160506195084
R-HSA-532668,abstraction:NextStepPathway,R-HSA-901042,4.810769427651391
R-HSA-182971,abstraction:NextStepPathway,R-HSA-912526,0
R-HSA-77285,abstraction:NextStepPathway,R-HSA-611105,2.1411286746640528
R-HSA-77285,abstraction:NextStepPathway,R-HSA-77310,6.000353494525228
R-HSA-9018677,abstraction:NextStepPathway,R-HSA-9026766,4.9505313700265505
R-HSA-9018677,abstraction:NextStepPathway,R-HSA-9027307,4.9505313700265505
R-HSA-9018677,abstraction:NextStepPathway,R-HSA-9020265,4.9505313700265505
R-HSA-9018677,abstraction:NextStepPathway,R-HSA-9018682,4.9505313700265505
R-HSA-9018677,abstraction:NextStepPathway,R-HSA-9026762,4.9505313700265505
R-HSA-9018677,abstraction:NextStepPathway,R-HSA-9018676,4.9505313700265505
R-HSA-9018677,abstraction:NextStepPathway,R-HSA-9018681,4.9505313700265505
R-HSA-9636383,abstraction:NextStepPathway,R-HSA-9636569,5.866822101900706
R-HSA-166166,abstraction:NextStepPathway,R-HSA-937072,4.855221190222226
R-HSA-166166,abstraction:NextStepPathway,R-HSA-936964,4.855221190222226
R-HSA-166166,abstraction:NextStepPathway,R-HSA-937041,4.855221190222226
R-HSA-8963889,abstraction:NextStepPathway,R-HSA-8963901,6.559969282460651
R-HSA-8941333,abstraction:NextStepPathway,R-HSA-8939246,3.5274230357839436
R-HSA-71403,abstraction:NextStepPathway,R-HSA-611105,5.113050299524325
R-HSA-71403,abstraction:NextStepPathway,R-HSA-428643,0
R-HSA-71403,abstraction:NextStepPathway,R-HSA-9856872,5.113050299524325
R-HSA-71403,abstraction:NextStepPathway,R-HSA-9853506,5.113050299524325
R-HSA-71403,abstraction:NextStepPathway,R-HSA-8964539,2.1411286746640528
R-HSA-71403,abstraction:NextStepPathway,R-HSA-70268,5.113050299524325
R-HSA-71403,abstraction:NextStepPathway,R-HSA-1237044,0
R-HSA-71403,abstraction:NextStepPathway,R-HSA-1475029,2.1411286746640528
R-HSA-418346,abstraction:NextStepPathway,R-HSA-139853,4.308677483854155
R-HSA-9859138,abstraction:NextStepPathway,R-HSA-70895,4.185063527886979
R-HSA-5610780,abstraction:NextStepPathway,R-HSA-5632684,5.643678550586496
R-HSA-193807,abstraction:NextStepPathway,R-HSA-211994,2.1411286746640528
R-HSA-193807,abstraction:NextStepPathway,R-HSA-193368,6.847651354912432
R-HSA-111463,abstraction:NextStepPathway,R-HSA-111464,7.253116463020596
R-HSA-111463,abstraction:NextStepPathway,R-HSA-351906,4.390915582091128
R-HSA-202427,abstraction:NextStepPathway,R-HSA-202430,6.559969282460651
R-HSA-202427,abstraction:NextStepPathway,R-HSA-389948,4.232691576876234
R-HSA-210993,abstraction:NextStepPathway,R-HSA-5673001,0
R-HSA-2562578,abstraction:NextStepPathway,R-HSA-9758274,5.17367492134076
R-HSA-2562578,abstraction:NextStepPathway,R-HSA-75153,0
R-HSA-2562578,abstraction:NextStepPathway,R-HSA-140534,0
R-HSA-2562578,abstraction:NextStepPathway,R-HSA-264870,0
R-HSA-8931987,abstraction:NextStepPathway,R-HSA-9018519,0
R-HSA-8931987,abstraction:NextStepPathway,R-HSA-8939256,5.461356993792541
R-HSA-9708530,abstraction:NextStepPathway,R-HSA-9707587,5.238213442478331
R-HSA-9708530,abstraction:NextStepPathway,R-HSA-9707616,4.0961160418704825
R-HSA-9708530,abstraction:NextStepPathway,R-HSA-9818027,5.548368370782171
R-HSA-168176,abstraction:NextStepPathway,R-HSA-975871,4.139601153810221
R-HSA-71032,abstraction:NextStepPathway,R-HSA-71403,2.1411286746640528
R-HSA-5654689,abstraction:NextStepPathway,R-HSA-6811558,1.9228160506195084
R-HSA-5654689,abstraction:NextStepPathway,R-HSA-1257604,1.9228160506195084
R-HSA-5654689,abstraction:NextStepPathway,R-HSA-5654695,4.185063527886979
R-HSA-5654689,abstraction:NextStepPathway,R-HSA-5654720,4.185063527886979
R-HSA-5654689,abstraction:NextStepPathway,R-HSA-5654710,4.185063527886979
R-HSA-112412,abstraction:NextStepPathway,R-HSA-5673001,1.9228160506195084
R-HSA-112412,abstraction:NextStepPathway,R-HSA-74749,5.866822101900706
R-HSA-9818564,abstraction:NextStepPathway,R-HSA-9772755,6.559969282460651
R-HSA-9818564,abstraction:NextStepPathway,R-HSA-9841922,6.559969282460651
R-HSA-9860927,abstraction:NextStepPathway,R-HSA-9856530,7.253116463020596
R-HSA-9860927,abstraction:NextStepPathway,R-HSA-2871809,0
R-HSA-9860927,abstraction:NextStepPathway,R-HSA-8985947,0
R-HSA-9860927,abstraction:NextStepPathway,R-HSA-9664323,0
R-HSA-9860927,abstraction:NextStepPathway,R-HSA-445355,0
R-HSA-9860927,abstraction:NextStepPathway,R-HSA-9856532,6.559969282460651
R-HSA-9860927,abstraction:NextStepPathway,R-HSA-5218921,0
R-HSA-9860927,abstraction:NextStepPathway,R-HSA-111997,0
R-HSA-9860927,abstraction:NextStepPathway,R-HSA-9909649,0
R-HSA-9860927,abstraction:NextStepPathway,R-HSA-5607763,0
R-HSA-9860927,abstraction:NextStepPathway,R-HSA-983695,0
R-HSA-9860927,abstraction:NextStepPathway,R-HSA-2514859,0
R-HSA-9010553,abstraction:NextStepPathway,R-HSA-9830674,3.227764772285447
R-HSA-9010553,abstraction:NextStepPathway,R-HSA-8985801,5.866822101900706
R-HSA-9010553,abstraction:NextStepPathway,R-HSA-9010642,5.866822101900706
R-HSA-9010553,abstraction:NextStepPathway,R-HSA-376176,4.308677483854155
R-HSA-9010553,abstraction:NextStepPathway,R-HSA-428542,5.866822101900706
R-HSA-167242,abstraction:NextStepPathway,R-HSA-167287,5.381314286119005
R-HSA-167242,abstraction:NextStepPathway,R-HSA-167290,5.381314286119005
R-HSA-9793380,abstraction:NextStepPathway,R-HSA-9824272,5.548368370782171
R-HSA-8963888,abstraction:NextStepPathway,R-HSA-8963901,5.238213442478331
R-HSA-9931510,abstraction:NextStepPathway,R-HSA-9707616,0
R-HSA-9931510,abstraction:NextStepPathway,R-HSA-9931509,5.749039066244322
R-HSA-9931510,abstraction:NextStepPathway,R-HSA-9931512,5.749039066244322
R-HSA-9931510,abstraction:NextStepPathway,R-HSA-9933387,5.749039066244322
R-HSA-9931510,abstraction:NextStepPathway,R-HSA-9931530,5.749039066244322
R-HSA-1810476,abstraction:NextStepPathway,R-HSA-933542,3.210065195186046
R-HSA-1810476,abstraction:NextStepPathway,R-HSA-445989,3.210065195186046
R-HSA-1810476,abstraction:NextStepPathway,R-HSA-3134963,5.643678550586496
R-HSA-422085,abstraction:NextStepPathway,R-HSA-375276,0
R-HSA-163615,abstraction:NextStepPathway,R-HSA-111931,6.559969282460651
R-HSA-163615,abstraction:NextStepPathway,R-HSA-9856530,0
R-HSA-163615,abstraction:NextStepPathway,R-HSA-164378,0
R-HSA-163615,abstraction:NextStepPathway,R-HSA-9634597,4.545066261918386
R-HSA-163615,abstraction:NextStepPathway,R-HSA-111957,6.559969282460651
R-HSA-163615,abstraction:NextStepPathway,R-HSA-9664323,0
R-HSA-163615,abstraction:NextStepPathway,R-HSA-163560,0
R-HSA-163615,abstraction:NextStepPathway,R-HSA-442720,0
R-HSA-163615,abstraction:NextStepPathway,R-HSA-432040,0
R-HSA-163615,abstraction:NextStepPathway,R-HSA-180024,5.307206313965283
R-HSA-163615,abstraction:NextStepPathway,R-HSA-163358,0
R-HSA-163615,abstraction:NextStepPathway,R-HSA-9634600,0
R-HSA-163615,abstraction:NextStepPathway,R-HSA-9660821,0
R-HSA-75157,abstraction:NextStepPathway,R-HSA-69416,0
R-HSA-75157,abstraction:NextStepPathway,R-HSA-5218900,0
R-HSA-75157,abstraction:NextStepPathway,R-HSA-3371378,0
R-HSA-9754706,abstraction:NextStepPathway,R-HSA-191273,0
R-HSA-6781823,abstraction:NextStepPathway,R-HSA-6782135,6.847651354912432
R-HSA-9669933,abstraction:NextStepPathway,R-HSA-9670439,5.381314286119005
R-HSA-444821,abstraction:NextStepPathway,R-HSA-418594,3.83538977940723
R-HSA-444821,abstraction:NextStepPathway,R-HSA-418555,3.83538977940723
R-HSA-444821,abstraction:NextStepPathway,R-HSA-9660821,0
R-HSA-1222387,abstraction:NextStepPathway,R-HSA-1222541,6.559969282460651
R-HSA-174184,abstraction:NextStepPathway,R-HSA-176409,6.000353494525228
R-HSA-9729902,abstraction:NextStepPathway,R-HSA-5657655,6.336825731146441
R-HSA-1799339,abstraction:NextStepPathway,R-HSA-264876,3.0787291931249587
R-HSA-9753512,abstraction:NextStepPathway,R-HSA-9649948,6.559969282460651
R-HSA-9694686,abstraction:NextStepPathway,R-HSA-9694676,6.000353494525228
R-HSA-9694686,abstraction:NextStepPathway,R-HSA-9694322,4.768209813232596
R-HSA-9694686,abstraction:NextStepPathway,R-HSA-9694786,7.253116463020596
R-HSA-2871837,abstraction:NextStepPathway,R-HSA-209560,0
R-HSA-2871837,abstraction:NextStepPathway,R-HSA-5607764,3.210065195186046
R-HSA-2871837,abstraction:NextStepPathway,R-HSA-9909649,2.5802876285586898
R-HSA-2871837,abstraction:NextStepPathway,R-HSA-9020702,2.5802876285586898
R-HSA-2871837,abstraction:NextStepPathway,R-HSA-202424,2.5802876285586898
R-HSA-8939902,abstraction:NextStepPathway,R-HSA-8941326,6.154504174352486
R-HSA-8939902,abstraction:NextStepPathway,R-HSA-8940973,6.154504174352486
R-HSA-8939902,abstraction:NextStepPathway,R-HSA-2032785,3.5274230357839436
R-HSA-8939902,abstraction:NextStepPathway,R-HSA-8941284,6.154504174352486
R-HSA-8939902,abstraction:NextStepPathway,R-HSA-8878166,3.5274230357839436
R-HSA-392517,abstraction:NextStepPathway,R-HSA-354192,0
R-HSA-1362300,abstraction:NextStepPathway,R-HSA-69205,5.238213442478331
R-HSA-1362300,abstraction:NextStepPathway,R-HSA-1362277,7.253116463020596
R-HSA-205043,abstraction:NextStepPathway,R-HSA-193648,6.847651354912432
R-HSA-205043,abstraction:NextStepPathway,R-HSA-9673324,0
R-HSA-2565942,abstraction:NextStepPathway,R-HSA-162658,3.468926829102335
R-HSA-2565942,abstraction:NextStepPathway,R-HSA-2299718,3.468926829102335
R-HSA-2565942,abstraction:NextStepPathway,R-HSA-9648025,3.468926829102335
R-HSA-2565942,abstraction:NextStepPathway,R-HSA-68881,3.468926829102335
R-HSA-2565942,abstraction:NextStepPathway,R-HSA-2500257,3.468926829102335
R-HSA-2565942,abstraction:NextStepPathway,R-HSA-156711,5.548368370782171
R-HSA-2565942,abstraction:NextStepPathway,R-HSA-2980767,3.468926829102335
R-HSA-111995,abstraction:NextStepPathway,R-HSA-2142816,0
R-HSA-111995,abstraction:NextStepPathway,R-HSA-2142753,0
R-HSA-111995,abstraction:NextStepPathway,R-HSA-140180,0
R-HSA-111995,abstraction:NextStepPathway,R-HSA-2162123,0
R-HSA-5687128,abstraction:NextStepPathway,R-HSA-2029482,0
R-HSA-5687128,abstraction:NextStepPathway,R-HSA-9909649,0
R-HSA-5687128,abstraction:NextStepPathway,R-HSA-5627123,1.9228160506195084
R-HSA-9634635,abstraction:NextStepPathway,R-HSA-114604,0
R-HSA-9020702,abstraction:NextStepPathway,R-HSA-5684264,5.643678550586496
R-HSA-9020702,abstraction:NextStepPathway,R-HSA-9758274,5.643678550586496
R-HSA-9020702,abstraction:NextStepPathway,R-HSA-933542,2.5802876285586898
R-HSA-9020702,abstraction:NextStepPathway,R-HSA-445989,5.643678550586496
R-HSA-9020702,abstraction:NextStepPathway,R-HSA-525793,0
R-HSA-9020702,abstraction:NextStepPathway,R-HSA-9909649,2.5802876285586898
R-HSA-9020702,abstraction:NextStepPathway,R-HSA-168638,2.5802876285586898
R-HSA-9020702,abstraction:NextStepPathway,R-HSA-9860276,2.5802876285586898
R-HSA-9020702,abstraction:NextStepPathway,R-HSA-1810476,2.5802876285586898
R-HSA-9730737,abstraction:NextStepPathway,R-HSA-110330,5.866822101900706
R-HSA-390651,abstraction:NextStepPathway,R-HSA-418594,3.83538977940723
R-HSA-390651,abstraction:NextStepPathway,R-HSA-418555,3.83538977940723
R-HSA-390651,abstraction:NextStepPathway,R-HSA-9660821,0
R-HSA-9700645,abstraction:NextStepPathway,R-HSA-9725371,5.548368370782171
R-HSA-2022854,abstraction:NextStepPathway,R-HSA-2022928,5.307206313965283
R-HSA-2022854,abstraction:NextStepPathway,R-HSA-2022857,7.253116463020596
R-HSA-9683686,abstraction:NextStepPathway,R-HSA-9679509,4.9505313700265505
R-HSA-1482788,abstraction:NextStepPathway,R-HSA-1483148,5.055891885684376
R-HSA-1482788,abstraction:NextStepPathway,R-HSA-1483191,5.055891885684376
R-HSA-1482788,abstraction:NextStepPathway,R-HSA-1483101,5.055891885684376
R-HSA-1482788,abstraction:NextStepPathway,R-HSA-1483166,5.055891885684376
R-HSA-1482788,abstraction:NextStepPathway,R-HSA-1483115,5.055891885684376
R-HSA-73772,abstraction:NextStepPathway,R-HSA-73863,6.336825731146441
R-HSA-73772,abstraction:NextStepPathway,R-HSA-427389,3.0117897104498494
R-HSA-73772,abstraction:NextStepPathway,R-HSA-427413,3.0117897104498494
R-HSA-6806942,abstraction:NextStepPathway,R-HSA-8874081,5.461356993792541
R-HSA-6806942,abstraction:NextStepPathway,R-HSA-8851907,5.461356993792541
R-HSA-6806942,abstraction:NextStepPathway,R-HSA-8875513,5.461356993792541
R-HSA-6806942,abstraction:NextStepPathway,R-HSA-6807004,5.461356993792541
R-HSA-6806942,abstraction:NextStepPathway,R-HSA-8875791,5.461356993792541
R-HSA-6806942,abstraction:NextStepPathway,R-HSA-8851805,5.461356993792541
R-HSA-1989781,abstraction:NextStepPathway,R-HSA-2022377,0
R-HSA-1989781,abstraction:NextStepPathway,R-HSA-400206,3.1422425988472846
R-HSA-1989781,abstraction:NextStepPathway,R-HSA-9861718,2.1411286746640528
R-HSA-5685942,abstraction:NextStepPathway,R-HSA-5693554,5.866822101900706
R-HSA-5685942,abstraction:NextStepPathway,R-HSA-5693568,5.866822101900706
R-HSA-9824585,abstraction:NextStepPathway,R-HSA-1445148,0
R-HSA-5635851,abstraction:NextStepPathway,R-HSA-5632684,5.643678550586496
R-HSA-9819196,abstraction:NextStepPathway,R-HSA-429947,0
R-HSA-9819196,abstraction:NextStepPathway,R-HSA-9820865,6.336825731146441
R-HSA-110329,abstraction:NextStepPathway,R-HSA-5649702,5.113050299524325
R-HSA-110329,abstraction:NextStepPathway,R-HSA-110357,5.113050299524325
R-HSA-982772,abstraction:NextStepPathway,R-HSA-2586552,0
R-HSA-982772,abstraction:NextStepPathway,R-HSA-9020558,3.741571024189575
R-HSA-982772,abstraction:NextStepPathway,R-HSA-512988,3.741571024189575
R-HSA-982772,abstraction:NextStepPathway,R-HSA-9703465,0
R-HSA-982772,abstraction:NextStepPathway,R-HSA-1170546,3.741571024189575
R-HSA-982772,abstraction:NextStepPathway,R-HSA-1266695,3.741571024189575
R-HSA-982772,abstraction:NextStepPathway,R-HSA-9702518,0
R-HSA-159227,abstraction:NextStepPathway,R-HSA-72662,0
R-HSA-174113,abstraction:NextStepPathway,R-HSA-176408,5.17367492134076
R-HSA-156581,abstraction:NextStepPathway,R-HSA-1614558,2.1411286746640528
R-HSA-156581,abstraction:NextStepPathway,R-HSA-549127,0
R-HSA-156581,abstraction:NextStepPathway,R-HSA-6798163,2.1411286746640528
R-HSA-156581,abstraction:NextStepPathway,R-HSA-1614635,2.1411286746640528
R-HSA-156581,abstraction:NextStepPathway,R-HSA-9759218,2.1411286746640528
R-HSA-156581,abstraction:NextStepPathway,R-HSA-351202,2.1411286746640528
R-HSA-156581,abstraction:NextStepPathway,R-HSA-1614603,2.1411286746640528
R-HSA-8852276,abstraction:NextStepPathway,R-HSA-69481,3.134079288208124
R-HSA-1483115,abstraction:NextStepPathway,R-HSA-1483191,5.055891885684376
R-HSA-1483115,abstraction:NextStepPathway,R-HSA-264642,0
R-HSA-1483115,abstraction:NextStepPathway,R-HSA-1483166,5.055891885684376
R-HSA-194313,abstraction:NextStepPathway,R-HSA-194138,2.928983806765617
R-HSA-194313,abstraction:NextStepPathway,R-HSA-195399,6.154504174352486
R-HSA-9694271,abstraction:NextStepPathway,R-HSA-9694686,6.000353494525228
R-HSA-111885,abstraction:NextStepPathway,R-HSA-202040,5.238213442478331
R-HSA-72203,abstraction:NextStepPathway,R-HSA-72163,3.957279597016267
R-HSA-72203,abstraction:NextStepPathway,R-HSA-72165,3.957279597016267
R-HSA-8949664,abstraction:NextStepPathway,R-HSA-8949215,3.683583766539226
R-HSA-9664422,abstraction:NextStepPathway,R-HSA-4420097,0
R-HSA-9664422,abstraction:NextStepPathway,R-HSA-9664323,5.381314286119005
R-HSA-9664422,abstraction:NextStepPathway,R-HSA-2029482,0
R-HSA-9664422,abstraction:NextStepPathway,R-HSA-114604,0
R-HSA-9664422,abstraction:NextStepPathway,R-HSA-5663213,0
R-HSA-9664422,abstraction:NextStepPathway,R-HSA-5627123,0
R-HSA-9660821,abstraction:NextStepPathway,R-HSA-111931,0
R-HSA-9660821,abstraction:NextStepPathway,R-HSA-418594,0
R-HSA-9660821,abstraction:NextStepPathway,R-HSA-9856530,0
R-HSA-9660821,abstraction:NextStepPathway,R-HSA-9634638,0
R-HSA-9660821,abstraction:NextStepPathway,R-HSA-164378,0
R-HSA-9660821,abstraction:NextStepPathway,R-HSA-9634597,0
R-HSA-9660821,abstraction:NextStepPathway,R-HSA-9664323,6.559969282460651
R-HSA-9660821,abstraction:NextStepPathway,R-HSA-163560,0
R-HSA-9660821,abstraction:NextStepPathway,R-HSA-418597,0
R-HSA-9660821,abstraction:NextStepPathway,R-HSA-442720,0
R-HSA-9660821,abstraction:NextStepPathway,R-HSA-111932,0
R-HSA-9660821,abstraction:NextStepPathway,R-HSA-163359,0
R-HSA-9660821,abstraction:NextStepPathway,R-HSA-432040,0
R-HSA-9660821,abstraction:NextStepPathway,R-HSA-180024,0
R-HSA-9660821,abstraction:NextStepPathway,R-HSA-418555,0
R-HSA-9660821,abstraction:NextStepPathway,R-HSA-163358,0
R-HSA-9660821,abstraction:NextStepPathway,R-HSA-9031628,0
R-HSA-9660821,abstraction:NextStepPathway,R-HSA-9634600,0
R-HSA-9660821,abstraction:NextStepPathway,R-HSA-163615,0
R-HSA-75108,abstraction:NextStepPathway,R-HSA-111457,5.001824664414101
R-HSA-75108,abstraction:NextStepPathway,R-HSA-111453,5.001824664414101
R-HSA-75108,abstraction:NextStepPathway,R-HSA-114294,5.001824664414101
R-HSA-75108,abstraction:NextStepPathway,R-HSA-5620971,4.232691576876234
R-HSA-75108,abstraction:NextStepPathway,R-HSA-111452,5.001824664414101
R-HSA-111459,abstraction:NextStepPathway,R-HSA-111469,5.866822101900706
R-HSA-111459,abstraction:NextStepPathway,R-HSA-5620971,4.232691576876234
R-HSA-111459,abstraction:NextStepPathway,R-HSA-111465,4.390915582091128
R-HSA-111459,abstraction:NextStepPathway,R-HSA-140342,4.390915582091128
R-HSA-111459,abstraction:NextStepPathway,R-HSA-264870,4.390915582091128
R-HSA-111459,abstraction:NextStepPathway,R-HSA-211736,4.390915582091128
R-HSA-111459,abstraction:NextStepPathway,R-HSA-351906,4.390915582091128
R-HSA-141444,abstraction:NextStepPathway,R-HSA-141430,6.559969282460651
R-HSA-141444,abstraction:NextStepPathway,R-HSA-141405,6.559969282460651
R-HSA-9759811,abstraction:NextStepPathway,R-HSA-9762292,6.559969282460651
R-HSA-74752,abstraction:NextStepPathway,R-HSA-74749,2.928983806765617
R-HSA-74752,abstraction:NextStepPathway,R-HSA-74713,2.928983806765617
R-HSA-74752,abstraction:NextStepPathway,R-HSA-77387,2.928983806765617
R-HSA-74752,abstraction:NextStepPathway,R-HSA-74751,2.928983806765617
R-HSA-174403,abstraction:NextStepPathway,R-HSA-156590,5.461356993792541
R-HSA-174403,abstraction:NextStepPathway,R-HSA-9753281,0
R-HSA-168164,abstraction:NextStepPathway,R-HSA-937072,4.139601153810221
R-HSA-168164,abstraction:NextStepPathway,R-HSA-9013973,4.139601153810221
R-HSA-168164,abstraction:NextStepPathway,R-HSA-9014325,4.139601153810221
R-HSA-168164,abstraction:NextStepPathway,R-HSA-168927,4.139601153810221
R-HSA-70635,abstraction:NextStepPathway,R-HSA-379716,0
R-HSA-70635,abstraction:NextStepPathway,R-HSA-8964539,4.185063527886979
R-HSA-70635,abstraction:NextStepPathway,R-HSA-71737,2.1411286746640528
R-HSA-139853,abstraction:NextStepPathway,R-HSA-114508,4.308677483854155
R-HSA-139853,abstraction:NextStepPathway,R-HSA-9856530,0
R-HSA-139853,abstraction:NextStepPathway,R-HSA-2871809,0
R-HSA-139853,abstraction:NextStepPathway,R-HSA-1169091,0
R-HSA-139853,abstraction:NextStepPathway,R-HSA-9664323,0
R-HSA-139853,abstraction:NextStepPathway,R-HSA-76005,4.308677483854155
R-HSA-139853,abstraction:NextStepPathway,R-HSA-445355,0
R-HSA-139853,abstraction:NextStepPathway,R-HSA-5218921,0
R-HSA-139853,abstraction:NextStepPathway,R-HSA-111997,0
R-HSA-139853,abstraction:NextStepPathway,R-HSA-5607763,0
R-HSA-139853,abstraction:NextStepPathway,R-HSA-2025928,0
R-HSA-139853,abstraction:NextStepPathway,R-HSA-5578775,0
R-HSA-139853,abstraction:NextStepPathway,R-HSA-983695,0
R-HSA-139853,abstraction:NextStepPathway,R-HSA-2514859,0
R-HSA-187577,abstraction:NextStepPathway,R-HSA-69202,5.866822101900706
R-HSA-187577,abstraction:NextStepPathway,R-HSA-8849470,0
R-HSA-187577,abstraction:NextStepPathway,R-HSA-69656,5.17367492134076
R-HSA-187577,abstraction:NextStepPathway,R-HSA-69231,5.238213442478331
R-HSA-9818749,abstraction:NextStepPathway,R-HSA-8951664,0
R-HSA-9818749,abstraction:NextStepPathway,R-HSA-9755511,5.238213442478331
R-HSA-9764725,abstraction:NextStepPathway,R-HSA-9764562,6.000353494525228
R-HSA-9764725,abstraction:NextStepPathway,R-HSA-9856649,0
R-HSA-2162123,abstraction:NextStepPathway,R-HSA-2142770,5.866822101900706
R-HSA-2162123,abstraction:NextStepPathway,R-HSA-9027604,3.1422425988472846
R-HSA-2162123,abstraction:NextStepPathway,R-HSA-9018679,3.1422425988472846
R-HSA-2162123,abstraction:NextStepPathway,R-HSA-140180,2.1411286746640528
R-HSA-2162123,abstraction:NextStepPathway,R-HSA-211979,2.1411286746640528
R-HSA-2162123,abstraction:NextStepPathway,R-HSA-9018677,3.1422425988472846
R-HSA-427389,abstraction:NextStepPathway,R-HSA-73863,3.0117897104498494
R-HSA-427389,abstraction:NextStepPathway,R-HSA-427413,5.055891885684376
R-HSA-1912408,abstraction:NextStepPathway,R-HSA-1912399,6.559969282460651
R-HSA-198933,abstraction:NextStepPathway,R-HSA-5676594,2.5802876285586898
R-HSA-8963684,abstraction:NextStepPathway,R-HSA-2142789,2.1411286746640528
R-HSA-1250342,abstraction:NextStepPathway,R-HSA-6811558,1.9228160506195084
R-HSA-1250342,abstraction:NextStepPathway,R-HSA-1257604,1.9228160506195084
R-HSA-1482922,abstraction:NextStepPathway,R-HSA-1483196,5.055891885684376
R-HSA-1482922,abstraction:NextStepPathway,R-HSA-1483248,4.480527740780815
R-HSA-5693548,abstraction:NextStepPathway,R-HSA-6804760,0
R-HSA-5693548,abstraction:NextStepPathway,R-HSA-69541,0
R-HSA-5693548,abstraction:NextStepPathway,R-HSA-5693565,7.253116463020596
R-HSA-5693548,abstraction:NextStepPathway,R-HSA-6804756,0
R-HSA-5693548,abstraction:NextStepPathway,R-HSA-6803204,0
R-HSA-5693548,abstraction:NextStepPathway,R-HSA-5693538,5.238213442478331
R-HSA-5693548,abstraction:NextStepPathway,R-HSA-349425,0
R-HSA-5693548,abstraction:NextStepPathway,R-HSA-5685939,5.238213442478331
R-HSA-5693548,abstraction:NextStepPathway,R-HSA-6803207,0
R-HSA-5693548,abstraction:NextStepPathway,R-HSA-2559586,0
R-HSA-5693548,abstraction:NextStepPathway,R-HSA-6804757,0
R-HSA-5693548,abstraction:NextStepPathway,R-HSA-5693606,5.238213442478331
R-HSA-72187,abstraction:NextStepPathway,R-HSA-9930044,3.957279597016267
R-HSA-72187,abstraction:NextStepPathway,R-HSA-73856,0
R-HSA-72187,abstraction:NextStepPathway,R-HSA-159236,5.643678550586496
R-HSA-70221,abstraction:NextStepPathway,R-HSA-3322077,7.253116463020596
R-HSA-70221,abstraction:NextStepPathway,R-HSA-70263,4.362744705124431
R-HSA-70221,abstraction:NextStepPathway,R-HSA-70370,4.362744705124431
R-HSA-70221,abstraction:NextStepPathway,R-HSA-173599,2.1411286746640528
R-HSA-1855229,abstraction:NextStepPathway,R-HSA-1855191,5.461356993792541
R-HSA-1855229,abstraction:NextStepPathway,R-HSA-1855192,5.461356993792541
R-HSA-2980767,abstraction:NextStepPathway,R-HSA-3301854,6.847651354912432
R-HSA-2980767,abstraction:NextStepPathway,R-HSA-9648025,4.810769427651391
R-HSA-139910,abstraction:NextStepPathway,R-HSA-111453,5.001824664414101
R-HSA-168928,abstraction:NextStepPathway,R-HSA-936440,3.210065195186046
R-HSA-168928,abstraction:NextStepPathway,R-HSA-933543,3.210065195186046
R-HSA-168928,abstraction:NextStepPathway,R-HSA-918233,3.210065195186046
R-HSA-168928,abstraction:NextStepPathway,R-HSA-9705671,0
R-HSA-168928,abstraction:NextStepPathway,R-HSA-9833109,0
R-HSA-1502540,abstraction:NextStepPathway,R-HSA-2173795,5.17367492134076
R-HSA-1502540,abstraction:NextStepPathway,R-HSA-9754189,0
R-HSA-1502540,abstraction:NextStepPathway,R-HSA-2173796,5.17367492134076
R-HSA-1502540,abstraction:NextStepPathway,R-HSA-9796292,0
R-HSA-1502540,abstraction:NextStepPathway,R-HSA-2173789,5.17367492134076
R-HSA-1502540,abstraction:NextStepPathway,R-HSA-1181150,0
R-HSA-1502540,abstraction:NextStepPathway,R-HSA-8941855,0
R-HSA-1502540,abstraction:NextStepPathway,R-HSA-9823730,0
R-HSA-1502540,abstraction:NextStepPathway,R-HSA-9617828,0
R-HSA-181429,abstraction:NextStepPathway,R-HSA-181430,5.749039066244322
R-HSA-181429,abstraction:NextStepPathway,R-HSA-390666,0
R-HSA-181429,abstraction:NextStepPathway,R-HSA-212676,5.749039066244322
R-HSA-114608,abstraction:NextStepPathway,R-HSA-140875,4.308677483854155
R-HSA-114608,abstraction:NextStepPathway,R-HSA-140837,4.308677483854155
R-HSA-6804757,abstraction:NextStepPathway,R-HSA-2559585,0
R-HSA-6804757,abstraction:NextStepPathway,R-HSA-2559580,0
R-HSA-6804757,abstraction:NextStepPathway,R-HSA-6804760,5.866822101900706
R-HSA-6804757,abstraction:NextStepPathway,R-HSA-1257604,0
R-HSA-6804757,abstraction:NextStepPathway,R-HSA-69541,0
R-HSA-6804757,abstraction:NextStepPathway,R-HSA-8941858,3.5274230357839436
R-HSA-6804757,abstraction:NextStepPathway,R-HSA-6804756,5.866822101900706
R-HSA-6804757,abstraction:NextStepPathway,R-HSA-69481,0
R-HSA-6804757,abstraction:NextStepPathway,R-HSA-5689880,0
R-HSA-6804757,abstraction:NextStepPathway,R-HSA-198323,0
R-HSA-6804757,abstraction:NextStepPathway,R-HSA-8852276,0
R-HSA-2468052,abstraction:NextStepPathway,R-HSA-2500257,3.468926829102335
R-HSA-8847453,abstraction:NextStepPathway,R-HSA-6811555,0
R-HSA-112382,abstraction:NextStepPathway,R-HSA-75955,3.3923867519800006
R-HSA-427413,abstraction:NextStepPathway,R-HSA-73863,3.0117897104498494
R-HSA-427413,abstraction:NextStepPathway,R-HSA-427389,5.055891885684376
R-HSA-446210,abstraction:NextStepPathway,R-HSA-2142845,0
R-HSA-446210,abstraction:NextStepPathway,R-HSA-446193,4.810769427651391
R-HSA-446210,abstraction:NextStepPathway,R-HSA-70171,0
R-HSA-6807062,abstraction:NextStepPathway,R-HSA-196791,5.055891885684376
R-HSA-6807062,abstraction:NextStepPathway,R-HSA-191273,5.055891885684376
R-HSA-6807062,abstraction:NextStepPathway,R-HSA-211897,2.1411286746640528
R-HSA-4641257,abstraction:NextStepPathway,R-HSA-201681,4.901741205857118
R-HSA-4641257,abstraction:NextStepPathway,R-HSA-5689880,0
R-HSA-5423646,abstraction:NextStepPathway,R-HSA-156590,4.480527740780815
R-HSA-3371378,abstraction:NextStepPathway,R-HSA-5357905,0
R-HSA-6791226,abstraction:NextStepPathway,R-HSA-9930044,3.957279597016267
R-HSA-1362409,abstraction:NextStepPathway,R-HSA-9854311,2.1411286746640528
R-HSA-444209,abstraction:NextStepPathway,R-HSA-418594,3.83538977940723
R-HSA-444209,abstraction:NextStepPathway,R-HSA-416476,3.83538977940723
R-HSA-2408550,abstraction:NextStepPathway,R-HSA-2408499,6.154504174352486
R-HSA-2408550,abstraction:NextStepPathway,R-HSA-2408508,6.154504174352486
R-HSA-2408550,abstraction:NextStepPathway,R-HSA-2408557,6.154504174352486
R-HSA-9617828,abstraction:NextStepPathway,R-HSA-69563,0
R-HSA-9617828,abstraction:NextStepPathway,R-HSA-69202,0
R-HSA-9617828,abstraction:NextStepPathway,R-HSA-6804116,3.5274230357839436
R-HSA-9617828,abstraction:NextStepPathway,R-HSA-69895,0
R-HSA-9617828,abstraction:NextStepPathway,R-HSA-69656,0
R-HSA-9617828,abstraction:NextStepPathway,R-HSA-2559586,0
R-HSA-1963642,abstraction:NextStepPathway,R-HSA-6811558,1.9228160506195084
R-HSA-1963642,abstraction:NextStepPathway,R-HSA-1257604,1.9228160506195084
R-HSA-168288,abstraction:NextStepPathway,R-HSA-168336,7.253116463020596
R-HSA-168927,abstraction:NextStepPathway,R-HSA-1810476,3.210065195186046
R-HSA-9694614,abstraction:NextStepPathway,R-HSA-9694676,6.000353494525228
R-HSA-9694614,abstraction:NextStepPathway,R-HSA-9694786,6.000353494525228
R-HSA-9694614,abstraction:NextStepPathway,R-HSA-9694686,6.000353494525228
R-HSA-211981,abstraction:NextStepPathway,R-HSA-156590,4.480527740780815
R-HSA-5696394,abstraction:NextStepPathway,R-HSA-5696395,6.559969282460651
R-HSA-8849471,abstraction:NextStepPathway,R-HSA-5625970,1.9228160506195084
R-HSA-8849471,abstraction:NextStepPathway,R-HSA-4420097,1.9228160506195084
R-HSA-8849471,abstraction:NextStepPathway,R-HSA-5625900,1.9228160506195084
R-HSA-8849471,abstraction:NextStepPathway,R-HSA-389359,0
R-HSA-8849471,abstraction:NextStepPathway,R-HSA-399955,0
R-HSA-8849471,abstraction:NextStepPathway,R-HSA-5663220,1.9228160506195084
R-HSA-8849471,abstraction:NextStepPathway,R-HSA-2029482,0
R-HSA-8849471,abstraction:NextStepPathway,R-HSA-5626467,1.9228160506195084
R-HSA-8849471,abstraction:NextStepPathway,R-HSA-5663213,1.9228160506195084
R-HSA-8849471,abstraction:NextStepPathway,R-HSA-5625740,1.9228160506195084
R-HSA-8849471,abstraction:NextStepPathway,R-HSA-5627123,1.9228160506195084
R-HSA-8849471,abstraction:NextStepPathway,R-HSA-5687128,1.9228160506195084
R-HSA-8849471,abstraction:NextStepPathway,R-HSA-9664422,0
R-HSA-453279,abstraction:NextStepPathway,R-HSA-69239,3.468926829102335
R-HSA-453279,abstraction:NextStepPathway,R-HSA-69620,3.134079288208124
R-HSA-453279,abstraction:NextStepPathway,R-HSA-69278,3.134079288208124
R-HSA-159418,abstraction:NextStepPathway,R-HSA-193368,6.336825731146441
R-HSA-159418,abstraction:NextStepPathway,R-HSA-879518,0
R-HSA-159418,abstraction:NextStepPathway,R-HSA-192105,6.336825731146441
R-HSA-159418,abstraction:NextStepPathway,R-HSA-211976,2.1411286746640528
R-HSA-159418,abstraction:NextStepPathway,R-HSA-193807,6.336825731146441
R-HSA-159418,abstraction:NextStepPathway,R-HSA-1989781,3.1422425988472846
R-HSA-190371,abstraction:NextStepPathway,R-HSA-5654227,5.643678550586496
R-HSA-190371,abstraction:NextStepPathway,R-HSA-5654706,5.643678550586496
R-HSA-190371,abstraction:NextStepPathway,R-HSA-5654704,5.643678550586496
R-HSA-749476,abstraction:NextStepPathway,R-HSA-6784531,0
R-HSA-749476,abstraction:NextStepPathway,R-HSA-6782315,0
R-HSA-749476,abstraction:NextStepPathway,R-HSA-73780,6.000353494525228
R-HSA-749476,abstraction:NextStepPathway,R-HSA-73980,6.000353494525228
R-HSA-202424,abstraction:NextStepPathway,R-HSA-6811558,0
R-HSA-202424,abstraction:NextStepPathway,R-HSA-209560,0
R-HSA-202424,abstraction:NextStepPathway,R-HSA-389357,4.232691576876234
R-HSA-202424,abstraction:NextStepPathway,R-HSA-1257604,0
R-HSA-202424,abstraction:NextStepPathway,R-HSA-392451,0
R-HSA-202424,abstraction:NextStepPathway,R-HSA-1855204,0
R-HSA-202424,abstraction:NextStepPathway,R-HSA-114604,0
R-HSA-202424,abstraction:NextStepPathway,R-HSA-5607764,2.5802876285586898
R-HSA-202424,abstraction:NextStepPathway,R-HSA-9909649,4.232691576876234
R-HSA-202424,abstraction:NextStepPathway,R-HSA-1660499,0
R-HSA-202424,abstraction:NextStepPathway,R-HSA-2730905,2.5802876285586898
R-HSA-202424,abstraction:NextStepPathway,R-HSA-5218920,0
R-HSA-202424,abstraction:NextStepPathway,R-HSA-1660516,0
R-HSA-202424,abstraction:NextStepPathway,R-HSA-2871837,2.5802876285586898
R-HSA-202424,abstraction:NextStepPathway,R-HSA-9020702,2.5802876285586898
R-HSA-499943,abstraction:NextStepPathway,R-HSA-5628897,0
R-HSA-499943,abstraction:NextStepPathway,R-HSA-3299685,0
R-HSA-499943,abstraction:NextStepPathway,R-HSA-83936,0
R-HSA-499943,abstraction:NextStepPathway,R-HSA-9818027,0
R-HSA-167162,abstraction:NextStepPathway,R-HSA-167160,5.381314286119005
R-HSA-2485179,abstraction:NextStepPathway,R-HSA-2514859,7.253116463020596
R-HSA-9018896,abstraction:NextStepPathway,R-HSA-373076,0
