source,interaction,target,weight
R-HSA-8877627,abstraction:IsAChildOf,R-HSA-6806667,
R-HSA-6806664,abstraction:IsAChildOf,R-HSA-6806667,
R-HSA-975634,abstraction:IsAChildOf,R-HSA-6806667,
R-HSA-1296041,abstraction:IsAChildOf,R-HSA-1296059,
R-HSA-190241,abstraction:IsAChildOf,R-HSA-5654738,
R-HSA-5654696,abstraction:IsAChildOf,R-HSA-5654738,
R-HSA-6803529,abstraction:IsAChildOf,R-HSA-5654738,
R-HSA-5654727,abstraction:IsAChildOf,R-HSA-5654738,
R-HSA-9705683,abstraction:IsAChildOf,R-HSA-9694516,
R-HSA-9772573,abstraction:IsAChildOf,R-HSA-9694516,
R-HSA-9772572,abstraction:IsAChildOf,R-HSA-9694516,
R-HSA-9672393,abstraction:IsAChildOf,R-HSA-9662001,
R-HSA-9672391,abstraction:IsAChildOf,R-HSA-9662001,
R-HSA-9672396,abstraction:IsAChildOf,R-HSA-9662001,
R-HSA-9672387,abstraction:IsAChildOf,R-HSA-9662001,
R-HSA-9672395,abstraction:IsAChildOf,R-HSA-9662001,
R-HSA-9672397,abstraction:IsAChildOf,R-HSA-9662001,
R-HSA-9674519,abstraction:IsAChildOf,R-HSA-9662001,
R-HSA-8964208,abstraction:IsAChildOf,R-HSA-8963691,
R-HSA-8963684,abstraction:IsAChildOf,R-HSA-8963691,
R-HSA-162599,abstraction:IsAChildOf,R-HSA-162587,
R-HSA-162594,abstraction:IsAChildOf,R-HSA-162587,
R-HSA-1839122,abstraction:IsAChildOf,R-HSA-1839124,
R-HSA-1839117,abstraction:IsAChildOf,R-HSA-1839124,
R-HSA-1839120,abstraction:IsAChildOf,R-HSA-1839124,
R-HSA-8853336,abstraction:IsAChildOf,R-HSA-1839124,
R-HSA-9840309,abstraction:IsAChildOf,R-HSA-1660662,
R-HSA-9840310,abstraction:IsAChildOf,R-HSA-1660662,
R-HSA-9700649,abstraction:IsAChildOf,R-HSA-9700206,
R-HSA-9725370,abstraction:IsAChildOf,R-HSA-9700206,
R-HSA-9700645,abstraction:IsAChildOf,R-HSA-9700206,
R-HSA-5654219,abstraction:IsAChildOf,R-HSA-5654687,
R-HSA-5654688,abstraction:IsAChildOf,R-HSA-5654687,
R-HSA-5654693,abstraction:IsAChildOf,R-HSA-5654687,
R-HSA-5654689,abstraction:IsAChildOf,R-HSA-5654687,
R-HSA-9662361,abstraction:IsAChildOf,R-HSA-9659379,
R-HSA-9662360,abstraction:IsAChildOf,R-HSA-9659379,
R-HSA-162909,abstraction:IsAChildOf,R-HSA-162906,
R-HSA-162587,abstraction:IsAChildOf,R-HSA-162906,
R-HSA-111997,abstraction:IsAChildOf,R-HSA-1489509,
R-HSA-379398,abstraction:IsAChildOf,R-HSA-379401,
R-HSA-379397,abstraction:IsAChildOf,R-HSA-379401,
R-HSA-5218859,abstraction:IsAChildOf,R-HSA-5357801,
R-HSA-109581,abstraction:IsAChildOf,R-HSA-5357801,
R-HSA-9673163,abstraction:IsAChildOf,R-HSA-166187,
R-HSA-167826,abstraction:IsAChildOf,R-HSA-166187,
R-HSA-113501,abstraction:IsAChildOf,R-HSA-113510,
R-HSA-113507,abstraction:IsAChildOf,R-HSA-113510,
R-HSA-111931,abstraction:IsAChildOf,R-HSA-111933,
R-HSA-111957,abstraction:IsAChildOf,R-HSA-111933,
R-HSA-111932,abstraction:IsAChildOf,R-HSA-111933,
R-HSA-420092,abstraction:IsAChildOf,R-HSA-373080,
R-HSA-419812,abstraction:IsAChildOf,R-HSA-373080,
R-HSA-8941326,abstraction:IsAChildOf,R-HSA-8878166,
R-HSA-8941332,abstraction:IsAChildOf,R-HSA-8878166,
R-HSA-8941333,abstraction:IsAChildOf,R-HSA-8878166,
R-HSA-8939902,abstraction:IsAChildOf,R-HSA-8878166,
R-HSA-5467333,abstraction:IsAChildOf,R-HSA-4839744,
R-HSA-5467337,abstraction:IsAChildOf,R-HSA-4839744,
R-HSA-3928664,abstraction:IsAChildOf,R-HSA-2682334,
R-HSA-3928662,abstraction:IsAChildOf,R-HSA-2682334,
R-HSA-3928663,abstraction:IsAChildOf,R-HSA-2682334,
R-HSA-3928665,abstraction:IsAChildOf,R-HSA-2682334,
R-HSA-1614558,abstraction:IsAChildOf,R-HSA-1614635,
R-HSA-1237112,abstraction:IsAChildOf,R-HSA-1614635,
R-HSA-1614603,abstraction:IsAChildOf,R-HSA-1614635,
R-HSA-2426168,abstraction:IsAChildOf,R-HSA-1655829,
R-HSA-141430,abstraction:IsAChildOf,R-HSA-141405,
R-HSA-9683673,abstraction:IsAChildOf,R-HSA-9683701,
R-HSA-9683610,abstraction:IsAChildOf,R-HSA-9683701,
R-HSA-9683683,abstraction:IsAChildOf,R-HSA-9683701,
R-HSA-9683612,abstraction:IsAChildOf,R-HSA-9683701,
R-HSA-9683686,abstraction:IsAChildOf,R-HSA-9683701,
R-HSA-5637812,abstraction:IsAChildOf,R-HSA-1643713,
R-HSA-5638302,abstraction:IsAChildOf,R-HSA-1643713,
R-HSA-5637815,abstraction:IsAChildOf,R-HSA-1643713,
R-HSA-9693928,abstraction:IsAChildOf,R-HSA-9645723,
R-HSA-9734009,abstraction:IsAChildOf,R-HSA-9645723,
R-HSA-9710421,abstraction:IsAChildOf,R-HSA-9645723,
R-HSA-9027307,abstraction:IsAChildOf,R-HSA-9018682,
R-HSA-2871796,abstraction:IsAChildOf,R-HSA-2454202,
R-HSA-2871809,abstraction:IsAChildOf,R-HSA-2454202,
R-HSA-2730905,abstraction:IsAChildOf,R-HSA-2454202,
R-HSA-2871837,abstraction:IsAChildOf,R-HSA-2454202,
R-HSA-8856825,abstraction:IsAChildOf,R-HSA-8856828,
R-HSA-9706377,abstraction:IsAChildOf,R-HSA-9682385,
R-HSA-9702509,abstraction:IsAChildOf,R-HSA-9682385,
R-HSA-9703465,abstraction:IsAChildOf,R-HSA-9682385,
R-HSA-9703648,abstraction:IsAChildOf,R-HSA-9682385,
R-HSA-9702506,abstraction:IsAChildOf,R-HSA-9682385,
R-HSA-380108,abstraction:IsAChildOf,R-HSA-375276,
R-HSA-388479,abstraction:IsAChildOf,R-HSA-375276,
R-HSA-389397,abstraction:IsAChildOf,R-HSA-375276,
R-HSA-380095,abstraction:IsAChildOf,R-HSA-375276,
R-HSA-444473,abstraction:IsAChildOf,R-HSA-375276,
R-HSA-444821,abstraction:IsAChildOf,R-HSA-375276,
R-HSA-418889,abstraction:IsAChildOf,R-HSA-5357769,
R-HSA-140534,abstraction:IsAChildOf,R-HSA-5357769,
R-HSA-68911,abstraction:IsAChildOf,R-HSA-453274,
R-HSA-69275,abstraction:IsAChildOf,R-HSA-453274,
R-HSA-9664407,abstraction:IsAChildOf,R-HSA-9658195,
R-HSA-9664420,abstraction:IsAChildOf,R-HSA-9658195,
R-HSA-9664433,abstraction:IsAChildOf,R-HSA-9658195,
R-HSA-9664424,abstraction:IsAChildOf,R-HSA-9658195,
R-HSA-450294,abstraction:IsAChildOf,R-HSA-975871,
R-HSA-937039,abstraction:IsAChildOf,R-HSA-975871,
R-HSA-445989,abstraction:IsAChildOf,R-HSA-975871,
R-HSA-937042,abstraction:IsAChildOf,R-HSA-975871,
R-HSA-381183,abstraction:IsAChildOf,R-HSA-381033,
R-HSA-9764790,abstraction:IsAChildOf,R-HSA-9764560,
R-HSA-9764725,abstraction:IsAChildOf,R-HSA-9764560,
R-HSA-9820965,abstraction:IsAChildOf,R-HSA-9820952,
R-HSA-9833110,abstraction:IsAChildOf,R-HSA-9820952,
R-HSA-9820960,abstraction:IsAChildOf,R-HSA-9820952,
R-HSA-9820962,abstraction:IsAChildOf,R-HSA-9820952,
R-HSA-4086400,abstraction:IsAChildOf,R-HSA-3858494,
R-HSA-4086398,abstraction:IsAChildOf,R-HSA-3858494,
R-HSA-3214815,abstraction:IsAChildOf,R-HSA-3247509,
R-HSA-3214858,abstraction:IsAChildOf,R-HSA-3247509,
R-HSA-3214842,abstraction:IsAChildOf,R-HSA-3247509,
R-HSA-3214847,abstraction:IsAChildOf,R-HSA-3247509,
R-HSA-3214841,abstraction:IsAChildOf,R-HSA-3247509,
R-HSA-4551638,abstraction:IsAChildOf,R-HSA-3108232,
R-HSA-3232118,abstraction:IsAChildOf,R-HSA-3108232,
R-HSA-3108214,abstraction:IsAChildOf,R-HSA-3108232,
R-HSA-4085377,abstraction:IsAChildOf,R-HSA-3108232,
R-HSA-3232142,abstraction:IsAChildOf,R-HSA-3108232,
R-HSA-4090294,abstraction:IsAChildOf,R-HSA-3108232,
R-HSA-9793242,abstraction:IsAChildOf,R-HSA-3108232,
R-HSA-4655427,abstraction:IsAChildOf,R-HSA-3108232,
R-HSA-3899300,abstraction:IsAChildOf,R-HSA-3108232,
R-HSA-4615885,abstraction:IsAChildOf,R-HSA-3108232,
R-HSA-4570464,abstraction:IsAChildOf,R-HSA-3108232,
R-HSA-4755510,abstraction:IsAChildOf,R-HSA-3108232,
R-HSA-5654741,abstraction:IsAChildOf,R-HSA-190236,
R-HSA-5654736,abstraction:IsAChildOf,R-HSA-190236,
R-HSA-5654738,abstraction:IsAChildOf,R-HSA-190236,
R-HSA-5654743,abstraction:IsAChildOf,R-HSA-190236,
R-HSA-2173795,abstraction:IsAChildOf,R-HSA-2173793,
R-HSA-2173796,abstraction:IsAChildOf,R-HSA-2173793,
R-HSA-912446,abstraction:IsAChildOf,R-HSA-1500620,
R-HSA-1221632,abstraction:IsAChildOf,R-HSA-1500620,
R-HSA-141444,abstraction:IsAChildOf,R-HSA-141424,
R-HSA-5673001,abstraction:IsAChildOf,R-HSA-5684996,
R-HSA-112409,abstraction:IsAChildOf,R-HSA-5684996,
R-HSA-5637810,abstraction:IsAChildOf,R-HSA-5637812,
R-HSA-170670,abstraction:IsAChildOf,R-HSA-991365,
R-HSA-997272,abstraction:IsAChildOf,R-HSA-991365,
R-HSA-380994,abstraction:IsAChildOf,R-HSA-381042,
R-HSA-9844594,abstraction:IsAChildOf,R-HSA-9843743,
R-HSA-425410,abstraction:IsAChildOf,R-HSA-425407,
R-HSA-549127,abstraction:IsAChildOf,R-HSA-425407,
R-HSA-189200,abstraction:IsAChildOf,R-HSA-425407,
R-HSA-429593,abstraction:IsAChildOf,R-HSA-425407,
R-HSA-9958863,abstraction:IsAChildOf,R-HSA-425407,
R-HSA-9959399,abstraction:IsAChildOf,R-HSA-425407,
R-HSA-425397,abstraction:IsAChildOf,R-HSA-425407,
R-HSA-9955298,abstraction:IsAChildOf,R-HSA-425407,
R-HSA-9958790,abstraction:IsAChildOf,R-HSA-425407,
R-HSA-442660,abstraction:IsAChildOf,R-HSA-425407,
R-HSA-5674499,abstraction:IsAChildOf,R-HSA-5675221,
R-HSA-1614517,abstraction:IsAChildOf,R-HSA-1614558,
R-HSA-2855086,abstraction:IsAChildOf,R-HSA-166662,
R-HSA-9748787,abstraction:IsAChildOf,R-HSA-9748784,
R-HSA-9755088,abstraction:IsAChildOf,R-HSA-9748784,
R-HSA-9753281,abstraction:IsAChildOf,R-HSA-9748784,
R-HSA-2161522,abstraction:IsAChildOf,R-HSA-9748784,
R-HSA-9757110,abstraction:IsAChildOf,R-HSA-9748784,
R-HSA-9749641,abstraction:IsAChildOf,R-HSA-9748784,
R-HSA-9793528,abstraction:IsAChildOf,R-HSA-9748784,
R-HSA-9754706,abstraction:IsAChildOf,R-HSA-9748784,
R-HSA-1251985,abstraction:IsAChildOf,R-HSA-1236394,
R-HSA-1253288,abstraction:IsAChildOf,R-HSA-1236394,
R-HSA-1250347,abstraction:IsAChildOf,R-HSA-1236394,
R-HSA-1250342,abstraction:IsAChildOf,R-HSA-1236394,
R-HSA-193648,abstraction:IsAChildOf,R-HSA-204998,
R-HSA-205025,abstraction:IsAChildOf,R-HSA-204998,
R-HSA-205043,abstraction:IsAChildOf,R-HSA-204998,
R-HSA-5654726,abstraction:IsAChildOf,R-HSA-5654736,
R-HSA-190242,abstraction:IsAChildOf,R-HSA-5654736,
R-HSA-5658623,abstraction:IsAChildOf,R-HSA-5654736,
R-HSA-5654687,abstraction:IsAChildOf,R-HSA-5654736,
R-HSA-975155,abstraction:IsAChildOf,R-HSA-168181,
R-HSA-9860276,abstraction:IsAChildOf,R-HSA-168181,
R-HSA-171319,abstraction:IsAChildOf,R-HSA-180786,
R-HSA-174417,abstraction:IsAChildOf,R-HSA-180786,
R-HSA-977444,abstraction:IsAChildOf,R-HSA-977443,
R-HSA-75094,abstraction:IsAChildOf,R-HSA-72200,
R-HSA-70263,abstraction:IsAChildOf,R-HSA-70326,
R-HSA-70171,abstraction:IsAChildOf,R-HSA-70326,
R-HSA-195399,abstraction:IsAChildOf,R-HSA-194313,
R-HSA-9929356,abstraction:IsAChildOf,R-HSA-9909615,
R-HSA-9931269,abstraction:IsAChildOf,R-HSA-9909615,
R-HSA-9929491,abstraction:IsAChildOf,R-HSA-9909615,
R-HSA-9931295,abstraction:IsAChildOf,R-HSA-9909615,
R-HSA-3134973,abstraction:IsAChildOf,R-HSA-1834949,
R-HSA-3134975,abstraction:IsAChildOf,R-HSA-1834949,
R-HSA-1834941,abstraction:IsAChildOf,R-HSA-1834949,
R-HSA-3134963,abstraction:IsAChildOf,R-HSA-1834949,
R-HSA-1606322,abstraction:IsAChildOf,R-HSA-1834949,
R-HSA-8981373,abstraction:IsAChildOf,R-HSA-8963676,
R-HSA-8963678,abstraction:IsAChildOf,R-HSA-8963676,
R-HSA-75876,abstraction:IsAChildOf,R-HSA-75105,
R-HSA-392154,abstraction:IsAChildOf,R-HSA-418346,
R-HSA-418360,abstraction:IsAChildOf,R-HSA-418346,
R-HSA-432142,abstraction:IsAChildOf,R-HSA-418346,
R-HSA-392851,abstraction:IsAChildOf,R-HSA-418346,
R-HSA-6803211,abstraction:IsAChildOf,R-HSA-5633008,
R-HSA-6803204,abstraction:IsAChildOf,R-HSA-5633008,
R-HSA-6803207,abstraction:IsAChildOf,R-HSA-5633008,
R-HSA-6803205,abstraction:IsAChildOf,R-HSA-5633008,
R-HSA-193368,abstraction:IsAChildOf,R-HSA-192105,
R-HSA-193775,abstraction:IsAChildOf,R-HSA-192105,
R-HSA-193807,abstraction:IsAChildOf,R-HSA-192105,
R-HSA-69481,abstraction:IsAChildOf,R-HSA-69620,
R-HSA-69615,abstraction:IsAChildOf,R-HSA-69620,
R-HSA-69618,abstraction:IsAChildOf,R-HSA-69620,
R-HSA-390247,abstraction:IsAChildOf,R-HSA-390918,
R-HSA-389887,abstraction:IsAChildOf,R-HSA-390918,
R-HSA-389599,abstraction:IsAChildOf,R-HSA-390918,
R-HSA-5099900,abstraction:IsAChildOf,R-HSA-4086400,
R-HSA-4608870,abstraction:IsAChildOf,R-HSA-4086400,
R-HSA-5140745,abstraction:IsAChildOf,R-HSA-4086400,
R-HSA-5675482,abstraction:IsAChildOf,R-HSA-5213460,
R-HSA-5632987,abstraction:IsAChildOf,R-HSA-5423599,
R-HSA-5632928,abstraction:IsAChildOf,R-HSA-5423599,
R-HSA-5632927,abstraction:IsAChildOf,R-HSA-5423599,
R-HSA-5632968,abstraction:IsAChildOf,R-HSA-5423599,
R-HSA-5545483,abstraction:IsAChildOf,R-HSA-5423599,
R-HSA-68882,abstraction:IsAChildOf,R-HSA-2555396,
R-HSA-68881,abstraction:IsAChildOf,R-HSA-2555396,
R-HSA-179419,abstraction:IsAChildOf,R-HSA-176409,
R-HSA-174048,abstraction:IsAChildOf,R-HSA-176409,
R-HSA-174154,abstraction:IsAChildOf,R-HSA-176409,
R-HSA-5657562,abstraction:IsAChildOf,R-HSA-5663084,
R-HSA-5662853,abstraction:IsAChildOf,R-HSA-5663084,
R-HSA-3229121,abstraction:IsAChildOf,R-HSA-5663084,
R-HSA-5659898,abstraction:IsAChildOf,R-HSA-5663084,
R-HSA-6791465,abstraction:IsAChildOf,R-HSA-5663084,
R-HSA-5657560,abstraction:IsAChildOf,R-HSA-5663084,
R-HSA-2206281,abstraction:IsAChildOf,R-HSA-5663084,
R-HSA-2033519,abstraction:IsAChildOf,R-HSA-1839126,
R-HSA-8851708,abstraction:IsAChildOf,R-HSA-1839126,
R-HSA-2023837,abstraction:IsAChildOf,R-HSA-1839126,
R-HSA-8853333,abstraction:IsAChildOf,R-HSA-1839126,
R-HSA-192105,abstraction:IsAChildOf,R-HSA-194068,
R-HSA-159418,abstraction:IsAChildOf,R-HSA-194068,
R-HSA-9012546,abstraction:IsAChildOf,R-HSA-446652,
R-HSA-9008059,abstraction:IsAChildOf,R-HSA-446652,
R-HSA-9014843,abstraction:IsAChildOf,R-HSA-446652,
R-HSA-9014826,abstraction:IsAChildOf,R-HSA-446652,
R-HSA-448706,abstraction:IsAChildOf,R-HSA-446652,
R-HSA-9007892,abstraction:IsAChildOf,R-HSA-446652,
R-HSA-9020702,abstraction:IsAChildOf,R-HSA-446652,
R-HSA-1592230,abstraction:IsAChildOf,R-HSA-1852241,
R-HSA-5617833,abstraction:IsAChildOf,R-HSA-1852241,
R-HSA-9649913,abstraction:IsAChildOf,R-HSA-6802949,
R-HSA-9649948,abstraction:IsAChildOf,R-HSA-6802949,
R-HSA-8874081,abstraction:IsAChildOf,R-HSA-8875878,
R-HSA-8875513,abstraction:IsAChildOf,R-HSA-8875878,
R-HSA-8875555,abstraction:IsAChildOf,R-HSA-8875878,
R-HSA-975956,abstraction:IsAChildOf,R-HSA-927802,
R-HSA-975957,abstraction:IsAChildOf,R-HSA-927802,
R-HSA-9823587,abstraction:IsAChildOf,R-HSA-9671793,
R-HSA-9651496,abstraction:IsAChildOf,R-HSA-9671793,
R-HSA-9026357,abstraction:IsAChildOf,R-HSA-9006115,
R-HSA-9026527,abstraction:IsAChildOf,R-HSA-9006115,
R-HSA-9032500,abstraction:IsAChildOf,R-HSA-9006115,
R-HSA-9028731,abstraction:IsAChildOf,R-HSA-9006115,
R-HSA-9026519,abstraction:IsAChildOf,R-HSA-9006115,
R-HSA-9028335,abstraction:IsAChildOf,R-HSA-9006115,
R-HSA-9024909,abstraction:IsAChildOf,R-HSA-9006115,
R-HSA-9025046,abstraction:IsAChildOf,R-HSA-9006115,
R-HSA-9032845,abstraction:IsAChildOf,R-HSA-9006115,
R-HSA-190372,abstraction:IsAChildOf,R-HSA-190239,
R-HSA-190371,abstraction:IsAChildOf,R-HSA-190239,
R-HSA-9735869,abstraction:IsAChildOf,R-HSA-9692914,
R-HSA-9692916,abstraction:IsAChildOf,R-HSA-9692914,
R-HSA-9692912,abstraction:IsAChildOf,R-HSA-9692914,
R-HSA-9692913,abstraction:IsAChildOf,R-HSA-9692914,
R-HSA-9735871,abstraction:IsAChildOf,R-HSA-9692914,
R-HSA-8940973,abstraction:IsAChildOf,R-HSA-8941326,
R-HSA-8941284,abstraction:IsAChildOf,R-HSA-8941326,
R-HSA-69580,abstraction:IsAChildOf,R-HSA-69615,
R-HSA-69613,abstraction:IsAChildOf,R-HSA-69615,
R-HSA-426486,abstraction:IsAChildOf,R-HSA-211000,
R-HSA-5601884,abstraction:IsAChildOf,R-HSA-211000,
R-HSA-5578749,abstraction:IsAChildOf,R-HSA-211000,
R-HSA-203927,abstraction:IsAChildOf,R-HSA-211000,
R-HSA-426496,abstraction:IsAChildOf,R-HSA-211000,
R-HSA-9708296,abstraction:IsAChildOf,R-HSA-211000,
R-HSA-419037,abstraction:IsAChildOf,R-HSA-375165,
R-HSA-9638737,abstraction:IsAChildOf,R-HSA-9640148,
R-HSA-9638482,abstraction:IsAChildOf,R-HSA-9640148,
R-HSA-9956593,abstraction:IsAChildOf,R-HSA-9640148,
R-HSA-9760173,abstraction:IsAChildOf,R-HSA-9640148,
R-HSA-9931953,abstraction:IsAChildOf,R-HSA-9640148,
R-HSA-9758920,abstraction:IsAChildOf,R-HSA-9758941,
R-HSA-9754189,abstraction:IsAChildOf,R-HSA-9758941,
R-HSA-9834899,abstraction:IsAChildOf,R-HSA-9758941,
R-HSA-9823739,abstraction:IsAChildOf,R-HSA-9758941,
R-HSA-9796292,abstraction:IsAChildOf,R-HSA-9758941,
R-HSA-9758919,abstraction:IsAChildOf,R-HSA-9758941,
R-HSA-9832991,abstraction:IsAChildOf,R-HSA-9758941,
R-HSA-9761174,abstraction:IsAChildOf,R-HSA-9758941,
R-HSA-9793380,abstraction:IsAChildOf,R-HSA-9758941,
R-HSA-9823730,abstraction:IsAChildOf,R-HSA-9758941,
R-HSA-114516,abstraction:IsAChildOf,R-HSA-76005,
R-HSA-114608,abstraction:IsAChildOf,R-HSA-76005,
R-HSA-9023661,abstraction:IsAChildOf,R-HSA-9018679,
R-HSA-9018896,abstraction:IsAChildOf,R-HSA-9018679,
R-HSA-1234174,abstraction:IsAChildOf,R-HSA-2262752,
R-HSA-9707616,abstraction:IsAChildOf,R-HSA-2262752,
R-HSA-9841251,abstraction:IsAChildOf,R-HSA-2262752,
R-HSA-9711097,abstraction:IsAChildOf,R-HSA-2262752,
R-HSA-9648895,abstraction:IsAChildOf,R-HSA-2262752,
R-HSA-3371497,abstraction:IsAChildOf,R-HSA-2262752,
R-HSA-381119,abstraction:IsAChildOf,R-HSA-2262752,
R-HSA-9840373,abstraction:IsAChildOf,R-HSA-2262752,
R-HSA-9711123,abstraction:IsAChildOf,R-HSA-2262752,
R-HSA-2559583,abstraction:IsAChildOf,R-HSA-2262752,
R-HSA-3371556,abstraction:IsAChildOf,R-HSA-2262752,
R-HSA-9768777,abstraction:IsAChildOf,R-HSA-9768759,
R-HSA-9768778,abstraction:IsAChildOf,R-HSA-9768759,
R-HSA-8949275,abstraction:IsAChildOf,R-HSA-8878159,
R-HSA-8951936,abstraction:IsAChildOf,R-HSA-8878159,
R-HSA-8952158,abstraction:IsAChildOf,R-HSA-8878159,
R-HSA-8951430,abstraction:IsAChildOf,R-HSA-8878159,
R-HSA-8941858,abstraction:IsAChildOf,R-HSA-8878159,
R-HSA-8941855,abstraction:IsAChildOf,R-HSA-8878159,
R-HSA-8951671,abstraction:IsAChildOf,R-HSA-8878159,
R-HSA-8941856,abstraction:IsAChildOf,R-HSA-8878159,
R-HSA-8951911,abstraction:IsAChildOf,R-HSA-8878159,
R-HSA-2980736,abstraction:IsAChildOf,R-HSA-392499,
R-HSA-597592,abstraction:IsAChildOf,R-HSA-392499,
R-HSA-9837999,abstraction:IsAChildOf,R-HSA-392499,
R-HSA-5676934,abstraction:IsAChildOf,R-HSA-392499,
R-HSA-977225,abstraction:IsAChildOf,R-HSA-392499,
R-HSA-5683826,abstraction:IsAChildOf,R-HSA-392499,
R-HSA-391251,abstraction:IsAChildOf,R-HSA-392499,
R-HSA-72766,abstraction:IsAChildOf,R-HSA-392499,
R-HSA-381426,abstraction:IsAChildOf,R-HSA-392499,
R-HSA-69206,abstraction:IsAChildOf,R-HSA-453279,
R-HSA-69236,abstraction:IsAChildOf,R-HSA-453279,
R-HSA-1538133,abstraction:IsAChildOf,R-HSA-453279,
R-HSA-9670095,abstraction:IsAChildOf,R-HSA-157579,
R-HSA-171306,abstraction:IsAChildOf,R-HSA-157579,
R-HSA-180786,abstraction:IsAChildOf,R-HSA-157579,
R-HSA-1442490,abstraction:IsAChildOf,R-HSA-1474228,
R-HSA-1592389,abstraction:IsAChildOf,R-HSA-1474228,
R-HSA-170984,abstraction:IsAChildOf,R-HSA-169893,
R-HSA-170968,abstraction:IsAChildOf,R-HSA-169893,
R-HSA-110314,abstraction:IsAChildOf,R-HSA-73893,
R-HSA-110313,abstraction:IsAChildOf,R-HSA-73893,
R-HSA-5340573,abstraction:IsAChildOf,R-HSA-4791275,
R-HSA-5339717,abstraction:IsAChildOf,R-HSA-4791275,
R-HSA-5339700,abstraction:IsAChildOf,R-HSA-4791275,
R-HSA-4839743,abstraction:IsAChildOf,R-HSA-4791275,
R-HSA-4839744,abstraction:IsAChildOf,R-HSA-4791275,
R-HSA-5339716,abstraction:IsAChildOf,R-HSA-4791275,
R-HSA-5545619,abstraction:IsAChildOf,R-HSA-4791275,
R-HSA-4839748,abstraction:IsAChildOf,R-HSA-4791275,
R-HSA-5340588,abstraction:IsAChildOf,R-HSA-4791275,
R-HSA-4839735,abstraction:IsAChildOf,R-HSA-4791275,
R-HSA-68689,abstraction:IsAChildOf,R-HSA-68867,
R-HSA-68616,abstraction:IsAChildOf,R-HSA-68867,
R-HSA-977068,abstraction:IsAChildOf,R-HSA-913709,
R-HSA-5358346,abstraction:IsAChildOf,R-HSA-5358351,
R-HSA-5632684,abstraction:IsAChildOf,R-HSA-5358351,
R-HSA-5610787,abstraction:IsAChildOf,R-HSA-5358351,
R-HSA-5621575,abstraction:IsAChildOf,R-HSA-5621481,
R-HSA-5621480,abstraction:IsAChildOf,R-HSA-5621481,
R-HSA-5607764,abstraction:IsAChildOf,R-HSA-5621481,
R-HSA-9763198,abstraction:IsAChildOf,R-HSA-9701190,
R-HSA-9709603,abstraction:IsAChildOf,R-HSA-9701190,
R-HSA-9709275,abstraction:IsAChildOf,R-HSA-9701190,
R-HSA-9709570,abstraction:IsAChildOf,R-HSA-9701190,
R-HSA-3359478,abstraction:IsAChildOf,R-HSA-9759785,
R-HSA-5693579,abstraction:IsAChildOf,R-HSA-5685942,
R-HSA-5693537,abstraction:IsAChildOf,R-HSA-5685942,
R-HSA-9678108,abstraction:IsAChildOf,R-HSA-9679506,
R-HSA-9694516,abstraction:IsAChildOf,R-HSA-9679506,
R-HSA-9679191,abstraction:IsAChildOf,R-HSA-9679506,
R-HSA-936440,abstraction:IsAChildOf,R-HSA-168928,
R-HSA-933542,abstraction:IsAChildOf,R-HSA-168928,
R-HSA-933543,abstraction:IsAChildOf,R-HSA-168928,
R-HSA-918233,abstraction:IsAChildOf,R-HSA-168928,
R-HSA-933541,abstraction:IsAChildOf,R-HSA-168928,
R-HSA-69239,abstraction:IsAChildOf,R-HSA-69242,
R-HSA-69656,abstraction:IsAChildOf,R-HSA-69242,
R-HSA-75815,abstraction:IsAChildOf,R-HSA-69242,
R-HSA-2468052,abstraction:IsAChildOf,R-HSA-69242,
R-HSA-1482839,abstraction:IsAChildOf,R-HSA-1483206,
R-HSA-1483196,abstraction:IsAChildOf,R-HSA-1483206,
R-HSA-1483076,abstraction:IsAChildOf,R-HSA-1483206,
R-HSA-1482798,abstraction:IsAChildOf,R-HSA-1483206,
R-HSA-1483226,abstraction:IsAChildOf,R-HSA-1483206,
R-HSA-1483148,abstraction:IsAChildOf,R-HSA-1483206,
R-HSA-1483213,abstraction:IsAChildOf,R-HSA-1483206,
R-HSA-1483191,abstraction:IsAChildOf,R-HSA-1483206,
R-HSA-1482925,abstraction:IsAChildOf,R-HSA-1483206,
R-HSA-1482883,abstraction:IsAChildOf,R-HSA-1483206,
R-HSA-1482801,abstraction:IsAChildOf,R-HSA-1483206,
R-HSA-1483152,abstraction:IsAChildOf,R-HSA-1483206,
R-HSA-1483101,abstraction:IsAChildOf,R-HSA-1483206,
R-HSA-1483166,abstraction:IsAChildOf,R-HSA-1483206,
R-HSA-1483171,abstraction:IsAChildOf,R-HSA-1483206,
R-HSA-1482788,abstraction:IsAChildOf,R-HSA-1483206,
R-HSA-1483115,abstraction:IsAChildOf,R-HSA-1483206,
R-HSA-1482922,abstraction:IsAChildOf,R-HSA-1483206,
R-HSA-9635486,abstraction:IsAChildOf,R-HSA-9824439,
R-HSA-9640148,abstraction:IsAChildOf,R-HSA-9824439,
R-HSA-5339562,abstraction:IsAChildOf,R-HSA-9824439,
R-HSA-8876384,abstraction:IsAChildOf,R-HSA-9824439,
R-HSA-9759785,abstraction:IsAChildOf,R-HSA-9759774,
R-HSA-176407,abstraction:IsAChildOf,R-HSA-174143,
R-HSA-176814,abstraction:IsAChildOf,R-HSA-174143,
R-HSA-176408,abstraction:IsAChildOf,R-HSA-174143,
R-HSA-174178,abstraction:IsAChildOf,R-HSA-174143,
R-HSA-174084,abstraction:IsAChildOf,R-HSA-174143,
R-HSA-167172,abstraction:IsAChildOf,R-HSA-162599,
R-HSA-175474,abstraction:IsAChildOf,R-HSA-162599,
R-HSA-165054,abstraction:IsAChildOf,R-HSA-162599,
R-HSA-162588,abstraction:IsAChildOf,R-HSA-162599,
R-HSA-209560,abstraction:IsAChildOf,R-HSA-193639,
R-HSA-209543,abstraction:IsAChildOf,R-HSA-193639,
R-HSA-9702998,abstraction:IsAChildOf,R-HSA-9702506,
R-HSA-9702569,abstraction:IsAChildOf,R-HSA-9702506,
R-HSA-9702620,abstraction:IsAChildOf,R-HSA-9702506,
R-HSA-9702577,abstraction:IsAChildOf,R-HSA-9702506,
R-HSA-9702636,abstraction:IsAChildOf,R-HSA-9702506,
R-HSA-9702614,abstraction:IsAChildOf,R-HSA-9702506,
R-HSA-9702624,abstraction:IsAChildOf,R-HSA-9702506,
R-HSA-9702590,abstraction:IsAChildOf,R-HSA-9702506,
R-HSA-9702596,abstraction:IsAChildOf,R-HSA-9702506,
R-HSA-9702600,abstraction:IsAChildOf,R-HSA-9702506,
R-HSA-9702605,abstraction:IsAChildOf,R-HSA-9702506,
R-HSA-9702581,abstraction:IsAChildOf,R-HSA-9702506,
R-HSA-9702632,abstraction:IsAChildOf,R-HSA-9702506,
R-HSA-9703009,abstraction:IsAChildOf,R-HSA-9702506,
R-HSA-9856530,abstraction:IsAChildOf,R-HSA-9860931,
R-HSA-9860927,abstraction:IsAChildOf,R-HSA-9860931,
R-HSA-5610785,abstraction:IsAChildOf,R-HSA-5610787,
R-HSA-5610783,abstraction:IsAChildOf,R-HSA-5610787,
R-HSA-5610780,abstraction:IsAChildOf,R-HSA-5610787,
R-HSA-194002,abstraction:IsAChildOf,R-HSA-196071,
R-HSA-193144,abstraction:IsAChildOf,R-HSA-196071,
R-HSA-196108,abstraction:IsAChildOf,R-HSA-196071,
R-HSA-193048,abstraction:IsAChildOf,R-HSA-196071,
R-HSA-193993,abstraction:IsAChildOf,R-HSA-196071,
R-HSA-5693565,abstraction:IsAChildOf,R-HSA-5693606,
R-HSA-5693548,abstraction:IsAChildOf,R-HSA-5693606,
R-HSA-9636667,abstraction:IsAChildOf,R-HSA-9637690,
R-HSA-9635644,abstraction:IsAChildOf,R-HSA-9637690,
R-HSA-9636569,abstraction:IsAChildOf,R-HSA-9637690,
R-HSA-9637687,abstraction:IsAChildOf,R-HSA-9637690,
R-HSA-9635465,abstraction:IsAChildOf,R-HSA-9637690,
R-HSA-449147,abstraction:IsAChildOf,R-HSA-1280215,
R-HSA-9680350,abstraction:IsAChildOf,R-HSA-1280215,
R-HSA-5668541,abstraction:IsAChildOf,R-HSA-1280215,
R-HSA-913531,abstraction:IsAChildOf,R-HSA-1280215,
R-HSA-1170546,abstraction:IsAChildOf,R-HSA-1280215,
R-HSA-9674555,abstraction:IsAChildOf,R-HSA-1280215,
R-HSA-9607240,abstraction:IsAChildOf,R-HSA-1280215,
R-HSA-982772,abstraction:IsAChildOf,R-HSA-1280215,
R-HSA-437239,abstraction:IsAChildOf,R-HSA-373760,
R-HSA-445144,abstraction:IsAChildOf,R-HSA-373760,
R-HSA-447041,abstraction:IsAChildOf,R-HSA-373760,
R-HSA-447038,abstraction:IsAChildOf,R-HSA-373760,
R-HSA-445095,abstraction:IsAChildOf,R-HSA-373760,
R-HSA-447043,abstraction:IsAChildOf,R-HSA-373760,
R-HSA-1655829,abstraction:IsAChildOf,R-HSA-8957322,
R-HSA-196791,abstraction:IsAChildOf,R-HSA-8957322,
R-HSA-191273,abstraction:IsAChildOf,R-HSA-8957322,
R-HSA-196071,abstraction:IsAChildOf,R-HSA-8957322,
R-HSA-194068,abstraction:IsAChildOf,R-HSA-8957322,
R-HSA-174490,abstraction:IsAChildOf,R-HSA-174495,
R-HSA-5684045,abstraction:IsAChildOf,R-HSA-5619084,
R-HSA-5683371,abstraction:IsAChildOf,R-HSA-5619084,
R-HSA-5679001,abstraction:IsAChildOf,R-HSA-5619084,
R-HSA-5683329,abstraction:IsAChildOf,R-HSA-5619084,
R-HSA-5690338,abstraction:IsAChildOf,R-HSA-5619084,
R-HSA-5678420,abstraction:IsAChildOf,R-HSA-5619084,
R-HSA-5682113,abstraction:IsAChildOf,R-HSA-5619084,
R-HSA-5678895,abstraction:IsAChildOf,R-HSA-5619084,
R-HSA-5679096,abstraction:IsAChildOf,R-HSA-5619084,
R-HSA-5683678,abstraction:IsAChildOf,R-HSA-5619084,
R-HSA-5683177,abstraction:IsAChildOf,R-HSA-5619084,
R-HSA-5678520,abstraction:IsAChildOf,R-HSA-5619084,
R-HSA-5682294,abstraction:IsAChildOf,R-HSA-5619084,
R-HSA-5679090,abstraction:IsAChildOf,R-HSA-5619084,
R-HSA-5678771,abstraction:IsAChildOf,R-HSA-5619084,
R-HSA-9857377,abstraction:IsAChildOf,R-HSA-9856651,
R-HSA-9825892,abstraction:IsAChildOf,R-HSA-9856651,
R-HSA-9824594,abstraction:IsAChildOf,R-HSA-9856651,
R-HSA-9854907,abstraction:IsAChildOf,R-HSA-9856651,
R-HSA-9926550,abstraction:IsAChildOf,R-HSA-9856651,
R-HSA-9854909,abstraction:IsAChildOf,R-HSA-9856651,
R-HSA-9825895,abstraction:IsAChildOf,R-HSA-9856651,
R-HSA-9824585,abstraction:IsAChildOf,R-HSA-9856651,
R-HSA-2173791,abstraction:IsAChildOf,R-HSA-170834,
R-HSA-2173789,abstraction:IsAChildOf,R-HSA-170834,
R-HSA-2173793,abstraction:IsAChildOf,R-HSA-170834,
R-HSA-9911233,abstraction:IsAChildOf,R-HSA-1912408,
R-HSA-8866427,abstraction:IsAChildOf,R-HSA-8964043,
R-HSA-8964038,abstraction:IsAChildOf,R-HSA-8964043,
R-HSA-8964011,abstraction:IsAChildOf,R-HSA-8964043,
R-HSA-8964046,abstraction:IsAChildOf,R-HSA-8964043,
R-HSA-8964026,abstraction:IsAChildOf,R-HSA-8964043,
R-HSA-5638303,abstraction:IsAChildOf,R-HSA-5638302,
R-HSA-5576892,abstraction:IsAChildOf,R-HSA-5576891,
R-HSA-5576890,abstraction:IsAChildOf,R-HSA-5576891,
R-HSA-5576893,abstraction:IsAChildOf,R-HSA-5576891,
R-HSA-5576886,abstraction:IsAChildOf,R-HSA-5576891,
R-HSA-5578775,abstraction:IsAChildOf,R-HSA-5576891,
R-HSA-5576894,abstraction:IsAChildOf,R-HSA-5576891,
R-HSA-5578768,abstraction:IsAChildOf,R-HSA-5576891,
R-HSA-9942503,abstraction:IsAChildOf,R-HSA-9945266,
R-HSA-975155,abstraction:IsAChildOf,R-HSA-168138,
R-HSA-9860276,abstraction:IsAChildOf,R-HSA-168138,
R-HSA-5619087,abstraction:IsAChildOf,R-HSA-5619102,
R-HSA-5619092,abstraction:IsAChildOf,R-HSA-5619102,
R-HSA-5619043,abstraction:IsAChildOf,R-HSA-5619102,
R-HSA-5619061,abstraction:IsAChildOf,R-HSA-5619102,
R-HSA-5619060,abstraction:IsAChildOf,R-HSA-5619102,
R-HSA-5619089,abstraction:IsAChildOf,R-HSA-5619102,
R-HSA-5619088,abstraction:IsAChildOf,R-HSA-5619102,
R-HSA-5619062,abstraction:IsAChildOf,R-HSA-5619102,
R-HSA-5659735,abstraction:IsAChildOf,R-HSA-5619102,
R-HSA-9036092,abstraction:IsAChildOf,R-HSA-5619102,
R-HSA-5619083,abstraction:IsAChildOf,R-HSA-5619102,
R-HSA-5619053,abstraction:IsAChildOf,R-HSA-5619102,
R-HSA-5619050,abstraction:IsAChildOf,R-HSA-5619102,
R-HSA-5619058,abstraction:IsAChildOf,R-HSA-5619102,
R-HSA-5619039,abstraction:IsAChildOf,R-HSA-5619102,
R-HSA-5619081,abstraction:IsAChildOf,R-HSA-5619102,
R-HSA-5619072,abstraction:IsAChildOf,R-HSA-5619102,
R-HSA-5619085,abstraction:IsAChildOf,R-HSA-5619102,
R-HSA-5660883,abstraction:IsAChildOf,R-HSA-5619102,
R-HSA-5619114,abstraction:IsAChildOf,R-HSA-5619102,
R-HSA-5619037,abstraction:IsAChildOf,R-HSA-5619102,
R-HSA-5619077,abstraction:IsAChildOf,R-HSA-5619102,
R-HSA-5619042,abstraction:IsAChildOf,R-HSA-5619102,
R-HSA-5619110,abstraction:IsAChildOf,R-HSA-5619102,
R-HSA-5619035,abstraction:IsAChildOf,R-HSA-5619102,
R-HSA-5619044,abstraction:IsAChildOf,R-HSA-5619102,
R-HSA-5619068,abstraction:IsAChildOf,R-HSA-5619102,
R-HSA-5660686,abstraction:IsAChildOf,R-HSA-5619102,
R-HSA-5619111,abstraction:IsAChildOf,R-HSA-5619102,
R-HSA-5619070,abstraction:IsAChildOf,R-HSA-5619102,
R-HSA-5619108,abstraction:IsAChildOf,R-HSA-5619102,
R-HSA-5619098,abstraction:IsAChildOf,R-HSA-5619102,
R-HSA-5619073,abstraction:IsAChildOf,R-HSA-5619102,
R-HSA-5619045,abstraction:IsAChildOf,R-HSA-5619102,
R-HSA-5619094,abstraction:IsAChildOf,R-HSA-5619102,
R-HSA-5619046,abstraction:IsAChildOf,R-HSA-5619102,
R-HSA-5619076,abstraction:IsAChildOf,R-HSA-5619102,
R-HSA-5663020,abstraction:IsAChildOf,R-HSA-5619102,
R-HSA-5619041,abstraction:IsAChildOf,R-HSA-5619102,
R-HSA-5619049,abstraction:IsAChildOf,R-HSA-5619102,
R-HSA-5619048,abstraction:IsAChildOf,R-HSA-5619102,
R-HSA-5660724,abstraction:IsAChildOf,R-HSA-5619102,
R-HSA-5619101,abstraction:IsAChildOf,R-HSA-5619102,
R-HSA-5619036,abstraction:IsAChildOf,R-HSA-5619102,
R-HSA-5619071,abstraction:IsAChildOf,R-HSA-5619102,
R-HSA-5660862,abstraction:IsAChildOf,R-HSA-5619102,
R-HSA-5655799,abstraction:IsAChildOf,R-HSA-5619102,
R-HSA-5619096,abstraction:IsAChildOf,R-HSA-5619102,
R-HSA-3560792,abstraction:IsAChildOf,R-HSA-5619102,
R-HSA-5619040,abstraction:IsAChildOf,R-HSA-5619102,
R-HSA-5658471,abstraction:IsAChildOf,R-HSA-5619102,
R-HSA-5619063,abstraction:IsAChildOf,R-HSA-5619102,
R-HSA-5656364,abstraction:IsAChildOf,R-HSA-5619102,
R-HSA-5619047,abstraction:IsAChildOf,R-HSA-5619102,
R-HSA-5619056,abstraction:IsAChildOf,R-HSA-5619102,
R-HSA-5619097,abstraction:IsAChildOf,R-HSA-5619102,
R-HSA-5619104,abstraction:IsAChildOf,R-HSA-5619102,
R-HSA-5619054,abstraction:IsAChildOf,R-HSA-5619102,
R-HSA-5619052,abstraction:IsAChildOf,R-HSA-5619102,
R-HSA-5619067,abstraction:IsAChildOf,R-HSA-5619102,
R-HSA-5619109,abstraction:IsAChildOf,R-HSA-5619102,
R-HSA-5619078,abstraction:IsAChildOf,R-HSA-5619102,
R-HSA-5619066,abstraction:IsAChildOf,R-HSA-5619102,
R-HSA-5619095,abstraction:IsAChildOf,R-HSA-5619102,
R-HSA-5619055,abstraction:IsAChildOf,R-HSA-5619102,
R-HSA-5658208,abstraction:IsAChildOf,R-HSA-5619102,
R-HSA-5619099,abstraction:IsAChildOf,R-HSA-5619102,
R-HSA-5619107,abstraction:IsAChildOf,R-HSA-5619102,
R-HSA-5619113,abstraction:IsAChildOf,R-HSA-5619102,
R-HSA-917977,abstraction:IsAChildOf,R-HSA-917937,
R-HSA-5654716,abstraction:IsAChildOf,R-HSA-5654743,
R-HSA-190322,abstraction:IsAChildOf,R-HSA-5654743,
R-HSA-5654733,abstraction:IsAChildOf,R-HSA-5654743,
R-HSA-166058,abstraction:IsAChildOf,R-HSA-168179,
R-HSA-9645722,abstraction:IsAChildOf,R-HSA-9734009,
R-HSA-9723907,abstraction:IsAChildOf,R-HSA-9734009,
R-HSA-8863678,abstraction:IsAChildOf,R-HSA-9734009,
R-HSA-8866910,abstraction:IsAChildOf,R-HSA-8864260,
R-HSA-8866911,abstraction:IsAChildOf,R-HSA-8864260,
R-HSA-8869496,abstraction:IsAChildOf,R-HSA-8864260,
R-HSA-8866907,abstraction:IsAChildOf,R-HSA-8864260,
R-HSA-8866906,abstraction:IsAChildOf,R-HSA-8864260,
R-HSA-8866904,abstraction:IsAChildOf,R-HSA-8864260,
R-HSA-8866654,abstraction:IsAChildOf,R-HSA-8852135,
R-HSA-8866652,abstraction:IsAChildOf,R-HSA-8852135,
R-HSA-6811558,abstraction:IsAChildOf,R-HSA-199418,
R-HSA-8852405,abstraction:IsAChildOf,R-HSA-9006934,
R-HSA-194138,abstraction:IsAChildOf,R-HSA-9006934,
R-HSA-6806834,abstraction:IsAChildOf,R-HSA-9006934,
R-HSA-1227986,abstraction:IsAChildOf,R-HSA-9006934,
R-HSA-1236394,abstraction:IsAChildOf,R-HSA-9006934,
R-HSA-190236,abstraction:IsAChildOf,R-HSA-9006934,
R-HSA-166520,abstraction:IsAChildOf,R-HSA-9006934,
R-HSA-1433557,abstraction:IsAChildOf,R-HSA-9006934,
R-HSA-177929,abstraction:IsAChildOf,R-HSA-9006934,
R-HSA-186797,abstraction:IsAChildOf,R-HSA-9006934,
R-HSA-201556,abstraction:IsAChildOf,R-HSA-9006934,
R-HSA-2404192,abstraction:IsAChildOf,R-HSA-9006934,
R-HSA-9842663,abstraction:IsAChildOf,R-HSA-9006934,
R-HSA-74752,abstraction:IsAChildOf,R-HSA-9006934,
R-HSA-174403,abstraction:IsAChildOf,R-HSA-156590,
R-HSA-111458,abstraction:IsAChildOf,R-HSA-111461,
R-HSA-111459,abstraction:IsAChildOf,R-HSA-111461,
R-HSA-2534343,abstraction:IsAChildOf,R-HSA-1187000,
R-HSA-1300645,abstraction:IsAChildOf,R-HSA-1187000,
R-HSA-1300642,abstraction:IsAChildOf,R-HSA-1187000,
R-HSA-9608287,abstraction:IsAChildOf,R-HSA-9605310,
R-HSA-9608290,abstraction:IsAChildOf,R-HSA-9605310,
R-HSA-9660826,abstraction:IsAChildOf,R-HSA-9664424,
R-HSA-9013419,abstraction:IsAChildOf,R-HSA-9715370,
R-HSA-9013425,abstraction:IsAChildOf,R-HSA-9715370,
R-HSA-1168372,abstraction:IsAChildOf,R-HSA-983705,
R-HSA-5690714,abstraction:IsAChildOf,R-HSA-983705,
R-HSA-983695,abstraction:IsAChildOf,R-HSA-983705,
R-HSA-3656535,abstraction:IsAChildOf,R-HSA-3656534,
R-HSA-3656532,abstraction:IsAChildOf,R-HSA-3656534,
R-HSA-111465,abstraction:IsAChildOf,R-HSA-75153,
R-HSA-140342,abstraction:IsAChildOf,R-HSA-75153,
R-HSA-211736,abstraction:IsAChildOf,R-HSA-75153,
R-HSA-428930,abstraction:IsAChildOf,R-HSA-392518,
R-HSA-392170,abstraction:IsAChildOf,R-HSA-392518,
R-HSA-418592,abstraction:IsAChildOf,R-HSA-392518,
R-HSA-2660826,abstraction:IsAChildOf,R-HSA-2660825,
R-HSA-5654719,abstraction:IsAChildOf,R-HSA-5654716,
R-HSA-5654712,abstraction:IsAChildOf,R-HSA-5654716,
R-HSA-5654228,abstraction:IsAChildOf,R-HSA-5654716,
R-HSA-5654720,abstraction:IsAChildOf,R-HSA-5654716,
R-HSA-9734091,abstraction:IsAChildOf,R-HSA-6807004,
R-HSA-2395516,abstraction:IsAChildOf,R-HSA-1362409,
R-HSA-3248023,abstraction:IsAChildOf,R-HSA-3134975,
R-HSA-159854,abstraction:IsAChildOf,R-HSA-163841,
R-HSA-204626,abstraction:IsAChildOf,R-HSA-163841,
R-HSA-5358493,abstraction:IsAChildOf,R-HSA-163841,
R-HSA-1663150,abstraction:IsAChildOf,R-HSA-163841,
R-HSA-9629569,abstraction:IsAChildOf,R-HSA-163841,
R-HSA-2243919,abstraction:IsAChildOf,R-HSA-2022090,
R-HSA-2214320,abstraction:IsAChildOf,R-HSA-2022090,
R-HSA-9022707,abstraction:IsAChildOf,R-HSA-8986944,
R-HSA-9022927,abstraction:IsAChildOf,R-HSA-8986944,
R-HSA-9022692,abstraction:IsAChildOf,R-HSA-8986944,
R-HSA-9022699,abstraction:IsAChildOf,R-HSA-8986944,
R-HSA-9022702,abstraction:IsAChildOf,R-HSA-8986944,
R-HSA-804914,abstraction:IsAChildOf,R-HSA-425397,
R-HSA-83936,abstraction:IsAChildOf,R-HSA-425397,
R-HSA-727802,abstraction:IsAChildOf,R-HSA-425397,
R-HSA-6811434,abstraction:IsAChildOf,R-HSA-8856688,
R-HSA-6811436,abstraction:IsAChildOf,R-HSA-8856688,
R-HSA-2219530,abstraction:IsAChildOf,R-HSA-2219528,
R-HSA-5674400,abstraction:IsAChildOf,R-HSA-2219528,
R-HSA-5674404,abstraction:IsAChildOf,R-HSA-2219528,
R-HSA-190375,abstraction:IsAChildOf,R-HSA-190241,
R-HSA-190377,abstraction:IsAChildOf,R-HSA-190241,
R-HSA-166058,abstraction:IsAChildOf,R-HSA-168188,
R-HSA-9726842,abstraction:IsAChildOf,R-HSA-9660537,
R-HSA-9726840,abstraction:IsAChildOf,R-HSA-9660537,
R-HSA-983189,abstraction:IsAChildOf,R-HSA-983231,
R-HSA-5358508,abstraction:IsAChildOf,R-HSA-73894,
R-HSA-73884,abstraction:IsAChildOf,R-HSA-73894,
R-HSA-73942,abstraction:IsAChildOf,R-HSA-73894,
R-HSA-5696398,abstraction:IsAChildOf,R-HSA-73894,
R-HSA-6783310,abstraction:IsAChildOf,R-HSA-73894,
R-HSA-5693532,abstraction:IsAChildOf,R-HSA-73894,
R-HSA-73893,abstraction:IsAChildOf,R-HSA-73894,
R-HSA-112040,abstraction:IsAChildOf,R-HSA-111885,
R-HSA-202040,abstraction:IsAChildOf,R-HSA-111885,
R-HSA-180024,abstraction:IsAChildOf,R-HSA-111885,
R-HSA-75892,abstraction:IsAChildOf,R-HSA-109582,
R-HSA-75205,abstraction:IsAChildOf,R-HSA-109582,
R-HSA-202733,abstraction:IsAChildOf,R-HSA-109582,
R-HSA-983231,abstraction:IsAChildOf,R-HSA-109582,
R-HSA-140877,abstraction:IsAChildOf,R-HSA-109582,
R-HSA-76002,abstraction:IsAChildOf,R-HSA-109582,
R-HSA-418346,abstraction:IsAChildOf,R-HSA-109582,
R-HSA-5655253,abstraction:IsAChildOf,R-HSA-1226099,
R-HSA-5655302,abstraction:IsAChildOf,R-HSA-1226099,
R-HSA-5655291,abstraction:IsAChildOf,R-HSA-1226099,
R-HSA-5655332,abstraction:IsAChildOf,R-HSA-1226099,
R-HSA-69166,abstraction:IsAChildOf,R-HSA-69183,
R-HSA-1606341,abstraction:IsAChildOf,R-HSA-1606322,
R-HSA-1810476,abstraction:IsAChildOf,R-HSA-1606322,
R-HSA-975577,abstraction:IsAChildOf,R-HSA-975576,
R-HSA-975574,abstraction:IsAChildOf,R-HSA-975576,
R-HSA-975578,abstraction:IsAChildOf,R-HSA-975576,
R-HSA-68867,abstraction:IsAChildOf,R-HSA-69002,
R-HSA-68962,abstraction:IsAChildOf,R-HSA-69002,
R-HSA-450294,abstraction:IsAChildOf,R-HSA-166058,
R-HSA-937039,abstraction:IsAChildOf,R-HSA-166058,
R-HSA-445989,abstraction:IsAChildOf,R-HSA-166058,
R-HSA-937042,abstraction:IsAChildOf,R-HSA-166058,
R-HSA-2129379,abstraction:IsAChildOf,R-HSA-1566948,
R-HSA-140179,abstraction:IsAChildOf,R-HSA-211945,
R-HSA-140180,abstraction:IsAChildOf,R-HSA-211945,
R-HSA-8937144,abstraction:IsAChildOf,R-HSA-211945,
R-HSA-71384,abstraction:IsAChildOf,R-HSA-211945,
R-HSA-217271,abstraction:IsAChildOf,R-HSA-211945,
R-HSA-211897,abstraction:IsAChildOf,R-HSA-211945,
R-HSA-6798695,abstraction:IsAChildOf,R-HSA-168249,
R-HSA-2172127,abstraction:IsAChildOf,R-HSA-168249,
R-HSA-879415,abstraction:IsAChildOf,R-HSA-168249,
R-HSA-1222556,abstraction:IsAChildOf,R-HSA-168249,
R-HSA-166658,abstraction:IsAChildOf,R-HSA-168249,
R-HSA-2029480,abstraction:IsAChildOf,R-HSA-168249,
R-HSA-168643,abstraction:IsAChildOf,R-HSA-168249,
R-HSA-6803157,abstraction:IsAChildOf,R-HSA-168249,
R-HSA-9686114,abstraction:IsAChildOf,R-HSA-168249,
R-HSA-168898,abstraction:IsAChildOf,R-HSA-168249,
R-HSA-2454202,abstraction:IsAChildOf,R-HSA-168249,
R-HSA-1834949,abstraction:IsAChildOf,R-HSA-168249,
R-HSA-9645460,abstraction:IsAChildOf,R-HSA-168249,
R-HSA-168928,abstraction:IsAChildOf,R-HSA-168249,
R-HSA-5621481,abstraction:IsAChildOf,R-HSA-168249,
R-HSA-69190,abstraction:IsAChildOf,R-HSA-69239,
R-HSA-69052,abstraction:IsAChildOf,R-HSA-69239,
R-HSA-68952,abstraction:IsAChildOf,R-HSA-69239,
R-HSA-1295596,abstraction:IsAChildOf,R-HSA-5654733,
R-HSA-964827,abstraction:IsAChildOf,R-HSA-964739,
R-HSA-111997,abstraction:IsAChildOf,R-HSA-111996,
R-HSA-111995,abstraction:IsAChildOf,R-HSA-111996,
R-HSA-187024,abstraction:IsAChildOf,R-HSA-187015,
R-HSA-187042,abstraction:IsAChildOf,R-HSA-187015,
R-HSA-173599,abstraction:IsAChildOf,R-HSA-156588,
R-HSA-9732724,abstraction:IsAChildOf,R-HSA-877300,
R-HSA-877312,abstraction:IsAChildOf,R-HSA-877300,
R-HSA-5660489,abstraction:IsAChildOf,R-HSA-5660526,
R-HSA-5661231,abstraction:IsAChildOf,R-HSA-5660526,
R-HSA-73780,abstraction:IsAChildOf,R-HSA-74158,
R-HSA-73980,abstraction:IsAChildOf,R-HSA-74158,
R-HSA-76046,abstraction:IsAChildOf,R-HSA-74158,
R-HSA-749476,abstraction:IsAChildOf,R-HSA-74158,
R-HSA-388396,abstraction:IsAChildOf,R-HSA-372790,
R-HSA-500792,abstraction:IsAChildOf,R-HSA-372790,
R-HSA-9694631,abstraction:IsAChildOf,R-HSA-9694635,
R-HSA-9694719,abstraction:IsAChildOf,R-HSA-9694635,
R-HSA-9694493,abstraction:IsAChildOf,R-HSA-9694635,
R-HSA-9694594,abstraction:IsAChildOf,R-HSA-9694635,
R-HSA-9694548,abstraction:IsAChildOf,R-HSA-9694635,
R-HSA-180746,abstraction:IsAChildOf,R-HSA-177243,
R-HSA-165054,abstraction:IsAChildOf,R-HSA-177243,
R-HSA-73929,abstraction:IsAChildOf,R-HSA-73884,
R-HSA-73933,abstraction:IsAChildOf,R-HSA-73884,
R-HSA-164516,abstraction:IsAChildOf,R-HSA-162589,
R-HSA-164525,abstraction:IsAChildOf,R-HSA-162589,
R-HSA-192869,abstraction:IsAChildOf,R-HSA-168273,
R-HSA-192905,abstraction:IsAChildOf,R-HSA-168273,
R-HSA-192823,abstraction:IsAChildOf,R-HSA-168273,
R-HSA-168325,abstraction:IsAChildOf,R-HSA-168273,
R-HSA-192814,abstraction:IsAChildOf,R-HSA-168273,
R-HSA-5693607,abstraction:IsAChildOf,R-HSA-5693567,
R-HSA-5685938,abstraction:IsAChildOf,R-HSA-5693567,
R-HSA-5685942,abstraction:IsAChildOf,R-HSA-5693567,
R-HSA-372708,abstraction:IsAChildOf,R-HSA-354192,
R-HSA-354194,abstraction:IsAChildOf,R-HSA-354192,
R-HSA-9661069,abstraction:IsAChildOf,R-HSA-9659787,
R-HSA-9661070,abstraction:IsAChildOf,R-HSA-9659787,
R-HSA-6784531,abstraction:IsAChildOf,R-HSA-72306,
R-HSA-6782315,abstraction:IsAChildOf,R-HSA-72306,
R-HSA-6785470,abstraction:IsAChildOf,R-HSA-72306,
R-HSA-6787450,abstraction:IsAChildOf,R-HSA-72306,
R-HSA-9839389,abstraction:IsAChildOf,R-HSA-9839373,
R-HSA-9839397,abstraction:IsAChildOf,R-HSA-9839373,
R-HSA-9839406,abstraction:IsAChildOf,R-HSA-9839373,
R-HSA-9839394,abstraction:IsAChildOf,R-HSA-9839373,
R-HSA-9839383,abstraction:IsAChildOf,R-HSA-9839373,
R-HSA-168305,abstraction:IsAChildOf,R-HSA-168276,
R-HSA-168315,abstraction:IsAChildOf,R-HSA-168276,
R-HSA-169131,abstraction:IsAChildOf,R-HSA-168276,
R-HSA-8848021,abstraction:IsAChildOf,R-HSA-9006927,
R-HSA-72163,abstraction:IsAChildOf,R-HSA-72172,
R-HSA-72165,abstraction:IsAChildOf,R-HSA-72172,
R-HSA-389359,abstraction:IsAChildOf,R-HSA-389356,
R-HSA-389357,abstraction:IsAChildOf,R-HSA-389356,
R-HSA-168888,abstraction:IsAChildOf,R-HSA-168305,
R-HSA-2514856,abstraction:IsAChildOf,R-HSA-2187338,
R-HSA-2187335,abstraction:IsAChildOf,R-HSA-2187338,
R-HSA-2453902,abstraction:IsAChildOf,R-HSA-2187338,
R-HSA-975634,abstraction:IsAChildOf,R-HSA-2187338,
R-HSA-9663891,abstraction:IsAChildOf,R-HSA-1632852,
R-HSA-163560,abstraction:IsAChildOf,R-HSA-8979227,
R-HSA-75109,abstraction:IsAChildOf,R-HSA-8979227,
R-HSA-2428933,abstraction:IsAChildOf,R-HSA-2428924,
R-HSA-2428928,abstraction:IsAChildOf,R-HSA-2428924,
R-HSA-9645135,abstraction:IsAChildOf,R-HSA-9607240,
R-HSA-9706369,abstraction:IsAChildOf,R-HSA-9607240,
R-HSA-9706374,abstraction:IsAChildOf,R-HSA-9607240,
R-HSA-1362277,abstraction:IsAChildOf,R-HSA-1538133,
R-HSA-1362300,abstraction:IsAChildOf,R-HSA-1538133,
R-HSA-5173105,abstraction:IsAChildOf,R-HSA-597592,
R-HSA-8873719,abstraction:IsAChildOf,R-HSA-597592,
R-HSA-8852135,abstraction:IsAChildOf,R-HSA-597592,
R-HSA-8951664,abstraction:IsAChildOf,R-HSA-597592,
R-HSA-8955332,abstraction:IsAChildOf,R-HSA-597592,
R-HSA-163841,abstraction:IsAChildOf,R-HSA-597592,
R-HSA-9907900,abstraction:IsAChildOf,R-HSA-597592,
R-HSA-5688426,abstraction:IsAChildOf,R-HSA-597592,
R-HSA-2990846,abstraction:IsAChildOf,R-HSA-597592,
R-HSA-8957275,abstraction:IsAChildOf,R-HSA-597592,
R-HSA-446203,abstraction:IsAChildOf,R-HSA-597592,
R-HSA-163125,abstraction:IsAChildOf,R-HSA-597592,
R-HSA-9857492,abstraction:IsAChildOf,R-HSA-597592,
R-HSA-8876725,abstraction:IsAChildOf,R-HSA-597592,
R-HSA-622312,abstraction:IsAChildOf,R-HSA-168643,
R-HSA-168638,abstraction:IsAChildOf,R-HSA-168643,
R-HSA-1632852,abstraction:IsAChildOf,R-HSA-9612973,
R-HSA-9615710,abstraction:IsAChildOf,R-HSA-9612973,
R-HSA-9613829,abstraction:IsAChildOf,R-HSA-9612973,
R-HSA-5658034,abstraction:IsAChildOf,R-HSA-5387390,
R-HSA-5362768,abstraction:IsAChildOf,R-HSA-5387390,
R-HSA-1855167,abstraction:IsAChildOf,R-HSA-1483249,
R-HSA-1855156,abstraction:IsAChildOf,R-HSA-1483249,
R-HSA-1855191,abstraction:IsAChildOf,R-HSA-1483249,
R-HSA-1855231,abstraction:IsAChildOf,R-HSA-1483249,
R-HSA-1855215,abstraction:IsAChildOf,R-HSA-1483249,
R-HSA-1855204,abstraction:IsAChildOf,R-HSA-1483249,
R-HSA-1855192,abstraction:IsAChildOf,R-HSA-1483249,
R-HSA-1855170,abstraction:IsAChildOf,R-HSA-1483249,
R-HSA-1855196,abstraction:IsAChildOf,R-HSA-1483249,
R-HSA-1855184,abstraction:IsAChildOf,R-HSA-1483249,
R-HSA-1855183,abstraction:IsAChildOf,R-HSA-1483249,
R-HSA-1855229,abstraction:IsAChildOf,R-HSA-1483249,
R-HSA-77387,abstraction:IsAChildOf,R-HSA-74752,
R-HSA-74751,abstraction:IsAChildOf,R-HSA-74752,
R-HSA-9725371,abstraction:IsAChildOf,R-HSA-9725370,
R-HSA-9006821,abstraction:IsAChildOf,R-HSA-9673013,
R-HSA-193670,abstraction:IsAChildOf,R-HSA-193704,
R-HSA-193692,abstraction:IsAChildOf,R-HSA-193704,
R-HSA-205017,abstraction:IsAChildOf,R-HSA-193704,
R-HSA-193697,abstraction:IsAChildOf,R-HSA-193704,
R-HSA-204998,abstraction:IsAChildOf,R-HSA-193704,
R-HSA-193639,abstraction:IsAChildOf,R-HSA-193704,
R-HSA-193681,abstraction:IsAChildOf,R-HSA-193704,
R-HSA-446353,abstraction:IsAChildOf,R-HSA-446728,
R-HSA-421270,abstraction:IsAChildOf,R-HSA-446728,
R-HSA-446107,abstraction:IsAChildOf,R-HSA-446728,
R-HSA-9758274,abstraction:IsAChildOf,R-HSA-445989,
R-HSA-2682334,abstraction:IsAChildOf,R-HSA-422475,
R-HSA-373760,abstraction:IsAChildOf,R-HSA-422475,
R-HSA-373752,abstraction:IsAChildOf,R-HSA-422475,
R-HSA-8866376,abstraction:IsAChildOf,R-HSA-422475,
R-HSA-8853659,abstraction:IsAChildOf,R-HSA-422475,
R-HSA-376176,abstraction:IsAChildOf,R-HSA-422475,
R-HSA-373755,abstraction:IsAChildOf,R-HSA-422475,
R-HSA-375165,abstraction:IsAChildOf,R-HSA-422475,
R-HSA-428890,abstraction:IsAChildOf,R-HSA-376176,
R-HSA-428543,abstraction:IsAChildOf,R-HSA-376176,
R-HSA-8985801,abstraction:IsAChildOf,R-HSA-376176,
R-HSA-428540,abstraction:IsAChildOf,R-HSA-376176,
R-HSA-9010642,abstraction:IsAChildOf,R-HSA-376176,
R-HSA-8985586,abstraction:IsAChildOf,R-HSA-376176,
R-HSA-9010553,abstraction:IsAChildOf,R-HSA-376176,
R-HSA-428542,abstraction:IsAChildOf,R-HSA-376176,
R-HSA-2197563,abstraction:IsAChildOf,R-HSA-1980145,
R-HSA-2979096,abstraction:IsAChildOf,R-HSA-1980145,
R-HSA-9851695,abstraction:IsAChildOf,R-HSA-9818564,
R-HSA-9927432,abstraction:IsAChildOf,R-HSA-9924644,
R-HSA-9938206,abstraction:IsAChildOf,R-HSA-9924644,
R-HSA-9927426,abstraction:IsAChildOf,R-HSA-9924644,
R-HSA-9927418,abstraction:IsAChildOf,R-HSA-9924644,
R-HSA-111453,abstraction:IsAChildOf,R-HSA-109606,
R-HSA-114294,abstraction:IsAChildOf,R-HSA-109606,
R-HSA-114452,abstraction:IsAChildOf,R-HSA-109606,
R-HSA-111452,abstraction:IsAChildOf,R-HSA-109606,
R-HSA-111471,abstraction:IsAChildOf,R-HSA-109606,
R-HSA-75108,abstraction:IsAChildOf,R-HSA-109606,
R-HSA-2206291,abstraction:IsAChildOf,R-HSA-2206281,
R-HSA-9953078,abstraction:IsAChildOf,R-HSA-2206281,
R-HSA-9953097,abstraction:IsAChildOf,R-HSA-2206281,
R-HSA-2206285,abstraction:IsAChildOf,R-HSA-2206281,
R-HSA-2206296,abstraction:IsAChildOf,R-HSA-2206281,
R-HSA-9953111,abstraction:IsAChildOf,R-HSA-2206281,
R-HSA-2206280,abstraction:IsAChildOf,R-HSA-2206281,
R-HSA-9953038,abstraction:IsAChildOf,R-HSA-2206281,
R-HSA-2206282,abstraction:IsAChildOf,R-HSA-2206281,
R-HSA-2206290,abstraction:IsAChildOf,R-HSA-2206281,
R-HSA-9953080,abstraction:IsAChildOf,R-HSA-2206281,
R-HSA-2206308,abstraction:IsAChildOf,R-HSA-2206281,
R-HSA-2206302,abstraction:IsAChildOf,R-HSA-2206281,
R-HSA-2206292,abstraction:IsAChildOf,R-HSA-2206281,
R-HSA-2206305,abstraction:IsAChildOf,R-HSA-2206281,
R-HSA-2206307,abstraction:IsAChildOf,R-HSA-2206281,
R-HSA-4419969,abstraction:IsAChildOf,R-HSA-2980766,
R-HSA-3301854,abstraction:IsAChildOf,R-HSA-2980766,
R-HSA-2980767,abstraction:IsAChildOf,R-HSA-2980766,
R-HSA-5696397,abstraction:IsAChildOf,R-HSA-5696399,
R-HSA-5696395,abstraction:IsAChildOf,R-HSA-5696399,
R-HSA-5696400,abstraction:IsAChildOf,R-HSA-5696399,
R-HSA-5696394,abstraction:IsAChildOf,R-HSA-5696399,
R-HSA-428643,abstraction:IsAChildOf,R-HSA-9955298,
R-HSA-9958517,abstraction:IsAChildOf,R-HSA-9955298,
R-HSA-433692,abstraction:IsAChildOf,R-HSA-9955298,
R-HSA-561048,abstraction:IsAChildOf,R-HSA-9955298,
R-HSA-879518,abstraction:IsAChildOf,R-HSA-9955298,
R-HSA-6802957,abstraction:IsAChildOf,R-HSA-5663202,
R-HSA-9700206,abstraction:IsAChildOf,R-HSA-5663202,
R-HSA-1643713,abstraction:IsAChildOf,R-HSA-5663202,
R-HSA-1226099,abstraction:IsAChildOf,R-HSA-5663202,
R-HSA-4791275,abstraction:IsAChildOf,R-HSA-5663202,
R-HSA-3304351,abstraction:IsAChildOf,R-HSA-5663202,
R-HSA-9682385,abstraction:IsAChildOf,R-HSA-5663202,
R-HSA-9669938,abstraction:IsAChildOf,R-HSA-5663202,
R-HSA-1227990,abstraction:IsAChildOf,R-HSA-5663202,
R-HSA-9671555,abstraction:IsAChildOf,R-HSA-5663202,
R-HSA-2644603,abstraction:IsAChildOf,R-HSA-5663202,
R-HSA-9842640,abstraction:IsAChildOf,R-HSA-5663202,
R-HSA-2219528,abstraction:IsAChildOf,R-HSA-5663202,
R-HSA-5387390,abstraction:IsAChildOf,R-HSA-5663202,
R-HSA-72200,abstraction:IsAChildOf,R-HSA-75072,
R-HSA-75064,abstraction:IsAChildOf,R-HSA-75072,
R-HSA-916853,abstraction:IsAChildOf,R-HSA-888590,
R-HSA-888568,abstraction:IsAChildOf,R-HSA-888590,
R-HSA-888593,abstraction:IsAChildOf,R-HSA-888590,
R-HSA-196849,abstraction:IsAChildOf,R-HSA-196854,
R-HSA-6806667,abstraction:IsAChildOf,R-HSA-196854,
R-HSA-8978934,abstraction:IsAChildOf,R-HSA-196854,
R-HSA-1369007,abstraction:IsAChildOf,R-HSA-382556,
R-HSA-1369062,abstraction:IsAChildOf,R-HSA-382556,
R-HSA-373753,abstraction:IsAChildOf,R-HSA-1500931,
R-HSA-446728,abstraction:IsAChildOf,R-HSA-1500931,
R-HSA-391160,abstraction:IsAChildOf,R-HSA-1500931,
R-HSA-5654221,abstraction:IsAChildOf,R-HSA-5654696,
R-HSA-5654699,abstraction:IsAChildOf,R-HSA-5654696,
R-HSA-5654695,abstraction:IsAChildOf,R-HSA-5654696,
R-HSA-5654700,abstraction:IsAChildOf,R-HSA-5654696,
R-HSA-9824856,abstraction:IsAChildOf,R-HSA-5602358,
R-HSA-5602566,abstraction:IsAChildOf,R-HSA-5602358,
R-HSA-5603027,abstraction:IsAChildOf,R-HSA-5602358,
R-HSA-5602415,abstraction:IsAChildOf,R-HSA-5602358,
R-HSA-5602636,abstraction:IsAChildOf,R-HSA-5602358,
R-HSA-5602571,abstraction:IsAChildOf,R-HSA-5602358,
R-HSA-5603037,abstraction:IsAChildOf,R-HSA-5602358,
R-HSA-5603029,abstraction:IsAChildOf,R-HSA-5602358,
R-HSA-5603041,abstraction:IsAChildOf,R-HSA-5602358,
R-HSA-5602498,abstraction:IsAChildOf,R-HSA-5602358,
R-HSA-5602410,abstraction:IsAChildOf,R-HSA-5602358,
R-HSA-5602680,abstraction:IsAChildOf,R-HSA-5602358,
R-HSA-446193,abstraction:IsAChildOf,R-HSA-446203,
R-HSA-532668,abstraction:IsAChildOf,R-HSA-446203,
R-HSA-948021,abstraction:IsAChildOf,R-HSA-446203,
R-HSA-901032,abstraction:IsAChildOf,R-HSA-901042,
R-HSA-1296025,abstraction:IsAChildOf,R-HSA-1296065,
R-HSA-1296067,abstraction:IsAChildOf,R-HSA-1296065,
R-HSA-1296059,abstraction:IsAChildOf,R-HSA-1296065,
R-HSA-1296053,abstraction:IsAChildOf,R-HSA-1296065,
R-HSA-9009391,abstraction:IsAChildOf,R-HSA-8939211,
R-HSA-9018519,abstraction:IsAChildOf,R-HSA-8939211,
R-HSA-2024096,abstraction:IsAChildOf,R-HSA-1638091,
R-HSA-2022928,abstraction:IsAChildOf,R-HSA-1638091,
R-HSA-9664417,abstraction:IsAChildOf,R-HSA-9664407,
R-HSA-69200,abstraction:IsAChildOf,R-HSA-69202,
R-HSA-187577,abstraction:IsAChildOf,R-HSA-69202,
R-HSA-5689896,abstraction:IsAChildOf,R-HSA-5688426,
R-HSA-5689603,abstraction:IsAChildOf,R-HSA-5688426,
R-HSA-5689877,abstraction:IsAChildOf,R-HSA-5688426,
R-HSA-5689901,abstraction:IsAChildOf,R-HSA-5688426,
R-HSA-5689880,abstraction:IsAChildOf,R-HSA-5688426,
R-HSA-1236974,abstraction:IsAChildOf,R-HSA-1236975,
R-HSA-1236973,abstraction:IsAChildOf,R-HSA-1236975,
R-HSA-1236978,abstraction:IsAChildOf,R-HSA-1236975,
R-HSA-1236977,abstraction:IsAChildOf,R-HSA-1236975,
R-HSA-166058,abstraction:IsAChildOf,R-HSA-166016,
R-HSA-166020,abstraction:IsAChildOf,R-HSA-166016,
R-HSA-166166,abstraction:IsAChildOf,R-HSA-166016,
R-HSA-9824272,abstraction:IsAChildOf,R-HSA-9793380,
R-HSA-418594,abstraction:IsAChildOf,R-HSA-388396,
R-HSA-418597,abstraction:IsAChildOf,R-HSA-388396,
R-HSA-416476,abstraction:IsAChildOf,R-HSA-388396,
R-HSA-397795,abstraction:IsAChildOf,R-HSA-388396,
R-HSA-418555,abstraction:IsAChildOf,R-HSA-388396,
R-HSA-416482,abstraction:IsAChildOf,R-HSA-388396,
R-HSA-9670613,abstraction:IsAChildOf,R-HSA-9670621,
R-HSA-9670615,abstraction:IsAChildOf,R-HSA-9670621,
R-HSA-5467345,abstraction:IsAChildOf,R-HSA-4839735,
R-HSA-5467340,abstraction:IsAChildOf,R-HSA-4839735,
R-HSA-9701193,abstraction:IsAChildOf,R-HSA-9675136,
R-HSA-9663199,abstraction:IsAChildOf,R-HSA-9675136,
R-HSA-9699150,abstraction:IsAChildOf,R-HSA-9675136,
R-HSA-9701190,abstraction:IsAChildOf,R-HSA-9675136,
R-HSA-9701192,abstraction:IsAChildOf,R-HSA-9675136,
R-HSA-73943,abstraction:IsAChildOf,R-HSA-73942,
R-HSA-9729902,abstraction:IsAChildOf,R-HSA-73942,
R-HSA-5657655,abstraction:IsAChildOf,R-HSA-73942,
R-HSA-9843970,abstraction:IsAChildOf,R-HSA-9842860,
R-HSA-9845323,abstraction:IsAChildOf,R-HSA-9842860,
R-HSA-9843940,abstraction:IsAChildOf,R-HSA-9842860,
R-HSA-9694301,abstraction:IsAChildOf,R-HSA-9694676,
R-HSA-9694271,abstraction:IsAChildOf,R-HSA-9694676,
R-HSA-159424,abstraction:IsAChildOf,R-HSA-156587,
R-HSA-9657050,abstraction:IsAChildOf,R-HSA-9656249,
R-HSA-9656256,abstraction:IsAChildOf,R-HSA-9656249,
R-HSA-9656255,abstraction:IsAChildOf,R-HSA-9656249,
R-HSA-190827,abstraction:IsAChildOf,R-HSA-190861,
R-HSA-190872,abstraction:IsAChildOf,R-HSA-190861,
R-HSA-190704,abstraction:IsAChildOf,R-HSA-190861,
R-HSA-379401,abstraction:IsAChildOf,R-HSA-112311,
R-HSA-380615,abstraction:IsAChildOf,R-HSA-112311,
R-HSA-352230,abstraction:IsAChildOf,R-HSA-9958863,
R-HSA-428559,abstraction:IsAChildOf,R-HSA-9958863,
R-HSA-8854050,abstraction:IsAChildOf,R-HSA-69275,
R-HSA-69273,abstraction:IsAChildOf,R-HSA-69275,
R-HSA-8854518,abstraction:IsAChildOf,R-HSA-69275,
R-HSA-8854521,abstraction:IsAChildOf,R-HSA-69275,
R-HSA-156711,abstraction:IsAChildOf,R-HSA-69275,
R-HSA-2565942,abstraction:IsAChildOf,R-HSA-69275,
R-HSA-8852276,abstraction:IsAChildOf,R-HSA-69275,
R-HSA-380287,abstraction:IsAChildOf,R-HSA-69275,
R-HSA-9830674,abstraction:IsAChildOf,R-HSA-9830369,
R-HSA-9831926,abstraction:IsAChildOf,R-HSA-9830369,
R-HSA-9830364,abstraction:IsAChildOf,R-HSA-9830369,
R-HSA-211733,abstraction:IsAChildOf,R-HSA-169911,
R-HSA-211728,abstraction:IsAChildOf,R-HSA-169911,
R-HSA-179812,abstraction:IsAChildOf,R-HSA-177929,
R-HSA-180336,abstraction:IsAChildOf,R-HSA-177929,
R-HSA-180292,abstraction:IsAChildOf,R-HSA-177929,
R-HSA-212718,abstraction:IsAChildOf,R-HSA-177929,
R-HSA-182971,abstraction:IsAChildOf,R-HSA-177929,
R-HSA-72706,abstraction:IsAChildOf,R-HSA-72737,
R-HSA-72689,abstraction:IsAChildOf,R-HSA-72737,
R-HSA-72702,abstraction:IsAChildOf,R-HSA-72737,
R-HSA-72662,abstraction:IsAChildOf,R-HSA-72737,
R-HSA-72695,abstraction:IsAChildOf,R-HSA-72737,
R-HSA-72731,abstraction:IsAChildOf,R-HSA-72737,
R-HSA-9764560,abstraction:IsAChildOf,R-HSA-9764265,
R-HSA-9764562,abstraction:IsAChildOf,R-HSA-9764265,
R-HSA-9768727,abstraction:IsAChildOf,R-HSA-9764265,
R-HSA-9764561,abstraction:IsAChildOf,R-HSA-9764265,
R-HSA-434313,abstraction:IsAChildOf,R-HSA-400451,
R-HSA-434316,abstraction:IsAChildOf,R-HSA-400451,
R-HSA-9013422,abstraction:IsAChildOf,R-HSA-9706574,
R-HSA-9013418,abstraction:IsAChildOf,R-HSA-9706574,
R-HSA-6804760,abstraction:IsAChildOf,R-HSA-5633007,
R-HSA-6806003,abstraction:IsAChildOf,R-HSA-5633007,
R-HSA-6804756,abstraction:IsAChildOf,R-HSA-5633007,
R-HSA-6804759,abstraction:IsAChildOf,R-HSA-5633007,
R-HSA-6804758,abstraction:IsAChildOf,R-HSA-5633007,
R-HSA-913709,abstraction:IsAChildOf,R-HSA-5173105,
R-HSA-8931838,abstraction:IsAChildOf,R-HSA-5173105,
R-HSA-5173214,abstraction:IsAChildOf,R-HSA-5173105,
R-HSA-8978868,abstraction:IsAChildOf,R-HSA-556833,
R-HSA-400206,abstraction:IsAChildOf,R-HSA-556833,
R-HSA-8964572,abstraction:IsAChildOf,R-HSA-556833,
R-HSA-74182,abstraction:IsAChildOf,R-HSA-556833,
R-HSA-8848584,abstraction:IsAChildOf,R-HSA-556833,
R-HSA-8979227,abstraction:IsAChildOf,R-HSA-556833,
R-HSA-9018678,abstraction:IsAChildOf,R-HSA-556833,
R-HSA-8957322,abstraction:IsAChildOf,R-HSA-556833,
R-HSA-428157,abstraction:IsAChildOf,R-HSA-556833,
R-HSA-1483257,abstraction:IsAChildOf,R-HSA-556833,
R-HSA-9694786,abstraction:IsAChildOf,R-HSA-9694682,
R-HSA-9694686,abstraction:IsAChildOf,R-HSA-9694682,
R-HSA-9707587,abstraction:IsAChildOf,R-HSA-9707564,
R-HSA-5649702,abstraction:IsAChildOf,R-HSA-73933,
R-HSA-110357,abstraction:IsAChildOf,R-HSA-73933,
R-HSA-110373,abstraction:IsAChildOf,R-HSA-73933,
R-HSA-110381,abstraction:IsAChildOf,R-HSA-73933,
R-HSA-6791462,abstraction:IsAChildOf,R-HSA-6791465,
R-HSA-6791055,abstraction:IsAChildOf,R-HSA-6791465,
R-HSA-5659996,abstraction:IsAChildOf,R-HSA-6791465,
R-HSA-6791461,abstraction:IsAChildOf,R-HSA-6791465,
R-HSA-141334,abstraction:IsAChildOf,R-HSA-140179,
R-HSA-141333,abstraction:IsAChildOf,R-HSA-140179,
R-HSA-193704,abstraction:IsAChildOf,R-HSA-73887,
R-HSA-75158,abstraction:IsAChildOf,R-HSA-73887,
R-HSA-75893,abstraction:IsAChildOf,R-HSA-73887,
R-HSA-75157,abstraction:IsAChildOf,R-HSA-73887,
R-HSA-3560782,abstraction:IsAChildOf,R-HSA-3781865,
R-HSA-5609975,abstraction:IsAChildOf,R-HSA-3781865,
R-HSA-3906995,abstraction:IsAChildOf,R-HSA-3781865,
R-HSA-3781860,abstraction:IsAChildOf,R-HSA-3781865,
R-HSA-9909648,abstraction:IsAChildOf,R-HSA-389948,
R-HSA-991365,abstraction:IsAChildOf,R-HSA-977444,
R-HSA-912526,abstraction:IsAChildOf,R-HSA-512988,
R-HSA-912631,abstraction:IsAChildOf,R-HSA-512988,
R-HSA-442380,abstraction:IsAChildOf,R-HSA-435354,
R-HSA-435368,abstraction:IsAChildOf,R-HSA-435354,
R-HSA-69473,abstraction:IsAChildOf,R-HSA-69481,
R-HSA-69478,abstraction:IsAChildOf,R-HSA-69481,
R-HSA-176187,abstraction:IsAChildOf,R-HSA-69481,
R-HSA-3315487,abstraction:IsAChildOf,R-HSA-3304349,
R-HSA-3304356,abstraction:IsAChildOf,R-HSA-3304349,
R-HSA-8948216,abstraction:IsAChildOf,R-HSA-1650814,
R-HSA-9665246,abstraction:IsAChildOf,R-HSA-9665230,
R-HSA-9665244,abstraction:IsAChildOf,R-HSA-9665230,
R-HSA-9665250,abstraction:IsAChildOf,R-HSA-9665230,
R-HSA-9665249,abstraction:IsAChildOf,R-HSA-9665230,
R-HSA-9665247,abstraction:IsAChildOf,R-HSA-9665230,
R-HSA-9665251,abstraction:IsAChildOf,R-HSA-9665230,
R-HSA-9665245,abstraction:IsAChildOf,R-HSA-9665230,
R-HSA-9665233,abstraction:IsAChildOf,R-HSA-9665230,
R-HSA-2122948,abstraction:IsAChildOf,R-HSA-1980143,
R-HSA-2122947,abstraction:IsAChildOf,R-HSA-1980143,
R-HSA-9615933,abstraction:IsAChildOf,R-HSA-2995410,
R-HSA-2995383,abstraction:IsAChildOf,R-HSA-2995410,
R-HSA-9668328,abstraction:IsAChildOf,R-HSA-2995410,
R-HSA-156588,abstraction:IsAChildOf,R-HSA-156580,
R-HSA-156582,abstraction:IsAChildOf,R-HSA-156580,
R-HSA-156590,abstraction:IsAChildOf,R-HSA-156580,
R-HSA-156587,abstraction:IsAChildOf,R-HSA-156580,
R-HSA-156584,abstraction:IsAChildOf,R-HSA-156580,
R-HSA-156581,abstraction:IsAChildOf,R-HSA-156580,
R-HSA-2173788,abstraction:IsAChildOf,R-HSA-2173789,
R-HSA-9855142,abstraction:IsAChildOf,R-HSA-8953897,
R-HSA-5660526,abstraction:IsAChildOf,R-HSA-8953897,
R-HSA-2262752,abstraction:IsAChildOf,R-HSA-8953897,
R-HSA-76071,abstraction:IsAChildOf,R-HSA-76046,
R-HSA-76066,abstraction:IsAChildOf,R-HSA-76046,
R-HSA-76061,abstraction:IsAChildOf,R-HSA-76046,
R-HSA-114508,abstraction:IsAChildOf,R-HSA-76002,
R-HSA-76009,abstraction:IsAChildOf,R-HSA-76002,
R-HSA-76005,abstraction:IsAChildOf,R-HSA-76002,
R-HSA-392518,abstraction:IsAChildOf,R-HSA-76002,
R-HSA-114604,abstraction:IsAChildOf,R-HSA-76002,
R-HSA-430116,abstraction:IsAChildOf,R-HSA-76002,
R-HSA-456926,abstraction:IsAChildOf,R-HSA-76002,
R-HSA-3371571,abstraction:IsAChildOf,R-HSA-3371556,
R-HSA-3371453,abstraction:IsAChildOf,R-HSA-3371556,
R-HSA-3371511,abstraction:IsAChildOf,R-HSA-3371556,
R-HSA-9638630,abstraction:IsAChildOf,R-HSA-9931953,
R-HSA-1169091,abstraction:IsAChildOf,R-HSA-1168372,
R-HSA-1169092,abstraction:IsAChildOf,R-HSA-1168372,
R-HSA-2025928,abstraction:IsAChildOf,R-HSA-1168372,
R-HSA-5684264,abstraction:IsAChildOf,R-HSA-450294,
R-HSA-450302,abstraction:IsAChildOf,R-HSA-450294,
R-HSA-450282,abstraction:IsAChildOf,R-HSA-450294,
R-HSA-450321,abstraction:IsAChildOf,R-HSA-450294,
R-HSA-199920,abstraction:IsAChildOf,R-HSA-450282,
R-HSA-450341,abstraction:IsAChildOf,R-HSA-450282,
R-HSA-198753,abstraction:IsAChildOf,R-HSA-450282,
R-HSA-444411,abstraction:IsAChildOf,R-HSA-5223345,
R-HSA-8963896,abstraction:IsAChildOf,R-HSA-8963898,
R-HSA-8866423,abstraction:IsAChildOf,R-HSA-8963898,
R-HSA-8963888,abstraction:IsAChildOf,R-HSA-8963898,
R-HSA-73863,abstraction:IsAChildOf,R-HSA-73864,
R-HSA-73854,abstraction:IsAChildOf,R-HSA-73864,
R-HSA-9673221,abstraction:IsAChildOf,R-HSA-9668250,
R-HSA-9673240,abstraction:IsAChildOf,R-HSA-9668250,
R-HSA-9673202,abstraction:IsAChildOf,R-HSA-9668250,
R-HSA-9673218,abstraction:IsAChildOf,R-HSA-9668250,
R-HSA-375281,abstraction:IsAChildOf,R-HSA-373076,
R-HSA-375276,abstraction:IsAChildOf,R-HSA-373076,
R-HSA-3296197,abstraction:IsAChildOf,R-HSA-373076,
R-HSA-419408,abstraction:IsAChildOf,R-HSA-373076,
R-HSA-419771,abstraction:IsAChildOf,R-HSA-373076,
R-HSA-375280,abstraction:IsAChildOf,R-HSA-373076,
R-HSA-391903,abstraction:IsAChildOf,R-HSA-373076,
R-HSA-418038,abstraction:IsAChildOf,R-HSA-373076,
R-HSA-444209,abstraction:IsAChildOf,R-HSA-373076,
R-HSA-9729555,abstraction:IsAChildOf,R-HSA-9717189,
R-HSA-9717207,abstraction:IsAChildOf,R-HSA-9717189,
R-HSA-9730628,abstraction:IsAChildOf,R-HSA-9717189,
R-HSA-9640463,abstraction:IsAChildOf,R-HSA-8848584,
R-HSA-75896,abstraction:IsAChildOf,R-HSA-8848584,
R-HSA-69560,abstraction:IsAChildOf,R-HSA-69563,
R-HSA-69541,abstraction:IsAChildOf,R-HSA-69563,
R-HSA-937061,abstraction:IsAChildOf,R-HSA-166166,
R-HSA-442982,abstraction:IsAChildOf,R-HSA-442742,
R-HSA-444257,abstraction:IsAChildOf,R-HSA-442742,
R-HSA-202670,abstraction:IsAChildOf,R-HSA-198753,
R-HSA-9702518,abstraction:IsAChildOf,R-HSA-9703648,
R-HSA-199920,abstraction:IsAChildOf,R-HSA-198725,
R-HSA-9031628,abstraction:IsAChildOf,R-HSA-198725,
R-HSA-198753,abstraction:IsAChildOf,R-HSA-198725,
R-HSA-199991,abstraction:IsAChildOf,R-HSA-5653656,
R-HSA-2173782,abstraction:IsAChildOf,R-HSA-5653656,
R-HSA-210991,abstraction:IsAChildOf,R-HSA-202733,
R-HSA-210990,abstraction:IsAChildOf,R-HSA-202733,
R-HSA-210993,abstraction:IsAChildOf,R-HSA-202733,
R-HSA-1059683,abstraction:IsAChildOf,R-HSA-6783589,
R-HSA-6788467,abstraction:IsAChildOf,R-HSA-6783589,
R-HSA-354192,abstraction:IsAChildOf,R-HSA-76009,
R-HSA-392023,abstraction:IsAChildOf,R-HSA-76009,
R-HSA-170834,abstraction:IsAChildOf,R-HSA-9006936,
R-HSA-9839373,abstraction:IsAChildOf,R-HSA-9006936,
R-HSA-201451,abstraction:IsAChildOf,R-HSA-9006936,
R-HSA-1502540,abstraction:IsAChildOf,R-HSA-9006936,
R-HSA-9913635,abstraction:IsAChildOf,R-HSA-69306,
R-HSA-69239,abstraction:IsAChildOf,R-HSA-69306,
R-HSA-69002,abstraction:IsAChildOf,R-HSA-69306,
R-HSA-6804754,abstraction:IsAChildOf,R-HSA-6806003,
R-HSA-6804757,abstraction:IsAChildOf,R-HSA-6806003,
R-HSA-167160,abstraction:IsAChildOf,R-HSA-167172,
R-HSA-167238,abstraction:IsAChildOf,R-HSA-167172,
R-HSA-167287,abstraction:IsAChildOf,R-HSA-167172,
R-HSA-167152,abstraction:IsAChildOf,R-HSA-167172,
R-HSA-167169,abstraction:IsAChildOf,R-HSA-167172,
R-HSA-167243,abstraction:IsAChildOf,R-HSA-167172,
R-HSA-167161,abstraction:IsAChildOf,R-HSA-167172,
R-HSA-167290,abstraction:IsAChildOf,R-HSA-167172,
R-HSA-167162,abstraction:IsAChildOf,R-HSA-167172,
R-HSA-1268020,abstraction:IsAChildOf,R-HSA-9609507,
R-HSA-9609523,abstraction:IsAChildOf,R-HSA-9609507,
R-HSA-9033241,abstraction:IsAChildOf,R-HSA-9609507,
R-HSA-9603798,abstraction:IsAChildOf,R-HSA-9609507,
R-HSA-9824878,abstraction:IsAChildOf,R-HSA-936964,
R-HSA-3247509,abstraction:IsAChildOf,R-HSA-4839726,
R-HSA-9932444,abstraction:IsAChildOf,R-HSA-4839726,
R-HSA-1433559,abstraction:IsAChildOf,R-HSA-1433557,
R-HSA-9013507,abstraction:IsAChildOf,R-HSA-9012852,
R-HSA-9013508,abstraction:IsAChildOf,R-HSA-9012852,
R-HSA-9024446,abstraction:IsAChildOf,R-HSA-9006931,
R-HSA-5362517,abstraction:IsAChildOf,R-HSA-9006931,
R-HSA-8939211,abstraction:IsAChildOf,R-HSA-9006931,
R-HSA-389960,abstraction:IsAChildOf,R-HSA-389958,
R-HSA-389957,abstraction:IsAChildOf,R-HSA-389958,
R-HSA-390450,abstraction:IsAChildOf,R-HSA-389958,
R-HSA-629587,abstraction:IsAChildOf,R-HSA-622327,
R-HSA-629594,abstraction:IsAChildOf,R-HSA-622327,
R-HSA-73843,abstraction:IsAChildOf,R-HSA-71336,
R-HSA-1971475,abstraction:IsAChildOf,R-HSA-1630316,
R-HSA-1638074,abstraction:IsAChildOf,R-HSA-1630316,
R-HSA-2142845,abstraction:IsAChildOf,R-HSA-1630316,
R-HSA-1638091,abstraction:IsAChildOf,R-HSA-1630316,
R-HSA-174362,abstraction:IsAChildOf,R-HSA-1630316,
R-HSA-1793185,abstraction:IsAChildOf,R-HSA-1630316,
R-HSA-190239,abstraction:IsAChildOf,R-HSA-5654741,
R-HSA-5654732,abstraction:IsAChildOf,R-HSA-5654741,
R-HSA-5654708,abstraction:IsAChildOf,R-HSA-5654741,
R-HSA-9753510,abstraction:IsAChildOf,R-HSA-9649913,
R-HSA-9753512,abstraction:IsAChildOf,R-HSA-9649913,
R-HSA-2894862,abstraction:IsAChildOf,R-HSA-2894858,
R-HSA-69091,abstraction:IsAChildOf,R-HSA-69109,
R-HSA-2892245,abstraction:IsAChildOf,R-HSA-452723,
R-HSA-2892247,abstraction:IsAChildOf,R-HSA-452723,
R-HSA-70921,abstraction:IsAChildOf,R-HSA-71291,
R-HSA-70688,abstraction:IsAChildOf,R-HSA-71291,
R-HSA-71240,abstraction:IsAChildOf,R-HSA-71291,
R-HSA-209776,abstraction:IsAChildOf,R-HSA-71291,
R-HSA-6798163,abstraction:IsAChildOf,R-HSA-71291,
R-HSA-8964539,abstraction:IsAChildOf,R-HSA-71291,
R-HSA-1614635,abstraction:IsAChildOf,R-HSA-71291,
R-HSA-71288,abstraction:IsAChildOf,R-HSA-71291,
R-HSA-389661,abstraction:IsAChildOf,R-HSA-71291,
R-HSA-5662702,abstraction:IsAChildOf,R-HSA-71291,
R-HSA-71064,abstraction:IsAChildOf,R-HSA-71291,
R-HSA-977347,abstraction:IsAChildOf,R-HSA-71291,
R-HSA-70895,abstraction:IsAChildOf,R-HSA-71291,
R-HSA-8963693,abstraction:IsAChildOf,R-HSA-71291,
R-HSA-71262,abstraction:IsAChildOf,R-HSA-71291,
R-HSA-8963691,abstraction:IsAChildOf,R-HSA-71291,
R-HSA-8964540,abstraction:IsAChildOf,R-HSA-71291,
R-HSA-2408522,abstraction:IsAChildOf,R-HSA-71291,
R-HSA-351202,abstraction:IsAChildOf,R-HSA-71291,
R-HSA-8849175,abstraction:IsAChildOf,R-HSA-71291,
R-HSA-70635,abstraction:IsAChildOf,R-HSA-71291,
R-HSA-6782861,abstraction:IsAChildOf,R-HSA-6782315,
R-HSA-9828211,abstraction:IsAChildOf,R-HSA-9013973,
R-HSA-6807878,abstraction:IsAChildOf,R-HSA-199977,
R-HSA-5694530,abstraction:IsAChildOf,R-HSA-199977,
R-HSA-204005,abstraction:IsAChildOf,R-HSA-199977,
R-HSA-211916,abstraction:IsAChildOf,R-HSA-211897,
R-HSA-211935,abstraction:IsAChildOf,R-HSA-211897,
R-HSA-211979,abstraction:IsAChildOf,R-HSA-211897,
R-HSA-211976,abstraction:IsAChildOf,R-HSA-211897,
R-HSA-211981,abstraction:IsAChildOf,R-HSA-211897,
R-HSA-211958,abstraction:IsAChildOf,R-HSA-211897,
R-HSA-167021,abstraction:IsAChildOf,R-HSA-187037,
R-HSA-198745,abstraction:IsAChildOf,R-HSA-187037,
R-HSA-198203,abstraction:IsAChildOf,R-HSA-187037,
R-HSA-198765,abstraction:IsAChildOf,R-HSA-187037,
R-HSA-198725,abstraction:IsAChildOf,R-HSA-187037,
R-HSA-187015,abstraction:IsAChildOf,R-HSA-187037,
R-HSA-177504,abstraction:IsAChildOf,R-HSA-187037,
R-HSA-187687,abstraction:IsAChildOf,R-HSA-187037,
R-HSA-1989781,abstraction:IsAChildOf,R-HSA-400206,
R-HSA-9858328,abstraction:IsAChildOf,R-HSA-71064,
R-HSA-77348,abstraction:IsAChildOf,R-HSA-77286,
R-HSA-77352,abstraction:IsAChildOf,R-HSA-77286,
R-HSA-77346,abstraction:IsAChildOf,R-HSA-77286,
R-HSA-77310,abstraction:IsAChildOf,R-HSA-77286,
R-HSA-77305,abstraction:IsAChildOf,R-HSA-77286,
R-HSA-77350,abstraction:IsAChildOf,R-HSA-77286,
R-HSA-77285,abstraction:IsAChildOf,R-HSA-77286,
R-HSA-9764260,abstraction:IsAChildOf,R-HSA-9759476,
R-HSA-9764274,abstraction:IsAChildOf,R-HSA-9759476,
R-HSA-9617629,abstraction:IsAChildOf,R-HSA-9614085,
R-HSA-9615017,abstraction:IsAChildOf,R-HSA-9614085,
R-HSA-9614657,abstraction:IsAChildOf,R-HSA-9614085,
R-HSA-9614399,abstraction:IsAChildOf,R-HSA-9614085,
R-HSA-9617828,abstraction:IsAChildOf,R-HSA-9614085,
R-HSA-351200,abstraction:IsAChildOf,R-HSA-351202,
R-HSA-351143,abstraction:IsAChildOf,R-HSA-351202,
R-HSA-350562,abstraction:IsAChildOf,R-HSA-351202,
R-HSA-110330,abstraction:IsAChildOf,R-HSA-73927,
R-HSA-110331,abstraction:IsAChildOf,R-HSA-73927,
R-HSA-9856649,abstraction:IsAChildOf,R-HSA-9730414,
R-HSA-9856651,abstraction:IsAChildOf,R-HSA-9730414,
R-HSA-72737,abstraction:IsAChildOf,R-HSA-72613,
R-HSA-156827,abstraction:IsAChildOf,R-HSA-72613,
R-HSA-8956319,abstraction:IsAChildOf,R-HSA-15869,
R-HSA-8956320,abstraction:IsAChildOf,R-HSA-15869,
R-HSA-8956321,abstraction:IsAChildOf,R-HSA-15869,
R-HSA-499943,abstraction:IsAChildOf,R-HSA-15869,
R-HSA-110328,abstraction:IsAChildOf,R-HSA-73928,
R-HSA-110329,abstraction:IsAChildOf,R-HSA-73928,
R-HSA-8950505,abstraction:IsAChildOf,R-HSA-9020591,
R-HSA-427601,abstraction:IsAChildOf,R-HSA-9958790,
R-HSA-426117,abstraction:IsAChildOf,R-HSA-9958790,
R-HSA-433137,abstraction:IsAChildOf,R-HSA-9958790,
R-HSA-425381,abstraction:IsAChildOf,R-HSA-9958790,
R-HSA-427652,abstraction:IsAChildOf,R-HSA-9958790,
R-HSA-8963676,abstraction:IsAChildOf,R-HSA-8963743,
R-HSA-8935690,abstraction:IsAChildOf,R-HSA-8963743,
R-HSA-975871,abstraction:IsAChildOf,R-HSA-168176,
R-HSA-9865125,abstraction:IsAChildOf,R-HSA-9865114,
R-HSA-9865113,abstraction:IsAChildOf,R-HSA-9865114,
R-HSA-9907570,abstraction:IsAChildOf,R-HSA-9865114,
R-HSA-9912529,abstraction:IsAChildOf,R-HSA-9865114,
R-HSA-5083629,abstraction:IsAChildOf,R-HSA-3906995,
R-HSA-5083625,abstraction:IsAChildOf,R-HSA-3906995,
R-HSA-5083635,abstraction:IsAChildOf,R-HSA-3906995,
R-HSA-5083628,abstraction:IsAChildOf,R-HSA-3906995,
R-HSA-5083627,abstraction:IsAChildOf,R-HSA-3906995,
R-HSA-5083636,abstraction:IsAChildOf,R-HSA-3906995,
R-HSA-5083633,abstraction:IsAChildOf,R-HSA-3906995,
R-HSA-5083632,abstraction:IsAChildOf,R-HSA-3906995,
R-HSA-5083630,abstraction:IsAChildOf,R-HSA-3906995,
R-HSA-112303,abstraction:IsAChildOf,R-HSA-112307,
R-HSA-109704,abstraction:IsAChildOf,R-HSA-112399,
R-HSA-112412,abstraction:IsAChildOf,R-HSA-112399,
R-HSA-9841922,abstraction:IsAChildOf,R-HSA-9851695,
R-HSA-3108232,abstraction:IsAChildOf,R-HSA-2990846,
R-HSA-3215018,abstraction:IsAChildOf,R-HSA-2990846,
R-HSA-9634597,abstraction:IsAChildOf,R-HSA-418555,
R-HSA-1660662,abstraction:IsAChildOf,R-HSA-428157,
R-HSA-9845614,abstraction:IsAChildOf,R-HSA-428157,
R-HSA-1660661,abstraction:IsAChildOf,R-HSA-428157,
R-HSA-73621,abstraction:IsAChildOf,R-HSA-8956319,
R-HSA-74259,abstraction:IsAChildOf,R-HSA-8956319,
R-HSA-8850843,abstraction:IsAChildOf,R-HSA-8956319,
R-HSA-5625970,abstraction:IsAChildOf,R-HSA-195258,
R-HSA-5625900,abstraction:IsAChildOf,R-HSA-195258,
R-HSA-5668599,abstraction:IsAChildOf,R-HSA-195258,
R-HSA-5663220,abstraction:IsAChildOf,R-HSA-195258,
R-HSA-5666185,abstraction:IsAChildOf,R-HSA-195258,
R-HSA-5627117,abstraction:IsAChildOf,R-HSA-195258,
R-HSA-5626467,abstraction:IsAChildOf,R-HSA-195258,
R-HSA-5663213,abstraction:IsAChildOf,R-HSA-195258,
R-HSA-5625740,abstraction:IsAChildOf,R-HSA-195258,
R-HSA-5627083,abstraction:IsAChildOf,R-HSA-195258,
R-HSA-5627123,abstraction:IsAChildOf,R-HSA-195258,
R-HSA-190840,abstraction:IsAChildOf,R-HSA-190872,
R-HSA-9859138,abstraction:IsAChildOf,R-HSA-70895,
R-HSA-9658195,abstraction:IsAChildOf,R-HSA-9824443,
R-HSA-187577,abstraction:IsAChildOf,R-HSA-69656,
R-HSA-9845619,abstraction:IsAChildOf,R-HSA-9823587,
R-HSA-9845622,abstraction:IsAChildOf,R-HSA-9823587,
R-HSA-9845621,abstraction:IsAChildOf,R-HSA-9823587,
R-HSA-9846298,abstraction:IsAChildOf,R-HSA-9823587,
R-HSA-9845620,abstraction:IsAChildOf,R-HSA-9823587,
R-HSA-69601,abstraction:IsAChildOf,R-HSA-69613,
R-HSA-420499,abstraction:IsAChildOf,R-HSA-500792,
R-HSA-373080,abstraction:IsAChildOf,R-HSA-500792,
R-HSA-373076,abstraction:IsAChildOf,R-HSA-500792,
R-HSA-352238,abstraction:IsAChildOf,R-HSA-111465,
R-HSA-264870,abstraction:IsAChildOf,R-HSA-111465,
R-HSA-351906,abstraction:IsAChildOf,R-HSA-111465,
R-HSA-9662851,abstraction:IsAChildOf,R-HSA-9664433,
R-HSA-74749,abstraction:IsAChildOf,R-HSA-74751,
R-HSA-74713,abstraction:IsAChildOf,R-HSA-74751,
R-HSA-112399,abstraction:IsAChildOf,R-HSA-74751,
R-HSA-3656253,abstraction:IsAChildOf,R-HSA-3560782,
R-HSA-3560801,abstraction:IsAChildOf,R-HSA-3560782,
R-HSA-3595174,abstraction:IsAChildOf,R-HSA-3560782,
R-HSA-3656248,abstraction:IsAChildOf,R-HSA-3560782,
R-HSA-3656243,abstraction:IsAChildOf,R-HSA-3560782,
R-HSA-3595172,abstraction:IsAChildOf,R-HSA-3560782,
R-HSA-3595177,abstraction:IsAChildOf,R-HSA-3560782,
R-HSA-3656225,abstraction:IsAChildOf,R-HSA-3560782,
R-HSA-3656244,abstraction:IsAChildOf,R-HSA-3560782,
R-HSA-3656234,abstraction:IsAChildOf,R-HSA-3560782,
R-HSA-4420332,abstraction:IsAChildOf,R-HSA-3560782,
R-HSA-3560792,abstraction:IsAChildOf,R-HSA-3560782,
R-HSA-3656237,abstraction:IsAChildOf,R-HSA-3560782,
R-HSA-3560796,abstraction:IsAChildOf,R-HSA-3560782,
R-HSA-3560783,abstraction:IsAChildOf,R-HSA-3560782,
R-HSA-3359463,abstraction:IsAChildOf,R-HSA-3296469,
R-HSA-3359471,abstraction:IsAChildOf,R-HSA-3296469,
R-HSA-3359474,abstraction:IsAChildOf,R-HSA-3296469,
R-HSA-5683329,abstraction:IsAChildOf,R-HSA-3296469,
R-HSA-3359475,abstraction:IsAChildOf,R-HSA-3296469,
R-HSA-3359467,abstraction:IsAChildOf,R-HSA-3296469,
R-HSA-3359473,abstraction:IsAChildOf,R-HSA-3296469,
R-HSA-3359485,abstraction:IsAChildOf,R-HSA-3296469,
R-HSA-3359457,abstraction:IsAChildOf,R-HSA-3296469,
R-HSA-3359469,abstraction:IsAChildOf,R-HSA-3296469,
R-HSA-3359454,abstraction:IsAChildOf,R-HSA-3296469,
R-HSA-3359462,abstraction:IsAChildOf,R-HSA-3296469,
R-HSA-429947,abstraction:IsAChildOf,R-HSA-429914,
R-HSA-429958,abstraction:IsAChildOf,R-HSA-429914,
R-HSA-430039,abstraction:IsAChildOf,R-HSA-429914,
R-HSA-9609690,abstraction:IsAChildOf,R-HSA-9609646,
R-HSA-9610379,abstraction:IsAChildOf,R-HSA-9609646,
R-HSA-9706574,abstraction:IsAChildOf,R-HSA-9012999,
R-HSA-9013420,abstraction:IsAChildOf,R-HSA-9012999,
R-HSA-9013408,abstraction:IsAChildOf,R-HSA-9012999,
R-HSA-9696270,abstraction:IsAChildOf,R-HSA-9012999,
R-HSA-9013405,abstraction:IsAChildOf,R-HSA-9012999,
R-HSA-9013406,abstraction:IsAChildOf,R-HSA-9012999,
R-HSA-9013424,abstraction:IsAChildOf,R-HSA-9012999,
R-HSA-9035034,abstraction:IsAChildOf,R-HSA-9012999,
R-HSA-9696273,abstraction:IsAChildOf,R-HSA-9012999,
R-HSA-9013404,abstraction:IsAChildOf,R-HSA-9012999,
R-HSA-9013106,abstraction:IsAChildOf,R-HSA-9012999,
R-HSA-9013149,abstraction:IsAChildOf,R-HSA-9012999,
R-HSA-9013409,abstraction:IsAChildOf,R-HSA-9012999,
R-HSA-9013026,abstraction:IsAChildOf,R-HSA-9012999,
R-HSA-9013423,abstraction:IsAChildOf,R-HSA-9012999,
R-HSA-9696264,abstraction:IsAChildOf,R-HSA-9012999,
R-HSA-9013407,abstraction:IsAChildOf,R-HSA-9012999,
R-HSA-9013148,abstraction:IsAChildOf,R-HSA-9012999,
R-HSA-8980692,abstraction:IsAChildOf,R-HSA-9012999,
R-HSA-72202,abstraction:IsAChildOf,R-HSA-72203,
R-HSA-72172,abstraction:IsAChildOf,R-HSA-72203,
R-HSA-72187,abstraction:IsAChildOf,R-HSA-72203,
R-HSA-9833576,abstraction:IsAChildOf,R-HSA-9762292,
R-HSA-9820448,abstraction:IsAChildOf,R-HSA-9734767,
R-HSA-9734779,abstraction:IsAChildOf,R-HSA-9734767,
R-HSA-389958,abstraction:IsAChildOf,R-HSA-390466,
R-HSA-390471,abstraction:IsAChildOf,R-HSA-390466,
R-HSA-6814122,abstraction:IsAChildOf,R-HSA-390466,
R-HSA-3371599,abstraction:IsAChildOf,R-HSA-3323169,
R-HSA-3371598,abstraction:IsAChildOf,R-HSA-3323169,
R-HSA-9603505,abstraction:IsAChildOf,R-HSA-9034015,
R-HSA-9034013,abstraction:IsAChildOf,R-HSA-9034015,
R-HSA-9603381,abstraction:IsAChildOf,R-HSA-9034015,
R-HSA-9034864,abstraction:IsAChildOf,R-HSA-9034015,
R-HSA-9034793,abstraction:IsAChildOf,R-HSA-9034015,
R-HSA-201681,abstraction:IsAChildOf,R-HSA-195721,
R-HSA-3238698,abstraction:IsAChildOf,R-HSA-195721,
R-HSA-195253,abstraction:IsAChildOf,R-HSA-195721,
R-HSA-3858494,abstraction:IsAChildOf,R-HSA-195721,
R-HSA-191859,abstraction:IsAChildOf,R-HSA-194441,
R-HSA-9755511,abstraction:IsAChildOf,R-HSA-9711123,
R-HSA-9707564,abstraction:IsAChildOf,R-HSA-9711123,
R-HSA-3299685,abstraction:IsAChildOf,R-HSA-9711123,
R-HSA-9033807,abstraction:IsAChildOf,R-HSA-9033658,
R-HSA-9037628,abstraction:IsAChildOf,R-HSA-9033658,
R-HSA-9037629,abstraction:IsAChildOf,R-HSA-9033658,
R-HSA-2179392,abstraction:IsAChildOf,R-HSA-881907,
R-HSA-9017802,abstraction:IsAChildOf,R-HSA-9013507,
R-HSA-3295583,abstraction:IsAChildOf,R-HSA-2672351,
R-HSA-9735786,abstraction:IsAChildOf,R-HSA-9735804,
R-HSA-9734207,abstraction:IsAChildOf,R-HSA-9735804,
R-HSA-112307,abstraction:IsAChildOf,R-HSA-112316,
R-HSA-1296071,abstraction:IsAChildOf,R-HSA-112316,
R-HSA-6794362,abstraction:IsAChildOf,R-HSA-112316,
R-HSA-112315,abstraction:IsAChildOf,R-HSA-112316,
R-HSA-9735763,abstraction:IsAChildOf,R-HSA-9735786,
R-HSA-1483255,abstraction:IsAChildOf,R-HSA-1483257,
R-HSA-1483206,abstraction:IsAChildOf,R-HSA-1483257,
R-HSA-174411,abstraction:IsAChildOf,R-HSA-174417,
R-HSA-174414,abstraction:IsAChildOf,R-HSA-174417,
R-HSA-174430,abstraction:IsAChildOf,R-HSA-174417,
R-HSA-9026395,abstraction:IsAChildOf,R-HSA-9018677,
R-HSA-9020265,abstraction:IsAChildOf,R-HSA-9018677,
R-HSA-9018682,abstraction:IsAChildOf,R-HSA-9018677,
R-HSA-9018676,abstraction:IsAChildOf,R-HSA-9018677,
R-HSA-9018681,abstraction:IsAChildOf,R-HSA-9018677,
R-HSA-111996,abstraction:IsAChildOf,R-HSA-112043,
R-HSA-9912633,abstraction:IsAChildOf,R-HSA-983169,
R-HSA-1236975,abstraction:IsAChildOf,R-HSA-983169,
R-HSA-983170,abstraction:IsAChildOf,R-HSA-983169,
R-HSA-983168,abstraction:IsAChildOf,R-HSA-983169,
R-HSA-2424491,abstraction:IsAChildOf,R-HSA-2172127,
R-HSA-435354,abstraction:IsAChildOf,R-HSA-425410,
R-HSA-425986,abstraction:IsAChildOf,R-HSA-425410,
R-HSA-425561,abstraction:IsAChildOf,R-HSA-425410,
R-HSA-9669921,abstraction:IsAChildOf,R-HSA-9669938,
R-HSA-9670439,abstraction:IsAChildOf,R-HSA-9669938,
R-HSA-9680187,abstraction:IsAChildOf,R-HSA-9669938,
R-HSA-9669935,abstraction:IsAChildOf,R-HSA-9669938,
R-HSA-9669937,abstraction:IsAChildOf,R-HSA-9669938,
R-HSA-9669933,abstraction:IsAChildOf,R-HSA-9669938,
R-HSA-72764,abstraction:IsAChildOf,R-HSA-72766,
R-HSA-9948299,abstraction:IsAChildOf,R-HSA-72766,
R-HSA-379724,abstraction:IsAChildOf,R-HSA-72766,
R-HSA-72613,abstraction:IsAChildOf,R-HSA-72766,
R-HSA-5368287,abstraction:IsAChildOf,R-HSA-72766,
R-HSA-156842,abstraction:IsAChildOf,R-HSA-72766,
R-HSA-1799339,abstraction:IsAChildOf,R-HSA-72766,
R-HSA-888590,abstraction:IsAChildOf,R-HSA-112310,
R-HSA-210500,abstraction:IsAChildOf,R-HSA-112310,
R-HSA-181430,abstraction:IsAChildOf,R-HSA-112310,
R-HSA-212676,abstraction:IsAChildOf,R-HSA-112310,
R-HSA-264642,abstraction:IsAChildOf,R-HSA-112310,
R-HSA-181429,abstraction:IsAChildOf,R-HSA-112310,
R-HSA-2644607,abstraction:IsAChildOf,R-HSA-2644605,
R-HSA-8854214,abstraction:IsAChildOf,R-HSA-9007101,
R-HSA-8876198,abstraction:IsAChildOf,R-HSA-9007101,
R-HSA-1222541,abstraction:IsAChildOf,R-HSA-1222499,
R-HSA-1222449,abstraction:IsAChildOf,R-HSA-1222499,
R-HSA-1222538,abstraction:IsAChildOf,R-HSA-1222499,
R-HSA-1222387,abstraction:IsAChildOf,R-HSA-1222499,
R-HSA-6802955,abstraction:IsAChildOf,R-HSA-6802957,
R-HSA-6802946,abstraction:IsAChildOf,R-HSA-6802957,
R-HSA-6802953,abstraction:IsAChildOf,R-HSA-6802957,
R-HSA-6802948,abstraction:IsAChildOf,R-HSA-6802957,
R-HSA-9660537,abstraction:IsAChildOf,R-HSA-6802957,
R-HSA-9656223,abstraction:IsAChildOf,R-HSA-6802957,
R-HSA-9652817,abstraction:IsAChildOf,R-HSA-6802957,
R-HSA-9652169,abstraction:IsAChildOf,R-HSA-6802957,
R-HSA-6802952,abstraction:IsAChildOf,R-HSA-6802957,
R-HSA-6802949,abstraction:IsAChildOf,R-HSA-6802957,
R-HSA-173736,abstraction:IsAChildOf,R-HSA-166663,
R-HSA-166786,abstraction:IsAChildOf,R-HSA-166663,
R-HSA-167200,abstraction:IsAChildOf,R-HSA-167246,
R-HSA-418359,abstraction:IsAChildOf,R-HSA-418360,
R-HSA-139853,abstraction:IsAChildOf,R-HSA-418360,
R-HSA-209931,abstraction:IsAChildOf,R-HSA-209776,
R-HSA-209968,abstraction:IsAChildOf,R-HSA-209776,
R-HSA-209905,abstraction:IsAChildOf,R-HSA-209776,
R-HSA-164378,abstraction:IsAChildOf,R-HSA-163359,
R-HSA-166665,abstraction:IsAChildOf,R-HSA-166658,
R-HSA-977606,abstraction:IsAChildOf,R-HSA-166658,
R-HSA-166663,abstraction:IsAChildOf,R-HSA-166658,
R-HSA-174577,abstraction:IsAChildOf,R-HSA-166658,
R-HSA-9679514,abstraction:IsAChildOf,R-HSA-9678108,
R-HSA-9679509,abstraction:IsAChildOf,R-HSA-9678108,
R-HSA-9679504,abstraction:IsAChildOf,R-HSA-9678108,
R-HSA-9683701,abstraction:IsAChildOf,R-HSA-9678108,
R-HSA-9678110,abstraction:IsAChildOf,R-HSA-9678108,
R-HSA-9692914,abstraction:IsAChildOf,R-HSA-9678108,
R-HSA-2033514,abstraction:IsAChildOf,R-HSA-5655332,
R-HSA-6783984,abstraction:IsAChildOf,R-HSA-389661,
R-HSA-5357956,abstraction:IsAChildOf,R-HSA-75893,
R-HSA-5357786,abstraction:IsAChildOf,R-HSA-75893,
R-HSA-5357905,abstraction:IsAChildOf,R-HSA-75893,
R-HSA-5626978,abstraction:IsAChildOf,R-HSA-75893,
R-HSA-417973,abstraction:IsAChildOf,R-HSA-418038,
R-HSA-417957,abstraction:IsAChildOf,R-HSA-418038,
R-HSA-1433617,abstraction:IsAChildOf,R-HSA-1181150,
R-HSA-1839128,abstraction:IsAChildOf,R-HSA-5655291,
R-HSA-2995410,abstraction:IsAChildOf,R-HSA-68882,
R-HSA-2467813,abstraction:IsAChildOf,R-HSA-68882,
R-HSA-174437,abstraction:IsAChildOf,R-HSA-174414,
R-HSA-112310,abstraction:IsAChildOf,R-HSA-112315,
R-HSA-112308,abstraction:IsAChildOf,R-HSA-112315,
R-HSA-112313,abstraction:IsAChildOf,R-HSA-112315,
R-HSA-112311,abstraction:IsAChildOf,R-HSA-112315,
R-HSA-112314,abstraction:IsAChildOf,R-HSA-112315,
R-HSA-211957,abstraction:IsAChildOf,R-HSA-211981,
R-HSA-211999,abstraction:IsAChildOf,R-HSA-211981,
R-HSA-450294,abstraction:IsAChildOf,R-HSA-448424,
R-HSA-1295596,abstraction:IsAChildOf,R-HSA-5654727,
R-HSA-2514853,abstraction:IsAChildOf,R-HSA-68877,
R-HSA-380320,abstraction:IsAChildOf,R-HSA-68877,
R-HSA-9648025,abstraction:IsAChildOf,R-HSA-68877,
R-HSA-2500257,abstraction:IsAChildOf,R-HSA-68877,
R-HSA-1500620,abstraction:IsAChildOf,R-HSA-1474165,
R-HSA-9827857,abstraction:IsAChildOf,R-HSA-1474165,
R-HSA-1187000,abstraction:IsAChildOf,R-HSA-1474165,
R-HSA-163765,abstraction:IsAChildOf,R-HSA-163685,
R-HSA-163767,abstraction:IsAChildOf,R-HSA-163685,
R-HSA-163680,abstraction:IsAChildOf,R-HSA-163685,
R-HSA-163754,abstraction:IsAChildOf,R-HSA-163685,
R-HSA-163359,abstraction:IsAChildOf,R-HSA-163685,
R-HSA-422356,abstraction:IsAChildOf,R-HSA-163685,
R-HSA-163358,abstraction:IsAChildOf,R-HSA-163685,
R-HSA-68949,abstraction:IsAChildOf,R-HSA-69052,
R-HSA-69017,abstraction:IsAChildOf,R-HSA-69052,
R-HSA-111367,abstraction:IsAChildOf,R-HSA-75067,
R-HSA-77588,abstraction:IsAChildOf,R-HSA-75067,
R-HSA-77595,abstraction:IsAChildOf,R-HSA-75067,
R-HSA-3769402,abstraction:IsAChildOf,R-HSA-201681,
R-HSA-4641262,abstraction:IsAChildOf,R-HSA-201681,
R-HSA-4641263,abstraction:IsAChildOf,R-HSA-201681,
R-HSA-3772470,abstraction:IsAChildOf,R-HSA-201681,
R-HSA-4641258,abstraction:IsAChildOf,R-HSA-201681,
R-HSA-201722,abstraction:IsAChildOf,R-HSA-201681,
R-HSA-201688,abstraction:IsAChildOf,R-HSA-201681,
R-HSA-5368598,abstraction:IsAChildOf,R-HSA-201681,
R-HSA-4641257,abstraction:IsAChildOf,R-HSA-201681,
R-HSA-426048,abstraction:IsAChildOf,R-HSA-114508,
R-HSA-5607761,abstraction:IsAChildOf,R-HSA-5607764,
R-HSA-5607763,abstraction:IsAChildOf,R-HSA-5607764,
R-HSA-5660668,abstraction:IsAChildOf,R-HSA-5607764,
R-HSA-174495,abstraction:IsAChildOf,R-HSA-175474,
R-HSA-171286,abstraction:IsAChildOf,R-HSA-175474,
R-HSA-9034015,abstraction:IsAChildOf,R-HSA-166520,
R-HSA-9036866,abstraction:IsAChildOf,R-HSA-166520,
R-HSA-187037,abstraction:IsAChildOf,R-HSA-166520,
R-HSA-9006115,abstraction:IsAChildOf,R-HSA-166520,
R-HSA-2559584,abstraction:IsAChildOf,R-HSA-2559586,
R-HSA-8856828,abstraction:IsAChildOf,R-HSA-199991,
R-HSA-199977,abstraction:IsAChildOf,R-HSA-199991,
R-HSA-199992,abstraction:IsAChildOf,R-HSA-199991,
R-HSA-1445148,abstraction:IsAChildOf,R-HSA-199991,
R-HSA-917729,abstraction:IsAChildOf,R-HSA-199991,
R-HSA-6811442,abstraction:IsAChildOf,R-HSA-199991,
R-HSA-9007101,abstraction:IsAChildOf,R-HSA-199991,
R-HSA-157858,abstraction:IsAChildOf,R-HSA-199991,
R-HSA-9674415,abstraction:IsAChildOf,R-HSA-9671555,
R-HSA-9673767,abstraction:IsAChildOf,R-HSA-9671555,
R-HSA-9674428,abstraction:IsAChildOf,R-HSA-9671555,
R-HSA-9673770,abstraction:IsAChildOf,R-HSA-9671555,
R-HSA-9673768,abstraction:IsAChildOf,R-HSA-9671555,
R-HSA-9673766,abstraction:IsAChildOf,R-HSA-9671555,
R-HSA-70350,abstraction:IsAChildOf,R-HSA-5652084,
R-HSA-5652227,abstraction:IsAChildOf,R-HSA-5652084,
R-HSA-9727281,abstraction:IsAChildOf,R-HSA-9772573,
R-HSA-9694635,abstraction:IsAChildOf,R-HSA-9772573,
R-HSA-9694322,abstraction:IsAChildOf,R-HSA-9772573,
R-HSA-9733458,abstraction:IsAChildOf,R-HSA-9772573,
R-HSA-163615,abstraction:IsAChildOf,R-HSA-111931,
R-HSA-1679131,abstraction:IsAChildOf,R-HSA-168898,
R-HSA-166016,abstraction:IsAChildOf,R-HSA-168898,
R-HSA-181438,abstraction:IsAChildOf,R-HSA-168898,
R-HSA-168138,abstraction:IsAChildOf,R-HSA-168898,
R-HSA-168142,abstraction:IsAChildOf,R-HSA-168898,
R-HSA-5686938,abstraction:IsAChildOf,R-HSA-168898,
R-HSA-168181,abstraction:IsAChildOf,R-HSA-168898,
R-HSA-168176,abstraction:IsAChildOf,R-HSA-168898,
R-HSA-168164,abstraction:IsAChildOf,R-HSA-168898,
R-HSA-203641,abstraction:IsAChildOf,R-HSA-202131,
R-HSA-203754,abstraction:IsAChildOf,R-HSA-202131,
R-HSA-203615,abstraction:IsAChildOf,R-HSA-202131,
R-HSA-4411364,abstraction:IsAChildOf,R-HSA-201722,
R-HSA-450385,abstraction:IsAChildOf,R-HSA-450531,
R-HSA-450408,abstraction:IsAChildOf,R-HSA-450531,
R-HSA-450513,abstraction:IsAChildOf,R-HSA-450531,
R-HSA-450604,abstraction:IsAChildOf,R-HSA-450531,
R-HSA-450520,abstraction:IsAChildOf,R-HSA-450531,
R-HSA-9717329,abstraction:IsAChildOf,R-HSA-9700649,
R-HSA-9717264,abstraction:IsAChildOf,R-HSA-9700649,
R-HSA-9717326,abstraction:IsAChildOf,R-HSA-9700649,
R-HSA-9717319,abstraction:IsAChildOf,R-HSA-9700649,
R-HSA-9717323,abstraction:IsAChildOf,R-HSA-9700649,
R-HSA-9717301,abstraction:IsAChildOf,R-HSA-9700649,
R-HSA-9717316,abstraction:IsAChildOf,R-HSA-9700649,
R-HSA-9860931,abstraction:IsAChildOf,R-HSA-9855142,
R-HSA-9856532,abstraction:IsAChildOf,R-HSA-9855142,
R-HSA-170822,abstraction:IsAChildOf,R-HSA-70171,
R-HSA-9634600,abstraction:IsAChildOf,R-HSA-70171,
R-HSA-1500620,abstraction:IsAChildOf,R-HSA-1640170,
R-HSA-69620,abstraction:IsAChildOf,R-HSA-1640170,
R-HSA-69278,abstraction:IsAChildOf,R-HSA-1640170,
R-HSA-73886,abstraction:IsAChildOf,R-HSA-1640170,
R-HSA-9667769,abstraction:IsAChildOf,R-HSA-9662361,
R-HSA-167060,abstraction:IsAChildOf,R-HSA-9036866,
R-HSA-8875656,abstraction:IsAChildOf,R-HSA-6806834,
R-HSA-8851907,abstraction:IsAChildOf,R-HSA-6806834,
R-HSA-8865999,abstraction:IsAChildOf,R-HSA-6806834,
R-HSA-6807004,abstraction:IsAChildOf,R-HSA-6806834,
R-HSA-8875791,abstraction:IsAChildOf,R-HSA-6806834,
R-HSA-8851805,abstraction:IsAChildOf,R-HSA-6806834,
R-HSA-6806942,abstraction:IsAChildOf,R-HSA-6806834,
R-HSA-8875878,abstraction:IsAChildOf,R-HSA-6806834,
R-HSA-9837092,abstraction:IsAChildOf,R-HSA-9836573,
R-HSA-2022857,abstraction:IsAChildOf,R-HSA-1638074,
R-HSA-2022854,abstraction:IsAChildOf,R-HSA-1638074,
R-HSA-9632974,abstraction:IsAChildOf,R-HSA-9024446,
R-HSA-9623433,abstraction:IsAChildOf,R-HSA-9024446,
R-HSA-9031525,abstraction:IsAChildOf,R-HSA-9024446,
R-HSA-9029558,abstraction:IsAChildOf,R-HSA-9024446,
R-HSA-9029569,abstraction:IsAChildOf,R-HSA-9024446,
R-HSA-9031528,abstraction:IsAChildOf,R-HSA-9024446,
R-HSA-1307965,abstraction:IsAChildOf,R-HSA-190322,
R-HSA-446205,abstraction:IsAChildOf,R-HSA-446219,
R-HSA-6787639,abstraction:IsAChildOf,R-HSA-446219,
R-HSA-480985,abstraction:IsAChildOf,R-HSA-446219,
R-HSA-446199,abstraction:IsAChildOf,R-HSA-446219,
R-HSA-162699,abstraction:IsAChildOf,R-HSA-446219,
R-HSA-4085001,abstraction:IsAChildOf,R-HSA-446219,
R-HSA-446210,abstraction:IsAChildOf,R-HSA-446219,
R-HSA-2151209,abstraction:IsAChildOf,R-HSA-1592230,
R-HSA-8949613,abstraction:IsAChildOf,R-HSA-1592230,
R-HSA-2151201,abstraction:IsAChildOf,R-HSA-1592230,
R-HSA-5250981,abstraction:IsAChildOf,R-HSA-168799,
R-HSA-5250958,abstraction:IsAChildOf,R-HSA-168799,
R-HSA-5250989,abstraction:IsAChildOf,R-HSA-168799,
R-HSA-5250992,abstraction:IsAChildOf,R-HSA-168799,
R-HSA-5250968,abstraction:IsAChildOf,R-HSA-168799,
R-HSA-5250982,abstraction:IsAChildOf,R-HSA-168799,
R-HSA-5250971,abstraction:IsAChildOf,R-HSA-168799,
R-HSA-5250955,abstraction:IsAChildOf,R-HSA-168799,
R-HSA-9026766,abstraction:IsAChildOf,R-HSA-9026395,
R-HSA-9026762,abstraction:IsAChildOf,R-HSA-9026395,
R-HSA-196783,abstraction:IsAChildOf,R-HSA-199220,
R-HSA-9657689,abstraction:IsAChildOf,R-HSA-9651496,
R-HSA-9662001,abstraction:IsAChildOf,R-HSA-9651496,
R-HSA-9657688,abstraction:IsAChildOf,R-HSA-9651496,
R-HSA-9668250,abstraction:IsAChildOf,R-HSA-9651496,
R-HSA-9672383,abstraction:IsAChildOf,R-HSA-9651496,
R-HSA-349425,abstraction:IsAChildOf,R-HSA-69541,
R-HSA-68877,abstraction:IsAChildOf,R-HSA-68886,
R-HSA-68884,abstraction:IsAChildOf,R-HSA-68886,
R-HSA-68875,abstraction:IsAChildOf,R-HSA-68886,
R-HSA-2555396,abstraction:IsAChildOf,R-HSA-68886,
R-HSA-112411,abstraction:IsAChildOf,R-HSA-112409,
R-HSA-110056,abstraction:IsAChildOf,R-HSA-112409,
R-HSA-5651801,abstraction:IsAChildOf,R-HSA-110373,
R-HSA-110362,abstraction:IsAChildOf,R-HSA-110373,
R-HSA-1980143,abstraction:IsAChildOf,R-HSA-157118,
R-HSA-1980145,abstraction:IsAChildOf,R-HSA-157118,
R-HSA-1912422,abstraction:IsAChildOf,R-HSA-157118,
R-HSA-9012852,abstraction:IsAChildOf,R-HSA-157118,
R-HSA-9013694,abstraction:IsAChildOf,R-HSA-157118,
R-HSA-8949664,abstraction:IsAChildOf,R-HSA-8949215,
R-HSA-111885,abstraction:IsAChildOf,R-HSA-418594,
R-HSA-9025106,abstraction:IsAChildOf,R-HSA-9018683,
R-HSA-9025094,abstraction:IsAChildOf,R-HSA-9018683,
R-HSA-3645790,abstraction:IsAChildOf,R-HSA-3642278,
R-HSA-3642279,abstraction:IsAChildOf,R-HSA-3642278,
R-HSA-2046106,abstraction:IsAChildOf,R-HSA-2046104,
R-HSA-2046105,abstraction:IsAChildOf,R-HSA-2046104,
R-HSA-9682706,abstraction:IsAChildOf,R-HSA-9679514,
R-HSA-9682708,abstraction:IsAChildOf,R-HSA-9679514,
R-HSA-9638334,abstraction:IsAChildOf,R-HSA-9638482,
R-HSA-9927020,abstraction:IsAChildOf,R-HSA-9638482,
R-HSA-975144,abstraction:IsAChildOf,R-HSA-975138,
R-HSA-450294,abstraction:IsAChildOf,R-HSA-975138,
R-HSA-975163,abstraction:IsAChildOf,R-HSA-975138,
R-HSA-445989,abstraction:IsAChildOf,R-HSA-975138,
R-HSA-9764302,abstraction:IsAChildOf,R-HSA-9764260,
R-HSA-9759475,abstraction:IsAChildOf,R-HSA-9764260,
R-HSA-2470946,abstraction:IsAChildOf,R-HSA-68884,
R-HSA-418457,abstraction:IsAChildOf,R-HSA-392154,
R-HSA-8948700,abstraction:IsAChildOf,R-HSA-8943723,
R-HSA-9638771,abstraction:IsAChildOf,R-HSA-9638737,
R-HSA-9913143,abstraction:IsAChildOf,R-HSA-9638737,
R-HSA-8939236,abstraction:IsAChildOf,R-HSA-8878171,
R-HSA-8939242,abstraction:IsAChildOf,R-HSA-8878171,
R-HSA-8877330,abstraction:IsAChildOf,R-HSA-8878171,
R-HSA-8939246,abstraction:IsAChildOf,R-HSA-8878171,
R-HSA-8936459,abstraction:IsAChildOf,R-HSA-8878171,
R-HSA-8939243,abstraction:IsAChildOf,R-HSA-8878171,
R-HSA-8939245,abstraction:IsAChildOf,R-HSA-8878171,
R-HSA-8939247,abstraction:IsAChildOf,R-HSA-8878171,
R-HSA-8939256,abstraction:IsAChildOf,R-HSA-8878171,
R-HSA-8934593,abstraction:IsAChildOf,R-HSA-8878171,
R-HSA-8935964,abstraction:IsAChildOf,R-HSA-8878171,
R-HSA-8931987,abstraction:IsAChildOf,R-HSA-8878171,
R-HSA-209822,abstraction:IsAChildOf,R-HSA-209952,
R-HSA-210744,abstraction:IsAChildOf,R-HSA-186712,
R-HSA-210746,abstraction:IsAChildOf,R-HSA-186712,
R-HSA-210747,abstraction:IsAChildOf,R-HSA-186712,
R-HSA-210745,abstraction:IsAChildOf,R-HSA-186712,
R-HSA-9715370,abstraction:IsAChildOf,R-HSA-9716542,
R-HSA-9706019,abstraction:IsAChildOf,R-HSA-9716542,
R-HSA-194315,abstraction:IsAChildOf,R-HSA-9716542,
R-HSA-5693616,abstraction:IsAChildOf,R-HSA-5693579,
R-HSA-6790901,abstraction:IsAChildOf,R-HSA-8868773,
R-HSA-6791226,abstraction:IsAChildOf,R-HSA-8868773,
R-HSA-73728,abstraction:IsAChildOf,R-HSA-73854,
R-HSA-73762,abstraction:IsAChildOf,R-HSA-73854,
R-HSA-73772,abstraction:IsAChildOf,R-HSA-73854,
R-HSA-9937080,abstraction:IsAChildOf,R-HSA-9820448,
R-HSA-9925561,abstraction:IsAChildOf,R-HSA-9820448,
R-HSA-9925563,abstraction:IsAChildOf,R-HSA-9820448,
R-HSA-3000170,abstraction:IsAChildOf,R-HSA-3000171,
R-HSA-9913351,abstraction:IsAChildOf,R-HSA-3000171,
R-HSA-73614,abstraction:IsAChildOf,R-HSA-8956321,
R-HSA-74217,abstraction:IsAChildOf,R-HSA-8956321,
R-HSA-2644606,abstraction:IsAChildOf,R-HSA-2644602,
R-HSA-168874,abstraction:IsAChildOf,R-HSA-168316,
R-HSA-9005891,abstraction:IsAChildOf,R-HSA-9005895,
R-HSA-3065679,abstraction:IsAChildOf,R-HSA-3215018,
R-HSA-3065676,abstraction:IsAChildOf,R-HSA-3215018,
R-HSA-3065678,abstraction:IsAChildOf,R-HSA-3215018,
R-HSA-9915355,abstraction:IsAChildOf,R-HSA-9865118,
R-HSA-9914355,abstraction:IsAChildOf,R-HSA-9865118,
R-HSA-9914274,abstraction:IsAChildOf,R-HSA-9865118,
R-HSA-9916720,abstraction:IsAChildOf,R-HSA-9865118,
R-HSA-9909438,abstraction:IsAChildOf,R-HSA-9865118,
R-HSA-9865114,abstraction:IsAChildOf,R-HSA-9865118,
R-HSA-9916722,abstraction:IsAChildOf,R-HSA-9865118,
R-HSA-9912481,abstraction:IsAChildOf,R-HSA-9865118,
R-HSA-8964058,abstraction:IsAChildOf,R-HSA-8963899,
R-HSA-8964041,abstraction:IsAChildOf,R-HSA-8963899,
R-HSA-8963901,abstraction:IsAChildOf,R-HSA-8963899,
R-HSA-8963889,abstraction:IsAChildOf,R-HSA-8963899,
R-HSA-1247673,abstraction:IsAChildOf,R-HSA-1480926,
R-HSA-1237044,abstraction:IsAChildOf,R-HSA-1480926,
R-HSA-156902,abstraction:IsAChildOf,R-HSA-156842,
R-HSA-164952,abstraction:IsAChildOf,R-HSA-162909,
R-HSA-180585,abstraction:IsAChildOf,R-HSA-162909,
R-HSA-180689,abstraction:IsAChildOf,R-HSA-162909,
R-HSA-180534,abstraction:IsAChildOf,R-HSA-162909,
R-HSA-176033,abstraction:IsAChildOf,R-HSA-162909,
R-HSA-176034,abstraction:IsAChildOf,R-HSA-162909,
R-HSA-177243,abstraction:IsAChildOf,R-HSA-162909,
R-HSA-9633012,abstraction:IsAChildOf,R-HSA-9711097,
R-HSA-9639288,abstraction:IsAChildOf,R-HSA-9711097,
R-HSA-3371568,abstraction:IsAChildOf,R-HSA-3371571,
R-HSA-9752946,abstraction:IsAChildOf,R-HSA-381753,
R-HSA-141424,abstraction:IsAChildOf,R-HSA-69618,
R-HSA-141405,abstraction:IsAChildOf,R-HSA-69618,
R-HSA-9619483,abstraction:IsAChildOf,R-HSA-438064,
R-HSA-9620244,abstraction:IsAChildOf,R-HSA-438064,
R-HSA-442742,abstraction:IsAChildOf,R-HSA-438064,
R-HSA-442720,abstraction:IsAChildOf,R-HSA-438064,
R-HSA-442729,abstraction:IsAChildOf,R-HSA-438064,
R-HSA-9619229,abstraction:IsAChildOf,R-HSA-438064,
R-HSA-1358803,abstraction:IsAChildOf,R-HSA-8863795,
R-HSA-2160456,abstraction:IsAChildOf,R-HSA-5668914,
R-HSA-3296482,abstraction:IsAChildOf,R-HSA-5668914,
R-HSA-3781865,abstraction:IsAChildOf,R-HSA-5668914,
R-HSA-5579029,abstraction:IsAChildOf,R-HSA-5668914,
R-HSA-5579031,abstraction:IsAChildOf,R-HSA-5668914,
R-HSA-9865118,abstraction:IsAChildOf,R-HSA-5668914,
R-HSA-2978092,abstraction:IsAChildOf,R-HSA-5668914,
R-HSA-5687613,abstraction:IsAChildOf,R-HSA-5668914,
R-HSA-5663084,abstraction:IsAChildOf,R-HSA-5668914,
R-HSA-9735804,abstraction:IsAChildOf,R-HSA-5668914,
R-HSA-9759774,abstraction:IsAChildOf,R-HSA-5668914,
R-HSA-9032759,abstraction:IsAChildOf,R-HSA-9032500,
R-HSA-111933,abstraction:IsAChildOf,R-HSA-111997,
R-HSA-9843743,abstraction:IsAChildOf,R-HSA-9843745,
R-HSA-381340,abstraction:IsAChildOf,R-HSA-9843745,
R-HSA-189451,abstraction:IsAChildOf,R-HSA-189445,
R-HSA-189483,abstraction:IsAChildOf,R-HSA-189445,
R-HSA-977443,abstraction:IsAChildOf,R-HSA-112314,
R-HSA-451326,abstraction:IsAChildOf,R-HSA-112314,
R-HSA-399721,abstraction:IsAChildOf,R-HSA-112314,
R-HSA-181431,abstraction:IsAChildOf,R-HSA-112314,
R-HSA-442755,abstraction:IsAChildOf,R-HSA-112314,
R-HSA-379716,abstraction:IsAChildOf,R-HSA-379724,
R-HSA-379726,abstraction:IsAChildOf,R-HSA-379724,
R-HSA-2428924,abstraction:IsAChildOf,R-HSA-2404192,
R-HSA-212165,abstraction:IsAChildOf,R-HSA-74160,
R-HSA-73857,abstraction:IsAChildOf,R-HSA-74160,
R-HSA-211000,abstraction:IsAChildOf,R-HSA-74160,
R-HSA-73864,abstraction:IsAChildOf,R-HSA-74160,
R-HSA-74158,abstraction:IsAChildOf,R-HSA-74160,
R-HSA-75944,abstraction:IsAChildOf,R-HSA-74160,
R-HSA-9634638,abstraction:IsAChildOf,R-HSA-9009391,
R-HSA-9634635,abstraction:IsAChildOf,R-HSA-9009391,
R-HSA-975871,abstraction:IsAChildOf,R-HSA-168142,
R-HSA-4420097,abstraction:IsAChildOf,R-HSA-194138,
R-HSA-194306,abstraction:IsAChildOf,R-HSA-194138,
R-HSA-194313,abstraction:IsAChildOf,R-HSA-194138,
R-HSA-9704331,abstraction:IsAChildOf,R-HSA-9701193,
R-HSA-9704646,abstraction:IsAChildOf,R-HSA-9701193,
R-HSA-9705462,abstraction:IsAChildOf,R-HSA-9674555,
R-HSA-390466,abstraction:IsAChildOf,R-HSA-391251,
R-HSA-389977,abstraction:IsAChildOf,R-HSA-391251,
R-HSA-6811555,abstraction:IsAChildOf,R-HSA-6804758,
R-HSA-170660,abstraction:IsAChildOf,R-HSA-112040,
R-HSA-112043,abstraction:IsAChildOf,R-HSA-112040,
R-HSA-170670,abstraction:IsAChildOf,R-HSA-112040,
R-HSA-199977,abstraction:IsAChildOf,R-HSA-948021,
R-HSA-975576,abstraction:IsAChildOf,R-HSA-948021,
R-HSA-964739,abstraction:IsAChildOf,R-HSA-948021,
R-HSA-1650814,abstraction:IsAChildOf,R-HSA-1474290,
R-HSA-2022090,abstraction:IsAChildOf,R-HSA-1474290,
R-HSA-9851151,abstraction:IsAChildOf,R-HSA-201556,
R-HSA-9701898,abstraction:IsAChildOf,R-HSA-201556,
R-HSA-937072,abstraction:IsAChildOf,R-HSA-937061,
R-HSA-450294,abstraction:IsAChildOf,R-HSA-937061,
R-HSA-936964,abstraction:IsAChildOf,R-HSA-937061,
R-HSA-445989,abstraction:IsAChildOf,R-HSA-937061,
R-HSA-937041,abstraction:IsAChildOf,R-HSA-937061,
R-HSA-2562578,abstraction:IsAChildOf,R-HSA-937061,
R-HSA-427359,abstraction:IsAChildOf,R-HSA-5250941,
R-HSA-427413,abstraction:IsAChildOf,R-HSA-5250941,
R-HSA-6793080,abstraction:IsAChildOf,R-HSA-8868766,
R-HSA-9853506,abstraction:IsAChildOf,R-HSA-71403,
R-HSA-9854311,abstraction:IsAChildOf,R-HSA-71403,
R-HSA-8878171,abstraction:IsAChildOf,R-HSA-212436,
R-HSA-8878159,abstraction:IsAChildOf,R-HSA-212436,
R-HSA-2032785,abstraction:IsAChildOf,R-HSA-212436,
R-HSA-8853884,abstraction:IsAChildOf,R-HSA-212436,
R-HSA-9634815,abstraction:IsAChildOf,R-HSA-212436,
R-HSA-8953750,abstraction:IsAChildOf,R-HSA-212436,
R-HSA-8864260,abstraction:IsAChildOf,R-HSA-212436,
R-HSA-383280,abstraction:IsAChildOf,R-HSA-212436,
R-HSA-2173793,abstraction:IsAChildOf,R-HSA-212436,
R-HSA-8878166,abstraction:IsAChildOf,R-HSA-212436,
R-HSA-3700989,abstraction:IsAChildOf,R-HSA-212436,
R-HSA-9614085,abstraction:IsAChildOf,R-HSA-212436,
R-HSA-8986944,abstraction:IsAChildOf,R-HSA-212436,
R-HSA-350054,abstraction:IsAChildOf,R-HSA-212436,
R-HSA-5693571,abstraction:IsAChildOf,R-HSA-5693532,
R-HSA-5693538,abstraction:IsAChildOf,R-HSA-5693532,
R-HSA-5693606,abstraction:IsAChildOf,R-HSA-5693532,
R-HSA-9005895,abstraction:IsAChildOf,R-HSA-9697154,
R-HSA-1660514,abstraction:IsAChildOf,R-HSA-1483255,
R-HSA-1660537,abstraction:IsAChildOf,R-HSA-1483255,
R-HSA-1483196,abstraction:IsAChildOf,R-HSA-1483255,
R-HSA-1660508,abstraction:IsAChildOf,R-HSA-1483255,
R-HSA-1660502,abstraction:IsAChildOf,R-HSA-1483255,
R-HSA-1483248,abstraction:IsAChildOf,R-HSA-1483255,
R-HSA-6814848,abstraction:IsAChildOf,R-HSA-1483255,
R-HSA-1660517,abstraction:IsAChildOf,R-HSA-1483255,
R-HSA-1660524,abstraction:IsAChildOf,R-HSA-1483255,
R-HSA-1660499,abstraction:IsAChildOf,R-HSA-1483255,
R-HSA-1660516,abstraction:IsAChildOf,R-HSA-1483255,
R-HSA-1660510,abstraction:IsAChildOf,R-HSA-1483255,
R-HSA-8847453,abstraction:IsAChildOf,R-HSA-1483255,
R-HSA-381042,abstraction:IsAChildOf,R-HSA-381119,
R-HSA-381033,abstraction:IsAChildOf,R-HSA-381119,
R-HSA-8874211,abstraction:IsAChildOf,R-HSA-381119,
R-HSA-381070,abstraction:IsAChildOf,R-HSA-381119,
R-HSA-8874177,abstraction:IsAChildOf,R-HSA-381119,
R-HSA-5218921,abstraction:IsAChildOf,R-HSA-4420097,
R-HSA-5218920,abstraction:IsAChildOf,R-HSA-4420097,
R-HSA-9630747,abstraction:IsAChildOf,R-HSA-9675132,
R-HSA-69563,abstraction:IsAChildOf,R-HSA-69580,
R-HSA-9833482,abstraction:IsAChildOf,R-HSA-1169410,
R-HSA-1169408,abstraction:IsAChildOf,R-HSA-1169410,
R-HSA-8983711,abstraction:IsAChildOf,R-HSA-1169410,
R-HSA-9960525,abstraction:IsAChildOf,R-HSA-9686114,
R-HSA-9960519,abstraction:IsAChildOf,R-HSA-9686114,
R-HSA-9948001,abstraction:IsAChildOf,R-HSA-9686114,
R-HSA-9948011,abstraction:IsAChildOf,R-HSA-9686114,
R-HSA-75953,abstraction:IsAChildOf,R-HSA-76042,
R-HSA-73776,abstraction:IsAChildOf,R-HSA-76042,
R-HSA-5218900,abstraction:IsAChildOf,R-HSA-5675482,
R-HSA-9686347,abstraction:IsAChildOf,R-HSA-9693928,
R-HSA-427975,abstraction:IsAChildOf,R-HSA-9959399,
R-HSA-173623,abstraction:IsAChildOf,R-HSA-166786,
R-HSA-166662,abstraction:IsAChildOf,R-HSA-166786,
R-HSA-390650,abstraction:IsAChildOf,R-HSA-375280,
R-HSA-390666,abstraction:IsAChildOf,R-HSA-375280,
R-HSA-390696,abstraction:IsAChildOf,R-HSA-375280,
R-HSA-390648,abstraction:IsAChildOf,R-HSA-375280,
R-HSA-390651,abstraction:IsAChildOf,R-HSA-375280,
R-HSA-1299503,abstraction:IsAChildOf,R-HSA-1296346,
R-HSA-1299361,abstraction:IsAChildOf,R-HSA-1296346,
R-HSA-1299287,abstraction:IsAChildOf,R-HSA-1296346,
R-HSA-1299308,abstraction:IsAChildOf,R-HSA-1296346,
R-HSA-1299344,abstraction:IsAChildOf,R-HSA-1296346,
R-HSA-1299316,abstraction:IsAChildOf,R-HSA-1296346,
R-HSA-69091,abstraction:IsAChildOf,R-HSA-69186,
R-HSA-69183,abstraction:IsAChildOf,R-HSA-69186,
R-HSA-77288,abstraction:IsAChildOf,R-HSA-77289,
R-HSA-71032,abstraction:IsAChildOf,R-HSA-77289,
R-HSA-77286,abstraction:IsAChildOf,R-HSA-77289,
R-HSA-5682910,abstraction:IsAChildOf,R-HSA-1266738,
R-HSA-9830369,abstraction:IsAChildOf,R-HSA-1266738,
R-HSA-9730414,abstraction:IsAChildOf,R-HSA-1266738,
R-HSA-9690406,abstraction:IsAChildOf,R-HSA-1266738,
R-HSA-452723,abstraction:IsAChildOf,R-HSA-1266738,
R-HSA-5619507,abstraction:IsAChildOf,R-HSA-1266738,
R-HSA-9945266,abstraction:IsAChildOf,R-HSA-1266738,
R-HSA-186712,abstraction:IsAChildOf,R-HSA-1266738,
R-HSA-9843745,abstraction:IsAChildOf,R-HSA-1266738,
R-HSA-525793,abstraction:IsAChildOf,R-HSA-1266738,
R-HSA-9616222,abstraction:IsAChildOf,R-HSA-1266738,
R-HSA-1181150,abstraction:IsAChildOf,R-HSA-1266738,
R-HSA-6805567,abstraction:IsAChildOf,R-HSA-1266738,
R-HSA-9734767,abstraction:IsAChildOf,R-HSA-1266738,
R-HSA-9733709,abstraction:IsAChildOf,R-HSA-1266738,
R-HSA-9816359,abstraction:IsAChildOf,R-HSA-1266738,
R-HSA-9758941,abstraction:IsAChildOf,R-HSA-1266738,
R-HSA-9675108,abstraction:IsAChildOf,R-HSA-1266738,
R-HSA-5620912,abstraction:IsAChildOf,R-HSA-5617833,
R-HSA-5620920,abstraction:IsAChildOf,R-HSA-5617833,
R-HSA-5620924,abstraction:IsAChildOf,R-HSA-5617833,
R-HSA-975138,abstraction:IsAChildOf,R-HSA-975155,
R-HSA-975110,abstraction:IsAChildOf,R-HSA-975155,
R-HSA-9605308,abstraction:IsAChildOf,R-HSA-9675135,
R-HSA-9675136,abstraction:IsAChildOf,R-HSA-9675135,
R-HSA-5423599,abstraction:IsAChildOf,R-HSA-9675135,
R-HSA-210455,abstraction:IsAChildOf,R-HSA-112313,
R-HSA-9670621,abstraction:IsAChildOf,R-HSA-9006821,
R-HSA-400508,abstraction:IsAChildOf,R-HSA-2980736,
R-HSA-2022377,abstraction:IsAChildOf,R-HSA-2980736,
R-HSA-209952,abstraction:IsAChildOf,R-HSA-2980736,
R-HSA-264876,abstraction:IsAChildOf,R-HSA-2980736,
R-HSA-422085,abstraction:IsAChildOf,R-HSA-2980736,
R-HSA-176974,abstraction:IsAChildOf,R-HSA-69190,
R-HSA-69109,abstraction:IsAChildOf,R-HSA-69190,
R-HSA-69186,abstraction:IsAChildOf,R-HSA-69190,
R-HSA-1234176,abstraction:IsAChildOf,R-HSA-1234174,
R-HSA-1234158,abstraction:IsAChildOf,R-HSA-1234174,
R-HSA-2474795,abstraction:IsAChildOf,R-HSA-9675143,
R-HSA-165160,abstraction:IsAChildOf,R-HSA-109703,
R-HSA-427589,abstraction:IsAChildOf,R-HSA-427652,
R-HSA-9630221,abstraction:IsAChildOf,R-HSA-9616333,
R-HSA-9630222,abstraction:IsAChildOf,R-HSA-9616333,
R-HSA-5260271,abstraction:IsAChildOf,R-HSA-1643685,
R-HSA-9675151,abstraction:IsAChildOf,R-HSA-1643685,
R-HSA-9675143,abstraction:IsAChildOf,R-HSA-1643685,
R-HSA-5619115,abstraction:IsAChildOf,R-HSA-1643685,
R-HSA-9671793,abstraction:IsAChildOf,R-HSA-1643685,
R-HSA-5668914,abstraction:IsAChildOf,R-HSA-1643685,
R-HSA-5663202,abstraction:IsAChildOf,R-HSA-1643685,
R-HSA-9675126,abstraction:IsAChildOf,R-HSA-1643685,
R-HSA-9675135,abstraction:IsAChildOf,R-HSA-1643685,
R-HSA-9675132,abstraction:IsAChildOf,R-HSA-1643685,
R-HSA-9645723,abstraction:IsAChildOf,R-HSA-1643685,
R-HSA-5663205,abstraction:IsAChildOf,R-HSA-1643685,
R-HSA-9944997,abstraction:IsAChildOf,R-HSA-9944971,
R-HSA-9033500,abstraction:IsAChildOf,R-HSA-9033241,
R-HSA-9687136,abstraction:IsAChildOf,R-HSA-9687139,
R-HSA-9659787,abstraction:IsAChildOf,R-HSA-9687139,
R-HSA-5625886,abstraction:IsAChildOf,R-HSA-5625740,
R-HSA-167246,abstraction:IsAChildOf,R-HSA-167169,
R-HSA-167158,abstraction:IsAChildOf,R-HSA-167169,
R-HSA-167242,abstraction:IsAChildOf,R-HSA-167169,
R-HSA-72649,abstraction:IsAChildOf,R-HSA-72662,
R-HSA-380972,abstraction:IsAChildOf,R-HSA-165159,
R-HSA-165181,abstraction:IsAChildOf,R-HSA-165159,
R-HSA-166208,abstraction:IsAChildOf,R-HSA-165159,
R-HSA-6781827,abstraction:IsAChildOf,R-HSA-5696398,
R-HSA-5696399,abstraction:IsAChildOf,R-HSA-5696398,
R-HSA-193634,abstraction:IsAChildOf,R-HSA-193697,
R-HSA-209563,abstraction:IsAChildOf,R-HSA-193697,
R-HSA-877300,abstraction:IsAChildOf,R-HSA-913531,
R-HSA-9909505,abstraction:IsAChildOf,R-HSA-913531,
R-HSA-909733,abstraction:IsAChildOf,R-HSA-913531,
R-HSA-1169410,abstraction:IsAChildOf,R-HSA-913531,
R-HSA-2161541,abstraction:IsAChildOf,R-HSA-2161522,
R-HSA-2161517,abstraction:IsAChildOf,R-HSA-2161522,
R-HSA-5213460,abstraction:IsAChildOf,R-HSA-5218859,
R-HSA-5620971,abstraction:IsAChildOf,R-HSA-5218859,
R-HSA-6811438,abstraction:IsAChildOf,R-HSA-6811442,
R-HSA-6811440,abstraction:IsAChildOf,R-HSA-6811442,
R-HSA-8856688,abstraction:IsAChildOf,R-HSA-6811442,
R-HSA-9750126,abstraction:IsAChildOf,R-HSA-6783310,
R-HSA-3249367,abstraction:IsAChildOf,R-HSA-1834941,
R-HSA-3270619,abstraction:IsAChildOf,R-HSA-1834941,
R-HSA-380284,abstraction:IsAChildOf,R-HSA-380287,
R-HSA-380270,abstraction:IsAChildOf,R-HSA-380287,
R-HSA-9764265,abstraction:IsAChildOf,R-HSA-9764274,
R-HSA-9944971,abstraction:IsAChildOf,R-HSA-9675151,
R-HSA-9697154,abstraction:IsAChildOf,R-HSA-9675151,
R-HSA-8943723,abstraction:IsAChildOf,R-HSA-6807070,
R-HSA-8943724,abstraction:IsAChildOf,R-HSA-6807070,
R-HSA-8948747,abstraction:IsAChildOf,R-HSA-6807070,
R-HSA-8948751,abstraction:IsAChildOf,R-HSA-6807070,
R-HSA-901042,abstraction:IsAChildOf,R-HSA-532668,
R-HSA-77111,abstraction:IsAChildOf,R-HSA-74182,
R-HSA-77108,abstraction:IsAChildOf,R-HSA-74182,
R-HSA-5693554,abstraction:IsAChildOf,R-HSA-5693537,
R-HSA-5693568,abstraction:IsAChildOf,R-HSA-5693537,
R-HSA-9856872,abstraction:IsAChildOf,R-HSA-611105,
R-HSA-6799198,abstraction:IsAChildOf,R-HSA-611105,
R-HSA-9864848,abstraction:IsAChildOf,R-HSA-611105,
R-HSA-9865881,abstraction:IsAChildOf,R-HSA-611105,
R-HSA-167044,abstraction:IsAChildOf,R-HSA-187687,
R-HSA-169893,abstraction:IsAChildOf,R-HSA-187687,
R-HSA-187706,abstraction:IsAChildOf,R-HSA-187687,
R-HSA-380259,abstraction:IsAChildOf,R-HSA-380284,
R-HSA-5688354,abstraction:IsAChildOf,R-HSA-5687613,
R-HSA-5688399,abstraction:IsAChildOf,R-HSA-5687613,
R-HSA-5688890,abstraction:IsAChildOf,R-HSA-5687613,
R-HSA-5688849,abstraction:IsAChildOf,R-HSA-5687613,
R-HSA-5687583,abstraction:IsAChildOf,R-HSA-5687613,
R-HSA-5688031,abstraction:IsAChildOf,R-HSA-5687613,
R-HSA-5687868,abstraction:IsAChildOf,R-HSA-5687613,
R-HSA-9617324,abstraction:IsAChildOf,R-HSA-442755,
R-HSA-438066,abstraction:IsAChildOf,R-HSA-442755,
R-HSA-438064,abstraction:IsAChildOf,R-HSA-442755,
R-HSA-9609736,abstraction:IsAChildOf,R-HSA-442755,
R-HSA-9020558,abstraction:IsAChildOf,R-HSA-451927,
R-HSA-8985947,abstraction:IsAChildOf,R-HSA-451927,
R-HSA-912526,abstraction:IsAChildOf,R-HSA-451927,
R-HSA-9020958,abstraction:IsAChildOf,R-HSA-451927,
R-HSA-8983432,abstraction:IsAChildOf,R-HSA-451927,
R-HSA-5576891,abstraction:IsAChildOf,R-HSA-397014,
R-HSA-445355,abstraction:IsAChildOf,R-HSA-397014,
R-HSA-390522,abstraction:IsAChildOf,R-HSA-397014,
R-HSA-2514859,abstraction:IsAChildOf,R-HSA-2514856,
R-HSA-2485179,abstraction:IsAChildOf,R-HSA-2514856,
R-HSA-176409,abstraction:IsAChildOf,R-HSA-176814,
R-HSA-176412,abstraction:IsAChildOf,R-HSA-176814,
R-HSA-2408499,abstraction:IsAChildOf,R-HSA-2408522,
R-HSA-2408508,abstraction:IsAChildOf,R-HSA-2408522,
R-HSA-2408557,abstraction:IsAChildOf,R-HSA-2408522,
R-HSA-5263617,abstraction:IsAChildOf,R-HSA-2408522,
R-HSA-2408550,abstraction:IsAChildOf,R-HSA-2408522,
R-HSA-2408552,abstraction:IsAChildOf,R-HSA-2408522,
R-HSA-8964043,abstraction:IsAChildOf,R-HSA-174824,
R-HSA-8963899,abstraction:IsAChildOf,R-HSA-174824,
R-HSA-8963898,abstraction:IsAChildOf,R-HSA-174824,
R-HSA-9754560,abstraction:IsAChildOf,R-HSA-9705683,
R-HSA-9705677,abstraction:IsAChildOf,R-HSA-9705683,
R-HSA-9755779,abstraction:IsAChildOf,R-HSA-9705683,
R-HSA-9754678,abstraction:IsAChildOf,R-HSA-9705683,
R-HSA-9705671,abstraction:IsAChildOf,R-HSA-9705683,
R-HSA-9933937,abstraction:IsAChildOf,R-HSA-9932451,
R-HSA-9933939,abstraction:IsAChildOf,R-HSA-9932451,
R-HSA-9933947,abstraction:IsAChildOf,R-HSA-9932451,
R-HSA-9934037,abstraction:IsAChildOf,R-HSA-9932451,
R-HSA-9933946,abstraction:IsAChildOf,R-HSA-9932451,
R-HSA-2980766,abstraction:IsAChildOf,R-HSA-68875,
R-HSA-2465910,abstraction:IsAChildOf,R-HSA-68875,
R-HSA-162658,abstraction:IsAChildOf,R-HSA-68875,
R-HSA-2299718,abstraction:IsAChildOf,R-HSA-68875,
R-HSA-2187338,abstraction:IsAChildOf,R-HSA-9709957,
R-HSA-381753,abstraction:IsAChildOf,R-HSA-9709957,
R-HSA-9717189,abstraction:IsAChildOf,R-HSA-9709957,
R-HSA-9659379,abstraction:IsAChildOf,R-HSA-9709957,
R-HSA-159740,abstraction:IsAChildOf,R-HSA-159854,
R-HSA-159763,abstraction:IsAChildOf,R-HSA-159854,
R-HSA-159782,abstraction:IsAChildOf,R-HSA-159854,
R-HSA-629587,abstraction:IsAChildOf,R-HSA-622323,
R-HSA-629597,abstraction:IsAChildOf,R-HSA-622323,
R-HSA-112122,abstraction:IsAChildOf,R-HSA-73943,
R-HSA-112126,abstraction:IsAChildOf,R-HSA-73943,
R-HSA-9013973,abstraction:IsAChildOf,R-HSA-168164,
R-HSA-450294,abstraction:IsAChildOf,R-HSA-168164,
R-HSA-9014325,abstraction:IsAChildOf,R-HSA-168164,
R-HSA-445989,abstraction:IsAChildOf,R-HSA-168164,
R-HSA-9013957,abstraction:IsAChildOf,R-HSA-168164,
R-HSA-168927,abstraction:IsAChildOf,R-HSA-168164,
R-HSA-5619084,abstraction:IsAChildOf,R-HSA-5619115,
R-HSA-5619102,abstraction:IsAChildOf,R-HSA-5619115,
R-HSA-77289,abstraction:IsAChildOf,R-HSA-8978868,
R-HSA-75105,abstraction:IsAChildOf,R-HSA-8978868,
R-HSA-200425,abstraction:IsAChildOf,R-HSA-8978868,
R-HSA-2142753,abstraction:IsAChildOf,R-HSA-8978868,
R-HSA-2046104,abstraction:IsAChildOf,R-HSA-8978868,
R-HSA-390918,abstraction:IsAChildOf,R-HSA-8978868,
R-HSA-9939291,abstraction:IsAChildOf,R-HSA-8931838,
R-HSA-8932504,abstraction:IsAChildOf,R-HSA-8931838,
R-HSA-8932506,abstraction:IsAChildOf,R-HSA-8931838,
R-HSA-8932505,abstraction:IsAChildOf,R-HSA-8931838,
R-HSA-163282,abstraction:IsAChildOf,R-HSA-75944,
R-HSA-163316,abstraction:IsAChildOf,R-HSA-75944,
R-HSA-9613354,abstraction:IsAChildOf,R-HSA-9663891,
R-HSA-5205647,abstraction:IsAChildOf,R-HSA-9663891,
R-HSA-9646399,abstraction:IsAChildOf,R-HSA-9663891,
R-HSA-9664873,abstraction:IsAChildOf,R-HSA-9663891,
R-HSA-5684264,abstraction:IsAChildOf,R-HSA-9020702,
R-HSA-445989,abstraction:IsAChildOf,R-HSA-9020702,
R-HSA-6782135,abstraction:IsAChildOf,R-HSA-6781827,
R-HSA-6782210,abstraction:IsAChildOf,R-HSA-6781827,
R-HSA-6781823,abstraction:IsAChildOf,R-HSA-6781827,
R-HSA-9027604,abstraction:IsAChildOf,R-HSA-9018678,
R-HSA-9018679,abstraction:IsAChildOf,R-HSA-9018678,
R-HSA-9018683,abstraction:IsAChildOf,R-HSA-9018678,
R-HSA-2142700,abstraction:IsAChildOf,R-HSA-9018678,
R-HSA-9018677,abstraction:IsAChildOf,R-HSA-9018678,
R-HSA-912694,abstraction:IsAChildOf,R-HSA-909733,
R-HSA-2393930,abstraction:IsAChildOf,R-HSA-74259,
R-HSA-5617472,abstraction:IsAChildOf,R-HSA-5619507,
R-HSA-399956,abstraction:IsAChildOf,R-HSA-373755,
R-HSA-399955,abstraction:IsAChildOf,R-HSA-373755,
R-HSA-400685,abstraction:IsAChildOf,R-HSA-373755,
R-HSA-399954,abstraction:IsAChildOf,R-HSA-373755,
R-HSA-416700,abstraction:IsAChildOf,R-HSA-373755,
R-HSA-196299,abstraction:IsAChildOf,R-HSA-195253,
R-HSA-4641265,abstraction:IsAChildOf,R-HSA-195253,
R-HSA-399710,abstraction:IsAChildOf,R-HSA-399721,
R-HSA-399719,abstraction:IsAChildOf,R-HSA-399721,
R-HSA-113418,abstraction:IsAChildOf,R-HSA-75955,
R-HSA-112382,abstraction:IsAChildOf,R-HSA-75955,
R-HSA-2691232,abstraction:IsAChildOf,R-HSA-2691230,
R-HSA-416572,abstraction:IsAChildOf,R-HSA-400685,
R-HSA-416550,abstraction:IsAChildOf,R-HSA-400685,
R-HSA-5669034,abstraction:IsAChildOf,R-HSA-5668541,
R-HSA-5676594,abstraction:IsAChildOf,R-HSA-5668541,
R-HSA-5676590,abstraction:IsAChildOf,R-HSA-5668541,
R-HSA-9673013,abstraction:IsAChildOf,R-HSA-9675126,
R-HSA-9687139,abstraction:IsAChildOf,R-HSA-9675126,
R-HSA-77042,abstraction:IsAChildOf,R-HSA-75064,
R-HSA-75102,abstraction:IsAChildOf,R-HSA-75064,
R-HSA-9627069,abstraction:IsAChildOf,R-HSA-111458,
R-HSA-5205685,abstraction:IsAChildOf,R-HSA-5205647,
R-HSA-8934903,abstraction:IsAChildOf,R-HSA-5205647,
R-HSA-168255,abstraction:IsAChildOf,R-HSA-9824446,
R-HSA-9820952,abstraction:IsAChildOf,R-HSA-9824446,
R-HSA-9679506,abstraction:IsAChildOf,R-HSA-9824446,
R-HSA-162906,abstraction:IsAChildOf,R-HSA-9824446,
R-HSA-9609646,abstraction:IsAChildOf,R-HSA-9824446,
R-HSA-5358751,abstraction:IsAChildOf,R-HSA-4839743,
R-HSA-5358747,abstraction:IsAChildOf,R-HSA-4839743,
R-HSA-5358749,abstraction:IsAChildOf,R-HSA-4839743,
R-HSA-5358752,abstraction:IsAChildOf,R-HSA-4839743,
R-HSA-5358606,abstraction:IsAChildOf,R-HSA-5358508,
R-HSA-5358565,abstraction:IsAChildOf,R-HSA-5358508,
R-HSA-171007,abstraction:IsAChildOf,R-HSA-167044,
R-HSA-9820865,abstraction:IsAChildOf,R-HSA-9816359,
R-HSA-9820841,abstraction:IsAChildOf,R-HSA-9816359,
R-HSA-9821993,abstraction:IsAChildOf,R-HSA-9816359,
R-HSA-9821002,abstraction:IsAChildOf,R-HSA-9816359,
R-HSA-9819196,abstraction:IsAChildOf,R-HSA-9816359,
R-HSA-381038,abstraction:IsAChildOf,R-HSA-381070,
R-HSA-9683439,abstraction:IsAChildOf,R-HSA-9679504,
R-HSA-9684325,abstraction:IsAChildOf,R-HSA-9679504,
R-HSA-418886,abstraction:IsAChildOf,R-HSA-373752,
R-HSA-418885,abstraction:IsAChildOf,R-HSA-373752,
R-HSA-376172,abstraction:IsAChildOf,R-HSA-373752,
R-HSA-418890,abstraction:IsAChildOf,R-HSA-373752,
R-HSA-159236,abstraction:IsAChildOf,R-HSA-72202,
R-HSA-159234,abstraction:IsAChildOf,R-HSA-72202,
R-HSA-75035,abstraction:IsAChildOf,R-HSA-69473,
R-HSA-389356,abstraction:IsAChildOf,R-HSA-388841,
R-HSA-389948,abstraction:IsAChildOf,R-HSA-388841,
R-HSA-9927353,abstraction:IsAChildOf,R-HSA-388841,
R-HSA-9927354,abstraction:IsAChildOf,R-HSA-388841,
R-HSA-389513,abstraction:IsAChildOf,R-HSA-388841,
R-HSA-73930,abstraction:IsAChildOf,R-HSA-110381,
R-HSA-168268,abstraction:IsAChildOf,R-HSA-168255,
R-HSA-168275,abstraction:IsAChildOf,R-HSA-168255,
R-HSA-168277,abstraction:IsAChildOf,R-HSA-168255,
R-HSA-168270,abstraction:IsAChildOf,R-HSA-168255,
R-HSA-168271,abstraction:IsAChildOf,R-HSA-168255,
R-HSA-168273,abstraction:IsAChildOf,R-HSA-168255,
R-HSA-168274,abstraction:IsAChildOf,R-HSA-168255,
R-HSA-168276,abstraction:IsAChildOf,R-HSA-168255,
R-HSA-5334118,abstraction:IsAChildOf,R-HSA-212165,
R-HSA-5250913,abstraction:IsAChildOf,R-HSA-212165,
R-HSA-212300,abstraction:IsAChildOf,R-HSA-212165,
R-HSA-9917777,abstraction:IsAChildOf,R-HSA-212165,
R-HSA-5250941,abstraction:IsAChildOf,R-HSA-212165,
R-HSA-9842860,abstraction:IsAChildOf,R-HSA-212165,
R-HSA-5221030,abstraction:IsAChildOf,R-HSA-212165,
R-HSA-391906,abstraction:IsAChildOf,R-HSA-391903,
R-HSA-391908,abstraction:IsAChildOf,R-HSA-391903,
R-HSA-186763,abstraction:IsAChildOf,R-HSA-186797,
R-HSA-70326,abstraction:IsAChildOf,R-HSA-71387,
R-HSA-9033658,abstraction:IsAChildOf,R-HSA-71387,
R-HSA-8982491,abstraction:IsAChildOf,R-HSA-71387,
R-HSA-1630316,abstraction:IsAChildOf,R-HSA-71387,
R-HSA-8853383,abstraction:IsAChildOf,R-HSA-71387,
R-HSA-5661270,abstraction:IsAChildOf,R-HSA-71387,
R-HSA-5653890,abstraction:IsAChildOf,R-HSA-71387,
R-HSA-70370,abstraction:IsAChildOf,R-HSA-71387,
R-HSA-71336,abstraction:IsAChildOf,R-HSA-71387,
R-HSA-5652084,abstraction:IsAChildOf,R-HSA-71387,
R-HSA-9616334,abstraction:IsAChildOf,R-HSA-9605308,
R-HSA-9656249,abstraction:IsAChildOf,R-HSA-9605308,
R-HSA-9629232,abstraction:IsAChildOf,R-HSA-9605308,
R-HSA-9616333,abstraction:IsAChildOf,R-HSA-9605308,
R-HSA-9605310,abstraction:IsAChildOf,R-HSA-9605308,
R-HSA-5684996,abstraction:IsAChildOf,R-HSA-5683057,
R-HSA-5687128,abstraction:IsAChildOf,R-HSA-5683057,
R-HSA-947581,abstraction:IsAChildOf,R-HSA-196849,
R-HSA-196807,abstraction:IsAChildOf,R-HSA-196849,
R-HSA-196741,abstraction:IsAChildOf,R-HSA-196849,
R-HSA-196757,abstraction:IsAChildOf,R-HSA-196849,
R-HSA-964975,abstraction:IsAChildOf,R-HSA-196849,
R-HSA-196836,abstraction:IsAChildOf,R-HSA-196849,
R-HSA-196819,abstraction:IsAChildOf,R-HSA-196849,
R-HSA-196843,abstraction:IsAChildOf,R-HSA-196849,
R-HSA-199220,abstraction:IsAChildOf,R-HSA-196849,
R-HSA-196780,abstraction:IsAChildOf,R-HSA-196849,
R-HSA-9630794,abstraction:IsAChildOf,R-HSA-9630750,
R-HSA-9630791,abstraction:IsAChildOf,R-HSA-9630750,
R-HSA-9013700,abstraction:IsAChildOf,R-HSA-9013694,
R-HSA-9013695,abstraction:IsAChildOf,R-HSA-9013694,
R-HSA-9604323,abstraction:IsAChildOf,R-HSA-9013694,
R-HSA-9674396,abstraction:IsAChildOf,R-HSA-9674415,
R-HSA-9674404,abstraction:IsAChildOf,R-HSA-9674415,
R-HSA-9674401,abstraction:IsAChildOf,R-HSA-9674415,
R-HSA-9674403,abstraction:IsAChildOf,R-HSA-9674415,
R-HSA-189085,abstraction:IsAChildOf,R-HSA-8935690,
R-HSA-192456,abstraction:IsAChildOf,R-HSA-8935690,
R-HSA-168336,abstraction:IsAChildOf,R-HSA-168270,
R-HSA-168288,abstraction:IsAChildOf,R-HSA-168270,
R-HSA-9664323,abstraction:IsAChildOf,R-HSA-9662851,
R-HSA-9662834,abstraction:IsAChildOf,R-HSA-9662851,
R-HSA-9664535,abstraction:IsAChildOf,R-HSA-9662851,
R-HSA-9660821,abstraction:IsAChildOf,R-HSA-9662851,
R-HSA-169911,abstraction:IsAChildOf,R-HSA-109581,
R-HSA-5357769,abstraction:IsAChildOf,R-HSA-109581,
R-HSA-75153,abstraction:IsAChildOf,R-HSA-109581,
R-HSA-109606,abstraction:IsAChildOf,R-HSA-109581,
R-HSA-162710,abstraction:IsAChildOf,R-HSA-163125,
R-HSA-162699,abstraction:IsAChildOf,R-HSA-163125,
R-HSA-162791,abstraction:IsAChildOf,R-HSA-163125,
R-HSA-1257604,abstraction:IsAChildOf,R-HSA-9006925,
R-HSA-1489509,abstraction:IsAChildOf,R-HSA-9006925,
R-HSA-110320,abstraction:IsAChildOf,R-HSA-110313,
R-HSA-5655862,abstraction:IsAChildOf,R-HSA-110313,
R-HSA-110312,abstraction:IsAChildOf,R-HSA-110313,
R-HSA-5656121,abstraction:IsAChildOf,R-HSA-110313,
R-HSA-5656169,abstraction:IsAChildOf,R-HSA-110313,
R-HSA-6807047,abstraction:IsAChildOf,R-HSA-191273,
R-HSA-6807062,abstraction:IsAChildOf,R-HSA-191273,
R-HSA-2894858,abstraction:IsAChildOf,R-HSA-2644603,
R-HSA-2644605,abstraction:IsAChildOf,R-HSA-2644603,
R-HSA-2660825,abstraction:IsAChildOf,R-HSA-2644603,
R-HSA-2644602,abstraction:IsAChildOf,R-HSA-2644603,
R-HSA-2691230,abstraction:IsAChildOf,R-HSA-2644603,
R-HSA-9861718,abstraction:IsAChildOf,R-HSA-70268,
R-HSA-9861559,abstraction:IsAChildOf,R-HSA-70268,
R-HSA-179409,abstraction:IsAChildOf,R-HSA-179419,
R-HSA-174184,abstraction:IsAChildOf,R-HSA-179419,
R-HSA-9909615,abstraction:IsAChildOf,R-HSA-9909648,
R-HSA-9909620,abstraction:IsAChildOf,R-HSA-9909648,
R-HSA-9909649,abstraction:IsAChildOf,R-HSA-9909648,
R-HSA-9636003,abstraction:IsAChildOf,R-HSA-73929,
R-HSA-73928,abstraction:IsAChildOf,R-HSA-73929,
R-HSA-73927,abstraction:IsAChildOf,R-HSA-73929,
R-HSA-9730737,abstraction:IsAChildOf,R-HSA-73929,
R-HSA-611105,abstraction:IsAChildOf,R-HSA-1428517,
R-HSA-880009,abstraction:IsAChildOf,R-HSA-1428517,
R-HSA-70268,abstraction:IsAChildOf,R-HSA-1428517,
R-HSA-166187,abstraction:IsAChildOf,R-HSA-1428517,
R-HSA-163210,abstraction:IsAChildOf,R-HSA-1428517,
R-HSA-71403,abstraction:IsAChildOf,R-HSA-1428517,
R-HSA-202433,abstraction:IsAChildOf,R-HSA-202403,
R-HSA-202430,abstraction:IsAChildOf,R-HSA-202403,
R-HSA-202427,abstraction:IsAChildOf,R-HSA-202403,
R-HSA-202424,abstraction:IsAChildOf,R-HSA-202403,
R-HSA-399997,abstraction:IsAChildOf,R-HSA-422356,
R-HSA-400042,abstraction:IsAChildOf,R-HSA-422356,
R-HSA-381676,abstraction:IsAChildOf,R-HSA-422356,
R-HSA-400451,abstraction:IsAChildOf,R-HSA-422356,
R-HSA-2453864,abstraction:IsAChildOf,R-HSA-2474795,
R-HSA-6809583,abstraction:IsAChildOf,R-HSA-2474795,
R-HSA-69895,abstraction:IsAChildOf,R-HSA-69560,
R-HSA-177539,abstraction:IsAChildOf,R-HSA-162592,
R-HSA-164843,abstraction:IsAChildOf,R-HSA-162592,
R-HSA-175567,abstraction:IsAChildOf,R-HSA-162592,
R-HSA-1839126,abstraction:IsAChildOf,R-HSA-5655253,
R-HSA-6809371,abstraction:IsAChildOf,R-HSA-6805567,
R-HSA-8941413,abstraction:IsAChildOf,R-HSA-1222556,
R-HSA-9673324,abstraction:IsAChildOf,R-HSA-9664420,
R-HSA-9669934,abstraction:IsAChildOf,R-HSA-9669937,
R-HSA-9669926,abstraction:IsAChildOf,R-HSA-9669937,
R-HSA-9669917,abstraction:IsAChildOf,R-HSA-9669937,
R-HSA-9669924,abstraction:IsAChildOf,R-HSA-9669937,
R-HSA-9669914,abstraction:IsAChildOf,R-HSA-9669937,
R-HSA-9669936,abstraction:IsAChildOf,R-HSA-9669937,
R-HSA-9669929,abstraction:IsAChildOf,R-HSA-9669937,
R-HSA-9723905,abstraction:IsAChildOf,R-HSA-9723907,
R-HSA-177135,abstraction:IsAChildOf,R-HSA-159424,
R-HSA-177162,abstraction:IsAChildOf,R-HSA-159424,
R-HSA-177128,abstraction:IsAChildOf,R-HSA-159424,
R-HSA-204174,abstraction:IsAChildOf,R-HSA-9861718,
R-HSA-8862803,abstraction:IsAChildOf,R-HSA-8863678,
R-HSA-774815,abstraction:IsAChildOf,R-HSA-73886,
R-HSA-157579,abstraction:IsAChildOf,R-HSA-73886,
R-HSA-432722,abstraction:IsAChildOf,R-HSA-199992,
R-HSA-432720,abstraction:IsAChildOf,R-HSA-199992,
R-HSA-168330,abstraction:IsAChildOf,R-HSA-168274,
R-HSA-168333,abstraction:IsAChildOf,R-HSA-168274,
R-HSA-168303,abstraction:IsAChildOf,R-HSA-168268,
R-HSA-168316,abstraction:IsAChildOf,R-HSA-168268,
R-HSA-168298,abstraction:IsAChildOf,R-HSA-168268,
R-HSA-168302,abstraction:IsAChildOf,R-HSA-168268,
R-HSA-9632700,abstraction:IsAChildOf,R-HSA-9632693,
R-HSA-9632697,abstraction:IsAChildOf,R-HSA-9632693,
R-HSA-2559582,abstraction:IsAChildOf,R-HSA-2559583,
R-HSA-2559585,abstraction:IsAChildOf,R-HSA-2559583,
R-HSA-2559580,abstraction:IsAChildOf,R-HSA-2559583,
R-HSA-2559586,abstraction:IsAChildOf,R-HSA-2559583,
R-HSA-380612,abstraction:IsAChildOf,R-HSA-380615,
R-HSA-8849932,abstraction:IsAChildOf,R-HSA-6794362,
R-HSA-388844,abstraction:IsAChildOf,R-HSA-6794362,
R-HSA-6794361,abstraction:IsAChildOf,R-HSA-6794362,
R-HSA-5467348,abstraction:IsAChildOf,R-HSA-4839748,
R-HSA-5467343,abstraction:IsAChildOf,R-HSA-4839748,
R-HSA-9637698,abstraction:IsAChildOf,R-HSA-9637679,
R-HSA-9824446,abstraction:IsAChildOf,R-HSA-5663205,
R-HSA-9824443,abstraction:IsAChildOf,R-HSA-5663205,
R-HSA-9824439,abstraction:IsAChildOf,R-HSA-5663205,
R-HSA-69416,abstraction:IsAChildOf,R-HSA-140534,
R-HSA-3371378,abstraction:IsAChildOf,R-HSA-140534,
R-HSA-451307,abstraction:IsAChildOf,R-HSA-451306,
R-HSA-451308,abstraction:IsAChildOf,R-HSA-451306,
R-HSA-139915,abstraction:IsAChildOf,R-HSA-114452,
R-HSA-111447,abstraction:IsAChildOf,R-HSA-114452,
R-HSA-111446,abstraction:IsAChildOf,R-HSA-114452,
R-HSA-111448,abstraction:IsAChildOf,R-HSA-114452,
R-HSA-139910,abstraction:IsAChildOf,R-HSA-114452,
R-HSA-2473224,abstraction:IsAChildOf,R-HSA-1502540,
R-HSA-1296052,abstraction:IsAChildOf,R-HSA-1296071,
R-HSA-1296061,abstraction:IsAChildOf,R-HSA-1296071,
R-HSA-1296072,abstraction:IsAChildOf,R-HSA-1296071,
R-HSA-1296346,abstraction:IsAChildOf,R-HSA-1296071,
R-HSA-1296065,abstraction:IsAChildOf,R-HSA-1296071,
R-HSA-1474228,abstraction:IsAChildOf,R-HSA-1474244,
R-HSA-216083,abstraction:IsAChildOf,R-HSA-1474244,
R-HSA-3000157,abstraction:IsAChildOf,R-HSA-1474244,
R-HSA-1566977,abstraction:IsAChildOf,R-HSA-1474244,
R-HSA-1474290,abstraction:IsAChildOf,R-HSA-1474244,
R-HSA-1566948,abstraction:IsAChildOf,R-HSA-1474244,
R-HSA-8941237,abstraction:IsAChildOf,R-HSA-1474244,
R-HSA-3000178,abstraction:IsAChildOf,R-HSA-1474244,
R-HSA-3000171,abstraction:IsAChildOf,R-HSA-1474244,
R-HSA-173107,abstraction:IsAChildOf,R-HSA-162594,
R-HSA-162592,abstraction:IsAChildOf,R-HSA-162594,
R-HSA-162589,abstraction:IsAChildOf,R-HSA-162594,
R-HSA-162585,abstraction:IsAChildOf,R-HSA-162594,
R-HSA-350864,abstraction:IsAChildOf,R-HSA-209968,
R-HSA-9020591,abstraction:IsAChildOf,R-HSA-447115,
R-HSA-9020956,abstraction:IsAChildOf,R-HSA-447115,
R-HSA-8984722,abstraction:IsAChildOf,R-HSA-447115,
R-HSA-9020933,abstraction:IsAChildOf,R-HSA-447115,
R-HSA-1236382,abstraction:IsAChildOf,R-HSA-5637815,
R-HSA-3311021,abstraction:IsAChildOf,R-HSA-3304347,
R-HSA-9734195,abstraction:IsAChildOf,R-HSA-9734207,
R-HSA-9734281,abstraction:IsAChildOf,R-HSA-9734207,
R-HSA-9734735,abstraction:IsAChildOf,R-HSA-9734207,
R-HSA-5675221,abstraction:IsAChildOf,R-HSA-5673001,
R-HSA-5658442,abstraction:IsAChildOf,R-HSA-5673001,
R-HSA-9648002,abstraction:IsAChildOf,R-HSA-5673001,
R-HSA-5674135,abstraction:IsAChildOf,R-HSA-5673001,
R-HSA-5673000,abstraction:IsAChildOf,R-HSA-5673001,
R-HSA-2132295,abstraction:IsAChildOf,R-HSA-1280218,
R-HSA-983169,abstraction:IsAChildOf,R-HSA-1280218,
R-HSA-202403,abstraction:IsAChildOf,R-HSA-1280218,
R-HSA-8851680,abstraction:IsAChildOf,R-HSA-1280218,
R-HSA-983705,abstraction:IsAChildOf,R-HSA-1280218,
R-HSA-388841,abstraction:IsAChildOf,R-HSA-1280218,
R-HSA-392517,abstraction:IsAChildOf,R-HSA-1280218,
R-HSA-198933,abstraction:IsAChildOf,R-HSA-1280218,
R-HSA-5685939,abstraction:IsAChildOf,R-HSA-5693538,
R-HSA-5693567,abstraction:IsAChildOf,R-HSA-5693538,
R-HSA-4755583,abstraction:IsAChildOf,R-HSA-5609975,
R-HSA-4717374,abstraction:IsAChildOf,R-HSA-5609975,
R-HSA-9931929,abstraction:IsAChildOf,R-HSA-5609975,
R-HSA-4755579,abstraction:IsAChildOf,R-HSA-5609975,
R-HSA-5609976,abstraction:IsAChildOf,R-HSA-5609975,
R-HSA-5609978,abstraction:IsAChildOf,R-HSA-5609975,
R-HSA-4085023,abstraction:IsAChildOf,R-HSA-5609975,
R-HSA-4085011,abstraction:IsAChildOf,R-HSA-5609975,
R-HSA-4719360,abstraction:IsAChildOf,R-HSA-5609975,
R-HSA-4043916,abstraction:IsAChildOf,R-HSA-5609975,
R-HSA-5609977,abstraction:IsAChildOf,R-HSA-5609975,
R-HSA-5609974,abstraction:IsAChildOf,R-HSA-5609975,
R-HSA-4755609,abstraction:IsAChildOf,R-HSA-5609975,
R-HSA-4043911,abstraction:IsAChildOf,R-HSA-5609975,
R-HSA-4719377,abstraction:IsAChildOf,R-HSA-5609975,
R-HSA-432030,abstraction:IsAChildOf,R-HSA-445717,
R-HSA-432040,abstraction:IsAChildOf,R-HSA-445717,
R-HSA-432047,abstraction:IsAChildOf,R-HSA-445717,
R-HSA-211994,abstraction:IsAChildOf,R-HSA-211976,
R-HSA-420029,abstraction:IsAChildOf,R-HSA-421270,
R-HSA-418990,abstraction:IsAChildOf,R-HSA-421270,
R-HSA-373756,abstraction:IsAChildOf,R-HSA-421270,
R-HSA-109703,abstraction:IsAChildOf,R-HSA-109704,
R-HSA-165158,abstraction:IsAChildOf,R-HSA-109704,
R-HSA-9833109,abstraction:IsAChildOf,R-HSA-9833110,
R-HSA-168799,abstraction:IsAChildOf,R-HSA-5339562,
R-HSA-5210891,abstraction:IsAChildOf,R-HSA-5339562,
R-HSA-5336415,abstraction:IsAChildOf,R-HSA-5339562,
R-HSA-8942233,abstraction:IsAChildOf,R-HSA-5339562,
R-HSA-2029481,abstraction:IsAChildOf,R-HSA-2029480,
R-HSA-2029482,abstraction:IsAChildOf,R-HSA-2029480,
R-HSA-2029485,abstraction:IsAChildOf,R-HSA-2029480,
R-HSA-1462054,abstraction:IsAChildOf,R-HSA-1461973,
R-HSA-1461957,abstraction:IsAChildOf,R-HSA-1461973,
R-HSA-9924644,abstraction:IsAChildOf,R-HSA-9734779,
R-HSA-9725554,abstraction:IsAChildOf,R-HSA-9734779,
R-HSA-71291,abstraction:IsAChildOf,R-HSA-1430728,
R-HSA-211859,abstraction:IsAChildOf,R-HSA-1430728,
R-HSA-2564830,abstraction:IsAChildOf,R-HSA-1430728,
R-HSA-556833,abstraction:IsAChildOf,R-HSA-1430728,
R-HSA-15869,abstraction:IsAChildOf,R-HSA-1430728,
R-HSA-1475029,abstraction:IsAChildOf,R-HSA-1430728,
R-HSA-163685,abstraction:IsAChildOf,R-HSA-1430728,
R-HSA-1483249,abstraction:IsAChildOf,R-HSA-1430728,
R-HSA-189445,abstraction:IsAChildOf,R-HSA-1430728,
R-HSA-71387,abstraction:IsAChildOf,R-HSA-1430728,
R-HSA-71737,abstraction:IsAChildOf,R-HSA-1430728,
R-HSA-1428517,abstraction:IsAChildOf,R-HSA-1430728,
R-HSA-196854,abstraction:IsAChildOf,R-HSA-1430728,
R-HSA-202131,abstraction:IsAChildOf,R-HSA-1430728,
R-HSA-1362409,abstraction:IsAChildOf,R-HSA-1430728,
R-HSA-9762114,abstraction:IsAChildOf,R-HSA-9759194,
R-HSA-9818035,abstraction:IsAChildOf,R-HSA-9759194,
R-HSA-9818032,abstraction:IsAChildOf,R-HSA-9759194,
R-HSA-9818030,abstraction:IsAChildOf,R-HSA-9759194,
R-HSA-9818025,abstraction:IsAChildOf,R-HSA-9759194,
R-HSA-9818028,abstraction:IsAChildOf,R-HSA-9759194,
R-HSA-9818027,abstraction:IsAChildOf,R-HSA-9759194,
R-HSA-9818749,abstraction:IsAChildOf,R-HSA-9759194,
R-HSA-9818026,abstraction:IsAChildOf,R-HSA-9759194,
R-HSA-9636467,abstraction:IsAChildOf,R-HSA-9637687,
R-HSA-9636249,abstraction:IsAChildOf,R-HSA-9637687,
R-HSA-9636383,abstraction:IsAChildOf,R-HSA-9637687,
R-HSA-164944,abstraction:IsAChildOf,R-HSA-164952,
R-HSA-164938,abstraction:IsAChildOf,R-HSA-164952,
R-HSA-6804114,abstraction:IsAChildOf,R-HSA-6791312,
R-HSA-6804116,abstraction:IsAChildOf,R-HSA-6791312,
R-HSA-6804115,abstraction:IsAChildOf,R-HSA-6791312,
R-HSA-111457,abstraction:IsAChildOf,R-HSA-111471,
R-HSA-111469,abstraction:IsAChildOf,R-HSA-111471,
R-HSA-111461,abstraction:IsAChildOf,R-HSA-111471,
R-HSA-168179,abstraction:IsAChildOf,R-HSA-181438,
R-HSA-168188,abstraction:IsAChildOf,R-HSA-181438,
R-HSA-69205,abstraction:IsAChildOf,R-HSA-69206,
R-HSA-69202,abstraction:IsAChildOf,R-HSA-69206,
R-HSA-113510,abstraction:IsAChildOf,R-HSA-69206,
R-HSA-68962,abstraction:IsAChildOf,R-HSA-69206,
R-HSA-9918440,abstraction:IsAChildOf,R-HSA-2453864,
R-HSA-9918443,abstraction:IsAChildOf,R-HSA-2453864,
R-HSA-2466712,abstraction:IsAChildOf,R-HSA-2453864,
R-HSA-9918436,abstraction:IsAChildOf,R-HSA-2453864,
R-HSA-9918449,abstraction:IsAChildOf,R-HSA-2453864,
R-HSA-9918454,abstraction:IsAChildOf,R-HSA-2453864,
R-HSA-9918450,abstraction:IsAChildOf,R-HSA-2453864,
R-HSA-9918438,abstraction:IsAChildOf,R-HSA-2453864,
R-HSA-9918442,abstraction:IsAChildOf,R-HSA-2453864,
R-HSA-606279,abstraction:IsAChildOf,R-HSA-774815,
R-HSA-5632681,abstraction:IsAChildOf,R-HSA-5632684,
R-HSA-5635838,abstraction:IsAChildOf,R-HSA-5632684,
R-HSA-5635851,abstraction:IsAChildOf,R-HSA-5632684,
R-HSA-5419276,abstraction:IsAChildOf,R-HSA-5368287,
R-HSA-5368286,abstraction:IsAChildOf,R-HSA-5368287,
R-HSA-5389840,abstraction:IsAChildOf,R-HSA-5368287,
R-HSA-9937383,abstraction:IsAChildOf,R-HSA-5368287,
R-HSA-5362798,abstraction:IsAChildOf,R-HSA-5358346,
R-HSA-9637628,abstraction:IsAChildOf,R-HSA-9635486,
R-HSA-9637679,abstraction:IsAChildOf,R-HSA-9635486,
R-HSA-9637690,abstraction:IsAChildOf,R-HSA-9635486,
R-HSA-9639775,abstraction:IsAChildOf,R-HSA-9635486,
R-HSA-1222499,abstraction:IsAChildOf,R-HSA-9635486,
R-HSA-9762293,abstraction:IsAChildOf,R-HSA-9759475,
R-HSA-9762292,abstraction:IsAChildOf,R-HSA-9759475,
R-HSA-9759811,abstraction:IsAChildOf,R-HSA-9759475,
R-HSA-8849469,abstraction:IsAChildOf,R-HSA-8848021,
R-HSA-8849474,abstraction:IsAChildOf,R-HSA-8848021,
R-HSA-8849472,abstraction:IsAChildOf,R-HSA-8848021,
R-HSA-8849473,abstraction:IsAChildOf,R-HSA-8848021,
R-HSA-8849470,abstraction:IsAChildOf,R-HSA-8848021,
R-HSA-8847993,abstraction:IsAChildOf,R-HSA-8848021,
R-HSA-8849468,abstraction:IsAChildOf,R-HSA-8848021,
R-HSA-8849471,abstraction:IsAChildOf,R-HSA-8848021,
R-HSA-8857538,abstraction:IsAChildOf,R-HSA-8848021,
R-HSA-622327,abstraction:IsAChildOf,R-HSA-181431,
R-HSA-622323,abstraction:IsAChildOf,R-HSA-181431,
R-HSA-8853334,abstraction:IsAChildOf,R-HSA-2033514,
R-HSA-1839130,abstraction:IsAChildOf,R-HSA-2033514,
R-HSA-2033515,abstraction:IsAChildOf,R-HSA-2033514,
R-HSA-5654227,abstraction:IsAChildOf,R-HSA-5654708,
R-HSA-5654706,abstraction:IsAChildOf,R-HSA-5654708,
R-HSA-5654704,abstraction:IsAChildOf,R-HSA-5654708,
R-HSA-5654710,abstraction:IsAChildOf,R-HSA-5654708,
R-HSA-112399,abstraction:IsAChildOf,R-HSA-2428928,
R-HSA-9768759,abstraction:IsAChildOf,R-HSA-9634815,
R-HSA-9768919,abstraction:IsAChildOf,R-HSA-9634815,
R-HSA-9022535,abstraction:IsAChildOf,R-HSA-9005891,
R-HSA-9022534,abstraction:IsAChildOf,R-HSA-9005891,
R-HSA-9022537,abstraction:IsAChildOf,R-HSA-9005891,
R-HSA-9022538,abstraction:IsAChildOf,R-HSA-9005891,
R-HSA-5223345,abstraction:IsAChildOf,R-HSA-382551,
R-HSA-8981607,abstraction:IsAChildOf,R-HSA-382551,
R-HSA-445717,abstraction:IsAChildOf,R-HSA-382551,
R-HSA-8949215,abstraction:IsAChildOf,R-HSA-382551,
R-HSA-174824,abstraction:IsAChildOf,R-HSA-382551,
R-HSA-425407,abstraction:IsAChildOf,R-HSA-382551,
R-HSA-917937,abstraction:IsAChildOf,R-HSA-382551,
R-HSA-382556,abstraction:IsAChildOf,R-HSA-382551,
R-HSA-9845576,abstraction:IsAChildOf,R-HSA-382551,
R-HSA-983712,abstraction:IsAChildOf,R-HSA-382551,
R-HSA-1480926,abstraction:IsAChildOf,R-HSA-382551,
R-HSA-446219,abstraction:IsAChildOf,R-HSA-446193,
R-HSA-9758890,abstraction:IsAChildOf,R-HSA-196741,
R-HSA-9759218,abstraction:IsAChildOf,R-HSA-196741,
R-HSA-9758881,abstraction:IsAChildOf,R-HSA-196741,
R-HSA-69231,abstraction:IsAChildOf,R-HSA-69236,
R-HSA-9772755,abstraction:IsAChildOf,R-HSA-9917777,
R-HSA-9818564,abstraction:IsAChildOf,R-HSA-9917777,
R-HSA-381771,abstraction:IsAChildOf,R-HSA-400508,
R-HSA-400511,abstraction:IsAChildOf,R-HSA-400508,
R-HSA-1839124,abstraction:IsAChildOf,R-HSA-5655302,
R-HSA-73817,abstraction:IsAChildOf,R-HSA-8956320,
R-HSA-500753,abstraction:IsAChildOf,R-HSA-8956320,
R-HSA-3323169,abstraction:IsAChildOf,R-HSA-3296482,
R-HSA-3296469,abstraction:IsAChildOf,R-HSA-3296482,
R-HSA-140834,abstraction:IsAChildOf,R-HSA-140877,
R-HSA-140875,abstraction:IsAChildOf,R-HSA-140877,
R-HSA-140837,abstraction:IsAChildOf,R-HSA-140877,
R-HSA-9634285,abstraction:IsAChildOf,R-HSA-1227990,
R-HSA-9665737,abstraction:IsAChildOf,R-HSA-1227990,
R-HSA-9664565,abstraction:IsAChildOf,R-HSA-1227990,
R-HSA-9665348,abstraction:IsAChildOf,R-HSA-1227990,
R-HSA-9665230,abstraction:IsAChildOf,R-HSA-1227990,
R-HSA-9665686,abstraction:IsAChildOf,R-HSA-1227990,
R-HSA-422475,abstraction:IsAChildOf,R-HSA-9675108,
R-HSA-9619665,abstraction:IsAChildOf,R-HSA-9675108,
R-HSA-446343,abstraction:IsAChildOf,R-HSA-446353,
R-HSA-446388,abstraction:IsAChildOf,R-HSA-446353,
R-HSA-195258,abstraction:IsAChildOf,R-HSA-194315,
R-HSA-9012999,abstraction:IsAChildOf,R-HSA-194315,
R-HSA-447115,abstraction:IsAChildOf,R-HSA-449147,
R-HSA-449836,abstraction:IsAChildOf,R-HSA-449147,
R-HSA-512988,abstraction:IsAChildOf,R-HSA-449147,
R-HSA-8854691,abstraction:IsAChildOf,R-HSA-449147,
R-HSA-446652,abstraction:IsAChildOf,R-HSA-449147,
R-HSA-6785807,abstraction:IsAChildOf,R-HSA-449147,
R-HSA-1266695,abstraction:IsAChildOf,R-HSA-449147,
R-HSA-6783589,abstraction:IsAChildOf,R-HSA-449147,
R-HSA-448424,abstraction:IsAChildOf,R-HSA-449147,
R-HSA-6783783,abstraction:IsAChildOf,R-HSA-449147,
R-HSA-451927,abstraction:IsAChildOf,R-HSA-449147,
R-HSA-111464,abstraction:IsAChildOf,R-HSA-111469,
R-HSA-111463,abstraction:IsAChildOf,R-HSA-111469,
R-HSA-1295596,abstraction:IsAChildOf,R-HSA-5654726,
R-HSA-9026290,abstraction:IsAChildOf,R-HSA-9025094,
R-HSA-9026286,abstraction:IsAChildOf,R-HSA-9025094,
R-HSA-9026403,abstraction:IsAChildOf,R-HSA-9025094,
R-HSA-500657,abstraction:IsAChildOf,R-HSA-451326,
R-HSA-451306,abstraction:IsAChildOf,R-HSA-451326,
R-HSA-176417,abstraction:IsAChildOf,R-HSA-176408,
R-HSA-174113,abstraction:IsAChildOf,R-HSA-176408,
R-HSA-141405,abstraction:IsAChildOf,R-HSA-176408,
R-HSA-5365859,abstraction:IsAChildOf,R-HSA-5362517,
R-HSA-6807505,abstraction:IsAChildOf,R-HSA-73857,
R-HSA-212436,abstraction:IsAChildOf,R-HSA-73857,
R-HSA-674695,abstraction:IsAChildOf,R-HSA-73857,
R-HSA-73856,abstraction:IsAChildOf,R-HSA-73857,
R-HSA-73779,abstraction:IsAChildOf,R-HSA-73857,
R-HSA-77075,abstraction:IsAChildOf,R-HSA-73857,
R-HSA-76042,abstraction:IsAChildOf,R-HSA-73857,
R-HSA-75955,abstraction:IsAChildOf,R-HSA-73857,
R-HSA-2142770,abstraction:IsAChildOf,R-HSA-2142753,
R-HSA-2142816,abstraction:IsAChildOf,R-HSA-2142753,
R-HSA-2142688,abstraction:IsAChildOf,R-HSA-2142753,
R-HSA-2142696,abstraction:IsAChildOf,R-HSA-2142753,
R-HSA-2142670,abstraction:IsAChildOf,R-HSA-2142753,
R-HSA-2142691,abstraction:IsAChildOf,R-HSA-2142753,
R-HSA-2142712,abstraction:IsAChildOf,R-HSA-2142753,
R-HSA-2162123,abstraction:IsAChildOf,R-HSA-2142753,
R-HSA-73887,abstraction:IsAChildOf,R-HSA-162582,
R-HSA-195721,abstraction:IsAChildOf,R-HSA-162582,
R-HSA-354192,abstraction:IsAChildOf,R-HSA-162582,
R-HSA-9006931,abstraction:IsAChildOf,R-HSA-162582,
R-HSA-9716542,abstraction:IsAChildOf,R-HSA-162582,
R-HSA-2586552,abstraction:IsAChildOf,R-HSA-162582,
R-HSA-372790,abstraction:IsAChildOf,R-HSA-162582,
R-HSA-2028269,abstraction:IsAChildOf,R-HSA-162582,
R-HSA-5358351,abstraction:IsAChildOf,R-HSA-162582,
R-HSA-9006335,abstraction:IsAChildOf,R-HSA-162582,
R-HSA-9006925,abstraction:IsAChildOf,R-HSA-162582,
R-HSA-165159,abstraction:IsAChildOf,R-HSA-162582,
R-HSA-5683057,abstraction:IsAChildOf,R-HSA-162582,
R-HSA-157118,abstraction:IsAChildOf,R-HSA-162582,
R-HSA-9006927,abstraction:IsAChildOf,R-HSA-162582,
R-HSA-9006934,abstraction:IsAChildOf,R-HSA-162582,
R-HSA-9006936,abstraction:IsAChildOf,R-HSA-162582,
R-HSA-5579016,abstraction:IsAChildOf,R-HSA-5579029,
R-HSA-5579027,abstraction:IsAChildOf,R-HSA-5579029,
R-HSA-5579021,abstraction:IsAChildOf,R-HSA-5579029,
R-HSA-5579000,abstraction:IsAChildOf,R-HSA-5579029,
R-HSA-5579006,abstraction:IsAChildOf,R-HSA-5579029,
R-HSA-5579030,abstraction:IsAChildOf,R-HSA-5579029,
R-HSA-5579028,abstraction:IsAChildOf,R-HSA-5579029,
R-HSA-5579015,abstraction:IsAChildOf,R-HSA-5579029,
R-HSA-5579020,abstraction:IsAChildOf,R-HSA-5579029,
R-HSA-5579011,abstraction:IsAChildOf,R-HSA-5579029,
R-HSA-5579026,abstraction:IsAChildOf,R-HSA-5579029,
R-HSA-5579010,abstraction:IsAChildOf,R-HSA-5579029,
R-HSA-5578998,abstraction:IsAChildOf,R-HSA-5579029,
R-HSA-5579022,abstraction:IsAChildOf,R-HSA-5579029,
R-HSA-5579002,abstraction:IsAChildOf,R-HSA-5579029,
R-HSA-5578995,abstraction:IsAChildOf,R-HSA-5579029,
R-HSA-5579004,abstraction:IsAChildOf,R-HSA-5579029,
R-HSA-5579007,abstraction:IsAChildOf,R-HSA-5579029,
R-HSA-5579005,abstraction:IsAChildOf,R-HSA-5579029,
R-HSA-5579013,abstraction:IsAChildOf,R-HSA-5579029,
R-HSA-5579012,abstraction:IsAChildOf,R-HSA-5579029,
R-HSA-5579017,abstraction:IsAChildOf,R-HSA-5579029,
R-HSA-5578996,abstraction:IsAChildOf,R-HSA-5579029,
R-HSA-5578997,abstraction:IsAChildOf,R-HSA-5579029,
R-HSA-5579014,abstraction:IsAChildOf,R-HSA-5579029,
R-HSA-5579024,abstraction:IsAChildOf,R-HSA-5579029,
R-HSA-5579019,abstraction:IsAChildOf,R-HSA-5579029,
R-HSA-5579009,abstraction:IsAChildOf,R-HSA-5579029,
R-HSA-5579032,abstraction:IsAChildOf,R-HSA-5579029,
R-HSA-5578999,abstraction:IsAChildOf,R-HSA-5579029,
R-HSA-9035968,abstraction:IsAChildOf,R-HSA-5579029,
R-HSA-211163,abstraction:IsAChildOf,R-HSA-210745,
R-HSA-1295596,abstraction:IsAChildOf,R-HSA-5654732,
R-HSA-211945,abstraction:IsAChildOf,R-HSA-211859,
R-HSA-156580,abstraction:IsAChildOf,R-HSA-211859,
R-HSA-5423646,abstraction:IsAChildOf,R-HSA-211859,
R-HSA-9694682,abstraction:IsAChildOf,R-HSA-9772572,
R-HSA-9694676,abstraction:IsAChildOf,R-HSA-9772572,
R-HSA-9694614,abstraction:IsAChildOf,R-HSA-9772572,
R-HSA-3000484,abstraction:IsAChildOf,R-HSA-2173782,
R-HSA-3000480,abstraction:IsAChildOf,R-HSA-2173782,
R-HSA-2168880,abstraction:IsAChildOf,R-HSA-2173782,
R-HSA-3000497,abstraction:IsAChildOf,R-HSA-2173782,
R-HSA-3000471,abstraction:IsAChildOf,R-HSA-2173782,
R-HSA-418217,abstraction:IsAChildOf,R-HSA-397795,
R-HSA-392451,abstraction:IsAChildOf,R-HSA-397795,
R-HSA-8964315,abstraction:IsAChildOf,R-HSA-397795,
R-HSA-8964616,abstraction:IsAChildOf,R-HSA-397795,
R-HSA-174143,abstraction:IsAChildOf,R-HSA-453276,
R-HSA-4549356,abstraction:IsAChildOf,R-HSA-3781860,
R-HSA-4549380,abstraction:IsAChildOf,R-HSA-3781860,
R-HSA-4720489,abstraction:IsAChildOf,R-HSA-3781860,
R-HSA-4793952,abstraction:IsAChildOf,R-HSA-3781860,
R-HSA-4793954,abstraction:IsAChildOf,R-HSA-3781860,
R-HSA-4570571,abstraction:IsAChildOf,R-HSA-3781860,
R-HSA-4793950,abstraction:IsAChildOf,R-HSA-3781860,
R-HSA-4793953,abstraction:IsAChildOf,R-HSA-3781860,
R-HSA-4549349,abstraction:IsAChildOf,R-HSA-3781860,
R-HSA-4724289,abstraction:IsAChildOf,R-HSA-3781860,
R-HSA-4341670,abstraction:IsAChildOf,R-HSA-3781860,
R-HSA-5633231,abstraction:IsAChildOf,R-HSA-3781860,
R-HSA-4720454,abstraction:IsAChildOf,R-HSA-3781860,
R-HSA-4724325,abstraction:IsAChildOf,R-HSA-3781860,
R-HSA-4687000,abstraction:IsAChildOf,R-HSA-3781860,
R-HSA-4551295,abstraction:IsAChildOf,R-HSA-3781860,
R-HSA-4720475,abstraction:IsAChildOf,R-HSA-3781860,
R-HSA-3322077,abstraction:IsAChildOf,R-HSA-8982491,
R-HSA-70221,abstraction:IsAChildOf,R-HSA-8982491,
R-HSA-9754119,abstraction:IsAChildOf,R-HSA-69231,
R-HSA-190861,abstraction:IsAChildOf,R-HSA-190828,
R-HSA-190873,abstraction:IsAChildOf,R-HSA-190828,
R-HSA-420597,abstraction:IsAChildOf,R-HSA-418990,
R-HSA-9759476,abstraction:IsAChildOf,R-HSA-418990,
R-HSA-164940,abstraction:IsAChildOf,R-HSA-164938,
R-HSA-167590,abstraction:IsAChildOf,R-HSA-164938,
R-HSA-182218,abstraction:IsAChildOf,R-HSA-164938,
R-HSA-164939,abstraction:IsAChildOf,R-HSA-164938,
R-HSA-114508,abstraction:IsAChildOf,R-HSA-416476,
R-HSA-881907,abstraction:IsAChildOf,R-HSA-416476,
R-HSA-9630750,abstraction:IsAChildOf,R-HSA-9630747,
R-HSA-9632693,abstraction:IsAChildOf,R-HSA-9630747,
R-HSA-9646303,abstraction:IsAChildOf,R-HSA-9630747,
R-HSA-9646304,abstraction:IsAChildOf,R-HSA-9630747,
R-HSA-9931521,abstraction:IsAChildOf,R-HSA-9909396,
R-HSA-9931509,abstraction:IsAChildOf,R-HSA-9909396,
R-HSA-9931512,abstraction:IsAChildOf,R-HSA-9909396,
R-HSA-1368108,abstraction:IsAChildOf,R-HSA-9909396,
R-HSA-9933387,abstraction:IsAChildOf,R-HSA-9909396,
R-HSA-9931529,abstraction:IsAChildOf,R-HSA-9909396,
R-HSA-9931530,abstraction:IsAChildOf,R-HSA-9909396,
R-HSA-9932298,abstraction:IsAChildOf,R-HSA-9909396,
R-HSA-9931510,abstraction:IsAChildOf,R-HSA-9909396,
R-HSA-453276,abstraction:IsAChildOf,R-HSA-69278,
R-HSA-453274,abstraction:IsAChildOf,R-HSA-69278,
R-HSA-68886,abstraction:IsAChildOf,R-HSA-69278,
R-HSA-69242,abstraction:IsAChildOf,R-HSA-69278,
R-HSA-453279,abstraction:IsAChildOf,R-HSA-69278,
R-HSA-936837,abstraction:IsAChildOf,R-HSA-983712,
R-HSA-2672351,abstraction:IsAChildOf,R-HSA-983712,
R-HSA-9932451,abstraction:IsAChildOf,R-HSA-9932444,
R-HSA-844455,abstraction:IsAChildOf,R-HSA-622312,
R-HSA-844456,abstraction:IsAChildOf,R-HSA-622312,
R-HSA-844615,abstraction:IsAChildOf,R-HSA-622312,
R-HSA-844623,abstraction:IsAChildOf,R-HSA-622312,
R-HSA-5624958,abstraction:IsAChildOf,R-HSA-5620920,
R-HSA-5624138,abstraction:IsAChildOf,R-HSA-5620920,
R-HSA-5620922,abstraction:IsAChildOf,R-HSA-5620920,
R-HSA-5620916,abstraction:IsAChildOf,R-HSA-5620920,
R-HSA-2022923,abstraction:IsAChildOf,R-HSA-1793185,
R-HSA-2022870,abstraction:IsAChildOf,R-HSA-1793185,
R-HSA-2024101,abstraction:IsAChildOf,R-HSA-1793185,
R-HSA-9664422,abstraction:IsAChildOf,R-HSA-9664417,
R-HSA-9828642,abstraction:IsAChildOf,R-HSA-9820965,
R-HSA-9834752,abstraction:IsAChildOf,R-HSA-9820965,
R-HSA-9828721,abstraction:IsAChildOf,R-HSA-9820965,
R-HSA-9828806,abstraction:IsAChildOf,R-HSA-9820965,
R-HSA-6807070,abstraction:IsAChildOf,R-HSA-1257604,
R-HSA-199418,abstraction:IsAChildOf,R-HSA-1257604,
R-HSA-198693,abstraction:IsAChildOf,R-HSA-1257604,
R-HSA-198323,abstraction:IsAChildOf,R-HSA-1257604,
R-HSA-180897,abstraction:IsAChildOf,R-HSA-176033,
R-HSA-180910,abstraction:IsAChildOf,R-HSA-176033,
R-HSA-3785653,abstraction:IsAChildOf,R-HSA-3229121,
R-HSA-3274531,abstraction:IsAChildOf,R-HSA-3229121,
R-HSA-3858516,abstraction:IsAChildOf,R-HSA-3229121,
R-HSA-3828062,abstraction:IsAChildOf,R-HSA-3229121,
R-HSA-3229133,abstraction:IsAChildOf,R-HSA-3229121,
R-HSA-3282872,abstraction:IsAChildOf,R-HSA-3229121,
R-HSA-3878781,abstraction:IsAChildOf,R-HSA-3229121,
R-HSA-5357609,abstraction:IsAChildOf,R-HSA-3229121,
R-HSA-3814836,abstraction:IsAChildOf,R-HSA-3229121,
R-HSA-416993,abstraction:IsAChildOf,R-HSA-399719,
R-HSA-1912399,abstraction:IsAChildOf,R-HSA-1912422,
R-HSA-1912420,abstraction:IsAChildOf,R-HSA-1912422,
R-HSA-1912408,abstraction:IsAChildOf,R-HSA-1912422,
R-HSA-196025,abstraction:IsAChildOf,R-HSA-190873,
R-HSA-9766229,abstraction:IsAChildOf,R-HSA-9764561,
R-HSA-1474151,abstraction:IsAChildOf,R-HSA-8978934,
R-HSA-389542,abstraction:IsAChildOf,R-HSA-8978934,
R-HSA-2142789,abstraction:IsAChildOf,R-HSA-8978934,
R-HSA-1280218,abstraction:IsAChildOf,R-HSA-168256,
R-HSA-168249,abstraction:IsAChildOf,R-HSA-168256,
R-HSA-1280215,abstraction:IsAChildOf,R-HSA-168256,
R-HSA-8876493,abstraction:IsAChildOf,R-HSA-8876384,
R-HSA-8875360,abstraction:IsAChildOf,R-HSA-8876384,
R-HSA-8868773,abstraction:IsAChildOf,R-HSA-72312,
R-HSA-8868766,abstraction:IsAChildOf,R-HSA-72312,
R-HSA-190373,abstraction:IsAChildOf,R-HSA-190242,
R-HSA-190370,abstraction:IsAChildOf,R-HSA-190242,
R-HSA-190374,abstraction:IsAChildOf,R-HSA-190242,
R-HSA-2160916,abstraction:IsAChildOf,R-HSA-2142845,
R-HSA-9759194,abstraction:IsAChildOf,R-HSA-9755511,
R-HSA-9708530,abstraction:IsAChildOf,R-HSA-9755511,
R-HSA-6796648,abstraction:IsAChildOf,R-HSA-3700989,
R-HSA-5628897,abstraction:IsAChildOf,R-HSA-3700989,
R-HSA-6791312,abstraction:IsAChildOf,R-HSA-3700989,
R-HSA-5633007,abstraction:IsAChildOf,R-HSA-3700989,
R-HSA-5633008,abstraction:IsAChildOf,R-HSA-3700989,
R-HSA-3304347,abstraction:IsAChildOf,R-HSA-3304351,
R-HSA-3656534,abstraction:IsAChildOf,R-HSA-3304351,
R-HSA-3304349,abstraction:IsAChildOf,R-HSA-3304351,
R-HSA-3642278,abstraction:IsAChildOf,R-HSA-3304351,
R-HSA-159231,abstraction:IsAChildOf,R-HSA-159234,
R-HSA-159230,abstraction:IsAChildOf,R-HSA-159234,
R-HSA-159227,abstraction:IsAChildOf,R-HSA-159234,
R-HSA-5602358,abstraction:IsAChildOf,R-HSA-5260271,
R-HSA-9652282,abstraction:IsAChildOf,R-HSA-1227986,
R-HSA-8863795,abstraction:IsAChildOf,R-HSA-1227986,
R-HSA-1251932,abstraction:IsAChildOf,R-HSA-1227986,
R-HSA-1250196,abstraction:IsAChildOf,R-HSA-1227986,
R-HSA-1306955,abstraction:IsAChildOf,R-HSA-1227986,
R-HSA-6785631,abstraction:IsAChildOf,R-HSA-1227986,
R-HSA-8847993,abstraction:IsAChildOf,R-HSA-1227986,
R-HSA-1963640,abstraction:IsAChildOf,R-HSA-1227986,
R-HSA-1963642,abstraction:IsAChildOf,R-HSA-1227986,
R-HSA-1461973,abstraction:IsAChildOf,R-HSA-6803157,
R-HSA-6799990,abstraction:IsAChildOf,R-HSA-6803157,
R-HSA-6803544,abstraction:IsAChildOf,R-HSA-6803157,
R-HSA-5250924,abstraction:IsAChildOf,R-HSA-5250913,
R-HSA-427389,abstraction:IsAChildOf,R-HSA-5250913,
R-HSA-9027276,abstraction:IsAChildOf,R-HSA-9006335,
R-HSA-9027277,abstraction:IsAChildOf,R-HSA-9006335,
R-HSA-9027284,abstraction:IsAChildOf,R-HSA-9006335,
R-HSA-9027283,abstraction:IsAChildOf,R-HSA-9006335,
R-HSA-191650,abstraction:IsAChildOf,R-HSA-157858,
R-HSA-190828,abstraction:IsAChildOf,R-HSA-157858,
R-HSA-9954716,abstraction:IsAChildOf,R-HSA-9948299,
R-HSA-9954709,abstraction:IsAChildOf,R-HSA-9948299,
R-HSA-9954714,abstraction:IsAChildOf,R-HSA-9948299,
R-HSA-9930044,abstraction:IsAChildOf,R-HSA-8953854,
R-HSA-927802,abstraction:IsAChildOf,R-HSA-8953854,
R-HSA-9937008,abstraction:IsAChildOf,R-HSA-8953854,
R-HSA-450531,abstraction:IsAChildOf,R-HSA-8953854,
R-HSA-75067,abstraction:IsAChildOf,R-HSA-8953854,
R-HSA-428359,abstraction:IsAChildOf,R-HSA-8953854,
R-HSA-9836573,abstraction:IsAChildOf,R-HSA-8953854,
R-HSA-72086,abstraction:IsAChildOf,R-HSA-8953854,
R-HSA-75072,abstraction:IsAChildOf,R-HSA-8953854,
R-HSA-194441,abstraction:IsAChildOf,R-HSA-8953854,
R-HSA-72312,abstraction:IsAChildOf,R-HSA-8953854,
R-HSA-72306,abstraction:IsAChildOf,R-HSA-8953854,
R-HSA-429914,abstraction:IsAChildOf,R-HSA-8953854,
R-HSA-72203,abstraction:IsAChildOf,R-HSA-8953854,
R-HSA-1474151,abstraction:NextStepPathway,R-HSA-9009391,0.006274309236950494
R-HSA-1474151,abstraction:NextStepPathway,R-HSA-203615,0.008770032956739022
R-HSA-1474151,abstraction:NextStepPathway,R-HSA-5218920,0.007196225141303547
R-HSA-434313,abstraction:NextStepPathway,R-HSA-200425,0.0007534909311056534
R-HSA-174411,abstraction:NextStepPathway,R-HSA-174414,0.007191488972236905
R-HSA-1912399,abstraction:NextStepPathway,R-HSA-1912420,0.00039865645570036476
R-HSA-429947,abstraction:NextStepPathway,R-HSA-9820865,0.004874741979146727
R-HSA-429947,abstraction:NextStepPathway,R-HSA-429958,0.0005636607801432166
R-HSA-429947,abstraction:NextStepPathway,R-HSA-430039,0.0005871651307054592
R-HSA-72649,abstraction:NextStepPathway,R-HSA-72702,0.02949949604896345
R-HSA-72649,abstraction:NextStepPathway,R-HSA-156827,0.026429611927098882
R-HSA-5654227,abstraction:NextStepPathway,R-HSA-2029485,0.0023500118360500594
R-HSA-5654227,abstraction:NextStepPathway,R-HSA-5218921,0.0015494107357313562
R-HSA-5654227,abstraction:NextStepPathway,R-HSA-1489509,0.0015110086833135356
R-HSA-111458,abstraction:NextStepPathway,R-HSA-9627069,0.007802976593909639
R-HSA-111458,abstraction:NextStepPathway,R-HSA-111459,0.0035383941603758648
R-HSA-977443,abstraction:NextStepPathway,R-HSA-1236394,0.0009175259926683652
R-HSA-1855167,abstraction:NextStepPathway,R-HSA-1855184,0.0010123947134576376
R-HSA-1855167,abstraction:NextStepPathway,R-HSA-5675482,0.0009706659145897246
R-HSA-1855167,abstraction:NextStepPathway,R-HSA-1855229,0.0002172966584699337
R-HSA-425410,abstraction:NextStepPathway,R-HSA-1222556,0.0006040696907519943
R-HSA-425410,abstraction:NextStepPathway,R-HSA-917937,0.00253615213072793
R-HSA-425410,abstraction:NextStepPathway,R-HSA-6803544,0.0006536146362046478
R-HSA-166665,abstraction:NextStepPathway,R-HSA-977606,0.00426978163324875
R-HSA-5358346,abstraction:NextStepPathway,R-HSA-5362798,0.002499764807519763
R-HSA-2408499,abstraction:NextStepPathway,R-HSA-2408508,0.0015311791323989942
R-HSA-2408499,abstraction:NextStepPathway,R-HSA-5263617,0.0013987927581072936
R-HSA-2408499,abstraction:NextStepPathway,R-HSA-2408550,0.0011674825981659491
R-HSA-2408499,abstraction:NextStepPathway,R-HSA-2408552,0.001532163302451333
R-HSA-209931,abstraction:NextStepPathway,R-HSA-181429,0.0006631383898646154
R-HSA-9707587,abstraction:NextStepPathway,R-HSA-917937,1.2303464551321068e-06
R-HSA-9707587,abstraction:NextStepPathway,R-HSA-9707564,0.0024491391492762857
R-HSA-9707587,abstraction:NextStepPathway,R-HSA-189483,8.282091393844e-07
R-HSA-167021,abstraction:NextStepPathway,R-HSA-2029485,0.0014688063032997011
R-HSA-167021,abstraction:NextStepPathway,R-HSA-5218921,0.0014546047743128855
R-HSA-167021,abstraction:NextStepPathway,R-HSA-1489509,0.0014162177837939653
R-HSA-2142770,abstraction:NextStepPathway,R-HSA-2142700,0.0021265413585074746
R-HSA-390247,abstraction:NextStepPathway,R-HSA-9856872,0.0009715226019182077
R-HSA-390247,abstraction:NextStepPathway,R-HSA-389887,0.003725886774100593
R-HSA-196783,abstraction:NextStepPathway,R-HSA-199220,0.010681234584940715
R-HSA-211994,abstraction:NextStepPathway,R-HSA-193368,0.0032515036904227764
R-HSA-211994,abstraction:NextStepPathway,R-HSA-193775,0.0035793085796669245
R-HSA-211994,abstraction:NextStepPathway,R-HSA-193807,0.003943080056891541
R-HSA-9013700,abstraction:NextStepPathway,R-HSA-9013695,0.0003449974163246952
R-HSA-9013700,abstraction:NextStepPathway,R-HSA-9604323,0.0006476559070219704
R-HSA-3322077,abstraction:NextStepPathway,R-HSA-379716,0.001130484334286858
R-HSA-3322077,abstraction:NextStepPathway,R-HSA-71737,0.0019057042489950809
R-HSA-3322077,abstraction:NextStepPathway,R-HSA-173599,0.0036537415918703993
R-HSA-5357956,abstraction:NextStepPathway,R-HSA-5357905,0.0060956952309636995
R-HSA-9758920,abstraction:NextStepPathway,R-HSA-9793380,0.00022241146602526845
R-HSA-72706,abstraction:NextStepPathway,R-HSA-156902,0.03667260724786094
R-HSA-72706,abstraction:NextStepPathway,R-HSA-72731,0.0015938663362648634
R-HSA-5673001,abstraction:NextStepPathway,R-HSA-5654726,0.001081894978946092
R-HSA-5673001,abstraction:NextStepPathway,R-HSA-5675221,0.008649005842689003
R-HSA-5673001,abstraction:NextStepPathway,R-HSA-2559582,0.000667238619475023
R-HSA-5673001,abstraction:NextStepPathway,R-HSA-2871796,0.0009456671589866629
R-HSA-5673001,abstraction:NextStepPathway,R-HSA-2559585,0.0003865300807365719
R-HSA-5673001,abstraction:NextStepPathway,R-HSA-9634638,0.0003660976005005144
R-HSA-5673001,abstraction:NextStepPathway,R-HSA-2559580,0.0007357268265099464
R-HSA-5673001,abstraction:NextStepPathway,R-HSA-8940973,0.00033975464202698003
R-HSA-5673001,abstraction:NextStepPathway,R-HSA-5654732,0.0011437626290501702
R-HSA-5673001,abstraction:NextStepPathway,R-HSA-881907,0.001081894978946092
R-HSA-5673001,abstraction:NextStepPathway,R-HSA-450341,0.0006081703937927628
R-HSA-5673001,abstraction:NextStepPathway,R-HSA-170968,0.002382068520554451
R-HSA-5673001,abstraction:NextStepPathway,R-HSA-444257,0.0008930396266945467
R-HSA-5673001,abstraction:NextStepPathway,R-HSA-112409,0.0025311005672879828
R-HSA-5673001,abstraction:NextStepPathway,R-HSA-5673000,0.0058760231292661535
R-HSA-5673001,abstraction:NextStepPathway,R-HSA-375165,0.001314502357142886
R-HSA-5673001,abstraction:NextStepPathway,R-HSA-5654727,0.0011437626290501702
R-HSA-5673001,abstraction:NextStepPathway,R-HSA-198753,0.0012201269984156
R-HSA-5673001,abstraction:NextStepPathway,R-HSA-5654733,0.0011437626290501702
R-HSA-1307965,abstraction:NextStepPathway,R-HSA-5654719,0.0010592017144619278
R-HSA-1307965,abstraction:NextStepPathway,R-HSA-5654712,0.0009786119374129991
R-HSA-1307965,abstraction:NextStepPathway,R-HSA-5654228,0.001148165596278896
R-HSA-8963896,abstraction:NextStepPathway,R-HSA-8964058,0.003784213337965304
R-HSA-113418,abstraction:NextStepPathway,R-HSA-674695,0.016564255151024866
R-HSA-113418,abstraction:NextStepPathway,R-HSA-112382,0.016791951678237205
R-HSA-163765,abstraction:NextStepPathway,R-HSA-75105,0.0008398945295731254
R-HSA-163765,abstraction:NextStepPathway,R-HSA-200425,1.8271872648057975e-06
R-HSA-163765,abstraction:NextStepPathway,R-HSA-70171,4.855240772534032e-06
R-HSA-163765,abstraction:NextStepPathway,R-HSA-70268,5.2078403118112345e-06
R-HSA-163765,abstraction:NextStepPathway,R-HSA-1483166,2.601072909187349e-06
R-HSA-163765,abstraction:NextStepPathway,R-HSA-199220,0.00022790352064105043
R-HSA-163765,abstraction:NextStepPathway,R-HSA-196780,0.000677687971497548
R-HSA-170660,abstraction:NextStepPathway,R-HSA-180024,0.0013201458486473672
R-HSA-111931,abstraction:NextStepPathway,R-HSA-9634638,0.0012508843383710125
R-HSA-111931,abstraction:NextStepPathway,R-HSA-9664323,0.004321371115742097
R-HSA-111931,abstraction:NextStepPathway,R-HSA-442720,0.0047151514404062435
R-HSA-111931,abstraction:NextStepPathway,R-HSA-9022692,0.0014531113965505183
R-HSA-111931,abstraction:NextStepPathway,R-HSA-111932,0.0027669225676175213
R-HSA-111931,abstraction:NextStepPathway,R-HSA-9616222,0.00023881128604768626
R-HSA-111931,abstraction:NextStepPathway,R-HSA-163358,0.000997078086867134
R-HSA-111931,abstraction:NextStepPathway,R-HSA-9031628,0.0010705226289999103
R-HSA-111931,abstraction:NextStepPathway,R-HSA-9660821,0.0032302014191549953
R-HSA-9840309,abstraction:NextStepPathway,R-HSA-9845576,0.0009450290827803566
R-HSA-69206,abstraction:NextStepPathway,R-HSA-69239,0.024030132544477813
R-HSA-8866910,abstraction:NextStepPathway,R-HSA-209822,0.0008313310619477585
R-HSA-1660514,abstraction:NextStepPathway,R-HSA-1660510,0.0006008587048608887
R-HSA-379716,abstraction:NextStepPathway,R-HSA-72695,1.2319840735510348e-05
R-HSA-5223345,abstraction:NextStepPathway,R-HSA-70921,0.0005166193784331061
R-HSA-1679131,abstraction:NextStepPathway,R-HSA-168138,0.0009470393153420333
R-HSA-9954716,abstraction:NextStepPathway,R-HSA-9954709,0.015789141934983573
R-HSA-611105,abstraction:NextStepPathway,R-HSA-5628897,0.006552456638459169
R-HSA-611105,abstraction:NextStepPathway,R-HSA-9707564,0.005845882571680479
R-HSA-611105,abstraction:NextStepPathway,R-HSA-166187,0.0005764039499545312
R-HSA-611105,abstraction:NextStepPathway,R-HSA-167826,0.00022718679975722937
R-HSA-611105,abstraction:NextStepPathway,R-HSA-163210,0.00022384367693996685
R-HSA-159231,abstraction:NextStepPathway,R-HSA-72662,9.340255575408689e-05
R-HSA-1650814,abstraction:NextStepPathway,R-HSA-8948216,0.0
R-HSA-1650814,abstraction:NextStepPathway,R-HSA-2022090,0.00027852190009031
R-HSA-190861,abstraction:NextStepPathway,R-HSA-190827,0.0007220210893143929
R-HSA-190861,abstraction:NextStepPathway,R-HSA-190704,0.002268349557212841
R-HSA-6784531,abstraction:NextStepPathway,R-HSA-6782315,0.0006250240794521843
R-HSA-180897,abstraction:NextStepPathway,R-HSA-111457,3.0089161668349296e-08
R-HSA-180897,abstraction:NextStepPathway,R-HSA-5620971,9.02994392843435e-08
R-HSA-196807,abstraction:NextStepPathway,R-HSA-561048,0.0002691581780794793
R-HSA-190375,abstraction:NextStepPathway,R-HSA-5654221,0.0013105411807580313
R-HSA-190375,abstraction:NextStepPathway,R-HSA-5654699,0.0012215472026811506
R-HSA-190375,abstraction:NextStepPathway,R-HSA-5654700,0.0011409122745852035
R-HSA-72689,abstraction:NextStepPathway,R-HSA-72706,0.04380799829624505
R-HSA-72689,abstraction:NextStepPathway,R-HSA-72737,0.04232037598034907
R-HSA-4420097,abstraction:NextStepPathway,R-HSA-389357,0.004923950824295017
R-HSA-4420097,abstraction:NextStepPathway,R-HSA-5668599,0.006188847198944568
R-HSA-4420097,abstraction:NextStepPathway,R-HSA-1257604,0.003590865899279997
R-HSA-4420097,abstraction:NextStepPathway,R-HSA-2029482,0.0046955203321754745
R-HSA-4420097,abstraction:NextStepPathway,R-HSA-114604,0.002734726154385235
R-HSA-4420097,abstraction:NextStepPathway,R-HSA-5663213,0.003923901874616397
R-HSA-4420097,abstraction:NextStepPathway,R-HSA-3928663,0.0019415537282847163
R-HSA-4420097,abstraction:NextStepPathway,R-HSA-171007,0.002515963576149537
R-HSA-4420097,abstraction:NextStepPathway,R-HSA-5218921,0.009368402961877496
R-HSA-4420097,abstraction:NextStepPathway,R-HSA-5218920,0.017273849533689066
R-HSA-4420097,abstraction:NextStepPathway,R-HSA-9664422,0.004801871216844515
R-HSA-70350,abstraction:NextStepPathway,R-HSA-70171,0.0035702292019107813
R-HSA-202433,abstraction:NextStepPathway,R-HSA-2871809,0.0033670411084309347
R-HSA-202433,abstraction:NextStepPathway,R-HSA-112043,0.0021578972221109683
R-HSA-202433,abstraction:NextStepPathway,R-HSA-9664323,0.00243123401591416
R-HSA-202433,abstraction:NextStepPathway,R-HSA-2029482,0.0008788066697195696
R-HSA-202433,abstraction:NextStepPathway,R-HSA-2029485,0.0030017750280641013
R-HSA-202433,abstraction:NextStepPathway,R-HSA-5663213,0.000996984002935397
R-HSA-202433,abstraction:NextStepPathway,R-HSA-5218921,0.002964016669378001
R-HSA-202433,abstraction:NextStepPathway,R-HSA-422356,0.0015680511875519566
R-HSA-202433,abstraction:NextStepPathway,R-HSA-5607763,0.0007139558762555146
R-HSA-202433,abstraction:NextStepPathway,R-HSA-1489509,0.002863489307213422
R-HSA-202433,abstraction:NextStepPathway,R-HSA-4086398,0.0017475887145081634
R-HSA-202433,abstraction:NextStepPathway,R-HSA-983695,0.0017318771543893075
R-HSA-202433,abstraction:NextStepPathway,R-HSA-9664422,0.0008965448169725019
R-HSA-202433,abstraction:NextStepPathway,R-HSA-202424,0.003949558764013387
R-HSA-389542,abstraction:NextStepPathway,R-HSA-389599,0.0021920325819793423
R-HSA-171319,abstraction:NextStepPathway,R-HSA-174417,0.0063921819873536
R-HSA-171319,abstraction:NextStepPathway,R-HSA-174430,0.00495264637910673
R-HSA-5625900,abstraction:NextStepPathway,R-HSA-5627117,0.003213683156456588
R-HSA-5625900,abstraction:NextStepPathway,R-HSA-5625740,0.002686976698713847
R-HSA-5625900,abstraction:NextStepPathway,R-HSA-5627123,0.0028840588613578953
R-HSA-5684264,abstraction:NextStepPathway,R-HSA-110056,0.001001442518919858
R-HSA-68877,abstraction:NextStepPathway,R-HSA-9648025,0.034353947363377046
R-HSA-68877,abstraction:NextStepPathway,R-HSA-2500257,0.0388443963989542
R-HSA-162599,abstraction:NextStepPathway,R-HSA-177243,0.01603151154196814
R-HSA-199920,abstraction:NextStepPathway,R-HSA-111931,0.0015865120513614442
R-HSA-199920,abstraction:NextStepPathway,R-HSA-9634638,0.0014164093842652977
R-HSA-199920,abstraction:NextStepPathway,R-HSA-111932,0.0016188171372354427
R-HSA-199920,abstraction:NextStepPathway,R-HSA-9031628,0.0012357061004321219
R-HSA-2980766,abstraction:NextStepPathway,R-HSA-4419969,0.005748888382525774
R-HSA-8981607,abstraction:NextStepPathway,R-HSA-203615,0.0012743032248497582
R-HSA-1251985,abstraction:NextStepPathway,R-HSA-9018519,0.0012759825304008055
R-HSA-179812,abstraction:NextStepPathway,R-HSA-5673001,0.0006081703937927628
R-HSA-179812,abstraction:NextStepPathway,R-HSA-912526,0.0010977964019277765
R-HSA-179812,abstraction:NextStepPathway,R-HSA-2428933,0.002562314001555684
R-HSA-179812,abstraction:NextStepPathway,R-HSA-180336,0.003432047284443592
R-HSA-179812,abstraction:NextStepPathway,R-HSA-167044,0.0023556685962827276
R-HSA-179812,abstraction:NextStepPathway,R-HSA-74751,0.0021372921621480956
R-HSA-179812,abstraction:NextStepPathway,R-HSA-112412,0.0029688660096551726
R-HSA-8939236,abstraction:NextStepPathway,R-HSA-9616222,0.002251632053447925
R-HSA-420092,abstraction:NextStepPathway,R-HSA-163359,0.0014125072946280185
R-HSA-420092,abstraction:NextStepPathway,R-HSA-416476,0.00023429153685163587
R-HSA-420092,abstraction:NextStepPathway,R-HSA-418555,0.0002687740844193128
R-HSA-420092,abstraction:NextStepPathway,R-HSA-381676,0.0007747775849623503
R-HSA-420092,abstraction:NextStepPathway,R-HSA-9660821,0.0003143712849599975
R-HSA-211945,abstraction:NextStepPathway,R-HSA-8963896,0.00130266629234029
R-HSA-9022707,abstraction:NextStepPathway,R-HSA-9022692,0.00039024234147603095
R-HSA-888590,abstraction:NextStepPathway,R-HSA-420499,0.0011207089070605222
R-HSA-888590,abstraction:NextStepPathway,R-HSA-977444,0.00026815695396511255
R-HSA-9026357,abstraction:NextStepPathway,R-HSA-9026527,0.0013105411807580313
R-HSA-9026357,abstraction:NextStepPathway,R-HSA-9028731,0.0010675457176439105
R-HSA-9026357,abstraction:NextStepPathway,R-HSA-9026519,0.001148165596278896
R-HSA-9026357,abstraction:NextStepPathway,R-HSA-9028335,0.0010903863336047272
R-HSA-901032,abstraction:NextStepPathway,R-HSA-901042,0.009176060817973548
R-HSA-901032,abstraction:NextStepPathway,R-HSA-532668,0.008310797300975354
R-HSA-901032,abstraction:NextStepPathway,R-HSA-948021,0.0009832097293989912
R-HSA-2022377,abstraction:NextStepPathway,R-HSA-375276,0.00033632076872830506
R-HSA-1482839,abstraction:NextStepPathway,R-HSA-1483191,0.0013469267703312712
R-HSA-1482839,abstraction:NextStepPathway,R-HSA-1483152,0.0025445129074689633
R-HSA-1482839,abstraction:NextStepPathway,R-HSA-1483101,0.0008255731997170429
R-HSA-977606,abstraction:NextStepPathway,R-HSA-418594,0.0001195597264677393
R-HSA-977606,abstraction:NextStepPathway,R-HSA-9660826,0.0007654131549426018
R-HSA-6811558,abstraction:NextStepPathway,R-HSA-166058,0.0035023307337169987
R-HSA-6811558,abstraction:NextStepPathway,R-HSA-389357,0.0016537124958325028
R-HSA-6811558,abstraction:NextStepPathway,R-HSA-1257604,0.007387636389457225
R-HSA-6811558,abstraction:NextStepPathway,R-HSA-199418,0.010885731440552888
R-HSA-6811558,abstraction:NextStepPathway,R-HSA-1855204,0.0022307848033753692
R-HSA-6811558,abstraction:NextStepPathway,R-HSA-114604,0.0014448965752629434
R-HSA-6811558,abstraction:NextStepPathway,R-HSA-1660499,0.0035278628576681345
R-HSA-6811558,abstraction:NextStepPathway,R-HSA-5218920,0.0017744341373418272
R-HSA-6811558,abstraction:NextStepPathway,R-HSA-1660516,0.0026197715373072654
R-HSA-6811558,abstraction:NextStepPathway,R-HSA-202424,0.0023410316214583756
R-HSA-194138,abstraction:NextStepPathway,R-HSA-428930,0.001400424031870669
R-HSA-194138,abstraction:NextStepPathway,R-HSA-177929,0.003863366143063302
R-HSA-1855156,abstraction:NextStepPathway,R-HSA-1855191,0.0011960382200094338
R-HSA-1855156,abstraction:NextStepPathway,R-HSA-1855170,0.00041985158596487905
R-HSA-1059683,abstraction:NextStepPathway,R-HSA-6788467,0.0003250093979773504
R-HSA-1059683,abstraction:NextStepPathway,R-HSA-8984722,0.0013021543977988442
R-HSA-1059683,abstraction:NextStepPathway,R-HSA-9931295,0.0008578855096277525
R-HSA-354192,abstraction:NextStepPathway,R-HSA-372708,0.007008660621288482
R-HSA-354192,abstraction:NextStepPathway,R-HSA-354194,0.0057883395150753495
R-HSA-354192,abstraction:NextStepPathway,R-HSA-392517,0.0028456897524181974
R-HSA-9939291,abstraction:NextStepPathway,R-HSA-8932504,0.0022352564079104586
R-HSA-9939291,abstraction:NextStepPathway,R-HSA-8932506,0.002290251683685547
R-HSA-9732724,abstraction:NextStepPathway,R-HSA-877300,0.004558753265106201
R-HSA-9732724,abstraction:NextStepPathway,R-HSA-2173795,0.000765009918067403
R-HSA-936440,abstraction:NextStepPathway,R-HSA-1169408,0.0008186575541274359
R-HSA-111457,abstraction:NextStepPathway,R-HSA-111458,0.00094053486639934
R-HSA-111457,abstraction:NextStepPathway,R-HSA-111469,0.0016558940212783385
R-HSA-111457,abstraction:NextStepPathway,R-HSA-111461,0.0009094752200747441
R-HSA-111457,abstraction:NextStepPathway,R-HSA-111463,0.0010278553366402025
R-HSA-111457,abstraction:NextStepPathway,R-HSA-111471,0.00355776425616363
R-HSA-417973,abstraction:NextStepPathway,R-HSA-418594,2.4101188341028165e-07
R-HSA-417973,abstraction:NextStepPathway,R-HSA-418555,0.0005673481403177504
R-HSA-417973,abstraction:NextStepPathway,R-HSA-9660821,0.0006134875852559249
R-HSA-70688,abstraction:NextStepPathway,R-HSA-8964539,0.003418918867188583
R-HSA-9012546,abstraction:NextStepPathway,R-HSA-9960525,0.00048781680602407086
R-HSA-9012546,abstraction:NextStepPathway,R-HSA-9960519,0.00048781680602407086
R-HSA-73614,abstraction:NextStepPathway,R-HSA-73621,0.003576879778376062
R-HSA-73614,abstraction:NextStepPathway,R-HSA-499943,0.002308420398866423
R-HSA-69563,abstraction:NextStepPathway,R-HSA-2559582,0.0005830380551150513
R-HSA-69563,abstraction:NextStepPathway,R-HSA-69656,0.016176059134117904
R-HSA-69563,abstraction:NextStepPathway,R-HSA-187577,0.01695126368063414
R-HSA-77348,abstraction:NextStepPathway,R-HSA-611105,0.0013700104569624749
R-HSA-77348,abstraction:NextStepPathway,R-HSA-77350,0.007228026947320276
R-HSA-2172127,abstraction:NextStepPathway,R-HSA-391160,0.0020309573064663917
R-HSA-2172127,abstraction:NextStepPathway,R-HSA-2424491,0.008840346863395361
R-HSA-156588,abstraction:NextStepPathway,R-HSA-189483,0.0033076439222366263
R-HSA-156588,abstraction:NextStepPathway,R-HSA-9749641,0.001571006707093614
R-HSA-9694631,abstraction:NextStepPathway,R-HSA-9755779,0.001375465538427116
R-HSA-9694631,abstraction:NextStepPathway,R-HSA-9694322,0.0003696874159405602
R-HSA-9694631,abstraction:NextStepPathway,R-HSA-9694786,0.0023698248699988538
R-HSA-9694631,abstraction:NextStepPathway,R-HSA-9705671,0.0007290266366375923
R-HSA-428930,abstraction:NextStepPathway,R-HSA-416476,0.0011986881158358356
R-HSA-428930,abstraction:NextStepPathway,R-HSA-416482,0.002202790977913642
R-HSA-916853,abstraction:NextStepPathway,R-HSA-611105,0.002469739219867689
R-HSA-916853,abstraction:NextStepPathway,R-HSA-880009,0.0007747775849623503
R-HSA-916853,abstraction:NextStepPathway,R-HSA-71403,0.002556399055612582
R-HSA-428643,abstraction:NextStepPathway,R-HSA-196807,0.0011950627835328037
R-HSA-428643,abstraction:NextStepPathway,R-HSA-433692,0.0003883447101948726
R-HSA-428643,abstraction:NextStepPathway,R-HSA-561048,0.0003883447101948726
R-HSA-428643,abstraction:NextStepPathway,R-HSA-75105,0.000820446408182268
R-HSA-428643,abstraction:NextStepPathway,R-HSA-70263,0.0018133799308777726
R-HSA-428643,abstraction:NextStepPathway,R-HSA-1614517,0.0015556750619736806
R-HSA-428643,abstraction:NextStepPathway,R-HSA-70268,0.0015171827001146006
R-HSA-428643,abstraction:NextStepPathway,R-HSA-4085001,0.0018133799308777726
R-HSA-166058,abstraction:NextStepPathway,R-HSA-975144,0.004500280778583205
R-HSA-166058,abstraction:NextStepPathway,R-HSA-975138,0.025447479151465655
R-HSA-166058,abstraction:NextStepPathway,R-HSA-937039,0.004500280778583205
R-HSA-166058,abstraction:NextStepPathway,R-HSA-975871,0.025447479151465655
R-HSA-166058,abstraction:NextStepPathway,R-HSA-937042,0.002983920658620726
R-HSA-420499,abstraction:NextStepPathway,R-HSA-418594,0.00022556822943513928
R-HSA-420499,abstraction:NextStepPathway,R-HSA-416476,0.00025716675802333976
R-HSA-420499,abstraction:NextStepPathway,R-HSA-1296041,0.0017488474998015764
R-HSA-420499,abstraction:NextStepPathway,R-HSA-997272,0.0017488474998015764
R-HSA-1655829,abstraction:NextStepPathway,R-HSA-2426168,0.027681986716377026
R-HSA-114508,abstraction:NextStepPathway,R-HSA-354192,0.0020624305652829516
R-HSA-114508,abstraction:NextStepPathway,R-HSA-9856530,0.0009059119090027554
R-HSA-114508,abstraction:NextStepPathway,R-HSA-2871809,0.0020624305652829516
R-HSA-114508,abstraction:NextStepPathway,R-HSA-9664323,0.002150281047197162
R-HSA-114508,abstraction:NextStepPathway,R-HSA-76005,0.0029896010303507507
R-HSA-114508,abstraction:NextStepPathway,R-HSA-445355,0.001886679008993514
R-HSA-114508,abstraction:NextStepPathway,R-HSA-5218921,0.002150281047197162
R-HSA-114508,abstraction:NextStepPathway,R-HSA-111997,0.0016811142617272176
R-HSA-114508,abstraction:NextStepPathway,R-HSA-5607763,0.0013218438302460551
R-HSA-114508,abstraction:NextStepPathway,R-HSA-5578775,0.002495915386289582
R-HSA-114508,abstraction:NextStepPathway,R-HSA-983695,0.0019576593194373442
R-HSA-114508,abstraction:NextStepPathway,R-HSA-2514859,0.0013742179811284515
R-HSA-114508,abstraction:NextStepPathway,R-HSA-392517,0.0018972131860974148
R-HSA-114508,abstraction:NextStepPathway,R-HSA-139853,0.002256560580892156
R-HSA-392154,abstraction:NextStepPathway,R-HSA-1222556,0.0024355669574915298
R-HSA-392154,abstraction:NextStepPathway,R-HSA-418457,0.0030370027936608432
R-HSA-392154,abstraction:NextStepPathway,R-HSA-445355,0.0028138191224735512
R-HSA-392154,abstraction:NextStepPathway,R-HSA-3299685,0.002055772991948579
R-HSA-176407,abstraction:NextStepPathway,R-HSA-174178,0.008429583887150757
R-HSA-77288,abstraction:NextStepPathway,R-HSA-611105,0.0012785144751452909
R-HSA-77288,abstraction:NextStepPathway,R-HSA-77346,0.005984508987571246
R-HSA-141430,abstraction:NextStepPathway,R-HSA-179409,0.013395184649981143
R-HSA-141430,abstraction:NextStepPathway,R-HSA-176409,0.010550762369403032
R-HSA-141430,abstraction:NextStepPathway,R-HSA-174184,0.010672115407042252
R-HSA-352230,abstraction:NextStepPathway,R-HSA-888590,0.0014083522155490548
R-HSA-352230,abstraction:NextStepPathway,R-HSA-71240,0.0016332710700032943
R-HSA-352230,abstraction:NextStepPathway,R-HSA-428559,0.0015164503927703602
R-HSA-352230,abstraction:NextStepPathway,R-HSA-442660,0.0034880139266579933
R-HSA-73621,abstraction:NextStepPathway,R-HSA-70635,0.001515532619583071
R-HSA-9912633,abstraction:NextStepPathway,R-HSA-983170,0.0005565125067687803
R-HSA-9912633,abstraction:NextStepPathway,R-HSA-983168,0.006966784230533182
R-HSA-71240,abstraction:NextStepPathway,R-HSA-196807,0.002994566655345779
R-HSA-2029481,abstraction:NextStepPathway,R-HSA-2029482,0.0012153985151467017
R-HSA-2029481,abstraction:NextStepPathway,R-HSA-2454202,0.0009361789908118921
R-HSA-1614558,abstraction:NextStepPathway,R-HSA-1614517,0.011204212506488218
R-HSA-168275,abstraction:NextStepPathway,R-HSA-168288,0.010710464586803218
R-HSA-389958,abstraction:NextStepPathway,R-HSA-391251,0.010462178738380257
R-HSA-166016,abstraction:NextStepPathway,R-HSA-166058,0.025980489297919674
R-HSA-166016,abstraction:NextStepPathway,R-HSA-166020,0.0013849387086909606
R-HSA-8856825,abstraction:NextStepPathway,R-HSA-8856828,0.01639889893049886
R-HSA-9960525,abstraction:NextStepPathway,R-HSA-448706,0.0005092863366557645
R-HSA-9960525,abstraction:NextStepPathway,R-HSA-5620971,0.0014838485345551964
R-HSA-9960525,abstraction:NextStepPathway,R-HSA-9660826,0.00033114070771233335
R-HSA-9020591,abstraction:NextStepPathway,R-HSA-8984722,0.0023071436005978065
R-HSA-9020591,abstraction:NextStepPathway,R-HSA-9942503,0.0009692115264002696
R-HSA-9020591,abstraction:NextStepPathway,R-HSA-8950505,0.03724850873366528
R-HSA-9020591,abstraction:NextStepPathway,R-HSA-9020933,0.003097805875171592
R-HSA-381042,abstraction:NextStepPathway,R-HSA-9633012,0.0036530415109409333
R-HSA-381042,abstraction:NextStepPathway,R-HSA-9648895,0.004721338505104101
R-HSA-381042,abstraction:NextStepPathway,R-HSA-380994,0.018089304003318308
R-HSA-381042,abstraction:NextStepPathway,R-HSA-381183,0.0033089519447076403
R-HSA-389359,abstraction:NextStepPathway,R-HSA-5627123,0.000731864187313732
R-HSA-389359,abstraction:NextStepPathway,R-HSA-5687128,0.0005307576587437234
R-HSA-2559582,abstraction:NextStepPathway,R-HSA-199920,0.0006928198058002799
R-HSA-2559582,abstraction:NextStepPathway,R-HSA-2559585,0.0005070349944410614
R-HSA-2559582,abstraction:NextStepPathway,R-HSA-2559580,0.002092165171115868
R-HSA-2559582,abstraction:NextStepPathway,R-HSA-881907,0.0005309961353634783
R-HSA-2559582,abstraction:NextStepPathway,R-HSA-8853884,0.012094555870148262
R-HSA-2559582,abstraction:NextStepPathway,R-HSA-69231,0.0008741773317822517
R-HSA-9830674,abstraction:NextStepPathway,R-HSA-4086400,7.056057060180776e-06
R-HSA-9830674,abstraction:NextStepPathway,R-HSA-373752,4.178648707932877e-06
R-HSA-9830674,abstraction:NextStepPathway,R-HSA-428542,1.0439221270622654e-06
R-HSA-9633012,abstraction:NextStepPathway,R-HSA-381042,0.0036530415109409333
R-HSA-9633012,abstraction:NextStepPathway,R-HSA-9648895,0.005524186828204536
R-HSA-9633012,abstraction:NextStepPathway,R-HSA-380994,0.0016779297193206342
R-HSA-9633012,abstraction:NextStepPathway,R-HSA-9909649,0.00013953006851928114
R-HSA-9633012,abstraction:NextStepPathway,R-HSA-381183,0.0006888611894325328
R-HSA-176417,abstraction:NextStepPathway,R-HSA-174113,1.0541777275699738e-06
R-HSA-9931521,abstraction:NextStepPathway,R-HSA-9932298,1.7171079070510842e-06
R-HSA-389356,abstraction:NextStepPathway,R-HSA-389359,0.006296502153508157
R-HSA-389356,abstraction:NextStepPathway,R-HSA-389357,0.008738119770244305
R-HSA-418217,abstraction:NextStepPathway,R-HSA-114508,0.001058075937090524
R-HSA-418217,abstraction:NextStepPathway,R-HSA-2871809,0.000960962570760062
R-HSA-418217,abstraction:NextStepPathway,R-HSA-112043,0.000910205264670691
R-HSA-418217,abstraction:NextStepPathway,R-HSA-9664323,0.0009934657768889477
R-HSA-418217,abstraction:NextStepPathway,R-HSA-76005,0.00045120229666047423
R-HSA-418217,abstraction:NextStepPathway,R-HSA-2029485,0.0010026665236729001
R-HSA-418217,abstraction:NextStepPathway,R-HSA-5218921,0.0009934657768889477
R-HSA-418217,abstraction:NextStepPathway,R-HSA-422356,0.0015342659247951594
R-HSA-418217,abstraction:NextStepPathway,R-HSA-5607763,0.00047452952167034354
R-HSA-418217,abstraction:NextStepPathway,R-HSA-1489509,0.0009685237407359195
R-HSA-418217,abstraction:NextStepPathway,R-HSA-4086398,0.0016393325091059842
R-HSA-418217,abstraction:NextStepPathway,R-HSA-983695,0.00163021035366115
R-HSA-418217,abstraction:NextStepPathway,R-HSA-426048,0.00048398897568880896
R-HSA-9009391,abstraction:NextStepPathway,R-HSA-203615,0.009789799113258002
R-HSA-8851907,abstraction:NextStepPathway,R-HSA-8865999,5.015451842048523e-08
R-HSA-8851907,abstraction:NextStepPathway,R-HSA-8875555,2.0063582184366905e-07
R-HSA-2151209,abstraction:NextStepPathway,R-HSA-2151201,0.0011482808214104687
R-HSA-1971475,abstraction:NextStepPathway,R-HSA-2022928,0.001677279389328825
R-HSA-1971475,abstraction:NextStepPathway,R-HSA-2022870,0.0013531680707551772
R-HSA-167238,abstraction:NextStepPathway,R-HSA-167246,0.01688412721611724
R-HSA-6796648,abstraction:NextStepPathway,R-HSA-6783310,0.0006145606168689133
R-HSA-6796648,abstraction:NextStepPathway,R-HSA-5358606,0.0014586114247210876
R-HSA-6796648,abstraction:NextStepPathway,R-HSA-5358565,0.0014586114247210876
R-HSA-5357786,abstraction:NextStepPathway,R-HSA-69416,0.0026198345257476725
R-HSA-5357786,abstraction:NextStepPathway,R-HSA-5357905,0.00715514657412152
R-HSA-5357786,abstraction:NextStepPathway,R-HSA-5675482,0.0020460634417148373
R-HSA-5357786,abstraction:NextStepPathway,R-HSA-5218900,0.00045120229666047434
R-HSA-5357786,abstraction:NextStepPathway,R-HSA-3371378,0.0026198345257476725
R-HSA-9609690,abstraction:NextStepPathway,R-HSA-9610379,0.030713132822681594
R-HSA-9609690,abstraction:NextStepPathway,R-HSA-9833482,1.957665007743448e-05
R-HSA-112310,abstraction:NextStepPathway,R-HSA-112313,0.0029810657693137505
R-HSA-9619483,abstraction:NextStepPathway,R-HSA-9833482,0.0011262051876630697
R-HSA-5689603,abstraction:NextStepPathway,R-HSA-8951664,0.012618350280412692
R-HSA-5689603,abstraction:NextStepPathway,R-HSA-5689880,0.012618350280412692
R-HSA-2871796,abstraction:NextStepPathway,R-HSA-5673001,0.0009456671589866629
R-HSA-2871796,abstraction:NextStepPathway,R-HSA-2559582,0.0011936933251558996
R-HSA-2871796,abstraction:NextStepPathway,R-HSA-2559580,0.001694262046456516
R-HSA-2871796,abstraction:NextStepPathway,R-HSA-2871809,0.005864356162670363
R-HSA-2871796,abstraction:NextStepPathway,R-HSA-450341,0.002117766551906559
R-HSA-2871796,abstraction:NextStepPathway,R-HSA-9909649,1.4052797275696781e-06
R-HSA-2871796,abstraction:NextStepPathway,R-HSA-2730905,0.004685154992946834
R-HSA-2871796,abstraction:NextStepPathway,R-HSA-2424491,0.007279049089771523
R-HSA-2871796,abstraction:NextStepPathway,R-HSA-450321,0.0011557811439852918
R-HSA-389960,abstraction:NextStepPathway,R-HSA-389977,0.0008828258490471083
R-HSA-877300,abstraction:NextStepPathway,R-HSA-9732724,0.004558753265106201
R-HSA-877300,abstraction:NextStepPathway,R-HSA-877312,0.006344526553789885
R-HSA-877300,abstraction:NextStepPathway,R-HSA-2173795,0.0028383541637170555
R-HSA-877300,abstraction:NextStepPathway,R-HSA-2173796,0.0013141896523026094
R-HSA-877300,abstraction:NextStepPathway,R-HSA-9942503,0.0005651295800864313
R-HSA-2559585,abstraction:NextStepPathway,R-HSA-2559582,0.0005070349944410614
R-HSA-2559585,abstraction:NextStepPathway,R-HSA-2559580,0.0038845319077504856
R-HSA-2559585,abstraction:NextStepPathway,R-HSA-8853884,0.0017925206991024072
R-HSA-2559585,abstraction:NextStepPathway,R-HSA-69541,0.001295338523570834
R-HSA-2559585,abstraction:NextStepPathway,R-HSA-69481,0.0006558766696175035
R-HSA-2559585,abstraction:NextStepPathway,R-HSA-69231,0.0011471273155474525
R-HSA-2559585,abstraction:NextStepPathway,R-HSA-111471,0.0010991984432874766
R-HSA-2559585,abstraction:NextStepPathway,R-HSA-8852276,0.0008991478267989737
R-HSA-2559585,abstraction:NextStepPathway,R-HSA-6804757,0.0014684082091739393
R-HSA-3065679,abstraction:NextStepPathway,R-HSA-3065676,0.002009529800945164
R-HSA-1660537,abstraction:NextStepPathway,R-HSA-1660514,0.0006008587048608887
R-HSA-1660537,abstraction:NextStepPathway,R-HSA-1660502,0.0009133264302232259
R-HSA-9958517,abstraction:NextStepPathway,R-HSA-6798163,0.00033795493437120715
R-HSA-9958517,abstraction:NextStepPathway,R-HSA-1483191,0.0007137501891209603
R-HSA-9958517,abstraction:NextStepPathway,R-HSA-264642,0.0019698731545108096
R-HSA-913709,abstraction:NextStepPathway,R-HSA-977068,0.002977657070902893
R-HSA-418594,abstraction:NextStepPathway,R-HSA-418217,0.0008394805181598838
R-HSA-418594,abstraction:NextStepPathway,R-HSA-9856530,0.0034833812304015774
R-HSA-418594,abstraction:NextStepPathway,R-HSA-9634597,0.003886171699966091
R-HSA-418594,abstraction:NextStepPathway,R-HSA-392451,0.00109956609495723
R-HSA-418594,abstraction:NextStepPathway,R-HSA-9664323,0.006141481403703321
R-HSA-418594,abstraction:NextStepPathway,R-HSA-170670,0.0030274357848841605
R-HSA-418594,abstraction:NextStepPathway,R-HSA-418597,0.005085585083945364
R-HSA-418594,abstraction:NextStepPathway,R-HSA-442720,0.003538816216768685
R-HSA-418594,abstraction:NextStepPathway,R-HSA-432040,0.003002612091023363
R-HSA-418594,abstraction:NextStepPathway,R-HSA-180024,0.009313512506132385
R-HSA-418594,abstraction:NextStepPathway,R-HSA-418555,0.004840451372844559
R-HSA-418594,abstraction:NextStepPathway,R-HSA-4086398,0.004958904940773599
R-HSA-418594,abstraction:NextStepPathway,R-HSA-8964315,4.820379959990185e-07
R-HSA-418594,abstraction:NextStepPathway,R-HSA-416482,0.0009872740872625665
R-HSA-418594,abstraction:NextStepPathway,R-HSA-8964616,0.0003093279568183113
R-HSA-418594,abstraction:NextStepPathway,R-HSA-163615,0.004052266217059946
R-HSA-418594,abstraction:NextStepPathway,R-HSA-9660821,0.003886171699966091
R-HSA-2173795,abstraction:NextStepPathway,R-HSA-2173796,0.0028383541637170555
R-HSA-2173795,abstraction:NextStepPathway,R-HSA-2173788,0.0019716633211810134
R-HSA-2173795,abstraction:NextStepPathway,R-HSA-5689880,0.0006337593194801932
R-HSA-399997,abstraction:NextStepPathway,R-HSA-2871809,0.0020624305652829516
R-HSA-399997,abstraction:NextStepPathway,R-HSA-434316,0.0046529631870861005
R-HSA-399997,abstraction:NextStepPathway,R-HSA-112043,0.003548773091647383
R-HSA-399997,abstraction:NextStepPathway,R-HSA-9664323,0.002150281047197162
R-HSA-399997,abstraction:NextStepPathway,R-HSA-2029485,0.002175440664408804
R-HSA-399997,abstraction:NextStepPathway,R-HSA-5218921,0.0027139073104140263
R-HSA-399997,abstraction:NextStepPathway,R-HSA-2179392,0.0019437244272181922
R-HSA-399997,abstraction:NextStepPathway,R-HSA-422356,0.007336138060484909
R-HSA-399997,abstraction:NextStepPathway,R-HSA-5607763,0.0007953132171671283
R-HSA-399997,abstraction:NextStepPathway,R-HSA-1489509,0.002082735675654865
R-HSA-399997,abstraction:NextStepPathway,R-HSA-4086398,0.0042347090197819
R-HSA-399997,abstraction:NextStepPathway,R-HSA-983695,0.0019576593194373442
R-HSA-937072,abstraction:NextStepPathway,R-HSA-450302,0.0012489039885296167
R-HSA-937072,abstraction:NextStepPathway,R-HSA-975163,0.002959106653446948
R-HSA-937072,abstraction:NextStepPathway,R-HSA-445989,0.0016289927037176888
R-HSA-937072,abstraction:NextStepPathway,R-HSA-9705671,0.001118002080404139
R-HSA-937072,abstraction:NextStepPathway,R-HSA-168638,0.002209242141576546
R-HSA-937072,abstraction:NextStepPathway,R-HSA-450321,0.0012489039885296167
R-HSA-937072,abstraction:NextStepPathway,R-HSA-9020702,0.0016119731889740396
R-HSA-9619665,abstraction:NextStepPathway,R-HSA-190861,0.0003363296460312911
R-HSA-167246,abstraction:NextStepPathway,R-HSA-167238,0.01688412721611724
R-HSA-167246,abstraction:NextStepPathway,R-HSA-167243,0.01688412721611724
R-HSA-75892,abstraction:NextStepPathway,R-HSA-202733,0.0011801103929384021
R-HSA-75892,abstraction:NextStepPathway,R-HSA-114604,0.0015835649961208895
R-HSA-75892,abstraction:NextStepPathway,R-HSA-9845620,0.0031889916305846825
R-HSA-174414,abstraction:NextStepPathway,R-HSA-174417,0.017288431911162905
R-HSA-174414,abstraction:NextStepPathway,R-HSA-174437,0.012618066545614603
R-HSA-2894862,abstraction:NextStepPathway,R-HSA-2644606,0.015987559585586942
R-HSA-9032500,abstraction:NextStepPathway,R-HSA-9032759,0.0047151514404062435
R-HSA-392170,abstraction:NextStepPathway,R-HSA-418217,7.522512177011104e-08
R-HSA-392170,abstraction:NextStepPathway,R-HSA-418594,0.0017981143278634009
R-HSA-392170,abstraction:NextStepPathway,R-HSA-392451,0.00045649049237541983
R-HSA-392170,abstraction:NextStepPathway,R-HSA-170670,0.0018197773699936866
R-HSA-392170,abstraction:NextStepPathway,R-HSA-4086398,0.0013533968868937127
R-HSA-392170,abstraction:NextStepPathway,R-HSA-8964315,5.014860244720365e-08
R-HSA-392170,abstraction:NextStepPathway,R-HSA-8964616,0.0005092863366557645
R-HSA-4641262,abstraction:NextStepPathway,R-HSA-201681,0.0057272938662277844
R-HSA-6804114,abstraction:NextStepPathway,R-HSA-75035,0.0013361197889759958
R-HSA-6804114,abstraction:NextStepPathway,R-HSA-6804115,0.0006012152302303723
R-HSA-6804114,abstraction:NextStepPathway,R-HSA-176187,0.00020176148702244907
R-HSA-6804114,abstraction:NextStepPathway,R-HSA-156711,0.001029857957789565
R-HSA-5693579,abstraction:NextStepPathway,R-HSA-5685942,0.01828618422224404
R-HSA-380108,abstraction:NextStepPathway,R-HSA-418594,6.270937930097517e-06
R-HSA-380108,abstraction:NextStepPathway,R-HSA-376176,5.44580475477441e-05
R-HSA-9036866,abstraction:NextStepPathway,R-HSA-187037,0.00033861480601740613
R-HSA-6803211,abstraction:NextStepPathway,R-HSA-202733,2.4429886844412116e-06
R-HSA-6803211,abstraction:NextStepPathway,R-HSA-75158,1.8056158843021093e-07
R-HSA-166020,abstraction:NextStepPathway,R-HSA-166016,0.0013849387086909606
R-HSA-166663,abstraction:NextStepPathway,R-HSA-977606,0.003647127197026831
R-HSA-166663,abstraction:NextStepPathway,R-HSA-174577,0.0009934657768889477
R-HSA-1483196,abstraction:NextStepPathway,R-HSA-1660514,0.00043859348931783477
R-HSA-1483196,abstraction:NextStepPathway,R-HSA-1483148,0.0004329293511408562
R-HSA-1483196,abstraction:NextStepPathway,R-HSA-1483101,0.0004946379925500538
R-HSA-1483196,abstraction:NextStepPathway,R-HSA-1483166,0.0003602856248123233
R-HSA-1483196,abstraction:NextStepPathway,R-HSA-1482788,0.00045828794713597787
R-HSA-549127,abstraction:NextStepPathway,R-HSA-2142789,0.0009451773638461951
R-HSA-549127,abstraction:NextStepPathway,R-HSA-6787450,0.0006734191444927632
R-HSA-549127,abstraction:NextStepPathway,R-HSA-6793080,0.0007111946655657718
R-HSA-549127,abstraction:NextStepPathway,R-HSA-9857492,0.0007111946655657718
R-HSA-2534343,abstraction:NextStepPathway,R-HSA-1300645,1.2038149416561005e-07
R-HSA-5693607,abstraction:NextStepPathway,R-HSA-69473,0.02056102527088579
R-HSA-5693607,abstraction:NextStepPathway,R-HSA-5693616,0.010678788965525123
R-HSA-5693607,abstraction:NextStepPathway,R-HSA-6804756,0.00911015787174739
R-HSA-5693607,abstraction:NextStepPathway,R-HSA-5685938,0.01044239950242626
R-HSA-5693607,abstraction:NextStepPathway,R-HSA-5693538,0.028132750514372144
R-HSA-5693607,abstraction:NextStepPathway,R-HSA-5685939,0.0030329267768241888
R-HSA-8932504,abstraction:NextStepPathway,R-HSA-9939291,0.0022352564079104586
R-HSA-8932504,abstraction:NextStepPathway,R-HSA-8932505,0.004530398272247949
R-HSA-2142845,abstraction:NextStepPathway,R-HSA-2160916,0.010197351271509888
R-HSA-9856530,abstraction:NextStepPathway,R-HSA-111931,0.003061496545864912
R-HSA-9856530,abstraction:NextStepPathway,R-HSA-418594,0.0034833812304015774
R-HSA-9856530,abstraction:NextStepPathway,R-HSA-442982,0.0015088448899723504
R-HSA-9856530,abstraction:NextStepPathway,R-HSA-2871809,0.002351569311706529
R-HSA-9856530,abstraction:NextStepPathway,R-HSA-164378,0.0025471122469208135
R-HSA-9856530,abstraction:NextStepPathway,R-HSA-9634597,0.002818506817000844
R-HSA-9856530,abstraction:NextStepPathway,R-HSA-111933,0.0026028201740395077
R-HSA-9856530,abstraction:NextStepPathway,R-HSA-9620244,0.0013530509439601017
R-HSA-9856530,abstraction:NextStepPathway,R-HSA-111957,0.001236476902475146
R-HSA-9856530,abstraction:NextStepPathway,R-HSA-9664323,0.003454218572892737
R-HSA-9856530,abstraction:NextStepPathway,R-HSA-163560,0.0007074164028458642
R-HSA-9856530,abstraction:NextStepPathway,R-HSA-418597,0.003061496545864912
R-HSA-9856530,abstraction:NextStepPathway,R-HSA-442720,0.0028187332000388842
R-HSA-9856530,abstraction:NextStepPathway,R-HSA-442729,0.0015088448899723504
R-HSA-9856530,abstraction:NextStepPathway,R-HSA-111932,0.0015088448899723504
R-HSA-9856530,abstraction:NextStepPathway,R-HSA-445355,0.0029305724875654726
R-HSA-9856530,abstraction:NextStepPathway,R-HSA-9856532,0.0034052158594549994
R-HSA-9856530,abstraction:NextStepPathway,R-HSA-163359,0.0026804797469469205
R-HSA-9856530,abstraction:NextStepPathway,R-HSA-5218921,0.0029579010715219487
R-HSA-9856530,abstraction:NextStepPathway,R-HSA-432040,0.002559545044864339
R-HSA-9856530,abstraction:NextStepPathway,R-HSA-203615,0.003706075239243838
R-HSA-9856530,abstraction:NextStepPathway,R-HSA-180024,0.0020906155120916483
R-HSA-9856530,abstraction:NextStepPathway,R-HSA-111997,0.0026028201740395077
R-HSA-9856530,abstraction:NextStepPathway,R-HSA-418555,0.0024129744422791157
R-HSA-9856530,abstraction:NextStepPathway,R-HSA-5607763,0.0010041910124279135
R-HSA-9856530,abstraction:NextStepPathway,R-HSA-4086398,0.0030987126129658196
R-HSA-9856530,abstraction:NextStepPathway,R-HSA-5627123,0.001225607829363618
R-HSA-9856530,abstraction:NextStepPathway,R-HSA-163358,0.0007273275452459311
R-HSA-9856530,abstraction:NextStepPathway,R-HSA-2025928,0.001036300189447112
R-HSA-9856530,abstraction:NextStepPathway,R-HSA-5218920,0.008439387910582487
R-HSA-9856530,abstraction:NextStepPathway,R-HSA-983695,0.0017906324722907732
R-HSA-9856530,abstraction:NextStepPathway,R-HSA-2514859,0.00242311185300108
R-HSA-9856530,abstraction:NextStepPathway,R-HSA-9634600,0.0005890140980569872
R-HSA-9856530,abstraction:NextStepPathway,R-HSA-9860927,0.003825590623561463
R-HSA-9856530,abstraction:NextStepPathway,R-HSA-163615,0.0026804797469469205
R-HSA-9856530,abstraction:NextStepPathway,R-HSA-392517,0.003061496545864912
R-HSA-9856530,abstraction:NextStepPathway,R-HSA-9660821,0.002818506817000844
R-HSA-73930,abstraction:NextStepPathway,R-HSA-110381,0.0020530878432230603
R-HSA-69205,abstraction:NextStepPathway,R-HSA-69202,0.002261374041629754
R-HSA-69205,abstraction:NextStepPathway,R-HSA-8953750,0.001013475676136297
R-HSA-69205,abstraction:NextStepPathway,R-HSA-68689,0.000670224112001783
R-HSA-69205,abstraction:NextStepPathway,R-HSA-68962,0.0014195630880167777
R-HSA-69205,abstraction:NextStepPathway,R-HSA-69656,0.0022732959430723934
R-HSA-69205,abstraction:NextStepPathway,R-HSA-1362277,0.00533081440275949
R-HSA-69205,abstraction:NextStepPathway,R-HSA-1362300,0.004040788861520381
R-HSA-9679509,abstraction:NextStepPathway,R-HSA-9678110,0.004541507858050122
R-HSA-76071,abstraction:NextStepPathway,R-HSA-749476,0.014250293763258991
R-HSA-975138,abstraction:NextStepPathway,R-HSA-975163,0.0030506711851541286
R-HSA-9856872,abstraction:NextStepPathway,R-HSA-611105,0.005079396923683976
R-HSA-9856872,abstraction:NextStepPathway,R-HSA-70263,0.0029285936211992437
R-HSA-9856872,abstraction:NextStepPathway,R-HSA-9853506,0.001710955073382362
R-HSA-9856872,abstraction:NextStepPathway,R-HSA-8964539,0.0036251200692534753
R-HSA-9856872,abstraction:NextStepPathway,R-HSA-71064,0.0018221499828510272
R-HSA-9856872,abstraction:NextStepPathway,R-HSA-70268,0.002503434239963559
R-HSA-9856872,abstraction:NextStepPathway,R-HSA-8963693,0.0031841034806436375
R-HSA-9856872,abstraction:NextStepPathway,R-HSA-442660,0.0006912470500641024
R-HSA-9856872,abstraction:NextStepPathway,R-HSA-71403,0.002486827218844256
R-HSA-189085,abstraction:NextStepPathway,R-HSA-8981373,0.00034198133895419955
R-HSA-2586552,abstraction:NextStepPathway,R-HSA-8849474,0.0022493373489488808
R-HSA-2586552,abstraction:NextStepPathway,R-HSA-9020558,0.0008600203588552888
R-HSA-2586552,abstraction:NextStepPathway,R-HSA-512988,0.001752497503831366
R-HSA-2586552,abstraction:NextStepPathway,R-HSA-9703465,0.0007509520954944181
R-HSA-2586552,abstraction:NextStepPathway,R-HSA-1266695,0.0013161413737862023
R-HSA-2586552,abstraction:NextStepPathway,R-HSA-8875791,0.0016863014545589181
R-HSA-2586552,abstraction:NextStepPathway,R-HSA-9702518,0.0012831291926475052
R-HSA-2586552,abstraction:NextStepPathway,R-HSA-982772,0.0020064071294639708
R-HSA-8849474,abstraction:NextStepPathway,R-HSA-2586552,0.0022493373489488808
R-HSA-8849474,abstraction:NextStepPathway,R-HSA-9707564,0.002093473713754667
R-HSA-8849474,abstraction:NextStepPathway,R-HSA-8875791,0.0017669313652801761
R-HSA-6798163,abstraction:NextStepPathway,R-HSA-1614635,0.0027542574635791087
R-HSA-6798163,abstraction:NextStepPathway,R-HSA-196757,0.0011745485243946448
R-HSA-6798163,abstraction:NextStepPathway,R-HSA-156581,0.002332866099845846
R-HSA-9634638,abstraction:NextStepPathway,R-HSA-111931,0.0012508843383710125
R-HSA-9634638,abstraction:NextStepPathway,R-HSA-9022692,0.0012831291926475052
R-HSA-9634638,abstraction:NextStepPathway,R-HSA-111932,0.0012831291926475052
R-HSA-9634638,abstraction:NextStepPathway,R-HSA-9616222,0.00018843368370068906
R-HSA-9634638,abstraction:NextStepPathway,R-HSA-9031628,0.0017588086344512458
R-HSA-9634638,abstraction:NextStepPathway,R-HSA-69231,0.0006631383898646154
R-HSA-173107,abstraction:NextStepPathway,R-HSA-162585,0.005466037088382989
R-HSA-9013973,abstraction:NextStepPathway,R-HSA-9828211,0.004829227278036931
R-HSA-9013973,abstraction:NextStepPathway,R-HSA-936964,0.004743209594678484
R-HSA-8951664,abstraction:NextStepPathway,R-HSA-9755511,0.018014691955344105
R-HSA-8951664,abstraction:NextStepPathway,R-HSA-9679191,0.0007639807481106512
R-HSA-2022923,abstraction:NextStepPathway,R-HSA-2024101,6.924999824085839e-07
R-HSA-211916,abstraction:NextStepPathway,R-HSA-196791,0.00592511730889033
R-HSA-5654221,abstraction:NextStepPathway,R-HSA-2029485,0.0023500118360500594
R-HSA-5654221,abstraction:NextStepPathway,R-HSA-5218921,0.0015494107357313562
R-HSA-5654221,abstraction:NextStepPathway,R-HSA-1489509,0.0015110086833135356
R-HSA-9754189,abstraction:NextStepPathway,R-HSA-9796292,0.0011674825981659493
R-HSA-9754189,abstraction:NextStepPathway,R-HSA-9758919,0.0007737124026557594
R-HSA-9754189,abstraction:NextStepPathway,R-HSA-9733709,0.0008580092492498054
R-HSA-9754189,abstraction:NextStepPathway,R-HSA-9793380,0.0007199770893854889
R-HSA-9754189,abstraction:NextStepPathway,R-HSA-9823730,0.0024312340159141597
R-HSA-389357,abstraction:NextStepPathway,R-HSA-389359,0.0018289921566171032
R-HSA-389357,abstraction:NextStepPathway,R-HSA-8876198,0.0006312427204766304
R-HSA-389357,abstraction:NextStepPathway,R-HSA-1257604,0.004552852494917206
R-HSA-389357,abstraction:NextStepPathway,R-HSA-69202,0.0004630151891615195
R-HSA-389357,abstraction:NextStepPathway,R-HSA-392451,0.002714066539697195
R-HSA-389357,abstraction:NextStepPathway,R-HSA-5628897,0.001122255855402856
R-HSA-389357,abstraction:NextStepPathway,R-HSA-9755779,0.003219882275071636
R-HSA-389357,abstraction:NextStepPathway,R-HSA-114604,0.0019886581555611346
R-HSA-389357,abstraction:NextStepPathway,R-HSA-69656,0.00046580889497255544
R-HSA-389357,abstraction:NextStepPathway,R-HSA-111447,0.0008027877879091196
R-HSA-389357,abstraction:NextStepPathway,R-HSA-203615,0.0005392823715314869
R-HSA-389357,abstraction:NextStepPathway,R-HSA-1358803,0.0009217915896195833
R-HSA-389357,abstraction:NextStepPathway,R-HSA-6804759,0.0007827244911694742
R-HSA-389357,abstraction:NextStepPathway,R-HSA-198323,0.0008027877879091196
R-HSA-389357,abstraction:NextStepPathway,R-HSA-2730905,0.002333878813854085
R-HSA-389357,abstraction:NextStepPathway,R-HSA-5218920,0.005179134061729231
R-HSA-389357,abstraction:NextStepPathway,R-HSA-6804758,0.0010318390914657292
R-HSA-389357,abstraction:NextStepPathway,R-HSA-9634635,0.0019704443898446084
R-HSA-389357,abstraction:NextStepPathway,R-HSA-9604323,0.0005306862340385022
R-HSA-389357,abstraction:NextStepPathway,R-HSA-8948751,0.0005185782773730896
R-HSA-389357,abstraction:NextStepPathway,R-HSA-6804757,0.004253469669261024
R-HSA-389357,abstraction:NextStepPathway,R-HSA-202424,0.001554168939391831
R-HSA-189200,abstraction:NextStepPathway,R-HSA-446205,0.0002897755075237192
R-HSA-9034013,abstraction:NextStepPathway,R-HSA-9034015,0.0023500118360500594
R-HSA-9034013,abstraction:NextStepPathway,R-HSA-9603381,0.0026092677387060553
R-HSA-9034013,abstraction:NextStepPathway,R-HSA-9034864,0.0027100462533878153
R-HSA-9034013,abstraction:NextStepPathway,R-HSA-9034793,0.0029688660096551726
R-HSA-180746,abstraction:NextStepPathway,R-HSA-165054,0.017583814312383136
R-HSA-442982,abstraction:NextStepPathway,R-HSA-5673001,0.0012662558921017752
R-HSA-9018679,abstraction:NextStepPathway,R-HSA-9023661,0.0099521639754799
R-HSA-9018679,abstraction:NextStepPathway,R-HSA-9018896,0.014843390071407348
R-HSA-9603381,abstraction:NextStepPathway,R-HSA-6811558,0.0018208156477700125
R-HSA-9603381,abstraction:NextStepPathway,R-HSA-1257604,0.0015614912068431324
R-HSA-416572,abstraction:NextStepPathway,R-HSA-5627117,0.001996245923099893
R-HSA-416572,abstraction:NextStepPathway,R-HSA-5625740,0.0016750573067154729
R-HSA-416572,abstraction:NextStepPathway,R-HSA-5627123,0.0012508843383710125
R-HSA-416572,abstraction:NextStepPathway,R-HSA-416482,0.0020370551374182563
R-HSA-167152,abstraction:NextStepPathway,R-HSA-167200,0.02431217833495653
R-HSA-168138,abstraction:NextStepPathway,R-HSA-109704,0.0009470393153420333
R-HSA-168138,abstraction:NextStepPathway,R-HSA-975155,0.025430935983674238
R-HSA-162592,abstraction:NextStepPathway,R-HSA-177539,0.0050784928476469236
R-HSA-162592,abstraction:NextStepPathway,R-HSA-164843,0.007935181938263512
R-HSA-162592,abstraction:NextStepPathway,R-HSA-175567,0.0050784928476469236
R-HSA-433692,abstraction:NextStepPathway,R-HSA-196807,0.0002691581780794793
R-HSA-433692,abstraction:NextStepPathway,R-HSA-428643,0.0003883447101948726
R-HSA-433692,abstraction:NextStepPathway,R-HSA-561048,0.0011363961058807458
R-HSA-433692,abstraction:NextStepPathway,R-HSA-9749641,0.0013442847771622773
R-HSA-433692,abstraction:NextStepPathway,R-HSA-2162123,0.00028460681605721726
R-HSA-373080,abstraction:NextStepPathway,R-HSA-418555,0.00020632558147074128
R-HSA-373080,abstraction:NextStepPathway,R-HSA-9660821,0.00025128967767051164
R-HSA-9682706,abstraction:NextStepPathway,R-HSA-9679509,0.00035147470201676113
R-HSA-69091,abstraction:NextStepPathway,R-HSA-69183,0.004487836527391884
R-HSA-2559580,abstraction:NextStepPathway,R-HSA-2559582,0.002092165171115868
R-HSA-2559580,abstraction:NextStepPathway,R-HSA-2871796,0.001694262046456516
R-HSA-2559580,abstraction:NextStepPathway,R-HSA-2559585,0.0038845319077504856
R-HSA-2559580,abstraction:NextStepPathway,R-HSA-6811555,0.0009645878900683803
R-HSA-2559580,abstraction:NextStepPathway,R-HSA-450302,0.001051810644803186
R-HSA-2559580,abstraction:NextStepPathway,R-HSA-8853884,0.0014071881864498696
R-HSA-2559580,abstraction:NextStepPathway,R-HSA-69541,0.0009963324244041468
R-HSA-2559580,abstraction:NextStepPathway,R-HSA-450341,0.0019009785384908658
R-HSA-2559580,abstraction:NextStepPathway,R-HSA-6804756,0.0008670956255899093
R-HSA-2559580,abstraction:NextStepPathway,R-HSA-69481,0.0006909456958447116
R-HSA-2559580,abstraction:NextStepPathway,R-HSA-9909649,0.0023741040751692273
R-HSA-2559580,abstraction:NextStepPathway,R-HSA-450321,0.001051810644803186
R-HSA-2559580,abstraction:NextStepPathway,R-HSA-69231,0.0005414949367055382
R-HSA-2559580,abstraction:NextStepPathway,R-HSA-111471,0.0008792644730746067
R-HSA-2559580,abstraction:NextStepPathway,R-HSA-8852276,0.000681326201458859
R-HSA-2559580,abstraction:NextStepPathway,R-HSA-6804757,0.0011677923713057955
R-HSA-5654706,abstraction:NextStepPathway,R-HSA-5673001,0.0012662558921017752
R-HSA-5654706,abstraction:NextStepPathway,R-HSA-5654732,0.0026633003214467264
R-HSA-5654706,abstraction:NextStepPathway,R-HSA-5654710,0.002766922567617521
R-HSA-111367,abstraction:NextStepPathway,R-HSA-73856,0.004891149958852857
R-HSA-111367,abstraction:NextStepPathway,R-HSA-159227,0.0006427132704637814
R-HSA-112308,abstraction:NextStepPathway,R-HSA-210500,0.0011470485347097974
R-HSA-112308,abstraction:NextStepPathway,R-HSA-264642,2.2076452669517408e-07
R-HSA-1632852,abstraction:NextStepPathway,R-HSA-8876198,0.0012849852487317095
R-HSA-1632852,abstraction:NextStepPathway,R-HSA-9694676,0.0034585766512923895
R-HSA-1632852,abstraction:NextStepPathway,R-HSA-9679504,0.003168548849280904
R-HSA-390650,abstraction:NextStepPathway,R-HSA-418594,1.4462847765167577e-06
R-HSA-390650,abstraction:NextStepPathway,R-HSA-416476,9.938802990576363e-07
R-HSA-390650,abstraction:NextStepPathway,R-HSA-418555,6.62371738277596e-07
R-HSA-390650,abstraction:NextStepPathway,R-HSA-9660821,3.91297555562537e-07
R-HSA-2871809,abstraction:NextStepPathway,R-HSA-9856530,0.002351569311706529
R-HSA-2871809,abstraction:NextStepPathway,R-HSA-442982,0.0007185694059004617
R-HSA-2871809,abstraction:NextStepPathway,R-HSA-1169091,0.0007576240008995904
R-HSA-2871809,abstraction:NextStepPathway,R-HSA-111933,0.0019628715593139313
R-HSA-2871809,abstraction:NextStepPathway,R-HSA-9620244,0.0015804345212618398
R-HSA-2871809,abstraction:NextStepPathway,R-HSA-111957,0.0014046101258142723
R-HSA-2871809,abstraction:NextStepPathway,R-HSA-112043,0.004645282478456376
R-HSA-2871809,abstraction:NextStepPathway,R-HSA-9664323,0.005864356162670363
R-HSA-2871809,abstraction:NextStepPathway,R-HSA-442720,0.0018557146237966956
R-HSA-2871809,abstraction:NextStepPathway,R-HSA-2029485,0.005945615460310784
R-HSA-2871809,abstraction:NextStepPathway,R-HSA-442729,0.0017366506615709792
R-HSA-2871809,abstraction:NextStepPathway,R-HSA-111932,0.0017366506615709792
R-HSA-2871809,abstraction:NextStepPathway,R-HSA-445355,0.0020565703580394485
R-HSA-2871809,abstraction:NextStepPathway,R-HSA-5218921,0.004610005635262501
R-HSA-2871809,abstraction:NextStepPathway,R-HSA-203615,0.0019966703612645798
R-HSA-2871809,abstraction:NextStepPathway,R-HSA-180024,0.004127070599149773
R-HSA-2871809,abstraction:NextStepPathway,R-HSA-111997,0.0019628715593139313
R-HSA-2871809,abstraction:NextStepPathway,R-HSA-422356,0.0033138678843799996
R-HSA-2871809,abstraction:NextStepPathway,R-HSA-5607763,0.0057883395150753495
R-HSA-2871809,abstraction:NextStepPathway,R-HSA-9942503,2.4097622399884245e-06
R-HSA-2871809,abstraction:NextStepPathway,R-HSA-1489509,0.004450048692928075
R-HSA-2871809,abstraction:NextStepPathway,R-HSA-4086398,0.004759366726915716
R-HSA-2871809,abstraction:NextStepPathway,R-HSA-5627123,0.0024443718659858784
R-HSA-2871809,abstraction:NextStepPathway,R-HSA-2025928,0.002312164053603112
R-HSA-2871809,abstraction:NextStepPathway,R-HSA-5218920,0.0024967819719047706
R-HSA-2871809,abstraction:NextStepPathway,R-HSA-5578775,0.0036613803861705084
R-HSA-2871809,abstraction:NextStepPathway,R-HSA-983695,0.005292565717842834
R-HSA-2871809,abstraction:NextStepPathway,R-HSA-2514859,0.0019966703612645798
R-HSA-2871809,abstraction:NextStepPathway,R-HSA-2871837,0.001781781137501446
R-HSA-2871809,abstraction:NextStepPathway,R-HSA-202424,0.0020905913300923763
R-HSA-194002,abstraction:NextStepPathway,R-HSA-193048,0.006095359193002775
R-HSA-194002,abstraction:NextStepPathway,R-HSA-211976,0.0038735695301602893
R-HSA-427601,abstraction:NextStepPathway,R-HSA-174362,0.0009786119374129991
R-HSA-427601,abstraction:NextStepPathway,R-HSA-425381,0.0010592017144619278
R-HSA-6787639,abstraction:NextStepPathway,R-HSA-727802,0.0014447698957769798
R-HSA-1483076,abstraction:NextStepPathway,R-HSA-1482798,0.00037240590274162795
R-HSA-5637810,abstraction:NextStepPathway,R-HSA-1236382,0.011101021939253972
R-HSA-674695,abstraction:NextStepPathway,R-HSA-113418,0.016564255151024866
R-HSA-674695,abstraction:NextStepPathway,R-HSA-167152,0.019021228252024833
R-HSA-674695,abstraction:NextStepPathway,R-HSA-167200,0.018565411095007655
R-HSA-674695,abstraction:NextStepPathway,R-HSA-75955,0.026699034532834405
R-HSA-674695,abstraction:NextStepPathway,R-HSA-167158,0.016564255151024866
R-HSA-674695,abstraction:NextStepPathway,R-HSA-112382,0.026126778371466902
R-HSA-9833110,abstraction:NextStepPathway,R-HSA-9820960,0.005944327271602448
R-HSA-9833110,abstraction:NextStepPathway,R-HSA-8983711,0.0018435635852466475
R-HSA-76066,abstraction:NextStepPathway,R-HSA-749476,0.013655234675784824
R-HSA-2024096,abstraction:NextStepPathway,R-HSA-2024101,0.0022499597776385405
R-HSA-110320,abstraction:NextStepPathway,R-HSA-110313,0.01113702835447883
R-HSA-110320,abstraction:NextStepPathway,R-HSA-5656169,0.005532963423077755
R-HSA-6782135,abstraction:NextStepPathway,R-HSA-6782210,0.0230954144937042
R-HSA-8849473,abstraction:NextStepPathway,R-HSA-8847993,0.0005381659385682488
R-HSA-69473,abstraction:NextStepPathway,R-HSA-6796648,0.0005267814451103514
R-HSA-69473,abstraction:NextStepPathway,R-HSA-6804114,0.0012247182431495151
R-HSA-69473,abstraction:NextStepPathway,R-HSA-6803211,0.00027118529825550906
R-HSA-69473,abstraction:NextStepPathway,R-HSA-9758274,0.00019660673770985888
R-HSA-69473,abstraction:NextStepPathway,R-HSA-69601,0.0009127248104866558
R-HSA-69473,abstraction:NextStepPathway,R-HSA-6804760,0.0016447802278682089
R-HSA-69473,abstraction:NextStepPathway,R-HSA-75035,0.004052266217059946
R-HSA-69473,abstraction:NextStepPathway,R-HSA-6811555,0.000889055347242517
R-HSA-69473,abstraction:NextStepPathway,R-HSA-69541,0.0012221819302966185
R-HSA-69473,abstraction:NextStepPathway,R-HSA-5620971,4.340392387045439e-06
R-HSA-69473,abstraction:NextStepPathway,R-HSA-5693565,0.011879752814989031
R-HSA-69473,abstraction:NextStepPathway,R-HSA-6804756,0.010189256726887358
R-HSA-69473,abstraction:NextStepPathway,R-HSA-6804116,0.00019076277452854783
R-HSA-69473,abstraction:NextStepPathway,R-HSA-6804115,0.0010954294917269493
R-HSA-69473,abstraction:NextStepPathway,R-HSA-176187,0.006092193514915123
R-HSA-69473,abstraction:NextStepPathway,R-HSA-69895,0.00027118529825550906
R-HSA-69473,abstraction:NextStepPathway,R-HSA-6803204,0.0010524983249934755
R-HSA-69473,abstraction:NextStepPathway,R-HSA-6804759,0.0009872740872625665
R-HSA-69473,abstraction:NextStepPathway,R-HSA-6803207,0.00120286018524188
R-HSA-69473,abstraction:NextStepPathway,R-HSA-111448,0.0003093279568183113
R-HSA-69473,abstraction:NextStepPathway,R-HSA-2559586,0.0034653476024888463
R-HSA-69473,abstraction:NextStepPathway,R-HSA-6803205,0.00015181225854615197
R-HSA-69473,abstraction:NextStepPathway,R-HSA-6804754,0.0003093279568183113
R-HSA-69473,abstraction:NextStepPathway,R-HSA-6804758,0.0007196133587188647
R-HSA-69473,abstraction:NextStepPathway,R-HSA-6804757,0.0014400728842337718
R-HSA-8940973,abstraction:NextStepPathway,R-HSA-8878166,0.009216426736593494
R-HSA-400206,abstraction:NextStepPathway,R-HSA-2426168,0.003822189767652281
R-HSA-400206,abstraction:NextStepPathway,R-HSA-2032785,1.0438558715828987e-05
R-HSA-400206,abstraction:NextStepPathway,R-HSA-9707616,0.003842880751845375
R-HSA-400206,abstraction:NextStepPathway,R-HSA-9707564,0.001077445428431038
R-HSA-400206,abstraction:NextStepPathway,R-HSA-9931509,0.004856939331180709
R-HSA-400206,abstraction:NextStepPathway,R-HSA-8951671,3.72706301360113e-06
R-HSA-400206,abstraction:NextStepPathway,R-HSA-1368108,0.001617007981125222
R-HSA-400206,abstraction:NextStepPathway,R-HSA-9933387,0.004288410229415624
R-HSA-400206,abstraction:NextStepPathway,R-HSA-381340,0.01665728460053802
R-HSA-400206,abstraction:NextStepPathway,R-HSA-2151201,0.003206694422140906
R-HSA-400206,abstraction:NextStepPathway,R-HSA-1989781,0.07221605467057382
R-HSA-453274,abstraction:NextStepPathway,R-HSA-69620,0.011629873070185166
R-HSA-453274,abstraction:NextStepPathway,R-HSA-69278,0.056998977081128804
R-HSA-111464,abstraction:NextStepPathway,R-HSA-111465,0.0006870817208693144
R-HSA-111464,abstraction:NextStepPathway,R-HSA-140342,0.00045649049237541983
R-HSA-111464,abstraction:NextStepPathway,R-HSA-264870,0.00038446534280970864
R-HSA-111464,abstraction:NextStepPathway,R-HSA-211736,0.00047794998973703536
R-HSA-111464,abstraction:NextStepPathway,R-HSA-351906,0.00038446534280970864
R-HSA-174417,abstraction:NextStepPathway,R-HSA-171306,0.003147316497840107
R-HSA-1912420,abstraction:NextStepPathway,R-HSA-9013507,8.831362280410609e-07
R-HSA-1912420,abstraction:NextStepPathway,R-HSA-2979096,6.07066592766867e-07
R-HSA-1912420,abstraction:NextStepPathway,R-HSA-2122948,7.174846710035315e-07
R-HSA-5668599,abstraction:NextStepPathway,R-HSA-4420097,0.006188847198944568
R-HSA-5668599,abstraction:NextStepPathway,R-HSA-1222556,0.004567690109279576
R-HSA-389887,abstraction:NextStepPathway,R-HSA-390918,0.013611450372922482
R-HSA-69200,abstraction:NextStepPathway,R-HSA-113501,0.0004551294403161484
R-HSA-110314,abstraction:NextStepPathway,R-HSA-110320,0.004923915560591554
R-HSA-110314,abstraction:NextStepPathway,R-HSA-5655862,0.005235793102249226
R-HSA-110314,abstraction:NextStepPathway,R-HSA-110312,0.005235793102249226
R-HSA-110314,abstraction:NextStepPathway,R-HSA-5656121,0.005161822616418866
R-HSA-1482798,abstraction:NextStepPathway,R-HSA-1483213,0.000598486677031143
R-HSA-9960519,abstraction:NextStepPathway,R-HSA-448706,0.0005092863366557645
R-HSA-9960519,abstraction:NextStepPathway,R-HSA-5620971,0.0014838485345551964
R-HSA-9960519,abstraction:NextStepPathway,R-HSA-9660826,0.00033114070771233335
R-HSA-449836,abstraction:NextStepPathway,R-HSA-8854691,0.0019228343435824032
R-HSA-449836,abstraction:NextStepPathway,R-HSA-9616222,0.00017557673106986422
R-HSA-9772755,abstraction:NextStepPathway,R-HSA-3214847,0.0023453761279980567
R-HSA-9772755,abstraction:NextStepPathway,R-HSA-9841922,1.6091644746420165e-05
R-HSA-9772755,abstraction:NextStepPathway,R-HSA-3214841,3.1337090192295344e-06
R-HSA-9772755,abstraction:NextStepPathway,R-HSA-9818564,0.0026085229135903703
R-HSA-9851151,abstraction:NextStepPathway,R-HSA-201556,0.003218031168543239
R-HSA-5213460,abstraction:NextStepPathway,R-HSA-9686347,0.002906414290264367
R-HSA-5213460,abstraction:NextStepPathway,R-HSA-5675482,0.016260255802741
R-HSA-5213460,abstraction:NextStepPathway,R-HSA-9692913,6.022627964693913e-07
R-HSA-168336,abstraction:NextStepPathway,R-HSA-168271,0.005312907932965151
R-HSA-204174,abstraction:NextStepPathway,R-HSA-5362517,0.008023982215304188
R-HSA-204174,abstraction:NextStepPathway,R-HSA-389661,0.003375511722870269
R-HSA-204174,abstraction:NextStepPathway,R-HSA-9861559,0.006891559784234997
R-HSA-199992,abstraction:NextStepPathway,R-HSA-432722,0.014675774632777071
R-HSA-199992,abstraction:NextStepPathway,R-HSA-432720,0.013501305404023512
R-HSA-179419,abstraction:NextStepPathway,R-HSA-176409,0.03074340767650121
R-HSA-192456,abstraction:NextStepPathway,R-HSA-8963678,0.0004158291491705671
R-HSA-192456,abstraction:NextStepPathway,R-HSA-975634,0.005032795366672533
R-HSA-2470946,abstraction:NextStepPathway,R-HSA-2468052,0.0036957560303820425
R-HSA-8866423,abstraction:NextStepPathway,R-HSA-8964046,0.004195659422774287
R-HSA-9683673,abstraction:NextStepPathway,R-HSA-9679509,0.0004251842470424747
R-HSA-9683673,abstraction:NextStepPathway,R-HSA-9686347,0.00041302274952919953
R-HSA-9683673,abstraction:NextStepPathway,R-HSA-9692916,0.0002571800805425384
R-HSA-9683673,abstraction:NextStepPathway,R-HSA-9692913,0.00047794998973703536
R-HSA-9683673,abstraction:NextStepPathway,R-HSA-9735871,0.0003767529915869305
R-HSA-426486,abstraction:NextStepPathway,R-HSA-426496,0.0
R-HSA-9020558,abstraction:NextStepPathway,R-HSA-2586552,0.0008600203588552888
R-HSA-9020558,abstraction:NextStepPathway,R-HSA-8985947,0.0027118620313161842
R-HSA-9020558,abstraction:NextStepPathway,R-HSA-912526,0.00094053486639934
R-HSA-9020558,abstraction:NextStepPathway,R-HSA-512988,0.0011548317939765016
R-HSA-9020558,abstraction:NextStepPathway,R-HSA-9703465,0.0007130155856158233
R-HSA-9020558,abstraction:NextStepPathway,R-HSA-6785807,0.002120871058951653
R-HSA-9020558,abstraction:NextStepPathway,R-HSA-9020958,0.002881455812018292
R-HSA-9020558,abstraction:NextStepPathway,R-HSA-1266695,0.0023927349998350902
R-HSA-9020558,abstraction:NextStepPathway,R-HSA-8983432,0.00392837567587793
R-HSA-9020558,abstraction:NextStepPathway,R-HSA-9702518,0.000731864187313732
R-HSA-9020558,abstraction:NextStepPathway,R-HSA-982772,0.0008057769979134622
R-HSA-561048,abstraction:NextStepPathway,R-HSA-196807,0.0002691581780794793
R-HSA-561048,abstraction:NextStepPathway,R-HSA-428643,0.0003883447101948726
R-HSA-561048,abstraction:NextStepPathway,R-HSA-433692,0.0011363961058807458
R-HSA-561048,abstraction:NextStepPathway,R-HSA-9749641,7.528507107565526e-07
R-HSA-6785470,abstraction:NextStepPathway,R-HSA-9937008,0.0028765943182732217
R-HSA-6785470,abstraction:NextStepPathway,R-HSA-6787450,0.00199710415221413
R-HSA-6785470,abstraction:NextStepPathway,R-HSA-6793080,0.0004924170593181964
R-HSA-201681,abstraction:NextStepPathway,R-HSA-3769402,0.007971695657619932
R-HSA-201681,abstraction:NextStepPathway,R-HSA-4641262,0.0057272938662277844
R-HSA-201681,abstraction:NextStepPathway,R-HSA-9754189,0.00010732721448329439
R-HSA-201681,abstraction:NextStepPathway,R-HSA-9834899,0.00029710924575968457
R-HSA-201681,abstraction:NextStepPathway,R-HSA-201722,0.011156549946772048
R-HSA-201681,abstraction:NextStepPathway,R-HSA-9909649,0.0010390049643498878
R-HSA-418889,abstraction:NextStepPathway,R-HSA-5620971,0.00031853006231630866
R-HSA-418889,abstraction:NextStepPathway,R-HSA-111465,0.00025450508953926606
R-HSA-418889,abstraction:NextStepPathway,R-HSA-140342,0.00043367997740871995
R-HSA-418889,abstraction:NextStepPathway,R-HSA-264870,0.0003617150470001521
R-HSA-418889,abstraction:NextStepPathway,R-HSA-211736,0.001781162620129798
R-HSA-418889,abstraction:NextStepPathway,R-HSA-351906,0.0003617150470001521
R-HSA-73856,abstraction:NextStepPathway,R-HSA-9930044,0.0008689143105654797
R-HSA-73856,abstraction:NextStepPathway,R-HSA-159230,0.0008986062494083906
R-HSA-73856,abstraction:NextStepPathway,R-HSA-77595,0.009441077826888977
R-HSA-73856,abstraction:NextStepPathway,R-HSA-159227,0.0006044815528351347
R-HSA-73856,abstraction:NextStepPathway,R-HSA-72187,0.02688126549919163
R-HSA-1227986,abstraction:NextStepPathway,R-HSA-8863795,0.008840346863395361
R-HSA-1227986,abstraction:NextStepPathway,R-HSA-1251932,0.0015966729091836948
R-HSA-1227986,abstraction:NextStepPathway,R-HSA-1236394,0.004183866005996016
R-HSA-1227986,abstraction:NextStepPathway,R-HSA-1250196,0.0043139399957714515
R-HSA-1227986,abstraction:NextStepPathway,R-HSA-1306955,0.000529624805293521
R-HSA-1227986,abstraction:NextStepPathway,R-HSA-6785631,0.0021342625633414803
R-HSA-1227986,abstraction:NextStepPathway,R-HSA-8847993,0.0015966729091836948
R-HSA-1227986,abstraction:NextStepPathway,R-HSA-1358803,0.0026746827117872228
R-HSA-1227986,abstraction:NextStepPathway,R-HSA-1963640,0.0021342625633414803
R-HSA-1227986,abstraction:NextStepPathway,R-HSA-1963642,0.0043139399957714515
R-HSA-75953,abstraction:NextStepPathway,R-HSA-674695,0.021441318120794254
R-HSA-75953,abstraction:NextStepPathway,R-HSA-73776,0.025822323842934397
R-HSA-9694676,abstraction:NextStepPathway,R-HSA-9694301,0.005367383696605348
R-HSA-9694676,abstraction:NextStepPathway,R-HSA-9705671,0.0028236340528571113
R-HSA-9694676,abstraction:NextStepPathway,R-HSA-9694271,0.0029256456770756184
R-HSA-190372,abstraction:NextStepPathway,R-HSA-5654227,0.0010903863336047274
R-HSA-190372,abstraction:NextStepPathway,R-HSA-5654706,0.0009208828470083287
R-HSA-190372,abstraction:NextStepPathway,R-HSA-5654704,0.001001442518919858
R-HSA-5654719,abstraction:NextStepPathway,R-HSA-5673001,0.0014659788886167069
R-HSA-9613354,abstraction:NextStepPathway,R-HSA-9615710,0.00045649049237541983
R-HSA-9613354,abstraction:NextStepPathway,R-HSA-9613829,0.00048781680602407086
R-HSA-9613354,abstraction:NextStepPathway,R-HSA-9612973,0.002270055189319605
R-HSA-75105,abstraction:NextStepPathway,R-HSA-200425,0.00343762100490323
R-HSA-75105,abstraction:NextStepPathway,R-HSA-191273,0.003048299829370442
R-HSA-1483226,abstraction:NextStepPathway,R-HSA-1483196,0.00047452952167034354
R-HSA-1483226,abstraction:NextStepPathway,R-HSA-1483248,0.0003445984473915657
R-HSA-1483226,abstraction:NextStepPathway,R-HSA-1482922,0.00037019408620025886
R-HSA-164516,abstraction:NextStepPathway,R-HSA-164525,0.0047151514404062435
R-HSA-163767,abstraction:NextStepPathway,R-HSA-163765,0.00037734484543757075
R-HSA-163767,abstraction:NextStepPathway,R-HSA-163358,0.0010977964019277765
R-HSA-163767,abstraction:NextStepPathway,R-HSA-9634600,0.0030627590065315513
R-HSA-351200,abstraction:NextStepPathway,R-HSA-141334,0.00824808860912897
R-HSA-5205685,abstraction:NextStepPathway,R-HSA-1632852,0.00843062297194714
R-HSA-5205685,abstraction:NextStepPathway,R-HSA-9694676,0.00024880841678819277
R-HSA-5205685,abstraction:NextStepPathway,R-HSA-9679504,0.00026276387278215927
R-HSA-2682334,abstraction:NextStepPathway,R-HSA-3928662,0.01838888965770406
R-HSA-8943723,abstraction:NextStepPathway,R-HSA-6807070,0.0036887952872693593
R-HSA-8943723,abstraction:NextStepPathway,R-HSA-199418,0.000324411527267872
R-HSA-8943723,abstraction:NextStepPathway,R-HSA-5628897,0.0005463116157704535
R-HSA-8943723,abstraction:NextStepPathway,R-HSA-1660499,0.00029735962762056096
R-HSA-8943723,abstraction:NextStepPathway,R-HSA-8948751,0.00025256576909179904
R-HSA-8943723,abstraction:NextStepPathway,R-HSA-202424,0.0002160420374648573
R-HSA-9679504,abstraction:NextStepPathway,R-HSA-9683439,0.0005898654680552266
R-HSA-9679504,abstraction:NextStepPathway,R-HSA-9684325,0.0036268431881537515
R-HSA-75035,abstraction:NextStepPathway,R-HSA-69478,0.003202142239582076
R-HSA-75035,abstraction:NextStepPathway,R-HSA-69273,0.0028877918407464636
R-HSA-75035,abstraction:NextStepPathway,R-HSA-5625740,0.0012299119813120663
R-HSA-2426168,abstraction:NextStepPathway,R-HSA-1989781,0.003822189767652281
R-HSA-434316,abstraction:NextStepPathway,R-HSA-399997,0.0046529631870861005
R-HSA-434316,abstraction:NextStepPathway,R-HSA-2871809,0.001171796570852372
R-HSA-434316,abstraction:NextStepPathway,R-HSA-112043,0.0026803068053913894
R-HSA-434316,abstraction:NextStepPathway,R-HSA-9664323,0.0012216907859402787
R-HSA-434316,abstraction:NextStepPathway,R-HSA-2029485,0.001235867210280088
R-HSA-434316,abstraction:NextStepPathway,R-HSA-5218921,0.0017585697538774333
R-HSA-434316,abstraction:NextStepPathway,R-HSA-2179392,0.0014531113965505183
R-HSA-434316,abstraction:NextStepPathway,R-HSA-422356,0.0051912607315544295
R-HSA-434316,abstraction:NextStepPathway,R-HSA-5607763,0.0008578855096277525
R-HSA-434316,abstraction:NextStepPathway,R-HSA-1489509,0.0011833791182553543
R-HSA-434316,abstraction:NextStepPathway,R-HSA-4086398,0.00273619437866993
R-HSA-434316,abstraction:NextStepPathway,R-HSA-983695,0.0011116219168053744
R-HSA-2032785,abstraction:NextStepPathway,R-HSA-8940973,0.0006598701122330525
R-HSA-2032785,abstraction:NextStepPathway,R-HSA-9796292,0.0007611833536638531
R-HSA-2032785,abstraction:NextStepPathway,R-HSA-9909649,0.0007328212500922129
R-HSA-2032785,abstraction:NextStepPathway,R-HSA-8951671,0.002256560580892156
R-HSA-2032785,abstraction:NextStepPathway,R-HSA-5578768,0.0033867334849820717
R-HSA-9637628,abstraction:NextStepPathway,R-HSA-9636383,0.0003365127896288769
R-HSA-168142,abstraction:NextStepPathway,R-HSA-975871,0.026617520671843004
R-HSA-399955,abstraction:NextStepPathway,R-HSA-416550,0.004746951873066915
R-HSA-9686347,abstraction:NextStepPathway,R-HSA-9692913,0.00046577344009908397
R-HSA-8964058,abstraction:NextStepPathway,R-HSA-8964041,0.0022352564079104586
R-HSA-1257604,abstraction:NextStepPathway,R-HSA-6811558,0.007387636389457225
R-HSA-1257604,abstraction:NextStepPathway,R-HSA-9634638,0.0006050583987399155
R-HSA-1257604,abstraction:NextStepPathway,R-HSA-389357,0.004552852494917206
R-HSA-1257604,abstraction:NextStepPathway,R-HSA-8941332,0.0004553817399048346
R-HSA-1257604,abstraction:NextStepPathway,R-HSA-8876198,0.000540096864556812
R-HSA-1257604,abstraction:NextStepPathway,R-HSA-69202,0.012949383844984043
R-HSA-1257604,abstraction:NextStepPathway,R-HSA-199418,0.008273027064007267
R-HSA-1257604,abstraction:NextStepPathway,R-HSA-5628897,0.005069343507679893
R-HSA-1257604,abstraction:NextStepPathway,R-HSA-9755779,0.0020947416709368393
R-HSA-1257604,abstraction:NextStepPathway,R-HSA-114604,0.0013963987900008712
R-HSA-1257604,abstraction:NextStepPathway,R-HSA-198693,0.0021483427225547336
R-HSA-1257604,abstraction:NextStepPathway,R-HSA-69656,0.013029442606297965
R-HSA-1257604,abstraction:NextStepPathway,R-HSA-5674400,0.008273027064007267
R-HSA-1257604,abstraction:NextStepPathway,R-HSA-111447,0.0016246443544604258
R-HSA-1257604,abstraction:NextStepPathway,R-HSA-203615,0.0006391243406552833
R-HSA-1257604,abstraction:NextStepPathway,R-HSA-1358803,0.00057245247831538
R-HSA-1257604,abstraction:NextStepPathway,R-HSA-1660499,0.0024637034947962368
R-HSA-1257604,abstraction:NextStepPathway,R-HSA-6804759,0.0007709321121098067
R-HSA-1257604,abstraction:NextStepPathway,R-HSA-198323,0.003881328034810133
R-HSA-1257604,abstraction:NextStepPathway,R-HSA-5218920,0.004030989833767905
R-HSA-1257604,abstraction:NextStepPathway,R-HSA-6804758,0.004101243392286182
R-HSA-1257604,abstraction:NextStepPathway,R-HSA-9614399,0.0005343861754737453
R-HSA-1257604,abstraction:NextStepPathway,R-HSA-9634635,0.0016998176393802852
R-HSA-1257604,abstraction:NextStepPathway,R-HSA-9604323,0.014046581583948425
R-HSA-1257604,abstraction:NextStepPathway,R-HSA-8948751,0.01968098572704332
R-HSA-1257604,abstraction:NextStepPathway,R-HSA-6804757,0.005004686682353051
R-HSA-1257604,abstraction:NextStepPathway,R-HSA-202424,0.014904508535252319
R-HSA-1660508,abstraction:NextStepPathway,R-HSA-1660514,0.0006008587048608887
R-HSA-3065676,abstraction:NextStepPathway,R-HSA-3065678,0.0030758995831463294
R-HSA-9640463,abstraction:NextStepPathway,R-HSA-1369062,1.4454305703459127e-06
R-HSA-392023,abstraction:NextStepPathway,R-HSA-418597,0.0
R-HSA-164378,abstraction:NextStepPathway,R-HSA-111931,0.002396502900436166
R-HSA-164378,abstraction:NextStepPathway,R-HSA-9856530,0.0025471122469208135
R-HSA-164378,abstraction:NextStepPathway,R-HSA-9634597,0.0031455057624255388
R-HSA-164378,abstraction:NextStepPathway,R-HSA-111957,0.00048781680602407086
R-HSA-164378,abstraction:NextStepPathway,R-HSA-9664323,0.002117766551906559
R-HSA-164378,abstraction:NextStepPathway,R-HSA-163560,0.00033114070771233335
R-HSA-164378,abstraction:NextStepPathway,R-HSA-442720,0.0017669313652801761
R-HSA-164378,abstraction:NextStepPathway,R-HSA-432040,0.002977657070902893
R-HSA-164378,abstraction:NextStepPathway,R-HSA-180024,0.000888764343916422
R-HSA-164378,abstraction:NextStepPathway,R-HSA-163358,0.00048781680602407086
R-HSA-164378,abstraction:NextStepPathway,R-HSA-9634600,0.00042423055843628945
R-HSA-164378,abstraction:NextStepPathway,R-HSA-163615,0.002497271381847465
R-HSA-164378,abstraction:NextStepPathway,R-HSA-392517,0.002396502900436166
R-HSA-164378,abstraction:NextStepPathway,R-HSA-9660821,0.0031455057624255388
R-HSA-164525,abstraction:NextStepPathway,R-HSA-162594,0.004032634695573305
R-HSA-352238,abstraction:NextStepPathway,R-HSA-111465,0.0015670384732189811
R-HSA-9707616,abstraction:NextStepPathway,R-HSA-9707587,0.0018542809389162072
R-HSA-9707616,abstraction:NextStepPathway,R-HSA-2168880,0.0008757848743311116
R-HSA-9707616,abstraction:NextStepPathway,R-HSA-917937,0.000595805231095509
R-HSA-9707616,abstraction:NextStepPathway,R-HSA-9707564,0.005662984411993702
R-HSA-9707616,abstraction:NextStepPathway,R-HSA-9931509,0.01248074536212798
R-HSA-9707616,abstraction:NextStepPathway,R-HSA-189483,0.0003934805852051934
R-HSA-9707616,abstraction:NextStepPathway,R-HSA-9933387,0.006474483554815594
R-HSA-9707616,abstraction:NextStepPathway,R-HSA-2151201,0.0037139691814034063
R-HSA-9707616,abstraction:NextStepPathway,R-HSA-9708530,0.0005565676863025664
R-HSA-171306,abstraction:NextStepPathway,R-HSA-9670095,0.004360847371238361
R-HSA-171306,abstraction:NextStepPathway,R-HSA-2559586,0.004145080118555154
R-HSA-1660502,abstraction:NextStepPathway,R-HSA-1660508,0.0009133264302232259
R-HSA-1660502,abstraction:NextStepPathway,R-HSA-1660517,0.0006134875852559249
R-HSA-69202,abstraction:NextStepPathway,R-HSA-69563,0.01609923236310578
R-HSA-69202,abstraction:NextStepPathway,R-HSA-69200,0.0019259722815699886
R-HSA-69202,abstraction:NextStepPathway,R-HSA-6804116,0.0008074243749901093
R-HSA-69202,abstraction:NextStepPathway,R-HSA-69656,0.033463401411292074
R-HSA-69202,abstraction:NextStepPathway,R-HSA-1362277,0.004186544036697371
R-HSA-69202,abstraction:NextStepPathway,R-HSA-69273,0.0027845267818154724
R-HSA-69202,abstraction:NextStepPathway,R-HSA-2559586,0.0012685577833778136
R-HSA-69202,abstraction:NextStepPathway,R-HSA-187577,0.02063948273208245
R-HSA-9840310,abstraction:NextStepPathway,R-HSA-9840309,0.0012474597211053894
R-HSA-9840310,abstraction:NextStepPathway,R-HSA-9845614,0.002587680409663782
R-HSA-9840310,abstraction:NextStepPathway,R-HSA-1660661,0.0008376534463092045
R-HSA-381033,abstraction:NextStepPathway,R-HSA-380994,0.0028266876328351294
R-HSA-381033,abstraction:NextStepPathway,R-HSA-381183,0.009720895020223812
R-HSA-3247509,abstraction:NextStepPathway,R-HSA-1266695,0.000987125630117854
R-HSA-162710,abstraction:NextStepPathway,R-HSA-162791,0.0006228334872931011
R-HSA-73780,abstraction:NextStepPathway,R-HSA-73980,0.009535956047846239
R-HSA-73780,abstraction:NextStepPathway,R-HSA-749476,0.009063535519041033
R-HSA-9683610,abstraction:NextStepPathway,R-HSA-9679509,0.0004023938027593548
R-HSA-9683610,abstraction:NextStepPathway,R-HSA-9735869,0.0002639381085374699
R-HSA-9683610,abstraction:NextStepPathway,R-HSA-9735871,0.0008437938426630962
R-HSA-9683610,abstraction:NextStepPathway,R-HSA-9692914,0.0008452449329627548
R-HSA-159236,abstraction:NextStepPathway,R-HSA-429947,6.861273944667196e-06
R-HSA-159236,abstraction:NextStepPathway,R-HSA-450385,0.0004107595672673113
R-HSA-159236,abstraction:NextStepPathway,R-HSA-450408,1.2094633022584168e-05
R-HSA-159236,abstraction:NextStepPathway,R-HSA-450513,0.0004107595672673113
R-HSA-159236,abstraction:NextStepPathway,R-HSA-72662,0.000426461321544958
R-HSA-159236,abstraction:NextStepPathway,R-HSA-428359,9.79660771386465e-07
R-HSA-159236,abstraction:NextStepPathway,R-HSA-450604,0.0004201759713156406
R-HSA-1222556,abstraction:NextStepPathway,R-HSA-392154,0.0024355669574915298
R-HSA-1222556,abstraction:NextStepPathway,R-HSA-445355,0.0008659438649008664
R-HSA-1222556,abstraction:NextStepPathway,R-HSA-3299685,0.005859641049315781
R-HSA-1222556,abstraction:NextStepPathway,R-HSA-8941413,0.008305164179664835
R-HSA-70263,abstraction:NextStepPathway,R-HSA-428643,0.0018133799308777726
R-HSA-70263,abstraction:NextStepPathway,R-HSA-9856872,0.0029285936211992437
R-HSA-70263,abstraction:NextStepPathway,R-HSA-8964539,0.004610038106488126
R-HSA-70263,abstraction:NextStepPathway,R-HSA-5628897,0.003626444237595362
R-HSA-70263,abstraction:NextStepPathway,R-HSA-70171,0.008438889354226977
R-HSA-70263,abstraction:NextStepPathway,R-HSA-70268,0.006774286724108865
R-HSA-70263,abstraction:NextStepPathway,R-HSA-71336,0.0034032251309360634
R-HSA-70263,abstraction:NextStepPathway,R-HSA-71403,0.004872879941737568
R-HSA-418592,abstraction:NextStepPathway,R-HSA-418217,1.3542119210471838e-07
R-HSA-418592,abstraction:NextStepPathway,R-HSA-392451,0.0009472806117156059
R-HSA-418592,abstraction:NextStepPathway,R-HSA-432142,0.0019437244272181922
R-HSA-418592,abstraction:NextStepPathway,R-HSA-416476,0.0021631618982435813
R-HSA-418592,abstraction:NextStepPathway,R-HSA-4086398,0.0016669474183093527
R-HSA-418592,abstraction:NextStepPathway,R-HSA-8964315,9.027813253238542e-08
R-HSA-418592,abstraction:NextStepPathway,R-HSA-8964616,0.0004551294403161484
R-HSA-418592,abstraction:NextStepPathway,R-HSA-111995,0.0014244937813313462
R-HSA-2672351,abstraction:NextStepPathway,R-HSA-9717207,0.0007802657396348627
R-HSA-2672351,abstraction:NextStepPathway,R-HSA-9730628,0.002267904719537499
R-HSA-200425,abstraction:NextStepPathway,R-HSA-77286,0.001413211495365364
R-HSA-140834,abstraction:NextStepPathway,R-HSA-140875,0.0008064342141592912
R-HSA-140834,abstraction:NextStepPathway,R-HSA-140837,0.0013609616525388129
R-HSA-1483148,abstraction:NextStepPathway,R-HSA-1483076,0.001516900876015899
R-HSA-1483148,abstraction:NextStepPathway,R-HSA-1482925,0.0007530919241833369
R-HSA-1483148,abstraction:NextStepPathway,R-HSA-1483171,0.0004773561038812828
R-HSA-9634597,abstraction:NextStepPathway,R-HSA-111931,0.0025561880880100194
R-HSA-9634597,abstraction:NextStepPathway,R-HSA-9009391,0.0021454643678657007
R-HSA-9634597,abstraction:NextStepPathway,R-HSA-418594,0.003886171699966091
R-HSA-9634597,abstraction:NextStepPathway,R-HSA-9856530,0.002818506817000844
R-HSA-9634597,abstraction:NextStepPathway,R-HSA-164378,0.0031455057624255388
R-HSA-9634597,abstraction:NextStepPathway,R-HSA-9664323,0.0021895813027983527
R-HSA-9634597,abstraction:NextStepPathway,R-HSA-163560,0.0006165927966957853
R-HSA-9634597,abstraction:NextStepPathway,R-HSA-418597,0.004729420641457775
R-HSA-9634597,abstraction:NextStepPathway,R-HSA-442720,0.002092779815646485
R-HSA-9634597,abstraction:NextStepPathway,R-HSA-432040,0.0034489044764960974
R-HSA-9634597,abstraction:NextStepPathway,R-HSA-180024,0.0011733740293387199
R-HSA-9634597,abstraction:NextStepPathway,R-HSA-418555,0.0077710914803319426
R-HSA-9634597,abstraction:NextStepPathway,R-HSA-163358,0.0009480347838438162
R-HSA-9634597,abstraction:NextStepPathway,R-HSA-9634600,0.0008089174894348665
R-HSA-9634597,abstraction:NextStepPathway,R-HSA-163615,0.002027777336122169
R-HSA-9634597,abstraction:NextStepPathway,R-HSA-9660821,0.004418419160828547
R-HSA-8934903,abstraction:NextStepPathway,R-HSA-1632852,0.004165451758809867
R-HSA-8934903,abstraction:NextStepPathway,R-HSA-9694676,9.03260824686397e-07
R-HSA-8934903,abstraction:NextStepPathway,R-HSA-9679504,7.677037318230462e-07
R-HSA-6806667,abstraction:NextStepPathway,R-HSA-2187338,0.019096056864393432
R-HSA-6811555,abstraction:NextStepPathway,R-HSA-8847453,0.00440936290018971
R-HSA-2022928,abstraction:NextStepPathway,R-HSA-2024096,0.0006096810545530772
R-HSA-2022928,abstraction:NextStepPathway,R-HSA-2022854,0.0037401761903970007
R-HSA-380972,abstraction:NextStepPathway,R-HSA-2151209,0.0014411547984248428
R-HSA-380972,abstraction:NextStepPathway,R-HSA-1632852,0.00835019797428586
R-HSA-380972,abstraction:NextStepPathway,R-HSA-200425,0.0009384328753412255
R-HSA-380972,abstraction:NextStepPathway,R-HSA-163680,0.0017401340600568345
R-HSA-380972,abstraction:NextStepPathway,R-HSA-5628897,0.008448057129355223
R-HSA-380972,abstraction:NextStepPathway,R-HSA-165159,0.011661620686780358
R-HSA-198203,abstraction:NextStepPathway,R-HSA-6811558,0.0019864460860823186
R-HSA-198203,abstraction:NextStepPathway,R-HSA-389357,0.002035436831361962
R-HSA-198203,abstraction:NextStepPathway,R-HSA-1257604,0.0013121570654014434
R-HSA-198203,abstraction:NextStepPathway,R-HSA-392451,0.0031698368500868318
R-HSA-198203,abstraction:NextStepPathway,R-HSA-199418,0.0019436705763582584
R-HSA-198203,abstraction:NextStepPathway,R-HSA-114604,0.0018260684617672257
R-HSA-198203,abstraction:NextStepPathway,R-HSA-9006925,0.0012631035251382146
R-HSA-198203,abstraction:NextStepPathway,R-HSA-1660499,0.0018260684617672257
R-HSA-198203,abstraction:NextStepPathway,R-HSA-5218920,0.001175521031743177
R-HSA-198203,abstraction:NextStepPathway,R-HSA-202424,0.0014822148291127337
R-HSA-8985947,abstraction:NextStepPathway,R-HSA-9020558,0.0027118620313161847
R-HSA-8985947,abstraction:NextStepPathway,R-HSA-6785807,0.0028413474138201406
R-HSA-8985947,abstraction:NextStepPathway,R-HSA-9020958,0.0030002029303851877
R-HSA-8985947,abstraction:NextStepPathway,R-HSA-1266695,0.0031782369455044617
R-HSA-8985947,abstraction:NextStepPathway,R-HSA-8983432,0.003371004882726955
R-HSA-8985947,abstraction:NextStepPathway,R-HSA-9860927,0.001102682082095319
R-HSA-1538133,abstraction:NextStepPathway,R-HSA-1362277,0.01136936324026554
R-HSA-1538133,abstraction:NextStepPathway,R-HSA-1362300,0.007778665067467885
R-HSA-193368,abstraction:NextStepPathway,R-HSA-211994,0.0032515036904227764
R-HSA-193368,abstraction:NextStepPathway,R-HSA-159418,0.0053708320054829915
R-HSA-75153,abstraction:NextStepPathway,R-HSA-111465,0.021139011454215942
R-HSA-2142753,abstraction:NextStepPathway,R-HSA-2142770,0.00586622798176003
R-HSA-2142753,abstraction:NextStepPathway,R-HSA-2142816,0.004597720798646801
R-HSA-2142753,abstraction:NextStepPathway,R-HSA-2142688,0.007567796403032258
R-HSA-2142753,abstraction:NextStepPathway,R-HSA-2142696,0.002079711753399776
R-HSA-2142753,abstraction:NextStepPathway,R-HSA-140180,0.0037556080737357975
R-HSA-2142753,abstraction:NextStepPathway,R-HSA-2142670,0.006715530056087182
R-HSA-2142753,abstraction:NextStepPathway,R-HSA-2142691,0.01626627280198277
R-HSA-2142753,abstraction:NextStepPathway,R-HSA-2142712,0.006290511742864843
R-HSA-2142753,abstraction:NextStepPathway,R-HSA-2162123,0.021657722894502466
R-HSA-1483213,abstraction:NextStepPathway,R-HSA-1482839,0.0006312427204766304
R-HSA-1483213,abstraction:NextStepPathway,R-HSA-1482798,0.000598486677031143
R-HSA-1483213,abstraction:NextStepPathway,R-HSA-1483191,0.005023605195766428
R-HSA-1483213,abstraction:NextStepPathway,R-HSA-1483101,0.0012525904118266776
R-HSA-448706,abstraction:NextStepPathway,R-HSA-5620971,0.0009390733208847978
R-HSA-448706,abstraction:NextStepPathway,R-HSA-9660826,0.0021921517704351504
R-HSA-448706,abstraction:NextStepPathway,R-HSA-9020702,0.00026814410038842907
R-HSA-190373,abstraction:NextStepPathway,R-HSA-5654219,0.0010903863336047274
R-HSA-190373,abstraction:NextStepPathway,R-HSA-5654687,0.000825573199717043
R-HSA-190373,abstraction:NextStepPathway,R-HSA-5654688,0.001001442518919858
R-HSA-190373,abstraction:NextStepPathway,R-HSA-5654693,0.0009208828470083287
R-HSA-109704,abstraction:NextStepPathway,R-HSA-165158,0.0032926540181230798
R-HSA-9854907,abstraction:NextStepPathway,R-HSA-9856649,0.0006748051576654127
R-HSA-1855191,abstraction:NextStepPathway,R-HSA-1855192,0.0005951845292695235
R-HSA-1855191,abstraction:NextStepPathway,R-HSA-1855170,0.0009665430970313275
R-HSA-212300,abstraction:NextStepPathway,R-HSA-9710421,0.0036653034513807236
R-HSA-174577,abstraction:NextStepPathway,R-HSA-166665,0.0004946379925500538
R-HSA-174577,abstraction:NextStepPathway,R-HSA-977606,0.0015814254215587883
R-HSA-174577,abstraction:NextStepPathway,R-HSA-375276,0.000709621257607157
R-HSA-174577,abstraction:NextStepPathway,R-HSA-9660826,0.0003812488925054526
R-HSA-74713,abstraction:NextStepPathway,R-HSA-74749,0.003356340598412887
R-HSA-74713,abstraction:NextStepPathway,R-HSA-112399,0.0009344054143369417
R-HSA-74713,abstraction:NextStepPathway,R-HSA-112412,1.0030311990159212e-07
R-HSA-167060,abstraction:NextStepPathway,R-HSA-187042,0.0005826478824341067
R-HSA-1483191,abstraction:NextStepPathway,R-HSA-1482839,0.0013469267703312712
R-HSA-1483191,abstraction:NextStepPathway,R-HSA-9958517,0.0007137501891209603
R-HSA-1483191,abstraction:NextStepPathway,R-HSA-1483196,0.0003557684069628919
R-HSA-1483191,abstraction:NextStepPathway,R-HSA-6798163,0.00047153402948295754
R-HSA-1483191,abstraction:NextStepPathway,R-HSA-1483148,0.0032665326712858957
R-HSA-1483191,abstraction:NextStepPathway,R-HSA-1483213,0.005023605195766428
R-HSA-1483191,abstraction:NextStepPathway,R-HSA-1483101,0.0011109170069932286
R-HSA-1483191,abstraction:NextStepPathway,R-HSA-264642,0.0029842314718373643
R-HSA-1483191,abstraction:NextStepPathway,R-HSA-1483166,0.001751863942472598
R-HSA-1483191,abstraction:NextStepPathway,R-HSA-1482788,0.0009878492663164097
R-HSA-917977,abstraction:NextStepPathway,R-HSA-77387,0.005479008434884205
R-HSA-9853506,abstraction:NextStepPathway,R-HSA-611105,0.00140486638289306
R-HSA-9853506,abstraction:NextStepPathway,R-HSA-1237044,0.0016048221691426308
R-HSA-9853506,abstraction:NextStepPathway,R-HSA-1475029,0.000860534662460345
R-HSA-9853506,abstraction:NextStepPathway,R-HSA-71403,0.007993794380248947
R-HSA-879518,abstraction:NextStepPathway,R-HSA-193368,2.371210947589173e-06
R-HSA-879518,abstraction:NextStepPathway,R-HSA-159418,0.0012192904758417445
R-HSA-9755511,abstraction:NextStepPathway,R-HSA-9762114,0.016153497582982075
R-HSA-9755511,abstraction:NextStepPathway,R-HSA-8951664,0.01801469195534411
R-HSA-9755511,abstraction:NextStepPathway,R-HSA-9759194,0.05760373397733406
R-HSA-9755511,abstraction:NextStepPathway,R-HSA-9818025,0.0016130458420278177
R-HSA-9755511,abstraction:NextStepPathway,R-HSA-9818028,0.004050023763522821
R-HSA-9755511,abstraction:NextStepPathway,R-HSA-9818027,0.01529993011739561
R-HSA-9755511,abstraction:NextStepPathway,R-HSA-9679191,0.0005333674426809989
R-HSA-8868766,abstraction:NextStepPathway,R-HSA-9937008,0.006572137723495555
R-HSA-8868766,abstraction:NextStepPathway,R-HSA-6793080,0.008813672523783136
R-HSA-9014325,abstraction:NextStepPathway,R-HSA-450302,0.001352566376068014
R-HSA-9014325,abstraction:NextStepPathway,R-HSA-445989,0.0018715715099911915
R-HSA-9014325,abstraction:NextStepPathway,R-HSA-9705671,0.001358718577244585
R-HSA-9014325,abstraction:NextStepPathway,R-HSA-168638,0.002545843574750655
R-HSA-9014325,abstraction:NextStepPathway,R-HSA-450321,0.001352566376068014
R-HSA-9014325,abstraction:NextStepPathway,R-HSA-9020702,0.001947141117098339
R-HSA-111453,abstraction:NextStepPathway,R-HSA-111447,0.0010675457176439105
R-HSA-5663220,abstraction:NextStepPathway,R-HSA-4086400,0.0010219885205964402
R-HSA-5663220,abstraction:NextStepPathway,R-HSA-6785631,0.0011053786709887409
R-HSA-2855086,abstraction:NextStepPathway,R-HSA-166662,0.004078336614164961
R-HSA-445144,abstraction:NextStepPathway,R-HSA-112411,0.002180087750848237
R-HSA-445144,abstraction:NextStepPathway,R-HSA-110056,0.0020681365568768406
R-HSA-167172,abstraction:NextStepPathway,R-HSA-167161,0.02282522001773468
R-HSA-139915,abstraction:NextStepPathway,R-HSA-111453,6.017832315311745e-08
R-HSA-139915,abstraction:NextStepPathway,R-HSA-6803204,0.0009401114320159603
R-HSA-2393930,abstraction:NextStepPathway,R-HSA-379716,0.0012607535618821817
R-HSA-2393930,abstraction:NextStepPathway,R-HSA-74217,0.0037170939661480443
R-HSA-2393930,abstraction:NextStepPathway,R-HSA-71737,0.0016976702171897587
R-HSA-2028269,abstraction:NextStepPathway,R-HSA-2032785,0.0006976255418786901
R-HSA-6802946,abstraction:NextStepPathway,R-HSA-6802955,0.007802976593909639
R-HSA-9026766,abstraction:NextStepPathway,R-HSA-9026395,0.010990055431999594
R-HSA-9013406,abstraction:NextStepPathway,R-HSA-5627083,0.0027750938892871393
R-HSA-5676590,abstraction:NextStepPathway,R-HSA-5607764,0.020172158918394495
R-HSA-5676590,abstraction:NextStepPathway,R-HSA-2871837,0.017894364405542887
R-HSA-5676590,abstraction:NextStepPathway,R-HSA-202424,0.017137488452951797
R-HSA-5694530,abstraction:NextStepPathway,R-HSA-204005,0.0014129817933285133
R-HSA-438066,abstraction:NextStepPathway,R-HSA-9620244,0.003952142247036956
R-HSA-9907900,abstraction:NextStepPathway,R-HSA-9912633,0.009129726000208121
R-HSA-9907900,abstraction:NextStepPathway,R-HSA-1236974,0.01629431150769233
R-HSA-432722,abstraction:NextStepPathway,R-HSA-199992,0.014675774632777071
R-HSA-209543,abstraction:NextStepPathway,R-HSA-209560,0.004693879564597061
R-HSA-4411364,abstraction:NextStepPathway,R-HSA-69202,0.00025093705260562126
R-HSA-4411364,abstraction:NextStepPathway,R-HSA-8951430,0.002532058297826449
R-HSA-9823739,abstraction:NextStepPathway,R-HSA-9832991,0.005344680384621163
R-HSA-844456,abstraction:NextStepPathway,R-HSA-448706,0.0009493881457433194
R-HSA-844456,abstraction:NextStepPathway,R-HSA-9707564,0.0011706637883506952
R-HSA-844456,abstraction:NextStepPathway,R-HSA-9660826,0.007262133827963282
R-HSA-8964539,abstraction:NextStepPathway,R-HSA-9856872,0.0036251200692534753
R-HSA-8964539,abstraction:NextStepPathway,R-HSA-210500,0.0017244984159908642
R-HSA-8964539,abstraction:NextStepPathway,R-HSA-71064,0.0039507834607783255
R-HSA-8964539,abstraction:NextStepPathway,R-HSA-8963693,0.005098211573623059
R-HSA-8964539,abstraction:NextStepPathway,R-HSA-210455,0.004094292680663532
R-HSA-8964539,abstraction:NextStepPathway,R-HSA-70635,0.003364740664434532
R-HSA-9727281,abstraction:NextStepPathway,R-HSA-9754560,0.0003631687900018702
R-HSA-9727281,abstraction:NextStepPathway,R-HSA-9694676,0.000332064552999053
R-HSA-9727281,abstraction:NextStepPathway,R-HSA-9694322,0.0009965139758970675
R-HSA-9727281,abstraction:NextStepPathway,R-HSA-9705671,0.0030963119912657323
R-HSA-9911233,abstraction:NextStepPathway,R-HSA-2979096,6.622740028942431e-07
R-HSA-1236394,abstraction:NextStepPathway,R-HSA-1251985,0.018092268009794996
R-HSA-1236394,abstraction:NextStepPathway,R-HSA-1227986,0.004183866005996016
R-HSA-1236394,abstraction:NextStepPathway,R-HSA-1250347,0.003499900142063083
R-HSA-1236394,abstraction:NextStepPathway,R-HSA-1250342,0.002994456074467174
R-HSA-72702,abstraction:NextStepPathway,R-HSA-72706,0.025687210995555536
R-HSA-9620244,abstraction:NextStepPathway,R-HSA-442729,0.0019736054027518473
R-HSA-9620244,abstraction:NextStepPathway,R-HSA-111932,0.0019736054027518473
R-HSA-912526,abstraction:NextStepPathway,R-HSA-5673001,0.0005699981510858767
R-HSA-917937,abstraction:NextStepPathway,R-HSA-425410,0.00253615213072793
R-HSA-917937,abstraction:NextStepPathway,R-HSA-389542,0.0014786656815400604
R-HSA-917937,abstraction:NextStepPathway,R-HSA-1222556,0.004320959030977099
R-HSA-917937,abstraction:NextStepPathway,R-HSA-917977,0.010895193555598561
R-HSA-917937,abstraction:NextStepPathway,R-HSA-189451,0.003004191048273458
R-HSA-917937,abstraction:NextStepPathway,R-HSA-9707564,0.0036372109005037125
R-HSA-917937,abstraction:NextStepPathway,R-HSA-189483,0.00426787159513406
R-HSA-917937,abstraction:NextStepPathway,R-HSA-6803544,0.0019204081202724623
R-HSA-9615710,abstraction:NextStepPathway,R-HSA-9613829,0.00045649049237541983
R-HSA-1461973,abstraction:NextStepPathway,R-HSA-1462054,0.0038581316095366767
R-HSA-69416,abstraction:NextStepPathway,R-HSA-140534,0.005605330908014898
R-HSA-392451,abstraction:NextStepPathway,R-HSA-389357,0.002714066539697195
R-HSA-392451,abstraction:NextStepPathway,R-HSA-1257604,0.0017932315694458658
R-HSA-392451,abstraction:NextStepPathway,R-HSA-198203,0.0031698368500868318
R-HSA-392451,abstraction:NextStepPathway,R-HSA-114604,0.0031269459364327533
R-HSA-392451,abstraction:NextStepPathway,R-HSA-5218920,0.0017075277197597923
R-HSA-9648895,abstraction:NextStepPathway,R-HSA-381042,0.0047213385051041
R-HSA-9648895,abstraction:NextStepPathway,R-HSA-9633012,0.005524186828204536
R-HSA-9648895,abstraction:NextStepPathway,R-HSA-380994,0.0020177304426083013
R-HSA-9648895,abstraction:NextStepPathway,R-HSA-381183,0.0010119145366353844
R-HSA-450302,abstraction:NextStepPathway,R-HSA-2559580,0.001051810644803186
R-HSA-450302,abstraction:NextStepPathway,R-HSA-6811555,0.001220421418207602
R-HSA-450302,abstraction:NextStepPathway,R-HSA-450341,0.001422547570885739
R-HSA-9828642,abstraction:NextStepPathway,R-HSA-9828721,0.0027451520919533775
R-HSA-112043,abstraction:NextStepPathway,R-HSA-9856530,0.003460924615773224
R-HSA-112043,abstraction:NextStepPathway,R-HSA-2871809,0.004645282478456376
R-HSA-112043,abstraction:NextStepPathway,R-HSA-1169091,0.0006816081097868732
R-HSA-112043,abstraction:NextStepPathway,R-HSA-9664323,0.0067401330545665515
R-HSA-112043,abstraction:NextStepPathway,R-HSA-2029485,0.00556024044059902
R-HSA-112043,abstraction:NextStepPathway,R-HSA-445355,0.0037062359150879538
R-HSA-112043,abstraction:NextStepPathway,R-HSA-5218921,0.00488209135199833
R-HSA-112043,abstraction:NextStepPathway,R-HSA-111997,0.009548349001689238
R-HSA-112043,abstraction:NextStepPathway,R-HSA-422356,0.0060006935335908665
R-HSA-112043,abstraction:NextStepPathway,R-HSA-5607763,0.0032858214764057043
R-HSA-112043,abstraction:NextStepPathway,R-HSA-1489509,0.012268271255689389
R-HSA-112043,abstraction:NextStepPathway,R-HSA-4086398,0.0038976183165519386
R-HSA-112043,abstraction:NextStepPathway,R-HSA-5578775,0.0038976183165519386
R-HSA-112043,abstraction:NextStepPathway,R-HSA-983695,0.0028841911345980045
R-HSA-112043,abstraction:NextStepPathway,R-HSA-2514859,0.0035993426043112045
R-HSA-9664323,abstraction:NextStepPathway,R-HSA-111931,0.004321371115742097
R-HSA-9664323,abstraction:NextStepPathway,R-HSA-202433,0.0024312340159141597
R-HSA-9664323,abstraction:NextStepPathway,R-HSA-9856530,0.003454218572892737
R-HSA-9664323,abstraction:NextStepPathway,R-HSA-9634638,0.0010521504629721126
R-HSA-9664323,abstraction:NextStepPathway,R-HSA-442982,0.0007509520954944181
R-HSA-9664323,abstraction:NextStepPathway,R-HSA-2871809,0.005864356162670363
R-HSA-9664323,abstraction:NextStepPathway,R-HSA-1169091,0.0008068143506862284
R-HSA-9664323,abstraction:NextStepPathway,R-HSA-164378,0.002117766551906559
R-HSA-9664323,abstraction:NextStepPathway,R-HSA-9634597,0.0021895813027983527
R-HSA-9664323,abstraction:NextStepPathway,R-HSA-111933,0.004368147078169925
R-HSA-9664323,abstraction:NextStepPathway,R-HSA-9620244,0.00164875437319004
R-HSA-9664323,abstraction:NextStepPathway,R-HSA-111957,0.002117766551906559
R-HSA-9664323,abstraction:NextStepPathway,R-HSA-112043,0.0067401330545665515
R-HSA-9664323,abstraction:NextStepPathway,R-HSA-163560,0.0009225277091400406
R-HSA-9664323,abstraction:NextStepPathway,R-HSA-2029482,0.0017627739435340834
R-HSA-9664323,abstraction:NextStepPathway,R-HSA-442720,0.004133388066285929
R-HSA-9664323,abstraction:NextStepPathway,R-HSA-2029485,0.005532963423077755
R-HSA-9664323,abstraction:NextStepPathway,R-HSA-442729,0.002400114980789125
R-HSA-9664323,abstraction:NextStepPathway,R-HSA-111932,0.002400114980789125
R-HSA-9664323,abstraction:NextStepPathway,R-HSA-445355,0.00264565152106443
R-HSA-9664323,abstraction:NextStepPathway,R-HSA-5218921,0.0048171295375832495
R-HSA-9664323,abstraction:NextStepPathway,R-HSA-432040,0.0025528885125362362
R-HSA-9664323,abstraction:NextStepPathway,R-HSA-203615,0.00165795372278524
R-HSA-9664323,abstraction:NextStepPathway,R-HSA-180024,0.0025528885125362362
R-HSA-9664323,abstraction:NextStepPathway,R-HSA-111997,0.004368147078169925
R-HSA-9664323,abstraction:NextStepPathway,R-HSA-422356,0.004554342160927063
R-HSA-9664323,abstraction:NextStepPathway,R-HSA-5607763,0.0029543671256424065
R-HSA-9664323,abstraction:NextStepPathway,R-HSA-1489509,0.007295703947139723
R-HSA-9664323,abstraction:NextStepPathway,R-HSA-4086398,0.0027717120983743893
R-HSA-9664323,abstraction:NextStepPathway,R-HSA-5627123,0.0020221091587739985
R-HSA-9664323,abstraction:NextStepPathway,R-HSA-163358,0.0008698554875086614
R-HSA-9664323,abstraction:NextStepPathway,R-HSA-2025928,0.0007509520954944181
R-HSA-9664323,abstraction:NextStepPathway,R-HSA-5218920,0.0021490680421683184
R-HSA-9664323,abstraction:NextStepPathway,R-HSA-5578775,0.0032953685487818593
R-HSA-9664323,abstraction:NextStepPathway,R-HSA-983695,0.0043726117635564995
R-HSA-9664323,abstraction:NextStepPathway,R-HSA-2514859,0.0025744798642610496
R-HSA-9664323,abstraction:NextStepPathway,R-HSA-9031628,0.000872643042966451
R-HSA-9664323,abstraction:NextStepPathway,R-HSA-9634600,0.0012216907859402787
R-HSA-9664323,abstraction:NextStepPathway,R-HSA-163615,0.003144009129639613
R-HSA-9664323,abstraction:NextStepPathway,R-HSA-9664422,0.0027717120983743893
R-HSA-9664323,abstraction:NextStepPathway,R-HSA-9660821,0.0027638716382623217
R-HSA-9664323,abstraction:NextStepPathway,R-HSA-202424,0.0018048786540921517
R-HSA-174437,abstraction:NextStepPathway,R-HSA-174414,0.012618066545614603
R-HSA-9759194,abstraction:NextStepPathway,R-HSA-9818035,0.0012539071705908766
R-HSA-9759194,abstraction:NextStepPathway,R-HSA-9818032,0.0037804129911290663
R-HSA-9759194,abstraction:NextStepPathway,R-HSA-9755511,0.05760373397733406
R-HSA-9759194,abstraction:NextStepPathway,R-HSA-9818030,0.005905637353236945
R-HSA-9759194,abstraction:NextStepPathway,R-HSA-9909649,8.881078603488517e-06
R-HSA-9759194,abstraction:NextStepPathway,R-HSA-9818028,0.004203988644492597
R-HSA-9759194,abstraction:NextStepPathway,R-HSA-9818027,0.01593929731756574
R-HSA-9759194,abstraction:NextStepPathway,R-HSA-9818749,0.0029354212582076915
R-HSA-9759194,abstraction:NextStepPathway,R-HSA-9818026,0.0016732417271650164
R-HSA-888568,abstraction:NextStepPathway,R-HSA-888590,0.0027483689054098198
R-HSA-74217,abstraction:NextStepPathway,R-HSA-379716,0.0017337514017062123
R-HSA-74217,abstraction:NextStepPathway,R-HSA-74259,0.005948049146415765
R-HSA-74217,abstraction:NextStepPathway,R-HSA-71737,0.0017735821231078975
R-HSA-74217,abstraction:NextStepPathway,R-HSA-499943,0.0038282659986567692
R-HSA-1566977,abstraction:NextStepPathway,R-HSA-202733,0.0018266360900825508
R-HSA-881907,abstraction:NextStepPathway,R-HSA-199920,0.0014874491967855575
R-HSA-881907,abstraction:NextStepPathway,R-HSA-2559582,0.0005309961353634783
R-HSA-881907,abstraction:NextStepPathway,R-HSA-416476,0.007730735266762677
R-HSA-881907,abstraction:NextStepPathway,R-HSA-9031628,0.0009720423915441753
R-HSA-9933939,abstraction:NextStepPathway,R-HSA-9933947,0.0011637579073290332
R-HSA-112313,abstraction:NextStepPathway,R-HSA-112310,0.0029810657693137505
R-HSA-5654699,abstraction:NextStepPathway,R-HSA-5673001,0.0014659788886167069
R-HSA-8853884,abstraction:NextStepPathway,R-HSA-2559582,0.012094555870148262
R-HSA-8853884,abstraction:NextStepPathway,R-HSA-2559585,0.0017925206991024072
R-HSA-8853884,abstraction:NextStepPathway,R-HSA-2559580,0.00140718818644987
R-HSA-8853884,abstraction:NextStepPathway,R-HSA-69231,2.9728303228547577e-06
R-HSA-375281,abstraction:NextStepPathway,R-HSA-416476,1.3252519586446684e-06
R-HSA-375281,abstraction:NextStepPathway,R-HSA-418555,8.832144347076706e-07
R-HSA-375281,abstraction:NextStepPathway,R-HSA-9660821,5.217608539621669e-07
R-HSA-168255,abstraction:NextStepPathway,R-HSA-168275,0.00798694873180312
R-HSA-168255,abstraction:NextStepPathway,R-HSA-168270,0.007178285925147061
R-HSA-210500,abstraction:NextStepPathway,R-HSA-9856872,0.0006734191444927632
R-HSA-210500,abstraction:NextStepPathway,R-HSA-438066,0.0012082659161814183
R-HSA-210500,abstraction:NextStepPathway,R-HSA-8964539,0.0017244984159908645
R-HSA-210500,abstraction:NextStepPathway,R-HSA-399710,0.001727170764994615
R-HSA-210500,abstraction:NextStepPathway,R-HSA-5628897,0.0013509816727128173
R-HSA-210500,abstraction:NextStepPathway,R-HSA-264642,0.005915057406186896
R-HSA-210500,abstraction:NextStepPathway,R-HSA-451307,0.0008611379392429193
R-HSA-190827,abstraction:NextStepPathway,R-HSA-190704,0.0007509207530338449
R-HSA-3928662,abstraction:NextStepPathway,R-HSA-5627117,0.003151722424438636
R-HSA-5668541,abstraction:NextStepPathway,R-HSA-5676590,0.020771406304289374
R-HSA-5668541,abstraction:NextStepPathway,R-HSA-5607761,0.02036762117702629
R-HSA-389957,abstraction:NextStepPathway,R-HSA-389960,0.004530398272247949
R-HSA-389957,abstraction:NextStepPathway,R-HSA-390450,0.004530398272247949
R-HSA-9948001,abstraction:NextStepPathway,R-HSA-9960519,0.0005092863366557644
R-HSA-9948001,abstraction:NextStepPathway,R-HSA-5620971,0.00039381019595043115
R-HSA-3065678,abstraction:NextStepPathway,R-HSA-9615933,0.0007404436803421589
R-HSA-3065678,abstraction:NextStepPathway,R-HSA-4551638,0.0015503271692372382
R-HSA-3065678,abstraction:NextStepPathway,R-HSA-3232118,0.0013636286169749299
R-HSA-3065678,abstraction:NextStepPathway,R-HSA-9856649,0.0006054168356147768
R-HSA-3065678,abstraction:NextStepPathway,R-HSA-3108214,0.0015260669780770937
R-HSA-3065678,abstraction:NextStepPathway,R-HSA-4085377,0.0011986881158358356
R-HSA-3065678,abstraction:NextStepPathway,R-HSA-196791,0.0007751731669554643
R-HSA-3065678,abstraction:NextStepPathway,R-HSA-5693565,0.0006656424022184449
R-HSA-3065678,abstraction:NextStepPathway,R-HSA-9833482,0.0002488186359641942
R-HSA-3065678,abstraction:NextStepPathway,R-HSA-3232142,0.0007116583954074381
R-HSA-3065678,abstraction:NextStepPathway,R-HSA-4090294,0.0017389476276863881
R-HSA-3065678,abstraction:NextStepPathway,R-HSA-9793242,0.0011901857753981377
R-HSA-3065678,abstraction:NextStepPathway,R-HSA-8866904,0.0009701061755518811
R-HSA-3065678,abstraction:NextStepPathway,R-HSA-4655427,0.0010278553366402025
R-HSA-3065678,abstraction:NextStepPathway,R-HSA-3899300,0.0012241853832365692
R-HSA-3065678,abstraction:NextStepPathway,R-HSA-4615885,0.0006697170306987227
R-HSA-3065678,abstraction:NextStepPathway,R-HSA-4570464,0.001183010719192006
R-HSA-3065678,abstraction:NextStepPathway,R-HSA-4755510,0.0014793524193630083
R-HSA-9845614,abstraction:NextStepPathway,R-HSA-1660661,0.0022701304274904254
R-HSA-418885,abstraction:NextStepPathway,R-HSA-389359,0.003213683156456588
R-HSA-418885,abstraction:NextStepPathway,R-HSA-373752,0.006623004304976577
R-HSA-418885,abstraction:NextStepPathway,R-HSA-5627123,0.0007156828568190451
R-HSA-418885,abstraction:NextStepPathway,R-HSA-418890,0.0025446033842298934
R-HSA-418885,abstraction:NextStepPathway,R-HSA-428542,0.0020605840816894836
R-HSA-418885,abstraction:NextStepPathway,R-HSA-5687128,0.0005147724108230747
R-HSA-1614517,abstraction:NextStepPathway,R-HSA-428643,0.0015556750619736804
R-HSA-1614517,abstraction:NextStepPathway,R-HSA-1614558,0.011204212506488218
R-HSA-114294,abstraction:NextStepPathway,R-HSA-111457,6.018009763594035e-08
R-HSA-114294,abstraction:NextStepPathway,R-HSA-5620971,1.8060420476851587e-07
R-HSA-1614635,abstraction:NextStepPathway,R-HSA-1614558,0.025539867409155523
R-HSA-1614635,abstraction:NextStepPathway,R-HSA-549127,0.0007370197476624335
R-HSA-1614635,abstraction:NextStepPathway,R-HSA-6798163,0.0027542574635791087
R-HSA-1614635,abstraction:NextStepPathway,R-HSA-9759218,0.005712641280201963
R-HSA-1614635,abstraction:NextStepPathway,R-HSA-351202,0.001527252554382102
R-HSA-1614635,abstraction:NextStepPathway,R-HSA-1614603,0.004465427445524788
R-HSA-1614635,abstraction:NextStepPathway,R-HSA-156581,0.006566916415424458
R-HSA-9018519,abstraction:NextStepPathway,R-HSA-1251985,0.0012759825304008055
R-HSA-9018519,abstraction:NextStepPathway,R-HSA-8939256,0.0021238265618749226
R-HSA-9018519,abstraction:NextStepPathway,R-HSA-69231,0.0006510288617652344
R-HSA-9018519,abstraction:NextStepPathway,R-HSA-8931987,0.0043662228225680375
R-HSA-69541,abstraction:NextStepPathway,R-HSA-6796648,0.0005604735086268496
R-HSA-69541,abstraction:NextStepPathway,R-HSA-2559585,0.001295338523570834
R-HSA-69541,abstraction:NextStepPathway,R-HSA-6804114,0.0001912443601776192
R-HSA-69541,abstraction:NextStepPathway,R-HSA-6803211,0.00028251971952116466
R-HSA-69541,abstraction:NextStepPathway,R-HSA-9758274,0.0002076997267695517
R-HSA-69541,abstraction:NextStepPathway,R-HSA-2559580,0.0009963324244041468
R-HSA-69541,abstraction:NextStepPathway,R-HSA-69473,0.0012221819302966185
R-HSA-69541,abstraction:NextStepPathway,R-HSA-6804760,0.0017046231991467726
R-HSA-69541,abstraction:NextStepPathway,R-HSA-6811555,0.0009239864000641753
R-HSA-69541,abstraction:NextStepPathway,R-HSA-5620971,3.7971698821524346e-06
R-HSA-69541,abstraction:NextStepPathway,R-HSA-8941858,0.019146843932183785
R-HSA-69541,abstraction:NextStepPathway,R-HSA-6804756,0.001117648491411185
R-HSA-69541,abstraction:NextStepPathway,R-HSA-69481,0.01540446990954551
R-HSA-69541,abstraction:NextStepPathway,R-HSA-6804116,0.0002018255765293529
R-HSA-69541,abstraction:NextStepPathway,R-HSA-6804115,0.0007755475477341742
R-HSA-69541,abstraction:NextStepPathway,R-HSA-69895,0.00028251971952116466
R-HSA-69541,abstraction:NextStepPathway,R-HSA-6803204,0.0010993854622515357
R-HSA-69541,abstraction:NextStepPathway,R-HSA-6804759,0.0014870213684349048
R-HSA-69541,abstraction:NextStepPathway,R-HSA-6803207,0.0012500190864187862
R-HSA-69541,abstraction:NextStepPathway,R-HSA-111448,0.00032072271829172255
R-HSA-69541,abstraction:NextStepPathway,R-HSA-2559586,0.0010613305927257561
R-HSA-69541,abstraction:NextStepPathway,R-HSA-6803205,0.00016260329662824366
R-HSA-69541,abstraction:NextStepPathway,R-HSA-6804754,0.00032072271829172255
R-HSA-69541,abstraction:NextStepPathway,R-HSA-6804758,0.0007541820918021742
R-HSA-69541,abstraction:NextStepPathway,R-HSA-8852276,0.018489087241030912
R-HSA-69541,abstraction:NextStepPathway,R-HSA-6804757,0.003258385143529494
R-HSA-2173796,abstraction:NextStepPathway,R-HSA-1650814,1.8824044503476276e-06
R-HSA-2173796,abstraction:NextStepPathway,R-HSA-2559582,0.0011110355210379769
R-HSA-2173796,abstraction:NextStepPathway,R-HSA-2559585,0.0010242328504490087
R-HSA-2173796,abstraction:NextStepPathway,R-HSA-2173795,0.0028383541637170555
R-HSA-2173796,abstraction:NextStepPathway,R-HSA-9754189,0.0002208540039640158
R-HSA-2173796,abstraction:NextStepPathway,R-HSA-2559580,0.000463008475605409
R-HSA-2173796,abstraction:NextStepPathway,R-HSA-69202,0.0006685557473593289
R-HSA-2173796,abstraction:NextStepPathway,R-HSA-9796292,1.5057902140544063e-06
R-HSA-2173796,abstraction:NextStepPathway,R-HSA-8948216,0.0
R-HSA-2173796,abstraction:NextStepPathway,R-HSA-1181150,0.00116072077857507
R-HSA-2173796,abstraction:NextStepPathway,R-HSA-8941855,0.0007340960284166504
R-HSA-2173796,abstraction:NextStepPathway,R-HSA-9733458,0.00027244109088522545
R-HSA-2173796,abstraction:NextStepPathway,R-HSA-69231,0.0010242328504490087
R-HSA-2173796,abstraction:NextStepPathway,R-HSA-9823730,2.7614305108398534e-06
R-HSA-2173796,abstraction:NextStepPathway,R-HSA-1502540,0.00108331594642143
R-HSA-2173796,abstraction:NextStepPathway,R-HSA-9617828,2.8870353335167483e-06
R-HSA-2173796,abstraction:NextStepPathway,R-HSA-9694614,0.0002454561022202116
R-HSA-5362517,abstraction:NextStepPathway,R-HSA-204174,0.008023982215304188
R-HSA-5362517,abstraction:NextStepPathway,R-HSA-200425,0.002340530994125673
R-HSA-196757,abstraction:NextStepPathway,R-HSA-1614635,0.0028761879310936016
R-HSA-196757,abstraction:NextStepPathway,R-HSA-9759218,0.002602129577988627
R-HSA-196757,abstraction:NextStepPathway,R-HSA-156581,0.0011955623239723765
R-HSA-9705677,abstraction:NextStepPathway,R-HSA-191650,0.0017522780023214689
R-HSA-112411,abstraction:NextStepPathway,R-HSA-5673001,0.0010556744821715366
R-HSA-112411,abstraction:NextStepPathway,R-HSA-445144,0.002180087750848237
R-HSA-112411,abstraction:NextStepPathway,R-HSA-170968,0.0009480347838438162
R-HSA-112411,abstraction:NextStepPathway,R-HSA-112409,0.003237573411729958
R-HSA-9683439,abstraction:NextStepPathway,R-HSA-9682706,0.0005951845292695235
R-HSA-9683439,abstraction:NextStepPathway,R-HSA-9692916,0.0004999252626369177
R-HSA-2029482,abstraction:NextStepPathway,R-HSA-5663213,0.011455085823202713
R-HSA-2029482,abstraction:NextStepPathway,R-HSA-5627123,0.002297223803189449
R-HSA-2029482,abstraction:NextStepPathway,R-HSA-5687128,0.0006294215050128346
R-HSA-2029482,abstraction:NextStepPathway,R-HSA-9664422,0.015456915594372426
R-HSA-8982491,abstraction:NextStepPathway,R-HSA-71387,0.014645986702065584
R-HSA-2466712,abstraction:NextStepPathway,R-HSA-2453902,0.001685196557609571
R-HSA-4086400,abstraction:NextStepPathway,R-HSA-5663220,0.0010219885205964402
R-HSA-9856649,abstraction:NextStepPathway,R-HSA-9857377,0.0001361391947735635
R-HSA-9856649,abstraction:NextStepPathway,R-HSA-9825892,0.0010276073178459846
R-HSA-9856649,abstraction:NextStepPathway,R-HSA-9824594,0.0011408526106159937
R-HSA-9856649,abstraction:NextStepPathway,R-HSA-9854907,0.0006748051576654127
R-HSA-9856649,abstraction:NextStepPathway,R-HSA-9926550,0.0010276073178459846
R-HSA-9856649,abstraction:NextStepPathway,R-HSA-9854909,0.00023699724599363363
R-HSA-9856649,abstraction:NextStepPathway,R-HSA-9825895,0.00019736401710039033
R-HSA-9856649,abstraction:NextStepPathway,R-HSA-9824585,0.001923039309595686
R-HSA-9856649,abstraction:NextStepPathway,R-HSA-9764725,0.0012117956608510886
R-HSA-181430,abstraction:NextStepPathway,R-HSA-212676,0.009006514346293092
R-HSA-181430,abstraction:NextStepPathway,R-HSA-442660,0.0009874702032533606
R-HSA-181430,abstraction:NextStepPathway,R-HSA-209905,0.0018364071677601684
R-HSA-181430,abstraction:NextStepPathway,R-HSA-181429,0.008576122195860528
R-HSA-5617472,abstraction:NextStepPathway,R-HSA-9830364,0.0003065481776630738
R-HSA-5617472,abstraction:NextStepPathway,R-HSA-9010553,9.206754473090651e-06
R-HSA-8985801,abstraction:NextStepPathway,R-HSA-373752,3.2120683523354674e-07
R-HSA-8985801,abstraction:NextStepPathway,R-HSA-376176,0.0007890674530633866
R-HSA-8985801,abstraction:NextStepPathway,R-HSA-428542,8.024486231938652e-08
R-HSA-9020956,abstraction:NextStepPathway,R-HSA-1059683,0.001392213786772542
R-HSA-9020956,abstraction:NextStepPathway,R-HSA-6788467,0.0012735669001549647
R-HSA-9020956,abstraction:NextStepPathway,R-HSA-8984722,0.005235793102249226
R-HSA-199418,abstraction:NextStepPathway,R-HSA-1855204,0.0027451520919533775
R-HSA-199418,abstraction:NextStepPathway,R-HSA-1660499,0.0039945552200665825
R-HSA-199418,abstraction:NextStepPathway,R-HSA-1660516,0.0025508231533397444
R-HSA-450341,abstraction:NextStepPathway,R-HSA-2559582,0.0018290640570863426
R-HSA-450341,abstraction:NextStepPathway,R-HSA-2871796,0.002117766551906559
R-HSA-450341,abstraction:NextStepPathway,R-HSA-2559580,0.0019009785384908658
R-HSA-450341,abstraction:NextStepPathway,R-HSA-8943724,0.001979482307310068
R-HSA-450341,abstraction:NextStepPathway,R-HSA-9909649,3.5116447443528346e-07
R-HSA-888593,abstraction:NextStepPathway,R-HSA-888590,0.0021921517704351504
R-HSA-888593,abstraction:NextStepPathway,R-HSA-916853,0.0004294434647761753
R-HSA-888593,abstraction:NextStepPathway,R-HSA-442660,0.00156361728475837
R-HSA-933542,abstraction:NextStepPathway,R-HSA-445989,0.0036273339584297127
R-HSA-933542,abstraction:NextStepPathway,R-HSA-9909649,6.321706413719776e-07
R-HSA-933542,abstraction:NextStepPathway,R-HSA-3134963,0.00043367997740871995
R-HSA-933542,abstraction:NextStepPathway,R-HSA-1810476,0.0033153424693692563
R-HSA-180336,abstraction:NextStepPathway,R-HSA-5673001,0.0013200404815014786
R-HSA-75094,abstraction:NextStepPathway,R-HSA-72200,0.0007509207530338449
R-HSA-76061,abstraction:NextStepPathway,R-HSA-749476,0.014250293763258991
R-HSA-5620971,abstraction:NextStepPathway,R-HSA-111458,0.0003007120465160841
R-HSA-5620971,abstraction:NextStepPathway,R-HSA-9960525,0.0014838485345551964
R-HSA-5620971,abstraction:NextStepPathway,R-HSA-9960519,0.0014838485345551964
R-HSA-5620971,abstraction:NextStepPathway,R-HSA-111461,0.0007009250290722418
R-HSA-5620971,abstraction:NextStepPathway,R-HSA-5686938,0.0009609157435393839
R-HSA-5620971,abstraction:NextStepPathway,R-HSA-111471,0.002047248684558456
R-HSA-5620971,abstraction:NextStepPathway,R-HSA-9020702,7.059400040524157e-06
R-HSA-1855231,abstraction:NextStepPathway,R-HSA-1855156,0.0013032828425768176
R-HSA-1855231,abstraction:NextStepPathway,R-HSA-1855215,0.0013032828425768176
R-HSA-9796292,abstraction:NextStepPathway,R-HSA-9823730,0.0016456038685493555
R-HSA-1445148,abstraction:NextStepPathway,R-HSA-9824585,0.0010165998835095574
R-HSA-9831926,abstraction:NextStepPathway,R-HSA-4086400,6.241343149463983e-06
R-HSA-196791,abstraction:NextStepPathway,R-HSA-211916,0.00592511730889033
R-HSA-196791,abstraction:NextStepPathway,R-HSA-4090294,0.0012440367309077425
R-HSA-112311,abstraction:NextStepPathway,R-HSA-9958517,0.0012596162238449325
R-HSA-112311,abstraction:NextStepPathway,R-HSA-1483191,0.0026818119883477306
R-HSA-8964038,abstraction:NextStepPathway,R-HSA-8963896,0.0020265397524080026
R-HSA-8964038,abstraction:NextStepPathway,R-HSA-8964026,0.0035972604819420532
R-HSA-210744,abstraction:NextStepPathway,R-HSA-210746,0.0003404486117671508
R-HSA-210744,abstraction:NextStepPathway,R-HSA-2122947,0.003308519073251271
R-HSA-5654712,abstraction:NextStepPathway,R-HSA-5673001,0.0012662558921017752
R-HSA-5654712,abstraction:NextStepPathway,R-HSA-5654720,0.002766922567617521
R-HSA-5654712,abstraction:NextStepPathway,R-HSA-5654733,0.0026633003214467264
R-HSA-9701898,abstraction:NextStepPathway,R-HSA-9725371,0.0004957725962372747
R-HSA-8849470,abstraction:NextStepPathway,R-HSA-69231,0.000960371344542399
R-HSA-8849470,abstraction:NextStepPathway,R-HSA-187577,0.002075734884905161
R-HSA-77352,abstraction:NextStepPathway,R-HSA-611105,0.0017538118533482598
R-HSA-76005,abstraction:NextStepPathway,R-HSA-114516,0.002499211417400467
R-HSA-418597,abstraction:NextStepPathway,R-HSA-418217,1.5047242898782265e-07
R-HSA-418597,abstraction:NextStepPathway,R-HSA-418594,0.005085585083945364
R-HSA-418597,abstraction:NextStepPathway,R-HSA-9856530,0.003061496545864912
R-HSA-418597,abstraction:NextStepPathway,R-HSA-9634597,0.004729420641457775
R-HSA-418597,abstraction:NextStepPathway,R-HSA-392451,0.0009271771605786682
R-HSA-418597,abstraction:NextStepPathway,R-HSA-9664323,0.0023365036833338693
R-HSA-418597,abstraction:NextStepPathway,R-HSA-442720,0.002202790977913642
R-HSA-418597,abstraction:NextStepPathway,R-HSA-432040,0.003692301189040478
R-HSA-418597,abstraction:NextStepPathway,R-HSA-180024,0.0017987665858617049
R-HSA-418597,abstraction:NextStepPathway,R-HSA-418555,0.0049956443562975085
R-HSA-418597,abstraction:NextStepPathway,R-HSA-4086398,0.0021594528935176297
R-HSA-418597,abstraction:NextStepPathway,R-HSA-8964315,1.0031199444473728e-07
R-HSA-418597,abstraction:NextStepPathway,R-HSA-8964616,0.0004456750036729145
R-HSA-418597,abstraction:NextStepPathway,R-HSA-163615,0.0021377734436001695
R-HSA-418597,abstraction:NextStepPathway,R-HSA-9660821,0.004729420641457775
R-HSA-8939246,abstraction:NextStepPathway,R-HSA-8941333,0.002655829160978538
R-HSA-2142688,abstraction:NextStepPathway,R-HSA-2142700,0.004257609136873947
R-HSA-2142688,abstraction:NextStepPathway,R-HSA-2142691,0.006056812483958514
R-HSA-9717207,abstraction:NextStepPathway,R-HSA-9730628,0.001826068461767226
R-HSA-173623,abstraction:NextStepPathway,R-HSA-977606,0.0021987952608564475
R-HSA-173623,abstraction:NextStepPathway,R-HSA-166663,0.0047468405464847555
R-HSA-9662360,abstraction:NextStepPathway,R-HSA-9662361,0.02276349339711311
R-HSA-5628897,abstraction:NextStepPathway,R-HSA-611105,0.006552456638459167
R-HSA-5628897,abstraction:NextStepPathway,R-HSA-9856872,0.00045605390790463954
R-HSA-5628897,abstraction:NextStepPathway,R-HSA-1632852,0.005736661890938102
R-HSA-5628897,abstraction:NextStepPathway,R-HSA-8943723,0.0005463116157704535
R-HSA-5628897,abstraction:NextStepPathway,R-HSA-70263,0.003626444237595362
R-HSA-5628897,abstraction:NextStepPathway,R-HSA-380972,0.008448057129355223
R-HSA-5628897,abstraction:NextStepPathway,R-HSA-8964539,0.0034127225669835894
R-HSA-5628897,abstraction:NextStepPathway,R-HSA-210500,0.0013509816727128173
R-HSA-5628897,abstraction:NextStepPathway,R-HSA-199418,0.0013992772189501592
R-HSA-5628897,abstraction:NextStepPathway,R-HSA-8943724,0.005861335214810687
R-HSA-5628897,abstraction:NextStepPathway,R-HSA-70171,0.002940282586237127
R-HSA-5628897,abstraction:NextStepPathway,R-HSA-165159,0.0068963641773998096
R-HSA-5628897,abstraction:NextStepPathway,R-HSA-166187,0.001178924980064887
R-HSA-5628897,abstraction:NextStepPathway,R-HSA-3299685,0.0068856753223351125
R-HSA-5628897,abstraction:NextStepPathway,R-HSA-167826,0.0003011235024313483
R-HSA-5628897,abstraction:NextStepPathway,R-HSA-1660499,0.0016067971080286235
R-HSA-5628897,abstraction:NextStepPathway,R-HSA-71336,0.003564498633295706
R-HSA-5628897,abstraction:NextStepPathway,R-HSA-163210,0.0013288114452984306
R-HSA-5628897,abstraction:NextStepPathway,R-HSA-9818027,0.002854630810048607
R-HSA-5628897,abstraction:NextStepPathway,R-HSA-202424,0.0008284876890697448
R-HSA-5628897,abstraction:NextStepPathway,R-HSA-499943,0.00607718387976142
R-HSA-1482925,abstraction:NextStepPathway,R-HSA-1483171,0.0005104722160586203
R-HSA-174362,abstraction:NextStepPathway,R-HSA-379716,0.0005907919499547456
R-HSA-174362,abstraction:NextStepPathway,R-HSA-9939291,0.001769123735898602
R-HSA-174362,abstraction:NextStepPathway,R-HSA-913709,0.0012831291926475052
R-HSA-174362,abstraction:NextStepPathway,R-HSA-2022923,0.0016188171372354427
R-HSA-174362,abstraction:NextStepPathway,R-HSA-2022928,0.0013344143139743438
R-HSA-174362,abstraction:NextStepPathway,R-HSA-163841,0.002315540785723321
R-HSA-174362,abstraction:NextStepPathway,R-HSA-2022870,0.0015224632595538944
R-HSA-174362,abstraction:NextStepPathway,R-HSA-425381,0.0004165949524717983
R-HSA-174362,abstraction:NextStepPathway,R-HSA-727802,0.0007509520954944181
R-HSA-174362,abstraction:NextStepPathway,R-HSA-156584,0.0005942645614447538
R-HSA-174362,abstraction:NextStepPathway,R-HSA-71737,0.0004023938027593548
R-HSA-174362,abstraction:NextStepPathway,R-HSA-2022854,0.0014244937813313462
R-HSA-3270619,abstraction:NextStepPathway,R-HSA-1606341,0.003208629324886224
R-HSA-3270619,abstraction:NextStepPathway,R-HSA-3134973,0.0014838485345551964
R-HSA-5625886,abstraction:NextStepPathway,R-HSA-381426,0.0007464054392352329
R-HSA-5625886,abstraction:NextStepPathway,R-HSA-1592389,9.78503668382711e-07
R-HSA-140534,abstraction:NextStepPathway,R-HSA-9758274,0.0002897755075237192
R-HSA-140534,abstraction:NextStepPathway,R-HSA-9686347,0.0008138489977116004
R-HSA-140534,abstraction:NextStepPathway,R-HSA-75153,0.00018883264148602117
R-HSA-140534,abstraction:NextStepPathway,R-HSA-264870,0.00031093650323886957
R-HSA-140534,abstraction:NextStepPathway,R-HSA-5357905,0.002335923519458368
R-HSA-140534,abstraction:NextStepPathway,R-HSA-5675482,0.002988872515549172
R-HSA-140534,abstraction:NextStepPathway,R-HSA-75108,0.0004041049436104727
R-HSA-168179,abstraction:NextStepPathway,R-HSA-166058,0.02902143101004119
R-HSA-9854311,abstraction:NextStepPathway,R-HSA-611105,0.004405424525677697
R-HSA-9854311,abstraction:NextStepPathway,R-HSA-71403,0.018986128952202086
R-HSA-5610785,abstraction:NextStepPathway,R-HSA-5610787,0.021593615693790483
R-HSA-9861718,abstraction:NextStepPathway,R-HSA-70268,0.01963792046473301
R-HSA-202733,abstraction:NextStepPathway,R-HSA-216083,0.004552129680821913
R-HSA-202733,abstraction:NextStepPathway,R-HSA-1566977,0.0018266360900825508
R-HSA-202733,abstraction:NextStepPathway,R-HSA-114604,0.0023125824934642322
R-HSA-202733,abstraction:NextStepPathway,R-HSA-140875,0.0016301540490141235
R-HSA-373076,abstraction:NextStepPathway,R-HSA-418594,0.0012376200919323342
R-HSA-373076,abstraction:NextStepPathway,R-HSA-416476,0.0012319409568170216
R-HSA-373076,abstraction:NextStepPathway,R-HSA-418555,0.0018254238114580866
R-HSA-373076,abstraction:NextStepPathway,R-HSA-9660821,0.0005487851673065434
R-HSA-936964,abstraction:NextStepPathway,R-HSA-9013973,0.004743209594678484
R-HSA-936964,abstraction:NextStepPathway,R-HSA-9824878,0.007063153972373501
R-HSA-8951430,abstraction:NextStepPathway,R-HSA-69202,0.00025093705260562126
R-HSA-8951430,abstraction:NextStepPathway,R-HSA-4411364,0.002532058297826449
R-HSA-75158,abstraction:NextStepPathway,R-HSA-69416,0.0016188171372354427
R-HSA-75158,abstraction:NextStepPathway,R-HSA-5218900,0.000521050812045666
R-HSA-75158,abstraction:NextStepPathway,R-HSA-3371378,0.0016188171372354427
R-HSA-8948216,abstraction:NextStepPathway,R-HSA-1650814,0.0
R-HSA-9669935,abstraction:NextStepPathway,R-HSA-9670439,0.0012831543045649064
R-HSA-186763,abstraction:NextStepPathway,R-HSA-5673001,0.001029894549043676
R-HSA-186763,abstraction:NextStepPathway,R-HSA-6811558,0.0016283790181120016
R-HSA-186763,abstraction:NextStepPathway,R-HSA-1257604,0.0013090412414167379
R-HSA-186763,abstraction:NextStepPathway,R-HSA-9673767,0.004948397575847955
R-HSA-3238698,abstraction:NextStepPathway,R-HSA-5099900,4.514971763682955e-07
R-HSA-3238698,abstraction:NextStepPathway,R-HSA-201681,0.0001723959145095667
R-HSA-3238698,abstraction:NextStepPathway,R-HSA-3772470,1.3542119210471838e-07
R-HSA-3238698,abstraction:NextStepPathway,R-HSA-9673324,7.677037318230462e-07
R-HSA-3238698,abstraction:NextStepPathway,R-HSA-4086400,2.4412546838553964e-06
R-HSA-3238698,abstraction:NextStepPathway,R-HSA-4608870,1.852833254378881e-06
R-HSA-3238698,abstraction:NextStepPathway,R-HSA-4086398,1.3100762020778938e-06
R-HSA-3238698,abstraction:NextStepPathway,R-HSA-5140745,2.2571529885720447e-07
R-HSA-9758919,abstraction:NextStepPathway,R-HSA-9764725,0.0006801754154971176
R-HSA-512988,abstraction:NextStepPathway,R-HSA-2586552,0.001752497503831366
R-HSA-512988,abstraction:NextStepPathway,R-HSA-9020558,0.0011548317939765016
R-HSA-512988,abstraction:NextStepPathway,R-HSA-912526,0.0034427993166799534
R-HSA-512988,abstraction:NextStepPathway,R-HSA-9703465,0.0019027934709727255
R-HSA-512988,abstraction:NextStepPathway,R-HSA-1266695,0.000619593854653273
R-HSA-512988,abstraction:NextStepPathway,R-HSA-9702518,0.0014682651532840504
R-HSA-512988,abstraction:NextStepPathway,R-HSA-982772,0.0016289927037176888
R-HSA-446193,abstraction:NextStepPathway,R-HSA-9931295,0.0014676605263001723
R-HSA-8943724,abstraction:NextStepPathway,R-HSA-8943723,0.0002880043364680377
R-HSA-8943724,abstraction:NextStepPathway,R-HSA-5628897,0.005861335214810687
R-HSA-8941858,abstraction:NextStepPathway,R-HSA-8949275,0.0007050635439903684
R-HSA-8941858,abstraction:NextStepPathway,R-HSA-8951936,0.0013291114902141158
R-HSA-8941858,abstraction:NextStepPathway,R-HSA-8951430,0.0002845691695006831
R-HSA-8941858,abstraction:NextStepPathway,R-HSA-8941855,0.0006476559070219704
R-HSA-8941858,abstraction:NextStepPathway,R-HSA-8951671,0.0003014934724651109
R-HSA-8941858,abstraction:NextStepPathway,R-HSA-8941856,0.000605068456509058
R-HSA-8941858,abstraction:NextStepPathway,R-HSA-8951911,0.0007936759087485711
R-HSA-432142,abstraction:NextStepPathway,R-HSA-418592,0.0019437244272181922
R-HSA-432142,abstraction:NextStepPathway,R-HSA-210990,0.002580479043181882
R-HSA-432142,abstraction:NextStepPathway,R-HSA-111995,0.0012932513122656509
R-HSA-5654219,abstraction:NextStepPathway,R-HSA-2029485,0.0023500118360500594
R-HSA-5654219,abstraction:NextStepPathway,R-HSA-5218921,0.0015494107357313562
R-HSA-5654219,abstraction:NextStepPathway,R-HSA-1489509,0.0015110086833135356
R-HSA-8964011,abstraction:NextStepPathway,R-HSA-8963896,0.0019162824950733931
R-HSA-389661,abstraction:NextStepPathway,R-HSA-6783984,0.010550762369403032
R-HSA-389661,abstraction:NextStepPathway,R-HSA-3299685,0.0016580369914794106
R-HSA-5693565,abstraction:NextStepPathway,R-HSA-8939236,0.0014944987748245367
R-HSA-5693565,abstraction:NextStepPathway,R-HSA-5693571,0.011617778410545733
R-HSA-5693565,abstraction:NextStepPathway,R-HSA-5693607,0.011856813451438956
R-HSA-5693565,abstraction:NextStepPathway,R-HSA-69601,0.0006354697413884437
R-HSA-5693565,abstraction:NextStepPathway,R-HSA-69473,0.011879752814989031
R-HSA-5693565,abstraction:NextStepPathway,R-HSA-75035,0.001085145102891156
R-HSA-5693565,abstraction:NextStepPathway,R-HSA-69541,0.0012708102911162624
R-HSA-5693565,abstraction:NextStepPathway,R-HSA-6804756,0.002499801847931869
R-HSA-5693565,abstraction:NextStepPathway,R-HSA-5685938,0.002713404046957947
R-HSA-5693565,abstraction:NextStepPathway,R-HSA-2559586,0.0035705202216641157
R-HSA-5693565,abstraction:NextStepPathway,R-HSA-6804757,0.002325319219872929
R-HSA-1482883,abstraction:NextStepPathway,R-HSA-1483213,0.0006573051398832015
R-HSA-1482883,abstraction:NextStepPathway,R-HSA-1483191,0.0009646727590805783
R-HSA-73929,abstraction:NextStepPathway,R-HSA-73933,0.0022786463755948855
R-HSA-73929,abstraction:NextStepPathway,R-HSA-110373,3.867144847873322e-06
R-HSA-73929,abstraction:NextStepPathway,R-HSA-110381,1.229910316915745e-06
R-HSA-2408508,abstraction:NextStepPathway,R-HSA-2408557,0.00208710925744888
R-HSA-2408508,abstraction:NextStepPathway,R-HSA-2408552,0.0012769058869207444
R-HSA-9028335,abstraction:NextStepPathway,R-HSA-6811558,0.0019214636837567652
R-HSA-9028335,abstraction:NextStepPathway,R-HSA-1257604,0.0016998176393802852
R-HSA-168271,abstraction:NextStepPathway,R-HSA-192905,0.0017338399027651138
R-HSA-9692916,abstraction:NextStepPathway,R-HSA-1834941,0.0007523098745120565
R-HSA-9692916,abstraction:NextStepPathway,R-HSA-975155,0.0011725191370193556
R-HSA-390666,abstraction:NextStepPathway,R-HSA-418594,4.820379959990185e-07
R-HSA-390666,abstraction:NextStepPathway,R-HSA-416476,3.312543286998807e-07
R-HSA-390666,abstraction:NextStepPathway,R-HSA-418555,2.2076452669517408e-07
R-HSA-390666,abstraction:NextStepPathway,R-HSA-9660821,1.3041713189244743e-07
R-HSA-9755779,abstraction:NextStepPathway,R-HSA-389357,0.003219882275071636
R-HSA-9755779,abstraction:NextStepPathway,R-HSA-8876198,0.000726100444074261
R-HSA-9755779,abstraction:NextStepPathway,R-HSA-1257604,0.0020947416709368393
R-HSA-9755779,abstraction:NextStepPathway,R-HSA-69202,0.0005567262449472274
R-HSA-9755779,abstraction:NextStepPathway,R-HSA-5628897,0.0005238229120324481
R-HSA-9755779,abstraction:NextStepPathway,R-HSA-69656,0.0005595501592615059
R-HSA-9755779,abstraction:NextStepPathway,R-HSA-111447,0.0008980673194024103
R-HSA-9755779,abstraction:NextStepPathway,R-HSA-203615,0.0015598628706463117
R-HSA-9755779,abstraction:NextStepPathway,R-HSA-1358803,0.0010171915736418703
R-HSA-9755779,abstraction:NextStepPathway,R-HSA-6804759,0.0008779739050872751
R-HSA-9755779,abstraction:NextStepPathway,R-HSA-198323,0.0008980673194024103
R-HSA-9755779,abstraction:NextStepPathway,R-HSA-5218920,0.004002910179914276
R-HSA-9755779,abstraction:NextStepPathway,R-HSA-6804758,0.0007044483453649546
R-HSA-9755779,abstraction:NextStepPathway,R-HSA-9604323,0.0006250011203729595
R-HSA-9755779,abstraction:NextStepPathway,R-HSA-8948751,0.0006128026346625962
R-HSA-9755779,abstraction:NextStepPathway,R-HSA-6804757,0.001707024589188738
R-HSA-198765,abstraction:NextStepPathway,R-HSA-2559582,0.000781402006696299
R-HSA-198765,abstraction:NextStepPathway,R-HSA-881907,0.0009847344685041872
R-HSA-198765,abstraction:NextStepPathway,R-HSA-198753,0.0017488474998015764
R-HSA-180786,abstraction:NextStepPathway,R-HSA-157579,0.0318109976165198
R-HSA-9013507,abstraction:NextStepPathway,R-HSA-9013508,0.00023657491918461598
R-HSA-70171,abstraction:NextStepPathway,R-HSA-3322077,0.0013814207472137888
R-HSA-70171,abstraction:NextStepPathway,R-HSA-446205,0.0011736110831873632
R-HSA-70171,abstraction:NextStepPathway,R-HSA-9856872,0.0008161621632058326
R-HSA-70171,abstraction:NextStepPathway,R-HSA-5628897,0.0029402825862371276
R-HSA-70171,abstraction:NextStepPathway,R-HSA-70268,0.0036477126578991557
R-HSA-70171,abstraction:NextStepPathway,R-HSA-163754,0.0013122664477903015
R-HSA-70171,abstraction:NextStepPathway,R-HSA-70370,0.0017680105462770908
R-HSA-70171,abstraction:NextStepPathway,R-HSA-71336,0.0032359805105851396
R-HSA-70171,abstraction:NextStepPathway,R-HSA-9634600,0.004746299988054826
R-HSA-70171,abstraction:NextStepPathway,R-HSA-70221,0.002713301959077053
R-HSA-70171,abstraction:NextStepPathway,R-HSA-446210,0.0021112803844538864
R-HSA-69478,abstraction:NextStepPathway,R-HSA-69273,0.003270151542726674
R-HSA-9734281,abstraction:NextStepPathway,R-HSA-74259,3.3660141842383945e-07
R-HSA-5693616,abstraction:NextStepPathway,R-HSA-5693579,0.018393976377567827
R-HSA-5693616,abstraction:NextStepPathway,R-HSA-5693607,0.010678788965525123
R-HSA-9703465,abstraction:NextStepPathway,R-HSA-9702518,0.007793929197685762
R-HSA-1855215,abstraction:NextStepPathway,R-HSA-1855167,0.0004670412784304197
R-HSA-1855215,abstraction:NextStepPathway,R-HSA-2871809,0.0004419936831615126
R-HSA-1855215,abstraction:NextStepPathway,R-HSA-112043,0.00041711260029011446
R-HSA-1855215,abstraction:NextStepPathway,R-HSA-9664323,0.00045784555109388463
R-HSA-1855215,abstraction:NextStepPathway,R-HSA-1855204,0.00048910038486254
R-HSA-1855215,abstraction:NextStepPathway,R-HSA-2029485,0.0004623188908888141
R-HSA-1855215,abstraction:NextStepPathway,R-HSA-1855196,0.00041985158596487905
R-HSA-1855215,abstraction:NextStepPathway,R-HSA-5218921,0.00045784555109388463
R-HSA-1855215,abstraction:NextStepPathway,R-HSA-1855184,0.0006330271094631224
R-HSA-1855215,abstraction:NextStepPathway,R-HSA-422356,0.00039169252882771655
R-HSA-1855215,abstraction:NextStepPathway,R-HSA-5607763,0.0005189863831007816
R-HSA-1855215,abstraction:NextStepPathway,R-HSA-1489509,0.00044568763344619654
R-HSA-1855215,abstraction:NextStepPathway,R-HSA-4086398,0.00042561037316116623
R-HSA-1855215,abstraction:NextStepPathway,R-HSA-983695,0.00042268207225561974
R-HSA-1855215,abstraction:NextStepPathway,R-HSA-1855183,0.00044568763344619654
R-HSA-156902,abstraction:NextStepPathway,R-HSA-72764,0.03906626717562119
R-HSA-156902,abstraction:NextStepPathway,R-HSA-156842,0.04213747145490414
R-HSA-5654228,abstraction:NextStepPathway,R-HSA-2029485,0.0023500118360500594
R-HSA-5654228,abstraction:NextStepPathway,R-HSA-5218921,0.0015494107357313562
R-HSA-5654228,abstraction:NextStepPathway,R-HSA-1489509,0.0015110086833135356
R-HSA-9938206,abstraction:NextStepPathway,R-HSA-9927432,1.5043250191316097e-08
R-HSA-9938206,abstraction:NextStepPathway,R-HSA-9927418,2.5073562036319965e-08
R-HSA-452723,abstraction:NextStepPathway,R-HSA-1234176,0.00032999862499790534
R-HSA-452723,abstraction:NextStepPathway,R-HSA-1234158,2.7120240221419345e-06
R-HSA-452723,abstraction:NextStepPathway,R-HSA-1234174,0.0002823386845229079
R-HSA-452723,abstraction:NextStepPathway,R-HSA-2892245,0.005147394361902819
R-HSA-452723,abstraction:NextStepPathway,R-HSA-2892247,0.011096841567536583
R-HSA-168249,abstraction:NextStepPathway,R-HSA-1222499,0.0029825071784032337
R-HSA-975871,abstraction:NextStepPathway,R-HSA-166058,0.025447479151465655
R-HSA-975871,abstraction:NextStepPathway,R-HSA-975138,0.027029112138578032
R-HSA-975871,abstraction:NextStepPathway,R-HSA-937039,0.004604000960201736
R-HSA-975871,abstraction:NextStepPathway,R-HSA-937042,0.0030506711851541286
R-HSA-167590,abstraction:NextStepPathway,R-HSA-182218,0.003202142239582076
R-HSA-1855204,abstraction:NextStepPathway,R-HSA-2871809,0.002605310291034847
R-HSA-1855204,abstraction:NextStepPathway,R-HSA-112043,0.0029805350440367763
R-HSA-1855204,abstraction:NextStepPathway,R-HSA-9664323,0.0027139073104140263
R-HSA-1855204,abstraction:NextStepPathway,R-HSA-2029485,0.0027451520919533775
R-HSA-1855204,abstraction:NextStepPathway,R-HSA-1855196,0.001004289464398958
R-HSA-1855204,abstraction:NextStepPathway,R-HSA-5218921,0.002150281047197162
R-HSA-1855204,abstraction:NextStepPathway,R-HSA-1855184,0.0004446635947078607
R-HSA-1855204,abstraction:NextStepPathway,R-HSA-422356,0.0027858805333886303
R-HSA-1855204,abstraction:NextStepPathway,R-HSA-5607763,0.0013218438302460551
R-HSA-1855204,abstraction:NextStepPathway,R-HSA-1489509,0.002630347831697827
R-HSA-1855204,abstraction:NextStepPathway,R-HSA-4086398,0.0030470240129634165
R-HSA-1855204,abstraction:NextStepPathway,R-HSA-983695,0.0019576593194373442
R-HSA-1855204,abstraction:NextStepPathway,R-HSA-1855183,0.002082735675654865
R-HSA-9006335,abstraction:NextStepPathway,R-HSA-9027276,0.005938738208417188
R-HSA-9006335,abstraction:NextStepPathway,R-HSA-9027277,0.0065670137851806375
R-HSA-9006335,abstraction:NextStepPathway,R-HSA-9027284,0.009176060817973548
R-HSA-9006335,abstraction:NextStepPathway,R-HSA-9027283,0.004097848868759876
R-HSA-9861559,abstraction:NextStepPathway,R-HSA-204174,0.006891559784234997
R-HSA-9861559,abstraction:NextStepPathway,R-HSA-70263,0.0022987849828927562
R-HSA-9861559,abstraction:NextStepPathway,R-HSA-5362517,0.006326157581612618
R-HSA-9861559,abstraction:NextStepPathway,R-HSA-70268,0.007071791627961637
R-HSA-170968,abstraction:NextStepPathway,R-HSA-5673001,0.0023820685205544513
R-HSA-170968,abstraction:NextStepPathway,R-HSA-5654726,0.0017873074260130928
R-HSA-170968,abstraction:NextStepPathway,R-HSA-5675221,0.0022147459421250535
R-HSA-170968,abstraction:NextStepPathway,R-HSA-2559582,0.0005444295497199433
R-HSA-170968,abstraction:NextStepPathway,R-HSA-2559585,0.0007221326786667874
R-HSA-170968,abstraction:NextStepPathway,R-HSA-9634638,0.0007009250290722418
R-HSA-170968,abstraction:NextStepPathway,R-HSA-5654732,0.0018499499703069759
R-HSA-170968,abstraction:NextStepPathway,R-HSA-881907,0.0017873074260130928
R-HSA-170968,abstraction:NextStepPathway,R-HSA-444257,0.001234065842503663
R-HSA-170968,abstraction:NextStepPathway,R-HSA-112409,0.0007909840215860772
R-HSA-170968,abstraction:NextStepPathway,R-HSA-202670,3.260716784853188e-07
R-HSA-170968,abstraction:NextStepPathway,R-HSA-375165,0.0016682398148108036
R-HSA-170968,abstraction:NextStepPathway,R-HSA-5654727,0.0018499499703069759
R-HSA-170968,abstraction:NextStepPathway,R-HSA-198753,0.0008089174894348665
R-HSA-170968,abstraction:NextStepPathway,R-HSA-5654733,0.0018499499703069759
R-HSA-381038,abstraction:NextStepPathway,R-HSA-9772755,6.386765148004309e-05
R-HSA-112399,abstraction:NextStepPathway,R-HSA-109704,0.0064623454220313625
R-HSA-114604,abstraction:NextStepPathway,R-HSA-4420097,0.002734726154385235
R-HSA-114604,abstraction:NextStepPathway,R-HSA-202433,0.002276243856053669
R-HSA-114604,abstraction:NextStepPathway,R-HSA-114508,0.0015210530306855492
R-HSA-114604,abstraction:NextStepPathway,R-HSA-389357,0.0019886581555611346
R-HSA-114604,abstraction:NextStepPathway,R-HSA-416572,0.0016605736045582548
R-HSA-114604,abstraction:NextStepPathway,R-HSA-2871809,0.003228928599621435
R-HSA-114604,abstraction:NextStepPathway,R-HSA-1257604,0.0013963987900008712
R-HSA-114604,abstraction:NextStepPathway,R-HSA-392451,0.0031269459364327533
R-HSA-114604,abstraction:NextStepPathway,R-HSA-112043,0.00206024287580081
R-HSA-114604,abstraction:NextStepPathway,R-HSA-9664323,0.002333338380092499
R-HSA-114604,abstraction:NextStepPathway,R-HSA-76005,0.001072719558943537
R-HSA-114604,abstraction:NextStepPathway,R-HSA-5627117,0.0011215770650372717
R-HSA-114604,abstraction:NextStepPathway,R-HSA-2029485,0.002364522876667588
R-HSA-114604,abstraction:NextStepPathway,R-HSA-5218921,0.002333338380092499
R-HSA-114604,abstraction:NextStepPathway,R-HSA-422356,0.002325319219872929
R-HSA-114604,abstraction:NextStepPathway,R-HSA-5607763,0.000277482099075031
R-HSA-114604,abstraction:NextStepPathway,R-HSA-1489509,0.0013305946725496716
R-HSA-114604,abstraction:NextStepPathway,R-HSA-4086398,0.0025856179364637595
R-HSA-114604,abstraction:NextStepPathway,R-HSA-5218920,0.0015691834266173712
R-HSA-114604,abstraction:NextStepPathway,R-HSA-983695,0.003554728837927755
R-HSA-114604,abstraction:NextStepPathway,R-HSA-426048,0.0002868260785179048
R-HSA-114604,abstraction:NextStepPathway,R-HSA-416482,0.0006844402918949882
R-HSA-114604,abstraction:NextStepPathway,R-HSA-9634635,0.003690373131560463
R-HSA-114604,abstraction:NextStepPathway,R-HSA-9664422,0.0025856179364637595
R-HSA-5683826,abstraction:NextStepPathway,R-HSA-418555,0.0017318771543893075
R-HSA-5683826,abstraction:NextStepPathway,R-HSA-9660821,0.001034292451984455
R-HSA-442742,abstraction:NextStepPathway,R-HSA-111931,0.002599648864853717
R-HSA-442742,abstraction:NextStepPathway,R-HSA-9634638,0.001196656063321557
R-HSA-442742,abstraction:NextStepPathway,R-HSA-111932,0.0026633003214467264
R-HSA-442742,abstraction:NextStepPathway,R-HSA-9031628,0.0010164651714469996
R-HSA-6804756,abstraction:NextStepPathway,R-HSA-6796648,0.0010002034097823687
R-HSA-6804756,abstraction:NextStepPathway,R-HSA-6804114,0.0004408608577694082
R-HSA-6804756,abstraction:NextStepPathway,R-HSA-6803211,0.00025093705260562126
R-HSA-6804756,abstraction:NextStepPathway,R-HSA-9758274,0.0001768818892539913
R-HSA-6804756,abstraction:NextStepPathway,R-HSA-69473,0.010189256726887358
R-HSA-6804756,abstraction:NextStepPathway,R-HSA-6804760,0.0015386096709395702
R-HSA-6804756,abstraction:NextStepPathway,R-HSA-6811555,0.0012164809016772158
R-HSA-6804756,abstraction:NextStepPathway,R-HSA-69541,0.001117648491411185
R-HSA-6804756,abstraction:NextStepPathway,R-HSA-5620971,5.518036163733688e-06
R-HSA-6804756,abstraction:NextStepPathway,R-HSA-6804116,0.0004630151891615195
R-HSA-6804756,abstraction:NextStepPathway,R-HSA-6804115,0.0010120220350750423
R-HSA-6804756,abstraction:NextStepPathway,R-HSA-69895,0.00025093705260562126
R-HSA-6804756,abstraction:NextStepPathway,R-HSA-6803204,0.0013169873119037512
R-HSA-6804756,abstraction:NextStepPathway,R-HSA-6804759,0.0009248144331091719
R-HSA-6804756,abstraction:NextStepPathway,R-HSA-6803207,0.001119059994782297
R-HSA-6804756,abstraction:NextStepPathway,R-HSA-111448,0.00028894890057444393
R-HSA-6804756,abstraction:NextStepPathway,R-HSA-2559586,0.002814008634293708
R-HSA-6804756,abstraction:NextStepPathway,R-HSA-6803205,0.00013274200520130665
R-HSA-6804756,abstraction:NextStepPathway,R-HSA-6804754,0.00028894890057444393
R-HSA-6804756,abstraction:NextStepPathway,R-HSA-6804758,0.0009829191280837
R-HSA-6804756,abstraction:NextStepPathway,R-HSA-6804757,0.0013344914105869882
R-HSA-69481,abstraction:NextStepPathway,R-HSA-8852276,0.015130996391829406
R-HSA-111465,abstraction:NextStepPathway,R-HSA-75153,0.021139011454215942
R-HSA-1442490,abstraction:NextStepPathway,R-HSA-71064,0.0022634098465389237
R-HSA-69239,abstraction:NextStepPathway,R-HSA-69052,0.033955577062050595
R-HSA-1433557,abstraction:NextStepPathway,R-HSA-5673001,0.0008641683773721598
R-HSA-1433557,abstraction:NextStepPathway,R-HSA-6811558,0.001459345108075373
R-HSA-1433557,abstraction:NextStepPathway,R-HSA-1257604,0.0014186894993882732
R-HSA-5627117,abstraction:NextStepPathway,R-HSA-416572,0.001996245923099893
R-HSA-5627117,abstraction:NextStepPathway,R-HSA-5625740,0.0054587925917834795
R-HSA-5627117,abstraction:NextStepPathway,R-HSA-5627123,0.005033279970194153
R-HSA-9648002,abstraction:NextStepPathway,R-HSA-5673001,0.013368129415935674
R-HSA-167200,abstraction:NextStepPathway,R-HSA-167246,0.025612648526628045
R-HSA-71064,abstraction:NextStepPathway,R-HSA-9856872,0.0018221499828510272
R-HSA-71064,abstraction:NextStepPathway,R-HSA-77352,0.0026173266969343493
R-HSA-71064,abstraction:NextStepPathway,R-HSA-1442490,0.0022634098465389237
R-HSA-71064,abstraction:NextStepPathway,R-HSA-9858328,0.006765565629891948
R-HSA-71064,abstraction:NextStepPathway,R-HSA-8963693,0.002310492167720067
R-HSA-189451,abstraction:NextStepPathway,R-HSA-917937,0.003004191048273458
R-HSA-189451,abstraction:NextStepPathway,R-HSA-9755779,0.001024886897002896
R-HSA-189451,abstraction:NextStepPathway,R-HSA-9707564,0.0032765858180624574
R-HSA-189451,abstraction:NextStepPathway,R-HSA-189483,0.0029457337061906848
R-HSA-177929,abstraction:NextStepPathway,R-HSA-179812,0.002623751164995927
R-HSA-177929,abstraction:NextStepPathway,R-HSA-9009391,0.003019895991298503
R-HSA-177929,abstraction:NextStepPathway,R-HSA-1227986,0.006642622483681124
R-HSA-177929,abstraction:NextStepPathway,R-HSA-5638303,0.000402313022546851
R-HSA-177929,abstraction:NextStepPathway,R-HSA-1236394,0.005453083936820581
R-HSA-177929,abstraction:NextStepPathway,R-HSA-180336,0.004228328741172444
R-HSA-177929,abstraction:NextStepPathway,R-HSA-9013507,0.0017804044978755422
R-HSA-177929,abstraction:NextStepPathway,R-HSA-180292,0.008639989419294329
R-HSA-177929,abstraction:NextStepPathway,R-HSA-212718,0.0020941464179610216
R-HSA-177929,abstraction:NextStepPathway,R-HSA-182971,0.011518931534401354
R-HSA-9707564,abstraction:NextStepPathway,R-HSA-611105,0.005845882571680479
R-HSA-9707564,abstraction:NextStepPathway,R-HSA-400206,0.0010774454284310378
R-HSA-9707564,abstraction:NextStepPathway,R-HSA-2426168,0.0010612340736937777
R-HSA-9707564,abstraction:NextStepPathway,R-HSA-2032785,3.9389703341611184e-06
R-HSA-9707564,abstraction:NextStepPathway,R-HSA-9707616,0.005662984411993702
R-HSA-9707564,abstraction:NextStepPathway,R-HSA-844456,0.0011706637883506952
R-HSA-9707564,abstraction:NextStepPathway,R-HSA-166187,0.0012760123391058738
R-HSA-9707564,abstraction:NextStepPathway,R-HSA-9931509,0.0014295449306542154
R-HSA-9707564,abstraction:NextStepPathway,R-HSA-189483,0.004578748541550065
R-HSA-9707564,abstraction:NextStepPathway,R-HSA-167826,0.00032483340778240594
R-HSA-9707564,abstraction:NextStepPathway,R-HSA-8951671,1.4064011825162563e-06
R-HSA-9707564,abstraction:NextStepPathway,R-HSA-1368108,0.0010416569495852513
R-HSA-9707564,abstraction:NextStepPathway,R-HSA-9660826,0.0020825242592522994
R-HSA-9707564,abstraction:NextStepPathway,R-HSA-9933387,0.0015214050561688282
R-HSA-9707564,abstraction:NextStepPathway,R-HSA-163210,0.001073657288779286
R-HSA-9707564,abstraction:NextStepPathway,R-HSA-381340,0.000586893886459127
R-HSA-9707564,abstraction:NextStepPathway,R-HSA-2151201,0.002253538578058781
R-HSA-9707564,abstraction:NextStepPathway,R-HSA-1989781,0.0010774454284310378
R-HSA-5601884,abstraction:NextStepPathway,R-HSA-9845323,0.0009496103580349161
R-HSA-6804116,abstraction:NextStepPathway,R-HSA-69563,0.0026590233544727315
R-HSA-6804116,abstraction:NextStepPathway,R-HSA-2559582,0.00019796312450902917
R-HSA-6804116,abstraction:NextStepPathway,R-HSA-69202,0.0008074243749901093
R-HSA-6804116,abstraction:NextStepPathway,R-HSA-69895,0.0037069638375140366
R-HSA-6804116,abstraction:NextStepPathway,R-HSA-69656,0.0008116895600240499
R-HSA-6804116,abstraction:NextStepPathway,R-HSA-2559586,0.00144137090999523
R-HSA-6804116,abstraction:NextStepPathway,R-HSA-8852276,0.0005349283287901794
R-HSA-6804116,abstraction:NextStepPathway,R-HSA-187577,3.0131817914261363e-06
R-HSA-6804116,abstraction:NextStepPathway,R-HSA-9617828,0.001539078967047301
R-HSA-1483248,abstraction:NextStepPathway,R-HSA-1483196,0.00045828794713597787
R-HSA-1483248,abstraction:NextStepPathway,R-HSA-1482922,0.0008437938426630962
R-HSA-9694635,abstraction:NextStepPathway,R-HSA-9694631,0.007034358327848442
R-HSA-9694635,abstraction:NextStepPathway,R-HSA-9694719,0.0037264432079878334
R-HSA-9694635,abstraction:NextStepPathway,R-HSA-9694493,0.002113612836426322
R-HSA-9694635,abstraction:NextStepPathway,R-HSA-9694594,0.001051810644803186
R-HSA-9694635,abstraction:NextStepPathway,R-HSA-9694548,0.007597774041831835
R-HSA-202430,abstraction:NextStepPathway,R-HSA-202433,0.00542578334480239
R-HSA-975163,abstraction:NextStepPathway,R-HSA-937072,0.002959106653446948
R-HSA-1250196,abstraction:NextStepPathway,R-HSA-5673001,0.0013200404815014786
R-HSA-8854691,abstraction:NextStepPathway,R-HSA-449836,0.0019228343435824032
R-HSA-8854691,abstraction:NextStepPathway,R-HSA-5683057,0.0005573420506136435
R-HSA-8854691,abstraction:NextStepPathway,R-HSA-9909649,1.4755872695099665e-06
R-HSA-8854691,abstraction:NextStepPathway,R-HSA-6783783,0.0029249281522680565
R-HSA-2142696,abstraction:NextStepPathway,R-HSA-211979,0.0008990741490307342
R-HSA-5358493,abstraction:NextStepPathway,R-HSA-5336415,0.0003250093979773505
R-HSA-5655862,abstraction:NextStepPathway,R-HSA-110313,0.008211758936153998
R-HSA-5655862,abstraction:NextStepPathway,R-HSA-5656169,0.0059634575368730566
R-HSA-5607764,abstraction:NextStepPathway,R-HSA-209560,0.002588750010137207
R-HSA-5607764,abstraction:NextStepPathway,R-HSA-9909649,5.772216848178105e-06
R-HSA-5607764,abstraction:NextStepPathway,R-HSA-2871837,0.026057392264999476
R-HSA-5607764,abstraction:NextStepPathway,R-HSA-9020702,0.020033496252118692
R-HSA-5607764,abstraction:NextStepPathway,R-HSA-202424,0.023576406347140498
R-HSA-196108,abstraction:NextStepPathway,R-HSA-194002,0.002653071633515868
R-HSA-196108,abstraction:NextStepPathway,R-HSA-193048,0.002505027551333385
R-HSA-196108,abstraction:NextStepPathway,R-HSA-211976,0.004487704913205805
R-HSA-196108,abstraction:NextStepPathway,R-HSA-193993,0.002653071633515868
R-HSA-9725370,abstraction:NextStepPathway,R-HSA-9725371,0.024379790486032355
R-HSA-1855192,abstraction:NextStepPathway,R-HSA-1855231,0.0006463144032833678
R-HSA-8932506,abstraction:NextStepPathway,R-HSA-9939291,0.002290251683685547
R-HSA-8932506,abstraction:NextStepPathway,R-HSA-8932504,0.006889700318204844
R-HSA-8932506,abstraction:NextStepPathway,R-HSA-8932505,0.0046529631870861005
R-HSA-191859,abstraction:NextStepPathway,R-HSA-9754678,0.006656644480688599
R-HSA-1482801,abstraction:NextStepPathway,R-HSA-1483213,0.0006720378526046079
R-HSA-1482801,abstraction:NextStepPathway,R-HSA-1483248,0.0007895655409534744
R-HSA-2142700,abstraction:NextStepPathway,R-HSA-2142691,0.004623812006823554
R-HSA-2142700,abstraction:NextStepPathway,R-HSA-444473,4.214719798320871e-07
R-HSA-165159,abstraction:NextStepPathway,R-HSA-1632852,0.006798807375858841
R-HSA-165159,abstraction:NextStepPathway,R-HSA-380972,0.011661620686780358
R-HSA-165159,abstraction:NextStepPathway,R-HSA-5628897,0.0068963641773998096
R-HSA-165159,abstraction:NextStepPathway,R-HSA-166208,0.01348257468665098
R-HSA-5368286,abstraction:NextStepPathway,R-HSA-5389840,0.04406538464541852
R-HSA-2467813,abstraction:NextStepPathway,R-HSA-176407,0.0067271195224938435
R-HSA-2467813,abstraction:NextStepPathway,R-HSA-174154,0.021748463847674274
R-HSA-445989,abstraction:NextStepPathway,R-HSA-5684264,0.0024081106214790316
R-HSA-445989,abstraction:NextStepPathway,R-HSA-9758274,0.008334507194315015
R-HSA-445989,abstraction:NextStepPathway,R-HSA-933542,0.0036273339584297127
R-HSA-445989,abstraction:NextStepPathway,R-HSA-9909649,1.6162148089768103e-06
R-HSA-445989,abstraction:NextStepPathway,R-HSA-9705671,0.002686181843470413
R-HSA-445989,abstraction:NextStepPathway,R-HSA-168638,0.004600251512198173
R-HSA-445989,abstraction:NextStepPathway,R-HSA-9860276,0.0024081106214790316
R-HSA-445989,abstraction:NextStepPathway,R-HSA-1810476,0.0026802970923103455
R-HSA-445989,abstraction:NextStepPathway,R-HSA-9020702,0.010848628008828805
R-HSA-419812,abstraction:NextStepPathway,R-HSA-418555,7.727898284920436e-07
R-HSA-419812,abstraction:NextStepPathway,R-HSA-9660821,4.565272804896908e-07
R-HSA-5661270,abstraction:NextStepPathway,R-HSA-71336,0.00252258094850155
R-HSA-176187,abstraction:NextStepPathway,R-HSA-69601,0.0010037841778910575
R-HSA-176187,abstraction:NextStepPathway,R-HSA-69473,0.006092193514915123
R-HSA-176187,abstraction:NextStepPathway,R-HSA-75035,0.0016327882720107378
R-HSA-176187,abstraction:NextStepPathway,R-HSA-6804756,0.005706643766305134
R-HSA-72662,abstraction:NextStepPathway,R-HSA-72649,0.031195910738035203
R-HSA-9033241,abstraction:NextStepPathway,R-HSA-8866654,0.0016270483990085496
R-HSA-9033241,abstraction:NextStepPathway,R-HSA-9033500,0.004627784119785729
R-HSA-140180,abstraction:NextStepPathway,R-HSA-211979,0.0012990981123433254
R-HSA-140180,abstraction:NextStepPathway,R-HSA-2162123,0.004533311704230306
R-HSA-69895,abstraction:NextStepPathway,R-HSA-69563,0.0030274357848841605
R-HSA-69895,abstraction:NextStepPathway,R-HSA-69202,0.00025093705260562126
R-HSA-69895,abstraction:NextStepPathway,R-HSA-6804116,0.0037069638375140366
R-HSA-69895,abstraction:NextStepPathway,R-HSA-69656,0.00025232944768918317
R-HSA-69895,abstraction:NextStepPathway,R-HSA-2559586,0.0012769058869207444
R-HSA-69895,abstraction:NextStepPathway,R-HSA-8852276,0.0007093508938987422
R-HSA-69895,abstraction:NextStepPathway,R-HSA-9617828,0.0019532318578768222
R-HSA-442720,abstraction:NextStepPathway,R-HSA-111931,0.0047151514404062435
R-HSA-442720,abstraction:NextStepPathway,R-HSA-9856530,0.0028187332000388842
R-HSA-442720,abstraction:NextStepPathway,R-HSA-9634638,0.0013636286169749299
R-HSA-442720,abstraction:NextStepPathway,R-HSA-164378,0.0017669313652801761
R-HSA-442720,abstraction:NextStepPathway,R-HSA-9634597,0.002092779815646485
R-HSA-442720,abstraction:NextStepPathway,R-HSA-9664323,0.004133388066285929
R-HSA-442720,abstraction:NextStepPathway,R-HSA-163560,0.0007342799635370246
R-HSA-442720,abstraction:NextStepPathway,R-HSA-111932,0.0030002029303851877
R-HSA-442720,abstraction:NextStepPathway,R-HSA-432040,0.00196438196316438
R-HSA-442720,abstraction:NextStepPathway,R-HSA-180024,0.0026216097289480118
R-HSA-442720,abstraction:NextStepPathway,R-HSA-163358,0.001066445007322607
R-HSA-442720,abstraction:NextStepPathway,R-HSA-9031628,0.001183010719192006
R-HSA-442720,abstraction:NextStepPathway,R-HSA-9634600,0.0009271771605786682
R-HSA-442720,abstraction:NextStepPathway,R-HSA-163615,0.0030758995831463294
R-HSA-442720,abstraction:NextStepPathway,R-HSA-9660821,0.002789408233397132
R-HSA-77588,abstraction:NextStepPathway,R-HSA-73856,0.005389253073734975
R-HSA-77588,abstraction:NextStepPathway,R-HSA-159230,0.0010497330989606706
R-HSA-186797,abstraction:NextStepPathway,R-HSA-186763,0.009540458079527069
R-HSA-8953750,abstraction:NextStepPathway,R-HSA-69205,0.001013475676136297
R-HSA-77346,abstraction:NextStepPathway,R-HSA-611105,0.0012785144751452909
R-HSA-77346,abstraction:NextStepPathway,R-HSA-77348,0.0076961838766580574
R-HSA-1855170,abstraction:NextStepPathway,R-HSA-1855167,0.0009337519673134742
R-HSA-1855170,abstraction:NextStepPathway,R-HSA-1855184,0.00037550015161607876
R-HSA-9937080,abstraction:NextStepPathway,R-HSA-9925561,0.0
R-HSA-9937080,abstraction:NextStepPathway,R-HSA-9925563,0.0
R-HSA-2029485,abstraction:NextStepPathway,R-HSA-114508,0.0027451520919533775
R-HSA-2029485,abstraction:NextStepPathway,R-HSA-9856530,0.0016186033984026604
R-HSA-2029485,abstraction:NextStepPathway,R-HSA-2871809,0.005945615460310784
R-HSA-2029485,abstraction:NextStepPathway,R-HSA-1169091,0.0008208148347025976
R-HSA-2029485,abstraction:NextStepPathway,R-HSA-112043,0.005560240440599019
R-HSA-2029485,abstraction:NextStepPathway,R-HSA-9664323,0.005532963423077755
R-HSA-2029485,abstraction:NextStepPathway,R-HSA-2029482,0.0022639940519061036
R-HSA-2029485,abstraction:NextStepPathway,R-HSA-1855204,0.0027451520919533775
R-HSA-2029485,abstraction:NextStepPathway,R-HSA-1855196,0.00020712198888296938
R-HSA-2029485,abstraction:NextStepPathway,R-HSA-445355,0.0017321527586448026
R-HSA-2029485,abstraction:NextStepPathway,R-HSA-5218921,0.004878270342925362
R-HSA-2029485,abstraction:NextStepPathway,R-HSA-111997,0.0015621470898660055
R-HSA-2029485,abstraction:NextStepPathway,R-HSA-422356,0.003036675016089617
R-HSA-2029485,abstraction:NextStepPathway,R-HSA-5607763,0.0029856319926779163
R-HSA-2029485,abstraction:NextStepPathway,R-HSA-1489509,0.0047182380466132875
R-HSA-2029485,abstraction:NextStepPathway,R-HSA-4086398,0.0028094352814817627
R-HSA-2029485,abstraction:NextStepPathway,R-HSA-5578775,0.003340192443975893
R-HSA-2029485,abstraction:NextStepPathway,R-HSA-983695,0.003862498449014865
R-HSA-2029485,abstraction:NextStepPathway,R-HSA-2514859,0.0016829876906389947
R-HSA-2029485,abstraction:NextStepPathway,R-HSA-1855183,0.001447634127445535
R-HSA-2029485,abstraction:NextStepPathway,R-HSA-9664422,0.0023018376498647334
R-HSA-1660661,abstraction:NextStepPathway,R-HSA-9840310,0.0008376534463092045
R-HSA-1660661,abstraction:NextStepPathway,R-HSA-9845614,0.002270130427490426
R-HSA-1660661,abstraction:NextStepPathway,R-HSA-419408,0.0017092475983201273
R-HSA-1660661,abstraction:NextStepPathway,R-HSA-9845576,3.390330411505782e-06
R-HSA-2173789,abstraction:NextStepPathway,R-HSA-2173791,0.0029458821510512604
R-HSA-2173789,abstraction:NextStepPathway,R-HSA-2173796,0.0021008099371165436
R-HSA-2173789,abstraction:NextStepPathway,R-HSA-2129379,0.0021678000078192553
R-HSA-2173789,abstraction:NextStepPathway,R-HSA-1181150,0.001102850122182055
R-HSA-2173789,abstraction:NextStepPathway,R-HSA-2173788,0.010834597870720544
R-HSA-2173789,abstraction:NextStepPathway,R-HSA-1502540,0.0014865704231094002
R-HSA-73728,abstraction:NextStepPathway,R-HSA-73762,0.0002845691695006831
R-HSA-191273,abstraction:NextStepPathway,R-HSA-446199,0.005197504210220807
R-HSA-191273,abstraction:NextStepPathway,R-HSA-6807047,0.006488628768505868
R-HSA-191273,abstraction:NextStepPathway,R-HSA-211976,0.0023763763544640028
R-HSA-191273,abstraction:NextStepPathway,R-HSA-211897,0.0026175456040739274
R-HSA-191273,abstraction:NextStepPathway,R-HSA-6807062,0.013230774350164443
R-HSA-72200,abstraction:NextStepPathway,R-HSA-73856,8.89072800569256e-07
R-HSA-72200,abstraction:NextStepPathway,R-HSA-72187,7.532511199495572e-07
R-HSA-68962,abstraction:NextStepPathway,R-HSA-69052,0.006921716076595204
R-HSA-68962,abstraction:NextStepPathway,R-HSA-68952,0.0035338179650751564
R-HSA-351143,abstraction:NextStepPathway,R-HSA-351202,0.0043146678963997985
R-HSA-2979096,abstraction:NextStepPathway,R-HSA-2197563,0.0003361344674232856
R-HSA-196836,abstraction:NextStepPathway,R-HSA-5628897,0.0017602169357750401
R-HSA-196836,abstraction:NextStepPathway,R-HSA-3299685,0.0023535194562867
R-HSA-196836,abstraction:NextStepPathway,R-HSA-499943,0.0015207894703682002
R-HSA-375276,abstraction:NextStepPathway,R-HSA-418594,0.00018760113785838806
R-HSA-375276,abstraction:NextStepPathway,R-HSA-416476,7.048896535507876e-05
R-HSA-375276,abstraction:NextStepPathway,R-HSA-418555,0.00031158706350810003
R-HSA-375276,abstraction:NextStepPathway,R-HSA-9660826,0.0005011832868642881
R-HSA-375276,abstraction:NextStepPathway,R-HSA-9660821,6.670965885989786e-06
R-HSA-1606341,abstraction:NextStepPathway,R-HSA-3270619,0.003208629324886224
R-HSA-1606341,abstraction:NextStepPathway,R-HSA-3134973,0.0017233833556803597
R-HSA-5674135,abstraction:NextStepPathway,R-HSA-5673001,0.004504580747747611
R-HSA-5674135,abstraction:NextStepPathway,R-HSA-170968,0.0019270891421835244
R-HSA-5674135,abstraction:NextStepPathway,R-HSA-112409,0.0008399369825470783
R-HSA-1839117,abstraction:NextStepPathway,R-HSA-5655302,0.006056855306270809
R-HSA-2022870,abstraction:NextStepPathway,R-HSA-2022923,0.003202142239582076
R-HSA-2022870,abstraction:NextStepPathway,R-HSA-2024101,9.233877994533504e-07
R-HSA-425381,abstraction:NextStepPathway,R-HSA-427601,0.0010592017144619278
R-HSA-425381,abstraction:NextStepPathway,R-HSA-174362,0.0004165949524717983
R-HSA-1660517,abstraction:NextStepPathway,R-HSA-1660508,0.0006134875852559249
R-HSA-1660517,abstraction:NextStepPathway,R-HSA-1855183,0.0015962612720950183
R-HSA-5654695,abstraction:NextStepPathway,R-HSA-6811558,0.0018208156477700125
R-HSA-5654695,abstraction:NextStepPathway,R-HSA-1257604,0.0015614912068431324
R-HSA-5654695,abstraction:NextStepPathway,R-HSA-5654720,0.00717470101714587
R-HSA-5654695,abstraction:NextStepPathway,R-HSA-5654710,0.00717470101714587
R-HSA-5654695,abstraction:NextStepPathway,R-HSA-5654689,0.00717470101714587
R-HSA-912446,abstraction:NextStepPathway,R-HSA-1221632,0.0010625174410292021
R-HSA-446199,abstraction:NextStepPathway,R-HSA-446193,0.012574258278330025
R-HSA-446199,abstraction:NextStepPathway,R-HSA-191273,0.005197504210220807
R-HSA-8866654,abstraction:NextStepPathway,R-HSA-9033241,0.0016270483990085496
R-HSA-190370,abstraction:NextStepPathway,R-HSA-5654219,0.0011168091851868909
R-HSA-190370,abstraction:NextStepPathway,R-HSA-5654687,0.0008519408504039414
R-HSA-190370,abstraction:NextStepPathway,R-HSA-5654688,0.0010278553366402025
R-HSA-190370,abstraction:NextStepPathway,R-HSA-5654693,0.0009472806117156059
R-HSA-5663213,abstraction:NextStepPathway,R-HSA-2029482,0.011455085823202713
R-HSA-5663213,abstraction:NextStepPathway,R-HSA-9664422,0.01164221156577561
R-HSA-9758890,abstraction:NextStepPathway,R-HSA-9759218,0.0005806031081897645
R-HSA-3928663,abstraction:NextStepPathway,R-HSA-4420097,0.0019415537282847163
R-HSA-171007,abstraction:NextStepPathway,R-HSA-4420097,0.002515963576149537
R-HSA-176408,abstraction:NextStepPathway,R-HSA-176407,0.008722563178320042
R-HSA-176408,abstraction:NextStepPathway,R-HSA-176417,0.002872024949259963
R-HSA-70268,abstraction:NextStepPathway,R-HSA-9856872,0.002503434239963559
R-HSA-70268,abstraction:NextStepPathway,R-HSA-433692,0.0011063999429986404
R-HSA-70268,abstraction:NextStepPathway,R-HSA-204174,0.013461611063583796
R-HSA-70268,abstraction:NextStepPathway,R-HSA-70263,0.006774286724108864
R-HSA-70268,abstraction:NextStepPathway,R-HSA-8964539,0.0047313855219113365
R-HSA-70268,abstraction:NextStepPathway,R-HSA-9861559,0.007071791627961637
R-HSA-70268,abstraction:NextStepPathway,R-HSA-71403,0.007022115035619488
R-HSA-442380,abstraction:NextStepPathway,R-HSA-425410,0.002717342311709832
R-HSA-442380,abstraction:NextStepPathway,R-HSA-1222556,1.582528827999676e-06
R-HSA-442380,abstraction:NextStepPathway,R-HSA-6803544,2.508021734474219e-07
R-HSA-442380,abstraction:NextStepPathway,R-HSA-264876,0.0003282274767118543
R-HSA-442380,abstraction:NextStepPathway,R-HSA-435368,0.00047071171217948505
R-HSA-74259,abstraction:NextStepPathway,R-HSA-9734281,3.3660141842383945e-07
R-HSA-74259,abstraction:NextStepPathway,R-HSA-3299685,0.0022185219516801095
R-HSA-6785807,abstraction:NextStepPathway,R-HSA-9960525,7.026191762109136e-07
R-HSA-6785807,abstraction:NextStepPathway,R-HSA-9960519,7.026191762109136e-07
R-HSA-6785807,abstraction:NextStepPathway,R-HSA-9020558,0.002120871058951653
R-HSA-6785807,abstraction:NextStepPathway,R-HSA-8985947,0.0028413474138201406
R-HSA-6785807,abstraction:NextStepPathway,R-HSA-111453,0.0003555128217678265
R-HSA-6785807,abstraction:NextStepPathway,R-HSA-9020958,0.0024088304011377773
R-HSA-6785807,abstraction:NextStepPathway,R-HSA-1266695,0.0024290874514496584
R-HSA-6785807,abstraction:NextStepPathway,R-HSA-8983432,0.0026214737416743157
R-HSA-6785807,abstraction:NextStepPathway,R-HSA-6783783,0.003376330279291236
R-HSA-162699,abstraction:NextStepPathway,R-HSA-8932504,0.0008828258490471083
R-HSA-162699,abstraction:NextStepPathway,R-HSA-162710,0.0011248588820898413
R-HSA-162699,abstraction:NextStepPathway,R-HSA-8932506,0.0009007844141344219
R-HSA-162699,abstraction:NextStepPathway,R-HSA-8932505,0.0008381719660915535
R-HSA-977347,abstraction:NextStepPathway,R-HSA-9856872,0.0021895813027983527
R-HSA-1237112,abstraction:NextStepPathway,R-HSA-1614635,0.010889649447702945
R-HSA-1237112,abstraction:NextStepPathway,R-HSA-156581,0.002271521363040684
R-HSA-9683701,abstraction:NextStepPathway,R-HSA-9694631,0.00379051304834955
R-HSA-9683701,abstraction:NextStepPathway,R-HSA-9683673,0.003946630750107941
R-HSA-9683701,abstraction:NextStepPathway,R-HSA-9683610,0.005111547448437237
R-HSA-9683701,abstraction:NextStepPathway,R-HSA-9683683,0.0022323042819412634
R-HSA-9683701,abstraction:NextStepPathway,R-HSA-9683612,0.0011090664836908262
R-HSA-9683701,abstraction:NextStepPathway,R-HSA-9683686,0.005701367778757063
R-HSA-198693,abstraction:NextStepPathway,R-HSA-111931,0.0016539913513097017
R-HSA-198693,abstraction:NextStepPathway,R-HSA-9634638,0.0014838485345551964
R-HSA-198693,abstraction:NextStepPathway,R-HSA-111932,0.0016863014545589181
R-HSA-198693,abstraction:NextStepPathway,R-HSA-9031628,0.00130305986971382
R-HSA-198693,abstraction:NextStepPathway,R-HSA-9614399,0.0010977964019277765
R-HSA-8964041,abstraction:NextStepPathway,R-HSA-8964058,0.0022352564079104586
R-HSA-72163,abstraction:NextStepPathway,R-HSA-75094,8.617403968796575e-07
R-HSA-72163,abstraction:NextStepPathway,R-HSA-72187,0.0027180875066222317
R-HSA-844615,abstraction:NextStepPathway,R-HSA-448706,0.0005307608834783651
R-HSA-844615,abstraction:NextStepPathway,R-HSA-9660826,0.0008542438403442345
R-HSA-9858328,abstraction:NextStepPathway,R-HSA-71064,0.006765565629891948
R-HSA-428540,abstraction:NextStepPathway,R-HSA-428543,0.003356340598412887
R-HSA-9683612,abstraction:NextStepPathway,R-HSA-9679509,0.0005512914707506561
R-HSA-70895,abstraction:NextStepPathway,R-HSA-210500,0.0011101053154028192
R-HSA-70895,abstraction:NextStepPathway,R-HSA-71403,0.004763565198081985
R-HSA-70895,abstraction:NextStepPathway,R-HSA-9859138,0.006012339104230519
R-HSA-70895,abstraction:NextStepPathway,R-HSA-71032,0.0016998265181814736
R-HSA-388479,abstraction:NextStepPathway,R-HSA-416476,9.938802990576363e-07
R-HSA-388479,abstraction:NextStepPathway,R-HSA-432040,0.000850229877386402
R-HSA-388479,abstraction:NextStepPathway,R-HSA-418555,6.62371738277596e-07
R-HSA-388479,abstraction:NextStepPathway,R-HSA-9660821,3.91297555562537e-07
R-HSA-3296197,abstraction:NextStepPathway,R-HSA-418594,9.641329173146188e-07
R-HSA-3134975,abstraction:NextStepPathway,R-HSA-1834941,0.003746870704387197
R-HSA-389599,abstraction:NextStepPathway,R-HSA-389887,0.0024658986413082897
R-HSA-163754,abstraction:NextStepPathway,R-HSA-71336,0.005261647608057861
R-HSA-9635644,abstraction:NextStepPathway,R-HSA-9636383,0.0017548423500305297
R-HSA-2453902,abstraction:NextStepPathway,R-HSA-2466712,0.001685196557609571
R-HSA-2453902,abstraction:NextStepPathway,R-HSA-2187335,0.00488209135199833
R-HSA-2453902,abstraction:NextStepPathway,R-HSA-5365859,0.004698882612487229
R-HSA-2453902,abstraction:NextStepPathway,R-HSA-2514859,0.001832453819480499
R-HSA-2453902,abstraction:NextStepPathway,R-HSA-2485179,0.0009104079200678567
R-HSA-190377,abstraction:NextStepPathway,R-HSA-5654221,0.0013105411807580313
R-HSA-190377,abstraction:NextStepPathway,R-HSA-5654699,0.0012215472026811506
R-HSA-190377,abstraction:NextStepPathway,R-HSA-5654700,0.0011409122745852035
R-HSA-9694719,abstraction:NextStepPathway,R-HSA-9754560,0.0003631687900018702
R-HSA-9694719,abstraction:NextStepPathway,R-HSA-9755779,0.0004023938027593548
R-HSA-9694719,abstraction:NextStepPathway,R-HSA-9694322,0.0004251842470424747
R-HSA-9694719,abstraction:NextStepPathway,R-HSA-9705671,0.0001983753142648304
R-HSA-77310,abstraction:NextStepPathway,R-HSA-611105,0.0013700104569624749
R-HSA-77310,abstraction:NextStepPathway,R-HSA-77346,0.006945743216418988
R-HSA-9839394,abstraction:NextStepPathway,R-HSA-9839383,0.0004009334421162859
R-HSA-2395516,abstraction:NextStepPathway,R-HSA-1362409,0.00355776425616363
R-HSA-69656,abstraction:NextStepPathway,R-HSA-69563,0.016176059134117904
R-HSA-69656,abstraction:NextStepPathway,R-HSA-2559582,0.0005269238503943759
R-HSA-69656,abstraction:NextStepPathway,R-HSA-69202,0.033463401411292074
R-HSA-69656,abstraction:NextStepPathway,R-HSA-6804116,0.0008116895600240499
R-HSA-69656,abstraction:NextStepPathway,R-HSA-176408,0.015326801347956793
R-HSA-69656,abstraction:NextStepPathway,R-HSA-69273,0.0027981145871659296
R-HSA-69656,abstraction:NextStepPathway,R-HSA-2559586,0.0009372063266963993
R-HSA-69656,abstraction:NextStepPathway,R-HSA-187577,0.020731532362113593
R-HSA-8847993,abstraction:NextStepPathway,R-HSA-8849469,0.0020530878432230603
R-HSA-8847993,abstraction:NextStepPathway,R-HSA-8849474,0.0020530878432230603
R-HSA-8847993,abstraction:NextStepPathway,R-HSA-8849472,0.0020530878432230603
R-HSA-8847993,abstraction:NextStepPathway,R-HSA-8849470,0.002268349557212841
R-HSA-8847993,abstraction:NextStepPathway,R-HSA-8849468,0.0020530878432230603
R-HSA-8847993,abstraction:NextStepPathway,R-HSA-187577,0.0015534200478554876
R-HSA-8847993,abstraction:NextStepPathway,R-HSA-8849471,0.0018409946610387202
R-HSA-442729,abstraction:NextStepPathway,R-HSA-111931,0.002766922567617521
R-HSA-442729,abstraction:NextStepPathway,R-HSA-9634638,0.0012831291926475052
R-HSA-442729,abstraction:NextStepPathway,R-HSA-9707616,0.00024807987142890626
R-HSA-442729,abstraction:NextStepPathway,R-HSA-111932,0.006537901239478435
R-HSA-442729,abstraction:NextStepPathway,R-HSA-9931509,0.0002973521602377925
R-HSA-442729,abstraction:NextStepPathway,R-HSA-9031628,0.001102682082095319
R-HSA-442729,abstraction:NextStepPathway,R-HSA-2151201,0.0023941088858173898
R-HSA-444257,abstraction:NextStepPathway,R-HSA-442742,0.0012489039885296167
R-HSA-8963693,abstraction:NextStepPathway,R-HSA-379716,0.002660841215568613
R-HSA-8963693,abstraction:NextStepPathway,R-HSA-9856872,0.0031841034806436375
R-HSA-8963693,abstraction:NextStepPathway,R-HSA-70263,0.0033448515241642084
R-HSA-8963693,abstraction:NextStepPathway,R-HSA-8964539,0.005098211573623059
R-HSA-8963693,abstraction:NextStepPathway,R-HSA-70268,0.0032140176744314317
R-HSA-8963693,abstraction:NextStepPathway,R-HSA-442660,0.0005673575788724294
R-HSA-8963693,abstraction:NextStepPathway,R-HSA-71737,0.0007534909311056534
R-HSA-8963693,abstraction:NextStepPathway,R-HSA-70635,0.003554728837927755
R-HSA-937042,abstraction:NextStepPathway,R-HSA-450302,0.0013839328192469865
R-HSA-937042,abstraction:NextStepPathway,R-HSA-445989,0.0019532318578768222
R-HSA-937042,abstraction:NextStepPathway,R-HSA-9705671,0.0014400065293618772
R-HSA-937042,abstraction:NextStepPathway,R-HSA-168638,0.002672020989914328
R-HSA-937042,abstraction:NextStepPathway,R-HSA-450321,0.0013839328192469865
R-HSA-937042,abstraction:NextStepPathway,R-HSA-9020702,0.0027665205759292984
R-HSA-381771,abstraction:NextStepPathway,R-HSA-420092,0.0002727653300424643
R-HSA-381771,abstraction:NextStepPathway,R-HSA-381676,1.264714434943637e-06
R-HSA-5654720,abstraction:NextStepPathway,R-HSA-6811558,0.0018208156477700125
R-HSA-5654720,abstraction:NextStepPathway,R-HSA-1257604,0.0015614912068431324
R-HSA-5654720,abstraction:NextStepPathway,R-HSA-5654695,0.00717470101714587
R-HSA-5654720,abstraction:NextStepPathway,R-HSA-5654710,0.00717470101714587
R-HSA-5654720,abstraction:NextStepPathway,R-HSA-5654689,0.00717470101714587
R-HSA-6806664,abstraction:NextStepPathway,R-HSA-159740,0.0008027877879091196
R-HSA-73817,abstraction:NextStepPathway,R-HSA-379716,0.002664100019367068
R-HSA-73817,abstraction:NextStepPathway,R-HSA-74217,0.0035705202216641157
R-HSA-73817,abstraction:NextStepPathway,R-HSA-74259,0.0027993804475217677
R-HSA-73817,abstraction:NextStepPathway,R-HSA-71737,0.0011285022663961252
R-HSA-73817,abstraction:NextStepPathway,R-HSA-499943,0.003015343096419041
R-HSA-9022692,abstraction:NextStepPathway,R-HSA-9022699,0.00027459272630254116
R-HSA-9022692,abstraction:NextStepPathway,R-HSA-8986944,0.004242166450357092
R-HSA-9022692,abstraction:NextStepPathway,R-HSA-9022702,0.00037019408620025886
R-HSA-1237044,abstraction:NextStepPathway,R-HSA-1247673,0.008970044491800024
R-HSA-9613829,abstraction:NextStepPathway,R-HSA-9613354,0.00048781680602407086
R-HSA-9613829,abstraction:NextStepPathway,R-HSA-9615710,0.00045649049237541983
R-HSA-196299,abstraction:NextStepPathway,R-HSA-195253,0.004036934381112131
R-HSA-1660524,abstraction:NextStepPathway,R-HSA-1660516,0.0005801322588227364
R-HSA-901042,abstraction:NextStepPathway,R-HSA-901032,0.009176060817973548
R-HSA-901042,abstraction:NextStepPathway,R-HSA-948021,0.0011765678295976327
R-HSA-3000471,abstraction:NextStepPathway,R-HSA-5686938,0.00038427697636518983
R-HSA-71262,abstraction:NextStepPathway,R-HSA-200425,0.0005582723680462948
R-HSA-177128,abstraction:NextStepPathway,R-HSA-9749641,0.002906414290264367
R-HSA-1250347,abstraction:NextStepPathway,R-HSA-5673001,0.0013846556399638933
R-HSA-1169092,abstraction:NextStepPathway,R-HSA-5673001,0.0015775628821652562
R-HSA-9754678,abstraction:NextStepPathway,R-HSA-191859,0.006656644480688599
R-HSA-162585,abstraction:NextStepPathway,R-HSA-162594,0.004627784119785729
R-HSA-5607761,abstraction:NextStepPathway,R-HSA-5607764,0.020687559635308855
R-HSA-5607761,abstraction:NextStepPathway,R-HSA-2871837,0.018454907583482467
R-HSA-5607761,abstraction:NextStepPathway,R-HSA-202424,0.01766423667875238
R-HSA-211957,abstraction:NextStepPathway,R-HSA-156588,0.0006357715797858691
R-HSA-211957,abstraction:NextStepPathway,R-HSA-9749641,0.001083109759793002
R-HSA-72086,abstraction:NextStepPathway,R-HSA-113418,0.014019579487417142
R-HSA-72086,abstraction:NextStepPathway,R-HSA-111367,0.0006324783185224393
R-HSA-72086,abstraction:NextStepPathway,R-HSA-77588,0.0006146553665916125
R-HSA-72086,abstraction:NextStepPathway,R-HSA-77075,0.014870690386071746
R-HSA-72086,abstraction:NextStepPathway,R-HSA-77595,0.0005158027574855451
R-HSA-72086,abstraction:NextStepPathway,R-HSA-72203,0.004071338785841363
R-HSA-193775,abstraction:NextStepPathway,R-HSA-211994,0.0035793085796669245
R-HSA-193775,abstraction:NextStepPathway,R-HSA-193368,0.00825530310985688
R-HSA-193775,abstraction:NextStepPathway,R-HSA-211976,0.004819568484953061
R-HSA-5389840,abstraction:NextStepPathway,R-HSA-5419276,0.04460050172831743
R-HSA-5389840,abstraction:NextStepPathway,R-HSA-9937383,0.0419751375432007
R-HSA-174048,abstraction:NextStepPathway,R-HSA-176407,0.01072884604577545
R-HSA-1855196,abstraction:NextStepPathway,R-HSA-1855191,0.0009665430970313275
R-HSA-111932,abstraction:NextStepPathway,R-HSA-111931,0.002766922567617521
R-HSA-111932,abstraction:NextStepPathway,R-HSA-9634638,0.0012831291926475052
R-HSA-111932,abstraction:NextStepPathway,R-HSA-9707616,0.00024807987142890626
R-HSA-111932,abstraction:NextStepPathway,R-HSA-9620244,0.0019736054027518473
R-HSA-111932,abstraction:NextStepPathway,R-HSA-442729,0.006537901239478435
R-HSA-111932,abstraction:NextStepPathway,R-HSA-9022692,0.001485401428523716
R-HSA-111932,abstraction:NextStepPathway,R-HSA-9931509,0.0002973521602377925
R-HSA-111932,abstraction:NextStepPathway,R-HSA-9616222,0.00024807987142890626
R-HSA-111932,abstraction:NextStepPathway,R-HSA-9031628,0.001102682082095319
R-HSA-111932,abstraction:NextStepPathway,R-HSA-2151201,0.0023941088858173898
R-HSA-380994,abstraction:NextStepPathway,R-HSA-9909649,0.00023049642101947125
R-HSA-6782210,abstraction:NextStepPathway,R-HSA-6781827,0.023428429666557483
R-HSA-8964208,abstraction:NextStepPathway,R-HSA-8963684,0.0017570778669459598
R-HSA-445355,abstraction:NextStepPathway,R-HSA-392154,0.0028138191224735512
R-HSA-445355,abstraction:NextStepPathway,R-HSA-9856530,0.0029305724875654726
R-HSA-445355,abstraction:NextStepPathway,R-HSA-442982,0.001102682082095319
R-HSA-445355,abstraction:NextStepPathway,R-HSA-2871809,0.0020565703580394485
R-HSA-445355,abstraction:NextStepPathway,R-HSA-111933,0.002766980315146862
R-HSA-445355,abstraction:NextStepPathway,R-HSA-9620244,0.0014427321668481292
R-HSA-445355,abstraction:NextStepPathway,R-HSA-111957,0.00130305986971382
R-HSA-445355,abstraction:NextStepPathway,R-HSA-418457,0.0003150107388731108
R-HSA-445355,abstraction:NextStepPathway,R-HSA-442720,0.002305488898012221
R-HSA-445355,abstraction:NextStepPathway,R-HSA-442729,0.0015987272231106678
R-HSA-445355,abstraction:NextStepPathway,R-HSA-111932,0.0015987272231106678
R-HSA-445355,abstraction:NextStepPathway,R-HSA-203615,0.0021886286899230954
R-HSA-445355,abstraction:NextStepPathway,R-HSA-180024,0.0022290941049052616
R-HSA-445355,abstraction:NextStepPathway,R-HSA-5607763,0.0015523214588805277
R-HSA-445355,abstraction:NextStepPathway,R-HSA-4086398,0.0028416115252180322
R-HSA-445355,abstraction:NextStepPathway,R-HSA-5627123,0.0027236548980044194
R-HSA-445355,abstraction:NextStepPathway,R-HSA-2025928,0.0006524411462484928
R-HSA-445355,abstraction:NextStepPathway,R-HSA-5218920,0.00267345370042659
R-HSA-1236973,abstraction:NextStepPathway,R-HSA-1236974,3.06485104385295e-06
R-HSA-5686938,abstraction:NextStepPathway,R-HSA-166058,7.317392285448326e-06
R-HSA-1362277,abstraction:NextStepPathway,R-HSA-69205,0.00533081440275949
R-HSA-1362277,abstraction:NextStepPathway,R-HSA-69202,0.00418654403669737
R-HSA-1362277,abstraction:NextStepPathway,R-HSA-1538133,0.01136936324026554
R-HSA-1362277,abstraction:NextStepPathway,R-HSA-68689,0.0003199683121605398
R-HSA-1362277,abstraction:NextStepPathway,R-HSA-69656,0.00420356616354089
R-HSA-1362277,abstraction:NextStepPathway,R-HSA-69273,0.00020279435069184284
R-HSA-1362277,abstraction:NextStepPathway,R-HSA-1362300,0.003934067794288683
R-HSA-9931509,abstraction:NextStepPathway,R-HSA-9707616,0.01248074536212798
R-HSA-9931509,abstraction:NextStepPathway,R-HSA-9933387,0.006690239298412767
R-HSA-9931509,abstraction:NextStepPathway,R-HSA-9931529,0.0007751731669554643
R-HSA-9931509,abstraction:NextStepPathway,R-HSA-2151201,0.004463345179955145
R-HSA-9931509,abstraction:NextStepPathway,R-HSA-1989781,0.004856939331180709
R-HSA-5696395,abstraction:NextStepPathway,R-HSA-5696400,0.009125266306784445
R-HSA-9856532,abstraction:NextStepPathway,R-HSA-9856530,0.003405215859454999
R-HSA-9856532,abstraction:NextStepPathway,R-HSA-2871809,0.0013940419825223187
R-HSA-9856532,abstraction:NextStepPathway,R-HSA-9664323,0.0014622010603033706
R-HSA-9856532,abstraction:NextStepPathway,R-HSA-445355,0.0008593438151407983
R-HSA-9856532,abstraction:NextStepPathway,R-HSA-5218921,0.0010096827353896858
R-HSA-9856532,abstraction:NextStepPathway,R-HSA-111997,0.0010546744274128857
R-HSA-9856532,abstraction:NextStepPathway,R-HSA-5607763,0.00029582144884931686
R-HSA-9856532,abstraction:NextStepPathway,R-HSA-983695,0.001312331563856594
R-HSA-9856532,abstraction:NextStepPathway,R-HSA-2514859,0.0008309089466920652
R-HSA-9856532,abstraction:NextStepPathway,R-HSA-9860927,0.004159230302626206
R-HSA-391908,abstraction:NextStepPathway,R-HSA-428930,0.0008929770227331864
R-HSA-391908,abstraction:NextStepPathway,R-HSA-418555,1.3249780412275555e-06
R-HSA-391908,abstraction:NextStepPathway,R-HSA-392851,0.0009628578759689748
R-HSA-391908,abstraction:NextStepPathway,R-HSA-416482,6.020495138050772e-07
R-HSA-391908,abstraction:NextStepPathway,R-HSA-9660821,7.827336438526325e-07
R-HSA-3299685,abstraction:NextStepPathway,R-HSA-1222556,0.005859641049315781
R-HSA-3299685,abstraction:NextStepPathway,R-HSA-5628897,0.0068856753223351125
R-HSA-3299685,abstraction:NextStepPathway,R-HSA-70268,0.003949924528422928
R-HSA-3299685,abstraction:NextStepPathway,R-HSA-9818027,0.0031266535759984834
R-HSA-3299685,abstraction:NextStepPathway,R-HSA-499943,0.003976191627336995
R-HSA-83936,abstraction:NextStepPathway,R-HSA-163210,0.0006799063618537567
R-HSA-193048,abstraction:NextStepPathway,R-HSA-194002,0.006095359193002775
R-HSA-193048,abstraction:NextStepPathway,R-HSA-3371497,0.0005551180197121495
R-HSA-193048,abstraction:NextStepPathway,R-HSA-193144,0.003100787185979998
R-HSA-193048,abstraction:NextStepPathway,R-HSA-211976,0.003117542316132901
R-HSA-163359,abstraction:NextStepPathway,R-HSA-418594,0.002645246960964777
R-HSA-163359,abstraction:NextStepPathway,R-HSA-9856530,0.0026804797469469205
R-HSA-163359,abstraction:NextStepPathway,R-HSA-164378,0.003432047284443592
R-HSA-163359,abstraction:NextStepPathway,R-HSA-9634597,0.0034199136974948463
R-HSA-163359,abstraction:NextStepPathway,R-HSA-418597,0.003610589890332921
R-HSA-163359,abstraction:NextStepPathway,R-HSA-416476,0.0011552806881397367
R-HSA-163359,abstraction:NextStepPathway,R-HSA-432040,0.003208629324886224
R-HSA-163359,abstraction:NextStepPathway,R-HSA-418555,0.003086733766720105
R-HSA-163359,abstraction:NextStepPathway,R-HSA-381676,0.0027389718858527963
R-HSA-163359,abstraction:NextStepPathway,R-HSA-9660821,0.0034199136974948463
R-HSA-6803204,abstraction:NextStepPathway,R-HSA-6804114,0.0005805750888656214
R-HSA-6803204,abstraction:NextStepPathway,R-HSA-139915,0.0009401114320159603
R-HSA-6803204,abstraction:NextStepPathway,R-HSA-114294,0.0011023916526064145
R-HSA-6803204,abstraction:NextStepPathway,R-HSA-6804756,0.001316987311903751
R-HSA-6803204,abstraction:NextStepPathway,R-HSA-111448,0.0014674339182796686
R-HSA-6803204,abstraction:NextStepPathway,R-HSA-75108,0.0003586484573826974
R-HSA-5358606,abstraction:NextStepPathway,R-HSA-5358565,0.013049211380412323
R-HSA-1834941,abstraction:NextStepPathway,R-HSA-3249367,0.002857964724429848
R-HSA-1834941,abstraction:NextStepPathway,R-HSA-3270619,0.010990055431999594
R-HSA-1169408,abstraction:NextStepPathway,R-HSA-9833482,0.0015044296108714873
R-HSA-1169408,abstraction:NextStepPathway,R-HSA-9705671,0.011926677249635143
R-HSA-205017,abstraction:NextStepPathway,R-HSA-193648,0.0010717153434194574
R-HSA-205017,abstraction:NextStepPathway,R-HSA-209543,0.0010865484717749493
R-HSA-205017,abstraction:NextStepPathway,R-HSA-193681,0.0011637579073290332
R-HSA-205017,abstraction:NextStepPathway,R-HSA-205043,0.0011207887533561944
R-HSA-983170,abstraction:NextStepPathway,R-HSA-9705671,0.00526477373097151
R-HSA-140875,abstraction:NextStepPathway,R-HSA-216083,0.0007748663309265402
R-HSA-140875,abstraction:NextStepPathway,R-HSA-75205,1.385245206452735e-06
R-HSA-140875,abstraction:NextStepPathway,R-HSA-202733,0.001630154049014123
R-HSA-140875,abstraction:NextStepPathway,R-HSA-9672391,0.0009685237407359195
R-HSA-140875,abstraction:NextStepPathway,R-HSA-140837,0.002863489307213422
R-HSA-9013957,abstraction:NextStepPathway,R-HSA-9758274,0.00037734484543757075
R-HSA-9768727,abstraction:NextStepPathway,R-HSA-9764561,0.0007409184101603832
R-HSA-9768727,abstraction:NextStepPathway,R-HSA-9766229,0.000751928310731405
R-HSA-9913351,abstraction:NextStepPathway,R-HSA-8932504,0.00043717087167660147
R-HSA-9913351,abstraction:NextStepPathway,R-HSA-8932506,0.0004456750036729145
R-HSA-9913351,abstraction:NextStepPathway,R-HSA-8932505,0.0004158291491705671
R-HSA-416476,abstraction:NextStepPathway,R-HSA-114508,0.007730735266762677
R-HSA-416476,abstraction:NextStepPathway,R-HSA-418217,0.0016046528012982726
R-HSA-416476,abstraction:NextStepPathway,R-HSA-392451,0.0011986881158358353
R-HSA-416476,abstraction:NextStepPathway,R-HSA-76005,0.003022034010980296
R-HSA-416476,abstraction:NextStepPathway,R-HSA-4086398,0.0043814667035305946
R-HSA-416476,abstraction:NextStepPathway,R-HSA-426048,0.004893346567041931
R-HSA-416476,abstraction:NextStepPathway,R-HSA-8964315,0.00041445939357397885
R-HSA-416476,abstraction:NextStepPathway,R-HSA-8964616,0.0003413789701139414
R-HSA-190374,abstraction:NextStepPathway,R-HSA-5654219,0.0011867703164228037
R-HSA-190374,abstraction:NextStepPathway,R-HSA-5654687,0.0009217915896195833
R-HSA-190374,abstraction:NextStepPathway,R-HSA-5654688,0.0010977964019277765
R-HSA-190374,abstraction:NextStepPathway,R-HSA-5654693,0.0010171915736418705
R-HSA-2161517,abstraction:NextStepPathway,R-HSA-2161541,0.001812164969635543
R-HSA-73933,abstraction:NextStepPathway,R-HSA-73930,0.0015966729091836948
R-HSA-73933,abstraction:NextStepPathway,R-HSA-110373,0.012430984806374418
R-HSA-77387,abstraction:NextStepPathway,R-HSA-74752,0.006846009344059692
R-HSA-975155,abstraction:NextStepPathway,R-HSA-975138,0.026617520671843004
R-HSA-975155,abstraction:NextStepPathway,R-HSA-975110,0.004585704959043847
R-HSA-9646399,abstraction:NextStepPathway,R-HSA-9615710,3.1602005825624625e-07
R-HSA-9646399,abstraction:NextStepPathway,R-HSA-9613829,2.2571529885720447e-07
R-HSA-9024909,abstraction:NextStepPathway,R-HSA-9026527,0.0013105411807580313
R-HSA-9024909,abstraction:NextStepPathway,R-HSA-9032500,0.0026092677387060553
R-HSA-9024909,abstraction:NextStepPathway,R-HSA-9028731,0.0010675457176439105
R-HSA-9024909,abstraction:NextStepPathway,R-HSA-9026519,0.001148165596278896
R-HSA-9024909,abstraction:NextStepPathway,R-HSA-9028335,0.0010903863336047272
R-HSA-9024909,abstraction:NextStepPathway,R-HSA-9032845,0.0026092677387060553
R-HSA-212676,abstraction:NextStepPathway,R-HSA-181430,0.009006514346293092
R-HSA-212676,abstraction:NextStepPathway,R-HSA-209905,0.0006063250402376483
R-HSA-212676,abstraction:NextStepPathway,R-HSA-181429,0.009236707088614432
R-HSA-9768919,abstraction:NextStepPathway,R-HSA-9768778,0.001047017537111139
R-HSA-69273,abstraction:NextStepPathway,R-HSA-176417,0.0018432596956761216
R-HSA-69273,abstraction:NextStepPathway,R-HSA-4419969,0.002626180077986399
R-HSA-69273,abstraction:NextStepPathway,R-HSA-2465910,0.001696727433488481
R-HSA-69273,abstraction:NextStepPathway,R-HSA-162658,0.0006536146362046478
R-HSA-69273,abstraction:NextStepPathway,R-HSA-75035,0.0028877918407464644
R-HSA-69273,abstraction:NextStepPathway,R-HSA-69478,0.003270151542726674
R-HSA-69273,abstraction:NextStepPathway,R-HSA-3301854,0.00045155995569097875
R-HSA-69273,abstraction:NextStepPathway,R-HSA-2299718,0.0021495314871990577
R-HSA-69273,abstraction:NextStepPathway,R-HSA-176408,0.0012327236045312421
R-HSA-69273,abstraction:NextStepPathway,R-HSA-174048,0.0005276980184605322
R-HSA-69273,abstraction:NextStepPathway,R-HSA-8878166,0.0010089207430823363
R-HSA-69273,abstraction:NextStepPathway,R-HSA-68875,0.0022574121118715098
R-HSA-69273,abstraction:NextStepPathway,R-HSA-156711,0.00312399518133573
R-HSA-69273,abstraction:NextStepPathway,R-HSA-176412,0.0005276980184605322
R-HSA-69273,abstraction:NextStepPathway,R-HSA-2565942,0.001454148245818104
R-HSA-69273,abstraction:NextStepPathway,R-HSA-8852276,0.0004082316549023058
R-HSA-69273,abstraction:NextStepPathway,R-HSA-2980767,0.0008425236468603755
R-HSA-9694301,abstraction:NextStepPathway,R-HSA-9694676,0.005367383696605348
R-HSA-9694301,abstraction:NextStepPathway,R-HSA-9754678,0.00023137426240743837
R-HSA-9694301,abstraction:NextStepPathway,R-HSA-9705671,0.0012403894287317243
R-HSA-9694301,abstraction:NextStepPathway,R-HSA-9694686,0.0018245564003917943
R-HSA-9694301,abstraction:NextStepPathway,R-HSA-9694271,0.0016863014545589181
R-HSA-5654704,abstraction:NextStepPathway,R-HSA-5673001,0.0014659788886167069
R-HSA-446203,abstraction:NextStepPathway,R-HSA-532668,0.011807840813884524
R-HSA-189483,abstraction:NextStepPathway,R-HSA-156588,0.0033076439222366263
R-HSA-189483,abstraction:NextStepPathway,R-HSA-9707564,0.004578748541550064
R-HSA-9753281,abstraction:NextStepPathway,R-HSA-174403,0.004245094744336871
R-HSA-9753281,abstraction:NextStepPathway,R-HSA-2162123,0.0016638837835978356
R-HSA-909733,abstraction:NextStepPathway,R-HSA-9909505,0.0013478224758949914
R-HSA-909733,abstraction:NextStepPathway,R-HSA-8956319,0.0006231161009969375
R-HSA-909733,abstraction:NextStepPathway,R-HSA-9833482,0.0011787361928719132
R-HSA-909733,abstraction:NextStepPathway,R-HSA-9705671,0.0024905956796187198
R-HSA-909733,abstraction:NextStepPathway,R-HSA-912694,0.005748888382525774
R-HSA-909733,abstraction:NextStepPathway,R-HSA-9833109,0.0020951466878707118
R-HSA-201722,abstraction:NextStepPathway,R-HSA-3769402,0.002420537074679579
R-HSA-201722,abstraction:NextStepPathway,R-HSA-9824272,0.0001405953699518452
R-HSA-201722,abstraction:NextStepPathway,R-HSA-9796292,0.00026481912973964417
R-HSA-201722,abstraction:NextStepPathway,R-HSA-9909649,0.0015355166378549835
R-HSA-201722,abstraction:NextStepPathway,R-HSA-4086398,0.00018965895684572976
R-HSA-201722,abstraction:NextStepPathway,R-HSA-9793380,0.0001269746237761428
R-HSA-112409,abstraction:NextStepPathway,R-HSA-5673001,0.0025311005672879828
R-HSA-112409,abstraction:NextStepPathway,R-HSA-5654726,0.0018564240489775262
R-HSA-112409,abstraction:NextStepPathway,R-HSA-5675221,0.002913491473388979
R-HSA-112409,abstraction:NextStepPathway,R-HSA-2559582,0.000575107357292603
R-HSA-112409,abstraction:NextStepPathway,R-HSA-2871796,0.0007130155856158233
R-HSA-112409,abstraction:NextStepPathway,R-HSA-2559585,0.0007530919241833369
R-HSA-112409,abstraction:NextStepPathway,R-HSA-9634638,0.0012223119035152327
R-HSA-112409,abstraction:NextStepPathway,R-HSA-2559580,0.0006097684633192378
R-HSA-112409,abstraction:NextStepPathway,R-HSA-8940973,0.0007043281673733814
R-HSA-112409,abstraction:NextStepPathway,R-HSA-5654732,0.0019190866734325848
R-HSA-112409,abstraction:NextStepPathway,R-HSA-881907,0.0007773847696549899
R-HSA-112409,abstraction:NextStepPathway,R-HSA-450341,0.0009791044669902732
R-HSA-112409,abstraction:NextStepPathway,R-HSA-170968,0.0007909840215860772
R-HSA-112409,abstraction:NextStepPathway,R-HSA-444257,0.0012651656325640575
R-HSA-112409,abstraction:NextStepPathway,R-HSA-375165,0.0012072997969467694
R-HSA-112409,abstraction:NextStepPathway,R-HSA-5654727,0.0019190866734325848
R-HSA-112409,abstraction:NextStepPathway,R-HSA-198753,0.001996245923099893
R-HSA-112409,abstraction:NextStepPathway,R-HSA-5654733,0.0019190866734325848
R-HSA-110328,abstraction:NextStepPathway,R-HSA-110329,0.010003134912623897
R-HSA-69183,abstraction:NextStepPathway,R-HSA-69166,0.01168106891778904
R-HSA-9948011,abstraction:NextStepPathway,R-HSA-9960525,0.0005826478824341067
R-HSA-9948011,abstraction:NextStepPathway,R-HSA-5620971,0.0004670412784304197
R-HSA-111447,abstraction:NextStepPathway,R-HSA-111453,0.0010675457176439105
R-HSA-73980,abstraction:NextStepPathway,R-HSA-6784531,6.755515998852088e-06
R-HSA-73980,abstraction:NextStepPathway,R-HSA-6782315,7.390157629790584e-06
R-HSA-1296041,abstraction:NextStepPathway,R-HSA-997272,0.003181660944185433
R-HSA-69620,abstraction:NextStepPathway,R-HSA-2555396,0.04339213845456468
R-HSA-211999,abstraction:NextStepPathway,R-HSA-156590,0.00020446844476335193
R-HSA-997272,abstraction:NextStepPathway,R-HSA-1296041,0.003181660944185433
R-HSA-9760173,abstraction:NextStepPathway,R-HSA-9927020,0.0018697864878235546
R-HSA-382556,abstraction:NextStepPathway,R-HSA-2453902,0.0014971330890315299
R-HSA-204005,abstraction:NextStepPathway,R-HSA-5694530,0.0014129817933285136
R-HSA-8875555,abstraction:NextStepPathway,R-HSA-8875656,0.0005092863366557644
R-HSA-9818025,abstraction:NextStepPathway,R-HSA-9861718,0.00032489360366743877
R-HSA-9768777,abstraction:NextStepPathway,R-HSA-9768778,0.0005391048878426328
R-HSA-381070,abstraction:NextStepPathway,R-HSA-381038,0.048014018342892775
R-HSA-165158,abstraction:NextStepPathway,R-HSA-165181,0.002644064686179689
R-HSA-165158,abstraction:NextStepPathway,R-HSA-1445148,0.0012546871670333568
R-HSA-165158,abstraction:NextStepPathway,R-HSA-165160,0.002497271381847465
R-HSA-165158,abstraction:NextStepPathway,R-HSA-9824585,0.0013107875214723582
R-HSA-2428928,abstraction:NextStepPathway,R-HSA-112399,0.009131099776778643
R-HSA-73776,abstraction:NextStepPathway,R-HSA-674695,0.020900585428353744
R-HSA-73776,abstraction:NextStepPathway,R-HSA-77075,0.012235904888546707
R-HSA-5218921,abstraction:NextStepPathway,R-HSA-114508,0.002150281047197162
R-HSA-5218921,abstraction:NextStepPathway,R-HSA-9856530,0.0029579010715219487
R-HSA-5218921,abstraction:NextStepPathway,R-HSA-442982,0.001253925597469068
R-HSA-5218921,abstraction:NextStepPathway,R-HSA-4419969,0.0017178107414446272
R-HSA-5218921,abstraction:NextStepPathway,R-HSA-2871809,0.004610005635262501
R-HSA-5218921,abstraction:NextStepPathway,R-HSA-1169091,0.0008068143506862284
R-HSA-5218921,abstraction:NextStepPathway,R-HSA-111933,0.002050661759826321
R-HSA-5218921,abstraction:NextStepPathway,R-HSA-9620244,0.00164875437319004
R-HSA-5218921,abstraction:NextStepPathway,R-HSA-111957,0.0014546047743128855
R-HSA-5218921,abstraction:NextStepPathway,R-HSA-112043,0.00488209135199833
R-HSA-5218921,abstraction:NextStepPathway,R-HSA-9664323,0.0048171295375832495
R-HSA-5218921,abstraction:NextStepPathway,R-HSA-1855204,0.002150281047197162
R-HSA-5218921,abstraction:NextStepPathway,R-HSA-442720,0.0019241550064934983
R-HSA-5218921,abstraction:NextStepPathway,R-HSA-2029485,0.004878270342925362
R-HSA-5218921,abstraction:NextStepPathway,R-HSA-9833482,0.0007644096494344354
R-HSA-5218921,abstraction:NextStepPathway,R-HSA-442729,0.001805050872089529
R-HSA-5218921,abstraction:NextStepPathway,R-HSA-1855196,0.00020279435069184284
R-HSA-5218921,abstraction:NextStepPathway,R-HSA-111932,0.001805050872089529
R-HSA-5218921,abstraction:NextStepPathway,R-HSA-445355,0.002164745208070796
R-HSA-5218921,abstraction:NextStepPathway,R-HSA-203615,0.00165795372278524
R-HSA-5218921,abstraction:NextStepPathway,R-HSA-180024,0.0020221091587739985
R-HSA-5218921,abstraction:NextStepPathway,R-HSA-111997,0.002050661759826321
R-HSA-5218921,abstraction:NextStepPathway,R-HSA-422356,0.0034930421811957654
R-HSA-5218921,abstraction:NextStepPathway,R-HSA-5607763,0.0029543671256424065
R-HSA-5218921,abstraction:NextStepPathway,R-HSA-1489509,0.005278958480984323
R-HSA-5218921,abstraction:NextStepPathway,R-HSA-4086398,0.0032953685487818593
R-HSA-5218921,abstraction:NextStepPathway,R-HSA-5627123,0.0020221091587739985
R-HSA-5218921,abstraction:NextStepPathway,R-HSA-2025928,0.0007509520954944181
R-HSA-5218921,abstraction:NextStepPathway,R-HSA-5218920,0.00262703600319738
R-HSA-5218921,abstraction:NextStepPathway,R-HSA-5578775,0.0032953685487818593
R-HSA-5218921,abstraction:NextStepPathway,R-HSA-983695,0.003268520907255213
R-HSA-5218921,abstraction:NextStepPathway,R-HSA-2514859,0.0021047647386544166
R-HSA-5218921,abstraction:NextStepPathway,R-HSA-1855183,0.0009848964153711232
R-HSA-2129379,abstraction:NextStepPathway,R-HSA-2173789,0.0021678000078192553
R-HSA-211979,abstraction:NextStepPathway,R-HSA-2142691,0.0027127661802567294
R-HSA-211979,abstraction:NextStepPathway,R-HSA-2162123,0.0035352811772030456
R-HSA-73779,abstraction:NextStepPathway,R-HSA-76042,0.02396395947529806
R-HSA-2179392,abstraction:NextStepPathway,R-HSA-5673001,0.0004906758582122401
R-HSA-2179392,abstraction:NextStepPathway,R-HSA-399997,0.0019437244272181922
R-HSA-2892247,abstraction:NextStepPathway,R-HSA-190372,8.430434422966942e-07
R-HSA-2892247,abstraction:NextStepPathway,R-HSA-2682334,5.064239983487648e-06
R-HSA-2892247,abstraction:NextStepPathway,R-HSA-190373,0.00031574920892942697
R-HSA-2892247,abstraction:NextStepPathway,R-HSA-190370,0.00032784042794912897
R-HSA-2892247,abstraction:NextStepPathway,R-HSA-9833482,5.592591718302266e-06
R-HSA-2892247,abstraction:NextStepPathway,R-HSA-1181150,1.053866494608922e-06
R-HSA-2892247,abstraction:NextStepPathway,R-HSA-190322,6.32245272767574e-07
R-HSA-77075,abstraction:NextStepPathway,R-HSA-72086,0.014870690386071746
R-HSA-8853659,abstraction:NextStepPathway,R-HSA-5673001,0.00043762492352715927
R-HSA-69166,abstraction:NextStepPathway,R-HSA-69183,0.01168106891778904
R-HSA-4085001,abstraction:NextStepPathway,R-HSA-9840309,0.0021870310323929528
R-HSA-4085001,abstraction:NextStepPathway,R-HSA-428643,0.0018133799308777726
R-HSA-4085001,abstraction:NextStepPathway,R-HSA-9840310,0.0015715346081482864
R-HSA-4085001,abstraction:NextStepPathway,R-HSA-727802,0.0012456988729974902
R-HSA-4085001,abstraction:NextStepPathway,R-HSA-446210,0.0020359066556141056
R-HSA-5696400,abstraction:NextStepPathway,R-HSA-5696397,0.004202344811952179
R-HSA-727802,abstraction:NextStepPathway,R-HSA-9840309,0.00262703600319738
R-HSA-727802,abstraction:NextStepPathway,R-HSA-9939291,0.0019240968755268365
R-HSA-727802,abstraction:NextStepPathway,R-HSA-156588,0.0027266247730223917
R-HSA-727802,abstraction:NextStepPathway,R-HSA-1971475,0.000644340016734873
R-HSA-727802,abstraction:NextStepPathway,R-HSA-913709,0.0020221091587739985
R-HSA-727802,abstraction:NextStepPathway,R-HSA-2022923,0.0008313310619477585
R-HSA-727802,abstraction:NextStepPathway,R-HSA-2022928,0.0026685218946335626
R-HSA-727802,abstraction:NextStepPathway,R-HSA-163841,0.00038255971626408817
R-HSA-727802,abstraction:NextStepPathway,R-HSA-2022870,0.0012909322113135605
R-HSA-727802,abstraction:NextStepPathway,R-HSA-5653890,9.03260824686397e-07
R-HSA-727802,abstraction:NextStepPathway,R-HSA-189483,0.00019758310405395987
R-HSA-727802,abstraction:NextStepPathway,R-HSA-4085001,0.0012456988729974904
R-HSA-727802,abstraction:NextStepPathway,R-HSA-156584,0.00044936083228600286
R-HSA-727802,abstraction:NextStepPathway,R-HSA-173599,0.0031110900030870744
R-HSA-727802,abstraction:NextStepPathway,R-HSA-9749641,0.00020553437212546285
R-HSA-727802,abstraction:NextStepPathway,R-HSA-2022854,0.0035204164969651957
R-HSA-432720,abstraction:NextStepPathway,R-HSA-199992,0.013501305404023512
R-HSA-110357,abstraction:NextStepPathway,R-HSA-73933,0.0043139399957714515
R-HSA-432040,abstraction:NextStepPathway,R-HSA-111931,0.0023884648752765737
R-HSA-432040,abstraction:NextStepPathway,R-HSA-418594,0.0030026120910233624
R-HSA-432040,abstraction:NextStepPathway,R-HSA-9856530,0.002559545044864339
R-HSA-432040,abstraction:NextStepPathway,R-HSA-164378,0.002977657070902893
R-HSA-432040,abstraction:NextStepPathway,R-HSA-9634597,0.0034489044764960974
R-HSA-432040,abstraction:NextStepPathway,R-HSA-111957,0.000888764343916422
R-HSA-432040,abstraction:NextStepPathway,R-HSA-9664323,0.0025528885125362362
R-HSA-432040,abstraction:NextStepPathway,R-HSA-163560,0.0009515303366155842
R-HSA-432040,abstraction:NextStepPathway,R-HSA-418597,0.0036923011890404775
R-HSA-432040,abstraction:NextStepPathway,R-HSA-442720,0.00196438196316438
R-HSA-432040,abstraction:NextStepPathway,R-HSA-163359,0.003208629324886224
R-HSA-432040,abstraction:NextStepPathway,R-HSA-180024,0.0015607993737946683
R-HSA-432040,abstraction:NextStepPathway,R-HSA-418555,0.0036142011018210555
R-HSA-432040,abstraction:NextStepPathway,R-HSA-163358,0.000888764343916422
R-HSA-432040,abstraction:NextStepPathway,R-HSA-381676,0.0022849329818332184
R-HSA-432040,abstraction:NextStepPathway,R-HSA-9634600,0.0012508843383710125
R-HSA-432040,abstraction:NextStepPathway,R-HSA-163615,0.0018994045808789907
R-HSA-432040,abstraction:NextStepPathway,R-HSA-392517,0.0030189672395426223
R-HSA-432040,abstraction:NextStepPathway,R-HSA-9660821,0.0034489044764960974
R-HSA-1483152,abstraction:NextStepPathway,R-HSA-1483213,0.000726100444074261
R-HSA-1483152,abstraction:NextStepPathway,R-HSA-1483166,0.0010879376744709704
R-HSA-196025,abstraction:NextStepPathway,R-HSA-190873,0.0015463384964360472
R-HSA-69278,abstraction:NextStepPathway,R-HSA-453274,0.056998977081128804
R-HSA-9909620,abstraction:NextStepPathway,R-HSA-9929356,0.00039371268224702667
R-HSA-9909620,abstraction:NextStepPathway,R-HSA-9931269,0.00039371268224702667
R-HSA-9909620,abstraction:NextStepPathway,R-HSA-9929491,0.00038971948150936386
R-HSA-9909620,abstraction:NextStepPathway,R-HSA-9931295,0.0005189863831007816
R-HSA-937041,abstraction:NextStepPathway,R-HSA-9013957,0.001532163302451333
R-HSA-937041,abstraction:NextStepPathway,R-HSA-2562578,0.00481645451625704
R-HSA-937041,abstraction:NextStepPathway,R-HSA-168927,0.003614000331638275
R-HSA-203615,abstraction:NextStepPathway,R-HSA-1474151,0.008770032956739022
R-HSA-203615,abstraction:NextStepPathway,R-HSA-203641,0.0031546358762318924
R-HSA-203615,abstraction:NextStepPathway,R-HSA-9009391,0.009789799113258002
R-HSA-203615,abstraction:NextStepPathway,R-HSA-5218920,0.009991782982582048
R-HSA-195399,abstraction:NextStepPathway,R-HSA-4420097,0.0002955764071264376
R-HSA-1855184,abstraction:NextStepPathway,R-HSA-1855156,0.0006330271094631224
R-HSA-1855184,abstraction:NextStepPathway,R-HSA-1855231,0.001972437866553211
R-HSA-1855184,abstraction:NextStepPathway,R-HSA-1855215,0.0006330271094631224
R-HSA-1170546,abstraction:NextStepPathway,R-HSA-1251985,1.7069150587255344e-06
R-HSA-1170546,abstraction:NextStepPathway,R-HSA-982772,0.002599648864853717
R-HSA-75109,abstraction:NextStepPathway,R-HSA-1483166,0.002076879682418084
R-HSA-1266695,abstraction:NextStepPathway,R-HSA-2586552,0.0013161413737862021
R-HSA-1266695,abstraction:NextStepPathway,R-HSA-9020558,0.0023927349998350902
R-HSA-1266695,abstraction:NextStepPathway,R-HSA-3247509,0.000987125630117854
R-HSA-1266695,abstraction:NextStepPathway,R-HSA-8985947,0.0031782369455044617
R-HSA-1266695,abstraction:NextStepPathway,R-HSA-512988,0.0006195938546532729
R-HSA-1266695,abstraction:NextStepPathway,R-HSA-9703465,0.0006443400167348729
R-HSA-1266695,abstraction:NextStepPathway,R-HSA-6785807,0.0024290874514496584
R-HSA-1266695,abstraction:NextStepPathway,R-HSA-9020958,0.0026809353750993302
R-HSA-1266695,abstraction:NextStepPathway,R-HSA-8983432,0.002958182493213498
R-HSA-1266695,abstraction:NextStepPathway,R-HSA-9702518,0.0006631383898646154
R-HSA-1266695,abstraction:NextStepPathway,R-HSA-982772,0.0007369005503478866
R-HSA-180024,abstraction:NextStepPathway,R-HSA-111931,0.0023884648752765737
R-HSA-180024,abstraction:NextStepPathway,R-HSA-9856530,0.0020906155120916483
R-HSA-180024,abstraction:NextStepPathway,R-HSA-164378,0.000888764343916422
R-HSA-180024,abstraction:NextStepPathway,R-HSA-9634597,0.00117337402933872
R-HSA-180024,abstraction:NextStepPathway,R-HSA-9664323,0.0025528885125362362
R-HSA-180024,abstraction:NextStepPathway,R-HSA-163560,0.0013829863821522206
R-HSA-180024,abstraction:NextStepPathway,R-HSA-442720,0.0026216097289480118
R-HSA-180024,abstraction:NextStepPathway,R-HSA-432040,0.0015607993737946683
R-HSA-180024,abstraction:NextStepPathway,R-HSA-163358,0.000888764343916422
R-HSA-180024,abstraction:NextStepPathway,R-HSA-9634600,0.0023884648752765737
R-HSA-180024,abstraction:NextStepPathway,R-HSA-163615,0.0018994045808789907
R-HSA-180024,abstraction:NextStepPathway,R-HSA-9660821,0.00117337402933872
R-HSA-111452,abstraction:NextStepPathway,R-HSA-111457,6.018009763594035e-08
R-HSA-111452,abstraction:NextStepPathway,R-HSA-5620971,1.8060420476851587e-07
R-HSA-111997,abstraction:NextStepPathway,R-HSA-9856530,0.0026028201740395072
R-HSA-111997,abstraction:NextStepPathway,R-HSA-442982,0.0007801105076425418
R-HSA-111997,abstraction:NextStepPathway,R-HSA-2871809,0.0019628715593139317
R-HSA-111997,abstraction:NextStepPathway,R-HSA-111933,0.011429488703665093
R-HSA-111997,abstraction:NextStepPathway,R-HSA-9620244,0.001710955073382362
R-HSA-111997,abstraction:NextStepPathway,R-HSA-111957,0.0030062849903470332
R-HSA-111997,abstraction:NextStepPathway,R-HSA-442720,0.004255138830274075
R-HSA-111997,abstraction:NextStepPathway,R-HSA-442729,0.005538222922655057
R-HSA-111997,abstraction:NextStepPathway,R-HSA-111932,0.005538222922655057
R-HSA-111997,abstraction:NextStepPathway,R-HSA-445355,0.002766980315146862
R-HSA-111997,abstraction:NextStepPathway,R-HSA-203615,0.0017380805531632298
R-HSA-111997,abstraction:NextStepPathway,R-HSA-180024,0.0032326750764008596
R-HSA-111997,abstraction:NextStepPathway,R-HSA-5607763,0.001266848237137375
R-HSA-111997,abstraction:NextStepPathway,R-HSA-4086398,0.001873927456724924
R-HSA-111997,abstraction:NextStepPathway,R-HSA-5627123,0.002102552644229992
R-HSA-111997,abstraction:NextStepPathway,R-HSA-2025928,0.0007801105076425418
R-HSA-111997,abstraction:NextStepPathway,R-HSA-5218920,0.0017744341373418272
R-HSA-2454202,abstraction:NextStepPathway,R-HSA-2730905,0.0058760231292661535
R-HSA-349425,abstraction:NextStepPathway,R-HSA-69473,0.0009400659899426427
R-HSA-349425,abstraction:NextStepPathway,R-HSA-69541,0.021122891240970148
R-HSA-349425,abstraction:NextStepPathway,R-HSA-6804756,0.0008575099354128313
R-HSA-500753,abstraction:NextStepPathway,R-HSA-379716,0.002284126756871064
R-HSA-500753,abstraction:NextStepPathway,R-HSA-71737,0.0012844504593862538
R-HSA-500753,abstraction:NextStepPathway,R-HSA-499943,0.0026832251547917996
R-HSA-180292,abstraction:NextStepPathway,R-HSA-6811558,0.002727145051631224
R-HSA-180292,abstraction:NextStepPathway,R-HSA-1257604,0.002085349999859199
R-HSA-180292,abstraction:NextStepPathway,R-HSA-5654695,0.0053288845168915615
R-HSA-180292,abstraction:NextStepPathway,R-HSA-5654720,0.0053288845168915615
R-HSA-180292,abstraction:NextStepPathway,R-HSA-5654710,0.0053288845168915615
R-HSA-180292,abstraction:NextStepPathway,R-HSA-5654689,0.0053288845168915615
R-HSA-8939211,abstraction:NextStepPathway,R-HSA-1251985,0.0016453083559362133
R-HSA-8939211,abstraction:NextStepPathway,R-HSA-9018519,0.04583160242126399
R-HSA-8939211,abstraction:NextStepPathway,R-HSA-8931987,0.00400991047678386
R-HSA-1181150,abstraction:NextStepPathway,R-HSA-2173795,0.0012082659161814183
R-HSA-1181150,abstraction:NextStepPathway,R-HSA-9754189,0.0003000305075533746
R-HSA-1181150,abstraction:NextStepPathway,R-HSA-2173796,0.00116072077857507
R-HSA-1181150,abstraction:NextStepPathway,R-HSA-9796292,0.0003445984473915657
R-HSA-1181150,abstraction:NextStepPathway,R-HSA-2173789,0.0011028501221820551
R-HSA-1181150,abstraction:NextStepPathway,R-HSA-8941855,0.00038080797729275816
R-HSA-1181150,abstraction:NextStepPathway,R-HSA-1433617,0.0006368449154031577
R-HSA-1181150,abstraction:NextStepPathway,R-HSA-9823730,1.1040832005583245e-06
R-HSA-1181150,abstraction:NextStepPathway,R-HSA-1502540,0.003952142247036956
R-HSA-1181150,abstraction:NextStepPathway,R-HSA-9617828,0.00028799310999934704
R-HSA-5357905,abstraction:NextStepPathway,R-HSA-3371378,0.002748007614327523
R-HSA-8878166,abstraction:NextStepPathway,R-HSA-8941326,0.013292412357167974
R-HSA-8878166,abstraction:NextStepPathway,R-HSA-8941332,0.0039032128097907354
R-HSA-8878166,abstraction:NextStepPathway,R-HSA-8940973,0.009216426736593494
R-HSA-8878166,abstraction:NextStepPathway,R-HSA-8941284,0.00216026850498588
R-HSA-8878166,abstraction:NextStepPathway,R-HSA-8941333,0.0017266046718883395
R-HSA-8878166,abstraction:NextStepPathway,R-HSA-8939902,0.027089539494209558
R-HSA-167243,abstraction:NextStepPathway,R-HSA-167246,0.01688412721611724
R-HSA-5673000,abstraction:NextStepPathway,R-HSA-9726842,0.0018623815452476229
R-HSA-5673000,abstraction:NextStepPathway,R-HSA-9726840,0.0031455057624255388
R-HSA-5673000,abstraction:NextStepPathway,R-HSA-5674135,0.0019270891421835244
R-HSA-167044,abstraction:NextStepPathway,R-HSA-171007,0.004621456082374049
R-HSA-419771,abstraction:NextStepPathway,R-HSA-418594,0.0003822575876994845
R-HSA-419771,abstraction:NextStepPathway,R-HSA-416476,3.312543286998807e-07
R-HSA-9023661,abstraction:NextStepPathway,R-HSA-373076,0.00023890180083259026
R-HSA-9909649,abstraction:NextStepPathway,R-HSA-9909620,0.00048910038486254
R-HSA-2142691,abstraction:NextStepPathway,R-HSA-2142688,0.006056812483958514
R-HSA-2142691,abstraction:NextStepPathway,R-HSA-2142700,0.004623812006823554
R-HSA-2142691,abstraction:NextStepPathway,R-HSA-211979,0.0027127661802567294
R-HSA-2142691,abstraction:NextStepPathway,R-HSA-9664535,0.002911927827402527
R-HSA-964827,abstraction:NextStepPathway,R-HSA-964739,0.00253203823542791
R-HSA-418555,abstraction:NextStepPathway,R-HSA-418217,3.311565588313561e-07
R-HSA-418555,abstraction:NextStepPathway,R-HSA-418594,0.004840451372844559
R-HSA-418555,abstraction:NextStepPathway,R-HSA-9856530,0.002412974442279116
R-HSA-418555,abstraction:NextStepPathway,R-HSA-164378,0.002879343469615541
R-HSA-418555,abstraction:NextStepPathway,R-HSA-9634597,0.0077710914803319426
R-HSA-418555,abstraction:NextStepPathway,R-HSA-392451,0.0007830667897472292
R-HSA-418555,abstraction:NextStepPathway,R-HSA-9664323,0.00243123401591416
R-HSA-418555,abstraction:NextStepPathway,R-HSA-418597,0.0049956443562975085
R-HSA-418555,abstraction:NextStepPathway,R-HSA-442720,0.0018882077853996922
R-HSA-418555,abstraction:NextStepPathway,R-HSA-163359,0.003086733766720105
R-HSA-418555,abstraction:NextStepPathway,R-HSA-432040,0.0036142011018210555
R-HSA-418555,abstraction:NextStepPathway,R-HSA-180024,0.002495713591925192
R-HSA-418555,abstraction:NextStepPathway,R-HSA-4086398,0.0022136038656848066
R-HSA-418555,abstraction:NextStepPathway,R-HSA-8964315,2.2076452669517408e-07
R-HSA-418555,abstraction:NextStepPathway,R-HSA-8964616,0.0003763589127176784
R-HSA-418555,abstraction:NextStepPathway,R-HSA-163615,0.0018232504862384915
R-HSA-418555,abstraction:NextStepPathway,R-HSA-9660821,0.005288410408622019
R-HSA-9033807,abstraction:NextStepPathway,R-HSA-9037629,0.0035278628576681345
R-HSA-209968,abstraction:NextStepPathway,R-HSA-350864,0.003826358646798083
R-HSA-209968,abstraction:NextStepPathway,R-HSA-8941413,0.0009496103580349161
R-HSA-422356,abstraction:NextStepPathway,R-HSA-9856530,0.0031697601088208557
R-HSA-422356,abstraction:NextStepPathway,R-HSA-2871809,0.0033138678843799996
R-HSA-422356,abstraction:NextStepPathway,R-HSA-1169091,0.0009098866660935455
R-HSA-422356,abstraction:NextStepPathway,R-HSA-112043,0.0060006935335908665
R-HSA-422356,abstraction:NextStepPathway,R-HSA-9664323,0.004554342160927063
R-HSA-422356,abstraction:NextStepPathway,R-HSA-2029485,0.003036675016089617
R-HSA-422356,abstraction:NextStepPathway,R-HSA-445355,0.002539220847711859
R-HSA-422356,abstraction:NextStepPathway,R-HSA-5218921,0.0034930421811957654
R-HSA-422356,abstraction:NextStepPathway,R-HSA-111997,0.00313650203418725
R-HSA-422356,abstraction:NextStepPathway,R-HSA-5607763,0.00251599084228883
R-HSA-422356,abstraction:NextStepPathway,R-HSA-1489509,0.00490588884916636
R-HSA-422356,abstraction:NextStepPathway,R-HSA-4086398,0.004089270590065218
R-HSA-422356,abstraction:NextStepPathway,R-HSA-5578775,0.003137445654733646
R-HSA-422356,abstraction:NextStepPathway,R-HSA-983695,0.002658821926765408
R-HSA-422356,abstraction:NextStepPathway,R-HSA-2514859,0.002874987501315123
R-HSA-71384,abstraction:NextStepPathway,R-HSA-379716,0.0011132040515395899
R-HSA-71384,abstraction:NextStepPathway,R-HSA-71737,0.0007830667897472292
R-HSA-9703648,abstraction:NextStepPathway,R-HSA-9702518,0.010990055431999594
R-HSA-210990,abstraction:NextStepPathway,R-HSA-432142,0.002580479043181882
R-HSA-1222538,abstraction:NextStepPathway,R-HSA-1222541,0.003219524176438975
R-HSA-8941855,abstraction:NextStepPathway,R-HSA-8952158,0.0016558940212783385
R-HSA-9694786,abstraction:NextStepPathway,R-HSA-9727281,0.0008645446365222528
R-HSA-9694786,abstraction:NextStepPathway,R-HSA-9694635,0.0029021368081851595
R-HSA-9694786,abstraction:NextStepPathway,R-HSA-9694686,0.006871785343337638
R-HSA-5654688,abstraction:NextStepPathway,R-HSA-5673001,0.0014659788886167069
R-HSA-5365859,abstraction:NextStepPathway,R-HSA-211916,0.00592511730889033
R-HSA-5365859,abstraction:NextStepPathway,R-HSA-5362517,0.012412023624351641
R-HSA-8951671,abstraction:NextStepPathway,R-HSA-2032785,0.002256560580892156
R-HSA-1236978,abstraction:NextStepPathway,R-HSA-983170,0.0007709040417169943
R-HSA-1236978,abstraction:NextStepPathway,R-HSA-983168,0.017989358778818885
R-HSA-1236978,abstraction:NextStepPathway,R-HSA-1236977,0.001261059154082041
R-HSA-399719,abstraction:NextStepPathway,R-HSA-399710,2.2574193398187202e-07
R-HSA-5607763,abstraction:NextStepPathway,R-HSA-9856530,0.0010041910124279135
R-HSA-5607763,abstraction:NextStepPathway,R-HSA-442982,0.0008779739050872751
R-HSA-5607763,abstraction:NextStepPathway,R-HSA-2871809,0.0057883395150753495
R-HSA-5607763,abstraction:NextStepPathway,R-HSA-1169091,0.00023098134203091287
R-HSA-5607763,abstraction:NextStepPathway,R-HSA-111933,0.001266848237137375
R-HSA-5607763,abstraction:NextStepPathway,R-HSA-9620244,0.0008089174894348665
R-HSA-5607763,abstraction:NextStepPathway,R-HSA-111957,0.0016539913513097017
R-HSA-5607763,abstraction:NextStepPathway,R-HSA-112043,0.0032858214764057043
R-HSA-5607763,abstraction:NextStepPathway,R-HSA-9664323,0.002954367125642406
R-HSA-5607763,abstraction:NextStepPathway,R-HSA-442720,0.0009271771605786682
R-HSA-5607763,abstraction:NextStepPathway,R-HSA-2029485,0.0029856319926779163
R-HSA-5607763,abstraction:NextStepPathway,R-HSA-442729,0.0008779739050872751
R-HSA-5607763,abstraction:NextStepPathway,R-HSA-111932,0.0008779739050872751
R-HSA-5607763,abstraction:NextStepPathway,R-HSA-445355,0.001552321458880528
R-HSA-5607763,abstraction:NextStepPathway,R-HSA-5218921,0.002954367125642406
R-HSA-5607763,abstraction:NextStepPathway,R-HSA-203615,0.001513477212092474
R-HSA-5607763,abstraction:NextStepPathway,R-HSA-180024,0.003692301189040478
R-HSA-5607763,abstraction:NextStepPathway,R-HSA-111997,0.001266848237137375
R-HSA-5607763,abstraction:NextStepPathway,R-HSA-422356,0.00251599084228883
R-HSA-5607763,abstraction:NextStepPathway,R-HSA-9942503,1.0036527529279588e-06
R-HSA-5607763,abstraction:NextStepPathway,R-HSA-1489509,0.0028707473833218455
R-HSA-5607763,abstraction:NextStepPathway,R-HSA-4086398,0.004013510601976748
R-HSA-5607763,abstraction:NextStepPathway,R-HSA-5627123,0.0017987665858617049
R-HSA-5607763,abstraction:NextStepPathway,R-HSA-2025928,0.0027669225676175213
R-HSA-5607763,abstraction:NextStepPathway,R-HSA-5218920,0.0015421835927671515
R-HSA-5607763,abstraction:NextStepPathway,R-HSA-5578775,0.0033523707374172843
R-HSA-5607763,abstraction:NextStepPathway,R-HSA-983695,0.002143681023497336
R-HSA-5607763,abstraction:NextStepPathway,R-HSA-2514859,0.001513477212092474
R-HSA-110056,abstraction:NextStepPathway,R-HSA-5673001,0.0009885975342793498
R-HSA-110056,abstraction:NextStepPathway,R-HSA-445144,0.0020681365568768406
R-HSA-110056,abstraction:NextStepPathway,R-HSA-170968,0.0009094752200747441
R-HSA-110056,abstraction:NextStepPathway,R-HSA-112409,0.00392095467584296
R-HSA-375280,abstraction:NextStepPathway,R-HSA-418555,0.00023605148855328076
R-HSA-375280,abstraction:NextStepPathway,R-HSA-9660821,1.2395843009456284e-06
R-HSA-9942503,abstraction:NextStepPathway,R-HSA-9020591,0.0009692115264002696
R-HSA-68875,abstraction:NextStepPathway,R-HSA-380320,0.00033771783644058814
R-HSA-6807047,abstraction:NextStepPathway,R-HSA-191273,0.006488628768505868
R-HSA-9692913,abstraction:NextStepPathway,R-HSA-9686347,0.00046577344009908397
R-HSA-190840,abstraction:NextStepPathway,R-HSA-190861,0.0007220210893143929
R-HSA-918233,abstraction:NextStepPathway,R-HSA-936440,0.0011229090702300245
R-HSA-918233,abstraction:NextStepPathway,R-HSA-5689896,0.0016189286278807113
R-HSA-918233,abstraction:NextStepPathway,R-HSA-9013973,0.0019437244272181922
R-HSA-918233,abstraction:NextStepPathway,R-HSA-936964,0.0017300347202192554
R-HSA-918233,abstraction:NextStepPathway,R-HSA-9705671,0.003726597844937267
R-HSA-918233,abstraction:NextStepPathway,R-HSA-933541,0.003508298293676068
R-HSA-918233,abstraction:NextStepPathway,R-HSA-9833109,0.001638409047089438
R-HSA-110312,abstraction:NextStepPathway,R-HSA-110313,0.008211758936153998
R-HSA-110312,abstraction:NextStepPathway,R-HSA-5656169,0.0059634575368730566
R-HSA-75876,abstraction:NextStepPathway,R-HSA-75105,0.015303231036801195
R-HSA-1489509,abstraction:NextStepPathway,R-HSA-114508,0.002082735675654865
R-HSA-1489509,abstraction:NextStepPathway,R-HSA-9856530,0.002839402495128868
R-HSA-1489509,abstraction:NextStepPathway,R-HSA-2871809,0.004450048692928075
R-HSA-1489509,abstraction:NextStepPathway,R-HSA-1169091,0.0007690305663740429
R-HSA-1489509,abstraction:NextStepPathway,R-HSA-112043,0.012268271255689389
R-HSA-1489509,abstraction:NextStepPathway,R-HSA-9664323,0.007295703947139723
R-HSA-1489509,abstraction:NextStepPathway,R-HSA-1855204,0.002630347831697827
R-HSA-1489509,abstraction:NextStepPathway,R-HSA-2029485,0.004718238046613288
R-HSA-1489509,abstraction:NextStepPathway,R-HSA-1855196,0.00019107358950350167
R-HSA-1489509,abstraction:NextStepPathway,R-HSA-445355,0.0025453201950421216
R-HSA-1489509,abstraction:NextStepPathway,R-HSA-5218921,0.005278958480984323
R-HSA-1489509,abstraction:NextStepPathway,R-HSA-111997,0.010306734374611944
R-HSA-1489509,abstraction:NextStepPathway,R-HSA-422356,0.00490588884916636
R-HSA-1489509,abstraction:NextStepPathway,R-HSA-5607763,0.0028707473833218455
R-HSA-1489509,abstraction:NextStepPathway,R-HSA-4086398,0.0026712902754158574
R-HSA-1489509,abstraction:NextStepPathway,R-HSA-5578775,0.003176628590134692
R-HSA-1489509,abstraction:NextStepPathway,R-HSA-983695,0.003149796028310772
R-HSA-1489509,abstraction:NextStepPathway,R-HSA-2514859,0.0024742088873661314
R-HSA-1489509,abstraction:NextStepPathway,R-HSA-1855183,0.001375856552416249
R-HSA-69002,abstraction:NextStepPathway,R-HSA-69206,0.026846428668659137
R-HSA-69002,abstraction:NextStepPathway,R-HSA-69239,0.03610393941548726
R-HSA-73843,abstraction:NextStepPathway,R-HSA-73817,0.00197907070345547
R-HSA-73843,abstraction:NextStepPathway,R-HSA-500753,0.0016901896312270003
R-HSA-9705671,abstraction:NextStepPathway,R-HSA-5684264,0.0017583658213541613
R-HSA-9705671,abstraction:NextStepPathway,R-HSA-9758274,0.0010562050505857265
R-HSA-9705671,abstraction:NextStepPathway,R-HSA-933542,0.0021653986266883113
R-HSA-9705671,abstraction:NextStepPathway,R-HSA-445989,0.002686181843470413
R-HSA-9705671,abstraction:NextStepPathway,R-HSA-983170,0.00526477373097151
R-HSA-9705671,abstraction:NextStepPathway,R-HSA-975155,0.0020539228711627163
R-HSA-9705671,abstraction:NextStepPathway,R-HSA-909733,0.0024905956796187198
R-HSA-9705671,abstraction:NextStepPathway,R-HSA-918233,0.003726597844937267
R-HSA-9705671,abstraction:NextStepPathway,R-HSA-9860276,0.0017583658213541613
R-HSA-9705671,abstraction:NextStepPathway,R-HSA-912694,0.0020089322022141037
R-HSA-9705671,abstraction:NextStepPathway,R-HSA-1810476,0.001474138372439086
R-HSA-9705671,abstraction:NextStepPathway,R-HSA-168928,0.007034869052724987
R-HSA-9832991,abstraction:NextStepPathway,R-HSA-9823739,0.005344680384621163
R-HSA-195253,abstraction:NextStepPathway,R-HSA-196299,0.004036934381112131
R-HSA-8964540,abstraction:NextStepPathway,R-HSA-70268,0.0020961691216855476
R-HSA-5263617,abstraction:NextStepPathway,R-HSA-2408508,0.0011438064967982035
R-HSA-5263617,abstraction:NextStepPathway,R-HSA-2408552,0.0004165949524717983
R-HSA-9730628,abstraction:NextStepPathway,R-HSA-9717207,0.0018260684617672257
R-HSA-110373,abstraction:NextStepPathway,R-HSA-5651801,0.009074243905776982
R-HSA-110373,abstraction:NextStepPathway,R-HSA-110362,0.0077710914803319426
R-HSA-4086398,abstraction:NextStepPathway,R-HSA-114508,0.002495915386289582
R-HSA-4086398,abstraction:NextStepPathway,R-HSA-418217,0.0016393325091059842
R-HSA-4086398,abstraction:NextStepPathway,R-HSA-2871809,0.004759366726915716
R-HSA-4086398,abstraction:NextStepPathway,R-HSA-112043,0.0038976183165519386
R-HSA-4086398,abstraction:NextStepPathway,R-HSA-9664323,0.0027717120983743898
R-HSA-4086398,abstraction:NextStepPathway,R-HSA-76005,0.003109139754682839
R-HSA-4086398,abstraction:NextStepPathway,R-HSA-2029485,0.0028094352814817627
R-HSA-4086398,abstraction:NextStepPathway,R-HSA-5218921,0.0032953685487818593
R-HSA-4086398,abstraction:NextStepPathway,R-HSA-422356,0.004089270590065218
R-HSA-4086398,abstraction:NextStepPathway,R-HSA-5607763,0.004013510601976747
R-HSA-4086398,abstraction:NextStepPathway,R-HSA-1489509,0.0026712902754158583
R-HSA-4086398,abstraction:NextStepPathway,R-HSA-5578775,0.0025108954643731684
R-HSA-4086398,abstraction:NextStepPathway,R-HSA-983695,0.0024879653186146823
R-HSA-4086398,abstraction:NextStepPathway,R-HSA-426048,0.0006852675202777124
R-HSA-4086398,abstraction:NextStepPathway,R-HSA-8964315,2.910679145311287e-07
R-HSA-4086398,abstraction:NextStepPathway,R-HSA-8964616,0.0003524897609133181
R-HSA-9026762,abstraction:NextStepPathway,R-HSA-9026395,0.005835496412736388
R-HSA-76042,abstraction:NextStepPathway,R-HSA-674695,0.020476403252753864
R-HSA-76042,abstraction:NextStepPathway,R-HSA-75953,0.025347460532623944
R-HSA-1368108,abstraction:NextStepPathway,R-HSA-196807,0.00013404375330383587
R-HSA-1368108,abstraction:NextStepPathway,R-HSA-400206,0.001617007981125222
R-HSA-1368108,abstraction:NextStepPathway,R-HSA-159740,0.00024893053424738013
R-HSA-1368108,abstraction:NextStepPathway,R-HSA-1989781,0.001617007981125222
R-HSA-8866907,abstraction:NextStepPathway,R-HSA-8866910,0.00034621048552611064
R-HSA-8866907,abstraction:NextStepPathway,R-HSA-8866911,0.0004536116351185273
R-HSA-8866907,abstraction:NextStepPathway,R-HSA-3232118,0.000850229877386402
R-HSA-8866907,abstraction:NextStepPathway,R-HSA-8869496,2.70866346627959e-07
R-HSA-8866907,abstraction:NextStepPathway,R-HSA-8864260,0.0030274357848841605
R-HSA-8866907,abstraction:NextStepPathway,R-HSA-8866906,9.027280809941951e-08
R-HSA-8866907,abstraction:NextStepPathway,R-HSA-8866904,0.0016558940212783385
R-HSA-75064,abstraction:NextStepPathway,R-HSA-77042,0.0014729368282269393
R-HSA-77042,abstraction:NextStepPathway,R-HSA-75102,0.0014729368282269393
R-HSA-73863,abstraction:NextStepPathway,R-HSA-6790901,9.860650485381626e-05
R-HSA-73863,abstraction:NextStepPathway,R-HSA-427389,0.0005940918376751941
R-HSA-73863,abstraction:NextStepPathway,R-HSA-427413,0.01579154649243973
R-HSA-73863,abstraction:NextStepPathway,R-HSA-6791226,3.721139670805982e-05
R-HSA-5656121,abstraction:NextStepPathway,R-HSA-110313,0.008787337592564975
R-HSA-5656121,abstraction:NextStepPathway,R-HSA-5656169,0.005858150727217036
R-HSA-210455,abstraction:NextStepPathway,R-HSA-8964539,0.004094292680663532
R-HSA-210455,abstraction:NextStepPathway,R-HSA-210500,0.00178661015674625
R-HSA-210455,abstraction:NextStepPathway,R-HSA-5628897,0.002859725171079122
R-HSA-203927,abstraction:NextStepPathway,R-HSA-5578749,0.006014518967527362
R-HSA-203927,abstraction:NextStepPathway,R-HSA-426496,0.0
R-HSA-9834752,abstraction:NextStepPathway,R-HSA-9833110,0.002795767018858715
R-HSA-9834752,abstraction:NextStepPathway,R-HSA-8983711,0.00032877460512843965
R-HSA-1606322,abstraction:NextStepPathway,R-HSA-1606341,0.00483996339102908
R-HSA-1606322,abstraction:NextStepPathway,R-HSA-1810476,0.008132416779248109
R-HSA-8963901,abstraction:NextStepPathway,R-HSA-8964026,0.003139791739731779
R-HSA-9660826,abstraction:NextStepPathway,R-HSA-196807,0.0024405726081177716
R-HSA-9660826,abstraction:NextStepPathway,R-HSA-418594,0.0013894580832205265
R-HSA-9660826,abstraction:NextStepPathway,R-HSA-448706,0.0021921517704351504
R-HSA-9660826,abstraction:NextStepPathway,R-HSA-844456,0.007262133827963282
R-HSA-9660826,abstraction:NextStepPathway,R-HSA-5620971,0.0005579250996843226
R-HSA-9660826,abstraction:NextStepPathway,R-HSA-9707564,0.0020825242592522994
R-HSA-9660826,abstraction:NextStepPathway,R-HSA-8850843,0.0029910197346524744
R-HSA-9660826,abstraction:NextStepPathway,R-HSA-9020702,0.0005676640432517642
R-HSA-9759218,abstraction:NextStepPathway,R-HSA-1614635,0.005712641280201963
R-HSA-9759218,abstraction:NextStepPathway,R-HSA-71032,0.0014341783965627461
R-HSA-9759218,abstraction:NextStepPathway,R-HSA-156581,0.005686392151930478
R-HSA-9694493,abstraction:NextStepPathway,R-HSA-9705677,0.0004921762263241234
R-HSA-9694493,abstraction:NextStepPathway,R-HSA-9694322,0.00047794998973703536
R-HSA-9694493,abstraction:NextStepPathway,R-HSA-9705671,0.0006453087437134091
R-HSA-163282,abstraction:NextStepPathway,R-HSA-163316,1.5043250191316097e-08
R-HSA-1483101,abstraction:NextStepPathway,R-HSA-1483213,0.0012525904118266776
R-HSA-1483101,abstraction:NextStepPathway,R-HSA-1482801,0.000364616586869658
R-HSA-168874,abstraction:NextStepPathway,R-HSA-168316,0.0020530878432230603
R-HSA-376176,abstraction:NextStepPathway,R-HSA-428890,0.0015802020056659345
R-HSA-376176,abstraction:NextStepPathway,R-HSA-428543,0.003567253701008348
R-HSA-376176,abstraction:NextStepPathway,R-HSA-373752,0.0026308243799480604
R-HSA-376176,abstraction:NextStepPathway,R-HSA-428540,0.00197655252109161
R-HSA-376176,abstraction:NextStepPathway,R-HSA-8985586,0.00316877676734894
R-HSA-376176,abstraction:NextStepPathway,R-HSA-428542,0.00316877676734894
R-HSA-2173788,abstraction:NextStepPathway,R-HSA-5689603,0.0014983993445371144
R-HSA-5625740,abstraction:NextStepPathway,R-HSA-75035,0.0012299119813120663
R-HSA-5625740,abstraction:NextStepPathway,R-HSA-5625886,0.007564837625549185
R-HSA-167161,abstraction:NextStepPathway,R-HSA-167162,0.02652575405539762
R-HSA-5689880,abstraction:NextStepPathway,R-HSA-2173795,0.0006337593194801932
R-HSA-192105,abstraction:NextStepPathway,R-HSA-1483248,0.0015594149513883453
R-HSA-9764790,abstraction:NextStepPathway,R-HSA-9764562,0.0004956441050781772
R-HSA-1963640,abstraction:NextStepPathway,R-HSA-5673001,0.0006581171683639108
R-HSA-9793242,abstraction:NextStepPathway,R-HSA-9615933,0.0016487932833668104
R-HSA-8939247,abstraction:NextStepPathway,R-HSA-8939245,0.0010278553366402025
R-HSA-9684325,abstraction:NextStepPathway,R-HSA-9735869,1.0240281225559632e-06
R-HSA-9684325,abstraction:NextStepPathway,R-HSA-9679504,0.0036268431881537515
R-HSA-9684325,abstraction:NextStepPathway,R-HSA-9692916,0.0006777678728428619
R-HSA-1663150,abstraction:NextStepPathway,R-HSA-9840310,0.002973598622525319
R-HSA-211976,abstraction:NextStepPathway,R-HSA-194002,0.0038735695301602893
R-HSA-211976,abstraction:NextStepPathway,R-HSA-193368,0.004615052328764901
R-HSA-211976,abstraction:NextStepPathway,R-HSA-193144,0.004024510474376795
R-HSA-211976,abstraction:NextStepPathway,R-HSA-196108,0.004487704913205805
R-HSA-211976,abstraction:NextStepPathway,R-HSA-191273,0.0023763763544640028
R-HSA-211976,abstraction:NextStepPathway,R-HSA-193775,0.004819568484953062
R-HSA-211976,abstraction:NextStepPathway,R-HSA-193993,0.005530561512474552
R-HSA-211976,abstraction:NextStepPathway,R-HSA-193807,0.00610215298504863
R-HSA-111446,abstraction:NextStepPathway,R-HSA-111453,1.0030311990159212e-07
R-HSA-74751,abstraction:NextStepPathway,R-HSA-5673001,0.0016884506605062011
R-HSA-74751,abstraction:NextStepPathway,R-HSA-179812,0.0021372921621480956
R-HSA-74751,abstraction:NextStepPathway,R-HSA-74749,0.005420055528603372
R-HSA-74751,abstraction:NextStepPathway,R-HSA-912526,0.002025351007368367
R-HSA-74751,abstraction:NextStepPathway,R-HSA-2428933,0.003313668108179774
R-HSA-74751,abstraction:NextStepPathway,R-HSA-180336,0.00391492898927902
R-HSA-74751,abstraction:NextStepPathway,R-HSA-171007,0.0019436705763582584
R-HSA-74751,abstraction:NextStepPathway,R-HSA-167044,0.002913491473388979
R-HSA-74751,abstraction:NextStepPathway,R-HSA-112412,0.0023500118360500594
R-HSA-9958790,abstraction:NextStepPathway,R-HSA-427601,0.00355776425616363
R-HSA-190704,abstraction:NextStepPathway,R-HSA-190872,0.0015463384964360472
R-HSA-190704,abstraction:NextStepPathway,R-HSA-190840,0.0007509207530338449
R-HSA-390696,abstraction:NextStepPathway,R-HSA-418597,1.5047242898782265e-07
R-HSA-390696,abstraction:NextStepPathway,R-HSA-416476,4.968961556162368e-07
R-HSA-390696,abstraction:NextStepPathway,R-HSA-418555,0.0004051531991171012
R-HSA-390696,abstraction:NextStepPathway,R-HSA-416482,1.5047242898782265e-07
R-HSA-390696,abstraction:NextStepPathway,R-HSA-9660821,1.9563146718429802e-07
R-HSA-110330,abstraction:NextStepPathway,R-HSA-110331,0.006487252718616008
R-HSA-159230,abstraction:NextStepPathway,R-HSA-72662,0.00010560365948742593
R-HSA-176409,abstraction:NextStepPathway,R-HSA-176407,0.008258998757012605
R-HSA-176409,abstraction:NextStepPathway,R-HSA-2467813,0.022096227972431076
R-HSA-176409,abstraction:NextStepPathway,R-HSA-174048,0.01002853282773397
R-HSA-176409,abstraction:NextStepPathway,R-HSA-174154,0.027887582568739064
R-HSA-1660499,abstraction:NextStepPathway,R-HSA-6811558,0.0035278628576681345
R-HSA-1660499,abstraction:NextStepPathway,R-HSA-166058,0.0014046308044249728
R-HSA-1660499,abstraction:NextStepPathway,R-HSA-1257604,0.002463703494796237
R-HSA-1660499,abstraction:NextStepPathway,R-HSA-199418,0.0039945552200665825
R-HSA-1660499,abstraction:NextStepPathway,R-HSA-1855204,0.002558675989331205
R-HSA-1660499,abstraction:NextStepPathway,R-HSA-1660524,0.00055283430457916
R-HSA-1660499,abstraction:NextStepPathway,R-HSA-1660516,0.0051972475728550484
R-HSA-1660499,abstraction:NextStepPathway,R-HSA-1482922,0.0007044483453649546
R-HSA-1660499,abstraction:NextStepPathway,R-HSA-202424,0.002437361124963547
R-HSA-163316,abstraction:NextStepPathway,R-HSA-6785470,2.259286151008119e-07
R-HSA-163316,abstraction:NextStepPathway,R-HSA-8868766,2.359838302035598e-07
R-HSA-201451,abstraction:NextStepPathway,R-HSA-8941326,0.001034292451984455
R-HSA-156842,abstraction:NextStepPathway,R-HSA-156902,0.04213747145490414
R-HSA-192905,abstraction:NextStepPathway,R-HSA-168325,0.0016648429697017151
R-HSA-5632684,abstraction:NextStepPathway,R-HSA-8941284,1.5321991996050008e-06
R-HSA-5632684,abstraction:NextStepPathway,R-HSA-5610780,0.01915349953266298
R-HSA-5632684,abstraction:NextStepPathway,R-HSA-5635851,0.001442311717565237
R-HSA-2160916,abstraction:NextStepPathway,R-HSA-2142845,0.010197351271509888
R-HSA-390648,abstraction:NextStepPathway,R-HSA-418594,7.230783404762218e-07
R-HSA-390648,abstraction:NextStepPathway,R-HSA-416476,4.968961556162368e-07
R-HSA-975110,abstraction:NextStepPathway,R-HSA-3134963,0.0010171915736418703
R-HSA-975110,abstraction:NextStepPathway,R-HSA-933541,0.0015659912002460024
R-HSA-173736,abstraction:NextStepPathway,R-HSA-977606,0.0015814254215587883
R-HSA-173736,abstraction:NextStepPathway,R-HSA-174577,0.0005885351346940456
R-HSA-69109,abstraction:NextStepPathway,R-HSA-69186,0.009366370258652987
R-HSA-168188,abstraction:NextStepPathway,R-HSA-166058,0.02878609652359817
R-HSA-9674555,abstraction:NextStepPathway,R-HSA-9705462,0.009540458079527069
R-HSA-6804759,abstraction:NextStepPathway,R-HSA-6803211,0.0004071505514665227
R-HSA-6804759,abstraction:NextStepPathway,R-HSA-139915,1.5047242898782265e-07
R-HSA-6804759,abstraction:NextStepPathway,R-HSA-6804116,0.0007827244911694742
R-HSA-6804759,abstraction:NextStepPathway,R-HSA-69895,0.0009585034683089511
R-HSA-6804759,abstraction:NextStepPathway,R-HSA-6803204,0.0011399248911072074
R-HSA-6804759,abstraction:NextStepPathway,R-HSA-6803205,0.00028433933782377887
R-HSA-9025094,abstraction:NextStepPathway,R-HSA-9027604,0.00473536127439083
R-HSA-9025094,abstraction:NextStepPathway,R-HSA-9026403,0.0017022136678321862
R-HSA-9933387,abstraction:NextStepPathway,R-HSA-1989781,0.004288410229415624
R-HSA-983712,abstraction:NextStepPathway,R-HSA-77387,0.004356340054170909
R-HSA-156711,abstraction:NextStepPathway,R-HSA-69273,0.00312399518133573
R-HSA-156711,abstraction:NextStepPathway,R-HSA-380270,0.00011598220803036956
R-HSA-156711,abstraction:NextStepPathway,R-HSA-2565942,0.0006156781448131063
R-HSA-73762,abstraction:NextStepPathway,R-HSA-427359,0.0018147848745463163
R-HSA-73762,abstraction:NextStepPathway,R-HSA-73772,0.01583677390755709
R-HSA-198323,abstraction:NextStepPathway,R-HSA-5628897,0.0009068070192549576
R-HSA-198323,abstraction:NextStepPathway,R-HSA-111447,0.001485401428523716
R-HSA-198323,abstraction:NextStepPathway,R-HSA-8948751,0.0010422063863072598
R-HSA-198323,abstraction:NextStepPathway,R-HSA-6804757,0.0011823139955786622
R-HSA-8941856,abstraction:NextStepPathway,R-HSA-210744,0.0038899310963852987
R-HSA-8941856,abstraction:NextStepPathway,R-HSA-2122947,0.0036140466098751197
R-HSA-442660,abstraction:NextStepPathway,R-HSA-888590,0.0023018376498647334
R-HSA-442660,abstraction:NextStepPathway,R-HSA-916853,0.001181648978571629
R-HSA-442660,abstraction:NextStepPathway,R-HSA-9856872,0.0006912470500641024
R-HSA-442660,abstraction:NextStepPathway,R-HSA-8964539,0.0009104079200678566
R-HSA-442660,abstraction:NextStepPathway,R-HSA-181430,0.0009874702032533606
R-HSA-442660,abstraction:NextStepPathway,R-HSA-379401,0.0015401432269963875
R-HSA-140837,abstraction:NextStepPathway,R-HSA-9657689,0.0011387427757433733
R-HSA-140837,abstraction:NextStepPathway,R-HSA-9672391,0.0017143866464896294
R-HSA-140837,abstraction:NextStepPathway,R-HSA-9657688,0.0017143866464896294
R-HSA-140837,abstraction:NextStepPathway,R-HSA-140875,0.002863489307213422
R-HSA-140837,abstraction:NextStepPathway,R-HSA-9672383,0.0022945038620623714
R-HSA-5627123,abstraction:NextStepPathway,R-HSA-2029482,0.0022972238031894496
R-HSA-5627123,abstraction:NextStepPathway,R-HSA-5627117,0.005033279970194153
R-HSA-5627123,abstraction:NextStepPathway,R-HSA-445355,0.0027236548980044194
R-HSA-5627123,abstraction:NextStepPathway,R-HSA-5625740,0.004088168464820385
R-HSA-5627123,abstraction:NextStepPathway,R-HSA-5687128,0.0011426713071325855
R-HSA-264642,abstraction:NextStepPathway,R-HSA-1483191,0.002984231471837364
R-HSA-163358,abstraction:NextStepPathway,R-HSA-9634600,0.002396502900436166
R-HSA-8875791,abstraction:NextStepPathway,R-HSA-2586552,0.0016863014545589181
R-HSA-8875791,abstraction:NextStepPathway,R-HSA-8849474,0.0017669313652801761
R-HSA-9931529,abstraction:NextStepPathway,R-HSA-1368108,0.0007676320836614479
R-HSA-9931529,abstraction:NextStepPathway,R-HSA-9931510,0.0007225899125342706
R-HSA-6803207,abstraction:NextStepPathway,R-HSA-111458,0.0012223119035152327
R-HSA-6803207,abstraction:NextStepPathway,R-HSA-75158,0.0003553660501694676
R-HSA-6803207,abstraction:NextStepPathway,R-HSA-933543,0.0003291037919009008
R-HSA-6803207,abstraction:NextStepPathway,R-HSA-844623,0.0011747201197460323
R-HSA-6803207,abstraction:NextStepPathway,R-HSA-75157,0.00037240590274162795
R-HSA-2730905,abstraction:NextStepPathway,R-HSA-2871837,0.0016989847167826594
R-HSA-2730905,abstraction:NextStepPathway,R-HSA-202424,0.0016288972643138176
R-HSA-9764561,abstraction:NextStepPathway,R-HSA-9766229,0.026322023176956102
R-HSA-168638,abstraction:NextStepPathway,R-HSA-5684264,0.0024519765697152878
R-HSA-168638,abstraction:NextStepPathway,R-HSA-5689896,0.002459000093172817
R-HSA-168638,abstraction:NextStepPathway,R-HSA-9758274,0.0011095042907116265
R-HSA-168638,abstraction:NextStepPathway,R-HSA-933542,0.0023763501830058814
R-HSA-168638,abstraction:NextStepPathway,R-HSA-445989,0.004600251512198173
R-HSA-168638,abstraction:NextStepPathway,R-HSA-525793,0.001130800806186516
R-HSA-168638,abstraction:NextStepPathway,R-HSA-9705671,0.002361268300635352
R-HSA-168638,abstraction:NextStepPathway,R-HSA-9860276,0.0024519765697152878
R-HSA-168638,abstraction:NextStepPathway,R-HSA-1810476,0.002165836591696938
R-HSA-168638,abstraction:NextStepPathway,R-HSA-9020702,0.004358720474665288
R-HSA-70370,abstraction:NextStepPathway,R-HSA-70263,0.001646091493514316
R-HSA-70370,abstraction:NextStepPathway,R-HSA-70221,0.0037608539552062203
R-HSA-844623,abstraction:NextStepPathway,R-HSA-448706,0.0006041324607522355
R-HSA-844623,abstraction:NextStepPathway,R-HSA-9660826,0.00042561037316116623
R-HSA-5358565,abstraction:NextStepPathway,R-HSA-5358606,0.013049211380412323
R-HSA-71336,abstraction:NextStepPathway,R-HSA-5628897,0.003564498633295706
R-HSA-71336,abstraction:NextStepPathway,R-HSA-163754,0.005261647608057861
R-HSA-71336,abstraction:NextStepPathway,R-HSA-3299685,0.0018820601659282627
R-HSA-71336,abstraction:NextStepPathway,R-HSA-73843,0.005261647608057861
R-HSA-71336,abstraction:NextStepPathway,R-HSA-499943,0.0030850807779945625
R-HSA-1483166,abstraction:NextStepPathway,R-HSA-1483226,0.0002474750992162945
R-HSA-1483166,abstraction:NextStepPathway,R-HSA-1483148,0.0027771184015342844
R-HSA-1483166,abstraction:NextStepPathway,R-HSA-1483213,0.0008201047095571594
R-HSA-1483166,abstraction:NextStepPathway,R-HSA-1483191,0.001751863942472598
R-HSA-1483166,abstraction:NextStepPathway,R-HSA-6803204,0.00016326762536036837
R-HSA-1483166,abstraction:NextStepPathway,R-HSA-75109,0.0020768796824180836
R-HSA-1483166,abstraction:NextStepPathway,R-HSA-264642,0.0008321068202077426
R-HSA-456926,abstraction:NextStepPathway,R-HSA-418217,1.5047242898782265e-07
R-HSA-456926,abstraction:NextStepPathway,R-HSA-392451,3.5114375511931753e-07
R-HSA-456926,abstraction:NextStepPathway,R-HSA-416476,0.0015735582722786758
R-HSA-456926,abstraction:NextStepPathway,R-HSA-4086398,0.001120708907060522
R-HSA-456926,abstraction:NextStepPathway,R-HSA-8964315,1.0031199444473728e-07
R-HSA-456926,abstraction:NextStepPathway,R-HSA-416482,0.0014208263831362218
R-HSA-456926,abstraction:NextStepPathway,R-HSA-8964616,0.0004456750036729145
R-HSA-9025046,abstraction:NextStepPathway,R-HSA-9026527,0.0013105411807580313
R-HSA-110331,abstraction:NextStepPathway,R-HSA-5649702,0.00030914590001884426
R-HSA-110331,abstraction:NextStepPathway,R-HSA-110357,0.0007925911343765062
R-HSA-163210,abstraction:NextStepPathway,R-HSA-83936,0.0006799063618537565
R-HSA-180910,abstraction:NextStepPathway,R-HSA-162592,0.00401673220941954
R-HSA-9933946,abstraction:NextStepPathway,R-HSA-9934037,0.005761859064073799
R-HSA-9762293,abstraction:NextStepPathway,R-HSA-9759811,0.0010131969669582852
R-HSA-77595,abstraction:NextStepPathway,R-HSA-159231,0.0036077993316298625
R-HSA-77595,abstraction:NextStepPathway,R-HSA-73856,0.009441077826888977
R-HSA-192823,abstraction:NextStepPathway,R-HSA-9686347,0.0001937445393912492
R-HSA-351202,abstraction:NextStepPathway,R-HSA-351200,0.008252642655738532
R-HSA-351202,abstraction:NextStepPathway,R-HSA-1237112,0.0009901007887335095
R-HSA-417957,abstraction:NextStepPathway,R-HSA-418594,0.0004713285291413964
R-HSA-417957,abstraction:NextStepPathway,R-HSA-392170,0.000888764343916422
R-HSA-417957,abstraction:NextStepPathway,R-HSA-418592,0.0012831291926475052
R-HSA-417957,abstraction:NextStepPathway,R-HSA-416476,0.0005355246809275385
R-HSA-9619229,abstraction:NextStepPathway,R-HSA-9617324,0.0013431955824673852
R-HSA-9619229,abstraction:NextStepPathway,R-HSA-438064,0.005622616666336601
R-HSA-5218920,abstraction:NextStepPathway,R-HSA-1474151,0.007196225141303547
R-HSA-5218920,abstraction:NextStepPathway,R-HSA-9009391,0.010050387573721072
R-HSA-5218920,abstraction:NextStepPathway,R-HSA-389357,0.005179134061729231
R-HSA-5218920,abstraction:NextStepPathway,R-HSA-8876198,0.0008272990823892614
R-HSA-5218920,abstraction:NextStepPathway,R-HSA-1257604,0.004030989833767904
R-HSA-5218920,abstraction:NextStepPathway,R-HSA-69202,0.0005737062320255897
R-HSA-5218920,abstraction:NextStepPathway,R-HSA-5628897,0.003692530673085244
R-HSA-5218920,abstraction:NextStepPathway,R-HSA-9755779,0.004002910179914276
R-HSA-5218920,abstraction:NextStepPathway,R-HSA-114604,0.0015691834266173712
R-HSA-5218920,abstraction:NextStepPathway,R-HSA-69656,0.0005778656089910355
R-HSA-5218920,abstraction:NextStepPathway,R-HSA-111447,0.0010952024462964178
R-HSA-5218920,abstraction:NextStepPathway,R-HSA-203615,0.009991782982582048
R-HSA-5218920,abstraction:NextStepPathway,R-HSA-1358803,0.0007661260712314013
R-HSA-5218920,abstraction:NextStepPathway,R-HSA-6804759,0.0006275863883853563
R-HSA-5218920,abstraction:NextStepPathway,R-HSA-198323,0.000647544189543853
R-HSA-5218920,abstraction:NextStepPathway,R-HSA-6804758,0.0007944213906486296
R-HSA-5218920,abstraction:NextStepPathway,R-HSA-9634635,0.0021987952608564475
R-HSA-5218920,abstraction:NextStepPathway,R-HSA-9604323,0.0006749463563056184
R-HSA-5218920,abstraction:NextStepPathway,R-HSA-8948751,0.0006567583554293519
R-HSA-5218920,abstraction:NextStepPathway,R-HSA-6804757,0.0038944267280008947
R-HSA-201556,abstraction:NextStepPathway,R-HSA-9851151,0.003218031168543239
R-HSA-201556,abstraction:NextStepPathway,R-HSA-9701898,0.008840346863395361
R-HSA-201556,abstraction:NextStepPathway,R-HSA-9909649,0.00022539120161376824
R-HSA-68952,abstraction:NextStepPathway,R-HSA-113501,0.0019736054027518473
R-HSA-68952,abstraction:NextStepPathway,R-HSA-69091,0.0017345320102195802
R-HSA-68952,abstraction:NextStepPathway,R-HSA-9710421,0.004211931681258314
R-HSA-9927354,abstraction:NextStepPathway,R-HSA-6811558,1.705656054424047e-07
R-HSA-9927354,abstraction:NextStepPathway,R-HSA-1257604,1.1167930510092612e-06
R-HSA-9678110,abstraction:NextStepPathway,R-HSA-9682706,0.00030326933504647353
R-HSA-9678110,abstraction:NextStepPathway,R-HSA-9694614,0.0017926571819815089
R-HSA-2424491,abstraction:NextStepPathway,R-HSA-5673001,0.001029894549043676
R-HSA-2424491,abstraction:NextStepPathway,R-HSA-2871796,0.007279049089771523
R-HSA-2404192,abstraction:NextStepPathway,R-HSA-2428933,0.004255138830274075
R-HSA-2404192,abstraction:NextStepPathway,R-HSA-2428928,0.010516242534874116
R-HSA-1369062,abstraction:NextStepPathway,R-HSA-8964058,0.0036142011018210555
R-HSA-1369062,abstraction:NextStepPathway,R-HSA-75896,1.355051166166795e-06
R-HSA-210747,abstraction:NextStepPathway,R-HSA-210744,0.0017574515506806022
R-HSA-6783783,abstraction:NextStepPathway,R-HSA-8854691,0.0029249281522680565
R-HSA-6783783,abstraction:NextStepPathway,R-HSA-9909649,7.024325465567075e-07
R-HSA-381676,abstraction:NextStepPathway,R-HSA-9856530,0.0018553377303510857
R-HSA-381676,abstraction:NextStepPathway,R-HSA-9634597,0.0024526059926816435
R-HSA-381676,abstraction:NextStepPathway,R-HSA-163359,0.0027389718858527963
R-HSA-381676,abstraction:NextStepPathway,R-HSA-432040,0.0022849329818332184
R-HSA-381676,abstraction:NextStepPathway,R-HSA-418555,0.0021867599624199037
R-HSA-381676,abstraction:NextStepPathway,R-HSA-422356,0.006258218551988053
R-HSA-381676,abstraction:NextStepPathway,R-HSA-9660821,0.0024526059926816435
R-HSA-165054,abstraction:NextStepPathway,R-HSA-180746,0.017583814312383136
R-HSA-5578775,abstraction:NextStepPathway,R-HSA-936837,0.005174529826312658
R-HSA-5578775,abstraction:NextStepPathway,R-HSA-114508,0.002495915386289582
R-HSA-5578775,abstraction:NextStepPathway,R-HSA-9856530,0.0018097781092391322
R-HSA-5578775,abstraction:NextStepPathway,R-HSA-2871809,0.0036613803861705084
R-HSA-5578775,abstraction:NextStepPathway,R-HSA-1169091,0.0007074164028458642
R-HSA-5578775,abstraction:NextStepPathway,R-HSA-112043,0.0038976183165519386
R-HSA-5578775,abstraction:NextStepPathway,R-HSA-9664323,0.0032953685487818593
R-HSA-5578775,abstraction:NextStepPathway,R-HSA-76005,0.002545834504420995
R-HSA-5578775,abstraction:NextStepPathway,R-HSA-445355,0.0023851064260320648
R-HSA-5578775,abstraction:NextStepPathway,R-HSA-5218921,0.0032953685487818593
R-HSA-5578775,abstraction:NextStepPathway,R-HSA-111997,0.001873927456724924
R-HSA-5578775,abstraction:NextStepPathway,R-HSA-422356,0.003137445654733646
R-HSA-5578775,abstraction:NextStepPathway,R-HSA-5607763,0.0033523707374172843
R-HSA-5578775,abstraction:NextStepPathway,R-HSA-2025928,0.0006852675202777124
R-HSA-5578775,abstraction:NextStepPathway,R-HSA-983695,0.0034537471460158436
R-HSA-5578775,abstraction:NextStepPathway,R-HSA-2514859,0.001887903926149399
R-HSA-75893,abstraction:NextStepPathway,R-HSA-5357956,0.007441204644795732
R-HSA-75893,abstraction:NextStepPathway,R-HSA-5357786,0.006891707489289878
R-HSA-75893,abstraction:NextStepPathway,R-HSA-5668541,0.0010619423411837043
R-HSA-75893,abstraction:NextStepPathway,R-HSA-5357905,0.01874611685805396
R-HSA-75893,abstraction:NextStepPathway,R-HSA-5626978,0.0010333991117473258
R-HSA-983695,abstraction:NextStepPathway,R-HSA-9856530,0.0017906324722907732
R-HSA-983695,abstraction:NextStepPathway,R-HSA-389357,0.00144137090999523
R-HSA-983695,abstraction:NextStepPathway,R-HSA-442982,0.000679331232872944
R-HSA-983695,abstraction:NextStepPathway,R-HSA-2871809,0.005292565717842834
R-HSA-983695,abstraction:NextStepPathway,R-HSA-1169091,0.0010371005116180578
R-HSA-983695,abstraction:NextStepPathway,R-HSA-1257604,0.001012084394718277
R-HSA-983695,abstraction:NextStepPathway,R-HSA-111933,0.0013926112161623272
R-HSA-983695,abstraction:NextStepPathway,R-HSA-9620244,0.0014984828701211045
R-HSA-983695,abstraction:NextStepPathway,R-HSA-392451,0.0017735821231078975
R-HSA-983695,abstraction:NextStepPathway,R-HSA-111957,0.0007980337165432891
R-HSA-983695,abstraction:NextStepPathway,R-HSA-112043,0.0028841911345980045
R-HSA-983695,abstraction:NextStepPathway,R-HSA-9664323,0.0043726117635564995
R-HSA-983695,abstraction:NextStepPathway,R-HSA-114604,0.003554728837927755
R-HSA-983695,abstraction:NextStepPathway,R-HSA-442720,0.0017735821231078975
R-HSA-983695,abstraction:NextStepPathway,R-HSA-2029485,0.003862498449014865
R-HSA-983695,abstraction:NextStepPathway,R-HSA-442729,0.0016545784369432848
R-HSA-983695,abstraction:NextStepPathway,R-HSA-1169092,0.0013442847771622773
R-HSA-983695,abstraction:NextStepPathway,R-HSA-111932,0.0016545784369432848
R-HSA-983695,abstraction:NextStepPathway,R-HSA-445355,0.0011259264850091188
R-HSA-983695,abstraction:NextStepPathway,R-HSA-5218921,0.003268520907255213
R-HSA-983695,abstraction:NextStepPathway,R-HSA-203615,0.0010874846014722783
R-HSA-983695,abstraction:NextStepPathway,R-HSA-180024,0.001370662629202487
R-HSA-983695,abstraction:NextStepPathway,R-HSA-111997,0.0013926112161623272
R-HSA-983695,abstraction:NextStepPathway,R-HSA-422356,0.002658821926765408
R-HSA-983695,abstraction:NextStepPathway,R-HSA-5607763,0.0021436810234973366
R-HSA-983695,abstraction:NextStepPathway,R-HSA-1489509,0.003149796028310772
R-HSA-983695,abstraction:NextStepPathway,R-HSA-4086398,0.0024879653186146823
R-HSA-983695,abstraction:NextStepPathway,R-HSA-5627123,0.001370662629202487
R-HSA-983695,abstraction:NextStepPathway,R-HSA-2025928,0.000679331232872944
R-HSA-983695,abstraction:NextStepPathway,R-HSA-5218920,0.0015027462944628414
R-HSA-983695,abstraction:NextStepPathway,R-HSA-5578775,0.0034537471460158436
R-HSA-983695,abstraction:NextStepPathway,R-HSA-2514859,0.0010874846014722783
R-HSA-983695,abstraction:NextStepPathway,R-HSA-139853,0.002732571918880574
R-HSA-5654693,abstraction:NextStepPathway,R-HSA-5673001,0.0012662558921017752
R-HSA-5654693,abstraction:NextStepPathway,R-HSA-5654726,0.002580479043181882
R-HSA-5654693,abstraction:NextStepPathway,R-HSA-5654689,0.002766922567617521
R-HSA-5693532,abstraction:NextStepPathway,R-HSA-5693538,0.04163758647479327
R-HSA-983168,abstraction:NextStepPathway,R-HSA-983170,0.000783946942756199
R-HSA-9830364,abstraction:NextStepPathway,R-HSA-9830674,0.0016375444508743625
R-HSA-9830364,abstraction:NextStepPathway,R-HSA-9761174,0.004919892221485234
R-HSA-9931530,abstraction:NextStepPathway,R-HSA-9931521,0.004423786012936604
R-HSA-9931530,abstraction:NextStepPathway,R-HSA-9932298,1.7171079070510842e-06
R-HSA-2514859,abstraction:NextStepPathway,R-HSA-9856530,0.00242311185300108
R-HSA-2514859,abstraction:NextStepPathway,R-HSA-442982,0.0015598628706463117
R-HSA-2514859,abstraction:NextStepPathway,R-HSA-2871809,0.0019966703612645798
R-HSA-2514859,abstraction:NextStepPathway,R-HSA-111933,0.0026957483199193744
R-HSA-2514859,abstraction:NextStepPathway,R-HSA-9620244,0.00140394824421817
R-HSA-2514859,abstraction:NextStepPathway,R-HSA-111957,0.0012743032248497582
R-HSA-2514859,abstraction:NextStepPathway,R-HSA-442720,0.0022560825262326846
R-HSA-2514859,abstraction:NextStepPathway,R-HSA-2453902,0.001832453819480499
R-HSA-2514859,abstraction:NextStepPathway,R-HSA-442729,0.0015598628706463117
R-HSA-2514859,abstraction:NextStepPathway,R-HSA-111932,0.0015598628706463117
R-HSA-2514859,abstraction:NextStepPathway,R-HSA-445355,0.0035092302331899477
R-HSA-2514859,abstraction:NextStepPathway,R-HSA-382556,0.0010731113399342043
R-HSA-2514859,abstraction:NextStepPathway,R-HSA-203615,0.0021178394251909027
R-HSA-2514859,abstraction:NextStepPathway,R-HSA-180024,0.002169073406305875
R-HSA-2514859,abstraction:NextStepPathway,R-HSA-5607763,0.001513477212092474
R-HSA-2514859,abstraction:NextStepPathway,R-HSA-4086398,0.004705701924578906
R-HSA-2514859,abstraction:NextStepPathway,R-HSA-5627123,0.002169073406305875
R-HSA-2514859,abstraction:NextStepPathway,R-HSA-2025928,0.0006336576016412366
R-HSA-2514859,abstraction:NextStepPathway,R-HSA-5218920,0.0017669727847075298
R-HSA-2514859,abstraction:NextStepPathway,R-HSA-2485179,0.00654773328706878
R-HSA-392851,abstraction:NextStepPathway,R-HSA-418217,7.522512177011104e-08
R-HSA-392851,abstraction:NextStepPathway,R-HSA-9856530,0.0007273275452459311
R-HSA-392851,abstraction:NextStepPathway,R-HSA-9634597,0.0009480347838438162
R-HSA-392851,abstraction:NextStepPathway,R-HSA-392451,1.755459886810152e-07
R-HSA-392851,abstraction:NextStepPathway,R-HSA-163359,0.0010400271725236369
R-HSA-392851,abstraction:NextStepPathway,R-HSA-432040,0.000888764343916422
R-HSA-392851,abstraction:NextStepPathway,R-HSA-418555,0.0008528472421751158
R-HSA-392851,abstraction:NextStepPathway,R-HSA-4086398,0.0008039901001221526
R-HSA-392851,abstraction:NextStepPathway,R-HSA-8964315,5.014860244720365e-08
R-HSA-392851,abstraction:NextStepPathway,R-HSA-8964616,0.0005092863366557645
R-HSA-392851,abstraction:NextStepPathway,R-HSA-9660821,0.0009480347838438162
R-HSA-173599,abstraction:NextStepPathway,R-HSA-3322077,0.0036537415918703993
R-HSA-173599,abstraction:NextStepPathway,R-HSA-379716,0.000464400000156904
R-HSA-173599,abstraction:NextStepPathway,R-HSA-156588,0.010221200584903889
R-HSA-173599,abstraction:NextStepPathway,R-HSA-1971475,0.003279599300044336
R-HSA-173599,abstraction:NextStepPathway,R-HSA-2142845,0.0024443718659858784
R-HSA-173599,abstraction:NextStepPathway,R-HSA-189483,0.0005355246809275385
R-HSA-173599,abstraction:NextStepPathway,R-HSA-727802,0.0031110900030870744
R-HSA-173599,abstraction:NextStepPathway,R-HSA-71737,0.0008189437240536652
R-HSA-173599,abstraction:NextStepPathway,R-HSA-9749641,0.001370662629202487
R-HSA-9031628,abstraction:NextStepPathway,R-HSA-111931,0.0010705226289999103
R-HSA-9031628,abstraction:NextStepPathway,R-HSA-9634638,0.001758808634451246
R-HSA-9031628,abstraction:NextStepPathway,R-HSA-9022692,0.001102682082095319
R-HSA-9031628,abstraction:NextStepPathway,R-HSA-111932,0.001102682082095319
R-HSA-9031628,abstraction:NextStepPathway,R-HSA-9616222,0.00038355754783876895
R-HSA-190322,abstraction:NextStepPathway,R-HSA-5654719,0.0010592017144619278
R-HSA-190322,abstraction:NextStepPathway,R-HSA-5654712,0.0009786119374129991
R-HSA-190322,abstraction:NextStepPathway,R-HSA-5654228,0.001148165596278896
R-HSA-8932505,abstraction:NextStepPathway,R-HSA-9939291,0.0010967754122147319
R-HSA-9818027,abstraction:NextStepPathway,R-HSA-5628897,0.002854630810048607
R-HSA-1614603,abstraction:NextStepPathway,R-HSA-1614558,0.0023920527532013294
R-HSA-111448,abstraction:NextStepPathway,R-HSA-111453,8.024013005364508e-08
R-HSA-111448,abstraction:NextStepPathway,R-HSA-6803204,0.0014674339182796686
R-HSA-9694594,abstraction:NextStepPathway,R-HSA-9694322,0.0005512914707506561
R-HSA-69618,abstraction:NextStepPathway,R-HSA-176408,0.006426607630701325
R-HSA-977444,abstraction:NextStepPathway,R-HSA-418594,0.0024558863450287586
R-HSA-977444,abstraction:NextStepPathway,R-HSA-1296041,0.0026092677387060553
R-HSA-977444,abstraction:NextStepPathway,R-HSA-997272,0.0026092677387060553
R-HSA-9702518,abstraction:NextStepPathway,R-HSA-9703465,0.007793929197685762
R-HSA-450321,abstraction:NextStepPathway,R-HSA-2871796,0.0011557811439852918
R-HSA-450321,abstraction:NextStepPathway,R-HSA-2559580,0.001051810644803186
R-HSA-450321,abstraction:NextStepPathway,R-HSA-450341,0.001422547570885739
R-HSA-9013508,abstraction:NextStepPathway,R-HSA-1912408,0.00043830294630041705
R-HSA-9828721,abstraction:NextStepPathway,R-HSA-9833110,0.005032513633999287
R-HSA-9828721,abstraction:NextStepPathway,R-HSA-9828806,0.005726077139744722
R-HSA-9828721,abstraction:NextStepPathway,R-HSA-9833109,0.0011370654055156578
R-HSA-2559586,abstraction:NextStepPathway,R-HSA-69563,0.002157402442361332
R-HSA-2559586,abstraction:NextStepPathway,R-HSA-2559582,0.0010449806573337725
R-HSA-2559586,abstraction:NextStepPathway,R-HSA-69473,0.0034653476024888463
R-HSA-2559586,abstraction:NextStepPathway,R-HSA-6804760,0.0013926112161623272
R-HSA-2559586,abstraction:NextStepPathway,R-HSA-69202,0.0012685577833778136
R-HSA-2559586,abstraction:NextStepPathway,R-HSA-69541,0.0010613305927257564
R-HSA-2559586,abstraction:NextStepPathway,R-HSA-5693565,0.0035705202216641157
R-HSA-2559586,abstraction:NextStepPathway,R-HSA-6804756,0.002814008634293708
R-HSA-2559586,abstraction:NextStepPathway,R-HSA-6804116,0.00144137090999523
R-HSA-2559586,abstraction:NextStepPathway,R-HSA-69656,0.0009372063266963993
R-HSA-2559586,abstraction:NextStepPathway,R-HSA-6803204,0.0012194857664879954
R-HSA-2559586,abstraction:NextStepPathway,R-HSA-5693538,0.0029086476744352337
R-HSA-2559586,abstraction:NextStepPathway,R-HSA-349425,0.0011061473639745662
R-HSA-2559586,abstraction:NextStepPathway,R-HSA-5685939,0.0009934521875427569
R-HSA-2559586,abstraction:NextStepPathway,R-HSA-6803207,0.001370662629202487
R-HSA-2559586,abstraction:NextStepPathway,R-HSA-187577,0.0004138094047605194
R-HSA-2559586,abstraction:NextStepPathway,R-HSA-5693548,0.004702913633257504
R-HSA-2559586,abstraction:NextStepPathway,R-HSA-6804757,0.0012332736612133124
R-HSA-2559586,abstraction:NextStepPathway,R-HSA-5693606,0.004463891770974032
R-HSA-75955,abstraction:NextStepPathway,R-HSA-674695,0.026699034532834405
R-HSA-5654710,abstraction:NextStepPathway,R-HSA-6811558,0.0018208156477700125
R-HSA-5654710,abstraction:NextStepPathway,R-HSA-1257604,0.0015614912068431324
R-HSA-5654710,abstraction:NextStepPathway,R-HSA-5654695,0.00717470101714587
R-HSA-5654710,abstraction:NextStepPathway,R-HSA-5654720,0.00717470101714587
R-HSA-5654710,abstraction:NextStepPathway,R-HSA-5654689,0.00717470101714587
R-HSA-9927418,abstraction:NextStepPathway,R-HSA-9927426,2.5073562036319965e-08
R-HSA-9758881,abstraction:NextStepPathway,R-HSA-9758890,0.004530398272247949
R-HSA-1660516,abstraction:NextStepPathway,R-HSA-1660537,0.0005801322588227364
R-HSA-6814122,abstraction:NextStepPathway,R-HSA-418594,0.0009102161293219232
R-HSA-6814122,abstraction:NextStepPathway,R-HSA-202040,1.9563146718429802e-07
R-HSA-6814122,abstraction:NextStepPathway,R-HSA-418597,0.0013431955824673852
R-HSA-6814122,abstraction:NextStepPathway,R-HSA-416476,0.0010088856387430352
R-HSA-6814122,abstraction:NextStepPathway,R-HSA-418555,0.0011180669043877704
R-HSA-6814122,abstraction:NextStepPathway,R-HSA-416482,6.522395491630433e-07
R-HSA-2644606,abstraction:NextStepPathway,R-HSA-2894862,0.015987559585586942
R-HSA-75896,abstraction:NextStepPathway,R-HSA-1483166,0.002313569470243487
R-HSA-5652227,abstraction:NextStepPathway,R-HSA-70350,0.0011931283944257754
R-HSA-9694548,abstraction:NextStepPathway,R-HSA-9694322,0.0003631687900018703
R-HSA-9694548,abstraction:NextStepPathway,R-HSA-9733458,0.00032259042616024743
R-HSA-69231,abstraction:NextStepPathway,R-HSA-69206,0.005476945457212319
R-HSA-69231,abstraction:NextStepPathway,R-HSA-9754119,0.0
R-HSA-69231,abstraction:NextStepPathway,R-HSA-113501,0.0013161413737862021
R-HSA-69231,abstraction:NextStepPathway,R-HSA-2559585,0.0011471273155474525
R-HSA-69231,abstraction:NextStepPathway,R-HSA-69205,0.00020918707025827148
R-HSA-69231,abstraction:NextStepPathway,R-HSA-69202,0.00633688178425681
R-HSA-69231,abstraction:NextStepPathway,R-HSA-139915,2.4079849982206797e-07
R-HSA-69231,abstraction:NextStepPathway,R-HSA-8878166,0.0021020703988653988
R-HSA-69231,abstraction:NextStepPathway,R-HSA-111448,3.2107413647840725e-07
R-HSA-69231,abstraction:NextStepPathway,R-HSA-174178,0.0004785706981224831
R-HSA-166662,abstraction:NextStepPathway,R-HSA-166663,0.005367383696605348
R-HSA-8934593,abstraction:NextStepPathway,R-HSA-8939236,0.0011615503849695954
R-HSA-8934593,abstraction:NextStepPathway,R-HSA-8939242,0.0007698207844671059
R-HSA-8934593,abstraction:NextStepPathway,R-HSA-8877330,0.0006522254903059051
R-HSA-8934593,abstraction:NextStepPathway,R-HSA-8951936,0.0006748123751643427
R-HSA-8934593,abstraction:NextStepPathway,R-HSA-9018519,0.001274564877225415
R-HSA-8934593,abstraction:NextStepPathway,R-HSA-8939246,0.0007698207844671059
R-HSA-8934593,abstraction:NextStepPathway,R-HSA-8936459,0.001370662629202487
R-HSA-8934593,abstraction:NextStepPathway,R-HSA-8939243,0.0018452577462287445
R-HSA-8934593,abstraction:NextStepPathway,R-HSA-8939245,0.000850229877386402
R-HSA-8934593,abstraction:NextStepPathway,R-HSA-8939247,0.0008189437240536652
R-HSA-8934593,abstraction:NextStepPathway,R-HSA-8935964,0.0007925911343765062
R-HSA-8934593,abstraction:NextStepPathway,R-HSA-8931987,0.0007497725505155068
R-HSA-8934593,abstraction:NextStepPathway,R-HSA-1912408,0.0008664472100694815
R-HSA-2122948,abstraction:NextStepPathway,R-HSA-2122947,0.00027695931973121824
R-HSA-2122948,abstraction:NextStepPathway,R-HSA-9818749,0.0003696874159405602
R-HSA-380615,abstraction:NextStepPathway,R-HSA-380612,0.008380244230387817
R-HSA-380615,abstraction:NextStepPathway,R-HSA-141333,0.0041355043426844085
R-HSA-9828806,abstraction:NextStepPathway,R-HSA-9833110,0.005001661540885627
R-HSA-9828806,abstraction:NextStepPathway,R-HSA-9828642,0.004031536154973416
R-HSA-9828806,abstraction:NextStepPathway,R-HSA-9833482,0.0007045208658868578
R-HSA-9828806,abstraction:NextStepPathway,R-HSA-9820962,0.0054587925917834795
R-HSA-9828806,abstraction:NextStepPathway,R-HSA-9833109,0.0009764396313764066
R-HSA-72731,abstraction:NextStepPathway,R-HSA-72695,0.0014323303079795714
R-HSA-77305,abstraction:NextStepPathway,R-HSA-611105,0.001442459017956758
R-HSA-77305,abstraction:NextStepPathway,R-HSA-77285,0.006112762881971549
R-HSA-933541,abstraction:NextStepPathway,R-HSA-933542,0.0015659912002460024
R-HSA-933541,abstraction:NextStepPathway,R-HSA-3134963,0.00045649049237541983
R-HSA-933541,abstraction:NextStepPathway,R-HSA-975110,0.0015659912002460024
R-HSA-9679191,abstraction:NextStepPathway,R-HSA-419408,0.0002393683925236572
R-HSA-9679191,abstraction:NextStepPathway,R-HSA-9678110,0.00017862638956191632
R-HSA-68616,abstraction:NextStepPathway,R-HSA-113507,0.0035060036083064206
R-HSA-5610787,abstraction:NextStepPathway,R-HSA-8940973,0.0007068188012313408
R-HSA-5610787,abstraction:NextStepPathway,R-HSA-5610785,0.021593615693790483
R-HSA-5610787,abstraction:NextStepPathway,R-HSA-5610783,0.021593615693790483
R-HSA-5610787,abstraction:NextStepPathway,R-HSA-5632684,0.021012256724531553
R-HSA-5610787,abstraction:NextStepPathway,R-HSA-5610780,0.021593615693790483
R-HSA-211897,abstraction:NextStepPathway,R-HSA-191273,0.002617545604073928
R-HSA-211897,abstraction:NextStepPathway,R-HSA-6807062,0.001848146017452729
R-HSA-209822,abstraction:NextStepPathway,R-HSA-975578,0.0007916644680386029
R-HSA-9607240,abstraction:NextStepPathway,R-HSA-109704,0.0010705226289999103
R-HSA-9607240,abstraction:NextStepPathway,R-HSA-9645135,0.0010567427791642553
R-HSA-9607240,abstraction:NextStepPathway,R-HSA-5684996,0.0016384323540658847
R-HSA-9607240,abstraction:NextStepPathway,R-HSA-112399,0.0029207824899144647
R-HSA-9607240,abstraction:NextStepPathway,R-HSA-5673000,0.0019259038972578566
R-HSA-9607240,abstraction:NextStepPathway,R-HSA-9706369,0.008787337592564975
R-HSA-9607240,abstraction:NextStepPathway,R-HSA-9706374,0.0032017806262172577
R-HSA-162594,abstraction:NextStepPathway,R-HSA-162592,0.008334507194315015
R-HSA-162594,abstraction:NextStepPathway,R-HSA-164516,0.005835496412736388
R-HSA-9027283,abstraction:NextStepPathway,R-HSA-2586552,0.0015659912002460024
R-HSA-9027283,abstraction:NextStepPathway,R-HSA-9020558,0.0009092135769321931
R-HSA-9027283,abstraction:NextStepPathway,R-HSA-512988,0.0012960480740250566
R-HSA-9027283,abstraction:NextStepPathway,R-HSA-1266695,0.0008402116283578683
R-HSA-9027283,abstraction:NextStepPathway,R-HSA-982772,0.002125591579773075
R-HSA-199220,abstraction:NextStepPathway,R-HSA-196783,0.010681234584940715
R-HSA-174430,abstraction:NextStepPathway,R-HSA-174411,0.006950004602763755
R-HSA-399954,abstraction:NextStepPathway,R-HSA-2029482,0.0026982603265508862
R-HSA-416482,abstraction:NextStepPathway,R-HSA-418217,1.5047242898782265e-07
R-HSA-416482,abstraction:NextStepPathway,R-HSA-416572,0.0020370551374182563
R-HSA-416482,abstraction:NextStepPathway,R-HSA-392451,0.0003929544200170851
R-HSA-416482,abstraction:NextStepPathway,R-HSA-5627117,0.00035229574027121187
R-HSA-416482,abstraction:NextStepPathway,R-HSA-4086398,0.0006652745393837123
R-HSA-416482,abstraction:NextStepPathway,R-HSA-8964315,0.0005189863831007816
R-HSA-416482,abstraction:NextStepPathway,R-HSA-8964616,0.0004456750036729145
R-HSA-167158,abstraction:NextStepPathway,R-HSA-167152,0.018084068228564967
R-HSA-167158,abstraction:NextStepPathway,R-HSA-167242,0.013679668030377411
R-HSA-210745,abstraction:NextStepPathway,R-HSA-70171,0.0005984246425831284
R-HSA-210745,abstraction:NextStepPathway,R-HSA-264876,0.00017456562755033657
R-HSA-9839383,abstraction:NextStepPathway,R-HSA-9839389,0.00043367997740871995
R-HSA-9839383,abstraction:NextStepPathway,R-HSA-9839397,0.0005381659385682488
R-HSA-9839383,abstraction:NextStepPathway,R-HSA-9839406,0.0005092863366557645
R-HSA-176034,abstraction:NextStepPathway,R-HSA-167200,0.0015281880863229585
R-HSA-6804754,abstraction:NextStepPathway,R-HSA-2559580,0.00033391440332849673
R-HSA-6804754,abstraction:NextStepPathway,R-HSA-69473,0.0003093279568183113
R-HSA-6804754,abstraction:NextStepPathway,R-HSA-6804760,0.00039880093985052243
R-HSA-6804754,abstraction:NextStepPathway,R-HSA-69541,0.00032072271829172255
R-HSA-6804754,abstraction:NextStepPathway,R-HSA-5628897,0.00027259071365933005
R-HSA-6804754,abstraction:NextStepPathway,R-HSA-8943724,0.0003524897609133181
R-HSA-6804754,abstraction:NextStepPathway,R-HSA-5693565,0.00031871261889864703
R-HSA-6804754,abstraction:NextStepPathway,R-HSA-6804756,0.00028894890057444393
R-HSA-6804754,abstraction:NextStepPathway,R-HSA-9833482,0.00030089106021415464
R-HSA-6804754,abstraction:NextStepPathway,R-HSA-8941855,0.00046577344009908397
R-HSA-6804754,abstraction:NextStepPathway,R-HSA-6804759,0.0004456750036729145
R-HSA-6804754,abstraction:NextStepPathway,R-HSA-2559586,0.00034957150631406025
R-HSA-6804754,abstraction:NextStepPathway,R-HSA-6804757,0.0003619053334673022
R-HSA-375165,abstraction:NextStepPathway,R-HSA-5673001,0.001314502357142886
R-HSA-375165,abstraction:NextStepPathway,R-HSA-111931,0.001235867210280088
R-HSA-375165,abstraction:NextStepPathway,R-HSA-199920,0.002025351007368367
R-HSA-375165,abstraction:NextStepPathway,R-HSA-9634638,0.0015401432269963875
R-HSA-375165,abstraction:NextStepPathway,R-HSA-111932,0.001268107043331014
R-HSA-375165,abstraction:NextStepPathway,R-HSA-9031628,0.0008866938327974322
R-HSA-1236382,abstraction:NextStepPathway,R-HSA-5637810,0.011101021939253972
R-HSA-9749641,abstraction:NextStepPathway,R-HSA-156588,0.001571006707093614
R-HSA-9749641,abstraction:NextStepPathway,R-HSA-433692,0.0013442847771622773
R-HSA-9749641,abstraction:NextStepPathway,R-HSA-561048,7.528507107565526e-07
R-HSA-9749641,abstraction:NextStepPathway,R-HSA-159424,0.0024312786552458925
R-HSA-9749641,abstraction:NextStepPathway,R-HSA-2162123,0.0013558182351055934
R-HSA-187042,abstraction:NextStepPathway,R-HSA-167021,0.0027560760904287414
R-HSA-187042,abstraction:NextStepPathway,R-HSA-170984,0.002319283431611829
R-HSA-187042,abstraction:NextStepPathway,R-HSA-198745,0.0027560760904287414
R-HSA-187042,abstraction:NextStepPathway,R-HSA-198203,0.002562314001555684
R-HSA-187042,abstraction:NextStepPathway,R-HSA-170968,0.002286461631254834
R-HSA-187042,abstraction:NextStepPathway,R-HSA-167044,0.0023556685962827276
R-HSA-187042,abstraction:NextStepPathway,R-HSA-177504,0.0009480347838438162
R-HSA-187042,abstraction:NextStepPathway,R-HSA-187706,0.0010977964019277765
R-HSA-187042,abstraction:NextStepPathway,R-HSA-187687,0.0029018607973530165
R-HSA-211736,abstraction:NextStepPathway,R-HSA-211733,0.00034137897011394136
R-HSA-211736,abstraction:NextStepPathway,R-HSA-211728,0.0006041324607522355
R-HSA-8850843,abstraction:NextStepPathway,R-HSA-196807,0.0008116895600240499
R-HSA-8850843,abstraction:NextStepPathway,R-HSA-9660826,0.0029910197346524744
R-HSA-159740,abstraction:NextStepPathway,R-HSA-6806664,0.0008027877879091196
R-HSA-159740,abstraction:NextStepPathway,R-HSA-159763,0.005679311431259367
R-HSA-77350,abstraction:NextStepPathway,R-HSA-611105,0.0013700104569624749
R-HSA-77350,abstraction:NextStepPathway,R-HSA-77352,0.0051437687361192705
R-HSA-212718,abstraction:NextStepPathway,R-HSA-2029485,0.00156361728475837
R-HSA-212718,abstraction:NextStepPathway,R-HSA-5218921,0.0015494107357313562
R-HSA-212718,abstraction:NextStepPathway,R-HSA-1489509,0.0015110086833135356
R-HSA-174178,abstraction:NextStepPathway,R-HSA-174084,0.02830340483516029
R-HSA-159763,abstraction:NextStepPathway,R-HSA-159782,0.006261419724658367
R-HSA-174154,abstraction:NextStepPathway,R-HSA-176407,0.008466145007874803
R-HSA-174154,abstraction:NextStepPathway,R-HSA-2467813,0.021748463847674274
R-HSA-2122947,abstraction:NextStepPathway,R-HSA-8940973,0.0005958023085104843
R-HSA-2122947,abstraction:NextStepPathway,R-HSA-69202,0.0014588149964986704
R-HSA-2122947,abstraction:NextStepPathway,R-HSA-210744,0.003308519073251271
R-HSA-2122947,abstraction:NextStepPathway,R-HSA-8941856,0.0036140466098751193
R-HSA-2122947,abstraction:NextStepPathway,R-HSA-9013508,0.0018446871591372921
R-HSA-2122947,abstraction:NextStepPathway,R-HSA-9793380,0.0014446622213809411
R-HSA-2122947,abstraction:NextStepPathway,R-HSA-1912408,0.0025579543280483284
R-HSA-209905,abstraction:NextStepPathway,R-HSA-181430,0.0018364071677601684
R-HSA-209905,abstraction:NextStepPathway,R-HSA-212676,0.0006063250402376483
R-HSA-435368,abstraction:NextStepPathway,R-HSA-264876,0.001855207314109961
R-HSA-1834949,abstraction:NextStepPathway,R-HSA-844615,0.0007220961950441156
R-HSA-1834949,abstraction:NextStepPathway,R-HSA-168928,0.003128499625013857
R-HSA-3371511,abstraction:NextStepPathway,R-HSA-3371571,0.0013431955824673852
R-HSA-3371511,abstraction:NextStepPathway,R-HSA-3371453,0.0019296369730215145
R-HSA-72172,abstraction:NextStepPathway,R-HSA-72203,0.07481866490725553
R-HSA-8964026,abstraction:NextStepPathway,R-HSA-8964038,0.0035972604819420532
R-HSA-193993,abstraction:NextStepPathway,R-HSA-193048,0.005426339670152296
R-HSA-193993,abstraction:NextStepPathway,R-HSA-211976,0.005530561512474552
R-HSA-1660510,abstraction:NextStepPathway,R-HSA-6811558,0.0005898654680552266
R-HSA-1660510,abstraction:NextStepPathway,R-HSA-1660499,0.00055283430457916
R-HSA-9833109,abstraction:NextStepPathway,R-HSA-909733,0.0020951466878707118
R-HSA-9833109,abstraction:NextStepPathway,R-HSA-918233,0.001638409047089438
R-HSA-444473,abstraction:NextStepPathway,R-HSA-418594,9.641329173146188e-07
R-HSA-168181,abstraction:NextStepPathway,R-HSA-975155,0.025759304194475446
R-HSA-9761174,abstraction:NextStepPathway,R-HSA-9830364,0.004919892221485234
R-HSA-9645460,abstraction:NextStepPathway,R-HSA-445989,0.001806619232352621
R-HSA-9645460,abstraction:NextStepPathway,R-HSA-9705671,0.0012941387174102068
R-HSA-9645460,abstraction:NextStepPathway,R-HSA-168638,0.0024519765697152878
R-HSA-9645460,abstraction:NextStepPathway,R-HSA-9020702,0.00185356077916336
R-HSA-381340,abstraction:NextStepPathway,R-HSA-163680,0.0001735909455897874
R-HSA-381340,abstraction:NextStepPathway,R-HSA-1989781,0.016657284600538017
R-HSA-5654700,abstraction:NextStepPathway,R-HSA-5673001,0.0012662558921017752
R-HSA-5654700,abstraction:NextStepPathway,R-HSA-5654695,0.002766922567617521
R-HSA-5654700,abstraction:NextStepPathway,R-HSA-5654727,0.0026633003214467264
R-HSA-198753,abstraction:NextStepPathway,R-HSA-199920,0.0015865120513614442
R-HSA-198753,abstraction:NextStepPathway,R-HSA-2559582,0.0005928850567425085
R-HSA-198753,abstraction:NextStepPathway,R-HSA-9634638,0.0012508843383710125
R-HSA-198753,abstraction:NextStepPathway,R-HSA-881907,0.0007953132171671282
R-HSA-198753,abstraction:NextStepPathway,R-HSA-375165,0.0017780702609542967
R-HSA-2151201,abstraction:NextStepPathway,R-HSA-111931,0.0018087549780275666
R-HSA-2151201,abstraction:NextStepPathway,R-HSA-9634638,0.0007486375258989596
R-HSA-2151201,abstraction:NextStepPathway,R-HSA-9707616,0.0037139691814034063
R-HSA-2151201,abstraction:NextStepPathway,R-HSA-111932,0.0023941088858173898
R-HSA-2151201,abstraction:NextStepPathway,R-HSA-9931509,0.004463345179955145
R-HSA-2151201,abstraction:NextStepPathway,R-HSA-163282,0.0014338745560934017
R-HSA-2151201,abstraction:NextStepPathway,R-HSA-163316,0.000476583876635187
R-HSA-2151201,abstraction:NextStepPathway,R-HSA-9933387,0.0037147635070234083
R-HSA-2151201,abstraction:NextStepPathway,R-HSA-9031628,0.0005728093128612092
R-HSA-2151201,abstraction:NextStepPathway,R-HSA-1989781,0.003206694422140906
R-HSA-8851805,abstraction:NextStepPathway,R-HSA-5673001,0.0011437626290501702
R-HSA-532668,abstraction:NextStepPathway,R-HSA-901042,0.011901465359752143
R-HSA-182971,abstraction:NextStepPathway,R-HSA-912526,0.0013737307091448983
R-HSA-77285,abstraction:NextStepPathway,R-HSA-611105,0.001442459017956758
R-HSA-77285,abstraction:NextStepPathway,R-HSA-77310,0.006683969719438906
R-HSA-9018677,abstraction:NextStepPathway,R-HSA-9026766,0.008620506335263383
R-HSA-9018677,abstraction:NextStepPathway,R-HSA-9027307,0.005695958654649646
R-HSA-9018677,abstraction:NextStepPathway,R-HSA-9020265,0.008620506335263383
R-HSA-9018677,abstraction:NextStepPathway,R-HSA-9018682,0.009608085653396155
R-HSA-9018677,abstraction:NextStepPathway,R-HSA-9026762,0.00473308724005674
R-HSA-9018677,abstraction:NextStepPathway,R-HSA-9018676,0.011102265553490738
R-HSA-9018677,abstraction:NextStepPathway,R-HSA-9018681,0.007639450825384957
R-HSA-9636383,abstraction:NextStepPathway,R-HSA-9636569,0.0003365127896288769
R-HSA-166166,abstraction:NextStepPathway,R-HSA-937072,0.005948863745350802
R-HSA-166166,abstraction:NextStepPathway,R-HSA-936964,0.007476871254107639
R-HSA-166166,abstraction:NextStepPathway,R-HSA-937041,0.005948863745350802
R-HSA-8963889,abstraction:NextStepPathway,R-HSA-8963901,0.0022307848033753692
R-HSA-8941333,abstraction:NextStepPathway,R-HSA-8939246,0.002655829160978538
R-HSA-71403,abstraction:NextStepPathway,R-HSA-611105,0.006830506839904212
R-HSA-71403,abstraction:NextStepPathway,R-HSA-428643,0.0015055470845157647
R-HSA-71403,abstraction:NextStepPathway,R-HSA-9856872,0.002486827218844256
R-HSA-71403,abstraction:NextStepPathway,R-HSA-9853506,0.007993794380248947
R-HSA-71403,abstraction:NextStepPathway,R-HSA-8964539,0.00381019231302482
R-HSA-71403,abstraction:NextStepPathway,R-HSA-70268,0.007022115035619488
R-HSA-71403,abstraction:NextStepPathway,R-HSA-1237044,0.0018454816017696267
R-HSA-71403,abstraction:NextStepPathway,R-HSA-1475029,0.0015247966454679678
R-HSA-418346,abstraction:NextStepPathway,R-HSA-139853,0.002527535595809561
R-HSA-9859138,abstraction:NextStepPathway,R-HSA-70895,0.006012339104230519
R-HSA-5610780,abstraction:NextStepPathway,R-HSA-5632684,0.01915349953266298
R-HSA-193807,abstraction:NextStepPathway,R-HSA-211994,0.003943080056891541
R-HSA-193807,abstraction:NextStepPathway,R-HSA-193368,0.007781087402134896
R-HSA-111463,abstraction:NextStepPathway,R-HSA-111464,0.005234688609085542
R-HSA-111463,abstraction:NextStepPathway,R-HSA-351906,0.00038446534280970864
R-HSA-202427,abstraction:NextStepPathway,R-HSA-202430,0.007035565138979205
R-HSA-202427,abstraction:NextStepPathway,R-HSA-389948,0.003960063092902806
R-HSA-210993,abstraction:NextStepPathway,R-HSA-5673001,0.0010548606090367344
R-HSA-2562578,abstraction:NextStepPathway,R-HSA-9758274,0.00033104436515925067
R-HSA-2562578,abstraction:NextStepPathway,R-HSA-75153,0.0002291364549009484
R-HSA-2562578,abstraction:NextStepPathway,R-HSA-140534,0.0053288845168915615
R-HSA-2562578,abstraction:NextStepPathway,R-HSA-264870,0.00035229574027121187
R-HSA-8931987,abstraction:NextStepPathway,R-HSA-9018519,0.0043662228225680375
R-HSA-8931987,abstraction:NextStepPathway,R-HSA-8939256,0.0035060036083064206
R-HSA-9708530,abstraction:NextStepPathway,R-HSA-9707587,0.0009480347838438162
R-HSA-9708530,abstraction:NextStepPathway,R-HSA-9707616,0.0005565676863025664
R-HSA-9708530,abstraction:NextStepPathway,R-HSA-9818027,0.0014227820363816493
R-HSA-168176,abstraction:NextStepPathway,R-HSA-975871,0.026322023176956102
R-HSA-71032,abstraction:NextStepPathway,R-HSA-71403,0.001541176260532635
R-HSA-5654689,abstraction:NextStepPathway,R-HSA-6811558,0.0018208156477700125
R-HSA-5654689,abstraction:NextStepPathway,R-HSA-1257604,0.0015614912068431324
R-HSA-5654689,abstraction:NextStepPathway,R-HSA-5654695,0.00717470101714587
R-HSA-5654689,abstraction:NextStepPathway,R-HSA-5654720,0.00717470101714587
R-HSA-5654689,abstraction:NextStepPathway,R-HSA-5654710,0.00717470101714587
R-HSA-112412,abstraction:NextStepPathway,R-HSA-5673001,0.0006581171683639108
R-HSA-112412,abstraction:NextStepPathway,R-HSA-74749,0.0010675457176439105
R-HSA-9818564,abstraction:NextStepPathway,R-HSA-9772755,0.0026085229135903707
R-HSA-9818564,abstraction:NextStepPathway,R-HSA-9841922,0.04145343872420497
R-HSA-9860927,abstraction:NextStepPathway,R-HSA-9856530,0.003825590623561463
R-HSA-9860927,abstraction:NextStepPathway,R-HSA-2871809,0.0020565703580394485
R-HSA-9860927,abstraction:NextStepPathway,R-HSA-8985947,0.001102682082095319
R-HSA-9860927,abstraction:NextStepPathway,R-HSA-9664323,0.002164745208070796
R-HSA-9860927,abstraction:NextStepPathway,R-HSA-445355,0.002695036923297608
R-HSA-9860927,abstraction:NextStepPathway,R-HSA-9856532,0.004159230302626206
R-HSA-9860927,abstraction:NextStepPathway,R-HSA-5218921,0.0012750920123120373
R-HSA-9860927,abstraction:NextStepPathway,R-HSA-111997,0.002766980315146862
R-HSA-9860927,abstraction:NextStepPathway,R-HSA-9909649,0.00022295472197003907
R-HSA-9860927,abstraction:NextStepPathway,R-HSA-5607763,0.0015523214588805277
R-HSA-9860927,abstraction:NextStepPathway,R-HSA-983695,0.0007638309273840383
R-HSA-9860927,abstraction:NextStepPathway,R-HSA-2514859,0.0017825543554201013
R-HSA-9010553,abstraction:NextStepPathway,R-HSA-9830674,0.0002353175815088093
R-HSA-9010553,abstraction:NextStepPathway,R-HSA-8985801,0.0002917000557306665
R-HSA-9010553,abstraction:NextStepPathway,R-HSA-9010642,0.00043995779106865366
R-HSA-9010553,abstraction:NextStepPathway,R-HSA-376176,0.062456135165605886
R-HSA-9010553,abstraction:NextStepPathway,R-HSA-428542,0.00043995779106865366
R-HSA-167242,abstraction:NextStepPathway,R-HSA-167287,0.012359877710851421
R-HSA-167242,abstraction:NextStepPathway,R-HSA-167290,0.012359877710851421
R-HSA-9793380,abstraction:NextStepPathway,R-HSA-9824272,0.028158309465942756
R-HSA-8963888,abstraction:NextStepPathway,R-HSA-8963901,0.006245696230648493
R-HSA-9931510,abstraction:NextStepPathway,R-HSA-9707616,0.0018228618564267267
R-HSA-9931510,abstraction:NextStepPathway,R-HSA-9931509,0.001695484866366444
R-HSA-9931510,abstraction:NextStepPathway,R-HSA-9931512,6.223565968783946e-07
R-HSA-9931510,abstraction:NextStepPathway,R-HSA-9933387,0.0009188403535010744
R-HSA-9931510,abstraction:NextStepPathway,R-HSA-9931530,0.0021920325819793423
R-HSA-1810476,abstraction:NextStepPathway,R-HSA-933542,0.0033153424693692563
R-HSA-1810476,abstraction:NextStepPathway,R-HSA-445989,0.0026802970923103455
R-HSA-1810476,abstraction:NextStepPathway,R-HSA-3134963,0.0015762852722524515
R-HSA-422085,abstraction:NextStepPathway,R-HSA-375276,9.667990523516291e-05
R-HSA-163615,abstraction:NextStepPathway,R-HSA-111931,0.005466037088382989
R-HSA-163615,abstraction:NextStepPathway,R-HSA-9856530,0.0026804797469469205
R-HSA-163615,abstraction:NextStepPathway,R-HSA-164378,0.002497271381847465
R-HSA-163615,abstraction:NextStepPathway,R-HSA-9634597,0.002027777336122169
R-HSA-163615,abstraction:NextStepPathway,R-HSA-111957,0.0017233833556803597
R-HSA-163615,abstraction:NextStepPathway,R-HSA-9664323,0.003144009129639613
R-HSA-163615,abstraction:NextStepPathway,R-HSA-163560,0.0002880043364680377
R-HSA-163615,abstraction:NextStepPathway,R-HSA-442720,0.0030758995831463294
R-HSA-163615,abstraction:NextStepPathway,R-HSA-432040,0.0018994045808789907
R-HSA-163615,abstraction:NextStepPathway,R-HSA-180024,0.0018994045808789907
R-HSA-163615,abstraction:NextStepPathway,R-HSA-163358,0.0004443189598162784
R-HSA-163615,abstraction:NextStepPathway,R-HSA-9634600,0.00038080797729275816
R-HSA-163615,abstraction:NextStepPathway,R-HSA-9660821,0.002027777336122169
R-HSA-75157,abstraction:NextStepPathway,R-HSA-69416,0.0024430593059250097
R-HSA-75157,abstraction:NextStepPathway,R-HSA-5218900,0.0005381659385682488
R-HSA-75157,abstraction:NextStepPathway,R-HSA-3371378,0.0024430593059250097
R-HSA-9754706,abstraction:NextStepPathway,R-HSA-191273,0.0014504414398272669
R-HSA-6781823,abstraction:NextStepPathway,R-HSA-6782135,0.017335402668080122
R-HSA-9669933,abstraction:NextStepPathway,R-HSA-9670439,0.0012831543045649064
R-HSA-444821,abstraction:NextStepPathway,R-HSA-418594,1.205201728583325e-06
R-HSA-444821,abstraction:NextStepPathway,R-HSA-418555,5.519601635508471e-07
R-HSA-444821,abstraction:NextStepPathway,R-HSA-9660821,3.260716784853188e-07
R-HSA-1222387,abstraction:NextStepPathway,R-HSA-1222541,0.0006323281063389437
R-HSA-174184,abstraction:NextStepPathway,R-HSA-176409,0.029992758109914624
R-HSA-9729902,abstraction:NextStepPathway,R-HSA-5657655,0.0
R-HSA-1799339,abstraction:NextStepPathway,R-HSA-264876,1.4796518194947872e-05
R-HSA-9753512,abstraction:NextStepPathway,R-HSA-9649948,0.0006283257312818785
R-HSA-9694686,abstraction:NextStepPathway,R-HSA-9694676,0.0030707042664786656
R-HSA-9694686,abstraction:NextStepPathway,R-HSA-9694322,0.0003365127896288769
R-HSA-9694686,abstraction:NextStepPathway,R-HSA-9694786,0.006871785343337638
R-HSA-2871837,abstraction:NextStepPathway,R-HSA-209560,0.002805719753451029
R-HSA-2871837,abstraction:NextStepPathway,R-HSA-5607764,0.026057392264999476
R-HSA-2871837,abstraction:NextStepPathway,R-HSA-9909649,4.079889131646694e-06
R-HSA-2871837,abstraction:NextStepPathway,R-HSA-9020702,0.020678646171385553
R-HSA-2871837,abstraction:NextStepPathway,R-HSA-202424,0.025216111276408812
R-HSA-8939902,abstraction:NextStepPathway,R-HSA-8941326,0.0006291938167789341
R-HSA-8939902,abstraction:NextStepPathway,R-HSA-8940973,0.0007236192626048034
R-HSA-8939902,abstraction:NextStepPathway,R-HSA-2032785,4.150354784612092e-06
R-HSA-8939902,abstraction:NextStepPathway,R-HSA-8941284,0.00027057963614909587
R-HSA-8939902,abstraction:NextStepPathway,R-HSA-8878166,0.027089539494209558
R-HSA-392517,abstraction:NextStepPathway,R-HSA-354192,0.0028456897524181974
R-HSA-1362300,abstraction:NextStepPathway,R-HSA-69205,0.004040788861520381
R-HSA-1362300,abstraction:NextStepPathway,R-HSA-1362277,0.003934067794288683
R-HSA-205043,abstraction:NextStepPathway,R-HSA-193648,0.0025561880880100194
R-HSA-205043,abstraction:NextStepPathway,R-HSA-9673324,0.001266848237137375
R-HSA-2565942,abstraction:NextStepPathway,R-HSA-162658,0.0012523155587325664
R-HSA-2565942,abstraction:NextStepPathway,R-HSA-2299718,0.0009260010608793024
R-HSA-2565942,abstraction:NextStepPathway,R-HSA-9648025,0.0017291727765812114
R-HSA-2565942,abstraction:NextStepPathway,R-HSA-68881,0.0011742646800798886
R-HSA-2565942,abstraction:NextStepPathway,R-HSA-2500257,0.0022081819882175365
R-HSA-2565942,abstraction:NextStepPathway,R-HSA-156711,0.0006156781448131063
R-HSA-2565942,abstraction:NextStepPathway,R-HSA-2980767,0.0011742646800798886
R-HSA-111995,abstraction:NextStepPathway,R-HSA-2142816,0.001363606209560409
R-HSA-111995,abstraction:NextStepPathway,R-HSA-2142753,0.00389191604112675
R-HSA-111995,abstraction:NextStepPathway,R-HSA-140180,0.0008600203588552888
R-HSA-111995,abstraction:NextStepPathway,R-HSA-2162123,0.0009481846383189268
R-HSA-5687128,abstraction:NextStepPathway,R-HSA-2029482,0.0006294215050128346
R-HSA-5687128,abstraction:NextStepPathway,R-HSA-9909649,4.0094276482888006e-06
R-HSA-5687128,abstraction:NextStepPathway,R-HSA-5627123,0.0011426713071325855
R-HSA-9634635,abstraction:NextStepPathway,R-HSA-114604,0.003690373131560463
R-HSA-9020702,abstraction:NextStepPathway,R-HSA-5684264,0.0036979370508755023
R-HSA-9020702,abstraction:NextStepPathway,R-HSA-9758274,0.006521810554868875
R-HSA-9020702,abstraction:NextStepPathway,R-HSA-933542,0.00282688482492743
R-HSA-9020702,abstraction:NextStepPathway,R-HSA-445989,0.010848628008828805
R-HSA-9020702,abstraction:NextStepPathway,R-HSA-525793,0.0007846756573235245
R-HSA-9020702,abstraction:NextStepPathway,R-HSA-9909649,5.48999514147028e-06
R-HSA-9020702,abstraction:NextStepPathway,R-HSA-168638,0.004358720474665288
R-HSA-9020702,abstraction:NextStepPathway,R-HSA-9860276,0.00185356077916336
R-HSA-9020702,abstraction:NextStepPathway,R-HSA-1810476,0.0024706744951485927
R-HSA-9730737,abstraction:NextStepPathway,R-HSA-110330,0.0
R-HSA-390651,abstraction:NextStepPathway,R-HSA-418594,4.820379959990185e-07
R-HSA-390651,abstraction:NextStepPathway,R-HSA-418555,2.2076452669517408e-07
R-HSA-390651,abstraction:NextStepPathway,R-HSA-9660821,1.3041713189244743e-07
R-HSA-9700645,abstraction:NextStepPathway,R-HSA-9725371,0.0
R-HSA-2022854,abstraction:NextStepPathway,R-HSA-2022928,0.0037401761903970007
R-HSA-2022854,abstraction:NextStepPathway,R-HSA-2022857,7.726985979925684e-07
R-HSA-9683686,abstraction:NextStepPathway,R-HSA-9679509,0.0003929544200170851
R-HSA-1482788,abstraction:NextStepPathway,R-HSA-1483148,0.0007369005503478866
R-HSA-1482788,abstraction:NextStepPathway,R-HSA-1483191,0.0009878492663164095
R-HSA-1482788,abstraction:NextStepPathway,R-HSA-1483101,0.000364616586869658
R-HSA-1482788,abstraction:NextStepPathway,R-HSA-1483166,0.002464270157834191
R-HSA-1482788,abstraction:NextStepPathway,R-HSA-1483115,0.0025446033842298934
R-HSA-73772,abstraction:NextStepPathway,R-HSA-73863,0.016106123963138246
R-HSA-73772,abstraction:NextStepPathway,R-HSA-427389,0.0005940918376751941
R-HSA-73772,abstraction:NextStepPathway,R-HSA-427413,0.015002837664600081
R-HSA-6806942,abstraction:NextStepPathway,R-HSA-8874081,0.0023852750261722966
R-HSA-6806942,abstraction:NextStepPathway,R-HSA-8851907,0.0021377734436001695
R-HSA-6806942,abstraction:NextStepPathway,R-HSA-8875513,0.0010400271725236367
R-HSA-6806942,abstraction:NextStepPathway,R-HSA-6807004,0.0027389718858527963
R-HSA-6806942,abstraction:NextStepPathway,R-HSA-8875791,0.002497271381847465
R-HSA-6806942,abstraction:NextStepPathway,R-HSA-8851805,0.0020605840816894836
R-HSA-1989781,abstraction:NextStepPathway,R-HSA-2022377,0.0002764309933970734
R-HSA-1989781,abstraction:NextStepPathway,R-HSA-400206,0.07221605467057382
R-HSA-1989781,abstraction:NextStepPathway,R-HSA-9861718,0.0001603091355842164
R-HSA-5685942,abstraction:NextStepPathway,R-HSA-5693554,0.011441499856225633
R-HSA-5685942,abstraction:NextStepPathway,R-HSA-5693568,0.01651675635544079
R-HSA-9824585,abstraction:NextStepPathway,R-HSA-1445148,0.0010165998835095572
R-HSA-5635851,abstraction:NextStepPathway,R-HSA-5632684,0.001442311717565237
R-HSA-9819196,abstraction:NextStepPathway,R-HSA-429947,2.7413473862659824e-06
R-HSA-9819196,abstraction:NextStepPathway,R-HSA-9820865,1.4355200157042587e-06
R-HSA-110329,abstraction:NextStepPathway,R-HSA-5649702,0.000277482099075031
R-HSA-110329,abstraction:NextStepPathway,R-HSA-110357,0.0029885970124036085
R-HSA-982772,abstraction:NextStepPathway,R-HSA-2586552,0.0020064071294639708
R-HSA-982772,abstraction:NextStepPathway,R-HSA-9020558,0.0008057769979134623
R-HSA-982772,abstraction:NextStepPathway,R-HSA-512988,0.0016289927037176888
R-HSA-982772,abstraction:NextStepPathway,R-HSA-9703465,0.0006968442996480957
R-HSA-982772,abstraction:NextStepPathway,R-HSA-1170546,0.002599648864853717
R-HSA-982772,abstraction:NextStepPathway,R-HSA-1266695,0.0007369005503478866
R-HSA-982772,abstraction:NextStepPathway,R-HSA-9702518,0.0007156828568190451
R-HSA-159227,abstraction:NextStepPathway,R-HSA-72662,0.00010787935209462088
R-HSA-174113,abstraction:NextStepPathway,R-HSA-176408,0.017631154678594038
R-HSA-156581,abstraction:NextStepPathway,R-HSA-1614558,0.0014032474117882062
R-HSA-156581,abstraction:NextStepPathway,R-HSA-549127,0.0008944098452694038
R-HSA-156581,abstraction:NextStepPathway,R-HSA-6798163,0.002332866099845846
R-HSA-156581,abstraction:NextStepPathway,R-HSA-1614635,0.006566916415424458
R-HSA-156581,abstraction:NextStepPathway,R-HSA-9759218,0.005686392151930477
R-HSA-156581,abstraction:NextStepPathway,R-HSA-351202,0.0010055885707787805
R-HSA-156581,abstraction:NextStepPathway,R-HSA-1614603,0.0005675078629517698
R-HSA-8852276,abstraction:NextStepPathway,R-HSA-69481,0.015130996391829406
R-HSA-1483115,abstraction:NextStepPathway,R-HSA-1483191,0.000595912039278821
R-HSA-1483115,abstraction:NextStepPathway,R-HSA-264642,0.0002834013700585707
R-HSA-1483115,abstraction:NextStepPathway,R-HSA-1483166,0.0014916675669560174
R-HSA-194313,abstraction:NextStepPathway,R-HSA-194138,0.0013527982925432033
R-HSA-194313,abstraction:NextStepPathway,R-HSA-195399,0.002459654898121354
R-HSA-9694271,abstraction:NextStepPathway,R-HSA-9694686,0.002950850482652333
R-HSA-111885,abstraction:NextStepPathway,R-HSA-202040,0.0015222517220346637
R-HSA-72203,abstraction:NextStepPathway,R-HSA-72163,0.06748919128069147
R-HSA-72203,abstraction:NextStepPathway,R-HSA-72165,0.019775141109448273
R-HSA-8949664,abstraction:NextStepPathway,R-HSA-8949215,0.009074243905776982
R-HSA-9664422,abstraction:NextStepPathway,R-HSA-4420097,0.0048018712168445155
R-HSA-9664422,abstraction:NextStepPathway,R-HSA-9664323,0.0027717120983743898
R-HSA-9664422,abstraction:NextStepPathway,R-HSA-2029482,0.015456915594372426
R-HSA-9664422,abstraction:NextStepPathway,R-HSA-114604,0.0025856179364637595
R-HSA-9664422,abstraction:NextStepPathway,R-HSA-5663213,0.01164221156577561
R-HSA-9664422,abstraction:NextStepPathway,R-HSA-5627123,0.0009515303366155842
R-HSA-9660821,abstraction:NextStepPathway,R-HSA-111931,0.0032302014191549953
R-HSA-9660821,abstraction:NextStepPathway,R-HSA-418594,0.003886171699966091
R-HSA-9660821,abstraction:NextStepPathway,R-HSA-9856530,0.002818506817000844
R-HSA-9660821,abstraction:NextStepPathway,R-HSA-9634638,0.0011733740293387199
R-HSA-9660821,abstraction:NextStepPathway,R-HSA-164378,0.0031455057624255388
R-HSA-9660821,abstraction:NextStepPathway,R-HSA-9634597,0.004418419160828547
R-HSA-9660821,abstraction:NextStepPathway,R-HSA-9664323,0.0027638716382623217
R-HSA-9660821,abstraction:NextStepPathway,R-HSA-163560,0.0006165927966957853
R-HSA-9660821,abstraction:NextStepPathway,R-HSA-418597,0.004729420641457775
R-HSA-9660821,abstraction:NextStepPathway,R-HSA-442720,0.002789408233397132
R-HSA-9660821,abstraction:NextStepPathway,R-HSA-111932,0.001375465538427116
R-HSA-9660821,abstraction:NextStepPathway,R-HSA-163359,0.0034199136974948463
R-HSA-9660821,abstraction:NextStepPathway,R-HSA-432040,0.0034489044764960974
R-HSA-9660821,abstraction:NextStepPathway,R-HSA-180024,0.0011733740293387199
R-HSA-9660821,abstraction:NextStepPathway,R-HSA-418555,0.005288410408622019
R-HSA-9660821,abstraction:NextStepPathway,R-HSA-163358,0.0009480347838438162
R-HSA-9660821,abstraction:NextStepPathway,R-HSA-9031628,0.0009932685537811848
R-HSA-9660821,abstraction:NextStepPathway,R-HSA-9634600,0.0008089174894348665
R-HSA-9660821,abstraction:NextStepPathway,R-HSA-163615,0.002027777336122169
R-HSA-75108,abstraction:NextStepPathway,R-HSA-111457,1.203672930951697e-07
R-HSA-75108,abstraction:NextStepPathway,R-HSA-111453,0.0005307608834783651
R-HSA-75108,abstraction:NextStepPathway,R-HSA-114294,0.0006041324607522355
R-HSA-75108,abstraction:NextStepPathway,R-HSA-5620971,0.00039381019595043115
R-HSA-75108,abstraction:NextStepPathway,R-HSA-111452,0.0006041324607522355
R-HSA-111459,abstraction:NextStepPathway,R-HSA-111469,0.003800352346862685
R-HSA-111459,abstraction:NextStepPathway,R-HSA-5620971,0.0007925911343765062
R-HSA-111459,abstraction:NextStepPathway,R-HSA-111465,0.0006608296061407632
R-HSA-111459,abstraction:NextStepPathway,R-HSA-140342,0.0004443189598162784
R-HSA-111459,abstraction:NextStepPathway,R-HSA-264870,0.0003723239189408989
R-HSA-111459,abstraction:NextStepPathway,R-HSA-211736,0.0018182495380346393
R-HSA-111459,abstraction:NextStepPathway,R-HSA-351906,0.0003723239189408989
R-HSA-141444,abstraction:NextStepPathway,R-HSA-141430,0.0009721274895061039
R-HSA-141444,abstraction:NextStepPathway,R-HSA-141405,0.0009721274895061039
R-HSA-9759811,abstraction:NextStepPathway,R-HSA-9762292,0.0010474272134938067
R-HSA-74752,abstraction:NextStepPathway,R-HSA-74749,0.005076250144774006
R-HSA-74752,abstraction:NextStepPathway,R-HSA-74713,0.00278184658583184
R-HSA-74752,abstraction:NextStepPathway,R-HSA-77387,0.006846009344059692
R-HSA-74752,abstraction:NextStepPathway,R-HSA-74751,0.0111988360983292
R-HSA-174403,abstraction:NextStepPathway,R-HSA-156590,0.01136936324026554
R-HSA-174403,abstraction:NextStepPathway,R-HSA-9753281,0.004245094744336871
R-HSA-168164,abstraction:NextStepPathway,R-HSA-937072,0.0028078244854077014
R-HSA-168164,abstraction:NextStepPathway,R-HSA-9013973,0.004516617523693637
R-HSA-168164,abstraction:NextStepPathway,R-HSA-9014325,0.003499900142063083
R-HSA-168164,abstraction:NextStepPathway,R-HSA-168927,0.003499900142063083
R-HSA-70635,abstraction:NextStepPathway,R-HSA-379716,0.0025469397894040367
R-HSA-70635,abstraction:NextStepPathway,R-HSA-8964539,0.0033647406644345323
R-HSA-70635,abstraction:NextStepPathway,R-HSA-71737,0.0012241853832365695
R-HSA-139853,abstraction:NextStepPathway,R-HSA-114508,0.002256560580892156
R-HSA-139853,abstraction:NextStepPathway,R-HSA-9856530,0.0007273275452459311
R-HSA-139853,abstraction:NextStepPathway,R-HSA-2871809,0.0014046101258142723
R-HSA-139853,abstraction:NextStepPathway,R-HSA-1169091,0.001236476902475146
R-HSA-139853,abstraction:NextStepPathway,R-HSA-9664323,0.0014546047743128855
R-HSA-139853,abstraction:NextStepPathway,R-HSA-76005,0.0015762852722524515
R-HSA-139853,abstraction:NextStepPathway,R-HSA-445355,0.0007710431312353178
R-HSA-139853,abstraction:NextStepPathway,R-HSA-5218921,0.0014546047743128855
R-HSA-139853,abstraction:NextStepPathway,R-HSA-111997,0.0008990741490307342
R-HSA-139853,abstraction:NextStepPathway,R-HSA-5607763,0.0009970780868671337
R-HSA-139853,abstraction:NextStepPathway,R-HSA-2025928,0.00043367997740871995
R-HSA-139853,abstraction:NextStepPathway,R-HSA-5578775,0.001979482307310068
R-HSA-139853,abstraction:NextStepPathway,R-HSA-983695,0.002732571918880574
R-HSA-139853,abstraction:NextStepPathway,R-HSA-2514859,0.0007521791663006898
R-HSA-187577,abstraction:NextStepPathway,R-HSA-69202,0.02063948273208245
R-HSA-187577,abstraction:NextStepPathway,R-HSA-8849470,0.002075734884905161
R-HSA-187577,abstraction:NextStepPathway,R-HSA-69656,0.020731532362113593
R-HSA-187577,abstraction:NextStepPathway,R-HSA-69231,0.0022289627374689393
R-HSA-9818749,abstraction:NextStepPathway,R-HSA-8951664,0.00021028855364994158
R-HSA-9818749,abstraction:NextStepPathway,R-HSA-9755511,0.002828880794390663
R-HSA-9764725,abstraction:NextStepPathway,R-HSA-9764562,0.0004118867646453643
R-HSA-9764725,abstraction:NextStepPathway,R-HSA-9856649,0.0012117956608510886
R-HSA-2162123,abstraction:NextStepPathway,R-HSA-2142770,0.0037582993061951986
R-HSA-2162123,abstraction:NextStepPathway,R-HSA-9027604,0.0029494900522031376
R-HSA-2162123,abstraction:NextStepPathway,R-HSA-9018679,0.0046403272420853904
R-HSA-2162123,abstraction:NextStepPathway,R-HSA-140180,0.004533311704230306
R-HSA-2162123,abstraction:NextStepPathway,R-HSA-211979,0.0035352811772030456
R-HSA-2162123,abstraction:NextStepPathway,R-HSA-9018677,0.0029847189322645172
R-HSA-427389,abstraction:NextStepPathway,R-HSA-73863,0.0005940918376751941
R-HSA-427389,abstraction:NextStepPathway,R-HSA-427413,0.0027507875392648517
R-HSA-1912408,abstraction:NextStepPathway,R-HSA-1912399,1.2049524773522607e-06
R-HSA-198933,abstraction:NextStepPathway,R-HSA-5676594,0.0005184044584718011
R-HSA-8963684,abstraction:NextStepPathway,R-HSA-2142789,0.0023960995714952926
R-HSA-1250342,abstraction:NextStepPathway,R-HSA-6811558,0.0020681365568768406
R-HSA-1250342,abstraction:NextStepPathway,R-HSA-1257604,0.001918955936455812
R-HSA-1482922,abstraction:NextStepPathway,R-HSA-1483196,0.00048398897568880896
R-HSA-1482922,abstraction:NextStepPathway,R-HSA-1483248,0.0008437938426630962
R-HSA-5693548,abstraction:NextStepPathway,R-HSA-6804760,0.001266848237137375
R-HSA-5693548,abstraction:NextStepPathway,R-HSA-69541,0.001022325856185513
R-HSA-5693548,abstraction:NextStepPathway,R-HSA-5693565,0.003090945803314621
R-HSA-5693548,abstraction:NextStepPathway,R-HSA-6804756,0.0028672612623233604
R-HSA-5693548,abstraction:NextStepPathway,R-HSA-6803204,0.0011399248911072074
R-HSA-5693548,abstraction:NextStepPathway,R-HSA-5693538,0.002638282914440739
R-HSA-5693548,abstraction:NextStepPathway,R-HSA-349425,0.0010557882742132081
R-HSA-5693548,abstraction:NextStepPathway,R-HSA-5685939,0.0013021543977988442
R-HSA-5693548,abstraction:NextStepPathway,R-HSA-6803207,0.0012508843383710125
R-HSA-5693548,abstraction:NextStepPathway,R-HSA-2559586,0.004702913633257504
R-HSA-5693548,abstraction:NextStepPathway,R-HSA-6804757,0.0011501093194111237
R-HSA-5693548,abstraction:NextStepPathway,R-HSA-5693606,0.00512628570276632
R-HSA-72187,abstraction:NextStepPathway,R-HSA-9930044,0.0009259107304657012
R-HSA-72187,abstraction:NextStepPathway,R-HSA-73856,0.02688126549919163
R-HSA-72187,abstraction:NextStepPathway,R-HSA-159236,0.01376923898086233
R-HSA-70221,abstraction:NextStepPathway,R-HSA-3322077,0.0037608539552062203
R-HSA-70221,abstraction:NextStepPathway,R-HSA-70263,0.003213176873911877
R-HSA-70221,abstraction:NextStepPathway,R-HSA-70370,0.0037608539552062203
R-HSA-70221,abstraction:NextStepPathway,R-HSA-173599,0.0009424835529606771
R-HSA-1855229,abstraction:NextStepPathway,R-HSA-1855191,0.00022734023357867222
R-HSA-1855229,abstraction:NextStepPathway,R-HSA-1855192,0.0005433735303183342
R-HSA-2980767,abstraction:NextStepPathway,R-HSA-3301854,0.0014302385829893603
R-HSA-2980767,abstraction:NextStepPathway,R-HSA-9648025,0.0018181289217953128
R-HSA-139910,abstraction:NextStepPathway,R-HSA-111453,1.0030311990159212e-07
R-HSA-168928,abstraction:NextStepPathway,R-HSA-936440,0.010351920363911152
R-HSA-168928,abstraction:NextStepPathway,R-HSA-933543,0.004036934381112131
R-HSA-168928,abstraction:NextStepPathway,R-HSA-918233,0.007150561147493059
R-HSA-168928,abstraction:NextStepPathway,R-HSA-9705671,0.007034869052724987
R-HSA-168928,abstraction:NextStepPathway,R-HSA-9833109,0.002464624152884117
R-HSA-1502540,abstraction:NextStepPathway,R-HSA-2173795,0.001130800806186516
R-HSA-1502540,abstraction:NextStepPathway,R-HSA-9754189,0.00027695931973121824
R-HSA-1502540,abstraction:NextStepPathway,R-HSA-2173796,0.00108331594642143
R-HSA-1502540,abstraction:NextStepPathway,R-HSA-9796292,0.0003214067394755151
R-HSA-1502540,abstraction:NextStepPathway,R-HSA-2173789,0.0014865704231094002
R-HSA-1502540,abstraction:NextStepPathway,R-HSA-1181150,0.003952142247036956
R-HSA-1502540,abstraction:NextStepPathway,R-HSA-8941855,0.00035755603067098504
R-HSA-1502540,abstraction:NextStepPathway,R-HSA-9823730,1.435435241569165e-06
R-HSA-1502540,abstraction:NextStepPathway,R-HSA-9617828,1.5007265987151533e-06
R-HSA-181429,abstraction:NextStepPathway,R-HSA-181430,0.008576122195860528
R-HSA-181429,abstraction:NextStepPathway,R-HSA-390666,0.0004773561038812828
R-HSA-181429,abstraction:NextStepPathway,R-HSA-212676,0.009236707088614432
R-HSA-114608,abstraction:NextStepPathway,R-HSA-140875,9.233877994533504e-07
R-HSA-114608,abstraction:NextStepPathway,R-HSA-140837,8.832144347076706e-07
R-HSA-6804757,abstraction:NextStepPathway,R-HSA-2559585,0.0014684082091739395
R-HSA-6804757,abstraction:NextStepPathway,R-HSA-2559580,0.0011677923713057955
R-HSA-6804757,abstraction:NextStepPathway,R-HSA-6804760,0.0019250100604219587
R-HSA-6804757,abstraction:NextStepPathway,R-HSA-1257604,0.005004686682353051
R-HSA-6804757,abstraction:NextStepPathway,R-HSA-69541,0.003258385143529494
R-HSA-6804757,abstraction:NextStepPathway,R-HSA-8941858,0.0011216227798323908
R-HSA-6804757,abstraction:NextStepPathway,R-HSA-6804756,0.0013344914105869882
R-HSA-6804757,abstraction:NextStepPathway,R-HSA-69481,0.0011087375582230071
R-HSA-6804757,abstraction:NextStepPathway,R-HSA-5689880,0.0015405284664595999
R-HSA-6804757,abstraction:NextStepPathway,R-HSA-198323,0.0011823139955786622
R-HSA-6804757,abstraction:NextStepPathway,R-HSA-8852276,0.0007668786389492877
R-HSA-2468052,abstraction:NextStepPathway,R-HSA-2500257,0.004023146720428134
R-HSA-8847453,abstraction:NextStepPathway,R-HSA-6811555,0.00440936290018971
R-HSA-112382,abstraction:NextStepPathway,R-HSA-75955,0.031053662653342515
R-HSA-427413,abstraction:NextStepPathway,R-HSA-73863,0.01579154649243973
R-HSA-427413,abstraction:NextStepPathway,R-HSA-427389,0.0027507875392648517
R-HSA-446210,abstraction:NextStepPathway,R-HSA-2142845,0.0013600800509251305
R-HSA-446210,abstraction:NextStepPathway,R-HSA-446193,0.009583614134550054
R-HSA-446210,abstraction:NextStepPathway,R-HSA-70171,0.0021112803844538864
R-HSA-6807062,abstraction:NextStepPathway,R-HSA-196791,0.0022073568368084643
R-HSA-6807062,abstraction:NextStepPathway,R-HSA-191273,0.013230774350164443
R-HSA-6807062,abstraction:NextStepPathway,R-HSA-211897,0.001848146017452729
R-HSA-4641257,abstraction:NextStepPathway,R-HSA-201681,0.016272371118925856
R-HSA-4641257,abstraction:NextStepPathway,R-HSA-5689880,0.014659594452488187
R-HSA-5423646,abstraction:NextStepPathway,R-HSA-156590,0.0020829318144742325
R-HSA-3371378,abstraction:NextStepPathway,R-HSA-5357905,0.002748007614327523
R-HSA-6791226,abstraction:NextStepPathway,R-HSA-9930044,0.003806932409505948
R-HSA-1362409,abstraction:NextStepPathway,R-HSA-9854311,0.004731067607278741
R-HSA-444209,abstraction:NextStepPathway,R-HSA-418594,1.4462847765167577e-06
R-HSA-444209,abstraction:NextStepPathway,R-HSA-416476,9.938802990576363e-07
R-HSA-2408550,abstraction:NextStepPathway,R-HSA-2408499,0.0011674825981659493
R-HSA-2408550,abstraction:NextStepPathway,R-HSA-2408508,0.0017779281744619432
R-HSA-2408550,abstraction:NextStepPathway,R-HSA-2408557,0.001629415107597927
R-HSA-9617828,abstraction:NextStepPathway,R-HSA-69563,0.0011110802398208168
R-HSA-9617828,abstraction:NextStepPathway,R-HSA-69202,0.0006907009673626878
R-HSA-9617828,abstraction:NextStepPathway,R-HSA-6804116,0.0015390789670473009
R-HSA-9617828,abstraction:NextStepPathway,R-HSA-69895,0.0019532318578768227
R-HSA-9617828,abstraction:NextStepPathway,R-HSA-69656,0.0006949258600806633
R-HSA-9617828,abstraction:NextStepPathway,R-HSA-2559586,0.0005088413393865214
R-HSA-1963642,abstraction:NextStepPathway,R-HSA-6811558,0.0019214636837567652
R-HSA-1963642,abstraction:NextStepPathway,R-HSA-1257604,0.0016998176393802852
R-HSA-168288,abstraction:NextStepPathway,R-HSA-168336,0.011101021939253972
R-HSA-168927,abstraction:NextStepPathway,R-HSA-1810476,0.004471589105630726
R-HSA-9694614,abstraction:NextStepPathway,R-HSA-9694676,0.00026452122903959944
R-HSA-9694614,abstraction:NextStepPathway,R-HSA-9694786,0.0007202526084047232
R-HSA-9694614,abstraction:NextStepPathway,R-HSA-9694686,0.00026892928518718984
R-HSA-211981,abstraction:NextStepPathway,R-HSA-156590,0.00011818203337361174
R-HSA-5696394,abstraction:NextStepPathway,R-HSA-5696395,0.0015883646839555887
R-HSA-8849471,abstraction:NextStepPathway,R-HSA-5625970,0.00048910038486254
R-HSA-8849471,abstraction:NextStepPathway,R-HSA-4420097,0.004473707367961679
R-HSA-8849471,abstraction:NextStepPathway,R-HSA-5625900,0.0007611833536638531
R-HSA-8849471,abstraction:NextStepPathway,R-HSA-389359,0.0024618021825712883
R-HSA-8849471,abstraction:NextStepPathway,R-HSA-399955,0.0028525708026460395
R-HSA-8849471,abstraction:NextStepPathway,R-HSA-5663220,0.00221398966567846
R-HSA-8849471,abstraction:NextStepPathway,R-HSA-2029482,0.003573664208366186
R-HSA-8849471,abstraction:NextStepPathway,R-HSA-5626467,5.619128820825545e-07
R-HSA-8849471,abstraction:NextStepPathway,R-HSA-5663213,0.0016189286278807113
R-HSA-8849471,abstraction:NextStepPathway,R-HSA-5625740,0.0015355166378549837
R-HSA-8849471,abstraction:NextStepPathway,R-HSA-5627123,0.001152062445738453
R-HSA-8849471,abstraction:NextStepPathway,R-HSA-5687128,0.0008443966076650951
R-HSA-8849471,abstraction:NextStepPathway,R-HSA-9664422,0.0036263880820155644
R-HSA-453279,abstraction:NextStepPathway,R-HSA-69239,0.023238073528242864
R-HSA-453279,abstraction:NextStepPathway,R-HSA-69620,0.01596609034898705
R-HSA-453279,abstraction:NextStepPathway,R-HSA-69278,0.04141079043873141
R-HSA-159418,abstraction:NextStepPathway,R-HSA-193368,0.0053708320054829915
R-HSA-159418,abstraction:NextStepPathway,R-HSA-879518,0.0012192904758417447
R-HSA-159418,abstraction:NextStepPathway,R-HSA-192105,0.004842732836812257
R-HSA-159418,abstraction:NextStepPathway,R-HSA-211976,0.001364206846542698
R-HSA-159418,abstraction:NextStepPathway,R-HSA-193807,0.0017570778669459598
R-HSA-159418,abstraction:NextStepPathway,R-HSA-1989781,0.0006842838655212253
R-HSA-190371,abstraction:NextStepPathway,R-HSA-5654227,0.0012371495428603614
R-HSA-190371,abstraction:NextStepPathway,R-HSA-5654706,0.0010675457176439105
R-HSA-190371,abstraction:NextStepPathway,R-HSA-5654704,0.001148165596278896
R-HSA-749476,abstraction:NextStepPathway,R-HSA-6784531,1.3197145046671086e-05
R-HSA-749476,abstraction:NextStepPathway,R-HSA-6782315,1.4436941965998904e-05
R-HSA-749476,abstraction:NextStepPathway,R-HSA-73780,0.009063535519041033
R-HSA-749476,abstraction:NextStepPathway,R-HSA-73980,0.011325174941699963
R-HSA-202424,abstraction:NextStepPathway,R-HSA-6811558,0.0023410316214583756
R-HSA-202424,abstraction:NextStepPathway,R-HSA-209560,0.0027055089847337517
R-HSA-202424,abstraction:NextStepPathway,R-HSA-389357,0.001554168939391831
R-HSA-202424,abstraction:NextStepPathway,R-HSA-1257604,0.014904508535252319
R-HSA-202424,abstraction:NextStepPathway,R-HSA-392451,0.0020074862096536414
R-HSA-202424,abstraction:NextStepPathway,R-HSA-1855204,0.002028948443704178
R-HSA-202424,abstraction:NextStepPathway,R-HSA-114604,0.001287142577009006
R-HSA-202424,abstraction:NextStepPathway,R-HSA-5607764,0.023576406347140498
R-HSA-202424,abstraction:NextStepPathway,R-HSA-9909649,4.784733392765269e-06
R-HSA-202424,abstraction:NextStepPathway,R-HSA-1660499,0.002437361124963547
R-HSA-202424,abstraction:NextStepPathway,R-HSA-2730905,0.0016288972643138176
R-HSA-202424,abstraction:NextStepPathway,R-HSA-5218920,0.001139134074710927
R-HSA-202424,abstraction:NextStepPathway,R-HSA-1660516,0.0014361425347346247
R-HSA-202424,abstraction:NextStepPathway,R-HSA-2871837,0.025216111276408812
R-HSA-202424,abstraction:NextStepPathway,R-HSA-9020702,0.019501191153077677
R-HSA-499943,abstraction:NextStepPathway,R-HSA-5628897,0.00607718387976142
R-HSA-499943,abstraction:NextStepPathway,R-HSA-3299685,0.003976191627336995
R-HSA-499943,abstraction:NextStepPathway,R-HSA-83936,0.0005271782856887242
R-HSA-499943,abstraction:NextStepPathway,R-HSA-9818027,0.0027446500600636064
R-HSA-167162,abstraction:NextStepPathway,R-HSA-167160,0.011653845566928273
R-HSA-2485179,abstraction:NextStepPathway,R-HSA-2514859,0.00654773328706878
R-HSA-9018896,abstraction:NextStepPathway,R-HSA-373076,0.0003681065089780663
