source,interaction,target,weight
R-HSA-8877627,abstraction:IsAComponentOf,R-HSA-6806667,0
R-HSA-6806664,abstraction:IsAComponentOf,R-HSA-6806667,0
R-HSA-975634,abstraction:IsAComponentOf,R-HSA-6806667,0
R-HSA-1296041,abstraction:IsAComponentOf,R-HSA-1296059,0
R-HSA-190241,abstraction:IsAComponentOf,R-HSA-5654738,0.6538403290274848
R-HSA-5654696,abstraction:IsAComponentOf,R-HSA-5654738,0.6912697098046562
R-HSA-6803529,abstraction:IsAComponentOf,R-HSA-5654738,0
R-HSA-5654727,abstraction:IsAComponentOf,R-HSA-5654738,0.6202560430595958
R-HSA-9705683,abstraction:IsAComponentOf,R-HSA-9694516,0.7377042649708198
R-HSA-9772573,abstraction:IsAComponentOf,R-HSA-9694516,0.7789329869075431
R-HSA-9772572,abstraction:IsAComponentOf,R-HSA-9694516,0.7607544153860494
R-HSA-9672393,abstraction:IsAComponentOf,R-HSA-9662001,0
R-HSA-9672391,abstraction:IsAComponentOf,R-HSA-9662001,0
R-HSA-9672396,abstraction:IsAComponentOf,R-HSA-9662001,0
R-HSA-9672387,abstraction:IsAComponentOf,R-HSA-9662001,0
R-HSA-9672395,abstraction:IsAComponentOf,R-HSA-9662001,0
R-HSA-9672397,abstraction:IsAComponentOf,R-HSA-9662001,0
R-HSA-9674519,abstraction:IsAComponentOf,R-HSA-9662001,0
R-HSA-8964208,abstraction:IsAComponentOf,R-HSA-8963691,0
R-HSA-8963684,abstraction:IsAComponentOf,R-HSA-8963691,0
R-HSA-162599,abstraction:IsAComponentOf,R-HSA-162587,0.8569218412238104
R-HSA-162594,abstraction:IsAComponentOf,R-HSA-162587,0.7902385114969109
R-HSA-1839122,abstraction:IsAComponentOf,R-HSA-1839124,0
R-HSA-1839117,abstraction:IsAComponentOf,R-HSA-1839124,0
R-HSA-1839120,abstraction:IsAComponentOf,R-HSA-1839124,0
R-HSA-8853336,abstraction:IsAComponentOf,R-HSA-1839124,0
R-HSA-9840309,abstraction:IsAComponentOf,R-HSA-1660662,0
R-HSA-9840310,abstraction:IsAComponentOf,R-HSA-1660662,0
R-HSA-9700649,abstraction:IsAComponentOf,R-HSA-9700206,0.4877362121115561
R-HSA-9725370,abstraction:IsAComponentOf,R-HSA-9700206,0.41740522092931953
R-HSA-9700645,abstraction:IsAComponentOf,R-HSA-9700206,0
R-HSA-5654219,abstraction:IsAComponentOf,R-HSA-5654687,0
R-HSA-5654688,abstraction:IsAComponentOf,R-HSA-5654687,0
R-HSA-5654693,abstraction:IsAComponentOf,R-HSA-5654687,0
R-HSA-5654689,abstraction:IsAComponentOf,R-HSA-5654687,0
R-HSA-9662361,abstraction:IsAComponentOf,R-HSA-9659379,0.6912369443849287
R-HSA-9662360,abstraction:IsAComponentOf,R-HSA-9659379,0
R-HSA-162909,abstraction:IsAComponentOf,R-HSA-162906,0.6586336626634736
R-HSA-162587,abstraction:IsAComponentOf,R-HSA-162906,0.7048228573701447
R-HSA-111997,abstraction:IsAComponentOf,R-HSA-1489509,0.8095041799286198
R-HSA-379398,abstraction:IsAComponentOf,R-HSA-379401,0
R-HSA-379397,abstraction:IsAComponentOf,R-HSA-379401,0
R-HSA-5218859,abstraction:IsAComponentOf,R-HSA-5357801,0
R-HSA-109581,abstraction:IsAComponentOf,R-HSA-5357801,0
R-HSA-9673163,abstraction:IsAComponentOf,R-HSA-166187,0
R-HSA-167826,abstraction:IsAComponentOf,R-HSA-166187,0
R-HSA-113501,abstraction:IsAComponentOf,R-HSA-113510,0
R-HSA-113507,abstraction:IsAComponentOf,R-HSA-113510,0
R-HSA-111931,abstraction:IsAComponentOf,R-HSA-111933,0.8736693755648642
R-HSA-111957,abstraction:IsAComponentOf,R-HSA-111933,0
R-HSA-111932,abstraction:IsAComponentOf,R-HSA-111933,0
R-HSA-420092,abstraction:IsAComponentOf,R-HSA-373080,0
R-HSA-419812,abstraction:IsAComponentOf,R-HSA-373080,0
R-HSA-8941326,abstraction:IsAComponentOf,R-HSA-8878166,0.5261818082697575
R-HSA-8941332,abstraction:IsAComponentOf,R-HSA-8878166,0
R-HSA-8941333,abstraction:IsAComponentOf,R-HSA-8878166,0
R-HSA-8939902,abstraction:IsAComponentOf,R-HSA-8878166,0
R-HSA-5467333,abstraction:IsAComponentOf,R-HSA-4839744,0
R-HSA-5467337,abstraction:IsAComponentOf,R-HSA-4839744,0
R-HSA-3928664,abstraction:IsAComponentOf,R-HSA-2682334,0
R-HSA-3928662,abstraction:IsAComponentOf,R-HSA-2682334,0
R-HSA-3928663,abstraction:IsAComponentOf,R-HSA-2682334,0
R-HSA-3928665,abstraction:IsAComponentOf,R-HSA-2682334,0
R-HSA-1614558,abstraction:IsAComponentOf,R-HSA-1614635,0.5770021133983128
R-HSA-1237112,abstraction:IsAComponentOf,R-HSA-1614635,0
R-HSA-1614603,abstraction:IsAComponentOf,R-HSA-1614635,0
R-HSA-2426168,abstraction:IsAComponentOf,R-HSA-1655829,0
R-HSA-141430,abstraction:IsAComponentOf,R-HSA-141405,0
R-HSA-9683673,abstraction:IsAComponentOf,R-HSA-9683701,0
R-HSA-9683610,abstraction:IsAComponentOf,R-HSA-9683701,0
R-HSA-9683683,abstraction:IsAComponentOf,R-HSA-9683701,0
R-HSA-9683612,abstraction:IsAComponentOf,R-HSA-9683701,0
R-HSA-9683686,abstraction:IsAComponentOf,R-HSA-9683701,0
R-HSA-5637812,abstraction:IsAComponentOf,R-HSA-1643713,0.3994626342369358
R-HSA-5638302,abstraction:IsAComponentOf,R-HSA-1643713,0.3994626342369358
R-HSA-5637815,abstraction:IsAComponentOf,R-HSA-1643713,0.3994626342369358
R-HSA-9693928,abstraction:IsAComponentOf,R-HSA-9645723,0.19116125288081698
R-HSA-9734009,abstraction:IsAComponentOf,R-HSA-9645723,0.21661761640403054
R-HSA-9710421,abstraction:IsAComponentOf,R-HSA-9645723,0
R-HSA-9027307,abstraction:IsAComponentOf,R-HSA-9018682,0
R-HSA-2871796,abstraction:IsAComponentOf,R-HSA-2454202,0
R-HSA-2871809,abstraction:IsAComponentOf,R-HSA-2454202,0
R-HSA-2730905,abstraction:IsAComponentOf,R-HSA-2454202,0
R-HSA-2871837,abstraction:IsAComponentOf,R-HSA-2454202,0
R-HSA-8856825,abstraction:IsAComponentOf,R-HSA-8856828,0
R-HSA-9706377,abstraction:IsAComponentOf,R-HSA-9682385,0
R-HSA-9702509,abstraction:IsAComponentOf,R-HSA-9682385,0
R-HSA-9703465,abstraction:IsAComponentOf,R-HSA-9682385,0
R-HSA-9703648,abstraction:IsAComponentOf,R-HSA-9682385,0.4367542363332891
R-HSA-9702506,abstraction:IsAComponentOf,R-HSA-9682385,0.5491200916655669
R-HSA-380108,abstraction:IsAComponentOf,R-HSA-375276,0
R-HSA-388479,abstraction:IsAComponentOf,R-HSA-375276,0
R-HSA-389397,abstraction:IsAComponentOf,R-HSA-375276,0
R-HSA-380095,abstraction:IsAComponentOf,R-HSA-375276,0
R-HSA-444473,abstraction:IsAComponentOf,R-HSA-375276,0
R-HSA-444821,abstraction:IsAComponentOf,R-HSA-375276,0
R-HSA-418889,abstraction:IsAComponentOf,R-HSA-5357769,0
R-HSA-140534,abstraction:IsAComponentOf,R-HSA-5357769,0.6357617208779802
R-HSA-68911,abstraction:IsAComponentOf,R-HSA-453274,0
R-HSA-69275,abstraction:IsAComponentOf,R-HSA-453274,0.6347717382099836
R-HSA-9664407,abstraction:IsAComponentOf,R-HSA-9658195,0.8401179949206182
R-HSA-9664420,abstraction:IsAComponentOf,R-HSA-9658195,0.7964247280278222
R-HSA-9664433,abstraction:IsAComponentOf,R-HSA-9658195,0.9058103600308023
R-HSA-9664424,abstraction:IsAComponentOf,R-HSA-9658195,0.7964247280278222
R-HSA-450294,abstraction:IsAComponentOf,R-HSA-975871,0.9436596660790745
R-HSA-937039,abstraction:IsAComponentOf,R-HSA-975871,0
R-HSA-445989,abstraction:IsAComponentOf,R-HSA-975871,0.7964247280278222
R-HSA-937042,abstraction:IsAComponentOf,R-HSA-975871,0
R-HSA-381183,abstraction:IsAComponentOf,R-HSA-381033,0
R-HSA-9764790,abstraction:IsAComponentOf,R-HSA-9764560,0
R-HSA-9764725,abstraction:IsAComponentOf,R-HSA-9764560,0
R-HSA-9820965,abstraction:IsAComponentOf,R-HSA-9820952,0.4905366659761777
R-HSA-9833110,abstraction:IsAComponentOf,R-HSA-9820952,0.4408825452624032
R-HSA-9820960,abstraction:IsAComponentOf,R-HSA-9820952,0
R-HSA-9820962,abstraction:IsAComponentOf,R-HSA-9820952,0
R-HSA-4086400,abstraction:IsAComponentOf,R-HSA-3858494,0.7435624748500899
R-HSA-4086398,abstraction:IsAComponentOf,R-HSA-3858494,0
R-HSA-3214815,abstraction:IsAComponentOf,R-HSA-3247509,0
R-HSA-3214858,abstraction:IsAComponentOf,R-HSA-3247509,0
R-HSA-3214842,abstraction:IsAComponentOf,R-HSA-3247509,0
R-HSA-3214847,abstraction:IsAComponentOf,R-HSA-3247509,0
R-HSA-3214841,abstraction:IsAComponentOf,R-HSA-3247509,0
R-HSA-4551638,abstraction:IsAComponentOf,R-HSA-3108232,0
R-HSA-3232118,abstraction:IsAComponentOf,R-HSA-3108232,0
R-HSA-3108214,abstraction:IsAComponentOf,R-HSA-3108232,0
R-HSA-4085377,abstraction:IsAComponentOf,R-HSA-3108232,0
R-HSA-3232142,abstraction:IsAComponentOf,R-HSA-3108232,0
R-HSA-4090294,abstraction:IsAComponentOf,R-HSA-3108232,0
R-HSA-9793242,abstraction:IsAComponentOf,R-HSA-3108232,0
R-HSA-4655427,abstraction:IsAComponentOf,R-HSA-3108232,0
R-HSA-3899300,abstraction:IsAComponentOf,R-HSA-3108232,0
R-HSA-4615885,abstraction:IsAComponentOf,R-HSA-3108232,0
R-HSA-4570464,abstraction:IsAComponentOf,R-HSA-3108232,0
R-HSA-4755510,abstraction:IsAComponentOf,R-HSA-3108232,0
R-HSA-5654741,abstraction:IsAComponentOf,R-HSA-190236,0.596003798528921
R-HSA-5654736,abstraction:IsAComponentOf,R-HSA-190236,0.60726853036999
R-HSA-5654738,abstraction:IsAComponentOf,R-HSA-190236,0.6018398931143899
R-HSA-5654743,abstraction:IsAComponentOf,R-HSA-190236,0.5896826168265974
R-HSA-2173795,abstraction:IsAComponentOf,R-HSA-2173793,0
R-HSA-2173796,abstraction:IsAComponentOf,R-HSA-2173793,0
R-HSA-912446,abstraction:IsAComponentOf,R-HSA-1500620,0
R-HSA-1221632,abstraction:IsAComponentOf,R-HSA-1500620,0
R-HSA-141444,abstraction:IsAComponentOf,R-HSA-141424,0
R-HSA-5673001,abstraction:IsAComponentOf,R-HSA-5684996,0.9257963062817008
R-HSA-112409,abstraction:IsAComponentOf,R-HSA-5684996,0.8469324336830036
R-HSA-5637810,abstraction:IsAComponentOf,R-HSA-5637812,0
R-HSA-170670,abstraction:IsAComponentOf,R-HSA-991365,0
R-HSA-997272,abstraction:IsAComponentOf,R-HSA-991365,0
R-HSA-380994,abstraction:IsAComponentOf,R-HSA-381042,0
R-HSA-9844594,abstraction:IsAComponentOf,R-HSA-9843743,0
R-HSA-425410,abstraction:IsAComponentOf,R-HSA-425407,0.6810508274687905
R-HSA-549127,abstraction:IsAComponentOf,R-HSA-425407,0
R-HSA-189200,abstraction:IsAComponentOf,R-HSA-425407,0
R-HSA-429593,abstraction:IsAComponentOf,R-HSA-425407,0
R-HSA-9958863,abstraction:IsAComponentOf,R-HSA-425407,0.6278669614587147
R-HSA-9959399,abstraction:IsAComponentOf,R-HSA-425407,0.5928455145991871
R-HSA-425397,abstraction:IsAComponentOf,R-HSA-425407,0.6503399593920002
R-HSA-9955298,abstraction:IsAComponentOf,R-HSA-425407,0.6810508274687905
R-HSA-9958790,abstraction:IsAComponentOf,R-HSA-425407,0.6927264151032039
R-HSA-442660,abstraction:IsAComponentOf,R-HSA-425407,0
R-HSA-5674499,abstraction:IsAComponentOf,R-HSA-5675221,0
R-HSA-1614517,abstraction:IsAComponentOf,R-HSA-1614558,0
R-HSA-2855086,abstraction:IsAComponentOf,R-HSA-166662,0
R-HSA-9748787,abstraction:IsAComponentOf,R-HSA-9748784,0
R-HSA-9755088,abstraction:IsAComponentOf,R-HSA-9748784,0
R-HSA-9753281,abstraction:IsAComponentOf,R-HSA-9748784,0
R-HSA-2161522,abstraction:IsAComponentOf,R-HSA-9748784,0
R-HSA-9757110,abstraction:IsAComponentOf,R-HSA-9748784,0
R-HSA-9749641,abstraction:IsAComponentOf,R-HSA-9748784,0
R-HSA-9793528,abstraction:IsAComponentOf,R-HSA-9748784,0
R-HSA-9754706,abstraction:IsAComponentOf,R-HSA-9748784,0
R-HSA-1251985,abstraction:IsAComponentOf,R-HSA-1236394,0
R-HSA-1253288,abstraction:IsAComponentOf,R-HSA-1236394,0
R-HSA-1250347,abstraction:IsAComponentOf,R-HSA-1236394,0
R-HSA-1250342,abstraction:IsAComponentOf,R-HSA-1236394,0
R-HSA-193648,abstraction:IsAComponentOf,R-HSA-204998,0
R-HSA-205025,abstraction:IsAComponentOf,R-HSA-204998,0
R-HSA-205043,abstraction:IsAComponentOf,R-HSA-204998,0
R-HSA-5654726,abstraction:IsAComponentOf,R-HSA-5654736,0.6242813159885089
R-HSA-190242,abstraction:IsAComponentOf,R-HSA-5654736,0.6800001120037079
R-HSA-5658623,abstraction:IsAComponentOf,R-HSA-5654736,0
R-HSA-5654687,abstraction:IsAComponentOf,R-HSA-5654736,0.6962731784685209
R-HSA-975155,abstraction:IsAComponentOf,R-HSA-168181,0.7998252690660037
R-HSA-9860276,abstraction:IsAComponentOf,R-HSA-168181,0
R-HSA-171319,abstraction:IsAComponentOf,R-HSA-180786,0
R-HSA-174417,abstraction:IsAComponentOf,R-HSA-180786,0.9043298703280016
R-HSA-977444,abstraction:IsAComponentOf,R-HSA-977443,0.6637652127045697
R-HSA-75094,abstraction:IsAComponentOf,R-HSA-72200,0
R-HSA-70263,abstraction:IsAComponentOf,R-HSA-70326,0
R-HSA-70171,abstraction:IsAComponentOf,R-HSA-70326,0.6316828528414283
R-HSA-195399,abstraction:IsAComponentOf,R-HSA-194313,0
R-HSA-9929356,abstraction:IsAComponentOf,R-HSA-9909615,0
R-HSA-9931269,abstraction:IsAComponentOf,R-HSA-9909615,0
R-HSA-9929491,abstraction:IsAComponentOf,R-HSA-9909615,0
R-HSA-9931295,abstraction:IsAComponentOf,R-HSA-9909615,0
R-HSA-3134973,abstraction:IsAComponentOf,R-HSA-1834949,0
R-HSA-3134975,abstraction:IsAComponentOf,R-HSA-1834949,0.4724177850533969
R-HSA-1834941,abstraction:IsAComponentOf,R-HSA-1834949,0.49780820611619936
R-HSA-3134963,abstraction:IsAComponentOf,R-HSA-1834949,0
R-HSA-1606322,abstraction:IsAComponentOf,R-HSA-1834949,0.49780820611619936
R-HSA-8981373,abstraction:IsAComponentOf,R-HSA-8963676,0
R-HSA-8963678,abstraction:IsAComponentOf,R-HSA-8963676,0
R-HSA-75876,abstraction:IsAComponentOf,R-HSA-75105,0
R-HSA-392154,abstraction:IsAComponentOf,R-HSA-418346,0.6178813745566634
R-HSA-418360,abstraction:IsAComponentOf,R-HSA-418346,0.6501961369597434
R-HSA-432142,abstraction:IsAComponentOf,R-HSA-418346,0
R-HSA-392851,abstraction:IsAComponentOf,R-HSA-418346,0
R-HSA-6803211,abstraction:IsAComponentOf,R-HSA-5633008,0
R-HSA-6803204,abstraction:IsAComponentOf,R-HSA-5633008,0
R-HSA-6803207,abstraction:IsAComponentOf,R-HSA-5633008,0
R-HSA-6803205,abstraction:IsAComponentOf,R-HSA-5633008,0
R-HSA-193368,abstraction:IsAComponentOf,R-HSA-192105,0
R-HSA-193775,abstraction:IsAComponentOf,R-HSA-192105,0
R-HSA-193807,abstraction:IsAComponentOf,R-HSA-192105,0
R-HSA-69481,abstraction:IsAComponentOf,R-HSA-69620,0.5421441175320879
R-HSA-69615,abstraction:IsAComponentOf,R-HSA-69620,0.5767193203705129
R-HSA-69618,abstraction:IsAComponentOf,R-HSA-69620,0.5421441175320879
R-HSA-390247,abstraction:IsAComponentOf,R-HSA-390918,0
R-HSA-389887,abstraction:IsAComponentOf,R-HSA-390918,0
R-HSA-389599,abstraction:IsAComponentOf,R-HSA-390918,0
R-HSA-5099900,abstraction:IsAComponentOf,R-HSA-4086400,0
R-HSA-4608870,abstraction:IsAComponentOf,R-HSA-4086400,0
R-HSA-5140745,abstraction:IsAComponentOf,R-HSA-4086400,0
R-HSA-5675482,abstraction:IsAComponentOf,R-HSA-5213460,0.8631890559288844
R-HSA-5632987,abstraction:IsAComponentOf,R-HSA-5423599,0
R-HSA-5632928,abstraction:IsAComponentOf,R-HSA-5423599,0
R-HSA-5632927,abstraction:IsAComponentOf,R-HSA-5423599,0
R-HSA-5632968,abstraction:IsAComponentOf,R-HSA-5423599,0
R-HSA-5545483,abstraction:IsAComponentOf,R-HSA-5423599,0
R-HSA-68882,abstraction:IsAComponentOf,R-HSA-2555396,0.7798815822730305
R-HSA-68881,abstraction:IsAComponentOf,R-HSA-2555396,0
R-HSA-179419,abstraction:IsAComponentOf,R-HSA-176409,0.8830579863835846
R-HSA-174048,abstraction:IsAComponentOf,R-HSA-176409,0
R-HSA-174154,abstraction:IsAComponentOf,R-HSA-176409,0
R-HSA-5657562,abstraction:IsAComponentOf,R-HSA-5663084,0
R-HSA-5662853,abstraction:IsAComponentOf,R-HSA-5663084,0
R-HSA-3229121,abstraction:IsAComponentOf,R-HSA-5663084,0.5434781190822027
R-HSA-5659898,abstraction:IsAComponentOf,R-HSA-5663084,0
R-HSA-6791465,abstraction:IsAComponentOf,R-HSA-5663084,0.503128913828169
R-HSA-5657560,abstraction:IsAComponentOf,R-HSA-5663084,0
R-HSA-2206281,abstraction:IsAComponentOf,R-HSA-5663084,0.5762679747626026
R-HSA-2033519,abstraction:IsAComponentOf,R-HSA-1839126,0
R-HSA-8851708,abstraction:IsAComponentOf,R-HSA-1839126,0
R-HSA-2023837,abstraction:IsAComponentOf,R-HSA-1839126,0
R-HSA-8853333,abstraction:IsAComponentOf,R-HSA-1839126,0
R-HSA-192105,abstraction:IsAComponentOf,R-HSA-194068,0.7669461371403835
R-HSA-159418,abstraction:IsAComponentOf,R-HSA-194068,0
R-HSA-9012546,abstraction:IsAComponentOf,R-HSA-446652,0
R-HSA-9008059,abstraction:IsAComponentOf,R-HSA-446652,0
R-HSA-9014843,abstraction:IsAComponentOf,R-HSA-446652,0
R-HSA-9014826,abstraction:IsAComponentOf,R-HSA-446652,0
R-HSA-448706,abstraction:IsAComponentOf,R-HSA-446652,0
R-HSA-9007892,abstraction:IsAComponentOf,R-HSA-446652,0
R-HSA-9020702,abstraction:IsAComponentOf,R-HSA-446652,0.6738424262487003
R-HSA-1592230,abstraction:IsAComponentOf,R-HSA-1852241,0
R-HSA-5617833,abstraction:IsAComponentOf,R-HSA-1852241,0
R-HSA-9649913,abstraction:IsAComponentOf,R-HSA-6802949,0.7490976334572098
R-HSA-9649948,abstraction:IsAComponentOf,R-HSA-6802949,0
R-HSA-8874081,abstraction:IsAComponentOf,R-HSA-8875878,0
R-HSA-8875513,abstraction:IsAComponentOf,R-HSA-8875878,0
R-HSA-8875555,abstraction:IsAComponentOf,R-HSA-8875878,0
R-HSA-975956,abstraction:IsAComponentOf,R-HSA-927802,0
R-HSA-975957,abstraction:IsAComponentOf,R-HSA-927802,0
R-HSA-9823587,abstraction:IsAComponentOf,R-HSA-9671793,0.23484986558073906
R-HSA-9651496,abstraction:IsAComponentOf,R-HSA-9671793,0.262209005637498
R-HSA-9026357,abstraction:IsAComponentOf,R-HSA-9006115,0
R-HSA-9026527,abstraction:IsAComponentOf,R-HSA-9006115,0
R-HSA-9032500,abstraction:IsAComponentOf,R-HSA-9006115,0.6265492713124158
R-HSA-9028731,abstraction:IsAComponentOf,R-HSA-9006115,0
R-HSA-9026519,abstraction:IsAComponentOf,R-HSA-9006115,0
R-HSA-9028335,abstraction:IsAComponentOf,R-HSA-9006115,0
R-HSA-9024909,abstraction:IsAComponentOf,R-HSA-9006115,0
R-HSA-9025046,abstraction:IsAComponentOf,R-HSA-9006115,0
R-HSA-9032845,abstraction:IsAComponentOf,R-HSA-9006115,0
R-HSA-190372,abstraction:IsAComponentOf,R-HSA-190239,0
R-HSA-190371,abstraction:IsAComponentOf,R-HSA-190239,0
R-HSA-9735869,abstraction:IsAComponentOf,R-HSA-9692914,0
R-HSA-9692916,abstraction:IsAComponentOf,R-HSA-9692914,0
R-HSA-9692912,abstraction:IsAComponentOf,R-HSA-9692914,0
R-HSA-9692913,abstraction:IsAComponentOf,R-HSA-9692914,0
R-HSA-9735871,abstraction:IsAComponentOf,R-HSA-9692914,0
R-HSA-8940973,abstraction:IsAComponentOf,R-HSA-8941326,0
R-HSA-8941284,abstraction:IsAComponentOf,R-HSA-8941326,0
R-HSA-69580,abstraction:IsAComponentOf,R-HSA-69615,0.8197261561201882
R-HSA-69613,abstraction:IsAComponentOf,R-HSA-69615,0.7242153935155838
R-HSA-426486,abstraction:IsAComponentOf,R-HSA-211000,0
R-HSA-5601884,abstraction:IsAComponentOf,R-HSA-211000,0
R-HSA-5578749,abstraction:IsAComponentOf,R-HSA-211000,0
R-HSA-203927,abstraction:IsAComponentOf,R-HSA-211000,0
R-HSA-426496,abstraction:IsAComponentOf,R-HSA-211000,0
R-HSA-9708296,abstraction:IsAComponentOf,R-HSA-211000,0
R-HSA-419037,abstraction:IsAComponentOf,R-HSA-375165,0
R-HSA-9638737,abstraction:IsAComponentOf,R-HSA-9640148,0.6385496928108176
R-HSA-9638482,abstraction:IsAComponentOf,R-HSA-9640148,0.6385496928108176
R-HSA-9956593,abstraction:IsAComponentOf,R-HSA-9640148,0
R-HSA-9760173,abstraction:IsAComponentOf,R-HSA-9640148,0
R-HSA-9931953,abstraction:IsAComponentOf,R-HSA-9640148,0.6059808332163147
R-HSA-9758920,abstraction:IsAComponentOf,R-HSA-9758941,0
R-HSA-9754189,abstraction:IsAComponentOf,R-HSA-9758941,0
R-HSA-9834899,abstraction:IsAComponentOf,R-HSA-9758941,0
R-HSA-9823739,abstraction:IsAComponentOf,R-HSA-9758941,0
R-HSA-9796292,abstraction:IsAComponentOf,R-HSA-9758941,0
R-HSA-9758919,abstraction:IsAComponentOf,R-HSA-9758941,0
R-HSA-9832991,abstraction:IsAComponentOf,R-HSA-9758941,0
R-HSA-9761174,abstraction:IsAComponentOf,R-HSA-9758941,0
R-HSA-9793380,abstraction:IsAComponentOf,R-HSA-9758941,0.47837759026701093
R-HSA-9823730,abstraction:IsAComponentOf,R-HSA-9758941,0
R-HSA-114516,abstraction:IsAComponentOf,R-HSA-76005,0
R-HSA-114608,abstraction:IsAComponentOf,R-HSA-76005,0
R-HSA-9023661,abstraction:IsAComponentOf,R-HSA-9018679,0
R-HSA-9018896,abstraction:IsAComponentOf,R-HSA-9018679,0
R-HSA-1234174,abstraction:IsAComponentOf,R-HSA-2262752,0.6909563181749305
R-HSA-9707616,abstraction:IsAComponentOf,R-HSA-2262752,0
R-HSA-9841251,abstraction:IsAComponentOf,R-HSA-2262752,0
R-HSA-9711097,abstraction:IsAComponentOf,R-HSA-2262752,0.6909563181749305
R-HSA-9648895,abstraction:IsAComponentOf,R-HSA-2262752,0
R-HSA-3371497,abstraction:IsAComponentOf,R-HSA-2262752,0
R-HSA-381119,abstraction:IsAComponentOf,R-HSA-2262752,0.7870995275217562
R-HSA-9840373,abstraction:IsAComponentOf,R-HSA-2262752,0
R-HSA-9711123,abstraction:IsAComponentOf,R-HSA-2262752,0.8401057535883467
R-HSA-2559583,abstraction:IsAComponentOf,R-HSA-2262752,0.7516407238054719
R-HSA-3371556,abstraction:IsAComponentOf,R-HSA-2262752,0.7359010055771118
R-HSA-9768777,abstraction:IsAComponentOf,R-HSA-9768759,0
R-HSA-9768778,abstraction:IsAComponentOf,R-HSA-9768759,0
R-HSA-8949275,abstraction:IsAComponentOf,R-HSA-8878159,0
R-HSA-8951936,abstraction:IsAComponentOf,R-HSA-8878159,0
R-HSA-8952158,abstraction:IsAComponentOf,R-HSA-8878159,0
R-HSA-8951430,abstraction:IsAComponentOf,R-HSA-8878159,0
R-HSA-8941858,abstraction:IsAComponentOf,R-HSA-8878159,0
R-HSA-8941855,abstraction:IsAComponentOf,R-HSA-8878159,0
R-HSA-8951671,abstraction:IsAComponentOf,R-HSA-8878159,0
R-HSA-8941856,abstraction:IsAComponentOf,R-HSA-8878159,0
R-HSA-8951911,abstraction:IsAComponentOf,R-HSA-8878159,0
R-HSA-2980736,abstraction:IsAComponentOf,R-HSA-392499,0
R-HSA-597592,abstraction:IsAComponentOf,R-HSA-392499,0
R-HSA-9837999,abstraction:IsAComponentOf,R-HSA-392499,0
R-HSA-5676934,abstraction:IsAComponentOf,R-HSA-392499,0
R-HSA-977225,abstraction:IsAComponentOf,R-HSA-392499,0
R-HSA-5683826,abstraction:IsAComponentOf,R-HSA-392499,0
R-HSA-391251,abstraction:IsAComponentOf,R-HSA-392499,0
R-HSA-72766,abstraction:IsAComponentOf,R-HSA-392499,0
R-HSA-381426,abstraction:IsAComponentOf,R-HSA-392499,0
R-HSA-69206,abstraction:IsAComponentOf,R-HSA-453279,0.6247484423151043
R-HSA-69236,abstraction:IsAComponentOf,R-HSA-453279,0.5554135316809214
R-HSA-1538133,abstraction:IsAComponentOf,R-HSA-453279,0.5554135316809214
R-HSA-9670095,abstraction:IsAComponentOf,R-HSA-157579,0
R-HSA-171306,abstraction:IsAComponentOf,R-HSA-157579,0
R-HSA-180786,abstraction:IsAComponentOf,R-HSA-157579,0.9176019078364309
R-HSA-1442490,abstraction:IsAComponentOf,R-HSA-1474228,0
R-HSA-1592389,abstraction:IsAComponentOf,R-HSA-1474228,0
R-HSA-170984,abstraction:IsAComponentOf,R-HSA-169893,0
R-HSA-170968,abstraction:IsAComponentOf,R-HSA-169893,0
R-HSA-110314,abstraction:IsAComponentOf,R-HSA-73893,0
R-HSA-110313,abstraction:IsAComponentOf,R-HSA-73893,0.6165313557697717
R-HSA-5340573,abstraction:IsAComponentOf,R-HSA-4791275,0
R-HSA-5339717,abstraction:IsAComponentOf,R-HSA-4791275,0
R-HSA-5339700,abstraction:IsAComponentOf,R-HSA-4791275,0
R-HSA-4839743,abstraction:IsAComponentOf,R-HSA-4791275,0.4893557654330013
R-HSA-4839744,abstraction:IsAComponentOf,R-HSA-4791275,0.46156116059508506
R-HSA-5339716,abstraction:IsAComponentOf,R-HSA-4791275,0
R-HSA-5545619,abstraction:IsAComponentOf,R-HSA-4791275,0
R-HSA-4839748,abstraction:IsAComponentOf,R-HSA-4791275,0.46156116059508506
R-HSA-5340588,abstraction:IsAComponentOf,R-HSA-4791275,0
R-HSA-4839735,abstraction:IsAComponentOf,R-HSA-4791275,0.46156116059508506
R-HSA-68689,abstraction:IsAComponentOf,R-HSA-68867,0
R-HSA-68616,abstraction:IsAComponentOf,R-HSA-68867,0
R-HSA-977068,abstraction:IsAComponentOf,R-HSA-913709,0
R-HSA-5358346,abstraction:IsAComponentOf,R-HSA-5358351,0.2829763398765307
R-HSA-5632684,abstraction:IsAComponentOf,R-HSA-5358351,0.30786410496980743
R-HSA-5610787,abstraction:IsAComponentOf,R-HSA-5358351,0.30786410496980743
R-HSA-5621575,abstraction:IsAComponentOf,R-HSA-5621481,0
R-HSA-5621480,abstraction:IsAComponentOf,R-HSA-5621481,0
R-HSA-5607764,abstraction:IsAComponentOf,R-HSA-5621481,0.4937743111841592
R-HSA-9763198,abstraction:IsAComponentOf,R-HSA-9701190,0
R-HSA-9709603,abstraction:IsAComponentOf,R-HSA-9701190,0
R-HSA-9709275,abstraction:IsAComponentOf,R-HSA-9701190,0
R-HSA-9709570,abstraction:IsAComponentOf,R-HSA-9701190,0
R-HSA-3359478,abstraction:IsAComponentOf,R-HSA-9759785,0
R-HSA-5693579,abstraction:IsAComponentOf,R-HSA-5685942,0.8215060408823982
R-HSA-5693537,abstraction:IsAComponentOf,R-HSA-5685942,0.8634064837183508
R-HSA-9678108,abstraction:IsAComponentOf,R-HSA-9679506,0.6674317724493402
R-HSA-9694516,abstraction:IsAComponentOf,R-HSA-9679506,0.6811595168707232
R-HSA-9679191,abstraction:IsAComponentOf,R-HSA-9679506,0
R-HSA-936440,abstraction:IsAComponentOf,R-HSA-168928,0
R-HSA-933542,abstraction:IsAComponentOf,R-HSA-168928,0
R-HSA-933543,abstraction:IsAComponentOf,R-HSA-168928,0
R-HSA-918233,abstraction:IsAComponentOf,R-HSA-168928,0
R-HSA-933541,abstraction:IsAComponentOf,R-HSA-168928,0
R-HSA-69239,abstraction:IsAComponentOf,R-HSA-69242,0.6470645071263275
R-HSA-69656,abstraction:IsAComponentOf,R-HSA-69242,0.528802297653616
R-HSA-75815,abstraction:IsAComponentOf,R-HSA-69242,0
R-HSA-2468052,abstraction:IsAComponentOf,R-HSA-69242,0
R-HSA-1482839,abstraction:IsAComponentOf,R-HSA-1483206,0
R-HSA-1483196,abstraction:IsAComponentOf,R-HSA-1483206,0
R-HSA-1483076,abstraction:IsAComponentOf,R-HSA-1483206,0
R-HSA-1482798,abstraction:IsAComponentOf,R-HSA-1483206,0
R-HSA-1483226,abstraction:IsAComponentOf,R-HSA-1483206,0
R-HSA-1483148,abstraction:IsAComponentOf,R-HSA-1483206,0
R-HSA-1483213,abstraction:IsAComponentOf,R-HSA-1483206,0
R-HSA-1483191,abstraction:IsAComponentOf,R-HSA-1483206,0
R-HSA-1482925,abstraction:IsAComponentOf,R-HSA-1483206,0
R-HSA-1482883,abstraction:IsAComponentOf,R-HSA-1483206,0
R-HSA-1482801,abstraction:IsAComponentOf,R-HSA-1483206,0
R-HSA-1483152,abstraction:IsAComponentOf,R-HSA-1483206,0
R-HSA-1483101,abstraction:IsAComponentOf,R-HSA-1483206,0
R-HSA-1483166,abstraction:IsAComponentOf,R-HSA-1483206,0
R-HSA-1483171,abstraction:IsAComponentOf,R-HSA-1483206,0
R-HSA-1482788,abstraction:IsAComponentOf,R-HSA-1483206,0
R-HSA-1483115,abstraction:IsAComponentOf,R-HSA-1483206,0
R-HSA-1482922,abstraction:IsAComponentOf,R-HSA-1483206,0
R-HSA-9635486,abstraction:IsAComponentOf,R-HSA-9824439,0.5762151117374973
R-HSA-9640148,abstraction:IsAComponentOf,R-HSA-9824439,0.5415177321756508
R-HSA-5339562,abstraction:IsAComponentOf,R-HSA-9824439,0.551824713063594
R-HSA-8876384,abstraction:IsAComponentOf,R-HSA-9824439,0.46487019056573203
R-HSA-9759785,abstraction:IsAComponentOf,R-HSA-9759774,0.36156298389055386
R-HSA-176407,abstraction:IsAComponentOf,R-HSA-174143,0
R-HSA-176814,abstraction:IsAComponentOf,R-HSA-174143,0.9151668689627299
R-HSA-176408,abstraction:IsAComponentOf,R-HSA-174143,0.8715195740923902
R-HSA-174178,abstraction:IsAComponentOf,R-HSA-174143,0
R-HSA-174084,abstraction:IsAComponentOf,R-HSA-174143,0
R-HSA-167172,abstraction:IsAComponentOf,R-HSA-162599,0.8734695792540064
R-HSA-175474,abstraction:IsAComponentOf,R-HSA-162599,0.7649104178658552
R-HSA-165054,abstraction:IsAComponentOf,R-HSA-162599,0
R-HSA-162588,abstraction:IsAComponentOf,R-HSA-162599,0
R-HSA-209560,abstraction:IsAComponentOf,R-HSA-193639,0
R-HSA-209543,abstraction:IsAComponentOf,R-HSA-193639,0
R-HSA-9702998,abstraction:IsAComponentOf,R-HSA-9702506,0
R-HSA-9702569,abstraction:IsAComponentOf,R-HSA-9702506,0
R-HSA-9702620,abstraction:IsAComponentOf,R-HSA-9702506,0
R-HSA-9702577,abstraction:IsAComponentOf,R-HSA-9702506,0
R-HSA-9702636,abstraction:IsAComponentOf,R-HSA-9702506,0
R-HSA-9702614,abstraction:IsAComponentOf,R-HSA-9702506,0
R-HSA-9702624,abstraction:IsAComponentOf,R-HSA-9702506,0
R-HSA-9702590,abstraction:IsAComponentOf,R-HSA-9702506,0
R-HSA-9702596,abstraction:IsAComponentOf,R-HSA-9702506,0
R-HSA-9702600,abstraction:IsAComponentOf,R-HSA-9702506,0
R-HSA-9702605,abstraction:IsAComponentOf,R-HSA-9702506,0
R-HSA-9702581,abstraction:IsAComponentOf,R-HSA-9702506,0
R-HSA-9702632,abstraction:IsAComponentOf,R-HSA-9702506,0
R-HSA-9703009,abstraction:IsAComponentOf,R-HSA-9702506,0
R-HSA-9856530,abstraction:IsAComponentOf,R-HSA-9860931,0
R-HSA-9860927,abstraction:IsAComponentOf,R-HSA-9860931,0
R-HSA-5610785,abstraction:IsAComponentOf,R-HSA-5610787,0
R-HSA-5610783,abstraction:IsAComponentOf,R-HSA-5610787,0
R-HSA-5610780,abstraction:IsAComponentOf,R-HSA-5610787,0
R-HSA-194002,abstraction:IsAComponentOf,R-HSA-196071,0
R-HSA-193144,abstraction:IsAComponentOf,R-HSA-196071,0
R-HSA-196108,abstraction:IsAComponentOf,R-HSA-196071,0
R-HSA-193048,abstraction:IsAComponentOf,R-HSA-196071,0
R-HSA-193993,abstraction:IsAComponentOf,R-HSA-196071,0
R-HSA-5693565,abstraction:IsAComponentOf,R-HSA-5693606,0
R-HSA-5693548,abstraction:IsAComponentOf,R-HSA-5693606,0
R-HSA-9636667,abstraction:IsAComponentOf,R-HSA-9637690,0
R-HSA-9635644,abstraction:IsAComponentOf,R-HSA-9637690,0
R-HSA-9636569,abstraction:IsAComponentOf,R-HSA-9637690,0
R-HSA-9637687,abstraction:IsAComponentOf,R-HSA-9637690,0.7952970923817756
R-HSA-9635465,abstraction:IsAComponentOf,R-HSA-9637690,0
R-HSA-449147,abstraction:IsAComponentOf,R-HSA-1280215,0.6491154869106195
R-HSA-9680350,abstraction:IsAComponentOf,R-HSA-1280215,0
R-HSA-5668541,abstraction:IsAComponentOf,R-HSA-1280215,0.4873422308423566
R-HSA-913531,abstraction:IsAComponentOf,R-HSA-1280215,0.5498602052082892
R-HSA-1170546,abstraction:IsAComponentOf,R-HSA-1280215,0
R-HSA-9674555,abstraction:IsAComponentOf,R-HSA-1280215,0.4415339028834799
R-HSA-9607240,abstraction:IsAComponentOf,R-HSA-1280215,0.4873422308423566
R-HSA-982772,abstraction:IsAComponentOf,R-HSA-1280215,0
R-HSA-437239,abstraction:IsAComponentOf,R-HSA-373760,0
R-HSA-445144,abstraction:IsAComponentOf,R-HSA-373760,0
R-HSA-447041,abstraction:IsAComponentOf,R-HSA-373760,0
R-HSA-447038,abstraction:IsAComponentOf,R-HSA-373760,0
R-HSA-445095,abstraction:IsAComponentOf,R-HSA-373760,0
R-HSA-447043,abstraction:IsAComponentOf,R-HSA-373760,0
R-HSA-1655829,abstraction:IsAComponentOf,R-HSA-8957322,0.4833417954084314
R-HSA-196791,abstraction:IsAComponentOf,R-HSA-8957322,0
R-HSA-191273,abstraction:IsAComponentOf,R-HSA-8957322,0.51055982900164
R-HSA-196071,abstraction:IsAComponentOf,R-HSA-8957322,0.5516230112129087
R-HSA-194068,abstraction:IsAComponentOf,R-HSA-8957322,0.5516230112129087
R-HSA-174490,abstraction:IsAComponentOf,R-HSA-174495,0
R-HSA-5684045,abstraction:IsAComponentOf,R-HSA-5619084,0
R-HSA-5683371,abstraction:IsAComponentOf,R-HSA-5619084,0
R-HSA-5679001,abstraction:IsAComponentOf,R-HSA-5619084,0
R-HSA-5683329,abstraction:IsAComponentOf,R-HSA-5619084,0
R-HSA-5690338,abstraction:IsAComponentOf,R-HSA-5619084,0
R-HSA-5678420,abstraction:IsAComponentOf,R-HSA-5619084,0
R-HSA-5682113,abstraction:IsAComponentOf,R-HSA-5619084,0
R-HSA-5678895,abstraction:IsAComponentOf,R-HSA-5619084,0
R-HSA-5679096,abstraction:IsAComponentOf,R-HSA-5619084,0
R-HSA-5683678,abstraction:IsAComponentOf,R-HSA-5619084,0
R-HSA-5683177,abstraction:IsAComponentOf,R-HSA-5619084,0
R-HSA-5678520,abstraction:IsAComponentOf,R-HSA-5619084,0
R-HSA-5682294,abstraction:IsAComponentOf,R-HSA-5619084,0
R-HSA-5679090,abstraction:IsAComponentOf,R-HSA-5619084,0
R-HSA-5678771,abstraction:IsAComponentOf,R-HSA-5619084,0
R-HSA-9857377,abstraction:IsAComponentOf,R-HSA-9856651,0
R-HSA-9825892,abstraction:IsAComponentOf,R-HSA-9856651,0
R-HSA-9824594,abstraction:IsAComponentOf,R-HSA-9856651,0
R-HSA-9854907,abstraction:IsAComponentOf,R-HSA-9856651,0
R-HSA-9926550,abstraction:IsAComponentOf,R-HSA-9856651,0
R-HSA-9854909,abstraction:IsAComponentOf,R-HSA-9856651,0
R-HSA-9825895,abstraction:IsAComponentOf,R-HSA-9856651,0
R-HSA-9824585,abstraction:IsAComponentOf,R-HSA-9856651,0
R-HSA-2173791,abstraction:IsAComponentOf,R-HSA-170834,0
R-HSA-2173789,abstraction:IsAComponentOf,R-HSA-170834,0.7338146387689614
R-HSA-2173793,abstraction:IsAComponentOf,R-HSA-170834,0.7717513884483569
R-HSA-9911233,abstraction:IsAComponentOf,R-HSA-1912408,0
R-HSA-8866427,abstraction:IsAComponentOf,R-HSA-8964043,0
R-HSA-8964038,abstraction:IsAComponentOf,R-HSA-8964043,0
R-HSA-8964011,abstraction:IsAComponentOf,R-HSA-8964043,0
R-HSA-8964046,abstraction:IsAComponentOf,R-HSA-8964043,0
R-HSA-8964026,abstraction:IsAComponentOf,R-HSA-8964043,0
R-HSA-5638303,abstraction:IsAComponentOf,R-HSA-5638302,0
R-HSA-5576892,abstraction:IsAComponentOf,R-HSA-5576891,0
R-HSA-5576890,abstraction:IsAComponentOf,R-HSA-5576891,0
R-HSA-5576893,abstraction:IsAComponentOf,R-HSA-5576891,0
R-HSA-5576886,abstraction:IsAComponentOf,R-HSA-5576891,0
R-HSA-5578775,abstraction:IsAComponentOf,R-HSA-5576891,0
R-HSA-5576894,abstraction:IsAComponentOf,R-HSA-5576891,0
R-HSA-5578768,abstraction:IsAComponentOf,R-HSA-5576891,0
R-HSA-9942503,abstraction:IsAComponentOf,R-HSA-9945266,0
R-HSA-975155,abstraction:IsAComponentOf,R-HSA-168138,0.7998252690660037
R-HSA-9860276,abstraction:IsAComponentOf,R-HSA-168138,0
R-HSA-5619087,abstraction:IsAComponentOf,R-HSA-5619102,0
R-HSA-5619092,abstraction:IsAComponentOf,R-HSA-5619102,0
R-HSA-5619043,abstraction:IsAComponentOf,R-HSA-5619102,0
R-HSA-5619061,abstraction:IsAComponentOf,R-HSA-5619102,0
R-HSA-5619060,abstraction:IsAComponentOf,R-HSA-5619102,0
R-HSA-5619089,abstraction:IsAComponentOf,R-HSA-5619102,0
R-HSA-5619088,abstraction:IsAComponentOf,R-HSA-5619102,0
R-HSA-5619062,abstraction:IsAComponentOf,R-HSA-5619102,0
R-HSA-5659735,abstraction:IsAComponentOf,R-HSA-5619102,0
R-HSA-9036092,abstraction:IsAComponentOf,R-HSA-5619102,0
R-HSA-5619083,abstraction:IsAComponentOf,R-HSA-5619102,0
R-HSA-5619053,abstraction:IsAComponentOf,R-HSA-5619102,0
R-HSA-5619050,abstraction:IsAComponentOf,R-HSA-5619102,0
R-HSA-5619058,abstraction:IsAComponentOf,R-HSA-5619102,0
R-HSA-5619039,abstraction:IsAComponentOf,R-HSA-5619102,0
R-HSA-5619081,abstraction:IsAComponentOf,R-HSA-5619102,0
R-HSA-5619072,abstraction:IsAComponentOf,R-HSA-5619102,0
R-HSA-5619085,abstraction:IsAComponentOf,R-HSA-5619102,0
R-HSA-5660883,abstraction:IsAComponentOf,R-HSA-5619102,0
R-HSA-5619114,abstraction:IsAComponentOf,R-HSA-5619102,0
R-HSA-5619037,abstraction:IsAComponentOf,R-HSA-5619102,0
R-HSA-5619077,abstraction:IsAComponentOf,R-HSA-5619102,0
R-HSA-5619042,abstraction:IsAComponentOf,R-HSA-5619102,0
R-HSA-5619110,abstraction:IsAComponentOf,R-HSA-5619102,0
R-HSA-5619035,abstraction:IsAComponentOf,R-HSA-5619102,0
R-HSA-5619044,abstraction:IsAComponentOf,R-HSA-5619102,0
R-HSA-5619068,abstraction:IsAComponentOf,R-HSA-5619102,0
R-HSA-5660686,abstraction:IsAComponentOf,R-HSA-5619102,0
R-HSA-5619111,abstraction:IsAComponentOf,R-HSA-5619102,0
R-HSA-5619070,abstraction:IsAComponentOf,R-HSA-5619102,0
R-HSA-5619108,abstraction:IsAComponentOf,R-HSA-5619102,0
R-HSA-5619098,abstraction:IsAComponentOf,R-HSA-5619102,0
R-HSA-5619073,abstraction:IsAComponentOf,R-HSA-5619102,0
R-HSA-5619045,abstraction:IsAComponentOf,R-HSA-5619102,0
R-HSA-5619094,abstraction:IsAComponentOf,R-HSA-5619102,0
R-HSA-5619046,abstraction:IsAComponentOf,R-HSA-5619102,0
R-HSA-5619076,abstraction:IsAComponentOf,R-HSA-5619102,0
R-HSA-5663020,abstraction:IsAComponentOf,R-HSA-5619102,0
R-HSA-5619041,abstraction:IsAComponentOf,R-HSA-5619102,0
R-HSA-5619049,abstraction:IsAComponentOf,R-HSA-5619102,0
R-HSA-5619048,abstraction:IsAComponentOf,R-HSA-5619102,0
R-HSA-5660724,abstraction:IsAComponentOf,R-HSA-5619102,0
R-HSA-5619101,abstraction:IsAComponentOf,R-HSA-5619102,0
R-HSA-5619036,abstraction:IsAComponentOf,R-HSA-5619102,0
R-HSA-5619071,abstraction:IsAComponentOf,R-HSA-5619102,0
R-HSA-5660862,abstraction:IsAComponentOf,R-HSA-5619102,0
R-HSA-5655799,abstraction:IsAComponentOf,R-HSA-5619102,0
R-HSA-5619096,abstraction:IsAComponentOf,R-HSA-5619102,0
R-HSA-3560792,abstraction:IsAComponentOf,R-HSA-5619102,0
R-HSA-5619040,abstraction:IsAComponentOf,R-HSA-5619102,0
R-HSA-5658471,abstraction:IsAComponentOf,R-HSA-5619102,0
R-HSA-5619063,abstraction:IsAComponentOf,R-HSA-5619102,0
R-HSA-5656364,abstraction:IsAComponentOf,R-HSA-5619102,0
R-HSA-5619047,abstraction:IsAComponentOf,R-HSA-5619102,0
R-HSA-5619056,abstraction:IsAComponentOf,R-HSA-5619102,0
R-HSA-5619097,abstraction:IsAComponentOf,R-HSA-5619102,0
R-HSA-5619104,abstraction:IsAComponentOf,R-HSA-5619102,0
R-HSA-5619054,abstraction:IsAComponentOf,R-HSA-5619102,0
R-HSA-5619052,abstraction:IsAComponentOf,R-HSA-5619102,0
R-HSA-5619067,abstraction:IsAComponentOf,R-HSA-5619102,0
R-HSA-5619109,abstraction:IsAComponentOf,R-HSA-5619102,0
R-HSA-5619078,abstraction:IsAComponentOf,R-HSA-5619102,0
R-HSA-5619066,abstraction:IsAComponentOf,R-HSA-5619102,0
R-HSA-5619095,abstraction:IsAComponentOf,R-HSA-5619102,0
R-HSA-5619055,abstraction:IsAComponentOf,R-HSA-5619102,0
R-HSA-5658208,abstraction:IsAComponentOf,R-HSA-5619102,0
R-HSA-5619099,abstraction:IsAComponentOf,R-HSA-5619102,0
R-HSA-5619107,abstraction:IsAComponentOf,R-HSA-5619102,0
R-HSA-5619113,abstraction:IsAComponentOf,R-HSA-5619102,0
R-HSA-917977,abstraction:IsAComponentOf,R-HSA-917937,0
R-HSA-5654716,abstraction:IsAComponentOf,R-HSA-5654743,0.6800001120037079
R-HSA-190322,abstraction:IsAComponentOf,R-HSA-5654743,0.6111677290469323
R-HSA-5654733,abstraction:IsAComponentOf,R-HSA-5654743,0.6111677290469323
R-HSA-166058,abstraction:IsAComponentOf,R-HSA-168179,0.9680806380819365
R-HSA-9645722,abstraction:IsAComponentOf,R-HSA-9734009,0
R-HSA-9723907,abstraction:IsAComponentOf,R-HSA-9734009,0.805013385467836
R-HSA-8863678,abstraction:IsAComponentOf,R-HSA-9734009,0.805013385467836
R-HSA-8866910,abstraction:IsAComponentOf,R-HSA-8864260,0
R-HSA-8866911,abstraction:IsAComponentOf,R-HSA-8864260,0
R-HSA-8869496,abstraction:IsAComponentOf,R-HSA-8864260,0
R-HSA-8866907,abstraction:IsAComponentOf,R-HSA-8864260,0
R-HSA-8866906,abstraction:IsAComponentOf,R-HSA-8864260,0
R-HSA-8866904,abstraction:IsAComponentOf,R-HSA-8864260,0
R-HSA-8866654,abstraction:IsAComponentOf,R-HSA-8852135,0
R-HSA-8866652,abstraction:IsAComponentOf,R-HSA-8852135,0
R-HSA-6811558,abstraction:IsAComponentOf,R-HSA-199418,0
R-HSA-8852405,abstraction:IsAComponentOf,R-HSA-9006934,0
R-HSA-194138,abstraction:IsAComponentOf,R-HSA-9006934,0.42336513344135573
R-HSA-6806834,abstraction:IsAComponentOf,R-HSA-9006934,0.4583403931558049
R-HSA-1227986,abstraction:IsAComponentOf,R-HSA-9006934,0.4485925073137768
R-HSA-1236394,abstraction:IsAComponentOf,R-HSA-9006934,0.40527464569356314
R-HSA-190236,abstraction:IsAComponentOf,R-HSA-9006934,0.5405688098962884
R-HSA-166520,abstraction:IsAComponentOf,R-HSA-9006934,0.535128746990867
R-HSA-1433557,abstraction:IsAComponentOf,R-HSA-9006934,0.3536132965063347
R-HSA-177929,abstraction:IsAComponentOf,R-HSA-9006934,0.4150346589258282
R-HSA-186797,abstraction:IsAComponentOf,R-HSA-9006934,0.3536132965063347
R-HSA-201556,abstraction:IsAComponentOf,R-HSA-9006934,0.37768554613927025
R-HSA-2404192,abstraction:IsAComponentOf,R-HSA-9006934,0.44314611260124215
R-HSA-9842663,abstraction:IsAComponentOf,R-HSA-9006934,0
R-HSA-74752,abstraction:IsAComponentOf,R-HSA-9006934,0.4485925073137768
R-HSA-174403,abstraction:IsAComponentOf,R-HSA-156590,0
R-HSA-111458,abstraction:IsAComponentOf,R-HSA-111461,0.7931398960313544
R-HSA-111459,abstraction:IsAComponentOf,R-HSA-111461,0
R-HSA-2534343,abstraction:IsAComponentOf,R-HSA-1187000,0
R-HSA-1300645,abstraction:IsAComponentOf,R-HSA-1187000,0
R-HSA-1300642,abstraction:IsAComponentOf,R-HSA-1187000,0
R-HSA-9608287,abstraction:IsAComponentOf,R-HSA-9605310,0
R-HSA-9608290,abstraction:IsAComponentOf,R-HSA-9605310,0
R-HSA-9660826,abstraction:IsAComponentOf,R-HSA-9664424,0
R-HSA-9013419,abstraction:IsAComponentOf,R-HSA-9715370,0
R-HSA-9013425,abstraction:IsAComponentOf,R-HSA-9715370,0
R-HSA-1168372,abstraction:IsAComponentOf,R-HSA-983705,0.6510753647500063
R-HSA-5690714,abstraction:IsAComponentOf,R-HSA-983705,0
R-HSA-983695,abstraction:IsAComponentOf,R-HSA-983705,0
R-HSA-3656535,abstraction:IsAComponentOf,R-HSA-3656534,0
R-HSA-3656532,abstraction:IsAComponentOf,R-HSA-3656534,0
R-HSA-111465,abstraction:IsAComponentOf,R-HSA-75153,0.6754134838962921
R-HSA-140342,abstraction:IsAComponentOf,R-HSA-75153,0
R-HSA-211736,abstraction:IsAComponentOf,R-HSA-75153,0
R-HSA-428930,abstraction:IsAComponentOf,R-HSA-392518,0
R-HSA-392170,abstraction:IsAComponentOf,R-HSA-392518,0
R-HSA-418592,abstraction:IsAComponentOf,R-HSA-392518,0
R-HSA-2660826,abstraction:IsAComponentOf,R-HSA-2660825,0
R-HSA-5654719,abstraction:IsAComponentOf,R-HSA-5654716,0
R-HSA-5654712,abstraction:IsAComponentOf,R-HSA-5654716,0
R-HSA-5654228,abstraction:IsAComponentOf,R-HSA-5654716,0
R-HSA-5654720,abstraction:IsAComponentOf,R-HSA-5654716,0
R-HSA-9734091,abstraction:IsAComponentOf,R-HSA-6807004,0
R-HSA-2395516,abstraction:IsAComponentOf,R-HSA-1362409,0
R-HSA-3248023,abstraction:IsAComponentOf,R-HSA-3134975,0
R-HSA-159854,abstraction:IsAComponentOf,R-HSA-163841,0.5626368725787632
R-HSA-204626,abstraction:IsAComponentOf,R-HSA-163841,0
R-HSA-5358493,abstraction:IsAComponentOf,R-HSA-163841,0
R-HSA-1663150,abstraction:IsAComponentOf,R-HSA-163841,0
R-HSA-9629569,abstraction:IsAComponentOf,R-HSA-163841,0
R-HSA-2243919,abstraction:IsAComponentOf,R-HSA-2022090,0
R-HSA-2214320,abstraction:IsAComponentOf,R-HSA-2022090,0
R-HSA-9022707,abstraction:IsAComponentOf,R-HSA-8986944,0
R-HSA-9022927,abstraction:IsAComponentOf,R-HSA-8986944,0
R-HSA-9022692,abstraction:IsAComponentOf,R-HSA-8986944,0
R-HSA-9022699,abstraction:IsAComponentOf,R-HSA-8986944,0
R-HSA-9022702,abstraction:IsAComponentOf,R-HSA-8986944,0
R-HSA-804914,abstraction:IsAComponentOf,R-HSA-425397,0
R-HSA-83936,abstraction:IsAComponentOf,R-HSA-425397,0
R-HSA-727802,abstraction:IsAComponentOf,R-HSA-425397,0
R-HSA-6811434,abstraction:IsAComponentOf,R-HSA-8856688,0
R-HSA-6811436,abstraction:IsAComponentOf,R-HSA-8856688,0
R-HSA-2219530,abstraction:IsAComponentOf,R-HSA-2219528,0
R-HSA-5674400,abstraction:IsAComponentOf,R-HSA-2219528,0
R-HSA-5674404,abstraction:IsAComponentOf,R-HSA-2219528,0
R-HSA-190375,abstraction:IsAComponentOf,R-HSA-190241,0
R-HSA-190377,abstraction:IsAComponentOf,R-HSA-190241,0
R-HSA-166058,abstraction:IsAComponentOf,R-HSA-168188,0.9680806380819365
R-HSA-9726842,abstraction:IsAComponentOf,R-HSA-9660537,0
R-HSA-9726840,abstraction:IsAComponentOf,R-HSA-9660537,0
R-HSA-983189,abstraction:IsAComponentOf,R-HSA-983231,0
R-HSA-5358508,abstraction:IsAComponentOf,R-HSA-73894,0
R-HSA-73884,abstraction:IsAComponentOf,R-HSA-73894,0
R-HSA-73942,abstraction:IsAComponentOf,R-HSA-73894,0
R-HSA-5696398,abstraction:IsAComponentOf,R-HSA-73894,0
R-HSA-6783310,abstraction:IsAComponentOf,R-HSA-73894,0
R-HSA-5693532,abstraction:IsAComponentOf,R-HSA-73894,0
R-HSA-73893,abstraction:IsAComponentOf,R-HSA-73894,0
R-HSA-112040,abstraction:IsAComponentOf,R-HSA-111885,0.9650734474404649
R-HSA-202040,abstraction:IsAComponentOf,R-HSA-111885,0
R-HSA-180024,abstraction:IsAComponentOf,R-HSA-111885,0
R-HSA-75892,abstraction:IsAComponentOf,R-HSA-109582,0
R-HSA-75205,abstraction:IsAComponentOf,R-HSA-109582,0
R-HSA-202733,abstraction:IsAComponentOf,R-HSA-109582,0
R-HSA-983231,abstraction:IsAComponentOf,R-HSA-109582,0
R-HSA-140877,abstraction:IsAComponentOf,R-HSA-109582,0
R-HSA-76002,abstraction:IsAComponentOf,R-HSA-109582,0
R-HSA-418346,abstraction:IsAComponentOf,R-HSA-109582,0
R-HSA-5655253,abstraction:IsAComponentOf,R-HSA-1226099,0.4967725135542001
R-HSA-5655302,abstraction:IsAComponentOf,R-HSA-1226099,0.4967725135542001
R-HSA-5655291,abstraction:IsAComponentOf,R-HSA-1226099,0.43502405322931526
R-HSA-5655332,abstraction:IsAComponentOf,R-HSA-1226099,0.48718476416348083
R-HSA-69166,abstraction:IsAComponentOf,R-HSA-69183,0
R-HSA-1606341,abstraction:IsAComponentOf,R-HSA-1606322,0
R-HSA-1810476,abstraction:IsAComponentOf,R-HSA-1606322,0
R-HSA-975577,abstraction:IsAComponentOf,R-HSA-975576,0
R-HSA-975574,abstraction:IsAComponentOf,R-HSA-975576,0
R-HSA-975578,abstraction:IsAComponentOf,R-HSA-975576,0
R-HSA-68867,abstraction:IsAComponentOf,R-HSA-69002,0.7320437994585444
R-HSA-68962,abstraction:IsAComponentOf,R-HSA-69002,0
R-HSA-450294,abstraction:IsAComponentOf,R-HSA-166058,0.9436596660790745
R-HSA-937039,abstraction:IsAComponentOf,R-HSA-166058,0
R-HSA-445989,abstraction:IsAComponentOf,R-HSA-166058,0.7964247280278222
R-HSA-937042,abstraction:IsAComponentOf,R-HSA-166058,0
R-HSA-2129379,abstraction:IsAComponentOf,R-HSA-1566948,0
R-HSA-140179,abstraction:IsAComponentOf,R-HSA-211945,0.7246429434142185
R-HSA-140180,abstraction:IsAComponentOf,R-HSA-211945,0
R-HSA-8937144,abstraction:IsAComponentOf,R-HSA-211945,0
R-HSA-71384,abstraction:IsAComponentOf,R-HSA-211945,0
R-HSA-217271,abstraction:IsAComponentOf,R-HSA-211945,0
R-HSA-211897,abstraction:IsAComponentOf,R-HSA-211945,0.8249845107886855
R-HSA-6798695,abstraction:IsAComponentOf,R-HSA-168249,0
R-HSA-2172127,abstraction:IsAComponentOf,R-HSA-168249,0.4625693031909517
R-HSA-879415,abstraction:IsAComponentOf,R-HSA-168249,0
R-HSA-1222556,abstraction:IsAComponentOf,R-HSA-168249,0.4625693031909517
R-HSA-166658,abstraction:IsAComponentOf,R-HSA-168249,0.5760146446039313
R-HSA-2029480,abstraction:IsAComponentOf,R-HSA-168249,0.5130961119665727
R-HSA-168643,abstraction:IsAComponentOf,R-HSA-168249,0.5510744865539591
R-HSA-6803157,abstraction:IsAComponentOf,R-HSA-168249,0.5405503526685682
R-HSA-9686114,abstraction:IsAComponentOf,R-HSA-168249,0.5282044059234892
R-HSA-168898,abstraction:IsAComponentOf,R-HSA-168249,0.7021509565290881
R-HSA-2454202,abstraction:IsAComponentOf,R-HSA-168249,0.5282044059234892
R-HSA-1834949,abstraction:IsAComponentOf,R-HSA-168249,0.582869281661945
R-HSA-9645460,abstraction:IsAComponentOf,R-HSA-168249,0
R-HSA-168928,abstraction:IsAComponentOf,R-HSA-168249,0.5405503526685682
R-HSA-5621481,abstraction:IsAComponentOf,R-HSA-168249,0.5510744865539591
R-HSA-69190,abstraction:IsAComponentOf,R-HSA-69239,0.8841717965204465
R-HSA-69052,abstraction:IsAComponentOf,R-HSA-69239,0.8082929423436086
R-HSA-68952,abstraction:IsAComponentOf,R-HSA-69239,0
R-HSA-1295596,abstraction:IsAComponentOf,R-HSA-5654733,0
R-HSA-964827,abstraction:IsAComponentOf,R-HSA-964739,0
R-HSA-111997,abstraction:IsAComponentOf,R-HSA-111996,0.9510799826418669
R-HSA-111995,abstraction:IsAComponentOf,R-HSA-111996,0
R-HSA-187024,abstraction:IsAComponentOf,R-HSA-187015,0
R-HSA-187042,abstraction:IsAComponentOf,R-HSA-187015,0
R-HSA-173599,abstraction:IsAComponentOf,R-HSA-156588,0
R-HSA-9732724,abstraction:IsAComponentOf,R-HSA-877300,0
R-HSA-877312,abstraction:IsAComponentOf,R-HSA-877300,0
R-HSA-5660489,abstraction:IsAComponentOf,R-HSA-5660526,0
R-HSA-5661231,abstraction:IsAComponentOf,R-HSA-5660526,0
R-HSA-73780,abstraction:IsAComponentOf,R-HSA-74158,0
R-HSA-73980,abstraction:IsAComponentOf,R-HSA-74158,0
R-HSA-76046,abstraction:IsAComponentOf,R-HSA-74158,0.46883383774277937
R-HSA-749476,abstraction:IsAComponentOf,R-HSA-74158,0
R-HSA-388396,abstraction:IsAComponentOf,R-HSA-372790,0.4588810062692862
R-HSA-500792,abstraction:IsAComponentOf,R-HSA-372790,0.4570321689724299
R-HSA-9694631,abstraction:IsAComponentOf,R-HSA-9694635,0
R-HSA-9694719,abstraction:IsAComponentOf,R-HSA-9694635,0
R-HSA-9694493,abstraction:IsAComponentOf,R-HSA-9694635,0
R-HSA-9694594,abstraction:IsAComponentOf,R-HSA-9694635,0
R-HSA-9694548,abstraction:IsAComponentOf,R-HSA-9694635,0
R-HSA-180746,abstraction:IsAComponentOf,R-HSA-177243,0
R-HSA-165054,abstraction:IsAComponentOf,R-HSA-177243,0
R-HSA-73929,abstraction:IsAComponentOf,R-HSA-73884,0.6927455580805141
R-HSA-73933,abstraction:IsAComponentOf,R-HSA-73884,0.6844219804602649
R-HSA-164516,abstraction:IsAComponentOf,R-HSA-162589,0
R-HSA-164525,abstraction:IsAComponentOf,R-HSA-162589,0
R-HSA-192869,abstraction:IsAComponentOf,R-HSA-168273,0
R-HSA-192905,abstraction:IsAComponentOf,R-HSA-168273,0
R-HSA-192823,abstraction:IsAComponentOf,R-HSA-168273,0
R-HSA-168325,abstraction:IsAComponentOf,R-HSA-168273,0
R-HSA-192814,abstraction:IsAComponentOf,R-HSA-168273,0
R-HSA-5693607,abstraction:IsAComponentOf,R-HSA-5693567,0
R-HSA-5685938,abstraction:IsAComponentOf,R-HSA-5693567,0
R-HSA-5685942,abstraction:IsAComponentOf,R-HSA-5693567,0.9249166524297052
R-HSA-372708,abstraction:IsAComponentOf,R-HSA-354192,0
R-HSA-354194,abstraction:IsAComponentOf,R-HSA-354192,0
R-HSA-9661069,abstraction:IsAComponentOf,R-HSA-9659787,0
R-HSA-9661070,abstraction:IsAComponentOf,R-HSA-9659787,0
R-HSA-6784531,abstraction:IsAComponentOf,R-HSA-72306,0
R-HSA-6782315,abstraction:IsAComponentOf,R-HSA-72306,0.5541209598559849
R-HSA-6785470,abstraction:IsAComponentOf,R-HSA-72306,0
R-HSA-6787450,abstraction:IsAComponentOf,R-HSA-72306,0
R-HSA-9839389,abstraction:IsAComponentOf,R-HSA-9839373,0
R-HSA-9839397,abstraction:IsAComponentOf,R-HSA-9839373,0
R-HSA-9839406,abstraction:IsAComponentOf,R-HSA-9839373,0
R-HSA-9839394,abstraction:IsAComponentOf,R-HSA-9839373,0
R-HSA-9839383,abstraction:IsAComponentOf,R-HSA-9839373,0
R-HSA-168305,abstraction:IsAComponentOf,R-HSA-168276,0.6463658938142361
R-HSA-168315,abstraction:IsAComponentOf,R-HSA-168276,0
R-HSA-169131,abstraction:IsAComponentOf,R-HSA-168276,0
R-HSA-8848021,abstraction:IsAComponentOf,R-HSA-9006927,0.3375517791784591
R-HSA-72163,abstraction:IsAComponentOf,R-HSA-72172,0
R-HSA-72165,abstraction:IsAComponentOf,R-HSA-72172,0
R-HSA-389359,abstraction:IsAComponentOf,R-HSA-389356,0
R-HSA-389357,abstraction:IsAComponentOf,R-HSA-389356,0
R-HSA-168888,abstraction:IsAComponentOf,R-HSA-168305,0
R-HSA-2514856,abstraction:IsAComponentOf,R-HSA-2187338,0.7627080803989857
R-HSA-2187335,abstraction:IsAComponentOf,R-HSA-2187338,0
R-HSA-2453902,abstraction:IsAComponentOf,R-HSA-2187338,0
R-HSA-975634,abstraction:IsAComponentOf,R-HSA-2187338,0
R-HSA-9663891,abstraction:IsAComponentOf,R-HSA-1632852,0.9286293109029207
R-HSA-163560,abstraction:IsAComponentOf,R-HSA-8979227,0
R-HSA-75109,abstraction:IsAComponentOf,R-HSA-8979227,0
R-HSA-2428933,abstraction:IsAComponentOf,R-HSA-2428924,0
R-HSA-2428928,abstraction:IsAComponentOf,R-HSA-2428924,0.9564733431453261
R-HSA-9645135,abstraction:IsAComponentOf,R-HSA-9607240,0
R-HSA-9706369,abstraction:IsAComponentOf,R-HSA-9607240,0
R-HSA-9706374,abstraction:IsAComponentOf,R-HSA-9607240,0
R-HSA-1362277,abstraction:IsAComponentOf,R-HSA-1538133,0
R-HSA-1362300,abstraction:IsAComponentOf,R-HSA-1538133,0
R-HSA-5173105,abstraction:IsAComponentOf,R-HSA-597592,0.6520218644559419
R-HSA-8873719,abstraction:IsAComponentOf,R-HSA-597592,0
R-HSA-8852135,abstraction:IsAComponentOf,R-HSA-597592,0.5685592708947397
R-HSA-8951664,abstraction:IsAComponentOf,R-HSA-597592,0
R-HSA-8955332,abstraction:IsAComponentOf,R-HSA-597592,0
R-HSA-163841,abstraction:IsAComponentOf,R-HSA-597592,0.6520218644559419
R-HSA-9907900,abstraction:IsAComponentOf,R-HSA-597592,0
R-HSA-5688426,abstraction:IsAComponentOf,R-HSA-597592,0.6211096469873397
R-HSA-2990846,abstraction:IsAComponentOf,R-HSA-597592,0.7085792027202521
R-HSA-8957275,abstraction:IsAComponentOf,R-HSA-597592,0
R-HSA-446203,abstraction:IsAComponentOf,R-HSA-597592,0.7341157467436874
R-HSA-163125,abstraction:IsAComponentOf,R-HSA-597592,0.590673681445414
R-HSA-9857492,abstraction:IsAComponentOf,R-HSA-597592,0
R-HSA-8876725,abstraction:IsAComponentOf,R-HSA-597592,0
R-HSA-622312,abstraction:IsAComponentOf,R-HSA-168643,0.5049466194710424
R-HSA-168638,abstraction:IsAComponentOf,R-HSA-168643,0
R-HSA-1632852,abstraction:IsAComponentOf,R-HSA-9612973,0
R-HSA-9615710,abstraction:IsAComponentOf,R-HSA-9612973,0
R-HSA-9613829,abstraction:IsAComponentOf,R-HSA-9612973,0
R-HSA-5658034,abstraction:IsAComponentOf,R-HSA-5387390,0
R-HSA-5362768,abstraction:IsAComponentOf,R-HSA-5387390,0
R-HSA-1855167,abstraction:IsAComponentOf,R-HSA-1483249,0
R-HSA-1855156,abstraction:IsAComponentOf,R-HSA-1483249,0
R-HSA-1855191,abstraction:IsAComponentOf,R-HSA-1483249,0
R-HSA-1855231,abstraction:IsAComponentOf,R-HSA-1483249,0
R-HSA-1855215,abstraction:IsAComponentOf,R-HSA-1483249,0
R-HSA-1855204,abstraction:IsAComponentOf,R-HSA-1483249,0
R-HSA-1855192,abstraction:IsAComponentOf,R-HSA-1483249,0
R-HSA-1855170,abstraction:IsAComponentOf,R-HSA-1483249,0
R-HSA-1855196,abstraction:IsAComponentOf,R-HSA-1483249,0
R-HSA-1855184,abstraction:IsAComponentOf,R-HSA-1483249,0
R-HSA-1855183,abstraction:IsAComponentOf,R-HSA-1483249,0
R-HSA-1855229,abstraction:IsAComponentOf,R-HSA-1483249,0
R-HSA-77387,abstraction:IsAComponentOf,R-HSA-74752,0
R-HSA-74751,abstraction:IsAComponentOf,R-HSA-74752,0.5089237897106967
R-HSA-9725371,abstraction:IsAComponentOf,R-HSA-9725370,0
R-HSA-9006821,abstraction:IsAComponentOf,R-HSA-9673013,0.8418613120444384
R-HSA-193670,abstraction:IsAComponentOf,R-HSA-193704,0
R-HSA-193692,abstraction:IsAComponentOf,R-HSA-193704,0
R-HSA-205017,abstraction:IsAComponentOf,R-HSA-193704,0
R-HSA-193697,abstraction:IsAComponentOf,R-HSA-193704,0.773104525485346
R-HSA-204998,abstraction:IsAComponentOf,R-HSA-193704,0.7988939603388246
R-HSA-193639,abstraction:IsAComponentOf,R-HSA-193704,0.773104525485346
R-HSA-193681,abstraction:IsAComponentOf,R-HSA-193704,0
R-HSA-446353,abstraction:IsAComponentOf,R-HSA-446728,0.7669138392529954
R-HSA-421270,abstraction:IsAComponentOf,R-HSA-446728,0.9549554938169944
R-HSA-446107,abstraction:IsAComponentOf,R-HSA-446728,0
R-HSA-9758274,abstraction:IsAComponentOf,R-HSA-445989,0
R-HSA-2682334,abstraction:IsAComponentOf,R-HSA-422475,0.7834248883056011
R-HSA-373760,abstraction:IsAComponentOf,R-HSA-422475,0.8137838620296511
R-HSA-373752,abstraction:IsAComponentOf,R-HSA-422475,0.7834248883056011
R-HSA-8866376,abstraction:IsAComponentOf,R-HSA-422475,0
R-HSA-8853659,abstraction:IsAComponentOf,R-HSA-422475,0
R-HSA-376176,abstraction:IsAComponentOf,R-HSA-422475,0.8367911872212562
R-HSA-373755,abstraction:IsAComponentOf,R-HSA-422475,0.8259523515634796
R-HSA-375165,abstraction:IsAComponentOf,R-HSA-422475,0.6948028791318714
R-HSA-428890,abstraction:IsAComponentOf,R-HSA-376176,0
R-HSA-428543,abstraction:IsAComponentOf,R-HSA-376176,0
R-HSA-8985801,abstraction:IsAComponentOf,R-HSA-376176,0
R-HSA-428540,abstraction:IsAComponentOf,R-HSA-376176,0
R-HSA-9010642,abstraction:IsAComponentOf,R-HSA-376176,0
R-HSA-8985586,abstraction:IsAComponentOf,R-HSA-376176,0
R-HSA-9010553,abstraction:IsAComponentOf,R-HSA-376176,0
R-HSA-428542,abstraction:IsAComponentOf,R-HSA-376176,0
R-HSA-2197563,abstraction:IsAComponentOf,R-HSA-1980145,0
R-HSA-2979096,abstraction:IsAComponentOf,R-HSA-1980145,0
R-HSA-9851695,abstraction:IsAComponentOf,R-HSA-9818564,0.8631890559288844
R-HSA-9927432,abstraction:IsAComponentOf,R-HSA-9924644,0
R-HSA-9938206,abstraction:IsAComponentOf,R-HSA-9924644,0
R-HSA-9927426,abstraction:IsAComponentOf,R-HSA-9924644,0
R-HSA-9927418,abstraction:IsAComponentOf,R-HSA-9924644,0
R-HSA-111453,abstraction:IsAComponentOf,R-HSA-109606,0
R-HSA-114294,abstraction:IsAComponentOf,R-HSA-109606,0
R-HSA-114452,abstraction:IsAComponentOf,R-HSA-109606,0.7745040950923607
R-HSA-111452,abstraction:IsAComponentOf,R-HSA-109606,0
R-HSA-111471,abstraction:IsAComponentOf,R-HSA-109606,0.8079967408085965
R-HSA-75108,abstraction:IsAComponentOf,R-HSA-109606,0
R-HSA-2206291,abstraction:IsAComponentOf,R-HSA-2206281,0
R-HSA-9953078,abstraction:IsAComponentOf,R-HSA-2206281,0
R-HSA-9953097,abstraction:IsAComponentOf,R-HSA-2206281,0
R-HSA-2206285,abstraction:IsAComponentOf,R-HSA-2206281,0
R-HSA-2206296,abstraction:IsAComponentOf,R-HSA-2206281,0
R-HSA-9953111,abstraction:IsAComponentOf,R-HSA-2206281,0
R-HSA-2206280,abstraction:IsAComponentOf,R-HSA-2206281,0
R-HSA-9953038,abstraction:IsAComponentOf,R-HSA-2206281,0
R-HSA-2206282,abstraction:IsAComponentOf,R-HSA-2206281,0
R-HSA-2206290,abstraction:IsAComponentOf,R-HSA-2206281,0
R-HSA-9953080,abstraction:IsAComponentOf,R-HSA-2206281,0
R-HSA-2206308,abstraction:IsAComponentOf,R-HSA-2206281,0
R-HSA-2206302,abstraction:IsAComponentOf,R-HSA-2206281,0
R-HSA-2206292,abstraction:IsAComponentOf,R-HSA-2206281,0
R-HSA-2206305,abstraction:IsAComponentOf,R-HSA-2206281,0
R-HSA-2206307,abstraction:IsAComponentOf,R-HSA-2206281,0
R-HSA-4419969,abstraction:IsAComponentOf,R-HSA-2980766,0
R-HSA-3301854,abstraction:IsAComponentOf,R-HSA-2980766,0
R-HSA-2980767,abstraction:IsAComponentOf,R-HSA-2980766,0
R-HSA-5696397,abstraction:IsAComponentOf,R-HSA-5696399,0
R-HSA-5696395,abstraction:IsAComponentOf,R-HSA-5696399,0
R-HSA-5696400,abstraction:IsAComponentOf,R-HSA-5696399,0
R-HSA-5696394,abstraction:IsAComponentOf,R-HSA-5696399,0
R-HSA-428643,abstraction:IsAComponentOf,R-HSA-9955298,0
R-HSA-9958517,abstraction:IsAComponentOf,R-HSA-9955298,0
R-HSA-433692,abstraction:IsAComponentOf,R-HSA-9955298,0
R-HSA-561048,abstraction:IsAComponentOf,R-HSA-9955298,0
R-HSA-879518,abstraction:IsAComponentOf,R-HSA-9955298,0
R-HSA-6802957,abstraction:IsAComponentOf,R-HSA-5663202,0.32765934510235883
R-HSA-9700206,abstraction:IsAComponentOf,R-HSA-5663202,0.3129820319277306
R-HSA-1643713,abstraction:IsAComponentOf,R-HSA-5663202,0.29183473691682327
R-HSA-1226099,abstraction:IsAComponentOf,R-HSA-5663202,0.3348615678126089
R-HSA-4791275,abstraction:IsAComponentOf,R-HSA-5663202,0.3370730242704219
R-HSA-3304351,abstraction:IsAComponentOf,R-HSA-5663202,0.3129820319277306
R-HSA-9682385,abstraction:IsAComponentOf,R-HSA-5663202,0.3370730242704219
R-HSA-9669938,abstraction:IsAComponentOf,R-HSA-5663202,0.31936004764289305
R-HSA-1227990,abstraction:IsAComponentOf,R-HSA-5663202,0.32227343694063865
R-HSA-9671555,abstraction:IsAComponentOf,R-HSA-5663202,0.3094560011441133
R-HSA-2644603,abstraction:IsAComponentOf,R-HSA-5663202,0.3094560011441133
R-HSA-9842640,abstraction:IsAComponentOf,R-HSA-5663202,0
R-HSA-2219528,abstraction:IsAComponentOf,R-HSA-5663202,0.2709030229018894
R-HSA-5387390,abstraction:IsAComponentOf,R-HSA-5663202,0.2599946434933409
R-HSA-72200,abstraction:IsAComponentOf,R-HSA-75072,0.5541209598559849
R-HSA-75064,abstraction:IsAComponentOf,R-HSA-75072,0.5823835805151221
R-HSA-916853,abstraction:IsAComponentOf,R-HSA-888590,0
R-HSA-888568,abstraction:IsAComponentOf,R-HSA-888590,0
R-HSA-888593,abstraction:IsAComponentOf,R-HSA-888590,0
R-HSA-196849,abstraction:IsAComponentOf,R-HSA-196854,0.4232326167490767
R-HSA-6806667,abstraction:IsAComponentOf,R-HSA-196854,0.36731024117199407
R-HSA-8978934,abstraction:IsAComponentOf,R-HSA-196854,0.36731024117199407
R-HSA-1369007,abstraction:IsAComponentOf,R-HSA-382556,0
R-HSA-1369062,abstraction:IsAComponentOf,R-HSA-382556,0
R-HSA-373753,abstraction:IsAComponentOf,R-HSA-1500931,0
R-HSA-446728,abstraction:IsAComponentOf,R-HSA-1500931,0
R-HSA-391160,abstraction:IsAComponentOf,R-HSA-1500931,0
R-HSA-5654221,abstraction:IsAComponentOf,R-HSA-5654696,0
R-HSA-5654699,abstraction:IsAComponentOf,R-HSA-5654696,0
R-HSA-5654695,abstraction:IsAComponentOf,R-HSA-5654696,0
R-HSA-5654700,abstraction:IsAComponentOf,R-HSA-5654696,0
R-HSA-9824856,abstraction:IsAComponentOf,R-HSA-5602358,0
R-HSA-5602566,abstraction:IsAComponentOf,R-HSA-5602358,0
R-HSA-5603027,abstraction:IsAComponentOf,R-HSA-5602358,0
R-HSA-5602415,abstraction:IsAComponentOf,R-HSA-5602358,0
R-HSA-5602636,abstraction:IsAComponentOf,R-HSA-5602358,0
R-HSA-5602571,abstraction:IsAComponentOf,R-HSA-5602358,0
R-HSA-5603037,abstraction:IsAComponentOf,R-HSA-5602358,0
R-HSA-5603029,abstraction:IsAComponentOf,R-HSA-5602358,0
R-HSA-5603041,abstraction:IsAComponentOf,R-HSA-5602358,0
R-HSA-5602498,abstraction:IsAComponentOf,R-HSA-5602358,0
R-HSA-5602410,abstraction:IsAComponentOf,R-HSA-5602358,0
R-HSA-5602680,abstraction:IsAComponentOf,R-HSA-5602358,0
R-HSA-446193,abstraction:IsAComponentOf,R-HSA-446203,0.6699667769110775
R-HSA-532668,abstraction:IsAComponentOf,R-HSA-446203,0.5929790489611938
R-HSA-948021,abstraction:IsAComponentOf,R-HSA-446203,0.6842667921939188
R-HSA-901032,abstraction:IsAComponentOf,R-HSA-901042,0
R-HSA-1296025,abstraction:IsAComponentOf,R-HSA-1296065,0
R-HSA-1296067,abstraction:IsAComponentOf,R-HSA-1296065,0
R-HSA-1296059,abstraction:IsAComponentOf,R-HSA-1296065,0.7244476017205702
R-HSA-1296053,abstraction:IsAComponentOf,R-HSA-1296065,0
R-HSA-9009391,abstraction:IsAComponentOf,R-HSA-8939211,0.7684316758406368
R-HSA-9018519,abstraction:IsAComponentOf,R-HSA-8939211,0
R-HSA-2024096,abstraction:IsAComponentOf,R-HSA-1638091,0
R-HSA-2022928,abstraction:IsAComponentOf,R-HSA-1638091,0
R-HSA-9664417,abstraction:IsAComponentOf,R-HSA-9664407,0.7080965471456147
R-HSA-69200,abstraction:IsAComponentOf,R-HSA-69202,0
R-HSA-187577,abstraction:IsAComponentOf,R-HSA-69202,0
R-HSA-5689896,abstraction:IsAComponentOf,R-HSA-5688426,0
R-HSA-5689603,abstraction:IsAComponentOf,R-HSA-5688426,0
R-HSA-5689877,abstraction:IsAComponentOf,R-HSA-5688426,0
R-HSA-5689901,abstraction:IsAComponentOf,R-HSA-5688426,0
R-HSA-5689880,abstraction:IsAComponentOf,R-HSA-5688426,0
R-HSA-1236974,abstraction:IsAComponentOf,R-HSA-1236975,0
R-HSA-1236973,abstraction:IsAComponentOf,R-HSA-1236975,0
R-HSA-1236978,abstraction:IsAComponentOf,R-HSA-1236975,0
R-HSA-1236977,abstraction:IsAComponentOf,R-HSA-1236975,0
R-HSA-166058,abstraction:IsAComponentOf,R-HSA-166016,0.8087894900335574
R-HSA-166020,abstraction:IsAComponentOf,R-HSA-166016,0
R-HSA-166166,abstraction:IsAComponentOf,R-HSA-166016,0.8305554595033353
R-HSA-9824272,abstraction:IsAComponentOf,R-HSA-9793380,0
R-HSA-418594,abstraction:IsAComponentOf,R-HSA-388396,0.7840703517213276
R-HSA-418597,abstraction:IsAComponentOf,R-HSA-388396,0
R-HSA-416476,abstraction:IsAComponentOf,R-HSA-388396,0.6907478619190128
R-HSA-397795,abstraction:IsAComponentOf,R-HSA-388396,0.6907478619190128
R-HSA-418555,abstraction:IsAComponentOf,R-HSA-388396,0.614088300993286
R-HSA-416482,abstraction:IsAComponentOf,R-HSA-388396,0
R-HSA-9670613,abstraction:IsAComponentOf,R-HSA-9670621,0
R-HSA-9670615,abstraction:IsAComponentOf,R-HSA-9670621,0
R-HSA-5467345,abstraction:IsAComponentOf,R-HSA-4839735,0
R-HSA-5467340,abstraction:IsAComponentOf,R-HSA-4839735,0
R-HSA-9701193,abstraction:IsAComponentOf,R-HSA-9675136,0.7049614162226826
R-HSA-9663199,abstraction:IsAComponentOf,R-HSA-9675136,0
R-HSA-9699150,abstraction:IsAComponentOf,R-HSA-9675136,0
R-HSA-9701190,abstraction:IsAComponentOf,R-HSA-9675136,0.7453172463995386
R-HSA-9701192,abstraction:IsAComponentOf,R-HSA-9675136,0
R-HSA-73943,abstraction:IsAComponentOf,R-HSA-73942,0.5596975855896364
R-HSA-9729902,abstraction:IsAComponentOf,R-HSA-73942,0
R-HSA-5657655,abstraction:IsAComponentOf,R-HSA-73942,0
R-HSA-9843970,abstraction:IsAComponentOf,R-HSA-9842860,0
R-HSA-9845323,abstraction:IsAComponentOf,R-HSA-9842860,0
R-HSA-9843940,abstraction:IsAComponentOf,R-HSA-9842860,0
R-HSA-9694301,abstraction:IsAComponentOf,R-HSA-9694676,0
R-HSA-9694271,abstraction:IsAComponentOf,R-HSA-9694676,0
R-HSA-159424,abstraction:IsAComponentOf,R-HSA-156587,0.8146646062716418
R-HSA-9657050,abstraction:IsAComponentOf,R-HSA-9656249,0
R-HSA-9656256,abstraction:IsAComponentOf,R-HSA-9656249,0
R-HSA-9656255,abstraction:IsAComponentOf,R-HSA-9656249,0
R-HSA-190827,abstraction:IsAComponentOf,R-HSA-190861,0
R-HSA-190872,abstraction:IsAComponentOf,R-HSA-190861,0.8272793529674486
R-HSA-190704,abstraction:IsAComponentOf,R-HSA-190861,0
R-HSA-379401,abstraction:IsAComponentOf,R-HSA-112311,0.5851344580015878
R-HSA-380615,abstraction:IsAComponentOf,R-HSA-112311,0.5567383394048697
R-HSA-352230,abstraction:IsAComponentOf,R-HSA-9958863,0
R-HSA-428559,abstraction:IsAComponentOf,R-HSA-9958863,0
R-HSA-8854050,abstraction:IsAComponentOf,R-HSA-69275,0
R-HSA-69273,abstraction:IsAComponentOf,R-HSA-69275,0
R-HSA-8854518,abstraction:IsAComponentOf,R-HSA-69275,0
R-HSA-8854521,abstraction:IsAComponentOf,R-HSA-69275,0
R-HSA-156711,abstraction:IsAComponentOf,R-HSA-69275,0
R-HSA-2565942,abstraction:IsAComponentOf,R-HSA-69275,0
R-HSA-8852276,abstraction:IsAComponentOf,R-HSA-69275,0
R-HSA-380287,abstraction:IsAComponentOf,R-HSA-69275,0.8682326109831139
R-HSA-9830674,abstraction:IsAComponentOf,R-HSA-9830369,0
R-HSA-9831926,abstraction:IsAComponentOf,R-HSA-9830369,0
R-HSA-9830364,abstraction:IsAComponentOf,R-HSA-9830369,0
R-HSA-211733,abstraction:IsAComponentOf,R-HSA-169911,0
R-HSA-211728,abstraction:IsAComponentOf,R-HSA-169911,0
R-HSA-179812,abstraction:IsAComponentOf,R-HSA-177929,0
R-HSA-180336,abstraction:IsAComponentOf,R-HSA-177929,0
R-HSA-180292,abstraction:IsAComponentOf,R-HSA-177929,0
R-HSA-212718,abstraction:IsAComponentOf,R-HSA-177929,0
R-HSA-182971,abstraction:IsAComponentOf,R-HSA-177929,0
R-HSA-72706,abstraction:IsAComponentOf,R-HSA-72737,0
R-HSA-72689,abstraction:IsAComponentOf,R-HSA-72737,0
R-HSA-72702,abstraction:IsAComponentOf,R-HSA-72737,0
R-HSA-72662,abstraction:IsAComponentOf,R-HSA-72737,0.8244349162689006
R-HSA-72695,abstraction:IsAComponentOf,R-HSA-72737,0
R-HSA-72731,abstraction:IsAComponentOf,R-HSA-72737,0
R-HSA-9764560,abstraction:IsAComponentOf,R-HSA-9764265,0.8853262007147716
R-HSA-9764562,abstraction:IsAComponentOf,R-HSA-9764265,0
R-HSA-9768727,abstraction:IsAComponentOf,R-HSA-9764265,0
R-HSA-9764561,abstraction:IsAComponentOf,R-HSA-9764265,0.8413254689369839
R-HSA-434313,abstraction:IsAComponentOf,R-HSA-400451,0
R-HSA-434316,abstraction:IsAComponentOf,R-HSA-400451,0
R-HSA-9013422,abstraction:IsAComponentOf,R-HSA-9706574,0
R-HSA-9013418,abstraction:IsAComponentOf,R-HSA-9706574,0
R-HSA-6804760,abstraction:IsAComponentOf,R-HSA-5633007,0
R-HSA-6806003,abstraction:IsAComponentOf,R-HSA-5633007,0.7546577059838916
R-HSA-6804756,abstraction:IsAComponentOf,R-HSA-5633007,0
R-HSA-6804759,abstraction:IsAComponentOf,R-HSA-5633007,0
R-HSA-6804758,abstraction:IsAComponentOf,R-HSA-5633007,0.7167886251116694
R-HSA-913709,abstraction:IsAComponentOf,R-HSA-5173105,0.5178880167718678
R-HSA-8931838,abstraction:IsAComponentOf,R-HSA-5173105,0.5756620000259771
R-HSA-5173214,abstraction:IsAComponentOf,R-HSA-5173105,0
R-HSA-8978868,abstraction:IsAComponentOf,R-HSA-556833,0.5570554568431357
R-HSA-400206,abstraction:IsAComponentOf,R-HSA-556833,0.386188838758367
R-HSA-8964572,abstraction:IsAComponentOf,R-HSA-556833,0
R-HSA-74182,abstraction:IsAComponentOf,R-HSA-556833,0.4119393398383155
R-HSA-8848584,abstraction:IsAComponentOf,R-HSA-556833,0.4119393398383155
R-HSA-8979227,abstraction:IsAComponentOf,R-HSA-556833,0.4119393398383155
R-HSA-9018678,abstraction:IsAComponentOf,R-HSA-556833,0.5291457991781785
R-HSA-8957322,abstraction:IsAComponentOf,R-HSA-556833,0.5223453405659447
R-HSA-428157,abstraction:IsAComponentOf,R-HSA-556833,0.4517593080090119
R-HSA-1483257,abstraction:IsAComponentOf,R-HSA-556833,0.5617717914268199
R-HSA-9694786,abstraction:IsAComponentOf,R-HSA-9694682,0
R-HSA-9694686,abstraction:IsAComponentOf,R-HSA-9694682,0
R-HSA-9707587,abstraction:IsAComponentOf,R-HSA-9707564,0
R-HSA-5649702,abstraction:IsAComponentOf,R-HSA-73933,0
R-HSA-110357,abstraction:IsAComponentOf,R-HSA-73933,0
R-HSA-110373,abstraction:IsAComponentOf,R-HSA-73933,0.7715791133797718
R-HSA-110381,abstraction:IsAComponentOf,R-HSA-73933,0.7332316143610407
R-HSA-6791462,abstraction:IsAComponentOf,R-HSA-6791465,0
R-HSA-6791055,abstraction:IsAComponentOf,R-HSA-6791465,0
R-HSA-5659996,abstraction:IsAComponentOf,R-HSA-6791465,0
R-HSA-6791461,abstraction:IsAComponentOf,R-HSA-6791465,0
R-HSA-141334,abstraction:IsAComponentOf,R-HSA-140179,0
R-HSA-141333,abstraction:IsAComponentOf,R-HSA-140179,0
R-HSA-193704,abstraction:IsAComponentOf,R-HSA-73887,0.37841668239742854
R-HSA-75158,abstraction:IsAComponentOf,R-HSA-73887,0
R-HSA-75893,abstraction:IsAComponentOf,R-HSA-73887,0.33688724778108675
R-HSA-75157,abstraction:IsAComponentOf,R-HSA-73887,0
R-HSA-3560782,abstraction:IsAComponentOf,R-HSA-3781865,0.6045602976874832
R-HSA-5609975,abstraction:IsAComponentOf,R-HSA-3781865,0.6045602976874832
R-HSA-3906995,abstraction:IsAComponentOf,R-HSA-3781865,0.5723942485887824
R-HSA-3781860,abstraction:IsAComponentOf,R-HSA-3781865,0.6130007801642147
R-HSA-9909648,abstraction:IsAComponentOf,R-HSA-389948,0.8828071009678051
R-HSA-991365,abstraction:IsAComponentOf,R-HSA-977444,0.9304414294543357
R-HSA-912526,abstraction:IsAComponentOf,R-HSA-512988,0
R-HSA-912631,abstraction:IsAComponentOf,R-HSA-512988,0
R-HSA-442380,abstraction:IsAComponentOf,R-HSA-435354,0
R-HSA-435368,abstraction:IsAComponentOf,R-HSA-435354,0
R-HSA-69473,abstraction:IsAComponentOf,R-HSA-69481,0.6896104164210629
R-HSA-69478,abstraction:IsAComponentOf,R-HSA-69481,0
R-HSA-176187,abstraction:IsAComponentOf,R-HSA-69481,0
R-HSA-3315487,abstraction:IsAComponentOf,R-HSA-3304349,0
R-HSA-3304356,abstraction:IsAComponentOf,R-HSA-3304349,0
R-HSA-8948216,abstraction:IsAComponentOf,R-HSA-1650814,0
R-HSA-9665246,abstraction:IsAComponentOf,R-HSA-9665230,0
R-HSA-9665244,abstraction:IsAComponentOf,R-HSA-9665230,0
R-HSA-9665250,abstraction:IsAComponentOf,R-HSA-9665230,0
R-HSA-9665249,abstraction:IsAComponentOf,R-HSA-9665230,0
R-HSA-9665247,abstraction:IsAComponentOf,R-HSA-9665230,0
R-HSA-9665251,abstraction:IsAComponentOf,R-HSA-9665230,0
R-HSA-9665245,abstraction:IsAComponentOf,R-HSA-9665230,0
R-HSA-9665233,abstraction:IsAComponentOf,R-HSA-9665230,0
R-HSA-2122948,abstraction:IsAComponentOf,R-HSA-1980143,0
R-HSA-2122947,abstraction:IsAComponentOf,R-HSA-1980143,0
R-HSA-9615933,abstraction:IsAComponentOf,R-HSA-2995410,0
R-HSA-2995383,abstraction:IsAComponentOf,R-HSA-2995410,0
R-HSA-9668328,abstraction:IsAComponentOf,R-HSA-2995410,0
R-HSA-156588,abstraction:IsAComponentOf,R-HSA-156580,0.6683553871283566
R-HSA-156582,abstraction:IsAComponentOf,R-HSA-156580,0
R-HSA-156590,abstraction:IsAComponentOf,R-HSA-156580,0.6683553871283566
R-HSA-156587,abstraction:IsAComponentOf,R-HSA-156580,0.7454298532153819
R-HSA-156584,abstraction:IsAComponentOf,R-HSA-156580,0
R-HSA-156581,abstraction:IsAComponentOf,R-HSA-156580,0
R-HSA-2173788,abstraction:IsAComponentOf,R-HSA-2173789,0
R-HSA-9855142,abstraction:IsAComponentOf,R-HSA-8953897,0
R-HSA-5660526,abstraction:IsAComponentOf,R-HSA-8953897,0
R-HSA-2262752,abstraction:IsAComponentOf,R-HSA-8953897,0
R-HSA-76071,abstraction:IsAComponentOf,R-HSA-76046,0
R-HSA-76066,abstraction:IsAComponentOf,R-HSA-76046,0
R-HSA-76061,abstraction:IsAComponentOf,R-HSA-76046,0
R-HSA-114508,abstraction:IsAComponentOf,R-HSA-76002,0.6598627619529855
R-HSA-76009,abstraction:IsAComponentOf,R-HSA-76002,0.738228434141198
R-HSA-76005,abstraction:IsAComponentOf,R-HSA-76002,0.6968493255168495
R-HSA-392518,abstraction:IsAComponentOf,R-HSA-76002,0.7204723616286967
R-HSA-114604,abstraction:IsAComponentOf,R-HSA-76002,0
R-HSA-430116,abstraction:IsAComponentOf,R-HSA-76002,0
R-HSA-456926,abstraction:IsAComponentOf,R-HSA-76002,0
R-HSA-3371571,abstraction:IsAComponentOf,R-HSA-3371556,0.5647387661226985
R-HSA-3371453,abstraction:IsAComponentOf,R-HSA-3371556,0
R-HSA-3371511,abstraction:IsAComponentOf,R-HSA-3371556,0
R-HSA-9638630,abstraction:IsAComponentOf,R-HSA-9931953,0
R-HSA-1169091,abstraction:IsAComponentOf,R-HSA-1168372,0
R-HSA-1169092,abstraction:IsAComponentOf,R-HSA-1168372,0
R-HSA-2025928,abstraction:IsAComponentOf,R-HSA-1168372,0
R-HSA-5684264,abstraction:IsAComponentOf,R-HSA-450294,0
R-HSA-450302,abstraction:IsAComponentOf,R-HSA-450294,0
R-HSA-450282,abstraction:IsAComponentOf,R-HSA-450294,0.9252652415939433
R-HSA-450321,abstraction:IsAComponentOf,R-HSA-450294,0
R-HSA-199920,abstraction:IsAComponentOf,R-HSA-450282,0
R-HSA-450341,abstraction:IsAComponentOf,R-HSA-450282,0
R-HSA-198753,abstraction:IsAComponentOf,R-HSA-450282,0.8088691436036087
R-HSA-444411,abstraction:IsAComponentOf,R-HSA-5223345,0
R-HSA-8963896,abstraction:IsAComponentOf,R-HSA-8963898,0
R-HSA-8866423,abstraction:IsAComponentOf,R-HSA-8963898,0
R-HSA-8963888,abstraction:IsAComponentOf,R-HSA-8963898,0
R-HSA-73863,abstraction:IsAComponentOf,R-HSA-73864,0
R-HSA-73854,abstraction:IsAComponentOf,R-HSA-73864,0.45686904240358295
R-HSA-9673221,abstraction:IsAComponentOf,R-HSA-9668250,0
R-HSA-9673240,abstraction:IsAComponentOf,R-HSA-9668250,0
R-HSA-9673202,abstraction:IsAComponentOf,R-HSA-9668250,0
R-HSA-9673218,abstraction:IsAComponentOf,R-HSA-9668250,0
R-HSA-375281,abstraction:IsAComponentOf,R-HSA-373076,0
R-HSA-375276,abstraction:IsAComponentOf,R-HSA-373076,0.8384304155173503
R-HSA-3296197,abstraction:IsAComponentOf,R-HSA-373076,0
R-HSA-419408,abstraction:IsAComponentOf,R-HSA-373076,0
R-HSA-419771,abstraction:IsAComponentOf,R-HSA-373076,0
R-HSA-375280,abstraction:IsAComponentOf,R-HSA-373076,0.824665134171817
R-HSA-391903,abstraction:IsAComponentOf,R-HSA-373076,0.7618074259641908
R-HSA-418038,abstraction:IsAComponentOf,R-HSA-373076,0.7618074259641908
R-HSA-444209,abstraction:IsAComponentOf,R-HSA-373076,0
R-HSA-9729555,abstraction:IsAComponentOf,R-HSA-9717189,0
R-HSA-9717207,abstraction:IsAComponentOf,R-HSA-9717189,0
R-HSA-9730628,abstraction:IsAComponentOf,R-HSA-9717189,0
R-HSA-9640463,abstraction:IsAComponentOf,R-HSA-8848584,0
R-HSA-75896,abstraction:IsAComponentOf,R-HSA-8848584,0
R-HSA-69560,abstraction:IsAComponentOf,R-HSA-69563,0.8736693755648642
R-HSA-69541,abstraction:IsAComponentOf,R-HSA-69563,0.8736693755648642
R-HSA-937061,abstraction:IsAComponentOf,R-HSA-166166,0.9439780077675517
R-HSA-442982,abstraction:IsAComponentOf,R-HSA-442742,0
R-HSA-444257,abstraction:IsAComponentOf,R-HSA-442742,0
R-HSA-202670,abstraction:IsAComponentOf,R-HSA-198753,0
R-HSA-9702518,abstraction:IsAComponentOf,R-HSA-9703648,0
R-HSA-199920,abstraction:IsAComponentOf,R-HSA-198725,0
R-HSA-9031628,abstraction:IsAComponentOf,R-HSA-198725,0
R-HSA-198753,abstraction:IsAComponentOf,R-HSA-198725,0.682538519168473
R-HSA-199991,abstraction:IsAComponentOf,R-HSA-5653656,0
R-HSA-2173782,abstraction:IsAComponentOf,R-HSA-5653656,0
R-HSA-210991,abstraction:IsAComponentOf,R-HSA-202733,0
R-HSA-210990,abstraction:IsAComponentOf,R-HSA-202733,0
R-HSA-210993,abstraction:IsAComponentOf,R-HSA-202733,0
R-HSA-1059683,abstraction:IsAComponentOf,R-HSA-6783589,0
R-HSA-6788467,abstraction:IsAComponentOf,R-HSA-6783589,0
R-HSA-354192,abstraction:IsAComponentOf,R-HSA-76009,0.740319779915503
R-HSA-392023,abstraction:IsAComponentOf,R-HSA-76009,0
R-HSA-170834,abstraction:IsAComponentOf,R-HSA-9006936,0.3394748678277033
R-HSA-9839373,abstraction:IsAComponentOf,R-HSA-9006936,0.3340977267055754
R-HSA-201451,abstraction:IsAComponentOf,R-HSA-9006936,0
R-HSA-1502540,abstraction:IsAComponentOf,R-HSA-9006936,0.29311357535781907
R-HSA-9913635,abstraction:IsAComponentOf,R-HSA-69306,0
R-HSA-69239,abstraction:IsAComponentOf,R-HSA-69306,0
R-HSA-69002,abstraction:IsAComponentOf,R-HSA-69306,0
R-HSA-6804754,abstraction:IsAComponentOf,R-HSA-6806003,0
R-HSA-6804757,abstraction:IsAComponentOf,R-HSA-6806003,0
R-HSA-167160,abstraction:IsAComponentOf,R-HSA-167172,0
R-HSA-167238,abstraction:IsAComponentOf,R-HSA-167172,0
R-HSA-167287,abstraction:IsAComponentOf,R-HSA-167172,0
R-HSA-167152,abstraction:IsAComponentOf,R-HSA-167172,0
R-HSA-167169,abstraction:IsAComponentOf,R-HSA-167172,0.8291456009055124
R-HSA-167243,abstraction:IsAComponentOf,R-HSA-167172,0
R-HSA-167161,abstraction:IsAComponentOf,R-HSA-167172,0
R-HSA-167290,abstraction:IsAComponentOf,R-HSA-167172,0
R-HSA-167162,abstraction:IsAComponentOf,R-HSA-167172,0
R-HSA-1268020,abstraction:IsAComponentOf,R-HSA-9609507,0
R-HSA-9609523,abstraction:IsAComponentOf,R-HSA-9609507,0
R-HSA-9033241,abstraction:IsAComponentOf,R-HSA-9609507,0
R-HSA-9603798,abstraction:IsAComponentOf,R-HSA-9609507,0
R-HSA-9824878,abstraction:IsAComponentOf,R-HSA-936964,0
R-HSA-3247509,abstraction:IsAComponentOf,R-HSA-4839726,0
R-HSA-9932444,abstraction:IsAComponentOf,R-HSA-4839726,0
R-HSA-1433559,abstraction:IsAComponentOf,R-HSA-1433557,0
R-HSA-9013507,abstraction:IsAComponentOf,R-HSA-9012852,0.6762002708442798
R-HSA-9013508,abstraction:IsAComponentOf,R-HSA-9012852,0
R-HSA-9024446,abstraction:IsAComponentOf,R-HSA-9006931,0.3355199125958239
R-HSA-5362517,abstraction:IsAComponentOf,R-HSA-9006931,0.29016039675326816
R-HSA-8939211,abstraction:IsAComponentOf,R-HSA-9006931,0.32405622298175274
R-HSA-389960,abstraction:IsAComponentOf,R-HSA-389958,0
R-HSA-389957,abstraction:IsAComponentOf,R-HSA-389958,0
R-HSA-390450,abstraction:IsAComponentOf,R-HSA-389958,0
R-HSA-629587,abstraction:IsAComponentOf,R-HSA-622327,0
R-HSA-629594,abstraction:IsAComponentOf,R-HSA-622327,0
R-HSA-73843,abstraction:IsAComponentOf,R-HSA-71336,0
R-HSA-1971475,abstraction:IsAComponentOf,R-HSA-1630316,0
R-HSA-1638074,abstraction:IsAComponentOf,R-HSA-1630316,0.6946867182614499
R-HSA-2142845,abstraction:IsAComponentOf,R-HSA-1630316,0.6583550902668346
R-HSA-1638091,abstraction:IsAComponentOf,R-HSA-1630316,0.6946867182614499
R-HSA-174362,abstraction:IsAComponentOf,R-HSA-1630316,0
R-HSA-1793185,abstraction:IsAComponentOf,R-HSA-1630316,0.7178602701856653
R-HSA-190239,abstraction:IsAComponentOf,R-HSA-5654741,0.6490083037640624
R-HSA-5654732,abstraction:IsAComponentOf,R-HSA-5654741,0.6159060087368521
R-HSA-5654708,abstraction:IsAComponentOf,R-HSA-5654741,0.6858709109179537
R-HSA-9753510,abstraction:IsAComponentOf,R-HSA-9649913,0
R-HSA-9753512,abstraction:IsAComponentOf,R-HSA-9649913,0
R-HSA-2894862,abstraction:IsAComponentOf,R-HSA-2894858,0
R-HSA-69091,abstraction:IsAComponentOf,R-HSA-69109,0
R-HSA-2892245,abstraction:IsAComponentOf,R-HSA-452723,0
R-HSA-2892247,abstraction:IsAComponentOf,R-HSA-452723,0
R-HSA-70921,abstraction:IsAComponentOf,R-HSA-71291,0
R-HSA-70688,abstraction:IsAComponentOf,R-HSA-71291,0
R-HSA-71240,abstraction:IsAComponentOf,R-HSA-71291,0
R-HSA-209776,abstraction:IsAComponentOf,R-HSA-71291,0.39853366899021714
R-HSA-6798163,abstraction:IsAComponentOf,R-HSA-71291,0
R-HSA-8964539,abstraction:IsAComponentOf,R-HSA-71291,0
R-HSA-1614635,abstraction:IsAComponentOf,R-HSA-71291,0.39853366899021714
R-HSA-71288,abstraction:IsAComponentOf,R-HSA-71291,0
R-HSA-389661,abstraction:IsAComponentOf,R-HSA-71291,0.35299166272589144
R-HSA-5662702,abstraction:IsAComponentOf,R-HSA-71291,0
R-HSA-71064,abstraction:IsAComponentOf,R-HSA-71291,0.35299166272589144
R-HSA-977347,abstraction:IsAComponentOf,R-HSA-71291,0
R-HSA-70895,abstraction:IsAComponentOf,R-HSA-71291,0.35299166272589144
R-HSA-8963693,abstraction:IsAComponentOf,R-HSA-71291,0
R-HSA-71262,abstraction:IsAComponentOf,R-HSA-71291,0
R-HSA-8963691,abstraction:IsAComponentOf,R-HSA-71291,0.37438275606190435
R-HSA-8964540,abstraction:IsAComponentOf,R-HSA-71291,0
R-HSA-2408522,abstraction:IsAComponentOf,R-HSA-71291,0.4141621267589944
R-HSA-351202,abstraction:IsAComponentOf,R-HSA-71291,0.388141757927994
R-HSA-8849175,abstraction:IsAComponentOf,R-HSA-71291,0
R-HSA-70635,abstraction:IsAComponentOf,R-HSA-71291,0
R-HSA-6782861,abstraction:IsAComponentOf,R-HSA-6782315,0
R-HSA-9828211,abstraction:IsAComponentOf,R-HSA-9013973,0
R-HSA-6807878,abstraction:IsAComponentOf,R-HSA-199977,0
R-HSA-5694530,abstraction:IsAComponentOf,R-HSA-199977,0
R-HSA-204005,abstraction:IsAComponentOf,R-HSA-199977,0
R-HSA-211916,abstraction:IsAComponentOf,R-HSA-211897,0
R-HSA-211935,abstraction:IsAComponentOf,R-HSA-211897,0
R-HSA-211979,abstraction:IsAComponentOf,R-HSA-211897,0
R-HSA-211976,abstraction:IsAComponentOf,R-HSA-211897,0.7466867155636184
R-HSA-211981,abstraction:IsAComponentOf,R-HSA-211897,0.7864927146911913
R-HSA-211958,abstraction:IsAComponentOf,R-HSA-211897,0
R-HSA-167021,abstraction:IsAComponentOf,R-HSA-187037,0
R-HSA-198745,abstraction:IsAComponentOf,R-HSA-187037,0
R-HSA-198203,abstraction:IsAComponentOf,R-HSA-187037,0
R-HSA-198765,abstraction:IsAComponentOf,R-HSA-187037,0
R-HSA-198725,abstraction:IsAComponentOf,R-HSA-187037,0.7397391856359723
R-HSA-187015,abstraction:IsAComponentOf,R-HSA-187037,0.6977232132080581
R-HSA-177504,abstraction:IsAComponentOf,R-HSA-187037,0
R-HSA-187687,abstraction:IsAComponentOf,R-HSA-187037,0.7667484129074287
R-HSA-1989781,abstraction:IsAComponentOf,R-HSA-400206,0
R-HSA-9858328,abstraction:IsAComponentOf,R-HSA-71064,0
R-HSA-77348,abstraction:IsAComponentOf,R-HSA-77286,0
R-HSA-77352,abstraction:IsAComponentOf,R-HSA-77286,0
R-HSA-77346,abstraction:IsAComponentOf,R-HSA-77286,0
R-HSA-77310,abstraction:IsAComponentOf,R-HSA-77286,0
R-HSA-77305,abstraction:IsAComponentOf,R-HSA-77286,0
R-HSA-77350,abstraction:IsAComponentOf,R-HSA-77286,0
R-HSA-77285,abstraction:IsAComponentOf,R-HSA-77286,0
R-HSA-9764260,abstraction:IsAComponentOf,R-HSA-9759476,0.8926221668946827
R-HSA-9764274,abstraction:IsAComponentOf,R-HSA-9759476,0.9158812098841502
R-HSA-9617629,abstraction:IsAComponentOf,R-HSA-9614085,0
R-HSA-9615017,abstraction:IsAComponentOf,R-HSA-9614085,0
R-HSA-9614657,abstraction:IsAComponentOf,R-HSA-9614085,0
R-HSA-9614399,abstraction:IsAComponentOf,R-HSA-9614085,0
R-HSA-9617828,abstraction:IsAComponentOf,R-HSA-9614085,0
R-HSA-351200,abstraction:IsAComponentOf,R-HSA-351202,0
R-HSA-351143,abstraction:IsAComponentOf,R-HSA-351202,0
R-HSA-350562,abstraction:IsAComponentOf,R-HSA-351202,0
R-HSA-110330,abstraction:IsAComponentOf,R-HSA-73927,0
R-HSA-110331,abstraction:IsAComponentOf,R-HSA-73927,0
R-HSA-9856649,abstraction:IsAComponentOf,R-HSA-9730414,0
R-HSA-9856651,abstraction:IsAComponentOf,R-HSA-9730414,0.5608382936128825
R-HSA-72737,abstraction:IsAComponentOf,R-HSA-72613,0.7980271458819992
R-HSA-156827,abstraction:IsAComponentOf,R-HSA-72613,0
R-HSA-8956319,abstraction:IsAComponentOf,R-HSA-15869,0.35622170556897986
R-HSA-8956320,abstraction:IsAComponentOf,R-HSA-15869,0.3368017845075156
R-HSA-8956321,abstraction:IsAComponentOf,R-HSA-15869,0.3368017845075156
R-HSA-499943,abstraction:IsAComponentOf,R-HSA-15869,0
R-HSA-110328,abstraction:IsAComponentOf,R-HSA-73928,0
R-HSA-110329,abstraction:IsAComponentOf,R-HSA-73928,0
R-HSA-8950505,abstraction:IsAComponentOf,R-HSA-9020591,0
R-HSA-427601,abstraction:IsAComponentOf,R-HSA-9958790,0
R-HSA-426117,abstraction:IsAComponentOf,R-HSA-9958790,0
R-HSA-433137,abstraction:IsAComponentOf,R-HSA-9958790,0
R-HSA-425381,abstraction:IsAComponentOf,R-HSA-9958790,0
R-HSA-427652,abstraction:IsAComponentOf,R-HSA-9958790,0.6355012434262741
R-HSA-8963676,abstraction:IsAComponentOf,R-HSA-8963743,0
R-HSA-8935690,abstraction:IsAComponentOf,R-HSA-8963743,0
R-HSA-975871,abstraction:IsAComponentOf,R-HSA-168176,0.7745882351160135
R-HSA-9865125,abstraction:IsAComponentOf,R-HSA-9865114,0
R-HSA-9865113,abstraction:IsAComponentOf,R-HSA-9865114,0
R-HSA-9907570,abstraction:IsAComponentOf,R-HSA-9865114,0
R-HSA-9912529,abstraction:IsAComponentOf,R-HSA-9865114,0
R-HSA-5083629,abstraction:IsAComponentOf,R-HSA-3906995,0
R-HSA-5083625,abstraction:IsAComponentOf,R-HSA-3906995,0
R-HSA-5083635,abstraction:IsAComponentOf,R-HSA-3906995,0
R-HSA-5083628,abstraction:IsAComponentOf,R-HSA-3906995,0
R-HSA-5083627,abstraction:IsAComponentOf,R-HSA-3906995,0
R-HSA-5083636,abstraction:IsAComponentOf,R-HSA-3906995,0
R-HSA-5083633,abstraction:IsAComponentOf,R-HSA-3906995,0
R-HSA-5083632,abstraction:IsAComponentOf,R-HSA-3906995,0
R-HSA-5083630,abstraction:IsAComponentOf,R-HSA-3906995,0
R-HSA-112303,abstraction:IsAComponentOf,R-HSA-112307,0
R-HSA-109704,abstraction:IsAComponentOf,R-HSA-112399,0.9335985241098708
R-HSA-112412,abstraction:IsAComponentOf,R-HSA-112399,0
R-HSA-9841922,abstraction:IsAComponentOf,R-HSA-9851695,0
R-HSA-3108232,abstraction:IsAComponentOf,R-HSA-2990846,0.6765042601251238
R-HSA-3215018,abstraction:IsAComponentOf,R-HSA-2990846,0.5980946426812209
R-HSA-9634597,abstraction:IsAComponentOf,R-HSA-418555,0
R-HSA-1660662,abstraction:IsAComponentOf,R-HSA-428157,0.4624364922164234
R-HSA-9845614,abstraction:IsAComponentOf,R-HSA-428157,0
R-HSA-1660661,abstraction:IsAComponentOf,R-HSA-428157,0
R-HSA-73621,abstraction:IsAComponentOf,R-HSA-8956319,0
R-HSA-74259,abstraction:IsAComponentOf,R-HSA-8956319,0.7529669517423041
R-HSA-8850843,abstraction:IsAComponentOf,R-HSA-8956319,0
R-HSA-5625970,abstraction:IsAComponentOf,R-HSA-195258,0
R-HSA-5625900,abstraction:IsAComponentOf,R-HSA-195258,0
R-HSA-5668599,abstraction:IsAComponentOf,R-HSA-195258,0
R-HSA-5663220,abstraction:IsAComponentOf,R-HSA-195258,0
R-HSA-5666185,abstraction:IsAComponentOf,R-HSA-195258,0
R-HSA-5627117,abstraction:IsAComponentOf,R-HSA-195258,0
R-HSA-5626467,abstraction:IsAComponentOf,R-HSA-195258,0
R-HSA-5663213,abstraction:IsAComponentOf,R-HSA-195258,0
R-HSA-5625740,abstraction:IsAComponentOf,R-HSA-195258,0.6549880401376613
R-HSA-5627083,abstraction:IsAComponentOf,R-HSA-195258,0
R-HSA-5627123,abstraction:IsAComponentOf,R-HSA-195258,0
R-HSA-190840,abstraction:IsAComponentOf,R-HSA-190872,0
R-HSA-9859138,abstraction:IsAComponentOf,R-HSA-70895,0
R-HSA-9658195,abstraction:IsAComponentOf,R-HSA-9824443,0.49454154310197496
R-HSA-187577,abstraction:IsAComponentOf,R-HSA-69656,0
R-HSA-9845619,abstraction:IsAComponentOf,R-HSA-9823587,0
R-HSA-9845622,abstraction:IsAComponentOf,R-HSA-9823587,0
R-HSA-9845621,abstraction:IsAComponentOf,R-HSA-9823587,0
R-HSA-9846298,abstraction:IsAComponentOf,R-HSA-9823587,0
R-HSA-9845620,abstraction:IsAComponentOf,R-HSA-9823587,0
R-HSA-69601,abstraction:IsAComponentOf,R-HSA-69613,0
R-HSA-420499,abstraction:IsAComponentOf,R-HSA-500792,0
R-HSA-373080,abstraction:IsAComponentOf,R-HSA-500792,0.648303323360809
R-HSA-373076,abstraction:IsAComponentOf,R-HSA-500792,0.8206519513226224
R-HSA-352238,abstraction:IsAComponentOf,R-HSA-111465,0
R-HSA-264870,abstraction:IsAComponentOf,R-HSA-111465,0
R-HSA-351906,abstraction:IsAComponentOf,R-HSA-111465,0
R-HSA-9662851,abstraction:IsAComponentOf,R-HSA-9664433,0.8345196276193134
R-HSA-74749,abstraction:IsAComponentOf,R-HSA-74751,0
R-HSA-74713,abstraction:IsAComponentOf,R-HSA-74751,0
R-HSA-112399,abstraction:IsAComponentOf,R-HSA-74751,0.9249166524297052
R-HSA-3656253,abstraction:IsAComponentOf,R-HSA-3560782,0
R-HSA-3560801,abstraction:IsAComponentOf,R-HSA-3560782,0
R-HSA-3595174,abstraction:IsAComponentOf,R-HSA-3560782,0
R-HSA-3656248,abstraction:IsAComponentOf,R-HSA-3560782,0
R-HSA-3656243,abstraction:IsAComponentOf,R-HSA-3560782,0
R-HSA-3595172,abstraction:IsAComponentOf,R-HSA-3560782,0
R-HSA-3595177,abstraction:IsAComponentOf,R-HSA-3560782,0
R-HSA-3656225,abstraction:IsAComponentOf,R-HSA-3560782,0
R-HSA-3656244,abstraction:IsAComponentOf,R-HSA-3560782,0
R-HSA-3656234,abstraction:IsAComponentOf,R-HSA-3560782,0
R-HSA-4420332,abstraction:IsAComponentOf,R-HSA-3560782,0
R-HSA-3560792,abstraction:IsAComponentOf,R-HSA-3560782,0
R-HSA-3656237,abstraction:IsAComponentOf,R-HSA-3560782,0
R-HSA-3560796,abstraction:IsAComponentOf,R-HSA-3560782,0
R-HSA-3560783,abstraction:IsAComponentOf,R-HSA-3560782,0
R-HSA-3359463,abstraction:IsAComponentOf,R-HSA-3296469,0
R-HSA-3359471,abstraction:IsAComponentOf,R-HSA-3296469,0
R-HSA-3359474,abstraction:IsAComponentOf,R-HSA-3296469,0
R-HSA-5683329,abstraction:IsAComponentOf,R-HSA-3296469,0
R-HSA-3359475,abstraction:IsAComponentOf,R-HSA-3296469,0
R-HSA-3359467,abstraction:IsAComponentOf,R-HSA-3296469,0
R-HSA-3359473,abstraction:IsAComponentOf,R-HSA-3296469,0
R-HSA-3359485,abstraction:IsAComponentOf,R-HSA-3296469,0
R-HSA-3359457,abstraction:IsAComponentOf,R-HSA-3296469,0
R-HSA-3359469,abstraction:IsAComponentOf,R-HSA-3296469,0
R-HSA-3359454,abstraction:IsAComponentOf,R-HSA-3296469,0
R-HSA-3359462,abstraction:IsAComponentOf,R-HSA-3296469,0
R-HSA-429947,abstraction:IsAComponentOf,R-HSA-429914,0
R-HSA-429958,abstraction:IsAComponentOf,R-HSA-429914,0
R-HSA-430039,abstraction:IsAComponentOf,R-HSA-429914,0
R-HSA-9609690,abstraction:IsAComponentOf,R-HSA-9609646,0
R-HSA-9610379,abstraction:IsAComponentOf,R-HSA-9609646,0
R-HSA-9706574,abstraction:IsAComponentOf,R-HSA-9012999,0.7224955983374425
R-HSA-9013420,abstraction:IsAComponentOf,R-HSA-9012999,0
R-HSA-9013408,abstraction:IsAComponentOf,R-HSA-9012999,0
R-HSA-9696270,abstraction:IsAComponentOf,R-HSA-9012999,0
R-HSA-9013405,abstraction:IsAComponentOf,R-HSA-9012999,0
R-HSA-9013406,abstraction:IsAComponentOf,R-HSA-9012999,0
R-HSA-9013424,abstraction:IsAComponentOf,R-HSA-9012999,0
R-HSA-9035034,abstraction:IsAComponentOf,R-HSA-9012999,0
R-HSA-9696273,abstraction:IsAComponentOf,R-HSA-9012999,0
R-HSA-9013404,abstraction:IsAComponentOf,R-HSA-9012999,0
R-HSA-9013106,abstraction:IsAComponentOf,R-HSA-9012999,0
R-HSA-9013149,abstraction:IsAComponentOf,R-HSA-9012999,0
R-HSA-9013409,abstraction:IsAComponentOf,R-HSA-9012999,0
R-HSA-9013026,abstraction:IsAComponentOf,R-HSA-9012999,0
R-HSA-9013423,abstraction:IsAComponentOf,R-HSA-9012999,0
R-HSA-9696264,abstraction:IsAComponentOf,R-HSA-9012999,0
R-HSA-9013407,abstraction:IsAComponentOf,R-HSA-9012999,0
R-HSA-9013148,abstraction:IsAComponentOf,R-HSA-9012999,0
R-HSA-8980692,abstraction:IsAComponentOf,R-HSA-9012999,0
R-HSA-72202,abstraction:IsAComponentOf,R-HSA-72203,0.6606198710767224
R-HSA-72172,abstraction:IsAComponentOf,R-HSA-72203,0.6136841894193151
R-HSA-72187,abstraction:IsAComponentOf,R-HSA-72203,0
R-HSA-9833576,abstraction:IsAComponentOf,R-HSA-9762292,0
R-HSA-9820448,abstraction:IsAComponentOf,R-HSA-9734767,0.5207743846349164
R-HSA-9734779,abstraction:IsAComponentOf,R-HSA-9734767,0.5516192302081177
R-HSA-389958,abstraction:IsAComponentOf,R-HSA-390466,0.9024383824198707
R-HSA-390471,abstraction:IsAComponentOf,R-HSA-390466,0
R-HSA-6814122,abstraction:IsAComponentOf,R-HSA-390466,0
R-HSA-3371599,abstraction:IsAComponentOf,R-HSA-3323169,0
R-HSA-3371598,abstraction:IsAComponentOf,R-HSA-3323169,0
R-HSA-9603505,abstraction:IsAComponentOf,R-HSA-9034015,0
R-HSA-9034013,abstraction:IsAComponentOf,R-HSA-9034015,0
R-HSA-9603381,abstraction:IsAComponentOf,R-HSA-9034015,0
R-HSA-9034864,abstraction:IsAComponentOf,R-HSA-9034015,0
R-HSA-9034793,abstraction:IsAComponentOf,R-HSA-9034015,0
R-HSA-201681,abstraction:IsAComponentOf,R-HSA-195721,0.36467321264183944
R-HSA-3238698,abstraction:IsAComponentOf,R-HSA-195721,0
R-HSA-195253,abstraction:IsAComponentOf,R-HSA-195721,0.31638643627112856
R-HSA-3858494,abstraction:IsAComponentOf,R-HSA-195721,0.34218171434091615
R-HSA-191859,abstraction:IsAComponentOf,R-HSA-194441,0
R-HSA-9755511,abstraction:IsAComponentOf,R-HSA-9711123,0.7594836089473526
R-HSA-9707564,abstraction:IsAComponentOf,R-HSA-9711123,0.6213543419483314
R-HSA-3299685,abstraction:IsAComponentOf,R-HSA-9711123,0
R-HSA-9033807,abstraction:IsAComponentOf,R-HSA-9033658,0
R-HSA-9037628,abstraction:IsAComponentOf,R-HSA-9033658,0
R-HSA-9037629,abstraction:IsAComponentOf,R-HSA-9033658,0
R-HSA-2179392,abstraction:IsAComponentOf,R-HSA-881907,0
R-HSA-9017802,abstraction:IsAComponentOf,R-HSA-9013507,0
R-HSA-3295583,abstraction:IsAComponentOf,R-HSA-2672351,0
R-HSA-9735786,abstraction:IsAComponentOf,R-HSA-9735804,0.3897329064336724
R-HSA-9734207,abstraction:IsAComponentOf,R-HSA-9735804,0.4226632432030386
R-HSA-112307,abstraction:IsAComponentOf,R-HSA-112316,0
R-HSA-1296071,abstraction:IsAComponentOf,R-HSA-112316,0
R-HSA-6794362,abstraction:IsAComponentOf,R-HSA-112316,0
R-HSA-112315,abstraction:IsAComponentOf,R-HSA-112316,0
R-HSA-9735763,abstraction:IsAComponentOf,R-HSA-9735786,0
R-HSA-1483255,abstraction:IsAComponentOf,R-HSA-1483257,0.6372526735423857
R-HSA-1483206,abstraction:IsAComponentOf,R-HSA-1483257,0.6589983918339805
R-HSA-174411,abstraction:IsAComponentOf,R-HSA-174417,0
R-HSA-174414,abstraction:IsAComponentOf,R-HSA-174417,0.8485323799404998
R-HSA-174430,abstraction:IsAComponentOf,R-HSA-174417,0
R-HSA-9026395,abstraction:IsAComponentOf,R-HSA-9018677,0.7546577059838916
R-HSA-9020265,abstraction:IsAComponentOf,R-HSA-9018677,0
R-HSA-9018682,abstraction:IsAComponentOf,R-HSA-9018677,0.7167886251116694
R-HSA-9018676,abstraction:IsAComponentOf,R-HSA-9018677,0
R-HSA-9018681,abstraction:IsAComponentOf,R-HSA-9018677,0
R-HSA-111996,abstraction:IsAComponentOf,R-HSA-112043,0.9350781617242079
R-HSA-9912633,abstraction:IsAComponentOf,R-HSA-983169,0
R-HSA-1236975,abstraction:IsAComponentOf,R-HSA-983169,0.6812203481910729
R-HSA-983170,abstraction:IsAComponentOf,R-HSA-983169,0
R-HSA-983168,abstraction:IsAComponentOf,R-HSA-983169,0
R-HSA-2424491,abstraction:IsAComponentOf,R-HSA-2172127,0
R-HSA-435354,abstraction:IsAComponentOf,R-HSA-425410,0.6593887857306575
R-HSA-425986,abstraction:IsAComponentOf,R-HSA-425410,0
R-HSA-425561,abstraction:IsAComponentOf,R-HSA-425410,0
R-HSA-9669921,abstraction:IsAComponentOf,R-HSA-9669938,0
R-HSA-9670439,abstraction:IsAComponentOf,R-HSA-9669938,0
R-HSA-9680187,abstraction:IsAComponentOf,R-HSA-9669938,0
R-HSA-9669935,abstraction:IsAComponentOf,R-HSA-9669938,0
R-HSA-9669937,abstraction:IsAComponentOf,R-HSA-9669938,0.49489494561544023
R-HSA-9669933,abstraction:IsAComponentOf,R-HSA-9669938,0
R-HSA-72764,abstraction:IsAComponentOf,R-HSA-72766,0
R-HSA-9948299,abstraction:IsAComponentOf,R-HSA-72766,0.5337686621325567
R-HSA-379724,abstraction:IsAComponentOf,R-HSA-72766,0.5156445997523791
R-HSA-72613,abstraction:IsAComponentOf,R-HSA-72766,0.5899527406945921
R-HSA-5368287,abstraction:IsAComponentOf,R-HSA-72766,0.5474203169165136
R-HSA-156842,abstraction:IsAComponentOf,R-HSA-72766,0.4873554264935314
R-HSA-1799339,abstraction:IsAComponentOf,R-HSA-72766,0
R-HSA-888590,abstraction:IsAComponentOf,R-HSA-112310,0.6312724369808408
R-HSA-210500,abstraction:IsAComponentOf,R-HSA-112310,0
R-HSA-181430,abstraction:IsAComponentOf,R-HSA-112310,0
R-HSA-212676,abstraction:IsAComponentOf,R-HSA-112310,0
R-HSA-264642,abstraction:IsAComponentOf,R-HSA-112310,0
R-HSA-181429,abstraction:IsAComponentOf,R-HSA-112310,0
R-HSA-2644607,abstraction:IsAComponentOf,R-HSA-2644605,0
R-HSA-8854214,abstraction:IsAComponentOf,R-HSA-9007101,0
R-HSA-8876198,abstraction:IsAComponentOf,R-HSA-9007101,0
R-HSA-1222541,abstraction:IsAComponentOf,R-HSA-1222499,0
R-HSA-1222449,abstraction:IsAComponentOf,R-HSA-1222499,0
R-HSA-1222538,abstraction:IsAComponentOf,R-HSA-1222499,0
R-HSA-1222387,abstraction:IsAComponentOf,R-HSA-1222499,0
R-HSA-6802955,abstraction:IsAComponentOf,R-HSA-6802957,0
R-HSA-6802946,abstraction:IsAComponentOf,R-HSA-6802957,0
R-HSA-6802953,abstraction:IsAComponentOf,R-HSA-6802957,0
R-HSA-6802948,abstraction:IsAComponentOf,R-HSA-6802957,0
R-HSA-9660537,abstraction:IsAComponentOf,R-HSA-6802957,0.453273068090892
R-HSA-9656223,abstraction:IsAComponentOf,R-HSA-6802957,0
R-HSA-9652817,abstraction:IsAComponentOf,R-HSA-6802957,0
R-HSA-9652169,abstraction:IsAComponentOf,R-HSA-6802957,0
R-HSA-6802952,abstraction:IsAComponentOf,R-HSA-6802957,0
R-HSA-6802949,abstraction:IsAComponentOf,R-HSA-6802957,0.4800494850091049
R-HSA-173736,abstraction:IsAComponentOf,R-HSA-166663,0
R-HSA-166786,abstraction:IsAComponentOf,R-HSA-166663,0.8720920865831372
R-HSA-167200,abstraction:IsAComponentOf,R-HSA-167246,0
R-HSA-418359,abstraction:IsAComponentOf,R-HSA-418360,0
R-HSA-139853,abstraction:IsAComponentOf,R-HSA-418360,0
R-HSA-209931,abstraction:IsAComponentOf,R-HSA-209776,0
R-HSA-209968,abstraction:IsAComponentOf,R-HSA-209776,0.5770021133983128
R-HSA-209905,abstraction:IsAComponentOf,R-HSA-209776,0
R-HSA-164378,abstraction:IsAComponentOf,R-HSA-163359,0
R-HSA-166665,abstraction:IsAComponentOf,R-HSA-166658,0
R-HSA-977606,abstraction:IsAComponentOf,R-HSA-166658,0
R-HSA-166663,abstraction:IsAComponentOf,R-HSA-166658,0.531209847040333
R-HSA-174577,abstraction:IsAComponentOf,R-HSA-166658,0
R-HSA-9679514,abstraction:IsAComponentOf,R-HSA-9678108,0.6712937144545111
R-HSA-9679509,abstraction:IsAComponentOf,R-HSA-9678108,0
R-HSA-9679504,abstraction:IsAComponentOf,R-HSA-9678108,0.6712937144545111
R-HSA-9683701,abstraction:IsAComponentOf,R-HSA-9678108,0.7257883320524714
R-HSA-9678110,abstraction:IsAComponentOf,R-HSA-9678108,0
R-HSA-9692914,abstraction:IsAComponentOf,R-HSA-9678108,0.7257883320524714
R-HSA-2033514,abstraction:IsAComponentOf,R-HSA-5655332,0.7461166749410796
R-HSA-6783984,abstraction:IsAComponentOf,R-HSA-389661,0
R-HSA-5357956,abstraction:IsAComponentOf,R-HSA-75893,0
R-HSA-5357786,abstraction:IsAComponentOf,R-HSA-75893,0
R-HSA-5357905,abstraction:IsAComponentOf,R-HSA-75893,0
R-HSA-5626978,abstraction:IsAComponentOf,R-HSA-75893,0
R-HSA-417973,abstraction:IsAComponentOf,R-HSA-418038,0
R-HSA-417957,abstraction:IsAComponentOf,R-HSA-418038,0
R-HSA-1433617,abstraction:IsAComponentOf,R-HSA-1181150,0
R-HSA-1839128,abstraction:IsAComponentOf,R-HSA-5655291,0
R-HSA-2995410,abstraction:IsAComponentOf,R-HSA-68882,0.910214861819577
R-HSA-2467813,abstraction:IsAComponentOf,R-HSA-68882,0
R-HSA-174437,abstraction:IsAComponentOf,R-HSA-174414,0
R-HSA-112310,abstraction:IsAComponentOf,R-HSA-112315,0.7408646215812026
R-HSA-112308,abstraction:IsAComponentOf,R-HSA-112315,0
R-HSA-112313,abstraction:IsAComponentOf,R-HSA-112315,0.6043259688868838
R-HSA-112311,abstraction:IsAComponentOf,R-HSA-112315,0.6986384121843223
R-HSA-112314,abstraction:IsAComponentOf,R-HSA-112315,0.8551090901691092
R-HSA-211957,abstraction:IsAComponentOf,R-HSA-211981,0
R-HSA-211999,abstraction:IsAComponentOf,R-HSA-211981,0
R-HSA-450294,abstraction:IsAComponentOf,R-HSA-448424,0.7246288440221185
R-HSA-1295596,abstraction:IsAComponentOf,R-HSA-5654727,0
R-HSA-2514853,abstraction:IsAComponentOf,R-HSA-68877,0
R-HSA-380320,abstraction:IsAComponentOf,R-HSA-68877,0
R-HSA-9648025,abstraction:IsAComponentOf,R-HSA-68877,0
R-HSA-2500257,abstraction:IsAComponentOf,R-HSA-68877,0
R-HSA-1500620,abstraction:IsAComponentOf,R-HSA-1474165,0
R-HSA-9827857,abstraction:IsAComponentOf,R-HSA-1474165,0
R-HSA-1187000,abstraction:IsAComponentOf,R-HSA-1474165,0
R-HSA-163765,abstraction:IsAComponentOf,R-HSA-163685,0
R-HSA-163767,abstraction:IsAComponentOf,R-HSA-163685,0
R-HSA-163680,abstraction:IsAComponentOf,R-HSA-163685,0
R-HSA-163754,abstraction:IsAComponentOf,R-HSA-163685,0
R-HSA-163359,abstraction:IsAComponentOf,R-HSA-163685,0.3231046181147462
R-HSA-422356,abstraction:IsAComponentOf,R-HSA-163685,0.3736141611404992
R-HSA-163358,abstraction:IsAComponentOf,R-HSA-163685,0
R-HSA-68949,abstraction:IsAComponentOf,R-HSA-69052,0
R-HSA-69017,abstraction:IsAComponentOf,R-HSA-69052,0
R-HSA-111367,abstraction:IsAComponentOf,R-HSA-75067,0
R-HSA-77588,abstraction:IsAComponentOf,R-HSA-75067,0
R-HSA-77595,abstraction:IsAComponentOf,R-HSA-75067,0
R-HSA-3769402,abstraction:IsAComponentOf,R-HSA-201681,0
R-HSA-4641262,abstraction:IsAComponentOf,R-HSA-201681,0
R-HSA-4641263,abstraction:IsAComponentOf,R-HSA-201681,0
R-HSA-3772470,abstraction:IsAComponentOf,R-HSA-201681,0
R-HSA-4641258,abstraction:IsAComponentOf,R-HSA-201681,0
R-HSA-201722,abstraction:IsAComponentOf,R-HSA-201681,0.7213777859866105
R-HSA-201688,abstraction:IsAComponentOf,R-HSA-201681,0
R-HSA-5368598,abstraction:IsAComponentOf,R-HSA-201681,0
R-HSA-4641257,abstraction:IsAComponentOf,R-HSA-201681,0
R-HSA-426048,abstraction:IsAComponentOf,R-HSA-114508,0
R-HSA-5607761,abstraction:IsAComponentOf,R-HSA-5607764,0
R-HSA-5607763,abstraction:IsAComponentOf,R-HSA-5607764,0
R-HSA-5660668,abstraction:IsAComponentOf,R-HSA-5607764,0
R-HSA-174495,abstraction:IsAComponentOf,R-HSA-175474,0.6692658935151178
R-HSA-171286,abstraction:IsAComponentOf,R-HSA-175474,0
R-HSA-9034015,abstraction:IsAComponentOf,R-HSA-166520,0.552940488948916
R-HSA-9036866,abstraction:IsAComponentOf,R-HSA-166520,0.4800177531891749
R-HSA-187037,abstraction:IsAComponentOf,R-HSA-166520,0.6361882421360608
R-HSA-9006115,abstraction:IsAComponentOf,R-HSA-166520,0.5916503881784125
R-HSA-2559584,abstraction:IsAComponentOf,R-HSA-2559586,0
R-HSA-8856828,abstraction:IsAComponentOf,R-HSA-199991,0.694136775465007
R-HSA-199977,abstraction:IsAComponentOf,R-HSA-199991,0.761073148083926
R-HSA-199992,abstraction:IsAComponentOf,R-HSA-199991,0.7349175431521787
R-HSA-1445148,abstraction:IsAComponentOf,R-HSA-199991,0
R-HSA-917729,abstraction:IsAComponentOf,R-HSA-199991,0
R-HSA-6811442,abstraction:IsAComponentOf,R-HSA-199991,0.7967999928136192
R-HSA-9007101,abstraction:IsAComponentOf,R-HSA-199991,0.7349175431521787
R-HSA-157858,abstraction:IsAComponentOf,R-HSA-199991,0.8422967499809116
R-HSA-9674415,abstraction:IsAComponentOf,R-HSA-9671555,0.46156116059508506
R-HSA-9673767,abstraction:IsAComponentOf,R-HSA-9671555,0
R-HSA-9674428,abstraction:IsAComponentOf,R-HSA-9671555,0
R-HSA-9673770,abstraction:IsAComponentOf,R-HSA-9671555,0
R-HSA-9673768,abstraction:IsAComponentOf,R-HSA-9671555,0
R-HSA-9673766,abstraction:IsAComponentOf,R-HSA-9671555,0
R-HSA-70350,abstraction:IsAComponentOf,R-HSA-5652084,0
R-HSA-5652227,abstraction:IsAComponentOf,R-HSA-5652084,0
R-HSA-9727281,abstraction:IsAComponentOf,R-HSA-9772573,0
R-HSA-9694635,abstraction:IsAComponentOf,R-HSA-9772573,0.7890556270763532
R-HSA-9694322,abstraction:IsAComponentOf,R-HSA-9772573,0
R-HSA-9733458,abstraction:IsAComponentOf,R-HSA-9772573,0
R-HSA-163615,abstraction:IsAComponentOf,R-HSA-111931,0
R-HSA-1679131,abstraction:IsAComponentOf,R-HSA-168898,0
R-HSA-166016,abstraction:IsAComponentOf,R-HSA-168898,0.7137584428925919
R-HSA-181438,abstraction:IsAComponentOf,R-HSA-168898,0.6893525262825427
R-HSA-168138,abstraction:IsAComponentOf,R-HSA-168898,0.693869257126113
R-HSA-168142,abstraction:IsAComponentOf,R-HSA-168898,0.6796084722031367
R-HSA-5686938,abstraction:IsAComponentOf,R-HSA-168898,0
R-HSA-168181,abstraction:IsAComponentOf,R-HSA-168898,0.693869257126113
R-HSA-168176,abstraction:IsAComponentOf,R-HSA-168898,0.6796084722031367
R-HSA-168164,abstraction:IsAComponentOf,R-HSA-168898,0.6893525262825427
R-HSA-203641,abstraction:IsAComponentOf,R-HSA-202131,0
R-HSA-203754,abstraction:IsAComponentOf,R-HSA-202131,0
R-HSA-203615,abstraction:IsAComponentOf,R-HSA-202131,0
R-HSA-4411364,abstraction:IsAComponentOf,R-HSA-201722,0
R-HSA-450385,abstraction:IsAComponentOf,R-HSA-450531,0
R-HSA-450408,abstraction:IsAComponentOf,R-HSA-450531,0
R-HSA-450513,abstraction:IsAComponentOf,R-HSA-450531,0
R-HSA-450604,abstraction:IsAComponentOf,R-HSA-450531,0
R-HSA-450520,abstraction:IsAComponentOf,R-HSA-450531,0
R-HSA-9717329,abstraction:IsAComponentOf,R-HSA-9700649,0
R-HSA-9717264,abstraction:IsAComponentOf,R-HSA-9700649,0
R-HSA-9717326,abstraction:IsAComponentOf,R-HSA-9700649,0
R-HSA-9717319,abstraction:IsAComponentOf,R-HSA-9700649,0
R-HSA-9717323,abstraction:IsAComponentOf,R-HSA-9700649,0
R-HSA-9717301,abstraction:IsAComponentOf,R-HSA-9700649,0
R-HSA-9717316,abstraction:IsAComponentOf,R-HSA-9700649,0
R-HSA-9860931,abstraction:IsAComponentOf,R-HSA-9855142,0.5677097826064046
R-HSA-9856532,abstraction:IsAComponentOf,R-HSA-9855142,0
R-HSA-170822,abstraction:IsAComponentOf,R-HSA-70171,0
R-HSA-9634600,abstraction:IsAComponentOf,R-HSA-70171,0
R-HSA-1500620,abstraction:IsAComponentOf,R-HSA-1640170,0
R-HSA-69620,abstraction:IsAComponentOf,R-HSA-1640170,0
R-HSA-69278,abstraction:IsAComponentOf,R-HSA-1640170,0
R-HSA-73886,abstraction:IsAComponentOf,R-HSA-1640170,0
R-HSA-9667769,abstraction:IsAComponentOf,R-HSA-9662361,0
R-HSA-167060,abstraction:IsAComponentOf,R-HSA-9036866,0
R-HSA-8875656,abstraction:IsAComponentOf,R-HSA-6806834,0
R-HSA-8851907,abstraction:IsAComponentOf,R-HSA-6806834,0
R-HSA-8865999,abstraction:IsAComponentOf,R-HSA-6806834,0
R-HSA-6807004,abstraction:IsAComponentOf,R-HSA-6806834,0.4369132877464058
R-HSA-8875791,abstraction:IsAComponentOf,R-HSA-6806834,0
R-HSA-8851805,abstraction:IsAComponentOf,R-HSA-6806834,0
R-HSA-6806942,abstraction:IsAComponentOf,R-HSA-6806834,0
R-HSA-8875878,abstraction:IsAComponentOf,R-HSA-6806834,0.4759089804458171
R-HSA-9837092,abstraction:IsAComponentOf,R-HSA-9836573,0
R-HSA-2022857,abstraction:IsAComponentOf,R-HSA-1638074,0
R-HSA-2022854,abstraction:IsAComponentOf,R-HSA-1638074,0
R-HSA-9632974,abstraction:IsAComponentOf,R-HSA-9024446,0
R-HSA-9623433,abstraction:IsAComponentOf,R-HSA-9024446,0
R-HSA-9031525,abstraction:IsAComponentOf,R-HSA-9024446,0
R-HSA-9029558,abstraction:IsAComponentOf,R-HSA-9024446,0
R-HSA-9029569,abstraction:IsAComponentOf,R-HSA-9024446,0
R-HSA-9031528,abstraction:IsAComponentOf,R-HSA-9024446,0
R-HSA-1307965,abstraction:IsAComponentOf,R-HSA-190322,0
R-HSA-446205,abstraction:IsAComponentOf,R-HSA-446219,0
R-HSA-6787639,abstraction:IsAComponentOf,R-HSA-446219,0
R-HSA-480985,abstraction:IsAComponentOf,R-HSA-446219,0
R-HSA-446199,abstraction:IsAComponentOf,R-HSA-446219,0
R-HSA-162699,abstraction:IsAComponentOf,R-HSA-446219,0
R-HSA-4085001,abstraction:IsAComponentOf,R-HSA-446219,0
R-HSA-446210,abstraction:IsAComponentOf,R-HSA-446219,0
R-HSA-2151209,abstraction:IsAComponentOf,R-HSA-1592230,0
R-HSA-8949613,abstraction:IsAComponentOf,R-HSA-1592230,0
R-HSA-2151201,abstraction:IsAComponentOf,R-HSA-1592230,0
R-HSA-5250981,abstraction:IsAComponentOf,R-HSA-168799,0
R-HSA-5250958,abstraction:IsAComponentOf,R-HSA-168799,0
R-HSA-5250989,abstraction:IsAComponentOf,R-HSA-168799,0
R-HSA-5250992,abstraction:IsAComponentOf,R-HSA-168799,0
R-HSA-5250968,abstraction:IsAComponentOf,R-HSA-168799,0
R-HSA-5250982,abstraction:IsAComponentOf,R-HSA-168799,0
R-HSA-5250971,abstraction:IsAComponentOf,R-HSA-168799,0
R-HSA-5250955,abstraction:IsAComponentOf,R-HSA-168799,0
R-HSA-9026766,abstraction:IsAComponentOf,R-HSA-9026395,0
R-HSA-9026762,abstraction:IsAComponentOf,R-HSA-9026395,0
R-HSA-196783,abstraction:IsAComponentOf,R-HSA-199220,0
R-HSA-9657689,abstraction:IsAComponentOf,R-HSA-9651496,0
R-HSA-9662001,abstraction:IsAComponentOf,R-HSA-9651496,0.8610626801021172
R-HSA-9657688,abstraction:IsAComponentOf,R-HSA-9651496,0
R-HSA-9668250,abstraction:IsAComponentOf,R-HSA-9651496,0.8199957905818929
R-HSA-9672383,abstraction:IsAComponentOf,R-HSA-9651496,0
R-HSA-349425,abstraction:IsAComponentOf,R-HSA-69541,0
R-HSA-68877,abstraction:IsAComponentOf,R-HSA-68886,0.6101497743532537
R-HSA-68884,abstraction:IsAComponentOf,R-HSA-68886,0.5438453925348874
R-HSA-68875,abstraction:IsAComponentOf,R-HSA-68886,0.6417329363606812
R-HSA-2555396,abstraction:IsAComponentOf,R-HSA-68886,0.6417329363606812
R-HSA-112411,abstraction:IsAComponentOf,R-HSA-112409,0
R-HSA-110056,abstraction:IsAComponentOf,R-HSA-112409,0
R-HSA-5651801,abstraction:IsAComponentOf,R-HSA-110373,0
R-HSA-110362,abstraction:IsAComponentOf,R-HSA-110373,0
R-HSA-1980143,abstraction:IsAComponentOf,R-HSA-157118,0.31380257654848603
R-HSA-1980145,abstraction:IsAComponentOf,R-HSA-157118,0.31380257654848603
R-HSA-1912422,abstraction:IsAComponentOf,R-HSA-157118,0.3326155196078826
R-HSA-9012852,abstraction:IsAComponentOf,R-HSA-157118,0.32454026616592824
R-HSA-9013694,abstraction:IsAComponentOf,R-HSA-157118,0.32454026616592824
R-HSA-8949664,abstraction:IsAComponentOf,R-HSA-8949215,0
R-HSA-111885,abstraction:IsAComponentOf,R-HSA-418594,0.8619981692319444
R-HSA-9025106,abstraction:IsAComponentOf,R-HSA-9018683,0
R-HSA-9025094,abstraction:IsAComponentOf,R-HSA-9018683,0.7509636275618682
R-HSA-3645790,abstraction:IsAComponentOf,R-HSA-3642278,0
R-HSA-3642279,abstraction:IsAComponentOf,R-HSA-3642278,0
R-HSA-2046106,abstraction:IsAComponentOf,R-HSA-2046104,0
R-HSA-2046105,abstraction:IsAComponentOf,R-HSA-2046104,0
R-HSA-9682706,abstraction:IsAComponentOf,R-HSA-9679514,0
R-HSA-9682708,abstraction:IsAComponentOf,R-HSA-9679514,0
R-HSA-9638334,abstraction:IsAComponentOf,R-HSA-9638482,0
R-HSA-9927020,abstraction:IsAComponentOf,R-HSA-9638482,0
R-HSA-975144,abstraction:IsAComponentOf,R-HSA-975138,0
R-HSA-450294,abstraction:IsAComponentOf,R-HSA-975138,0.9313922345496284
R-HSA-975163,abstraction:IsAComponentOf,R-HSA-975138,0
R-HSA-445989,abstraction:IsAComponentOf,R-HSA-975138,0.7860713282051573
R-HSA-9764302,abstraction:IsAComponentOf,R-HSA-9764260,0
R-HSA-9759475,abstraction:IsAComponentOf,R-HSA-9764260,0.8138244873315474
R-HSA-2470946,abstraction:IsAComponentOf,R-HSA-68884,0
R-HSA-418457,abstraction:IsAComponentOf,R-HSA-392154,0
R-HSA-8948700,abstraction:IsAComponentOf,R-HSA-8943723,0
R-HSA-9638771,abstraction:IsAComponentOf,R-HSA-9638737,0
R-HSA-9913143,abstraction:IsAComponentOf,R-HSA-9638737,0
R-HSA-8939236,abstraction:IsAComponentOf,R-HSA-8878171,0
R-HSA-8939242,abstraction:IsAComponentOf,R-HSA-8878171,0
R-HSA-8877330,abstraction:IsAComponentOf,R-HSA-8878171,0
R-HSA-8939246,abstraction:IsAComponentOf,R-HSA-8878171,0
R-HSA-8936459,abstraction:IsAComponentOf,R-HSA-8878171,0
R-HSA-8939243,abstraction:IsAComponentOf,R-HSA-8878171,0
R-HSA-8939245,abstraction:IsAComponentOf,R-HSA-8878171,0
R-HSA-8939247,abstraction:IsAComponentOf,R-HSA-8878171,0
R-HSA-8939256,abstraction:IsAComponentOf,R-HSA-8878171,0
R-HSA-8934593,abstraction:IsAComponentOf,R-HSA-8878171,0
R-HSA-8935964,abstraction:IsAComponentOf,R-HSA-8878171,0
R-HSA-8931987,abstraction:IsAComponentOf,R-HSA-8878171,0
R-HSA-209822,abstraction:IsAComponentOf,R-HSA-209952,0
R-HSA-210744,abstraction:IsAComponentOf,R-HSA-186712,0
R-HSA-210746,abstraction:IsAComponentOf,R-HSA-186712,0
R-HSA-210747,abstraction:IsAComponentOf,R-HSA-186712,0
R-HSA-210745,abstraction:IsAComponentOf,R-HSA-186712,0.4519701148123838
R-HSA-9715370,abstraction:IsAComponentOf,R-HSA-9716542,0.3340977267055754
R-HSA-9706019,abstraction:IsAComponentOf,R-HSA-9716542,0
R-HSA-194315,abstraction:IsAComponentOf,R-HSA-9716542,0.444669149176167
R-HSA-5693616,abstraction:IsAComponentOf,R-HSA-5693579,0
R-HSA-6790901,abstraction:IsAComponentOf,R-HSA-8868773,0
R-HSA-6791226,abstraction:IsAComponentOf,R-HSA-8868773,0
R-HSA-73728,abstraction:IsAComponentOf,R-HSA-73854,0
R-HSA-73762,abstraction:IsAComponentOf,R-HSA-73854,0
R-HSA-73772,abstraction:IsAComponentOf,R-HSA-73854,0
R-HSA-9937080,abstraction:IsAComponentOf,R-HSA-9820448,0
R-HSA-9925561,abstraction:IsAComponentOf,R-HSA-9820448,0
R-HSA-9925563,abstraction:IsAComponentOf,R-HSA-9820448,0
R-HSA-3000170,abstraction:IsAComponentOf,R-HSA-3000171,0
R-HSA-9913351,abstraction:IsAComponentOf,R-HSA-3000171,0
R-HSA-73614,abstraction:IsAComponentOf,R-HSA-8956321,0
R-HSA-74217,abstraction:IsAComponentOf,R-HSA-8956321,0
R-HSA-2644606,abstraction:IsAComponentOf,R-HSA-2644602,0
R-HSA-168874,abstraction:IsAComponentOf,R-HSA-168316,0
R-HSA-9005891,abstraction:IsAComponentOf,R-HSA-9005895,0.9544238189191996
R-HSA-3065679,abstraction:IsAComponentOf,R-HSA-3215018,0
R-HSA-3065676,abstraction:IsAComponentOf,R-HSA-3215018,0
R-HSA-3065678,abstraction:IsAComponentOf,R-HSA-3215018,0
R-HSA-9915355,abstraction:IsAComponentOf,R-HSA-9865118,0
R-HSA-9914355,abstraction:IsAComponentOf,R-HSA-9865118,0
R-HSA-9914274,abstraction:IsAComponentOf,R-HSA-9865118,0
R-HSA-9916720,abstraction:IsAComponentOf,R-HSA-9865118,0
R-HSA-9909438,abstraction:IsAComponentOf,R-HSA-9865118,0
R-HSA-9865114,abstraction:IsAComponentOf,R-HSA-9865118,0.4571486621642783
R-HSA-9916722,abstraction:IsAComponentOf,R-HSA-9865118,0
R-HSA-9912481,abstraction:IsAComponentOf,R-HSA-9865118,0
R-HSA-8964058,abstraction:IsAComponentOf,R-HSA-8963899,0
R-HSA-8964041,abstraction:IsAComponentOf,R-HSA-8963899,0
R-HSA-8963901,abstraction:IsAComponentOf,R-HSA-8963899,0
R-HSA-8963889,abstraction:IsAComponentOf,R-HSA-8963899,0
R-HSA-1247673,abstraction:IsAComponentOf,R-HSA-1480926,0
R-HSA-1237044,abstraction:IsAComponentOf,R-HSA-1480926,0
R-HSA-156902,abstraction:IsAComponentOf,R-HSA-156842,0
R-HSA-164952,abstraction:IsAComponentOf,R-HSA-162909,0.7196669614280389
R-HSA-180585,abstraction:IsAComponentOf,R-HSA-162909,0
R-HSA-180689,abstraction:IsAComponentOf,R-HSA-162909,0
R-HSA-180534,abstraction:IsAComponentOf,R-HSA-162909,0
R-HSA-176033,abstraction:IsAComponentOf,R-HSA-162909,0.6557316302332514
R-HSA-176034,abstraction:IsAComponentOf,R-HSA-162909,0
R-HSA-177243,abstraction:IsAComponentOf,R-HSA-162909,0.6557316302332514
R-HSA-9633012,abstraction:IsAComponentOf,R-HSA-9711097,0
R-HSA-9639288,abstraction:IsAComponentOf,R-HSA-9711097,0
R-HSA-3371568,abstraction:IsAComponentOf,R-HSA-3371571,0
R-HSA-9752946,abstraction:IsAComponentOf,R-HSA-381753,0
R-HSA-141424,abstraction:IsAComponentOf,R-HSA-69618,0.6896104164210629
R-HSA-141405,abstraction:IsAComponentOf,R-HSA-69618,0.6896104164210629
R-HSA-9619483,abstraction:IsAComponentOf,R-HSA-438064,0
R-HSA-9620244,abstraction:IsAComponentOf,R-HSA-438064,0
R-HSA-442742,abstraction:IsAComponentOf,R-HSA-438064,0.8325278303352025
R-HSA-442720,abstraction:IsAComponentOf,R-HSA-438064,0
R-HSA-442729,abstraction:IsAComponentOf,R-HSA-438064,0
R-HSA-9619229,abstraction:IsAComponentOf,R-HSA-438064,0
R-HSA-1358803,abstraction:IsAComponentOf,R-HSA-8863795,0
R-HSA-2160456,abstraction:IsAComponentOf,R-HSA-5668914,0
R-HSA-3296482,abstraction:IsAComponentOf,R-HSA-5668914,0.3304968184728929
R-HSA-3781865,abstraction:IsAComponentOf,R-HSA-5668914,0.3966872584708006
R-HSA-5579029,abstraction:IsAComponentOf,R-HSA-5668914,0.36060546832207485
R-HSA-5579031,abstraction:IsAComponentOf,R-HSA-5668914,0
R-HSA-9865118,abstraction:IsAComponentOf,R-HSA-5668914,0.31891482577317676
R-HSA-2978092,abstraction:IsAComponentOf,R-HSA-5668914,0
R-HSA-5687613,abstraction:IsAComponentOf,R-HSA-5668914,0.29926557850357
R-HSA-5663084,abstraction:IsAComponentOf,R-HSA-5668914,0.3681888837123806
R-HSA-9735804,abstraction:IsAComponentOf,R-HSA-5668914,0.29408353074511334
R-HSA-9759774,abstraction:IsAComponentOf,R-HSA-5668914,0.26177800548921937
R-HSA-9032759,abstraction:IsAComponentOf,R-HSA-9032500,0
R-HSA-111933,abstraction:IsAComponentOf,R-HSA-111997,0.9544238189191996
R-HSA-9843743,abstraction:IsAComponentOf,R-HSA-9843745,0.43636383913443505
R-HSA-381340,abstraction:IsAComponentOf,R-HSA-9843745,0
R-HSA-189451,abstraction:IsAComponentOf,R-HSA-189445,0
R-HSA-189483,abstraction:IsAComponentOf,R-HSA-189445,0
R-HSA-977443,abstraction:IsAComponentOf,R-HSA-112314,0.722265378720826
R-HSA-451326,abstraction:IsAComponentOf,R-HSA-112314,0.722265378720826
R-HSA-399721,abstraction:IsAComponentOf,R-HSA-112314,0.7038733005233465
R-HSA-181431,abstraction:IsAComponentOf,R-HSA-112314,0.737206985282502
R-HSA-442755,abstraction:IsAComponentOf,R-HSA-112314,0.8023259748077739
R-HSA-379716,abstraction:IsAComponentOf,R-HSA-379724,0
R-HSA-379726,abstraction:IsAComponentOf,R-HSA-379724,0
R-HSA-2428924,abstraction:IsAComponentOf,R-HSA-2404192,0.5043076469952947
R-HSA-212165,abstraction:IsAComponentOf,R-HSA-74160,0
R-HSA-73857,abstraction:IsAComponentOf,R-HSA-74160,0
R-HSA-211000,abstraction:IsAComponentOf,R-HSA-74160,0
R-HSA-73864,abstraction:IsAComponentOf,R-HSA-74160,0
R-HSA-74158,abstraction:IsAComponentOf,R-HSA-74160,0
R-HSA-75944,abstraction:IsAComponentOf,R-HSA-74160,0
R-HSA-9634638,abstraction:IsAComponentOf,R-HSA-9009391,0
R-HSA-9634635,abstraction:IsAComponentOf,R-HSA-9009391,0
R-HSA-975871,abstraction:IsAComponentOf,R-HSA-168142,0.7745882351160135
R-HSA-4420097,abstraction:IsAComponentOf,R-HSA-194138,0.4369132877464058
R-HSA-194306,abstraction:IsAComponentOf,R-HSA-194138,0
R-HSA-194313,abstraction:IsAComponentOf,R-HSA-194138,0.41543607335206295
R-HSA-9704331,abstraction:IsAComponentOf,R-HSA-9701193,0
R-HSA-9704646,abstraction:IsAComponentOf,R-HSA-9701193,0
R-HSA-9705462,abstraction:IsAComponentOf,R-HSA-9674555,0
R-HSA-390466,abstraction:IsAComponentOf,R-HSA-391251,0.5122112356615176
R-HSA-389977,abstraction:IsAComponentOf,R-HSA-391251,0
R-HSA-6811555,abstraction:IsAComponentOf,R-HSA-6804758,0
R-HSA-170660,abstraction:IsAComponentOf,R-HSA-112040,0
R-HSA-112043,abstraction:IsAComponentOf,R-HSA-112040,0.9298498043752653
R-HSA-170670,abstraction:IsAComponentOf,R-HSA-112040,0
R-HSA-199977,abstraction:IsAComponentOf,R-HSA-948021,0.7702573647556289
R-HSA-975576,abstraction:IsAComponentOf,R-HSA-948021,0.7702573647556289
R-HSA-964739,abstraction:IsAComponentOf,R-HSA-948021,0.7079896822101613
R-HSA-1650814,abstraction:IsAComponentOf,R-HSA-1474290,0.7003841442404626
R-HSA-2022090,abstraction:IsAComponentOf,R-HSA-1474290,0.7361068344442175
R-HSA-9851151,abstraction:IsAComponentOf,R-HSA-201556,0
R-HSA-9701898,abstraction:IsAComponentOf,R-HSA-201556,0
R-HSA-937072,abstraction:IsAComponentOf,R-HSA-937061,0
R-HSA-450294,abstraction:IsAComponentOf,R-HSA-937061,0.9262355288463534
R-HSA-936964,abstraction:IsAComponentOf,R-HSA-937061,0.7794320490486222
R-HSA-445989,abstraction:IsAComponentOf,R-HSA-937061,0.7794320490486222
R-HSA-937041,abstraction:IsAComponentOf,R-HSA-937061,0
R-HSA-2562578,abstraction:IsAComponentOf,R-HSA-937061,0
R-HSA-427359,abstraction:IsAComponentOf,R-HSA-5250941,0
R-HSA-427413,abstraction:IsAComponentOf,R-HSA-5250941,0
R-HSA-6793080,abstraction:IsAComponentOf,R-HSA-8868766,0
R-HSA-9853506,abstraction:IsAComponentOf,R-HSA-71403,0
R-HSA-9854311,abstraction:IsAComponentOf,R-HSA-71403,0
R-HSA-8878171,abstraction:IsAComponentOf,R-HSA-212436,0.7548047100535924
R-HSA-8878159,abstraction:IsAComponentOf,R-HSA-212436,0.7313966714181406
R-HSA-2032785,abstraction:IsAComponentOf,R-HSA-212436,0
R-HSA-8853884,abstraction:IsAComponentOf,R-HSA-212436,0
R-HSA-9634815,abstraction:IsAComponentOf,R-HSA-212436,0.672599348762187
R-HSA-8953750,abstraction:IsAComponentOf,R-HSA-212436,0
R-HSA-8864260,abstraction:IsAComponentOf,R-HSA-212436,0.7007668366744927
R-HSA-383280,abstraction:IsAComponentOf,R-HSA-212436,0
R-HSA-2173793,abstraction:IsAComponentOf,R-HSA-212436,0.6293538004023239
R-HSA-8878166,abstraction:IsAComponentOf,R-HSA-212436,0.7007668366744927
R-HSA-3700989,abstraction:IsAComponentOf,R-HSA-212436,0.8002842642453886
R-HSA-9614085,abstraction:IsAComponentOf,R-HSA-212436,0.6878145172803998
R-HSA-8986944,abstraction:IsAComponentOf,R-HSA-212436,0.6878145172803998
R-HSA-350054,abstraction:IsAComponentOf,R-HSA-212436,0
R-HSA-5693571,abstraction:IsAComponentOf,R-HSA-5693532,0
R-HSA-5693538,abstraction:IsAComponentOf,R-HSA-5693532,0.6989830297181396
R-HSA-5693606,abstraction:IsAComponentOf,R-HSA-5693532,0.6089229803329103
R-HSA-9005895,abstraction:IsAComponentOf,R-HSA-9697154,0.920484705749943
R-HSA-1660514,abstraction:IsAComponentOf,R-HSA-1483255,0
R-HSA-1660537,abstraction:IsAComponentOf,R-HSA-1483255,0
R-HSA-1483196,abstraction:IsAComponentOf,R-HSA-1483255,0
R-HSA-1660508,abstraction:IsAComponentOf,R-HSA-1483255,0
R-HSA-1660502,abstraction:IsAComponentOf,R-HSA-1483255,0
R-HSA-1483248,abstraction:IsAComponentOf,R-HSA-1483255,0
R-HSA-6814848,abstraction:IsAComponentOf,R-HSA-1483255,0
R-HSA-1660517,abstraction:IsAComponentOf,R-HSA-1483255,0
R-HSA-1660524,abstraction:IsAComponentOf,R-HSA-1483255,0
R-HSA-1660499,abstraction:IsAComponentOf,R-HSA-1483255,0
R-HSA-1660516,abstraction:IsAComponentOf,R-HSA-1483255,0
R-HSA-1660510,abstraction:IsAComponentOf,R-HSA-1483255,0
R-HSA-8847453,abstraction:IsAComponentOf,R-HSA-1483255,0
R-HSA-381042,abstraction:IsAComponentOf,R-HSA-381119,0.5930776247024266
R-HSA-381033,abstraction:IsAComponentOf,R-HSA-381119,0.5930776247024266
R-HSA-8874211,abstraction:IsAComponentOf,R-HSA-381119,0
R-HSA-381070,abstraction:IsAComponentOf,R-HSA-381119,0.5930776247024266
R-HSA-8874177,abstraction:IsAComponentOf,R-HSA-381119,0
R-HSA-5218921,abstraction:IsAComponentOf,R-HSA-4420097,0
R-HSA-5218920,abstraction:IsAComponentOf,R-HSA-4420097,0
R-HSA-9630747,abstraction:IsAComponentOf,R-HSA-9675132,0.225382447904226
R-HSA-69563,abstraction:IsAComponentOf,R-HSA-69580,0.9098108631967501
R-HSA-9833482,abstraction:IsAComponentOf,R-HSA-1169410,0
R-HSA-1169408,abstraction:IsAComponentOf,R-HSA-1169410,0
R-HSA-8983711,abstraction:IsAComponentOf,R-HSA-1169410,0
R-HSA-9960525,abstraction:IsAComponentOf,R-HSA-9686114,0
R-HSA-9960519,abstraction:IsAComponentOf,R-HSA-9686114,0
R-HSA-9948001,abstraction:IsAComponentOf,R-HSA-9686114,0
R-HSA-9948011,abstraction:IsAComponentOf,R-HSA-9686114,0
R-HSA-75953,abstraction:IsAComponentOf,R-HSA-76042,0
R-HSA-73776,abstraction:IsAComponentOf,R-HSA-76042,0
R-HSA-5218900,abstraction:IsAComponentOf,R-HSA-5675482,0
R-HSA-9686347,abstraction:IsAComponentOf,R-HSA-9693928,0
R-HSA-427975,abstraction:IsAComponentOf,R-HSA-9959399,0
R-HSA-173623,abstraction:IsAComponentOf,R-HSA-166786,0
R-HSA-166662,abstraction:IsAComponentOf,R-HSA-166786,0.8566800244278762
R-HSA-390650,abstraction:IsAComponentOf,R-HSA-375280,0
R-HSA-390666,abstraction:IsAComponentOf,R-HSA-375280,0
R-HSA-390696,abstraction:IsAComponentOf,R-HSA-375280,0
R-HSA-390648,abstraction:IsAComponentOf,R-HSA-375280,0
R-HSA-390651,abstraction:IsAComponentOf,R-HSA-375280,0
R-HSA-1299503,abstraction:IsAComponentOf,R-HSA-1296346,0
R-HSA-1299361,abstraction:IsAComponentOf,R-HSA-1296346,0
R-HSA-1299287,abstraction:IsAComponentOf,R-HSA-1296346,0
R-HSA-1299308,abstraction:IsAComponentOf,R-HSA-1296346,0
R-HSA-1299344,abstraction:IsAComponentOf,R-HSA-1296346,0
R-HSA-1299316,abstraction:IsAComponentOf,R-HSA-1296346,0
R-HSA-69091,abstraction:IsAComponentOf,R-HSA-69186,0
R-HSA-69183,abstraction:IsAComponentOf,R-HSA-69186,0.832031842143129
R-HSA-77288,abstraction:IsAComponentOf,R-HSA-77289,0
R-HSA-71032,abstraction:IsAComponentOf,R-HSA-77289,0
R-HSA-77286,abstraction:IsAComponentOf,R-HSA-77289,0.7806688000015335
R-HSA-5682910,abstraction:IsAComponentOf,R-HSA-1266738,0
R-HSA-9830369,abstraction:IsAComponentOf,R-HSA-1266738,0
R-HSA-9730414,abstraction:IsAComponentOf,R-HSA-1266738,0
R-HSA-9690406,abstraction:IsAComponentOf,R-HSA-1266738,0
R-HSA-452723,abstraction:IsAComponentOf,R-HSA-1266738,0
R-HSA-5619507,abstraction:IsAComponentOf,R-HSA-1266738,0
R-HSA-9945266,abstraction:IsAComponentOf,R-HSA-1266738,0
R-HSA-186712,abstraction:IsAComponentOf,R-HSA-1266738,0
R-HSA-9843745,abstraction:IsAComponentOf,R-HSA-1266738,0
R-HSA-525793,abstraction:IsAComponentOf,R-HSA-1266738,0
R-HSA-9616222,abstraction:IsAComponentOf,R-HSA-1266738,0
R-HSA-1181150,abstraction:IsAComponentOf,R-HSA-1266738,0
R-HSA-6805567,abstraction:IsAComponentOf,R-HSA-1266738,0
R-HSA-9734767,abstraction:IsAComponentOf,R-HSA-1266738,0
R-HSA-9733709,abstraction:IsAComponentOf,R-HSA-1266738,0
R-HSA-9816359,abstraction:IsAComponentOf,R-HSA-1266738,0
R-HSA-9758941,abstraction:IsAComponentOf,R-HSA-1266738,0
R-HSA-9675108,abstraction:IsAComponentOf,R-HSA-1266738,0
R-HSA-5620912,abstraction:IsAComponentOf,R-HSA-5617833,0
R-HSA-5620920,abstraction:IsAComponentOf,R-HSA-5617833,0.8696204851995231
R-HSA-5620924,abstraction:IsAComponentOf,R-HSA-5617833,0
R-HSA-975138,abstraction:IsAComponentOf,R-HSA-975155,0.9629524834245475
R-HSA-975110,abstraction:IsAComponentOf,R-HSA-975155,0
R-HSA-9605308,abstraction:IsAComponentOf,R-HSA-9675135,0.2624932269878004
R-HSA-9675136,abstraction:IsAComponentOf,R-HSA-9675135,0.2602230049928608
R-HSA-5423599,abstraction:IsAComponentOf,R-HSA-9675135,0.2413113254452659
R-HSA-210455,abstraction:IsAComponentOf,R-HSA-112313,0
R-HSA-9670621,abstraction:IsAComponentOf,R-HSA-9006821,0.9304414294543357
R-HSA-400508,abstraction:IsAComponentOf,R-HSA-2980736,0.46932067218005696
R-HSA-2022377,abstraction:IsAComponentOf,R-HSA-2980736,0
R-HSA-209952,abstraction:IsAComponentOf,R-HSA-2980736,0.44576993871657117
R-HSA-264876,abstraction:IsAComponentOf,R-HSA-2980736,0
R-HSA-422085,abstraction:IsAComponentOf,R-HSA-2980736,0
R-HSA-176974,abstraction:IsAComponentOf,R-HSA-69190,0
R-HSA-69109,abstraction:IsAComponentOf,R-HSA-69190,0.7869597517556294
R-HSA-69186,abstraction:IsAComponentOf,R-HSA-69190,0.8534536228695382
R-HSA-1234176,abstraction:IsAComponentOf,R-HSA-1234174,0
R-HSA-1234158,abstraction:IsAComponentOf,R-HSA-1234174,0
R-HSA-2474795,abstraction:IsAComponentOf,R-HSA-9675143,0.2377907838660513
R-HSA-165160,abstraction:IsAComponentOf,R-HSA-109703,0
R-HSA-427589,abstraction:IsAComponentOf,R-HSA-427652,0
R-HSA-9630221,abstraction:IsAComponentOf,R-HSA-9616333,0
R-HSA-9630222,abstraction:IsAComponentOf,R-HSA-9616333,0
R-HSA-5260271,abstraction:IsAComponentOf,R-HSA-1643685,0
R-HSA-9675151,abstraction:IsAComponentOf,R-HSA-1643685,0
R-HSA-9675143,abstraction:IsAComponentOf,R-HSA-1643685,0
R-HSA-5619115,abstraction:IsAComponentOf,R-HSA-1643685,0
R-HSA-9671793,abstraction:IsAComponentOf,R-HSA-1643685,0
R-HSA-5668914,abstraction:IsAComponentOf,R-HSA-1643685,0
R-HSA-5663202,abstraction:IsAComponentOf,R-HSA-1643685,0
R-HSA-9675126,abstraction:IsAComponentOf,R-HSA-1643685,0
R-HSA-9675135,abstraction:IsAComponentOf,R-HSA-1643685,0
R-HSA-9675132,abstraction:IsAComponentOf,R-HSA-1643685,0
R-HSA-9645723,abstraction:IsAComponentOf,R-HSA-1643685,0
R-HSA-5663205,abstraction:IsAComponentOf,R-HSA-1643685,0
R-HSA-9944997,abstraction:IsAComponentOf,R-HSA-9944971,0
R-HSA-9033500,abstraction:IsAComponentOf,R-HSA-9033241,0
R-HSA-9687136,abstraction:IsAComponentOf,R-HSA-9687139,0
R-HSA-9659787,abstraction:IsAComponentOf,R-HSA-9687139,0.8171495717287854
R-HSA-5625886,abstraction:IsAComponentOf,R-HSA-5625740,0
R-HSA-167246,abstraction:IsAComponentOf,R-HSA-167169,0.7419313220124318
R-HSA-167158,abstraction:IsAComponentOf,R-HSA-167169,0
R-HSA-167242,abstraction:IsAComponentOf,R-HSA-167169,0
R-HSA-72649,abstraction:IsAComponentOf,R-HSA-72662,0
R-HSA-380972,abstraction:IsAComponentOf,R-HSA-165159,0
R-HSA-165181,abstraction:IsAComponentOf,R-HSA-165159,0
R-HSA-166208,abstraction:IsAComponentOf,R-HSA-165159,0
R-HSA-6781827,abstraction:IsAComponentOf,R-HSA-5696398,0.6038298616597687
R-HSA-5696399,abstraction:IsAComponentOf,R-HSA-5696398,0.6179423734957714
R-HSA-193634,abstraction:IsAComponentOf,R-HSA-193697,0
R-HSA-209563,abstraction:IsAComponentOf,R-HSA-193697,0
R-HSA-877300,abstraction:IsAComponentOf,R-HSA-913531,0.5802326888567175
R-HSA-9909505,abstraction:IsAComponentOf,R-HSA-913531,0
R-HSA-909733,abstraction:IsAComponentOf,R-HSA-913531,0.5506382544872783
R-HSA-1169410,abstraction:IsAComponentOf,R-HSA-913531,0.5990668811881211
R-HSA-2161541,abstraction:IsAComponentOf,R-HSA-2161522,0
R-HSA-2161517,abstraction:IsAComponentOf,R-HSA-2161522,0
R-HSA-5213460,abstraction:IsAComponentOf,R-HSA-5218859,0.6128524291917754
R-HSA-5620971,abstraction:IsAComponentOf,R-HSA-5218859,0
R-HSA-6811438,abstraction:IsAComponentOf,R-HSA-6811442,0
R-HSA-6811440,abstraction:IsAComponentOf,R-HSA-6811442,0
R-HSA-8856688,abstraction:IsAComponentOf,R-HSA-6811442,0.6688867689031351
R-HSA-9750126,abstraction:IsAComponentOf,R-HSA-6783310,0
R-HSA-3249367,abstraction:IsAComponentOf,R-HSA-1834941,0
R-HSA-3270619,abstraction:IsAComponentOf,R-HSA-1834941,0
R-HSA-380284,abstraction:IsAComponentOf,R-HSA-380287,0.750087907270979
R-HSA-380270,abstraction:IsAComponentOf,R-HSA-380287,0
R-HSA-9764265,abstraction:IsAComponentOf,R-HSA-9764274,0.8719302886019363
R-HSA-9944971,abstraction:IsAComponentOf,R-HSA-9675151,0.19116125288081698
R-HSA-9697154,abstraction:IsAComponentOf,R-HSA-9675151,0.21993545717240653
R-HSA-8943723,abstraction:IsAComponentOf,R-HSA-6807070,0.7902602024702899
R-HSA-8943724,abstraction:IsAComponentOf,R-HSA-6807070,0
R-HSA-8948747,abstraction:IsAComponentOf,R-HSA-6807070,0
R-HSA-8948751,abstraction:IsAComponentOf,R-HSA-6807070,0
R-HSA-901042,abstraction:IsAComponentOf,R-HSA-532668,0.6330217935088103
R-HSA-77111,abstraction:IsAComponentOf,R-HSA-74182,0
R-HSA-77108,abstraction:IsAComponentOf,R-HSA-74182,0
R-HSA-5693554,abstraction:IsAComponentOf,R-HSA-5693537,0
R-HSA-5693568,abstraction:IsAComponentOf,R-HSA-5693537,0
R-HSA-9856872,abstraction:IsAComponentOf,R-HSA-611105,0
R-HSA-6799198,abstraction:IsAComponentOf,R-HSA-611105,0
R-HSA-9864848,abstraction:IsAComponentOf,R-HSA-611105,0
R-HSA-9865881,abstraction:IsAComponentOf,R-HSA-611105,0
R-HSA-167044,abstraction:IsAComponentOf,R-HSA-187687,0.702164794704382
R-HSA-169893,abstraction:IsAComponentOf,R-HSA-187687,0.738465310724438
R-HSA-187706,abstraction:IsAComponentOf,R-HSA-187687,0
R-HSA-380259,abstraction:IsAComponentOf,R-HSA-380284,0
R-HSA-5688354,abstraction:IsAComponentOf,R-HSA-5687613,0
R-HSA-5688399,abstraction:IsAComponentOf,R-HSA-5687613,0
R-HSA-5688890,abstraction:IsAComponentOf,R-HSA-5687613,0
R-HSA-5688849,abstraction:IsAComponentOf,R-HSA-5687613,0
R-HSA-5687583,abstraction:IsAComponentOf,R-HSA-5687613,0
R-HSA-5688031,abstraction:IsAComponentOf,R-HSA-5687613,0
R-HSA-5687868,abstraction:IsAComponentOf,R-HSA-5687613,0
R-HSA-9617324,abstraction:IsAComponentOf,R-HSA-442755,0
R-HSA-438066,abstraction:IsAComponentOf,R-HSA-442755,0
R-HSA-438064,abstraction:IsAComponentOf,R-HSA-442755,0.7856083567403647
R-HSA-9609736,abstraction:IsAComponentOf,R-HSA-442755,0
R-HSA-9020558,abstraction:IsAComponentOf,R-HSA-451927,0
R-HSA-8985947,abstraction:IsAComponentOf,R-HSA-451927,0
R-HSA-912526,abstraction:IsAComponentOf,R-HSA-451927,0
R-HSA-9020958,abstraction:IsAComponentOf,R-HSA-451927,0
R-HSA-8983432,abstraction:IsAComponentOf,R-HSA-451927,0
R-HSA-5576891,abstraction:IsAComponentOf,R-HSA-397014,0
R-HSA-445355,abstraction:IsAComponentOf,R-HSA-397014,0
R-HSA-390522,abstraction:IsAComponentOf,R-HSA-397014,0
R-HSA-2514859,abstraction:IsAComponentOf,R-HSA-2514856,0
R-HSA-2485179,abstraction:IsAComponentOf,R-HSA-2514856,0
R-HSA-176409,abstraction:IsAComponentOf,R-HSA-176814,0.8387127765113733
R-HSA-176412,abstraction:IsAComponentOf,R-HSA-176814,0
R-HSA-2408499,abstraction:IsAComponentOf,R-HSA-2408522,0
R-HSA-2408508,abstraction:IsAComponentOf,R-HSA-2408522,0
R-HSA-2408557,abstraction:IsAComponentOf,R-HSA-2408522,0
R-HSA-5263617,abstraction:IsAComponentOf,R-HSA-2408522,0
R-HSA-2408550,abstraction:IsAComponentOf,R-HSA-2408522,0
R-HSA-2408552,abstraction:IsAComponentOf,R-HSA-2408522,0
R-HSA-8964043,abstraction:IsAComponentOf,R-HSA-174824,0.6364702030439342
R-HSA-8963899,abstraction:IsAComponentOf,R-HSA-174824,0.6244323981782163
R-HSA-8963898,abstraction:IsAComponentOf,R-HSA-174824,0.609568918450003
R-HSA-9754560,abstraction:IsAComponentOf,R-HSA-9705683,0
R-HSA-9705677,abstraction:IsAComponentOf,R-HSA-9705683,0
R-HSA-9755779,abstraction:IsAComponentOf,R-HSA-9705683,0
R-HSA-9754678,abstraction:IsAComponentOf,R-HSA-9705683,0
R-HSA-9705671,abstraction:IsAComponentOf,R-HSA-9705683,0
R-HSA-9933937,abstraction:IsAComponentOf,R-HSA-9932451,0
R-HSA-9933939,abstraction:IsAComponentOf,R-HSA-9932451,0
R-HSA-9933947,abstraction:IsAComponentOf,R-HSA-9932451,0
R-HSA-9934037,abstraction:IsAComponentOf,R-HSA-9932451,0
R-HSA-9933946,abstraction:IsAComponentOf,R-HSA-9932451,0
R-HSA-2980766,abstraction:IsAComponentOf,R-HSA-68875,0.7488741612456586
R-HSA-2465910,abstraction:IsAComponentOf,R-HSA-68875,0
R-HSA-162658,abstraction:IsAComponentOf,R-HSA-68875,0
R-HSA-2299718,abstraction:IsAComponentOf,R-HSA-68875,0
R-HSA-2187338,abstraction:IsAComponentOf,R-HSA-9709957,0
R-HSA-381753,abstraction:IsAComponentOf,R-HSA-9709957,0
R-HSA-9717189,abstraction:IsAComponentOf,R-HSA-9709957,0
R-HSA-9659379,abstraction:IsAComponentOf,R-HSA-9709957,0
R-HSA-159740,abstraction:IsAComponentOf,R-HSA-159854,0
R-HSA-159763,abstraction:IsAComponentOf,R-HSA-159854,0
R-HSA-159782,abstraction:IsAComponentOf,R-HSA-159854,0
R-HSA-629587,abstraction:IsAComponentOf,R-HSA-622323,0
R-HSA-629597,abstraction:IsAComponentOf,R-HSA-622323,0
R-HSA-112122,abstraction:IsAComponentOf,R-HSA-73943,0
R-HSA-112126,abstraction:IsAComponentOf,R-HSA-73943,0
R-HSA-9013973,abstraction:IsAComponentOf,R-HSA-168164,0.6310397161276726
R-HSA-450294,abstraction:IsAComponentOf,R-HSA-168164,0.7498939848624394
R-HSA-9014325,abstraction:IsAComponentOf,R-HSA-168164,0
R-HSA-445989,abstraction:IsAComponentOf,R-HSA-168164,0.6310397161276726
R-HSA-9013957,abstraction:IsAComponentOf,R-HSA-168164,0
R-HSA-168927,abstraction:IsAComponentOf,R-HSA-168164,0
R-HSA-5619084,abstraction:IsAComponentOf,R-HSA-5619115,0.29988227983155064
R-HSA-5619102,abstraction:IsAComponentOf,R-HSA-5619115,0.3634070681770663
R-HSA-77289,abstraction:IsAComponentOf,R-HSA-8978868,0.6168066148816952
R-HSA-75105,abstraction:IsAComponentOf,R-HSA-8978868,0.5031077751719628
R-HSA-200425,abstraction:IsAComponentOf,R-HSA-8978868,0
R-HSA-2142753,abstraction:IsAComponentOf,R-HSA-8978868,0.6035874548494884
R-HSA-2046104,abstraction:IsAComponentOf,R-HSA-8978868,0.5326655252092708
R-HSA-390918,abstraction:IsAComponentOf,R-HSA-8978868,0.5516230112129087
R-HSA-9939291,abstraction:IsAComponentOf,R-HSA-8931838,0
R-HSA-8932504,abstraction:IsAComponentOf,R-HSA-8931838,0
R-HSA-8932506,abstraction:IsAComponentOf,R-HSA-8931838,0
R-HSA-8932505,abstraction:IsAComponentOf,R-HSA-8931838,0
R-HSA-163282,abstraction:IsAComponentOf,R-HSA-75944,0
R-HSA-163316,abstraction:IsAComponentOf,R-HSA-75944,0
R-HSA-9613354,abstraction:IsAComponentOf,R-HSA-9663891,0
R-HSA-5205647,abstraction:IsAComponentOf,R-HSA-9663891,0.8950661205015809
R-HSA-9646399,abstraction:IsAComponentOf,R-HSA-9663891,0
R-HSA-9664873,abstraction:IsAComponentOf,R-HSA-9663891,0
R-HSA-5684264,abstraction:IsAComponentOf,R-HSA-9020702,0
R-HSA-445989,abstraction:IsAComponentOf,R-HSA-9020702,0.762972958971497
R-HSA-6782135,abstraction:IsAComponentOf,R-HSA-6781827,0
R-HSA-6782210,abstraction:IsAComponentOf,R-HSA-6781827,0
R-HSA-6781823,abstraction:IsAComponentOf,R-HSA-6781827,0
R-HSA-9027604,abstraction:IsAComponentOf,R-HSA-9018678,0
R-HSA-9018679,abstraction:IsAComponentOf,R-HSA-9018678,0.5149677607605453
R-HSA-9018683,abstraction:IsAComponentOf,R-HSA-9018678,0.5567720717404679
R-HSA-2142700,abstraction:IsAComponentOf,R-HSA-9018678,0
R-HSA-9018677,abstraction:IsAComponentOf,R-HSA-9018678,0.5809632840420537
R-HSA-912694,abstraction:IsAComponentOf,R-HSA-909733,0
R-HSA-2393930,abstraction:IsAComponentOf,R-HSA-74259,0
R-HSA-5617472,abstraction:IsAComponentOf,R-HSA-5619507,0
R-HSA-399956,abstraction:IsAComponentOf,R-HSA-373755,0
R-HSA-399955,abstraction:IsAComponentOf,R-HSA-373755,0
R-HSA-400685,abstraction:IsAComponentOf,R-HSA-373755,0.6501961369597434
R-HSA-399954,abstraction:IsAComponentOf,R-HSA-373755,0
R-HSA-416700,abstraction:IsAComponentOf,R-HSA-373755,0
R-HSA-196299,abstraction:IsAComponentOf,R-HSA-195253,0
R-HSA-4641265,abstraction:IsAComponentOf,R-HSA-195253,0
R-HSA-399710,abstraction:IsAComponentOf,R-HSA-399721,0
R-HSA-399719,abstraction:IsAComponentOf,R-HSA-399721,0.6015657224699952
R-HSA-113418,abstraction:IsAComponentOf,R-HSA-75955,0
R-HSA-112382,abstraction:IsAComponentOf,R-HSA-75955,0
R-HSA-2691232,abstraction:IsAComponentOf,R-HSA-2691230,0
R-HSA-416572,abstraction:IsAComponentOf,R-HSA-400685,0
R-HSA-416550,abstraction:IsAComponentOf,R-HSA-400685,0
R-HSA-5669034,abstraction:IsAComponentOf,R-HSA-5668541,0
R-HSA-5676594,abstraction:IsAComponentOf,R-HSA-5668541,0
R-HSA-5676590,abstraction:IsAComponentOf,R-HSA-5668541,0
R-HSA-9673013,abstraction:IsAComponentOf,R-HSA-9675126,0.21452693984684362
R-HSA-9687139,abstraction:IsAComponentOf,R-HSA-9675126,0.21452693984684362
R-HSA-77042,abstraction:IsAComponentOf,R-HSA-75064,0
R-HSA-75102,abstraction:IsAComponentOf,R-HSA-75064,0
R-HSA-9627069,abstraction:IsAComponentOf,R-HSA-111458,0
R-HSA-5205685,abstraction:IsAComponentOf,R-HSA-5205647,0
R-HSA-8934903,abstraction:IsAComponentOf,R-HSA-5205647,0
R-HSA-168255,abstraction:IsAComponentOf,R-HSA-9824446,0.6858435231422633
R-HSA-9820952,abstraction:IsAComponentOf,R-HSA-9824446,0.6028613042846539
R-HSA-9679506,abstraction:IsAComponentOf,R-HSA-9824446,0.7429127004672369
R-HSA-162906,abstraction:IsAComponentOf,R-HSA-9824446,0.7472895124837461
R-HSA-9609646,abstraction:IsAComponentOf,R-HSA-9824446,0.5145884361399731
R-HSA-5358751,abstraction:IsAComponentOf,R-HSA-4839743,0
R-HSA-5358747,abstraction:IsAComponentOf,R-HSA-4839743,0
R-HSA-5358749,abstraction:IsAComponentOf,R-HSA-4839743,0
R-HSA-5358752,abstraction:IsAComponentOf,R-HSA-4839743,0
R-HSA-5358606,abstraction:IsAComponentOf,R-HSA-5358508,0
R-HSA-5358565,abstraction:IsAComponentOf,R-HSA-5358508,0
R-HSA-171007,abstraction:IsAComponentOf,R-HSA-167044,0
R-HSA-9820865,abstraction:IsAComponentOf,R-HSA-9816359,0
R-HSA-9820841,abstraction:IsAComponentOf,R-HSA-9816359,0
R-HSA-9821993,abstraction:IsAComponentOf,R-HSA-9816359,0
R-HSA-9821002,abstraction:IsAComponentOf,R-HSA-9816359,0
R-HSA-9819196,abstraction:IsAComponentOf,R-HSA-9816359,0
R-HSA-381038,abstraction:IsAComponentOf,R-HSA-381070,0
R-HSA-9683439,abstraction:IsAComponentOf,R-HSA-9679504,0
R-HSA-9684325,abstraction:IsAComponentOf,R-HSA-9679504,0
R-HSA-418886,abstraction:IsAComponentOf,R-HSA-373752,0
R-HSA-418885,abstraction:IsAComponentOf,R-HSA-373752,0
R-HSA-376172,abstraction:IsAComponentOf,R-HSA-373752,0
R-HSA-418890,abstraction:IsAComponentOf,R-HSA-373752,0
R-HSA-159236,abstraction:IsAComponentOf,R-HSA-72202,0
R-HSA-159234,abstraction:IsAComponentOf,R-HSA-72202,0.8561095770046219
R-HSA-75035,abstraction:IsAComponentOf,R-HSA-69473,0
R-HSA-389356,abstraction:IsAComponentOf,R-HSA-388841,0.6777007106365704
R-HSA-389948,abstraction:IsAComponentOf,R-HSA-388841,0.7623013109613445
R-HSA-9927353,abstraction:IsAComponentOf,R-HSA-388841,0
R-HSA-9927354,abstraction:IsAComponentOf,R-HSA-388841,0
R-HSA-389513,abstraction:IsAComponentOf,R-HSA-388841,0
R-HSA-73930,abstraction:IsAComponentOf,R-HSA-110381,0
R-HSA-168268,abstraction:IsAComponentOf,R-HSA-168255,0.5476665614461261
R-HSA-168275,abstraction:IsAComponentOf,R-HSA-168255,0
R-HSA-168277,abstraction:IsAComponentOf,R-HSA-168255,0
R-HSA-168270,abstraction:IsAComponentOf,R-HSA-168255,0.5056424531056387
R-HSA-168271,abstraction:IsAComponentOf,R-HSA-168255,0
R-HSA-168273,abstraction:IsAComponentOf,R-HSA-168255,0.5476665614461261
R-HSA-168274,abstraction:IsAComponentOf,R-HSA-168255,0.5056424531056387
R-HSA-168276,abstraction:IsAComponentOf,R-HSA-168255,0.5368018050774807
R-HSA-5334118,abstraction:IsAComponentOf,R-HSA-212165,0
R-HSA-5250913,abstraction:IsAComponentOf,R-HSA-212165,0.489363501125047
R-HSA-212300,abstraction:IsAComponentOf,R-HSA-212165,0
R-HSA-9917777,abstraction:IsAComponentOf,R-HSA-212165,0.5185650322180653
R-HSA-5250941,abstraction:IsAComponentOf,R-HSA-212165,0.489363501125047
R-HSA-9842860,abstraction:IsAComponentOf,R-HSA-212165,0.5060324727814148
R-HSA-5221030,abstraction:IsAComponentOf,R-HSA-212165,0
R-HSA-391906,abstraction:IsAComponentOf,R-HSA-391903,0
R-HSA-391908,abstraction:IsAComponentOf,R-HSA-391903,0
R-HSA-186763,abstraction:IsAComponentOf,R-HSA-186797,0
R-HSA-70326,abstraction:IsAComponentOf,R-HSA-71387,0.3920506711239883
R-HSA-9033658,abstraction:IsAComponentOf,R-HSA-71387,0.38198983571986517
R-HSA-8982491,abstraction:IsAComponentOf,R-HSA-71387,0.36865603740785347
R-HSA-1630316,abstraction:IsAComponentOf,R-HSA-71387,0.4428416794329552
R-HSA-8853383,abstraction:IsAComponentOf,R-HSA-71387,0
R-HSA-5661270,abstraction:IsAComponentOf,R-HSA-71387,0
R-HSA-5653890,abstraction:IsAComponentOf,R-HSA-71387,0
R-HSA-70370,abstraction:IsAComponentOf,R-HSA-71387,0
R-HSA-71336,abstraction:IsAComponentOf,R-HSA-71387,0.3478962096714023
R-HSA-5652084,abstraction:IsAComponentOf,R-HSA-71387,0.36865603740785347
R-HSA-9616334,abstraction:IsAComponentOf,R-HSA-9605308,0
R-HSA-9656249,abstraction:IsAComponentOf,R-HSA-9605308,0.7331665250791922
R-HSA-9629232,abstraction:IsAComponentOf,R-HSA-9605308,0
R-HSA-9616333,abstraction:IsAComponentOf,R-HSA-9605308,0.7097858129040273
R-HSA-9605310,abstraction:IsAComponentOf,R-HSA-9605308,0.7097858129040273
R-HSA-5684996,abstraction:IsAComponentOf,R-HSA-5683057,0.34629624424620015
R-HSA-5687128,abstraction:IsAComponentOf,R-HSA-5683057,0
R-HSA-947581,abstraction:IsAComponentOf,R-HSA-196849,0
R-HSA-196807,abstraction:IsAComponentOf,R-HSA-196849,0
R-HSA-196741,abstraction:IsAComponentOf,R-HSA-196849,0.791579722067709
R-HSA-196757,abstraction:IsAComponentOf,R-HSA-196849,0
R-HSA-964975,abstraction:IsAComponentOf,R-HSA-196849,0
R-HSA-196836,abstraction:IsAComponentOf,R-HSA-196849,0
R-HSA-196819,abstraction:IsAComponentOf,R-HSA-196849,0
R-HSA-196843,abstraction:IsAComponentOf,R-HSA-196849,0
R-HSA-199220,abstraction:IsAComponentOf,R-HSA-196849,0.7259637578779727
R-HSA-196780,abstraction:IsAComponentOf,R-HSA-196849,0
R-HSA-9630794,abstraction:IsAComponentOf,R-HSA-9630750,0
R-HSA-9630791,abstraction:IsAComponentOf,R-HSA-9630750,0
R-HSA-9013700,abstraction:IsAComponentOf,R-HSA-9013694,0
R-HSA-9013695,abstraction:IsAComponentOf,R-HSA-9013694,0
R-HSA-9604323,abstraction:IsAComponentOf,R-HSA-9013694,0
R-HSA-9674396,abstraction:IsAComponentOf,R-HSA-9674415,0
R-HSA-9674404,abstraction:IsAComponentOf,R-HSA-9674415,0
R-HSA-9674401,abstraction:IsAComponentOf,R-HSA-9674415,0
R-HSA-9674403,abstraction:IsAComponentOf,R-HSA-9674415,0
R-HSA-189085,abstraction:IsAComponentOf,R-HSA-8935690,0
R-HSA-192456,abstraction:IsAComponentOf,R-HSA-8935690,0
R-HSA-168336,abstraction:IsAComponentOf,R-HSA-168270,0
R-HSA-168288,abstraction:IsAComponentOf,R-HSA-168270,0
R-HSA-9664323,abstraction:IsAComponentOf,R-HSA-9662851,0
R-HSA-9662834,abstraction:IsAComponentOf,R-HSA-9662851,0
R-HSA-9664535,abstraction:IsAComponentOf,R-HSA-9662851,0
R-HSA-9660821,abstraction:IsAComponentOf,R-HSA-9662851,0
R-HSA-169911,abstraction:IsAComponentOf,R-HSA-109581,0.7270147592307868
R-HSA-5357769,abstraction:IsAComponentOf,R-HSA-109581,0.7730318835836795
R-HSA-75153,abstraction:IsAComponentOf,R-HSA-109581,0.8027544990401949
R-HSA-109606,abstraction:IsAComponentOf,R-HSA-109581,0.9012687385773492
R-HSA-162710,abstraction:IsAComponentOf,R-HSA-163125,0
R-HSA-162699,abstraction:IsAComponentOf,R-HSA-163125,0
R-HSA-162791,abstraction:IsAComponentOf,R-HSA-163125,0
R-HSA-1257604,abstraction:IsAComponentOf,R-HSA-9006925,0.3594192985731993
R-HSA-1489509,abstraction:IsAComponentOf,R-HSA-9006925,0.34304159109489757
R-HSA-110320,abstraction:IsAComponentOf,R-HSA-110313,0
R-HSA-5655862,abstraction:IsAComponentOf,R-HSA-110313,0
R-HSA-110312,abstraction:IsAComponentOf,R-HSA-110313,0
R-HSA-5656121,abstraction:IsAComponentOf,R-HSA-110313,0
R-HSA-5656169,abstraction:IsAComponentOf,R-HSA-110313,0
R-HSA-6807047,abstraction:IsAComponentOf,R-HSA-191273,0
R-HSA-6807062,abstraction:IsAComponentOf,R-HSA-191273,0
R-HSA-2894858,abstraction:IsAComponentOf,R-HSA-2644603,0.4144778378625164
R-HSA-2644605,abstraction:IsAComponentOf,R-HSA-2644603,0.4144778378625164
R-HSA-2660825,abstraction:IsAComponentOf,R-HSA-2644603,0.4144778378625164
R-HSA-2644602,abstraction:IsAComponentOf,R-HSA-2644603,0.4144778378625164
R-HSA-2691230,abstraction:IsAComponentOf,R-HSA-2644603,0.4144778378625164
R-HSA-9861718,abstraction:IsAComponentOf,R-HSA-70268,0.6912369443849287
R-HSA-9861559,abstraction:IsAComponentOf,R-HSA-70268,0
R-HSA-179409,abstraction:IsAComponentOf,R-HSA-179419,0
R-HSA-174184,abstraction:IsAComponentOf,R-HSA-179419,0
R-HSA-9909615,abstraction:IsAComponentOf,R-HSA-9909648,0.934183333672031
R-HSA-9909620,abstraction:IsAComponentOf,R-HSA-9909648,0
R-HSA-9909649,abstraction:IsAComponentOf,R-HSA-9909648,0
R-HSA-9636003,abstraction:IsAComponentOf,R-HSA-73929,0
R-HSA-73928,abstraction:IsAComponentOf,R-HSA-73929,0.7794320490486222
R-HSA-73927,abstraction:IsAComponentOf,R-HSA-73929,0.7794320490486222
R-HSA-9730737,abstraction:IsAComponentOf,R-HSA-73929,0
R-HSA-611105,abstraction:IsAComponentOf,R-HSA-1428517,0.36685086658613447
R-HSA-880009,abstraction:IsAComponentOf,R-HSA-1428517,0
R-HSA-70268,abstraction:IsAComponentOf,R-HSA-1428517,0.3580272690557101
R-HSA-166187,abstraction:IsAComponentOf,R-HSA-1428517,0.34628817737589923
R-HSA-163210,abstraction:IsAComponentOf,R-HSA-1428517,0
R-HSA-71403,abstraction:IsAComponentOf,R-HSA-1428517,0.34628817737589923
R-HSA-202433,abstraction:IsAComponentOf,R-HSA-202403,0
R-HSA-202430,abstraction:IsAComponentOf,R-HSA-202403,0
R-HSA-202427,abstraction:IsAComponentOf,R-HSA-202403,0
R-HSA-202424,abstraction:IsAComponentOf,R-HSA-202403,0
R-HSA-399997,abstraction:IsAComponentOf,R-HSA-422356,0
R-HSA-400042,abstraction:IsAComponentOf,R-HSA-422356,0
R-HSA-381676,abstraction:IsAComponentOf,R-HSA-422356,0
R-HSA-400451,abstraction:IsAComponentOf,R-HSA-422356,0.7916701191815805
R-HSA-2453864,abstraction:IsAComponentOf,R-HSA-2474795,0.9668336782992017
R-HSA-6809583,abstraction:IsAComponentOf,R-HSA-2474795,0
R-HSA-69895,abstraction:IsAComponentOf,R-HSA-69560,0
R-HSA-177539,abstraction:IsAComponentOf,R-HSA-162592,0
R-HSA-164843,abstraction:IsAComponentOf,R-HSA-162592,0
R-HSA-175567,abstraction:IsAComponentOf,R-HSA-162592,0
R-HSA-1839126,abstraction:IsAComponentOf,R-HSA-5655253,0.7756694061023375
R-HSA-6809371,abstraction:IsAComponentOf,R-HSA-6805567,0
R-HSA-8941413,abstraction:IsAComponentOf,R-HSA-1222556,0
R-HSA-9673324,abstraction:IsAComponentOf,R-HSA-9664420,0
R-HSA-9669934,abstraction:IsAComponentOf,R-HSA-9669937,0
R-HSA-9669926,abstraction:IsAComponentOf,R-HSA-9669937,0
R-HSA-9669917,abstraction:IsAComponentOf,R-HSA-9669937,0
R-HSA-9669924,abstraction:IsAComponentOf,R-HSA-9669937,0
R-HSA-9669914,abstraction:IsAComponentOf,R-HSA-9669937,0
R-HSA-9669936,abstraction:IsAComponentOf,R-HSA-9669937,0
R-HSA-9669929,abstraction:IsAComponentOf,R-HSA-9669937,0
R-HSA-9723905,abstraction:IsAComponentOf,R-HSA-9723907,0
R-HSA-177135,abstraction:IsAComponentOf,R-HSA-159424,0
R-HSA-177162,abstraction:IsAComponentOf,R-HSA-159424,0
R-HSA-177128,abstraction:IsAComponentOf,R-HSA-159424,0
R-HSA-204174,abstraction:IsAComponentOf,R-HSA-9861718,0
R-HSA-8862803,abstraction:IsAComponentOf,R-HSA-8863678,0
R-HSA-774815,abstraction:IsAComponentOf,R-HSA-73886,0.4675071547701808
R-HSA-157579,abstraction:IsAComponentOf,R-HSA-73886,0.5591380128630028
R-HSA-432722,abstraction:IsAComponentOf,R-HSA-199992,0
R-HSA-432720,abstraction:IsAComponentOf,R-HSA-199992,0
R-HSA-168330,abstraction:IsAComponentOf,R-HSA-168274,0
R-HSA-168333,abstraction:IsAComponentOf,R-HSA-168274,0
R-HSA-168303,abstraction:IsAComponentOf,R-HSA-168268,0
R-HSA-168316,abstraction:IsAComponentOf,R-HSA-168268,0.656464015950845
R-HSA-168298,abstraction:IsAComponentOf,R-HSA-168268,0
R-HSA-168302,abstraction:IsAComponentOf,R-HSA-168268,0
R-HSA-9632700,abstraction:IsAComponentOf,R-HSA-9632693,0
R-HSA-9632697,abstraction:IsAComponentOf,R-HSA-9632693,0
R-HSA-2559582,abstraction:IsAComponentOf,R-HSA-2559583,0
R-HSA-2559585,abstraction:IsAComponentOf,R-HSA-2559583,0
R-HSA-2559580,abstraction:IsAComponentOf,R-HSA-2559583,0
R-HSA-2559586,abstraction:IsAComponentOf,R-HSA-2559583,0.5735616342383602
R-HSA-380612,abstraction:IsAComponentOf,R-HSA-380615,0
R-HSA-8849932,abstraction:IsAComponentOf,R-HSA-6794362,0
R-HSA-388844,abstraction:IsAComponentOf,R-HSA-6794362,0
R-HSA-6794361,abstraction:IsAComponentOf,R-HSA-6794362,0
R-HSA-5467348,abstraction:IsAComponentOf,R-HSA-4839748,0
R-HSA-5467343,abstraction:IsAComponentOf,R-HSA-4839748,0
R-HSA-9637698,abstraction:IsAComponentOf,R-HSA-9637679,0
R-HSA-9824446,abstraction:IsAComponentOf,R-HSA-5663205,0.4623853232166407
R-HSA-9824443,abstraction:IsAComponentOf,R-HSA-5663205,0.3293027513637825
R-HSA-9824439,abstraction:IsAComponentOf,R-HSA-5663205,0.3872464853723751
R-HSA-69416,abstraction:IsAComponentOf,R-HSA-140534,0
R-HSA-3371378,abstraction:IsAComponentOf,R-HSA-140534,0
R-HSA-451307,abstraction:IsAComponentOf,R-HSA-451306,0
R-HSA-451308,abstraction:IsAComponentOf,R-HSA-451306,0
R-HSA-139915,abstraction:IsAComponentOf,R-HSA-114452,0
R-HSA-111447,abstraction:IsAComponentOf,R-HSA-114452,0
R-HSA-111446,abstraction:IsAComponentOf,R-HSA-114452,0
R-HSA-111448,abstraction:IsAComponentOf,R-HSA-114452,0
R-HSA-139910,abstraction:IsAComponentOf,R-HSA-114452,0
R-HSA-2473224,abstraction:IsAComponentOf,R-HSA-1502540,0
R-HSA-1296052,abstraction:IsAComponentOf,R-HSA-1296071,0
R-HSA-1296061,abstraction:IsAComponentOf,R-HSA-1296071,0
R-HSA-1296072,abstraction:IsAComponentOf,R-HSA-1296071,0
R-HSA-1296346,abstraction:IsAComponentOf,R-HSA-1296071,0.6360171729799791
R-HSA-1296065,abstraction:IsAComponentOf,R-HSA-1296071,0.6259429247238579
R-HSA-1474228,abstraction:IsAComponentOf,R-HSA-1474244,0
R-HSA-216083,abstraction:IsAComponentOf,R-HSA-1474244,0
R-HSA-3000157,abstraction:IsAComponentOf,R-HSA-1474244,0
R-HSA-1566977,abstraction:IsAComponentOf,R-HSA-1474244,0
R-HSA-1474290,abstraction:IsAComponentOf,R-HSA-1474244,0
R-HSA-1566948,abstraction:IsAComponentOf,R-HSA-1474244,0
R-HSA-8941237,abstraction:IsAComponentOf,R-HSA-1474244,0
R-HSA-3000178,abstraction:IsAComponentOf,R-HSA-1474244,0
R-HSA-3000171,abstraction:IsAComponentOf,R-HSA-1474244,0
R-HSA-173107,abstraction:IsAComponentOf,R-HSA-162594,0
R-HSA-162592,abstraction:IsAComponentOf,R-HSA-162594,0.7164225345280865
R-HSA-162589,abstraction:IsAComponentOf,R-HSA-162594,0.6940812896660526
R-HSA-162585,abstraction:IsAComponentOf,R-HSA-162594,0
R-HSA-350864,abstraction:IsAComponentOf,R-HSA-209968,0
R-HSA-9020591,abstraction:IsAComponentOf,R-HSA-447115,0.5893114458478447
R-HSA-9020956,abstraction:IsAComponentOf,R-HSA-447115,0
R-HSA-8984722,abstraction:IsAComponentOf,R-HSA-447115,0
R-HSA-9020933,abstraction:IsAComponentOf,R-HSA-447115,0
R-HSA-1236382,abstraction:IsAComponentOf,R-HSA-5637815,0
R-HSA-3311021,abstraction:IsAComponentOf,R-HSA-3304347,0
R-HSA-9734195,abstraction:IsAComponentOf,R-HSA-9734207,0
R-HSA-9734281,abstraction:IsAComponentOf,R-HSA-9734207,0
R-HSA-9734735,abstraction:IsAComponentOf,R-HSA-9734207,0
R-HSA-5675221,abstraction:IsAComponentOf,R-HSA-5673001,0.8004781900470692
R-HSA-5658442,abstraction:IsAComponentOf,R-HSA-5673001,0
R-HSA-9648002,abstraction:IsAComponentOf,R-HSA-5673001,0
R-HSA-5674135,abstraction:IsAComponentOf,R-HSA-5673001,0
R-HSA-5673000,abstraction:IsAComponentOf,R-HSA-5673001,0
R-HSA-2132295,abstraction:IsAComponentOf,R-HSA-1280218,0
R-HSA-983169,abstraction:IsAComponentOf,R-HSA-1280218,0.5109726489070243
R-HSA-202403,abstraction:IsAComponentOf,R-HSA-1280218,0.47815597324666165
R-HSA-8851680,abstraction:IsAComponentOf,R-HSA-1280218,0
R-HSA-983705,abstraction:IsAComponentOf,R-HSA-1280218,0.496820834103076
R-HSA-388841,abstraction:IsAComponentOf,R-HSA-1280218,0.5448872358630273
R-HSA-392517,abstraction:IsAComponentOf,R-HSA-1280218,0
R-HSA-198933,abstraction:IsAComponentOf,R-HSA-1280218,0
R-HSA-5685939,abstraction:IsAComponentOf,R-HSA-5693538,0
R-HSA-5693567,abstraction:IsAComponentOf,R-HSA-5693538,0.9101625725283204
R-HSA-4755583,abstraction:IsAComponentOf,R-HSA-5609975,0
R-HSA-4717374,abstraction:IsAComponentOf,R-HSA-5609975,0
R-HSA-9931929,abstraction:IsAComponentOf,R-HSA-5609975,0
R-HSA-4755579,abstraction:IsAComponentOf,R-HSA-5609975,0
R-HSA-5609976,abstraction:IsAComponentOf,R-HSA-5609975,0
R-HSA-5609978,abstraction:IsAComponentOf,R-HSA-5609975,0
R-HSA-4085023,abstraction:IsAComponentOf,R-HSA-5609975,0
R-HSA-4085011,abstraction:IsAComponentOf,R-HSA-5609975,0
R-HSA-4719360,abstraction:IsAComponentOf,R-HSA-5609975,0
R-HSA-4043916,abstraction:IsAComponentOf,R-HSA-5609975,0
R-HSA-5609977,abstraction:IsAComponentOf,R-HSA-5609975,0
R-HSA-5609974,abstraction:IsAComponentOf,R-HSA-5609975,0
R-HSA-4755609,abstraction:IsAComponentOf,R-HSA-5609975,0
R-HSA-4043911,abstraction:IsAComponentOf,R-HSA-5609975,0
R-HSA-4719377,abstraction:IsAComponentOf,R-HSA-5609975,0
R-HSA-432030,abstraction:IsAComponentOf,R-HSA-445717,0
R-HSA-432040,abstraction:IsAComponentOf,R-HSA-445717,0
R-HSA-432047,abstraction:IsAComponentOf,R-HSA-445717,0
R-HSA-211994,abstraction:IsAComponentOf,R-HSA-211976,0
R-HSA-420029,abstraction:IsAComponentOf,R-HSA-421270,0
R-HSA-418990,abstraction:IsAComponentOf,R-HSA-421270,0.9416227857484364
R-HSA-373756,abstraction:IsAComponentOf,R-HSA-421270,0
R-HSA-109703,abstraction:IsAComponentOf,R-HSA-109704,0.8566800244278762
R-HSA-165158,abstraction:IsAComponentOf,R-HSA-109704,0
R-HSA-9833109,abstraction:IsAComponentOf,R-HSA-9833110,0
R-HSA-168799,abstraction:IsAComponentOf,R-HSA-5339562,0.7269698355416867
R-HSA-5210891,abstraction:IsAComponentOf,R-HSA-5339562,0
R-HSA-5336415,abstraction:IsAComponentOf,R-HSA-5339562,0
R-HSA-8942233,abstraction:IsAComponentOf,R-HSA-5339562,0
R-HSA-2029481,abstraction:IsAComponentOf,R-HSA-2029480,0
R-HSA-2029482,abstraction:IsAComponentOf,R-HSA-2029480,0
R-HSA-2029485,abstraction:IsAComponentOf,R-HSA-2029480,0
R-HSA-1462054,abstraction:IsAComponentOf,R-HSA-1461973,0
R-HSA-1461957,abstraction:IsAComponentOf,R-HSA-1461973,0
R-HSA-9924644,abstraction:IsAComponentOf,R-HSA-9734779,0.8727641596214178
R-HSA-9725554,abstraction:IsAComponentOf,R-HSA-9734779,0
R-HSA-71291,abstraction:IsAComponentOf,R-HSA-1430728,0
R-HSA-211859,abstraction:IsAComponentOf,R-HSA-1430728,0
R-HSA-2564830,abstraction:IsAComponentOf,R-HSA-1430728,0
R-HSA-556833,abstraction:IsAComponentOf,R-HSA-1430728,0
R-HSA-15869,abstraction:IsAComponentOf,R-HSA-1430728,0
R-HSA-1475029,abstraction:IsAComponentOf,R-HSA-1430728,0
R-HSA-163685,abstraction:IsAComponentOf,R-HSA-1430728,0
R-HSA-1483249,abstraction:IsAComponentOf,R-HSA-1430728,0
R-HSA-189445,abstraction:IsAComponentOf,R-HSA-1430728,0
R-HSA-71387,abstraction:IsAComponentOf,R-HSA-1430728,0
R-HSA-71737,abstraction:IsAComponentOf,R-HSA-1430728,0
R-HSA-1428517,abstraction:IsAComponentOf,R-HSA-1430728,0
R-HSA-196854,abstraction:IsAComponentOf,R-HSA-1430728,0
R-HSA-202131,abstraction:IsAComponentOf,R-HSA-1430728,0
R-HSA-1362409,abstraction:IsAComponentOf,R-HSA-1430728,0
R-HSA-9762114,abstraction:IsAComponentOf,R-HSA-9759194,0
R-HSA-9818035,abstraction:IsAComponentOf,R-HSA-9759194,0
R-HSA-9818032,abstraction:IsAComponentOf,R-HSA-9759194,0
R-HSA-9818030,abstraction:IsAComponentOf,R-HSA-9759194,0
R-HSA-9818025,abstraction:IsAComponentOf,R-HSA-9759194,0
R-HSA-9818028,abstraction:IsAComponentOf,R-HSA-9759194,0
R-HSA-9818027,abstraction:IsAComponentOf,R-HSA-9759194,0
R-HSA-9818749,abstraction:IsAComponentOf,R-HSA-9759194,0
R-HSA-9818026,abstraction:IsAComponentOf,R-HSA-9759194,0
R-HSA-9636467,abstraction:IsAComponentOf,R-HSA-9637687,0
R-HSA-9636249,abstraction:IsAComponentOf,R-HSA-9637687,0
R-HSA-9636383,abstraction:IsAComponentOf,R-HSA-9637687,0
R-HSA-164944,abstraction:IsAComponentOf,R-HSA-164952,0
R-HSA-164938,abstraction:IsAComponentOf,R-HSA-164952,0.8042881707829531
R-HSA-6804114,abstraction:IsAComponentOf,R-HSA-6791312,0
R-HSA-6804116,abstraction:IsAComponentOf,R-HSA-6791312,0
R-HSA-6804115,abstraction:IsAComponentOf,R-HSA-6791312,0
R-HSA-111457,abstraction:IsAComponentOf,R-HSA-111471,0
R-HSA-111469,abstraction:IsAComponentOf,R-HSA-111471,0.7624768423516018
R-HSA-111461,abstraction:IsAComponentOf,R-HSA-111471,0.786792261811493
R-HSA-168179,abstraction:IsAComponentOf,R-HSA-181438,0.7899337967623377
R-HSA-168188,abstraction:IsAComponentOf,R-HSA-181438,0.7899337967623377
R-HSA-69205,abstraction:IsAComponentOf,R-HSA-69206,0
R-HSA-69202,abstraction:IsAComponentOf,R-HSA-69206,0.7985118857924701
R-HSA-113510,abstraction:IsAComponentOf,R-HSA-69206,0.7985118857924701
R-HSA-68962,abstraction:IsAComponentOf,R-HSA-69206,0
R-HSA-9918440,abstraction:IsAComponentOf,R-HSA-2453864,0
R-HSA-9918443,abstraction:IsAComponentOf,R-HSA-2453864,0
R-HSA-2466712,abstraction:IsAComponentOf,R-HSA-2453864,0
R-HSA-9918436,abstraction:IsAComponentOf,R-HSA-2453864,0
R-HSA-9918449,abstraction:IsAComponentOf,R-HSA-2453864,0
R-HSA-9918454,abstraction:IsAComponentOf,R-HSA-2453864,0
R-HSA-9918450,abstraction:IsAComponentOf,R-HSA-2453864,0
R-HSA-9918438,abstraction:IsAComponentOf,R-HSA-2453864,0
R-HSA-9918442,abstraction:IsAComponentOf,R-HSA-2453864,0
R-HSA-606279,abstraction:IsAComponentOf,R-HSA-774815,0
R-HSA-5632681,abstraction:IsAComponentOf,R-HSA-5632684,0
R-HSA-5635838,abstraction:IsAComponentOf,R-HSA-5632684,0
R-HSA-5635851,abstraction:IsAComponentOf,R-HSA-5632684,0
R-HSA-5419276,abstraction:IsAComponentOf,R-HSA-5368287,0
R-HSA-5368286,abstraction:IsAComponentOf,R-HSA-5368287,0
R-HSA-5389840,abstraction:IsAComponentOf,R-HSA-5368287,0
R-HSA-9937383,abstraction:IsAComponentOf,R-HSA-5368287,0
R-HSA-5362798,abstraction:IsAComponentOf,R-HSA-5358346,0
R-HSA-9637628,abstraction:IsAComponentOf,R-HSA-9635486,0
R-HSA-9637679,abstraction:IsAComponentOf,R-HSA-9635486,0.633375325779423
R-HSA-9637690,abstraction:IsAComponentOf,R-HSA-9635486,0.7539558852811851
R-HSA-9639775,abstraction:IsAComponentOf,R-HSA-9635486,0
R-HSA-1222499,abstraction:IsAComponentOf,R-HSA-9635486,0.7089654718641928
R-HSA-9762293,abstraction:IsAComponentOf,R-HSA-9759475,0
R-HSA-9762292,abstraction:IsAComponentOf,R-HSA-9759475,0.8485323799404998
R-HSA-9759811,abstraction:IsAComponentOf,R-HSA-9759475,0
R-HSA-8849469,abstraction:IsAComponentOf,R-HSA-8848021,0
R-HSA-8849474,abstraction:IsAComponentOf,R-HSA-8848021,0
R-HSA-8849472,abstraction:IsAComponentOf,R-HSA-8848021,0
R-HSA-8849473,abstraction:IsAComponentOf,R-HSA-8848021,0
R-HSA-8849470,abstraction:IsAComponentOf,R-HSA-8848021,0
R-HSA-8847993,abstraction:IsAComponentOf,R-HSA-8848021,0
R-HSA-8849468,abstraction:IsAComponentOf,R-HSA-8848021,0
R-HSA-8849471,abstraction:IsAComponentOf,R-HSA-8848021,0
R-HSA-8857538,abstraction:IsAComponentOf,R-HSA-8848021,0
R-HSA-622327,abstraction:IsAComponentOf,R-HSA-181431,0.6548601927128063
R-HSA-622323,abstraction:IsAComponentOf,R-HSA-181431,0.6548601927128063
R-HSA-8853334,abstraction:IsAComponentOf,R-HSA-2033514,0
R-HSA-1839130,abstraction:IsAComponentOf,R-HSA-2033514,0
R-HSA-2033515,abstraction:IsAComponentOf,R-HSA-2033514,0
R-HSA-5654227,abstraction:IsAComponentOf,R-HSA-5654708,0
R-HSA-5654706,abstraction:IsAComponentOf,R-HSA-5654708,0
R-HSA-5654704,abstraction:IsAComponentOf,R-HSA-5654708,0
R-HSA-5654710,abstraction:IsAComponentOf,R-HSA-5654708,0
R-HSA-112399,abstraction:IsAComponentOf,R-HSA-2428928,0.9393430717601999
R-HSA-9768759,abstraction:IsAComponentOf,R-HSA-9634815,0.5107364278742553
R-HSA-9768919,abstraction:IsAComponentOf,R-HSA-9634815,0
R-HSA-9022535,abstraction:IsAComponentOf,R-HSA-9005891,0
R-HSA-9022534,abstraction:IsAComponentOf,R-HSA-9005891,0
R-HSA-9022537,abstraction:IsAComponentOf,R-HSA-9005891,0
R-HSA-9022538,abstraction:IsAComponentOf,R-HSA-9005891,0
R-HSA-5223345,abstraction:IsAComponentOf,R-HSA-382551,0
R-HSA-8981607,abstraction:IsAComponentOf,R-HSA-382551,0
R-HSA-445717,abstraction:IsAComponentOf,R-HSA-382551,0
R-HSA-8949215,abstraction:IsAComponentOf,R-HSA-382551,0
R-HSA-174824,abstraction:IsAComponentOf,R-HSA-382551,0
R-HSA-425407,abstraction:IsAComponentOf,R-HSA-382551,0
R-HSA-917937,abstraction:IsAComponentOf,R-HSA-382551,0
R-HSA-382556,abstraction:IsAComponentOf,R-HSA-382551,0
R-HSA-9845576,abstraction:IsAComponentOf,R-HSA-382551,0
R-HSA-983712,abstraction:IsAComponentOf,R-HSA-382551,0
R-HSA-1480926,abstraction:IsAComponentOf,R-HSA-382551,0
R-HSA-446219,abstraction:IsAComponentOf,R-HSA-446193,0.8107690643930915
R-HSA-9758890,abstraction:IsAComponentOf,R-HSA-196741,0
R-HSA-9759218,abstraction:IsAComponentOf,R-HSA-196741,0
R-HSA-9758881,abstraction:IsAComponentOf,R-HSA-196741,0
R-HSA-69231,abstraction:IsAComponentOf,R-HSA-69236,0.6892667208451955
R-HSA-9772755,abstraction:IsAComponentOf,R-HSA-9917777,0
R-HSA-9818564,abstraction:IsAComponentOf,R-HSA-9917777,0.7320437994585444
R-HSA-381771,abstraction:IsAComponentOf,R-HSA-400508,0
R-HSA-400511,abstraction:IsAComponentOf,R-HSA-400508,0
R-HSA-1839124,abstraction:IsAComponentOf,R-HSA-5655302,0.7756694061023375
R-HSA-73817,abstraction:IsAComponentOf,R-HSA-8956320,0
R-HSA-500753,abstraction:IsAComponentOf,R-HSA-8956320,0
R-HSA-3323169,abstraction:IsAComponentOf,R-HSA-3296482,0.4422326773382026
R-HSA-3296469,abstraction:IsAComponentOf,R-HSA-3296482,0.5167387619034287
R-HSA-140834,abstraction:IsAComponentOf,R-HSA-140877,0
R-HSA-140875,abstraction:IsAComponentOf,R-HSA-140877,0
R-HSA-140837,abstraction:IsAComponentOf,R-HSA-140877,0
R-HSA-9634285,abstraction:IsAComponentOf,R-HSA-1227990,0
R-HSA-9665737,abstraction:IsAComponentOf,R-HSA-1227990,0
R-HSA-9664565,abstraction:IsAComponentOf,R-HSA-1227990,0
R-HSA-9665348,abstraction:IsAComponentOf,R-HSA-1227990,0
R-HSA-9665230,abstraction:IsAComponentOf,R-HSA-1227990,0.504091241554123
R-HSA-9665686,abstraction:IsAComponentOf,R-HSA-1227990,0
R-HSA-422475,abstraction:IsAComponentOf,R-HSA-9675108,0.7536169818478918
R-HSA-9619665,abstraction:IsAComponentOf,R-HSA-9675108,0
R-HSA-446343,abstraction:IsAComponentOf,R-HSA-446353,0
R-HSA-446388,abstraction:IsAComponentOf,R-HSA-446353,0
R-HSA-195258,abstraction:IsAComponentOf,R-HSA-194315,0.8642440932638839
R-HSA-9012999,abstraction:IsAComponentOf,R-HSA-194315,0.9162899882384671
R-HSA-447115,abstraction:IsAComponentOf,R-HSA-449147,0.7096106386667722
R-HSA-449836,abstraction:IsAComponentOf,R-HSA-449147,0
R-HSA-512988,abstraction:IsAComponentOf,R-HSA-449147,0.6528817889796
R-HSA-8854691,abstraction:IsAComponentOf,R-HSA-449147,0
R-HSA-446652,abstraction:IsAComponentOf,R-HSA-449147,0.7595346140439048
R-HSA-6785807,abstraction:IsAComponentOf,R-HSA-449147,0
R-HSA-1266695,abstraction:IsAComponentOf,R-HSA-449147,0
R-HSA-6783589,abstraction:IsAComponentOf,R-HSA-449147,0.6528817889796
R-HSA-448424,abstraction:IsAComponentOf,R-HSA-449147,0.7514980698310425
R-HSA-6783783,abstraction:IsAComponentOf,R-HSA-449147,0
R-HSA-451927,abstraction:IsAComponentOf,R-HSA-449147,0.7096106386667722
R-HSA-111464,abstraction:IsAComponentOf,R-HSA-111469,0
R-HSA-111463,abstraction:IsAComponentOf,R-HSA-111469,0
R-HSA-1295596,abstraction:IsAComponentOf,R-HSA-5654726,0
R-HSA-9026290,abstraction:IsAComponentOf,R-HSA-9025094,0
R-HSA-9026286,abstraction:IsAComponentOf,R-HSA-9025094,0
R-HSA-9026403,abstraction:IsAComponentOf,R-HSA-9025094,0
R-HSA-500657,abstraction:IsAComponentOf,R-HSA-451326,0
R-HSA-451306,abstraction:IsAComponentOf,R-HSA-451326,0.644281250997046
R-HSA-176417,abstraction:IsAComponentOf,R-HSA-176408,0
R-HSA-174113,abstraction:IsAComponentOf,R-HSA-176408,0
R-HSA-141405,abstraction:IsAComponentOf,R-HSA-176408,0.7133037154054132
R-HSA-5365859,abstraction:IsAComponentOf,R-HSA-5362517,0
R-HSA-6807505,abstraction:IsAComponentOf,R-HSA-73857,0
R-HSA-212436,abstraction:IsAComponentOf,R-HSA-73857,0.8704833811401843
R-HSA-674695,abstraction:IsAComponentOf,R-HSA-73857,0
R-HSA-73856,abstraction:IsAComponentOf,R-HSA-73857,0
R-HSA-73779,abstraction:IsAComponentOf,R-HSA-73857,0
R-HSA-77075,abstraction:IsAComponentOf,R-HSA-73857,0
R-HSA-76042,abstraction:IsAComponentOf,R-HSA-73857,0.5658332254704375
R-HSA-75955,abstraction:IsAComponentOf,R-HSA-73857,0.5658332254704375
R-HSA-2142770,abstraction:IsAComponentOf,R-HSA-2142753,0
R-HSA-2142816,abstraction:IsAComponentOf,R-HSA-2142753,0
R-HSA-2142688,abstraction:IsAComponentOf,R-HSA-2142753,0
R-HSA-2142696,abstraction:IsAComponentOf,R-HSA-2142753,0
R-HSA-2142670,abstraction:IsAComponentOf,R-HSA-2142753,0
R-HSA-2142691,abstraction:IsAComponentOf,R-HSA-2142753,0
R-HSA-2142712,abstraction:IsAComponentOf,R-HSA-2142753,0
R-HSA-2162123,abstraction:IsAComponentOf,R-HSA-2142753,0
R-HSA-73887,abstraction:IsAComponentOf,R-HSA-162582,0
R-HSA-195721,abstraction:IsAComponentOf,R-HSA-162582,0
R-HSA-354192,abstraction:IsAComponentOf,R-HSA-162582,0
R-HSA-9006931,abstraction:IsAComponentOf,R-HSA-162582,0
R-HSA-9716542,abstraction:IsAComponentOf,R-HSA-162582,0
R-HSA-2586552,abstraction:IsAComponentOf,R-HSA-162582,0
R-HSA-372790,abstraction:IsAComponentOf,R-HSA-162582,0
R-HSA-2028269,abstraction:IsAComponentOf,R-HSA-162582,0
R-HSA-5358351,abstraction:IsAComponentOf,R-HSA-162582,0
R-HSA-9006335,abstraction:IsAComponentOf,R-HSA-162582,0
R-HSA-9006925,abstraction:IsAComponentOf,R-HSA-162582,0
R-HSA-165159,abstraction:IsAComponentOf,R-HSA-162582,0
R-HSA-5683057,abstraction:IsAComponentOf,R-HSA-162582,0
R-HSA-157118,abstraction:IsAComponentOf,R-HSA-162582,0
R-HSA-9006927,abstraction:IsAComponentOf,R-HSA-162582,0
R-HSA-9006934,abstraction:IsAComponentOf,R-HSA-162582,0
R-HSA-9006936,abstraction:IsAComponentOf,R-HSA-162582,0
R-HSA-5579016,abstraction:IsAComponentOf,R-HSA-5579029,0
R-HSA-5579027,abstraction:IsAComponentOf,R-HSA-5579029,0
R-HSA-5579021,abstraction:IsAComponentOf,R-HSA-5579029,0
R-HSA-5579000,abstraction:IsAComponentOf,R-HSA-5579029,0
R-HSA-5579006,abstraction:IsAComponentOf,R-HSA-5579029,0
R-HSA-5579030,abstraction:IsAComponentOf,R-HSA-5579029,0
R-HSA-5579028,abstraction:IsAComponentOf,R-HSA-5579029,0
R-HSA-5579015,abstraction:IsAComponentOf,R-HSA-5579029,0
R-HSA-5579020,abstraction:IsAComponentOf,R-HSA-5579029,0
R-HSA-5579011,abstraction:IsAComponentOf,R-HSA-5579029,0
R-HSA-5579026,abstraction:IsAComponentOf,R-HSA-5579029,0
R-HSA-5579010,abstraction:IsAComponentOf,R-HSA-5579029,0
R-HSA-5578998,abstraction:IsAComponentOf,R-HSA-5579029,0
R-HSA-5579022,abstraction:IsAComponentOf,R-HSA-5579029,0
R-HSA-5579002,abstraction:IsAComponentOf,R-HSA-5579029,0
R-HSA-5578995,abstraction:IsAComponentOf,R-HSA-5579029,0
R-HSA-5579004,abstraction:IsAComponentOf,R-HSA-5579029,0
R-HSA-5579007,abstraction:IsAComponentOf,R-HSA-5579029,0
R-HSA-5579005,abstraction:IsAComponentOf,R-HSA-5579029,0
R-HSA-5579013,abstraction:IsAComponentOf,R-HSA-5579029,0
R-HSA-5579012,abstraction:IsAComponentOf,R-HSA-5579029,0
R-HSA-5579017,abstraction:IsAComponentOf,R-HSA-5579029,0
R-HSA-5578996,abstraction:IsAComponentOf,R-HSA-5579029,0
R-HSA-5578997,abstraction:IsAComponentOf,R-HSA-5579029,0
R-HSA-5579014,abstraction:IsAComponentOf,R-HSA-5579029,0
R-HSA-5579024,abstraction:IsAComponentOf,R-HSA-5579029,0
R-HSA-5579019,abstraction:IsAComponentOf,R-HSA-5579029,0
R-HSA-5579009,abstraction:IsAComponentOf,R-HSA-5579029,0
R-HSA-5579032,abstraction:IsAComponentOf,R-HSA-5579029,0
R-HSA-5578999,abstraction:IsAComponentOf,R-HSA-5579029,0
R-HSA-9035968,abstraction:IsAComponentOf,R-HSA-5579029,0
R-HSA-211163,abstraction:IsAComponentOf,R-HSA-210745,0
R-HSA-1295596,abstraction:IsAComponentOf,R-HSA-5654732,0
R-HSA-211945,abstraction:IsAComponentOf,R-HSA-211859,0.4463670729874942
R-HSA-156580,abstraction:IsAComponentOf,R-HSA-211859,0.4307289275278319
R-HSA-5423646,abstraction:IsAComponentOf,R-HSA-211859,0
R-HSA-9694682,abstraction:IsAComponentOf,R-HSA-9772572,0.7195413470595041
R-HSA-9694676,abstraction:IsAComponentOf,R-HSA-9772572,0.7195413470595041
R-HSA-9694614,abstraction:IsAComponentOf,R-HSA-9772572,0
R-HSA-3000484,abstraction:IsAComponentOf,R-HSA-2173782,0
R-HSA-3000480,abstraction:IsAComponentOf,R-HSA-2173782,0
R-HSA-2168880,abstraction:IsAComponentOf,R-HSA-2173782,0
R-HSA-3000497,abstraction:IsAComponentOf,R-HSA-2173782,0
R-HSA-3000471,abstraction:IsAComponentOf,R-HSA-2173782,0
R-HSA-418217,abstraction:IsAComponentOf,R-HSA-397795,0
R-HSA-392451,abstraction:IsAComponentOf,R-HSA-397795,0
R-HSA-8964315,abstraction:IsAComponentOf,R-HSA-397795,0
R-HSA-8964616,abstraction:IsAComponentOf,R-HSA-397795,0
R-HSA-174143,abstraction:IsAComponentOf,R-HSA-453276,0.6744472618100337
R-HSA-4549356,abstraction:IsAComponentOf,R-HSA-3781860,0
R-HSA-4549380,abstraction:IsAComponentOf,R-HSA-3781860,0
R-HSA-4720489,abstraction:IsAComponentOf,R-HSA-3781860,0
R-HSA-4793952,abstraction:IsAComponentOf,R-HSA-3781860,0
R-HSA-4793954,abstraction:IsAComponentOf,R-HSA-3781860,0
R-HSA-4570571,abstraction:IsAComponentOf,R-HSA-3781860,0
R-HSA-4793950,abstraction:IsAComponentOf,R-HSA-3781860,0
R-HSA-4793953,abstraction:IsAComponentOf,R-HSA-3781860,0
R-HSA-4549349,abstraction:IsAComponentOf,R-HSA-3781860,0
R-HSA-4724289,abstraction:IsAComponentOf,R-HSA-3781860,0
R-HSA-4341670,abstraction:IsAComponentOf,R-HSA-3781860,0
R-HSA-5633231,abstraction:IsAComponentOf,R-HSA-3781860,0
R-HSA-4720454,abstraction:IsAComponentOf,R-HSA-3781860,0
R-HSA-4724325,abstraction:IsAComponentOf,R-HSA-3781860,0
R-HSA-4687000,abstraction:IsAComponentOf,R-HSA-3781860,0
R-HSA-4551295,abstraction:IsAComponentOf,R-HSA-3781860,0
R-HSA-4720475,abstraction:IsAComponentOf,R-HSA-3781860,0
R-HSA-3322077,abstraction:IsAComponentOf,R-HSA-8982491,0
R-HSA-70221,abstraction:IsAComponentOf,R-HSA-8982491,0
R-HSA-9754119,abstraction:IsAComponentOf,R-HSA-69231,0
R-HSA-190861,abstraction:IsAComponentOf,R-HSA-190828,0.9154285551925805
R-HSA-190873,abstraction:IsAComponentOf,R-HSA-190828,0.8244349162689006
R-HSA-420597,abstraction:IsAComponentOf,R-HSA-418990,0
R-HSA-9759476,abstraction:IsAComponentOf,R-HSA-418990,0.9583477576960261
R-HSA-164940,abstraction:IsAComponentOf,R-HSA-164938,0
R-HSA-167590,abstraction:IsAComponentOf,R-HSA-164938,0
R-HSA-182218,abstraction:IsAComponentOf,R-HSA-164938,0
R-HSA-164939,abstraction:IsAComponentOf,R-HSA-164938,0
R-HSA-114508,abstraction:IsAComponentOf,R-HSA-416476,0.6266363273071683
R-HSA-881907,abstraction:IsAComponentOf,R-HSA-416476,0.6266363273071683
R-HSA-9630750,abstraction:IsAComponentOf,R-HSA-9630747,0.8763820101437809
R-HSA-9632693,abstraction:IsAComponentOf,R-HSA-9630747,0.8763820101437809
R-HSA-9646303,abstraction:IsAComponentOf,R-HSA-9630747,0
R-HSA-9646304,abstraction:IsAComponentOf,R-HSA-9630747,0
R-HSA-9931521,abstraction:IsAComponentOf,R-HSA-9909396,0
R-HSA-9931509,abstraction:IsAComponentOf,R-HSA-9909396,0
R-HSA-9931512,abstraction:IsAComponentOf,R-HSA-9909396,0
R-HSA-1368108,abstraction:IsAComponentOf,R-HSA-9909396,0
R-HSA-9933387,abstraction:IsAComponentOf,R-HSA-9909396,0
R-HSA-9931529,abstraction:IsAComponentOf,R-HSA-9909396,0
R-HSA-9931530,abstraction:IsAComponentOf,R-HSA-9909396,0
R-HSA-9932298,abstraction:IsAComponentOf,R-HSA-9909396,0
R-HSA-9931510,abstraction:IsAComponentOf,R-HSA-9909396,0
R-HSA-453276,abstraction:IsAComponentOf,R-HSA-69278,0.7303863063801146
R-HSA-453274,abstraction:IsAComponentOf,R-HSA-69278,0.7082472098568903
R-HSA-68886,abstraction:IsAComponentOf,R-HSA-69278,0.7570517543204953
R-HSA-69242,abstraction:IsAComponentOf,R-HSA-69278,0.7252629193627819
R-HSA-453279,abstraction:IsAComponentOf,R-HSA-69278,0.719887170863086
R-HSA-936837,abstraction:IsAComponentOf,R-HSA-983712,0
R-HSA-2672351,abstraction:IsAComponentOf,R-HSA-983712,0.4979863365328874
R-HSA-9932451,abstraction:IsAComponentOf,R-HSA-9932444,0.8616079035347621
R-HSA-844455,abstraction:IsAComponentOf,R-HSA-622312,0
R-HSA-844456,abstraction:IsAComponentOf,R-HSA-622312,0
R-HSA-844615,abstraction:IsAComponentOf,R-HSA-622312,0
R-HSA-844623,abstraction:IsAComponentOf,R-HSA-622312,0
R-HSA-5624958,abstraction:IsAComponentOf,R-HSA-5620920,0
R-HSA-5624138,abstraction:IsAComponentOf,R-HSA-5620920,0
R-HSA-5620922,abstraction:IsAComponentOf,R-HSA-5620920,0
R-HSA-5620916,abstraction:IsAComponentOf,R-HSA-5620920,0
R-HSA-2022923,abstraction:IsAComponentOf,R-HSA-1793185,0
R-HSA-2022870,abstraction:IsAComponentOf,R-HSA-1793185,0
R-HSA-2024101,abstraction:IsAComponentOf,R-HSA-1793185,0
R-HSA-9664422,abstraction:IsAComponentOf,R-HSA-9664417,0
R-HSA-9828642,abstraction:IsAComponentOf,R-HSA-9820965,0
R-HSA-9834752,abstraction:IsAComponentOf,R-HSA-9820965,0
R-HSA-9828721,abstraction:IsAComponentOf,R-HSA-9820965,0
R-HSA-9828806,abstraction:IsAComponentOf,R-HSA-9820965,0
R-HSA-6807070,abstraction:IsAComponentOf,R-HSA-1257604,0.8440198787614072
R-HSA-199418,abstraction:IsAComponentOf,R-HSA-1257604,0.7440637809120961
R-HSA-198693,abstraction:IsAComponentOf,R-HSA-1257604,0
R-HSA-198323,abstraction:IsAComponentOf,R-HSA-1257604,0
R-HSA-180897,abstraction:IsAComponentOf,R-HSA-176033,0
R-HSA-180910,abstraction:IsAComponentOf,R-HSA-176033,0
R-HSA-3785653,abstraction:IsAComponentOf,R-HSA-3229121,0
R-HSA-3274531,abstraction:IsAComponentOf,R-HSA-3229121,0
R-HSA-3858516,abstraction:IsAComponentOf,R-HSA-3229121,0
R-HSA-3828062,abstraction:IsAComponentOf,R-HSA-3229121,0
R-HSA-3229133,abstraction:IsAComponentOf,R-HSA-3229121,0
R-HSA-3282872,abstraction:IsAComponentOf,R-HSA-3229121,0
R-HSA-3878781,abstraction:IsAComponentOf,R-HSA-3229121,0
R-HSA-5357609,abstraction:IsAComponentOf,R-HSA-3229121,0
R-HSA-3814836,abstraction:IsAComponentOf,R-HSA-3229121,0
R-HSA-416993,abstraction:IsAComponentOf,R-HSA-399719,0
R-HSA-1912399,abstraction:IsAComponentOf,R-HSA-1912422,0
R-HSA-1912420,abstraction:IsAComponentOf,R-HSA-1912422,0
R-HSA-1912408,abstraction:IsAComponentOf,R-HSA-1912422,0.6896104164210629
R-HSA-196025,abstraction:IsAComponentOf,R-HSA-190873,0
R-HSA-9766229,abstraction:IsAComponentOf,R-HSA-9764561,0
R-HSA-1474151,abstraction:IsAComponentOf,R-HSA-8978934,0
R-HSA-389542,abstraction:IsAComponentOf,R-HSA-8978934,0
R-HSA-2142789,abstraction:IsAComponentOf,R-HSA-8978934,0
R-HSA-1280218,abstraction:IsAComponentOf,R-HSA-168256,0
R-HSA-168249,abstraction:IsAComponentOf,R-HSA-168256,0
R-HSA-1280215,abstraction:IsAComponentOf,R-HSA-168256,0
R-HSA-8876493,abstraction:IsAComponentOf,R-HSA-8876384,0
R-HSA-8875360,abstraction:IsAComponentOf,R-HSA-8876384,0
R-HSA-8868773,abstraction:IsAComponentOf,R-HSA-72312,0.5823835805151221
R-HSA-8868766,abstraction:IsAComponentOf,R-HSA-72312,0.5541209598559849
R-HSA-190373,abstraction:IsAComponentOf,R-HSA-190242,0
R-HSA-190370,abstraction:IsAComponentOf,R-HSA-190242,0
R-HSA-190374,abstraction:IsAComponentOf,R-HSA-190242,0
R-HSA-2160916,abstraction:IsAComponentOf,R-HSA-2142845,0
R-HSA-9759194,abstraction:IsAComponentOf,R-HSA-9755511,0.9273301811370349
R-HSA-9708530,abstraction:IsAComponentOf,R-HSA-9755511,0
R-HSA-6796648,abstraction:IsAComponentOf,R-HSA-3700989,0
R-HSA-5628897,abstraction:IsAComponentOf,R-HSA-3700989,0
R-HSA-6791312,abstraction:IsAComponentOf,R-HSA-3700989,0.5979604008552405
R-HSA-5633007,abstraction:IsAComponentOf,R-HSA-3700989,0.6521785656608458
R-HSA-5633008,abstraction:IsAComponentOf,R-HSA-3700989,0.6129052318887162
R-HSA-3304347,abstraction:IsAComponentOf,R-HSA-3304351,0.41740522092931953
R-HSA-3656534,abstraction:IsAComponentOf,R-HSA-3304351,0.4400059782472667
R-HSA-3304349,abstraction:IsAComponentOf,R-HSA-3304351,0.4400059782472667
R-HSA-3642278,abstraction:IsAComponentOf,R-HSA-3304351,0.4400059782472667
R-HSA-159231,abstraction:IsAComponentOf,R-HSA-159234,0
R-HSA-159230,abstraction:IsAComponentOf,R-HSA-159234,0
R-HSA-159227,abstraction:IsAComponentOf,R-HSA-159234,0
R-HSA-5602358,abstraction:IsAComponentOf,R-HSA-5260271,0.24145444946234007
R-HSA-9652282,abstraction:IsAComponentOf,R-HSA-1227986,0
R-HSA-8863795,abstraction:IsAComponentOf,R-HSA-1227986,0.4310516946897348
R-HSA-1251932,abstraction:IsAComponentOf,R-HSA-1227986,0
R-HSA-1250196,abstraction:IsAComponentOf,R-HSA-1227986,0
R-HSA-1306955,abstraction:IsAComponentOf,R-HSA-1227986,0
R-HSA-6785631,abstraction:IsAComponentOf,R-HSA-1227986,0
R-HSA-8847993,abstraction:IsAComponentOf,R-HSA-1227986,0
R-HSA-1963640,abstraction:IsAComponentOf,R-HSA-1227986,0
R-HSA-1963642,abstraction:IsAComponentOf,R-HSA-1227986,0
R-HSA-1461973,abstraction:IsAComponentOf,R-HSA-6803157,0.4724177850533969
R-HSA-6799990,abstraction:IsAComponentOf,R-HSA-6803157,0
R-HSA-6803544,abstraction:IsAComponentOf,R-HSA-6803157,0
R-HSA-5250924,abstraction:IsAComponentOf,R-HSA-5250913,0
R-HSA-427389,abstraction:IsAComponentOf,R-HSA-5250913,0
R-HSA-9027276,abstraction:IsAComponentOf,R-HSA-9006335,0
R-HSA-9027277,abstraction:IsAComponentOf,R-HSA-9006335,0
R-HSA-9027284,abstraction:IsAComponentOf,R-HSA-9006335,0
R-HSA-9027283,abstraction:IsAComponentOf,R-HSA-9006335,0
R-HSA-191650,abstraction:IsAComponentOf,R-HSA-157858,0
R-HSA-190828,abstraction:IsAComponentOf,R-HSA-157858,0.773668296196701
R-HSA-9954716,abstraction:IsAComponentOf,R-HSA-9948299,0
R-HSA-9954709,abstraction:IsAComponentOf,R-HSA-9948299,0
R-HSA-9954714,abstraction:IsAComponentOf,R-HSA-9948299,0
R-HSA-9930044,abstraction:IsAComponentOf,R-HSA-8953854,0
R-HSA-927802,abstraction:IsAComponentOf,R-HSA-8953854,0
R-HSA-9937008,abstraction:IsAComponentOf,R-HSA-8953854,0
R-HSA-450531,abstraction:IsAComponentOf,R-HSA-8953854,0
R-HSA-75067,abstraction:IsAComponentOf,R-HSA-8953854,0
R-HSA-428359,abstraction:IsAComponentOf,R-HSA-8953854,0
R-HSA-9836573,abstraction:IsAComponentOf,R-HSA-8953854,0
R-HSA-72086,abstraction:IsAComponentOf,R-HSA-8953854,0
R-HSA-75072,abstraction:IsAComponentOf,R-HSA-8953854,0
R-HSA-194441,abstraction:IsAComponentOf,R-HSA-8953854,0
R-HSA-72312,abstraction:IsAComponentOf,R-HSA-8953854,0
R-HSA-72306,abstraction:IsAComponentOf,R-HSA-8953854,0
R-HSA-429914,abstraction:IsAComponentOf,R-HSA-8953854,0
R-HSA-72203,abstraction:IsAComponentOf,R-HSA-8953854,0
