source,interaction,target,weight
R-HSA-8877627,abstraction:IsAChildOf,R-HSA-6806667,
R-HSA-6806664,abstraction:IsAChildOf,R-HSA-6806667,
R-HSA-975634,abstraction:IsAChildOf,R-HSA-6806667,
R-HSA-1296041,abstraction:IsAChildOf,R-HSA-1296059,
R-HSA-190241,abstraction:IsAChildOf,R-HSA-5654738,
R-HSA-5654696,abstraction:IsAChildOf,R-HSA-5654738,
R-HSA-6803529,abstraction:IsAChildOf,R-HSA-5654738,
R-HSA-5654727,abstraction:IsAChildOf,R-HSA-5654738,
R-HSA-9705683,abstraction:IsAChildOf,R-HSA-9694516,
R-HSA-9772573,abstraction:IsAChildOf,R-HSA-9694516,
R-HSA-9772572,abstraction:IsAChildOf,R-HSA-9694516,
R-HSA-9672393,abstraction:IsAChildOf,R-HSA-9662001,
R-HSA-9672391,abstraction:IsAChildOf,R-HSA-9662001,
R-HSA-9672396,abstraction:IsAChildOf,R-HSA-9662001,
R-HSA-9672387,abstraction:IsAChildOf,R-HSA-9662001,
R-HSA-9672395,abstraction:IsAChildOf,R-HSA-9662001,
R-HSA-9672397,abstraction:IsAChildOf,R-HSA-9662001,
R-HSA-9674519,abstraction:IsAChildOf,R-HSA-9662001,
R-HSA-8964208,abstraction:IsAChildOf,R-HSA-8963691,
R-HSA-8963684,abstraction:IsAChildOf,R-HSA-8963691,
R-HSA-162599,abstraction:IsAChildOf,R-HSA-162587,
R-HSA-162594,abstraction:IsAChildOf,R-HSA-162587,
R-HSA-1839122,abstraction:IsAChildOf,R-HSA-1839124,
R-HSA-1839117,abstraction:IsAChildOf,R-HSA-1839124,
R-HSA-1839120,abstraction:IsAChildOf,R-HSA-1839124,
R-HSA-8853336,abstraction:IsAChildOf,R-HSA-1839124,
R-HSA-9840309,abstraction:IsAChildOf,R-HSA-1660662,
R-HSA-9840310,abstraction:IsAChildOf,R-HSA-1660662,
R-HSA-9700649,abstraction:IsAChildOf,R-HSA-9700206,
R-HSA-9725370,abstraction:IsAChildOf,R-HSA-9700206,
R-HSA-9700645,abstraction:IsAChildOf,R-HSA-9700206,
R-HSA-5654219,abstraction:IsAChildOf,R-HSA-5654687,
R-HSA-5654688,abstraction:IsAChildOf,R-HSA-5654687,
R-HSA-5654693,abstraction:IsAChildOf,R-HSA-5654687,
R-HSA-5654689,abstraction:IsAChildOf,R-HSA-5654687,
R-HSA-9662361,abstraction:IsAChildOf,R-HSA-9659379,
R-HSA-9662360,abstraction:IsAChildOf,R-HSA-9659379,
R-HSA-162909,abstraction:IsAChildOf,R-HSA-162906,
R-HSA-162587,abstraction:IsAChildOf,R-HSA-162906,
R-HSA-111997,abstraction:IsAChildOf,R-HSA-1489509,
R-HSA-379398,abstraction:IsAChildOf,R-HSA-379401,
R-HSA-379397,abstraction:IsAChildOf,R-HSA-379401,
R-HSA-5218859,abstraction:IsAChildOf,R-HSA-5357801,
R-HSA-109581,abstraction:IsAChildOf,R-HSA-5357801,
R-HSA-9673163,abstraction:IsAChildOf,R-HSA-166187,
R-HSA-167826,abstraction:IsAChildOf,R-HSA-166187,
R-HSA-113501,abstraction:IsAChildOf,R-HSA-113510,
R-HSA-113507,abstraction:IsAChildOf,R-HSA-113510,
R-HSA-111931,abstraction:IsAChildOf,R-HSA-111933,
R-HSA-111957,abstraction:IsAChildOf,R-HSA-111933,
R-HSA-111932,abstraction:IsAChildOf,R-HSA-111933,
R-HSA-420092,abstraction:IsAChildOf,R-HSA-373080,
R-HSA-419812,abstraction:IsAChildOf,R-HSA-373080,
R-HSA-8941326,abstraction:IsAChildOf,R-HSA-8878166,
R-HSA-8941332,abstraction:IsAChildOf,R-HSA-8878166,
R-HSA-8941333,abstraction:IsAChildOf,R-HSA-8878166,
R-HSA-8939902,abstraction:IsAChildOf,R-HSA-8878166,
R-HSA-5467333,abstraction:IsAChildOf,R-HSA-4839744,
R-HSA-5467337,abstraction:IsAChildOf,R-HSA-4839744,
R-HSA-3928664,abstraction:IsAChildOf,R-HSA-2682334,
R-HSA-3928662,abstraction:IsAChildOf,R-HSA-2682334,
R-HSA-3928663,abstraction:IsAChildOf,R-HSA-2682334,
R-HSA-3928665,abstraction:IsAChildOf,R-HSA-2682334,
R-HSA-1614558,abstraction:IsAChildOf,R-HSA-1614635,
R-HSA-1237112,abstraction:IsAChildOf,R-HSA-1614635,
R-HSA-1614603,abstraction:IsAChildOf,R-HSA-1614635,
R-HSA-2426168,abstraction:IsAChildOf,R-HSA-1655829,
R-HSA-141430,abstraction:IsAChildOf,R-HSA-141405,
R-HSA-9683673,abstraction:IsAChildOf,R-HSA-9683701,
R-HSA-9683610,abstraction:IsAChildOf,R-HSA-9683701,
R-HSA-9683683,abstraction:IsAChildOf,R-HSA-9683701,
R-HSA-9683612,abstraction:IsAChildOf,R-HSA-9683701,
R-HSA-9683686,abstraction:IsAChildOf,R-HSA-9683701,
R-HSA-5637812,abstraction:IsAChildOf,R-HSA-1643713,
R-HSA-5638302,abstraction:IsAChildOf,R-HSA-1643713,
R-HSA-5637815,abstraction:IsAChildOf,R-HSA-1643713,
R-HSA-9693928,abstraction:IsAChildOf,R-HSA-9645723,
R-HSA-9734009,abstraction:IsAChildOf,R-HSA-9645723,
R-HSA-9710421,abstraction:IsAChildOf,R-HSA-9645723,
R-HSA-9027307,abstraction:IsAChildOf,R-HSA-9018682,
R-HSA-2871796,abstraction:IsAChildOf,R-HSA-2454202,
R-HSA-2871809,abstraction:IsAChildOf,R-HSA-2454202,
R-HSA-2730905,abstraction:IsAChildOf,R-HSA-2454202,
R-HSA-2871837,abstraction:IsAChildOf,R-HSA-2454202,
R-HSA-8856825,abstraction:IsAChildOf,R-HSA-8856828,
R-HSA-9706377,abstraction:IsAChildOf,R-HSA-9682385,
R-HSA-9702509,abstraction:IsAChildOf,R-HSA-9682385,
R-HSA-9703465,abstraction:IsAChildOf,R-HSA-9682385,
R-HSA-9703648,abstraction:IsAChildOf,R-HSA-9682385,
R-HSA-9702506,abstraction:IsAChildOf,R-HSA-9682385,
R-HSA-380108,abstraction:IsAChildOf,R-HSA-375276,
R-HSA-388479,abstraction:IsAChildOf,R-HSA-375276,
R-HSA-389397,abstraction:IsAChildOf,R-HSA-375276,
R-HSA-380095,abstraction:IsAChildOf,R-HSA-375276,
R-HSA-444473,abstraction:IsAChildOf,R-HSA-375276,
R-HSA-444821,abstraction:IsAChildOf,R-HSA-375276,
R-HSA-418889,abstraction:IsAChildOf,R-HSA-5357769,
R-HSA-140534,abstraction:IsAChildOf,R-HSA-5357769,
R-HSA-68911,abstraction:IsAChildOf,R-HSA-453274,
R-HSA-69275,abstraction:IsAChildOf,R-HSA-453274,
R-HSA-9664407,abstraction:IsAChildOf,R-HSA-9658195,
R-HSA-9664420,abstraction:IsAChildOf,R-HSA-9658195,
R-HSA-9664433,abstraction:IsAChildOf,R-HSA-9658195,
R-HSA-9664424,abstraction:IsAChildOf,R-HSA-9658195,
R-HSA-450294,abstraction:IsAChildOf,R-HSA-975871,
R-HSA-937039,abstraction:IsAChildOf,R-HSA-975871,
R-HSA-445989,abstraction:IsAChildOf,R-HSA-975871,
R-HSA-937042,abstraction:IsAChildOf,R-HSA-975871,
R-HSA-381183,abstraction:IsAChildOf,R-HSA-381033,
R-HSA-9764790,abstraction:IsAChildOf,R-HSA-9764560,
R-HSA-9764725,abstraction:IsAChildOf,R-HSA-9764560,
R-HSA-9820965,abstraction:IsAChildOf,R-HSA-9820952,
R-HSA-9833110,abstraction:IsAChildOf,R-HSA-9820952,
R-HSA-9820960,abstraction:IsAChildOf,R-HSA-9820952,
R-HSA-9820962,abstraction:IsAChildOf,R-HSA-9820952,
R-HSA-4086400,abstraction:IsAChildOf,R-HSA-3858494,
R-HSA-4086398,abstraction:IsAChildOf,R-HSA-3858494,
R-HSA-3214815,abstraction:IsAChildOf,R-HSA-3247509,
R-HSA-3214858,abstraction:IsAChildOf,R-HSA-3247509,
R-HSA-3214842,abstraction:IsAChildOf,R-HSA-3247509,
R-HSA-3214847,abstraction:IsAChildOf,R-HSA-3247509,
R-HSA-3214841,abstraction:IsAChildOf,R-HSA-3247509,
R-HSA-4551638,abstraction:IsAChildOf,R-HSA-3108232,
R-HSA-3232118,abstraction:IsAChildOf,R-HSA-3108232,
R-HSA-3108214,abstraction:IsAChildOf,R-HSA-3108232,
R-HSA-4085377,abstraction:IsAChildOf,R-HSA-3108232,
R-HSA-3232142,abstraction:IsAChildOf,R-HSA-3108232,
R-HSA-4090294,abstraction:IsAChildOf,R-HSA-3108232,
R-HSA-9793242,abstraction:IsAChildOf,R-HSA-3108232,
R-HSA-4655427,abstraction:IsAChildOf,R-HSA-3108232,
R-HSA-3899300,abstraction:IsAChildOf,R-HSA-3108232,
R-HSA-4615885,abstraction:IsAChildOf,R-HSA-3108232,
R-HSA-4570464,abstraction:IsAChildOf,R-HSA-3108232,
R-HSA-4755510,abstraction:IsAChildOf,R-HSA-3108232,
R-HSA-5654741,abstraction:IsAChildOf,R-HSA-190236,
R-HSA-5654736,abstraction:IsAChildOf,R-HSA-190236,
R-HSA-5654738,abstraction:IsAChildOf,R-HSA-190236,
R-HSA-5654743,abstraction:IsAChildOf,R-HSA-190236,
R-HSA-2173795,abstraction:IsAChildOf,R-HSA-2173793,
R-HSA-2173796,abstraction:IsAChildOf,R-HSA-2173793,
R-HSA-912446,abstraction:IsAChildOf,R-HSA-1500620,
R-HSA-1221632,abstraction:IsAChildOf,R-HSA-1500620,
R-HSA-141444,abstraction:IsAChildOf,R-HSA-141424,
R-HSA-5673001,abstraction:IsAChildOf,R-HSA-5684996,
R-HSA-112409,abstraction:IsAChildOf,R-HSA-5684996,
R-HSA-5637810,abstraction:IsAChildOf,R-HSA-5637812,
R-HSA-170670,abstraction:IsAChildOf,R-HSA-991365,
R-HSA-997272,abstraction:IsAChildOf,R-HSA-991365,
R-HSA-380994,abstraction:IsAChildOf,R-HSA-381042,
R-HSA-9844594,abstraction:IsAChildOf,R-HSA-9843743,
R-HSA-425410,abstraction:IsAChildOf,R-HSA-425407,
R-HSA-549127,abstraction:IsAChildOf,R-HSA-425407,
R-HSA-189200,abstraction:IsAChildOf,R-HSA-425407,
R-HSA-429593,abstraction:IsAChildOf,R-HSA-425407,
R-HSA-9958863,abstraction:IsAChildOf,R-HSA-425407,
R-HSA-9959399,abstraction:IsAChildOf,R-HSA-425407,
R-HSA-425397,abstraction:IsAChildOf,R-HSA-425407,
R-HSA-9955298,abstraction:IsAChildOf,R-HSA-425407,
R-HSA-9958790,abstraction:IsAChildOf,R-HSA-425407,
R-HSA-442660,abstraction:IsAChildOf,R-HSA-425407,
R-HSA-5674499,abstraction:IsAChildOf,R-HSA-5675221,
R-HSA-1614517,abstraction:IsAChildOf,R-HSA-1614558,
R-HSA-2855086,abstraction:IsAChildOf,R-HSA-166662,
R-HSA-9748787,abstraction:IsAChildOf,R-HSA-9748784,
R-HSA-9755088,abstraction:IsAChildOf,R-HSA-9748784,
R-HSA-9753281,abstraction:IsAChildOf,R-HSA-9748784,
R-HSA-2161522,abstraction:IsAChildOf,R-HSA-9748784,
R-HSA-9757110,abstraction:IsAChildOf,R-HSA-9748784,
R-HSA-9749641,abstraction:IsAChildOf,R-HSA-9748784,
R-HSA-9793528,abstraction:IsAChildOf,R-HSA-9748784,
R-HSA-9754706,abstraction:IsAChildOf,R-HSA-9748784,
R-HSA-1251985,abstraction:IsAChildOf,R-HSA-1236394,
R-HSA-1253288,abstraction:IsAChildOf,R-HSA-1236394,
R-HSA-1250347,abstraction:IsAChildOf,R-HSA-1236394,
R-HSA-1250342,abstraction:IsAChildOf,R-HSA-1236394,
R-HSA-193648,abstraction:IsAChildOf,R-HSA-204998,
R-HSA-205025,abstraction:IsAChildOf,R-HSA-204998,
R-HSA-205043,abstraction:IsAChildOf,R-HSA-204998,
R-HSA-5654726,abstraction:IsAChildOf,R-HSA-5654736,
R-HSA-190242,abstraction:IsAChildOf,R-HSA-5654736,
R-HSA-5658623,abstraction:IsAChildOf,R-HSA-5654736,
R-HSA-5654687,abstraction:IsAChildOf,R-HSA-5654736,
R-HSA-975155,abstraction:IsAChildOf,R-HSA-168181,
R-HSA-9860276,abstraction:IsAChildOf,R-HSA-168181,
R-HSA-171319,abstraction:IsAChildOf,R-HSA-180786,
R-HSA-174417,abstraction:IsAChildOf,R-HSA-180786,
R-HSA-977444,abstraction:IsAChildOf,R-HSA-977443,
R-HSA-75094,abstraction:IsAChildOf,R-HSA-72200,
R-HSA-70263,abstraction:IsAChildOf,R-HSA-70326,
R-HSA-70171,abstraction:IsAChildOf,R-HSA-70326,
R-HSA-195399,abstraction:IsAChildOf,R-HSA-194313,
R-HSA-9929356,abstraction:IsAChildOf,R-HSA-9909615,
R-HSA-9931269,abstraction:IsAChildOf,R-HSA-9909615,
R-HSA-9929491,abstraction:IsAChildOf,R-HSA-9909615,
R-HSA-9931295,abstraction:IsAChildOf,R-HSA-9909615,
R-HSA-3134973,abstraction:IsAChildOf,R-HSA-1834949,
R-HSA-3134975,abstraction:IsAChildOf,R-HSA-1834949,
R-HSA-1834941,abstraction:IsAChildOf,R-HSA-1834949,
R-HSA-3134963,abstraction:IsAChildOf,R-HSA-1834949,
R-HSA-1606322,abstraction:IsAChildOf,R-HSA-1834949,
R-HSA-8981373,abstraction:IsAChildOf,R-HSA-8963676,
R-HSA-8963678,abstraction:IsAChildOf,R-HSA-8963676,
R-HSA-75876,abstraction:IsAChildOf,R-HSA-75105,
R-HSA-392154,abstraction:IsAChildOf,R-HSA-418346,
R-HSA-418360,abstraction:IsAChildOf,R-HSA-418346,
R-HSA-432142,abstraction:IsAChildOf,R-HSA-418346,
R-HSA-392851,abstraction:IsAChildOf,R-HSA-418346,
R-HSA-6803211,abstraction:IsAChildOf,R-HSA-5633008,
R-HSA-6803204,abstraction:IsAChildOf,R-HSA-5633008,
R-HSA-6803207,abstraction:IsAChildOf,R-HSA-5633008,
R-HSA-6803205,abstraction:IsAChildOf,R-HSA-5633008,
R-HSA-193368,abstraction:IsAChildOf,R-HSA-192105,
R-HSA-193775,abstraction:IsAChildOf,R-HSA-192105,
R-HSA-193807,abstraction:IsAChildOf,R-HSA-192105,
R-HSA-69481,abstraction:IsAChildOf,R-HSA-69620,
R-HSA-69615,abstraction:IsAChildOf,R-HSA-69620,
R-HSA-69618,abstraction:IsAChildOf,R-HSA-69620,
R-HSA-390247,abstraction:IsAChildOf,R-HSA-390918,
R-HSA-389887,abstraction:IsAChildOf,R-HSA-390918,
R-HSA-389599,abstraction:IsAChildOf,R-HSA-390918,
R-HSA-5099900,abstraction:IsAChildOf,R-HSA-4086400,
R-HSA-4608870,abstraction:IsAChildOf,R-HSA-4086400,
R-HSA-5140745,abstraction:IsAChildOf,R-HSA-4086400,
R-HSA-5675482,abstraction:IsAChildOf,R-HSA-5213460,
R-HSA-5632987,abstraction:IsAChildOf,R-HSA-5423599,
R-HSA-5632928,abstraction:IsAChildOf,R-HSA-5423599,
R-HSA-5632927,abstraction:IsAChildOf,R-HSA-5423599,
R-HSA-5632968,abstraction:IsAChildOf,R-HSA-5423599,
R-HSA-5545483,abstraction:IsAChildOf,R-HSA-5423599,
R-HSA-68882,abstraction:IsAChildOf,R-HSA-2555396,
R-HSA-68881,abstraction:IsAChildOf,R-HSA-2555396,
R-HSA-179419,abstraction:IsAChildOf,R-HSA-176409,
R-HSA-174048,abstraction:IsAChildOf,R-HSA-176409,
R-HSA-174154,abstraction:IsAChildOf,R-HSA-176409,
R-HSA-5657562,abstraction:IsAChildOf,R-HSA-5663084,
R-HSA-5662853,abstraction:IsAChildOf,R-HSA-5663084,
R-HSA-3229121,abstraction:IsAChildOf,R-HSA-5663084,
R-HSA-5659898,abstraction:IsAChildOf,R-HSA-5663084,
R-HSA-6791465,abstraction:IsAChildOf,R-HSA-5663084,
R-HSA-5657560,abstraction:IsAChildOf,R-HSA-5663084,
R-HSA-2206281,abstraction:IsAChildOf,R-HSA-5663084,
R-HSA-2033519,abstraction:IsAChildOf,R-HSA-1839126,
R-HSA-8851708,abstraction:IsAChildOf,R-HSA-1839126,
R-HSA-2023837,abstraction:IsAChildOf,R-HSA-1839126,
R-HSA-8853333,abstraction:IsAChildOf,R-HSA-1839126,
R-HSA-192105,abstraction:IsAChildOf,R-HSA-194068,
R-HSA-159418,abstraction:IsAChildOf,R-HSA-194068,
R-HSA-9012546,abstraction:IsAChildOf,R-HSA-446652,
R-HSA-9008059,abstraction:IsAChildOf,R-HSA-446652,
R-HSA-9014843,abstraction:IsAChildOf,R-HSA-446652,
R-HSA-9014826,abstraction:IsAChildOf,R-HSA-446652,
R-HSA-448706,abstraction:IsAChildOf,R-HSA-446652,
R-HSA-9007892,abstraction:IsAChildOf,R-HSA-446652,
R-HSA-9020702,abstraction:IsAChildOf,R-HSA-446652,
R-HSA-1592230,abstraction:IsAChildOf,R-HSA-1852241,
R-HSA-5617833,abstraction:IsAChildOf,R-HSA-1852241,
R-HSA-9649913,abstraction:IsAChildOf,R-HSA-6802949,
R-HSA-9649948,abstraction:IsAChildOf,R-HSA-6802949,
R-HSA-8874081,abstraction:IsAChildOf,R-HSA-8875878,
R-HSA-8875513,abstraction:IsAChildOf,R-HSA-8875878,
R-HSA-8875555,abstraction:IsAChildOf,R-HSA-8875878,
R-HSA-975956,abstraction:IsAChildOf,R-HSA-927802,
R-HSA-975957,abstraction:IsAChildOf,R-HSA-927802,
R-HSA-9823587,abstraction:IsAChildOf,R-HSA-9671793,
R-HSA-9651496,abstraction:IsAChildOf,R-HSA-9671793,
R-HSA-9026357,abstraction:IsAChildOf,R-HSA-9006115,
R-HSA-9026527,abstraction:IsAChildOf,R-HSA-9006115,
R-HSA-9032500,abstraction:IsAChildOf,R-HSA-9006115,
R-HSA-9028731,abstraction:IsAChildOf,R-HSA-9006115,
R-HSA-9026519,abstraction:IsAChildOf,R-HSA-9006115,
R-HSA-9028335,abstraction:IsAChildOf,R-HSA-9006115,
R-HSA-9024909,abstraction:IsAChildOf,R-HSA-9006115,
R-HSA-9025046,abstraction:IsAChildOf,R-HSA-9006115,
R-HSA-9032845,abstraction:IsAChildOf,R-HSA-9006115,
R-HSA-190372,abstraction:IsAChildOf,R-HSA-190239,
R-HSA-190371,abstraction:IsAChildOf,R-HSA-190239,
R-HSA-9735869,abstraction:IsAChildOf,R-HSA-9692914,
R-HSA-9692916,abstraction:IsAChildOf,R-HSA-9692914,
R-HSA-9692912,abstraction:IsAChildOf,R-HSA-9692914,
R-HSA-9692913,abstraction:IsAChildOf,R-HSA-9692914,
R-HSA-9735871,abstraction:IsAChildOf,R-HSA-9692914,
R-HSA-8940973,abstraction:IsAChildOf,R-HSA-8941326,
R-HSA-8941284,abstraction:IsAChildOf,R-HSA-8941326,
R-HSA-69580,abstraction:IsAChildOf,R-HSA-69615,
R-HSA-69613,abstraction:IsAChildOf,R-HSA-69615,
R-HSA-426486,abstraction:IsAChildOf,R-HSA-211000,
R-HSA-5601884,abstraction:IsAChildOf,R-HSA-211000,
R-HSA-5578749,abstraction:IsAChildOf,R-HSA-211000,
R-HSA-203927,abstraction:IsAChildOf,R-HSA-211000,
R-HSA-426496,abstraction:IsAChildOf,R-HSA-211000,
R-HSA-9708296,abstraction:IsAChildOf,R-HSA-211000,
R-HSA-419037,abstraction:IsAChildOf,R-HSA-375165,
R-HSA-9638737,abstraction:IsAChildOf,R-HSA-9640148,
R-HSA-9638482,abstraction:IsAChildOf,R-HSA-9640148,
R-HSA-9956593,abstraction:IsAChildOf,R-HSA-9640148,
R-HSA-9760173,abstraction:IsAChildOf,R-HSA-9640148,
R-HSA-9931953,abstraction:IsAChildOf,R-HSA-9640148,
R-HSA-9758920,abstraction:IsAChildOf,R-HSA-9758941,
R-HSA-9754189,abstraction:IsAChildOf,R-HSA-9758941,
R-HSA-9834899,abstraction:IsAChildOf,R-HSA-9758941,
R-HSA-9823739,abstraction:IsAChildOf,R-HSA-9758941,
R-HSA-9796292,abstraction:IsAChildOf,R-HSA-9758941,
R-HSA-9758919,abstraction:IsAChildOf,R-HSA-9758941,
R-HSA-9832991,abstraction:IsAChildOf,R-HSA-9758941,
R-HSA-9761174,abstraction:IsAChildOf,R-HSA-9758941,
R-HSA-9793380,abstraction:IsAChildOf,R-HSA-9758941,
R-HSA-9823730,abstraction:IsAChildOf,R-HSA-9758941,
R-HSA-114516,abstraction:IsAChildOf,R-HSA-76005,
R-HSA-114608,abstraction:IsAChildOf,R-HSA-76005,
R-HSA-9023661,abstraction:IsAChildOf,R-HSA-9018679,
R-HSA-9018896,abstraction:IsAChildOf,R-HSA-9018679,
R-HSA-1234174,abstraction:IsAChildOf,R-HSA-2262752,
R-HSA-9707616,abstraction:IsAChildOf,R-HSA-2262752,
R-HSA-9841251,abstraction:IsAChildOf,R-HSA-2262752,
R-HSA-9711097,abstraction:IsAChildOf,R-HSA-2262752,
R-HSA-9648895,abstraction:IsAChildOf,R-HSA-2262752,
R-HSA-3371497,abstraction:IsAChildOf,R-HSA-2262752,
R-HSA-381119,abstraction:IsAChildOf,R-HSA-2262752,
R-HSA-9840373,abstraction:IsAChildOf,R-HSA-2262752,
R-HSA-9711123,abstraction:IsAChildOf,R-HSA-2262752,
R-HSA-2559583,abstraction:IsAChildOf,R-HSA-2262752,
R-HSA-3371556,abstraction:IsAChildOf,R-HSA-2262752,
R-HSA-9768777,abstraction:IsAChildOf,R-HSA-9768759,
R-HSA-9768778,abstraction:IsAChildOf,R-HSA-9768759,
R-HSA-8949275,abstraction:IsAChildOf,R-HSA-8878159,
R-HSA-8951936,abstraction:IsAChildOf,R-HSA-8878159,
R-HSA-8952158,abstraction:IsAChildOf,R-HSA-8878159,
R-HSA-8951430,abstraction:IsAChildOf,R-HSA-8878159,
R-HSA-8941858,abstraction:IsAChildOf,R-HSA-8878159,
R-HSA-8941855,abstraction:IsAChildOf,R-HSA-8878159,
R-HSA-8951671,abstraction:IsAChildOf,R-HSA-8878159,
R-HSA-8941856,abstraction:IsAChildOf,R-HSA-8878159,
R-HSA-8951911,abstraction:IsAChildOf,R-HSA-8878159,
R-HSA-2980736,abstraction:IsAChildOf,R-HSA-392499,
R-HSA-597592,abstraction:IsAChildOf,R-HSA-392499,
R-HSA-9837999,abstraction:IsAChildOf,R-HSA-392499,
R-HSA-5676934,abstraction:IsAChildOf,R-HSA-392499,
R-HSA-977225,abstraction:IsAChildOf,R-HSA-392499,
R-HSA-5683826,abstraction:IsAChildOf,R-HSA-392499,
R-HSA-391251,abstraction:IsAChildOf,R-HSA-392499,
R-HSA-72766,abstraction:IsAChildOf,R-HSA-392499,
R-HSA-381426,abstraction:IsAChildOf,R-HSA-392499,
R-HSA-69206,abstraction:IsAChildOf,R-HSA-453279,
R-HSA-69236,abstraction:IsAChildOf,R-HSA-453279,
R-HSA-1538133,abstraction:IsAChildOf,R-HSA-453279,
R-HSA-9670095,abstraction:IsAChildOf,R-HSA-157579,
R-HSA-171306,abstraction:IsAChildOf,R-HSA-157579,
R-HSA-180786,abstraction:IsAChildOf,R-HSA-157579,
R-HSA-1442490,abstraction:IsAChildOf,R-HSA-1474228,
R-HSA-1592389,abstraction:IsAChildOf,R-HSA-1474228,
R-HSA-170984,abstraction:IsAChildOf,R-HSA-169893,
R-HSA-170968,abstraction:IsAChildOf,R-HSA-169893,
R-HSA-110314,abstraction:IsAChildOf,R-HSA-73893,
R-HSA-110313,abstraction:IsAChildOf,R-HSA-73893,
R-HSA-5340573,abstraction:IsAChildOf,R-HSA-4791275,
R-HSA-5339717,abstraction:IsAChildOf,R-HSA-4791275,
R-HSA-5339700,abstraction:IsAChildOf,R-HSA-4791275,
R-HSA-4839743,abstraction:IsAChildOf,R-HSA-4791275,
R-HSA-4839744,abstraction:IsAChildOf,R-HSA-4791275,
R-HSA-5339716,abstraction:IsAChildOf,R-HSA-4791275,
R-HSA-5545619,abstraction:IsAChildOf,R-HSA-4791275,
R-HSA-4839748,abstraction:IsAChildOf,R-HSA-4791275,
R-HSA-5340588,abstraction:IsAChildOf,R-HSA-4791275,
R-HSA-4839735,abstraction:IsAChildOf,R-HSA-4791275,
R-HSA-68689,abstraction:IsAChildOf,R-HSA-68867,
R-HSA-68616,abstraction:IsAChildOf,R-HSA-68867,
R-HSA-977068,abstraction:IsAChildOf,R-HSA-913709,
R-HSA-5358346,abstraction:IsAChildOf,R-HSA-5358351,
R-HSA-5632684,abstraction:IsAChildOf,R-HSA-5358351,
R-HSA-5610787,abstraction:IsAChildOf,R-HSA-5358351,
R-HSA-5621575,abstraction:IsAChildOf,R-HSA-5621481,
R-HSA-5621480,abstraction:IsAChildOf,R-HSA-5621481,
R-HSA-5607764,abstraction:IsAChildOf,R-HSA-5621481,
R-HSA-9763198,abstraction:IsAChildOf,R-HSA-9701190,
R-HSA-9709603,abstraction:IsAChildOf,R-HSA-9701190,
R-HSA-9709275,abstraction:IsAChildOf,R-HSA-9701190,
R-HSA-9709570,abstraction:IsAChildOf,R-HSA-9701190,
R-HSA-3359478,abstraction:IsAChildOf,R-HSA-9759785,
R-HSA-5693579,abstraction:IsAChildOf,R-HSA-5685942,
R-HSA-5693537,abstraction:IsAChildOf,R-HSA-5685942,
R-HSA-9678108,abstraction:IsAChildOf,R-HSA-9679506,
R-HSA-9694516,abstraction:IsAChildOf,R-HSA-9679506,
R-HSA-9679191,abstraction:IsAChildOf,R-HSA-9679506,
R-HSA-936440,abstraction:IsAChildOf,R-HSA-168928,
R-HSA-933542,abstraction:IsAChildOf,R-HSA-168928,
R-HSA-933543,abstraction:IsAChildOf,R-HSA-168928,
R-HSA-918233,abstraction:IsAChildOf,R-HSA-168928,
R-HSA-933541,abstraction:IsAChildOf,R-HSA-168928,
R-HSA-69239,abstraction:IsAChildOf,R-HSA-69242,
R-HSA-69656,abstraction:IsAChildOf,R-HSA-69242,
R-HSA-75815,abstraction:IsAChildOf,R-HSA-69242,
R-HSA-2468052,abstraction:IsAChildOf,R-HSA-69242,
R-HSA-1482839,abstraction:IsAChildOf,R-HSA-1483206,
R-HSA-1483196,abstraction:IsAChildOf,R-HSA-1483206,
R-HSA-1483076,abstraction:IsAChildOf,R-HSA-1483206,
R-HSA-1482798,abstraction:IsAChildOf,R-HSA-1483206,
R-HSA-1483226,abstraction:IsAChildOf,R-HSA-1483206,
R-HSA-1483148,abstraction:IsAChildOf,R-HSA-1483206,
R-HSA-1483213,abstraction:IsAChildOf,R-HSA-1483206,
R-HSA-1483191,abstraction:IsAChildOf,R-HSA-1483206,
R-HSA-1482925,abstraction:IsAChildOf,R-HSA-1483206,
R-HSA-1482883,abstraction:IsAChildOf,R-HSA-1483206,
R-HSA-1482801,abstraction:IsAChildOf,R-HSA-1483206,
R-HSA-1483152,abstraction:IsAChildOf,R-HSA-1483206,
R-HSA-1483101,abstraction:IsAChildOf,R-HSA-1483206,
R-HSA-1483166,abstraction:IsAChildOf,R-HSA-1483206,
R-HSA-1483171,abstraction:IsAChildOf,R-HSA-1483206,
R-HSA-1482788,abstraction:IsAChildOf,R-HSA-1483206,
R-HSA-1483115,abstraction:IsAChildOf,R-HSA-1483206,
R-HSA-1482922,abstraction:IsAChildOf,R-HSA-1483206,
R-HSA-9635486,abstraction:IsAChildOf,R-HSA-9824439,
R-HSA-9640148,abstraction:IsAChildOf,R-HSA-9824439,
R-HSA-5339562,abstraction:IsAChildOf,R-HSA-9824439,
R-HSA-8876384,abstraction:IsAChildOf,R-HSA-9824439,
R-HSA-9759785,abstraction:IsAChildOf,R-HSA-9759774,
R-HSA-176407,abstraction:IsAChildOf,R-HSA-174143,
R-HSA-176814,abstraction:IsAChildOf,R-HSA-174143,
R-HSA-176408,abstraction:IsAChildOf,R-HSA-174143,
R-HSA-174178,abstraction:IsAChildOf,R-HSA-174143,
R-HSA-174084,abstraction:IsAChildOf,R-HSA-174143,
R-HSA-167172,abstraction:IsAChildOf,R-HSA-162599,
R-HSA-175474,abstraction:IsAChildOf,R-HSA-162599,
R-HSA-165054,abstraction:IsAChildOf,R-HSA-162599,
R-HSA-162588,abstraction:IsAChildOf,R-HSA-162599,
R-HSA-209560,abstraction:IsAChildOf,R-HSA-193639,
R-HSA-209543,abstraction:IsAChildOf,R-HSA-193639,
R-HSA-9702998,abstraction:IsAChildOf,R-HSA-9702506,
R-HSA-9702569,abstraction:IsAChildOf,R-HSA-9702506,
R-HSA-9702620,abstraction:IsAChildOf,R-HSA-9702506,
R-HSA-9702577,abstraction:IsAChildOf,R-HSA-9702506,
R-HSA-9702636,abstraction:IsAChildOf,R-HSA-9702506,
R-HSA-9702614,abstraction:IsAChildOf,R-HSA-9702506,
R-HSA-9702624,abstraction:IsAChildOf,R-HSA-9702506,
R-HSA-9702590,abstraction:IsAChildOf,R-HSA-9702506,
R-HSA-9702596,abstraction:IsAChildOf,R-HSA-9702506,
R-HSA-9702600,abstraction:IsAChildOf,R-HSA-9702506,
R-HSA-9702605,abstraction:IsAChildOf,R-HSA-9702506,
R-HSA-9702581,abstraction:IsAChildOf,R-HSA-9702506,
R-HSA-9702632,abstraction:IsAChildOf,R-HSA-9702506,
R-HSA-9703009,abstraction:IsAChildOf,R-HSA-9702506,
R-HSA-9856530,abstraction:IsAChildOf,R-HSA-9860931,
R-HSA-9860927,abstraction:IsAChildOf,R-HSA-9860931,
R-HSA-5610785,abstraction:IsAChildOf,R-HSA-5610787,
R-HSA-5610783,abstraction:IsAChildOf,R-HSA-5610787,
R-HSA-5610780,abstraction:IsAChildOf,R-HSA-5610787,
R-HSA-194002,abstraction:IsAChildOf,R-HSA-196071,
R-HSA-193144,abstraction:IsAChildOf,R-HSA-196071,
R-HSA-196108,abstraction:IsAChildOf,R-HSA-196071,
R-HSA-193048,abstraction:IsAChildOf,R-HSA-196071,
R-HSA-193993,abstraction:IsAChildOf,R-HSA-196071,
R-HSA-5693565,abstraction:IsAChildOf,R-HSA-5693606,
R-HSA-5693548,abstraction:IsAChildOf,R-HSA-5693606,
R-HSA-9636667,abstraction:IsAChildOf,R-HSA-9637690,
R-HSA-9635644,abstraction:IsAChildOf,R-HSA-9637690,
R-HSA-9636569,abstraction:IsAChildOf,R-HSA-9637690,
R-HSA-9637687,abstraction:IsAChildOf,R-HSA-9637690,
R-HSA-9635465,abstraction:IsAChildOf,R-HSA-9637690,
R-HSA-449147,abstraction:IsAChildOf,R-HSA-1280215,
R-HSA-9680350,abstraction:IsAChildOf,R-HSA-1280215,
R-HSA-5668541,abstraction:IsAChildOf,R-HSA-1280215,
R-HSA-913531,abstraction:IsAChildOf,R-HSA-1280215,
R-HSA-1170546,abstraction:IsAChildOf,R-HSA-1280215,
R-HSA-9674555,abstraction:IsAChildOf,R-HSA-1280215,
R-HSA-9607240,abstraction:IsAChildOf,R-HSA-1280215,
R-HSA-982772,abstraction:IsAChildOf,R-HSA-1280215,
R-HSA-437239,abstraction:IsAChildOf,R-HSA-373760,
R-HSA-445144,abstraction:IsAChildOf,R-HSA-373760,
R-HSA-447041,abstraction:IsAChildOf,R-HSA-373760,
R-HSA-447038,abstraction:IsAChildOf,R-HSA-373760,
R-HSA-445095,abstraction:IsAChildOf,R-HSA-373760,
R-HSA-447043,abstraction:IsAChildOf,R-HSA-373760,
R-HSA-1655829,abstraction:IsAChildOf,R-HSA-8957322,
R-HSA-196791,abstraction:IsAChildOf,R-HSA-8957322,
R-HSA-191273,abstraction:IsAChildOf,R-HSA-8957322,
R-HSA-196071,abstraction:IsAChildOf,R-HSA-8957322,
R-HSA-194068,abstraction:IsAChildOf,R-HSA-8957322,
R-HSA-174490,abstraction:IsAChildOf,R-HSA-174495,
R-HSA-5684045,abstraction:IsAChildOf,R-HSA-5619084,
R-HSA-5683371,abstraction:IsAChildOf,R-HSA-5619084,
R-HSA-5679001,abstraction:IsAChildOf,R-HSA-5619084,
R-HSA-5683329,abstraction:IsAChildOf,R-HSA-5619084,
R-HSA-5690338,abstraction:IsAChildOf,R-HSA-5619084,
R-HSA-5678420,abstraction:IsAChildOf,R-HSA-5619084,
R-HSA-5682113,abstraction:IsAChildOf,R-HSA-5619084,
R-HSA-5678895,abstraction:IsAChildOf,R-HSA-5619084,
R-HSA-5679096,abstraction:IsAChildOf,R-HSA-5619084,
R-HSA-5683678,abstraction:IsAChildOf,R-HSA-5619084,
R-HSA-5683177,abstraction:IsAChildOf,R-HSA-5619084,
R-HSA-5678520,abstraction:IsAChildOf,R-HSA-5619084,
R-HSA-5682294,abstraction:IsAChildOf,R-HSA-5619084,
R-HSA-5679090,abstraction:IsAChildOf,R-HSA-5619084,
R-HSA-5678771,abstraction:IsAChildOf,R-HSA-5619084,
R-HSA-9857377,abstraction:IsAChildOf,R-HSA-9856651,
R-HSA-9825892,abstraction:IsAChildOf,R-HSA-9856651,
R-HSA-9824594,abstraction:IsAChildOf,R-HSA-9856651,
R-HSA-9854907,abstraction:IsAChildOf,R-HSA-9856651,
R-HSA-9926550,abstraction:IsAChildOf,R-HSA-9856651,
R-HSA-9854909,abstraction:IsAChildOf,R-HSA-9856651,
R-HSA-9825895,abstraction:IsAChildOf,R-HSA-9856651,
R-HSA-9824585,abstraction:IsAChildOf,R-HSA-9856651,
R-HSA-2173791,abstraction:IsAChildOf,R-HSA-170834,
R-HSA-2173789,abstraction:IsAChildOf,R-HSA-170834,
R-HSA-2173793,abstraction:IsAChildOf,R-HSA-170834,
R-HSA-9911233,abstraction:IsAChildOf,R-HSA-1912408,
R-HSA-8866427,abstraction:IsAChildOf,R-HSA-8964043,
R-HSA-8964038,abstraction:IsAChildOf,R-HSA-8964043,
R-HSA-8964011,abstraction:IsAChildOf,R-HSA-8964043,
R-HSA-8964046,abstraction:IsAChildOf,R-HSA-8964043,
R-HSA-8964026,abstraction:IsAChildOf,R-HSA-8964043,
R-HSA-5638303,abstraction:IsAChildOf,R-HSA-5638302,
R-HSA-5576892,abstraction:IsAChildOf,R-HSA-5576891,
R-HSA-5576890,abstraction:IsAChildOf,R-HSA-5576891,
R-HSA-5576893,abstraction:IsAChildOf,R-HSA-5576891,
R-HSA-5576886,abstraction:IsAChildOf,R-HSA-5576891,
R-HSA-5578775,abstraction:IsAChildOf,R-HSA-5576891,
R-HSA-5576894,abstraction:IsAChildOf,R-HSA-5576891,
R-HSA-5578768,abstraction:IsAChildOf,R-HSA-5576891,
R-HSA-9942503,abstraction:IsAChildOf,R-HSA-9945266,
R-HSA-975155,abstraction:IsAChildOf,R-HSA-168138,
R-HSA-9860276,abstraction:IsAChildOf,R-HSA-168138,
R-HSA-5619087,abstraction:IsAChildOf,R-HSA-5619102,
R-HSA-5619092,abstraction:IsAChildOf,R-HSA-5619102,
R-HSA-5619043,abstraction:IsAChildOf,R-HSA-5619102,
R-HSA-5619061,abstraction:IsAChildOf,R-HSA-5619102,
R-HSA-5619060,abstraction:IsAChildOf,R-HSA-5619102,
R-HSA-5619089,abstraction:IsAChildOf,R-HSA-5619102,
R-HSA-5619088,abstraction:IsAChildOf,R-HSA-5619102,
R-HSA-5619062,abstraction:IsAChildOf,R-HSA-5619102,
R-HSA-5659735,abstraction:IsAChildOf,R-HSA-5619102,
R-HSA-9036092,abstraction:IsAChildOf,R-HSA-5619102,
R-HSA-5619083,abstraction:IsAChildOf,R-HSA-5619102,
R-HSA-5619053,abstraction:IsAChildOf,R-HSA-5619102,
R-HSA-5619050,abstraction:IsAChildOf,R-HSA-5619102,
R-HSA-5619058,abstraction:IsAChildOf,R-HSA-5619102,
R-HSA-5619039,abstraction:IsAChildOf,R-HSA-5619102,
R-HSA-5619081,abstraction:IsAChildOf,R-HSA-5619102,
R-HSA-5619072,abstraction:IsAChildOf,R-HSA-5619102,
R-HSA-5619085,abstraction:IsAChildOf,R-HSA-5619102,
R-HSA-5660883,abstraction:IsAChildOf,R-HSA-5619102,
R-HSA-5619114,abstraction:IsAChildOf,R-HSA-5619102,
R-HSA-5619037,abstraction:IsAChildOf,R-HSA-5619102,
R-HSA-5619077,abstraction:IsAChildOf,R-HSA-5619102,
R-HSA-5619042,abstraction:IsAChildOf,R-HSA-5619102,
R-HSA-5619110,abstraction:IsAChildOf,R-HSA-5619102,
R-HSA-5619035,abstraction:IsAChildOf,R-HSA-5619102,
R-HSA-5619044,abstraction:IsAChildOf,R-HSA-5619102,
R-HSA-5619068,abstraction:IsAChildOf,R-HSA-5619102,
R-HSA-5660686,abstraction:IsAChildOf,R-HSA-5619102,
R-HSA-5619111,abstraction:IsAChildOf,R-HSA-5619102,
R-HSA-5619070,abstraction:IsAChildOf,R-HSA-5619102,
R-HSA-5619108,abstraction:IsAChildOf,R-HSA-5619102,
R-HSA-5619098,abstraction:IsAChildOf,R-HSA-5619102,
R-HSA-5619073,abstraction:IsAChildOf,R-HSA-5619102,
R-HSA-5619045,abstraction:IsAChildOf,R-HSA-5619102,
R-HSA-5619094,abstraction:IsAChildOf,R-HSA-5619102,
R-HSA-5619046,abstraction:IsAChildOf,R-HSA-5619102,
R-HSA-5619076,abstraction:IsAChildOf,R-HSA-5619102,
R-HSA-5663020,abstraction:IsAChildOf,R-HSA-5619102,
R-HSA-5619041,abstraction:IsAChildOf,R-HSA-5619102,
R-HSA-5619049,abstraction:IsAChildOf,R-HSA-5619102,
R-HSA-5619048,abstraction:IsAChildOf,R-HSA-5619102,
R-HSA-5660724,abstraction:IsAChildOf,R-HSA-5619102,
R-HSA-5619101,abstraction:IsAChildOf,R-HSA-5619102,
R-HSA-5619036,abstraction:IsAChildOf,R-HSA-5619102,
R-HSA-5619071,abstraction:IsAChildOf,R-HSA-5619102,
R-HSA-5660862,abstraction:IsAChildOf,R-HSA-5619102,
R-HSA-5655799,abstraction:IsAChildOf,R-HSA-5619102,
R-HSA-5619096,abstraction:IsAChildOf,R-HSA-5619102,
R-HSA-3560792,abstraction:IsAChildOf,R-HSA-5619102,
R-HSA-5619040,abstraction:IsAChildOf,R-HSA-5619102,
R-HSA-5658471,abstraction:IsAChildOf,R-HSA-5619102,
R-HSA-5619063,abstraction:IsAChildOf,R-HSA-5619102,
R-HSA-5656364,abstraction:IsAChildOf,R-HSA-5619102,
R-HSA-5619047,abstraction:IsAChildOf,R-HSA-5619102,
R-HSA-5619056,abstraction:IsAChildOf,R-HSA-5619102,
R-HSA-5619097,abstraction:IsAChildOf,R-HSA-5619102,
R-HSA-5619104,abstraction:IsAChildOf,R-HSA-5619102,
R-HSA-5619054,abstraction:IsAChildOf,R-HSA-5619102,
R-HSA-5619052,abstraction:IsAChildOf,R-HSA-5619102,
R-HSA-5619067,abstraction:IsAChildOf,R-HSA-5619102,
R-HSA-5619109,abstraction:IsAChildOf,R-HSA-5619102,
R-HSA-5619078,abstraction:IsAChildOf,R-HSA-5619102,
R-HSA-5619066,abstraction:IsAChildOf,R-HSA-5619102,
R-HSA-5619095,abstraction:IsAChildOf,R-HSA-5619102,
R-HSA-5619055,abstraction:IsAChildOf,R-HSA-5619102,
R-HSA-5658208,abstraction:IsAChildOf,R-HSA-5619102,
R-HSA-5619099,abstraction:IsAChildOf,R-HSA-5619102,
R-HSA-5619107,abstraction:IsAChildOf,R-HSA-5619102,
R-HSA-5619113,abstraction:IsAChildOf,R-HSA-5619102,
R-HSA-917977,abstraction:IsAChildOf,R-HSA-917937,
R-HSA-5654716,abstraction:IsAChildOf,R-HSA-5654743,
R-HSA-190322,abstraction:IsAChildOf,R-HSA-5654743,
R-HSA-5654733,abstraction:IsAChildOf,R-HSA-5654743,
R-HSA-166058,abstraction:IsAChildOf,R-HSA-168179,
R-HSA-9645722,abstraction:IsAChildOf,R-HSA-9734009,
R-HSA-9723907,abstraction:IsAChildOf,R-HSA-9734009,
R-HSA-8863678,abstraction:IsAChildOf,R-HSA-9734009,
R-HSA-8866910,abstraction:IsAChildOf,R-HSA-8864260,
R-HSA-8866911,abstraction:IsAChildOf,R-HSA-8864260,
R-HSA-8869496,abstraction:IsAChildOf,R-HSA-8864260,
R-HSA-8866907,abstraction:IsAChildOf,R-HSA-8864260,
R-HSA-8866906,abstraction:IsAChildOf,R-HSA-8864260,
R-HSA-8866904,abstraction:IsAChildOf,R-HSA-8864260,
R-HSA-8866654,abstraction:IsAChildOf,R-HSA-8852135,
R-HSA-8866652,abstraction:IsAChildOf,R-HSA-8852135,
R-HSA-6811558,abstraction:IsAChildOf,R-HSA-199418,
R-HSA-8852405,abstraction:IsAChildOf,R-HSA-9006934,
R-HSA-194138,abstraction:IsAChildOf,R-HSA-9006934,
R-HSA-6806834,abstraction:IsAChildOf,R-HSA-9006934,
R-HSA-1227986,abstraction:IsAChildOf,R-HSA-9006934,
R-HSA-1236394,abstraction:IsAChildOf,R-HSA-9006934,
R-HSA-190236,abstraction:IsAChildOf,R-HSA-9006934,
R-HSA-166520,abstraction:IsAChildOf,R-HSA-9006934,
R-HSA-1433557,abstraction:IsAChildOf,R-HSA-9006934,
R-HSA-177929,abstraction:IsAChildOf,R-HSA-9006934,
R-HSA-186797,abstraction:IsAChildOf,R-HSA-9006934,
R-HSA-201556,abstraction:IsAChildOf,R-HSA-9006934,
R-HSA-2404192,abstraction:IsAChildOf,R-HSA-9006934,
R-HSA-9842663,abstraction:IsAChildOf,R-HSA-9006934,
R-HSA-74752,abstraction:IsAChildOf,R-HSA-9006934,
R-HSA-174403,abstraction:IsAChildOf,R-HSA-156590,
R-HSA-111458,abstraction:IsAChildOf,R-HSA-111461,
R-HSA-111459,abstraction:IsAChildOf,R-HSA-111461,
R-HSA-2534343,abstraction:IsAChildOf,R-HSA-1187000,
R-HSA-1300645,abstraction:IsAChildOf,R-HSA-1187000,
R-HSA-1300642,abstraction:IsAChildOf,R-HSA-1187000,
R-HSA-9608287,abstraction:IsAChildOf,R-HSA-9605310,
R-HSA-9608290,abstraction:IsAChildOf,R-HSA-9605310,
R-HSA-9660826,abstraction:IsAChildOf,R-HSA-9664424,
R-HSA-9013419,abstraction:IsAChildOf,R-HSA-9715370,
R-HSA-9013425,abstraction:IsAChildOf,R-HSA-9715370,
R-HSA-1168372,abstraction:IsAChildOf,R-HSA-983705,
R-HSA-5690714,abstraction:IsAChildOf,R-HSA-983705,
R-HSA-983695,abstraction:IsAChildOf,R-HSA-983705,
R-HSA-3656535,abstraction:IsAChildOf,R-HSA-3656534,
R-HSA-3656532,abstraction:IsAChildOf,R-HSA-3656534,
R-HSA-111465,abstraction:IsAChildOf,R-HSA-75153,
R-HSA-140342,abstraction:IsAChildOf,R-HSA-75153,
R-HSA-211736,abstraction:IsAChildOf,R-HSA-75153,
R-HSA-428930,abstraction:IsAChildOf,R-HSA-392518,
R-HSA-392170,abstraction:IsAChildOf,R-HSA-392518,
R-HSA-418592,abstraction:IsAChildOf,R-HSA-392518,
R-HSA-2660826,abstraction:IsAChildOf,R-HSA-2660825,
R-HSA-5654719,abstraction:IsAChildOf,R-HSA-5654716,
R-HSA-5654712,abstraction:IsAChildOf,R-HSA-5654716,
R-HSA-5654228,abstraction:IsAChildOf,R-HSA-5654716,
R-HSA-5654720,abstraction:IsAChildOf,R-HSA-5654716,
R-HSA-9734091,abstraction:IsAChildOf,R-HSA-6807004,
R-HSA-2395516,abstraction:IsAChildOf,R-HSA-1362409,
R-HSA-3248023,abstraction:IsAChildOf,R-HSA-3134975,
R-HSA-159854,abstraction:IsAChildOf,R-HSA-163841,
R-HSA-204626,abstraction:IsAChildOf,R-HSA-163841,
R-HSA-5358493,abstraction:IsAChildOf,R-HSA-163841,
R-HSA-1663150,abstraction:IsAChildOf,R-HSA-163841,
R-HSA-9629569,abstraction:IsAChildOf,R-HSA-163841,
R-HSA-2243919,abstraction:IsAChildOf,R-HSA-2022090,
R-HSA-2214320,abstraction:IsAChildOf,R-HSA-2022090,
R-HSA-9022707,abstraction:IsAChildOf,R-HSA-8986944,
R-HSA-9022927,abstraction:IsAChildOf,R-HSA-8986944,
R-HSA-9022692,abstraction:IsAChildOf,R-HSA-8986944,
R-HSA-9022699,abstraction:IsAChildOf,R-HSA-8986944,
R-HSA-9022702,abstraction:IsAChildOf,R-HSA-8986944,
R-HSA-804914,abstraction:IsAChildOf,R-HSA-425397,
R-HSA-83936,abstraction:IsAChildOf,R-HSA-425397,
R-HSA-727802,abstraction:IsAChildOf,R-HSA-425397,
R-HSA-6811434,abstraction:IsAChildOf,R-HSA-8856688,
R-HSA-6811436,abstraction:IsAChildOf,R-HSA-8856688,
R-HSA-2219530,abstraction:IsAChildOf,R-HSA-2219528,
R-HSA-5674400,abstraction:IsAChildOf,R-HSA-2219528,
R-HSA-5674404,abstraction:IsAChildOf,R-HSA-2219528,
R-HSA-190375,abstraction:IsAChildOf,R-HSA-190241,
R-HSA-190377,abstraction:IsAChildOf,R-HSA-190241,
R-HSA-166058,abstraction:IsAChildOf,R-HSA-168188,
R-HSA-9726842,abstraction:IsAChildOf,R-HSA-9660537,
R-HSA-9726840,abstraction:IsAChildOf,R-HSA-9660537,
R-HSA-983189,abstraction:IsAChildOf,R-HSA-983231,
R-HSA-5358508,abstraction:IsAChildOf,R-HSA-73894,
R-HSA-73884,abstraction:IsAChildOf,R-HSA-73894,
R-HSA-73942,abstraction:IsAChildOf,R-HSA-73894,
R-HSA-5696398,abstraction:IsAChildOf,R-HSA-73894,
R-HSA-6783310,abstraction:IsAChildOf,R-HSA-73894,
R-HSA-5693532,abstraction:IsAChildOf,R-HSA-73894,
R-HSA-73893,abstraction:IsAChildOf,R-HSA-73894,
R-HSA-112040,abstraction:IsAChildOf,R-HSA-111885,
R-HSA-202040,abstraction:IsAChildOf,R-HSA-111885,
R-HSA-180024,abstraction:IsAChildOf,R-HSA-111885,
R-HSA-75892,abstraction:IsAChildOf,R-HSA-109582,
R-HSA-75205,abstraction:IsAChildOf,R-HSA-109582,
R-HSA-202733,abstraction:IsAChildOf,R-HSA-109582,
R-HSA-983231,abstraction:IsAChildOf,R-HSA-109582,
R-HSA-140877,abstraction:IsAChildOf,R-HSA-109582,
R-HSA-76002,abstraction:IsAChildOf,R-HSA-109582,
R-HSA-418346,abstraction:IsAChildOf,R-HSA-109582,
R-HSA-5655253,abstraction:IsAChildOf,R-HSA-1226099,
R-HSA-5655302,abstraction:IsAChildOf,R-HSA-1226099,
R-HSA-5655291,abstraction:IsAChildOf,R-HSA-1226099,
R-HSA-5655332,abstraction:IsAChildOf,R-HSA-1226099,
R-HSA-69166,abstraction:IsAChildOf,R-HSA-69183,
R-HSA-1606341,abstraction:IsAChildOf,R-HSA-1606322,
R-HSA-1810476,abstraction:IsAChildOf,R-HSA-1606322,
R-HSA-975577,abstraction:IsAChildOf,R-HSA-975576,
R-HSA-975574,abstraction:IsAChildOf,R-HSA-975576,
R-HSA-975578,abstraction:IsAChildOf,R-HSA-975576,
R-HSA-68867,abstraction:IsAChildOf,R-HSA-69002,
R-HSA-68962,abstraction:IsAChildOf,R-HSA-69002,
R-HSA-450294,abstraction:IsAChildOf,R-HSA-166058,
R-HSA-937039,abstraction:IsAChildOf,R-HSA-166058,
R-HSA-445989,abstraction:IsAChildOf,R-HSA-166058,
R-HSA-937042,abstraction:IsAChildOf,R-HSA-166058,
R-HSA-2129379,abstraction:IsAChildOf,R-HSA-1566948,
R-HSA-140179,abstraction:IsAChildOf,R-HSA-211945,
R-HSA-140180,abstraction:IsAChildOf,R-HSA-211945,
R-HSA-8937144,abstraction:IsAChildOf,R-HSA-211945,
R-HSA-71384,abstraction:IsAChildOf,R-HSA-211945,
R-HSA-217271,abstraction:IsAChildOf,R-HSA-211945,
R-HSA-211897,abstraction:IsAChildOf,R-HSA-211945,
R-HSA-6798695,abstraction:IsAChildOf,R-HSA-168249,
R-HSA-2172127,abstraction:IsAChildOf,R-HSA-168249,
R-HSA-879415,abstraction:IsAChildOf,R-HSA-168249,
R-HSA-1222556,abstraction:IsAChildOf,R-HSA-168249,
R-HSA-166658,abstraction:IsAChildOf,R-HSA-168249,
R-HSA-2029480,abstraction:IsAChildOf,R-HSA-168249,
R-HSA-168643,abstraction:IsAChildOf,R-HSA-168249,
R-HSA-6803157,abstraction:IsAChildOf,R-HSA-168249,
R-HSA-9686114,abstraction:IsAChildOf,R-HSA-168249,
R-HSA-168898,abstraction:IsAChildOf,R-HSA-168249,
R-HSA-2454202,abstraction:IsAChildOf,R-HSA-168249,
R-HSA-1834949,abstraction:IsAChildOf,R-HSA-168249,
R-HSA-9645460,abstraction:IsAChildOf,R-HSA-168249,
R-HSA-168928,abstraction:IsAChildOf,R-HSA-168249,
R-HSA-5621481,abstraction:IsAChildOf,R-HSA-168249,
R-HSA-69190,abstraction:IsAChildOf,R-HSA-69239,
R-HSA-69052,abstraction:IsAChildOf,R-HSA-69239,
R-HSA-68952,abstraction:IsAChildOf,R-HSA-69239,
R-HSA-1295596,abstraction:IsAChildOf,R-HSA-5654733,
R-HSA-964827,abstraction:IsAChildOf,R-HSA-964739,
R-HSA-111997,abstraction:IsAChildOf,R-HSA-111996,
R-HSA-111995,abstraction:IsAChildOf,R-HSA-111996,
R-HSA-187024,abstraction:IsAChildOf,R-HSA-187015,
R-HSA-187042,abstraction:IsAChildOf,R-HSA-187015,
R-HSA-173599,abstraction:IsAChildOf,R-HSA-156588,
R-HSA-9732724,abstraction:IsAChildOf,R-HSA-877300,
R-HSA-877312,abstraction:IsAChildOf,R-HSA-877300,
R-HSA-5660489,abstraction:IsAChildOf,R-HSA-5660526,
R-HSA-5661231,abstraction:IsAChildOf,R-HSA-5660526,
R-HSA-73780,abstraction:IsAChildOf,R-HSA-74158,
R-HSA-73980,abstraction:IsAChildOf,R-HSA-74158,
R-HSA-76046,abstraction:IsAChildOf,R-HSA-74158,
R-HSA-749476,abstraction:IsAChildOf,R-HSA-74158,
R-HSA-388396,abstraction:IsAChildOf,R-HSA-372790,
R-HSA-500792,abstraction:IsAChildOf,R-HSA-372790,
R-HSA-9694631,abstraction:IsAChildOf,R-HSA-9694635,
R-HSA-9694719,abstraction:IsAChildOf,R-HSA-9694635,
R-HSA-9694493,abstraction:IsAChildOf,R-HSA-9694635,
R-HSA-9694594,abstraction:IsAChildOf,R-HSA-9694635,
R-HSA-9694548,abstraction:IsAChildOf,R-HSA-9694635,
R-HSA-180746,abstraction:IsAChildOf,R-HSA-177243,
R-HSA-165054,abstraction:IsAChildOf,R-HSA-177243,
R-HSA-73929,abstraction:IsAChildOf,R-HSA-73884,
R-HSA-73933,abstraction:IsAChildOf,R-HSA-73884,
R-HSA-164516,abstraction:IsAChildOf,R-HSA-162589,
R-HSA-164525,abstraction:IsAChildOf,R-HSA-162589,
R-HSA-192869,abstraction:IsAChildOf,R-HSA-168273,
R-HSA-192905,abstraction:IsAChildOf,R-HSA-168273,
R-HSA-192823,abstraction:IsAChildOf,R-HSA-168273,
R-HSA-168325,abstraction:IsAChildOf,R-HSA-168273,
R-HSA-192814,abstraction:IsAChildOf,R-HSA-168273,
R-HSA-5693607,abstraction:IsAChildOf,R-HSA-5693567,
R-HSA-5685938,abstraction:IsAChildOf,R-HSA-5693567,
R-HSA-5685942,abstraction:IsAChildOf,R-HSA-5693567,
R-HSA-372708,abstraction:IsAChildOf,R-HSA-354192,
R-HSA-354194,abstraction:IsAChildOf,R-HSA-354192,
R-HSA-9661069,abstraction:IsAChildOf,R-HSA-9659787,
R-HSA-9661070,abstraction:IsAChildOf,R-HSA-9659787,
R-HSA-6784531,abstraction:IsAChildOf,R-HSA-72306,
R-HSA-6782315,abstraction:IsAChildOf,R-HSA-72306,
R-HSA-6785470,abstraction:IsAChildOf,R-HSA-72306,
R-HSA-6787450,abstraction:IsAChildOf,R-HSA-72306,
R-HSA-9839389,abstraction:IsAChildOf,R-HSA-9839373,
R-HSA-9839397,abstraction:IsAChildOf,R-HSA-9839373,
R-HSA-9839406,abstraction:IsAChildOf,R-HSA-9839373,
R-HSA-9839394,abstraction:IsAChildOf,R-HSA-9839373,
R-HSA-9839383,abstraction:IsAChildOf,R-HSA-9839373,
R-HSA-168305,abstraction:IsAChildOf,R-HSA-168276,
R-HSA-168315,abstraction:IsAChildOf,R-HSA-168276,
R-HSA-169131,abstraction:IsAChildOf,R-HSA-168276,
R-HSA-8848021,abstraction:IsAChildOf,R-HSA-9006927,
R-HSA-72163,abstraction:IsAChildOf,R-HSA-72172,
R-HSA-72165,abstraction:IsAChildOf,R-HSA-72172,
R-HSA-389359,abstraction:IsAChildOf,R-HSA-389356,
R-HSA-389357,abstraction:IsAChildOf,R-HSA-389356,
R-HSA-168888,abstraction:IsAChildOf,R-HSA-168305,
R-HSA-2514856,abstraction:IsAChildOf,R-HSA-2187338,
R-HSA-2187335,abstraction:IsAChildOf,R-HSA-2187338,
R-HSA-2453902,abstraction:IsAChildOf,R-HSA-2187338,
R-HSA-975634,abstraction:IsAChildOf,R-HSA-2187338,
R-HSA-9663891,abstraction:IsAChildOf,R-HSA-1632852,
R-HSA-163560,abstraction:IsAChildOf,R-HSA-8979227,
R-HSA-75109,abstraction:IsAChildOf,R-HSA-8979227,
R-HSA-2428933,abstraction:IsAChildOf,R-HSA-2428924,
R-HSA-2428928,abstraction:IsAChildOf,R-HSA-2428924,
R-HSA-9645135,abstraction:IsAChildOf,R-HSA-9607240,
R-HSA-9706369,abstraction:IsAChildOf,R-HSA-9607240,
R-HSA-9706374,abstraction:IsAChildOf,R-HSA-9607240,
R-HSA-1362277,abstraction:IsAChildOf,R-HSA-1538133,
R-HSA-1362300,abstraction:IsAChildOf,R-HSA-1538133,
R-HSA-5173105,abstraction:IsAChildOf,R-HSA-597592,
R-HSA-8873719,abstraction:IsAChildOf,R-HSA-597592,
R-HSA-8852135,abstraction:IsAChildOf,R-HSA-597592,
R-HSA-8951664,abstraction:IsAChildOf,R-HSA-597592,
R-HSA-8955332,abstraction:IsAChildOf,R-HSA-597592,
R-HSA-163841,abstraction:IsAChildOf,R-HSA-597592,
R-HSA-9907900,abstraction:IsAChildOf,R-HSA-597592,
R-HSA-5688426,abstraction:IsAChildOf,R-HSA-597592,
R-HSA-2990846,abstraction:IsAChildOf,R-HSA-597592,
R-HSA-8957275,abstraction:IsAChildOf,R-HSA-597592,
R-HSA-446203,abstraction:IsAChildOf,R-HSA-597592,
R-HSA-163125,abstraction:IsAChildOf,R-HSA-597592,
R-HSA-9857492,abstraction:IsAChildOf,R-HSA-597592,
R-HSA-8876725,abstraction:IsAChildOf,R-HSA-597592,
R-HSA-622312,abstraction:IsAChildOf,R-HSA-168643,
R-HSA-168638,abstraction:IsAChildOf,R-HSA-168643,
R-HSA-1632852,abstraction:IsAChildOf,R-HSA-9612973,
R-HSA-9615710,abstraction:IsAChildOf,R-HSA-9612973,
R-HSA-9613829,abstraction:IsAChildOf,R-HSA-9612973,
R-HSA-5658034,abstraction:IsAChildOf,R-HSA-5387390,
R-HSA-5362768,abstraction:IsAChildOf,R-HSA-5387390,
R-HSA-1855167,abstraction:IsAChildOf,R-HSA-1483249,
R-HSA-1855156,abstraction:IsAChildOf,R-HSA-1483249,
R-HSA-1855191,abstraction:IsAChildOf,R-HSA-1483249,
R-HSA-1855231,abstraction:IsAChildOf,R-HSA-1483249,
R-HSA-1855215,abstraction:IsAChildOf,R-HSA-1483249,
R-HSA-1855204,abstraction:IsAChildOf,R-HSA-1483249,
R-HSA-1855192,abstraction:IsAChildOf,R-HSA-1483249,
R-HSA-1855170,abstraction:IsAChildOf,R-HSA-1483249,
R-HSA-1855196,abstraction:IsAChildOf,R-HSA-1483249,
R-HSA-1855184,abstraction:IsAChildOf,R-HSA-1483249,
R-HSA-1855183,abstraction:IsAChildOf,R-HSA-1483249,
R-HSA-1855229,abstraction:IsAChildOf,R-HSA-1483249,
R-HSA-77387,abstraction:IsAChildOf,R-HSA-74752,
R-HSA-74751,abstraction:IsAChildOf,R-HSA-74752,
R-HSA-9725371,abstraction:IsAChildOf,R-HSA-9725370,
R-HSA-9006821,abstraction:IsAChildOf,R-HSA-9673013,
R-HSA-193670,abstraction:IsAChildOf,R-HSA-193704,
R-HSA-193692,abstraction:IsAChildOf,R-HSA-193704,
R-HSA-205017,abstraction:IsAChildOf,R-HSA-193704,
R-HSA-193697,abstraction:IsAChildOf,R-HSA-193704,
R-HSA-204998,abstraction:IsAChildOf,R-HSA-193704,
R-HSA-193639,abstraction:IsAChildOf,R-HSA-193704,
R-HSA-193681,abstraction:IsAChildOf,R-HSA-193704,
R-HSA-446353,abstraction:IsAChildOf,R-HSA-446728,
R-HSA-421270,abstraction:IsAChildOf,R-HSA-446728,
R-HSA-446107,abstraction:IsAChildOf,R-HSA-446728,
R-HSA-9758274,abstraction:IsAChildOf,R-HSA-445989,
R-HSA-2682334,abstraction:IsAChildOf,R-HSA-422475,
R-HSA-373760,abstraction:IsAChildOf,R-HSA-422475,
R-HSA-373752,abstraction:IsAChildOf,R-HSA-422475,
R-HSA-8866376,abstraction:IsAChildOf,R-HSA-422475,
R-HSA-8853659,abstraction:IsAChildOf,R-HSA-422475,
R-HSA-376176,abstraction:IsAChildOf,R-HSA-422475,
R-HSA-373755,abstraction:IsAChildOf,R-HSA-422475,
R-HSA-375165,abstraction:IsAChildOf,R-HSA-422475,
R-HSA-428890,abstraction:IsAChildOf,R-HSA-376176,
R-HSA-428543,abstraction:IsAChildOf,R-HSA-376176,
R-HSA-8985801,abstraction:IsAChildOf,R-HSA-376176,
R-HSA-428540,abstraction:IsAChildOf,R-HSA-376176,
R-HSA-9010642,abstraction:IsAChildOf,R-HSA-376176,
R-HSA-8985586,abstraction:IsAChildOf,R-HSA-376176,
R-HSA-9010553,abstraction:IsAChildOf,R-HSA-376176,
R-HSA-428542,abstraction:IsAChildOf,R-HSA-376176,
R-HSA-2197563,abstraction:IsAChildOf,R-HSA-1980145,
R-HSA-2979096,abstraction:IsAChildOf,R-HSA-1980145,
R-HSA-9851695,abstraction:IsAChildOf,R-HSA-9818564,
R-HSA-9927432,abstraction:IsAChildOf,R-HSA-9924644,
R-HSA-9938206,abstraction:IsAChildOf,R-HSA-9924644,
R-HSA-9927426,abstraction:IsAChildOf,R-HSA-9924644,
R-HSA-9927418,abstraction:IsAChildOf,R-HSA-9924644,
R-HSA-111453,abstraction:IsAChildOf,R-HSA-109606,
R-HSA-114294,abstraction:IsAChildOf,R-HSA-109606,
R-HSA-114452,abstraction:IsAChildOf,R-HSA-109606,
R-HSA-111452,abstraction:IsAChildOf,R-HSA-109606,
R-HSA-111471,abstraction:IsAChildOf,R-HSA-109606,
R-HSA-75108,abstraction:IsAChildOf,R-HSA-109606,
R-HSA-2206291,abstraction:IsAChildOf,R-HSA-2206281,
R-HSA-9953078,abstraction:IsAChildOf,R-HSA-2206281,
R-HSA-9953097,abstraction:IsAChildOf,R-HSA-2206281,
R-HSA-2206285,abstraction:IsAChildOf,R-HSA-2206281,
R-HSA-2206296,abstraction:IsAChildOf,R-HSA-2206281,
R-HSA-9953111,abstraction:IsAChildOf,R-HSA-2206281,
R-HSA-2206280,abstraction:IsAChildOf,R-HSA-2206281,
R-HSA-9953038,abstraction:IsAChildOf,R-HSA-2206281,
R-HSA-2206282,abstraction:IsAChildOf,R-HSA-2206281,
R-HSA-2206290,abstraction:IsAChildOf,R-HSA-2206281,
R-HSA-9953080,abstraction:IsAChildOf,R-HSA-2206281,
R-HSA-2206308,abstraction:IsAChildOf,R-HSA-2206281,
R-HSA-2206302,abstraction:IsAChildOf,R-HSA-2206281,
R-HSA-2206292,abstraction:IsAChildOf,R-HSA-2206281,
R-HSA-2206305,abstraction:IsAChildOf,R-HSA-2206281,
R-HSA-2206307,abstraction:IsAChildOf,R-HSA-2206281,
R-HSA-4419969,abstraction:IsAChildOf,R-HSA-2980766,
R-HSA-3301854,abstraction:IsAChildOf,R-HSA-2980766,
R-HSA-2980767,abstraction:IsAChildOf,R-HSA-2980766,
R-HSA-5696397,abstraction:IsAChildOf,R-HSA-5696399,
R-HSA-5696395,abstraction:IsAChildOf,R-HSA-5696399,
R-HSA-5696400,abstraction:IsAChildOf,R-HSA-5696399,
R-HSA-5696394,abstraction:IsAChildOf,R-HSA-5696399,
R-HSA-428643,abstraction:IsAChildOf,R-HSA-9955298,
R-HSA-9958517,abstraction:IsAChildOf,R-HSA-9955298,
R-HSA-433692,abstraction:IsAChildOf,R-HSA-9955298,
R-HSA-561048,abstraction:IsAChildOf,R-HSA-9955298,
R-HSA-879518,abstraction:IsAChildOf,R-HSA-9955298,
R-HSA-6802957,abstraction:IsAChildOf,R-HSA-5663202,
R-HSA-9700206,abstraction:IsAChildOf,R-HSA-5663202,
R-HSA-1643713,abstraction:IsAChildOf,R-HSA-5663202,
R-HSA-1226099,abstraction:IsAChildOf,R-HSA-5663202,
R-HSA-4791275,abstraction:IsAChildOf,R-HSA-5663202,
R-HSA-3304351,abstraction:IsAChildOf,R-HSA-5663202,
R-HSA-9682385,abstraction:IsAChildOf,R-HSA-5663202,
R-HSA-9669938,abstraction:IsAChildOf,R-HSA-5663202,
R-HSA-1227990,abstraction:IsAChildOf,R-HSA-5663202,
R-HSA-9671555,abstraction:IsAChildOf,R-HSA-5663202,
R-HSA-2644603,abstraction:IsAChildOf,R-HSA-5663202,
R-HSA-9842640,abstraction:IsAChildOf,R-HSA-5663202,
R-HSA-2219528,abstraction:IsAChildOf,R-HSA-5663202,
R-HSA-5387390,abstraction:IsAChildOf,R-HSA-5663202,
R-HSA-72200,abstraction:IsAChildOf,R-HSA-75072,
R-HSA-75064,abstraction:IsAChildOf,R-HSA-75072,
R-HSA-916853,abstraction:IsAChildOf,R-HSA-888590,
R-HSA-888568,abstraction:IsAChildOf,R-HSA-888590,
R-HSA-888593,abstraction:IsAChildOf,R-HSA-888590,
R-HSA-196849,abstraction:IsAChildOf,R-HSA-196854,
R-HSA-6806667,abstraction:IsAChildOf,R-HSA-196854,
R-HSA-8978934,abstraction:IsAChildOf,R-HSA-196854,
R-HSA-1369007,abstraction:IsAChildOf,R-HSA-382556,
R-HSA-1369062,abstraction:IsAChildOf,R-HSA-382556,
R-HSA-373753,abstraction:IsAChildOf,R-HSA-1500931,
R-HSA-446728,abstraction:IsAChildOf,R-HSA-1500931,
R-HSA-391160,abstraction:IsAChildOf,R-HSA-1500931,
R-HSA-5654221,abstraction:IsAChildOf,R-HSA-5654696,
R-HSA-5654699,abstraction:IsAChildOf,R-HSA-5654696,
R-HSA-5654695,abstraction:IsAChildOf,R-HSA-5654696,
R-HSA-5654700,abstraction:IsAChildOf,R-HSA-5654696,
R-HSA-9824856,abstraction:IsAChildOf,R-HSA-5602358,
R-HSA-5602566,abstraction:IsAChildOf,R-HSA-5602358,
R-HSA-5603027,abstraction:IsAChildOf,R-HSA-5602358,
R-HSA-5602415,abstraction:IsAChildOf,R-HSA-5602358,
R-HSA-5602636,abstraction:IsAChildOf,R-HSA-5602358,
R-HSA-5602571,abstraction:IsAChildOf,R-HSA-5602358,
R-HSA-5603037,abstraction:IsAChildOf,R-HSA-5602358,
R-HSA-5603029,abstraction:IsAChildOf,R-HSA-5602358,
R-HSA-5603041,abstraction:IsAChildOf,R-HSA-5602358,
R-HSA-5602498,abstraction:IsAChildOf,R-HSA-5602358,
R-HSA-5602410,abstraction:IsAChildOf,R-HSA-5602358,
R-HSA-5602680,abstraction:IsAChildOf,R-HSA-5602358,
R-HSA-446193,abstraction:IsAChildOf,R-HSA-446203,
R-HSA-532668,abstraction:IsAChildOf,R-HSA-446203,
R-HSA-948021,abstraction:IsAChildOf,R-HSA-446203,
R-HSA-901032,abstraction:IsAChildOf,R-HSA-901042,
R-HSA-1296025,abstraction:IsAChildOf,R-HSA-1296065,
R-HSA-1296067,abstraction:IsAChildOf,R-HSA-1296065,
R-HSA-1296059,abstraction:IsAChildOf,R-HSA-1296065,
R-HSA-1296053,abstraction:IsAChildOf,R-HSA-1296065,
R-HSA-9009391,abstraction:IsAChildOf,R-HSA-8939211,
R-HSA-9018519,abstraction:IsAChildOf,R-HSA-8939211,
R-HSA-2024096,abstraction:IsAChildOf,R-HSA-1638091,
R-HSA-2022928,abstraction:IsAChildOf,R-HSA-1638091,
R-HSA-9664417,abstraction:IsAChildOf,R-HSA-9664407,
R-HSA-69200,abstraction:IsAChildOf,R-HSA-69202,
R-HSA-187577,abstraction:IsAChildOf,R-HSA-69202,
R-HSA-5689896,abstraction:IsAChildOf,R-HSA-5688426,
R-HSA-5689603,abstraction:IsAChildOf,R-HSA-5688426,
R-HSA-5689877,abstraction:IsAChildOf,R-HSA-5688426,
R-HSA-5689901,abstraction:IsAChildOf,R-HSA-5688426,
R-HSA-5689880,abstraction:IsAChildOf,R-HSA-5688426,
R-HSA-1236974,abstraction:IsAChildOf,R-HSA-1236975,
R-HSA-1236973,abstraction:IsAChildOf,R-HSA-1236975,
R-HSA-1236978,abstraction:IsAChildOf,R-HSA-1236975,
R-HSA-1236977,abstraction:IsAChildOf,R-HSA-1236975,
R-HSA-166058,abstraction:IsAChildOf,R-HSA-166016,
R-HSA-166020,abstraction:IsAChildOf,R-HSA-166016,
R-HSA-166166,abstraction:IsAChildOf,R-HSA-166016,
R-HSA-9824272,abstraction:IsAChildOf,R-HSA-9793380,
R-HSA-418594,abstraction:IsAChildOf,R-HSA-388396,
R-HSA-418597,abstraction:IsAChildOf,R-HSA-388396,
R-HSA-416476,abstraction:IsAChildOf,R-HSA-388396,
R-HSA-397795,abstraction:IsAChildOf,R-HSA-388396,
R-HSA-418555,abstraction:IsAChildOf,R-HSA-388396,
R-HSA-416482,abstraction:IsAChildOf,R-HSA-388396,
R-HSA-9670613,abstraction:IsAChildOf,R-HSA-9670621,
R-HSA-9670615,abstraction:IsAChildOf,R-HSA-9670621,
R-HSA-5467345,abstraction:IsAChildOf,R-HSA-4839735,
R-HSA-5467340,abstraction:IsAChildOf,R-HSA-4839735,
R-HSA-9701193,abstraction:IsAChildOf,R-HSA-9675136,
R-HSA-9663199,abstraction:IsAChildOf,R-HSA-9675136,
R-HSA-9699150,abstraction:IsAChildOf,R-HSA-9675136,
R-HSA-9701190,abstraction:IsAChildOf,R-HSA-9675136,
R-HSA-9701192,abstraction:IsAChildOf,R-HSA-9675136,
R-HSA-73943,abstraction:IsAChildOf,R-HSA-73942,
R-HSA-9729902,abstraction:IsAChildOf,R-HSA-73942,
R-HSA-5657655,abstraction:IsAChildOf,R-HSA-73942,
R-HSA-9843970,abstraction:IsAChildOf,R-HSA-9842860,
R-HSA-9845323,abstraction:IsAChildOf,R-HSA-9842860,
R-HSA-9843940,abstraction:IsAChildOf,R-HSA-9842860,
R-HSA-9694301,abstraction:IsAChildOf,R-HSA-9694676,
R-HSA-9694271,abstraction:IsAChildOf,R-HSA-9694676,
R-HSA-159424,abstraction:IsAChildOf,R-HSA-156587,
R-HSA-9657050,abstraction:IsAChildOf,R-HSA-9656249,
R-HSA-9656256,abstraction:IsAChildOf,R-HSA-9656249,
R-HSA-9656255,abstraction:IsAChildOf,R-HSA-9656249,
R-HSA-190827,abstraction:IsAChildOf,R-HSA-190861,
R-HSA-190872,abstraction:IsAChildOf,R-HSA-190861,
R-HSA-190704,abstraction:IsAChildOf,R-HSA-190861,
R-HSA-379401,abstraction:IsAChildOf,R-HSA-112311,
R-HSA-380615,abstraction:IsAChildOf,R-HSA-112311,
R-HSA-352230,abstraction:IsAChildOf,R-HSA-9958863,
R-HSA-428559,abstraction:IsAChildOf,R-HSA-9958863,
R-HSA-8854050,abstraction:IsAChildOf,R-HSA-69275,
R-HSA-69273,abstraction:IsAChildOf,R-HSA-69275,
R-HSA-8854518,abstraction:IsAChildOf,R-HSA-69275,
R-HSA-8854521,abstraction:IsAChildOf,R-HSA-69275,
R-HSA-156711,abstraction:IsAChildOf,R-HSA-69275,
R-HSA-2565942,abstraction:IsAChildOf,R-HSA-69275,
R-HSA-8852276,abstraction:IsAChildOf,R-HSA-69275,
R-HSA-380287,abstraction:IsAChildOf,R-HSA-69275,
R-HSA-9830674,abstraction:IsAChildOf,R-HSA-9830369,
R-HSA-9831926,abstraction:IsAChildOf,R-HSA-9830369,
R-HSA-9830364,abstraction:IsAChildOf,R-HSA-9830369,
R-HSA-211733,abstraction:IsAChildOf,R-HSA-169911,
R-HSA-211728,abstraction:IsAChildOf,R-HSA-169911,
R-HSA-179812,abstraction:IsAChildOf,R-HSA-177929,
R-HSA-180336,abstraction:IsAChildOf,R-HSA-177929,
R-HSA-180292,abstraction:IsAChildOf,R-HSA-177929,
R-HSA-212718,abstraction:IsAChildOf,R-HSA-177929,
R-HSA-182971,abstraction:IsAChildOf,R-HSA-177929,
R-HSA-72706,abstraction:IsAChildOf,R-HSA-72737,
R-HSA-72689,abstraction:IsAChildOf,R-HSA-72737,
R-HSA-72702,abstraction:IsAChildOf,R-HSA-72737,
R-HSA-72662,abstraction:IsAChildOf,R-HSA-72737,
R-HSA-72695,abstraction:IsAChildOf,R-HSA-72737,
R-HSA-72731,abstraction:IsAChildOf,R-HSA-72737,
R-HSA-9764560,abstraction:IsAChildOf,R-HSA-9764265,
R-HSA-9764562,abstraction:IsAChildOf,R-HSA-9764265,
R-HSA-9768727,abstraction:IsAChildOf,R-HSA-9764265,
R-HSA-9764561,abstraction:IsAChildOf,R-HSA-9764265,
R-HSA-434313,abstraction:IsAChildOf,R-HSA-400451,
R-HSA-434316,abstraction:IsAChildOf,R-HSA-400451,
R-HSA-9013422,abstraction:IsAChildOf,R-HSA-9706574,
R-HSA-9013418,abstraction:IsAChildOf,R-HSA-9706574,
R-HSA-6804760,abstraction:IsAChildOf,R-HSA-5633007,
R-HSA-6806003,abstraction:IsAChildOf,R-HSA-5633007,
R-HSA-6804756,abstraction:IsAChildOf,R-HSA-5633007,
R-HSA-6804759,abstraction:IsAChildOf,R-HSA-5633007,
R-HSA-6804758,abstraction:IsAChildOf,R-HSA-5633007,
R-HSA-913709,abstraction:IsAChildOf,R-HSA-5173105,
R-HSA-8931838,abstraction:IsAChildOf,R-HSA-5173105,
R-HSA-5173214,abstraction:IsAChildOf,R-HSA-5173105,
R-HSA-8978868,abstraction:IsAChildOf,R-HSA-556833,
R-HSA-400206,abstraction:IsAChildOf,R-HSA-556833,
R-HSA-8964572,abstraction:IsAChildOf,R-HSA-556833,
R-HSA-74182,abstraction:IsAChildOf,R-HSA-556833,
R-HSA-8848584,abstraction:IsAChildOf,R-HSA-556833,
R-HSA-8979227,abstraction:IsAChildOf,R-HSA-556833,
R-HSA-9018678,abstraction:IsAChildOf,R-HSA-556833,
R-HSA-8957322,abstraction:IsAChildOf,R-HSA-556833,
R-HSA-428157,abstraction:IsAChildOf,R-HSA-556833,
R-HSA-1483257,abstraction:IsAChildOf,R-HSA-556833,
R-HSA-9694786,abstraction:IsAChildOf,R-HSA-9694682,
R-HSA-9694686,abstraction:IsAChildOf,R-HSA-9694682,
R-HSA-9707587,abstraction:IsAChildOf,R-HSA-9707564,
R-HSA-5649702,abstraction:IsAChildOf,R-HSA-73933,
R-HSA-110357,abstraction:IsAChildOf,R-HSA-73933,
R-HSA-110373,abstraction:IsAChildOf,R-HSA-73933,
R-HSA-110381,abstraction:IsAChildOf,R-HSA-73933,
R-HSA-6791462,abstraction:IsAChildOf,R-HSA-6791465,
R-HSA-6791055,abstraction:IsAChildOf,R-HSA-6791465,
R-HSA-5659996,abstraction:IsAChildOf,R-HSA-6791465,
R-HSA-6791461,abstraction:IsAChildOf,R-HSA-6791465,
R-HSA-141334,abstraction:IsAChildOf,R-HSA-140179,
R-HSA-141333,abstraction:IsAChildOf,R-HSA-140179,
R-HSA-193704,abstraction:IsAChildOf,R-HSA-73887,
R-HSA-75158,abstraction:IsAChildOf,R-HSA-73887,
R-HSA-75893,abstraction:IsAChildOf,R-HSA-73887,
R-HSA-75157,abstraction:IsAChildOf,R-HSA-73887,
R-HSA-3560782,abstraction:IsAChildOf,R-HSA-3781865,
R-HSA-5609975,abstraction:IsAChildOf,R-HSA-3781865,
R-HSA-3906995,abstraction:IsAChildOf,R-HSA-3781865,
R-HSA-3781860,abstraction:IsAChildOf,R-HSA-3781865,
R-HSA-9909648,abstraction:IsAChildOf,R-HSA-389948,
R-HSA-991365,abstraction:IsAChildOf,R-HSA-977444,
R-HSA-912526,abstraction:IsAChildOf,R-HSA-512988,
R-HSA-912631,abstraction:IsAChildOf,R-HSA-512988,
R-HSA-442380,abstraction:IsAChildOf,R-HSA-435354,
R-HSA-435368,abstraction:IsAChildOf,R-HSA-435354,
R-HSA-69473,abstraction:IsAChildOf,R-HSA-69481,
R-HSA-69478,abstraction:IsAChildOf,R-HSA-69481,
R-HSA-176187,abstraction:IsAChildOf,R-HSA-69481,
R-HSA-3315487,abstraction:IsAChildOf,R-HSA-3304349,
R-HSA-3304356,abstraction:IsAChildOf,R-HSA-3304349,
R-HSA-8948216,abstraction:IsAChildOf,R-HSA-1650814,
R-HSA-9665246,abstraction:IsAChildOf,R-HSA-9665230,
R-HSA-9665244,abstraction:IsAChildOf,R-HSA-9665230,
R-HSA-9665250,abstraction:IsAChildOf,R-HSA-9665230,
R-HSA-9665249,abstraction:IsAChildOf,R-HSA-9665230,
R-HSA-9665247,abstraction:IsAChildOf,R-HSA-9665230,
R-HSA-9665251,abstraction:IsAChildOf,R-HSA-9665230,
R-HSA-9665245,abstraction:IsAChildOf,R-HSA-9665230,
R-HSA-9665233,abstraction:IsAChildOf,R-HSA-9665230,
R-HSA-2122948,abstraction:IsAChildOf,R-HSA-1980143,
R-HSA-2122947,abstraction:IsAChildOf,R-HSA-1980143,
R-HSA-9615933,abstraction:IsAChildOf,R-HSA-2995410,
R-HSA-2995383,abstraction:IsAChildOf,R-HSA-2995410,
R-HSA-9668328,abstraction:IsAChildOf,R-HSA-2995410,
R-HSA-156588,abstraction:IsAChildOf,R-HSA-156580,
R-HSA-156582,abstraction:IsAChildOf,R-HSA-156580,
R-HSA-156590,abstraction:IsAChildOf,R-HSA-156580,
R-HSA-156587,abstraction:IsAChildOf,R-HSA-156580,
R-HSA-156584,abstraction:IsAChildOf,R-HSA-156580,
R-HSA-156581,abstraction:IsAChildOf,R-HSA-156580,
R-HSA-2173788,abstraction:IsAChildOf,R-HSA-2173789,
R-HSA-9855142,abstraction:IsAChildOf,R-HSA-8953897,
R-HSA-5660526,abstraction:IsAChildOf,R-HSA-8953897,
R-HSA-2262752,abstraction:IsAChildOf,R-HSA-8953897,
R-HSA-76071,abstraction:IsAChildOf,R-HSA-76046,
R-HSA-76066,abstraction:IsAChildOf,R-HSA-76046,
R-HSA-76061,abstraction:IsAChildOf,R-HSA-76046,
R-HSA-114508,abstraction:IsAChildOf,R-HSA-76002,
R-HSA-76009,abstraction:IsAChildOf,R-HSA-76002,
R-HSA-76005,abstraction:IsAChildOf,R-HSA-76002,
R-HSA-392518,abstraction:IsAChildOf,R-HSA-76002,
R-HSA-114604,abstraction:IsAChildOf,R-HSA-76002,
R-HSA-430116,abstraction:IsAChildOf,R-HSA-76002,
R-HSA-456926,abstraction:IsAChildOf,R-HSA-76002,
R-HSA-3371571,abstraction:IsAChildOf,R-HSA-3371556,
R-HSA-3371453,abstraction:IsAChildOf,R-HSA-3371556,
R-HSA-3371511,abstraction:IsAChildOf,R-HSA-3371556,
R-HSA-9638630,abstraction:IsAChildOf,R-HSA-9931953,
R-HSA-1169091,abstraction:IsAChildOf,R-HSA-1168372,
R-HSA-1169092,abstraction:IsAChildOf,R-HSA-1168372,
R-HSA-2025928,abstraction:IsAChildOf,R-HSA-1168372,
R-HSA-5684264,abstraction:IsAChildOf,R-HSA-450294,
R-HSA-450302,abstraction:IsAChildOf,R-HSA-450294,
R-HSA-450282,abstraction:IsAChildOf,R-HSA-450294,
R-HSA-450321,abstraction:IsAChildOf,R-HSA-450294,
R-HSA-199920,abstraction:IsAChildOf,R-HSA-450282,
R-HSA-450341,abstraction:IsAChildOf,R-HSA-450282,
R-HSA-198753,abstraction:IsAChildOf,R-HSA-450282,
R-HSA-444411,abstraction:IsAChildOf,R-HSA-5223345,
R-HSA-8963896,abstraction:IsAChildOf,R-HSA-8963898,
R-HSA-8866423,abstraction:IsAChildOf,R-HSA-8963898,
R-HSA-8963888,abstraction:IsAChildOf,R-HSA-8963898,
R-HSA-73863,abstraction:IsAChildOf,R-HSA-73864,
R-HSA-73854,abstraction:IsAChildOf,R-HSA-73864,
R-HSA-9673221,abstraction:IsAChildOf,R-HSA-9668250,
R-HSA-9673240,abstraction:IsAChildOf,R-HSA-9668250,
R-HSA-9673202,abstraction:IsAChildOf,R-HSA-9668250,
R-HSA-9673218,abstraction:IsAChildOf,R-HSA-9668250,
R-HSA-375281,abstraction:IsAChildOf,R-HSA-373076,
R-HSA-375276,abstraction:IsAChildOf,R-HSA-373076,
R-HSA-3296197,abstraction:IsAChildOf,R-HSA-373076,
R-HSA-419408,abstraction:IsAChildOf,R-HSA-373076,
R-HSA-419771,abstraction:IsAChildOf,R-HSA-373076,
R-HSA-375280,abstraction:IsAChildOf,R-HSA-373076,
R-HSA-391903,abstraction:IsAChildOf,R-HSA-373076,
R-HSA-418038,abstraction:IsAChildOf,R-HSA-373076,
R-HSA-444209,abstraction:IsAChildOf,R-HSA-373076,
R-HSA-9729555,abstraction:IsAChildOf,R-HSA-9717189,
R-HSA-9717207,abstraction:IsAChildOf,R-HSA-9717189,
R-HSA-9730628,abstraction:IsAChildOf,R-HSA-9717189,
R-HSA-9640463,abstraction:IsAChildOf,R-HSA-8848584,
R-HSA-75896,abstraction:IsAChildOf,R-HSA-8848584,
R-HSA-69560,abstraction:IsAChildOf,R-HSA-69563,
R-HSA-69541,abstraction:IsAChildOf,R-HSA-69563,
R-HSA-937061,abstraction:IsAChildOf,R-HSA-166166,
R-HSA-442982,abstraction:IsAChildOf,R-HSA-442742,
R-HSA-444257,abstraction:IsAChildOf,R-HSA-442742,
R-HSA-202670,abstraction:IsAChildOf,R-HSA-198753,
R-HSA-9702518,abstraction:IsAChildOf,R-HSA-9703648,
R-HSA-199920,abstraction:IsAChildOf,R-HSA-198725,
R-HSA-9031628,abstraction:IsAChildOf,R-HSA-198725,
R-HSA-198753,abstraction:IsAChildOf,R-HSA-198725,
R-HSA-199991,abstraction:IsAChildOf,R-HSA-5653656,
R-HSA-2173782,abstraction:IsAChildOf,R-HSA-5653656,
R-HSA-210991,abstraction:IsAChildOf,R-HSA-202733,
R-HSA-210990,abstraction:IsAChildOf,R-HSA-202733,
R-HSA-210993,abstraction:IsAChildOf,R-HSA-202733,
R-HSA-1059683,abstraction:IsAChildOf,R-HSA-6783589,
R-HSA-6788467,abstraction:IsAChildOf,R-HSA-6783589,
R-HSA-354192,abstraction:IsAChildOf,R-HSA-76009,
R-HSA-392023,abstraction:IsAChildOf,R-HSA-76009,
R-HSA-170834,abstraction:IsAChildOf,R-HSA-9006936,
R-HSA-9839373,abstraction:IsAChildOf,R-HSA-9006936,
R-HSA-201451,abstraction:IsAChildOf,R-HSA-9006936,
R-HSA-1502540,abstraction:IsAChildOf,R-HSA-9006936,
R-HSA-9913635,abstraction:IsAChildOf,R-HSA-69306,
R-HSA-69239,abstraction:IsAChildOf,R-HSA-69306,
R-HSA-69002,abstraction:IsAChildOf,R-HSA-69306,
R-HSA-6804754,abstraction:IsAChildOf,R-HSA-6806003,
R-HSA-6804757,abstraction:IsAChildOf,R-HSA-6806003,
R-HSA-167160,abstraction:IsAChildOf,R-HSA-167172,
R-HSA-167238,abstraction:IsAChildOf,R-HSA-167172,
R-HSA-167287,abstraction:IsAChildOf,R-HSA-167172,
R-HSA-167152,abstraction:IsAChildOf,R-HSA-167172,
R-HSA-167169,abstraction:IsAChildOf,R-HSA-167172,
R-HSA-167243,abstraction:IsAChildOf,R-HSA-167172,
R-HSA-167161,abstraction:IsAChildOf,R-HSA-167172,
R-HSA-167290,abstraction:IsAChildOf,R-HSA-167172,
R-HSA-167162,abstraction:IsAChildOf,R-HSA-167172,
R-HSA-1268020,abstraction:IsAChildOf,R-HSA-9609507,
R-HSA-9609523,abstraction:IsAChildOf,R-HSA-9609507,
R-HSA-9033241,abstraction:IsAChildOf,R-HSA-9609507,
R-HSA-9603798,abstraction:IsAChildOf,R-HSA-9609507,
R-HSA-9824878,abstraction:IsAChildOf,R-HSA-936964,
R-HSA-3247509,abstraction:IsAChildOf,R-HSA-4839726,
R-HSA-9932444,abstraction:IsAChildOf,R-HSA-4839726,
R-HSA-1433559,abstraction:IsAChildOf,R-HSA-1433557,
R-HSA-9013507,abstraction:IsAChildOf,R-HSA-9012852,
R-HSA-9013508,abstraction:IsAChildOf,R-HSA-9012852,
R-HSA-9024446,abstraction:IsAChildOf,R-HSA-9006931,
R-HSA-5362517,abstraction:IsAChildOf,R-HSA-9006931,
R-HSA-8939211,abstraction:IsAChildOf,R-HSA-9006931,
R-HSA-389960,abstraction:IsAChildOf,R-HSA-389958,
R-HSA-389957,abstraction:IsAChildOf,R-HSA-389958,
R-HSA-390450,abstraction:IsAChildOf,R-HSA-389958,
R-HSA-629587,abstraction:IsAChildOf,R-HSA-622327,
R-HSA-629594,abstraction:IsAChildOf,R-HSA-622327,
R-HSA-73843,abstraction:IsAChildOf,R-HSA-71336,
R-HSA-1971475,abstraction:IsAChildOf,R-HSA-1630316,
R-HSA-1638074,abstraction:IsAChildOf,R-HSA-1630316,
R-HSA-2142845,abstraction:IsAChildOf,R-HSA-1630316,
R-HSA-1638091,abstraction:IsAChildOf,R-HSA-1630316,
R-HSA-174362,abstraction:IsAChildOf,R-HSA-1630316,
R-HSA-1793185,abstraction:IsAChildOf,R-HSA-1630316,
R-HSA-190239,abstraction:IsAChildOf,R-HSA-5654741,
R-HSA-5654732,abstraction:IsAChildOf,R-HSA-5654741,
R-HSA-5654708,abstraction:IsAChildOf,R-HSA-5654741,
R-HSA-9753510,abstraction:IsAChildOf,R-HSA-9649913,
R-HSA-9753512,abstraction:IsAChildOf,R-HSA-9649913,
R-HSA-2894862,abstraction:IsAChildOf,R-HSA-2894858,
R-HSA-69091,abstraction:IsAChildOf,R-HSA-69109,
R-HSA-2892245,abstraction:IsAChildOf,R-HSA-452723,
R-HSA-2892247,abstraction:IsAChildOf,R-HSA-452723,
R-HSA-70921,abstraction:IsAChildOf,R-HSA-71291,
R-HSA-70688,abstraction:IsAChildOf,R-HSA-71291,
R-HSA-71240,abstraction:IsAChildOf,R-HSA-71291,
R-HSA-209776,abstraction:IsAChildOf,R-HSA-71291,
R-HSA-6798163,abstraction:IsAChildOf,R-HSA-71291,
R-HSA-8964539,abstraction:IsAChildOf,R-HSA-71291,
R-HSA-1614635,abstraction:IsAChildOf,R-HSA-71291,
R-HSA-71288,abstraction:IsAChildOf,R-HSA-71291,
R-HSA-389661,abstraction:IsAChildOf,R-HSA-71291,
R-HSA-5662702,abstraction:IsAChildOf,R-HSA-71291,
R-HSA-71064,abstraction:IsAChildOf,R-HSA-71291,
R-HSA-977347,abstraction:IsAChildOf,R-HSA-71291,
R-HSA-70895,abstraction:IsAChildOf,R-HSA-71291,
R-HSA-8963693,abstraction:IsAChildOf,R-HSA-71291,
R-HSA-71262,abstraction:IsAChildOf,R-HSA-71291,
R-HSA-8963691,abstraction:IsAChildOf,R-HSA-71291,
R-HSA-8964540,abstraction:IsAChildOf,R-HSA-71291,
R-HSA-2408522,abstraction:IsAChildOf,R-HSA-71291,
R-HSA-351202,abstraction:IsAChildOf,R-HSA-71291,
R-HSA-8849175,abstraction:IsAChildOf,R-HSA-71291,
R-HSA-70635,abstraction:IsAChildOf,R-HSA-71291,
R-HSA-6782861,abstraction:IsAChildOf,R-HSA-6782315,
R-HSA-9828211,abstraction:IsAChildOf,R-HSA-9013973,
R-HSA-6807878,abstraction:IsAChildOf,R-HSA-199977,
R-HSA-5694530,abstraction:IsAChildOf,R-HSA-199977,
R-HSA-204005,abstraction:IsAChildOf,R-HSA-199977,
R-HSA-211916,abstraction:IsAChildOf,R-HSA-211897,
R-HSA-211935,abstraction:IsAChildOf,R-HSA-211897,
R-HSA-211979,abstraction:IsAChildOf,R-HSA-211897,
R-HSA-211976,abstraction:IsAChildOf,R-HSA-211897,
R-HSA-211981,abstraction:IsAChildOf,R-HSA-211897,
R-HSA-211958,abstraction:IsAChildOf,R-HSA-211897,
R-HSA-167021,abstraction:IsAChildOf,R-HSA-187037,
R-HSA-198745,abstraction:IsAChildOf,R-HSA-187037,
R-HSA-198203,abstraction:IsAChildOf,R-HSA-187037,
R-HSA-198765,abstraction:IsAChildOf,R-HSA-187037,
R-HSA-198725,abstraction:IsAChildOf,R-HSA-187037,
R-HSA-187015,abstraction:IsAChildOf,R-HSA-187037,
R-HSA-177504,abstraction:IsAChildOf,R-HSA-187037,
R-HSA-187687,abstraction:IsAChildOf,R-HSA-187037,
R-HSA-1989781,abstraction:IsAChildOf,R-HSA-400206,
R-HSA-9858328,abstraction:IsAChildOf,R-HSA-71064,
R-HSA-77348,abstraction:IsAChildOf,R-HSA-77286,
R-HSA-77352,abstraction:IsAChildOf,R-HSA-77286,
R-HSA-77346,abstraction:IsAChildOf,R-HSA-77286,
R-HSA-77310,abstraction:IsAChildOf,R-HSA-77286,
R-HSA-77305,abstraction:IsAChildOf,R-HSA-77286,
R-HSA-77350,abstraction:IsAChildOf,R-HSA-77286,
R-HSA-77285,abstraction:IsAChildOf,R-HSA-77286,
R-HSA-9764260,abstraction:IsAChildOf,R-HSA-9759476,
R-HSA-9764274,abstraction:IsAChildOf,R-HSA-9759476,
R-HSA-9617629,abstraction:IsAChildOf,R-HSA-9614085,
R-HSA-9615017,abstraction:IsAChildOf,R-HSA-9614085,
R-HSA-9614657,abstraction:IsAChildOf,R-HSA-9614085,
R-HSA-9614399,abstraction:IsAChildOf,R-HSA-9614085,
R-HSA-9617828,abstraction:IsAChildOf,R-HSA-9614085,
R-HSA-351200,abstraction:IsAChildOf,R-HSA-351202,
R-HSA-351143,abstraction:IsAChildOf,R-HSA-351202,
R-HSA-350562,abstraction:IsAChildOf,R-HSA-351202,
R-HSA-110330,abstraction:IsAChildOf,R-HSA-73927,
R-HSA-110331,abstraction:IsAChildOf,R-HSA-73927,
R-HSA-9856649,abstraction:IsAChildOf,R-HSA-9730414,
R-HSA-9856651,abstraction:IsAChildOf,R-HSA-9730414,
R-HSA-72737,abstraction:IsAChildOf,R-HSA-72613,
R-HSA-156827,abstraction:IsAChildOf,R-HSA-72613,
R-HSA-8956319,abstraction:IsAChildOf,R-HSA-15869,
R-HSA-8956320,abstraction:IsAChildOf,R-HSA-15869,
R-HSA-8956321,abstraction:IsAChildOf,R-HSA-15869,
R-HSA-499943,abstraction:IsAChildOf,R-HSA-15869,
R-HSA-110328,abstraction:IsAChildOf,R-HSA-73928,
R-HSA-110329,abstraction:IsAChildOf,R-HSA-73928,
R-HSA-8950505,abstraction:IsAChildOf,R-HSA-9020591,
R-HSA-427601,abstraction:IsAChildOf,R-HSA-9958790,
R-HSA-426117,abstraction:IsAChildOf,R-HSA-9958790,
R-HSA-433137,abstraction:IsAChildOf,R-HSA-9958790,
R-HSA-425381,abstraction:IsAChildOf,R-HSA-9958790,
R-HSA-427652,abstraction:IsAChildOf,R-HSA-9958790,
R-HSA-8963676,abstraction:IsAChildOf,R-HSA-8963743,
R-HSA-8935690,abstraction:IsAChildOf,R-HSA-8963743,
R-HSA-975871,abstraction:IsAChildOf,R-HSA-168176,
R-HSA-9865125,abstraction:IsAChildOf,R-HSA-9865114,
R-HSA-9865113,abstraction:IsAChildOf,R-HSA-9865114,
R-HSA-9907570,abstraction:IsAChildOf,R-HSA-9865114,
R-HSA-9912529,abstraction:IsAChildOf,R-HSA-9865114,
R-HSA-5083629,abstraction:IsAChildOf,R-HSA-3906995,
R-HSA-5083625,abstraction:IsAChildOf,R-HSA-3906995,
R-HSA-5083635,abstraction:IsAChildOf,R-HSA-3906995,
R-HSA-5083628,abstraction:IsAChildOf,R-HSA-3906995,
R-HSA-5083627,abstraction:IsAChildOf,R-HSA-3906995,
R-HSA-5083636,abstraction:IsAChildOf,R-HSA-3906995,
R-HSA-5083633,abstraction:IsAChildOf,R-HSA-3906995,
R-HSA-5083632,abstraction:IsAChildOf,R-HSA-3906995,
R-HSA-5083630,abstraction:IsAChildOf,R-HSA-3906995,
R-HSA-112303,abstraction:IsAChildOf,R-HSA-112307,
R-HSA-109704,abstraction:IsAChildOf,R-HSA-112399,
R-HSA-112412,abstraction:IsAChildOf,R-HSA-112399,
R-HSA-9841922,abstraction:IsAChildOf,R-HSA-9851695,
R-HSA-3108232,abstraction:IsAChildOf,R-HSA-2990846,
R-HSA-3215018,abstraction:IsAChildOf,R-HSA-2990846,
R-HSA-9634597,abstraction:IsAChildOf,R-HSA-418555,
R-HSA-1660662,abstraction:IsAChildOf,R-HSA-428157,
R-HSA-9845614,abstraction:IsAChildOf,R-HSA-428157,
R-HSA-1660661,abstraction:IsAChildOf,R-HSA-428157,
R-HSA-73621,abstraction:IsAChildOf,R-HSA-8956319,
R-HSA-74259,abstraction:IsAChildOf,R-HSA-8956319,
R-HSA-8850843,abstraction:IsAChildOf,R-HSA-8956319,
R-HSA-5625970,abstraction:IsAChildOf,R-HSA-195258,
R-HSA-5625900,abstraction:IsAChildOf,R-HSA-195258,
R-HSA-5668599,abstraction:IsAChildOf,R-HSA-195258,
R-HSA-5663220,abstraction:IsAChildOf,R-HSA-195258,
R-HSA-5666185,abstraction:IsAChildOf,R-HSA-195258,
R-HSA-5627117,abstraction:IsAChildOf,R-HSA-195258,
R-HSA-5626467,abstraction:IsAChildOf,R-HSA-195258,
R-HSA-5663213,abstraction:IsAChildOf,R-HSA-195258,
R-HSA-5625740,abstraction:IsAChildOf,R-HSA-195258,
R-HSA-5627083,abstraction:IsAChildOf,R-HSA-195258,
R-HSA-5627123,abstraction:IsAChildOf,R-HSA-195258,
R-HSA-190840,abstraction:IsAChildOf,R-HSA-190872,
R-HSA-9859138,abstraction:IsAChildOf,R-HSA-70895,
R-HSA-9658195,abstraction:IsAChildOf,R-HSA-9824443,
R-HSA-187577,abstraction:IsAChildOf,R-HSA-69656,
R-HSA-9845619,abstraction:IsAChildOf,R-HSA-9823587,
R-HSA-9845622,abstraction:IsAChildOf,R-HSA-9823587,
R-HSA-9845621,abstraction:IsAChildOf,R-HSA-9823587,
R-HSA-9846298,abstraction:IsAChildOf,R-HSA-9823587,
R-HSA-9845620,abstraction:IsAChildOf,R-HSA-9823587,
R-HSA-69601,abstraction:IsAChildOf,R-HSA-69613,
R-HSA-420499,abstraction:IsAChildOf,R-HSA-500792,
R-HSA-373080,abstraction:IsAChildOf,R-HSA-500792,
R-HSA-373076,abstraction:IsAChildOf,R-HSA-500792,
R-HSA-352238,abstraction:IsAChildOf,R-HSA-111465,
R-HSA-264870,abstraction:IsAChildOf,R-HSA-111465,
R-HSA-351906,abstraction:IsAChildOf,R-HSA-111465,
R-HSA-9662851,abstraction:IsAChildOf,R-HSA-9664433,
R-HSA-74749,abstraction:IsAChildOf,R-HSA-74751,
R-HSA-74713,abstraction:IsAChildOf,R-HSA-74751,
R-HSA-112399,abstraction:IsAChildOf,R-HSA-74751,
R-HSA-3656253,abstraction:IsAChildOf,R-HSA-3560782,
R-HSA-3560801,abstraction:IsAChildOf,R-HSA-3560782,
R-HSA-3595174,abstraction:IsAChildOf,R-HSA-3560782,
R-HSA-3656248,abstraction:IsAChildOf,R-HSA-3560782,
R-HSA-3656243,abstraction:IsAChildOf,R-HSA-3560782,
R-HSA-3595172,abstraction:IsAChildOf,R-HSA-3560782,
R-HSA-3595177,abstraction:IsAChildOf,R-HSA-3560782,
R-HSA-3656225,abstraction:IsAChildOf,R-HSA-3560782,
R-HSA-3656244,abstraction:IsAChildOf,R-HSA-3560782,
R-HSA-3656234,abstraction:IsAChildOf,R-HSA-3560782,
R-HSA-4420332,abstraction:IsAChildOf,R-HSA-3560782,
R-HSA-3560792,abstraction:IsAChildOf,R-HSA-3560782,
R-HSA-3656237,abstraction:IsAChildOf,R-HSA-3560782,
R-HSA-3560796,abstraction:IsAChildOf,R-HSA-3560782,
R-HSA-3560783,abstraction:IsAChildOf,R-HSA-3560782,
R-HSA-3359463,abstraction:IsAChildOf,R-HSA-3296469,
R-HSA-3359471,abstraction:IsAChildOf,R-HSA-3296469,
R-HSA-3359474,abstraction:IsAChildOf,R-HSA-3296469,
R-HSA-5683329,abstraction:IsAChildOf,R-HSA-3296469,
R-HSA-3359475,abstraction:IsAChildOf,R-HSA-3296469,
R-HSA-3359467,abstraction:IsAChildOf,R-HSA-3296469,
R-HSA-3359473,abstraction:IsAChildOf,R-HSA-3296469,
R-HSA-3359485,abstraction:IsAChildOf,R-HSA-3296469,
R-HSA-3359457,abstraction:IsAChildOf,R-HSA-3296469,
R-HSA-3359469,abstraction:IsAChildOf,R-HSA-3296469,
R-HSA-3359454,abstraction:IsAChildOf,R-HSA-3296469,
R-HSA-3359462,abstraction:IsAChildOf,R-HSA-3296469,
R-HSA-429947,abstraction:IsAChildOf,R-HSA-429914,
R-HSA-429958,abstraction:IsAChildOf,R-HSA-429914,
R-HSA-430039,abstraction:IsAChildOf,R-HSA-429914,
R-HSA-9609690,abstraction:IsAChildOf,R-HSA-9609646,
R-HSA-9610379,abstraction:IsAChildOf,R-HSA-9609646,
R-HSA-9706574,abstraction:IsAChildOf,R-HSA-9012999,
R-HSA-9013420,abstraction:IsAChildOf,R-HSA-9012999,
R-HSA-9013408,abstraction:IsAChildOf,R-HSA-9012999,
R-HSA-9696270,abstraction:IsAChildOf,R-HSA-9012999,
R-HSA-9013405,abstraction:IsAChildOf,R-HSA-9012999,
R-HSA-9013406,abstraction:IsAChildOf,R-HSA-9012999,
R-HSA-9013424,abstraction:IsAChildOf,R-HSA-9012999,
R-HSA-9035034,abstraction:IsAChildOf,R-HSA-9012999,
R-HSA-9696273,abstraction:IsAChildOf,R-HSA-9012999,
R-HSA-9013404,abstraction:IsAChildOf,R-HSA-9012999,
R-HSA-9013106,abstraction:IsAChildOf,R-HSA-9012999,
R-HSA-9013149,abstraction:IsAChildOf,R-HSA-9012999,
R-HSA-9013409,abstraction:IsAChildOf,R-HSA-9012999,
R-HSA-9013026,abstraction:IsAChildOf,R-HSA-9012999,
R-HSA-9013423,abstraction:IsAChildOf,R-HSA-9012999,
R-HSA-9696264,abstraction:IsAChildOf,R-HSA-9012999,
R-HSA-9013407,abstraction:IsAChildOf,R-HSA-9012999,
R-HSA-9013148,abstraction:IsAChildOf,R-HSA-9012999,
R-HSA-8980692,abstraction:IsAChildOf,R-HSA-9012999,
R-HSA-72202,abstraction:IsAChildOf,R-HSA-72203,
R-HSA-72172,abstraction:IsAChildOf,R-HSA-72203,
R-HSA-72187,abstraction:IsAChildOf,R-HSA-72203,
R-HSA-9833576,abstraction:IsAChildOf,R-HSA-9762292,
R-HSA-9820448,abstraction:IsAChildOf,R-HSA-9734767,
R-HSA-9734779,abstraction:IsAChildOf,R-HSA-9734767,
R-HSA-389958,abstraction:IsAChildOf,R-HSA-390466,
R-HSA-390471,abstraction:IsAChildOf,R-HSA-390466,
R-HSA-6814122,abstraction:IsAChildOf,R-HSA-390466,
R-HSA-3371599,abstraction:IsAChildOf,R-HSA-3323169,
R-HSA-3371598,abstraction:IsAChildOf,R-HSA-3323169,
R-HSA-9603505,abstraction:IsAChildOf,R-HSA-9034015,
R-HSA-9034013,abstraction:IsAChildOf,R-HSA-9034015,
R-HSA-9603381,abstraction:IsAChildOf,R-HSA-9034015,
R-HSA-9034864,abstraction:IsAChildOf,R-HSA-9034015,
R-HSA-9034793,abstraction:IsAChildOf,R-HSA-9034015,
R-HSA-201681,abstraction:IsAChildOf,R-HSA-195721,
R-HSA-3238698,abstraction:IsAChildOf,R-HSA-195721,
R-HSA-195253,abstraction:IsAChildOf,R-HSA-195721,
R-HSA-3858494,abstraction:IsAChildOf,R-HSA-195721,
R-HSA-191859,abstraction:IsAChildOf,R-HSA-194441,
R-HSA-9755511,abstraction:IsAChildOf,R-HSA-9711123,
R-HSA-9707564,abstraction:IsAChildOf,R-HSA-9711123,
R-HSA-3299685,abstraction:IsAChildOf,R-HSA-9711123,
R-HSA-9033807,abstraction:IsAChildOf,R-HSA-9033658,
R-HSA-9037628,abstraction:IsAChildOf,R-HSA-9033658,
R-HSA-9037629,abstraction:IsAChildOf,R-HSA-9033658,
R-HSA-2179392,abstraction:IsAChildOf,R-HSA-881907,
R-HSA-9017802,abstraction:IsAChildOf,R-HSA-9013507,
R-HSA-3295583,abstraction:IsAChildOf,R-HSA-2672351,
R-HSA-9735786,abstraction:IsAChildOf,R-HSA-9735804,
R-HSA-9734207,abstraction:IsAChildOf,R-HSA-9735804,
R-HSA-112307,abstraction:IsAChildOf,R-HSA-112316,
R-HSA-1296071,abstraction:IsAChildOf,R-HSA-112316,
R-HSA-6794362,abstraction:IsAChildOf,R-HSA-112316,
R-HSA-112315,abstraction:IsAChildOf,R-HSA-112316,
R-HSA-9735763,abstraction:IsAChildOf,R-HSA-9735786,
R-HSA-1483255,abstraction:IsAChildOf,R-HSA-1483257,
R-HSA-1483206,abstraction:IsAChildOf,R-HSA-1483257,
R-HSA-174411,abstraction:IsAChildOf,R-HSA-174417,
R-HSA-174414,abstraction:IsAChildOf,R-HSA-174417,
R-HSA-174430,abstraction:IsAChildOf,R-HSA-174417,
R-HSA-9026395,abstraction:IsAChildOf,R-HSA-9018677,
R-HSA-9020265,abstraction:IsAChildOf,R-HSA-9018677,
R-HSA-9018682,abstraction:IsAChildOf,R-HSA-9018677,
R-HSA-9018676,abstraction:IsAChildOf,R-HSA-9018677,
R-HSA-9018681,abstraction:IsAChildOf,R-HSA-9018677,
R-HSA-111996,abstraction:IsAChildOf,R-HSA-112043,
R-HSA-9912633,abstraction:IsAChildOf,R-HSA-983169,
R-HSA-1236975,abstraction:IsAChildOf,R-HSA-983169,
R-HSA-983170,abstraction:IsAChildOf,R-HSA-983169,
R-HSA-983168,abstraction:IsAChildOf,R-HSA-983169,
R-HSA-2424491,abstraction:IsAChildOf,R-HSA-2172127,
R-HSA-435354,abstraction:IsAChildOf,R-HSA-425410,
R-HSA-425986,abstraction:IsAChildOf,R-HSA-425410,
R-HSA-425561,abstraction:IsAChildOf,R-HSA-425410,
R-HSA-9669921,abstraction:IsAChildOf,R-HSA-9669938,
R-HSA-9670439,abstraction:IsAChildOf,R-HSA-9669938,
R-HSA-9680187,abstraction:IsAChildOf,R-HSA-9669938,
R-HSA-9669935,abstraction:IsAChildOf,R-HSA-9669938,
R-HSA-9669937,abstraction:IsAChildOf,R-HSA-9669938,
R-HSA-9669933,abstraction:IsAChildOf,R-HSA-9669938,
R-HSA-72764,abstraction:IsAChildOf,R-HSA-72766,
R-HSA-9948299,abstraction:IsAChildOf,R-HSA-72766,
R-HSA-379724,abstraction:IsAChildOf,R-HSA-72766,
R-HSA-72613,abstraction:IsAChildOf,R-HSA-72766,
R-HSA-5368287,abstraction:IsAChildOf,R-HSA-72766,
R-HSA-156842,abstraction:IsAChildOf,R-HSA-72766,
R-HSA-1799339,abstraction:IsAChildOf,R-HSA-72766,
R-HSA-888590,abstraction:IsAChildOf,R-HSA-112310,
R-HSA-210500,abstraction:IsAChildOf,R-HSA-112310,
R-HSA-181430,abstraction:IsAChildOf,R-HSA-112310,
R-HSA-212676,abstraction:IsAChildOf,R-HSA-112310,
R-HSA-264642,abstraction:IsAChildOf,R-HSA-112310,
R-HSA-181429,abstraction:IsAChildOf,R-HSA-112310,
R-HSA-2644607,abstraction:IsAChildOf,R-HSA-2644605,
R-HSA-8854214,abstraction:IsAChildOf,R-HSA-9007101,
R-HSA-8876198,abstraction:IsAChildOf,R-HSA-9007101,
R-HSA-1222541,abstraction:IsAChildOf,R-HSA-1222499,
R-HSA-1222449,abstraction:IsAChildOf,R-HSA-1222499,
R-HSA-1222538,abstraction:IsAChildOf,R-HSA-1222499,
R-HSA-1222387,abstraction:IsAChildOf,R-HSA-1222499,
R-HSA-6802955,abstraction:IsAChildOf,R-HSA-6802957,
R-HSA-6802946,abstraction:IsAChildOf,R-HSA-6802957,
R-HSA-6802953,abstraction:IsAChildOf,R-HSA-6802957,
R-HSA-6802948,abstraction:IsAChildOf,R-HSA-6802957,
R-HSA-9660537,abstraction:IsAChildOf,R-HSA-6802957,
R-HSA-9656223,abstraction:IsAChildOf,R-HSA-6802957,
R-HSA-9652817,abstraction:IsAChildOf,R-HSA-6802957,
R-HSA-9652169,abstraction:IsAChildOf,R-HSA-6802957,
R-HSA-6802952,abstraction:IsAChildOf,R-HSA-6802957,
R-HSA-6802949,abstraction:IsAChildOf,R-HSA-6802957,
R-HSA-173736,abstraction:IsAChildOf,R-HSA-166663,
R-HSA-166786,abstraction:IsAChildOf,R-HSA-166663,
R-HSA-167200,abstraction:IsAChildOf,R-HSA-167246,
R-HSA-418359,abstraction:IsAChildOf,R-HSA-418360,
R-HSA-139853,abstraction:IsAChildOf,R-HSA-418360,
R-HSA-209931,abstraction:IsAChildOf,R-HSA-209776,
R-HSA-209968,abstraction:IsAChildOf,R-HSA-209776,
R-HSA-209905,abstraction:IsAChildOf,R-HSA-209776,
R-HSA-164378,abstraction:IsAChildOf,R-HSA-163359,
R-HSA-166665,abstraction:IsAChildOf,R-HSA-166658,
R-HSA-977606,abstraction:IsAChildOf,R-HSA-166658,
R-HSA-166663,abstraction:IsAChildOf,R-HSA-166658,
R-HSA-174577,abstraction:IsAChildOf,R-HSA-166658,
R-HSA-9679514,abstraction:IsAChildOf,R-HSA-9678108,
R-HSA-9679509,abstraction:IsAChildOf,R-HSA-9678108,
R-HSA-9679504,abstraction:IsAChildOf,R-HSA-9678108,
R-HSA-9683701,abstraction:IsAChildOf,R-HSA-9678108,
R-HSA-9678110,abstraction:IsAChildOf,R-HSA-9678108,
R-HSA-9692914,abstraction:IsAChildOf,R-HSA-9678108,
R-HSA-2033514,abstraction:IsAChildOf,R-HSA-5655332,
R-HSA-6783984,abstraction:IsAChildOf,R-HSA-389661,
R-HSA-5357956,abstraction:IsAChildOf,R-HSA-75893,
R-HSA-5357786,abstraction:IsAChildOf,R-HSA-75893,
R-HSA-5357905,abstraction:IsAChildOf,R-HSA-75893,
R-HSA-5626978,abstraction:IsAChildOf,R-HSA-75893,
R-HSA-417973,abstraction:IsAChildOf,R-HSA-418038,
R-HSA-417957,abstraction:IsAChildOf,R-HSA-418038,
R-HSA-1433617,abstraction:IsAChildOf,R-HSA-1181150,
R-HSA-1839128,abstraction:IsAChildOf,R-HSA-5655291,
R-HSA-2995410,abstraction:IsAChildOf,R-HSA-68882,
R-HSA-2467813,abstraction:IsAChildOf,R-HSA-68882,
R-HSA-174437,abstraction:IsAChildOf,R-HSA-174414,
R-HSA-112310,abstraction:IsAChildOf,R-HSA-112315,
R-HSA-112308,abstraction:IsAChildOf,R-HSA-112315,
R-HSA-112313,abstraction:IsAChildOf,R-HSA-112315,
R-HSA-112311,abstraction:IsAChildOf,R-HSA-112315,
R-HSA-112314,abstraction:IsAChildOf,R-HSA-112315,
R-HSA-211957,abstraction:IsAChildOf,R-HSA-211981,
R-HSA-211999,abstraction:IsAChildOf,R-HSA-211981,
R-HSA-450294,abstraction:IsAChildOf,R-HSA-448424,
R-HSA-1295596,abstraction:IsAChildOf,R-HSA-5654727,
R-HSA-2514853,abstraction:IsAChildOf,R-HSA-68877,
R-HSA-380320,abstraction:IsAChildOf,R-HSA-68877,
R-HSA-9648025,abstraction:IsAChildOf,R-HSA-68877,
R-HSA-2500257,abstraction:IsAChildOf,R-HSA-68877,
R-HSA-1500620,abstraction:IsAChildOf,R-HSA-1474165,
R-HSA-9827857,abstraction:IsAChildOf,R-HSA-1474165,
R-HSA-1187000,abstraction:IsAChildOf,R-HSA-1474165,
R-HSA-163765,abstraction:IsAChildOf,R-HSA-163685,
R-HSA-163767,abstraction:IsAChildOf,R-HSA-163685,
R-HSA-163680,abstraction:IsAChildOf,R-HSA-163685,
R-HSA-163754,abstraction:IsAChildOf,R-HSA-163685,
R-HSA-163359,abstraction:IsAChildOf,R-HSA-163685,
R-HSA-422356,abstraction:IsAChildOf,R-HSA-163685,
R-HSA-163358,abstraction:IsAChildOf,R-HSA-163685,
R-HSA-68949,abstraction:IsAChildOf,R-HSA-69052,
R-HSA-69017,abstraction:IsAChildOf,R-HSA-69052,
R-HSA-111367,abstraction:IsAChildOf,R-HSA-75067,
R-HSA-77588,abstraction:IsAChildOf,R-HSA-75067,
R-HSA-77595,abstraction:IsAChildOf,R-HSA-75067,
R-HSA-3769402,abstraction:IsAChildOf,R-HSA-201681,
R-HSA-4641262,abstraction:IsAChildOf,R-HSA-201681,
R-HSA-4641263,abstraction:IsAChildOf,R-HSA-201681,
R-HSA-3772470,abstraction:IsAChildOf,R-HSA-201681,
R-HSA-4641258,abstraction:IsAChildOf,R-HSA-201681,
R-HSA-201722,abstraction:IsAChildOf,R-HSA-201681,
R-HSA-201688,abstraction:IsAChildOf,R-HSA-201681,
R-HSA-5368598,abstraction:IsAChildOf,R-HSA-201681,
R-HSA-4641257,abstraction:IsAChildOf,R-HSA-201681,
R-HSA-426048,abstraction:IsAChildOf,R-HSA-114508,
R-HSA-5607761,abstraction:IsAChildOf,R-HSA-5607764,
R-HSA-5607763,abstraction:IsAChildOf,R-HSA-5607764,
R-HSA-5660668,abstraction:IsAChildOf,R-HSA-5607764,
R-HSA-174495,abstraction:IsAChildOf,R-HSA-175474,
R-HSA-171286,abstraction:IsAChildOf,R-HSA-175474,
R-HSA-9034015,abstraction:IsAChildOf,R-HSA-166520,
R-HSA-9036866,abstraction:IsAChildOf,R-HSA-166520,
R-HSA-187037,abstraction:IsAChildOf,R-HSA-166520,
R-HSA-9006115,abstraction:IsAChildOf,R-HSA-166520,
R-HSA-2559584,abstraction:IsAChildOf,R-HSA-2559586,
R-HSA-8856828,abstraction:IsAChildOf,R-HSA-199991,
R-HSA-199977,abstraction:IsAChildOf,R-HSA-199991,
R-HSA-199992,abstraction:IsAChildOf,R-HSA-199991,
R-HSA-1445148,abstraction:IsAChildOf,R-HSA-199991,
R-HSA-917729,abstraction:IsAChildOf,R-HSA-199991,
R-HSA-6811442,abstraction:IsAChildOf,R-HSA-199991,
R-HSA-9007101,abstraction:IsAChildOf,R-HSA-199991,
R-HSA-157858,abstraction:IsAChildOf,R-HSA-199991,
R-HSA-9674415,abstraction:IsAChildOf,R-HSA-9671555,
R-HSA-9673767,abstraction:IsAChildOf,R-HSA-9671555,
R-HSA-9674428,abstraction:IsAChildOf,R-HSA-9671555,
R-HSA-9673770,abstraction:IsAChildOf,R-HSA-9671555,
R-HSA-9673768,abstraction:IsAChildOf,R-HSA-9671555,
R-HSA-9673766,abstraction:IsAChildOf,R-HSA-9671555,
R-HSA-70350,abstraction:IsAChildOf,R-HSA-5652084,
R-HSA-5652227,abstraction:IsAChildOf,R-HSA-5652084,
R-HSA-9727281,abstraction:IsAChildOf,R-HSA-9772573,
R-HSA-9694635,abstraction:IsAChildOf,R-HSA-9772573,
R-HSA-9694322,abstraction:IsAChildOf,R-HSA-9772573,
R-HSA-9733458,abstraction:IsAChildOf,R-HSA-9772573,
R-HSA-163615,abstraction:IsAChildOf,R-HSA-111931,
R-HSA-1679131,abstraction:IsAChildOf,R-HSA-168898,
R-HSA-166016,abstraction:IsAChildOf,R-HSA-168898,
R-HSA-181438,abstraction:IsAChildOf,R-HSA-168898,
R-HSA-168138,abstraction:IsAChildOf,R-HSA-168898,
R-HSA-168142,abstraction:IsAChildOf,R-HSA-168898,
R-HSA-5686938,abstraction:IsAChildOf,R-HSA-168898,
R-HSA-168181,abstraction:IsAChildOf,R-HSA-168898,
R-HSA-168176,abstraction:IsAChildOf,R-HSA-168898,
R-HSA-168164,abstraction:IsAChildOf,R-HSA-168898,
R-HSA-203641,abstraction:IsAChildOf,R-HSA-202131,
R-HSA-203754,abstraction:IsAChildOf,R-HSA-202131,
R-HSA-203615,abstraction:IsAChildOf,R-HSA-202131,
R-HSA-4411364,abstraction:IsAChildOf,R-HSA-201722,
R-HSA-450385,abstraction:IsAChildOf,R-HSA-450531,
R-HSA-450408,abstraction:IsAChildOf,R-HSA-450531,
R-HSA-450513,abstraction:IsAChildOf,R-HSA-450531,
R-HSA-450604,abstraction:IsAChildOf,R-HSA-450531,
R-HSA-450520,abstraction:IsAChildOf,R-HSA-450531,
R-HSA-9717329,abstraction:IsAChildOf,R-HSA-9700649,
R-HSA-9717264,abstraction:IsAChildOf,R-HSA-9700649,
R-HSA-9717326,abstraction:IsAChildOf,R-HSA-9700649,
R-HSA-9717319,abstraction:IsAChildOf,R-HSA-9700649,
R-HSA-9717323,abstraction:IsAChildOf,R-HSA-9700649,
R-HSA-9717301,abstraction:IsAChildOf,R-HSA-9700649,
R-HSA-9717316,abstraction:IsAChildOf,R-HSA-9700649,
R-HSA-9860931,abstraction:IsAChildOf,R-HSA-9855142,
R-HSA-9856532,abstraction:IsAChildOf,R-HSA-9855142,
R-HSA-170822,abstraction:IsAChildOf,R-HSA-70171,
R-HSA-9634600,abstraction:IsAChildOf,R-HSA-70171,
R-HSA-1500620,abstraction:IsAChildOf,R-HSA-1640170,
R-HSA-69620,abstraction:IsAChildOf,R-HSA-1640170,
R-HSA-69278,abstraction:IsAChildOf,R-HSA-1640170,
R-HSA-73886,abstraction:IsAChildOf,R-HSA-1640170,
R-HSA-9667769,abstraction:IsAChildOf,R-HSA-9662361,
R-HSA-167060,abstraction:IsAChildOf,R-HSA-9036866,
R-HSA-8875656,abstraction:IsAChildOf,R-HSA-6806834,
R-HSA-8851907,abstraction:IsAChildOf,R-HSA-6806834,
R-HSA-8865999,abstraction:IsAChildOf,R-HSA-6806834,
R-HSA-6807004,abstraction:IsAChildOf,R-HSA-6806834,
R-HSA-8875791,abstraction:IsAChildOf,R-HSA-6806834,
R-HSA-8851805,abstraction:IsAChildOf,R-HSA-6806834,
R-HSA-6806942,abstraction:IsAChildOf,R-HSA-6806834,
R-HSA-8875878,abstraction:IsAChildOf,R-HSA-6806834,
R-HSA-9837092,abstraction:IsAChildOf,R-HSA-9836573,
R-HSA-2022857,abstraction:IsAChildOf,R-HSA-1638074,
R-HSA-2022854,abstraction:IsAChildOf,R-HSA-1638074,
R-HSA-9632974,abstraction:IsAChildOf,R-HSA-9024446,
R-HSA-9623433,abstraction:IsAChildOf,R-HSA-9024446,
R-HSA-9031525,abstraction:IsAChildOf,R-HSA-9024446,
R-HSA-9029558,abstraction:IsAChildOf,R-HSA-9024446,
R-HSA-9029569,abstraction:IsAChildOf,R-HSA-9024446,
R-HSA-9031528,abstraction:IsAChildOf,R-HSA-9024446,
R-HSA-1307965,abstraction:IsAChildOf,R-HSA-190322,
R-HSA-446205,abstraction:IsAChildOf,R-HSA-446219,
R-HSA-6787639,abstraction:IsAChildOf,R-HSA-446219,
R-HSA-480985,abstraction:IsAChildOf,R-HSA-446219,
R-HSA-446199,abstraction:IsAChildOf,R-HSA-446219,
R-HSA-162699,abstraction:IsAChildOf,R-HSA-446219,
R-HSA-4085001,abstraction:IsAChildOf,R-HSA-446219,
R-HSA-446210,abstraction:IsAChildOf,R-HSA-446219,
R-HSA-2151209,abstraction:IsAChildOf,R-HSA-1592230,
R-HSA-8949613,abstraction:IsAChildOf,R-HSA-1592230,
R-HSA-2151201,abstraction:IsAChildOf,R-HSA-1592230,
R-HSA-5250981,abstraction:IsAChildOf,R-HSA-168799,
R-HSA-5250958,abstraction:IsAChildOf,R-HSA-168799,
R-HSA-5250989,abstraction:IsAChildOf,R-HSA-168799,
R-HSA-5250992,abstraction:IsAChildOf,R-HSA-168799,
R-HSA-5250968,abstraction:IsAChildOf,R-HSA-168799,
R-HSA-5250982,abstraction:IsAChildOf,R-HSA-168799,
R-HSA-5250971,abstraction:IsAChildOf,R-HSA-168799,
R-HSA-5250955,abstraction:IsAChildOf,R-HSA-168799,
R-HSA-9026766,abstraction:IsAChildOf,R-HSA-9026395,
R-HSA-9026762,abstraction:IsAChildOf,R-HSA-9026395,
R-HSA-196783,abstraction:IsAChildOf,R-HSA-199220,
R-HSA-9657689,abstraction:IsAChildOf,R-HSA-9651496,
R-HSA-9662001,abstraction:IsAChildOf,R-HSA-9651496,
R-HSA-9657688,abstraction:IsAChildOf,R-HSA-9651496,
R-HSA-9668250,abstraction:IsAChildOf,R-HSA-9651496,
R-HSA-9672383,abstraction:IsAChildOf,R-HSA-9651496,
R-HSA-349425,abstraction:IsAChildOf,R-HSA-69541,
R-HSA-68877,abstraction:IsAChildOf,R-HSA-68886,
R-HSA-68884,abstraction:IsAChildOf,R-HSA-68886,
R-HSA-68875,abstraction:IsAChildOf,R-HSA-68886,
R-HSA-2555396,abstraction:IsAChildOf,R-HSA-68886,
R-HSA-112411,abstraction:IsAChildOf,R-HSA-112409,
R-HSA-110056,abstraction:IsAChildOf,R-HSA-112409,
R-HSA-5651801,abstraction:IsAChildOf,R-HSA-110373,
R-HSA-110362,abstraction:IsAChildOf,R-HSA-110373,
R-HSA-1980143,abstraction:IsAChildOf,R-HSA-157118,
R-HSA-1980145,abstraction:IsAChildOf,R-HSA-157118,
R-HSA-1912422,abstraction:IsAChildOf,R-HSA-157118,
R-HSA-9012852,abstraction:IsAChildOf,R-HSA-157118,
R-HSA-9013694,abstraction:IsAChildOf,R-HSA-157118,
R-HSA-8949664,abstraction:IsAChildOf,R-HSA-8949215,
R-HSA-111885,abstraction:IsAChildOf,R-HSA-418594,
R-HSA-9025106,abstraction:IsAChildOf,R-HSA-9018683,
R-HSA-9025094,abstraction:IsAChildOf,R-HSA-9018683,
R-HSA-3645790,abstraction:IsAChildOf,R-HSA-3642278,
R-HSA-3642279,abstraction:IsAChildOf,R-HSA-3642278,
R-HSA-2046106,abstraction:IsAChildOf,R-HSA-2046104,
R-HSA-2046105,abstraction:IsAChildOf,R-HSA-2046104,
R-HSA-9682706,abstraction:IsAChildOf,R-HSA-9679514,
R-HSA-9682708,abstraction:IsAChildOf,R-HSA-9679514,
R-HSA-9638334,abstraction:IsAChildOf,R-HSA-9638482,
R-HSA-9927020,abstraction:IsAChildOf,R-HSA-9638482,
R-HSA-975144,abstraction:IsAChildOf,R-HSA-975138,
R-HSA-450294,abstraction:IsAChildOf,R-HSA-975138,
R-HSA-975163,abstraction:IsAChildOf,R-HSA-975138,
R-HSA-445989,abstraction:IsAChildOf,R-HSA-975138,
R-HSA-9764302,abstraction:IsAChildOf,R-HSA-9764260,
R-HSA-9759475,abstraction:IsAChildOf,R-HSA-9764260,
R-HSA-2470946,abstraction:IsAChildOf,R-HSA-68884,
R-HSA-418457,abstraction:IsAChildOf,R-HSA-392154,
R-HSA-8948700,abstraction:IsAChildOf,R-HSA-8943723,
R-HSA-9638771,abstraction:IsAChildOf,R-HSA-9638737,
R-HSA-9913143,abstraction:IsAChildOf,R-HSA-9638737,
R-HSA-8939236,abstraction:IsAChildOf,R-HSA-8878171,
R-HSA-8939242,abstraction:IsAChildOf,R-HSA-8878171,
R-HSA-8877330,abstraction:IsAChildOf,R-HSA-8878171,
R-HSA-8939246,abstraction:IsAChildOf,R-HSA-8878171,
R-HSA-8936459,abstraction:IsAChildOf,R-HSA-8878171,
R-HSA-8939243,abstraction:IsAChildOf,R-HSA-8878171,
R-HSA-8939245,abstraction:IsAChildOf,R-HSA-8878171,
R-HSA-8939247,abstraction:IsAChildOf,R-HSA-8878171,
R-HSA-8939256,abstraction:IsAChildOf,R-HSA-8878171,
R-HSA-8934593,abstraction:IsAChildOf,R-HSA-8878171,
R-HSA-8935964,abstraction:IsAChildOf,R-HSA-8878171,
R-HSA-8931987,abstraction:IsAChildOf,R-HSA-8878171,
R-HSA-209822,abstraction:IsAChildOf,R-HSA-209952,
R-HSA-210744,abstraction:IsAChildOf,R-HSA-186712,
R-HSA-210746,abstraction:IsAChildOf,R-HSA-186712,
R-HSA-210747,abstraction:IsAChildOf,R-HSA-186712,
R-HSA-210745,abstraction:IsAChildOf,R-HSA-186712,
R-HSA-9715370,abstraction:IsAChildOf,R-HSA-9716542,
R-HSA-9706019,abstraction:IsAChildOf,R-HSA-9716542,
R-HSA-194315,abstraction:IsAChildOf,R-HSA-9716542,
R-HSA-5693616,abstraction:IsAChildOf,R-HSA-5693579,
R-HSA-6790901,abstraction:IsAChildOf,R-HSA-8868773,
R-HSA-6791226,abstraction:IsAChildOf,R-HSA-8868773,
R-HSA-73728,abstraction:IsAChildOf,R-HSA-73854,
R-HSA-73762,abstraction:IsAChildOf,R-HSA-73854,
R-HSA-73772,abstraction:IsAChildOf,R-HSA-73854,
R-HSA-9937080,abstraction:IsAChildOf,R-HSA-9820448,
R-HSA-9925561,abstraction:IsAChildOf,R-HSA-9820448,
R-HSA-9925563,abstraction:IsAChildOf,R-HSA-9820448,
R-HSA-3000170,abstraction:IsAChildOf,R-HSA-3000171,
R-HSA-9913351,abstraction:IsAChildOf,R-HSA-3000171,
R-HSA-73614,abstraction:IsAChildOf,R-HSA-8956321,
R-HSA-74217,abstraction:IsAChildOf,R-HSA-8956321,
R-HSA-2644606,abstraction:IsAChildOf,R-HSA-2644602,
R-HSA-168874,abstraction:IsAChildOf,R-HSA-168316,
R-HSA-9005891,abstraction:IsAChildOf,R-HSA-9005895,
R-HSA-3065679,abstraction:IsAChildOf,R-HSA-3215018,
R-HSA-3065676,abstraction:IsAChildOf,R-HSA-3215018,
R-HSA-3065678,abstraction:IsAChildOf,R-HSA-3215018,
R-HSA-9915355,abstraction:IsAChildOf,R-HSA-9865118,
R-HSA-9914355,abstraction:IsAChildOf,R-HSA-9865118,
R-HSA-9914274,abstraction:IsAChildOf,R-HSA-9865118,
R-HSA-9916720,abstraction:IsAChildOf,R-HSA-9865118,
R-HSA-9909438,abstraction:IsAChildOf,R-HSA-9865118,
R-HSA-9865114,abstraction:IsAChildOf,R-HSA-9865118,
R-HSA-9916722,abstraction:IsAChildOf,R-HSA-9865118,
R-HSA-9912481,abstraction:IsAChildOf,R-HSA-9865118,
R-HSA-8964058,abstraction:IsAChildOf,R-HSA-8963899,
R-HSA-8964041,abstraction:IsAChildOf,R-HSA-8963899,
R-HSA-8963901,abstraction:IsAChildOf,R-HSA-8963899,
R-HSA-8963889,abstraction:IsAChildOf,R-HSA-8963899,
R-HSA-1247673,abstraction:IsAChildOf,R-HSA-1480926,
R-HSA-1237044,abstraction:IsAChildOf,R-HSA-1480926,
R-HSA-156902,abstraction:IsAChildOf,R-HSA-156842,
R-HSA-164952,abstraction:IsAChildOf,R-HSA-162909,
R-HSA-180585,abstraction:IsAChildOf,R-HSA-162909,
R-HSA-180689,abstraction:IsAChildOf,R-HSA-162909,
R-HSA-180534,abstraction:IsAChildOf,R-HSA-162909,
R-HSA-176033,abstraction:IsAChildOf,R-HSA-162909,
R-HSA-176034,abstraction:IsAChildOf,R-HSA-162909,
R-HSA-177243,abstraction:IsAChildOf,R-HSA-162909,
R-HSA-9633012,abstraction:IsAChildOf,R-HSA-9711097,
R-HSA-9639288,abstraction:IsAChildOf,R-HSA-9711097,
R-HSA-3371568,abstraction:IsAChildOf,R-HSA-3371571,
R-HSA-9752946,abstraction:IsAChildOf,R-HSA-381753,
R-HSA-141424,abstraction:IsAChildOf,R-HSA-69618,
R-HSA-141405,abstraction:IsAChildOf,R-HSA-69618,
R-HSA-9619483,abstraction:IsAChildOf,R-HSA-438064,
R-HSA-9620244,abstraction:IsAChildOf,R-HSA-438064,
R-HSA-442742,abstraction:IsAChildOf,R-HSA-438064,
R-HSA-442720,abstraction:IsAChildOf,R-HSA-438064,
R-HSA-442729,abstraction:IsAChildOf,R-HSA-438064,
R-HSA-9619229,abstraction:IsAChildOf,R-HSA-438064,
R-HSA-1358803,abstraction:IsAChildOf,R-HSA-8863795,
R-HSA-2160456,abstraction:IsAChildOf,R-HSA-5668914,
R-HSA-3296482,abstraction:IsAChildOf,R-HSA-5668914,
R-HSA-3781865,abstraction:IsAChildOf,R-HSA-5668914,
R-HSA-5579029,abstraction:IsAChildOf,R-HSA-5668914,
R-HSA-5579031,abstraction:IsAChildOf,R-HSA-5668914,
R-HSA-9865118,abstraction:IsAChildOf,R-HSA-5668914,
R-HSA-2978092,abstraction:IsAChildOf,R-HSA-5668914,
R-HSA-5687613,abstraction:IsAChildOf,R-HSA-5668914,
R-HSA-5663084,abstraction:IsAChildOf,R-HSA-5668914,
R-HSA-9735804,abstraction:IsAChildOf,R-HSA-5668914,
R-HSA-9759774,abstraction:IsAChildOf,R-HSA-5668914,
R-HSA-9032759,abstraction:IsAChildOf,R-HSA-9032500,
R-HSA-111933,abstraction:IsAChildOf,R-HSA-111997,
R-HSA-9843743,abstraction:IsAChildOf,R-HSA-9843745,
R-HSA-381340,abstraction:IsAChildOf,R-HSA-9843745,
R-HSA-189451,abstraction:IsAChildOf,R-HSA-189445,
R-HSA-189483,abstraction:IsAChildOf,R-HSA-189445,
R-HSA-977443,abstraction:IsAChildOf,R-HSA-112314,
R-HSA-451326,abstraction:IsAChildOf,R-HSA-112314,
R-HSA-399721,abstraction:IsAChildOf,R-HSA-112314,
R-HSA-181431,abstraction:IsAChildOf,R-HSA-112314,
R-HSA-442755,abstraction:IsAChildOf,R-HSA-112314,
R-HSA-379716,abstraction:IsAChildOf,R-HSA-379724,
R-HSA-379726,abstraction:IsAChildOf,R-HSA-379724,
R-HSA-2428924,abstraction:IsAChildOf,R-HSA-2404192,
R-HSA-212165,abstraction:IsAChildOf,R-HSA-74160,
R-HSA-73857,abstraction:IsAChildOf,R-HSA-74160,
R-HSA-211000,abstraction:IsAChildOf,R-HSA-74160,
R-HSA-73864,abstraction:IsAChildOf,R-HSA-74160,
R-HSA-74158,abstraction:IsAChildOf,R-HSA-74160,
R-HSA-75944,abstraction:IsAChildOf,R-HSA-74160,
R-HSA-9634638,abstraction:IsAChildOf,R-HSA-9009391,
R-HSA-9634635,abstraction:IsAChildOf,R-HSA-9009391,
R-HSA-975871,abstraction:IsAChildOf,R-HSA-168142,
R-HSA-4420097,abstraction:IsAChildOf,R-HSA-194138,
R-HSA-194306,abstraction:IsAChildOf,R-HSA-194138,
R-HSA-194313,abstraction:IsAChildOf,R-HSA-194138,
R-HSA-9704331,abstraction:IsAChildOf,R-HSA-9701193,
R-HSA-9704646,abstraction:IsAChildOf,R-HSA-9701193,
R-HSA-9705462,abstraction:IsAChildOf,R-HSA-9674555,
R-HSA-390466,abstraction:IsAChildOf,R-HSA-391251,
R-HSA-389977,abstraction:IsAChildOf,R-HSA-391251,
R-HSA-6811555,abstraction:IsAChildOf,R-HSA-6804758,
R-HSA-170660,abstraction:IsAChildOf,R-HSA-112040,
R-HSA-112043,abstraction:IsAChildOf,R-HSA-112040,
R-HSA-170670,abstraction:IsAChildOf,R-HSA-112040,
R-HSA-199977,abstraction:IsAChildOf,R-HSA-948021,
R-HSA-975576,abstraction:IsAChildOf,R-HSA-948021,
R-HSA-964739,abstraction:IsAChildOf,R-HSA-948021,
R-HSA-1650814,abstraction:IsAChildOf,R-HSA-1474290,
R-HSA-2022090,abstraction:IsAChildOf,R-HSA-1474290,
R-HSA-9851151,abstraction:IsAChildOf,R-HSA-201556,
R-HSA-9701898,abstraction:IsAChildOf,R-HSA-201556,
R-HSA-937072,abstraction:IsAChildOf,R-HSA-937061,
R-HSA-450294,abstraction:IsAChildOf,R-HSA-937061,
R-HSA-936964,abstraction:IsAChildOf,R-HSA-937061,
R-HSA-445989,abstraction:IsAChildOf,R-HSA-937061,
R-HSA-937041,abstraction:IsAChildOf,R-HSA-937061,
R-HSA-2562578,abstraction:IsAChildOf,R-HSA-937061,
R-HSA-427359,abstraction:IsAChildOf,R-HSA-5250941,
R-HSA-427413,abstraction:IsAChildOf,R-HSA-5250941,
R-HSA-6793080,abstraction:IsAChildOf,R-HSA-8868766,
R-HSA-9853506,abstraction:IsAChildOf,R-HSA-71403,
R-HSA-9854311,abstraction:IsAChildOf,R-HSA-71403,
R-HSA-8878171,abstraction:IsAChildOf,R-HSA-212436,
R-HSA-8878159,abstraction:IsAChildOf,R-HSA-212436,
R-HSA-2032785,abstraction:IsAChildOf,R-HSA-212436,
R-HSA-8853884,abstraction:IsAChildOf,R-HSA-212436,
R-HSA-9634815,abstraction:IsAChildOf,R-HSA-212436,
R-HSA-8953750,abstraction:IsAChildOf,R-HSA-212436,
R-HSA-8864260,abstraction:IsAChildOf,R-HSA-212436,
R-HSA-383280,abstraction:IsAChildOf,R-HSA-212436,
R-HSA-2173793,abstraction:IsAChildOf,R-HSA-212436,
R-HSA-8878166,abstraction:IsAChildOf,R-HSA-212436,
R-HSA-3700989,abstraction:IsAChildOf,R-HSA-212436,
R-HSA-9614085,abstraction:IsAChildOf,R-HSA-212436,
R-HSA-8986944,abstraction:IsAChildOf,R-HSA-212436,
R-HSA-350054,abstraction:IsAChildOf,R-HSA-212436,
R-HSA-5693571,abstraction:IsAChildOf,R-HSA-5693532,
R-HSA-5693538,abstraction:IsAChildOf,R-HSA-5693532,
R-HSA-5693606,abstraction:IsAChildOf,R-HSA-5693532,
R-HSA-9005895,abstraction:IsAChildOf,R-HSA-9697154,
R-HSA-1660514,abstraction:IsAChildOf,R-HSA-1483255,
R-HSA-1660537,abstraction:IsAChildOf,R-HSA-1483255,
R-HSA-1483196,abstraction:IsAChildOf,R-HSA-1483255,
R-HSA-1660508,abstraction:IsAChildOf,R-HSA-1483255,
R-HSA-1660502,abstraction:IsAChildOf,R-HSA-1483255,
R-HSA-1483248,abstraction:IsAChildOf,R-HSA-1483255,
R-HSA-6814848,abstraction:IsAChildOf,R-HSA-1483255,
R-HSA-1660517,abstraction:IsAChildOf,R-HSA-1483255,
R-HSA-1660524,abstraction:IsAChildOf,R-HSA-1483255,
R-HSA-1660499,abstraction:IsAChildOf,R-HSA-1483255,
R-HSA-1660516,abstraction:IsAChildOf,R-HSA-1483255,
R-HSA-1660510,abstraction:IsAChildOf,R-HSA-1483255,
R-HSA-8847453,abstraction:IsAChildOf,R-HSA-1483255,
R-HSA-381042,abstraction:IsAChildOf,R-HSA-381119,
R-HSA-381033,abstraction:IsAChildOf,R-HSA-381119,
R-HSA-8874211,abstraction:IsAChildOf,R-HSA-381119,
R-HSA-381070,abstraction:IsAChildOf,R-HSA-381119,
R-HSA-8874177,abstraction:IsAChildOf,R-HSA-381119,
R-HSA-5218921,abstraction:IsAChildOf,R-HSA-4420097,
R-HSA-5218920,abstraction:IsAChildOf,R-HSA-4420097,
R-HSA-9630747,abstraction:IsAChildOf,R-HSA-9675132,
R-HSA-69563,abstraction:IsAChildOf,R-HSA-69580,
R-HSA-9833482,abstraction:IsAChildOf,R-HSA-1169410,
R-HSA-1169408,abstraction:IsAChildOf,R-HSA-1169410,
R-HSA-8983711,abstraction:IsAChildOf,R-HSA-1169410,
R-HSA-9960525,abstraction:IsAChildOf,R-HSA-9686114,
R-HSA-9960519,abstraction:IsAChildOf,R-HSA-9686114,
R-HSA-9948001,abstraction:IsAChildOf,R-HSA-9686114,
R-HSA-9948011,abstraction:IsAChildOf,R-HSA-9686114,
R-HSA-75953,abstraction:IsAChildOf,R-HSA-76042,
R-HSA-73776,abstraction:IsAChildOf,R-HSA-76042,
R-HSA-5218900,abstraction:IsAChildOf,R-HSA-5675482,
R-HSA-9686347,abstraction:IsAChildOf,R-HSA-9693928,
R-HSA-427975,abstraction:IsAChildOf,R-HSA-9959399,
R-HSA-173623,abstraction:IsAChildOf,R-HSA-166786,
R-HSA-166662,abstraction:IsAChildOf,R-HSA-166786,
R-HSA-390650,abstraction:IsAChildOf,R-HSA-375280,
R-HSA-390666,abstraction:IsAChildOf,R-HSA-375280,
R-HSA-390696,abstraction:IsAChildOf,R-HSA-375280,
R-HSA-390648,abstraction:IsAChildOf,R-HSA-375280,
R-HSA-390651,abstraction:IsAChildOf,R-HSA-375280,
R-HSA-1299503,abstraction:IsAChildOf,R-HSA-1296346,
R-HSA-1299361,abstraction:IsAChildOf,R-HSA-1296346,
R-HSA-1299287,abstraction:IsAChildOf,R-HSA-1296346,
R-HSA-1299308,abstraction:IsAChildOf,R-HSA-1296346,
R-HSA-1299344,abstraction:IsAChildOf,R-HSA-1296346,
R-HSA-1299316,abstraction:IsAChildOf,R-HSA-1296346,
R-HSA-69091,abstraction:IsAChildOf,R-HSA-69186,
R-HSA-69183,abstraction:IsAChildOf,R-HSA-69186,
R-HSA-77288,abstraction:IsAChildOf,R-HSA-77289,
R-HSA-71032,abstraction:IsAChildOf,R-HSA-77289,
R-HSA-77286,abstraction:IsAChildOf,R-HSA-77289,
R-HSA-5682910,abstraction:IsAChildOf,R-HSA-1266738,
R-HSA-9830369,abstraction:IsAChildOf,R-HSA-1266738,
R-HSA-9730414,abstraction:IsAChildOf,R-HSA-1266738,
R-HSA-9690406,abstraction:IsAChildOf,R-HSA-1266738,
R-HSA-452723,abstraction:IsAChildOf,R-HSA-1266738,
R-HSA-5619507,abstraction:IsAChildOf,R-HSA-1266738,
R-HSA-9945266,abstraction:IsAChildOf,R-HSA-1266738,
R-HSA-186712,abstraction:IsAChildOf,R-HSA-1266738,
R-HSA-9843745,abstraction:IsAChildOf,R-HSA-1266738,
R-HSA-525793,abstraction:IsAChildOf,R-HSA-1266738,
R-HSA-9616222,abstraction:IsAChildOf,R-HSA-1266738,
R-HSA-1181150,abstraction:IsAChildOf,R-HSA-1266738,
R-HSA-6805567,abstraction:IsAChildOf,R-HSA-1266738,
R-HSA-9734767,abstraction:IsAChildOf,R-HSA-1266738,
R-HSA-9733709,abstraction:IsAChildOf,R-HSA-1266738,
R-HSA-9816359,abstraction:IsAChildOf,R-HSA-1266738,
R-HSA-9758941,abstraction:IsAChildOf,R-HSA-1266738,
R-HSA-9675108,abstraction:IsAChildOf,R-HSA-1266738,
R-HSA-5620912,abstraction:IsAChildOf,R-HSA-5617833,
R-HSA-5620920,abstraction:IsAChildOf,R-HSA-5617833,
R-HSA-5620924,abstraction:IsAChildOf,R-HSA-5617833,
R-HSA-975138,abstraction:IsAChildOf,R-HSA-975155,
R-HSA-975110,abstraction:IsAChildOf,R-HSA-975155,
R-HSA-9605308,abstraction:IsAChildOf,R-HSA-9675135,
R-HSA-9675136,abstraction:IsAChildOf,R-HSA-9675135,
R-HSA-5423599,abstraction:IsAChildOf,R-HSA-9675135,
R-HSA-210455,abstraction:IsAChildOf,R-HSA-112313,
R-HSA-9670621,abstraction:IsAChildOf,R-HSA-9006821,
R-HSA-400508,abstraction:IsAChildOf,R-HSA-2980736,
R-HSA-2022377,abstraction:IsAChildOf,R-HSA-2980736,
R-HSA-209952,abstraction:IsAChildOf,R-HSA-2980736,
R-HSA-264876,abstraction:IsAChildOf,R-HSA-2980736,
R-HSA-422085,abstraction:IsAChildOf,R-HSA-2980736,
R-HSA-176974,abstraction:IsAChildOf,R-HSA-69190,
R-HSA-69109,abstraction:IsAChildOf,R-HSA-69190,
R-HSA-69186,abstraction:IsAChildOf,R-HSA-69190,
R-HSA-1234176,abstraction:IsAChildOf,R-HSA-1234174,
R-HSA-1234158,abstraction:IsAChildOf,R-HSA-1234174,
R-HSA-2474795,abstraction:IsAChildOf,R-HSA-9675143,
R-HSA-165160,abstraction:IsAChildOf,R-HSA-109703,
R-HSA-427589,abstraction:IsAChildOf,R-HSA-427652,
R-HSA-9630221,abstraction:IsAChildOf,R-HSA-9616333,
R-HSA-9630222,abstraction:IsAChildOf,R-HSA-9616333,
R-HSA-5260271,abstraction:IsAChildOf,R-HSA-1643685,
R-HSA-9675151,abstraction:IsAChildOf,R-HSA-1643685,
R-HSA-9675143,abstraction:IsAChildOf,R-HSA-1643685,
R-HSA-5619115,abstraction:IsAChildOf,R-HSA-1643685,
R-HSA-9671793,abstraction:IsAChildOf,R-HSA-1643685,
R-HSA-5668914,abstraction:IsAChildOf,R-HSA-1643685,
R-HSA-5663202,abstraction:IsAChildOf,R-HSA-1643685,
R-HSA-9675126,abstraction:IsAChildOf,R-HSA-1643685,
R-HSA-9675135,abstraction:IsAChildOf,R-HSA-1643685,
R-HSA-9675132,abstraction:IsAChildOf,R-HSA-1643685,
R-HSA-9645723,abstraction:IsAChildOf,R-HSA-1643685,
R-HSA-5663205,abstraction:IsAChildOf,R-HSA-1643685,
R-HSA-9944997,abstraction:IsAChildOf,R-HSA-9944971,
R-HSA-9033500,abstraction:IsAChildOf,R-HSA-9033241,
R-HSA-9687136,abstraction:IsAChildOf,R-HSA-9687139,
R-HSA-9659787,abstraction:IsAChildOf,R-HSA-9687139,
R-HSA-5625886,abstraction:IsAChildOf,R-HSA-5625740,
R-HSA-167246,abstraction:IsAChildOf,R-HSA-167169,
R-HSA-167158,abstraction:IsAChildOf,R-HSA-167169,
R-HSA-167242,abstraction:IsAChildOf,R-HSA-167169,
R-HSA-72649,abstraction:IsAChildOf,R-HSA-72662,
R-HSA-380972,abstraction:IsAChildOf,R-HSA-165159,
R-HSA-165181,abstraction:IsAChildOf,R-HSA-165159,
R-HSA-166208,abstraction:IsAChildOf,R-HSA-165159,
R-HSA-6781827,abstraction:IsAChildOf,R-HSA-5696398,
R-HSA-5696399,abstraction:IsAChildOf,R-HSA-5696398,
R-HSA-193634,abstraction:IsAChildOf,R-HSA-193697,
R-HSA-209563,abstraction:IsAChildOf,R-HSA-193697,
R-HSA-877300,abstraction:IsAChildOf,R-HSA-913531,
R-HSA-9909505,abstraction:IsAChildOf,R-HSA-913531,
R-HSA-909733,abstraction:IsAChildOf,R-HSA-913531,
R-HSA-1169410,abstraction:IsAChildOf,R-HSA-913531,
R-HSA-2161541,abstraction:IsAChildOf,R-HSA-2161522,
R-HSA-2161517,abstraction:IsAChildOf,R-HSA-2161522,
R-HSA-5213460,abstraction:IsAChildOf,R-HSA-5218859,
R-HSA-5620971,abstraction:IsAChildOf,R-HSA-5218859,
R-HSA-6811438,abstraction:IsAChildOf,R-HSA-6811442,
R-HSA-6811440,abstraction:IsAChildOf,R-HSA-6811442,
R-HSA-8856688,abstraction:IsAChildOf,R-HSA-6811442,
R-HSA-9750126,abstraction:IsAChildOf,R-HSA-6783310,
R-HSA-3249367,abstraction:IsAChildOf,R-HSA-1834941,
R-HSA-3270619,abstraction:IsAChildOf,R-HSA-1834941,
R-HSA-380284,abstraction:IsAChildOf,R-HSA-380287,
R-HSA-380270,abstraction:IsAChildOf,R-HSA-380287,
R-HSA-9764265,abstraction:IsAChildOf,R-HSA-9764274,
R-HSA-9944971,abstraction:IsAChildOf,R-HSA-9675151,
R-HSA-9697154,abstraction:IsAChildOf,R-HSA-9675151,
R-HSA-8943723,abstraction:IsAChildOf,R-HSA-6807070,
R-HSA-8943724,abstraction:IsAChildOf,R-HSA-6807070,
R-HSA-8948747,abstraction:IsAChildOf,R-HSA-6807070,
R-HSA-8948751,abstraction:IsAChildOf,R-HSA-6807070,
R-HSA-901042,abstraction:IsAChildOf,R-HSA-532668,
R-HSA-77111,abstraction:IsAChildOf,R-HSA-74182,
R-HSA-77108,abstraction:IsAChildOf,R-HSA-74182,
R-HSA-5693554,abstraction:IsAChildOf,R-HSA-5693537,
R-HSA-5693568,abstraction:IsAChildOf,R-HSA-5693537,
R-HSA-9856872,abstraction:IsAChildOf,R-HSA-611105,
R-HSA-6799198,abstraction:IsAChildOf,R-HSA-611105,
R-HSA-9864848,abstraction:IsAChildOf,R-HSA-611105,
R-HSA-9865881,abstraction:IsAChildOf,R-HSA-611105,
R-HSA-167044,abstraction:IsAChildOf,R-HSA-187687,
R-HSA-169893,abstraction:IsAChildOf,R-HSA-187687,
R-HSA-187706,abstraction:IsAChildOf,R-HSA-187687,
R-HSA-380259,abstraction:IsAChildOf,R-HSA-380284,
R-HSA-5688354,abstraction:IsAChildOf,R-HSA-5687613,
R-HSA-5688399,abstraction:IsAChildOf,R-HSA-5687613,
R-HSA-5688890,abstraction:IsAChildOf,R-HSA-5687613,
R-HSA-5688849,abstraction:IsAChildOf,R-HSA-5687613,
R-HSA-5687583,abstraction:IsAChildOf,R-HSA-5687613,
R-HSA-5688031,abstraction:IsAChildOf,R-HSA-5687613,
R-HSA-5687868,abstraction:IsAChildOf,R-HSA-5687613,
R-HSA-9617324,abstraction:IsAChildOf,R-HSA-442755,
R-HSA-438066,abstraction:IsAChildOf,R-HSA-442755,
R-HSA-438064,abstraction:IsAChildOf,R-HSA-442755,
R-HSA-9609736,abstraction:IsAChildOf,R-HSA-442755,
R-HSA-9020558,abstraction:IsAChildOf,R-HSA-451927,
R-HSA-8985947,abstraction:IsAChildOf,R-HSA-451927,
R-HSA-912526,abstraction:IsAChildOf,R-HSA-451927,
R-HSA-9020958,abstraction:IsAChildOf,R-HSA-451927,
R-HSA-8983432,abstraction:IsAChildOf,R-HSA-451927,
R-HSA-5576891,abstraction:IsAChildOf,R-HSA-397014,
R-HSA-445355,abstraction:IsAChildOf,R-HSA-397014,
R-HSA-390522,abstraction:IsAChildOf,R-HSA-397014,
R-HSA-2514859,abstraction:IsAChildOf,R-HSA-2514856,
R-HSA-2485179,abstraction:IsAChildOf,R-HSA-2514856,
R-HSA-176409,abstraction:IsAChildOf,R-HSA-176814,
R-HSA-176412,abstraction:IsAChildOf,R-HSA-176814,
R-HSA-2408499,abstraction:IsAChildOf,R-HSA-2408522,
R-HSA-2408508,abstraction:IsAChildOf,R-HSA-2408522,
R-HSA-2408557,abstraction:IsAChildOf,R-HSA-2408522,
R-HSA-5263617,abstraction:IsAChildOf,R-HSA-2408522,
R-HSA-2408550,abstraction:IsAChildOf,R-HSA-2408522,
R-HSA-2408552,abstraction:IsAChildOf,R-HSA-2408522,
R-HSA-8964043,abstraction:IsAChildOf,R-HSA-174824,
R-HSA-8963899,abstraction:IsAChildOf,R-HSA-174824,
R-HSA-8963898,abstraction:IsAChildOf,R-HSA-174824,
R-HSA-9754560,abstraction:IsAChildOf,R-HSA-9705683,
R-HSA-9705677,abstraction:IsAChildOf,R-HSA-9705683,
R-HSA-9755779,abstraction:IsAChildOf,R-HSA-9705683,
R-HSA-9754678,abstraction:IsAChildOf,R-HSA-9705683,
R-HSA-9705671,abstraction:IsAChildOf,R-HSA-9705683,
R-HSA-9933937,abstraction:IsAChildOf,R-HSA-9932451,
R-HSA-9933939,abstraction:IsAChildOf,R-HSA-9932451,
R-HSA-9933947,abstraction:IsAChildOf,R-HSA-9932451,
R-HSA-9934037,abstraction:IsAChildOf,R-HSA-9932451,
R-HSA-9933946,abstraction:IsAChildOf,R-HSA-9932451,
R-HSA-2980766,abstraction:IsAChildOf,R-HSA-68875,
R-HSA-2465910,abstraction:IsAChildOf,R-HSA-68875,
R-HSA-162658,abstraction:IsAChildOf,R-HSA-68875,
R-HSA-2299718,abstraction:IsAChildOf,R-HSA-68875,
R-HSA-2187338,abstraction:IsAChildOf,R-HSA-9709957,
R-HSA-381753,abstraction:IsAChildOf,R-HSA-9709957,
R-HSA-9717189,abstraction:IsAChildOf,R-HSA-9709957,
R-HSA-9659379,abstraction:IsAChildOf,R-HSA-9709957,
R-HSA-159740,abstraction:IsAChildOf,R-HSA-159854,
R-HSA-159763,abstraction:IsAChildOf,R-HSA-159854,
R-HSA-159782,abstraction:IsAChildOf,R-HSA-159854,
R-HSA-629587,abstraction:IsAChildOf,R-HSA-622323,
R-HSA-629597,abstraction:IsAChildOf,R-HSA-622323,
R-HSA-112122,abstraction:IsAChildOf,R-HSA-73943,
R-HSA-112126,abstraction:IsAChildOf,R-HSA-73943,
R-HSA-9013973,abstraction:IsAChildOf,R-HSA-168164,
R-HSA-450294,abstraction:IsAChildOf,R-HSA-168164,
R-HSA-9014325,abstraction:IsAChildOf,R-HSA-168164,
R-HSA-445989,abstraction:IsAChildOf,R-HSA-168164,
R-HSA-9013957,abstraction:IsAChildOf,R-HSA-168164,
R-HSA-168927,abstraction:IsAChildOf,R-HSA-168164,
R-HSA-5619084,abstraction:IsAChildOf,R-HSA-5619115,
R-HSA-5619102,abstraction:IsAChildOf,R-HSA-5619115,
R-HSA-77289,abstraction:IsAChildOf,R-HSA-8978868,
R-HSA-75105,abstraction:IsAChildOf,R-HSA-8978868,
R-HSA-200425,abstraction:IsAChildOf,R-HSA-8978868,
R-HSA-2142753,abstraction:IsAChildOf,R-HSA-8978868,
R-HSA-2046104,abstraction:IsAChildOf,R-HSA-8978868,
R-HSA-390918,abstraction:IsAChildOf,R-HSA-8978868,
R-HSA-9939291,abstraction:IsAChildOf,R-HSA-8931838,
R-HSA-8932504,abstraction:IsAChildOf,R-HSA-8931838,
R-HSA-8932506,abstraction:IsAChildOf,R-HSA-8931838,
R-HSA-8932505,abstraction:IsAChildOf,R-HSA-8931838,
R-HSA-163282,abstraction:IsAChildOf,R-HSA-75944,
R-HSA-163316,abstraction:IsAChildOf,R-HSA-75944,
R-HSA-9613354,abstraction:IsAChildOf,R-HSA-9663891,
R-HSA-5205647,abstraction:IsAChildOf,R-HSA-9663891,
R-HSA-9646399,abstraction:IsAChildOf,R-HSA-9663891,
R-HSA-9664873,abstraction:IsAChildOf,R-HSA-9663891,
R-HSA-5684264,abstraction:IsAChildOf,R-HSA-9020702,
R-HSA-445989,abstraction:IsAChildOf,R-HSA-9020702,
R-HSA-6782135,abstraction:IsAChildOf,R-HSA-6781827,
R-HSA-6782210,abstraction:IsAChildOf,R-HSA-6781827,
R-HSA-6781823,abstraction:IsAChildOf,R-HSA-6781827,
R-HSA-9027604,abstraction:IsAChildOf,R-HSA-9018678,
R-HSA-9018679,abstraction:IsAChildOf,R-HSA-9018678,
R-HSA-9018683,abstraction:IsAChildOf,R-HSA-9018678,
R-HSA-2142700,abstraction:IsAChildOf,R-HSA-9018678,
R-HSA-9018677,abstraction:IsAChildOf,R-HSA-9018678,
R-HSA-912694,abstraction:IsAChildOf,R-HSA-909733,
R-HSA-2393930,abstraction:IsAChildOf,R-HSA-74259,
R-HSA-5617472,abstraction:IsAChildOf,R-HSA-5619507,
R-HSA-399956,abstraction:IsAChildOf,R-HSA-373755,
R-HSA-399955,abstraction:IsAChildOf,R-HSA-373755,
R-HSA-400685,abstraction:IsAChildOf,R-HSA-373755,
R-HSA-399954,abstraction:IsAChildOf,R-HSA-373755,
R-HSA-416700,abstraction:IsAChildOf,R-HSA-373755,
R-HSA-196299,abstraction:IsAChildOf,R-HSA-195253,
R-HSA-4641265,abstraction:IsAChildOf,R-HSA-195253,
R-HSA-399710,abstraction:IsAChildOf,R-HSA-399721,
R-HSA-399719,abstraction:IsAChildOf,R-HSA-399721,
R-HSA-113418,abstraction:IsAChildOf,R-HSA-75955,
R-HSA-112382,abstraction:IsAChildOf,R-HSA-75955,
R-HSA-2691232,abstraction:IsAChildOf,R-HSA-2691230,
R-HSA-416572,abstraction:IsAChildOf,R-HSA-400685,
R-HSA-416550,abstraction:IsAChildOf,R-HSA-400685,
R-HSA-5669034,abstraction:IsAChildOf,R-HSA-5668541,
R-HSA-5676594,abstraction:IsAChildOf,R-HSA-5668541,
R-HSA-5676590,abstraction:IsAChildOf,R-HSA-5668541,
R-HSA-9673013,abstraction:IsAChildOf,R-HSA-9675126,
R-HSA-9687139,abstraction:IsAChildOf,R-HSA-9675126,
R-HSA-77042,abstraction:IsAChildOf,R-HSA-75064,
R-HSA-75102,abstraction:IsAChildOf,R-HSA-75064,
R-HSA-9627069,abstraction:IsAChildOf,R-HSA-111458,
R-HSA-5205685,abstraction:IsAChildOf,R-HSA-5205647,
R-HSA-8934903,abstraction:IsAChildOf,R-HSA-5205647,
R-HSA-168255,abstraction:IsAChildOf,R-HSA-9824446,
R-HSA-9820952,abstraction:IsAChildOf,R-HSA-9824446,
R-HSA-9679506,abstraction:IsAChildOf,R-HSA-9824446,
R-HSA-162906,abstraction:IsAChildOf,R-HSA-9824446,
R-HSA-9609646,abstraction:IsAChildOf,R-HSA-9824446,
R-HSA-5358751,abstraction:IsAChildOf,R-HSA-4839743,
R-HSA-5358747,abstraction:IsAChildOf,R-HSA-4839743,
R-HSA-5358749,abstraction:IsAChildOf,R-HSA-4839743,
R-HSA-5358752,abstraction:IsAChildOf,R-HSA-4839743,
R-HSA-5358606,abstraction:IsAChildOf,R-HSA-5358508,
R-HSA-5358565,abstraction:IsAChildOf,R-HSA-5358508,
R-HSA-171007,abstraction:IsAChildOf,R-HSA-167044,
R-HSA-9820865,abstraction:IsAChildOf,R-HSA-9816359,
R-HSA-9820841,abstraction:IsAChildOf,R-HSA-9816359,
R-HSA-9821993,abstraction:IsAChildOf,R-HSA-9816359,
R-HSA-9821002,abstraction:IsAChildOf,R-HSA-9816359,
R-HSA-9819196,abstraction:IsAChildOf,R-HSA-9816359,
R-HSA-381038,abstraction:IsAChildOf,R-HSA-381070,
R-HSA-9683439,abstraction:IsAChildOf,R-HSA-9679504,
R-HSA-9684325,abstraction:IsAChildOf,R-HSA-9679504,
R-HSA-418886,abstraction:IsAChildOf,R-HSA-373752,
R-HSA-418885,abstraction:IsAChildOf,R-HSA-373752,
R-HSA-376172,abstraction:IsAChildOf,R-HSA-373752,
R-HSA-418890,abstraction:IsAChildOf,R-HSA-373752,
R-HSA-159236,abstraction:IsAChildOf,R-HSA-72202,
R-HSA-159234,abstraction:IsAChildOf,R-HSA-72202,
R-HSA-75035,abstraction:IsAChildOf,R-HSA-69473,
R-HSA-389356,abstraction:IsAChildOf,R-HSA-388841,
R-HSA-389948,abstraction:IsAChildOf,R-HSA-388841,
R-HSA-9927353,abstraction:IsAChildOf,R-HSA-388841,
R-HSA-9927354,abstraction:IsAChildOf,R-HSA-388841,
R-HSA-389513,abstraction:IsAChildOf,R-HSA-388841,
R-HSA-73930,abstraction:IsAChildOf,R-HSA-110381,
R-HSA-168268,abstraction:IsAChildOf,R-HSA-168255,
R-HSA-168275,abstraction:IsAChildOf,R-HSA-168255,
R-HSA-168277,abstraction:IsAChildOf,R-HSA-168255,
R-HSA-168270,abstraction:IsAChildOf,R-HSA-168255,
R-HSA-168271,abstraction:IsAChildOf,R-HSA-168255,
R-HSA-168273,abstraction:IsAChildOf,R-HSA-168255,
R-HSA-168274,abstraction:IsAChildOf,R-HSA-168255,
R-HSA-168276,abstraction:IsAChildOf,R-HSA-168255,
R-HSA-5334118,abstraction:IsAChildOf,R-HSA-212165,
R-HSA-5250913,abstraction:IsAChildOf,R-HSA-212165,
R-HSA-212300,abstraction:IsAChildOf,R-HSA-212165,
R-HSA-9917777,abstraction:IsAChildOf,R-HSA-212165,
R-HSA-5250941,abstraction:IsAChildOf,R-HSA-212165,
R-HSA-9842860,abstraction:IsAChildOf,R-HSA-212165,
R-HSA-5221030,abstraction:IsAChildOf,R-HSA-212165,
R-HSA-391906,abstraction:IsAChildOf,R-HSA-391903,
R-HSA-391908,abstraction:IsAChildOf,R-HSA-391903,
R-HSA-186763,abstraction:IsAChildOf,R-HSA-186797,
R-HSA-70326,abstraction:IsAChildOf,R-HSA-71387,
R-HSA-9033658,abstraction:IsAChildOf,R-HSA-71387,
R-HSA-8982491,abstraction:IsAChildOf,R-HSA-71387,
R-HSA-1630316,abstraction:IsAChildOf,R-HSA-71387,
R-HSA-8853383,abstraction:IsAChildOf,R-HSA-71387,
R-HSA-5661270,abstraction:IsAChildOf,R-HSA-71387,
R-HSA-5653890,abstraction:IsAChildOf,R-HSA-71387,
R-HSA-70370,abstraction:IsAChildOf,R-HSA-71387,
R-HSA-71336,abstraction:IsAChildOf,R-HSA-71387,
R-HSA-5652084,abstraction:IsAChildOf,R-HSA-71387,
R-HSA-9616334,abstraction:IsAChildOf,R-HSA-9605308,
R-HSA-9656249,abstraction:IsAChildOf,R-HSA-9605308,
R-HSA-9629232,abstraction:IsAChildOf,R-HSA-9605308,
R-HSA-9616333,abstraction:IsAChildOf,R-HSA-9605308,
R-HSA-9605310,abstraction:IsAChildOf,R-HSA-9605308,
R-HSA-5684996,abstraction:IsAChildOf,R-HSA-5683057,
R-HSA-5687128,abstraction:IsAChildOf,R-HSA-5683057,
R-HSA-947581,abstraction:IsAChildOf,R-HSA-196849,
R-HSA-196807,abstraction:IsAChildOf,R-HSA-196849,
R-HSA-196741,abstraction:IsAChildOf,R-HSA-196849,
R-HSA-196757,abstraction:IsAChildOf,R-HSA-196849,
R-HSA-964975,abstraction:IsAChildOf,R-HSA-196849,
R-HSA-196836,abstraction:IsAChildOf,R-HSA-196849,
R-HSA-196819,abstraction:IsAChildOf,R-HSA-196849,
R-HSA-196843,abstraction:IsAChildOf,R-HSA-196849,
R-HSA-199220,abstraction:IsAChildOf,R-HSA-196849,
R-HSA-196780,abstraction:IsAChildOf,R-HSA-196849,
R-HSA-9630794,abstraction:IsAChildOf,R-HSA-9630750,
R-HSA-9630791,abstraction:IsAChildOf,R-HSA-9630750,
R-HSA-9013700,abstraction:IsAChildOf,R-HSA-9013694,
R-HSA-9013695,abstraction:IsAChildOf,R-HSA-9013694,
R-HSA-9604323,abstraction:IsAChildOf,R-HSA-9013694,
R-HSA-9674396,abstraction:IsAChildOf,R-HSA-9674415,
R-HSA-9674404,abstraction:IsAChildOf,R-HSA-9674415,
R-HSA-9674401,abstraction:IsAChildOf,R-HSA-9674415,
R-HSA-9674403,abstraction:IsAChildOf,R-HSA-9674415,
R-HSA-189085,abstraction:IsAChildOf,R-HSA-8935690,
R-HSA-192456,abstraction:IsAChildOf,R-HSA-8935690,
R-HSA-168336,abstraction:IsAChildOf,R-HSA-168270,
R-HSA-168288,abstraction:IsAChildOf,R-HSA-168270,
R-HSA-9664323,abstraction:IsAChildOf,R-HSA-9662851,
R-HSA-9662834,abstraction:IsAChildOf,R-HSA-9662851,
R-HSA-9664535,abstraction:IsAChildOf,R-HSA-9662851,
R-HSA-9660821,abstraction:IsAChildOf,R-HSA-9662851,
R-HSA-169911,abstraction:IsAChildOf,R-HSA-109581,
R-HSA-5357769,abstraction:IsAChildOf,R-HSA-109581,
R-HSA-75153,abstraction:IsAChildOf,R-HSA-109581,
R-HSA-109606,abstraction:IsAChildOf,R-HSA-109581,
R-HSA-162710,abstraction:IsAChildOf,R-HSA-163125,
R-HSA-162699,abstraction:IsAChildOf,R-HSA-163125,
R-HSA-162791,abstraction:IsAChildOf,R-HSA-163125,
R-HSA-1257604,abstraction:IsAChildOf,R-HSA-9006925,
R-HSA-1489509,abstraction:IsAChildOf,R-HSA-9006925,
R-HSA-110320,abstraction:IsAChildOf,R-HSA-110313,
R-HSA-5655862,abstraction:IsAChildOf,R-HSA-110313,
R-HSA-110312,abstraction:IsAChildOf,R-HSA-110313,
R-HSA-5656121,abstraction:IsAChildOf,R-HSA-110313,
R-HSA-5656169,abstraction:IsAChildOf,R-HSA-110313,
R-HSA-6807047,abstraction:IsAChildOf,R-HSA-191273,
R-HSA-6807062,abstraction:IsAChildOf,R-HSA-191273,
R-HSA-2894858,abstraction:IsAChildOf,R-HSA-2644603,
R-HSA-2644605,abstraction:IsAChildOf,R-HSA-2644603,
R-HSA-2660825,abstraction:IsAChildOf,R-HSA-2644603,
R-HSA-2644602,abstraction:IsAChildOf,R-HSA-2644603,
R-HSA-2691230,abstraction:IsAChildOf,R-HSA-2644603,
R-HSA-9861718,abstraction:IsAChildOf,R-HSA-70268,
R-HSA-9861559,abstraction:IsAChildOf,R-HSA-70268,
R-HSA-179409,abstraction:IsAChildOf,R-HSA-179419,
R-HSA-174184,abstraction:IsAChildOf,R-HSA-179419,
R-HSA-9909615,abstraction:IsAChildOf,R-HSA-9909648,
R-HSA-9909620,abstraction:IsAChildOf,R-HSA-9909648,
R-HSA-9909649,abstraction:IsAChildOf,R-HSA-9909648,
R-HSA-9636003,abstraction:IsAChildOf,R-HSA-73929,
R-HSA-73928,abstraction:IsAChildOf,R-HSA-73929,
R-HSA-73927,abstraction:IsAChildOf,R-HSA-73929,
R-HSA-9730737,abstraction:IsAChildOf,R-HSA-73929,
R-HSA-611105,abstraction:IsAChildOf,R-HSA-1428517,
R-HSA-880009,abstraction:IsAChildOf,R-HSA-1428517,
R-HSA-70268,abstraction:IsAChildOf,R-HSA-1428517,
R-HSA-166187,abstraction:IsAChildOf,R-HSA-1428517,
R-HSA-163210,abstraction:IsAChildOf,R-HSA-1428517,
R-HSA-71403,abstraction:IsAChildOf,R-HSA-1428517,
R-HSA-202433,abstraction:IsAChildOf,R-HSA-202403,
R-HSA-202430,abstraction:IsAChildOf,R-HSA-202403,
R-HSA-202427,abstraction:IsAChildOf,R-HSA-202403,
R-HSA-202424,abstraction:IsAChildOf,R-HSA-202403,
R-HSA-399997,abstraction:IsAChildOf,R-HSA-422356,
R-HSA-400042,abstraction:IsAChildOf,R-HSA-422356,
R-HSA-381676,abstraction:IsAChildOf,R-HSA-422356,
R-HSA-400451,abstraction:IsAChildOf,R-HSA-422356,
R-HSA-2453864,abstraction:IsAChildOf,R-HSA-2474795,
R-HSA-6809583,abstraction:IsAChildOf,R-HSA-2474795,
R-HSA-69895,abstraction:IsAChildOf,R-HSA-69560,
R-HSA-177539,abstraction:IsAChildOf,R-HSA-162592,
R-HSA-164843,abstraction:IsAChildOf,R-HSA-162592,
R-HSA-175567,abstraction:IsAChildOf,R-HSA-162592,
R-HSA-1839126,abstraction:IsAChildOf,R-HSA-5655253,
R-HSA-6809371,abstraction:IsAChildOf,R-HSA-6805567,
R-HSA-8941413,abstraction:IsAChildOf,R-HSA-1222556,
R-HSA-9673324,abstraction:IsAChildOf,R-HSA-9664420,
R-HSA-9669934,abstraction:IsAChildOf,R-HSA-9669937,
R-HSA-9669926,abstraction:IsAChildOf,R-HSA-9669937,
R-HSA-9669917,abstraction:IsAChildOf,R-HSA-9669937,
R-HSA-9669924,abstraction:IsAChildOf,R-HSA-9669937,
R-HSA-9669914,abstraction:IsAChildOf,R-HSA-9669937,
R-HSA-9669936,abstraction:IsAChildOf,R-HSA-9669937,
R-HSA-9669929,abstraction:IsAChildOf,R-HSA-9669937,
R-HSA-9723905,abstraction:IsAChildOf,R-HSA-9723907,
R-HSA-177135,abstraction:IsAChildOf,R-HSA-159424,
R-HSA-177162,abstraction:IsAChildOf,R-HSA-159424,
R-HSA-177128,abstraction:IsAChildOf,R-HSA-159424,
R-HSA-204174,abstraction:IsAChildOf,R-HSA-9861718,
R-HSA-8862803,abstraction:IsAChildOf,R-HSA-8863678,
R-HSA-774815,abstraction:IsAChildOf,R-HSA-73886,
R-HSA-157579,abstraction:IsAChildOf,R-HSA-73886,
R-HSA-432722,abstraction:IsAChildOf,R-HSA-199992,
R-HSA-432720,abstraction:IsAChildOf,R-HSA-199992,
R-HSA-168330,abstraction:IsAChildOf,R-HSA-168274,
R-HSA-168333,abstraction:IsAChildOf,R-HSA-168274,
R-HSA-168303,abstraction:IsAChildOf,R-HSA-168268,
R-HSA-168316,abstraction:IsAChildOf,R-HSA-168268,
R-HSA-168298,abstraction:IsAChildOf,R-HSA-168268,
R-HSA-168302,abstraction:IsAChildOf,R-HSA-168268,
R-HSA-9632700,abstraction:IsAChildOf,R-HSA-9632693,
R-HSA-9632697,abstraction:IsAChildOf,R-HSA-9632693,
R-HSA-2559582,abstraction:IsAChildOf,R-HSA-2559583,
R-HSA-2559585,abstraction:IsAChildOf,R-HSA-2559583,
R-HSA-2559580,abstraction:IsAChildOf,R-HSA-2559583,
R-HSA-2559586,abstraction:IsAChildOf,R-HSA-2559583,
R-HSA-380612,abstraction:IsAChildOf,R-HSA-380615,
R-HSA-8849932,abstraction:IsAChildOf,R-HSA-6794362,
R-HSA-388844,abstraction:IsAChildOf,R-HSA-6794362,
R-HSA-6794361,abstraction:IsAChildOf,R-HSA-6794362,
R-HSA-5467348,abstraction:IsAChildOf,R-HSA-4839748,
R-HSA-5467343,abstraction:IsAChildOf,R-HSA-4839748,
R-HSA-9637698,abstraction:IsAChildOf,R-HSA-9637679,
R-HSA-9824446,abstraction:IsAChildOf,R-HSA-5663205,
R-HSA-9824443,abstraction:IsAChildOf,R-HSA-5663205,
R-HSA-9824439,abstraction:IsAChildOf,R-HSA-5663205,
R-HSA-69416,abstraction:IsAChildOf,R-HSA-140534,
R-HSA-3371378,abstraction:IsAChildOf,R-HSA-140534,
R-HSA-451307,abstraction:IsAChildOf,R-HSA-451306,
R-HSA-451308,abstraction:IsAChildOf,R-HSA-451306,
R-HSA-139915,abstraction:IsAChildOf,R-HSA-114452,
R-HSA-111447,abstraction:IsAChildOf,R-HSA-114452,
R-HSA-111446,abstraction:IsAChildOf,R-HSA-114452,
R-HSA-111448,abstraction:IsAChildOf,R-HSA-114452,
R-HSA-139910,abstraction:IsAChildOf,R-HSA-114452,
R-HSA-2473224,abstraction:IsAChildOf,R-HSA-1502540,
R-HSA-1296052,abstraction:IsAChildOf,R-HSA-1296071,
R-HSA-1296061,abstraction:IsAChildOf,R-HSA-1296071,
R-HSA-1296072,abstraction:IsAChildOf,R-HSA-1296071,
R-HSA-1296346,abstraction:IsAChildOf,R-HSA-1296071,
R-HSA-1296065,abstraction:IsAChildOf,R-HSA-1296071,
R-HSA-1474228,abstraction:IsAChildOf,R-HSA-1474244,
R-HSA-216083,abstraction:IsAChildOf,R-HSA-1474244,
R-HSA-3000157,abstraction:IsAChildOf,R-HSA-1474244,
R-HSA-1566977,abstraction:IsAChildOf,R-HSA-1474244,
R-HSA-1474290,abstraction:IsAChildOf,R-HSA-1474244,
R-HSA-1566948,abstraction:IsAChildOf,R-HSA-1474244,
R-HSA-8941237,abstraction:IsAChildOf,R-HSA-1474244,
R-HSA-3000178,abstraction:IsAChildOf,R-HSA-1474244,
R-HSA-3000171,abstraction:IsAChildOf,R-HSA-1474244,
R-HSA-173107,abstraction:IsAChildOf,R-HSA-162594,
R-HSA-162592,abstraction:IsAChildOf,R-HSA-162594,
R-HSA-162589,abstraction:IsAChildOf,R-HSA-162594,
R-HSA-162585,abstraction:IsAChildOf,R-HSA-162594,
R-HSA-350864,abstraction:IsAChildOf,R-HSA-209968,
R-HSA-9020591,abstraction:IsAChildOf,R-HSA-447115,
R-HSA-9020956,abstraction:IsAChildOf,R-HSA-447115,
R-HSA-8984722,abstraction:IsAChildOf,R-HSA-447115,
R-HSA-9020933,abstraction:IsAChildOf,R-HSA-447115,
R-HSA-1236382,abstraction:IsAChildOf,R-HSA-5637815,
R-HSA-3311021,abstraction:IsAChildOf,R-HSA-3304347,
R-HSA-9734195,abstraction:IsAChildOf,R-HSA-9734207,
R-HSA-9734281,abstraction:IsAChildOf,R-HSA-9734207,
R-HSA-9734735,abstraction:IsAChildOf,R-HSA-9734207,
R-HSA-5675221,abstraction:IsAChildOf,R-HSA-5673001,
R-HSA-5658442,abstraction:IsAChildOf,R-HSA-5673001,
R-HSA-9648002,abstraction:IsAChildOf,R-HSA-5673001,
R-HSA-5674135,abstraction:IsAChildOf,R-HSA-5673001,
R-HSA-5673000,abstraction:IsAChildOf,R-HSA-5673001,
R-HSA-2132295,abstraction:IsAChildOf,R-HSA-1280218,
R-HSA-983169,abstraction:IsAChildOf,R-HSA-1280218,
R-HSA-202403,abstraction:IsAChildOf,R-HSA-1280218,
R-HSA-8851680,abstraction:IsAChildOf,R-HSA-1280218,
R-HSA-983705,abstraction:IsAChildOf,R-HSA-1280218,
R-HSA-388841,abstraction:IsAChildOf,R-HSA-1280218,
R-HSA-392517,abstraction:IsAChildOf,R-HSA-1280218,
R-HSA-198933,abstraction:IsAChildOf,R-HSA-1280218,
R-HSA-5685939,abstraction:IsAChildOf,R-HSA-5693538,
R-HSA-5693567,abstraction:IsAChildOf,R-HSA-5693538,
R-HSA-4755583,abstraction:IsAChildOf,R-HSA-5609975,
R-HSA-4717374,abstraction:IsAChildOf,R-HSA-5609975,
R-HSA-9931929,abstraction:IsAChildOf,R-HSA-5609975,
R-HSA-4755579,abstraction:IsAChildOf,R-HSA-5609975,
R-HSA-5609976,abstraction:IsAChildOf,R-HSA-5609975,
R-HSA-5609978,abstraction:IsAChildOf,R-HSA-5609975,
R-HSA-4085023,abstraction:IsAChildOf,R-HSA-5609975,
R-HSA-4085011,abstraction:IsAChildOf,R-HSA-5609975,
R-HSA-4719360,abstraction:IsAChildOf,R-HSA-5609975,
R-HSA-4043916,abstraction:IsAChildOf,R-HSA-5609975,
R-HSA-5609977,abstraction:IsAChildOf,R-HSA-5609975,
R-HSA-5609974,abstraction:IsAChildOf,R-HSA-5609975,
R-HSA-4755609,abstraction:IsAChildOf,R-HSA-5609975,
R-HSA-4043911,abstraction:IsAChildOf,R-HSA-5609975,
R-HSA-4719377,abstraction:IsAChildOf,R-HSA-5609975,
R-HSA-432030,abstraction:IsAChildOf,R-HSA-445717,
R-HSA-432040,abstraction:IsAChildOf,R-HSA-445717,
R-HSA-432047,abstraction:IsAChildOf,R-HSA-445717,
R-HSA-211994,abstraction:IsAChildOf,R-HSA-211976,
R-HSA-420029,abstraction:IsAChildOf,R-HSA-421270,
R-HSA-418990,abstraction:IsAChildOf,R-HSA-421270,
R-HSA-373756,abstraction:IsAChildOf,R-HSA-421270,
R-HSA-109703,abstraction:IsAChildOf,R-HSA-109704,
R-HSA-165158,abstraction:IsAChildOf,R-HSA-109704,
R-HSA-9833109,abstraction:IsAChildOf,R-HSA-9833110,
R-HSA-168799,abstraction:IsAChildOf,R-HSA-5339562,
R-HSA-5210891,abstraction:IsAChildOf,R-HSA-5339562,
R-HSA-5336415,abstraction:IsAChildOf,R-HSA-5339562,
R-HSA-8942233,abstraction:IsAChildOf,R-HSA-5339562,
R-HSA-2029481,abstraction:IsAChildOf,R-HSA-2029480,
R-HSA-2029482,abstraction:IsAChildOf,R-HSA-2029480,
R-HSA-2029485,abstraction:IsAChildOf,R-HSA-2029480,
R-HSA-1462054,abstraction:IsAChildOf,R-HSA-1461973,
R-HSA-1461957,abstraction:IsAChildOf,R-HSA-1461973,
R-HSA-9924644,abstraction:IsAChildOf,R-HSA-9734779,
R-HSA-9725554,abstraction:IsAChildOf,R-HSA-9734779,
R-HSA-71291,abstraction:IsAChildOf,R-HSA-1430728,
R-HSA-211859,abstraction:IsAChildOf,R-HSA-1430728,
R-HSA-2564830,abstraction:IsAChildOf,R-HSA-1430728,
R-HSA-556833,abstraction:IsAChildOf,R-HSA-1430728,
R-HSA-15869,abstraction:IsAChildOf,R-HSA-1430728,
R-HSA-1475029,abstraction:IsAChildOf,R-HSA-1430728,
R-HSA-163685,abstraction:IsAChildOf,R-HSA-1430728,
R-HSA-1483249,abstraction:IsAChildOf,R-HSA-1430728,
R-HSA-189445,abstraction:IsAChildOf,R-HSA-1430728,
R-HSA-71387,abstraction:IsAChildOf,R-HSA-1430728,
R-HSA-71737,abstraction:IsAChildOf,R-HSA-1430728,
R-HSA-1428517,abstraction:IsAChildOf,R-HSA-1430728,
R-HSA-196854,abstraction:IsAChildOf,R-HSA-1430728,
R-HSA-202131,abstraction:IsAChildOf,R-HSA-1430728,
R-HSA-1362409,abstraction:IsAChildOf,R-HSA-1430728,
R-HSA-9762114,abstraction:IsAChildOf,R-HSA-9759194,
R-HSA-9818035,abstraction:IsAChildOf,R-HSA-9759194,
R-HSA-9818032,abstraction:IsAChildOf,R-HSA-9759194,
R-HSA-9818030,abstraction:IsAChildOf,R-HSA-9759194,
R-HSA-9818025,abstraction:IsAChildOf,R-HSA-9759194,
R-HSA-9818028,abstraction:IsAChildOf,R-HSA-9759194,
R-HSA-9818027,abstraction:IsAChildOf,R-HSA-9759194,
R-HSA-9818749,abstraction:IsAChildOf,R-HSA-9759194,
R-HSA-9818026,abstraction:IsAChildOf,R-HSA-9759194,
R-HSA-9636467,abstraction:IsAChildOf,R-HSA-9637687,
R-HSA-9636249,abstraction:IsAChildOf,R-HSA-9637687,
R-HSA-9636383,abstraction:IsAChildOf,R-HSA-9637687,
R-HSA-164944,abstraction:IsAChildOf,R-HSA-164952,
R-HSA-164938,abstraction:IsAChildOf,R-HSA-164952,
R-HSA-6804114,abstraction:IsAChildOf,R-HSA-6791312,
R-HSA-6804116,abstraction:IsAChildOf,R-HSA-6791312,
R-HSA-6804115,abstraction:IsAChildOf,R-HSA-6791312,
R-HSA-111457,abstraction:IsAChildOf,R-HSA-111471,
R-HSA-111469,abstraction:IsAChildOf,R-HSA-111471,
R-HSA-111461,abstraction:IsAChildOf,R-HSA-111471,
R-HSA-168179,abstraction:IsAChildOf,R-HSA-181438,
R-HSA-168188,abstraction:IsAChildOf,R-HSA-181438,
R-HSA-69205,abstraction:IsAChildOf,R-HSA-69206,
R-HSA-69202,abstraction:IsAChildOf,R-HSA-69206,
R-HSA-113510,abstraction:IsAChildOf,R-HSA-69206,
R-HSA-68962,abstraction:IsAChildOf,R-HSA-69206,
R-HSA-9918440,abstraction:IsAChildOf,R-HSA-2453864,
R-HSA-9918443,abstraction:IsAChildOf,R-HSA-2453864,
R-HSA-2466712,abstraction:IsAChildOf,R-HSA-2453864,
R-HSA-9918436,abstraction:IsAChildOf,R-HSA-2453864,
R-HSA-9918449,abstraction:IsAChildOf,R-HSA-2453864,
R-HSA-9918454,abstraction:IsAChildOf,R-HSA-2453864,
R-HSA-9918450,abstraction:IsAChildOf,R-HSA-2453864,
R-HSA-9918438,abstraction:IsAChildOf,R-HSA-2453864,
R-HSA-9918442,abstraction:IsAChildOf,R-HSA-2453864,
R-HSA-606279,abstraction:IsAChildOf,R-HSA-774815,
R-HSA-5632681,abstraction:IsAChildOf,R-HSA-5632684,
R-HSA-5635838,abstraction:IsAChildOf,R-HSA-5632684,
R-HSA-5635851,abstraction:IsAChildOf,R-HSA-5632684,
R-HSA-5419276,abstraction:IsAChildOf,R-HSA-5368287,
R-HSA-5368286,abstraction:IsAChildOf,R-HSA-5368287,
R-HSA-5389840,abstraction:IsAChildOf,R-HSA-5368287,
R-HSA-9937383,abstraction:IsAChildOf,R-HSA-5368287,
R-HSA-5362798,abstraction:IsAChildOf,R-HSA-5358346,
R-HSA-9637628,abstraction:IsAChildOf,R-HSA-9635486,
R-HSA-9637679,abstraction:IsAChildOf,R-HSA-9635486,
R-HSA-9637690,abstraction:IsAChildOf,R-HSA-9635486,
R-HSA-9639775,abstraction:IsAChildOf,R-HSA-9635486,
R-HSA-1222499,abstraction:IsAChildOf,R-HSA-9635486,
R-HSA-9762293,abstraction:IsAChildOf,R-HSA-9759475,
R-HSA-9762292,abstraction:IsAChildOf,R-HSA-9759475,
R-HSA-9759811,abstraction:IsAChildOf,R-HSA-9759475,
R-HSA-8849469,abstraction:IsAChildOf,R-HSA-8848021,
R-HSA-8849474,abstraction:IsAChildOf,R-HSA-8848021,
R-HSA-8849472,abstraction:IsAChildOf,R-HSA-8848021,
R-HSA-8849473,abstraction:IsAChildOf,R-HSA-8848021,
R-HSA-8849470,abstraction:IsAChildOf,R-HSA-8848021,
R-HSA-8847993,abstraction:IsAChildOf,R-HSA-8848021,
R-HSA-8849468,abstraction:IsAChildOf,R-HSA-8848021,
R-HSA-8849471,abstraction:IsAChildOf,R-HSA-8848021,
R-HSA-8857538,abstraction:IsAChildOf,R-HSA-8848021,
R-HSA-622327,abstraction:IsAChildOf,R-HSA-181431,
R-HSA-622323,abstraction:IsAChildOf,R-HSA-181431,
R-HSA-8853334,abstraction:IsAChildOf,R-HSA-2033514,
R-HSA-1839130,abstraction:IsAChildOf,R-HSA-2033514,
R-HSA-2033515,abstraction:IsAChildOf,R-HSA-2033514,
R-HSA-5654227,abstraction:IsAChildOf,R-HSA-5654708,
R-HSA-5654706,abstraction:IsAChildOf,R-HSA-5654708,
R-HSA-5654704,abstraction:IsAChildOf,R-HSA-5654708,
R-HSA-5654710,abstraction:IsAChildOf,R-HSA-5654708,
R-HSA-112399,abstraction:IsAChildOf,R-HSA-2428928,
R-HSA-9768759,abstraction:IsAChildOf,R-HSA-9634815,
R-HSA-9768919,abstraction:IsAChildOf,R-HSA-9634815,
R-HSA-9022535,abstraction:IsAChildOf,R-HSA-9005891,
R-HSA-9022534,abstraction:IsAChildOf,R-HSA-9005891,
R-HSA-9022537,abstraction:IsAChildOf,R-HSA-9005891,
R-HSA-9022538,abstraction:IsAChildOf,R-HSA-9005891,
R-HSA-5223345,abstraction:IsAChildOf,R-HSA-382551,
R-HSA-8981607,abstraction:IsAChildOf,R-HSA-382551,
R-HSA-445717,abstraction:IsAChildOf,R-HSA-382551,
R-HSA-8949215,abstraction:IsAChildOf,R-HSA-382551,
R-HSA-174824,abstraction:IsAChildOf,R-HSA-382551,
R-HSA-425407,abstraction:IsAChildOf,R-HSA-382551,
R-HSA-917937,abstraction:IsAChildOf,R-HSA-382551,
R-HSA-382556,abstraction:IsAChildOf,R-HSA-382551,
R-HSA-9845576,abstraction:IsAChildOf,R-HSA-382551,
R-HSA-983712,abstraction:IsAChildOf,R-HSA-382551,
R-HSA-1480926,abstraction:IsAChildOf,R-HSA-382551,
R-HSA-446219,abstraction:IsAChildOf,R-HSA-446193,
R-HSA-9758890,abstraction:IsAChildOf,R-HSA-196741,
R-HSA-9759218,abstraction:IsAChildOf,R-HSA-196741,
R-HSA-9758881,abstraction:IsAChildOf,R-HSA-196741,
R-HSA-69231,abstraction:IsAChildOf,R-HSA-69236,
R-HSA-9772755,abstraction:IsAChildOf,R-HSA-9917777,
R-HSA-9818564,abstraction:IsAChildOf,R-HSA-9917777,
R-HSA-381771,abstraction:IsAChildOf,R-HSA-400508,
R-HSA-400511,abstraction:IsAChildOf,R-HSA-400508,
R-HSA-1839124,abstraction:IsAChildOf,R-HSA-5655302,
R-HSA-73817,abstraction:IsAChildOf,R-HSA-8956320,
R-HSA-500753,abstraction:IsAChildOf,R-HSA-8956320,
R-HSA-3323169,abstraction:IsAChildOf,R-HSA-3296482,
R-HSA-3296469,abstraction:IsAChildOf,R-HSA-3296482,
R-HSA-140834,abstraction:IsAChildOf,R-HSA-140877,
R-HSA-140875,abstraction:IsAChildOf,R-HSA-140877,
R-HSA-140837,abstraction:IsAChildOf,R-HSA-140877,
R-HSA-9634285,abstraction:IsAChildOf,R-HSA-1227990,
R-HSA-9665737,abstraction:IsAChildOf,R-HSA-1227990,
R-HSA-9664565,abstraction:IsAChildOf,R-HSA-1227990,
R-HSA-9665348,abstraction:IsAChildOf,R-HSA-1227990,
R-HSA-9665230,abstraction:IsAChildOf,R-HSA-1227990,
R-HSA-9665686,abstraction:IsAChildOf,R-HSA-1227990,
R-HSA-422475,abstraction:IsAChildOf,R-HSA-9675108,
R-HSA-9619665,abstraction:IsAChildOf,R-HSA-9675108,
R-HSA-446343,abstraction:IsAChildOf,R-HSA-446353,
R-HSA-446388,abstraction:IsAChildOf,R-HSA-446353,
R-HSA-195258,abstraction:IsAChildOf,R-HSA-194315,
R-HSA-9012999,abstraction:IsAChildOf,R-HSA-194315,
R-HSA-447115,abstraction:IsAChildOf,R-HSA-449147,
R-HSA-449836,abstraction:IsAChildOf,R-HSA-449147,
R-HSA-512988,abstraction:IsAChildOf,R-HSA-449147,
R-HSA-8854691,abstraction:IsAChildOf,R-HSA-449147,
R-HSA-446652,abstraction:IsAChildOf,R-HSA-449147,
R-HSA-6785807,abstraction:IsAChildOf,R-HSA-449147,
R-HSA-1266695,abstraction:IsAChildOf,R-HSA-449147,
R-HSA-6783589,abstraction:IsAChildOf,R-HSA-449147,
R-HSA-448424,abstraction:IsAChildOf,R-HSA-449147,
R-HSA-6783783,abstraction:IsAChildOf,R-HSA-449147,
R-HSA-451927,abstraction:IsAChildOf,R-HSA-449147,
R-HSA-111464,abstraction:IsAChildOf,R-HSA-111469,
R-HSA-111463,abstraction:IsAChildOf,R-HSA-111469,
R-HSA-1295596,abstraction:IsAChildOf,R-HSA-5654726,
R-HSA-9026290,abstraction:IsAChildOf,R-HSA-9025094,
R-HSA-9026286,abstraction:IsAChildOf,R-HSA-9025094,
R-HSA-9026403,abstraction:IsAChildOf,R-HSA-9025094,
R-HSA-500657,abstraction:IsAChildOf,R-HSA-451326,
R-HSA-451306,abstraction:IsAChildOf,R-HSA-451326,
R-HSA-176417,abstraction:IsAChildOf,R-HSA-176408,
R-HSA-174113,abstraction:IsAChildOf,R-HSA-176408,
R-HSA-141405,abstraction:IsAChildOf,R-HSA-176408,
R-HSA-5365859,abstraction:IsAChildOf,R-HSA-5362517,
R-HSA-6807505,abstraction:IsAChildOf,R-HSA-73857,
R-HSA-212436,abstraction:IsAChildOf,R-HSA-73857,
R-HSA-674695,abstraction:IsAChildOf,R-HSA-73857,
R-HSA-73856,abstraction:IsAChildOf,R-HSA-73857,
R-HSA-73779,abstraction:IsAChildOf,R-HSA-73857,
R-HSA-77075,abstraction:IsAChildOf,R-HSA-73857,
R-HSA-76042,abstraction:IsAChildOf,R-HSA-73857,
R-HSA-75955,abstraction:IsAChildOf,R-HSA-73857,
R-HSA-2142770,abstraction:IsAChildOf,R-HSA-2142753,
R-HSA-2142816,abstraction:IsAChildOf,R-HSA-2142753,
R-HSA-2142688,abstraction:IsAChildOf,R-HSA-2142753,
R-HSA-2142696,abstraction:IsAChildOf,R-HSA-2142753,
R-HSA-2142670,abstraction:IsAChildOf,R-HSA-2142753,
R-HSA-2142691,abstraction:IsAChildOf,R-HSA-2142753,
R-HSA-2142712,abstraction:IsAChildOf,R-HSA-2142753,
R-HSA-2162123,abstraction:IsAChildOf,R-HSA-2142753,
R-HSA-73887,abstraction:IsAChildOf,R-HSA-162582,
R-HSA-195721,abstraction:IsAChildOf,R-HSA-162582,
R-HSA-354192,abstraction:IsAChildOf,R-HSA-162582,
R-HSA-9006931,abstraction:IsAChildOf,R-HSA-162582,
R-HSA-9716542,abstraction:IsAChildOf,R-HSA-162582,
R-HSA-2586552,abstraction:IsAChildOf,R-HSA-162582,
R-HSA-372790,abstraction:IsAChildOf,R-HSA-162582,
R-HSA-2028269,abstraction:IsAChildOf,R-HSA-162582,
R-HSA-5358351,abstraction:IsAChildOf,R-HSA-162582,
R-HSA-9006335,abstraction:IsAChildOf,R-HSA-162582,
R-HSA-9006925,abstraction:IsAChildOf,R-HSA-162582,
R-HSA-165159,abstraction:IsAChildOf,R-HSA-162582,
R-HSA-5683057,abstraction:IsAChildOf,R-HSA-162582,
R-HSA-157118,abstraction:IsAChildOf,R-HSA-162582,
R-HSA-9006927,abstraction:IsAChildOf,R-HSA-162582,
R-HSA-9006934,abstraction:IsAChildOf,R-HSA-162582,
R-HSA-9006936,abstraction:IsAChildOf,R-HSA-162582,
R-HSA-5579016,abstraction:IsAChildOf,R-HSA-5579029,
R-HSA-5579027,abstraction:IsAChildOf,R-HSA-5579029,
R-HSA-5579021,abstraction:IsAChildOf,R-HSA-5579029,
R-HSA-5579000,abstraction:IsAChildOf,R-HSA-5579029,
R-HSA-5579006,abstraction:IsAChildOf,R-HSA-5579029,
R-HSA-5579030,abstraction:IsAChildOf,R-HSA-5579029,
R-HSA-5579028,abstraction:IsAChildOf,R-HSA-5579029,
R-HSA-5579015,abstraction:IsAChildOf,R-HSA-5579029,
R-HSA-5579020,abstraction:IsAChildOf,R-HSA-5579029,
R-HSA-5579011,abstraction:IsAChildOf,R-HSA-5579029,
R-HSA-5579026,abstraction:IsAChildOf,R-HSA-5579029,
R-HSA-5579010,abstraction:IsAChildOf,R-HSA-5579029,
R-HSA-5578998,abstraction:IsAChildOf,R-HSA-5579029,
R-HSA-5579022,abstraction:IsAChildOf,R-HSA-5579029,
R-HSA-5579002,abstraction:IsAChildOf,R-HSA-5579029,
R-HSA-5578995,abstraction:IsAChildOf,R-HSA-5579029,
R-HSA-5579004,abstraction:IsAChildOf,R-HSA-5579029,
R-HSA-5579007,abstraction:IsAChildOf,R-HSA-5579029,
R-HSA-5579005,abstraction:IsAChildOf,R-HSA-5579029,
R-HSA-5579013,abstraction:IsAChildOf,R-HSA-5579029,
R-HSA-5579012,abstraction:IsAChildOf,R-HSA-5579029,
R-HSA-5579017,abstraction:IsAChildOf,R-HSA-5579029,
R-HSA-5578996,abstraction:IsAChildOf,R-HSA-5579029,
R-HSA-5578997,abstraction:IsAChildOf,R-HSA-5579029,
R-HSA-5579014,abstraction:IsAChildOf,R-HSA-5579029,
R-HSA-5579024,abstraction:IsAChildOf,R-HSA-5579029,
R-HSA-5579019,abstraction:IsAChildOf,R-HSA-5579029,
R-HSA-5579009,abstraction:IsAChildOf,R-HSA-5579029,
R-HSA-5579032,abstraction:IsAChildOf,R-HSA-5579029,
R-HSA-5578999,abstraction:IsAChildOf,R-HSA-5579029,
R-HSA-9035968,abstraction:IsAChildOf,R-HSA-5579029,
R-HSA-211163,abstraction:IsAChildOf,R-HSA-210745,
R-HSA-1295596,abstraction:IsAChildOf,R-HSA-5654732,
R-HSA-211945,abstraction:IsAChildOf,R-HSA-211859,
R-HSA-156580,abstraction:IsAChildOf,R-HSA-211859,
R-HSA-5423646,abstraction:IsAChildOf,R-HSA-211859,
R-HSA-9694682,abstraction:IsAChildOf,R-HSA-9772572,
R-HSA-9694676,abstraction:IsAChildOf,R-HSA-9772572,
R-HSA-9694614,abstraction:IsAChildOf,R-HSA-9772572,
R-HSA-3000484,abstraction:IsAChildOf,R-HSA-2173782,
R-HSA-3000480,abstraction:IsAChildOf,R-HSA-2173782,
R-HSA-2168880,abstraction:IsAChildOf,R-HSA-2173782,
R-HSA-3000497,abstraction:IsAChildOf,R-HSA-2173782,
R-HSA-3000471,abstraction:IsAChildOf,R-HSA-2173782,
R-HSA-418217,abstraction:IsAChildOf,R-HSA-397795,
R-HSA-392451,abstraction:IsAChildOf,R-HSA-397795,
R-HSA-8964315,abstraction:IsAChildOf,R-HSA-397795,
R-HSA-8964616,abstraction:IsAChildOf,R-HSA-397795,
R-HSA-174143,abstraction:IsAChildOf,R-HSA-453276,
R-HSA-4549356,abstraction:IsAChildOf,R-HSA-3781860,
R-HSA-4549380,abstraction:IsAChildOf,R-HSA-3781860,
R-HSA-4720489,abstraction:IsAChildOf,R-HSA-3781860,
R-HSA-4793952,abstraction:IsAChildOf,R-HSA-3781860,
R-HSA-4793954,abstraction:IsAChildOf,R-HSA-3781860,
R-HSA-4570571,abstraction:IsAChildOf,R-HSA-3781860,
R-HSA-4793950,abstraction:IsAChildOf,R-HSA-3781860,
R-HSA-4793953,abstraction:IsAChildOf,R-HSA-3781860,
R-HSA-4549349,abstraction:IsAChildOf,R-HSA-3781860,
R-HSA-4724289,abstraction:IsAChildOf,R-HSA-3781860,
R-HSA-4341670,abstraction:IsAChildOf,R-HSA-3781860,
R-HSA-5633231,abstraction:IsAChildOf,R-HSA-3781860,
R-HSA-4720454,abstraction:IsAChildOf,R-HSA-3781860,
R-HSA-4724325,abstraction:IsAChildOf,R-HSA-3781860,
R-HSA-4687000,abstraction:IsAChildOf,R-HSA-3781860,
R-HSA-4551295,abstraction:IsAChildOf,R-HSA-3781860,
R-HSA-4720475,abstraction:IsAChildOf,R-HSA-3781860,
R-HSA-3322077,abstraction:IsAChildOf,R-HSA-8982491,
R-HSA-70221,abstraction:IsAChildOf,R-HSA-8982491,
R-HSA-9754119,abstraction:IsAChildOf,R-HSA-69231,
R-HSA-190861,abstraction:IsAChildOf,R-HSA-190828,
R-HSA-190873,abstraction:IsAChildOf,R-HSA-190828,
R-HSA-420597,abstraction:IsAChildOf,R-HSA-418990,
R-HSA-9759476,abstraction:IsAChildOf,R-HSA-418990,
R-HSA-164940,abstraction:IsAChildOf,R-HSA-164938,
R-HSA-167590,abstraction:IsAChildOf,R-HSA-164938,
R-HSA-182218,abstraction:IsAChildOf,R-HSA-164938,
R-HSA-164939,abstraction:IsAChildOf,R-HSA-164938,
R-HSA-114508,abstraction:IsAChildOf,R-HSA-416476,
R-HSA-881907,abstraction:IsAChildOf,R-HSA-416476,
R-HSA-9630750,abstraction:IsAChildOf,R-HSA-9630747,
R-HSA-9632693,abstraction:IsAChildOf,R-HSA-9630747,
R-HSA-9646303,abstraction:IsAChildOf,R-HSA-9630747,
R-HSA-9646304,abstraction:IsAChildOf,R-HSA-9630747,
R-HSA-9931521,abstraction:IsAChildOf,R-HSA-9909396,
R-HSA-9931509,abstraction:IsAChildOf,R-HSA-9909396,
R-HSA-9931512,abstraction:IsAChildOf,R-HSA-9909396,
R-HSA-1368108,abstraction:IsAChildOf,R-HSA-9909396,
R-HSA-9933387,abstraction:IsAChildOf,R-HSA-9909396,
R-HSA-9931529,abstraction:IsAChildOf,R-HSA-9909396,
R-HSA-9931530,abstraction:IsAChildOf,R-HSA-9909396,
R-HSA-9932298,abstraction:IsAChildOf,R-HSA-9909396,
R-HSA-9931510,abstraction:IsAChildOf,R-HSA-9909396,
R-HSA-453276,abstraction:IsAChildOf,R-HSA-69278,
R-HSA-453274,abstraction:IsAChildOf,R-HSA-69278,
R-HSA-68886,abstraction:IsAChildOf,R-HSA-69278,
R-HSA-69242,abstraction:IsAChildOf,R-HSA-69278,
R-HSA-453279,abstraction:IsAChildOf,R-HSA-69278,
R-HSA-936837,abstraction:IsAChildOf,R-HSA-983712,
R-HSA-2672351,abstraction:IsAChildOf,R-HSA-983712,
R-HSA-9932451,abstraction:IsAChildOf,R-HSA-9932444,
R-HSA-844455,abstraction:IsAChildOf,R-HSA-622312,
R-HSA-844456,abstraction:IsAChildOf,R-HSA-622312,
R-HSA-844615,abstraction:IsAChildOf,R-HSA-622312,
R-HSA-844623,abstraction:IsAChildOf,R-HSA-622312,
R-HSA-5624958,abstraction:IsAChildOf,R-HSA-5620920,
R-HSA-5624138,abstraction:IsAChildOf,R-HSA-5620920,
R-HSA-5620922,abstraction:IsAChildOf,R-HSA-5620920,
R-HSA-5620916,abstraction:IsAChildOf,R-HSA-5620920,
R-HSA-2022923,abstraction:IsAChildOf,R-HSA-1793185,
R-HSA-2022870,abstraction:IsAChildOf,R-HSA-1793185,
R-HSA-2024101,abstraction:IsAChildOf,R-HSA-1793185,
R-HSA-9664422,abstraction:IsAChildOf,R-HSA-9664417,
R-HSA-9828642,abstraction:IsAChildOf,R-HSA-9820965,
R-HSA-9834752,abstraction:IsAChildOf,R-HSA-9820965,
R-HSA-9828721,abstraction:IsAChildOf,R-HSA-9820965,
R-HSA-9828806,abstraction:IsAChildOf,R-HSA-9820965,
R-HSA-6807070,abstraction:IsAChildOf,R-HSA-1257604,
R-HSA-199418,abstraction:IsAChildOf,R-HSA-1257604,
R-HSA-198693,abstraction:IsAChildOf,R-HSA-1257604,
R-HSA-198323,abstraction:IsAChildOf,R-HSA-1257604,
R-HSA-180897,abstraction:IsAChildOf,R-HSA-176033,
R-HSA-180910,abstraction:IsAChildOf,R-HSA-176033,
R-HSA-3785653,abstraction:IsAChildOf,R-HSA-3229121,
R-HSA-3274531,abstraction:IsAChildOf,R-HSA-3229121,
R-HSA-3858516,abstraction:IsAChildOf,R-HSA-3229121,
R-HSA-3828062,abstraction:IsAChildOf,R-HSA-3229121,
R-HSA-3229133,abstraction:IsAChildOf,R-HSA-3229121,
R-HSA-3282872,abstraction:IsAChildOf,R-HSA-3229121,
R-HSA-3878781,abstraction:IsAChildOf,R-HSA-3229121,
R-HSA-5357609,abstraction:IsAChildOf,R-HSA-3229121,
R-HSA-3814836,abstraction:IsAChildOf,R-HSA-3229121,
R-HSA-416993,abstraction:IsAChildOf,R-HSA-399719,
R-HSA-1912399,abstraction:IsAChildOf,R-HSA-1912422,
R-HSA-1912420,abstraction:IsAChildOf,R-HSA-1912422,
R-HSA-1912408,abstraction:IsAChildOf,R-HSA-1912422,
R-HSA-196025,abstraction:IsAChildOf,R-HSA-190873,
R-HSA-9766229,abstraction:IsAChildOf,R-HSA-9764561,
R-HSA-1474151,abstraction:IsAChildOf,R-HSA-8978934,
R-HSA-389542,abstraction:IsAChildOf,R-HSA-8978934,
R-HSA-2142789,abstraction:IsAChildOf,R-HSA-8978934,
R-HSA-1280218,abstraction:IsAChildOf,R-HSA-168256,
R-HSA-168249,abstraction:IsAChildOf,R-HSA-168256,
R-HSA-1280215,abstraction:IsAChildOf,R-HSA-168256,
R-HSA-8876493,abstraction:IsAChildOf,R-HSA-8876384,
R-HSA-8875360,abstraction:IsAChildOf,R-HSA-8876384,
R-HSA-8868773,abstraction:IsAChildOf,R-HSA-72312,
R-HSA-8868766,abstraction:IsAChildOf,R-HSA-72312,
R-HSA-190373,abstraction:IsAChildOf,R-HSA-190242,
R-HSA-190370,abstraction:IsAChildOf,R-HSA-190242,
R-HSA-190374,abstraction:IsAChildOf,R-HSA-190242,
R-HSA-2160916,abstraction:IsAChildOf,R-HSA-2142845,
R-HSA-9759194,abstraction:IsAChildOf,R-HSA-9755511,
R-HSA-9708530,abstraction:IsAChildOf,R-HSA-9755511,
R-HSA-6796648,abstraction:IsAChildOf,R-HSA-3700989,
R-HSA-5628897,abstraction:IsAChildOf,R-HSA-3700989,
R-HSA-6791312,abstraction:IsAChildOf,R-HSA-3700989,
R-HSA-5633007,abstraction:IsAChildOf,R-HSA-3700989,
R-HSA-5633008,abstraction:IsAChildOf,R-HSA-3700989,
R-HSA-3304347,abstraction:IsAChildOf,R-HSA-3304351,
R-HSA-3656534,abstraction:IsAChildOf,R-HSA-3304351,
R-HSA-3304349,abstraction:IsAChildOf,R-HSA-3304351,
R-HSA-3642278,abstraction:IsAChildOf,R-HSA-3304351,
R-HSA-159231,abstraction:IsAChildOf,R-HSA-159234,
R-HSA-159230,abstraction:IsAChildOf,R-HSA-159234,
R-HSA-159227,abstraction:IsAChildOf,R-HSA-159234,
R-HSA-5602358,abstraction:IsAChildOf,R-HSA-5260271,
R-HSA-9652282,abstraction:IsAChildOf,R-HSA-1227986,
R-HSA-8863795,abstraction:IsAChildOf,R-HSA-1227986,
R-HSA-1251932,abstraction:IsAChildOf,R-HSA-1227986,
R-HSA-1250196,abstraction:IsAChildOf,R-HSA-1227986,
R-HSA-1306955,abstraction:IsAChildOf,R-HSA-1227986,
R-HSA-6785631,abstraction:IsAChildOf,R-HSA-1227986,
R-HSA-8847993,abstraction:IsAChildOf,R-HSA-1227986,
R-HSA-1963640,abstraction:IsAChildOf,R-HSA-1227986,
R-HSA-1963642,abstraction:IsAChildOf,R-HSA-1227986,
R-HSA-1461973,abstraction:IsAChildOf,R-HSA-6803157,
R-HSA-6799990,abstraction:IsAChildOf,R-HSA-6803157,
R-HSA-6803544,abstraction:IsAChildOf,R-HSA-6803157,
R-HSA-5250924,abstraction:IsAChildOf,R-HSA-5250913,
R-HSA-427389,abstraction:IsAChildOf,R-HSA-5250913,
R-HSA-9027276,abstraction:IsAChildOf,R-HSA-9006335,
R-HSA-9027277,abstraction:IsAChildOf,R-HSA-9006335,
R-HSA-9027284,abstraction:IsAChildOf,R-HSA-9006335,
R-HSA-9027283,abstraction:IsAChildOf,R-HSA-9006335,
R-HSA-191650,abstraction:IsAChildOf,R-HSA-157858,
R-HSA-190828,abstraction:IsAChildOf,R-HSA-157858,
R-HSA-9954716,abstraction:IsAChildOf,R-HSA-9948299,
R-HSA-9954709,abstraction:IsAChildOf,R-HSA-9948299,
R-HSA-9954714,abstraction:IsAChildOf,R-HSA-9948299,
R-HSA-9930044,abstraction:IsAChildOf,R-HSA-8953854,
R-HSA-927802,abstraction:IsAChildOf,R-HSA-8953854,
R-HSA-9937008,abstraction:IsAChildOf,R-HSA-8953854,
R-HSA-450531,abstraction:IsAChildOf,R-HSA-8953854,
R-HSA-75067,abstraction:IsAChildOf,R-HSA-8953854,
R-HSA-428359,abstraction:IsAChildOf,R-HSA-8953854,
R-HSA-9836573,abstraction:IsAChildOf,R-HSA-8953854,
R-HSA-72086,abstraction:IsAChildOf,R-HSA-8953854,
R-HSA-75072,abstraction:IsAChildOf,R-HSA-8953854,
R-HSA-194441,abstraction:IsAChildOf,R-HSA-8953854,
R-HSA-72312,abstraction:IsAChildOf,R-HSA-8953854,
R-HSA-72306,abstraction:IsAChildOf,R-HSA-8953854,
R-HSA-429914,abstraction:IsAChildOf,R-HSA-8953854,
R-HSA-72203,abstraction:IsAChildOf,R-HSA-8953854,
R-HSA-1474151,abstraction:NextStepPathway,R-HSA-9009391,2.6512160749377496
R-HSA-1474151,abstraction:NextStepPathway,R-HSA-203615,2.2863873292720847
R-HSA-1474151,abstraction:NextStepPathway,R-HSA-5218920,2.467086073608355
R-HSA-434313,abstraction:NextStepPathway,R-HSA-200425,4.0827979696758705
R-HSA-174411,abstraction:NextStepPathway,R-HSA-174414,2.735724321709261
R-HSA-1912399,abstraction:NextStepPathway,R-HSA-1912420,5.369341928028701
R-HSA-429947,abstraction:NextStepPathway,R-HSA-9820865,3.5670891830848075
R-HSA-429947,abstraction:NextStepPathway,R-HSA-429958,3.8923510054379986
R-HSA-429947,abstraction:NextStepPathway,R-HSA-430039,3.552581156595229
R-HSA-72649,abstraction:NextStepPathway,R-HSA-72702,2.24714430689059
R-HSA-72649,abstraction:NextStepPathway,R-HSA-156827,2.3080826979497546
R-HSA-5654227,abstraction:NextStepPathway,R-HSA-2029485,4.22536103433074
R-HSA-5654227,abstraction:NextStepPathway,R-HSA-5218921,4.0316795157468475
R-HSA-5654227,abstraction:NextStepPathway,R-HSA-1489509,3.8388924269132314
R-HSA-111458,abstraction:NextStepPathway,R-HSA-9627069,3.759904015594601
R-HSA-111458,abstraction:NextStepPathway,R-HSA-111459,4.008689997522149
R-HSA-977443,abstraction:NextStepPathway,R-HSA-1236394,3.4416804605617872
R-HSA-1855167,abstraction:NextStepPathway,R-HSA-1855184,4.155293471714024
R-HSA-1855167,abstraction:NextStepPathway,R-HSA-5675482,3.1977597813058196
R-HSA-1855167,abstraction:NextStepPathway,R-HSA-1855229,3.5754749764610816
R-HSA-425410,abstraction:NextStepPathway,R-HSA-1222556,2.9900302330040436
R-HSA-425410,abstraction:NextStepPathway,R-HSA-917937,2.9297504744527436
R-HSA-425410,abstraction:NextStepPathway,R-HSA-6803544,3.9276487875190225
R-HSA-166665,abstraction:NextStepPathway,R-HSA-977606,2.4663913879256767
R-HSA-5358346,abstraction:NextStepPathway,R-HSA-5362798,3.8118637545253122
R-HSA-2408499,abstraction:NextStepPathway,R-HSA-2408508,4.147802799984866
R-HSA-2408499,abstraction:NextStepPathway,R-HSA-5263617,4.9429992348989815
R-HSA-2408499,abstraction:NextStepPathway,R-HSA-2408550,4.34062707897797
R-HSA-2408499,abstraction:NextStepPathway,R-HSA-2408552,5.206190287342467
R-HSA-209931,abstraction:NextStepPathway,R-HSA-181429,3.814533983081191
R-HSA-9707587,abstraction:NextStepPathway,R-HSA-917937,3.219642492555327
R-HSA-9707587,abstraction:NextStepPathway,R-HSA-9707564,3.101531749211266
R-HSA-9707587,abstraction:NextStepPathway,R-HSA-189483,3.7473252333877407
R-HSA-167021,abstraction:NextStepPathway,R-HSA-2029485,4.0723630923832905
R-HSA-167021,abstraction:NextStepPathway,R-HSA-5218921,3.906907303212206
R-HSA-167021,abstraction:NextStepPathway,R-HSA-1489509,3.7349027133891837
R-HSA-2142770,abstraction:NextStepPathway,R-HSA-2142700,4.136670959616022
R-HSA-390247,abstraction:NextStepPathway,R-HSA-9856872,3.658856585400133
R-HSA-390247,abstraction:NextStepPathway,R-HSA-389887,3.552581156595229
R-HSA-196783,abstraction:NextStepPathway,R-HSA-199220,3.7448283531891535
R-HSA-211994,abstraction:NextStepPathway,R-HSA-193368,2.9634236895593316
R-HSA-211994,abstraction:NextStepPathway,R-HSA-193775,3.1820114243376802
R-HSA-211994,abstraction:NextStepPathway,R-HSA-193807,3.909844162885516
R-HSA-9013700,abstraction:NextStepPathway,R-HSA-9013695,4.245728337155175
R-HSA-9013700,abstraction:NextStepPathway,R-HSA-9604323,4.015204678543342
R-HSA-3322077,abstraction:NextStepPathway,R-HSA-379716,2.258925649330697
R-HSA-3322077,abstraction:NextStepPathway,R-HSA-71737,2.7841509156147355
R-HSA-3322077,abstraction:NextStepPathway,R-HSA-173599,2.735724321709261
R-HSA-5357956,abstraction:NextStepPathway,R-HSA-5357905,2.0890971567842085
R-HSA-9758920,abstraction:NextStepPathway,R-HSA-9793380,3.1280937357779637
R-HSA-72706,abstraction:NextStepPathway,R-HSA-156902,1.2830465513957081
R-HSA-72706,abstraction:NextStepPathway,R-HSA-72731,2.2109957927742787
R-HSA-5673001,abstraction:NextStepPathway,R-HSA-5654726,2.763375853039771
R-HSA-5673001,abstraction:NextStepPathway,R-HSA-5675221,2.697378116700912
R-HSA-5673001,abstraction:NextStepPathway,R-HSA-2559582,2.0655666593740145
R-HSA-5673001,abstraction:NextStepPathway,R-HSA-2871796,2.3473745458203648
R-HSA-5673001,abstraction:NextStepPathway,R-HSA-2559585,2.7503765984961315
R-HSA-5673001,abstraction:NextStepPathway,R-HSA-9634638,2.8034193344806124
R-HSA-5673001,abstraction:NextStepPathway,R-HSA-2559580,2.4622333777770127
R-HSA-5673001,abstraction:NextStepPathway,R-HSA-8940973,2.655401932870428
R-HSA-5673001,abstraction:NextStepPathway,R-HSA-5654732,2.778442051394415
R-HSA-5673001,abstraction:NextStepPathway,R-HSA-881907,2.8950398314894983
R-HSA-5673001,abstraction:NextStepPathway,R-HSA-450341,2.9231497904213914
R-HSA-5673001,abstraction:NextStepPathway,R-HSA-170968,2.542103209661373
R-HSA-5673001,abstraction:NextStepPathway,R-HSA-444257,2.986519404353981
R-HSA-5673001,abstraction:NextStepPathway,R-HSA-112409,2.9046810416818842
R-HSA-5673001,abstraction:NextStepPathway,R-HSA-5673000,2.749454514521163
R-HSA-5673001,abstraction:NextStepPathway,R-HSA-375165,2.5896581819383164
R-HSA-5673001,abstraction:NextStepPathway,R-HSA-5654727,2.778442051394415
R-HSA-5673001,abstraction:NextStepPathway,R-HSA-198753,2.916592389875232
R-HSA-5673001,abstraction:NextStepPathway,R-HSA-5654733,2.778442051394415
R-HSA-1307965,abstraction:NextStepPathway,R-HSA-5654719,4.840949980544812
R-HSA-1307965,abstraction:NextStepPathway,R-HSA-5654712,4.283468665138021
R-HSA-1307965,abstraction:NextStepPathway,R-HSA-5654228,4.811536095338518
R-HSA-8963896,abstraction:NextStepPathway,R-HSA-8964058,3.170711869083747
R-HSA-113418,abstraction:NextStepPathway,R-HSA-674695,1.4234680051181554
R-HSA-113418,abstraction:NextStepPathway,R-HSA-112382,2.6562412111404226
R-HSA-163765,abstraction:NextStepPathway,R-HSA-75105,3.0234063941610416
R-HSA-163765,abstraction:NextStepPathway,R-HSA-200425,3.3688887976674957
R-HSA-163765,abstraction:NextStepPathway,R-HSA-70171,3.0197766261104633
R-HSA-163765,abstraction:NextStepPathway,R-HSA-70268,2.759644505426913
R-HSA-163765,abstraction:NextStepPathway,R-HSA-1483166,3.240507631019289
R-HSA-163765,abstraction:NextStepPathway,R-HSA-199220,3.3844197396983726
R-HSA-163765,abstraction:NextStepPathway,R-HSA-196780,3.338532335186902
R-HSA-170660,abstraction:NextStepPathway,R-HSA-180024,4.045057641693023
R-HSA-111931,abstraction:NextStepPathway,R-HSA-9634638,4.229401443867745
R-HSA-111931,abstraction:NextStepPathway,R-HSA-9664323,3.8694928673619486
R-HSA-111931,abstraction:NextStepPathway,R-HSA-442720,4.959666287384193
R-HSA-111931,abstraction:NextStepPathway,R-HSA-9022692,4.721509943680799
R-HSA-111931,abstraction:NextStepPathway,R-HSA-111932,3.7855464462079387
R-HSA-111931,abstraction:NextStepPathway,R-HSA-9616222,3.203548509482064
R-HSA-111931,abstraction:NextStepPathway,R-HSA-163358,4.886759516576106
R-HSA-111931,abstraction:NextStepPathway,R-HSA-9031628,3.106788003100093
R-HSA-111931,abstraction:NextStepPathway,R-HSA-9660821,4.089815542334517
R-HSA-9840309,abstraction:NextStepPathway,R-HSA-9845576,3.8388924269132314
R-HSA-69206,abstraction:NextStepPathway,R-HSA-69239,2.148442834893157
R-HSA-8866910,abstraction:NextStepPathway,R-HSA-209822,4.015204678543342
R-HSA-1660514,abstraction:NextStepPathway,R-HSA-1660510,4.406070987230354
R-HSA-379716,abstraction:NextStepPathway,R-HSA-72695,2.612702507196598
R-HSA-5223345,abstraction:NextStepPathway,R-HSA-70921,3.7986185277752913
R-HSA-1679131,abstraction:NextStepPathway,R-HSA-168138,2.71503082575728
R-HSA-9954716,abstraction:NextStepPathway,R-HSA-9954709,0.8966187318840075
R-HSA-611105,abstraction:NextStepPathway,R-HSA-5628897,1.5316606124243968
R-HSA-611105,abstraction:NextStepPathway,R-HSA-9707564,1.555951069729697
R-HSA-611105,abstraction:NextStepPathway,R-HSA-166187,1.7428093057319631
R-HSA-611105,abstraction:NextStepPathway,R-HSA-167826,1.7522848419417278
R-HSA-611105,abstraction:NextStepPathway,R-HSA-163210,1.5828534425233294
R-HSA-159231,abstraction:NextStepPathway,R-HSA-72662,2.7512995334947323
R-HSA-1650814,abstraction:NextStepPathway,R-HSA-8948216,4.075829300359777
R-HSA-1650814,abstraction:NextStepPathway,R-HSA-2022090,3.7349027133891837
R-HSA-190861,abstraction:NextStepPathway,R-HSA-190827,5.564402510600086
R-HSA-190861,abstraction:NextStepPathway,R-HSA-190704,5.227930273978873
R-HSA-6784531,abstraction:NextStepPathway,R-HSA-6782315,3.0769350399504116
R-HSA-180897,abstraction:NextStepPathway,R-HSA-111457,5.579906697136051
R-HSA-180897,abstraction:NextStepPathway,R-HSA-5620971,3.7473252333877407
R-HSA-196807,abstraction:NextStepPathway,R-HSA-561048,3.17775911459915
R-HSA-190375,abstraction:NextStepPathway,R-HSA-5654221,5.549135038469298
R-HSA-190375,abstraction:NextStepPathway,R-HSA-5654699,5.611655395450631
R-HSA-190375,abstraction:NextStepPathway,R-HSA-5654700,4.651193445263338
R-HSA-72689,abstraction:NextStepPathway,R-HSA-72706,1.8867395732298333
R-HSA-72689,abstraction:NextStepPathway,R-HSA-72737,1.5694533845673364
R-HSA-4420097,abstraction:NextStepPathway,R-HSA-389357,1.7677040269901159
R-HSA-4420097,abstraction:NextStepPathway,R-HSA-5668599,1.606377105994817
R-HSA-4420097,abstraction:NextStepPathway,R-HSA-1257604,1.5302980287553418
R-HSA-4420097,abstraction:NextStepPathway,R-HSA-2029482,1.515699229334189
R-HSA-4420097,abstraction:NextStepPathway,R-HSA-114604,1.63257687787576
R-HSA-4420097,abstraction:NextStepPathway,R-HSA-5663213,1.6441061317969081
R-HSA-4420097,abstraction:NextStepPathway,R-HSA-3928663,1.8046345469594007
R-HSA-4420097,abstraction:NextStepPathway,R-HSA-171007,1.8035602406788158
R-HSA-4420097,abstraction:NextStepPathway,R-HSA-5218921,1.7499075271864954
R-HSA-4420097,abstraction:NextStepPathway,R-HSA-5218920,1.5445604756759062
R-HSA-4420097,abstraction:NextStepPathway,R-HSA-9664422,1.50078153127732
R-HSA-70350,abstraction:NextStepPathway,R-HSA-70171,3.325330823328366
R-HSA-202433,abstraction:NextStepPathway,R-HSA-2871809,2.9014569658101315
R-HSA-202433,abstraction:NextStepPathway,R-HSA-112043,3.0976076107551314
R-HSA-202433,abstraction:NextStepPathway,R-HSA-9664323,3.179174543002481
R-HSA-202433,abstraction:NextStepPathway,R-HSA-2029482,2.476862687792972
R-HSA-202433,abstraction:NextStepPathway,R-HSA-2029485,3.346872667103121
R-HSA-202433,abstraction:NextStepPathway,R-HSA-5663213,2.858405698309718
R-HSA-202433,abstraction:NextStepPathway,R-HSA-5218921,3.263357063791633
R-HSA-202433,abstraction:NextStepPathway,R-HSA-422356,2.915503658140036
R-HSA-202433,abstraction:NextStepPathway,R-HSA-5607763,3.3319097944264082
R-HSA-202433,abstraction:NextStepPathway,R-HSA-1489509,3.169308360081427
R-HSA-202433,abstraction:NextStepPathway,R-HSA-4086398,2.83604704333713
R-HSA-202433,abstraction:NextStepPathway,R-HSA-983695,2.3717127206147106
R-HSA-202433,abstraction:NextStepPathway,R-HSA-9664422,2.4383169662279243
R-HSA-202433,abstraction:NextStepPathway,R-HSA-202424,2.558719906192927
R-HSA-389542,abstraction:NextStepPathway,R-HSA-389599,4.122018682829152
R-HSA-171319,abstraction:NextStepPathway,R-HSA-174417,2.058152352934787
R-HSA-171319,abstraction:NextStepPathway,R-HSA-174430,2.3430681718936777
R-HSA-5625900,abstraction:NextStepPathway,R-HSA-5627117,4.300710471572527
R-HSA-5625900,abstraction:NextStepPathway,R-HSA-5625740,3.477298096174681
R-HSA-5625900,abstraction:NextStepPathway,R-HSA-5627123,3.693784466459711
R-HSA-5684264,abstraction:NextStepPathway,R-HSA-110056,3.9396971260351967
R-HSA-68877,abstraction:NextStepPathway,R-HSA-9648025,1.4246924450899172
R-HSA-68877,abstraction:NextStepPathway,R-HSA-2500257,0.906056188499308
R-HSA-162599,abstraction:NextStepPathway,R-HSA-177243,0.8001269068296054
R-HSA-199920,abstraction:NextStepPathway,R-HSA-111931,4.894602694037132
R-HSA-199920,abstraction:NextStepPathway,R-HSA-9634638,4.144078400893884
R-HSA-199920,abstraction:NextStepPathway,R-HSA-111932,3.725074624452921
R-HSA-199920,abstraction:NextStepPathway,R-HSA-9031628,3.0782146306560367
R-HSA-2980766,abstraction:NextStepPathway,R-HSA-4419969,3.7105112602650245
R-HSA-8981607,abstraction:NextStepPathway,R-HSA-203615,2.516953955207274
R-HSA-1251985,abstraction:NextStepPathway,R-HSA-9018519,1.6635182341982648
R-HSA-179812,abstraction:NextStepPathway,R-HSA-5673001,2.936395017171412
R-HSA-179812,abstraction:NextStepPathway,R-HSA-912526,5.002591332101227
R-HSA-179812,abstraction:NextStepPathway,R-HSA-2428933,4.614825801092464
R-HSA-179812,abstraction:NextStepPathway,R-HSA-180336,4.574003806572208
R-HSA-179812,abstraction:NextStepPathway,R-HSA-167044,4.391682249778254
R-HSA-179812,abstraction:NextStepPathway,R-HSA-74751,3.4734885677580127
R-HSA-179812,abstraction:NextStepPathway,R-HSA-112412,5.09439888135435
R-HSA-8939236,abstraction:NextStepPathway,R-HSA-9616222,2.7105883484377187
R-HSA-420092,abstraction:NextStepPathway,R-HSA-163359,4.415779801357314
R-HSA-420092,abstraction:NextStepPathway,R-HSA-416476,3.5382806064530326
R-HSA-420092,abstraction:NextStepPathway,R-HSA-418555,3.530199754399094
R-HSA-420092,abstraction:NextStepPathway,R-HSA-381676,3.9893967945874698
R-HSA-420092,abstraction:NextStepPathway,R-HSA-9660821,3.878003557029857
R-HSA-211945,abstraction:NextStepPathway,R-HSA-8963896,2.1902338013258498
R-HSA-9022707,abstraction:NextStepPathway,R-HSA-9022692,4.551403974654968
R-HSA-888590,abstraction:NextStepPathway,R-HSA-420499,3.6097395704351776
R-HSA-888590,abstraction:NextStepPathway,R-HSA-977444,3.5063417639452
R-HSA-9026357,abstraction:NextStepPathway,R-HSA-9026527,5.113816967211452
R-HSA-9026357,abstraction:NextStepPathway,R-HSA-9028731,4.450522749801188
R-HSA-9026357,abstraction:NextStepPathway,R-HSA-9026519,5.002591332101227
R-HSA-9026357,abstraction:NextStepPathway,R-HSA-9028335,4.871255330040141
R-HSA-901032,abstraction:NextStepPathway,R-HSA-901042,4.349718050679222
R-HSA-901032,abstraction:NextStepPathway,R-HSA-532668,4.0723630923832905
R-HSA-901032,abstraction:NextStepPathway,R-HSA-948021,2.467781242214731
R-HSA-2022377,abstraction:NextStepPathway,R-HSA-375276,2.782244337344154
R-HSA-1482839,abstraction:NextStepPathway,R-HSA-1483191,3.5484743746425758
R-HSA-1482839,abstraction:NextStepPathway,R-HSA-1483152,4.386931647019656
R-HSA-1482839,abstraction:NextStepPathway,R-HSA-1483101,4.470931621432395
R-HSA-977606,abstraction:NextStepPathway,R-HSA-418594,2.097225339234751
R-HSA-977606,abstraction:NextStepPathway,R-HSA-9660826,2.38059602776269
R-HSA-6811558,abstraction:NextStepPathway,R-HSA-166058,2.3332941172962505
R-HSA-6811558,abstraction:NextStepPathway,R-HSA-389357,3.9580462647033934
R-HSA-6811558,abstraction:NextStepPathway,R-HSA-1257604,2.743939794662652
R-HSA-6811558,abstraction:NextStepPathway,R-HSA-199418,4.31383976301432
R-HSA-6811558,abstraction:NextStepPathway,R-HSA-1855204,3.8225877178882874
R-HSA-6811558,abstraction:NextStepPathway,R-HSA-114604,3.132139594297507
R-HSA-6811558,abstraction:NextStepPathway,R-HSA-1660499,3.1763456868020032
R-HSA-6811558,abstraction:NextStepPathway,R-HSA-5218920,2.762441710047974
R-HSA-6811558,abstraction:NextStepPathway,R-HSA-1660516,3.814533983081191
R-HSA-6811558,abstraction:NextStepPathway,R-HSA-202424,2.7831971720994257
R-HSA-194138,abstraction:NextStepPathway,R-HSA-428930,2.1724787657232594
R-HSA-194138,abstraction:NextStepPathway,R-HSA-177929,1.8969038515110999
R-HSA-1855156,abstraction:NextStepPathway,R-HSA-1855191,4.470931621432395
R-HSA-1855156,abstraction:NextStepPathway,R-HSA-1855170,3.550525657413133
R-HSA-1059683,abstraction:NextStepPathway,R-HSA-6788467,3.645220010450587
R-HSA-1059683,abstraction:NextStepPathway,R-HSA-8984722,2.4824925408050427
R-HSA-1059683,abstraction:NextStepPathway,R-HSA-9931295,3.9642382349513148
R-HSA-354192,abstraction:NextStepPathway,R-HSA-372708,2.335119490483349
R-HSA-354192,abstraction:NextStepPathway,R-HSA-354194,2.4070748107692572
R-HSA-354192,abstraction:NextStepPathway,R-HSA-392517,2.433601565102686
R-HSA-9939291,abstraction:NextStepPathway,R-HSA-8932504,3.7907547913150768
R-HSA-9939291,abstraction:NextStepPathway,R-HSA-8932506,3.866671991020307
R-HSA-9732724,abstraction:NextStepPathway,R-HSA-877300,2.8907845059193598
R-HSA-9732724,abstraction:NextStepPathway,R-HSA-2173795,3.665745246395318
R-HSA-936440,abstraction:NextStepPathway,R-HSA-1169408,3.073106062713314
R-HSA-111457,abstraction:NextStepPathway,R-HSA-111458,4.104000177326474
R-HSA-111457,abstraction:NextStepPathway,R-HSA-111469,4.2213368840310155
R-HSA-111457,abstraction:NextStepPathway,R-HSA-111461,4.23345824456336
R-HSA-111457,abstraction:NextStepPathway,R-HSA-111463,4.579734481281194
R-HSA-111457,abstraction:NextStepPathway,R-HSA-111471,3.6075632910125823
R-HSA-417973,abstraction:NextStepPathway,R-HSA-418594,2.9453236479157137
R-HSA-417973,abstraction:NextStepPathway,R-HSA-418555,3.7548534998085326
R-HSA-417973,abstraction:NextStepPathway,R-HSA-9660821,4.213336841363939
R-HSA-70688,abstraction:NextStepPathway,R-HSA-8964539,3.652015053583416
R-HSA-9012546,abstraction:NextStepPathway,R-HSA-9960525,4.833515002057293
R-HSA-9012546,abstraction:NextStepPathway,R-HSA-9960519,4.695364663576476
R-HSA-73614,abstraction:NextStepPathway,R-HSA-73621,3.583931686479305
R-HSA-73614,abstraction:NextStepPathway,R-HSA-499943,3.0782146306560367
R-HSA-69563,abstraction:NextStepPathway,R-HSA-2559582,2.3831486775214694
R-HSA-69563,abstraction:NextStepPathway,R-HSA-69656,3.375761676955258
R-HSA-69563,abstraction:NextStepPathway,R-HSA-187577,3.443523779056077
R-HSA-77348,abstraction:NextStepPathway,R-HSA-611105,1.7458452331776169
R-HSA-77348,abstraction:NextStepPathway,R-HSA-77350,4.695364663576476
R-HSA-2172127,abstraction:NextStepPathway,R-HSA-391160,2.9645658941381083
R-HSA-2172127,abstraction:NextStepPathway,R-HSA-2424491,2.4719624329751317
R-HSA-156588,abstraction:NextStepPathway,R-HSA-189483,3.4527916859868584
R-HSA-156588,abstraction:NextStepPathway,R-HSA-9749641,3.4985139353249535
R-HSA-9694631,abstraction:NextStepPathway,R-HSA-9755779,3.979888006618442
R-HSA-9694631,abstraction:NextStepPathway,R-HSA-9694322,3.4416804605617872
R-HSA-9694631,abstraction:NextStepPathway,R-HSA-9694786,3.3106845078111267
R-HSA-9694631,abstraction:NextStepPathway,R-HSA-9705671,2.171961301287392
R-HSA-428930,abstraction:NextStepPathway,R-HSA-416476,3.317167512689205
R-HSA-428930,abstraction:NextStepPathway,R-HSA-416482,3.689056325263765
R-HSA-916853,abstraction:NextStepPathway,R-HSA-611105,1.7546678217927958
R-HSA-916853,abstraction:NextStepPathway,R-HSA-880009,4.728154486399467
R-HSA-916853,abstraction:NextStepPathway,R-HSA-71403,3.2450359406440366
R-HSA-428643,abstraction:NextStepPathway,R-HSA-196807,3.0491905113167563
R-HSA-428643,abstraction:NextStepPathway,R-HSA-433692,4.445484955771231
R-HSA-428643,abstraction:NextStepPathway,R-HSA-561048,4.597126223993063
R-HSA-428643,abstraction:NextStepPathway,R-HSA-75105,3.2946585237952823
R-HSA-428643,abstraction:NextStepPathway,R-HSA-70263,3.6273224409930447
R-HSA-428643,abstraction:NextStepPathway,R-HSA-1614517,4.062035978227441
R-HSA-428643,abstraction:NextStepPathway,R-HSA-70268,2.9668542246561205
R-HSA-428643,abstraction:NextStepPathway,R-HSA-4085001,3.6542903674205514
R-HSA-166058,abstraction:NextStepPathway,R-HSA-975144,2.338169203124588
R-HSA-166058,abstraction:NextStepPathway,R-HSA-975138,2.074912521792252
R-HSA-166058,abstraction:NextStepPathway,R-HSA-937039,2.338169203124588
R-HSA-166058,abstraction:NextStepPathway,R-HSA-975871,1.9464408563826854
R-HSA-166058,abstraction:NextStepPathway,R-HSA-937042,2.3290478264147993
R-HSA-420499,abstraction:NextStepPathway,R-HSA-418594,2.8522581379652125
R-HSA-420499,abstraction:NextStepPathway,R-HSA-416476,3.5629225103899618
R-HSA-420499,abstraction:NextStepPathway,R-HSA-1296041,4.476099591590837
R-HSA-420499,abstraction:NextStepPathway,R-HSA-997272,4.476099591590837
R-HSA-1655829,abstraction:NextStepPathway,R-HSA-2426168,2.247702186960847
R-HSA-114508,abstraction:NextStepPathway,R-HSA-354192,2.435619729258923
R-HSA-114508,abstraction:NextStepPathway,R-HSA-9856530,2.85021732093036
R-HSA-114508,abstraction:NextStepPathway,R-HSA-2871809,3.285164781603031
R-HSA-114508,abstraction:NextStepPathway,R-HSA-9664323,3.729976595053128
R-HSA-114508,abstraction:NextStepPathway,R-HSA-76005,4.714909259649446
R-HSA-114508,abstraction:NextStepPathway,R-HSA-445355,3.0807787346249746
R-HSA-114508,abstraction:NextStepPathway,R-HSA-5218921,3.878003557029857
R-HSA-114508,abstraction:NextStepPathway,R-HSA-111997,3.8638590496436924
R-HSA-114508,abstraction:NextStepPathway,R-HSA-5607763,4.018478003888311
R-HSA-114508,abstraction:NextStepPathway,R-HSA-5578775,3.5860570857916185
R-HSA-114508,abstraction:NextStepPathway,R-HSA-983695,2.5818334158800864
R-HSA-114508,abstraction:NextStepPathway,R-HSA-2514859,3.382682119799832
R-HSA-114508,abstraction:NextStepPathway,R-HSA-392517,4.401251700794405
R-HSA-114508,abstraction:NextStepPathway,R-HSA-139853,4.714909259649446
R-HSA-392154,abstraction:NextStepPathway,R-HSA-1222556,3.221118507583448
R-HSA-392154,abstraction:NextStepPathway,R-HSA-418457,4.748357193716987
R-HSA-392154,abstraction:NextStepPathway,R-HSA-445355,3.073106062713314
R-HSA-392154,abstraction:NextStepPathway,R-HSA-3299685,2.8532801104609056
R-HSA-176407,abstraction:NextStepPathway,R-HSA-174178,2.3597816528674183
R-HSA-77288,abstraction:NextStepPathway,R-HSA-611105,1.716548863689186
R-HSA-77288,abstraction:NextStepPathway,R-HSA-77346,4.147802799984866
R-HSA-141430,abstraction:NextStepPathway,R-HSA-179409,3.065491812728069
R-HSA-141430,abstraction:NextStepPathway,R-HSA-176409,2.3430681718936777
R-HSA-141430,abstraction:NextStepPathway,R-HSA-174184,2.915503658140036
R-HSA-352230,abstraction:NextStepPathway,R-HSA-888590,2.9308548367957967
R-HSA-352230,abstraction:NextStepPathway,R-HSA-71240,2.988858586707153
R-HSA-352230,abstraction:NextStepPathway,R-HSA-428559,3.3879040637809834
R-HSA-352230,abstraction:NextStepPathway,R-HSA-442660,3.0405217263803097
R-HSA-73621,abstraction:NextStepPathway,R-HSA-70635,3.4792083164308
R-HSA-9912633,abstraction:NextStepPathway,R-HSA-983170,3.056681183045914
R-HSA-9912633,abstraction:NextStepPathway,R-HSA-983168,3.8723217235624263
R-HSA-71240,abstraction:NextStepPathway,R-HSA-196807,2.861493708998294
R-HSA-2029481,abstraction:NextStepPathway,R-HSA-2029482,2.7457746575627624
R-HSA-2029481,abstraction:NextStepPathway,R-HSA-2454202,2.451913368745023
R-HSA-1614558,abstraction:NextStepPathway,R-HSA-1614517,3.345199026545091
R-HSA-168275,abstraction:NextStepPathway,R-HSA-168288,3.3844197396983726
R-HSA-389958,abstraction:NextStepPathway,R-HSA-391251,2.910077708854039
R-HSA-166016,abstraction:NextStepPathway,R-HSA-166058,1.5423529692606956
R-HSA-166016,abstraction:NextStepPathway,R-HSA-166020,2.0394003742389866
R-HSA-8856825,abstraction:NextStepPathway,R-HSA-8856828,1.5401503251983535
R-HSA-9960525,abstraction:NextStepPathway,R-HSA-448706,4.833515002057293
R-HSA-9960525,abstraction:NextStepPathway,R-HSA-5620971,3.6407154983294827
R-HSA-9960525,abstraction:NextStepPathway,R-HSA-9660826,3.6820057672670985
R-HSA-9020591,abstraction:NextStepPathway,R-HSA-8984722,2.0848206000169482
R-HSA-9020591,abstraction:NextStepPathway,R-HSA-9942503,2.6191541424780866
R-HSA-9020591,abstraction:NextStepPathway,R-HSA-8950505,2.5849559789168803
R-HSA-9020591,abstraction:NextStepPathway,R-HSA-9020933,2.4309169997320166
R-HSA-381042,abstraction:NextStepPathway,R-HSA-9633012,1.7791644753976077
R-HSA-381042,abstraction:NextStepPathway,R-HSA-9648895,3.4180214862451406
R-HSA-381042,abstraction:NextStepPathway,R-HSA-380994,4.075829300359777
R-HSA-381042,abstraction:NextStepPathway,R-HSA-381183,4.193612336016161
R-HSA-389359,abstraction:NextStepPathway,R-HSA-5627123,3.552581156595229
R-HSA-389359,abstraction:NextStepPathway,R-HSA-5687128,2.9841856810077605
R-HSA-2559582,abstraction:NextStepPathway,R-HSA-199920,2.498857189175254
R-HSA-2559582,abstraction:NextStepPathway,R-HSA-2559585,2.3799588821533693
R-HSA-2559582,abstraction:NextStepPathway,R-HSA-2559580,2.1740327675899938
R-HSA-2559582,abstraction:NextStepPathway,R-HSA-881907,2.4761611795214815
R-HSA-2559582,abstraction:NextStepPathway,R-HSA-8853884,2.3498436828772857
R-HSA-2559582,abstraction:NextStepPathway,R-HSA-69231,2.3934249400788543
R-HSA-9830674,abstraction:NextStepPathway,R-HSA-4086400,3.240507631019289
R-HSA-9830674,abstraction:NextStepPathway,R-HSA-373752,3.0368294144931824
R-HSA-9830674,abstraction:NextStepPathway,R-HSA-428542,3.830706842326792
R-HSA-9633012,abstraction:NextStepPathway,R-HSA-381042,1.7791644753976077
R-HSA-9633012,abstraction:NextStepPathway,R-HSA-9648895,1.697055069008185
R-HSA-9633012,abstraction:NextStepPathway,R-HSA-380994,1.777070964514358
R-HSA-9633012,abstraction:NextStepPathway,R-HSA-9909649,1.6871302236537693
R-HSA-9633012,abstraction:NextStepPathway,R-HSA-381183,1.7953620126193504
R-HSA-176417,abstraction:NextStepPathway,R-HSA-174113,4.193612336016161
R-HSA-9931521,abstraction:NextStepPathway,R-HSA-9932298,3.0950000473480506
R-HSA-389356,abstraction:NextStepPathway,R-HSA-389359,3.7105112602650245
R-HSA-389356,abstraction:NextStepPathway,R-HSA-389357,3.672681690391975
R-HSA-418217,abstraction:NextStepPathway,R-HSA-114508,5.002591332101227
R-HSA-418217,abstraction:NextStepPathway,R-HSA-2871809,3.4361708047508177
R-HSA-418217,abstraction:NextStepPathway,R-HSA-112043,3.803895584876135
R-HSA-418217,abstraction:NextStepPathway,R-HSA-9664323,3.976738397715546
R-HSA-418217,abstraction:NextStepPathway,R-HSA-76005,5.564402510600086
R-HSA-418217,abstraction:NextStepPathway,R-HSA-2029485,4.391682249778254
R-HSA-418217,abstraction:NextStepPathway,R-HSA-5218921,4.170445276734626
R-HSA-418217,abstraction:NextStepPathway,R-HSA-422356,3.4678013486374235
R-HSA-418217,abstraction:NextStepPathway,R-HSA-5607763,4.36815175236806
R-HSA-418217,abstraction:NextStepPathway,R-HSA-1489509,3.951892399129015
R-HSA-418217,abstraction:NextStepPathway,R-HSA-4086398,3.3335613224648815
R-HSA-418217,abstraction:NextStepPathway,R-HSA-983695,2.6545633583978065
R-HSA-418217,abstraction:NextStepPathway,R-HSA-426048,5.534097161104756
R-HSA-9009391,abstraction:NextStepPathway,R-HSA-203615,2.188128537390387
R-HSA-8851907,abstraction:NextStepPathway,R-HSA-8865999,4.886759516576106
R-HSA-8851907,abstraction:NextStepPathway,R-HSA-8875555,4.59129530368227
R-HSA-2151209,abstraction:NextStepPathway,R-HSA-2151201,2.846148139323634
R-HSA-1971475,abstraction:NextStepPathway,R-HSA-2022928,4.104000177326474
R-HSA-1971475,abstraction:NextStepPathway,R-HSA-2022870,4.396455528530912
R-HSA-167238,abstraction:NextStepPathway,R-HSA-167246,2.204561454221633
R-HSA-6796648,abstraction:NextStepPathway,R-HSA-6783310,1.7556908397848305
R-HSA-6796648,abstraction:NextStepPathway,R-HSA-5358606,2.364160765276778
R-HSA-6796648,abstraction:NextStepPathway,R-HSA-5358565,2.3541793973187484
R-HSA-5357786,abstraction:NextStepPathway,R-HSA-69416,4.038346207105036
R-HSA-5357786,abstraction:NextStepPathway,R-HSA-5357905,2.1363884448299046
R-HSA-5357786,abstraction:NextStepPathway,R-HSA-5675482,3.2914839179545097
R-HSA-5357786,abstraction:NextStepPathway,R-HSA-5218900,4.36815175236806
R-HSA-5357786,abstraction:NextStepPathway,R-HSA-3371378,3.93667140511866
R-HSA-9609690,abstraction:NextStepPathway,R-HSA-9610379,0.9341645478829138
R-HSA-9609690,abstraction:NextStepPathway,R-HSA-9833482,1.2905180345459073
R-HSA-112310,abstraction:NextStepPathway,R-HSA-112313,2.743939794662652
R-HSA-9619483,abstraction:NextStepPathway,R-HSA-9833482,2.790852711880754
R-HSA-5689603,abstraction:NextStepPathway,R-HSA-8951664,1.5607123166461159
R-HSA-5689603,abstraction:NextStepPathway,R-HSA-5689880,2.2093833226587103
R-HSA-2871796,abstraction:NextStepPathway,R-HSA-5673001,2.3473745458203648
R-HSA-2871796,abstraction:NextStepPathway,R-HSA-2559582,2.0852948708344696
R-HSA-2871796,abstraction:NextStepPathway,R-HSA-2559580,2.492421700393262
R-HSA-2871796,abstraction:NextStepPathway,R-HSA-2871809,2.55643766861046
R-HSA-2871796,abstraction:NextStepPathway,R-HSA-450341,2.972598065835373
R-HSA-2871796,abstraction:NextStepPathway,R-HSA-9909649,2.6354677179696107
R-HSA-2871796,abstraction:NextStepPathway,R-HSA-2730905,2.78893332549495
R-HSA-2871796,abstraction:NextStepPathway,R-HSA-2424491,2.3947169299226565
R-HSA-2871796,abstraction:NextStepPathway,R-HSA-450321,3.0467060379890945
R-HSA-389960,abstraction:NextStepPathway,R-HSA-389977,3.8582567940950225
R-HSA-877300,abstraction:NextStepPathway,R-HSA-9732724,2.8907845059193598
R-HSA-877300,abstraction:NextStepPathway,R-HSA-877312,2.9242468832357646
R-HSA-877300,abstraction:NextStepPathway,R-HSA-2173795,2.7737094348943163
R-HSA-877300,abstraction:NextStepPathway,R-HSA-2173796,2.6982533902797674
R-HSA-877300,abstraction:NextStepPathway,R-HSA-9942503,2.728477913188494
R-HSA-2559585,abstraction:NextStepPathway,R-HSA-2559582,2.3799588821533693
R-HSA-2559585,abstraction:NextStepPathway,R-HSA-2559580,2.9830208585114675
R-HSA-2559585,abstraction:NextStepPathway,R-HSA-8853884,3.391400570839713
R-HSA-2559585,abstraction:NextStepPathway,R-HSA-69541,3.4734885677580127
R-HSA-2559585,abstraction:NextStepPathway,R-HSA-69481,2.725773990856093
R-HSA-2559585,abstraction:NextStepPathway,R-HSA-69231,3.5629225103899618
R-HSA-2559585,abstraction:NextStepPathway,R-HSA-111471,3.235999734580099
R-HSA-2559585,abstraction:NextStepPathway,R-HSA-8852276,3.4306913389861924
R-HSA-2559585,abstraction:NextStepPathway,R-HSA-6804757,3.039289440334045
R-HSA-3065679,abstraction:NextStepPathway,R-HSA-3065676,4.708351859103288
R-HSA-1660537,abstraction:NextStepPathway,R-HSA-1660514,4.406070987230354
R-HSA-1660537,abstraction:NextStepPathway,R-HSA-1660502,7.030739579393512
R-HSA-9958517,abstraction:NextStepPathway,R-HSA-6798163,4.445484955771231
R-HSA-9958517,abstraction:NextStepPathway,R-HSA-1483191,3.7726430413720307
R-HSA-9958517,abstraction:NextStepPathway,R-HSA-264642,3.679666584913926
R-HSA-913709,abstraction:NextStepPathway,R-HSA-977068,4.331618009035604
R-HSA-418594,abstraction:NextStepPathway,R-HSA-418217,2.952072829890642
R-HSA-418594,abstraction:NextStepPathway,R-HSA-9856530,2.2742799458591954
R-HSA-418594,abstraction:NextStepPathway,R-HSA-9634597,2.7661835291939694
R-HSA-418594,abstraction:NextStepPathway,R-HSA-392451,2.900384579648379
R-HSA-418594,abstraction:NextStepPathway,R-HSA-9664323,2.674030752703921
R-HSA-418594,abstraction:NextStepPathway,R-HSA-170670,2.7975997254273484
R-HSA-418594,abstraction:NextStepPathway,R-HSA-418597,2.6843401223627823
R-HSA-418594,abstraction:NextStepPathway,R-HSA-442720,2.891846640910343
R-HSA-418594,abstraction:NextStepPathway,R-HSA-432040,2.724874305685195
R-HSA-418594,abstraction:NextStepPathway,R-HSA-180024,2.7898925581824106
R-HSA-418594,abstraction:NextStepPathway,R-HSA-418555,2.6110960811483244
R-HSA-418594,abstraction:NextStepPathway,R-HSA-4086398,2.453283231972937
R-HSA-418594,abstraction:NextStepPathway,R-HSA-8964315,2.910077708854039
R-HSA-418594,abstraction:NextStepPathway,R-HSA-416482,2.7718226418817395
R-HSA-418594,abstraction:NextStepPathway,R-HSA-8964616,2.7966330747962536
R-HSA-418594,abstraction:NextStepPathway,R-HSA-163615,2.905758047709522
R-HSA-418594,abstraction:NextStepPathway,R-HSA-9660821,2.7330007612422205
R-HSA-2173795,abstraction:NextStepPathway,R-HSA-2173796,3.3010381307593213
R-HSA-2173795,abstraction:NextStepPathway,R-HSA-2173788,2.83604704333713
R-HSA-2173795,abstraction:NextStepPathway,R-HSA-5689880,2.5406062033937795
R-HSA-399997,abstraction:NextStepPathway,R-HSA-2871809,3.235999734580099
R-HSA-399997,abstraction:NextStepPathway,R-HSA-434316,4.327143728640683
R-HSA-399997,abstraction:NextStepPathway,R-HSA-112043,3.5322138537707954
R-HSA-399997,abstraction:NextStepPathway,R-HSA-9664323,3.6542903674205514
R-HSA-399997,abstraction:NextStepPathway,R-HSA-2029485,3.93667140511866
R-HSA-399997,abstraction:NextStepPathway,R-HSA-5218921,3.7933691718891476
R-HSA-399997,abstraction:NextStepPathway,R-HSA-2179392,4.147802799984866
R-HSA-399997,abstraction:NextStepPathway,R-HSA-422356,3.2742014768057617
R-HSA-399997,abstraction:NextStepPathway,R-HSA-5607763,3.915743885012704
R-HSA-399997,abstraction:NextStepPathway,R-HSA-1489509,3.636231185882154
R-HSA-399997,abstraction:NextStepPathway,R-HSA-4086398,3.155380558336958
R-HSA-399997,abstraction:NextStepPathway,R-HSA-983695,2.557197835883858
R-HSA-937072,abstraction:NextStepPathway,R-HSA-450302,3.693784466459711
R-HSA-937072,abstraction:NextStepPathway,R-HSA-975163,3.5024201902920185
R-HSA-937072,abstraction:NextStepPathway,R-HSA-445989,3.173524810460362
R-HSA-937072,abstraction:NextStepPathway,R-HSA-9705671,2.0796184128296646
R-HSA-937072,abstraction:NextStepPathway,R-HSA-168638,3.0859267511423756
R-HSA-937072,abstraction:NextStepPathway,R-HSA-450321,3.7129238066704087
R-HSA-937072,abstraction:NextStepPathway,R-HSA-9020702,2.140390451171759
R-HSA-9619665,abstraction:NextStepPathway,R-HSA-190861,3.109426527058274
R-HSA-167246,abstraction:NextStepPathway,R-HSA-167238,2.204561454221633
R-HSA-167246,abstraction:NextStepPathway,R-HSA-167243,2.0782043187924666
R-HSA-75892,abstraction:NextStepPathway,R-HSA-202733,2.8451334258930876
R-HSA-75892,abstraction:NextStepPathway,R-HSA-114604,3.089805230470947
R-HSA-75892,abstraction:NextStepPathway,R-HSA-9845620,4.425583801453936
R-HSA-174414,abstraction:NextStepPathway,R-HSA-174417,2.318210875084922
R-HSA-174414,abstraction:NextStepPathway,R-HSA-174437,2.6537254865431756
R-HSA-2894862,abstraction:NextStepPathway,R-HSA-2644606,2.8728987056122848
R-HSA-9032500,abstraction:NextStepPathway,R-HSA-9032759,4.129317985310763
R-HSA-392170,abstraction:NextStepPathway,R-HSA-418217,4.918508214890686
R-HSA-392170,abstraction:NextStepPathway,R-HSA-418594,2.8471638834434696
R-HSA-392170,abstraction:NextStepPathway,R-HSA-392451,4.597126223993063
R-HSA-392170,abstraction:NextStepPathway,R-HSA-170670,4.129317985310763
R-HSA-392170,abstraction:NextStepPathway,R-HSA-4086398,3.1805919776834544
R-HSA-392170,abstraction:NextStepPathway,R-HSA-8964315,4.663615965261896
R-HSA-392170,abstraction:NextStepPathway,R-HSA-8964616,4.136670959616022
R-HSA-4641262,abstraction:NextStepPathway,R-HSA-201681,2.6817527987978313
R-HSA-6804114,abstraction:NextStepPathway,R-HSA-75035,3.979888006618442
R-HSA-6804114,abstraction:NextStepPathway,R-HSA-6804115,3.4734885677580127
R-HSA-6804114,abstraction:NextStepPathway,R-HSA-176187,2.9645658941381083
R-HSA-6804114,abstraction:NextStepPathway,R-HSA-156711,3.1471160484870646
R-HSA-5693579,abstraction:NextStepPathway,R-HSA-5685942,2.3412282449716706
R-HSA-380108,abstraction:NextStepPathway,R-HSA-418594,2.7503765984961315
R-HSA-380108,abstraction:NextStepPathway,R-HSA-376176,2.4505453794755985
R-HSA-9036866,abstraction:NextStepPathway,R-HSA-187037,2.530189442535524
R-HSA-6803211,abstraction:NextStepPathway,R-HSA-202733,2.9341752604330993
R-HSA-6803211,abstraction:NextStepPathway,R-HSA-75158,4.614825801092464
R-HSA-166020,abstraction:NextStepPathway,R-HSA-166016,2.0394003742389866
R-HSA-166663,abstraction:NextStepPathway,R-HSA-977606,2.4209135818692276
R-HSA-166663,abstraction:NextStepPathway,R-HSA-174577,3.7423376918767017
R-HSA-1483196,abstraction:NextStepPathway,R-HSA-1660514,3.9989968683164885
R-HSA-1483196,abstraction:NextStepPathway,R-HSA-1483148,4.465790221931976
R-HSA-1483196,abstraction:NextStepPathway,R-HSA-1483101,4.721509943680799
R-HSA-1483196,abstraction:NextStepPathway,R-HSA-1483166,3.645220010450587
R-HSA-1483196,abstraction:NextStepPathway,R-HSA-1482788,4.166635748317958
R-HSA-549127,abstraction:NextStepPathway,R-HSA-2142789,3.3401948459605153
R-HSA-549127,abstraction:NextStepPathway,R-HSA-6787450,4.3361123986234436
R-HSA-549127,abstraction:NextStepPathway,R-HSA-6793080,4.249852054339036
R-HSA-549127,abstraction:NextStepPathway,R-HSA-9857492,4.249852054339036
R-HSA-2534343,abstraction:NextStepPathway,R-HSA-1300645,4.8261348947596705
R-HSA-5693607,abstraction:NextStepPathway,R-HSA-69473,1.7957170632177897
R-HSA-5693607,abstraction:NextStepPathway,R-HSA-5693616,1.8957257638036689
R-HSA-5693607,abstraction:NextStepPathway,R-HSA-6804756,1.7625378367500997
R-HSA-5693607,abstraction:NextStepPathway,R-HSA-5685938,1.736095618211785
R-HSA-5693607,abstraction:NextStepPathway,R-HSA-5693538,1.2316469249329869
R-HSA-5693607,abstraction:NextStepPathway,R-HSA-5685939,1.861771884873325
R-HSA-8932504,abstraction:NextStepPathway,R-HSA-9939291,3.7907547913150768
R-HSA-8932504,abstraction:NextStepPathway,R-HSA-8932505,4.568305785457571
R-HSA-2142845,abstraction:NextStepPathway,R-HSA-2160916,3.9611374572730664
R-HSA-9856530,abstraction:NextStepPathway,R-HSA-111931,2.906836214929868
R-HSA-9856530,abstraction:NextStepPathway,R-HSA-418594,2.2742799458591954
R-HSA-9856530,abstraction:NextStepPathway,R-HSA-442982,2.8553271940826304
R-HSA-9856530,abstraction:NextStepPathway,R-HSA-2871809,2.4881542685970426
R-HSA-9856530,abstraction:NextStepPathway,R-HSA-164378,2.9286473303805862
R-HSA-9856530,abstraction:NextStepPathway,R-HSA-9634597,2.7605760378650244
R-HSA-9856530,abstraction:NextStepPathway,R-HSA-111933,2.702641286745187
R-HSA-9856530,abstraction:NextStepPathway,R-HSA-9620244,2.707048521732595
R-HSA-9856530,abstraction:NextStepPathway,R-HSA-111957,2.939733918436927
R-HSA-9856530,abstraction:NextStepPathway,R-HSA-9664323,2.666367879958352
R-HSA-9856530,abstraction:NextStepPathway,R-HSA-163560,2.6412409298809303
R-HSA-9856530,abstraction:NextStepPathway,R-HSA-418597,2.6783134144959218
R-HSA-9856530,abstraction:NextStepPathway,R-HSA-442720,2.8865472114438444
R-HSA-9856530,abstraction:NextStepPathway,R-HSA-442729,2.6860687312634
R-HSA-9856530,abstraction:NextStepPathway,R-HSA-111932,2.6387626138664633
R-HSA-9856530,abstraction:NextStepPathway,R-HSA-445355,2.392134617319184
R-HSA-9856530,abstraction:NextStepPathway,R-HSA-9856532,2.7079323043796024
R-HSA-9856530,abstraction:NextStepPathway,R-HSA-163359,2.8656259462832048
R-HSA-9856530,abstraction:NextStepPathway,R-HSA-5218921,2.714140750042086
R-HSA-9856530,abstraction:NextStepPathway,R-HSA-432040,2.720387981426522
R-HSA-9856530,abstraction:NextStepPathway,R-HSA-203615,2.090526749593803
R-HSA-9856530,abstraction:NextStepPathway,R-HSA-180024,2.774654168077478
R-HSA-9856530,abstraction:NextStepPathway,R-HSA-111997,2.7097022163460607
R-HSA-9856530,abstraction:NextStepPathway,R-HSA-418555,2.6038989289298384
R-HSA-9856530,abstraction:NextStepPathway,R-HSA-5607763,2.7531479628565148
R-HSA-9856530,abstraction:NextStepPathway,R-HSA-4086398,2.447815002352741
R-HSA-9856530,abstraction:NextStepPathway,R-HSA-5627123,2.655401932870428
R-HSA-9856530,abstraction:NextStepPathway,R-HSA-163358,2.8781261090474364
R-HSA-9856530,abstraction:NextStepPathway,R-HSA-2025928,2.8380591164505504
R-HSA-9856530,abstraction:NextStepPathway,R-HSA-5218920,2.243247836611467
R-HSA-9856530,abstraction:NextStepPathway,R-HSA-983695,2.109299864101728
R-HSA-9856530,abstraction:NextStepPathway,R-HSA-2514859,2.5324124890234705
R-HSA-9856530,abstraction:NextStepPathway,R-HSA-9634600,2.8656259462832048
R-HSA-9856530,abstraction:NextStepPathway,R-HSA-9860927,2.3332941172962505
R-HSA-9856530,abstraction:NextStepPathway,R-HSA-163615,2.89931334226688
R-HSA-9856530,abstraction:NextStepPathway,R-HSA-392517,2.85021732093036
R-HSA-9856530,abstraction:NextStepPathway,R-HSA-9660821,2.727575793145356
R-HSA-73930,abstraction:NextStepPathway,R-HSA-110381,4.486516352449093
R-HSA-69205,abstraction:NextStepPathway,R-HSA-69202,2.954332717858079
R-HSA-69205,abstraction:NextStepPathway,R-HSA-8953750,2.58417442358206
R-HSA-69205,abstraction:NextStepPathway,R-HSA-68689,3.3654699909187102
R-HSA-69205,abstraction:NextStepPathway,R-HSA-68962,2.35915762788617
R-HSA-69205,abstraction:NextStepPathway,R-HSA-69656,2.972598065835373
R-HSA-69205,abstraction:NextStepPathway,R-HSA-1362277,2.7466933530798348
R-HSA-69205,abstraction:NextStepPathway,R-HSA-1362300,3.317167512689205
R-HSA-9679509,abstraction:NextStepPathway,R-HSA-9678110,3.088510731908301
R-HSA-76071,abstraction:NextStepPathway,R-HSA-749476,1.7573981989156533
R-HSA-975138,abstraction:NextStepPathway,R-HSA-975163,3.0950000473480506
R-HSA-9856872,abstraction:NextStepPathway,R-HSA-611105,1.7267715413366618
R-HSA-9856872,abstraction:NextStepPathway,R-HSA-70263,3.6053917374990743
R-HSA-9856872,abstraction:NextStepPathway,R-HSA-9853506,3.9957865926862404
R-HSA-9856872,abstraction:NextStepPathway,R-HSA-8964539,3.5818107949101674
R-HSA-9856872,abstraction:NextStepPathway,R-HSA-71064,3.4985139353249535
R-HSA-9856872,abstraction:NextStepPathway,R-HSA-70268,2.9554645798917627
R-HSA-9856872,abstraction:NextStepPathway,R-HSA-8963693,3.827993136455196
R-HSA-9856872,abstraction:NextStepPathway,R-HSA-442660,3.7129238066704087
R-HSA-9856872,abstraction:NextStepPathway,R-HSA-71403,3.120050796978503
R-HSA-189085,abstraction:NextStepPathway,R-HSA-8981373,4.1075779986743575
R-HSA-2586552,abstraction:NextStepPathway,R-HSA-8849474,3.11074840431619
R-HSA-2586552,abstraction:NextStepPathway,R-HSA-9020558,2.5279713270235025
R-HSA-2586552,abstraction:NextStepPathway,R-HSA-512988,2.9275454018944296
R-HSA-2586552,abstraction:NextStepPathway,R-HSA-9703465,3.0417555328292383
R-HSA-2586552,abstraction:NextStepPathway,R-HSA-1266695,2.5896581819383164
R-HSA-2586552,abstraction:NextStepPathway,R-HSA-8875791,3.2152274743462104
R-HSA-2586552,abstraction:NextStepPathway,R-HSA-9702518,3.0479475030771597
R-HSA-2586552,abstraction:NextStepPathway,R-HSA-982772,2.7105883484377187
R-HSA-8849474,abstraction:NextStepPathway,R-HSA-2586552,3.11074840431619
R-HSA-8849474,abstraction:NextStepPathway,R-HSA-9707564,2.9419660622208674
R-HSA-8849474,abstraction:NextStepPathway,R-HSA-8875791,4.100435111161977
R-HSA-6798163,abstraction:NextStepPathway,R-HSA-1614635,3.227044450850995
R-HSA-6798163,abstraction:NextStepPathway,R-HSA-196757,3.05919059465134
R-HSA-6798163,abstraction:NextStepPathway,R-HSA-156581,3.5063417639452
R-HSA-9634638,abstraction:NextStepPathway,R-HSA-111931,4.229401443867745
R-HSA-9634638,abstraction:NextStepPathway,R-HSA-9022692,4.058617171478655
R-HSA-9634638,abstraction:NextStepPathway,R-HSA-111932,3.4678013486374235
R-HSA-9634638,abstraction:NextStepPathway,R-HSA-9616222,3.0161599856402748
R-HSA-9634638,abstraction:NextStepPathway,R-HSA-9031628,2.9375067460241024
R-HSA-9634638,abstraction:NextStepPathway,R-HSA-69231,3.6843504342263524
R-HSA-173107,abstraction:NextStepPathway,R-HSA-162585,2.776546316229516
R-HSA-9013973,abstraction:NextStepPathway,R-HSA-9828211,3.346872667103121
R-HSA-9013973,abstraction:NextStepPathway,R-HSA-936964,2.622395636402258
R-HSA-8951664,abstraction:NextStepPathway,R-HSA-9755511,1.318107489460329
R-HSA-8951664,abstraction:NextStepPathway,R-HSA-9679191,1.6170123613346483
R-HSA-2022923,abstraction:NextStepPathway,R-HSA-2024101,4.162840677349407
R-HSA-211916,abstraction:NextStepPathway,R-HSA-196791,3.477298096174681
R-HSA-5654221,abstraction:NextStepPathway,R-HSA-2029485,4.22536103433074
R-HSA-5654221,abstraction:NextStepPathway,R-HSA-5218921,4.0316795157468475
R-HSA-5654221,abstraction:NextStepPathway,R-HSA-1489509,3.8388924269132314
R-HSA-9754189,abstraction:NextStepPathway,R-HSA-9796292,3.4678013486374235
R-HSA-9754189,abstraction:NextStepPathway,R-HSA-9758919,3.458393941535528
R-HSA-9754189,abstraction:NextStepPathway,R-HSA-9733709,2.7097022163460607
R-HSA-9754189,abstraction:NextStepPathway,R-HSA-9793380,2.7421082923191844
R-HSA-9754189,abstraction:NextStepPathway,R-HSA-9823730,3.0319274438929757
R-HSA-389357,abstraction:NextStepPathway,R-HSA-389359,3.852685749045567
R-HSA-389357,abstraction:NextStepPathway,R-HSA-8876198,3.345199026545091
R-HSA-389357,abstraction:NextStepPathway,R-HSA-1257604,2.6895349392398864
R-HSA-389357,abstraction:NextStepPathway,R-HSA-69202,3.3861603841761565
R-HSA-389357,abstraction:NextStepPathway,R-HSA-392451,4.229401443867745
R-HSA-389357,abstraction:NextStepPathway,R-HSA-5628897,2.8310345015135856
R-HSA-389357,abstraction:NextStepPathway,R-HSA-9755779,4.055210013157041
R-HSA-389357,abstraction:NextStepPathway,R-HSA-114604,3.060447665841391
R-HSA-389357,abstraction:NextStepPathway,R-HSA-69656,3.414430818114412
R-HSA-389357,abstraction:NextStepPathway,R-HSA-111447,4.140367821497348
R-HSA-389357,abstraction:NextStepPathway,R-HSA-203615,2.48178707340365
R-HSA-389357,abstraction:NextStepPathway,R-HSA-1358803,3.976738397715546
R-HSA-389357,abstraction:NextStepPathway,R-HSA-6804759,3.951892399129015
R-HSA-389357,abstraction:NextStepPathway,R-HSA-198323,3.976738397715546
R-HSA-389357,abstraction:NextStepPathway,R-HSA-2730905,3.636231185882154
R-HSA-389357,abstraction:NextStepPathway,R-HSA-5218920,2.716813357423563
R-HSA-389357,abstraction:NextStepPathway,R-HSA-6804758,3.514231351220363
R-HSA-389357,abstraction:NextStepPathway,R-HSA-9634635,3.7777844408724492
R-HSA-389357,abstraction:NextStepPathway,R-HSA-9604323,3.7423376918767017
R-HSA-389357,abstraction:NextStepPathway,R-HSA-8948751,3.512253111208257
R-HSA-389357,abstraction:NextStepPathway,R-HSA-6804757,3.1227245953629055
R-HSA-389357,abstraction:NextStepPathway,R-HSA-202424,2.729380847787086
R-HSA-189200,abstraction:NextStepPathway,R-HSA-446205,4.038346207105036
R-HSA-9034013,abstraction:NextStepPathway,R-HSA-9034015,4.048430326171663
R-HSA-9034013,abstraction:NextStepPathway,R-HSA-9603381,4.523854022886737
R-HSA-9034013,abstraction:NextStepPathway,R-HSA-9034864,4.688933773246186
R-HSA-9034013,abstraction:NextStepPathway,R-HSA-9034793,4.8261348947596705
R-HSA-180746,abstraction:NextStepPathway,R-HSA-165054,2.523549801765625
R-HSA-442982,abstraction:NextStepPathway,R-HSA-5673001,2.903605194348421
R-HSA-9018679,abstraction:NextStepPathway,R-HSA-9023661,4.22536103433074
R-HSA-9018679,abstraction:NextStepPathway,R-HSA-9018896,4.089815542334517
R-HSA-9603381,abstraction:NextStepPathway,R-HSA-6811558,4.132987714199725
R-HSA-9603381,abstraction:NextStepPathway,R-HSA-1257604,2.729380847787086
R-HSA-416572,abstraction:NextStepPathway,R-HSA-5627117,4.162840677349407
R-HSA-416572,abstraction:NextStepPathway,R-HSA-5625740,3.414430818114412
R-HSA-416572,abstraction:NextStepPathway,R-HSA-5627123,3.614106389601518
R-HSA-416572,abstraction:NextStepPathway,R-HSA-416482,3.945776172111579
R-HSA-167152,abstraction:NextStepPathway,R-HSA-167200,2.342454486694915
R-HSA-168138,abstraction:NextStepPathway,R-HSA-109704,2.75871383993396
R-HSA-168138,abstraction:NextStepPathway,R-HSA-975155,2.1514792744731075
R-HSA-162592,abstraction:NextStepPathway,R-HSA-177539,3.0743807601453153
R-HSA-162592,abstraction:NextStepPathway,R-HSA-164843,3.014957339674514
R-HSA-162592,abstraction:NextStepPathway,R-HSA-175567,3.132139594297507
R-HSA-433692,abstraction:NextStepPathway,R-HSA-196807,3.1389192812828863
R-HSA-433692,abstraction:NextStepPathway,R-HSA-428643,4.445484955771231
R-HSA-433692,abstraction:NextStepPathway,R-HSA-561048,5.1538223018251506
R-HSA-433692,abstraction:NextStepPathway,R-HSA-9749641,3.7855464462079387
R-HSA-433692,abstraction:NextStepPathway,R-HSA-2162123,3.2541545448604707
R-HSA-373080,abstraction:NextStepPathway,R-HSA-418555,3.456523033599716
R-HSA-373080,abstraction:NextStepPathway,R-HSA-9660821,3.7752104368772765
R-HSA-9682706,abstraction:NextStepPathway,R-HSA-9679509,2.280027088114763
R-HSA-69091,abstraction:NextStepPathway,R-HSA-69183,3.2390027398398686
R-HSA-2559580,abstraction:NextStepPathway,R-HSA-2559582,2.1740327675899938
R-HSA-2559580,abstraction:NextStepPathway,R-HSA-2871796,2.492421700393262
R-HSA-2559580,abstraction:NextStepPathway,R-HSA-2559585,2.9830208585114675
R-HSA-2559580,abstraction:NextStepPathway,R-HSA-6811555,3.098913946669187
R-HSA-2559580,abstraction:NextStepPathway,R-HSA-450302,3.280451497150933
R-HSA-2559580,abstraction:NextStepPathway,R-HSA-8853884,2.898243251207036
R-HSA-2559580,abstraction:NextStepPathway,R-HSA-69541,2.9475683177695373
R-HSA-2559580,abstraction:NextStepPathway,R-HSA-450341,3.199203824878053
R-HSA-2559580,abstraction:NextStepPathway,R-HSA-6804756,2.500292939601358
R-HSA-2559580,abstraction:NextStepPathway,R-HSA-69481,2.443054707746441
R-HSA-2559580,abstraction:NextStepPathway,R-HSA-9909649,2.7975997254273484
R-HSA-2559580,abstraction:NextStepPathway,R-HSA-450321,3.2930699611101444
R-HSA-2559580,abstraction:NextStepPathway,R-HSA-69231,2.9982704208894995
R-HSA-2559580,abstraction:NextStepPathway,R-HSA-111471,2.800505296478763
R-HSA-2559580,abstraction:NextStepPathway,R-HSA-8852276,2.9220538999007544
R-HSA-2559580,abstraction:NextStepPathway,R-HSA-6804757,2.6689156520371506
R-HSA-5654706,abstraction:NextStepPathway,R-HSA-5673001,2.8532801104609056
R-HSA-5654706,abstraction:NextStepPathway,R-HSA-5654732,3.8334279324411527
R-HSA-5654706,abstraction:NextStepPathway,R-HSA-5654710,3.73985321854904
R-HSA-111367,abstraction:NextStepPathway,R-HSA-73856,2.9430840053222087
R-HSA-111367,abstraction:NextStepPathway,R-HSA-159227,3.4001957022925398
R-HSA-112308,abstraction:NextStepPathway,R-HSA-210500,3.6750045718081146
R-HSA-112308,abstraction:NextStepPathway,R-HSA-264642,3.7777844408724492
R-HSA-1632852,abstraction:NextStepPathway,R-HSA-8876198,1.8337169309970573
R-HSA-1632852,abstraction:NextStepPathway,R-HSA-9694676,1.8840205969965902
R-HSA-1632852,abstraction:NextStepPathway,R-HSA-9679504,1.8921998052045361
R-HSA-390650,abstraction:NextStepPathway,R-HSA-418594,2.859433976035284
R-HSA-390650,abstraction:NextStepPathway,R-HSA-416476,3.5775824588006464
R-HSA-390650,abstraction:NextStepPathway,R-HSA-418555,3.569179048004267
R-HSA-390650,abstraction:NextStepPathway,R-HSA-9660821,3.9336548115792342
R-HSA-2871809,abstraction:NextStepPathway,R-HSA-9856530,2.4881542685970426
R-HSA-2871809,abstraction:NextStepPathway,R-HSA-442982,3.2867408260584967
R-HSA-2871809,abstraction:NextStepPathway,R-HSA-1169091,2.917682308239258
R-HSA-2871809,abstraction:NextStepPathway,R-HSA-111933,3.060447665841391
R-HSA-2871809,abstraction:NextStepPathway,R-HSA-9620244,3.0692916906378436
R-HSA-2871809,abstraction:NextStepPathway,R-HSA-111957,3.423431778973388
R-HSA-2871809,abstraction:NextStepPathway,R-HSA-112043,2.9442031996192237
R-HSA-2871809,abstraction:NextStepPathway,R-HSA-9664323,3.014957339674514
R-HSA-2871809,abstraction:NextStepPathway,R-HSA-442720,3.3352155825609078
R-HSA-2871809,abstraction:NextStepPathway,R-HSA-2029485,3.1539983881100064
R-HSA-2871809,abstraction:NextStepPathway,R-HSA-442729,3.039289440334045
R-HSA-2871809,abstraction:NextStepPathway,R-HSA-111932,2.972598065835373
R-HSA-2871809,abstraction:NextStepPathway,R-HSA-445355,2.640414141904936
R-HSA-2871809,abstraction:NextStepPathway,R-HSA-5218921,3.082063256317331
R-HSA-2871809,abstraction:NextStepPathway,R-HSA-203615,2.2668577022506007
R-HSA-2871809,abstraction:NextStepPathway,R-HSA-180024,3.172117350692482
R-HSA-2871809,abstraction:NextStepPathway,R-HSA-111997,3.0705615320783197
R-HSA-2871809,abstraction:NextStepPathway,R-HSA-422356,2.785105569625186
R-HSA-2871809,abstraction:NextStepPathway,R-HSA-5607763,3.145745246353286
R-HSA-2871809,abstraction:NextStepPathway,R-HSA-9942503,2.986519404353981
R-HSA-2871809,abstraction:NextStepPathway,R-HSA-1489509,3.003009766253396
R-HSA-2871809,abstraction:NextStepPathway,R-HSA-4086398,2.716813357423563
R-HSA-2871809,abstraction:NextStepPathway,R-HSA-5627123,2.9982704208894995
R-HSA-2871809,abstraction:NextStepPathway,R-HSA-2025928,3.2664434859948224
R-HSA-2871809,abstraction:NextStepPathway,R-HSA-5218920,2.4464526043218457
R-HSA-2871809,abstraction:NextStepPathway,R-HSA-5578775,2.9375067460241024
R-HSA-2871809,abstraction:NextStepPathway,R-HSA-983695,2.2957114061472077
R-HSA-2871809,abstraction:NextStepPathway,R-HSA-2514859,2.825052429836038
R-HSA-2871809,abstraction:NextStepPathway,R-HSA-2871837,2.548867609749915
R-HSA-2871809,abstraction:NextStepPathway,R-HSA-202424,2.4601608381750406
R-HSA-194002,abstraction:NextStepPathway,R-HSA-193048,3.6339965480807375
R-HSA-194002,abstraction:NextStepPathway,R-HSA-211976,3.1028432248090767
R-HSA-427601,abstraction:NextStepPathway,R-HSA-174362,4.7551831587873865
R-HSA-427601,abstraction:NextStepPathway,R-HSA-425381,4.728154486399467
R-HSA-6787639,abstraction:NextStepPathway,R-HSA-727802,3.9830475669088106
R-HSA-1483076,abstraction:NextStepPathway,R-HSA-1482798,4.29637206997393
R-HSA-5637810,abstraction:NextStepPathway,R-HSA-1236382,2.9025305032186557
R-HSA-674695,abstraction:NextStepPathway,R-HSA-113418,1.4234680051181554
R-HSA-674695,abstraction:NextStepPathway,R-HSA-167152,1.4387580687161476
R-HSA-674695,abstraction:NextStepPathway,R-HSA-167200,1.2877363915840305
R-HSA-674695,abstraction:NextStepPathway,R-HSA-75955,1.1804546457483103
R-HSA-674695,abstraction:NextStepPathway,R-HSA-167158,1.3498846093810164
R-HSA-674695,abstraction:NextStepPathway,R-HSA-112382,1.4047985333007476
R-HSA-9833110,abstraction:NextStepPathway,R-HSA-9820960,2.3387802633330304
R-HSA-9833110,abstraction:NextStepPathway,R-HSA-8983711,2.7105883484377187
R-HSA-76066,abstraction:NextStepPathway,R-HSA-749476,1.7680493904886272
R-HSA-2024096,abstraction:NextStepPathway,R-HSA-2024101,3.5201896608039935
R-HSA-110320,abstraction:NextStepPathway,R-HSA-110313,1.939856470454506
R-HSA-110320,abstraction:NextStepPathway,R-HSA-5656169,2.240473909728742
R-HSA-6782135,abstraction:NextStepPathway,R-HSA-6782210,1.492618220638159
R-HSA-8849473,abstraction:NextStepPathway,R-HSA-8847993,5.184912888895182
R-HSA-69473,abstraction:NextStepPathway,R-HSA-6796648,2.1939287118372652
R-HSA-69473,abstraction:NextStepPathway,R-HSA-6804114,2.89931334226688
R-HSA-69473,abstraction:NextStepPathway,R-HSA-6803211,3.0782146306560367
R-HSA-69473,abstraction:NextStepPathway,R-HSA-9758274,2.8791748768415206
R-HSA-69473,abstraction:NextStepPathway,R-HSA-69601,2.849198472141257
R-HSA-69473,abstraction:NextStepPathway,R-HSA-6804760,2.822074760142114
R-HSA-69473,abstraction:NextStepPathway,R-HSA-75035,3.082063256317331
R-HSA-69473,abstraction:NextStepPathway,R-HSA-6811555,2.992377651922349
R-HSA-69473,abstraction:NextStepPathway,R-HSA-69541,2.8563523094978756
R-HSA-69473,abstraction:NextStepPathway,R-HSA-5620971,2.748533280001842
R-HSA-69473,abstraction:NextStepPathway,R-HSA-5693565,1.2201975681657782
R-HSA-69473,abstraction:NextStepPathway,R-HSA-6804756,2.4553415517390915
R-HSA-69473,abstraction:NextStepPathway,R-HSA-6804116,2.891846640910343
R-HSA-69473,abstraction:NextStepPathway,R-HSA-6804115,2.841084837367087
R-HSA-69473,abstraction:NextStepPathway,R-HSA-176187,2.548867609749915
R-HSA-69473,abstraction:NextStepPathway,R-HSA-69895,3.0629665588608748
R-HSA-69473,abstraction:NextStepPathway,R-HSA-6803204,2.748533280001842
R-HSA-69473,abstraction:NextStepPathway,R-HSA-6804759,3.0113580556448674
R-HSA-69473,abstraction:NextStepPathway,R-HSA-6803207,2.8451334258930876
R-HSA-69473,abstraction:NextStepPathway,R-HSA-111448,3.088510731908301
R-HSA-69473,abstraction:NextStepPathway,R-HSA-2559586,2.55643766861046
R-HSA-69473,abstraction:NextStepPathway,R-HSA-6803205,2.842095448873011
R-HSA-69473,abstraction:NextStepPathway,R-HSA-6804754,3.088510731908301
R-HSA-69473,abstraction:NextStepPathway,R-HSA-6804758,2.816145889019835
R-HSA-69473,abstraction:NextStepPathway,R-HSA-6804757,2.5991294445308033
R-HSA-8940973,abstraction:NextStepPathway,R-HSA-8878166,2.5818334158800864
R-HSA-400206,abstraction:NextStepPathway,R-HSA-2426168,2.1299191513044637
R-HSA-400206,abstraction:NextStepPathway,R-HSA-2032785,2.7841509156147355
R-HSA-400206,abstraction:NextStepPathway,R-HSA-9707616,2.3857078599802906
R-HSA-400206,abstraction:NextStepPathway,R-HSA-9707564,2.350461920918616
R-HSA-400206,abstraction:NextStepPathway,R-HSA-9931509,2.570980596179279
R-HSA-400206,abstraction:NextStepPathway,R-HSA-8951671,2.884435278240701
R-HSA-400206,abstraction:NextStepPathway,R-HSA-1368108,2.558719906192927
R-HSA-400206,abstraction:NextStepPathway,R-HSA-9933387,2.6562412111404226
R-HSA-400206,abstraction:NextStepPathway,R-HSA-381340,1.6829973295179532
R-HSA-400206,abstraction:NextStepPathway,R-HSA-2151201,2.222900695280597
R-HSA-400206,abstraction:NextStepPathway,R-HSA-1989781,2.015669688229391
R-HSA-453274,abstraction:NextStepPathway,R-HSA-69620,0.8390589856150257
R-HSA-453274,abstraction:NextStepPathway,R-HSA-69278,-0.2017044976695009
R-HSA-111464,abstraction:NextStepPathway,R-HSA-111465,3.325330823328366
R-HSA-111464,abstraction:NextStepPathway,R-HSA-140342,3.901059333329783
R-HSA-111464,abstraction:NextStepPathway,R-HSA-264870,4.0518144241559035
R-HSA-111464,abstraction:NextStepPathway,R-HSA-211736,4.551403974654968
R-HSA-111464,abstraction:NextStepPathway,R-HSA-351906,4.0793075647361015
R-HSA-174417,abstraction:NextStepPathway,R-HSA-171306,2.613506688985012
R-HSA-1912420,abstraction:NextStepPathway,R-HSA-9013507,3.9704687847019504
R-HSA-1912420,abstraction:NextStepPathway,R-HSA-2979096,4.2093606929842995
R-HSA-1912420,abstraction:NextStepPathway,R-HSA-2122948,3.6339965480807375
R-HSA-5668599,abstraction:NextStepPathway,R-HSA-4420097,1.606377105994817
R-HSA-5668599,abstraction:NextStepPathway,R-HSA-1222556,2.5975446581452317
R-HSA-389887,abstraction:NextStepPathway,R-HSA-390918,3.3603635968441363
R-HSA-69200,abstraction:NextStepPathway,R-HSA-113501,5.227930273978873
R-HSA-110314,abstraction:NextStepPathway,R-HSA-110320,2.5481137461635153
R-HSA-110314,abstraction:NextStepPathway,R-HSA-5655862,2.8563523094978756
R-HSA-110314,abstraction:NextStepPathway,R-HSA-110312,2.812212747272998
R-HSA-110314,abstraction:NextStepPathway,R-HSA-5656121,2.8240588877771606
R-HSA-1482798,abstraction:NextStepPathway,R-HSA-1483213,3.8361564470943565
R-HSA-9960519,abstraction:NextStepPathway,R-HSA-448706,4.695364663576476
R-HSA-9960519,abstraction:NextStepPathway,R-HSA-5620971,3.5967523749083665
R-HSA-9960519,abstraction:NextStepPathway,R-HSA-9660826,3.636231185882154
R-HSA-449836,abstraction:NextStepPathway,R-HSA-8854691,1.8976900150736034
R-HSA-449836,abstraction:NextStepPathway,R-HSA-9616222,2.8897234978622652
R-HSA-9772755,abstraction:NextStepPathway,R-HSA-3214847,2.2933722237940355
R-HSA-9772755,abstraction:NextStepPathway,R-HSA-9841922,1.4772633320992552
R-HSA-9772755,abstraction:NextStepPathway,R-HSA-3214841,2.326629445550518
R-HSA-9772755,abstraction:NextStepPathway,R-HSA-9818564,1.810744179620946
R-HSA-9851151,abstraction:NextStepPathway,R-HSA-201556,3.458393941535528
R-HSA-5213460,abstraction:NextStepPathway,R-HSA-9686347,3.4108529967665278
R-HSA-5213460,abstraction:NextStepPathway,R-HSA-5675482,2.96914780364322
R-HSA-5213460,abstraction:NextStepPathway,R-HSA-9692913,3.5201896608039935
R-HSA-168336,abstraction:NextStepPathway,R-HSA-168271,2.9187734158215926
R-HSA-204174,abstraction:NextStepPathway,R-HSA-5362517,3.2495848491704056
R-HSA-204174,abstraction:NextStepPathway,R-HSA-389661,3.2465499454752518
R-HSA-204174,abstraction:NextStepPathway,R-HSA-9861559,3.618492361544772
R-HSA-199992,abstraction:NextStepPathway,R-HSA-432722,2.9464453530249135
R-HSA-199992,abstraction:NextStepPathway,R-HSA-432720,2.8791748768415206
R-HSA-179419,abstraction:NextStepPathway,R-HSA-176409,2.1030029191001387
R-HSA-192456,abstraction:NextStepPathway,R-HSA-8963678,4.386931647019656
R-HSA-192456,abstraction:NextStepPathway,R-HSA-975634,2.4909971987278765
R-HSA-2470946,abstraction:NextStepPathway,R-HSA-2468052,4.041696293990318
R-HSA-8866423,abstraction:NextStepPathway,R-HSA-8964046,3.71534218753469
R-HSA-9683673,abstraction:NextStepPathway,R-HSA-9679509,3.7201965659994882
R-HSA-9683673,abstraction:NextStepPathway,R-HSA-9686347,4.445484955771231
R-HSA-9683673,abstraction:NextStepPathway,R-HSA-9692916,3.0307056966426535
R-HSA-9683673,abstraction:NextStepPathway,R-HSA-9692913,4.833515002057293
R-HSA-9683673,abstraction:NextStepPathway,R-HSA-9735871,4.36815175236806
R-HSA-426486,abstraction:NextStepPathway,R-HSA-426496,6.406585270320519
R-HSA-9020558,abstraction:NextStepPathway,R-HSA-2586552,2.5279713270235025
R-HSA-9020558,abstraction:NextStepPathway,R-HSA-8985947,2.718599072183798
R-HSA-9020558,abstraction:NextStepPathway,R-HSA-912526,3.027049385439543
R-HSA-9020558,abstraction:NextStepPathway,R-HSA-512988,2.7311891665438695
R-HSA-9020558,abstraction:NextStepPathway,R-HSA-9703465,2.825052429836038
R-HSA-9020558,abstraction:NextStepPathway,R-HSA-6785807,2.2685656445957565
R-HSA-9020558,abstraction:NextStepPathway,R-HSA-9020958,2.860463312204398
R-HSA-9020558,abstraction:NextStepPathway,R-HSA-1266695,2.447815002352741
R-HSA-9020558,abstraction:NextStepPathway,R-HSA-8983432,2.2904559195982475
R-HSA-9020558,abstraction:NextStepPathway,R-HSA-9702518,2.8290364988509125
R-HSA-9020558,abstraction:NextStepPathway,R-HSA-982772,2.548867609749915
R-HSA-561048,abstraction:NextStepPathway,R-HSA-196807,3.17775911459915
R-HSA-561048,abstraction:NextStepPathway,R-HSA-428643,4.597126223993063
R-HSA-561048,abstraction:NextStepPathway,R-HSA-433692,5.1538223018251506
R-HSA-561048,abstraction:NextStepPathway,R-HSA-9749641,3.852685749045567
R-HSA-6785470,abstraction:NextStepPathway,R-HSA-9937008,3.852685749045567
R-HSA-6785470,abstraction:NextStepPathway,R-HSA-6787450,4.002217483016531
R-HSA-6785470,abstraction:NextStepPathway,R-HSA-6793080,3.9276487875190225
R-HSA-201681,abstraction:NextStepPathway,R-HSA-3769402,2.642068402000963
R-HSA-201681,abstraction:NextStepPathway,R-HSA-4641262,2.6817527987978313
R-HSA-201681,abstraction:NextStepPathway,R-HSA-9754189,2.5287101523249347
R-HSA-201681,abstraction:NextStepPathway,R-HSA-9834899,2.5594818109916884
R-HSA-201681,abstraction:NextStepPathway,R-HSA-201722,2.676598148209167
R-HSA-201681,abstraction:NextStepPathway,R-HSA-9909649,2.5428525540201536
R-HSA-418889,abstraction:NextStepPathway,R-HSA-5620971,3.4270549713428085
R-HSA-418889,abstraction:NextStepPathway,R-HSA-111465,3.235999734580099
R-HSA-418889,abstraction:NextStepPathway,R-HSA-140342,3.7498283636058596
R-HSA-418889,abstraction:NextStepPathway,R-HSA-264870,3.878003557029857
R-HSA-418889,abstraction:NextStepPathway,R-HSA-211736,4.287751326930023
R-HSA-418889,abstraction:NextStepPathway,R-HSA-351906,3.901059333329783
R-HSA-73856,abstraction:NextStepPathway,R-HSA-9930044,1.9843082330253399
R-HSA-73856,abstraction:NextStepPathway,R-HSA-159230,2.672322810358765
R-HSA-73856,abstraction:NextStepPathway,R-HSA-77595,2.5376188972140445
R-HSA-73856,abstraction:NextStepPathway,R-HSA-159227,2.692142502646967
R-HSA-73856,abstraction:NextStepPathway,R-HSA-72187,2.124971095687094
R-HSA-1227986,abstraction:NextStepPathway,R-HSA-8863795,3.2079121527698375
R-HSA-1227986,abstraction:NextStepPathway,R-HSA-1251932,3.4416804605617872
R-HSA-1227986,abstraction:NextStepPathway,R-HSA-1236394,2.968000356586743
R-HSA-1227986,abstraction:NextStepPathway,R-HSA-1250196,3.325330823328366
R-HSA-1227986,abstraction:NextStepPathway,R-HSA-1306955,3.4753915179040993
R-HSA-1227986,abstraction:NextStepPathway,R-HSA-6785631,3.421625093748439
R-HSA-1227986,abstraction:NextStepPathway,R-HSA-8847993,3.4416804605617872
R-HSA-1227986,abstraction:NextStepPathway,R-HSA-1358803,3.275760323575053
R-HSA-1227986,abstraction:NextStepPathway,R-HSA-1963640,3.351910461133078
R-HSA-1227986,abstraction:NextStepPathway,R-HSA-1963642,3.2315120681107112
R-HSA-75953,abstraction:NextStepPathway,R-HSA-674695,1.3084625221011474
R-HSA-75953,abstraction:NextStepPathway,R-HSA-73776,1.5548340631907691
R-HSA-9694676,abstraction:NextStepPathway,R-HSA-9694301,3.526183684744204
R-HSA-9694676,abstraction:NextStepPathway,R-HSA-9705671,2.140390451171759
R-HSA-9694676,abstraction:NextStepPathway,R-HSA-9694271,3.5670891830848075
R-HSA-190372,abstraction:NextStepPathway,R-HSA-5654227,4.871255330040141
R-HSA-190372,abstraction:NextStepPathway,R-HSA-5654706,4.318254781223437
R-HSA-190372,abstraction:NextStepPathway,R-HSA-5654704,4.902507873544245
R-HSA-5654719,abstraction:NextStepPathway,R-HSA-5673001,2.9611431868606064
R-HSA-9613354,abstraction:NextStepPathway,R-HSA-9615710,4.804315847365031
R-HSA-9613354,abstraction:NextStepPathway,R-HSA-9613829,3.973598677710878
R-HSA-9613354,abstraction:NextStepPathway,R-HSA-9612973,2.3357286894056317
R-HSA-75105,abstraction:NextStepPathway,R-HSA-200425,3.1348459558952504
R-HSA-75105,abstraction:NextStepPathway,R-HSA-191273,2.5060566443181083
R-HSA-1483226,abstraction:NextStepPathway,R-HSA-1483196,4.597126223993063
R-HSA-1483226,abstraction:NextStepPathway,R-HSA-1483248,4.6450395796889605
R-HSA-1483226,abstraction:NextStepPathway,R-HSA-1482922,4.620795968078967
R-HSA-164516,abstraction:NextStepPathway,R-HSA-164525,2.6783134144959218
R-HSA-163767,abstraction:NextStepPathway,R-HSA-163765,3.7105112602650245
R-HSA-163767,abstraction:NextStepPathway,R-HSA-163358,4.676194747468756
R-HSA-163767,abstraction:NextStepPathway,R-HSA-9634600,4.620795968078967
R-HSA-351200,abstraction:NextStepPathway,R-HSA-141334,4.279204266351564
R-HSA-5205685,abstraction:NextStepPathway,R-HSA-1632852,1.885573392339651
R-HSA-5205685,abstraction:NextStepPathway,R-HSA-9694676,3.4055101523560323
R-HSA-5205685,abstraction:NextStepPathway,R-HSA-9679504,3.4453705016492413
R-HSA-2682334,abstraction:NextStepPathway,R-HSA-3928662,2.491709195909966
R-HSA-8943723,abstraction:NextStepPathway,R-HSA-6807070,2.9982704208894995
R-HSA-8943723,abstraction:NextStepPathway,R-HSA-199418,3.759904015594601
R-HSA-8943723,abstraction:NextStepPathway,R-HSA-5628897,2.737544158426247
R-HSA-8943723,abstraction:NextStepPathway,R-HSA-1660499,2.973750803715181
R-HSA-8943723,abstraction:NextStepPathway,R-HSA-8948751,3.3368725837685376
R-HSA-8943723,abstraction:NextStepPathway,R-HSA-202424,2.6428965593981912
R-HSA-9679504,abstraction:NextStepPathway,R-HSA-9683439,3.7448283531891535
R-HSA-9679504,abstraction:NextStepPathway,R-HSA-9684325,3.6339965480807375
R-HSA-75035,abstraction:NextStepPathway,R-HSA-69478,4.894602694037132
R-HSA-75035,abstraction:NextStepPathway,R-HSA-69273,3.372319332764285
R-HSA-75035,abstraction:NextStepPathway,R-HSA-5625740,3.526183684744204
R-HSA-2426168,abstraction:NextStepPathway,R-HSA-1989781,1.8693880679186337
R-HSA-434316,abstraction:NextStepPathway,R-HSA-399997,4.327143728640683
R-HSA-434316,abstraction:NextStepPathway,R-HSA-2871809,3.2946585237952823
R-HSA-434316,abstraction:NextStepPathway,R-HSA-112043,3.611920596381538
R-HSA-434316,abstraction:NextStepPathway,R-HSA-9664323,3.7448283531891535
R-HSA-434316,abstraction:NextStepPathway,R-HSA-2029485,4.058617171478655
R-HSA-434316,abstraction:NextStepPathway,R-HSA-5218921,3.8981481231223243
R-HSA-434316,abstraction:NextStepPathway,R-HSA-2179392,4.305067776941483
R-HSA-434316,abstraction:NextStepPathway,R-HSA-422356,3.3319097944264082
R-HSA-434316,abstraction:NextStepPathway,R-HSA-5607763,4.041696293990318
R-HSA-434316,abstraction:NextStepPathway,R-HSA-1489509,3.725074624452921
R-HSA-434316,abstraction:NextStepPathway,R-HSA-4086398,3.2079121527698375
R-HSA-434316,abstraction:NextStepPathway,R-HSA-983695,2.5865209244631835
R-HSA-2032785,abstraction:NextStepPathway,R-HSA-8940973,3.5201896608039935
R-HSA-2032785,abstraction:NextStepPathway,R-HSA-9796292,4.283468665138021
R-HSA-2032785,abstraction:NextStepPathway,R-HSA-9909649,3.4001957022925398
R-HSA-2032785,abstraction:NextStepPathway,R-HSA-8951671,4.523854022886737
R-HSA-2032785,abstraction:NextStepPathway,R-HSA-5578768,4.159059954509501
R-HSA-9637628,abstraction:NextStepPathway,R-HSA-9636383,4.279204266351564
R-HSA-168142,abstraction:NextStepPathway,R-HSA-975871,2.3004062504514153
R-HSA-399955,abstraction:NextStepPathway,R-HSA-416550,3.4198216667492884
R-HSA-9686347,abstraction:NextStepPathway,R-HSA-9692913,4.574003806572208
R-HSA-8964058,abstraction:NextStepPathway,R-HSA-8964041,3.235999734580099
R-HSA-1257604,abstraction:NextStepPathway,R-HSA-6811558,2.743939794662652
R-HSA-1257604,abstraction:NextStepPathway,R-HSA-9634638,2.6783134144959218
R-HSA-1257604,abstraction:NextStepPathway,R-HSA-389357,2.6895349392398864
R-HSA-1257604,abstraction:NextStepPathway,R-HSA-8941332,2.752223321089296
R-HSA-1257604,abstraction:NextStepPathway,R-HSA-8876198,2.511127281767068
R-HSA-1257604,abstraction:NextStepPathway,R-HSA-69202,2.5541606277784084
R-HSA-1257604,abstraction:NextStepPathway,R-HSA-199418,2.7718226418817395
R-HSA-1257604,abstraction:NextStepPathway,R-HSA-5628897,2.263450543928986
R-HSA-1257604,abstraction:NextStepPathway,R-HSA-9755779,2.759644505426913
R-HSA-1257604,abstraction:NextStepPathway,R-HSA-114604,2.3774143515183743
R-HSA-1257604,abstraction:NextStepPathway,R-HSA-198693,2.8082950145440964
R-HSA-1257604,abstraction:NextStepPathway,R-HSA-69656,2.5663652033708777
R-HSA-1257604,abstraction:NextStepPathway,R-HSA-5674400,2.561771014585823
R-HSA-1257604,abstraction:NextStepPathway,R-HSA-111447,2.785105569625186
R-HSA-1257604,abstraction:NextStepPathway,R-HSA-203615,2.0443969778663016
R-HSA-1257604,abstraction:NextStepPathway,R-HSA-1358803,2.737544158426247
R-HSA-1257604,abstraction:NextStepPathway,R-HSA-1660499,2.397305928132562
R-HSA-1257604,abstraction:NextStepPathway,R-HSA-6804759,2.7311891665438695
R-HSA-1257604,abstraction:NextStepPathway,R-HSA-198323,2.743939794662652
R-HSA-1257604,abstraction:NextStepPathway,R-HSA-5218920,2.1902338013258498
R-HSA-1257604,abstraction:NextStepPathway,R-HSA-6804758,2.5880883229031966
R-HSA-1257604,abstraction:NextStepPathway,R-HSA-9614399,2.8210841706604177
R-HSA-1257604,abstraction:NextStepPathway,R-HSA-9634635,2.676598148209167
R-HSA-1257604,abstraction:NextStepPathway,R-HSA-9604323,2.692142502646967
R-HSA-1257604,abstraction:NextStepPathway,R-HSA-8948751,2.612702507196598
R-HSA-1257604,abstraction:NextStepPathway,R-HSA-6804757,2.4116664882364303
R-HSA-1257604,abstraction:NextStepPathway,R-HSA-202424,2.2158488624233525
R-HSA-1660508,abstraction:NextStepPathway,R-HSA-1660514,4.406070987230354
R-HSA-3065676,abstraction:NextStepPathway,R-HSA-3065678,4.213336841363939
R-HSA-9640463,abstraction:NextStepPathway,R-HSA-1369062,3.76752794070526
R-HSA-392023,abstraction:NextStepPathway,R-HSA-418597,4.062035978227441
R-HSA-164378,abstraction:NextStepPathway,R-HSA-111931,5.3320705332314695
R-HSA-164378,abstraction:NextStepPathway,R-HSA-9856530,2.9286473303805862
R-HSA-164378,abstraction:NextStepPathway,R-HSA-9634597,4.31383976301432
R-HSA-164378,abstraction:NextStepPathway,R-HSA-111957,5.806964147771397
R-HSA-164378,abstraction:NextStepPathway,R-HSA-9664323,3.9216786205325187
R-HSA-164378,abstraction:NextStepPathway,R-HSA-163560,3.844386946230872
R-HSA-164378,abstraction:NextStepPathway,R-HSA-442720,5.123669263654463
R-HSA-164378,abstraction:NextStepPathway,R-HSA-432040,4.136670959616022
R-HSA-164378,abstraction:NextStepPathway,R-HSA-180024,4.372813765473872
R-HSA-164378,abstraction:NextStepPathway,R-HSA-163358,5.065960946033817
R-HSA-164378,abstraction:NextStepPathway,R-HSA-9634600,4.959666287384193
R-HSA-164378,abstraction:NextStepPathway,R-HSA-163615,5.261452966017516
R-HSA-164378,abstraction:NextStepPathway,R-HSA-392517,4.8261348947596705
R-HSA-164378,abstraction:NextStepPathway,R-HSA-9660821,4.166635748317958
R-HSA-164525,abstraction:NextStepPathway,R-HSA-162594,2.06976149190604
R-HSA-352238,abstraction:NextStepPathway,R-HSA-111465,3.423431778973388
R-HSA-9707616,abstraction:NextStepPathway,R-HSA-9707587,3.165109613535077
R-HSA-9707616,abstraction:NextStepPathway,R-HSA-2168880,2.9089960429832975
R-HSA-9707616,abstraction:NextStepPathway,R-HSA-917937,2.569439763825123
R-HSA-9707616,abstraction:NextStepPathway,R-HSA-9707564,2.511853762002434
R-HSA-9707616,abstraction:NextStepPathway,R-HSA-9931509,2.775599794625485
R-HSA-9707616,abstraction:NextStepPathway,R-HSA-189483,2.809273009732073
R-HSA-9707616,abstraction:NextStepPathway,R-HSA-9933387,2.873942002524862
R-HSA-9707616,abstraction:NextStepPathway,R-HSA-2151201,2.356043330756811
R-HSA-9707616,abstraction:NextStepPathway,R-HSA-9708530,2.9565977244889314
R-HSA-171306,abstraction:NextStepPathway,R-HSA-9670095,3.573371926264303
R-HSA-171306,abstraction:NextStepPathway,R-HSA-2559586,3.029485440237424
R-HSA-1660502,abstraction:NextStepPathway,R-HSA-1660508,7.030739579393512
R-HSA-1660502,abstraction:NextStepPathway,R-HSA-1660517,4.669885578275491
R-HSA-69202,abstraction:NextStepPathway,R-HSA-69563,3.348549113430373
R-HSA-69202,abstraction:NextStepPathway,R-HSA-69200,3.737374902534573
R-HSA-69202,abstraction:NextStepPathway,R-HSA-6804116,3.307458698562244
R-HSA-69202,abstraction:NextStepPathway,R-HSA-69656,3.199203824878053
R-HSA-69202,abstraction:NextStepPathway,R-HSA-1362277,2.8666616791567368
R-HSA-69202,abstraction:NextStepPathway,R-HSA-69273,2.9600048828105456
R-HSA-69202,abstraction:NextStepPathway,R-HSA-2559586,2.8280389925337874
R-HSA-69202,abstraction:NextStepPathway,R-HSA-187577,3.2285314399725733
R-HSA-9840310,abstraction:NextStepPathway,R-HSA-9840309,2.812212747272998
R-HSA-9840310,abstraction:NextStepPathway,R-HSA-9845614,2.892909905231673
R-HSA-9840310,abstraction:NextStepPathway,R-HSA-1660661,2.6757416171075503
R-HSA-381033,abstraction:NextStepPathway,R-HSA-380994,4.144078400893884
R-HSA-381033,abstraction:NextStepPathway,R-HSA-381183,4.415779801357314
R-HSA-3247509,abstraction:NextStepPathway,R-HSA-1266695,2.426903616418558
R-HSA-162710,abstraction:NextStepPathway,R-HSA-162791,4.111168666805086
R-HSA-73780,abstraction:NextStepPathway,R-HSA-73980,3.2526289915516338
R-HSA-73780,abstraction:NextStepPathway,R-HSA-749476,1.808943350753219
R-HSA-9683610,abstraction:NextStepPathway,R-HSA-9679509,3.645220010450587
R-HSA-9683610,abstraction:NextStepPathway,R-HSA-9735869,3.770082220510357
R-HSA-9683610,abstraction:NextStepPathway,R-HSA-9735871,4.23345824456336
R-HSA-9683610,abstraction:NextStepPathway,R-HSA-9692914,3.101531749211266
R-HSA-159236,abstraction:NextStepPathway,R-HSA-429947,2.0890971567842085
R-HSA-159236,abstraction:NextStepPathway,R-HSA-450385,2.113194708363269
R-HSA-159236,abstraction:NextStepPathway,R-HSA-450408,2.1141707943363244
R-HSA-159236,abstraction:NextStepPathway,R-HSA-450513,2.115147833984151
R-HSA-159236,abstraction:NextStepPathway,R-HSA-72662,1.9239863510063633
R-HSA-159236,abstraction:NextStepPathway,R-HSA-428359,2.1976373253594144
R-HSA-159236,abstraction:NextStepPathway,R-HSA-450604,2.124971095687094
R-HSA-1222556,abstraction:NextStepPathway,R-HSA-392154,3.221118507583448
R-HSA-1222556,abstraction:NextStepPathway,R-HSA-445355,2.60949223156635
R-HSA-1222556,abstraction:NextStepPathway,R-HSA-3299685,2.4761611795214815
R-HSA-1222556,abstraction:NextStepPathway,R-HSA-8941413,3.0705615320783197
R-HSA-70263,abstraction:NextStepPathway,R-HSA-428643,3.6273224409930447
R-HSA-70263,abstraction:NextStepPathway,R-HSA-9856872,3.6053917374990743
R-HSA-70263,abstraction:NextStepPathway,R-HSA-8964539,3.277321604142005
R-HSA-70263,abstraction:NextStepPathway,R-HSA-5628897,2.7177058162065824
R-HSA-70263,abstraction:NextStepPathway,R-HSA-70171,3.061706319248587
R-HSA-70263,abstraction:NextStepPathway,R-HSA-70268,2.78893332549495
R-HSA-70263,abstraction:NextStepPathway,R-HSA-71336,3.199203824878053
R-HSA-70263,abstraction:NextStepPathway,R-HSA-71403,2.9220538999007544
R-HSA-418592,abstraction:NextStepPathway,R-HSA-418217,4.614825801092464
R-HSA-418592,abstraction:NextStepPathway,R-HSA-392451,4.372813765473872
R-HSA-418592,abstraction:NextStepPathway,R-HSA-432142,3.5989052282694676
R-HSA-418592,abstraction:NextStepPathway,R-HSA-416476,3.4678013486374235
R-HSA-418592,abstraction:NextStepPathway,R-HSA-4086398,3.1213868025212457
R-HSA-418592,abstraction:NextStepPathway,R-HSA-8964315,4.420669786651507
R-HSA-418592,abstraction:NextStepPathway,R-HSA-8964616,3.98621714167009
R-HSA-418592,abstraction:NextStepPathway,R-HSA-111995,4.287751326930023
R-HSA-2672351,abstraction:NextStepPathway,R-HSA-9717207,2.8666616791567368
R-HSA-2672351,abstraction:NextStepPathway,R-HSA-9730628,3.6010627264094888
R-HSA-200425,abstraction:NextStepPathway,R-HSA-77286,3.4126403073406237
R-HSA-140834,abstraction:NextStepPathway,R-HSA-140875,2.5133083077134284
R-HSA-140834,abstraction:NextStepPathway,R-HSA-140837,2.7605760378650244
R-HSA-1483148,abstraction:NextStepPathway,R-HSA-1483076,5.123669263654463
R-HSA-1483148,abstraction:NextStepPathway,R-HSA-1482925,4.170445276734626
R-HSA-1483148,abstraction:NextStepPathway,R-HSA-1483171,5.143669930361133
R-HSA-9634597,abstraction:NextStepPathway,R-HSA-111931,4.2213368840310155
R-HSA-9634597,abstraction:NextStepPathway,R-HSA-9009391,2.9453236479157137
R-HSA-9634597,abstraction:NextStepPathway,R-HSA-418594,2.7661835291939694
R-HSA-9634597,abstraction:NextStepPathway,R-HSA-9856530,2.7605760378650244
R-HSA-9634597,abstraction:NextStepPathway,R-HSA-164378,4.31383976301432
R-HSA-9634597,abstraction:NextStepPathway,R-HSA-9664323,3.5181996103959836
R-HSA-9634597,abstraction:NextStepPathway,R-HSA-163560,3.4659127739495554
R-HSA-9634597,abstraction:NextStepPathway,R-HSA-418597,3.556704873779091
R-HSA-9634597,abstraction:NextStepPathway,R-HSA-442720,4.147802799984866
R-HSA-9634597,abstraction:NextStepPathway,R-HSA-432040,3.658856585400133
R-HSA-9634597,abstraction:NextStepPathway,R-HSA-180024,3.795990405369022
R-HSA-9634597,abstraction:NextStepPathway,R-HSA-418555,3.394909346369392
R-HSA-9634597,abstraction:NextStepPathway,R-HSA-163358,4.125661674107652
R-HSA-9634597,abstraction:NextStepPathway,R-HSA-9634600,4.0827979696758705
R-HSA-9634597,abstraction:NextStepPathway,R-HSA-163615,4.193612336016161
R-HSA-9634597,abstraction:NextStepPathway,R-HSA-9660821,3.679666584913926
R-HSA-8934903,abstraction:NextStepPathway,R-HSA-1632852,1.9509929023145518
R-HSA-8934903,abstraction:NextStepPathway,R-HSA-9694676,3.76752794070526
R-HSA-8934903,abstraction:NextStepPathway,R-HSA-9679504,3.8252867748574526
R-HSA-6806667,abstraction:NextStepPathway,R-HSA-2187338,2.190760810560709
R-HSA-6811555,abstraction:NextStepPathway,R-HSA-8847453,4.49704276543608
R-HSA-2022928,abstraction:NextStepPathway,R-HSA-2024096,3.594604146370077
R-HSA-2022928,abstraction:NextStepPathway,R-HSA-2022854,4.129317985310763
R-HSA-380972,abstraction:NextStepPathway,R-HSA-2151209,3.8723217235624263
R-HSA-380972,abstraction:NextStepPathway,R-HSA-1632852,1.8736018263082554
R-HSA-380972,abstraction:NextStepPathway,R-HSA-200425,3.401964049349282
R-HSA-380972,abstraction:NextStepPathway,R-HSA-163680,3.642965218063498
R-HSA-380972,abstraction:NextStepPathway,R-HSA-5628897,2.727575793145356
R-HSA-380972,abstraction:NextStepPathway,R-HSA-165159,2.4103524276005612
R-HSA-198203,abstraction:NextStepPathway,R-HSA-6811558,4.274957975470112
R-HSA-198203,abstraction:NextStepPathway,R-HSA-389357,4.062035978227441
R-HSA-198203,abstraction:NextStepPathway,R-HSA-1257604,2.7615084388649755
R-HSA-198203,abstraction:NextStepPathway,R-HSA-392451,4.669885578275491
R-HSA-198203,abstraction:NextStepPathway,R-HSA-199418,4.401251700794405
R-HSA-198203,abstraction:NextStepPathway,R-HSA-114604,3.1763456868020032
R-HSA-198203,abstraction:NextStepPathway,R-HSA-9006925,2.6272776639995663
R-HSA-198203,abstraction:NextStepPathway,R-HSA-1660499,3.2166969823255704
R-HSA-198203,abstraction:NextStepPathway,R-HSA-5218920,2.790852711880754
R-HSA-198203,abstraction:NextStepPathway,R-HSA-202424,2.8112318742174063
R-HSA-8985947,abstraction:NextStepPathway,R-HSA-9020558,2.718599072183798
R-HSA-8985947,abstraction:NextStepPathway,R-HSA-6785807,2.548867609749915
R-HSA-8985947,abstraction:NextStepPathway,R-HSA-9020958,3.4416804605617872
R-HSA-8985947,abstraction:NextStepPathway,R-HSA-1266695,2.793738716769889
R-HSA-8985947,abstraction:NextStepPathway,R-HSA-8983432,2.576392283140005
R-HSA-8985947,abstraction:NextStepPathway,R-HSA-9860927,2.716813357423563
R-HSA-1538133,abstraction:NextStepPathway,R-HSA-1362277,2.7194931267806783
R-HSA-1538133,abstraction:NextStepPathway,R-HSA-1362300,3.264899084143448
R-HSA-193368,abstraction:NextStepPathway,R-HSA-211994,2.9634236895593316
R-HSA-193368,abstraction:NextStepPathway,R-HSA-159418,2.8532801104609056
R-HSA-75153,abstraction:NextStepPathway,R-HSA-111465,2.8290364988509125
R-HSA-2142753,abstraction:NextStepPathway,R-HSA-2142770,2.823066331864409
R-HSA-2142753,abstraction:NextStepPathway,R-HSA-2142816,2.7661835291939694
R-HSA-2142753,abstraction:NextStepPathway,R-HSA-2142688,2.8270424802440486
R-HSA-2142753,abstraction:NextStepPathway,R-HSA-2142696,2.8791748768415206
R-HSA-2142753,abstraction:NextStepPathway,R-HSA-140180,2.85430312845294
R-HSA-2142753,abstraction:NextStepPathway,R-HSA-2142670,2.7230773600084937
R-HSA-2142753,abstraction:NextStepPathway,R-HSA-2142691,2.503170639428973
R-HSA-2142753,abstraction:NextStepPathway,R-HSA-2142712,2.8082950145440964
R-HSA-2142753,abstraction:NextStepPathway,R-HSA-2162123,2.4389924137375623
R-HSA-1483213,abstraction:NextStepPathway,R-HSA-1482839,4.002217483016531
R-HSA-1483213,abstraction:NextStepPathway,R-HSA-1482798,3.8361564470943565
R-HSA-1483213,abstraction:NextStepPathway,R-HSA-1483191,3.5650036765937863
R-HSA-1483213,abstraction:NextStepPathway,R-HSA-1483101,4.476099591590837
R-HSA-448706,abstraction:NextStepPathway,R-HSA-5620971,3.620692582454375
R-HSA-448706,abstraction:NextStepPathway,R-HSA-9660826,3.6703641922516126
R-HSA-448706,abstraction:NextStepPathway,R-HSA-9020702,2.317612251900329
R-HSA-190373,abstraction:NextStepPathway,R-HSA-5654219,4.7551831587873865
R-HSA-190373,abstraction:NextStepPathway,R-HSA-5654687,3.8923510054379986
R-HSA-190373,abstraction:NextStepPathway,R-HSA-5654688,4.782962722894462
R-HSA-190373,abstraction:NextStepPathway,R-HSA-5654693,4.266519106824248
R-HSA-109704,abstraction:NextStepPathway,R-HSA-165158,4.894602694037132
R-HSA-9854907,abstraction:NextStepPathway,R-HSA-9856649,2.8907845059193598
R-HSA-1855191,abstraction:NextStepPathway,R-HSA-1855192,4.507681163641136
R-HSA-1855191,abstraction:NextStepPathway,R-HSA-1855170,3.263357063791633
R-HSA-212300,abstraction:NextStepPathway,R-HSA-9710421,4.372813765473872
R-HSA-174577,abstraction:NextStepPathway,R-HSA-166665,3.9246592486706566
R-HSA-174577,abstraction:NextStepPathway,R-HSA-977606,2.5679013019832175
R-HSA-174577,abstraction:NextStepPathway,R-HSA-375276,3.0923992656479933
R-HSA-174577,abstraction:NextStepPathway,R-HSA-9660826,3.6097395704351776
R-HSA-74713,abstraction:NextStepPathway,R-HSA-74749,4.0793075647361015
R-HSA-74713,abstraction:NextStepPathway,R-HSA-112399,4.354294717706634
R-HSA-74713,abstraction:NextStepPathway,R-HSA-112412,4.545832929605512
R-HSA-167060,abstraction:NextStepPathway,R-HSA-187042,4.833515002057293
R-HSA-1483191,abstraction:NextStepPathway,R-HSA-1482839,3.5484743746425758
R-HSA-1483191,abstraction:NextStepPathway,R-HSA-9958517,3.7726430413720307
R-HSA-1483191,abstraction:NextStepPathway,R-HSA-1483196,3.636231185882154
R-HSA-1483191,abstraction:NextStepPathway,R-HSA-6798163,3.569179048004267
R-HSA-1483191,abstraction:NextStepPathway,R-HSA-1483148,3.7177664311461966
R-HSA-1483191,abstraction:NextStepPathway,R-HSA-1483213,3.5650036765937863
R-HSA-1483191,abstraction:NextStepPathway,R-HSA-1483101,3.8172113608519074
R-HSA-1483191,abstraction:NextStepPathway,R-HSA-264642,3.1820114243376802
R-HSA-1483191,abstraction:NextStepPathway,R-HSA-1483166,3.2435242245587146
R-HSA-1483191,abstraction:NextStepPathway,R-HSA-1482788,3.5546408895582395
R-HSA-917977,abstraction:NextStepPathway,R-HSA-77387,3.6384708284756586
R-HSA-9853506,abstraction:NextStepPathway,R-HSA-611105,1.7178620615141464
R-HSA-9853506,abstraction:NextStepPathway,R-HSA-1237044,3.9580462647033934
R-HSA-9853506,abstraction:NextStepPathway,R-HSA-1475029,4.002217483016531
R-HSA-9853506,abstraction:NextStepPathway,R-HSA-71403,3.106788003100093
R-HSA-879518,abstraction:NextStepPathway,R-HSA-193368,3.0197766261104633
R-HSA-879518,abstraction:NextStepPathway,R-HSA-159418,4.253992847005068
R-HSA-9755511,abstraction:NextStepPathway,R-HSA-9762114,2.116615185678101
R-HSA-9755511,abstraction:NextStepPathway,R-HSA-8951664,1.318107489460329
R-HSA-9755511,abstraction:NextStepPathway,R-HSA-9759194,1.9187517910369696
R-HSA-9755511,abstraction:NextStepPathway,R-HSA-9818025,2.207237399088434
R-HSA-9755511,abstraction:NextStepPathway,R-HSA-9818028,2.174551305325232
R-HSA-9755511,abstraction:NextStepPathway,R-HSA-9818027,2.0384945770756056
R-HSA-9755511,abstraction:NextStepPathway,R-HSA-9679191,1.9419094377122001
R-HSA-8868766,abstraction:NextStepPathway,R-HSA-9937008,3.866671991020307
R-HSA-8868766,abstraction:NextStepPathway,R-HSA-6793080,3.967348657365707
R-HSA-9014325,abstraction:NextStepPathway,R-HSA-450302,4.300710471572527
R-HSA-9014325,abstraction:NextStepPathway,R-HSA-445989,3.4888145382362397
R-HSA-9014325,abstraction:NextStepPathway,R-HSA-9705671,2.174551305325232
R-HSA-9014325,abstraction:NextStepPathway,R-HSA-168638,3.3706025941452307
R-HSA-9014325,abstraction:NextStepPathway,R-HSA-450321,4.3361123986234436
R-HSA-9014325,abstraction:NextStepPathway,R-HSA-9020702,2.2415825572924057
R-HSA-111453,abstraction:NextStepPathway,R-HSA-111447,4.934768735762466
R-HSA-5663220,abstraction:NextStepPathway,R-HSA-4086400,1.5429043891809264
R-HSA-5663220,abstraction:NextStepPathway,R-HSA-6785631,1.6428862475346213
R-HSA-2855086,abstraction:NextStepPathway,R-HSA-166662,4.391682249778254
R-HSA-445144,abstraction:NextStepPathway,R-HSA-112411,3.9957865926862404
R-HSA-445144,abstraction:NextStepPathway,R-HSA-110056,3.9580462647033934
R-HSA-167172,abstraction:NextStepPathway,R-HSA-167161,0.7484728324975063
R-HSA-139915,abstraction:NextStepPathway,R-HSA-111453,5.09439888135435
R-HSA-139915,abstraction:NextStepPathway,R-HSA-6803204,3.6384708284756586
R-HSA-2393930,abstraction:NextStepPathway,R-HSA-379716,2.676598148209167
R-HSA-2393930,abstraction:NextStepPathway,R-HSA-74217,3.3586672435959577
R-HSA-2393930,abstraction:NextStepPathway,R-HSA-71737,3.642965218063498
R-HSA-2028269,abstraction:NextStepPathway,R-HSA-2032785,3.3058496877565435
R-HSA-6802946,abstraction:NextStepPathway,R-HSA-6802955,3.883717858293296
R-HSA-9026766,abstraction:NextStepPathway,R-HSA-9026395,4.470931621432395
R-HSA-9013406,abstraction:NextStepPathway,R-HSA-5627083,4.3822035058237105
R-HSA-5676590,abstraction:NextStepPathway,R-HSA-5607764,2.433601565102686
R-HSA-5676590,abstraction:NextStepPathway,R-HSA-2871837,2.6495466254682087
R-HSA-5676590,abstraction:NextStepPathway,R-HSA-202424,2.5511326163807673
R-HSA-5694530,abstraction:NextStepPathway,R-HSA-204005,2.5999227805501994
R-HSA-438066,abstraction:NextStepPathway,R-HSA-9620244,3.5967523749083665
R-HSA-9907900,abstraction:NextStepPathway,R-HSA-9912633,1.4023992999041703
R-HSA-9907900,abstraction:NextStepPathway,R-HSA-1236974,1.3334224042617422
R-HSA-432722,abstraction:NextStepPathway,R-HSA-199992,2.9464453530249135
R-HSA-209543,abstraction:NextStepPathway,R-HSA-209560,3.516213512424354
R-HSA-4411364,abstraction:NextStepPathway,R-HSA-69202,3.6273224409930447
R-HSA-4411364,abstraction:NextStepPathway,R-HSA-8951430,4.714909259649446
R-HSA-9823739,abstraction:NextStepPathway,R-HSA-9832991,3.782952411030892
R-HSA-844456,abstraction:NextStepPathway,R-HSA-448706,3.847145568669952
R-HSA-844456,abstraction:NextStepPathway,R-HSA-9707564,2.823066331864409
R-HSA-844456,abstraction:NextStepPathway,R-HSA-9660826,3.2742014768057617
R-HSA-8964539,abstraction:NextStepPathway,R-HSA-9856872,3.5818107949101674
R-HSA-8964539,abstraction:NextStepPathway,R-HSA-210500,3.1227245953629055
R-HSA-8964539,abstraction:NextStepPathway,R-HSA-71064,3.200649956728053
R-HSA-8964539,abstraction:NextStepPathway,R-HSA-8963693,3.4325144935477074
R-HSA-8964539,abstraction:NextStepPathway,R-HSA-210455,3.8092006371058282
R-HSA-8964539,abstraction:NextStepPathway,R-HSA-70635,3.494622879831987
R-HSA-9727281,abstraction:NextStepPathway,R-HSA-9754560,4.331618009035604
R-HSA-9727281,abstraction:NextStepPathway,R-HSA-9694676,3.8334279324411527
R-HSA-9727281,abstraction:NextStepPathway,R-HSA-9694322,3.7033083479709665
R-HSA-9727281,abstraction:NextStepPathway,R-HSA-9705671,2.240473909728742
R-HSA-9911233,abstraction:NextStepPathway,R-HSA-2979096,4.048430326171663
R-HSA-1236394,abstraction:NextStepPathway,R-HSA-1251985,3.0541780528277958
R-HSA-1236394,abstraction:NextStepPathway,R-HSA-1227986,2.968000356586743
R-HSA-1236394,abstraction:NextStepPathway,R-HSA-1250347,3.6542903674205514
R-HSA-1236394,abstraction:NextStepPathway,R-HSA-1250342,3.7473252333877407
R-HSA-72702,abstraction:NextStepPathway,R-HSA-72706,1.8867395732298333
R-HSA-9620244,abstraction:NextStepPathway,R-HSA-442729,3.4621462911540783
R-HSA-9620244,abstraction:NextStepPathway,R-HSA-111932,3.362062832597096
R-HSA-912526,abstraction:NextStepPathway,R-HSA-5673001,2.9588678730234705
R-HSA-917937,abstraction:NextStepPathway,R-HSA-425410,2.9297504744527436
R-HSA-917937,abstraction:NextStepPathway,R-HSA-389542,3.173524810460362
R-HSA-917937,abstraction:NextStepPathway,R-HSA-1222556,2.6587632805731327
R-HSA-917937,abstraction:NextStepPathway,R-HSA-917977,2.9442031996192237
R-HSA-917937,abstraction:NextStepPathway,R-HSA-189451,2.7995358344542147
R-HSA-917937,abstraction:NextStepPathway,R-HSA-9707564,2.539858539807549
R-HSA-917937,abstraction:NextStepPathway,R-HSA-189483,2.861493708998294
R-HSA-917937,abstraction:NextStepPathway,R-HSA-6803544,3.221118507583448
R-HSA-9615710,abstraction:NextStepPathway,R-HSA-9613829,4.038346207105036
R-HSA-1461973,abstraction:NextStepPathway,R-HSA-1462054,4.886759516576106
R-HSA-69416,abstraction:NextStepPathway,R-HSA-140534,3.8118637545253122
R-HSA-392451,abstraction:NextStepPathway,R-HSA-389357,4.229401443867745
R-HSA-392451,abstraction:NextStepPathway,R-HSA-1257604,2.8043925705671646
R-HSA-392451,abstraction:NextStepPathway,R-HSA-198203,4.669885578275491
R-HSA-392451,abstraction:NextStepPathway,R-HSA-114604,3.2435242245587146
R-HSA-392451,abstraction:NextStepPathway,R-HSA-5218920,2.8350425229111247
R-HSA-9648895,abstraction:NextStepPathway,R-HSA-381042,3.4180214862451406
R-HSA-9648895,abstraction:NextStepPathway,R-HSA-9633012,1.697055069008185
R-HSA-9648895,abstraction:NextStepPathway,R-HSA-380994,3.4072879306020316
R-HSA-9648895,abstraction:NextStepPathway,R-HSA-381183,3.5063417639452
R-HSA-450302,abstraction:NextStepPathway,R-HSA-2559580,3.280451497150933
R-HSA-450302,abstraction:NextStepPathway,R-HSA-6811555,4.579734481281194
R-HSA-450302,abstraction:NextStepPathway,R-HSA-450341,5.113816967211452
R-HSA-9828642,abstraction:NextStepPathway,R-HSA-9828721,3.443523779056077
R-HSA-112043,abstraction:NextStepPathway,R-HSA-9856530,2.6175373272511813
R-HSA-112043,abstraction:NextStepPathway,R-HSA-2871809,2.9442031996192237
R-HSA-112043,abstraction:NextStepPathway,R-HSA-1169091,3.120050796978503
R-HSA-112043,abstraction:NextStepPathway,R-HSA-9664323,3.2435242245587146
R-HSA-112043,abstraction:NextStepPathway,R-HSA-2029485,3.4180214862451406
R-HSA-112043,abstraction:NextStepPathway,R-HSA-445355,2.793738716769889
R-HSA-112043,abstraction:NextStepPathway,R-HSA-5218921,3.3269715127858257
R-HSA-112043,abstraction:NextStepPathway,R-HSA-111997,3.3302609894362245
R-HSA-112043,abstraction:NextStepPathway,R-HSA-422356,2.9668542246561205
R-HSA-112043,abstraction:NextStepPathway,R-HSA-5607763,3.401964049349282
R-HSA-112043,abstraction:NextStepPathway,R-HSA-1489509,3.2435242245587146
R-HSA-112043,abstraction:NextStepPathway,R-HSA-4086398,2.8781261090474364
R-HSA-112043,abstraction:NextStepPathway,R-HSA-5578775,3.145745246353286
R-HSA-112043,abstraction:NextStepPathway,R-HSA-983695,2.3966580499110015
R-HSA-112043,abstraction:NextStepPathway,R-HSA-2514859,3.012556378136976
R-HSA-9664323,abstraction:NextStepPathway,R-HSA-111931,3.8694928673619486
R-HSA-9664323,abstraction:NextStepPathway,R-HSA-202433,3.179174543002481
R-HSA-9664323,abstraction:NextStepPathway,R-HSA-9856530,2.666367879958352
R-HSA-9664323,abstraction:NextStepPathway,R-HSA-9634638,3.522183679410858
R-HSA-9664323,abstraction:NextStepPathway,R-HSA-442982,3.7324366208939903
R-HSA-9664323,abstraction:NextStepPathway,R-HSA-2871809,3.014957339674514
R-HSA-9664323,abstraction:NextStepPathway,R-HSA-1169091,3.203548509482064
R-HSA-9664323,abstraction:NextStepPathway,R-HSA-164378,3.9216786205325187
R-HSA-9664323,abstraction:NextStepPathway,R-HSA-9634597,3.5181996103959836
R-HSA-9664323,abstraction:NextStepPathway,R-HSA-111933,3.4055101523560323
R-HSA-9664323,abstraction:NextStepPathway,R-HSA-9620244,3.4108529967665278
R-HSA-9664323,abstraction:NextStepPathway,R-HSA-111957,3.9580462647033934
R-HSA-9664323,abstraction:NextStepPathway,R-HSA-112043,3.2435242245587146
R-HSA-9664323,abstraction:NextStepPathway,R-HSA-163560,3.2820201249235597
R-HSA-9664323,abstraction:NextStepPathway,R-HSA-2029482,2.5481137461635153
R-HSA-9664323,abstraction:NextStepPathway,R-HSA-442720,3.8172113608519074
R-HSA-9664323,abstraction:NextStepPathway,R-HSA-2029485,3.530199754399094
R-HSA-9664323,abstraction:NextStepPathway,R-HSA-442729,3.3706025941452307
R-HSA-9664323,abstraction:NextStepPathway,R-HSA-111932,3.278885326118188
R-HSA-9664323,abstraction:NextStepPathway,R-HSA-445355,2.85021732093036
R-HSA-9664323,abstraction:NextStepPathway,R-HSA-5218921,3.4288715022692062
R-HSA-9664323,abstraction:NextStepPathway,R-HSA-432040,3.4361708047508177
R-HSA-9664323,abstraction:NextStepPathway,R-HSA-203615,2.405113384838039
R-HSA-9664323,abstraction:NextStepPathway,R-HSA-180024,3.552581156595229
R-HSA-9664323,abstraction:NextStepPathway,R-HSA-111997,3.4198216667492884
R-HSA-9664323,abstraction:NextStepPathway,R-HSA-422356,3.03315068563572
R-HSA-9664323,abstraction:NextStepPathway,R-HSA-5607763,3.512253111208257
R-HSA-9664323,abstraction:NextStepPathway,R-HSA-1489509,3.325330823328366
R-HSA-9664323,abstraction:NextStepPathway,R-HSA-4086398,2.939733918436927
R-HSA-9664323,abstraction:NextStepPathway,R-HSA-5627123,3.3106845078111267
R-HSA-9664323,abstraction:NextStepPathway,R-HSA-163358,3.7933691718891476
R-HSA-9664323,abstraction:NextStepPathway,R-HSA-2025928,3.693784466459711
R-HSA-9664323,abstraction:NextStepPathway,R-HSA-5218920,2.6143115180022987
R-HSA-9664323,abstraction:NextStepPathway,R-HSA-5578775,3.2285314399725733
R-HSA-9664323,abstraction:NextStepPathway,R-HSA-983695,2.437641974639691
R-HSA-9664323,abstraction:NextStepPathway,R-HSA-2514859,3.0833494301280755
R-HSA-9664323,abstraction:NextStepPathway,R-HSA-9031628,2.8181182762470396
R-HSA-9664323,abstraction:NextStepPathway,R-HSA-9634600,3.7649801686264617
R-HSA-9664323,abstraction:NextStepPathway,R-HSA-163615,3.847145568669952
R-HSA-9664323,abstraction:NextStepPathway,R-HSA-9664422,2.508226627086431
R-HSA-9664323,abstraction:NextStepPathway,R-HSA-9660821,3.4509312203339384
R-HSA-9664323,abstraction:NextStepPathway,R-HSA-202424,2.6305456407641823
R-HSA-174437,abstraction:NextStepPathway,R-HSA-174414,2.6537254865431756
R-HSA-9759194,abstraction:NextStepPathway,R-HSA-9818035,3.03560166725486
R-HSA-9759194,abstraction:NextStepPathway,R-HSA-9818032,2.9308548367957967
R-HSA-9759194,abstraction:NextStepPathway,R-HSA-9755511,1.9187517910369696
R-HSA-9759194,abstraction:NextStepPathway,R-HSA-9818030,2.8635576932191458
R-HSA-9759194,abstraction:NextStepPathway,R-HSA-9909649,2.640414141904936
R-HSA-9759194,abstraction:NextStepPathway,R-HSA-9818028,2.954332717858079
R-HSA-9759194,abstraction:NextStepPathway,R-HSA-9818027,2.6783134144959218
R-HSA-9759194,abstraction:NextStepPathway,R-HSA-9818749,2.9242468832357646
R-HSA-9759194,abstraction:NextStepPathway,R-HSA-9818026,3.0319274438929757
R-HSA-888568,abstraction:NextStepPathway,R-HSA-888590,3.7752104368772765
R-HSA-74217,abstraction:NextStepPathway,R-HSA-379716,2.841084837367087
R-HSA-74217,abstraction:NextStepPathway,R-HSA-74259,3.087217906905996
R-HSA-74217,abstraction:NextStepPathway,R-HSA-71737,4.147802799984866
R-HSA-74217,abstraction:NextStepPathway,R-HSA-499943,2.999453153138549
R-HSA-1566977,abstraction:NextStepPathway,R-HSA-202733,2.9430840053222087
R-HSA-881907,abstraction:NextStepPathway,R-HSA-199920,4.540292749229897
R-HSA-881907,abstraction:NextStepPathway,R-HSA-2559582,2.4761611795214815
R-HSA-881907,abstraction:NextStepPathway,R-HSA-416476,3.5818107949101674
R-HSA-881907,abstraction:NextStepPathway,R-HSA-9031628,3.0380586709479123
R-HSA-9933939,abstraction:NextStepPathway,R-HSA-9933947,4.410913611706142
R-HSA-112313,abstraction:NextStepPathway,R-HSA-112310,2.743939794662652
R-HSA-5654699,abstraction:NextStepPathway,R-HSA-5673001,2.9611431868606064
R-HSA-8853884,abstraction:NextStepPathway,R-HSA-2559582,2.3498436828772857
R-HSA-8853884,abstraction:NextStepPathway,R-HSA-2559585,3.391400570839713
R-HSA-8853884,abstraction:NextStepPathway,R-HSA-2559580,2.898243251207036
R-HSA-8853884,abstraction:NextStepPathway,R-HSA-69231,3.4180214862451406
R-HSA-375281,abstraction:NextStepPathway,R-HSA-416476,3.5775824588006464
R-HSA-375281,abstraction:NextStepPathway,R-HSA-418555,3.569179048004267
R-HSA-375281,abstraction:NextStepPathway,R-HSA-9660821,3.9336548115792342
R-HSA-168255,abstraction:NextStepPathway,R-HSA-168275,1.9308731515693143
R-HSA-168255,abstraction:NextStepPathway,R-HSA-168270,1.8355629717649895
R-HSA-210500,abstraction:NextStepPathway,R-HSA-9856872,3.4001957022925398
R-HSA-210500,abstraction:NextStepPathway,R-HSA-438066,3.2883193583515467
R-HSA-210500,abstraction:NextStepPathway,R-HSA-8964539,3.1227245953629055
R-HSA-210500,abstraction:NextStepPathway,R-HSA-399710,3.5881870120494437
R-HSA-210500,abstraction:NextStepPathway,R-HSA-5628897,2.6264623357848116
R-HSA-210500,abstraction:NextStepPathway,R-HSA-264642,3.0743807601453153
R-HSA-210500,abstraction:NextStepPathway,R-HSA-451307,3.5775824588006464
R-HSA-190827,abstraction:NextStepPathway,R-HSA-190704,5.97758966480216
R-HSA-3928662,abstraction:NextStepPathway,R-HSA-5627117,2.926444686318244
R-HSA-5668541,abstraction:NextStepPathway,R-HSA-5676590,2.5549190654332703
R-HSA-5668541,abstraction:NextStepPathway,R-HSA-5607761,2.557958581451167
R-HSA-389957,abstraction:NextStepPathway,R-HSA-389960,4.035007305839522
R-HSA-389957,abstraction:NextStepPathway,R-HSA-390450,4.008689997522149
R-HSA-9948001,abstraction:NextStepPathway,R-HSA-9960519,4.245728337155175
R-HSA-9948001,abstraction:NextStepPathway,R-HSA-5620971,3.4416804605617872
R-HSA-3065678,abstraction:NextStepPathway,R-HSA-9615933,3.00777168001364
R-HSA-3065678,abstraction:NextStepPathway,R-HSA-4551638,3.0794958608120853
R-HSA-3065678,abstraction:NextStepPathway,R-HSA-3232118,3.8172113608519074
R-HSA-3065678,abstraction:NextStepPathway,R-HSA-9856649,2.8290364988509125
R-HSA-3065678,abstraction:NextStepPathway,R-HSA-3108214,2.728477913188494
R-HSA-3065678,abstraction:NextStepPathway,R-HSA-4085377,3.5881870120494437
R-HSA-3065678,abstraction:NextStepPathway,R-HSA-196791,3.52818970347107
R-HSA-3065678,abstraction:NextStepPathway,R-HSA-5693565,1.33723193267841
R-HSA-3065678,abstraction:NextStepPathway,R-HSA-9833482,2.71503082575728
R-HSA-3065678,abstraction:NextStepPathway,R-HSA-3232142,4.041696293990318
R-HSA-3065678,abstraction:NextStepPathway,R-HSA-4090294,3.199203824878053
R-HSA-3065678,abstraction:NextStepPathway,R-HSA-9793242,4.728154486399467
R-HSA-3065678,abstraction:NextStepPathway,R-HSA-8866904,4.266519106824248
R-HSA-3065678,abstraction:NextStepPathway,R-HSA-4655427,4.430522083094518
R-HSA-3065678,abstraction:NextStepPathway,R-HSA-3899300,3.073106062713314
R-HSA-3065678,abstraction:NextStepPathway,R-HSA-4615885,3.421625093748439
R-HSA-3065678,abstraction:NextStepPathway,R-HSA-4570464,3.930647290515279
R-HSA-3065678,abstraction:NextStepPathway,R-HSA-4755510,4.174269373173029
R-HSA-9845614,abstraction:NextStepPathway,R-HSA-1660661,3.275760323575053
R-HSA-418885,abstraction:NextStepPathway,R-HSA-389359,3.2495848491704056
R-HSA-418885,abstraction:NextStepPathway,R-HSA-373752,2.813194583385255
R-HSA-418885,abstraction:NextStepPathway,R-HSA-5627123,3.0467060379890945
R-HSA-418885,abstraction:NextStepPathway,R-HSA-418890,3.391400570839713
R-HSA-418885,abstraction:NextStepPathway,R-HSA-428542,3.375761676955258
R-HSA-418885,abstraction:NextStepPathway,R-HSA-5687128,2.667216416284191
R-HSA-1614517,abstraction:NextStepPathway,R-HSA-428643,4.062035978227441
R-HSA-1614517,abstraction:NextStepPathway,R-HSA-1614558,3.345199026545091
R-HSA-114294,abstraction:NextStepPathway,R-HSA-111457,5.174441589027887
R-HSA-114294,abstraction:NextStepPathway,R-HSA-5620971,3.6703641922516126
R-HSA-1614635,abstraction:NextStepPathway,R-HSA-1614558,2.888663614350222
R-HSA-1614635,abstraction:NextStepPathway,R-HSA-549127,3.278885326118188
R-HSA-1614635,abstraction:NextStepPathway,R-HSA-6798163,3.227044450850995
R-HSA-1614635,abstraction:NextStepPathway,R-HSA-9759218,2.7531479628565148
R-HSA-1614635,abstraction:NextStepPathway,R-HSA-351202,3.039289440334045
R-HSA-1614635,abstraction:NextStepPathway,R-HSA-1614603,3.382682119799832
R-HSA-1614635,abstraction:NextStepPathway,R-HSA-156581,2.948692544981818
R-HSA-9018519,abstraction:NextStepPathway,R-HSA-1251985,1.6635182341982648
R-HSA-9018519,abstraction:NextStepPathway,R-HSA-8939256,1.7725500039362554
R-HSA-9018519,abstraction:NextStepPathway,R-HSA-69231,1.7387756868176514
R-HSA-9018519,abstraction:NextStepPathway,R-HSA-8931987,1.7277664013092822
R-HSA-69541,abstraction:NextStepPathway,R-HSA-6796648,2.447815002352741
R-HSA-69541,abstraction:NextStepPathway,R-HSA-2559585,3.4734885677580127
R-HSA-69541,abstraction:NextStepPathway,R-HSA-6804114,3.4985139353249535
R-HSA-69541,abstraction:NextStepPathway,R-HSA-6803211,3.8610539987160837
R-HSA-69541,abstraction:NextStepPathway,R-HSA-9758274,3.4678013486374235
R-HSA-69541,abstraction:NextStepPathway,R-HSA-2559580,2.9475683177695373
R-HSA-69541,abstraction:NextStepPathway,R-HSA-69473,2.8563523094978756
R-HSA-69541,abstraction:NextStepPathway,R-HSA-6804760,3.3671779332638665
R-HSA-69541,abstraction:NextStepPathway,R-HSA-6811555,3.6820057672670985
R-HSA-69541,abstraction:NextStepPathway,R-HSA-5620971,3.2435242245587146
R-HSA-69541,abstraction:NextStepPathway,R-HSA-8941858,3.4888145382362397
R-HSA-69541,abstraction:NextStepPathway,R-HSA-6804756,2.7793912683617474
R-HSA-69541,abstraction:NextStepPathway,R-HSA-69481,2.7330007612422205
R-HSA-69541,abstraction:NextStepPathway,R-HSA-6804116,3.4907469059872938
R-HSA-69541,abstraction:NextStepPathway,R-HSA-6804115,3.3984304767679707
R-HSA-69541,abstraction:NextStepPathway,R-HSA-69895,3.827993136455196
R-HSA-69541,abstraction:NextStepPathway,R-HSA-6803204,3.2435242245587146
R-HSA-69541,abstraction:NextStepPathway,R-HSA-6804759,3.7226326207973695
R-HSA-69541,abstraction:NextStepPathway,R-HSA-6803207,3.4072879306020316
R-HSA-69541,abstraction:NextStepPathway,R-HSA-111448,3.883717858293296
R-HSA-69541,abstraction:NextStepPathway,R-HSA-2559586,2.9386197121935234
R-HSA-69541,abstraction:NextStepPathway,R-HSA-6803205,3.401964049349282
R-HSA-69541,abstraction:NextStepPathway,R-HSA-6804754,3.883717858293296
R-HSA-69541,abstraction:NextStepPathway,R-HSA-6804758,3.356973763089625
R-HSA-69541,abstraction:NextStepPathway,R-HSA-8852276,3.4416804605617872
R-HSA-69541,abstraction:NextStepPathway,R-HSA-6804757,3.0137561383288802
R-HSA-2173796,abstraction:NextStepPathway,R-HSA-1650814,3.2710910543913694
R-HSA-2173796,abstraction:NextStepPathway,R-HSA-2559582,2.317013986851076
R-HSA-2173796,abstraction:NextStepPathway,R-HSA-2559585,3.3335613224648815
R-HSA-2173796,abstraction:NextStepPathway,R-HSA-2173795,3.3010381307593213
R-HSA-2173796,abstraction:NextStepPathway,R-HSA-9754189,3.060447665841391
R-HSA-2173796,abstraction:NextStepPathway,R-HSA-2559580,2.861493708998294
R-HSA-2173796,abstraction:NextStepPathway,R-HSA-69202,3.136201888306386
R-HSA-2173796,abstraction:NextStepPathway,R-HSA-9796292,3.6339965480807375
R-HSA-2173796,abstraction:NextStepPathway,R-HSA-8948216,3.8638590496436924
R-HSA-2173796,abstraction:NextStepPathway,R-HSA-1181150,3.614106389601518
R-HSA-2173796,abstraction:NextStepPathway,R-HSA-8941855,3.552581156595229
R-HSA-2173796,abstraction:NextStepPathway,R-HSA-9733458,3.55877312684315
R-HSA-2173796,abstraction:NextStepPathway,R-HSA-69231,3.3671779332638665
R-HSA-2173796,abstraction:NextStepPathway,R-HSA-9823730,3.132139594297507
R-HSA-2173796,abstraction:NextStepPathway,R-HSA-1502540,3.5712732896073818
R-HSA-2173796,abstraction:NextStepPathway,R-HSA-9617828,3.3352155825609078
R-HSA-2173796,abstraction:NextStepPathway,R-HSA-9694614,2.740280138245122
R-HSA-5362517,abstraction:NextStepPathway,R-HSA-204174,3.2495848491704056
R-HSA-5362517,abstraction:NextStepPathway,R-HSA-200425,3.275760323575053
R-HSA-196757,abstraction:NextStepPathway,R-HSA-1614635,2.662980916517336
R-HSA-196757,abstraction:NextStepPathway,R-HSA-9759218,2.642068402000963
R-HSA-196757,abstraction:NextStepPathway,R-HSA-156581,2.8082950145440964
R-HSA-9705677,abstraction:NextStepPathway,R-HSA-191650,4.476099591590837
R-HSA-112411,abstraction:NextStepPathway,R-HSA-5673001,2.9375067460241024
R-HSA-112411,abstraction:NextStepPathway,R-HSA-445144,3.9957865926862404
R-HSA-112411,abstraction:NextStepPathway,R-HSA-170968,3.3861603841761565
R-HSA-112411,abstraction:NextStepPathway,R-HSA-112409,4.632844306595143
R-HSA-9683439,abstraction:NextStepPathway,R-HSA-9682706,2.3947169299226565
R-HSA-9683439,abstraction:NextStepPathway,R-HSA-9692916,2.9554645798917627
R-HSA-2029482,abstraction:NextStepPathway,R-HSA-5663213,2.3761445100778986
R-HSA-2029482,abstraction:NextStepPathway,R-HSA-5627123,2.5428525540201536
R-HSA-2029482,abstraction:NextStepPathway,R-HSA-5687128,2.295126097380132
R-HSA-2029482,abstraction:NextStepPathway,R-HSA-9664422,2.1001099566196104
R-HSA-8982491,abstraction:NextStepPathway,R-HSA-71387,1.6462445166044237
R-HSA-2466712,abstraction:NextStepPathway,R-HSA-2453902,3.590321484578076
R-HSA-4086400,abstraction:NextStepPathway,R-HSA-5663220,1.5429043891809264
R-HSA-9856649,abstraction:NextStepPathway,R-HSA-9857377,2.7549998152375883
R-HSA-9856649,abstraction:NextStepPathway,R-HSA-9825892,2.60949223156635
R-HSA-9856649,abstraction:NextStepPathway,R-HSA-9824594,2.6965036085559797
R-HSA-9856649,abstraction:NextStepPathway,R-HSA-9854907,2.8907845059193598
R-HSA-9856649,abstraction:NextStepPathway,R-HSA-9926550,2.625647671788635
R-HSA-9856649,abstraction:NextStepPathway,R-HSA-9854909,2.8563523094978756
R-HSA-9856649,abstraction:NextStepPathway,R-HSA-9825895,2.7927757893964955
R-HSA-9856649,abstraction:NextStepPathway,R-HSA-9824585,2.471264352667551
R-HSA-9856649,abstraction:NextStepPathway,R-HSA-9764725,2.300994658823791
R-HSA-181430,abstraction:NextStepPathway,R-HSA-212676,3.2899003863488656
R-HSA-181430,abstraction:NextStepPathway,R-HSA-442660,3.346872667103121
R-HSA-181430,abstraction:NextStepPathway,R-HSA-209905,3.636231185882154
R-HSA-181430,abstraction:NextStepPathway,R-HSA-181429,3.3269715127858257
R-HSA-5617472,abstraction:NextStepPathway,R-HSA-9830364,1.4452402654353775
R-HSA-5617472,abstraction:NextStepPathway,R-HSA-9010553,1.1848790061443226
R-HSA-8985801,abstraction:NextStepPathway,R-HSA-373752,3.4288715022692062
R-HSA-8985801,abstraction:NextStepPathway,R-HSA-376176,2.5951721777916013
R-HSA-8985801,abstraction:NextStepPathway,R-HSA-428542,5.09439888135435
R-HSA-9020956,abstraction:NextStepPathway,R-HSA-1059683,2.9947305941843756
R-HSA-9020956,abstraction:NextStepPathway,R-HSA-6788467,2.999453153138549
R-HSA-9020956,abstraction:NextStepPathway,R-HSA-8984722,2.2349490337967715
R-HSA-199418,abstraction:NextStepPathway,R-HSA-1855204,3.9039790434331176
R-HSA-199418,abstraction:NextStepPathway,R-HSA-1660499,3.2181686529370266
R-HSA-199418,abstraction:NextStepPathway,R-HSA-1660516,3.8923510054379986
R-HSA-450341,abstraction:NextStepPathway,R-HSA-2559582,2.497423497173405
R-HSA-450341,abstraction:NextStepPathway,R-HSA-2871796,2.972598065835373
R-HSA-450341,abstraction:NextStepPathway,R-HSA-2559580,3.199203824878053
R-HSA-450341,abstraction:NextStepPathway,R-HSA-8943724,3.49268301501416
R-HSA-450341,abstraction:NextStepPathway,R-HSA-9909649,3.516213512424354
R-HSA-888593,abstraction:NextStepPathway,R-HSA-888590,3.752337775211285
R-HSA-888593,abstraction:NextStepPathway,R-HSA-916853,5.104060792266087
R-HSA-888593,abstraction:NextStepPathway,R-HSA-442660,4.005448503597977
R-HSA-933542,abstraction:NextStepPathway,R-HSA-445989,3.73985321854904
R-HSA-933542,abstraction:NextStepPathway,R-HSA-9909649,3.48496096892025
R-HSA-933542,abstraction:NextStepPathway,R-HSA-3134963,4.748357193716987
R-HSA-933542,abstraction:NextStepPathway,R-HSA-1810476,4.372813765473872
R-HSA-180336,abstraction:NextStepPathway,R-HSA-5673001,2.8907845059193598
R-HSA-75094,abstraction:NextStepPathway,R-HSA-72200,6.075228134366077
R-HSA-76061,abstraction:NextStepPathway,R-HSA-749476,1.7546678217927958
R-HSA-5620971,abstraction:NextStepPathway,R-HSA-111458,3.313920756590335
R-HSA-5620971,abstraction:NextStepPathway,R-HSA-9960525,3.6407154983294827
R-HSA-5620971,abstraction:NextStepPathway,R-HSA-9960519,3.5967523749083665
R-HSA-5620971,abstraction:NextStepPathway,R-HSA-111461,3.372319332764285
R-HSA-5620971,abstraction:NextStepPathway,R-HSA-5686938,3.1862818934611328
R-HSA-5620971,abstraction:NextStepPathway,R-HSA-111471,3.0579351017055076
R-HSA-5620971,abstraction:NextStepPathway,R-HSA-9020702,2.1459194926509046
R-HSA-1855231,abstraction:NextStepPathway,R-HSA-1855156,5.434724687291554
R-HSA-1855231,abstraction:NextStepPathway,R-HSA-1855215,5.434724687291554
R-HSA-9796292,abstraction:NextStepPathway,R-HSA-9823730,3.5818107949101674
R-HSA-1445148,abstraction:NextStepPathway,R-HSA-9824585,2.768999110594133
R-HSA-9831926,abstraction:NextStepPathway,R-HSA-4086400,3.2587452185690697
R-HSA-196791,abstraction:NextStepPathway,R-HSA-211916,3.477298096174681
R-HSA-196791,abstraction:NextStepPathway,R-HSA-4090294,2.888663614350222
R-HSA-112311,abstraction:NextStepPathway,R-HSA-9958517,4.305067776941483
R-HSA-112311,abstraction:NextStepPathway,R-HSA-1483191,3.516213512424354
R-HSA-8964038,abstraction:NextStepPathway,R-HSA-8963896,2.9970890858436685
R-HSA-8964038,abstraction:NextStepPathway,R-HSA-8964026,2.9668542246561205
R-HSA-210744,abstraction:NextStepPathway,R-HSA-210746,4.959666287384193
R-HSA-210744,abstraction:NextStepPathway,R-HSA-2122947,3.1805919776834544
R-HSA-5654712,abstraction:NextStepPathway,R-HSA-5673001,2.8532801104609056
R-HSA-5654712,abstraction:NextStepPathway,R-HSA-5654720,3.73985321854904
R-HSA-5654712,abstraction:NextStepPathway,R-HSA-5654733,3.8334279324411527
R-HSA-9701898,abstraction:NextStepPathway,R-HSA-9725371,3.082063256317331
R-HSA-8849470,abstraction:NextStepPathway,R-HSA-69231,4.111168666805086
R-HSA-8849470,abstraction:NextStepPathway,R-HSA-187577,3.8198959262225762
R-HSA-77352,abstraction:NextStepPathway,R-HSA-611105,1.7475358506555243
R-HSA-76005,abstraction:NextStepPathway,R-HSA-114516,5.3320705332314695
R-HSA-418597,abstraction:NextStepPathway,R-HSA-418217,4.021762079089501
R-HSA-418597,abstraction:NextStepPathway,R-HSA-418594,2.6843401223627823
R-HSA-418597,abstraction:NextStepPathway,R-HSA-9856530,2.6783134144959218
R-HSA-418597,abstraction:NextStepPathway,R-HSA-9634597,3.556704873779091
R-HSA-418597,abstraction:NextStepPathway,R-HSA-392451,3.8808566260122634
R-HSA-418597,abstraction:NextStepPathway,R-HSA-9664323,3.350228374950093
R-HSA-418597,abstraction:NextStepPathway,R-HSA-442720,3.852685749045567
R-HSA-418597,abstraction:NextStepPathway,R-HSA-432040,3.4678013486374235
R-HSA-418597,abstraction:NextStepPathway,R-HSA-180024,3.5818107949101674
R-HSA-418597,abstraction:NextStepPathway,R-HSA-418555,3.2390027398398686
R-HSA-418597,abstraction:NextStepPathway,R-HSA-4086398,2.9554645798917627
R-HSA-418597,abstraction:NextStepPathway,R-HSA-8964315,3.909844162885516
R-HSA-418597,abstraction:NextStepPathway,R-HSA-8964616,3.6273224409930447
R-HSA-418597,abstraction:NextStepPathway,R-HSA-163615,3.8865873007212484
R-HSA-418597,abstraction:NextStepPathway,R-HSA-9660821,3.48496096892025
R-HSA-8939246,abstraction:NextStepPathway,R-HSA-8941333,4.3635113728115575
R-HSA-2142688,abstraction:NextStepPathway,R-HSA-2142700,4.151541122095473
R-HSA-2142688,abstraction:NextStepPathway,R-HSA-2142691,3.4126403073406237
R-HSA-9717207,abstraction:NextStepPathway,R-HSA-9730628,3.382682119799832
R-HSA-173623,abstraction:NextStepPathway,R-HSA-977606,2.5184159437717732
R-HSA-173623,abstraction:NextStepPathway,R-HSA-166663,3.5989052282694676
R-HSA-9662360,abstraction:NextStepPathway,R-HSA-9662361,3.2883193583515467
R-HSA-5628897,abstraction:NextStepPathway,R-HSA-611105,1.5316606124243968
R-HSA-5628897,abstraction:NextStepPathway,R-HSA-9856872,2.873942002524862
R-HSA-5628897,abstraction:NextStepPathway,R-HSA-1632852,1.6996323900224852
R-HSA-5628897,abstraction:NextStepPathway,R-HSA-8943723,2.737544158426247
R-HSA-5628897,abstraction:NextStepPathway,R-HSA-70263,2.7177058162065824
R-HSA-5628897,abstraction:NextStepPathway,R-HSA-380972,2.727575793145356
R-HSA-5628897,abstraction:NextStepPathway,R-HSA-8964539,2.7061655194677168
R-HSA-5628897,abstraction:NextStepPathway,R-HSA-210500,2.6264623357848116
R-HSA-5628897,abstraction:NextStepPathway,R-HSA-199418,2.9198657152202014
R-HSA-5628897,abstraction:NextStepPathway,R-HSA-8943724,2.6191541424780866
R-HSA-5628897,abstraction:NextStepPathway,R-HSA-70171,2.571751903583503
R-HSA-5628897,abstraction:NextStepPathway,R-HSA-165159,2.127442063092102
R-HSA-5628897,abstraction:NextStepPathway,R-HSA-166187,2.9386197121935234
R-HSA-5628897,abstraction:NextStepPathway,R-HSA-3299685,2.3224113013027954
R-HSA-5628897,abstraction:NextStepPathway,R-HSA-167826,2.96914780364322
R-HSA-5628897,abstraction:NextStepPathway,R-HSA-1660499,2.504612600745874
R-HSA-5628897,abstraction:NextStepPathway,R-HSA-71336,2.6638265825296794
R-HSA-5628897,abstraction:NextStepPathway,R-HSA-163210,2.486735828642909
R-HSA-5628897,abstraction:NextStepPathway,R-HSA-9818027,2.6338243322258807
R-HSA-5628897,abstraction:NextStepPathway,R-HSA-202424,2.284648702349044
R-HSA-5628897,abstraction:NextStepPathway,R-HSA-499943,2.468476894416698
R-HSA-1482925,abstraction:NextStepPathway,R-HSA-1483171,4.465790221931976
R-HSA-174362,abstraction:NextStepPathway,R-HSA-379716,2.974904871933288
R-HSA-174362,abstraction:NextStepPathway,R-HSA-9939291,3.788147227907996
R-HSA-174362,abstraction:NextStepPathway,R-HSA-913709,4.2054002917682025
R-HSA-174362,abstraction:NextStepPathway,R-HSA-2022923,4.878977376134051
R-HSA-174362,abstraction:NextStepPathway,R-HSA-2022928,4.189713695600503
R-HSA-174362,abstraction:NextStepPathway,R-HSA-163841,3.1963178199889186
R-HSA-174362,abstraction:NextStepPathway,R-HSA-2022870,4.518433955417398
R-HSA-174362,abstraction:NextStepPathway,R-HSA-425381,4.597126223993063
R-HSA-174362,abstraction:NextStepPathway,R-HSA-727802,4.0827979696758705
R-HSA-174362,abstraction:NextStepPathway,R-HSA-156584,3.6295421977313573
R-HSA-174362,abstraction:NextStepPathway,R-HSA-71737,4.775945150235816
R-HSA-174362,abstraction:NextStepPathway,R-HSA-2022854,4.518433955417398
R-HSA-3270619,abstraction:NextStepPathway,R-HSA-1606341,3.9276487875190225
R-HSA-3270619,abstraction:NextStepPathway,R-HSA-3134973,4.174269373173029
R-HSA-5625886,abstraction:NextStepPathway,R-HSA-381426,3.2495848491704056
R-HSA-5625886,abstraction:NextStepPathway,R-HSA-1592389,3.0743807601453153
R-HSA-140534,abstraction:NextStepPathway,R-HSA-9758274,3.494622879831987
R-HSA-140534,abstraction:NextStepPathway,R-HSA-9686347,3.7933691718891476
R-HSA-140534,abstraction:NextStepPathway,R-HSA-75153,3.0504350665489612
R-HSA-140534,abstraction:NextStepPathway,R-HSA-264870,3.636231185882154
R-HSA-140534,abstraction:NextStepPathway,R-HSA-5357905,2.093870435536866
R-HSA-140534,abstraction:NextStepPathway,R-HSA-5675482,3.1749342539635954
R-HSA-140534,abstraction:NextStepPathway,R-HSA-75108,3.9989968683164885
R-HSA-168179,abstraction:NextStepPathway,R-HSA-166058,1.8871286026064573
R-HSA-9854311,abstraction:NextStepPathway,R-HSA-611105,1.6453275059945425
R-HSA-9854311,abstraction:NextStepPathway,R-HSA-71403,2.85430312845294
R-HSA-5610785,abstraction:NextStepPathway,R-HSA-5610787,2.8471638834434696
R-HSA-9861718,abstraction:NextStepPathway,R-HSA-70268,2.861493708998294
R-HSA-202733,abstraction:NextStepPathway,R-HSA-216083,2.2349490337967715
R-HSA-202733,abstraction:NextStepPathway,R-HSA-1566977,2.9430840053222087
R-HSA-202733,abstraction:NextStepPathway,R-HSA-114604,2.4789701701325364
R-HSA-202733,abstraction:NextStepPathway,R-HSA-140875,2.182884686884376
R-HSA-373076,abstraction:NextStepPathway,R-HSA-418594,2.1642312962932424
R-HSA-373076,abstraction:NextStepPathway,R-HSA-416476,2.458781527611535
R-HSA-373076,abstraction:NextStepPathway,R-HSA-418555,2.4567161224022582
R-HSA-373076,abstraction:NextStepPathway,R-HSA-9660821,2.558719906192927
R-HSA-936964,abstraction:NextStepPathway,R-HSA-9013973,2.622395636402258
R-HSA-936964,abstraction:NextStepPathway,R-HSA-9824878,2.85430312845294
R-HSA-8951430,abstraction:NextStepPathway,R-HSA-69202,3.583931686479305
R-HSA-8951430,abstraction:NextStepPathway,R-HSA-4411364,4.714909259649446
R-HSA-75158,abstraction:NextStepPathway,R-HSA-69416,4.415779801357314
R-HSA-75158,abstraction:NextStepPathway,R-HSA-5218900,4.959666287384193
R-HSA-75158,abstraction:NextStepPathway,R-HSA-3371378,4.270729639360591
R-HSA-8948216,abstraction:NextStepPathway,R-HSA-1650814,4.075829300359777
R-HSA-9669935,abstraction:NextStepPathway,R-HSA-9670439,4.7551831587873865
R-HSA-186763,abstraction:NextStepPathway,R-HSA-5673001,2.8330365041842587
R-HSA-186763,abstraction:NextStepPathway,R-HSA-6811558,4.035007305839522
R-HSA-186763,abstraction:NextStepPathway,R-HSA-1257604,2.70440185058022
R-HSA-186763,abstraction:NextStepPathway,R-HSA-9673767,4.327143728640683
R-HSA-3238698,abstraction:NextStepPathway,R-HSA-5099900,3.788147227907996
R-HSA-3238698,abstraction:NextStepPathway,R-HSA-201681,2.7384553202204924
R-HSA-3238698,abstraction:NextStepPathway,R-HSA-3772470,4.401251700794405
R-HSA-3238698,abstraction:NextStepPathway,R-HSA-9673324,3.6339965480807375
R-HSA-3238698,abstraction:NextStepPathway,R-HSA-4086400,3.389650789115925
R-HSA-3238698,abstraction:NextStepPathway,R-HSA-4608870,3.689056325263765
R-HSA-3238698,abstraction:NextStepPathway,R-HSA-4086398,3.0794958608120853
R-HSA-3238698,abstraction:NextStepPathway,R-HSA-5140745,4.3635113728115575
R-HSA-9758919,abstraction:NextStepPathway,R-HSA-9764725,2.916592389875232
R-HSA-512988,abstraction:NextStepPathway,R-HSA-2586552,2.9275454018944296
R-HSA-512988,abstraction:NextStepPathway,R-HSA-9020558,2.7311891665438695
R-HSA-512988,abstraction:NextStepPathway,R-HSA-912526,3.814533983081191
R-HSA-512988,abstraction:NextStepPathway,R-HSA-9703465,3.4126403073406237
R-HSA-512988,abstraction:NextStepPathway,R-HSA-1266695,2.805366754765008
R-HSA-512988,abstraction:NextStepPathway,R-HSA-9702518,3.4180214862451406
R-HSA-512988,abstraction:NextStepPathway,R-HSA-982772,2.9588678730234705
R-HSA-446193,abstraction:NextStepPathway,R-HSA-9931295,3.0234063941610416
R-HSA-8943724,abstraction:NextStepPathway,R-HSA-8943723,3.1498633029622036
R-HSA-8943724,abstraction:NextStepPathway,R-HSA-5628897,2.6191541424780866
R-HSA-8941858,abstraction:NextStepPathway,R-HSA-8949275,3.8582567940950225
R-HSA-8941858,abstraction:NextStepPathway,R-HSA-8951936,3.4252417342186274
R-HSA-8941858,abstraction:NextStepPathway,R-HSA-8951430,3.844386946230872
R-HSA-8941858,abstraction:NextStepPathway,R-HSA-8941855,3.7324366208939903
R-HSA-8941858,abstraction:NextStepPathway,R-HSA-8951671,3.973598677710878
R-HSA-8941858,abstraction:NextStepPathway,R-HSA-8941856,3.4734885677580127
R-HSA-8941858,abstraction:NextStepPathway,R-HSA-8951911,3.976738397715546
R-HSA-432142,abstraction:NextStepPathway,R-HSA-418592,3.5989052282694676
R-HSA-432142,abstraction:NextStepPathway,R-HSA-210990,3.700918860573585
R-HSA-432142,abstraction:NextStepPathway,R-HSA-111995,3.7752104368772765
R-HSA-5654219,abstraction:NextStepPathway,R-HSA-2029485,4.22536103433074
R-HSA-5654219,abstraction:NextStepPathway,R-HSA-5218921,4.0316795157468475
R-HSA-5654219,abstraction:NextStepPathway,R-HSA-1489509,3.8388924269132314
R-HSA-8964011,abstraction:NextStepPathway,R-HSA-8963896,3.76752794070526
R-HSA-389661,abstraction:NextStepPathway,R-HSA-6783984,3.5546408895582395
R-HSA-389661,abstraction:NextStepPathway,R-HSA-3299685,2.6038989289298384
R-HSA-5693565,abstraction:NextStepPathway,R-HSA-8939236,1.257016534310746
R-HSA-5693565,abstraction:NextStepPathway,R-HSA-5693571,1.1120249526501944
R-HSA-5693565,abstraction:NextStepPathway,R-HSA-5693607,0.9654051837190754
R-HSA-5693565,abstraction:NextStepPathway,R-HSA-69601,1.3021560969379022
R-HSA-5693565,abstraction:NextStepPathway,R-HSA-69473,1.2201975681657782
R-HSA-5693565,abstraction:NextStepPathway,R-HSA-75035,1.3464797712261758
R-HSA-5693565,abstraction:NextStepPathway,R-HSA-69541,1.3038918318063155
R-HSA-5693565,abstraction:NextStepPathway,R-HSA-6804756,1.2012058994317514
R-HSA-5693565,abstraction:NextStepPathway,R-HSA-5685938,1.186229445242194
R-HSA-5693565,abstraction:NextStepPathway,R-HSA-2559586,1.2324553324143612
R-HSA-5693565,abstraction:NextStepPathway,R-HSA-6804757,1.244046717917077
R-HSA-1482883,abstraction:NextStepPathway,R-HSA-1483213,4.068908857515203
R-HSA-1482883,abstraction:NextStepPathway,R-HSA-1483191,3.5881870120494437
R-HSA-73929,abstraction:NextStepPathway,R-HSA-73933,2.5376188972140445
R-HSA-73929,abstraction:NextStepPathway,R-HSA-110373,2.7448568052725335
R-HSA-73929,abstraction:NextStepPathway,R-HSA-110381,3.132139594297507
R-HSA-2408508,abstraction:NextStepPathway,R-HSA-2408557,2.1934000308838995
R-HSA-2408508,abstraction:NextStepPathway,R-HSA-2408552,4.2375315699509954
R-HSA-9028335,abstraction:NextStepPathway,R-HSA-6811558,4.460675121265206
R-HSA-9028335,abstraction:NextStepPathway,R-HSA-1257604,2.800505296478763
R-HSA-168271,abstraction:NextStepPathway,R-HSA-192905,3.362062832597096
R-HSA-9692916,abstraction:NextStepPathway,R-HSA-1834941,2.8320350018471694
R-HSA-9692916,abstraction:NextStepPathway,R-HSA-975155,2.2742799458591954
R-HSA-390666,abstraction:NextStepPathway,R-HSA-418594,2.9014569658101315
R-HSA-390666,abstraction:NextStepPathway,R-HSA-416476,3.665745246395318
R-HSA-390666,abstraction:NextStepPathway,R-HSA-418555,3.656570870119277
R-HSA-390666,abstraction:NextStepPathway,R-HSA-9660821,4.062035978227441
R-HSA-9755779,abstraction:NextStepPathway,R-HSA-389357,4.055210013157041
R-HSA-9755779,abstraction:NextStepPathway,R-HSA-8876198,3.496566515040558
R-HSA-9755779,abstraction:NextStepPathway,R-HSA-1257604,2.759644505426913
R-HSA-9755779,abstraction:NextStepPathway,R-HSA-69202,3.5443843893910505
R-HSA-9755779,abstraction:NextStepPathway,R-HSA-5628897,2.916592389875232
R-HSA-9755779,abstraction:NextStepPathway,R-HSA-69656,3.5775824588006464
R-HSA-9755779,abstraction:NextStepPathway,R-HSA-111447,4.513043106782522
R-HSA-9755779,abstraction:NextStepPathway,R-HSA-203615,2.544352929395388
R-HSA-9755779,abstraction:NextStepPathway,R-HSA-1358803,4.283468665138021
R-HSA-9755779,abstraction:NextStepPathway,R-HSA-6804759,4.249852054339036
R-HSA-9755779,abstraction:NextStepPathway,R-HSA-198323,4.283468665138021
R-HSA-9755779,abstraction:NextStepPathway,R-HSA-5218920,2.7918137883603045
R-HSA-9755779,abstraction:NextStepPathway,R-HSA-6804758,3.693784466459711
R-HSA-9755779,abstraction:NextStepPathway,R-HSA-9604323,3.976738397715546
R-HSA-9755779,abstraction:NextStepPathway,R-HSA-8948751,3.693784466459711
R-HSA-9755779,abstraction:NextStepPathway,R-HSA-6804757,3.234501606959077
R-HSA-198765,abstraction:NextStepPathway,R-HSA-2559582,2.5338972702910496
R-HSA-198765,abstraction:NextStepPathway,R-HSA-881907,4.840949980544812
R-HSA-198765,abstraction:NextStepPathway,R-HSA-198753,5.011401961783382
R-HSA-180786,abstraction:NextStepPathway,R-HSA-157579,1.6337842429484766
R-HSA-9013507,abstraction:NextStepPathway,R-HSA-9013508,3.1665072378017154
R-HSA-70171,abstraction:NextStepPathway,R-HSA-3322077,2.4369674383577906
R-HSA-70171,abstraction:NextStepPathway,R-HSA-446205,3.389650789115925
R-HSA-70171,abstraction:NextStepPathway,R-HSA-9856872,3.275760323575053
R-HSA-70171,abstraction:NextStepPathway,R-HSA-5628897,2.571751903583503
R-HSA-70171,abstraction:NextStepPathway,R-HSA-70268,2.6289103174234514
R-HSA-70171,abstraction:NextStepPathway,R-HSA-163754,3.3966683617745717
R-HSA-70171,abstraction:NextStepPathway,R-HSA-70370,3.338532335186902
R-HSA-70171,abstraction:NextStepPathway,R-HSA-71336,2.973750803715181
R-HSA-70171,abstraction:NextStepPathway,R-HSA-9634600,3.3861603841761565
R-HSA-70171,abstraction:NextStepPathway,R-HSA-70221,2.973750803715181
R-HSA-70171,abstraction:NextStepPathway,R-HSA-446210,3.346872667103121
R-HSA-69478,abstraction:NextStepPathway,R-HSA-69273,3.4361708047508177
R-HSA-9734281,abstraction:NextStepPathway,R-HSA-74259,3.372319332764285
R-HSA-5693616,abstraction:NextStepPathway,R-HSA-5693579,2.96228278812354
R-HSA-5693616,abstraction:NextStepPathway,R-HSA-5693607,1.8957257638036689
R-HSA-9703465,abstraction:NextStepPathway,R-HSA-9702518,3.6384708284756586
R-HSA-1855215,abstraction:NextStepPathway,R-HSA-1855167,4.1819617187961855
R-HSA-1855215,abstraction:NextStepPathway,R-HSA-2871809,3.4270549713428085
R-HSA-1855215,abstraction:NextStepPathway,R-HSA-112043,3.7907547913150768
R-HSA-1855215,abstraction:NextStepPathway,R-HSA-9664323,3.9611374572730664
R-HSA-1855215,abstraction:NextStepPathway,R-HSA-1855204,4.197526235337297
R-HSA-1855215,abstraction:NextStepPathway,R-HSA-2029485,4.36815175236806
R-HSA-1855215,abstraction:NextStepPathway,R-HSA-1855196,3.8118637545253122
R-HSA-1855215,abstraction:NextStepPathway,R-HSA-5218921,4.151541122095473
R-HSA-1855215,abstraction:NextStepPathway,R-HSA-1855184,6.075228134366077
R-HSA-1855215,abstraction:NextStepPathway,R-HSA-422356,3.456523033599716
R-HSA-1855215,abstraction:NextStepPathway,R-HSA-5607763,4.349718050679222
R-HSA-1855215,abstraction:NextStepPathway,R-HSA-1489509,3.93667140511866
R-HSA-1855215,abstraction:NextStepPathway,R-HSA-4086398,3.3236928213241277
R-HSA-1855215,abstraction:NextStepPathway,R-HSA-983695,2.6495466254682087
R-HSA-1855215,abstraction:NextStepPathway,R-HSA-1855183,4.093342882852485
R-HSA-156902,abstraction:NextStepPathway,R-HSA-72764,1.235695513458987
R-HSA-156902,abstraction:NextStepPathway,R-HSA-156842,1.2903037870892762
R-HSA-5654228,abstraction:NextStepPathway,R-HSA-2029485,4.22536103433074
R-HSA-5654228,abstraction:NextStepPathway,R-HSA-5218921,4.0316795157468475
R-HSA-5654228,abstraction:NextStepPathway,R-HSA-1489509,3.8388924269132314
R-HSA-9938206,abstraction:NextStepPathway,R-HSA-9927432,6.5607359501477776
R-HSA-9938206,abstraction:NextStepPathway,R-HSA-9927418,5.954600146577461
R-HSA-452723,abstraction:NextStepPathway,R-HSA-1234176,2.536873462964096
R-HSA-452723,abstraction:NextStepPathway,R-HSA-1234158,2.9588678730234705
R-HSA-452723,abstraction:NextStepPathway,R-HSA-1234174,2.7017621658094466
R-HSA-452723,abstraction:NextStepPathway,R-HSA-2892245,2.8532801104609056
R-HSA-452723,abstraction:NextStepPathway,R-HSA-2892247,2.636290424721074
R-HSA-168249,abstraction:NextStepPathway,R-HSA-1222499,0.4758569584003695
R-HSA-975871,abstraction:NextStepPathway,R-HSA-166058,1.9464408563826854
R-HSA-975871,abstraction:NextStepPathway,R-HSA-975138,2.385067450096092
R-HSA-975871,abstraction:NextStepPathway,R-HSA-937039,2.7643108694706777
R-HSA-975871,abstraction:NextStepPathway,R-HSA-937042,2.7503765984961315
R-HSA-167590,abstraction:NextStepPathway,R-HSA-182218,3.9611374572730664
R-HSA-1855204,abstraction:NextStepPathway,R-HSA-2871809,3.0923992656479933
R-HSA-1855204,abstraction:NextStepPathway,R-HSA-112043,3.3401948459605153
R-HSA-1855204,abstraction:NextStepPathway,R-HSA-9664323,3.443523779056077
R-HSA-1855204,abstraction:NextStepPathway,R-HSA-2029485,3.665745246395318
R-HSA-1855204,abstraction:NextStepPathway,R-HSA-1855196,3.346872667103121
R-HSA-1855204,abstraction:NextStepPathway,R-HSA-5218921,3.550525657413133
R-HSA-1855204,abstraction:NextStepPathway,R-HSA-1855184,4.166635748317958
R-HSA-1855204,abstraction:NextStepPathway,R-HSA-422356,3.1147245526958294
R-HSA-1855204,abstraction:NextStepPathway,R-HSA-5607763,3.649744905048877
R-HSA-1855204,abstraction:NextStepPathway,R-HSA-1489509,3.4288715022692062
R-HSA-1855204,abstraction:NextStepPathway,R-HSA-4086398,3.0185696253604277
R-HSA-1855204,abstraction:NextStepPathway,R-HSA-983695,2.4810821033356802
R-HSA-1855204,abstraction:NextStepPathway,R-HSA-1855183,3.5181996103959836
R-HSA-9006335,abstraction:NextStepPathway,R-HSA-9027276,2.6791721522043397
R-HSA-9006335,abstraction:NextStepPathway,R-HSA-9027277,2.8645912850424287
R-HSA-9006335,abstraction:NextStepPathway,R-HSA-9027284,2.467086073608355
R-HSA-9006335,abstraction:NextStepPathway,R-HSA-9027283,2.8563523094978756
R-HSA-9861559,abstraction:NextStepPathway,R-HSA-204174,3.618492361544772
R-HSA-9861559,abstraction:NextStepPathway,R-HSA-70263,3.5201896608039935
R-HSA-9861559,abstraction:NextStepPathway,R-HSA-5362517,3.391400570839713
R-HSA-9861559,abstraction:NextStepPathway,R-HSA-70268,2.9198657152202014
R-HSA-170968,abstraction:NextStepPathway,R-HSA-5673001,2.542103209661373
R-HSA-170968,abstraction:NextStepPathway,R-HSA-5654726,3.126748745662631
R-HSA-170968,abstraction:NextStepPathway,R-HSA-5675221,3.0161599856402748
R-HSA-170968,abstraction:NextStepPathway,R-HSA-2559582,2.228906719340809
R-HSA-170968,abstraction:NextStepPathway,R-HSA-2559585,3.108106394853351
R-HSA-170968,abstraction:NextStepPathway,R-HSA-9634638,3.1848563764699116
R-HSA-170968,abstraction:NextStepPathway,R-HSA-5654732,3.148488732299037
R-HSA-170968,abstraction:NextStepPathway,R-HSA-881907,3.322057497983397
R-HSA-170968,abstraction:NextStepPathway,R-HSA-444257,3.4659127739495554
R-HSA-170968,abstraction:NextStepPathway,R-HSA-112409,3.328614898529556
R-HSA-170968,abstraction:NextStepPathway,R-HSA-202670,3.454655619424921
R-HSA-170968,abstraction:NextStepPathway,R-HSA-375165,2.884435278240701
R-HSA-170968,abstraction:NextStepPathway,R-HSA-5654727,3.148488732299037
R-HSA-170968,abstraction:NextStepPathway,R-HSA-198753,3.351910461133078
R-HSA-170968,abstraction:NextStepPathway,R-HSA-5654733,3.148488732299037
R-HSA-381038,abstraction:NextStepPathway,R-HSA-9772755,2.168862125253071
R-HSA-112399,abstraction:NextStepPathway,R-HSA-109704,4.811536095338518
R-HSA-114604,abstraction:NextStepPathway,R-HSA-4420097,1.63257687787576
R-HSA-114604,abstraction:NextStepPathway,R-HSA-202433,2.825052429836038
R-HSA-114604,abstraction:NextStepPathway,R-HSA-114508,3.1763456868020032
R-HSA-114604,abstraction:NextStepPathway,R-HSA-389357,3.060447665841391
R-HSA-114604,abstraction:NextStepPathway,R-HSA-416572,3.1213868025212457
R-HSA-114604,abstraction:NextStepPathway,R-HSA-2871809,2.7035211812146263
R-HSA-114604,abstraction:NextStepPathway,R-HSA-1257604,2.3774143515183743
R-HSA-114604,abstraction:NextStepPathway,R-HSA-392451,3.2435242245587146
R-HSA-114604,abstraction:NextStepPathway,R-HSA-112043,2.861493708998294
R-HSA-114604,abstraction:NextStepPathway,R-HSA-9664323,2.925345180984827
R-HSA-114604,abstraction:NextStepPathway,R-HSA-76005,3.2480662459932157
R-HSA-114604,abstraction:NextStepPathway,R-HSA-5627117,3.1471160484870646
R-HSA-114604,abstraction:NextStepPathway,R-HSA-2029485,3.051681172629208
R-HSA-114604,abstraction:NextStepPathway,R-HSA-5218921,2.988858586707153
R-HSA-114604,abstraction:NextStepPathway,R-HSA-422356,2.716813357423563
R-HSA-114604,abstraction:NextStepPathway,R-HSA-5607763,3.0405217263803097
R-HSA-114604,abstraction:NextStepPathway,R-HSA-1489509,2.914416110452637
R-HSA-114604,abstraction:NextStepPathway,R-HSA-4086398,2.6512160749377496
R-HSA-114604,abstraction:NextStepPathway,R-HSA-5218920,2.397305928132562
R-HSA-114604,abstraction:NextStepPathway,R-HSA-983695,2.2527371626325823
R-HSA-114604,abstraction:NextStepPathway,R-HSA-426048,3.2420147903098604
R-HSA-114604,abstraction:NextStepPathway,R-HSA-416482,3.061706319248587
R-HSA-114604,abstraction:NextStepPathway,R-HSA-9634635,3.0529288334273637
R-HSA-114604,abstraction:NextStepPathway,R-HSA-9664422,2.3116456470871074
R-HSA-5683826,abstraction:NextStepPathway,R-HSA-418555,3.0185696253604277
R-HSA-5683826,abstraction:NextStepPathway,R-HSA-9660821,3.2093709422334973
R-HSA-442742,abstraction:NextStepPathway,R-HSA-111931,4.894602694037132
R-HSA-442742,abstraction:NextStepPathway,R-HSA-9634638,4.136670959616022
R-HSA-442742,abstraction:NextStepPathway,R-HSA-111932,3.725074624452921
R-HSA-442742,abstraction:NextStepPathway,R-HSA-9031628,3.0756570845049196
R-HSA-6804756,abstraction:NextStepPathway,R-HSA-6796648,2.1545249621066636
R-HSA-6804756,abstraction:NextStepPathway,R-HSA-6804114,2.8171315963445944
R-HSA-6804756,abstraction:NextStepPathway,R-HSA-6803211,2.9830208585114675
R-HSA-6804756,abstraction:NextStepPathway,R-HSA-9758274,2.800505296478763
R-HSA-6804756,abstraction:NextStepPathway,R-HSA-69473,2.4553415517390915
R-HSA-6804756,abstraction:NextStepPathway,R-HSA-6804760,2.747612893374513
R-HSA-6804756,abstraction:NextStepPathway,R-HSA-6811555,2.905758047709522
R-HSA-6804756,abstraction:NextStepPathway,R-HSA-69541,2.7793912683617474
R-HSA-6804756,abstraction:NextStepPathway,R-HSA-5620971,2.6791721522043397
R-HSA-6804756,abstraction:NextStepPathway,R-HSA-6804116,2.813194583385255
R-HSA-6804756,abstraction:NextStepPathway,R-HSA-6804115,2.7652467609755824
R-HSA-6804756,abstraction:NextStepPathway,R-HSA-69895,2.96914780364322
R-HSA-6804756,abstraction:NextStepPathway,R-HSA-6803204,2.6800316279770584
R-HSA-6804756,abstraction:NextStepPathway,R-HSA-6804759,2.9220538999007544
R-HSA-6804756,abstraction:NextStepPathway,R-HSA-6803207,2.768999110594133
R-HSA-6804756,abstraction:NextStepPathway,R-HSA-111448,2.992377651922349
R-HSA-6804756,abstraction:NextStepPathway,R-HSA-2559586,2.498140086240257
R-HSA-6804756,abstraction:NextStepPathway,R-HSA-6803205,2.7661835291939694
R-HSA-6804756,abstraction:NextStepPathway,R-HSA-6804754,2.992377651922349
R-HSA-6804756,abstraction:NextStepPathway,R-HSA-6804758,2.7430236241908723
R-HSA-6804756,abstraction:NextStepPathway,R-HSA-6804757,2.5391114348045503
R-HSA-69481,abstraction:NextStepPathway,R-HSA-8852276,2.7123629717960873
R-HSA-111465,abstraction:NextStepPathway,R-HSA-75153,2.8290364988509125
R-HSA-1442490,abstraction:NextStepPathway,R-HSA-71064,3.6703641922516126
R-HSA-69239,abstraction:NextStepPathway,R-HSA-69052,2.69040337177384
R-HSA-1433557,abstraction:NextStepPathway,R-HSA-5673001,2.248818881660922
R-HSA-1433557,abstraction:NextStepPathway,R-HSA-6811558,2.7430236241908723
R-HSA-1433557,abstraction:NextStepPathway,R-HSA-1257604,2.175589188137652
R-HSA-5627117,abstraction:NextStepPathway,R-HSA-416572,4.162840677349407
R-HSA-5627117,abstraction:NextStepPathway,R-HSA-5625740,3.4621462911540783
R-HSA-5627117,abstraction:NextStepPathway,R-HSA-5627123,3.672681690391975
R-HSA-9648002,abstraction:NextStepPathway,R-HSA-5673001,2.6379378715516726
R-HSA-167200,abstraction:NextStepPathway,R-HSA-167246,1.9012354196146384
R-HSA-71064,abstraction:NextStepPathway,R-HSA-9856872,3.4985139353249535
R-HSA-71064,abstraction:NextStepPathway,R-HSA-77352,3.645220010450587
R-HSA-71064,abstraction:NextStepPathway,R-HSA-1442490,3.6703641922516126
R-HSA-71064,abstraction:NextStepPathway,R-HSA-9858328,3.546427291020851
R-HSA-71064,abstraction:NextStepPathway,R-HSA-8963693,3.356973763089625
R-HSA-189451,abstraction:NextStepPathway,R-HSA-917937,2.7995358344542147
R-HSA-189451,abstraction:NextStepPathway,R-HSA-9755779,3.4907469059872938
R-HSA-189451,abstraction:NextStepPathway,R-HSA-9707564,2.716813357423563
R-HSA-189451,abstraction:NextStepPathway,R-HSA-189483,3.112072031246698
R-HSA-177929,abstraction:NextStepPathway,R-HSA-179812,2.9089960429832975
R-HSA-177929,abstraction:NextStepPathway,R-HSA-9009391,2.3927795705824306
R-HSA-177929,abstraction:NextStepPathway,R-HSA-1227986,2.5206129420923156
R-HSA-177929,abstraction:NextStepPathway,R-HSA-5638303,2.9532021354877935
R-HSA-177929,abstraction:NextStepPathway,R-HSA-1236394,2.6379378715516726
R-HSA-177929,abstraction:NextStepPathway,R-HSA-180336,2.8656259462832048
R-HSA-177929,abstraction:NextStepPathway,R-HSA-9013507,2.716813357423563
R-HSA-177929,abstraction:NextStepPathway,R-HSA-180292,2.726674486189343
R-HSA-177929,abstraction:NextStepPathway,R-HSA-212718,2.912244556939129
R-HSA-177929,abstraction:NextStepPathway,R-HSA-182971,2.220725599262645
R-HSA-9707564,abstraction:NextStepPathway,R-HSA-611105,1.555951069729697
R-HSA-9707564,abstraction:NextStepPathway,R-HSA-400206,2.350461920918616
R-HSA-9707564,abstraction:NextStepPathway,R-HSA-2426168,2.2196398228258993
R-HSA-9707564,abstraction:NextStepPathway,R-HSA-2032785,2.977217011691667
R-HSA-9707564,abstraction:NextStepPathway,R-HSA-9707616,2.511853762002434
R-HSA-9707564,abstraction:NextStepPathway,R-HSA-844456,2.823066331864409
R-HSA-9707564,abstraction:NextStepPathway,R-HSA-166187,3.0467060379890945
R-HSA-9707564,abstraction:NextStepPathway,R-HSA-9931509,2.71503082575728
R-HSA-9707564,abstraction:NextStepPathway,R-HSA-189483,2.7737094348943163
R-HSA-9707564,abstraction:NextStepPathway,R-HSA-167826,3.0807787346249746
R-HSA-9707564,abstraction:NextStepPathway,R-HSA-8951671,3.100221991329202
R-HSA-9707564,abstraction:NextStepPathway,R-HSA-1368108,2.707048521732595
R-HSA-9707564,abstraction:NextStepPathway,R-HSA-9660826,2.7568551033393343
R-HSA-9707564,abstraction:NextStepPathway,R-HSA-9933387,2.816145889019835
R-HSA-9707564,abstraction:NextStepPathway,R-HSA-163210,2.5534027649153064
R-HSA-9707564,abstraction:NextStepPathway,R-HSA-381340,1.727103051367876
R-HSA-9707564,abstraction:NextStepPathway,R-HSA-2151201,2.3248194903052783
R-HSA-9707564,abstraction:NextStepPathway,R-HSA-1989781,2.0348795708794114
R-HSA-5601884,abstraction:NextStepPathway,R-HSA-9845323,2.948692544981818
R-HSA-6804116,abstraction:NextStepPathway,R-HSA-69563,3.5629225103899618
R-HSA-6804116,abstraction:NextStepPathway,R-HSA-2559582,2.3869899114379463
R-HSA-6804116,abstraction:NextStepPathway,R-HSA-69202,3.307458698562244
R-HSA-6804116,abstraction:NextStepPathway,R-HSA-69895,3.951892399129015
R-HSA-6804116,abstraction:NextStepPathway,R-HSA-69656,3.3335613224648815
R-HSA-6804116,abstraction:NextStepPathway,R-HSA-2559586,2.981857391248169
R-HSA-6804116,abstraction:NextStepPathway,R-HSA-8852276,3.4509312203339384
R-HSA-6804116,abstraction:NextStepPathway,R-HSA-187577,3.3966683617745717
R-HSA-6804116,abstraction:NextStepPathway,R-HSA-9617828,3.556704873779091
R-HSA-1483248,abstraction:NextStepPathway,R-HSA-1483196,4.36815175236806
R-HSA-1483248,abstraction:NextStepPathway,R-HSA-1482922,4.391682249778254
R-HSA-9694635,abstraction:NextStepPathway,R-HSA-9694631,3.5342320179270326
R-HSA-9694635,abstraction:NextStepPathway,R-HSA-9694719,3.827993136455196
R-HSA-9694635,abstraction:NextStepPathway,R-HSA-9694493,3.8981481231223243
R-HSA-9694635,abstraction:NextStepPathway,R-HSA-9694594,3.9642382349513148
R-HSA-9694635,abstraction:NextStepPathway,R-HSA-9694548,3.693784466459711
R-HSA-202430,abstraction:NextStepPathway,R-HSA-202433,3.1905706777333505
R-HSA-975163,abstraction:NextStepPathway,R-HSA-937072,3.5024201902920185
R-HSA-1250196,abstraction:NextStepPathway,R-HSA-5673001,2.903605194348421
R-HSA-8854691,abstraction:NextStepPathway,R-HSA-449836,1.8976900150736034
R-HSA-8854691,abstraction:NextStepPathway,R-HSA-5683057,1.592950167558882
R-HSA-8854691,abstraction:NextStepPathway,R-HSA-9909649,1.851205748835443
R-HSA-8854691,abstraction:NextStepPathway,R-HSA-6783783,1.8640506553239127
R-HSA-2142696,abstraction:NextStepPathway,R-HSA-211979,4.701837178082093
R-HSA-5358493,abstraction:NextStepPathway,R-HSA-5336415,4.136670959616022
R-HSA-5655862,abstraction:NextStepPathway,R-HSA-110313,2.093392081067089
R-HSA-5655862,abstraction:NextStepPathway,R-HSA-5656169,2.45740411692544
R-HSA-5607764,abstraction:NextStepPathway,R-HSA-209560,2.613506688985012
R-HSA-5607764,abstraction:NextStepPathway,R-HSA-9909649,2.4162793464983285
R-HSA-5607764,abstraction:NextStepPathway,R-HSA-2871837,2.226172235821212
R-HSA-5607764,abstraction:NextStepPathway,R-HSA-9020702,1.860255584355361
R-HSA-5607764,abstraction:NextStepPathway,R-HSA-202424,2.16013292990096
R-HSA-196108,abstraction:NextStepPathway,R-HSA-194002,3.847145568669952
R-HSA-196108,abstraction:NextStepPathway,R-HSA-193048,3.569179048004267
R-HSA-196108,abstraction:NextStepPathway,R-HSA-211976,3.073106062713314
R-HSA-196108,abstraction:NextStepPathway,R-HSA-193993,3.847145568669952
R-HSA-9725370,abstraction:NextStepPathway,R-HSA-9725371,2.7114752664559467
R-HSA-1855192,abstraction:NextStepPathway,R-HSA-1855231,5.534097161104756
R-HSA-8932506,abstraction:NextStepPathway,R-HSA-9939291,3.866671991020307
R-HSA-8932506,abstraction:NextStepPathway,R-HSA-8932504,4.871255330040141
R-HSA-8932506,abstraction:NextStepPathway,R-HSA-8932505,4.741577506731608
R-HSA-191859,abstraction:NextStepPathway,R-HSA-9754678,2.531670924287967
R-HSA-1482801,abstraction:NextStepPathway,R-HSA-1483213,4.041696293990318
R-HSA-1482801,abstraction:NextStepPathway,R-HSA-1483248,4.23345824456336
R-HSA-2142700,abstraction:NextStepPathway,R-HSA-2142691,3.2330057203674945
R-HSA-2142700,abstraction:NextStepPathway,R-HSA-444473,4.327143728640683
R-HSA-165159,abstraction:NextStepPathway,R-HSA-1632852,1.5734261480217404
R-HSA-165159,abstraction:NextStepPathway,R-HSA-380972,2.4103524276005612
R-HSA-165159,abstraction:NextStepPathway,R-HSA-5628897,2.127442063092102
R-HSA-165159,abstraction:NextStepPathway,R-HSA-166208,2.326629445550518
R-HSA-5368286,abstraction:NextStepPathway,R-HSA-5389840,1.1175969990610006
R-HSA-2467813,abstraction:NextStepPathway,R-HSA-176407,1.9268163508737
R-HSA-2467813,abstraction:NextStepPathway,R-HSA-174154,1.8053513928682339
R-HSA-445989,abstraction:NextStepPathway,R-HSA-5684264,3.4090688749730265
R-HSA-445989,abstraction:NextStepPathway,R-HSA-9758274,3.4252417342186274
R-HSA-445989,abstraction:NextStepPathway,R-HSA-933542,3.73985321854904
R-HSA-445989,abstraction:NextStepPathway,R-HSA-9909649,3.1348459558952504
R-HSA-445989,abstraction:NextStepPathway,R-HSA-9705671,2.123491440669908
R-HSA-445989,abstraction:NextStepPathway,R-HSA-168638,3.2108318628731722
R-HSA-445989,abstraction:NextStepPathway,R-HSA-9860276,3.686700611571306
R-HSA-445989,abstraction:NextStepPathway,R-HSA-1810476,3.6703641922516126
R-HSA-445989,abstraction:NextStepPathway,R-HSA-9020702,2.1939287118372652
R-HSA-419812,abstraction:NextStepPathway,R-HSA-418555,3.603224889413984
R-HSA-419812,abstraction:NextStepPathway,R-HSA-9660821,3.9830475669088106
R-HSA-5661270,abstraction:NextStepPathway,R-HSA-71336,3.51027877690454
R-HSA-176187,abstraction:NextStepPathway,R-HSA-69601,2.914416110452637
R-HSA-176187,abstraction:NextStepPathway,R-HSA-69473,2.548867609749915
R-HSA-176187,abstraction:NextStepPathway,R-HSA-75035,3.159538568485622
R-HSA-176187,abstraction:NextStepPathway,R-HSA-6804756,2.491709195909966
R-HSA-72662,abstraction:NextStepPathway,R-HSA-72649,2.4423765117218026
R-HSA-9033241,abstraction:NextStepPathway,R-HSA-8866654,2.1844549567699754
R-HSA-9033241,abstraction:NextStepPathway,R-HSA-9033500,2.680891843083866
R-HSA-140180,abstraction:NextStepPathway,R-HSA-211979,4.540292749229897
R-HSA-140180,abstraction:NextStepPathway,R-HSA-2162123,3.2914839179545097
R-HSA-69895,abstraction:NextStepPathway,R-HSA-69563,3.9276487875190225
R-HSA-69895,abstraction:NextStepPathway,R-HSA-69202,3.5754749764610816
R-HSA-69895,abstraction:NextStepPathway,R-HSA-6804116,3.951892399129015
R-HSA-69895,abstraction:NextStepPathway,R-HSA-69656,3.6097395704351776
R-HSA-69895,abstraction:NextStepPathway,R-HSA-2559586,3.169308360081427
R-HSA-69895,abstraction:NextStepPathway,R-HSA-8852276,3.7726430413720307
R-HSA-69895,abstraction:NextStepPathway,R-HSA-9617828,3.9216786205325187
R-HSA-442720,abstraction:NextStepPathway,R-HSA-111931,4.959666287384193
R-HSA-442720,abstraction:NextStepPathway,R-HSA-9856530,2.8865472114438444
R-HSA-442720,abstraction:NextStepPathway,R-HSA-9634638,4.159059954509501
R-HSA-442720,abstraction:NextStepPathway,R-HSA-164378,5.123669263654463
R-HSA-442720,abstraction:NextStepPathway,R-HSA-9634597,4.147802799984866
R-HSA-442720,abstraction:NextStepPathway,R-HSA-9664323,3.8172113608519074
R-HSA-442720,abstraction:NextStepPathway,R-HSA-163560,3.7423376918767017
R-HSA-442720,abstraction:NextStepPathway,R-HSA-111932,3.73985321854904
R-HSA-442720,abstraction:NextStepPathway,R-HSA-432040,3.9957865926862404
R-HSA-442720,abstraction:NextStepPathway,R-HSA-180024,4.213336841363939
R-HSA-442720,abstraction:NextStepPathway,R-HSA-163358,4.7551831587873865
R-HSA-442720,abstraction:NextStepPathway,R-HSA-9031628,3.0833494301280755
R-HSA-442720,abstraction:NextStepPathway,R-HSA-9634600,4.676194747468756
R-HSA-442720,abstraction:NextStepPathway,R-HSA-163615,4.894602694037132
R-HSA-442720,abstraction:NextStepPathway,R-HSA-9660821,4.025056974986354
R-HSA-77588,abstraction:NextStepPathway,R-HSA-73856,2.900384579648379
R-HSA-77588,abstraction:NextStepPathway,R-HSA-159230,3.2946585237952823
R-HSA-186797,abstraction:NextStepPathway,R-HSA-186763,3.76752794070526
R-HSA-8953750,abstraction:NextStepPathway,R-HSA-69205,2.58417442358206
R-HSA-77346,abstraction:NextStepPathway,R-HSA-611105,1.7377698191720714
R-HSA-77346,abstraction:NextStepPathway,R-HSA-77348,4.557006230203638
R-HSA-1855170,abstraction:NextStepPathway,R-HSA-1855167,3.169308360081427
R-HSA-1855170,abstraction:NextStepPathway,R-HSA-1855184,3.5342320179270326
R-HSA-9937080,abstraction:NextStepPathway,R-HSA-9925561,5.787546061914296
R-HSA-9937080,abstraction:NextStepPathway,R-HSA-9925563,5.787546061914296
R-HSA-2029485,abstraction:NextStepPathway,R-HSA-114508,4.041696293990318
R-HSA-2029485,abstraction:NextStepPathway,R-HSA-9856530,2.75871383993396
R-HSA-2029485,abstraction:NextStepPathway,R-HSA-2871809,3.1539983881100064
R-HSA-2029485,abstraction:NextStepPathway,R-HSA-1169091,3.3740390236438116
R-HSA-2029485,abstraction:NextStepPathway,R-HSA-112043,3.4180214862451406
R-HSA-2029485,abstraction:NextStepPathway,R-HSA-9664323,3.530199754399094
R-HSA-2029485,abstraction:NextStepPathway,R-HSA-2029482,2.6338243322258807
R-HSA-2029485,abstraction:NextStepPathway,R-HSA-1855204,3.665745246395318
R-HSA-2029485,abstraction:NextStepPathway,R-HSA-1855196,3.4126403073406237
R-HSA-2029485,abstraction:NextStepPathway,R-HSA-445355,2.9645658941381083
R-HSA-2029485,abstraction:NextStepPathway,R-HSA-5218921,3.6474798984180246
R-HSA-2029485,abstraction:NextStepPathway,R-HSA-111997,3.6251076006634917
R-HSA-2029485,abstraction:NextStepPathway,R-HSA-422356,3.170711869083747
R-HSA-2029485,abstraction:NextStepPathway,R-HSA-5607763,3.752337775211285
R-HSA-2029485,abstraction:NextStepPathway,R-HSA-1489509,3.512253111208257
R-HSA-2029485,abstraction:NextStepPathway,R-HSA-4086398,3.0680234596498486
R-HSA-2029485,abstraction:NextStepPathway,R-HSA-5578775,3.403735528997664
R-HSA-2029485,abstraction:NextStepPathway,R-HSA-983695,2.512580770395051
R-HSA-2029485,abstraction:NextStepPathway,R-HSA-2514859,3.230020643524041
R-HSA-2029485,abstraction:NextStepPathway,R-HSA-1855183,3.5989052282694676
R-HSA-2029485,abstraction:NextStepPathway,R-HSA-9664422,2.5888729443636143
R-HSA-1660661,abstraction:NextStepPathway,R-HSA-9840310,2.6757416171075503
R-HSA-1660661,abstraction:NextStepPathway,R-HSA-9845614,3.275760323575053
R-HSA-1660661,abstraction:NextStepPathway,R-HSA-419408,3.5403110640034146
R-HSA-1660661,abstraction:NextStepPathway,R-HSA-9845576,3.49268301501416
R-HSA-2173789,abstraction:NextStepPathway,R-HSA-2173791,2.6264623357848116
R-HSA-2173789,abstraction:NextStepPathway,R-HSA-2173796,2.739367312987762
R-HSA-2173789,abstraction:NextStepPathway,R-HSA-2129379,3.0467060379890945
R-HSA-2173789,abstraction:NextStepPathway,R-HSA-1181150,2.9970890858436685
R-HSA-2173789,abstraction:NextStepPathway,R-HSA-2173788,2.458781527611535
R-HSA-2173789,abstraction:NextStepPathway,R-HSA-1502540,2.974904871933288
R-HSA-73728,abstraction:NextStepPathway,R-HSA-73762,3.235999734580099
R-HSA-191273,abstraction:NextStepPathway,R-HSA-446199,2.7605760378650244
R-HSA-191273,abstraction:NextStepPathway,R-HSA-6807047,2.8532801104609056
R-HSA-191273,abstraction:NextStepPathway,R-HSA-211976,2.432258381556218
R-HSA-191273,abstraction:NextStepPathway,R-HSA-211897,2.2278120284816274
R-HSA-191273,abstraction:NextStepPathway,R-HSA-6807062,2.693013203616211
R-HSA-72200,abstraction:NextStepPathway,R-HSA-73856,3.0950000473480506
R-HSA-72200,abstraction:NextStepPathway,R-HSA-72187,2.5264953119953817
R-HSA-68962,abstraction:NextStepPathway,R-HSA-69052,2.485319397811195
R-HSA-68962,abstraction:NextStepPathway,R-HSA-68952,2.603102433467579
R-HSA-351143,abstraction:NextStepPathway,R-HSA-351202,3.9925865899555695
R-HSA-2979096,abstraction:NextStepPathway,R-HSA-2197563,3.7201965659994882
R-HSA-196836,abstraction:NextStepPathway,R-HSA-5628897,2.849198472141257
R-HSA-196836,abstraction:NextStepPathway,R-HSA-3299685,2.790852711880754
R-HSA-196836,abstraction:NextStepPathway,R-HSA-499943,3.03560166725486
R-HSA-375276,abstraction:NextStepPathway,R-HSA-418594,2.3927795705824306
R-HSA-375276,abstraction:NextStepPathway,R-HSA-416476,2.7793912683617474
R-HSA-375276,abstraction:NextStepPathway,R-HSA-418555,2.776546316229516
R-HSA-375276,abstraction:NextStepPathway,R-HSA-9660826,2.7947025722661953
R-HSA-375276,abstraction:NextStepPathway,R-HSA-9660821,2.9231497904213914
R-HSA-1606341,abstraction:NextStepPathway,R-HSA-3270619,3.9276487875190225
R-HSA-1606341,abstraction:NextStepPathway,R-HSA-3134973,4.358892426955263
R-HSA-5674135,abstraction:NextStepPathway,R-HSA-5673001,2.714140750042086
R-HSA-5674135,abstraction:NextStepPathway,R-HSA-170968,3.0491905113167563
R-HSA-5674135,abstraction:NextStepPathway,R-HSA-112409,3.7473252333877407
R-HSA-1839117,abstraction:NextStepPathway,R-HSA-5655302,3.2050009425623793
R-HSA-2022870,abstraction:NextStepPathway,R-HSA-2022923,4.748357193716987
R-HSA-2022870,abstraction:NextStepPathway,R-HSA-2024101,3.9704687847019504
R-HSA-425381,abstraction:NextStepPathway,R-HSA-427601,4.728154486399467
R-HSA-425381,abstraction:NextStepPathway,R-HSA-174362,4.597126223993063
R-HSA-1660517,abstraction:NextStepPathway,R-HSA-1660508,4.669885578275491
R-HSA-1660517,abstraction:NextStepPathway,R-HSA-1855183,3.7081045202344596
R-HSA-5654695,abstraction:NextStepPathway,R-HSA-6811558,3.76752794070526
R-HSA-5654695,abstraction:NextStepPathway,R-HSA-1257604,2.6264623357848116
R-HSA-5654695,abstraction:NextStepPathway,R-HSA-5654720,3.5043790547773512
R-HSA-5654695,abstraction:NextStepPathway,R-HSA-5654710,3.5043790547773512
R-HSA-5654695,abstraction:NextStepPathway,R-HSA-5654689,3.5043790547773512
R-HSA-912446,abstraction:NextStepPathway,R-HSA-1221632,2.500292939601358
R-HSA-446199,abstraction:NextStepPathway,R-HSA-446193,2.9498180375035528
R-HSA-446199,abstraction:NextStepPathway,R-HSA-191273,2.7605760378650244
R-HSA-8866654,abstraction:NextStepPathway,R-HSA-9033241,2.1844549567699754
R-HSA-190370,abstraction:NextStepPathway,R-HSA-5654219,5.002591332101227
R-HSA-190370,abstraction:NextStepPathway,R-HSA-5654687,3.9893967945874698
R-HSA-190370,abstraction:NextStepPathway,R-HSA-5654688,5.038309414703306
R-HSA-190370,abstraction:NextStepPathway,R-HSA-5654693,4.410913611706142
R-HSA-5663213,abstraction:NextStepPathway,R-HSA-2029482,2.3761445100778986
R-HSA-5663213,abstraction:NextStepPathway,R-HSA-9664422,2.3412282449716706
R-HSA-9758890,abstraction:NextStepPathway,R-HSA-9759218,3.027049385439543
R-HSA-3928663,abstraction:NextStepPathway,R-HSA-4420097,1.8046345469594007
R-HSA-171007,abstraction:NextStepPathway,R-HSA-4420097,1.8035602406788158
R-HSA-176408,abstraction:NextStepPathway,R-HSA-176407,2.7348156437730426
R-HSA-176408,abstraction:NextStepPathway,R-HSA-176417,2.988858586707153
R-HSA-70268,abstraction:NextStepPathway,R-HSA-9856872,2.9554645798917627
R-HSA-70268,abstraction:NextStepPathway,R-HSA-433692,3.0504350665489612
R-HSA-70268,abstraction:NextStepPathway,R-HSA-204174,2.837052573839149
R-HSA-70268,abstraction:NextStepPathway,R-HSA-70263,2.78893332549495
R-HSA-70268,abstraction:NextStepPathway,R-HSA-8964539,2.77276559338961
R-HSA-70268,abstraction:NextStepPathway,R-HSA-9861559,2.9198657152202014
R-HSA-70268,abstraction:NextStepPathway,R-HSA-71403,2.5481137461635153
R-HSA-442380,abstraction:NextStepPathway,R-HSA-425410,3.8894650005488636
R-HSA-442380,abstraction:NextStepPathway,R-HSA-1222556,3.277321604142005
R-HSA-442380,abstraction:NextStepPathway,R-HSA-6803544,4.951298037713677
R-HSA-442380,abstraction:NextStepPathway,R-HSA-264876,3.3984304767679707
R-HSA-442380,abstraction:NextStepPathway,R-HSA-435368,4.551403974654968
R-HSA-74259,abstraction:NextStepPathway,R-HSA-9734281,3.372319332764285
R-HSA-74259,abstraction:NextStepPathway,R-HSA-3299685,2.4656971844962006
R-HSA-6785807,abstraction:NextStepPathway,R-HSA-9960525,2.7841509156147355
R-HSA-6785807,abstraction:NextStepPathway,R-HSA-9960519,2.7652467609755824
R-HSA-6785807,abstraction:NextStepPathway,R-HSA-9020558,2.2685656445957565
R-HSA-6785807,abstraction:NextStepPathway,R-HSA-8985947,2.548867609749915
R-HSA-6785807,abstraction:NextStepPathway,R-HSA-111453,2.8043925705671646
R-HSA-6785807,abstraction:NextStepPathway,R-HSA-9020958,2.666367879958352
R-HSA-6785807,abstraction:NextStepPathway,R-HSA-1266695,2.315818529446302
R-HSA-6785807,abstraction:NextStepPathway,R-HSA-8983432,2.175589188137652
R-HSA-6785807,abstraction:NextStepPathway,R-HSA-6783783,2.514036374727752
R-HSA-162699,abstraction:NextStepPathway,R-HSA-8932504,4.968105156030058
R-HSA-162699,abstraction:NextStepPathway,R-HSA-162710,4.189713695600503
R-HSA-162699,abstraction:NextStepPathway,R-HSA-8932506,5.238980110165458
R-HSA-162699,abstraction:NextStepPathway,R-HSA-8932505,4.840949980544812
R-HSA-977347,abstraction:NextStepPathway,R-HSA-9856872,4.06546651332423
R-HSA-1237112,abstraction:NextStepPathway,R-HSA-1614635,3.26181741760604
R-HSA-1237112,abstraction:NextStepPathway,R-HSA-156581,3.522183679410858
R-HSA-9683701,abstraction:NextStepPathway,R-HSA-9694631,3.679666584913926
R-HSA-9683701,abstraction:NextStepPathway,R-HSA-9683673,4.045057641693023
R-HSA-9683701,abstraction:NextStepPathway,R-HSA-9683610,3.9488296095984694
R-HSA-9683701,abstraction:NextStepPathway,R-HSA-9683683,4.132987714199725
R-HSA-9683701,abstraction:NextStepPathway,R-HSA-9683612,4.217328862633476
R-HSA-9683701,abstraction:NextStepPathway,R-HSA-9683686,4.002217483016531
R-HSA-198693,abstraction:NextStepPathway,R-HSA-111931,5.065960946033817
R-HSA-198693,abstraction:NextStepPathway,R-HSA-9634638,4.2213368840310155
R-HSA-198693,abstraction:NextStepPathway,R-HSA-111932,3.7752104368772765
R-HSA-198693,abstraction:NextStepPathway,R-HSA-9031628,3.104156422634037
R-HSA-198693,abstraction:NextStepPathway,R-HSA-9614399,5.195494998225719
R-HSA-8964041,abstraction:NextStepPathway,R-HSA-8964058,3.235999734580099
R-HSA-72163,abstraction:NextStepPathway,R-HSA-75094,0.4732039342935616
R-HSA-72163,abstraction:NextStepPathway,R-HSA-72187,0.35693605044218885
R-HSA-844615,abstraction:NextStepPathway,R-HSA-448706,4.959666287384193
R-HSA-844615,abstraction:NextStepPathway,R-HSA-9660826,3.7226326207973695
R-HSA-9858328,abstraction:NextStepPathway,R-HSA-71064,3.546427291020851
R-HSA-428540,abstraction:NextStepPathway,R-HSA-428543,4.529303627654302
R-HSA-9683612,abstraction:NextStepPathway,R-HSA-9679509,3.8554673920074443
R-HSA-70895,abstraction:NextStepPathway,R-HSA-210500,2.7898925581824106
R-HSA-70895,abstraction:NextStepPathway,R-HSA-71403,2.6338243322258807
R-HSA-70895,abstraction:NextStepPathway,R-HSA-9859138,3.1348459558952504
R-HSA-70895,abstraction:NextStepPathway,R-HSA-71032,3.2093709422334973
R-HSA-388479,abstraction:NextStepPathway,R-HSA-416476,3.6295421977313573
R-HSA-388479,abstraction:NextStepPathway,R-HSA-432040,3.9893967945874698
R-HSA-388479,abstraction:NextStepPathway,R-HSA-418555,3.620692582454375
R-HSA-388479,abstraction:NextStepPathway,R-HSA-9660821,4.008689997522149
R-HSA-3296197,abstraction:NextStepPathway,R-HSA-418594,2.9275454018944296
R-HSA-3134975,abstraction:NextStepPathway,R-HSA-1834941,3.52818970347107
R-HSA-389599,abstraction:NextStepPathway,R-HSA-389887,3.7649801686264617
R-HSA-163754,abstraction:NextStepPathway,R-HSA-71336,3.6339965480807375
R-HSA-9635644,abstraction:NextStepPathway,R-HSA-9636383,4.396455528530912
R-HSA-2453902,abstraction:NextStepPathway,R-HSA-2466712,3.590321484578076
R-HSA-2453902,abstraction:NextStepPathway,R-HSA-2187335,3.3335613224648815
R-HSA-2453902,abstraction:NextStepPathway,R-HSA-5365859,3.2450359406440366
R-HSA-2453902,abstraction:NextStepPathway,R-HSA-2514859,2.9611431868606064
R-HSA-2453902,abstraction:NextStepPathway,R-HSA-2485179,3.2883193583515467
R-HSA-190377,abstraction:NextStepPathway,R-HSA-5654221,5.549135038469298
R-HSA-190377,abstraction:NextStepPathway,R-HSA-5654699,5.611655395450631
R-HSA-190377,abstraction:NextStepPathway,R-HSA-5654700,4.651193445263338
R-HSA-9694719,abstraction:NextStepPathway,R-HSA-9754560,4.36815175236806
R-HSA-9694719,abstraction:NextStepPathway,R-HSA-9755779,4.507681163641136
R-HSA-9694719,abstraction:NextStepPathway,R-HSA-9694322,3.7201965659994882
R-HSA-9694719,abstraction:NextStepPathway,R-HSA-9705671,2.2415825572924057
R-HSA-77310,abstraction:NextStepPathway,R-HSA-611105,1.7458452331776169
R-HSA-77310,abstraction:NextStepPathway,R-HSA-77346,4.551403974654968
R-HSA-9839394,abstraction:NextStepPathway,R-HSA-9839383,4.425583801453936
R-HSA-2395516,abstraction:NextStepPathway,R-HSA-1362409,4.201455513477186
R-HSA-69656,abstraction:NextStepPathway,R-HSA-69563,3.375761676955258
R-HSA-69656,abstraction:NextStepPathway,R-HSA-2559582,2.309268937709261
R-HSA-69656,abstraction:NextStepPathway,R-HSA-69202,3.199203824878053
R-HSA-69656,abstraction:NextStepPathway,R-HSA-6804116,3.3335613224648815
R-HSA-69656,abstraction:NextStepPathway,R-HSA-176408,2.6938846633663522
R-HSA-69656,abstraction:NextStepPathway,R-HSA-69273,2.9783750894122947
R-HSA-69656,abstraction:NextStepPathway,R-HSA-2559586,2.843107082747855
R-HSA-69656,abstraction:NextStepPathway,R-HSA-187577,3.2526289915516338
R-HSA-8847993,abstraction:NextStepPathway,R-HSA-8849469,4.435484872436647
R-HSA-8847993,abstraction:NextStepPathway,R-HSA-8849474,4.415779801357314
R-HSA-8847993,abstraction:NextStepPathway,R-HSA-8849472,5.206190287342467
R-HSA-8847993,abstraction:NextStepPathway,R-HSA-8849470,5.448330339347332
R-HSA-8847993,abstraction:NextStepPathway,R-HSA-8849468,4.734843474550264
R-HSA-8847993,abstraction:NextStepPathway,R-HSA-187577,3.8723217235624263
R-HSA-8847993,abstraction:NextStepPathway,R-HSA-8849471,3.8610539987160837
R-HSA-442729,abstraction:NextStepPathway,R-HSA-111931,3.942732029730351
R-HSA-442729,abstraction:NextStepPathway,R-HSA-9634638,3.57969439200379
R-HSA-442729,abstraction:NextStepPathway,R-HSA-9707616,2.8812757179503325
R-HSA-442729,abstraction:NextStepPathway,R-HSA-111932,3.3302609894362245
R-HSA-442729,abstraction:NextStepPathway,R-HSA-9931509,3.206455488273374
R-HSA-442729,abstraction:NextStepPathway,R-HSA-9031628,2.846148139323634
R-HSA-442729,abstraction:NextStepPathway,R-HSA-2151201,2.6305456407641823
R-HSA-444257,abstraction:NextStepPathway,R-HSA-442742,5.133619594507631
R-HSA-8963693,abstraction:NextStepPathway,R-HSA-379716,2.8270424802440486
R-HSA-8963693,abstraction:NextStepPathway,R-HSA-9856872,3.827993136455196
R-HSA-8963693,abstraction:NextStepPathway,R-HSA-70263,3.4490742095867257
R-HSA-8963693,abstraction:NextStepPathway,R-HSA-8964539,3.4325144935477074
R-HSA-8963693,abstraction:NextStepPathway,R-HSA-70268,2.871856496033841
R-HSA-8963693,abstraction:NextStepPathway,R-HSA-442660,3.5362542633078005
R-HSA-8963693,abstraction:NextStepPathway,R-HSA-71737,4.0827979696758705
R-HSA-8963693,abstraction:NextStepPathway,R-HSA-70635,3.7201965659994882
R-HSA-937042,abstraction:NextStepPathway,R-HSA-450302,4.651193445263338
R-HSA-937042,abstraction:NextStepPathway,R-HSA-445989,3.6295421977313573
R-HSA-937042,abstraction:NextStepPathway,R-HSA-9705671,2.2104580137884757
R-HSA-937042,abstraction:NextStepPathway,R-HSA-168638,3.494622879831987
R-HSA-937042,abstraction:NextStepPathway,R-HSA-450321,4.701837178082093
R-HSA-937042,abstraction:NextStepPathway,R-HSA-9020702,2.2806036231552356
R-HSA-381771,abstraction:NextStepPathway,R-HSA-420092,4.29637206997393
R-HSA-381771,abstraction:NextStepPathway,R-HSA-381676,3.9830475669088106
R-HSA-5654720,abstraction:NextStepPathway,R-HSA-6811558,3.76752794070526
R-HSA-5654720,abstraction:NextStepPathway,R-HSA-1257604,2.6264623357848116
R-HSA-5654720,abstraction:NextStepPathway,R-HSA-5654695,3.5043790547773512
R-HSA-5654720,abstraction:NextStepPathway,R-HSA-5654710,3.5043790547773512
R-HSA-5654720,abstraction:NextStepPathway,R-HSA-5654689,3.5043790547773512
R-HSA-6806664,abstraction:NextStepPathway,R-HSA-159740,3.8361564470943565
R-HSA-73817,abstraction:NextStepPathway,R-HSA-379716,2.6232076543112695
R-HSA-73817,abstraction:NextStepPathway,R-HSA-74217,3.2495848491704056
R-HSA-73817,abstraction:NextStepPathway,R-HSA-74259,2.8073179748962698
R-HSA-73817,abstraction:NextStepPathway,R-HSA-71737,3.4985139353249535
R-HSA-73817,abstraction:NextStepPathway,R-HSA-499943,2.7448568052725335
R-HSA-9022692,abstraction:NextStepPathway,R-HSA-9022699,3.645220010450587
R-HSA-9022692,abstraction:NextStepPathway,R-HSA-8986944,3.3671779332638665
R-HSA-9022692,abstraction:NextStepPathway,R-HSA-9022702,4.386931647019656
R-HSA-1237044,abstraction:NextStepPathway,R-HSA-1247673,4.140367821497348
R-HSA-9613829,abstraction:NextStepPathway,R-HSA-9613354,3.973598677710878
R-HSA-9613829,abstraction:NextStepPathway,R-HSA-9615710,4.038346207105036
R-HSA-196299,abstraction:NextStepPathway,R-HSA-195253,2.6587632805731327
R-HSA-1660524,abstraction:NextStepPathway,R-HSA-1660516,4.213336841363939
R-HSA-901042,abstraction:NextStepPathway,R-HSA-901032,4.349718050679222
R-HSA-901042,abstraction:NextStepPathway,R-HSA-948021,2.467086073608355
R-HSA-3000471,abstraction:NextStepPathway,R-HSA-5686938,3.8554673920074443
R-HSA-71262,abstraction:NextStepPathway,R-HSA-200425,3.7933691718891476
R-HSA-177128,abstraction:NextStepPathway,R-HSA-9749641,3.8582567940950225
R-HSA-1250347,abstraction:NextStepPathway,R-HSA-5673001,2.925345180984827
R-HSA-1169092,abstraction:NextStepPathway,R-HSA-5673001,2.974904871933288
R-HSA-9754678,abstraction:NextStepPathway,R-HSA-191859,2.531670924287967
R-HSA-162585,abstraction:NextStepPathway,R-HSA-162594,2.1704105126592004
R-HSA-5607761,abstraction:NextStepPathway,R-HSA-5607764,2.4369674383577906
R-HSA-5607761,abstraction:NextStepPathway,R-HSA-2871837,2.6537254865431756
R-HSA-5607761,abstraction:NextStepPathway,R-HSA-202424,2.5549190654332703
R-HSA-211957,abstraction:NextStepPathway,R-HSA-156588,4.178108149480195
R-HSA-211957,abstraction:NextStepPathway,R-HSA-9749641,3.7752104368772765
R-HSA-72086,abstraction:NextStepPathway,R-HSA-113418,1.7136004586048883
R-HSA-72086,abstraction:NextStepPathway,R-HSA-111367,1.845964254244605
R-HSA-72086,abstraction:NextStepPathway,R-HSA-77588,1.8311381857846338
R-HSA-72086,abstraction:NextStepPathway,R-HSA-77075,1.550934336800099
R-HSA-72086,abstraction:NextStepPathway,R-HSA-77595,1.6887243575797568
R-HSA-72086,abstraction:NextStepPathway,R-HSA-72203,0.38426248820704245
R-HSA-193775,abstraction:NextStepPathway,R-HSA-211994,3.1820114243376802
R-HSA-193775,abstraction:NextStepPathway,R-HSA-193368,2.5067794488309647
R-HSA-193775,abstraction:NextStepPathway,R-HSA-211976,2.64704766540057
R-HSA-5389840,abstraction:NextStepPathway,R-HSA-5419276,0.5933079808680366
R-HSA-5389840,abstraction:NextStepPathway,R-HSA-9937383,0.7857962811752481
R-HSA-174048,abstraction:NextStepPathway,R-HSA-176407,3.003009766253396
R-HSA-1855196,abstraction:NextStepPathway,R-HSA-1855191,3.4527916859868584
R-HSA-111932,abstraction:NextStepPathway,R-HSA-111931,3.7855464462079387
R-HSA-111932,abstraction:NextStepPathway,R-HSA-9634638,3.4678013486374235
R-HSA-111932,abstraction:NextStepPathway,R-HSA-9707616,2.8240588877771606
R-HSA-111932,abstraction:NextStepPathway,R-HSA-9620244,3.362062832597096
R-HSA-111932,abstraction:NextStepPathway,R-HSA-442729,3.3302609894362245
R-HSA-111932,abstraction:NextStepPathway,R-HSA-9022692,3.668052052493233
R-HSA-111932,abstraction:NextStepPathway,R-HSA-9931509,3.1280937357779637
R-HSA-111932,abstraction:NextStepPathway,R-HSA-9616222,2.860463312204398
R-HSA-111932,abstraction:NextStepPathway,R-HSA-9031628,2.790852711880754
R-HSA-111932,abstraction:NextStepPathway,R-HSA-2151201,2.585738145558243
R-HSA-380994,abstraction:NextStepPathway,R-HSA-9909649,3.3706025941452307
R-HSA-6782210,abstraction:NextStepPathway,R-HSA-6781827,1.444490171638488
R-HSA-8964208,abstraction:NextStepPathway,R-HSA-8963684,4.038346207105036
R-HSA-445355,abstraction:NextStepPathway,R-HSA-392154,3.073106062713314
R-HSA-445355,abstraction:NextStepPathway,R-HSA-9856530,2.392134617319184
R-HSA-445355,abstraction:NextStepPathway,R-HSA-442982,3.0833494301280755
R-HSA-445355,abstraction:NextStepPathway,R-HSA-2871809,2.640414141904936
R-HSA-445355,abstraction:NextStepPathway,R-HSA-111933,2.896106498257301
R-HSA-445355,abstraction:NextStepPathway,R-HSA-9620244,2.9014569658101315
R-HSA-445355,abstraction:NextStepPathway,R-HSA-111957,3.1920043697351987
R-HSA-445355,abstraction:NextStepPathway,R-HSA-418457,3.1609284227746763
R-HSA-445355,abstraction:NextStepPathway,R-HSA-442720,3.1227245953629055
R-HSA-445355,abstraction:NextStepPathway,R-HSA-442729,2.8760318674443215
R-HSA-445355,abstraction:NextStepPathway,R-HSA-111932,2.819105930648312
R-HSA-445355,abstraction:NextStepPathway,R-HSA-203615,2.1886544380072936
R-HSA-445355,abstraction:NextStepPathway,R-HSA-180024,2.9841856810077605
R-HSA-445355,abstraction:NextStepPathway,R-HSA-5607763,2.9588678730234705
R-HSA-445355,abstraction:NextStepPathway,R-HSA-4086398,2.5935936454985518
R-HSA-445355,abstraction:NextStepPathway,R-HSA-5627123,2.842095448873011
R-HSA-445355,abstraction:NextStepPathway,R-HSA-2025928,3.061706319248587
R-HSA-445355,abstraction:NextStepPathway,R-HSA-5218920,2.353558857429149
R-HSA-1236973,abstraction:NextStepPathway,R-HSA-1236974,3.49268301501416
R-HSA-5686938,abstraction:NextStepPathway,R-HSA-166058,2.2223564775800906
R-HSA-1362277,abstraction:NextStepPathway,R-HSA-69205,2.7466933530798348
R-HSA-1362277,abstraction:NextStepPathway,R-HSA-69202,2.8666616791567368
R-HSA-1362277,abstraction:NextStepPathway,R-HSA-1538133,2.7194931267806783
R-HSA-1362277,abstraction:NextStepPathway,R-HSA-68689,3.230020643524041
R-HSA-1362277,abstraction:NextStepPathway,R-HSA-69656,2.883380981885795
R-HSA-1362277,abstraction:NextStepPathway,R-HSA-69273,2.740280138245122
R-HSA-1362277,abstraction:NextStepPathway,R-HSA-1362300,3.187709445452318
R-HSA-9931509,abstraction:NextStepPathway,R-HSA-9707616,2.775599794625485
R-HSA-9931509,abstraction:NextStepPathway,R-HSA-9933387,3.194877934930931
R-HSA-9931509,abstraction:NextStepPathway,R-HSA-9931529,3.5608456664451227
R-HSA-9931509,abstraction:NextStepPathway,R-HSA-2151201,2.535384259412628
R-HSA-9931509,abstraction:NextStepPathway,R-HSA-1989781,2.190760810560709
R-HSA-5696395,abstraction:NextStepPathway,R-HSA-5696400,2.271418713578163
R-HSA-9856532,abstraction:NextStepPathway,R-HSA-9856530,2.7079323043796024
R-HSA-9856532,abstraction:NextStepPathway,R-HSA-2871809,3.064228388681297
R-HSA-9856532,abstraction:NextStepPathway,R-HSA-9664323,3.403735528997664
R-HSA-9856532,abstraction:NextStepPathway,R-HSA-445355,2.896106498257301
R-HSA-9856532,abstraction:NextStepPathway,R-HSA-5218921,3.5063417639452
R-HSA-9856532,abstraction:NextStepPathway,R-HSA-111997,3.4985139353249535
R-HSA-9856532,abstraction:NextStepPathway,R-HSA-5607763,3.6010627264094888
R-HSA-9856532,abstraction:NextStepPathway,R-HSA-983695,2.4663913879256767
R-HSA-9856532,abstraction:NextStepPathway,R-HSA-2514859,3.141644078609071
R-HSA-9856532,abstraction:NextStepPathway,R-HSA-9860927,2.805366754765008
R-HSA-391908,abstraction:NextStepPathway,R-HSA-428930,3.8361564470943565
R-HSA-391908,abstraction:NextStepPathway,R-HSA-418555,3.5043790547773512
R-HSA-391908,abstraction:NextStepPathway,R-HSA-392851,4.249852054339036
R-HSA-391908,abstraction:NextStepPathway,R-HSA-416482,3.9830475669088106
R-HSA-391908,abstraction:NextStepPathway,R-HSA-9660821,3.8416359128589823
R-HSA-3299685,abstraction:NextStepPathway,R-HSA-1222556,2.4761611795214815
R-HSA-3299685,abstraction:NextStepPathway,R-HSA-5628897,2.3224113013027954
R-HSA-3299685,abstraction:NextStepPathway,R-HSA-70268,2.3610308722678504
R-HSA-3299685,abstraction:NextStepPathway,R-HSA-9818027,2.585738145558243
R-HSA-3299685,abstraction:NextStepPathway,R-HSA-499943,2.4235713907427483
R-HSA-83936,abstraction:NextStepPathway,R-HSA-163210,3.0769350399504116
R-HSA-193048,abstraction:NextStepPathway,R-HSA-194002,3.6339965480807375
R-HSA-193048,abstraction:NextStepPathway,R-HSA-3371497,2.733907790782863
R-HSA-193048,abstraction:NextStepPathway,R-HSA-193144,3.5546408895582395
R-HSA-193048,abstraction:NextStepPathway,R-HSA-211976,2.9600048828105456
R-HSA-163359,abstraction:NextStepPathway,R-HSA-418594,2.8697753298300164
R-HSA-163359,abstraction:NextStepPathway,R-HSA-9856530,2.8656259462832048
R-HSA-163359,abstraction:NextStepPathway,R-HSA-164378,4.959666287384193
R-HSA-163359,abstraction:NextStepPathway,R-HSA-9634597,4.0827979696758705
R-HSA-163359,abstraction:NextStepPathway,R-HSA-418597,3.803895584876135
R-HSA-163359,abstraction:NextStepPathway,R-HSA-416476,3.5924605228268254
R-HSA-163359,abstraction:NextStepPathway,R-HSA-432040,3.9396971260351967
R-HSA-163359,abstraction:NextStepPathway,R-HSA-418555,3.590321484578076
R-HSA-163359,abstraction:NextStepPathway,R-HSA-381676,4.0793075647361015
R-HSA-163359,abstraction:NextStepPathway,R-HSA-9660821,3.9642382349513148
R-HSA-6803204,abstraction:NextStepPathway,R-HSA-6804114,3.3058496877565435
R-HSA-6803204,abstraction:NextStepPathway,R-HSA-139915,3.6384708284756586
R-HSA-6803204,abstraction:NextStepPathway,R-HSA-114294,3.665745246395318
R-HSA-6803204,abstraction:NextStepPathway,R-HSA-6804756,2.6800316279770584
R-HSA-6803204,abstraction:NextStepPathway,R-HSA-111448,3.614106389601518
R-HSA-6803204,abstraction:NextStepPathway,R-HSA-75108,3.6634437494070387
R-HSA-5358606,abstraction:NextStepPathway,R-HSA-5358565,3.0405217263803097
R-HSA-1834941,abstraction:NextStepPathway,R-HSA-3249367,3.7752104368772765
R-HSA-1834941,abstraction:NextStepPathway,R-HSA-3270619,3.6611475371466886
R-HSA-1169408,abstraction:NextStepPathway,R-HSA-9833482,2.3927795705824306
R-HSA-1169408,abstraction:NextStepPathway,R-HSA-9705671,2.0205488285364073
R-HSA-205017,abstraction:NextStepPathway,R-HSA-193648,4.410913611706142
R-HSA-205017,abstraction:NextStepPathway,R-HSA-209543,3.7726430413720307
R-HSA-205017,abstraction:NextStepPathway,R-HSA-193681,5.2844424842422155
R-HSA-205017,abstraction:NextStepPathway,R-HSA-205043,4.372813765473872
R-HSA-983170,abstraction:NextStepPathway,R-HSA-9705671,1.97704479583681
R-HSA-140875,abstraction:NextStepPathway,R-HSA-216083,2.0886210796507223
R-HSA-140875,abstraction:NextStepPathway,R-HSA-75205,2.3761445100778986
R-HSA-140875,abstraction:NextStepPathway,R-HSA-202733,2.182884686884376
R-HSA-140875,abstraction:NextStepPathway,R-HSA-9672391,2.726674486189343
R-HSA-140875,abstraction:NextStepPathway,R-HSA-140837,2.197106680613612
R-HSA-9013957,abstraction:NextStepPathway,R-HSA-9758274,3.8554673920074443
R-HSA-9768727,abstraction:NextStepPathway,R-HSA-9764561,3.6542903674205514
R-HSA-9768727,abstraction:NextStepPathway,R-HSA-9766229,3.3740390236438116
R-HSA-9913351,abstraction:NextStepPathway,R-HSA-8932504,3.73985321854904
R-HSA-9913351,abstraction:NextStepPathway,R-HSA-8932506,3.8118637545253122
R-HSA-9913351,abstraction:NextStepPathway,R-HSA-8932505,3.700918860573585
R-HSA-416476,abstraction:NextStepPathway,R-HSA-114508,3.590321484578076
R-HSA-416476,abstraction:NextStepPathway,R-HSA-418217,3.780365087465941
R-HSA-416476,abstraction:NextStepPathway,R-HSA-392451,3.6634437494070387
R-HSA-416476,abstraction:NextStepPathway,R-HSA-76005,3.686700611571306
R-HSA-416476,abstraction:NextStepPathway,R-HSA-4086398,2.8687363686975975
R-HSA-416476,abstraction:NextStepPathway,R-HSA-426048,3.686700611571306
R-HSA-416476,abstraction:NextStepPathway,R-HSA-8964315,3.686700611571306
R-HSA-416476,abstraction:NextStepPathway,R-HSA-8964616,3.4527916859868584
R-HSA-190374,abstraction:NextStepPathway,R-HSA-5654219,4.934768735762466
R-HSA-190374,abstraction:NextStepPathway,R-HSA-5654687,3.9642382349513148
R-HSA-190374,abstraction:NextStepPathway,R-HSA-5654688,4.968105156030058
R-HSA-190374,abstraction:NextStepPathway,R-HSA-5654693,4.372813765473872
R-HSA-2161517,abstraction:NextStepPathway,R-HSA-2161541,4.420669786651507
R-HSA-73933,abstraction:NextStepPathway,R-HSA-73930,3.0554288347294483
R-HSA-73933,abstraction:NextStepPathway,R-HSA-110373,2.6191541424780866
R-HSA-77387,abstraction:NextStepPathway,R-HSA-74752,3.173524810460362
R-HSA-975155,abstraction:NextStepPathway,R-HSA-975138,2.3473745458203648
R-HSA-975155,abstraction:NextStepPathway,R-HSA-975110,2.6646729642983606
R-HSA-9646399,abstraction:NextStepPathway,R-HSA-9615710,3.8981481231223243
R-HSA-9646399,abstraction:NextStepPathway,R-HSA-9613829,3.477298096174681
R-HSA-9024909,abstraction:NextStepPathway,R-HSA-9026527,5.113816967211452
R-HSA-9024909,abstraction:NextStepPathway,R-HSA-9032500,4.132987714199725
R-HSA-9024909,abstraction:NextStepPathway,R-HSA-9028731,4.450522749801188
R-HSA-9024909,abstraction:NextStepPathway,R-HSA-9026519,5.002591332101227
R-HSA-9024909,abstraction:NextStepPathway,R-HSA-9028335,4.871255330040141
R-HSA-9024909,abstraction:NextStepPathway,R-HSA-9032845,3.9957865926862404
R-HSA-212676,abstraction:NextStepPathway,R-HSA-181430,3.2899003863488656
R-HSA-212676,abstraction:NextStepPathway,R-HSA-209905,3.665745246395318
R-HSA-212676,abstraction:NextStepPathway,R-HSA-181429,3.3535953814979975
R-HSA-9768919,abstraction:NextStepPathway,R-HSA-9768778,3.7423376918767017
R-HSA-69273,abstraction:NextStepPathway,R-HSA-176417,3.43984053363978
R-HSA-69273,abstraction:NextStepPathway,R-HSA-4419969,3.351910461133078
R-HSA-69273,abstraction:NextStepPathway,R-HSA-2465910,3.389650789115925
R-HSA-69273,abstraction:NextStepPathway,R-HSA-162658,3.1679068181561383
R-HSA-69273,abstraction:NextStepPathway,R-HSA-75035,3.372319332764285
R-HSA-69273,abstraction:NextStepPathway,R-HSA-69478,3.4361708047508177
R-HSA-69273,abstraction:NextStepPathway,R-HSA-3301854,2.861493708998294
R-HSA-69273,abstraction:NextStepPathway,R-HSA-2299718,2.813194583385255
R-HSA-69273,abstraction:NextStepPathway,R-HSA-176408,2.557197835883858
R-HSA-69273,abstraction:NextStepPathway,R-HSA-174048,2.774654168077478
R-HSA-69273,abstraction:NextStepPathway,R-HSA-8878166,2.4643102217218518
R-HSA-69273,abstraction:NextStepPathway,R-HSA-68875,2.612702507196598
R-HSA-69273,abstraction:NextStepPathway,R-HSA-156711,2.83906667321085
R-HSA-69273,abstraction:NextStepPathway,R-HSA-176412,3.0718329880665163
R-HSA-69273,abstraction:NextStepPathway,R-HSA-2565942,1.5742795117486803
R-HSA-69273,abstraction:NextStepPathway,R-HSA-8852276,3.051681172629208
R-HSA-69273,abstraction:NextStepPathway,R-HSA-2980767,3.4001957022925398
R-HSA-9694301,abstraction:NextStepPathway,R-HSA-9694676,3.526183684744204
R-HSA-9694301,abstraction:NextStepPathway,R-HSA-9754678,3.2602801382871536
R-HSA-9694301,abstraction:NextStepPathway,R-HSA-9705671,2.1642312962932424
R-HSA-9694301,abstraction:NextStepPathway,R-HSA-9694686,2.2104580137884757
R-HSA-9694301,abstraction:NextStepPathway,R-HSA-9694271,3.677332861567706
R-HSA-5654704,abstraction:NextStepPathway,R-HSA-5673001,2.9611431868606064
R-HSA-446203,abstraction:NextStepPathway,R-HSA-532668,2.0187718400634784
R-HSA-189483,abstraction:NextStepPathway,R-HSA-156588,3.4527916859868584
R-HSA-189483,abstraction:NextStepPathway,R-HSA-9707564,2.7737094348943163
R-HSA-9753281,abstraction:NextStepPathway,R-HSA-174403,3.752337775211285
R-HSA-9753281,abstraction:NextStepPathway,R-HSA-2162123,3.0368294144931824
R-HSA-909733,abstraction:NextStepPathway,R-HSA-9909505,2.778442051394415
R-HSA-909733,abstraction:NextStepPathway,R-HSA-8956319,2.342454486694915
R-HSA-909733,abstraction:NextStepPathway,R-HSA-9833482,2.176108533773838
R-HSA-909733,abstraction:NextStepPathway,R-HSA-9705671,1.858741579524146
R-HSA-909733,abstraction:NextStepPathway,R-HSA-912694,2.7008838170485405
R-HSA-909733,abstraction:NextStepPathway,R-HSA-9833109,2.6354677179696107
R-HSA-201722,abstraction:NextStepPathway,R-HSA-3769402,3.3688887976674957
R-HSA-201722,abstraction:NextStepPathway,R-HSA-9824272,2.7870176160968114
R-HSA-201722,abstraction:NextStepPathway,R-HSA-9796292,3.827993136455196
R-HSA-201722,abstraction:NextStepPathway,R-HSA-9909649,3.1905706777333505
R-HSA-201722,abstraction:NextStepPathway,R-HSA-4086398,2.9668542246561205
R-HSA-201722,abstraction:NextStepPathway,R-HSA-9793380,2.900384579648379
R-HSA-112409,abstraction:NextStepPathway,R-HSA-5673001,2.9046810416818842
R-HSA-112409,abstraction:NextStepPathway,R-HSA-5654726,3.915743885012704
R-HSA-112409,abstraction:NextStepPathway,R-HSA-5675221,3.689056325263765
R-HSA-112409,abstraction:NextStepPathway,R-HSA-2559582,2.4803776299004165
R-HSA-112409,abstraction:NextStepPathway,R-HSA-2871796,2.9453236479157137
R-HSA-112409,abstraction:NextStepPathway,R-HSA-2559585,3.8751586048976256
R-HSA-112409,abstraction:NextStepPathway,R-HSA-9634638,4.0518144241559035
R-HSA-112409,abstraction:NextStepPathway,R-HSA-2559580,3.165109613535077
R-HSA-112409,abstraction:NextStepPathway,R-HSA-8940973,3.6075632910125823
R-HSA-112409,abstraction:NextStepPathway,R-HSA-5654732,3.9642382349513148
R-HSA-112409,abstraction:NextStepPathway,R-HSA-881907,4.401251700794405
R-HSA-112409,abstraction:NextStepPathway,R-HSA-450341,4.545832929605512
R-HSA-112409,abstraction:NextStepPathway,R-HSA-170968,3.328614898529556
R-HSA-112409,abstraction:NextStepPathway,R-HSA-444257,4.918508214890686
R-HSA-112409,abstraction:NextStepPathway,R-HSA-375165,3.4416804605617872
R-HSA-112409,abstraction:NextStepPathway,R-HSA-5654727,3.9642382349513148
R-HSA-112409,abstraction:NextStepPathway,R-HSA-198753,4.513043106782522
R-HSA-112409,abstraction:NextStepPathway,R-HSA-5654733,3.9642382349513148
R-HSA-110328,abstraction:NextStepPathway,R-HSA-110329,3.2914839179545097
R-HSA-69183,abstraction:NextStepPathway,R-HSA-69166,3.132139594297507
R-HSA-9948011,abstraction:NextStepPathway,R-HSA-9960525,4.894602694037132
R-HSA-9948011,abstraction:NextStepPathway,R-HSA-5620971,3.636231185882154
R-HSA-111447,abstraction:NextStepPathway,R-HSA-111453,4.934768735762466
R-HSA-73980,abstraction:NextStepPathway,R-HSA-6784531,3.389650789115925
R-HSA-73980,abstraction:NextStepPathway,R-HSA-6782315,3.0976076107551314
R-HSA-1296041,abstraction:NextStepPathway,R-HSA-997272,4.545832929605512
R-HSA-69620,abstraction:NextStepPathway,R-HSA-2555396,1.408890487499998
R-HSA-211999,abstraction:NextStepPathway,R-HSA-156590,4.005448503597977
R-HSA-997272,abstraction:NextStepPathway,R-HSA-1296041,4.545832929605512
R-HSA-9760173,abstraction:NextStepPathway,R-HSA-9927020,3.9611374572730664
R-HSA-382556,abstraction:NextStepPathway,R-HSA-2453902,2.7559270290267803
R-HSA-204005,abstraction:NextStepPathway,R-HSA-5694530,2.5999227805501994
R-HSA-8875555,abstraction:NextStepPathway,R-HSA-8875656,5.104060792266087
R-HSA-9818025,abstraction:NextStepPathway,R-HSA-9861718,4.011942032908526
R-HSA-9768777,abstraction:NextStepPathway,R-HSA-9768778,4.465790221931976
R-HSA-381070,abstraction:NextStepPathway,R-HSA-381038,3.0113580556448674
R-HSA-165158,abstraction:NextStepPathway,R-HSA-165181,4.985199589389358
R-HSA-165158,abstraction:NextStepPathway,R-HSA-1445148,3.394909346369392
R-HSA-165158,abstraction:NextStepPathway,R-HSA-165160,5.133619594507631
R-HSA-165158,abstraction:NextStepPathway,R-HSA-9824585,3.307458698562244
R-HSA-2428928,abstraction:NextStepPathway,R-HSA-112399,4.354294717706634
R-HSA-73776,abstraction:NextStepPathway,R-HSA-674695,1.0280054400273
R-HSA-73776,abstraction:NextStepPathway,R-HSA-77075,1.5404253905281031
R-HSA-5218921,abstraction:NextStepPathway,R-HSA-114508,3.878003557029857
R-HSA-5218921,abstraction:NextStepPathway,R-HSA-9856530,2.714140750042086
R-HSA-5218921,abstraction:NextStepPathway,R-HSA-442982,3.883717858293296
R-HSA-5218921,abstraction:NextStepPathway,R-HSA-4419969,3.8981481231223243
R-HSA-5218921,abstraction:NextStepPathway,R-HSA-2871809,3.082063256317331
R-HSA-5218921,abstraction:NextStepPathway,R-HSA-1169091,3.2883193583515467
R-HSA-5218921,abstraction:NextStepPathway,R-HSA-111933,3.5024201902920185
R-HSA-5218921,abstraction:NextStepPathway,R-HSA-9620244,3.516213512424354
R-HSA-5218921,abstraction:NextStepPathway,R-HSA-111957,4.144078400893884
R-HSA-5218921,abstraction:NextStepPathway,R-HSA-112043,3.3269715127858257
R-HSA-5218921,abstraction:NextStepPathway,R-HSA-9664323,3.4288715022692062
R-HSA-5218921,abstraction:NextStepPathway,R-HSA-1855204,3.550525657413133
R-HSA-5218921,abstraction:NextStepPathway,R-HSA-442720,3.9704687847019504
R-HSA-5218921,abstraction:NextStepPathway,R-HSA-2029485,3.6474798984180246
R-HSA-5218921,abstraction:NextStepPathway,R-HSA-9833482,2.6086912703701453
R-HSA-5218921,abstraction:NextStepPathway,R-HSA-442729,3.4696934967894615
R-HSA-5218921,abstraction:NextStepPathway,R-HSA-1855196,3.3236928213241277
R-HSA-5218921,abstraction:NextStepPathway,R-HSA-111932,3.3688887976674957
R-HSA-5218921,abstraction:NextStepPathway,R-HSA-445355,2.9079155458495434
R-HSA-5218921,abstraction:NextStepPathway,R-HSA-203615,2.4423765117218026
R-HSA-5218921,abstraction:NextStepPathway,R-HSA-180024,3.672681690391975
R-HSA-5218921,abstraction:NextStepPathway,R-HSA-111997,3.5181996103959836
R-HSA-5218921,abstraction:NextStepPathway,R-HSA-422356,3.101531749211266
R-HSA-5218921,abstraction:NextStepPathway,R-HSA-5607763,3.6295421977313573
R-HSA-5218921,abstraction:NextStepPathway,R-HSA-1489509,3.416224540568439
R-HSA-5218921,abstraction:NextStepPathway,R-HSA-4086398,3.0053878886583636
R-HSA-5218921,abstraction:NextStepPathway,R-HSA-5627123,3.4055101523560323
R-HSA-5218921,abstraction:NextStepPathway,R-HSA-2025928,3.8361564470943565
R-HSA-5218921,abstraction:NextStepPathway,R-HSA-5218920,2.6612917269264913
R-HSA-5218921,abstraction:NextStepPathway,R-HSA-5578775,3.315542816962203
R-HSA-5218921,abstraction:NextStepPathway,R-HSA-983695,2.4747596375961933
R-HSA-5218921,abstraction:NextStepPathway,R-HSA-2514859,3.1567646416028965
R-HSA-5218921,abstraction:NextStepPathway,R-HSA-1855183,3.4907469059872938
R-HSA-2129379,abstraction:NextStepPathway,R-HSA-2173789,3.0467060379890945
R-HSA-211979,abstraction:NextStepPathway,R-HSA-2142691,3.313920756590335
R-HSA-211979,abstraction:NextStepPathway,R-HSA-2162123,3.1609284227746763
R-HSA-73779,abstraction:NextStepPathway,R-HSA-76042,1.6337842429484766
R-HSA-2179392,abstraction:NextStepPathway,R-HSA-5673001,2.8635576932191458
R-HSA-2179392,abstraction:NextStepPathway,R-HSA-399997,4.147802799984866
R-HSA-2892247,abstraction:NextStepPathway,R-HSA-190372,3.43984053363978
R-HSA-2892247,abstraction:NextStepPathway,R-HSA-2682334,2.726674486189343
R-HSA-2892247,abstraction:NextStepPathway,R-HSA-190373,3.4126403073406237
R-HSA-2892247,abstraction:NextStepPathway,R-HSA-190370,3.4715892319543604
R-HSA-2892247,abstraction:NextStepPathway,R-HSA-9833482,2.449862085974466
R-HSA-2892247,abstraction:NextStepPathway,R-HSA-1181150,3.3966683617745717
R-HSA-2892247,abstraction:NextStepPathway,R-HSA-190322,3.4108529967665278
R-HSA-77075,abstraction:NextStepPathway,R-HSA-72086,1.550934336800099
R-HSA-8853659,abstraction:NextStepPathway,R-HSA-5673001,2.8112318742174063
R-HSA-69166,abstraction:NextStepPathway,R-HSA-69183,3.132139594297507
R-HSA-4085001,abstraction:NextStepPathway,R-HSA-9840309,3.3603635968441363
R-HSA-4085001,abstraction:NextStepPathway,R-HSA-428643,3.6542903674205514
R-HSA-4085001,abstraction:NextStepPathway,R-HSA-9840310,2.793738716769889
R-HSA-4085001,abstraction:NextStepPathway,R-HSA-727802,3.508308332917241
R-HSA-4085001,abstraction:NextStepPathway,R-HSA-446210,3.7226326207973695
R-HSA-5696400,abstraction:NextStepPathway,R-HSA-5696397,3.010161167411021
R-HSA-727802,abstraction:NextStepPathway,R-HSA-9840309,3.5546408895582395
R-HSA-727802,abstraction:NextStepPathway,R-HSA-9939291,3.5181996103959836
R-HSA-727802,abstraction:NextStepPathway,R-HSA-156588,3.770082220510357
R-HSA-727802,abstraction:NextStepPathway,R-HSA-1971475,4.002217483016531
R-HSA-727802,abstraction:NextStepPathway,R-HSA-913709,3.8225877178882874
R-HSA-727802,abstraction:NextStepPathway,R-HSA-2022923,4.217328862633476
R-HSA-727802,abstraction:NextStepPathway,R-HSA-2022928,3.814533983081191
R-HSA-727802,abstraction:NextStepPathway,R-HSA-163841,3.0319274438929757
R-HSA-727802,abstraction:NextStepPathway,R-HSA-2022870,4.018478003888311
R-HSA-727802,abstraction:NextStepPathway,R-HSA-5653890,4.132987714199725
R-HSA-727802,abstraction:NextStepPathway,R-HSA-189483,3.4198216667492884
R-HSA-727802,abstraction:NextStepPathway,R-HSA-4085001,3.508308332917241
R-HSA-727802,abstraction:NextStepPathway,R-HSA-156584,3.393153419667127
R-HSA-727802,abstraction:NextStepPathway,R-HSA-173599,3.9925865899555695
R-HSA-727802,abstraction:NextStepPathway,R-HSA-9749641,3.4715892319543604
R-HSA-727802,abstraction:NextStepPathway,R-HSA-2022854,4.0316795157468475
R-HSA-432720,abstraction:NextStepPathway,R-HSA-199992,2.8791748768415206
R-HSA-110357,abstraction:NextStepPathway,R-HSA-73933,2.9702965688470933
R-HSA-432040,abstraction:NextStepPathway,R-HSA-111931,4.058617171478655
R-HSA-432040,abstraction:NextStepPathway,R-HSA-418594,2.724874305685195
R-HSA-432040,abstraction:NextStepPathway,R-HSA-9856530,2.720387981426522
R-HSA-432040,abstraction:NextStepPathway,R-HSA-164378,4.136670959616022
R-HSA-432040,abstraction:NextStepPathway,R-HSA-9634597,3.658856585400133
R-HSA-432040,abstraction:NextStepPathway,R-HSA-111957,4.170445276734626
R-HSA-432040,abstraction:NextStepPathway,R-HSA-9664323,3.4361708047508177
R-HSA-432040,abstraction:NextStepPathway,R-HSA-163560,3.3879040637809834
R-HSA-432040,abstraction:NextStepPathway,R-HSA-418597,3.4678013486374235
R-HSA-432040,abstraction:NextStepPathway,R-HSA-442720,3.9957865926862404
R-HSA-432040,abstraction:NextStepPathway,R-HSA-163359,3.9396971260351967
R-HSA-432040,abstraction:NextStepPathway,R-HSA-180024,3.689056325263765
R-HSA-432040,abstraction:NextStepPathway,R-HSA-418555,3.312301323038032
R-HSA-432040,abstraction:NextStepPathway,R-HSA-163358,3.976738397715546
R-HSA-432040,abstraction:NextStepPathway,R-HSA-381676,3.6542903674205514
R-HSA-432040,abstraction:NextStepPathway,R-HSA-9634600,3.942732029730351
R-HSA-432040,abstraction:NextStepPathway,R-HSA-163615,4.035007305839522
R-HSA-432040,abstraction:NextStepPathway,R-HSA-392517,3.8923510054379986
R-HSA-432040,abstraction:NextStepPathway,R-HSA-9660821,3.57969439200379
R-HSA-1483152,abstraction:NextStepPathway,R-HSA-1483213,4.372813765473872
R-HSA-1483152,abstraction:NextStepPathway,R-HSA-1483166,3.7752104368772765
R-HSA-196025,abstraction:NextStepPathway,R-HSA-190873,5.3320705332314695
R-HSA-69278,abstraction:NextStepPathway,R-HSA-453274,-0.2017044976695009
R-HSA-9909620,abstraction:NextStepPathway,R-HSA-9929356,3.5181996103959836
R-HSA-9909620,abstraction:NextStepPathway,R-HSA-9931269,3.6097395704351776
R-HSA-9909620,abstraction:NextStepPathway,R-HSA-9929491,3.5924605228268254
R-HSA-9909620,abstraction:NextStepPathway,R-HSA-9931295,4.213336841363939
R-HSA-937041,abstraction:NextStepPathway,R-HSA-9013957,3.942732029730351
R-HSA-937041,abstraction:NextStepPathway,R-HSA-2562578,3.6703641922516126
R-HSA-937041,abstraction:NextStepPathway,R-HSA-168927,3.976738397715546
R-HSA-203615,abstraction:NextStepPathway,R-HSA-1474151,2.2863873292720847
R-HSA-203615,abstraction:NextStepPathway,R-HSA-203641,2.390845957347036
R-HSA-203615,abstraction:NextStepPathway,R-HSA-9009391,2.188128537390387
R-HSA-203615,abstraction:NextStepPathway,R-HSA-5218920,2.067428857305079
R-HSA-195399,abstraction:NextStepPathway,R-HSA-4420097,1.8234416112326446
R-HSA-1855184,abstraction:NextStepPathway,R-HSA-1855156,6.075228134366077
R-HSA-1855184,abstraction:NextStepPathway,R-HSA-1855231,5.344340625823284
R-HSA-1855184,abstraction:NextStepPathway,R-HSA-1855215,6.075228134366077
R-HSA-1170546,abstraction:NextStepPathway,R-HSA-1251985,2.981857391248169
R-HSA-1170546,abstraction:NextStepPathway,R-HSA-982772,2.89397430128746
R-HSA-75109,abstraction:NextStepPathway,R-HSA-1483166,3.603224889413984
R-HSA-1266695,abstraction:NextStepPathway,R-HSA-2586552,2.5896581819383164
R-HSA-1266695,abstraction:NextStepPathway,R-HSA-9020558,2.447815002352741
R-HSA-1266695,abstraction:NextStepPathway,R-HSA-3247509,2.426903616418558
R-HSA-1266695,abstraction:NextStepPathway,R-HSA-8985947,2.793738716769889
R-HSA-1266695,abstraction:NextStepPathway,R-HSA-512988,2.805366754765008
R-HSA-1266695,abstraction:NextStepPathway,R-HSA-9703465,2.9079155458495434
R-HSA-1266695,abstraction:NextStepPathway,R-HSA-6785807,2.315818529446302
R-HSA-1266695,abstraction:NextStepPathway,R-HSA-9020958,2.9464453530249135
R-HSA-1266695,abstraction:NextStepPathway,R-HSA-8983432,2.337558516082708
R-HSA-1266695,abstraction:NextStepPathway,R-HSA-9702518,2.912244556939129
R-HSA-1266695,abstraction:NextStepPathway,R-HSA-982772,2.6110960811483244
R-HSA-180024,abstraction:NextStepPathway,R-HSA-111931,4.287751326930023
R-HSA-180024,abstraction:NextStepPathway,R-HSA-9856530,2.774654168077478
R-HSA-180024,abstraction:NextStepPathway,R-HSA-164378,4.372813765473872
R-HSA-180024,abstraction:NextStepPathway,R-HSA-9634597,3.795990405369022
R-HSA-180024,abstraction:NextStepPathway,R-HSA-9664323,3.552581156595229
R-HSA-180024,abstraction:NextStepPathway,R-HSA-163560,3.500465155456215
R-HSA-180024,abstraction:NextStepPathway,R-HSA-442720,4.213336841363939
R-HSA-180024,abstraction:NextStepPathway,R-HSA-432040,3.689056325263765
R-HSA-180024,abstraction:NextStepPathway,R-HSA-163358,4.1858301955741055
R-HSA-180024,abstraction:NextStepPathway,R-HSA-9634600,4.151541122095473
R-HSA-180024,abstraction:NextStepPathway,R-HSA-163615,4.258150857153732
R-HSA-180024,abstraction:NextStepPathway,R-HSA-9660821,3.7057035586969214
R-HSA-111452,abstraction:NextStepPathway,R-HSA-111457,5.261452966017516
R-HSA-111452,abstraction:NextStepPathway,R-HSA-5620971,3.689056325263765
R-HSA-111997,abstraction:NextStepPathway,R-HSA-9856530,2.7097022163460607
R-HSA-111997,abstraction:NextStepPathway,R-HSA-442982,3.8694928673619486
R-HSA-111997,abstraction:NextStepPathway,R-HSA-2871809,3.0705615320783197
R-HSA-111997,abstraction:NextStepPathway,R-HSA-111933,3.5181996103959836
R-HSA-111997,abstraction:NextStepPathway,R-HSA-9620244,3.508308332917241
R-HSA-111997,abstraction:NextStepPathway,R-HSA-111957,4.136670959616022
R-HSA-111997,abstraction:NextStepPathway,R-HSA-442720,3.967348657365707
R-HSA-111997,abstraction:NextStepPathway,R-HSA-442729,3.4715892319543604
R-HSA-111997,abstraction:NextStepPathway,R-HSA-111932,3.3706025941452307
R-HSA-111997,abstraction:NextStepPathway,R-HSA-445355,2.9046810416818842
R-HSA-111997,abstraction:NextStepPathway,R-HSA-203615,2.439668317784923
R-HSA-111997,abstraction:NextStepPathway,R-HSA-180024,3.668052052493233
R-HSA-111997,abstraction:NextStepPathway,R-HSA-5607763,3.614106389601518
R-HSA-111997,abstraction:NextStepPathway,R-HSA-4086398,2.9970890858436685
R-HSA-111997,abstraction:NextStepPathway,R-HSA-5627123,3.3984304767679707
R-HSA-111997,abstraction:NextStepPathway,R-HSA-2025928,3.8252867748574526
R-HSA-111997,abstraction:NextStepPathway,R-HSA-5218920,2.6562412111404226
R-HSA-2454202,abstraction:NextStepPathway,R-HSA-2730905,2.3345106624584546
R-HSA-349425,abstraction:NextStepPathway,R-HSA-69473,2.952072829890642
R-HSA-349425,abstraction:NextStepPathway,R-HSA-69541,3.677332861567706
R-HSA-349425,abstraction:NextStepPathway,R-HSA-6804756,2.8676984858851773
R-HSA-500753,abstraction:NextStepPathway,R-HSA-379716,2.891846640910343
R-HSA-500753,abstraction:NextStepPathway,R-HSA-71737,4.34062707897797
R-HSA-500753,abstraction:NextStepPathway,R-HSA-499943,3.0541780528277958
R-HSA-180292,abstraction:NextStepPathway,R-HSA-6811558,3.762438871197789
R-HSA-180292,abstraction:NextStepPathway,R-HSA-1257604,2.624833670929688
R-HSA-180292,abstraction:NextStepPathway,R-HSA-5654695,3.494622879831987
R-HSA-180292,abstraction:NextStepPathway,R-HSA-5654720,3.494622879831987
R-HSA-180292,abstraction:NextStepPathway,R-HSA-5654710,3.494622879831987
R-HSA-180292,abstraction:NextStepPathway,R-HSA-5654689,3.494622879831987
R-HSA-8939211,abstraction:NextStepPathway,R-HSA-1251985,1.9325004912286896
R-HSA-8939211,abstraction:NextStepPathway,R-HSA-9018519,1.295673792475801
R-HSA-8939211,abstraction:NextStepPathway,R-HSA-8931987,2.0165550357861153
R-HSA-1181150,abstraction:NextStepPathway,R-HSA-2173795,3.806544593047712
R-HSA-1181150,abstraction:NextStepPathway,R-HSA-9754189,3.4416804605617872
R-HSA-1181150,abstraction:NextStepPathway,R-HSA-2173796,3.614106389601518
R-HSA-1181150,abstraction:NextStepPathway,R-HSA-9796292,4.465790221931976
R-HSA-1181150,abstraction:NextStepPathway,R-HSA-2173789,2.9970890858436685
R-HSA-1181150,abstraction:NextStepPathway,R-HSA-8941855,4.279204266351564
R-HSA-1181150,abstraction:NextStepPathway,R-HSA-1433617,4.959666287384193
R-HSA-1181150,abstraction:NextStepPathway,R-HSA-9823730,3.5484743746425758
R-HSA-1181150,abstraction:NextStepPathway,R-HSA-1502540,4.34062707897797
R-HSA-1181150,abstraction:NextStepPathway,R-HSA-9617828,3.878003557029857
R-HSA-5357905,abstraction:NextStepPathway,R-HSA-3371378,2.1489482683130654
R-HSA-8878166,abstraction:NextStepPathway,R-HSA-8941326,2.643725403208592
R-HSA-8878166,abstraction:NextStepPathway,R-HSA-8941332,2.785105569625186
R-HSA-8878166,abstraction:NextStepPathway,R-HSA-8940973,2.5818334158800864
R-HSA-8878166,abstraction:NextStepPathway,R-HSA-8941284,2.8441197410622414
R-HSA-8878166,abstraction:NextStepPathway,R-HSA-8941333,2.8471638834434696
R-HSA-8878166,abstraction:NextStepPathway,R-HSA-8939902,2.229454514479131
R-HSA-167243,abstraction:NextStepPathway,R-HSA-167246,2.0782043187924666
R-HSA-5673000,abstraction:NextStepPathway,R-HSA-9726842,4.114772274308384
R-HSA-5673000,abstraction:NextStepPathway,R-HSA-9726840,4.1075779986743575
R-HSA-5673000,abstraction:NextStepPathway,R-HSA-5674135,3.4108529967665278
R-HSA-167044,abstraction:NextStepPathway,R-HSA-171007,4.331618009035604
R-HSA-419771,abstraction:NextStepPathway,R-HSA-418594,2.9375067460241024
R-HSA-419771,abstraction:NextStepPathway,R-HSA-416476,3.7423376918767017
R-HSA-9023661,abstraction:NextStepPathway,R-HSA-373076,2.657081194390148
R-HSA-9909649,abstraction:NextStepPathway,R-HSA-9909620,3.3844197396983726
R-HSA-2142691,abstraction:NextStepPathway,R-HSA-2142688,3.4126403073406237
R-HSA-2142691,abstraction:NextStepPathway,R-HSA-2142700,3.2330057203674945
R-HSA-2142691,abstraction:NextStepPathway,R-HSA-211979,3.313920756590335
R-HSA-2142691,abstraction:NextStepPathway,R-HSA-9664535,3.4659127739495554
R-HSA-964827,abstraction:NextStepPathway,R-HSA-964739,5.356763145821841
R-HSA-418555,abstraction:NextStepPathway,R-HSA-418217,3.762438871197789
R-HSA-418555,abstraction:NextStepPathway,R-HSA-418594,2.6110960811483244
R-HSA-418555,abstraction:NextStepPathway,R-HSA-9856530,2.6038989289298384
R-HSA-418555,abstraction:NextStepPathway,R-HSA-164378,3.725074624452921
R-HSA-418555,abstraction:NextStepPathway,R-HSA-9634597,3.394909346369392
R-HSA-418555,abstraction:NextStepPathway,R-HSA-392451,3.652015053583416
R-HSA-418555,abstraction:NextStepPathway,R-HSA-9664323,3.2108318628731722
R-HSA-418555,abstraction:NextStepPathway,R-HSA-418597,3.2390027398398686
R-HSA-418555,abstraction:NextStepPathway,R-HSA-442720,3.6295421977313573
R-HSA-418555,abstraction:NextStepPathway,R-HSA-163359,3.590321484578076
R-HSA-418555,abstraction:NextStepPathway,R-HSA-432040,3.312301323038032
R-HSA-418555,abstraction:NextStepPathway,R-HSA-180024,3.4108529967665278
R-HSA-418555,abstraction:NextStepPathway,R-HSA-4086398,2.859433976035284
R-HSA-418555,abstraction:NextStepPathway,R-HSA-8964315,3.6750045718081146
R-HSA-418555,abstraction:NextStepPathway,R-HSA-8964616,3.4453705016492413
R-HSA-418555,abstraction:NextStepPathway,R-HSA-163615,3.656570870119277
R-HSA-418555,abstraction:NextStepPathway,R-HSA-9660821,3.328614898529556
R-HSA-9033807,abstraction:NextStepPathway,R-HSA-9037629,3.852685749045567
R-HSA-209968,abstraction:NextStepPathway,R-HSA-350864,3.98621714167009
R-HSA-209968,abstraction:NextStepPathway,R-HSA-8941413,3.526183684744204
R-HSA-422356,abstraction:NextStepPathway,R-HSA-9856530,2.5017307543709855
R-HSA-422356,abstraction:NextStepPathway,R-HSA-2871809,2.785105569625186
R-HSA-422356,abstraction:NextStepPathway,R-HSA-1169091,2.936395017171412
R-HSA-422356,abstraction:NextStepPathway,R-HSA-112043,2.9668542246561205
R-HSA-422356,abstraction:NextStepPathway,R-HSA-9664323,3.03315068563572
R-HSA-422356,abstraction:NextStepPathway,R-HSA-2029485,3.170711869083747
R-HSA-422356,abstraction:NextStepPathway,R-HSA-445355,2.655401932870428
R-HSA-422356,abstraction:NextStepPathway,R-HSA-5218921,3.101531749211266
R-HSA-422356,abstraction:NextStepPathway,R-HSA-111997,3.0950000473480506
R-HSA-422356,abstraction:NextStepPathway,R-HSA-5607763,3.162320211447499
R-HSA-422356,abstraction:NextStepPathway,R-HSA-1489509,3.0246192505862513
R-HSA-422356,abstraction:NextStepPathway,R-HSA-4086398,2.7311891665438695
R-HSA-422356,abstraction:NextStepPathway,R-HSA-5578775,2.9554645798917627
R-HSA-422356,abstraction:NextStepPathway,R-HSA-983695,2.3027619641438744
R-HSA-422356,abstraction:NextStepPathway,R-HSA-2514859,2.8441197410622414
R-HSA-71384,abstraction:NextStepPathway,R-HSA-379716,2.8553271940826304
R-HSA-71384,abstraction:NextStepPathway,R-HSA-71737,4.201455513477186
R-HSA-9703648,abstraction:NextStepPathway,R-HSA-9702518,3.508308332917241
R-HSA-210990,abstraction:NextStepPathway,R-HSA-432142,3.700918860573585
R-HSA-1222538,abstraction:NextStepPathway,R-HSA-1222541,3.830706842326792
R-HSA-8941855,abstraction:NextStepPathway,R-HSA-8952158,4.455586051757734
R-HSA-9694786,abstraction:NextStepPathway,R-HSA-9727281,3.52818970347107
R-HSA-9694786,abstraction:NextStepPathway,R-HSA-9694635,3.1862818934611328
R-HSA-9694786,abstraction:NextStepPathway,R-HSA-9694686,2.1200474028253096
R-HSA-5654688,abstraction:NextStepPathway,R-HSA-5673001,2.9611431868606064
R-HSA-5365859,abstraction:NextStepPathway,R-HSA-211916,3.7177664311461966
R-HSA-5365859,abstraction:NextStepPathway,R-HSA-5362517,3.2820201249235597
R-HSA-8951671,abstraction:NextStepPathway,R-HSA-2032785,4.523854022886737
R-HSA-1236978,abstraction:NextStepPathway,R-HSA-983170,2.9352845228873847
R-HSA-1236978,abstraction:NextStepPathway,R-HSA-983168,3.656570870119277
R-HSA-1236978,abstraction:NextStepPathway,R-HSA-1236977,3.967348657365707
R-HSA-399719,abstraction:NextStepPathway,R-HSA-399710,4.663615965261896
R-HSA-5607763,abstraction:NextStepPathway,R-HSA-9856530,2.7531479628565148
R-HSA-5607763,abstraction:NextStepPathway,R-HSA-442982,4.028362763120853
R-HSA-5607763,abstraction:NextStepPathway,R-HSA-2871809,3.145745246353286
R-HSA-5607763,abstraction:NextStepPathway,R-HSA-1169091,3.3637649606676265
R-HSA-5607763,abstraction:NextStepPathway,R-HSA-111933,3.5967523749083665
R-HSA-5607763,abstraction:NextStepPathway,R-HSA-9620244,3.611920596381538
R-HSA-5607763,abstraction:NextStepPathway,R-HSA-111957,4.34062707897797
R-HSA-5607763,abstraction:NextStepPathway,R-HSA-112043,3.401964049349282
R-HSA-5607763,abstraction:NextStepPathway,R-HSA-9664323,3.512253111208257
R-HSA-5607763,abstraction:NextStepPathway,R-HSA-442720,4.125661674107652
R-HSA-5607763,abstraction:NextStepPathway,R-HSA-2029485,3.752337775211285
R-HSA-5607763,abstraction:NextStepPathway,R-HSA-442729,3.5608456664451227
R-HSA-5607763,abstraction:NextStepPathway,R-HSA-111932,3.4509312203339384
R-HSA-5607763,abstraction:NextStepPathway,R-HSA-445355,2.9588678730234705
R-HSA-5607763,abstraction:NextStepPathway,R-HSA-5218921,3.6295421977313573
R-HSA-5607763,abstraction:NextStepPathway,R-HSA-203615,2.4747596375961933
R-HSA-5607763,abstraction:NextStepPathway,R-HSA-180024,3.795990405369022
R-HSA-5607763,abstraction:NextStepPathway,R-HSA-111997,3.614106389601518
R-HSA-5607763,abstraction:NextStepPathway,R-HSA-422356,3.162320211447499
R-HSA-5607763,abstraction:NextStepPathway,R-HSA-9942503,3.477298096174681
R-HSA-5607763,abstraction:NextStepPathway,R-HSA-1489509,3.496566515040558
R-HSA-5607763,abstraction:NextStepPathway,R-HSA-4086398,3.064228388681297
R-HSA-5607763,abstraction:NextStepPathway,R-HSA-5627123,3.49268301501416
R-HSA-5607763,abstraction:NextStepPathway,R-HSA-2025928,3.98621714167009
R-HSA-5607763,abstraction:NextStepPathway,R-HSA-5218920,2.7000062391071817
R-HSA-5607763,abstraction:NextStepPathway,R-HSA-5578775,3.394909346369392
R-HSA-5607763,abstraction:NextStepPathway,R-HSA-983695,2.5067794488309647
R-HSA-5607763,abstraction:NextStepPathway,R-HSA-2514859,3.2225967044527586
R-HSA-110056,abstraction:NextStepPathway,R-HSA-5673001,2.9242468832357646
R-HSA-110056,abstraction:NextStepPathway,R-HSA-445144,3.9580462647033934
R-HSA-110056,abstraction:NextStepPathway,R-HSA-170968,3.3654699909187102
R-HSA-110056,abstraction:NextStepPathway,R-HSA-112409,4.568305785457571
R-HSA-375280,abstraction:NextStepPathway,R-HSA-418555,3.4453705016492413
R-HSA-375280,abstraction:NextStepPathway,R-HSA-9660821,3.7573755692412423
R-HSA-9942503,abstraction:NextStepPathway,R-HSA-9020591,2.6191541424780866
R-HSA-68875,abstraction:NextStepPathway,R-HSA-380320,2.125464800955083
R-HSA-6807047,abstraction:NextStepPathway,R-HSA-191273,2.8532801104609056
R-HSA-9692913,abstraction:NextStepPathway,R-HSA-9686347,4.574003806572208
R-HSA-190840,abstraction:NextStepPathway,R-HSA-190861,5.448330339347332
R-HSA-918233,abstraction:NextStepPathway,R-HSA-936440,3.5546408895582395
R-HSA-918233,abstraction:NextStepPathway,R-HSA-5689896,3.616296970981337
R-HSA-918233,abstraction:NextStepPathway,R-HSA-9013973,3.148488732299037
R-HSA-918233,abstraction:NextStepPathway,R-HSA-936964,2.815161152357296
R-HSA-918233,abstraction:NextStepPathway,R-HSA-9705671,2.153000958763689
R-HSA-918233,abstraction:NextStepPathway,R-HSA-933541,3.6384708284756586
R-HSA-918233,abstraction:NextStepPathway,R-HSA-9833109,3.43984053363978
R-HSA-110312,abstraction:NextStepPathway,R-HSA-110313,2.072567854832998
R-HSA-110312,abstraction:NextStepPathway,R-HSA-5656169,2.4275713960760945
R-HSA-75876,abstraction:NextStepPathway,R-HSA-75105,3.1133974124877666
R-HSA-1489509,abstraction:NextStepPathway,R-HSA-114508,3.7105112602650245
R-HSA-1489509,abstraction:NextStepPathway,R-HSA-9856530,2.6587632805731327
R-HSA-1489509,abstraction:NextStepPathway,R-HSA-2871809,3.003009766253396
R-HSA-1489509,abstraction:NextStepPathway,R-HSA-1169091,3.1920043697351987
R-HSA-1489509,abstraction:NextStepPathway,R-HSA-112043,3.2435242245587146
R-HSA-1489509,abstraction:NextStepPathway,R-HSA-9664323,3.325330823328366
R-HSA-1489509,abstraction:NextStepPathway,R-HSA-1855204,3.4288715022692062
R-HSA-1489509,abstraction:NextStepPathway,R-HSA-2029485,3.512253111208257
R-HSA-1489509,abstraction:NextStepPathway,R-HSA-1855196,3.224077089623193
R-HSA-1489509,abstraction:NextStepPathway,R-HSA-445355,2.842095448873011
R-HSA-1489509,abstraction:NextStepPathway,R-HSA-5218921,3.416224540568439
R-HSA-1489509,abstraction:NextStepPathway,R-HSA-111997,3.4198216667492884
R-HSA-1489509,abstraction:NextStepPathway,R-HSA-422356,3.0246192505862513
R-HSA-1489509,abstraction:NextStepPathway,R-HSA-5607763,3.496566515040558
R-HSA-1489509,abstraction:NextStepPathway,R-HSA-4086398,2.9308548367957967
R-HSA-1489509,abstraction:NextStepPathway,R-HSA-5578775,3.2166969823255704
R-HSA-1489509,abstraction:NextStepPathway,R-HSA-983695,2.4309169997320166
R-HSA-1489509,abstraction:NextStepPathway,R-HSA-2514859,3.073106062713314
R-HSA-1489509,abstraction:NextStepPathway,R-HSA-1855183,3.375761676955258
R-HSA-69002,abstraction:NextStepPathway,R-HSA-69206,2.0353307326285486
R-HSA-69002,abstraction:NextStepPathway,R-HSA-69239,2.167831197326713
R-HSA-73843,abstraction:NextStepPathway,R-HSA-73817,3.5024201902920185
R-HSA-73843,abstraction:NextStepPathway,R-HSA-500753,4.345162234143361
R-HSA-9705671,abstraction:NextStepPathway,R-HSA-5684264,2.152493473343003
R-HSA-9705671,abstraction:NextStepPathway,R-HSA-9758274,2.151986245333142
R-HSA-9705671,abstraction:NextStepPathway,R-HSA-933542,2.235500149820641
R-HSA-9705671,abstraction:NextStepPathway,R-HSA-445989,2.123491440669908
R-HSA-9705671,abstraction:NextStepPathway,R-HSA-983170,1.97704479583681
R-HSA-9705671,abstraction:NextStepPathway,R-HSA-975155,1.8285660733983784
R-HSA-9705671,abstraction:NextStepPathway,R-HSA-909733,1.858741579524146
R-HSA-9705671,abstraction:NextStepPathway,R-HSA-918233,2.153000958763689
R-HSA-9705671,abstraction:NextStepPathway,R-HSA-9860276,2.223990020007052
R-HSA-9705671,abstraction:NextStepPathway,R-HSA-912694,2.1693779880450115
R-HSA-9705671,abstraction:NextStepPathway,R-HSA-1810476,2.2196398228258993
R-HSA-9705671,abstraction:NextStepPathway,R-HSA-168928,1.9791756297988194
R-HSA-9832991,abstraction:NextStepPathway,R-HSA-9823739,3.782952411030892
R-HSA-195253,abstraction:NextStepPathway,R-HSA-196299,2.6587632805731327
R-HSA-8964540,abstraction:NextStepPathway,R-HSA-70268,3.03315068563572
R-HSA-5263617,abstraction:NextStepPathway,R-HSA-2408508,4.129317985310763
R-HSA-5263617,abstraction:NextStepPathway,R-HSA-2408552,5.143669930361133
R-HSA-9730628,abstraction:NextStepPathway,R-HSA-9717207,3.382682119799832
R-HSA-110373,abstraction:NextStepPathway,R-HSA-5651801,2.6817527987978313
R-HSA-110373,abstraction:NextStepPathway,R-HSA-110362,3.1891390382619127
R-HSA-4086398,abstraction:NextStepPathway,R-HSA-114508,3.1963178199889186
R-HSA-4086398,abstraction:NextStepPathway,R-HSA-418217,3.3335613224648815
R-HSA-4086398,abstraction:NextStepPathway,R-HSA-2871809,2.716813357423563
R-HSA-4086398,abstraction:NextStepPathway,R-HSA-112043,2.8781261090474364
R-HSA-4086398,abstraction:NextStepPathway,R-HSA-9664323,2.939733918436927
R-HSA-4086398,abstraction:NextStepPathway,R-HSA-76005,3.2726450562581033
R-HSA-4086398,abstraction:NextStepPathway,R-HSA-2029485,3.0680234596498486
R-HSA-4086398,abstraction:NextStepPathway,R-HSA-5218921,3.0053878886583636
R-HSA-4086398,abstraction:NextStepPathway,R-HSA-422356,2.7311891665438695
R-HSA-4086398,abstraction:NextStepPathway,R-HSA-5607763,3.064228388681297
R-HSA-4086398,abstraction:NextStepPathway,R-HSA-1489509,2.9308548367957967
R-HSA-4086398,abstraction:NextStepPathway,R-HSA-5578775,2.8708153715254303
R-HSA-4086398,abstraction:NextStepPathway,R-HSA-983695,2.258361474421515
R-HSA-4086398,abstraction:NextStepPathway,R-HSA-426048,3.26181741760604
R-HSA-4086398,abstraction:NextStepPathway,R-HSA-8964315,3.2710910543913694
R-HSA-4086398,abstraction:NextStepPathway,R-HSA-8964616,3.112072031246698
R-HSA-9026762,abstraction:NextStepPathway,R-HSA-9026395,4.7551831587873865
R-HSA-76042,abstraction:NextStepPathway,R-HSA-674695,1.0853189707869377
R-HSA-76042,abstraction:NextStepPathway,R-HSA-75953,1.6539191513575324
R-HSA-1368108,abstraction:NextStepPathway,R-HSA-196807,2.747612893374513
R-HSA-1368108,abstraction:NextStepPathway,R-HSA-400206,2.558719906192927
R-HSA-1368108,abstraction:NextStepPathway,R-HSA-159740,3.1609284227746763
R-HSA-1368108,abstraction:NextStepPathway,R-HSA-1989781,2.18236181105547
R-HSA-8866907,abstraction:NextStepPathway,R-HSA-8866910,4.0793075647361015
R-HSA-8866907,abstraction:NextStepPathway,R-HSA-8866911,4.721509943680799
R-HSA-8866907,abstraction:NextStepPathway,R-HSA-3232118,4.041696293990318
R-HSA-8866907,abstraction:NextStepPathway,R-HSA-8869496,4.4404724139476865
R-HSA-8866907,abstraction:NextStepPathway,R-HSA-8864260,3.6339965480807375
R-HSA-8866907,abstraction:NextStepPathway,R-HSA-8866906,5.356763145821841
R-HSA-8866907,abstraction:NextStepPathway,R-HSA-8866904,4.65738541551126
R-HSA-75064,abstraction:NextStepPathway,R-HSA-77042,5.549135038469298
R-HSA-77042,abstraction:NextStepPathway,R-HSA-75102,5.4902945384463635
R-HSA-73863,abstraction:NextStepPathway,R-HSA-6790901,2.6938846633663522
R-HSA-73863,abstraction:NextStepPathway,R-HSA-427389,2.882327795901136
R-HSA-73863,abstraction:NextStepPathway,R-HSA-427413,2.6412409298809303
R-HSA-73863,abstraction:NextStepPathway,R-HSA-6791226,1.654535674188405
R-HSA-5656121,abstraction:NextStepPathway,R-HSA-110313,2.0786754613217946
R-HSA-5656121,abstraction:NextStepPathway,R-HSA-5656169,2.435619729258923
R-HSA-210455,abstraction:NextStepPathway,R-HSA-8964539,3.8092006371058282
R-HSA-210455,abstraction:NextStepPathway,R-HSA-210500,3.590321484578076
R-HSA-210455,abstraction:NextStepPathway,R-HSA-5628897,2.985351861897943
R-HSA-203927,abstraction:NextStepPathway,R-HSA-5578749,3.6843504342263524
R-HSA-203927,abstraction:NextStepPathway,R-HSA-426496,4.768976480919722
R-HSA-9834752,abstraction:NextStepPathway,R-HSA-9833110,2.6731764168980057
R-HSA-9834752,abstraction:NextStepPathway,R-HSA-8983711,3.5423456527012025
R-HSA-1606322,abstraction:NextStepPathway,R-HSA-1606341,4.089815542334517
R-HSA-1606322,abstraction:NextStepPathway,R-HSA-1810476,4.197526235337297
R-HSA-8963901,abstraction:NextStepPathway,R-HSA-8964026,3.481122192613084
R-HSA-9660826,abstraction:NextStepPathway,R-HSA-196807,2.8034193344806124
R-HSA-9660826,abstraction:NextStepPathway,R-HSA-418594,2.6199635314336454
R-HSA-9660826,abstraction:NextStepPathway,R-HSA-448706,3.6703641922516126
R-HSA-9660826,abstraction:NextStepPathway,R-HSA-844456,3.2742014768057617
R-HSA-9660826,abstraction:NextStepPathway,R-HSA-5620971,3.124064180291962
R-HSA-9660826,abstraction:NextStepPathway,R-HSA-9707564,2.7568551033393343
R-HSA-9660826,abstraction:NextStepPathway,R-HSA-8850843,3.3535953814979975
R-HSA-9660826,abstraction:NextStepPathway,R-HSA-9020702,2.1575799542993765
R-HSA-9759218,abstraction:NextStepPathway,R-HSA-1614635,2.7531479628565148
R-HSA-9759218,abstraction:NextStepPathway,R-HSA-71032,3.3090703024565857
R-HSA-9759218,abstraction:NextStepPathway,R-HSA-156581,2.917682308239258
R-HSA-9694493,abstraction:NextStepPathway,R-HSA-9705677,4.804315847365031
R-HSA-9694493,abstraction:NextStepPathway,R-HSA-9694322,3.7907547913150768
R-HSA-9694493,abstraction:NextStepPathway,R-HSA-9705671,2.2577976176261982
R-HSA-163282,abstraction:NextStepPathway,R-HSA-163316,6.049910326381786
R-HSA-1483101,abstraction:NextStepPathway,R-HSA-1483213,4.476099591590837
R-HSA-1483101,abstraction:NextStepPathway,R-HSA-1482801,4.529303627654302
R-HSA-168874,abstraction:NextStepPathway,R-HSA-168316,4.455586051757734
R-HSA-376176,abstraction:NextStepPathway,R-HSA-428890,2.544352929395388
R-HSA-376176,abstraction:NextStepPathway,R-HSA-428543,2.5272330471819218
R-HSA-376176,abstraction:NextStepPathway,R-HSA-373752,2.2527371626325823
R-HSA-376176,abstraction:NextStepPathway,R-HSA-428540,2.5451039621006113
R-HSA-376176,abstraction:NextStepPathway,R-HSA-8985586,2.5594818109916884
R-HSA-376176,abstraction:NextStepPathway,R-HSA-428542,2.538364887550766
R-HSA-2173788,abstraction:NextStepPathway,R-HSA-5689603,2.392134617319184
R-HSA-5625740,abstraction:NextStepPathway,R-HSA-75035,3.526183684744204
R-HSA-5625740,abstraction:NextStepPathway,R-HSA-5625886,3.042990863437231
R-HSA-167161,abstraction:NextStepPathway,R-HSA-167162,1.3289591074079847
R-HSA-5689880,abstraction:NextStepPathway,R-HSA-2173795,2.5406062033937795
R-HSA-192105,abstraction:NextStepPathway,R-HSA-1483248,2.7966330747962536
R-HSA-9764790,abstraction:NextStepPathway,R-HSA-9764562,4.06546651332423
R-HSA-1963640,abstraction:NextStepPathway,R-HSA-5673001,2.9231497904213914
R-HSA-9793242,abstraction:NextStepPathway,R-HSA-9615933,3.130789155199636
R-HSA-8939247,abstraction:NextStepPathway,R-HSA-8939245,4.491765708335237
R-HSA-9684325,abstraction:NextStepPathway,R-HSA-9735869,3.573371926264303
R-HSA-9684325,abstraction:NextStepPathway,R-HSA-9679504,3.6339965480807375
R-HSA-9684325,abstraction:NextStepPathway,R-HSA-9692916,2.89931334226688
R-HSA-1663150,abstraction:NextStepPathway,R-HSA-9840310,3.082063256317331
R-HSA-211976,abstraction:NextStepPathway,R-HSA-194002,3.1028432248090767
R-HSA-211976,abstraction:NextStepPathway,R-HSA-193368,2.514036374727752
R-HSA-211976,abstraction:NextStepPathway,R-HSA-193144,3.061706319248587
R-HSA-211976,abstraction:NextStepPathway,R-HSA-196108,3.073106062713314
R-HSA-211976,abstraction:NextStepPathway,R-HSA-191273,2.432258381556218
R-HSA-211976,abstraction:NextStepPathway,R-HSA-193775,2.64704766540057
R-HSA-211976,abstraction:NextStepPathway,R-HSA-193993,3.106788003100093
R-HSA-211976,abstraction:NextStepPathway,R-HSA-193807,3.0089657100062475
R-HSA-111446,abstraction:NextStepPathway,R-HSA-111453,5.356763145821841
R-HSA-74751,abstraction:NextStepPathway,R-HSA-5673001,2.576392283140005
R-HSA-74751,abstraction:NextStepPathway,R-HSA-179812,3.4734885677580127
R-HSA-74751,abstraction:NextStepPathway,R-HSA-74749,3.3335613224648815
R-HSA-74751,abstraction:NextStepPathway,R-HSA-912526,3.512253111208257
R-HSA-74751,abstraction:NextStepPathway,R-HSA-2428933,3.4108529967665278
R-HSA-74751,abstraction:NextStepPathway,R-HSA-180336,3.3984304767679707
R-HSA-74751,abstraction:NextStepPathway,R-HSA-171007,3.443523779056077
R-HSA-74751,abstraction:NextStepPathway,R-HSA-167044,3.338532335186902
R-HSA-74751,abstraction:NextStepPathway,R-HSA-112412,3.52818970347107
R-HSA-9958790,abstraction:NextStepPathway,R-HSA-427601,4.193612336016161
R-HSA-190704,abstraction:NextStepPathway,R-HSA-190872,5.8267667750675765
R-HSA-190704,abstraction:NextStepPathway,R-HSA-190840,5.806964147771397
R-HSA-390696,abstraction:NextStepPathway,R-HSA-418597,3.909844162885516
R-HSA-390696,abstraction:NextStepPathway,R-HSA-416476,3.6843504342263524
R-HSA-390696,abstraction:NextStepPathway,R-HSA-418555,3.677332861567706
R-HSA-390696,abstraction:NextStepPathway,R-HSA-416482,4.274957975470112
R-HSA-390696,abstraction:NextStepPathway,R-HSA-9660821,4.089815542334517
R-HSA-110330,abstraction:NextStepPathway,R-HSA-110331,3.4985139353249535
R-HSA-159230,abstraction:NextStepPathway,R-HSA-72662,2.781292409618772
R-HSA-176409,abstraction:NextStepPathway,R-HSA-176407,2.2794508852754274
R-HSA-176409,abstraction:NextStepPathway,R-HSA-2467813,1.5556717011009769
R-HSA-176409,abstraction:NextStepPathway,R-HSA-174048,2.144911935890605
R-HSA-176409,abstraction:NextStepPathway,R-HSA-174154,2.1107586535653877
R-HSA-1660499,abstraction:NextStepPathway,R-HSA-6811558,3.1763456868020032
R-HSA-1660499,abstraction:NextStepPathway,R-HSA-166058,2.092436058049723
R-HSA-1660499,abstraction:NextStepPathway,R-HSA-1257604,2.397305928132562
R-HSA-1660499,abstraction:NextStepPathway,R-HSA-199418,3.2181686529370266
R-HSA-1660499,abstraction:NextStepPathway,R-HSA-1855204,3.0368294144931824
R-HSA-1660499,abstraction:NextStepPathway,R-HSA-1660524,3.3637649606676265
R-HSA-1660499,abstraction:NextStepPathway,R-HSA-1660516,3.0380586709479123
R-HSA-1660499,abstraction:NextStepPathway,R-HSA-1482922,3.2079121527698375
R-HSA-1660499,abstraction:NextStepPathway,R-HSA-202424,2.4309169997320166
R-HSA-163316,abstraction:NextStepPathway,R-HSA-6785470,4.420669786651507
R-HSA-163316,abstraction:NextStepPathway,R-HSA-8868766,4.410913611706142
R-HSA-201451,abstraction:NextStepPathway,R-HSA-8941326,3.5629225103899618
R-HSA-156842,abstraction:NextStepPathway,R-HSA-156902,1.2903037870892762
R-HSA-192905,abstraction:NextStepPathway,R-HSA-168325,3.556704873779091
R-HSA-5632684,abstraction:NextStepPathway,R-HSA-8941284,3.1028432248090767
R-HSA-5632684,abstraction:NextStepPathway,R-HSA-5610780,2.7512995334947323
R-HSA-5632684,abstraction:NextStepPathway,R-HSA-5635851,3.1227245953629055
R-HSA-2160916,abstraction:NextStepPathway,R-HSA-2142845,3.9611374572730664
R-HSA-390648,abstraction:NextStepPathway,R-HSA-418594,2.9275454018944296
R-HSA-390648,abstraction:NextStepPathway,R-HSA-416476,3.7226326207973695
R-HSA-975110,abstraction:NextStepPathway,R-HSA-3134963,4.300710471572527
R-HSA-975110,abstraction:NextStepPathway,R-HSA-933541,3.8172113608519074
R-HSA-173736,abstraction:NextStepPathway,R-HSA-977606,2.4601608381750406
R-HSA-173736,abstraction:NextStepPathway,R-HSA-174577,3.9127896731152725
R-HSA-69109,abstraction:NextStepPathway,R-HSA-69186,3.382682119799832
R-HSA-168188,abstraction:NextStepPathway,R-HSA-166058,1.88092222116392
R-HSA-9674555,abstraction:NextStepPathway,R-HSA-9705462,2.5206129420923156
R-HSA-6804759,abstraction:NextStepPathway,R-HSA-6803211,4.36815175236806
R-HSA-6804759,abstraction:NextStepPathway,R-HSA-139915,4.460675121265206
R-HSA-6804759,abstraction:NextStepPathway,R-HSA-6804116,3.814533983081191
R-HSA-6804759,abstraction:NextStepPathway,R-HSA-69895,4.318254781223437
R-HSA-6804759,abstraction:NextStepPathway,R-HSA-6803204,3.483039738742356
R-HSA-6804759,abstraction:NextStepPathway,R-HSA-6803205,3.691417601449445
R-HSA-9025094,abstraction:NextStepPathway,R-HSA-9027604,3.677332861567706
R-HSA-9025094,abstraction:NextStepPathway,R-HSA-9026403,4.790029890117554
R-HSA-9933387,abstraction:NextStepPathway,R-HSA-1989781,2.248260378435011
R-HSA-983712,abstraction:NextStepPathway,R-HSA-77387,3.2587452185690697
R-HSA-156711,abstraction:NextStepPathway,R-HSA-69273,2.83906667321085
R-HSA-156711,abstraction:NextStepPathway,R-HSA-380270,2.0232202459755144
R-HSA-156711,abstraction:NextStepPathway,R-HSA-2565942,1.5757034049125078
R-HSA-73762,abstraction:NextStepPathway,R-HSA-427359,3.0705615320783197
R-HSA-73762,abstraction:NextStepPathway,R-HSA-73772,2.8656259462832048
R-HSA-198323,abstraction:NextStepPathway,R-HSA-5628897,2.896106498257301
R-HSA-198323,abstraction:NextStepPathway,R-HSA-111447,4.415779801357314
R-HSA-198323,abstraction:NextStepPathway,R-HSA-8948751,3.649744905048877
R-HSA-198323,abstraction:NextStepPathway,R-HSA-6804757,3.203548509482064
R-HSA-8941856,abstraction:NextStepPathway,R-HSA-210744,3.979888006618442
R-HSA-8941856,abstraction:NextStepPathway,R-HSA-2122947,2.9532021354877935
R-HSA-442660,abstraction:NextStepPathway,R-HSA-888590,3.3090703024565857
R-HSA-442660,abstraction:NextStepPathway,R-HSA-916853,3.954964598165985
R-HSA-442660,abstraction:NextStepPathway,R-HSA-9856872,3.7129238066704087
R-HSA-442660,abstraction:NextStepPathway,R-HSA-8964539,3.346872667103121
R-HSA-442660,abstraction:NextStepPathway,R-HSA-181430,3.346872667103121
R-HSA-442660,abstraction:NextStepPathway,R-HSA-379401,3.788147227907996
R-HSA-140837,abstraction:NextStepPathway,R-HSA-9657689,3.0417555328292383
R-HSA-140837,abstraction:NextStepPathway,R-HSA-9672391,3.042990863437231
R-HSA-140837,abstraction:NextStepPathway,R-HSA-9657688,3.0380586709479123
R-HSA-140837,abstraction:NextStepPathway,R-HSA-140875,2.197106680613612
R-HSA-140837,abstraction:NextStepPathway,R-HSA-9672383,3.0053878886583636
R-HSA-5627123,abstraction:NextStepPathway,R-HSA-2029482,2.5428525540201536
R-HSA-5627123,abstraction:NextStepPathway,R-HSA-5627117,3.672681690391975
R-HSA-5627123,abstraction:NextStepPathway,R-HSA-445355,2.842095448873011
R-HSA-5627123,abstraction:NextStepPathway,R-HSA-5625740,3.152618125641048
R-HSA-5627123,abstraction:NextStepPathway,R-HSA-5687128,2.8310345015135856
R-HSA-264642,abstraction:NextStepPathway,R-HSA-1483191,3.1820114243376802
R-HSA-163358,abstraction:NextStepPathway,R-HSA-9634600,4.663615965261896
R-HSA-8875791,abstraction:NextStepPathway,R-HSA-2586552,3.2152274743462104
R-HSA-8875791,abstraction:NextStepPathway,R-HSA-8849474,4.100435111161977
R-HSA-9931529,abstraction:NextStepPathway,R-HSA-1368108,3.5443843893910505
R-HSA-9931529,abstraction:NextStepPathway,R-HSA-9931510,3.2375001099553335
R-HSA-6803207,abstraction:NextStepPathway,R-HSA-111458,3.486885897329834
R-HSA-6803207,abstraction:NextStepPathway,R-HSA-75158,3.8118637545253122
R-HSA-6803207,abstraction:NextStepPathway,R-HSA-933543,3.6010627264094888
R-HSA-6803207,abstraction:NextStepPathway,R-HSA-844623,4.002217483016531
R-HSA-6803207,abstraction:NextStepPathway,R-HSA-75157,3.729976595053128
R-HSA-2730905,abstraction:NextStepPathway,R-HSA-2871837,2.781292409618772
R-HSA-2730905,abstraction:NextStepPathway,R-HSA-202424,2.6697663539174634
R-HSA-9764561,abstraction:NextStepPathway,R-HSA-9766229,3.477298096174681
R-HSA-168638,abstraction:NextStepPathway,R-HSA-5684264,3.2978432398628024
R-HSA-168638,abstraction:NextStepPathway,R-HSA-5689896,3.3792159118233456
R-HSA-168638,abstraction:NextStepPathway,R-HSA-9758274,3.2946585237952823
R-HSA-168638,abstraction:NextStepPathway,R-HSA-933542,3.583931686479305
R-HSA-168638,abstraction:NextStepPathway,R-HSA-445989,3.2108318628731722
R-HSA-168638,abstraction:NextStepPathway,R-HSA-525793,3.0380586709479123
R-HSA-168638,abstraction:NextStepPathway,R-HSA-9705671,2.09100373505479
R-HSA-168638,abstraction:NextStepPathway,R-HSA-9860276,3.5423456527012025
R-HSA-168638,abstraction:NextStepPathway,R-HSA-1810476,3.526183684744204
R-HSA-168638,abstraction:NextStepPathway,R-HSA-9020702,2.154016702883524
R-HSA-70370,abstraction:NextStepPathway,R-HSA-70263,3.6820057672670985
R-HSA-70370,abstraction:NextStepPathway,R-HSA-70221,3.55877312684315
R-HSA-844623,abstraction:NextStepPathway,R-HSA-448706,5.184912888895182
R-HSA-844623,abstraction:NextStepPathway,R-HSA-9660826,3.780365087465941
R-HSA-5358565,abstraction:NextStepPathway,R-HSA-5358606,3.0405217263803097
R-HSA-71336,abstraction:NextStepPathway,R-HSA-5628897,2.6638265825296794
R-HSA-71336,abstraction:NextStepPathway,R-HSA-163754,3.6339965480807375
R-HSA-71336,abstraction:NextStepPathway,R-HSA-3299685,2.6102938348156863
R-HSA-71336,abstraction:NextStepPathway,R-HSA-73843,3.6703641922516126
R-HSA-71336,abstraction:NextStepPathway,R-HSA-499943,2.815161152357296
R-HSA-1483166,abstraction:NextStepPathway,R-HSA-1483226,3.770082220510357
R-HSA-1483166,abstraction:NextStepPathway,R-HSA-1483148,3.725074624452921
R-HSA-1483166,abstraction:NextStepPathway,R-HSA-1483213,3.5546408895582395
R-HSA-1483166,abstraction:NextStepPathway,R-HSA-1483191,3.2435242245587146
R-HSA-1483166,abstraction:NextStepPathway,R-HSA-6803204,3.1609284227746763
R-HSA-1483166,abstraction:NextStepPathway,R-HSA-75109,3.603224889413984
R-HSA-1483166,abstraction:NextStepPathway,R-HSA-264642,3.1805919776834544
R-HSA-456926,abstraction:NextStepPathway,R-HSA-418217,4.147802799984866
R-HSA-456926,abstraction:NextStepPathway,R-HSA-392451,3.9830475669088106
R-HSA-456926,abstraction:NextStepPathway,R-HSA-416476,3.2930699611101444
R-HSA-456926,abstraction:NextStepPathway,R-HSA-4086398,2.9947305941843756
R-HSA-456926,abstraction:NextStepPathway,R-HSA-8964315,4.021762079089501
R-HSA-456926,abstraction:NextStepPathway,R-HSA-416482,3.649744905048877
R-HSA-456926,abstraction:NextStepPathway,R-HSA-8964616,3.7105112602650245
R-HSA-9025046,abstraction:NextStepPathway,R-HSA-9026527,5.113816967211452
R-HSA-110331,abstraction:NextStepPathway,R-HSA-5649702,3.3774873029227277
R-HSA-110331,abstraction:NextStepPathway,R-HSA-110357,3.6474798984180246
R-HSA-163210,abstraction:NextStepPathway,R-HSA-83936,3.0769350399504116
R-HSA-180910,abstraction:NextStepPathway,R-HSA-162592,2.816145889019835
R-HSA-9933946,abstraction:NextStepPathway,R-HSA-9934037,3.9127896731152725
R-HSA-9762293,abstraction:NextStepPathway,R-HSA-9759811,4.028362763120853
R-HSA-77595,abstraction:NextStepPathway,R-HSA-159231,2.762441710047974
R-HSA-77595,abstraction:NextStepPathway,R-HSA-73856,2.5376188972140445
R-HSA-192823,abstraction:NextStepPathway,R-HSA-9686347,3.0807787346249746
R-HSA-351202,abstraction:NextStepPathway,R-HSA-351200,3.6961569468133413
R-HSA-351202,abstraction:NextStepPathway,R-HSA-1237112,3.7129238066704087
R-HSA-417957,abstraction:NextStepPathway,R-HSA-418594,2.763375853039771
R-HSA-417957,abstraction:NextStepPathway,R-HSA-392170,4.015204678543342
R-HSA-417957,abstraction:NextStepPathway,R-HSA-418592,3.883717858293296
R-HSA-417957,abstraction:NextStepPathway,R-HSA-416476,3.389650789115925
R-HSA-9619229,abstraction:NextStepPathway,R-HSA-9617324,3.930647290515279
R-HSA-9619229,abstraction:NextStepPathway,R-HSA-438064,3.2526289915516338
R-HSA-5218920,abstraction:NextStepPathway,R-HSA-1474151,2.467086073608355
R-HSA-5218920,abstraction:NextStepPathway,R-HSA-9009391,2.352318931665829
R-HSA-5218920,abstraction:NextStepPathway,R-HSA-389357,2.716813357423563
R-HSA-5218920,abstraction:NextStepPathway,R-HSA-8876198,2.5346404884597833
R-HSA-5218920,abstraction:NextStepPathway,R-HSA-1257604,2.1902338013258498
R-HSA-5218920,abstraction:NextStepPathway,R-HSA-69202,2.5526454759733976
R-HSA-5218920,abstraction:NextStepPathway,R-HSA-5628897,2.2771493882871483
R-HSA-5218920,abstraction:NextStepPathway,R-HSA-9755779,2.7918137883603045
R-HSA-5218920,abstraction:NextStepPathway,R-HSA-114604,2.397305928132562
R-HSA-5218920,abstraction:NextStepPathway,R-HSA-69656,2.564831460738929
R-HSA-5218920,abstraction:NextStepPathway,R-HSA-111447,2.814177384447163
R-HSA-5218920,abstraction:NextStepPathway,R-HSA-203615,2.067428857305079
R-HSA-5218920,abstraction:NextStepPathway,R-HSA-1358803,2.767121175769933
R-HSA-5218920,abstraction:NextStepPathway,R-HSA-6804759,2.759644505426913
R-HSA-5218920,abstraction:NextStepPathway,R-HSA-198323,2.767121175769933
R-HSA-5218920,abstraction:NextStepPathway,R-HSA-6804758,2.6054938255996545
R-HSA-5218920,abstraction:NextStepPathway,R-HSA-9634635,2.70440185058022
R-HSA-5218920,abstraction:NextStepPathway,R-HSA-9604323,2.692142502646967
R-HSA-5218920,abstraction:NextStepPathway,R-HSA-8948751,2.6054938255996545
R-HSA-5218920,abstraction:NextStepPathway,R-HSA-6804757,2.42957741480296
R-HSA-201556,abstraction:NextStepPathway,R-HSA-9851151,3.458393941535528
R-HSA-201556,abstraction:NextStepPathway,R-HSA-9701898,3.2710910543913694
R-HSA-201556,abstraction:NextStepPathway,R-HSA-9909649,2.9830208585114675
R-HSA-68952,abstraction:NextStepPathway,R-HSA-113501,4.309444151541282
R-HSA-68952,abstraction:NextStepPathway,R-HSA-69091,3.5818107949101674
R-HSA-68952,abstraction:NextStepPathway,R-HSA-9710421,4.178108149480195
R-HSA-9927354,abstraction:NextStepPathway,R-HSA-6811558,4.614825801092464
R-HSA-9927354,abstraction:NextStepPathway,R-HSA-1257604,2.8270424802440486
R-HSA-9678110,abstraction:NextStepPathway,R-HSA-9682706,2.2153084679222252
R-HSA-9678110,abstraction:NextStepPathway,R-HSA-9694614,2.662135965051772
R-HSA-2424491,abstraction:NextStepPathway,R-HSA-5673001,2.362281654169503
R-HSA-2424491,abstraction:NextStepPathway,R-HSA-2871796,2.3947169299226565
R-HSA-2404192,abstraction:NextStepPathway,R-HSA-2428933,3.979888006618442
R-HSA-2404192,abstraction:NextStepPathway,R-HSA-2428928,3.8638590496436924
R-HSA-1369062,abstraction:NextStepPathway,R-HSA-8964058,3.0846372603125043
R-HSA-1369062,abstraction:NextStepPathway,R-HSA-75896,3.8638590496436924
R-HSA-210747,abstraction:NextStepPathway,R-HSA-210744,4.741577506731608
R-HSA-6783783,abstraction:NextStepPathway,R-HSA-8854691,1.8640506553239127
R-HSA-6783783,abstraction:NextStepPathway,R-HSA-9909649,3.029485440237424
R-HSA-381676,abstraction:NextStepPathway,R-HSA-9856530,2.75871383993396
R-HSA-381676,abstraction:NextStepPathway,R-HSA-9634597,3.759904015594601
R-HSA-381676,abstraction:NextStepPathway,R-HSA-163359,4.0793075647361015
R-HSA-381676,abstraction:NextStepPathway,R-HSA-432040,3.6542903674205514
R-HSA-381676,abstraction:NextStepPathway,R-HSA-418555,3.380947513987623
R-HSA-381676,abstraction:NextStepPathway,R-HSA-422356,3.1763456868020032
R-HSA-381676,abstraction:NextStepPathway,R-HSA-9660821,3.672681690391975
R-HSA-165054,abstraction:NextStepPathway,R-HSA-180746,2.523549801765625
R-HSA-5578775,abstraction:NextStepPathway,R-HSA-936837,3.0950000473480506
R-HSA-5578775,abstraction:NextStepPathway,R-HSA-114508,3.5860570857916185
R-HSA-5578775,abstraction:NextStepPathway,R-HSA-9856530,2.6110960811483244
R-HSA-5578775,abstraction:NextStepPathway,R-HSA-2871809,2.9375067460241024
R-HSA-5578775,abstraction:NextStepPathway,R-HSA-1169091,3.1147245526958294
R-HSA-5578775,abstraction:NextStepPathway,R-HSA-112043,3.145745246353286
R-HSA-5578775,abstraction:NextStepPathway,R-HSA-9664323,3.2285314399725733
R-HSA-5578775,abstraction:NextStepPathway,R-HSA-76005,3.698535069218309
R-HSA-5578775,abstraction:NextStepPathway,R-HSA-445355,2.7870176160968114
R-HSA-5578775,abstraction:NextStepPathway,R-HSA-5218921,3.315542816962203
R-HSA-5578775,abstraction:NextStepPathway,R-HSA-111997,3.3042432617082698
R-HSA-5578775,abstraction:NextStepPathway,R-HSA-422356,2.9554645798917627
R-HSA-5578775,abstraction:NextStepPathway,R-HSA-5607763,3.394909346369392
R-HSA-5578775,abstraction:NextStepPathway,R-HSA-2025928,3.552581156595229
R-HSA-5578775,abstraction:NextStepPathway,R-HSA-983695,2.3947169299226565
R-HSA-5578775,abstraction:NextStepPathway,R-HSA-2514859,3.003009766253396
R-HSA-75893,abstraction:NextStepPathway,R-HSA-5357956,2.397954226372448
R-HSA-75893,abstraction:NextStepPathway,R-HSA-5357786,2.461542053864239
R-HSA-75893,abstraction:NextStepPathway,R-HSA-5668541,2.0466764409002565
R-HSA-75893,abstraction:NextStepPathway,R-HSA-5357905,1.7077296002551046
R-HSA-75893,abstraction:NextStepPathway,R-HSA-5626978,2.557958581451167
R-HSA-983695,abstraction:NextStepPathway,R-HSA-9856530,2.109299864101728
R-HSA-983695,abstraction:NextStepPathway,R-HSA-389357,2.514764972209892
R-HSA-983695,abstraction:NextStepPathway,R-HSA-442982,2.5826131430151076
R-HSA-983695,abstraction:NextStepPathway,R-HSA-2871809,2.2957114061472077
R-HSA-983695,abstraction:NextStepPathway,R-HSA-1169091,2.3837878593904662
R-HSA-983695,abstraction:NextStepPathway,R-HSA-1257604,2.0651016512279927
R-HSA-983695,abstraction:NextStepPathway,R-HSA-111933,2.4636174610429515
R-HSA-983695,abstraction:NextStepPathway,R-HSA-9620244,2.4691730308875535
R-HSA-983695,abstraction:NextStepPathway,R-HSA-392451,2.6159231218966403
R-HSA-983695,abstraction:NextStepPathway,R-HSA-111957,2.64704766540057
R-HSA-983695,abstraction:NextStepPathway,R-HSA-112043,2.3966580499110015
R-HSA-983695,abstraction:NextStepPathway,R-HSA-9664323,2.437641974639691
R-HSA-983695,abstraction:NextStepPathway,R-HSA-114604,2.2527371626325823
R-HSA-983695,abstraction:NextStepPathway,R-HSA-442720,2.606292228835679
R-HSA-983695,abstraction:NextStepPathway,R-HSA-2029485,2.512580770395051
R-HSA-983695,abstraction:NextStepPathway,R-HSA-442729,2.4525980657933406
R-HSA-983695,abstraction:NextStepPathway,R-HSA-1169092,2.6346456875081956
R-HSA-983695,abstraction:NextStepPathway,R-HSA-111932,2.4149592142934058
R-HSA-983695,abstraction:NextStepPathway,R-HSA-445355,2.2104580137884757
R-HSA-983695,abstraction:NextStepPathway,R-HSA-5218921,2.4747596375961933
R-HSA-983695,abstraction:NextStepPathway,R-HSA-203615,1.9522379740670113
R-HSA-983695,abstraction:NextStepPathway,R-HSA-180024,2.5206129420923156
R-HSA-983695,abstraction:NextStepPathway,R-HSA-111997,2.4691730308875535
R-HSA-983695,abstraction:NextStepPathway,R-HSA-422356,2.3027619641438744
R-HSA-983695,abstraction:NextStepPathway,R-HSA-5607763,2.5067794488309647
R-HSA-983695,abstraction:NextStepPathway,R-HSA-1489509,2.4309169997320166
R-HSA-983695,abstraction:NextStepPathway,R-HSA-4086398,2.258361474421515
R-HSA-983695,abstraction:NextStepPathway,R-HSA-5627123,2.4282396219613003
R-HSA-983695,abstraction:NextStepPathway,R-HSA-2025928,2.5702098832316875
R-HSA-983695,abstraction:NextStepPathway,R-HSA-5218920,2.080090222227424
R-HSA-983695,abstraction:NextStepPathway,R-HSA-5578775,2.3947169299226565
R-HSA-983695,abstraction:NextStepPathway,R-HSA-2514859,2.326629445550518
R-HSA-983695,abstraction:NextStepPathway,R-HSA-139853,2.6232076543112695
R-HSA-5654693,abstraction:NextStepPathway,R-HSA-5673001,2.857378476853188
R-HSA-5654693,abstraction:NextStepPathway,R-HSA-5654726,3.8012535754132966
R-HSA-5654693,abstraction:NextStepPathway,R-HSA-5654689,3.7498283636058596
R-HSA-5693532,abstraction:NextStepPathway,R-HSA-5693538,0.6844017102934264
R-HSA-983168,abstraction:NextStepPathway,R-HSA-983170,2.999453153138549
R-HSA-9830364,abstraction:NextStepPathway,R-HSA-9830674,3.3106845078111267
R-HSA-9830364,abstraction:NextStepPathway,R-HSA-9761174,3.620692582454375
R-HSA-9931530,abstraction:NextStepPathway,R-HSA-9931521,3.942732029730351
R-HSA-9931530,abstraction:NextStepPathway,R-HSA-9932298,3.0846372603125043
R-HSA-2514859,abstraction:NextStepPathway,R-HSA-9856530,2.5324124890234705
R-HSA-2514859,abstraction:NextStepPathway,R-HSA-442982,3.389650789115925
R-HSA-2514859,abstraction:NextStepPathway,R-HSA-2871809,2.825052429836038
R-HSA-2514859,abstraction:NextStepPathway,R-HSA-111933,3.141644078609071
R-HSA-2514859,abstraction:NextStepPathway,R-HSA-9620244,3.148488732299037
R-HSA-2514859,abstraction:NextStepPathway,R-HSA-111957,3.5382806064530326
R-HSA-2514859,abstraction:NextStepPathway,R-HSA-442720,3.4416804605617872
R-HSA-2514859,abstraction:NextStepPathway,R-HSA-2453902,2.9611431868606064
R-HSA-2514859,abstraction:NextStepPathway,R-HSA-442729,3.116053456545883
R-HSA-2514859,abstraction:NextStepPathway,R-HSA-111932,3.0442277219746274
R-HSA-2514859,abstraction:NextStepPathway,R-HSA-445355,2.694756883221038
R-HSA-2514859,abstraction:NextStepPathway,R-HSA-382556,2.6938846633663522
R-HSA-2514859,abstraction:NextStepPathway,R-HSA-203615,2.3021725152614967
R-HSA-2514859,abstraction:NextStepPathway,R-HSA-180024,3.255682429038524
R-HSA-2514859,abstraction:NextStepPathway,R-HSA-5607763,3.2225967044527586
R-HSA-2514859,abstraction:NextStepPathway,R-HSA-4086398,2.77276559338961
R-HSA-2514859,abstraction:NextStepPathway,R-HSA-5627123,3.0718329880665163
R-HSA-2514859,abstraction:NextStepPathway,R-HSA-2025928,3.3586672435959577
R-HSA-2514859,abstraction:NextStepPathway,R-HSA-5218920,2.487444797123509
R-HSA-2514859,abstraction:NextStepPathway,R-HSA-2485179,3.2020981829044177
R-HSA-392851,abstraction:NextStepPathway,R-HSA-418217,4.886759516576106
R-HSA-392851,abstraction:NextStepPathway,R-HSA-9856530,2.837052573839149
R-HSA-392851,abstraction:NextStepPathway,R-HSA-9634597,3.9893967945874698
R-HSA-392851,abstraction:NextStepPathway,R-HSA-392451,4.568305785457571
R-HSA-392851,abstraction:NextStepPathway,R-HSA-163359,4.410913611706142
R-HSA-392851,abstraction:NextStepPathway,R-HSA-432040,3.8582567940950225
R-HSA-392851,abstraction:NextStepPathway,R-HSA-418555,3.5322138537707954
R-HSA-392851,abstraction:NextStepPathway,R-HSA-4086398,3.173524810460362
R-HSA-392851,abstraction:NextStepPathway,R-HSA-8964315,4.638923352671524
R-HSA-392851,abstraction:NextStepPathway,R-HSA-8964616,4.122018682829152
R-HSA-392851,abstraction:NextStepPathway,R-HSA-9660821,3.8808566260122634
R-HSA-173599,abstraction:NextStepPathway,R-HSA-3322077,2.735724321709261
R-HSA-173599,abstraction:NextStepPathway,R-HSA-379716,2.9386197121935234
R-HSA-173599,abstraction:NextStepPathway,R-HSA-156588,4.062035978227441
R-HSA-173599,abstraction:NextStepPathway,R-HSA-1971475,4.358892426955263
R-HSA-173599,abstraction:NextStepPathway,R-HSA-2142845,4.217328862633476
R-HSA-173599,abstraction:NextStepPathway,R-HSA-189483,3.594604146370077
R-HSA-173599,abstraction:NextStepPathway,R-HSA-727802,3.9925865899555695
R-HSA-173599,abstraction:NextStepPathway,R-HSA-71737,4.579734481281194
R-HSA-173599,abstraction:NextStepPathway,R-HSA-9749641,3.6611475371466886
R-HSA-9031628,abstraction:NextStepPathway,R-HSA-111931,3.106788003100093
R-HSA-9031628,abstraction:NextStepPathway,R-HSA-9634638,2.9375067460241024
R-HSA-9031628,abstraction:NextStepPathway,R-HSA-9022692,3.0479475030771597
R-HSA-9031628,abstraction:NextStepPathway,R-HSA-111932,2.790852711880754
R-HSA-9031628,abstraction:NextStepPathway,R-HSA-9616222,2.536873462964096
R-HSA-190322,abstraction:NextStepPathway,R-HSA-5654719,4.782962722894462
R-HSA-190322,abstraction:NextStepPathway,R-HSA-5654712,4.249852054339036
R-HSA-190322,abstraction:NextStepPathway,R-HSA-5654228,4.7551831587873865
R-HSA-8932505,abstraction:NextStepPathway,R-HSA-9939291,3.7448283531891535
R-HSA-9818027,abstraction:NextStepPathway,R-HSA-5628897,2.6338243322258807
R-HSA-1614603,abstraction:NextStepPathway,R-HSA-1614558,3.5201896608039935
R-HSA-111448,abstraction:NextStepPathway,R-HSA-111453,4.985199589389358
R-HSA-111448,abstraction:NextStepPathway,R-HSA-6803204,3.614106389601518
R-HSA-9694594,abstraction:NextStepPathway,R-HSA-9694322,3.8554673920074443
R-HSA-69618,abstraction:NextStepPathway,R-HSA-176408,2.05354617251989
R-HSA-977444,abstraction:NextStepPathway,R-HSA-418594,2.809273009732073
R-HSA-977444,abstraction:NextStepPathway,R-HSA-1296041,4.258150857153732
R-HSA-977444,abstraction:NextStepPathway,R-HSA-997272,4.258150857153732
R-HSA-9702518,abstraction:NextStepPathway,R-HSA-9703465,3.6384708284756586
R-HSA-450321,abstraction:NextStepPathway,R-HSA-2871796,3.0467060379890945
R-HSA-450321,abstraction:NextStepPathway,R-HSA-2559580,3.2930699611101444
R-HSA-450321,abstraction:NextStepPathway,R-HSA-450341,5.195494998225719
R-HSA-9013508,abstraction:NextStepPathway,R-HSA-1912408,2.9187734158215926
R-HSA-9828721,abstraction:NextStepPathway,R-HSA-9833110,2.8290364988509125
R-HSA-9828721,abstraction:NextStepPathway,R-HSA-9828806,3.2511057620111123
R-HSA-9828721,abstraction:NextStepPathway,R-HSA-9833109,3.7649801686264617
R-HSA-2559586,abstraction:NextStepPathway,R-HSA-69563,2.9760602735638435
R-HSA-2559586,abstraction:NextStepPathway,R-HSA-2559582,2.168346528438349
R-HSA-2559586,abstraction:NextStepPathway,R-HSA-69473,2.55643766861046
R-HSA-2559586,abstraction:NextStepPathway,R-HSA-6804760,2.9014569658101315
R-HSA-2559586,abstraction:NextStepPathway,R-HSA-69202,2.8280389925337874
R-HSA-2559586,abstraction:NextStepPathway,R-HSA-69541,2.9386197121935234
R-HSA-2559586,abstraction:NextStepPathway,R-HSA-5693565,1.2324553324143612
R-HSA-2559586,abstraction:NextStepPathway,R-HSA-6804756,2.498140086240257
R-HSA-2559586,abstraction:NextStepPathway,R-HSA-6804116,2.981857391248169
R-HSA-2559586,abstraction:NextStepPathway,R-HSA-69656,2.843107082747855
R-HSA-2559586,abstraction:NextStepPathway,R-HSA-6803204,2.823066331864409
R-HSA-2559586,abstraction:NextStepPathway,R-HSA-5693538,1.5880333102201716
R-HSA-2559586,abstraction:NextStepPathway,R-HSA-349425,3.0442277219746274
R-HSA-2559586,abstraction:NextStepPathway,R-HSA-5685939,2.727575793145356
R-HSA-2559586,abstraction:NextStepPathway,R-HSA-6803207,2.9275454018944296
R-HSA-2559586,abstraction:NextStepPathway,R-HSA-187577,2.882327795901136
R-HSA-2559586,abstraction:NextStepPathway,R-HSA-5693548,2.9464453530249135
R-HSA-2559586,abstraction:NextStepPathway,R-HSA-6804757,2.662135965051772
R-HSA-2559586,abstraction:NextStepPathway,R-HSA-5693606,1.760821687367174
R-HSA-75955,abstraction:NextStepPathway,R-HSA-674695,1.1804546457483103
R-HSA-5654710,abstraction:NextStepPathway,R-HSA-6811558,3.76752794070526
R-HSA-5654710,abstraction:NextStepPathway,R-HSA-1257604,2.6264623357848116
R-HSA-5654710,abstraction:NextStepPathway,R-HSA-5654695,3.5043790547773512
R-HSA-5654710,abstraction:NextStepPathway,R-HSA-5654720,3.5043790547773512
R-HSA-5654710,abstraction:NextStepPathway,R-HSA-5654689,3.5043790547773512
R-HSA-9927418,abstraction:NextStepPathway,R-HSA-9927426,5.867588769587832
R-HSA-9758881,abstraction:NextStepPathway,R-HSA-9758890,3.652015053583416
R-HSA-1660516,abstraction:NextStepPathway,R-HSA-1660537,4.213336841363939
R-HSA-6814122,abstraction:NextStepPathway,R-HSA-418594,2.4383169662279243
R-HSA-6814122,abstraction:NextStepPathway,R-HSA-202040,3.187709445452318
R-HSA-6814122,abstraction:NextStepPathway,R-HSA-418597,2.939733918436927
R-HSA-6814122,abstraction:NextStepPathway,R-HSA-416476,2.8481806603485564
R-HSA-6814122,abstraction:NextStepPathway,R-HSA-418555,2.8441197410622414
R-HSA-6814122,abstraction:NextStepPathway,R-HSA-416482,3.05919059465134
R-HSA-2644606,abstraction:NextStepPathway,R-HSA-2894862,2.8728987056122848
R-HSA-75896,abstraction:NextStepPathway,R-HSA-1483166,3.7129238066704087
R-HSA-5652227,abstraction:NextStepPathway,R-HSA-70350,4.585498185997944
R-HSA-9694548,abstraction:NextStepPathway,R-HSA-9694322,3.583931686479305
R-HSA-9694548,abstraction:NextStepPathway,R-HSA-9733458,4.151541122095473
R-HSA-69231,abstraction:NextStepPathway,R-HSA-69206,2.514764972209892
R-HSA-69231,abstraction:NextStepPathway,R-HSA-9754119,4.292052408829413
R-HSA-69231,abstraction:NextStepPathway,R-HSA-113501,4.045057641693023
R-HSA-69231,abstraction:NextStepPathway,R-HSA-2559585,3.5629225103899618
R-HSA-69231,abstraction:NextStepPathway,R-HSA-69205,3.133491859547521
R-HSA-69231,abstraction:NextStepPathway,R-HSA-69202,3.338532335186902
R-HSA-69231,abstraction:NextStepPathway,R-HSA-139915,4.062035978227441
R-HSA-69231,abstraction:NextStepPathway,R-HSA-8878166,2.6748858190236544
R-HSA-69231,abstraction:NextStepPathway,R-HSA-111448,4.021762079089501
R-HSA-69231,abstraction:NextStepPathway,R-HSA-174178,2.3953635513483555
R-HSA-166662,abstraction:NextStepPathway,R-HSA-166663,3.700918860573585
R-HSA-8934593,abstraction:NextStepPathway,R-HSA-8939236,2.954332717858079
R-HSA-8934593,abstraction:NextStepPathway,R-HSA-8939242,3.443523779056077
R-HSA-8934593,abstraction:NextStepPathway,R-HSA-8877330,2.849198472141257
R-HSA-8934593,abstraction:NextStepPathway,R-HSA-8951936,3.2375001099553335
R-HSA-8934593,abstraction:NextStepPathway,R-HSA-9018519,1.6884053274287016
R-HSA-8934593,abstraction:NextStepPathway,R-HSA-8939246,3.4072879306020316
R-HSA-8934593,abstraction:NextStepPathway,R-HSA-8936459,2.16013292990096
R-HSA-8934593,abstraction:NextStepPathway,R-HSA-8939243,3.4696934967894615
R-HSA-8934593,abstraction:NextStepPathway,R-HSA-8939245,3.620692582454375
R-HSA-8934593,abstraction:NextStepPathway,R-HSA-8939247,3.5043790547773512
R-HSA-8934593,abstraction:NextStepPathway,R-HSA-8935964,3.4888145382362397
R-HSA-8934593,abstraction:NextStepPathway,R-HSA-8931987,3.2495848491704056
R-HSA-8934593,abstraction:NextStepPathway,R-HSA-1912408,2.992377651922349
R-HSA-2122948,abstraction:NextStepPathway,R-HSA-2122947,2.800505296478763
R-HSA-2122948,abstraction:NextStepPathway,R-HSA-9818749,3.4792083164308
R-HSA-380615,abstraction:NextStepPathway,R-HSA-380612,5.065960946033817
R-HSA-380615,abstraction:NextStepPathway,R-HSA-141333,4.523854022886737
R-HSA-9828806,abstraction:NextStepPathway,R-HSA-9833110,2.4525980657933406
R-HSA-9828806,abstraction:NextStepPathway,R-HSA-9828642,2.8320350018471694
R-HSA-9828806,abstraction:NextStepPathway,R-HSA-9833482,2.3857078599802906
R-HSA-9828806,abstraction:NextStepPathway,R-HSA-9820962,3.0718329880665163
R-HSA-9828806,abstraction:NextStepPathway,R-HSA-9833109,2.9900302330040436
R-HSA-72731,abstraction:NextStepPathway,R-HSA-72695,3.2962496140275244
R-HSA-77305,abstraction:NextStepPathway,R-HSA-611105,1.7431461762084517
R-HSA-77305,abstraction:NextStepPathway,R-HSA-77285,4.585498185997944
R-HSA-933541,abstraction:NextStepPathway,R-HSA-933542,4.0723630923832905
R-HSA-933541,abstraction:NextStepPathway,R-HSA-3134963,4.229401443867745
R-HSA-933541,abstraction:NextStepPathway,R-HSA-975110,3.8172113608519074
R-HSA-9679191,abstraction:NextStepPathway,R-HSA-419408,3.235999734580099
R-HSA-9679191,abstraction:NextStepPathway,R-HSA-9678110,2.777493734585556
R-HSA-68616,abstraction:NextStepPathway,R-HSA-113507,3.951892399129015
R-HSA-5610787,abstraction:NextStepPathway,R-HSA-8940973,2.7114752664559467
R-HSA-5610787,abstraction:NextStepPathway,R-HSA-5610785,2.8471638834434696
R-HSA-5610787,abstraction:NextStepPathway,R-HSA-5610783,2.851237208831105
R-HSA-5610787,abstraction:NextStepPathway,R-HSA-5632684,2.467781242214731
R-HSA-5610787,abstraction:NextStepPathway,R-HSA-5610780,2.7035211812146263
R-HSA-211897,abstraction:NextStepPathway,R-HSA-191273,2.2278120284816274
R-HSA-211897,abstraction:NextStepPathway,R-HSA-6807062,2.640414141904936
R-HSA-209822,abstraction:NextStepPathway,R-HSA-975578,4.450522749801188
R-HSA-9607240,abstraction:NextStepPathway,R-HSA-109704,2.896106498257301
R-HSA-9607240,abstraction:NextStepPathway,R-HSA-9645135,2.9611431868606064
R-HSA-9607240,abstraction:NextStepPathway,R-HSA-5684996,2.281180490780117
R-HSA-9607240,abstraction:NextStepPathway,R-HSA-112399,2.88760485300198
R-HSA-9607240,abstraction:NextStepPathway,R-HSA-5673000,2.7079323043796024
R-HSA-9607240,abstraction:NextStepPathway,R-HSA-9706369,2.655401932870428
R-HSA-9607240,abstraction:NextStepPathway,R-HSA-9706374,2.8697753298300164
R-HSA-162594,abstraction:NextStepPathway,R-HSA-162592,1.9447906909917274
R-HSA-162594,abstraction:NextStepPathway,R-HSA-164516,1.8886862353201412
R-HSA-9027283,abstraction:NextStepPathway,R-HSA-2586552,3.152618125641048
R-HSA-9027283,abstraction:NextStepPathway,R-HSA-9020558,2.912244556939129
R-HSA-9027283,abstraction:NextStepPathway,R-HSA-512988,3.5712732896073818
R-HSA-9027283,abstraction:NextStepPathway,R-HSA-1266695,3.003009766253396
R-HSA-9027283,abstraction:NextStepPathway,R-HSA-982772,3.1934401201613034
R-HSA-199220,abstraction:NextStepPathway,R-HSA-196783,3.7448283531891535
R-HSA-174430,abstraction:NextStepPathway,R-HSA-174411,2.882327795901136
R-HSA-399954,abstraction:NextStepPathway,R-HSA-2029482,2.6143115180022987
R-HSA-416482,abstraction:NextStepPathway,R-HSA-418217,4.4404724139476865
R-HSA-416482,abstraction:NextStepPathway,R-HSA-416572,3.945776172111579
R-HSA-416482,abstraction:NextStepPathway,R-HSA-392451,4.229401443867745
R-HSA-416482,abstraction:NextStepPathway,R-HSA-5627117,3.9989968683164885
R-HSA-416482,abstraction:NextStepPathway,R-HSA-4086398,3.0769350399504116
R-HSA-416482,abstraction:NextStepPathway,R-HSA-8964315,4.279204266351564
R-HSA-416482,abstraction:NextStepPathway,R-HSA-8964616,3.8894650005488636
R-HSA-167158,abstraction:NextStepPathway,R-HSA-167152,2.530189442535524
R-HSA-167158,abstraction:NextStepPathway,R-HSA-167242,2.6191541424780866
R-HSA-210745,abstraction:NextStepPathway,R-HSA-70171,3.2511057620111123
R-HSA-210745,abstraction:NextStepPathway,R-HSA-264876,3.2420147903098604
R-HSA-9839383,abstraction:NextStepPathway,R-HSA-9839389,4.551403974654968
R-HSA-9839383,abstraction:NextStepPathway,R-HSA-9839397,5.369341928028701
R-HSA-9839383,abstraction:NextStepPathway,R-HSA-9839406,5.184912888895182
R-HSA-176034,abstraction:NextStepPathway,R-HSA-167200,2.6478799584157393
R-HSA-6804754,abstraction:NextStepPathway,R-HSA-2559580,3.206455488273374
R-HSA-6804754,abstraction:NextStepPathway,R-HSA-69473,3.088510731908301
R-HSA-6804754,abstraction:NextStepPathway,R-HSA-6804760,3.7907547913150768
R-HSA-6804754,abstraction:NextStepPathway,R-HSA-69541,3.883717858293296
R-HSA-6804754,abstraction:NextStepPathway,R-HSA-5628897,2.9554645798917627
R-HSA-6804754,abstraction:NextStepPathway,R-HSA-8943724,3.5024201902920185
R-HSA-6804754,abstraction:NextStepPathway,R-HSA-5693565,1.3487483747399691
R-HSA-6804754,abstraction:NextStepPathway,R-HSA-6804756,2.992377651922349
R-HSA-6804754,abstraction:NextStepPathway,R-HSA-9833482,2.762441710047974
R-HSA-6804754,abstraction:NextStepPathway,R-HSA-8941855,4.425583801453936
R-HSA-6804754,abstraction:NextStepPathway,R-HSA-6804759,4.406070987230354
R-HSA-6804754,abstraction:NextStepPathway,R-HSA-2559586,3.194877934930931
R-HSA-6804754,abstraction:NextStepPathway,R-HSA-6804757,3.285164781603031
R-HSA-375165,abstraction:NextStepPathway,R-HSA-5673001,2.5896581819383164
R-HSA-375165,abstraction:NextStepPathway,R-HSA-111931,3.5342320179270326
R-HSA-375165,abstraction:NextStepPathway,R-HSA-199920,3.49268301501416
R-HSA-375165,abstraction:NextStepPathway,R-HSA-9634638,3.2835912171556005
R-HSA-375165,abstraction:NextStepPathway,R-HSA-111932,3.0833494301280755
R-HSA-375165,abstraction:NextStepPathway,R-HSA-9031628,2.692142502646967
R-HSA-1236382,abstraction:NextStepPathway,R-HSA-5637810,2.9025305032186557
R-HSA-9749641,abstraction:NextStepPathway,R-HSA-156588,3.4985139353249535
R-HSA-9749641,abstraction:NextStepPathway,R-HSA-433692,3.7855464462079387
R-HSA-9749641,abstraction:NextStepPathway,R-HSA-561048,3.852685749045567
R-HSA-9749641,abstraction:NextStepPathway,R-HSA-159424,3.803895584876135
R-HSA-9749641,abstraction:NextStepPathway,R-HSA-2162123,2.9242468832357646
R-HSA-187042,abstraction:NextStepPathway,R-HSA-167021,4.59129530368227
R-HSA-187042,abstraction:NextStepPathway,R-HSA-170984,3.679666584913926
R-HSA-187042,abstraction:NextStepPathway,R-HSA-198745,5.09439888135435
R-HSA-187042,abstraction:NextStepPathway,R-HSA-198203,4.523854022886737
R-HSA-187042,abstraction:NextStepPathway,R-HSA-170968,3.362062832597096
R-HSA-187042,abstraction:NextStepPathway,R-HSA-167044,4.318254781223437
R-HSA-187042,abstraction:NextStepPathway,R-HSA-177504,4.0827979696758705
R-HSA-187042,abstraction:NextStepPathway,R-HSA-187706,4.557006230203638
R-HSA-187042,abstraction:NextStepPathway,R-HSA-187687,3.263357063791633
R-HSA-211736,abstraction:NextStepPathway,R-HSA-211733,4.406070987230354
R-HSA-211736,abstraction:NextStepPathway,R-HSA-211728,5.143669930361133
R-HSA-8850843,abstraction:NextStepPathway,R-HSA-196807,2.9308548367957967
R-HSA-8850843,abstraction:NextStepPathway,R-HSA-9660826,3.3535953814979975
R-HSA-159740,abstraction:NextStepPathway,R-HSA-6806664,3.8361564470943565
R-HSA-159740,abstraction:NextStepPathway,R-HSA-159763,3.7907547913150768
R-HSA-77350,abstraction:NextStepPathway,R-HSA-611105,1.7458452331776169
R-HSA-77350,abstraction:NextStepPathway,R-HSA-77352,4.701837178082093
R-HSA-212718,abstraction:NextStepPathway,R-HSA-2029485,4.174269373173029
R-HSA-212718,abstraction:NextStepPathway,R-HSA-5218921,3.9925865899555695
R-HSA-212718,abstraction:NextStepPathway,R-HSA-1489509,3.806544593047712
R-HSA-174178,abstraction:NextStepPathway,R-HSA-174084,2.271418713578163
R-HSA-159763,abstraction:NextStepPathway,R-HSA-159782,4.262326228564212
R-HSA-174154,abstraction:NextStepPathway,R-HSA-176407,2.8907845059193598
R-HSA-174154,abstraction:NextStepPathway,R-HSA-2467813,1.8053513928682339
R-HSA-2122947,abstraction:NextStepPathway,R-HSA-8940973,2.8330365041842587
R-HSA-2122947,abstraction:NextStepPathway,R-HSA-69202,2.812212747272998
R-HSA-2122947,abstraction:NextStepPathway,R-HSA-210744,3.1805919776834544
R-HSA-2122947,abstraction:NextStepPathway,R-HSA-8941856,2.9532021354877935
R-HSA-2122947,abstraction:NextStepPathway,R-HSA-9013508,2.747612893374513
R-HSA-2122947,abstraction:NextStepPathway,R-HSA-9793380,2.5756173896490804
R-HSA-2122947,abstraction:NextStepPathway,R-HSA-1912408,2.7366338260921017
R-HSA-209905,abstraction:NextStepPathway,R-HSA-181430,3.636231185882154
R-HSA-209905,abstraction:NextStepPathway,R-HSA-212676,3.665745246395318
R-HSA-435368,abstraction:NextStepPathway,R-HSA-264876,3.328614898529556
R-HSA-1834949,abstraction:NextStepPathway,R-HSA-844615,3.187709445452318
R-HSA-1834949,abstraction:NextStepPathway,R-HSA-168928,2.5802757831664027
R-HSA-3371511,abstraction:NextStepPathway,R-HSA-3371571,4.253992847005068
R-HSA-3371511,abstraction:NextStepPathway,R-HSA-3371453,3.494622879831987
R-HSA-72172,abstraction:NextStepPathway,R-HSA-72203,0.10599608738252067
R-HSA-8964026,abstraction:NextStepPathway,R-HSA-8964038,2.9668542246561205
R-HSA-193993,abstraction:NextStepPathway,R-HSA-193048,3.6317668927534683
R-HSA-193993,abstraction:NextStepPathway,R-HSA-211976,3.106788003100093
R-HSA-1660510,abstraction:NextStepPathway,R-HSA-6811558,4.775945150235816
R-HSA-1660510,abstraction:NextStepPathway,R-HSA-1660499,3.3637649606676265
R-HSA-9833109,abstraction:NextStepPathway,R-HSA-909733,2.6354677179696107
R-HSA-9833109,abstraction:NextStepPathway,R-HSA-918233,3.43984053363978
R-HSA-444473,abstraction:NextStepPathway,R-HSA-418594,2.9275454018944296
R-HSA-168181,abstraction:NextStepPathway,R-HSA-975155,2.165772524443176
R-HSA-9761174,abstraction:NextStepPathway,R-HSA-9830364,3.620692582454375
R-HSA-9645460,abstraction:NextStepPathway,R-HSA-445989,3.219642492555327
R-HSA-9645460,abstraction:NextStepPathway,R-HSA-9705671,2.0948278314931934
R-HSA-9645460,abstraction:NextStepPathway,R-HSA-168638,3.1280937357779637
R-HSA-9645460,abstraction:NextStepPathway,R-HSA-9020702,2.156560586219262
R-HSA-381340,abstraction:NextStepPathway,R-HSA-163680,1.9427318061795995
R-HSA-381340,abstraction:NextStepPathway,R-HSA-1989781,1.5087454703696077
R-HSA-5654700,abstraction:NextStepPathway,R-HSA-5673001,2.8532801104609056
R-HSA-5654700,abstraction:NextStepPathway,R-HSA-5654695,3.73985321854904
R-HSA-5654700,abstraction:NextStepPathway,R-HSA-5654727,3.8334279324411527
R-HSA-198753,abstraction:NextStepPathway,R-HSA-199920,4.65738541551126
R-HSA-198753,abstraction:NextStepPathway,R-HSA-2559582,2.490285708125113
R-HSA-198753,abstraction:NextStepPathway,R-HSA-9634638,4.100435111161977
R-HSA-198753,abstraction:NextStepPathway,R-HSA-881907,4.470931621432395
R-HSA-198753,abstraction:NextStepPathway,R-HSA-375165,3.4696934967894615
R-HSA-2151201,abstraction:NextStepPathway,R-HSA-111931,2.8340390105338846
R-HSA-2151201,abstraction:NextStepPathway,R-HSA-9634638,2.699129430633647
R-HSA-2151201,abstraction:NextStepPathway,R-HSA-9707616,2.356043330756811
R-HSA-2151201,abstraction:NextStepPathway,R-HSA-111932,2.585738145558243
R-HSA-2151201,abstraction:NextStepPathway,R-HSA-9931509,2.535384259412628
R-HSA-2151201,abstraction:NextStepPathway,R-HSA-163282,2.85430312845294
R-HSA-2151201,abstraction:NextStepPathway,R-HSA-163316,2.8770784400149925
R-HSA-2151201,abstraction:NextStepPathway,R-HSA-9933387,2.6175373272511813
R-HSA-2151201,abstraction:NextStepPathway,R-HSA-9031628,2.328442682674699
R-HSA-2151201,abstraction:NextStepPathway,R-HSA-1989781,1.9402667268705167
R-HSA-8851805,abstraction:NextStepPathway,R-HSA-5673001,2.604696059302857
R-HSA-532668,abstraction:NextStepPathway,R-HSA-901042,4.086300600227072
R-HSA-182971,abstraction:NextStepPathway,R-HSA-912526,2.7870176160968114
R-HSA-77285,abstraction:NextStepPathway,R-HSA-611105,1.7431461762084517
R-HSA-77285,abstraction:NextStepPathway,R-HSA-77310,4.638923352671524
R-HSA-9018677,abstraction:NextStepPathway,R-HSA-9026766,3.322057497983397
R-HSA-9018677,abstraction:NextStepPathway,R-HSA-9027307,3.267990276713121
R-HSA-9018677,abstraction:NextStepPathway,R-HSA-9020265,3.2835912171556005
R-HSA-9018677,abstraction:NextStepPathway,R-HSA-9018682,3.2899003863488656
R-HSA-9018677,abstraction:NextStepPathway,R-HSA-9026762,3.403735528997664
R-HSA-9018677,abstraction:NextStepPathway,R-HSA-9018676,3.2602801382871536
R-HSA-9018677,abstraction:NextStepPathway,R-HSA-9018681,3.345199026545091
R-HSA-9636383,abstraction:NextStepPathway,R-HSA-9636569,4.465790221931976
R-HSA-166166,abstraction:NextStepPathway,R-HSA-937072,2.2201825636804706
R-HSA-166166,abstraction:NextStepPathway,R-HSA-936964,2.04121443369338
R-HSA-166166,abstraction:NextStepPathway,R-HSA-937041,2.320608957768935
R-HSA-8963889,abstraction:NextStepPathway,R-HSA-8963901,3.5342320179270326
R-HSA-8941333,abstraction:NextStepPathway,R-HSA-8939246,4.3635113728115575
R-HSA-71403,abstraction:NextStepPathway,R-HSA-611105,1.5891880447595683
R-HSA-71403,abstraction:NextStepPathway,R-HSA-428643,3.133491859547521
R-HSA-71403,abstraction:NextStepPathway,R-HSA-9856872,3.120050796978503
R-HSA-71403,abstraction:NextStepPathway,R-HSA-9853506,3.106788003100093
R-HSA-71403,abstraction:NextStepPathway,R-HSA-8964539,2.905758047709522
R-HSA-71403,abstraction:NextStepPathway,R-HSA-70268,2.5481137461635153
R-HSA-71403,abstraction:NextStepPathway,R-HSA-1237044,3.1028432248090767
R-HSA-71403,abstraction:NextStepPathway,R-HSA-1475029,3.1213868025212457
R-HSA-418346,abstraction:NextStepPathway,R-HSA-139853,3.7349027133891837
R-HSA-9859138,abstraction:NextStepPathway,R-HSA-70895,3.1348459558952504
R-HSA-5610780,abstraction:NextStepPathway,R-HSA-5632684,2.7512995334947323
R-HSA-193807,abstraction:NextStepPathway,R-HSA-211994,3.909844162885516
R-HSA-193807,abstraction:NextStepPathway,R-HSA-193368,2.809273009732073
R-HSA-111463,abstraction:NextStepPathway,R-HSA-111464,4.287751326930023
R-HSA-111463,abstraction:NextStepPathway,R-HSA-351906,4.025056974986354
R-HSA-202427,abstraction:NextStepPathway,R-HSA-202430,3.2390027398398686
R-HSA-202427,abstraction:NextStepPathway,R-HSA-389948,2.577943873831424
R-HSA-210993,abstraction:NextStepPathway,R-HSA-5673001,2.6912725591384272
R-HSA-2562578,abstraction:NextStepPathway,R-HSA-9758274,3.5924605228268254
R-HSA-2562578,abstraction:NextStepPathway,R-HSA-75153,3.112072031246698
R-HSA-2562578,abstraction:NextStepPathway,R-HSA-140534,3.583931686479305
R-HSA-2562578,abstraction:NextStepPathway,R-HSA-264870,3.7498283636058596
R-HSA-8931987,abstraction:NextStepPathway,R-HSA-9018519,1.7277664013092822
R-HSA-8931987,abstraction:NextStepPathway,R-HSA-8939256,3.7423376918767017
R-HSA-9708530,abstraction:NextStepPathway,R-HSA-9707587,4.1858301955741055
R-HSA-9708530,abstraction:NextStepPathway,R-HSA-9707616,2.9565977244889314
R-HSA-9708530,abstraction:NextStepPathway,R-HSA-9818027,3.302639412126295
R-HSA-168176,abstraction:NextStepPathway,R-HSA-975871,2.2957114061472077
R-HSA-71032,abstraction:NextStepPathway,R-HSA-71403,3.235999734580099
R-HSA-5654689,abstraction:NextStepPathway,R-HSA-6811558,3.76752794070526
R-HSA-5654689,abstraction:NextStepPathway,R-HSA-1257604,2.6264623357848116
R-HSA-5654689,abstraction:NextStepPathway,R-HSA-5654695,3.5043790547773512
R-HSA-5654689,abstraction:NextStepPathway,R-HSA-5654720,3.5043790547773512
R-HSA-5654689,abstraction:NextStepPathway,R-HSA-5654710,3.5043790547773512
R-HSA-112412,abstraction:NextStepPathway,R-HSA-5673001,2.968000356586743
R-HSA-112412,abstraction:NextStepPathway,R-HSA-74749,4.491765708335237
R-HSA-9818564,abstraction:NextStepPathway,R-HSA-9772755,1.810744179620946
R-HSA-9818564,abstraction:NextStepPathway,R-HSA-9841922,1.4902606556955045
R-HSA-9860927,abstraction:NextStepPathway,R-HSA-9856530,2.3332941172962505
R-HSA-9860927,abstraction:NextStepPathway,R-HSA-2871809,2.5640654706593464
R-HSA-9860927,abstraction:NextStepPathway,R-HSA-8985947,2.716813357423563
R-HSA-9860927,abstraction:NextStepPathway,R-HSA-9664323,2.7559270290267803
R-HSA-9860927,abstraction:NextStepPathway,R-HSA-445355,2.460851207550061
R-HSA-9860927,abstraction:NextStepPathway,R-HSA-9856532,2.805366754765008
R-HSA-9860927,abstraction:NextStepPathway,R-HSA-5218921,2.8073179748962698
R-HSA-9860927,abstraction:NextStepPathway,R-HSA-111997,2.8063418889232143
R-HSA-9860927,abstraction:NextStepPathway,R-HSA-9909649,2.6495466254682087
R-HSA-9860927,abstraction:NextStepPathway,R-HSA-5607763,2.8553271940826304
R-HSA-9860927,abstraction:NextStepPathway,R-HSA-983695,2.1596218130996467
R-HSA-9860927,abstraction:NextStepPathway,R-HSA-2514859,2.6110960811483244
R-HSA-9010553,abstraction:NextStepPathway,R-HSA-9830674,2.2377076562358513
R-HSA-9010553,abstraction:NextStepPathway,R-HSA-8985801,2.3947169299226565
R-HSA-9010553,abstraction:NextStepPathway,R-HSA-9010642,2.296883052444098
R-HSA-9010553,abstraction:NextStepPathway,R-HSA-376176,1.855343426357983
R-HSA-9010553,abstraction:NextStepPathway,R-HSA-428542,2.344911490387967
R-HSA-167242,abstraction:NextStepPathway,R-HSA-167287,2.778442051394415
R-HSA-167242,abstraction:NextStepPathway,R-HSA-167290,3.0319274438929757
R-HSA-9793380,abstraction:NextStepPathway,R-HSA-9824272,2.515494100933408
R-HSA-8963888,abstraction:NextStepPathway,R-HSA-8963901,3.3269715127858257
R-HSA-9931510,abstraction:NextStepPathway,R-HSA-9707616,2.601511343235337
R-HSA-9931510,abstraction:NextStepPathway,R-HSA-9931509,2.83604704333713
R-HSA-9931510,abstraction:NextStepPathway,R-HSA-9931512,3.328614898529556
R-HSA-9931510,abstraction:NextStepPathway,R-HSA-9933387,2.948692544981818
R-HSA-9931510,abstraction:NextStepPathway,R-HSA-9931530,3.106788003100093
R-HSA-1810476,abstraction:NextStepPathway,R-HSA-933542,4.372813765473872
R-HSA-1810476,abstraction:NextStepPathway,R-HSA-445989,3.6703641922516126
R-HSA-1810476,abstraction:NextStepPathway,R-HSA-3134963,4.585498185997944
R-HSA-422085,abstraction:NextStepPathway,R-HSA-375276,3.0554288347294483
R-HSA-163615,abstraction:NextStepPathway,R-HSA-111931,5.075350686383656
R-HSA-163615,abstraction:NextStepPathway,R-HSA-9856530,2.89931334226688
R-HSA-163615,abstraction:NextStepPathway,R-HSA-164378,5.261452966017516
R-HSA-163615,abstraction:NextStepPathway,R-HSA-9634597,4.193612336016161
R-HSA-163615,abstraction:NextStepPathway,R-HSA-111957,5.394984358642039
R-HSA-163615,abstraction:NextStepPathway,R-HSA-9664323,3.847145568669952
R-HSA-163615,abstraction:NextStepPathway,R-HSA-163560,3.770082220510357
R-HSA-163615,abstraction:NextStepPathway,R-HSA-442720,4.894602694037132
R-HSA-163615,abstraction:NextStepPathway,R-HSA-432040,4.035007305839522
R-HSA-163615,abstraction:NextStepPathway,R-HSA-180024,4.258150857153732
R-HSA-163615,abstraction:NextStepPathway,R-HSA-163358,4.833515002057293
R-HSA-163615,abstraction:NextStepPathway,R-HSA-9634600,4.748357193716987
R-HSA-163615,abstraction:NextStepPathway,R-HSA-9660821,4.062035978227441
R-HSA-75157,abstraction:NextStepPathway,R-HSA-69416,4.274957975470112
R-HSA-75157,abstraction:NextStepPathway,R-HSA-5218900,4.721509943680799
R-HSA-75157,abstraction:NextStepPathway,R-HSA-3371378,4.147802799984866
R-HSA-9754706,abstraction:NextStepPathway,R-HSA-191273,2.6800316279770584
R-HSA-6781823,abstraction:NextStepPathway,R-HSA-6782135,1.2450699452651275
R-HSA-9669933,abstraction:NextStepPathway,R-HSA-9670439,4.7551831587873865
R-HSA-444821,abstraction:NextStepPathway,R-HSA-418594,2.910077708854039
R-HSA-444821,abstraction:NextStepPathway,R-HSA-418555,3.6750045718081146
R-HSA-444821,abstraction:NextStepPathway,R-HSA-9660821,4.089815542334517
R-HSA-1222387,abstraction:NextStepPathway,R-HSA-1222541,4.0827979696758705
R-HSA-174184,abstraction:NextStepPathway,R-HSA-176409,2.0720995804156375
R-HSA-9729902,abstraction:NextStepPathway,R-HSA-5657655,6.049910326381786
R-HSA-1799339,abstraction:NextStepPathway,R-HSA-264876,1.4814041247652867
R-HSA-9753512,abstraction:NextStepPathway,R-HSA-9649948,4.894602694037132
R-HSA-9694686,abstraction:NextStepPathway,R-HSA-9694676,2.1844549567699754
R-HSA-9694686,abstraction:NextStepPathway,R-HSA-9694322,2.1545249621066636
R-HSA-9694686,abstraction:NextStepPathway,R-HSA-9694786,2.1200474028253096
R-HSA-2871837,abstraction:NextStepPathway,R-HSA-209560,2.883380981885795
R-HSA-2871837,abstraction:NextStepPathway,R-HSA-5607764,2.226172235821212
R-HSA-2871837,abstraction:NextStepPathway,R-HSA-9909649,2.6321836427684207
R-HSA-2871837,abstraction:NextStepPathway,R-HSA-9020702,1.97704479583681
R-HSA-2871837,abstraction:NextStepPathway,R-HSA-202424,2.321810159114569
R-HSA-8939902,abstraction:NextStepPathway,R-HSA-8941326,2.624833670929688
R-HSA-8939902,abstraction:NextStepPathway,R-HSA-8940973,2.570980596179279
R-HSA-8939902,abstraction:NextStepPathway,R-HSA-2032785,2.7503765984961315
R-HSA-8939902,abstraction:NextStepPathway,R-HSA-8941284,2.8441197410622414
R-HSA-8939902,abstraction:NextStepPathway,R-HSA-8878166,2.229454514479131
R-HSA-392517,abstraction:NextStepPathway,R-HSA-354192,2.433601565102686
R-HSA-1362300,abstraction:NextStepPathway,R-HSA-69205,3.317167512689205
R-HSA-1362300,abstraction:NextStepPathway,R-HSA-1362277,3.187709445452318
R-HSA-205043,abstraction:NextStepPathway,R-HSA-193648,3.9127896731152725
R-HSA-205043,abstraction:NextStepPathway,R-HSA-9673324,3.658856585400133
R-HSA-2565942,abstraction:NextStepPathway,R-HSA-162658,1.6604116768692039
R-HSA-2565942,abstraction:NextStepPathway,R-HSA-2299718,1.5691702187718723
R-HSA-2565942,abstraction:NextStepPathway,R-HSA-9648025,1.5186558233438634
R-HSA-2565942,abstraction:NextStepPathway,R-HSA-68881,1.7214822728071417
R-HSA-2565942,abstraction:NextStepPathway,R-HSA-2500257,0.9596939696151918
R-HSA-2565942,abstraction:NextStepPathway,R-HSA-156711,1.5757034049125078
R-HSA-2565942,abstraction:NextStepPathway,R-HSA-2980767,1.707079405173681
R-HSA-111995,abstraction:NextStepPathway,R-HSA-2142816,4.358892426955263
R-HSA-111995,abstraction:NextStepPathway,R-HSA-2142753,2.823066331864409
R-HSA-111995,abstraction:NextStepPathway,R-HSA-140180,4.902507873544245
R-HSA-111995,abstraction:NextStepPathway,R-HSA-2162123,3.2330057203674945
R-HSA-5687128,abstraction:NextStepPathway,R-HSA-2029482,2.295126097380132
R-HSA-5687128,abstraction:NextStepPathway,R-HSA-9909649,2.724874305685195
R-HSA-5687128,abstraction:NextStepPathway,R-HSA-5627123,2.8310345015135856
R-HSA-9634635,abstraction:NextStepPathway,R-HSA-114604,3.0529288334273637
R-HSA-9020702,abstraction:NextStepPathway,R-HSA-5684264,2.2190973763791835
R-HSA-9020702,abstraction:NextStepPathway,R-HSA-9758274,2.2223564775800906
R-HSA-9020702,abstraction:NextStepPathway,R-HSA-933542,2.3068978636879227
R-HSA-9020702,abstraction:NextStepPathway,R-HSA-445989,2.1939287118372652
R-HSA-9020702,abstraction:NextStepPathway,R-HSA-525793,2.1215219668673764
R-HSA-9020702,abstraction:NextStepPathway,R-HSA-9909649,2.1259587500883668
R-HSA-9020702,abstraction:NextStepPathway,R-HSA-168638,2.154016702883524
R-HSA-9020702,abstraction:NextStepPathway,R-HSA-9860276,2.2939565066035295
R-HSA-9020702,abstraction:NextStepPathway,R-HSA-1810476,2.2904559195982475
R-HSA-9730737,abstraction:NextStepPathway,R-HSA-110330,4.4404724139476865
R-HSA-390651,abstraction:NextStepPathway,R-HSA-418594,2.9187734158215926
R-HSA-390651,abstraction:NextStepPathway,R-HSA-418555,3.693784466459711
R-HSA-390651,abstraction:NextStepPathway,R-HSA-9660821,4.118388914778573
R-HSA-9700645,abstraction:NextStepPathway,R-HSA-9725371,3.4180214862451406
R-HSA-2022854,abstraction:NextStepPathway,R-HSA-2022928,4.129317985310763
R-HSA-2022854,abstraction:NextStepPathway,R-HSA-2022857,4.258150857153732
R-HSA-9683686,abstraction:NextStepPathway,R-HSA-9679509,3.6820057672670985
R-HSA-1482788,abstraction:NextStepPathway,R-HSA-1483148,4.283468665138021
R-HSA-1482788,abstraction:NextStepPathway,R-HSA-1483191,3.5546408895582395
R-HSA-1482788,abstraction:NextStepPathway,R-HSA-1483101,4.486516352449093
R-HSA-1482788,abstraction:NextStepPathway,R-HSA-1483166,3.569179048004267
R-HSA-1482788,abstraction:NextStepPathway,R-HSA-1483115,4.1819617187961855
R-HSA-73772,abstraction:NextStepPathway,R-HSA-73863,2.70440185058022
R-HSA-73772,abstraction:NextStepPathway,R-HSA-427389,3.481122192613084
R-HSA-73772,abstraction:NextStepPathway,R-HSA-427413,3.0769350399504116
R-HSA-6806942,abstraction:NextStepPathway,R-HSA-8874081,3.698535069218309
R-HSA-6806942,abstraction:NextStepPathway,R-HSA-8851907,4.118388914778573
R-HSA-6806942,abstraction:NextStepPathway,R-HSA-8875513,4.300710471572527
R-HSA-6806942,abstraction:NextStepPathway,R-HSA-6807004,3.9488296095984694
R-HSA-6806942,abstraction:NextStepPathway,R-HSA-8875791,4.178108149480195
R-HSA-6806942,abstraction:NextStepPathway,R-HSA-8851805,3.375761676955258
R-HSA-1989781,abstraction:NextStepPathway,R-HSA-2022377,2.2008271207275145
R-HSA-1989781,abstraction:NextStepPathway,R-HSA-400206,2.015669688229391
R-HSA-1989781,abstraction:NextStepPathway,R-HSA-9861718,2.260054954927848
R-HSA-5685942,abstraction:NextStepPathway,R-HSA-5693554,2.5594818109916884
R-HSA-5685942,abstraction:NextStepPathway,R-HSA-5693568,1.9796023419879272
R-HSA-9824585,abstraction:NextStepPathway,R-HSA-1445148,2.768999110594133
R-HSA-5635851,abstraction:NextStepPathway,R-HSA-5632684,3.1227245953629055
R-HSA-9819196,abstraction:NextStepPathway,R-HSA-429947,3.3090703024565857
R-HSA-9819196,abstraction:NextStepPathway,R-HSA-9820865,3.2962496140275244
R-HSA-110329,abstraction:NextStepPathway,R-HSA-5649702,3.230020643524041
R-HSA-110329,abstraction:NextStepPathway,R-HSA-110357,3.4659127739495554
R-HSA-982772,abstraction:NextStepPathway,R-HSA-2586552,2.7105883484377187
R-HSA-982772,abstraction:NextStepPathway,R-HSA-9020558,2.548867609749915
R-HSA-982772,abstraction:NextStepPathway,R-HSA-512988,2.9588678730234705
R-HSA-982772,abstraction:NextStepPathway,R-HSA-9703465,3.0769350399504116
R-HSA-982772,abstraction:NextStepPathway,R-HSA-1170546,2.89397430128746
R-HSA-982772,abstraction:NextStepPathway,R-HSA-1266695,2.6110960811483244
R-HSA-982772,abstraction:NextStepPathway,R-HSA-9702518,3.082063256317331
R-HSA-159227,abstraction:NextStepPathway,R-HSA-72662,2.8043925705671646
R-HSA-174113,abstraction:NextStepPathway,R-HSA-176408,2.8380591164505504
R-HSA-156581,abstraction:NextStepPathway,R-HSA-1614558,3.0221950069747447
R-HSA-156581,abstraction:NextStepPathway,R-HSA-549127,3.57969439200379
R-HSA-156581,abstraction:NextStepPathway,R-HSA-6798163,3.5063417639452
R-HSA-156581,abstraction:NextStepPathway,R-HSA-1614635,2.948692544981818
R-HSA-156581,abstraction:NextStepPathway,R-HSA-9759218,2.917682308239258
R-HSA-156581,abstraction:NextStepPathway,R-HSA-351202,3.263357063791633
R-HSA-156581,abstraction:NextStepPathway,R-HSA-1614603,3.7033083479709665
R-HSA-8852276,abstraction:NextStepPathway,R-HSA-69481,2.7123629717960873
R-HSA-1483115,abstraction:NextStepPathway,R-HSA-1483191,3.6384708284756586
R-HSA-1483115,abstraction:NextStepPathway,R-HSA-264642,3.550525657413133
R-HSA-1483115,abstraction:NextStepPathway,R-HSA-1483166,3.652015053583416
R-HSA-194313,abstraction:NextStepPathway,R-HSA-194138,2.297469390778106
R-HSA-194313,abstraction:NextStepPathway,R-HSA-195399,6.242282219029243
R-HSA-9694271,abstraction:NextStepPathway,R-HSA-9694686,2.223990020007052
R-HSA-111885,abstraction:NextStepPathway,R-HSA-202040,3.1862818934611328
R-HSA-72203,abstraction:NextStepPathway,R-HSA-72163,-0.13573229374739001
R-HSA-72203,abstraction:NextStepPathway,R-HSA-72165,0.4120896074033448
R-HSA-8949664,abstraction:NextStepPathway,R-HSA-8949215,3.7649801686264617
R-HSA-9664422,abstraction:NextStepPathway,R-HSA-4420097,1.50078153127732
R-HSA-9664422,abstraction:NextStepPathway,R-HSA-9664323,2.508226627086431
R-HSA-9664422,abstraction:NextStepPathway,R-HSA-2029482,2.1001099566196104
R-HSA-9664422,abstraction:NextStepPathway,R-HSA-114604,2.3116456470871074
R-HSA-9664422,abstraction:NextStepPathway,R-HSA-5663213,2.3412282449716706
R-HSA-9664422,abstraction:NextStepPathway,R-HSA-5627123,2.499574806715917
R-HSA-9660821,abstraction:NextStepPathway,R-HSA-111931,4.089815542334517
R-HSA-9660821,abstraction:NextStepPathway,R-HSA-418594,2.7330007612422205
R-HSA-9660821,abstraction:NextStepPathway,R-HSA-9856530,2.727575793145356
R-HSA-9660821,abstraction:NextStepPathway,R-HSA-9634638,3.677332861567706
R-HSA-9660821,abstraction:NextStepPathway,R-HSA-164378,4.166635748317958
R-HSA-9660821,abstraction:NextStepPathway,R-HSA-9634597,3.679666584913926
R-HSA-9660821,abstraction:NextStepPathway,R-HSA-9664323,3.4509312203339384
R-HSA-9660821,abstraction:NextStepPathway,R-HSA-163560,3.4001957022925398
R-HSA-9660821,abstraction:NextStepPathway,R-HSA-418597,3.48496096892025
R-HSA-9660821,abstraction:NextStepPathway,R-HSA-442720,4.025056974986354
R-HSA-9660821,abstraction:NextStepPathway,R-HSA-111932,3.394909346369392
R-HSA-9660821,abstraction:NextStepPathway,R-HSA-163359,3.9642382349513148
R-HSA-9660821,abstraction:NextStepPathway,R-HSA-432040,3.57969439200379
R-HSA-9660821,abstraction:NextStepPathway,R-HSA-180024,3.7057035586969214
R-HSA-9660821,abstraction:NextStepPathway,R-HSA-418555,3.328614898529556
R-HSA-9660821,abstraction:NextStepPathway,R-HSA-163358,4.002217483016531
R-HSA-9660821,abstraction:NextStepPathway,R-HSA-9031628,2.891846640910343
R-HSA-9660821,abstraction:NextStepPathway,R-HSA-9634600,3.9642382349513148
R-HSA-9660821,abstraction:NextStepPathway,R-HSA-163615,4.062035978227441
R-HSA-75108,abstraction:NextStepPathway,R-HSA-111457,5.174441589027887
R-HSA-75108,abstraction:NextStepPathway,R-HSA-111453,5.227930273978873
R-HSA-75108,abstraction:NextStepPathway,R-HSA-114294,5.184912888895182
R-HSA-75108,abstraction:NextStepPathway,R-HSA-5620971,3.672681690391975
R-HSA-75108,abstraction:NextStepPathway,R-HSA-111452,5.272881661841139
R-HSA-111459,abstraction:NextStepPathway,R-HSA-111469,4.111168666805086
R-HSA-111459,abstraction:NextStepPathway,R-HSA-5620971,3.603224889413984
R-HSA-111459,abstraction:NextStepPathway,R-HSA-111465,3.3792159118233456
R-HSA-111459,abstraction:NextStepPathway,R-HSA-140342,3.9989968683164885
R-HSA-111459,abstraction:NextStepPathway,R-HSA-264870,4.166635748317958
R-HSA-111459,abstraction:NextStepPathway,R-HSA-211736,4.762056038075149
R-HSA-111459,abstraction:NextStepPathway,R-HSA-351906,4.197526235337297
R-HSA-141444,abstraction:NextStepPathway,R-HSA-141430,1.821617791649947
R-HSA-141444,abstraction:NextStepPathway,R-HSA-141405,1.852708378719978
R-HSA-9759811,abstraction:NextStepPathway,R-HSA-9762292,4.513043106782522
R-HSA-74752,abstraction:NextStepPathway,R-HSA-74749,3.1977597813058196
R-HSA-74752,abstraction:NextStepPathway,R-HSA-74713,3.2093709422334973
R-HSA-74752,abstraction:NextStepPathway,R-HSA-77387,3.173524810460362
R-HSA-74752,abstraction:NextStepPathway,R-HSA-74751,2.8380591164505504
R-HSA-174403,abstraction:NextStepPathway,R-HSA-156590,3.976738397715546
R-HSA-174403,abstraction:NextStepPathway,R-HSA-9753281,3.752337775211285
R-HSA-168164,abstraction:NextStepPathway,R-HSA-937072,2.486735828642909
R-HSA-168164,abstraction:NextStepPathway,R-HSA-9013973,2.435619729258923
R-HSA-168164,abstraction:NextStepPathway,R-HSA-9014325,2.633003651014451
R-HSA-168164,abstraction:NextStepPathway,R-HSA-168927,2.725773990856093
R-HSA-70635,abstraction:NextStepPathway,R-HSA-379716,2.8635576932191458
R-HSA-70635,abstraction:NextStepPathway,R-HSA-8964539,3.494622879831987
R-HSA-70635,abstraction:NextStepPathway,R-HSA-71737,4.2213368840310155
R-HSA-139853,abstraction:NextStepPathway,R-HSA-114508,4.714909259649446
R-HSA-139853,abstraction:NextStepPathway,R-HSA-9856530,2.903605194348421
R-HSA-139853,abstraction:NextStepPathway,R-HSA-2871809,3.3671779332638665
R-HSA-139853,abstraction:NextStepPathway,R-HSA-1169091,3.668052052493233
R-HSA-139853,abstraction:NextStepPathway,R-HSA-9664323,3.8610539987160837
R-HSA-139853,abstraction:NextStepPathway,R-HSA-76005,5.104060792266087
R-HSA-139853,abstraction:NextStepPathway,R-HSA-445355,3.145745246353286
R-HSA-139853,abstraction:NextStepPathway,R-HSA-5218921,4.0316795157468475
R-HSA-139853,abstraction:NextStepPathway,R-HSA-111997,4.015204678543342
R-HSA-139853,abstraction:NextStepPathway,R-HSA-5607763,4.201455513477186
R-HSA-139853,abstraction:NextStepPathway,R-HSA-2025928,4.620795968078967
R-HSA-139853,abstraction:NextStepPathway,R-HSA-5578775,3.698535069218309
R-HSA-139853,abstraction:NextStepPathway,R-HSA-983695,2.6232076543112695
R-HSA-139853,abstraction:NextStepPathway,R-HSA-2514859,3.4734885677580127
R-HSA-187577,abstraction:NextStepPathway,R-HSA-69202,3.2285314399725733
R-HSA-187577,abstraction:NextStepPathway,R-HSA-8849470,3.8198959262225762
R-HSA-187577,abstraction:NextStepPathway,R-HSA-69656,3.2526289915516338
R-HSA-187577,abstraction:NextStepPathway,R-HSA-69231,3.421625093748439
R-HSA-9818749,abstraction:NextStepPathway,R-HSA-8951664,1.7680493904886272
R-HSA-9818749,abstraction:NextStepPathway,R-HSA-9755511,2.1606443080762565
R-HSA-9764725,abstraction:NextStepPathway,R-HSA-9764562,2.9783750894122947
R-HSA-9764725,abstraction:NextStepPathway,R-HSA-9856649,2.300994658823791
R-HSA-2162123,abstraction:NextStepPathway,R-HSA-2142770,3.235999734580099
R-HSA-2162123,abstraction:NextStepPathway,R-HSA-9027604,2.9375067460241024
R-HSA-2162123,abstraction:NextStepPathway,R-HSA-9018679,3.141644078609071
R-HSA-2162123,abstraction:NextStepPathway,R-HSA-140180,3.2914839179545097
R-HSA-2162123,abstraction:NextStepPathway,R-HSA-211979,3.1609284227746763
R-HSA-2162123,abstraction:NextStepPathway,R-HSA-9018677,2.743939794662652
R-HSA-427389,abstraction:NextStepPathway,R-HSA-73863,2.882327795901136
R-HSA-427389,abstraction:NextStepPathway,R-HSA-427413,3.3535953814979975
R-HSA-1912408,abstraction:NextStepPathway,R-HSA-1912399,3.5443843893910505
R-HSA-198933,abstraction:NextStepPathway,R-HSA-5676594,2.752223321089296
R-HSA-8963684,abstraction:NextStepPathway,R-HSA-2142789,3.263357063791633
R-HSA-1250342,abstraction:NextStepPathway,R-HSA-6811558,4.59129530368227
R-HSA-1250342,abstraction:NextStepPathway,R-HSA-1257604,2.8240588877771606
R-HSA-1482922,abstraction:NextStepPathway,R-HSA-1483196,4.349718050679222
R-HSA-1482922,abstraction:NextStepPathway,R-HSA-1483248,4.391682249778254
R-HSA-5693548,abstraction:NextStepPathway,R-HSA-6804760,3.3671779332638665
R-HSA-5693548,abstraction:NextStepPathway,R-HSA-69541,3.4270549713428085
R-HSA-5693548,abstraction:NextStepPathway,R-HSA-5693565,1.3047608303402543
R-HSA-5693548,abstraction:NextStepPathway,R-HSA-6804756,2.7831971720994257
R-HSA-5693548,abstraction:NextStepPathway,R-HSA-6803204,3.2450359406440366
R-HSA-5693548,abstraction:NextStepPathway,R-HSA-5693538,1.6928810382249435
R-HSA-5693548,abstraction:NextStepPathway,R-HSA-349425,3.6053917374990743
R-HSA-5693548,abstraction:NextStepPathway,R-HSA-5685939,3.104156422634037
R-HSA-5693548,abstraction:NextStepPathway,R-HSA-6803207,3.4090688749730265
R-HSA-5693548,abstraction:NextStepPathway,R-HSA-2559586,2.9464453530249135
R-HSA-5693548,abstraction:NextStepPathway,R-HSA-6804757,3.0089657100062475
R-HSA-5693548,abstraction:NextStepPathway,R-HSA-5693606,1.8871286026064573
R-HSA-72187,abstraction:NextStepPathway,R-HSA-9930044,1.7594508852333954
R-HSA-72187,abstraction:NextStepPathway,R-HSA-73856,2.124971095687094
R-HSA-72187,abstraction:NextStepPathway,R-HSA-159236,1.6807789796936377
R-HSA-70221,abstraction:NextStepPathway,R-HSA-3322077,2.5213463487991903
R-HSA-70221,abstraction:NextStepPathway,R-HSA-70263,3.200649956728053
R-HSA-70221,abstraction:NextStepPathway,R-HSA-70370,3.55877312684315
R-HSA-70221,abstraction:NextStepPathway,R-HSA-173599,3.5382806064530326
R-HSA-1855229,abstraction:NextStepPathway,R-HSA-1855191,3.7201965659994882
R-HSA-1855229,abstraction:NextStepPathway,R-HSA-1855192,4.262326228564212
R-HSA-2980767,abstraction:NextStepPathway,R-HSA-3301854,3.4678013486374235
R-HSA-2980767,abstraction:NextStepPathway,R-HSA-9648025,3.0950000473480506
R-HSA-139910,abstraction:NextStepPathway,R-HSA-111453,5.356763145821841
R-HSA-168928,abstraction:NextStepPathway,R-HSA-936440,2.988858586707153
R-HSA-168928,abstraction:NextStepPathway,R-HSA-933543,3.0417555328292383
R-HSA-168928,abstraction:NextStepPathway,R-HSA-918233,2.954332717858079
R-HSA-168928,abstraction:NextStepPathway,R-HSA-9705671,1.9791756297988194
R-HSA-168928,abstraction:NextStepPathway,R-HSA-9833109,2.906836214929868
R-HSA-1502540,abstraction:NextStepPathway,R-HSA-2173795,3.7548534998085326
R-HSA-1502540,abstraction:NextStepPathway,R-HSA-9754189,3.4055101523560323
R-HSA-1502540,abstraction:NextStepPathway,R-HSA-2173796,3.5712732896073818
R-HSA-1502540,abstraction:NextStepPathway,R-HSA-9796292,4.36815175236806
R-HSA-1502540,abstraction:NextStepPathway,R-HSA-2173789,2.974904871933288
R-HSA-1502540,abstraction:NextStepPathway,R-HSA-1181150,4.34062707897797
R-HSA-1502540,abstraction:NextStepPathway,R-HSA-8941855,4.197526235337297
R-HSA-1502540,abstraction:NextStepPathway,R-HSA-9823730,3.508308332917241
R-HSA-1502540,abstraction:NextStepPathway,R-HSA-9617828,3.8198959262225762
R-HSA-181429,abstraction:NextStepPathway,R-HSA-181430,3.3269715127858257
R-HSA-181429,abstraction:NextStepPathway,R-HSA-390666,3.8894650005488636
R-HSA-181429,abstraction:NextStepPathway,R-HSA-212676,3.3535953814979975
R-HSA-114608,abstraction:NextStepPathway,R-HSA-140875,2.7000062391071817
R-HSA-114608,abstraction:NextStepPathway,R-HSA-140837,3.0053878886583636
R-HSA-6804757,abstraction:NextStepPathway,R-HSA-2559585,3.039289440334045
R-HSA-6804757,abstraction:NextStepPathway,R-HSA-2559580,2.6689156520371506
R-HSA-6804757,abstraction:NextStepPathway,R-HSA-6804760,2.96914780364322
R-HSA-6804757,abstraction:NextStepPathway,R-HSA-1257604,2.4116664882364303
R-HSA-6804757,abstraction:NextStepPathway,R-HSA-69541,3.0137561383288802
R-HSA-6804757,abstraction:NextStepPathway,R-HSA-8941858,3.010161167411021
R-HSA-6804757,abstraction:NextStepPathway,R-HSA-6804756,2.5391114348045503
R-HSA-6804757,abstraction:NextStepPathway,R-HSA-69481,2.4796736523986223
R-HSA-6804757,abstraction:NextStepPathway,R-HSA-5689880,2.3473745458203648
R-HSA-6804757,abstraction:NextStepPathway,R-HSA-198323,3.203548509482064
R-HSA-6804757,abstraction:NextStepPathway,R-HSA-8852276,2.980695276067992
R-HSA-2468052,abstraction:NextStepPathway,R-HSA-2500257,1.5208115773449906
R-HSA-8847453,abstraction:NextStepPathway,R-HSA-6811555,4.49704276543608
R-HSA-112382,abstraction:NextStepPathway,R-HSA-75955,1.9924891182642837
R-HSA-427413,abstraction:NextStepPathway,R-HSA-73863,2.6412409298809303
R-HSA-427413,abstraction:NextStepPathway,R-HSA-427389,3.3535953814979975
R-HSA-446210,abstraction:NextStepPathway,R-HSA-2142845,4.241621555202521
R-HSA-446210,abstraction:NextStepPathway,R-HSA-446193,3.03560166725486
R-HSA-446210,abstraction:NextStepPathway,R-HSA-70171,3.346872667103121
R-HSA-6807062,abstraction:NextStepPathway,R-HSA-196791,3.267990276713121
R-HSA-6807062,abstraction:NextStepPathway,R-HSA-191273,2.693013203616211
R-HSA-6807062,abstraction:NextStepPathway,R-HSA-211897,2.640414141904936
R-HSA-4641257,abstraction:NextStepPathway,R-HSA-201681,2.650381001820328
R-HSA-4641257,abstraction:NextStepPathway,R-HSA-5689880,2.530189442535524
R-HSA-5423646,abstraction:NextStepPathway,R-HSA-156590,3.698535069218309
R-HSA-3371378,abstraction:NextStepPathway,R-HSA-5357905,2.1489482683130654
R-HSA-6791226,abstraction:NextStepPathway,R-HSA-9930044,1.4385095906430592
R-HSA-1362409,abstraction:NextStepPathway,R-HSA-9854311,3.3401948459605153
R-HSA-444209,abstraction:NextStepPathway,R-HSA-418594,2.910077708854039
R-HSA-444209,abstraction:NextStepPathway,R-HSA-416476,3.6843504342263524
R-HSA-2408550,abstraction:NextStepPathway,R-HSA-2408499,4.34062707897797
R-HSA-2408550,abstraction:NextStepPathway,R-HSA-2408508,3.8225877178882874
R-HSA-2408550,abstraction:NextStepPathway,R-HSA-2408557,2.2180133654329253
R-HSA-9617828,abstraction:NextStepPathway,R-HSA-69563,3.5403110640034146
R-HSA-9617828,abstraction:NextStepPathway,R-HSA-69202,3.2946585237952823
R-HSA-9617828,abstraction:NextStepPathway,R-HSA-6804116,3.556704873779091
R-HSA-9617828,abstraction:NextStepPathway,R-HSA-69895,3.9216786205325187
R-HSA-9617828,abstraction:NextStepPathway,R-HSA-69656,3.3204248445595113
R-HSA-9617828,abstraction:NextStepPathway,R-HSA-2559586,2.9702965688470933
R-HSA-1963642,abstraction:NextStepPathway,R-HSA-6811558,4.062035978227441
R-HSA-1963642,abstraction:NextStepPathway,R-HSA-1257604,2.7114752664559467
R-HSA-168288,abstraction:NextStepPathway,R-HSA-168336,3.065491812728069
R-HSA-168927,abstraction:NextStepPathway,R-HSA-1810476,4.358892426955263
R-HSA-9694614,abstraction:NextStepPathway,R-HSA-9694676,2.812212747272998
R-HSA-9694614,abstraction:NextStepPathway,R-HSA-9694786,2.6912725591384272
R-HSA-9694614,abstraction:NextStepPathway,R-HSA-9694686,1.9660370640269813
R-HSA-211981,abstraction:NextStepPathway,R-HSA-156590,3.2181686529370266
R-HSA-5696394,abstraction:NextStepPathway,R-HSA-5696395,2.492421700393262
R-HSA-8849471,abstraction:NextStepPathway,R-HSA-5625970,3.844386946230872
R-HSA-8849471,abstraction:NextStepPathway,R-HSA-4420097,1.7201643154499742
R-HSA-8849471,abstraction:NextStepPathway,R-HSA-5625900,3.6474798984180246
R-HSA-8849471,abstraction:NextStepPathway,R-HSA-389359,3.526183684744204
R-HSA-8849471,abstraction:NextStepPathway,R-HSA-399955,3.2867408260584967
R-HSA-8849471,abstraction:NextStepPathway,R-HSA-5663220,1.5587490570055624
R-HSA-8849471,abstraction:NextStepPathway,R-HSA-2029482,2.5324124890234705
R-HSA-8849471,abstraction:NextStepPathway,R-HSA-5626467,3.698535069218309
R-HSA-8849471,abstraction:NextStepPathway,R-HSA-5663213,2.936395017171412
R-HSA-8849471,abstraction:NextStepPathway,R-HSA-5625740,3.124064180291962
R-HSA-8849471,abstraction:NextStepPathway,R-HSA-5627123,3.2695394636999504
R-HSA-8849471,abstraction:NextStepPathway,R-HSA-5687128,2.814177384447163
R-HSA-8849471,abstraction:NextStepPathway,R-HSA-9664422,2.491709195909966
R-HSA-453279,abstraction:NextStepPathway,R-HSA-69239,1.9337227362372336
R-HSA-453279,abstraction:NextStepPathway,R-HSA-69620,1.420779502948852
R-HSA-453279,abstraction:NextStepPathway,R-HSA-69278,-0.03538603556006563
R-HSA-159418,abstraction:NextStepPathway,R-HSA-193368,2.8532801104609056
R-HSA-159418,abstraction:NextStepPathway,R-HSA-879518,4.253992847005068
R-HSA-159418,abstraction:NextStepPathway,R-HSA-192105,2.7123629717960873
R-HSA-159418,abstraction:NextStepPathway,R-HSA-211976,3.0554288347294483
R-HSA-159418,abstraction:NextStepPathway,R-HSA-193807,3.6273224409930447
R-HSA-159418,abstraction:NextStepPathway,R-HSA-1989781,2.2980560731064616
R-HSA-190371,abstraction:NextStepPathway,R-HSA-5654227,5.113816967211452
R-HSA-190371,abstraction:NextStepPathway,R-HSA-5654706,4.450522749801188
R-HSA-190371,abstraction:NextStepPathway,R-HSA-5654704,5.1538223018251506
R-HSA-749476,abstraction:NextStepPathway,R-HSA-6784531,1.839265308463525
R-HSA-749476,abstraction:NextStepPathway,R-HSA-6782315,1.769777999389245
R-HSA-749476,abstraction:NextStepPathway,R-HSA-73780,1.808943350753219
R-HSA-749476,abstraction:NextStepPathway,R-HSA-73980,1.8545898468196838
R-HSA-202424,abstraction:NextStepPathway,R-HSA-6811558,2.7831971720994257
R-HSA-202424,abstraction:NextStepPathway,R-HSA-209560,2.7605760378650244
R-HSA-202424,abstraction:NextStepPathway,R-HSA-389357,2.729380847787086
R-HSA-202424,abstraction:NextStepPathway,R-HSA-1257604,2.2158488624233525
R-HSA-202424,abstraction:NextStepPathway,R-HSA-392451,2.8563523094978756
R-HSA-202424,abstraction:NextStepPathway,R-HSA-1855204,2.687800333427678
R-HSA-202424,abstraction:NextStepPathway,R-HSA-114604,2.4103524276005612
R-HSA-202424,abstraction:NextStepPathway,R-HSA-5607764,2.16013292990096
R-HSA-202424,abstraction:NextStepPathway,R-HSA-9909649,2.535384259412628
R-HSA-202424,abstraction:NextStepPathway,R-HSA-1660499,2.4309169997320166
R-HSA-202424,abstraction:NextStepPathway,R-HSA-2730905,2.6697663539174634
R-HSA-202424,abstraction:NextStepPathway,R-HSA-5218920,2.2131498054541874
R-HSA-202424,abstraction:NextStepPathway,R-HSA-1660516,2.6834769371559712
R-HSA-202424,abstraction:NextStepPathway,R-HSA-2871837,2.321810159114569
R-HSA-202424,abstraction:NextStepPathway,R-HSA-9020702,1.9256025129743066
R-HSA-499943,abstraction:NextStepPathway,R-HSA-5628897,2.468476894416698
R-HSA-499943,abstraction:NextStepPathway,R-HSA-3299685,2.4235713907427483
R-HSA-499943,abstraction:NextStepPathway,R-HSA-83936,3.027049385439543
R-HSA-499943,abstraction:NextStepPathway,R-HSA-9818027,2.781292409618772
R-HSA-167162,abstraction:NextStepPathway,R-HSA-167160,1.3978565544948447
R-HSA-2485179,abstraction:NextStepPathway,R-HSA-2514859,3.2020981829044177
R-HSA-9018896,abstraction:NextStepPathway,R-HSA-373076,2.6215842773313787
