subPathwayID,interaction,pathwayID
R-HSA-8877627,abstraction:IsAChildOf,R-HSA-6806667
R-HSA-6806664,abstraction:IsAChildOf,R-HSA-6806667
R-HSA-975634,abstraction:IsAChildOf,R-HSA-6806667
R-HSA-1296041,abstraction:IsAChildOf,R-HSA-1296059
R-HSA-190241,abstraction:IsAChildOf,R-HSA-5654738
R-HSA-5654696,abstraction:IsAChildOf,R-HSA-5654738
R-HSA-6803529,abstraction:IsAChildOf,R-HSA-5654738
R-HSA-5654727,abstraction:IsAChildOf,R-HSA-5654738
R-HSA-9705683,abstraction:IsAChildOf,R-HSA-9694516
R-HSA-9772573,abstraction:IsAChildOf,R-HSA-9694516
R-HSA-9772572,abstraction:IsAChildOf,R-HSA-9694516
R-HSA-9672393,abstraction:IsAChildOf,R-HSA-9662001
R-HSA-9672391,abstraction:IsAChildOf,R-HSA-9662001
R-HSA-9672396,abstraction:IsAChildOf,R-HSA-9662001
R-HSA-9672387,abstraction:IsAChildOf,R-HSA-9662001
R-HSA-9672395,abstraction:IsAChildOf,R-HSA-9662001
R-HSA-9672397,abstraction:IsAChildOf,R-HSA-9662001
R-HSA-9674519,abstraction:IsAChildOf,R-HSA-9662001
R-HSA-8964208,abstraction:IsAChildOf,R-HSA-8963691
R-HSA-8963684,abstraction:IsAChildOf,R-HSA-8963691
R-HSA-162599,abstraction:IsAChildOf,R-HSA-162587
R-HSA-162594,abstraction:IsAChildOf,R-HSA-162587
R-HSA-1839122,abstraction:IsAChildOf,R-HSA-1839124
R-HSA-1839117,abstraction:IsAChildOf,R-HSA-1839124
R-HSA-1839120,abstraction:IsAChildOf,R-HSA-1839124
R-HSA-8853336,abstraction:IsAChildOf,R-HSA-1839124
R-HSA-9840309,abstraction:IsAChildOf,R-HSA-1660662
R-HSA-9840310,abstraction:IsAChildOf,R-HSA-1660662
R-HSA-9700649,abstraction:IsAChildOf,R-HSA-9700206
R-HSA-9725370,abstraction:IsAChildOf,R-HSA-9700206
R-HSA-9700645,abstraction:IsAChildOf,R-HSA-9700206
R-HSA-5654219,abstraction:IsAChildOf,R-HSA-5654687
R-HSA-5654688,abstraction:IsAChildOf,R-HSA-5654687
R-HSA-5654693,abstraction:IsAChildOf,R-HSA-5654687
R-HSA-5654689,abstraction:IsAChildOf,R-HSA-5654687
R-HSA-9662361,abstraction:IsAChildOf,R-HSA-9659379
R-HSA-9662360,abstraction:IsAChildOf,R-HSA-9659379
R-HSA-162909,abstraction:IsAChildOf,R-HSA-162906
R-HSA-162587,abstraction:IsAChildOf,R-HSA-162906
R-HSA-111997,abstraction:IsAChildOf,R-HSA-1489509
R-HSA-379398,abstraction:IsAChildOf,R-HSA-379401
R-HSA-379397,abstraction:IsAChildOf,R-HSA-379401
R-HSA-5218859,abstraction:IsAChildOf,R-HSA-5357801
R-HSA-109581,abstraction:IsAChildOf,R-HSA-5357801
R-HSA-9673163,abstraction:IsAChildOf,R-HSA-166187
R-HSA-167826,abstraction:IsAChildOf,R-HSA-166187
R-HSA-113501,abstraction:IsAChildOf,R-HSA-113510
R-HSA-113507,abstraction:IsAChildOf,R-HSA-113510
R-HSA-111931,abstraction:IsAChildOf,R-HSA-111933
R-HSA-111957,abstraction:IsAChildOf,R-HSA-111933
R-HSA-111932,abstraction:IsAChildOf,R-HSA-111933
R-HSA-420092,abstraction:IsAChildOf,R-HSA-373080
R-HSA-419812,abstraction:IsAChildOf,R-HSA-373080
R-HSA-8941326,abstraction:IsAChildOf,R-HSA-8878166
R-HSA-8941332,abstraction:IsAChildOf,R-HSA-8878166
R-HSA-8941333,abstraction:IsAChildOf,R-HSA-8878166
R-HSA-8939902,abstraction:IsAChildOf,R-HSA-8878166
R-HSA-5467333,abstraction:IsAChildOf,R-HSA-4839744
R-HSA-5467337,abstraction:IsAChildOf,R-HSA-4839744
R-HSA-3928664,abstraction:IsAChildOf,R-HSA-2682334
R-HSA-3928662,abstraction:IsAChildOf,R-HSA-2682334
R-HSA-3928663,abstraction:IsAChildOf,R-HSA-2682334
R-HSA-3928665,abstraction:IsAChildOf,R-HSA-2682334
R-HSA-1614558,abstraction:IsAChildOf,R-HSA-1614635
R-HSA-1237112,abstraction:IsAChildOf,R-HSA-1614635
R-HSA-1614603,abstraction:IsAChildOf,R-HSA-1614635
R-HSA-2426168,abstraction:IsAChildOf,R-HSA-1655829
R-HSA-141430,abstraction:IsAChildOf,R-HSA-141405
R-HSA-9683673,abstraction:IsAChildOf,R-HSA-9683701
R-HSA-9683610,abstraction:IsAChildOf,R-HSA-9683701
R-HSA-9683683,abstraction:IsAChildOf,R-HSA-9683701
R-HSA-9683612,abstraction:IsAChildOf,R-HSA-9683701
R-HSA-9683686,abstraction:IsAChildOf,R-HSA-9683701
R-HSA-5637812,abstraction:IsAChildOf,R-HSA-1643713
R-HSA-5638302,abstraction:IsAChildOf,R-HSA-1643713
R-HSA-5637815,abstraction:IsAChildOf,R-HSA-1643713
R-HSA-9693928,abstraction:IsAChildOf,R-HSA-9645723
R-HSA-9734009,abstraction:IsAChildOf,R-HSA-9645723
R-HSA-9710421,abstraction:IsAChildOf,R-HSA-9645723
R-HSA-9027307,abstraction:IsAChildOf,R-HSA-9018682
R-HSA-2871796,abstraction:IsAChildOf,R-HSA-2454202
R-HSA-2871809,abstraction:IsAChildOf,R-HSA-2454202
R-HSA-2730905,abstraction:IsAChildOf,R-HSA-2454202
R-HSA-2871837,abstraction:IsAChildOf,R-HSA-2454202
R-HSA-8856825,abstraction:IsAChildOf,R-HSA-8856828
R-HSA-9706377,abstraction:IsAChildOf,R-HSA-9682385
R-HSA-9702509,abstraction:IsAChildOf,R-HSA-9682385
R-HSA-9703465,abstraction:IsAChildOf,R-HSA-9682385
R-HSA-9703648,abstraction:IsAChildOf,R-HSA-9682385
R-HSA-9702506,abstraction:IsAChildOf,R-HSA-9682385
R-HSA-380108,abstraction:IsAChildOf,R-HSA-375276
R-HSA-388479,abstraction:IsAChildOf,R-HSA-375276
R-HSA-389397,abstraction:IsAChildOf,R-HSA-375276
R-HSA-380095,abstraction:IsAChildOf,R-HSA-375276
R-HSA-444473,abstraction:IsAChildOf,R-HSA-375276
R-HSA-444821,abstraction:IsAChildOf,R-HSA-375276
R-HSA-418889,abstraction:IsAChildOf,R-HSA-5357769
R-HSA-140534,abstraction:IsAChildOf,R-HSA-5357769
R-HSA-68911,abstraction:IsAChildOf,R-HSA-453274
R-HSA-69275,abstraction:IsAChildOf,R-HSA-453274
R-HSA-9664407,abstraction:IsAChildOf,R-HSA-9658195
R-HSA-9664420,abstraction:IsAChildOf,R-HSA-9658195
R-HSA-9664433,abstraction:IsAChildOf,R-HSA-9658195
R-HSA-9664424,abstraction:IsAChildOf,R-HSA-9658195
R-HSA-450294,abstraction:IsAChildOf,R-HSA-975871
R-HSA-937039,abstraction:IsAChildOf,R-HSA-975871
R-HSA-445989,abstraction:IsAChildOf,R-HSA-975871
R-HSA-937042,abstraction:IsAChildOf,R-HSA-975871
R-HSA-381183,abstraction:IsAChildOf,R-HSA-381033
R-HSA-9764790,abstraction:IsAChildOf,R-HSA-9764560
R-HSA-9764725,abstraction:IsAChildOf,R-HSA-9764560
R-HSA-9820965,abstraction:IsAChildOf,R-HSA-9820952
R-HSA-9833110,abstraction:IsAChildOf,R-HSA-9820952
R-HSA-9820960,abstraction:IsAChildOf,R-HSA-9820952
R-HSA-9820962,abstraction:IsAChildOf,R-HSA-9820952
R-HSA-4086400,abstraction:IsAChildOf,R-HSA-3858494
R-HSA-4086398,abstraction:IsAChildOf,R-HSA-3858494
R-HSA-3214815,abstraction:IsAChildOf,R-HSA-3247509
R-HSA-3214858,abstraction:IsAChildOf,R-HSA-3247509
R-HSA-3214842,abstraction:IsAChildOf,R-HSA-3247509
R-HSA-3214847,abstraction:IsAChildOf,R-HSA-3247509
R-HSA-3214841,abstraction:IsAChildOf,R-HSA-3247509
R-HSA-4551638,abstraction:IsAChildOf,R-HSA-3108232
R-HSA-3232118,abstraction:IsAChildOf,R-HSA-3108232
R-HSA-3108214,abstraction:IsAChildOf,R-HSA-3108232
R-HSA-4085377,abstraction:IsAChildOf,R-HSA-3108232
R-HSA-3232142,abstraction:IsAChildOf,R-HSA-3108232
R-HSA-4090294,abstraction:IsAChildOf,R-HSA-3108232
R-HSA-9793242,abstraction:IsAChildOf,R-HSA-3108232
R-HSA-4655427,abstraction:IsAChildOf,R-HSA-3108232
R-HSA-3899300,abstraction:IsAChildOf,R-HSA-3108232
R-HSA-4615885,abstraction:IsAChildOf,R-HSA-3108232
R-HSA-4570464,abstraction:IsAChildOf,R-HSA-3108232
R-HSA-4755510,abstraction:IsAChildOf,R-HSA-3108232
R-HSA-5654741,abstraction:IsAChildOf,R-HSA-190236
R-HSA-5654736,abstraction:IsAChildOf,R-HSA-190236
R-HSA-5654738,abstraction:IsAChildOf,R-HSA-190236
R-HSA-5654743,abstraction:IsAChildOf,R-HSA-190236
R-HSA-2173795,abstraction:IsAChildOf,R-HSA-2173793
R-HSA-2173796,abstraction:IsAChildOf,R-HSA-2173793
R-HSA-912446,abstraction:IsAChildOf,R-HSA-1500620
R-HSA-1221632,abstraction:IsAChildOf,R-HSA-1500620
R-HSA-141444,abstraction:IsAChildOf,R-HSA-141424
R-HSA-5673001,abstraction:IsAChildOf,R-HSA-5684996
R-HSA-112409,abstraction:IsAChildOf,R-HSA-5684996
R-HSA-5637810,abstraction:IsAChildOf,R-HSA-5637812
R-HSA-170670,abstraction:IsAChildOf,R-HSA-991365
R-HSA-997272,abstraction:IsAChildOf,R-HSA-991365
R-HSA-380994,abstraction:IsAChildOf,R-HSA-381042
R-HSA-9844594,abstraction:IsAChildOf,R-HSA-9843743
R-HSA-425410,abstraction:IsAChildOf,R-HSA-425407
R-HSA-549127,abstraction:IsAChildOf,R-HSA-425407
R-HSA-189200,abstraction:IsAChildOf,R-HSA-425407
R-HSA-429593,abstraction:IsAChildOf,R-HSA-425407
R-HSA-9958863,abstraction:IsAChildOf,R-HSA-425407
R-HSA-9959399,abstraction:IsAChildOf,R-HSA-425407
R-HSA-425397,abstraction:IsAChildOf,R-HSA-425407
R-HSA-9955298,abstraction:IsAChildOf,R-HSA-425407
R-HSA-9958790,abstraction:IsAChildOf,R-HSA-425407
R-HSA-442660,abstraction:IsAChildOf,R-HSA-425407
R-HSA-5674499,abstraction:IsAChildOf,R-HSA-5675221
R-HSA-1614517,abstraction:IsAChildOf,R-HSA-1614558
R-HSA-2855086,abstraction:IsAChildOf,R-HSA-166662
R-HSA-9748787,abstraction:IsAChildOf,R-HSA-9748784
R-HSA-9755088,abstraction:IsAChildOf,R-HSA-9748784
R-HSA-9753281,abstraction:IsAChildOf,R-HSA-9748784
R-HSA-2161522,abstraction:IsAChildOf,R-HSA-9748784
R-HSA-9757110,abstraction:IsAChildOf,R-HSA-9748784
R-HSA-9749641,abstraction:IsAChildOf,R-HSA-9748784
R-HSA-9793528,abstraction:IsAChildOf,R-HSA-9748784
R-HSA-9754706,abstraction:IsAChildOf,R-HSA-9748784
R-HSA-1251985,abstraction:IsAChildOf,R-HSA-1236394
R-HSA-1253288,abstraction:IsAChildOf,R-HSA-1236394
R-HSA-1250347,abstraction:IsAChildOf,R-HSA-1236394
R-HSA-1250342,abstraction:IsAChildOf,R-HSA-1236394
R-HSA-193648,abstraction:IsAChildOf,R-HSA-204998
R-HSA-205025,abstraction:IsAChildOf,R-HSA-204998
R-HSA-205043,abstraction:IsAChildOf,R-HSA-204998
R-HSA-5654726,abstraction:IsAChildOf,R-HSA-5654736
R-HSA-190242,abstraction:IsAChildOf,R-HSA-5654736
R-HSA-5658623,abstraction:IsAChildOf,R-HSA-5654736
R-HSA-5654687,abstraction:IsAChildOf,R-HSA-5654736
R-HSA-975155,abstraction:IsAChildOf,R-HSA-168181
R-HSA-9860276,abstraction:IsAChildOf,R-HSA-168181
R-HSA-171319,abstraction:IsAChildOf,R-HSA-180786
R-HSA-174417,abstraction:IsAChildOf,R-HSA-180786
R-HSA-977444,abstraction:IsAChildOf,R-HSA-977443
R-HSA-75094,abstraction:IsAChildOf,R-HSA-72200
R-HSA-70263,abstraction:IsAChildOf,R-HSA-70326
R-HSA-70171,abstraction:IsAChildOf,R-HSA-70326
R-HSA-195399,abstraction:IsAChildOf,R-HSA-194313
R-HSA-9929356,abstraction:IsAChildOf,R-HSA-9909615
R-HSA-9931269,abstraction:IsAChildOf,R-HSA-9909615
R-HSA-9929491,abstraction:IsAChildOf,R-HSA-9909615
R-HSA-9931295,abstraction:IsAChildOf,R-HSA-9909615
R-HSA-3134973,abstraction:IsAChildOf,R-HSA-1834949
R-HSA-3134975,abstraction:IsAChildOf,R-HSA-1834949
R-HSA-1834941,abstraction:IsAChildOf,R-HSA-1834949
R-HSA-3134963,abstraction:IsAChildOf,R-HSA-1834949
R-HSA-1606322,abstraction:IsAChildOf,R-HSA-1834949
R-HSA-8981373,abstraction:IsAChildOf,R-HSA-8963676
R-HSA-8963678,abstraction:IsAChildOf,R-HSA-8963676
R-HSA-75876,abstraction:IsAChildOf,R-HSA-75105
R-HSA-392154,abstraction:IsAChildOf,R-HSA-418346
R-HSA-418360,abstraction:IsAChildOf,R-HSA-418346
R-HSA-432142,abstraction:IsAChildOf,R-HSA-418346
R-HSA-392851,abstraction:IsAChildOf,R-HSA-418346
R-HSA-6803211,abstraction:IsAChildOf,R-HSA-5633008
R-HSA-6803204,abstraction:IsAChildOf,R-HSA-5633008
R-HSA-6803207,abstraction:IsAChildOf,R-HSA-5633008
R-HSA-6803205,abstraction:IsAChildOf,R-HSA-5633008
R-HSA-193368,abstraction:IsAChildOf,R-HSA-192105
R-HSA-193775,abstraction:IsAChildOf,R-HSA-192105
R-HSA-193807,abstraction:IsAChildOf,R-HSA-192105
R-HSA-69481,abstraction:IsAChildOf,R-HSA-69620
R-HSA-69615,abstraction:IsAChildOf,R-HSA-69620
R-HSA-69618,abstraction:IsAChildOf,R-HSA-69620
R-HSA-390247,abstraction:IsAChildOf,R-HSA-390918
R-HSA-389887,abstraction:IsAChildOf,R-HSA-390918
R-HSA-389599,abstraction:IsAChildOf,R-HSA-390918
R-HSA-5099900,abstraction:IsAChildOf,R-HSA-4086400
R-HSA-4608870,abstraction:IsAChildOf,R-HSA-4086400
R-HSA-5140745,abstraction:IsAChildOf,R-HSA-4086400
R-HSA-5675482,abstraction:IsAChildOf,R-HSA-5213460
R-HSA-5632987,abstraction:IsAChildOf,R-HSA-5423599
R-HSA-5632928,abstraction:IsAChildOf,R-HSA-5423599
R-HSA-5632927,abstraction:IsAChildOf,R-HSA-5423599
R-HSA-5632968,abstraction:IsAChildOf,R-HSA-5423599
R-HSA-5545483,abstraction:IsAChildOf,R-HSA-5423599
R-HSA-68882,abstraction:IsAChildOf,R-HSA-2555396
R-HSA-68881,abstraction:IsAChildOf,R-HSA-2555396
R-HSA-179419,abstraction:IsAChildOf,R-HSA-176409
R-HSA-174048,abstraction:IsAChildOf,R-HSA-176409
R-HSA-174154,abstraction:IsAChildOf,R-HSA-176409
R-HSA-5657562,abstraction:IsAChildOf,R-HSA-5663084
R-HSA-5662853,abstraction:IsAChildOf,R-HSA-5663084
R-HSA-3229121,abstraction:IsAChildOf,R-HSA-5663084
R-HSA-5659898,abstraction:IsAChildOf,R-HSA-5663084
R-HSA-6791465,abstraction:IsAChildOf,R-HSA-5663084
R-HSA-5657560,abstraction:IsAChildOf,R-HSA-5663084
R-HSA-2206281,abstraction:IsAChildOf,R-HSA-5663084
R-HSA-2033519,abstraction:IsAChildOf,R-HSA-1839126
R-HSA-8851708,abstraction:IsAChildOf,R-HSA-1839126
R-HSA-2023837,abstraction:IsAChildOf,R-HSA-1839126
R-HSA-8853333,abstraction:IsAChildOf,R-HSA-1839126
R-HSA-192105,abstraction:IsAChildOf,R-HSA-194068
R-HSA-159418,abstraction:IsAChildOf,R-HSA-194068
R-HSA-9012546,abstraction:IsAChildOf,R-HSA-446652
R-HSA-9008059,abstraction:IsAChildOf,R-HSA-446652
R-HSA-9014843,abstraction:IsAChildOf,R-HSA-446652
R-HSA-9014826,abstraction:IsAChildOf,R-HSA-446652
R-HSA-448706,abstraction:IsAChildOf,R-HSA-446652
R-HSA-9007892,abstraction:IsAChildOf,R-HSA-446652
R-HSA-9020702,abstraction:IsAChildOf,R-HSA-446652
R-HSA-1592230,abstraction:IsAChildOf,R-HSA-1852241
R-HSA-5617833,abstraction:IsAChildOf,R-HSA-1852241
R-HSA-9649913,abstraction:IsAChildOf,R-HSA-6802949
R-HSA-9649948,abstraction:IsAChildOf,R-HSA-6802949
R-HSA-8874081,abstraction:IsAChildOf,R-HSA-8875878
R-HSA-8875513,abstraction:IsAChildOf,R-HSA-8875878
R-HSA-8875555,abstraction:IsAChildOf,R-HSA-8875878
R-HSA-975956,abstraction:IsAChildOf,R-HSA-927802
R-HSA-975957,abstraction:IsAChildOf,R-HSA-927802
R-HSA-9823587,abstraction:IsAChildOf,R-HSA-9671793
R-HSA-9651496,abstraction:IsAChildOf,R-HSA-9671793
R-HSA-9026357,abstraction:IsAChildOf,R-HSA-9006115
R-HSA-9026527,abstraction:IsAChildOf,R-HSA-9006115
R-HSA-9032500,abstraction:IsAChildOf,R-HSA-9006115
R-HSA-9028731,abstraction:IsAChildOf,R-HSA-9006115
R-HSA-9026519,abstraction:IsAChildOf,R-HSA-9006115
R-HSA-9028335,abstraction:IsAChildOf,R-HSA-9006115
R-HSA-9024909,abstraction:IsAChildOf,R-HSA-9006115
R-HSA-9025046,abstraction:IsAChildOf,R-HSA-9006115
R-HSA-9032845,abstraction:IsAChildOf,R-HSA-9006115
R-HSA-190372,abstraction:IsAChildOf,R-HSA-190239
R-HSA-190371,abstraction:IsAChildOf,R-HSA-190239
R-HSA-9735869,abstraction:IsAChildOf,R-HSA-9692914
R-HSA-9692916,abstraction:IsAChildOf,R-HSA-9692914
R-HSA-9692912,abstraction:IsAChildOf,R-HSA-9692914
R-HSA-9692913,abstraction:IsAChildOf,R-HSA-9692914
R-HSA-9735871,abstraction:IsAChildOf,R-HSA-9692914
R-HSA-8940973,abstraction:IsAChildOf,R-HSA-8941326
R-HSA-8941284,abstraction:IsAChildOf,R-HSA-8941326
R-HSA-69580,abstraction:IsAChildOf,R-HSA-69615
R-HSA-69613,abstraction:IsAChildOf,R-HSA-69615
R-HSA-426486,abstraction:IsAChildOf,R-HSA-211000
R-HSA-5601884,abstraction:IsAChildOf,R-HSA-211000
R-HSA-5578749,abstraction:IsAChildOf,R-HSA-211000
R-HSA-203927,abstraction:IsAChildOf,R-HSA-211000
R-HSA-426496,abstraction:IsAChildOf,R-HSA-211000
R-HSA-9708296,abstraction:IsAChildOf,R-HSA-211000
R-HSA-419037,abstraction:IsAChildOf,R-HSA-375165
R-HSA-9638737,abstraction:IsAChildOf,R-HSA-9640148
R-HSA-9638482,abstraction:IsAChildOf,R-HSA-9640148
R-HSA-9956593,abstraction:IsAChildOf,R-HSA-9640148
R-HSA-9760173,abstraction:IsAChildOf,R-HSA-9640148
R-HSA-9931953,abstraction:IsAChildOf,R-HSA-9640148
R-HSA-9758920,abstraction:IsAChildOf,R-HSA-9758941
R-HSA-9754189,abstraction:IsAChildOf,R-HSA-9758941
R-HSA-9834899,abstraction:IsAChildOf,R-HSA-9758941
R-HSA-9823739,abstraction:IsAChildOf,R-HSA-9758941
R-HSA-9796292,abstraction:IsAChildOf,R-HSA-9758941
R-HSA-9758919,abstraction:IsAChildOf,R-HSA-9758941
R-HSA-9832991,abstraction:IsAChildOf,R-HSA-9758941
R-HSA-9761174,abstraction:IsAChildOf,R-HSA-9758941
R-HSA-9793380,abstraction:IsAChildOf,R-HSA-9758941
R-HSA-9823730,abstraction:IsAChildOf,R-HSA-9758941
R-HSA-114516,abstraction:IsAChildOf,R-HSA-76005
R-HSA-114608,abstraction:IsAChildOf,R-HSA-76005
R-HSA-9023661,abstraction:IsAChildOf,R-HSA-9018679
R-HSA-9018896,abstraction:IsAChildOf,R-HSA-9018679
R-HSA-1234174,abstraction:IsAChildOf,R-HSA-2262752
R-HSA-9707616,abstraction:IsAChildOf,R-HSA-2262752
R-HSA-9841251,abstraction:IsAChildOf,R-HSA-2262752
R-HSA-9711097,abstraction:IsAChildOf,R-HSA-2262752
R-HSA-9648895,abstraction:IsAChildOf,R-HSA-2262752
R-HSA-3371497,abstraction:IsAChildOf,R-HSA-2262752
R-HSA-381119,abstraction:IsAChildOf,R-HSA-2262752
R-HSA-9840373,abstraction:IsAChildOf,R-HSA-2262752
R-HSA-9711123,abstraction:IsAChildOf,R-HSA-2262752
R-HSA-2559583,abstraction:IsAChildOf,R-HSA-2262752
R-HSA-3371556,abstraction:IsAChildOf,R-HSA-2262752
R-HSA-9768777,abstraction:IsAChildOf,R-HSA-9768759
R-HSA-9768778,abstraction:IsAChildOf,R-HSA-9768759
R-HSA-8949275,abstraction:IsAChildOf,R-HSA-8878159
R-HSA-8951936,abstraction:IsAChildOf,R-HSA-8878159
R-HSA-8952158,abstraction:IsAChildOf,R-HSA-8878159
R-HSA-8951430,abstraction:IsAChildOf,R-HSA-8878159
R-HSA-8941858,abstraction:IsAChildOf,R-HSA-8878159
R-HSA-8941855,abstraction:IsAChildOf,R-HSA-8878159
R-HSA-8951671,abstraction:IsAChildOf,R-HSA-8878159
R-HSA-8941856,abstraction:IsAChildOf,R-HSA-8878159
R-HSA-8951911,abstraction:IsAChildOf,R-HSA-8878159
R-HSA-2980736,abstraction:IsAChildOf,R-HSA-392499
R-HSA-597592,abstraction:IsAChildOf,R-HSA-392499
R-HSA-9837999,abstraction:IsAChildOf,R-HSA-392499
R-HSA-5676934,abstraction:IsAChildOf,R-HSA-392499
R-HSA-977225,abstraction:IsAChildOf,R-HSA-392499
R-HSA-5683826,abstraction:IsAChildOf,R-HSA-392499
R-HSA-391251,abstraction:IsAChildOf,R-HSA-392499
R-HSA-72766,abstraction:IsAChildOf,R-HSA-392499
R-HSA-381426,abstraction:IsAChildOf,R-HSA-392499
R-HSA-69206,abstraction:IsAChildOf,R-HSA-453279
R-HSA-69236,abstraction:IsAChildOf,R-HSA-453279
R-HSA-1538133,abstraction:IsAChildOf,R-HSA-453279
R-HSA-9670095,abstraction:IsAChildOf,R-HSA-157579
R-HSA-171306,abstraction:IsAChildOf,R-HSA-157579
R-HSA-180786,abstraction:IsAChildOf,R-HSA-157579
R-HSA-1442490,abstraction:IsAChildOf,R-HSA-1474228
R-HSA-1592389,abstraction:IsAChildOf,R-HSA-1474228
R-HSA-170984,abstraction:IsAChildOf,R-HSA-169893
R-HSA-170968,abstraction:IsAChildOf,R-HSA-169893
R-HSA-110314,abstraction:IsAChildOf,R-HSA-73893
R-HSA-110313,abstraction:IsAChildOf,R-HSA-73893
R-HSA-5340573,abstraction:IsAChildOf,R-HSA-4791275
R-HSA-5339717,abstraction:IsAChildOf,R-HSA-4791275
R-HSA-5339700,abstraction:IsAChildOf,R-HSA-4791275
R-HSA-4839743,abstraction:IsAChildOf,R-HSA-4791275
R-HSA-4839744,abstraction:IsAChildOf,R-HSA-4791275
R-HSA-5339716,abstraction:IsAChildOf,R-HSA-4791275
R-HSA-5545619,abstraction:IsAChildOf,R-HSA-4791275
R-HSA-4839748,abstraction:IsAChildOf,R-HSA-4791275
R-HSA-5340588,abstraction:IsAChildOf,R-HSA-4791275
R-HSA-4839735,abstraction:IsAChildOf,R-HSA-4791275
R-HSA-68689,abstraction:IsAChildOf,R-HSA-68867
R-HSA-68616,abstraction:IsAChildOf,R-HSA-68867
R-HSA-977068,abstraction:IsAChildOf,R-HSA-913709
R-HSA-5358346,abstraction:IsAChildOf,R-HSA-5358351
R-HSA-5632684,abstraction:IsAChildOf,R-HSA-5358351
R-HSA-5610787,abstraction:IsAChildOf,R-HSA-5358351
R-HSA-5621575,abstraction:IsAChildOf,R-HSA-5621481
R-HSA-5621480,abstraction:IsAChildOf,R-HSA-5621481
R-HSA-5607764,abstraction:IsAChildOf,R-HSA-5621481
R-HSA-9763198,abstraction:IsAChildOf,R-HSA-9701190
R-HSA-9709603,abstraction:IsAChildOf,R-HSA-9701190
R-HSA-9709275,abstraction:IsAChildOf,R-HSA-9701190
R-HSA-9709570,abstraction:IsAChildOf,R-HSA-9701190
R-HSA-3359478,abstraction:IsAChildOf,R-HSA-9759785
R-HSA-5693579,abstraction:IsAChildOf,R-HSA-5685942
R-HSA-5693537,abstraction:IsAChildOf,R-HSA-5685942
R-HSA-9678108,abstraction:IsAChildOf,R-HSA-9679506
R-HSA-9694516,abstraction:IsAChildOf,R-HSA-9679506
R-HSA-9679191,abstraction:IsAChildOf,R-HSA-9679506
R-HSA-936440,abstraction:IsAChildOf,R-HSA-168928
R-HSA-933542,abstraction:IsAChildOf,R-HSA-168928
R-HSA-933543,abstraction:IsAChildOf,R-HSA-168928
R-HSA-918233,abstraction:IsAChildOf,R-HSA-168928
R-HSA-933541,abstraction:IsAChildOf,R-HSA-168928
R-HSA-69239,abstraction:IsAChildOf,R-HSA-69242
R-HSA-69656,abstraction:IsAChildOf,R-HSA-69242
R-HSA-75815,abstraction:IsAChildOf,R-HSA-69242
R-HSA-2468052,abstraction:IsAChildOf,R-HSA-69242
R-HSA-1482839,abstraction:IsAChildOf,R-HSA-1483206
R-HSA-1483196,abstraction:IsAChildOf,R-HSA-1483206
R-HSA-1483076,abstraction:IsAChildOf,R-HSA-1483206
R-HSA-1482798,abstraction:IsAChildOf,R-HSA-1483206
R-HSA-1483226,abstraction:IsAChildOf,R-HSA-1483206
R-HSA-1483148,abstraction:IsAChildOf,R-HSA-1483206
R-HSA-1483213,abstraction:IsAChildOf,R-HSA-1483206
R-HSA-1483191,abstraction:IsAChildOf,R-HSA-1483206
R-HSA-1482925,abstraction:IsAChildOf,R-HSA-1483206
R-HSA-1482883,abstraction:IsAChildOf,R-HSA-1483206
R-HSA-1482801,abstraction:IsAChildOf,R-HSA-1483206
R-HSA-1483152,abstraction:IsAChildOf,R-HSA-1483206
R-HSA-1483101,abstraction:IsAChildOf,R-HSA-1483206
R-HSA-1483166,abstraction:IsAChildOf,R-HSA-1483206
R-HSA-1483171,abstraction:IsAChildOf,R-HSA-1483206
R-HSA-1482788,abstraction:IsAChildOf,R-HSA-1483206
R-HSA-1483115,abstraction:IsAChildOf,R-HSA-1483206
R-HSA-1482922,abstraction:IsAChildOf,R-HSA-1483206
R-HSA-9635486,abstraction:IsAChildOf,R-HSA-9824439
R-HSA-9640148,abstraction:IsAChildOf,R-HSA-9824439
R-HSA-5339562,abstraction:IsAChildOf,R-HSA-9824439
R-HSA-8876384,abstraction:IsAChildOf,R-HSA-9824439
R-HSA-9759785,abstraction:IsAChildOf,R-HSA-9759774
R-HSA-176407,abstraction:IsAChildOf,R-HSA-174143
R-HSA-176814,abstraction:IsAChildOf,R-HSA-174143
R-HSA-176408,abstraction:IsAChildOf,R-HSA-174143
R-HSA-174178,abstraction:IsAChildOf,R-HSA-174143
R-HSA-174084,abstraction:IsAChildOf,R-HSA-174143
R-HSA-167172,abstraction:IsAChildOf,R-HSA-162599
R-HSA-175474,abstraction:IsAChildOf,R-HSA-162599
R-HSA-165054,abstraction:IsAChildOf,R-HSA-162599
R-HSA-162588,abstraction:IsAChildOf,R-HSA-162599
R-HSA-209560,abstraction:IsAChildOf,R-HSA-193639
R-HSA-209543,abstraction:IsAChildOf,R-HSA-193639
R-HSA-9702998,abstraction:IsAChildOf,R-HSA-9702506
R-HSA-9702569,abstraction:IsAChildOf,R-HSA-9702506
R-HSA-9702620,abstraction:IsAChildOf,R-HSA-9702506
R-HSA-9702577,abstraction:IsAChildOf,R-HSA-9702506
R-HSA-9702636,abstraction:IsAChildOf,R-HSA-9702506
R-HSA-9702614,abstraction:IsAChildOf,R-HSA-9702506
R-HSA-9702624,abstraction:IsAChildOf,R-HSA-9702506
R-HSA-9702590,abstraction:IsAChildOf,R-HSA-9702506
R-HSA-9702596,abstraction:IsAChildOf,R-HSA-9702506
R-HSA-9702600,abstraction:IsAChildOf,R-HSA-9702506
R-HSA-9702605,abstraction:IsAChildOf,R-HSA-9702506
R-HSA-9702581,abstraction:IsAChildOf,R-HSA-9702506
R-HSA-9702632,abstraction:IsAChildOf,R-HSA-9702506
R-HSA-9703009,abstraction:IsAChildOf,R-HSA-9702506
R-HSA-9856530,abstraction:IsAChildOf,R-HSA-9860931
R-HSA-9860927,abstraction:IsAChildOf,R-HSA-9860931
R-HSA-5610785,abstraction:IsAChildOf,R-HSA-5610787
R-HSA-5610783,abstraction:IsAChildOf,R-HSA-5610787
R-HSA-5610780,abstraction:IsAChildOf,R-HSA-5610787
R-HSA-194002,abstraction:IsAChildOf,R-HSA-196071
R-HSA-193144,abstraction:IsAChildOf,R-HSA-196071
R-HSA-196108,abstraction:IsAChildOf,R-HSA-196071
R-HSA-193048,abstraction:IsAChildOf,R-HSA-196071
R-HSA-193993,abstraction:IsAChildOf,R-HSA-196071
R-HSA-5693565,abstraction:IsAChildOf,R-HSA-5693606
R-HSA-5693548,abstraction:IsAChildOf,R-HSA-5693606
R-HSA-9636667,abstraction:IsAChildOf,R-HSA-9637690
R-HSA-9635644,abstraction:IsAChildOf,R-HSA-9637690
R-HSA-9636569,abstraction:IsAChildOf,R-HSA-9637690
R-HSA-9637687,abstraction:IsAChildOf,R-HSA-9637690
R-HSA-9635465,abstraction:IsAChildOf,R-HSA-9637690
R-HSA-449147,abstraction:IsAChildOf,R-HSA-1280215
R-HSA-9680350,abstraction:IsAChildOf,R-HSA-1280215
R-HSA-5668541,abstraction:IsAChildOf,R-HSA-1280215
R-HSA-913531,abstraction:IsAChildOf,R-HSA-1280215
R-HSA-1170546,abstraction:IsAChildOf,R-HSA-1280215
R-HSA-9674555,abstraction:IsAChildOf,R-HSA-1280215
R-HSA-9607240,abstraction:IsAChildOf,R-HSA-1280215
R-HSA-982772,abstraction:IsAChildOf,R-HSA-1280215
R-HSA-437239,abstraction:IsAChildOf,R-HSA-373760
R-HSA-445144,abstraction:IsAChildOf,R-HSA-373760
R-HSA-447041,abstraction:IsAChildOf,R-HSA-373760
R-HSA-447038,abstraction:IsAChildOf,R-HSA-373760
R-HSA-445095,abstraction:IsAChildOf,R-HSA-373760
R-HSA-447043,abstraction:IsAChildOf,R-HSA-373760
R-HSA-1655829,abstraction:IsAChildOf,R-HSA-8957322
R-HSA-196791,abstraction:IsAChildOf,R-HSA-8957322
R-HSA-191273,abstraction:IsAChildOf,R-HSA-8957322
R-HSA-196071,abstraction:IsAChildOf,R-HSA-8957322
R-HSA-194068,abstraction:IsAChildOf,R-HSA-8957322
R-HSA-174490,abstraction:IsAChildOf,R-HSA-174495
R-HSA-5684045,abstraction:IsAChildOf,R-HSA-5619084
R-HSA-5683371,abstraction:IsAChildOf,R-HSA-5619084
R-HSA-5679001,abstraction:IsAChildOf,R-HSA-5619084
R-HSA-5683329,abstraction:IsAChildOf,R-HSA-5619084
R-HSA-5690338,abstraction:IsAChildOf,R-HSA-5619084
R-HSA-5678420,abstraction:IsAChildOf,R-HSA-5619084
R-HSA-5682113,abstraction:IsAChildOf,R-HSA-5619084
R-HSA-5678895,abstraction:IsAChildOf,R-HSA-5619084
R-HSA-5679096,abstraction:IsAChildOf,R-HSA-5619084
R-HSA-5683678,abstraction:IsAChildOf,R-HSA-5619084
R-HSA-5683177,abstraction:IsAChildOf,R-HSA-5619084
R-HSA-5678520,abstraction:IsAChildOf,R-HSA-5619084
R-HSA-5682294,abstraction:IsAChildOf,R-HSA-5619084
R-HSA-5679090,abstraction:IsAChildOf,R-HSA-5619084
R-HSA-5678771,abstraction:IsAChildOf,R-HSA-5619084
R-HSA-9857377,abstraction:IsAChildOf,R-HSA-9856651
R-HSA-9825892,abstraction:IsAChildOf,R-HSA-9856651
R-HSA-9824594,abstraction:IsAChildOf,R-HSA-9856651
R-HSA-9854907,abstraction:IsAChildOf,R-HSA-9856651
R-HSA-9926550,abstraction:IsAChildOf,R-HSA-9856651
R-HSA-9854909,abstraction:IsAChildOf,R-HSA-9856651
R-HSA-9825895,abstraction:IsAChildOf,R-HSA-9856651
R-HSA-9824585,abstraction:IsAChildOf,R-HSA-9856651
R-HSA-2173791,abstraction:IsAChildOf,R-HSA-170834
R-HSA-2173789,abstraction:IsAChildOf,R-HSA-170834
R-HSA-2173793,abstraction:IsAChildOf,R-HSA-170834
R-HSA-9911233,abstraction:IsAChildOf,R-HSA-1912408
R-HSA-8866427,abstraction:IsAChildOf,R-HSA-8964043
R-HSA-8964038,abstraction:IsAChildOf,R-HSA-8964043
R-HSA-8964011,abstraction:IsAChildOf,R-HSA-8964043
R-HSA-8964046,abstraction:IsAChildOf,R-HSA-8964043
R-HSA-8964026,abstraction:IsAChildOf,R-HSA-8964043
R-HSA-5638303,abstraction:IsAChildOf,R-HSA-5638302
R-HSA-5576892,abstraction:IsAChildOf,R-HSA-5576891
R-HSA-5576890,abstraction:IsAChildOf,R-HSA-5576891
R-HSA-5576893,abstraction:IsAChildOf,R-HSA-5576891
R-HSA-5576886,abstraction:IsAChildOf,R-HSA-5576891
R-HSA-5578775,abstraction:IsAChildOf,R-HSA-5576891
R-HSA-5576894,abstraction:IsAChildOf,R-HSA-5576891
R-HSA-5578768,abstraction:IsAChildOf,R-HSA-5576891
R-HSA-9942503,abstraction:IsAChildOf,R-HSA-9945266
R-HSA-975155,abstraction:IsAChildOf,R-HSA-168138
R-HSA-9860276,abstraction:IsAChildOf,R-HSA-168138
R-HSA-5619087,abstraction:IsAChildOf,R-HSA-5619102
R-HSA-5619092,abstraction:IsAChildOf,R-HSA-5619102
R-HSA-5619043,abstraction:IsAChildOf,R-HSA-5619102
R-HSA-5619061,abstraction:IsAChildOf,R-HSA-5619102
R-HSA-5619060,abstraction:IsAChildOf,R-HSA-5619102
R-HSA-5619089,abstraction:IsAChildOf,R-HSA-5619102
R-HSA-5619088,abstraction:IsAChildOf,R-HSA-5619102
R-HSA-5619062,abstraction:IsAChildOf,R-HSA-5619102
R-HSA-5659735,abstraction:IsAChildOf,R-HSA-5619102
R-HSA-9036092,abstraction:IsAChildOf,R-HSA-5619102
R-HSA-5619083,abstraction:IsAChildOf,R-HSA-5619102
R-HSA-5619053,abstraction:IsAChildOf,R-HSA-5619102
R-HSA-5619050,abstraction:IsAChildOf,R-HSA-5619102
R-HSA-5619058,abstraction:IsAChildOf,R-HSA-5619102
R-HSA-5619039,abstraction:IsAChildOf,R-HSA-5619102
R-HSA-5619081,abstraction:IsAChildOf,R-HSA-5619102
R-HSA-5619072,abstraction:IsAChildOf,R-HSA-5619102
R-HSA-5619085,abstraction:IsAChildOf,R-HSA-5619102
R-HSA-5660883,abstraction:IsAChildOf,R-HSA-5619102
R-HSA-5619114,abstraction:IsAChildOf,R-HSA-5619102
R-HSA-5619037,abstraction:IsAChildOf,R-HSA-5619102
R-HSA-5619077,abstraction:IsAChildOf,R-HSA-5619102
R-HSA-5619042,abstraction:IsAChildOf,R-HSA-5619102
R-HSA-5619110,abstraction:IsAChildOf,R-HSA-5619102
R-HSA-5619035,abstraction:IsAChildOf,R-HSA-5619102
R-HSA-5619044,abstraction:IsAChildOf,R-HSA-5619102
R-HSA-5619068,abstraction:IsAChildOf,R-HSA-5619102
R-HSA-5660686,abstraction:IsAChildOf,R-HSA-5619102
R-HSA-5619111,abstraction:IsAChildOf,R-HSA-5619102
R-HSA-5619070,abstraction:IsAChildOf,R-HSA-5619102
R-HSA-5619108,abstraction:IsAChildOf,R-HSA-5619102
R-HSA-5619098,abstraction:IsAChildOf,R-HSA-5619102
R-HSA-5619073,abstraction:IsAChildOf,R-HSA-5619102
R-HSA-5619045,abstraction:IsAChildOf,R-HSA-5619102
R-HSA-5619094,abstraction:IsAChildOf,R-HSA-5619102
R-HSA-5619046,abstraction:IsAChildOf,R-HSA-5619102
R-HSA-5619076,abstraction:IsAChildOf,R-HSA-5619102
R-HSA-5663020,abstraction:IsAChildOf,R-HSA-5619102
R-HSA-5619041,abstraction:IsAChildOf,R-HSA-5619102
R-HSA-5619049,abstraction:IsAChildOf,R-HSA-5619102
R-HSA-5619048,abstraction:IsAChildOf,R-HSA-5619102
R-HSA-5660724,abstraction:IsAChildOf,R-HSA-5619102
R-HSA-5619101,abstraction:IsAChildOf,R-HSA-5619102
R-HSA-5619036,abstraction:IsAChildOf,R-HSA-5619102
R-HSA-5619071,abstraction:IsAChildOf,R-HSA-5619102
R-HSA-5660862,abstraction:IsAChildOf,R-HSA-5619102
R-HSA-5655799,abstraction:IsAChildOf,R-HSA-5619102
R-HSA-5619096,abstraction:IsAChildOf,R-HSA-5619102
R-HSA-3560792,abstraction:IsAChildOf,R-HSA-5619102
R-HSA-5619040,abstraction:IsAChildOf,R-HSA-5619102
R-HSA-5658471,abstraction:IsAChildOf,R-HSA-5619102
R-HSA-5619063,abstraction:IsAChildOf,R-HSA-5619102
R-HSA-5656364,abstraction:IsAChildOf,R-HSA-5619102
R-HSA-5619047,abstraction:IsAChildOf,R-HSA-5619102
R-HSA-5619056,abstraction:IsAChildOf,R-HSA-5619102
R-HSA-5619097,abstraction:IsAChildOf,R-HSA-5619102
R-HSA-5619104,abstraction:IsAChildOf,R-HSA-5619102
R-HSA-5619054,abstraction:IsAChildOf,R-HSA-5619102
R-HSA-5619052,abstraction:IsAChildOf,R-HSA-5619102
R-HSA-5619067,abstraction:IsAChildOf,R-HSA-5619102
R-HSA-5619109,abstraction:IsAChildOf,R-HSA-5619102
R-HSA-5619078,abstraction:IsAChildOf,R-HSA-5619102
R-HSA-5619066,abstraction:IsAChildOf,R-HSA-5619102
R-HSA-5619095,abstraction:IsAChildOf,R-HSA-5619102
R-HSA-5619055,abstraction:IsAChildOf,R-HSA-5619102
R-HSA-5658208,abstraction:IsAChildOf,R-HSA-5619102
R-HSA-5619099,abstraction:IsAChildOf,R-HSA-5619102
R-HSA-5619107,abstraction:IsAChildOf,R-HSA-5619102
R-HSA-5619113,abstraction:IsAChildOf,R-HSA-5619102
R-HSA-917977,abstraction:IsAChildOf,R-HSA-917937
R-HSA-5654716,abstraction:IsAChildOf,R-HSA-5654743
R-HSA-190322,abstraction:IsAChildOf,R-HSA-5654743
R-HSA-5654733,abstraction:IsAChildOf,R-HSA-5654743
R-HSA-166058,abstraction:IsAChildOf,R-HSA-168179
R-HSA-9645722,abstraction:IsAChildOf,R-HSA-9734009
R-HSA-9723907,abstraction:IsAChildOf,R-HSA-9734009
R-HSA-8863678,abstraction:IsAChildOf,R-HSA-9734009
R-HSA-8866910,abstraction:IsAChildOf,R-HSA-8864260
R-HSA-8866911,abstraction:IsAChildOf,R-HSA-8864260
R-HSA-8869496,abstraction:IsAChildOf,R-HSA-8864260
R-HSA-8866907,abstraction:IsAChildOf,R-HSA-8864260
R-HSA-8866906,abstraction:IsAChildOf,R-HSA-8864260
R-HSA-8866904,abstraction:IsAChildOf,R-HSA-8864260
R-HSA-8866654,abstraction:IsAChildOf,R-HSA-8852135
R-HSA-8866652,abstraction:IsAChildOf,R-HSA-8852135
R-HSA-6811558,abstraction:IsAChildOf,R-HSA-199418
R-HSA-8852405,abstraction:IsAChildOf,R-HSA-9006934
R-HSA-194138,abstraction:IsAChildOf,R-HSA-9006934
R-HSA-6806834,abstraction:IsAChildOf,R-HSA-9006934
R-HSA-1227986,abstraction:IsAChildOf,R-HSA-9006934
R-HSA-1236394,abstraction:IsAChildOf,R-HSA-9006934
R-HSA-190236,abstraction:IsAChildOf,R-HSA-9006934
R-HSA-166520,abstraction:IsAChildOf,R-HSA-9006934
R-HSA-1433557,abstraction:IsAChildOf,R-HSA-9006934
R-HSA-177929,abstraction:IsAChildOf,R-HSA-9006934
R-HSA-186797,abstraction:IsAChildOf,R-HSA-9006934
R-HSA-201556,abstraction:IsAChildOf,R-HSA-9006934
R-HSA-2404192,abstraction:IsAChildOf,R-HSA-9006934
R-HSA-9842663,abstraction:IsAChildOf,R-HSA-9006934
R-HSA-74752,abstraction:IsAChildOf,R-HSA-9006934
R-HSA-174403,abstraction:IsAChildOf,R-HSA-156590
R-HSA-111458,abstraction:IsAChildOf,R-HSA-111461
R-HSA-111459,abstraction:IsAChildOf,R-HSA-111461
R-HSA-2534343,abstraction:IsAChildOf,R-HSA-1187000
R-HSA-1300645,abstraction:IsAChildOf,R-HSA-1187000
R-HSA-1300642,abstraction:IsAChildOf,R-HSA-1187000
R-HSA-9608287,abstraction:IsAChildOf,R-HSA-9605310
R-HSA-9608290,abstraction:IsAChildOf,R-HSA-9605310
R-HSA-9660826,abstraction:IsAChildOf,R-HSA-9664424
R-HSA-9013419,abstraction:IsAChildOf,R-HSA-9715370
R-HSA-9013425,abstraction:IsAChildOf,R-HSA-9715370
R-HSA-1168372,abstraction:IsAChildOf,R-HSA-983705
R-HSA-5690714,abstraction:IsAChildOf,R-HSA-983705
R-HSA-983695,abstraction:IsAChildOf,R-HSA-983705
R-HSA-3656535,abstraction:IsAChildOf,R-HSA-3656534
R-HSA-3656532,abstraction:IsAChildOf,R-HSA-3656534
R-HSA-111465,abstraction:IsAChildOf,R-HSA-75153
R-HSA-140342,abstraction:IsAChildOf,R-HSA-75153
R-HSA-211736,abstraction:IsAChildOf,R-HSA-75153
R-HSA-428930,abstraction:IsAChildOf,R-HSA-392518
R-HSA-392170,abstraction:IsAChildOf,R-HSA-392518
R-HSA-418592,abstraction:IsAChildOf,R-HSA-392518
R-HSA-2660826,abstraction:IsAChildOf,R-HSA-2660825
R-HSA-5654719,abstraction:IsAChildOf,R-HSA-5654716
R-HSA-5654712,abstraction:IsAChildOf,R-HSA-5654716
R-HSA-5654228,abstraction:IsAChildOf,R-HSA-5654716
R-HSA-5654720,abstraction:IsAChildOf,R-HSA-5654716
R-HSA-9734091,abstraction:IsAChildOf,R-HSA-6807004
R-HSA-2395516,abstraction:IsAChildOf,R-HSA-1362409
R-HSA-3248023,abstraction:IsAChildOf,R-HSA-3134975
R-HSA-159854,abstraction:IsAChildOf,R-HSA-163841
R-HSA-204626,abstraction:IsAChildOf,R-HSA-163841
R-HSA-5358493,abstraction:IsAChildOf,R-HSA-163841
R-HSA-1663150,abstraction:IsAChildOf,R-HSA-163841
R-HSA-9629569,abstraction:IsAChildOf,R-HSA-163841
R-HSA-2243919,abstraction:IsAChildOf,R-HSA-2022090
R-HSA-2214320,abstraction:IsAChildOf,R-HSA-2022090
R-HSA-9022707,abstraction:IsAChildOf,R-HSA-8986944
R-HSA-9022927,abstraction:IsAChildOf,R-HSA-8986944
R-HSA-9022692,abstraction:IsAChildOf,R-HSA-8986944
R-HSA-9022699,abstraction:IsAChildOf,R-HSA-8986944
R-HSA-9022702,abstraction:IsAChildOf,R-HSA-8986944
R-HSA-804914,abstraction:IsAChildOf,R-HSA-425397
R-HSA-83936,abstraction:IsAChildOf,R-HSA-425397
R-HSA-727802,abstraction:IsAChildOf,R-HSA-425397
R-HSA-6811434,abstraction:IsAChildOf,R-HSA-8856688
R-HSA-6811436,abstraction:IsAChildOf,R-HSA-8856688
R-HSA-2219530,abstraction:IsAChildOf,R-HSA-2219528
R-HSA-5674400,abstraction:IsAChildOf,R-HSA-2219528
R-HSA-5674404,abstraction:IsAChildOf,R-HSA-2219528
R-HSA-190375,abstraction:IsAChildOf,R-HSA-190241
R-HSA-190377,abstraction:IsAChildOf,R-HSA-190241
R-HSA-166058,abstraction:IsAChildOf,R-HSA-168188
R-HSA-9726842,abstraction:IsAChildOf,R-HSA-9660537
R-HSA-9726840,abstraction:IsAChildOf,R-HSA-9660537
R-HSA-983189,abstraction:IsAChildOf,R-HSA-983231
R-HSA-5358508,abstraction:IsAChildOf,R-HSA-73894
R-HSA-73884,abstraction:IsAChildOf,R-HSA-73894
R-HSA-73942,abstraction:IsAChildOf,R-HSA-73894
R-HSA-5696398,abstraction:IsAChildOf,R-HSA-73894
R-HSA-6783310,abstraction:IsAChildOf,R-HSA-73894
R-HSA-5693532,abstraction:IsAChildOf,R-HSA-73894
R-HSA-73893,abstraction:IsAChildOf,R-HSA-73894
R-HSA-112040,abstraction:IsAChildOf,R-HSA-111885
R-HSA-202040,abstraction:IsAChildOf,R-HSA-111885
R-HSA-180024,abstraction:IsAChildOf,R-HSA-111885
R-HSA-75892,abstraction:IsAChildOf,R-HSA-109582
R-HSA-75205,abstraction:IsAChildOf,R-HSA-109582
R-HSA-202733,abstraction:IsAChildOf,R-HSA-109582
R-HSA-983231,abstraction:IsAChildOf,R-HSA-109582
R-HSA-140877,abstraction:IsAChildOf,R-HSA-109582
R-HSA-76002,abstraction:IsAChildOf,R-HSA-109582
R-HSA-418346,abstraction:IsAChildOf,R-HSA-109582
R-HSA-5655253,abstraction:IsAChildOf,R-HSA-1226099
R-HSA-5655302,abstraction:IsAChildOf,R-HSA-1226099
R-HSA-5655291,abstraction:IsAChildOf,R-HSA-1226099
R-HSA-5655332,abstraction:IsAChildOf,R-HSA-1226099
R-HSA-69166,abstraction:IsAChildOf,R-HSA-69183
R-HSA-1606341,abstraction:IsAChildOf,R-HSA-1606322
R-HSA-1810476,abstraction:IsAChildOf,R-HSA-1606322
R-HSA-975577,abstraction:IsAChildOf,R-HSA-975576
R-HSA-975574,abstraction:IsAChildOf,R-HSA-975576
R-HSA-975578,abstraction:IsAChildOf,R-HSA-975576
R-HSA-68867,abstraction:IsAChildOf,R-HSA-69002
R-HSA-68962,abstraction:IsAChildOf,R-HSA-69002
R-HSA-450294,abstraction:IsAChildOf,R-HSA-166058
R-HSA-937039,abstraction:IsAChildOf,R-HSA-166058
R-HSA-445989,abstraction:IsAChildOf,R-HSA-166058
R-HSA-937042,abstraction:IsAChildOf,R-HSA-166058
R-HSA-2129379,abstraction:IsAChildOf,R-HSA-1566948
R-HSA-140179,abstraction:IsAChildOf,R-HSA-211945
R-HSA-140180,abstraction:IsAChildOf,R-HSA-211945
R-HSA-8937144,abstraction:IsAChildOf,R-HSA-211945
R-HSA-71384,abstraction:IsAChildOf,R-HSA-211945
R-HSA-217271,abstraction:IsAChildOf,R-HSA-211945
R-HSA-211897,abstraction:IsAChildOf,R-HSA-211945
R-HSA-6798695,abstraction:IsAChildOf,R-HSA-168249
R-HSA-2172127,abstraction:IsAChildOf,R-HSA-168249
R-HSA-879415,abstraction:IsAChildOf,R-HSA-168249
R-HSA-1222556,abstraction:IsAChildOf,R-HSA-168249
R-HSA-166658,abstraction:IsAChildOf,R-HSA-168249
R-HSA-2029480,abstraction:IsAChildOf,R-HSA-168249
R-HSA-168643,abstraction:IsAChildOf,R-HSA-168249
R-HSA-6803157,abstraction:IsAChildOf,R-HSA-168249
R-HSA-9686114,abstraction:IsAChildOf,R-HSA-168249
R-HSA-168898,abstraction:IsAChildOf,R-HSA-168249
R-HSA-2454202,abstraction:IsAChildOf,R-HSA-168249
R-HSA-1834949,abstraction:IsAChildOf,R-HSA-168249
R-HSA-9645460,abstraction:IsAChildOf,R-HSA-168249
R-HSA-168928,abstraction:IsAChildOf,R-HSA-168249
R-HSA-5621481,abstraction:IsAChildOf,R-HSA-168249
R-HSA-69190,abstraction:IsAChildOf,R-HSA-69239
R-HSA-69052,abstraction:IsAChildOf,R-HSA-69239
R-HSA-68952,abstraction:IsAChildOf,R-HSA-69239
R-HSA-1295596,abstraction:IsAChildOf,R-HSA-5654733
R-HSA-964827,abstraction:IsAChildOf,R-HSA-964739
R-HSA-111997,abstraction:IsAChildOf,R-HSA-111996
R-HSA-111995,abstraction:IsAChildOf,R-HSA-111996
R-HSA-187024,abstraction:IsAChildOf,R-HSA-187015
R-HSA-187042,abstraction:IsAChildOf,R-HSA-187015
R-HSA-173599,abstraction:IsAChildOf,R-HSA-156588
R-HSA-9732724,abstraction:IsAChildOf,R-HSA-877300
R-HSA-877312,abstraction:IsAChildOf,R-HSA-877300
R-HSA-5660489,abstraction:IsAChildOf,R-HSA-5660526
R-HSA-5661231,abstraction:IsAChildOf,R-HSA-5660526
R-HSA-73780,abstraction:IsAChildOf,R-HSA-74158
R-HSA-73980,abstraction:IsAChildOf,R-HSA-74158
R-HSA-76046,abstraction:IsAChildOf,R-HSA-74158
R-HSA-749476,abstraction:IsAChildOf,R-HSA-74158
R-HSA-388396,abstraction:IsAChildOf,R-HSA-372790
R-HSA-500792,abstraction:IsAChildOf,R-HSA-372790
R-HSA-9694631,abstraction:IsAChildOf,R-HSA-9694635
R-HSA-9694719,abstraction:IsAChildOf,R-HSA-9694635
R-HSA-9694493,abstraction:IsAChildOf,R-HSA-9694635
R-HSA-9694594,abstraction:IsAChildOf,R-HSA-9694635
R-HSA-9694548,abstraction:IsAChildOf,R-HSA-9694635
R-HSA-180746,abstraction:IsAChildOf,R-HSA-177243
R-HSA-165054,abstraction:IsAChildOf,R-HSA-177243
R-HSA-73929,abstraction:IsAChildOf,R-HSA-73884
R-HSA-73933,abstraction:IsAChildOf,R-HSA-73884
R-HSA-164516,abstraction:IsAChildOf,R-HSA-162589
R-HSA-164525,abstraction:IsAChildOf,R-HSA-162589
R-HSA-192869,abstraction:IsAChildOf,R-HSA-168273
R-HSA-192905,abstraction:IsAChildOf,R-HSA-168273
R-HSA-192823,abstraction:IsAChildOf,R-HSA-168273
R-HSA-168325,abstraction:IsAChildOf,R-HSA-168273
R-HSA-192814,abstraction:IsAChildOf,R-HSA-168273
R-HSA-5693607,abstraction:IsAChildOf,R-HSA-5693567
R-HSA-5685938,abstraction:IsAChildOf,R-HSA-5693567
R-HSA-5685942,abstraction:IsAChildOf,R-HSA-5693567
R-HSA-372708,abstraction:IsAChildOf,R-HSA-354192
R-HSA-354194,abstraction:IsAChildOf,R-HSA-354192
R-HSA-9661069,abstraction:IsAChildOf,R-HSA-9659787
R-HSA-9661070,abstraction:IsAChildOf,R-HSA-9659787
R-HSA-6784531,abstraction:IsAChildOf,R-HSA-72306
R-HSA-6782315,abstraction:IsAChildOf,R-HSA-72306
R-HSA-6785470,abstraction:IsAChildOf,R-HSA-72306
R-HSA-6787450,abstraction:IsAChildOf,R-HSA-72306
R-HSA-9839389,abstraction:IsAChildOf,R-HSA-9839373
R-HSA-9839397,abstraction:IsAChildOf,R-HSA-9839373
R-HSA-9839406,abstraction:IsAChildOf,R-HSA-9839373
R-HSA-9839394,abstraction:IsAChildOf,R-HSA-9839373
R-HSA-9839383,abstraction:IsAChildOf,R-HSA-9839373
R-HSA-168305,abstraction:IsAChildOf,R-HSA-168276
R-HSA-168315,abstraction:IsAChildOf,R-HSA-168276
R-HSA-169131,abstraction:IsAChildOf,R-HSA-168276
R-HSA-8848021,abstraction:IsAChildOf,R-HSA-9006927
R-HSA-72163,abstraction:IsAChildOf,R-HSA-72172
R-HSA-72165,abstraction:IsAChildOf,R-HSA-72172
R-HSA-389359,abstraction:IsAChildOf,R-HSA-389356
R-HSA-389357,abstraction:IsAChildOf,R-HSA-389356
R-HSA-168888,abstraction:IsAChildOf,R-HSA-168305
R-HSA-2514856,abstraction:IsAChildOf,R-HSA-2187338
R-HSA-2187335,abstraction:IsAChildOf,R-HSA-2187338
R-HSA-2453902,abstraction:IsAChildOf,R-HSA-2187338
R-HSA-975634,abstraction:IsAChildOf,R-HSA-2187338
R-HSA-9663891,abstraction:IsAChildOf,R-HSA-1632852
R-HSA-163560,abstraction:IsAChildOf,R-HSA-8979227
R-HSA-75109,abstraction:IsAChildOf,R-HSA-8979227
R-HSA-2428933,abstraction:IsAChildOf,R-HSA-2428924
R-HSA-2428928,abstraction:IsAChildOf,R-HSA-2428924
R-HSA-9645135,abstraction:IsAChildOf,R-HSA-9607240
R-HSA-9706369,abstraction:IsAChildOf,R-HSA-9607240
R-HSA-9706374,abstraction:IsAChildOf,R-HSA-9607240
R-HSA-1362277,abstraction:IsAChildOf,R-HSA-1538133
R-HSA-1362300,abstraction:IsAChildOf,R-HSA-1538133
R-HSA-5173105,abstraction:IsAChildOf,R-HSA-597592
R-HSA-8873719,abstraction:IsAChildOf,R-HSA-597592
R-HSA-8852135,abstraction:IsAChildOf,R-HSA-597592
R-HSA-8951664,abstraction:IsAChildOf,R-HSA-597592
R-HSA-8955332,abstraction:IsAChildOf,R-HSA-597592
R-HSA-163841,abstraction:IsAChildOf,R-HSA-597592
R-HSA-9907900,abstraction:IsAChildOf,R-HSA-597592
R-HSA-5688426,abstraction:IsAChildOf,R-HSA-597592
R-HSA-2990846,abstraction:IsAChildOf,R-HSA-597592
R-HSA-8957275,abstraction:IsAChildOf,R-HSA-597592
R-HSA-446203,abstraction:IsAChildOf,R-HSA-597592
R-HSA-163125,abstraction:IsAChildOf,R-HSA-597592
R-HSA-9857492,abstraction:IsAChildOf,R-HSA-597592
R-HSA-8876725,abstraction:IsAChildOf,R-HSA-597592
R-HSA-622312,abstraction:IsAChildOf,R-HSA-168643
R-HSA-168638,abstraction:IsAChildOf,R-HSA-168643
R-HSA-1632852,abstraction:IsAChildOf,R-HSA-9612973
R-HSA-9615710,abstraction:IsAChildOf,R-HSA-9612973
R-HSA-9613829,abstraction:IsAChildOf,R-HSA-9612973
R-HSA-5658034,abstraction:IsAChildOf,R-HSA-5387390
R-HSA-5362768,abstraction:IsAChildOf,R-HSA-5387390
R-HSA-1855167,abstraction:IsAChildOf,R-HSA-1483249
R-HSA-1855156,abstraction:IsAChildOf,R-HSA-1483249
R-HSA-1855191,abstraction:IsAChildOf,R-HSA-1483249
R-HSA-1855231,abstraction:IsAChildOf,R-HSA-1483249
R-HSA-1855215,abstraction:IsAChildOf,R-HSA-1483249
R-HSA-1855204,abstraction:IsAChildOf,R-HSA-1483249
R-HSA-1855192,abstraction:IsAChildOf,R-HSA-1483249
R-HSA-1855170,abstraction:IsAChildOf,R-HSA-1483249
R-HSA-1855196,abstraction:IsAChildOf,R-HSA-1483249
R-HSA-1855184,abstraction:IsAChildOf,R-HSA-1483249
R-HSA-1855183,abstraction:IsAChildOf,R-HSA-1483249
R-HSA-1855229,abstraction:IsAChildOf,R-HSA-1483249
R-HSA-77387,abstraction:IsAChildOf,R-HSA-74752
R-HSA-74751,abstraction:IsAChildOf,R-HSA-74752
R-HSA-9725371,abstraction:IsAChildOf,R-HSA-9725370
R-HSA-9006821,abstraction:IsAChildOf,R-HSA-9673013
R-HSA-193670,abstraction:IsAChildOf,R-HSA-193704
R-HSA-193692,abstraction:IsAChildOf,R-HSA-193704
R-HSA-205017,abstraction:IsAChildOf,R-HSA-193704
R-HSA-193697,abstraction:IsAChildOf,R-HSA-193704
R-HSA-204998,abstraction:IsAChildOf,R-HSA-193704
R-HSA-193639,abstraction:IsAChildOf,R-HSA-193704
R-HSA-193681,abstraction:IsAChildOf,R-HSA-193704
R-HSA-446353,abstraction:IsAChildOf,R-HSA-446728
R-HSA-421270,abstraction:IsAChildOf,R-HSA-446728
R-HSA-446107,abstraction:IsAChildOf,R-HSA-446728
R-HSA-9758274,abstraction:IsAChildOf,R-HSA-445989
R-HSA-2682334,abstraction:IsAChildOf,R-HSA-422475
R-HSA-373760,abstraction:IsAChildOf,R-HSA-422475
R-HSA-373752,abstraction:IsAChildOf,R-HSA-422475
R-HSA-8866376,abstraction:IsAChildOf,R-HSA-422475
R-HSA-8853659,abstraction:IsAChildOf,R-HSA-422475
R-HSA-376176,abstraction:IsAChildOf,R-HSA-422475
R-HSA-373755,abstraction:IsAChildOf,R-HSA-422475
R-HSA-375165,abstraction:IsAChildOf,R-HSA-422475
R-HSA-428890,abstraction:IsAChildOf,R-HSA-376176
R-HSA-428543,abstraction:IsAChildOf,R-HSA-376176
R-HSA-8985801,abstraction:IsAChildOf,R-HSA-376176
R-HSA-428540,abstraction:IsAChildOf,R-HSA-376176
R-HSA-9010642,abstraction:IsAChildOf,R-HSA-376176
R-HSA-8985586,abstraction:IsAChildOf,R-HSA-376176
R-HSA-9010553,abstraction:IsAChildOf,R-HSA-376176
R-HSA-428542,abstraction:IsAChildOf,R-HSA-376176
R-HSA-2197563,abstraction:IsAChildOf,R-HSA-1980145
R-HSA-2979096,abstraction:IsAChildOf,R-HSA-1980145
R-HSA-9851695,abstraction:IsAChildOf,R-HSA-9818564
R-HSA-9927432,abstraction:IsAChildOf,R-HSA-9924644
R-HSA-9938206,abstraction:IsAChildOf,R-HSA-9924644
R-HSA-9927426,abstraction:IsAChildOf,R-HSA-9924644
R-HSA-9927418,abstraction:IsAChildOf,R-HSA-9924644
R-HSA-111453,abstraction:IsAChildOf,R-HSA-109606
R-HSA-114294,abstraction:IsAChildOf,R-HSA-109606
R-HSA-114452,abstraction:IsAChildOf,R-HSA-109606
R-HSA-111452,abstraction:IsAChildOf,R-HSA-109606
R-HSA-111471,abstraction:IsAChildOf,R-HSA-109606
R-HSA-75108,abstraction:IsAChildOf,R-HSA-109606
R-HSA-2206291,abstraction:IsAChildOf,R-HSA-2206281
R-HSA-9953078,abstraction:IsAChildOf,R-HSA-2206281
R-HSA-9953097,abstraction:IsAChildOf,R-HSA-2206281
R-HSA-2206285,abstraction:IsAChildOf,R-HSA-2206281
R-HSA-2206296,abstraction:IsAChildOf,R-HSA-2206281
R-HSA-9953111,abstraction:IsAChildOf,R-HSA-2206281
R-HSA-2206280,abstraction:IsAChildOf,R-HSA-2206281
R-HSA-9953038,abstraction:IsAChildOf,R-HSA-2206281
R-HSA-2206282,abstraction:IsAChildOf,R-HSA-2206281
R-HSA-2206290,abstraction:IsAChildOf,R-HSA-2206281
R-HSA-9953080,abstraction:IsAChildOf,R-HSA-2206281
R-HSA-2206308,abstraction:IsAChildOf,R-HSA-2206281
R-HSA-2206302,abstraction:IsAChildOf,R-HSA-2206281
R-HSA-2206292,abstraction:IsAChildOf,R-HSA-2206281
R-HSA-2206305,abstraction:IsAChildOf,R-HSA-2206281
R-HSA-2206307,abstraction:IsAChildOf,R-HSA-2206281
R-HSA-4419969,abstraction:IsAChildOf,R-HSA-2980766
R-HSA-3301854,abstraction:IsAChildOf,R-HSA-2980766
R-HSA-2980767,abstraction:IsAChildOf,R-HSA-2980766
R-HSA-5696397,abstraction:IsAChildOf,R-HSA-5696399
R-HSA-5696395,abstraction:IsAChildOf,R-HSA-5696399
R-HSA-5696400,abstraction:IsAChildOf,R-HSA-5696399
R-HSA-5696394,abstraction:IsAChildOf,R-HSA-5696399
R-HSA-428643,abstraction:IsAChildOf,R-HSA-9955298
R-HSA-9958517,abstraction:IsAChildOf,R-HSA-9955298
R-HSA-433692,abstraction:IsAChildOf,R-HSA-9955298
R-HSA-561048,abstraction:IsAChildOf,R-HSA-9955298
R-HSA-879518,abstraction:IsAChildOf,R-HSA-9955298
R-HSA-6802957,abstraction:IsAChildOf,R-HSA-5663202
R-HSA-9700206,abstraction:IsAChildOf,R-HSA-5663202
R-HSA-1643713,abstraction:IsAChildOf,R-HSA-5663202
R-HSA-1226099,abstraction:IsAChildOf,R-HSA-5663202
R-HSA-4791275,abstraction:IsAChildOf,R-HSA-5663202
R-HSA-3304351,abstraction:IsAChildOf,R-HSA-5663202
R-HSA-9682385,abstraction:IsAChildOf,R-HSA-5663202
R-HSA-9669938,abstraction:IsAChildOf,R-HSA-5663202
R-HSA-1227990,abstraction:IsAChildOf,R-HSA-5663202
R-HSA-9671555,abstraction:IsAChildOf,R-HSA-5663202
R-HSA-2644603,abstraction:IsAChildOf,R-HSA-5663202
R-HSA-9842640,abstraction:IsAChildOf,R-HSA-5663202
R-HSA-2219528,abstraction:IsAChildOf,R-HSA-5663202
R-HSA-5387390,abstraction:IsAChildOf,R-HSA-5663202
R-HSA-72200,abstraction:IsAChildOf,R-HSA-75072
R-HSA-75064,abstraction:IsAChildOf,R-HSA-75072
R-HSA-916853,abstraction:IsAChildOf,R-HSA-888590
R-HSA-888568,abstraction:IsAChildOf,R-HSA-888590
R-HSA-888593,abstraction:IsAChildOf,R-HSA-888590
R-HSA-196849,abstraction:IsAChildOf,R-HSA-196854
R-HSA-6806667,abstraction:IsAChildOf,R-HSA-196854
R-HSA-8978934,abstraction:IsAChildOf,R-HSA-196854
R-HSA-1369007,abstraction:IsAChildOf,R-HSA-382556
R-HSA-1369062,abstraction:IsAChildOf,R-HSA-382556
R-HSA-373753,abstraction:IsAChildOf,R-HSA-1500931
R-HSA-446728,abstraction:IsAChildOf,R-HSA-1500931
R-HSA-391160,abstraction:IsAChildOf,R-HSA-1500931
R-HSA-5654221,abstraction:IsAChildOf,R-HSA-5654696
R-HSA-5654699,abstraction:IsAChildOf,R-HSA-5654696
R-HSA-5654695,abstraction:IsAChildOf,R-HSA-5654696
R-HSA-5654700,abstraction:IsAChildOf,R-HSA-5654696
R-HSA-9824856,abstraction:IsAChildOf,R-HSA-5602358
R-HSA-5602566,abstraction:IsAChildOf,R-HSA-5602358
R-HSA-5603027,abstraction:IsAChildOf,R-HSA-5602358
R-HSA-5602415,abstraction:IsAChildOf,R-HSA-5602358
R-HSA-5602636,abstraction:IsAChildOf,R-HSA-5602358
R-HSA-5602571,abstraction:IsAChildOf,R-HSA-5602358
R-HSA-5603037,abstraction:IsAChildOf,R-HSA-5602358
R-HSA-5603029,abstraction:IsAChildOf,R-HSA-5602358
R-HSA-5603041,abstraction:IsAChildOf,R-HSA-5602358
R-HSA-5602498,abstraction:IsAChildOf,R-HSA-5602358
R-HSA-5602410,abstraction:IsAChildOf,R-HSA-5602358
R-HSA-5602680,abstraction:IsAChildOf,R-HSA-5602358
R-HSA-446193,abstraction:IsAChildOf,R-HSA-446203
R-HSA-532668,abstraction:IsAChildOf,R-HSA-446203
R-HSA-948021,abstraction:IsAChildOf,R-HSA-446203
R-HSA-901032,abstraction:IsAChildOf,R-HSA-901042
R-HSA-1296025,abstraction:IsAChildOf,R-HSA-1296065
R-HSA-1296067,abstraction:IsAChildOf,R-HSA-1296065
R-HSA-1296059,abstraction:IsAChildOf,R-HSA-1296065
R-HSA-1296053,abstraction:IsAChildOf,R-HSA-1296065
R-HSA-9009391,abstraction:IsAChildOf,R-HSA-8939211
R-HSA-9018519,abstraction:IsAChildOf,R-HSA-8939211
R-HSA-2024096,abstraction:IsAChildOf,R-HSA-1638091
R-HSA-2022928,abstraction:IsAChildOf,R-HSA-1638091
R-HSA-9664417,abstraction:IsAChildOf,R-HSA-9664407
R-HSA-69200,abstraction:IsAChildOf,R-HSA-69202
R-HSA-187577,abstraction:IsAChildOf,R-HSA-69202
R-HSA-5689896,abstraction:IsAChildOf,R-HSA-5688426
R-HSA-5689603,abstraction:IsAChildOf,R-HSA-5688426
R-HSA-5689877,abstraction:IsAChildOf,R-HSA-5688426
R-HSA-5689901,abstraction:IsAChildOf,R-HSA-5688426
R-HSA-5689880,abstraction:IsAChildOf,R-HSA-5688426
R-HSA-1236974,abstraction:IsAChildOf,R-HSA-1236975
R-HSA-1236973,abstraction:IsAChildOf,R-HSA-1236975
R-HSA-1236978,abstraction:IsAChildOf,R-HSA-1236975
R-HSA-1236977,abstraction:IsAChildOf,R-HSA-1236975
R-HSA-166058,abstraction:IsAChildOf,R-HSA-166016
R-HSA-166020,abstraction:IsAChildOf,R-HSA-166016
R-HSA-166166,abstraction:IsAChildOf,R-HSA-166016
R-HSA-9824272,abstraction:IsAChildOf,R-HSA-9793380
R-HSA-418594,abstraction:IsAChildOf,R-HSA-388396
R-HSA-418597,abstraction:IsAChildOf,R-HSA-388396
R-HSA-416476,abstraction:IsAChildOf,R-HSA-388396
R-HSA-397795,abstraction:IsAChildOf,R-HSA-388396
R-HSA-418555,abstraction:IsAChildOf,R-HSA-388396
R-HSA-416482,abstraction:IsAChildOf,R-HSA-388396
R-HSA-9670613,abstraction:IsAChildOf,R-HSA-9670621
R-HSA-9670615,abstraction:IsAChildOf,R-HSA-9670621
R-HSA-5467345,abstraction:IsAChildOf,R-HSA-4839735
R-HSA-5467340,abstraction:IsAChildOf,R-HSA-4839735
R-HSA-9701193,abstraction:IsAChildOf,R-HSA-9675136
R-HSA-9663199,abstraction:IsAChildOf,R-HSA-9675136
R-HSA-9699150,abstraction:IsAChildOf,R-HSA-9675136
R-HSA-9701190,abstraction:IsAChildOf,R-HSA-9675136
R-HSA-9701192,abstraction:IsAChildOf,R-HSA-9675136
R-HSA-73943,abstraction:IsAChildOf,R-HSA-73942
R-HSA-9729902,abstraction:IsAChildOf,R-HSA-73942
R-HSA-5657655,abstraction:IsAChildOf,R-HSA-73942
R-HSA-9843970,abstraction:IsAChildOf,R-HSA-9842860
R-HSA-9845323,abstraction:IsAChildOf,R-HSA-9842860
R-HSA-9843940,abstraction:IsAChildOf,R-HSA-9842860
R-HSA-9694301,abstraction:IsAChildOf,R-HSA-9694676
R-HSA-9694271,abstraction:IsAChildOf,R-HSA-9694676
R-HSA-159424,abstraction:IsAChildOf,R-HSA-156587
R-HSA-9657050,abstraction:IsAChildOf,R-HSA-9656249
R-HSA-9656256,abstraction:IsAChildOf,R-HSA-9656249
R-HSA-9656255,abstraction:IsAChildOf,R-HSA-9656249
R-HSA-190827,abstraction:IsAChildOf,R-HSA-190861
R-HSA-190872,abstraction:IsAChildOf,R-HSA-190861
R-HSA-190704,abstraction:IsAChildOf,R-HSA-190861
R-HSA-379401,abstraction:IsAChildOf,R-HSA-112311
R-HSA-380615,abstraction:IsAChildOf,R-HSA-112311
R-HSA-352230,abstraction:IsAChildOf,R-HSA-9958863
R-HSA-428559,abstraction:IsAChildOf,R-HSA-9958863
R-HSA-8854050,abstraction:IsAChildOf,R-HSA-69275
R-HSA-69273,abstraction:IsAChildOf,R-HSA-69275
R-HSA-8854518,abstraction:IsAChildOf,R-HSA-69275
R-HSA-8854521,abstraction:IsAChildOf,R-HSA-69275
R-HSA-156711,abstraction:IsAChildOf,R-HSA-69275
R-HSA-2565942,abstraction:IsAChildOf,R-HSA-69275
R-HSA-8852276,abstraction:IsAChildOf,R-HSA-69275
R-HSA-380287,abstraction:IsAChildOf,R-HSA-69275
R-HSA-9830674,abstraction:IsAChildOf,R-HSA-9830369
R-HSA-9831926,abstraction:IsAChildOf,R-HSA-9830369
R-HSA-9830364,abstraction:IsAChildOf,R-HSA-9830369
R-HSA-211733,abstraction:IsAChildOf,R-HSA-169911
R-HSA-211728,abstraction:IsAChildOf,R-HSA-169911
R-HSA-179812,abstraction:IsAChildOf,R-HSA-177929
R-HSA-180336,abstraction:IsAChildOf,R-HSA-177929
R-HSA-180292,abstraction:IsAChildOf,R-HSA-177929
R-HSA-212718,abstraction:IsAChildOf,R-HSA-177929
R-HSA-182971,abstraction:IsAChildOf,R-HSA-177929
R-HSA-72706,abstraction:IsAChildOf,R-HSA-72737
R-HSA-72689,abstraction:IsAChildOf,R-HSA-72737
R-HSA-72702,abstraction:IsAChildOf,R-HSA-72737
R-HSA-72662,abstraction:IsAChildOf,R-HSA-72737
R-HSA-72695,abstraction:IsAChildOf,R-HSA-72737
R-HSA-72731,abstraction:IsAChildOf,R-HSA-72737
R-HSA-9764560,abstraction:IsAChildOf,R-HSA-9764265
R-HSA-9764562,abstraction:IsAChildOf,R-HSA-9764265
R-HSA-9768727,abstraction:IsAChildOf,R-HSA-9764265
R-HSA-9764561,abstraction:IsAChildOf,R-HSA-9764265
R-HSA-434313,abstraction:IsAChildOf,R-HSA-400451
R-HSA-434316,abstraction:IsAChildOf,R-HSA-400451
R-HSA-9013422,abstraction:IsAChildOf,R-HSA-9706574
R-HSA-9013418,abstraction:IsAChildOf,R-HSA-9706574
R-HSA-6804760,abstraction:IsAChildOf,R-HSA-5633007
R-HSA-6806003,abstraction:IsAChildOf,R-HSA-5633007
R-HSA-6804756,abstraction:IsAChildOf,R-HSA-5633007
R-HSA-6804759,abstraction:IsAChildOf,R-HSA-5633007
R-HSA-6804758,abstraction:IsAChildOf,R-HSA-5633007
R-HSA-913709,abstraction:IsAChildOf,R-HSA-5173105
R-HSA-8931838,abstraction:IsAChildOf,R-HSA-5173105
R-HSA-5173214,abstraction:IsAChildOf,R-HSA-5173105
R-HSA-8978868,abstraction:IsAChildOf,R-HSA-556833
R-HSA-400206,abstraction:IsAChildOf,R-HSA-556833
R-HSA-8964572,abstraction:IsAChildOf,R-HSA-556833
R-HSA-74182,abstraction:IsAChildOf,R-HSA-556833
R-HSA-8848584,abstraction:IsAChildOf,R-HSA-556833
R-HSA-8979227,abstraction:IsAChildOf,R-HSA-556833
R-HSA-9018678,abstraction:IsAChildOf,R-HSA-556833
R-HSA-8957322,abstraction:IsAChildOf,R-HSA-556833
R-HSA-428157,abstraction:IsAChildOf,R-HSA-556833
R-HSA-1483257,abstraction:IsAChildOf,R-HSA-556833
R-HSA-9694786,abstraction:IsAChildOf,R-HSA-9694682
R-HSA-9694686,abstraction:IsAChildOf,R-HSA-9694682
R-HSA-9707587,abstraction:IsAChildOf,R-HSA-9707564
R-HSA-5649702,abstraction:IsAChildOf,R-HSA-73933
R-HSA-110357,abstraction:IsAChildOf,R-HSA-73933
R-HSA-110373,abstraction:IsAChildOf,R-HSA-73933
R-HSA-110381,abstraction:IsAChildOf,R-HSA-73933
R-HSA-6791462,abstraction:IsAChildOf,R-HSA-6791465
R-HSA-6791055,abstraction:IsAChildOf,R-HSA-6791465
R-HSA-5659996,abstraction:IsAChildOf,R-HSA-6791465
R-HSA-6791461,abstraction:IsAChildOf,R-HSA-6791465
R-HSA-141334,abstraction:IsAChildOf,R-HSA-140179
R-HSA-141333,abstraction:IsAChildOf,R-HSA-140179
R-HSA-193704,abstraction:IsAChildOf,R-HSA-73887
R-HSA-75158,abstraction:IsAChildOf,R-HSA-73887
R-HSA-75893,abstraction:IsAChildOf,R-HSA-73887
R-HSA-75157,abstraction:IsAChildOf,R-HSA-73887
R-HSA-3560782,abstraction:IsAChildOf,R-HSA-3781865
R-HSA-5609975,abstraction:IsAChildOf,R-HSA-3781865
R-HSA-3906995,abstraction:IsAChildOf,R-HSA-3781865
R-HSA-3781860,abstraction:IsAChildOf,R-HSA-3781865
R-HSA-9909648,abstraction:IsAChildOf,R-HSA-389948
R-HSA-991365,abstraction:IsAChildOf,R-HSA-977444
R-HSA-912526,abstraction:IsAChildOf,R-HSA-512988
R-HSA-912631,abstraction:IsAChildOf,R-HSA-512988
R-HSA-442380,abstraction:IsAChildOf,R-HSA-435354
R-HSA-435368,abstraction:IsAChildOf,R-HSA-435354
R-HSA-69473,abstraction:IsAChildOf,R-HSA-69481
R-HSA-69478,abstraction:IsAChildOf,R-HSA-69481
R-HSA-176187,abstraction:IsAChildOf,R-HSA-69481
R-HSA-3315487,abstraction:IsAChildOf,R-HSA-3304349
R-HSA-3304356,abstraction:IsAChildOf,R-HSA-3304349
R-HSA-8948216,abstraction:IsAChildOf,R-HSA-1650814
R-HSA-9665246,abstraction:IsAChildOf,R-HSA-9665230
R-HSA-9665244,abstraction:IsAChildOf,R-HSA-9665230
R-HSA-9665250,abstraction:IsAChildOf,R-HSA-9665230
R-HSA-9665249,abstraction:IsAChildOf,R-HSA-9665230
R-HSA-9665247,abstraction:IsAChildOf,R-HSA-9665230
R-HSA-9665251,abstraction:IsAChildOf,R-HSA-9665230
R-HSA-9665245,abstraction:IsAChildOf,R-HSA-9665230
R-HSA-9665233,abstraction:IsAChildOf,R-HSA-9665230
R-HSA-2122948,abstraction:IsAChildOf,R-HSA-1980143
R-HSA-2122947,abstraction:IsAChildOf,R-HSA-1980143
R-HSA-9615933,abstraction:IsAChildOf,R-HSA-2995410
R-HSA-2995383,abstraction:IsAChildOf,R-HSA-2995410
R-HSA-9668328,abstraction:IsAChildOf,R-HSA-2995410
R-HSA-156588,abstraction:IsAChildOf,R-HSA-156580
R-HSA-156582,abstraction:IsAChildOf,R-HSA-156580
R-HSA-156590,abstraction:IsAChildOf,R-HSA-156580
R-HSA-156587,abstraction:IsAChildOf,R-HSA-156580
R-HSA-156584,abstraction:IsAChildOf,R-HSA-156580
R-HSA-156581,abstraction:IsAChildOf,R-HSA-156580
R-HSA-2173788,abstraction:IsAChildOf,R-HSA-2173789
R-HSA-9855142,abstraction:IsAChildOf,R-HSA-8953897
R-HSA-5660526,abstraction:IsAChildOf,R-HSA-8953897
R-HSA-2262752,abstraction:IsAChildOf,R-HSA-8953897
R-HSA-76071,abstraction:IsAChildOf,R-HSA-76046
R-HSA-76066,abstraction:IsAChildOf,R-HSA-76046
R-HSA-76061,abstraction:IsAChildOf,R-HSA-76046
R-HSA-114508,abstraction:IsAChildOf,R-HSA-76002
R-HSA-76009,abstraction:IsAChildOf,R-HSA-76002
R-HSA-76005,abstraction:IsAChildOf,R-HSA-76002
R-HSA-392518,abstraction:IsAChildOf,R-HSA-76002
R-HSA-114604,abstraction:IsAChildOf,R-HSA-76002
R-HSA-430116,abstraction:IsAChildOf,R-HSA-76002
R-HSA-456926,abstraction:IsAChildOf,R-HSA-76002
R-HSA-3371571,abstraction:IsAChildOf,R-HSA-3371556
R-HSA-3371453,abstraction:IsAChildOf,R-HSA-3371556
R-HSA-3371511,abstraction:IsAChildOf,R-HSA-3371556
R-HSA-9638630,abstraction:IsAChildOf,R-HSA-9931953
R-HSA-1169091,abstraction:IsAChildOf,R-HSA-1168372
R-HSA-1169092,abstraction:IsAChildOf,R-HSA-1168372
R-HSA-2025928,abstraction:IsAChildOf,R-HSA-1168372
R-HSA-5684264,abstraction:IsAChildOf,R-HSA-450294
R-HSA-450302,abstraction:IsAChildOf,R-HSA-450294
R-HSA-450282,abstraction:IsAChildOf,R-HSA-450294
R-HSA-450321,abstraction:IsAChildOf,R-HSA-450294
R-HSA-199920,abstraction:IsAChildOf,R-HSA-450282
R-HSA-450341,abstraction:IsAChildOf,R-HSA-450282
R-HSA-198753,abstraction:IsAChildOf,R-HSA-450282
R-HSA-444411,abstraction:IsAChildOf,R-HSA-5223345
R-HSA-8963896,abstraction:IsAChildOf,R-HSA-8963898
R-HSA-8866423,abstraction:IsAChildOf,R-HSA-8963898
R-HSA-8963888,abstraction:IsAChildOf,R-HSA-8963898
R-HSA-73863,abstraction:IsAChildOf,R-HSA-73864
R-HSA-73854,abstraction:IsAChildOf,R-HSA-73864
R-HSA-9673221,abstraction:IsAChildOf,R-HSA-9668250
R-HSA-9673240,abstraction:IsAChildOf,R-HSA-9668250
R-HSA-9673202,abstraction:IsAChildOf,R-HSA-9668250
R-HSA-9673218,abstraction:IsAChildOf,R-HSA-9668250
R-HSA-375281,abstraction:IsAChildOf,R-HSA-373076
R-HSA-375276,abstraction:IsAChildOf,R-HSA-373076
R-HSA-3296197,abstraction:IsAChildOf,R-HSA-373076
R-HSA-419408,abstraction:IsAChildOf,R-HSA-373076
R-HSA-419771,abstraction:IsAChildOf,R-HSA-373076
R-HSA-375280,abstraction:IsAChildOf,R-HSA-373076
R-HSA-391903,abstraction:IsAChildOf,R-HSA-373076
R-HSA-418038,abstraction:IsAChildOf,R-HSA-373076
R-HSA-444209,abstraction:IsAChildOf,R-HSA-373076
R-HSA-9729555,abstraction:IsAChildOf,R-HSA-9717189
R-HSA-9717207,abstraction:IsAChildOf,R-HSA-9717189
R-HSA-9730628,abstraction:IsAChildOf,R-HSA-9717189
R-HSA-9640463,abstraction:IsAChildOf,R-HSA-8848584
R-HSA-75896,abstraction:IsAChildOf,R-HSA-8848584
R-HSA-69560,abstraction:IsAChildOf,R-HSA-69563
R-HSA-69541,abstraction:IsAChildOf,R-HSA-69563
R-HSA-937061,abstraction:IsAChildOf,R-HSA-166166
R-HSA-442982,abstraction:IsAChildOf,R-HSA-442742
R-HSA-444257,abstraction:IsAChildOf,R-HSA-442742
R-HSA-202670,abstraction:IsAChildOf,R-HSA-198753
R-HSA-9702518,abstraction:IsAChildOf,R-HSA-9703648
R-HSA-199920,abstraction:IsAChildOf,R-HSA-198725
R-HSA-9031628,abstraction:IsAChildOf,R-HSA-198725
R-HSA-198753,abstraction:IsAChildOf,R-HSA-198725
R-HSA-199991,abstraction:IsAChildOf,R-HSA-5653656
R-HSA-2173782,abstraction:IsAChildOf,R-HSA-5653656
R-HSA-210991,abstraction:IsAChildOf,R-HSA-202733
R-HSA-210990,abstraction:IsAChildOf,R-HSA-202733
R-HSA-210993,abstraction:IsAChildOf,R-HSA-202733
R-HSA-1059683,abstraction:IsAChildOf,R-HSA-6783589
R-HSA-6788467,abstraction:IsAChildOf,R-HSA-6783589
R-HSA-354192,abstraction:IsAChildOf,R-HSA-76009
R-HSA-392023,abstraction:IsAChildOf,R-HSA-76009
R-HSA-170834,abstraction:IsAChildOf,R-HSA-9006936
R-HSA-9839373,abstraction:IsAChildOf,R-HSA-9006936
R-HSA-201451,abstraction:IsAChildOf,R-HSA-9006936
R-HSA-1502540,abstraction:IsAChildOf,R-HSA-9006936
R-HSA-9913635,abstraction:IsAChildOf,R-HSA-69306
R-HSA-69239,abstraction:IsAChildOf,R-HSA-69306
R-HSA-69002,abstraction:IsAChildOf,R-HSA-69306
R-HSA-6804754,abstraction:IsAChildOf,R-HSA-6806003
R-HSA-6804757,abstraction:IsAChildOf,R-HSA-6806003
R-HSA-167160,abstraction:IsAChildOf,R-HSA-167172
R-HSA-167238,abstraction:IsAChildOf,R-HSA-167172
R-HSA-167287,abstraction:IsAChildOf,R-HSA-167172
R-HSA-167152,abstraction:IsAChildOf,R-HSA-167172
R-HSA-167169,abstraction:IsAChildOf,R-HSA-167172
R-HSA-167243,abstraction:IsAChildOf,R-HSA-167172
R-HSA-167161,abstraction:IsAChildOf,R-HSA-167172
R-HSA-167290,abstraction:IsAChildOf,R-HSA-167172
R-HSA-167162,abstraction:IsAChildOf,R-HSA-167172
R-HSA-1268020,abstraction:IsAChildOf,R-HSA-9609507
R-HSA-9609523,abstraction:IsAChildOf,R-HSA-9609507
R-HSA-9033241,abstraction:IsAChildOf,R-HSA-9609507
R-HSA-9603798,abstraction:IsAChildOf,R-HSA-9609507
R-HSA-9824878,abstraction:IsAChildOf,R-HSA-936964
R-HSA-3247509,abstraction:IsAChildOf,R-HSA-4839726
R-HSA-9932444,abstraction:IsAChildOf,R-HSA-4839726
R-HSA-1433559,abstraction:IsAChildOf,R-HSA-1433557
R-HSA-9013507,abstraction:IsAChildOf,R-HSA-9012852
R-HSA-9013508,abstraction:IsAChildOf,R-HSA-9012852
R-HSA-9024446,abstraction:IsAChildOf,R-HSA-9006931
R-HSA-5362517,abstraction:IsAChildOf,R-HSA-9006931
R-HSA-8939211,abstraction:IsAChildOf,R-HSA-9006931
R-HSA-389960,abstraction:IsAChildOf,R-HSA-389958
R-HSA-389957,abstraction:IsAChildOf,R-HSA-389958
R-HSA-390450,abstraction:IsAChildOf,R-HSA-389958
R-HSA-629587,abstraction:IsAChildOf,R-HSA-622327
R-HSA-629594,abstraction:IsAChildOf,R-HSA-622327
R-HSA-73843,abstraction:IsAChildOf,R-HSA-71336
R-HSA-1971475,abstraction:IsAChildOf,R-HSA-1630316
R-HSA-1638074,abstraction:IsAChildOf,R-HSA-1630316
R-HSA-2142845,abstraction:IsAChildOf,R-HSA-1630316
R-HSA-1638091,abstraction:IsAChildOf,R-HSA-1630316
R-HSA-174362,abstraction:IsAChildOf,R-HSA-1630316
R-HSA-1793185,abstraction:IsAChildOf,R-HSA-1630316
R-HSA-190239,abstraction:IsAChildOf,R-HSA-5654741
R-HSA-5654732,abstraction:IsAChildOf,R-HSA-5654741
R-HSA-5654708,abstraction:IsAChildOf,R-HSA-5654741
R-HSA-9753510,abstraction:IsAChildOf,R-HSA-9649913
R-HSA-9753512,abstraction:IsAChildOf,R-HSA-9649913
R-HSA-2894862,abstraction:IsAChildOf,R-HSA-2894858
R-HSA-69091,abstraction:IsAChildOf,R-HSA-69109
R-HSA-2892245,abstraction:IsAChildOf,R-HSA-452723
R-HSA-2892247,abstraction:IsAChildOf,R-HSA-452723
R-HSA-70921,abstraction:IsAChildOf,R-HSA-71291
R-HSA-70688,abstraction:IsAChildOf,R-HSA-71291
R-HSA-71240,abstraction:IsAChildOf,R-HSA-71291
R-HSA-209776,abstraction:IsAChildOf,R-HSA-71291
R-HSA-6798163,abstraction:IsAChildOf,R-HSA-71291
R-HSA-8964539,abstraction:IsAChildOf,R-HSA-71291
R-HSA-1614635,abstraction:IsAChildOf,R-HSA-71291
R-HSA-71288,abstraction:IsAChildOf,R-HSA-71291
R-HSA-389661,abstraction:IsAChildOf,R-HSA-71291
R-HSA-5662702,abstraction:IsAChildOf,R-HSA-71291
R-HSA-71064,abstraction:IsAChildOf,R-HSA-71291
R-HSA-977347,abstraction:IsAChildOf,R-HSA-71291
R-HSA-70895,abstraction:IsAChildOf,R-HSA-71291
R-HSA-8963693,abstraction:IsAChildOf,R-HSA-71291
R-HSA-71262,abstraction:IsAChildOf,R-HSA-71291
R-HSA-8963691,abstraction:IsAChildOf,R-HSA-71291
R-HSA-8964540,abstraction:IsAChildOf,R-HSA-71291
R-HSA-2408522,abstraction:IsAChildOf,R-HSA-71291
R-HSA-351202,abstraction:IsAChildOf,R-HSA-71291
R-HSA-8849175,abstraction:IsAChildOf,R-HSA-71291
R-HSA-70635,abstraction:IsAChildOf,R-HSA-71291
R-HSA-6782861,abstraction:IsAChildOf,R-HSA-6782315
R-HSA-9828211,abstraction:IsAChildOf,R-HSA-9013973
R-HSA-6807878,abstraction:IsAChildOf,R-HSA-199977
R-HSA-5694530,abstraction:IsAChildOf,R-HSA-199977
R-HSA-204005,abstraction:IsAChildOf,R-HSA-199977
R-HSA-211916,abstraction:IsAChildOf,R-HSA-211897
R-HSA-211935,abstraction:IsAChildOf,R-HSA-211897
R-HSA-211979,abstraction:IsAChildOf,R-HSA-211897
R-HSA-211976,abstraction:IsAChildOf,R-HSA-211897
R-HSA-211981,abstraction:IsAChildOf,R-HSA-211897
R-HSA-211958,abstraction:IsAChildOf,R-HSA-211897
R-HSA-167021,abstraction:IsAChildOf,R-HSA-187037
R-HSA-198745,abstraction:IsAChildOf,R-HSA-187037
R-HSA-198203,abstraction:IsAChildOf,R-HSA-187037
R-HSA-198765,abstraction:IsAChildOf,R-HSA-187037
R-HSA-198725,abstraction:IsAChildOf,R-HSA-187037
R-HSA-187015,abstraction:IsAChildOf,R-HSA-187037
R-HSA-177504,abstraction:IsAChildOf,R-HSA-187037
R-HSA-187687,abstraction:IsAChildOf,R-HSA-187037
R-HSA-1989781,abstraction:IsAChildOf,R-HSA-400206
R-HSA-9858328,abstraction:IsAChildOf,R-HSA-71064
R-HSA-77348,abstraction:IsAChildOf,R-HSA-77286
R-HSA-77352,abstraction:IsAChildOf,R-HSA-77286
R-HSA-77346,abstraction:IsAChildOf,R-HSA-77286
R-HSA-77310,abstraction:IsAChildOf,R-HSA-77286
R-HSA-77305,abstraction:IsAChildOf,R-HSA-77286
R-HSA-77350,abstraction:IsAChildOf,R-HSA-77286
R-HSA-77285,abstraction:IsAChildOf,R-HSA-77286
R-HSA-9764260,abstraction:IsAChildOf,R-HSA-9759476
R-HSA-9764274,abstraction:IsAChildOf,R-HSA-9759476
R-HSA-9617629,abstraction:IsAChildOf,R-HSA-9614085
R-HSA-9615017,abstraction:IsAChildOf,R-HSA-9614085
R-HSA-9614657,abstraction:IsAChildOf,R-HSA-9614085
R-HSA-9614399,abstraction:IsAChildOf,R-HSA-9614085
R-HSA-9617828,abstraction:IsAChildOf,R-HSA-9614085
R-HSA-351200,abstraction:IsAChildOf,R-HSA-351202
R-HSA-351143,abstraction:IsAChildOf,R-HSA-351202
R-HSA-350562,abstraction:IsAChildOf,R-HSA-351202
R-HSA-110330,abstraction:IsAChildOf,R-HSA-73927
R-HSA-110331,abstraction:IsAChildOf,R-HSA-73927
R-HSA-9856649,abstraction:IsAChildOf,R-HSA-9730414
R-HSA-9856651,abstraction:IsAChildOf,R-HSA-9730414
R-HSA-72737,abstraction:IsAChildOf,R-HSA-72613
R-HSA-156827,abstraction:IsAChildOf,R-HSA-72613
R-HSA-8956319,abstraction:IsAChildOf,R-HSA-15869
R-HSA-8956320,abstraction:IsAChildOf,R-HSA-15869
R-HSA-8956321,abstraction:IsAChildOf,R-HSA-15869
R-HSA-499943,abstraction:IsAChildOf,R-HSA-15869
R-HSA-110328,abstraction:IsAChildOf,R-HSA-73928
R-HSA-110329,abstraction:IsAChildOf,R-HSA-73928
R-HSA-8950505,abstraction:IsAChildOf,R-HSA-9020591
R-HSA-427601,abstraction:IsAChildOf,R-HSA-9958790
R-HSA-426117,abstraction:IsAChildOf,R-HSA-9958790
R-HSA-433137,abstraction:IsAChildOf,R-HSA-9958790
R-HSA-425381,abstraction:IsAChildOf,R-HSA-9958790
R-HSA-427652,abstraction:IsAChildOf,R-HSA-9958790
R-HSA-8963676,abstraction:IsAChildOf,R-HSA-8963743
R-HSA-8935690,abstraction:IsAChildOf,R-HSA-8963743
R-HSA-975871,abstraction:IsAChildOf,R-HSA-168176
R-HSA-9865125,abstraction:IsAChildOf,R-HSA-9865114
R-HSA-9865113,abstraction:IsAChildOf,R-HSA-9865114
R-HSA-9907570,abstraction:IsAChildOf,R-HSA-9865114
R-HSA-9912529,abstraction:IsAChildOf,R-HSA-9865114
R-HSA-5083629,abstraction:IsAChildOf,R-HSA-3906995
R-HSA-5083625,abstraction:IsAChildOf,R-HSA-3906995
R-HSA-5083635,abstraction:IsAChildOf,R-HSA-3906995
R-HSA-5083628,abstraction:IsAChildOf,R-HSA-3906995
R-HSA-5083627,abstraction:IsAChildOf,R-HSA-3906995
R-HSA-5083636,abstraction:IsAChildOf,R-HSA-3906995
R-HSA-5083633,abstraction:IsAChildOf,R-HSA-3906995
R-HSA-5083632,abstraction:IsAChildOf,R-HSA-3906995
R-HSA-5083630,abstraction:IsAChildOf,R-HSA-3906995
R-HSA-112303,abstraction:IsAChildOf,R-HSA-112307
R-HSA-109704,abstraction:IsAChildOf,R-HSA-112399
R-HSA-112412,abstraction:IsAChildOf,R-HSA-112399
R-HSA-9841922,abstraction:IsAChildOf,R-HSA-9851695
R-HSA-3108232,abstraction:IsAChildOf,R-HSA-2990846
R-HSA-3215018,abstraction:IsAChildOf,R-HSA-2990846
R-HSA-9634597,abstraction:IsAChildOf,R-HSA-418555
R-HSA-1660662,abstraction:IsAChildOf,R-HSA-428157
R-HSA-9845614,abstraction:IsAChildOf,R-HSA-428157
R-HSA-1660661,abstraction:IsAChildOf,R-HSA-428157
R-HSA-73621,abstraction:IsAChildOf,R-HSA-8956319
R-HSA-74259,abstraction:IsAChildOf,R-HSA-8956319
R-HSA-8850843,abstraction:IsAChildOf,R-HSA-8956319
R-HSA-5625970,abstraction:IsAChildOf,R-HSA-195258
R-HSA-5625900,abstraction:IsAChildOf,R-HSA-195258
R-HSA-5668599,abstraction:IsAChildOf,R-HSA-195258
R-HSA-5663220,abstraction:IsAChildOf,R-HSA-195258
R-HSA-5666185,abstraction:IsAChildOf,R-HSA-195258
R-HSA-5627117,abstraction:IsAChildOf,R-HSA-195258
R-HSA-5626467,abstraction:IsAChildOf,R-HSA-195258
R-HSA-5663213,abstraction:IsAChildOf,R-HSA-195258
R-HSA-5625740,abstraction:IsAChildOf,R-HSA-195258
R-HSA-5627083,abstraction:IsAChildOf,R-HSA-195258
R-HSA-5627123,abstraction:IsAChildOf,R-HSA-195258
R-HSA-190840,abstraction:IsAChildOf,R-HSA-190872
R-HSA-9859138,abstraction:IsAChildOf,R-HSA-70895
R-HSA-9658195,abstraction:IsAChildOf,R-HSA-9824443
R-HSA-187577,abstraction:IsAChildOf,R-HSA-69656
R-HSA-9845619,abstraction:IsAChildOf,R-HSA-9823587
R-HSA-9845622,abstraction:IsAChildOf,R-HSA-9823587
R-HSA-9845621,abstraction:IsAChildOf,R-HSA-9823587
R-HSA-9846298,abstraction:IsAChildOf,R-HSA-9823587
R-HSA-9845620,abstraction:IsAChildOf,R-HSA-9823587
R-HSA-69601,abstraction:IsAChildOf,R-HSA-69613
R-HSA-420499,abstraction:IsAChildOf,R-HSA-500792
R-HSA-373080,abstraction:IsAChildOf,R-HSA-500792
R-HSA-373076,abstraction:IsAChildOf,R-HSA-500792
R-HSA-352238,abstraction:IsAChildOf,R-HSA-111465
R-HSA-264870,abstraction:IsAChildOf,R-HSA-111465
R-HSA-351906,abstraction:IsAChildOf,R-HSA-111465
R-HSA-9662851,abstraction:IsAChildOf,R-HSA-9664433
R-HSA-74749,abstraction:IsAChildOf,R-HSA-74751
R-HSA-74713,abstraction:IsAChildOf,R-HSA-74751
R-HSA-112399,abstraction:IsAChildOf,R-HSA-74751
R-HSA-3656253,abstraction:IsAChildOf,R-HSA-3560782
R-HSA-3560801,abstraction:IsAChildOf,R-HSA-3560782
R-HSA-3595174,abstraction:IsAChildOf,R-HSA-3560782
R-HSA-3656248,abstraction:IsAChildOf,R-HSA-3560782
R-HSA-3656243,abstraction:IsAChildOf,R-HSA-3560782
R-HSA-3595172,abstraction:IsAChildOf,R-HSA-3560782
R-HSA-3595177,abstraction:IsAChildOf,R-HSA-3560782
R-HSA-3656225,abstraction:IsAChildOf,R-HSA-3560782
R-HSA-3656244,abstraction:IsAChildOf,R-HSA-3560782
R-HSA-3656234,abstraction:IsAChildOf,R-HSA-3560782
R-HSA-4420332,abstraction:IsAChildOf,R-HSA-3560782
R-HSA-3560792,abstraction:IsAChildOf,R-HSA-3560782
R-HSA-3656237,abstraction:IsAChildOf,R-HSA-3560782
R-HSA-3560796,abstraction:IsAChildOf,R-HSA-3560782
R-HSA-3560783,abstraction:IsAChildOf,R-HSA-3560782
R-HSA-3359463,abstraction:IsAChildOf,R-HSA-3296469
R-HSA-3359471,abstraction:IsAChildOf,R-HSA-3296469
R-HSA-3359474,abstraction:IsAChildOf,R-HSA-3296469
R-HSA-5683329,abstraction:IsAChildOf,R-HSA-3296469
R-HSA-3359475,abstraction:IsAChildOf,R-HSA-3296469
R-HSA-3359467,abstraction:IsAChildOf,R-HSA-3296469
R-HSA-3359473,abstraction:IsAChildOf,R-HSA-3296469
R-HSA-3359485,abstraction:IsAChildOf,R-HSA-3296469
R-HSA-3359457,abstraction:IsAChildOf,R-HSA-3296469
R-HSA-3359469,abstraction:IsAChildOf,R-HSA-3296469
R-HSA-3359454,abstraction:IsAChildOf,R-HSA-3296469
R-HSA-3359462,abstraction:IsAChildOf,R-HSA-3296469
R-HSA-429947,abstraction:IsAChildOf,R-HSA-429914
R-HSA-429958,abstraction:IsAChildOf,R-HSA-429914
R-HSA-430039,abstraction:IsAChildOf,R-HSA-429914
R-HSA-9609690,abstraction:IsAChildOf,R-HSA-9609646
R-HSA-9610379,abstraction:IsAChildOf,R-HSA-9609646
R-HSA-9706574,abstraction:IsAChildOf,R-HSA-9012999
R-HSA-9013420,abstraction:IsAChildOf,R-HSA-9012999
R-HSA-9013408,abstraction:IsAChildOf,R-HSA-9012999
R-HSA-9696270,abstraction:IsAChildOf,R-HSA-9012999
R-HSA-9013405,abstraction:IsAChildOf,R-HSA-9012999
R-HSA-9013406,abstraction:IsAChildOf,R-HSA-9012999
R-HSA-9013424,abstraction:IsAChildOf,R-HSA-9012999
R-HSA-9035034,abstraction:IsAChildOf,R-HSA-9012999
R-HSA-9696273,abstraction:IsAChildOf,R-HSA-9012999
R-HSA-9013404,abstraction:IsAChildOf,R-HSA-9012999
R-HSA-9013106,abstraction:IsAChildOf,R-HSA-9012999
R-HSA-9013149,abstraction:IsAChildOf,R-HSA-9012999
R-HSA-9013409,abstraction:IsAChildOf,R-HSA-9012999
R-HSA-9013026,abstraction:IsAChildOf,R-HSA-9012999
R-HSA-9013423,abstraction:IsAChildOf,R-HSA-9012999
R-HSA-9696264,abstraction:IsAChildOf,R-HSA-9012999
R-HSA-9013407,abstraction:IsAChildOf,R-HSA-9012999
R-HSA-9013148,abstraction:IsAChildOf,R-HSA-9012999
R-HSA-8980692,abstraction:IsAChildOf,R-HSA-9012999
R-HSA-72202,abstraction:IsAChildOf,R-HSA-72203
R-HSA-72172,abstraction:IsAChildOf,R-HSA-72203
R-HSA-72187,abstraction:IsAChildOf,R-HSA-72203
R-HSA-9833576,abstraction:IsAChildOf,R-HSA-9762292
R-HSA-9820448,abstraction:IsAChildOf,R-HSA-9734767
R-HSA-9734779,abstraction:IsAChildOf,R-HSA-9734767
R-HSA-389958,abstraction:IsAChildOf,R-HSA-390466
R-HSA-390471,abstraction:IsAChildOf,R-HSA-390466
R-HSA-6814122,abstraction:IsAChildOf,R-HSA-390466
R-HSA-3371599,abstraction:IsAChildOf,R-HSA-3323169
R-HSA-3371598,abstraction:IsAChildOf,R-HSA-3323169
R-HSA-9603505,abstraction:IsAChildOf,R-HSA-9034015
R-HSA-9034013,abstraction:IsAChildOf,R-HSA-9034015
R-HSA-9603381,abstraction:IsAChildOf,R-HSA-9034015
R-HSA-9034864,abstraction:IsAChildOf,R-HSA-9034015
R-HSA-9034793,abstraction:IsAChildOf,R-HSA-9034015
R-HSA-201681,abstraction:IsAChildOf,R-HSA-195721
R-HSA-3238698,abstraction:IsAChildOf,R-HSA-195721
R-HSA-195253,abstraction:IsAChildOf,R-HSA-195721
R-HSA-3858494,abstraction:IsAChildOf,R-HSA-195721
R-HSA-191859,abstraction:IsAChildOf,R-HSA-194441
R-HSA-9755511,abstraction:IsAChildOf,R-HSA-9711123
R-HSA-9707564,abstraction:IsAChildOf,R-HSA-9711123
R-HSA-3299685,abstraction:IsAChildOf,R-HSA-9711123
R-HSA-9033807,abstraction:IsAChildOf,R-HSA-9033658
R-HSA-9037628,abstraction:IsAChildOf,R-HSA-9033658
R-HSA-9037629,abstraction:IsAChildOf,R-HSA-9033658
R-HSA-2179392,abstraction:IsAChildOf,R-HSA-881907
R-HSA-9017802,abstraction:IsAChildOf,R-HSA-9013507
R-HSA-3295583,abstraction:IsAChildOf,R-HSA-2672351
R-HSA-9735786,abstraction:IsAChildOf,R-HSA-9735804
R-HSA-9734207,abstraction:IsAChildOf,R-HSA-9735804
R-HSA-112307,abstraction:IsAChildOf,R-HSA-112316
R-HSA-1296071,abstraction:IsAChildOf,R-HSA-112316
R-HSA-6794362,abstraction:IsAChildOf,R-HSA-112316
R-HSA-112315,abstraction:IsAChildOf,R-HSA-112316
R-HSA-9735763,abstraction:IsAChildOf,R-HSA-9735786
R-HSA-1483255,abstraction:IsAChildOf,R-HSA-1483257
R-HSA-1483206,abstraction:IsAChildOf,R-HSA-1483257
R-HSA-174411,abstraction:IsAChildOf,R-HSA-174417
R-HSA-174414,abstraction:IsAChildOf,R-HSA-174417
R-HSA-174430,abstraction:IsAChildOf,R-HSA-174417
R-HSA-9026395,abstraction:IsAChildOf,R-HSA-9018677
R-HSA-9020265,abstraction:IsAChildOf,R-HSA-9018677
R-HSA-9018682,abstraction:IsAChildOf,R-HSA-9018677
R-HSA-9018676,abstraction:IsAChildOf,R-HSA-9018677
R-HSA-9018681,abstraction:IsAChildOf,R-HSA-9018677
R-HSA-111996,abstraction:IsAChildOf,R-HSA-112043
R-HSA-9912633,abstraction:IsAChildOf,R-HSA-983169
R-HSA-1236975,abstraction:IsAChildOf,R-HSA-983169
R-HSA-983170,abstraction:IsAChildOf,R-HSA-983169
R-HSA-983168,abstraction:IsAChildOf,R-HSA-983169
R-HSA-2424491,abstraction:IsAChildOf,R-HSA-2172127
R-HSA-435354,abstraction:IsAChildOf,R-HSA-425410
R-HSA-425986,abstraction:IsAChildOf,R-HSA-425410
R-HSA-425561,abstraction:IsAChildOf,R-HSA-425410
R-HSA-9669921,abstraction:IsAChildOf,R-HSA-9669938
R-HSA-9670439,abstraction:IsAChildOf,R-HSA-9669938
R-HSA-9680187,abstraction:IsAChildOf,R-HSA-9669938
R-HSA-9669935,abstraction:IsAChildOf,R-HSA-9669938
R-HSA-9669937,abstraction:IsAChildOf,R-HSA-9669938
R-HSA-9669933,abstraction:IsAChildOf,R-HSA-9669938
R-HSA-72764,abstraction:IsAChildOf,R-HSA-72766
R-HSA-9948299,abstraction:IsAChildOf,R-HSA-72766
R-HSA-379724,abstraction:IsAChildOf,R-HSA-72766
R-HSA-72613,abstraction:IsAChildOf,R-HSA-72766
R-HSA-5368287,abstraction:IsAChildOf,R-HSA-72766
R-HSA-156842,abstraction:IsAChildOf,R-HSA-72766
R-HSA-1799339,abstraction:IsAChildOf,R-HSA-72766
R-HSA-888590,abstraction:IsAChildOf,R-HSA-112310
R-HSA-210500,abstraction:IsAChildOf,R-HSA-112310
R-HSA-181430,abstraction:IsAChildOf,R-HSA-112310
R-HSA-212676,abstraction:IsAChildOf,R-HSA-112310
R-HSA-264642,abstraction:IsAChildOf,R-HSA-112310
R-HSA-181429,abstraction:IsAChildOf,R-HSA-112310
R-HSA-2644607,abstraction:IsAChildOf,R-HSA-2644605
R-HSA-8854214,abstraction:IsAChildOf,R-HSA-9007101
R-HSA-8876198,abstraction:IsAChildOf,R-HSA-9007101
R-HSA-1222541,abstraction:IsAChildOf,R-HSA-1222499
R-HSA-1222449,abstraction:IsAChildOf,R-HSA-1222499
R-HSA-1222538,abstraction:IsAChildOf,R-HSA-1222499
R-HSA-1222387,abstraction:IsAChildOf,R-HSA-1222499
R-HSA-6802955,abstraction:IsAChildOf,R-HSA-6802957
R-HSA-6802946,abstraction:IsAChildOf,R-HSA-6802957
R-HSA-6802953,abstraction:IsAChildOf,R-HSA-6802957
R-HSA-6802948,abstraction:IsAChildOf,R-HSA-6802957
R-HSA-9660537,abstraction:IsAChildOf,R-HSA-6802957
R-HSA-9656223,abstraction:IsAChildOf,R-HSA-6802957
R-HSA-9652817,abstraction:IsAChildOf,R-HSA-6802957
R-HSA-9652169,abstraction:IsAChildOf,R-HSA-6802957
R-HSA-6802952,abstraction:IsAChildOf,R-HSA-6802957
R-HSA-6802949,abstraction:IsAChildOf,R-HSA-6802957
R-HSA-173736,abstraction:IsAChildOf,R-HSA-166663
R-HSA-166786,abstraction:IsAChildOf,R-HSA-166663
R-HSA-167200,abstraction:IsAChildOf,R-HSA-167246
R-HSA-418359,abstraction:IsAChildOf,R-HSA-418360
R-HSA-139853,abstraction:IsAChildOf,R-HSA-418360
R-HSA-209931,abstraction:IsAChildOf,R-HSA-209776
R-HSA-209968,abstraction:IsAChildOf,R-HSA-209776
R-HSA-209905,abstraction:IsAChildOf,R-HSA-209776
R-HSA-164378,abstraction:IsAChildOf,R-HSA-163359
R-HSA-166665,abstraction:IsAChildOf,R-HSA-166658
R-HSA-977606,abstraction:IsAChildOf,R-HSA-166658
R-HSA-166663,abstraction:IsAChildOf,R-HSA-166658
R-HSA-174577,abstraction:IsAChildOf,R-HSA-166658
R-HSA-9679514,abstraction:IsAChildOf,R-HSA-9678108
R-HSA-9679509,abstraction:IsAChildOf,R-HSA-9678108
R-HSA-9679504,abstraction:IsAChildOf,R-HSA-9678108
R-HSA-9683701,abstraction:IsAChildOf,R-HSA-9678108
R-HSA-9678110,abstraction:IsAChildOf,R-HSA-9678108
R-HSA-9692914,abstraction:IsAChildOf,R-HSA-9678108
R-HSA-2033514,abstraction:IsAChildOf,R-HSA-5655332
R-HSA-6783984,abstraction:IsAChildOf,R-HSA-389661
R-HSA-5357956,abstraction:IsAChildOf,R-HSA-75893
R-HSA-5357786,abstraction:IsAChildOf,R-HSA-75893
R-HSA-5357905,abstraction:IsAChildOf,R-HSA-75893
R-HSA-5626978,abstraction:IsAChildOf,R-HSA-75893
R-HSA-417973,abstraction:IsAChildOf,R-HSA-418038
R-HSA-417957,abstraction:IsAChildOf,R-HSA-418038
R-HSA-1433617,abstraction:IsAChildOf,R-HSA-1181150
R-HSA-1839128,abstraction:IsAChildOf,R-HSA-5655291
R-HSA-2995410,abstraction:IsAChildOf,R-HSA-68882
R-HSA-2467813,abstraction:IsAChildOf,R-HSA-68882
R-HSA-174437,abstraction:IsAChildOf,R-HSA-174414
R-HSA-112310,abstraction:IsAChildOf,R-HSA-112315
R-HSA-112308,abstraction:IsAChildOf,R-HSA-112315
R-HSA-112313,abstraction:IsAChildOf,R-HSA-112315
R-HSA-112311,abstraction:IsAChildOf,R-HSA-112315
R-HSA-112314,abstraction:IsAChildOf,R-HSA-112315
R-HSA-211957,abstraction:IsAChildOf,R-HSA-211981
R-HSA-211999,abstraction:IsAChildOf,R-HSA-211981
R-HSA-450294,abstraction:IsAChildOf,R-HSA-448424
R-HSA-1295596,abstraction:IsAChildOf,R-HSA-5654727
R-HSA-2514853,abstraction:IsAChildOf,R-HSA-68877
R-HSA-380320,abstraction:IsAChildOf,R-HSA-68877
R-HSA-9648025,abstraction:IsAChildOf,R-HSA-68877
R-HSA-2500257,abstraction:IsAChildOf,R-HSA-68877
R-HSA-1500620,abstraction:IsAChildOf,R-HSA-1474165
R-HSA-9827857,abstraction:IsAChildOf,R-HSA-1474165
R-HSA-1187000,abstraction:IsAChildOf,R-HSA-1474165
R-HSA-163765,abstraction:IsAChildOf,R-HSA-163685
R-HSA-163767,abstraction:IsAChildOf,R-HSA-163685
R-HSA-163680,abstraction:IsAChildOf,R-HSA-163685
R-HSA-163754,abstraction:IsAChildOf,R-HSA-163685
R-HSA-163359,abstraction:IsAChildOf,R-HSA-163685
R-HSA-422356,abstraction:IsAChildOf,R-HSA-163685
R-HSA-163358,abstraction:IsAChildOf,R-HSA-163685
R-HSA-68949,abstraction:IsAChildOf,R-HSA-69052
R-HSA-69017,abstraction:IsAChildOf,R-HSA-69052
R-HSA-111367,abstraction:IsAChildOf,R-HSA-75067
R-HSA-77588,abstraction:IsAChildOf,R-HSA-75067
R-HSA-77595,abstraction:IsAChildOf,R-HSA-75067
R-HSA-3769402,abstraction:IsAChildOf,R-HSA-201681
R-HSA-4641262,abstraction:IsAChildOf,R-HSA-201681
R-HSA-4641263,abstraction:IsAChildOf,R-HSA-201681
R-HSA-3772470,abstraction:IsAChildOf,R-HSA-201681
R-HSA-4641258,abstraction:IsAChildOf,R-HSA-201681
R-HSA-201722,abstraction:IsAChildOf,R-HSA-201681
R-HSA-201688,abstraction:IsAChildOf,R-HSA-201681
R-HSA-5368598,abstraction:IsAChildOf,R-HSA-201681
R-HSA-4641257,abstraction:IsAChildOf,R-HSA-201681
R-HSA-426048,abstraction:IsAChildOf,R-HSA-114508
R-HSA-5607761,abstraction:IsAChildOf,R-HSA-5607764
R-HSA-5607763,abstraction:IsAChildOf,R-HSA-5607764
R-HSA-5660668,abstraction:IsAChildOf,R-HSA-5607764
R-HSA-174495,abstraction:IsAChildOf,R-HSA-175474
R-HSA-171286,abstraction:IsAChildOf,R-HSA-175474
R-HSA-9034015,abstraction:IsAChildOf,R-HSA-166520
R-HSA-9036866,abstraction:IsAChildOf,R-HSA-166520
R-HSA-187037,abstraction:IsAChildOf,R-HSA-166520
R-HSA-9006115,abstraction:IsAChildOf,R-HSA-166520
R-HSA-2559584,abstraction:IsAChildOf,R-HSA-2559586
R-HSA-8856828,abstraction:IsAChildOf,R-HSA-199991
R-HSA-199977,abstraction:IsAChildOf,R-HSA-199991
R-HSA-199992,abstraction:IsAChildOf,R-HSA-199991
R-HSA-1445148,abstraction:IsAChildOf,R-HSA-199991
R-HSA-917729,abstraction:IsAChildOf,R-HSA-199991
R-HSA-6811442,abstraction:IsAChildOf,R-HSA-199991
R-HSA-9007101,abstraction:IsAChildOf,R-HSA-199991
R-HSA-157858,abstraction:IsAChildOf,R-HSA-199991
R-HSA-9674415,abstraction:IsAChildOf,R-HSA-9671555
R-HSA-9673767,abstraction:IsAChildOf,R-HSA-9671555
R-HSA-9674428,abstraction:IsAChildOf,R-HSA-9671555
R-HSA-9673770,abstraction:IsAChildOf,R-HSA-9671555
R-HSA-9673768,abstraction:IsAChildOf,R-HSA-9671555
R-HSA-9673766,abstraction:IsAChildOf,R-HSA-9671555
R-HSA-70350,abstraction:IsAChildOf,R-HSA-5652084
R-HSA-5652227,abstraction:IsAChildOf,R-HSA-5652084
R-HSA-9727281,abstraction:IsAChildOf,R-HSA-9772573
R-HSA-9694635,abstraction:IsAChildOf,R-HSA-9772573
R-HSA-9694322,abstraction:IsAChildOf,R-HSA-9772573
R-HSA-9733458,abstraction:IsAChildOf,R-HSA-9772573
R-HSA-163615,abstraction:IsAChildOf,R-HSA-111931
R-HSA-1679131,abstraction:IsAChildOf,R-HSA-168898
R-HSA-166016,abstraction:IsAChildOf,R-HSA-168898
R-HSA-181438,abstraction:IsAChildOf,R-HSA-168898
R-HSA-168138,abstraction:IsAChildOf,R-HSA-168898
R-HSA-168142,abstraction:IsAChildOf,R-HSA-168898
R-HSA-5686938,abstraction:IsAChildOf,R-HSA-168898
R-HSA-168181,abstraction:IsAChildOf,R-HSA-168898
R-HSA-168176,abstraction:IsAChildOf,R-HSA-168898
R-HSA-168164,abstraction:IsAChildOf,R-HSA-168898
R-HSA-203641,abstraction:IsAChildOf,R-HSA-202131
R-HSA-203754,abstraction:IsAChildOf,R-HSA-202131
R-HSA-203615,abstraction:IsAChildOf,R-HSA-202131
R-HSA-4411364,abstraction:IsAChildOf,R-HSA-201722
R-HSA-450385,abstraction:IsAChildOf,R-HSA-450531
R-HSA-450408,abstraction:IsAChildOf,R-HSA-450531
R-HSA-450513,abstraction:IsAChildOf,R-HSA-450531
R-HSA-450604,abstraction:IsAChildOf,R-HSA-450531
R-HSA-450520,abstraction:IsAChildOf,R-HSA-450531
R-HSA-9717329,abstraction:IsAChildOf,R-HSA-9700649
R-HSA-9717264,abstraction:IsAChildOf,R-HSA-9700649
R-HSA-9717326,abstraction:IsAChildOf,R-HSA-9700649
R-HSA-9717319,abstraction:IsAChildOf,R-HSA-9700649
R-HSA-9717323,abstraction:IsAChildOf,R-HSA-9700649
R-HSA-9717301,abstraction:IsAChildOf,R-HSA-9700649
R-HSA-9717316,abstraction:IsAChildOf,R-HSA-9700649
R-HSA-9860931,abstraction:IsAChildOf,R-HSA-9855142
R-HSA-9856532,abstraction:IsAChildOf,R-HSA-9855142
R-HSA-170822,abstraction:IsAChildOf,R-HSA-70171
R-HSA-9634600,abstraction:IsAChildOf,R-HSA-70171
R-HSA-1500620,abstraction:IsAChildOf,R-HSA-1640170
R-HSA-69620,abstraction:IsAChildOf,R-HSA-1640170
R-HSA-69278,abstraction:IsAChildOf,R-HSA-1640170
R-HSA-73886,abstraction:IsAChildOf,R-HSA-1640170
R-HSA-9667769,abstraction:IsAChildOf,R-HSA-9662361
R-HSA-167060,abstraction:IsAChildOf,R-HSA-9036866
R-HSA-8875656,abstraction:IsAChildOf,R-HSA-6806834
R-HSA-8851907,abstraction:IsAChildOf,R-HSA-6806834
R-HSA-8865999,abstraction:IsAChildOf,R-HSA-6806834
R-HSA-6807004,abstraction:IsAChildOf,R-HSA-6806834
R-HSA-8875791,abstraction:IsAChildOf,R-HSA-6806834
R-HSA-8851805,abstraction:IsAChildOf,R-HSA-6806834
R-HSA-6806942,abstraction:IsAChildOf,R-HSA-6806834
R-HSA-8875878,abstraction:IsAChildOf,R-HSA-6806834
R-HSA-9837092,abstraction:IsAChildOf,R-HSA-9836573
R-HSA-2022857,abstraction:IsAChildOf,R-HSA-1638074
R-HSA-2022854,abstraction:IsAChildOf,R-HSA-1638074
R-HSA-9632974,abstraction:IsAChildOf,R-HSA-9024446
R-HSA-9623433,abstraction:IsAChildOf,R-HSA-9024446
R-HSA-9031525,abstraction:IsAChildOf,R-HSA-9024446
R-HSA-9029558,abstraction:IsAChildOf,R-HSA-9024446
R-HSA-9029569,abstraction:IsAChildOf,R-HSA-9024446
R-HSA-9031528,abstraction:IsAChildOf,R-HSA-9024446
R-HSA-1307965,abstraction:IsAChildOf,R-HSA-190322
R-HSA-446205,abstraction:IsAChildOf,R-HSA-446219
R-HSA-6787639,abstraction:IsAChildOf,R-HSA-446219
R-HSA-480985,abstraction:IsAChildOf,R-HSA-446219
R-HSA-446199,abstraction:IsAChildOf,R-HSA-446219
R-HSA-162699,abstraction:IsAChildOf,R-HSA-446219
R-HSA-4085001,abstraction:IsAChildOf,R-HSA-446219
R-HSA-446210,abstraction:IsAChildOf,R-HSA-446219
R-HSA-2151209,abstraction:IsAChildOf,R-HSA-1592230
R-HSA-8949613,abstraction:IsAChildOf,R-HSA-1592230
R-HSA-2151201,abstraction:IsAChildOf,R-HSA-1592230
R-HSA-5250981,abstraction:IsAChildOf,R-HSA-168799
R-HSA-5250958,abstraction:IsAChildOf,R-HSA-168799
R-HSA-5250989,abstraction:IsAChildOf,R-HSA-168799
R-HSA-5250992,abstraction:IsAChildOf,R-HSA-168799
R-HSA-5250968,abstraction:IsAChildOf,R-HSA-168799
R-HSA-5250982,abstraction:IsAChildOf,R-HSA-168799
R-HSA-5250971,abstraction:IsAChildOf,R-HSA-168799
R-HSA-5250955,abstraction:IsAChildOf,R-HSA-168799
R-HSA-9026766,abstraction:IsAChildOf,R-HSA-9026395
R-HSA-9026762,abstraction:IsAChildOf,R-HSA-9026395
R-HSA-196783,abstraction:IsAChildOf,R-HSA-199220
R-HSA-9657689,abstraction:IsAChildOf,R-HSA-9651496
R-HSA-9662001,abstraction:IsAChildOf,R-HSA-9651496
R-HSA-9657688,abstraction:IsAChildOf,R-HSA-9651496
R-HSA-9668250,abstraction:IsAChildOf,R-HSA-9651496
R-HSA-9672383,abstraction:IsAChildOf,R-HSA-9651496
R-HSA-349425,abstraction:IsAChildOf,R-HSA-69541
R-HSA-68877,abstraction:IsAChildOf,R-HSA-68886
R-HSA-68884,abstraction:IsAChildOf,R-HSA-68886
R-HSA-68875,abstraction:IsAChildOf,R-HSA-68886
R-HSA-2555396,abstraction:IsAChildOf,R-HSA-68886
R-HSA-112411,abstraction:IsAChildOf,R-HSA-112409
R-HSA-110056,abstraction:IsAChildOf,R-HSA-112409
R-HSA-5651801,abstraction:IsAChildOf,R-HSA-110373
R-HSA-110362,abstraction:IsAChildOf,R-HSA-110373
R-HSA-1980143,abstraction:IsAChildOf,R-HSA-157118
R-HSA-1980145,abstraction:IsAChildOf,R-HSA-157118
R-HSA-1912422,abstraction:IsAChildOf,R-HSA-157118
R-HSA-9012852,abstraction:IsAChildOf,R-HSA-157118
R-HSA-9013694,abstraction:IsAChildOf,R-HSA-157118
R-HSA-8949664,abstraction:IsAChildOf,R-HSA-8949215
R-HSA-111885,abstraction:IsAChildOf,R-HSA-418594
R-HSA-9025106,abstraction:IsAChildOf,R-HSA-9018683
R-HSA-9025094,abstraction:IsAChildOf,R-HSA-9018683
R-HSA-3645790,abstraction:IsAChildOf,R-HSA-3642278
R-HSA-3642279,abstraction:IsAChildOf,R-HSA-3642278
R-HSA-2046106,abstraction:IsAChildOf,R-HSA-2046104
R-HSA-2046105,abstraction:IsAChildOf,R-HSA-2046104
R-HSA-9682706,abstraction:IsAChildOf,R-HSA-9679514
R-HSA-9682708,abstraction:IsAChildOf,R-HSA-9679514
R-HSA-9638334,abstraction:IsAChildOf,R-HSA-9638482
R-HSA-9927020,abstraction:IsAChildOf,R-HSA-9638482
R-HSA-975144,abstraction:IsAChildOf,R-HSA-975138
R-HSA-450294,abstraction:IsAChildOf,R-HSA-975138
R-HSA-975163,abstraction:IsAChildOf,R-HSA-975138
R-HSA-445989,abstraction:IsAChildOf,R-HSA-975138
R-HSA-9764302,abstraction:IsAChildOf,R-HSA-9764260
R-HSA-9759475,abstraction:IsAChildOf,R-HSA-9764260
R-HSA-2470946,abstraction:IsAChildOf,R-HSA-68884
R-HSA-418457,abstraction:IsAChildOf,R-HSA-392154
R-HSA-8948700,abstraction:IsAChildOf,R-HSA-8943723
R-HSA-9638771,abstraction:IsAChildOf,R-HSA-9638737
R-HSA-9913143,abstraction:IsAChildOf,R-HSA-9638737
R-HSA-8939236,abstraction:IsAChildOf,R-HSA-8878171
R-HSA-8939242,abstraction:IsAChildOf,R-HSA-8878171
R-HSA-8877330,abstraction:IsAChildOf,R-HSA-8878171
R-HSA-8939246,abstraction:IsAChildOf,R-HSA-8878171
R-HSA-8936459,abstraction:IsAChildOf,R-HSA-8878171
R-HSA-8939243,abstraction:IsAChildOf,R-HSA-8878171
R-HSA-8939245,abstraction:IsAChildOf,R-HSA-8878171
R-HSA-8939247,abstraction:IsAChildOf,R-HSA-8878171
R-HSA-8939256,abstraction:IsAChildOf,R-HSA-8878171
R-HSA-8934593,abstraction:IsAChildOf,R-HSA-8878171
R-HSA-8935964,abstraction:IsAChildOf,R-HSA-8878171
R-HSA-8931987,abstraction:IsAChildOf,R-HSA-8878171
R-HSA-209822,abstraction:IsAChildOf,R-HSA-209952
R-HSA-210744,abstraction:IsAChildOf,R-HSA-186712
R-HSA-210746,abstraction:IsAChildOf,R-HSA-186712
R-HSA-210747,abstraction:IsAChildOf,R-HSA-186712
R-HSA-210745,abstraction:IsAChildOf,R-HSA-186712
R-HSA-9715370,abstraction:IsAChildOf,R-HSA-9716542
R-HSA-9706019,abstraction:IsAChildOf,R-HSA-9716542
R-HSA-194315,abstraction:IsAChildOf,R-HSA-9716542
R-HSA-5693616,abstraction:IsAChildOf,R-HSA-5693579
R-HSA-6790901,abstraction:IsAChildOf,R-HSA-8868773
R-HSA-6791226,abstraction:IsAChildOf,R-HSA-8868773
R-HSA-73728,abstraction:IsAChildOf,R-HSA-73854
R-HSA-73762,abstraction:IsAChildOf,R-HSA-73854
R-HSA-73772,abstraction:IsAChildOf,R-HSA-73854
R-HSA-9937080,abstraction:IsAChildOf,R-HSA-9820448
R-HSA-9925561,abstraction:IsAChildOf,R-HSA-9820448
R-HSA-9925563,abstraction:IsAChildOf,R-HSA-9820448
R-HSA-3000170,abstraction:IsAChildOf,R-HSA-3000171
R-HSA-9913351,abstraction:IsAChildOf,R-HSA-3000171
R-HSA-73614,abstraction:IsAChildOf,R-HSA-8956321
R-HSA-74217,abstraction:IsAChildOf,R-HSA-8956321
R-HSA-2644606,abstraction:IsAChildOf,R-HSA-2644602
R-HSA-168874,abstraction:IsAChildOf,R-HSA-168316
R-HSA-9005891,abstraction:IsAChildOf,R-HSA-9005895
R-HSA-3065679,abstraction:IsAChildOf,R-HSA-3215018
R-HSA-3065676,abstraction:IsAChildOf,R-HSA-3215018
R-HSA-3065678,abstraction:IsAChildOf,R-HSA-3215018
R-HSA-9915355,abstraction:IsAChildOf,R-HSA-9865118
R-HSA-9914355,abstraction:IsAChildOf,R-HSA-9865118
R-HSA-9914274,abstraction:IsAChildOf,R-HSA-9865118
R-HSA-9916720,abstraction:IsAChildOf,R-HSA-9865118
R-HSA-9909438,abstraction:IsAChildOf,R-HSA-9865118
R-HSA-9865114,abstraction:IsAChildOf,R-HSA-9865118
R-HSA-9916722,abstraction:IsAChildOf,R-HSA-9865118
R-HSA-9912481,abstraction:IsAChildOf,R-HSA-9865118
R-HSA-8964058,abstraction:IsAChildOf,R-HSA-8963899
R-HSA-8964041,abstraction:IsAChildOf,R-HSA-8963899
R-HSA-8963901,abstraction:IsAChildOf,R-HSA-8963899
R-HSA-8963889,abstraction:IsAChildOf,R-HSA-8963899
R-HSA-1247673,abstraction:IsAChildOf,R-HSA-1480926
R-HSA-1237044,abstraction:IsAChildOf,R-HSA-1480926
R-HSA-156902,abstraction:IsAChildOf,R-HSA-156842
R-HSA-164952,abstraction:IsAChildOf,R-HSA-162909
R-HSA-180585,abstraction:IsAChildOf,R-HSA-162909
R-HSA-180689,abstraction:IsAChildOf,R-HSA-162909
R-HSA-180534,abstraction:IsAChildOf,R-HSA-162909
R-HSA-176033,abstraction:IsAChildOf,R-HSA-162909
R-HSA-176034,abstraction:IsAChildOf,R-HSA-162909
R-HSA-177243,abstraction:IsAChildOf,R-HSA-162909
R-HSA-9633012,abstraction:IsAChildOf,R-HSA-9711097
R-HSA-9639288,abstraction:IsAChildOf,R-HSA-9711097
R-HSA-3371568,abstraction:IsAChildOf,R-HSA-3371571
R-HSA-9752946,abstraction:IsAChildOf,R-HSA-381753
R-HSA-141424,abstraction:IsAChildOf,R-HSA-69618
R-HSA-141405,abstraction:IsAChildOf,R-HSA-69618
R-HSA-9619483,abstraction:IsAChildOf,R-HSA-438064
R-HSA-9620244,abstraction:IsAChildOf,R-HSA-438064
R-HSA-442742,abstraction:IsAChildOf,R-HSA-438064
R-HSA-442720,abstraction:IsAChildOf,R-HSA-438064
R-HSA-442729,abstraction:IsAChildOf,R-HSA-438064
R-HSA-9619229,abstraction:IsAChildOf,R-HSA-438064
R-HSA-1358803,abstraction:IsAChildOf,R-HSA-8863795
R-HSA-2160456,abstraction:IsAChildOf,R-HSA-5668914
R-HSA-3296482,abstraction:IsAChildOf,R-HSA-5668914
R-HSA-3781865,abstraction:IsAChildOf,R-HSA-5668914
R-HSA-5579029,abstraction:IsAChildOf,R-HSA-5668914
R-HSA-5579031,abstraction:IsAChildOf,R-HSA-5668914
R-HSA-9865118,abstraction:IsAChildOf,R-HSA-5668914
R-HSA-2978092,abstraction:IsAChildOf,R-HSA-5668914
R-HSA-5687613,abstraction:IsAChildOf,R-HSA-5668914
R-HSA-5663084,abstraction:IsAChildOf,R-HSA-5668914
R-HSA-9735804,abstraction:IsAChildOf,R-HSA-5668914
R-HSA-9759774,abstraction:IsAChildOf,R-HSA-5668914
R-HSA-9032759,abstraction:IsAChildOf,R-HSA-9032500
R-HSA-111933,abstraction:IsAChildOf,R-HSA-111997
R-HSA-9843743,abstraction:IsAChildOf,R-HSA-9843745
R-HSA-381340,abstraction:IsAChildOf,R-HSA-9843745
R-HSA-189451,abstraction:IsAChildOf,R-HSA-189445
R-HSA-189483,abstraction:IsAChildOf,R-HSA-189445
R-HSA-977443,abstraction:IsAChildOf,R-HSA-112314
R-HSA-451326,abstraction:IsAChildOf,R-HSA-112314
R-HSA-399721,abstraction:IsAChildOf,R-HSA-112314
R-HSA-181431,abstraction:IsAChildOf,R-HSA-112314
R-HSA-442755,abstraction:IsAChildOf,R-HSA-112314
R-HSA-379716,abstraction:IsAChildOf,R-HSA-379724
R-HSA-379726,abstraction:IsAChildOf,R-HSA-379724
R-HSA-2428924,abstraction:IsAChildOf,R-HSA-2404192
R-HSA-212165,abstraction:IsAChildOf,R-HSA-74160
R-HSA-73857,abstraction:IsAChildOf,R-HSA-74160
R-HSA-211000,abstraction:IsAChildOf,R-HSA-74160
R-HSA-73864,abstraction:IsAChildOf,R-HSA-74160
R-HSA-74158,abstraction:IsAChildOf,R-HSA-74160
R-HSA-75944,abstraction:IsAChildOf,R-HSA-74160
R-HSA-9634638,abstraction:IsAChildOf,R-HSA-9009391
R-HSA-9634635,abstraction:IsAChildOf,R-HSA-9009391
R-HSA-975871,abstraction:IsAChildOf,R-HSA-168142
R-HSA-4420097,abstraction:IsAChildOf,R-HSA-194138
R-HSA-194306,abstraction:IsAChildOf,R-HSA-194138
R-HSA-194313,abstraction:IsAChildOf,R-HSA-194138
R-HSA-9704331,abstraction:IsAChildOf,R-HSA-9701193
R-HSA-9704646,abstraction:IsAChildOf,R-HSA-9701193
R-HSA-9705462,abstraction:IsAChildOf,R-HSA-9674555
R-HSA-390466,abstraction:IsAChildOf,R-HSA-391251
R-HSA-389977,abstraction:IsAChildOf,R-HSA-391251
R-HSA-6811555,abstraction:IsAChildOf,R-HSA-6804758
R-HSA-170660,abstraction:IsAChildOf,R-HSA-112040
R-HSA-112043,abstraction:IsAChildOf,R-HSA-112040
R-HSA-170670,abstraction:IsAChildOf,R-HSA-112040
R-HSA-199977,abstraction:IsAChildOf,R-HSA-948021
R-HSA-975576,abstraction:IsAChildOf,R-HSA-948021
R-HSA-964739,abstraction:IsAChildOf,R-HSA-948021
R-HSA-1650814,abstraction:IsAChildOf,R-HSA-1474290
R-HSA-2022090,abstraction:IsAChildOf,R-HSA-1474290
R-HSA-9851151,abstraction:IsAChildOf,R-HSA-201556
R-HSA-9701898,abstraction:IsAChildOf,R-HSA-201556
R-HSA-937072,abstraction:IsAChildOf,R-HSA-937061
R-HSA-450294,abstraction:IsAChildOf,R-HSA-937061
R-HSA-936964,abstraction:IsAChildOf,R-HSA-937061
R-HSA-445989,abstraction:IsAChildOf,R-HSA-937061
R-HSA-937041,abstraction:IsAChildOf,R-HSA-937061
R-HSA-2562578,abstraction:IsAChildOf,R-HSA-937061
R-HSA-427359,abstraction:IsAChildOf,R-HSA-5250941
R-HSA-427413,abstraction:IsAChildOf,R-HSA-5250941
R-HSA-6793080,abstraction:IsAChildOf,R-HSA-8868766
R-HSA-9853506,abstraction:IsAChildOf,R-HSA-71403
R-HSA-9854311,abstraction:IsAChildOf,R-HSA-71403
R-HSA-8878171,abstraction:IsAChildOf,R-HSA-212436
R-HSA-8878159,abstraction:IsAChildOf,R-HSA-212436
R-HSA-2032785,abstraction:IsAChildOf,R-HSA-212436
R-HSA-8853884,abstraction:IsAChildOf,R-HSA-212436
R-HSA-9634815,abstraction:IsAChildOf,R-HSA-212436
R-HSA-8953750,abstraction:IsAChildOf,R-HSA-212436
R-HSA-8864260,abstraction:IsAChildOf,R-HSA-212436
R-HSA-383280,abstraction:IsAChildOf,R-HSA-212436
R-HSA-2173793,abstraction:IsAChildOf,R-HSA-212436
R-HSA-8878166,abstraction:IsAChildOf,R-HSA-212436
R-HSA-3700989,abstraction:IsAChildOf,R-HSA-212436
R-HSA-9614085,abstraction:IsAChildOf,R-HSA-212436
R-HSA-8986944,abstraction:IsAChildOf,R-HSA-212436
R-HSA-350054,abstraction:IsAChildOf,R-HSA-212436
R-HSA-5693571,abstraction:IsAChildOf,R-HSA-5693532
R-HSA-5693538,abstraction:IsAChildOf,R-HSA-5693532
R-HSA-5693606,abstraction:IsAChildOf,R-HSA-5693532
R-HSA-9005895,abstraction:IsAChildOf,R-HSA-9697154
R-HSA-1660514,abstraction:IsAChildOf,R-HSA-1483255
R-HSA-1660537,abstraction:IsAChildOf,R-HSA-1483255
R-HSA-1483196,abstraction:IsAChildOf,R-HSA-1483255
R-HSA-1660508,abstraction:IsAChildOf,R-HSA-1483255
R-HSA-1660502,abstraction:IsAChildOf,R-HSA-1483255
R-HSA-1483248,abstraction:IsAChildOf,R-HSA-1483255
R-HSA-6814848,abstraction:IsAChildOf,R-HSA-1483255
R-HSA-1660517,abstraction:IsAChildOf,R-HSA-1483255
R-HSA-1660524,abstraction:IsAChildOf,R-HSA-1483255
R-HSA-1660499,abstraction:IsAChildOf,R-HSA-1483255
R-HSA-1660516,abstraction:IsAChildOf,R-HSA-1483255
R-HSA-1660510,abstraction:IsAChildOf,R-HSA-1483255
R-HSA-8847453,abstraction:IsAChildOf,R-HSA-1483255
R-HSA-381042,abstraction:IsAChildOf,R-HSA-381119
R-HSA-381033,abstraction:IsAChildOf,R-HSA-381119
R-HSA-8874211,abstraction:IsAChildOf,R-HSA-381119
R-HSA-381070,abstraction:IsAChildOf,R-HSA-381119
R-HSA-8874177,abstraction:IsAChildOf,R-HSA-381119
R-HSA-5218921,abstraction:IsAChildOf,R-HSA-4420097
R-HSA-5218920,abstraction:IsAChildOf,R-HSA-4420097
R-HSA-9630747,abstraction:IsAChildOf,R-HSA-9675132
R-HSA-69563,abstraction:IsAChildOf,R-HSA-69580
R-HSA-9833482,abstraction:IsAChildOf,R-HSA-1169410
R-HSA-1169408,abstraction:IsAChildOf,R-HSA-1169410
R-HSA-8983711,abstraction:IsAChildOf,R-HSA-1169410
R-HSA-9960525,abstraction:IsAChildOf,R-HSA-9686114
R-HSA-9960519,abstraction:IsAChildOf,R-HSA-9686114
R-HSA-9948001,abstraction:IsAChildOf,R-HSA-9686114
R-HSA-9948011,abstraction:IsAChildOf,R-HSA-9686114
R-HSA-75953,abstraction:IsAChildOf,R-HSA-76042
R-HSA-73776,abstraction:IsAChildOf,R-HSA-76042
R-HSA-5218900,abstraction:IsAChildOf,R-HSA-5675482
R-HSA-9686347,abstraction:IsAChildOf,R-HSA-9693928
R-HSA-427975,abstraction:IsAChildOf,R-HSA-9959399
R-HSA-173623,abstraction:IsAChildOf,R-HSA-166786
R-HSA-166662,abstraction:IsAChildOf,R-HSA-166786
R-HSA-390650,abstraction:IsAChildOf,R-HSA-375280
R-HSA-390666,abstraction:IsAChildOf,R-HSA-375280
R-HSA-390696,abstraction:IsAChildOf,R-HSA-375280
R-HSA-390648,abstraction:IsAChildOf,R-HSA-375280
R-HSA-390651,abstraction:IsAChildOf,R-HSA-375280
R-HSA-1299503,abstraction:IsAChildOf,R-HSA-1296346
R-HSA-1299361,abstraction:IsAChildOf,R-HSA-1296346
R-HSA-1299287,abstraction:IsAChildOf,R-HSA-1296346
R-HSA-1299308,abstraction:IsAChildOf,R-HSA-1296346
R-HSA-1299344,abstraction:IsAChildOf,R-HSA-1296346
R-HSA-1299316,abstraction:IsAChildOf,R-HSA-1296346
R-HSA-69091,abstraction:IsAChildOf,R-HSA-69186
R-HSA-69183,abstraction:IsAChildOf,R-HSA-69186
R-HSA-77288,abstraction:IsAChildOf,R-HSA-77289
R-HSA-71032,abstraction:IsAChildOf,R-HSA-77289
R-HSA-77286,abstraction:IsAChildOf,R-HSA-77289
R-HSA-5682910,abstraction:IsAChildOf,R-HSA-1266738
R-HSA-9830369,abstraction:IsAChildOf,R-HSA-1266738
R-HSA-9730414,abstraction:IsAChildOf,R-HSA-1266738
R-HSA-9690406,abstraction:IsAChildOf,R-HSA-1266738
R-HSA-452723,abstraction:IsAChildOf,R-HSA-1266738
R-HSA-5619507,abstraction:IsAChildOf,R-HSA-1266738
R-HSA-9945266,abstraction:IsAChildOf,R-HSA-1266738
R-HSA-186712,abstraction:IsAChildOf,R-HSA-1266738
R-HSA-9843745,abstraction:IsAChildOf,R-HSA-1266738
R-HSA-525793,abstraction:IsAChildOf,R-HSA-1266738
R-HSA-9616222,abstraction:IsAChildOf,R-HSA-1266738
R-HSA-1181150,abstraction:IsAChildOf,R-HSA-1266738
R-HSA-6805567,abstraction:IsAChildOf,R-HSA-1266738
R-HSA-9734767,abstraction:IsAChildOf,R-HSA-1266738
R-HSA-9733709,abstraction:IsAChildOf,R-HSA-1266738
R-HSA-9816359,abstraction:IsAChildOf,R-HSA-1266738
R-HSA-9758941,abstraction:IsAChildOf,R-HSA-1266738
R-HSA-9675108,abstraction:IsAChildOf,R-HSA-1266738
R-HSA-5620912,abstraction:IsAChildOf,R-HSA-5617833
R-HSA-5620920,abstraction:IsAChildOf,R-HSA-5617833
R-HSA-5620924,abstraction:IsAChildOf,R-HSA-5617833
R-HSA-975138,abstraction:IsAChildOf,R-HSA-975155
R-HSA-975110,abstraction:IsAChildOf,R-HSA-975155
R-HSA-9605308,abstraction:IsAChildOf,R-HSA-9675135
R-HSA-9675136,abstraction:IsAChildOf,R-HSA-9675135
R-HSA-5423599,abstraction:IsAChildOf,R-HSA-9675135
R-HSA-210455,abstraction:IsAChildOf,R-HSA-112313
R-HSA-9670621,abstraction:IsAChildOf,R-HSA-9006821
R-HSA-400508,abstraction:IsAChildOf,R-HSA-2980736
R-HSA-2022377,abstraction:IsAChildOf,R-HSA-2980736
R-HSA-209952,abstraction:IsAChildOf,R-HSA-2980736
R-HSA-264876,abstraction:IsAChildOf,R-HSA-2980736
R-HSA-422085,abstraction:IsAChildOf,R-HSA-2980736
R-HSA-176974,abstraction:IsAChildOf,R-HSA-69190
R-HSA-69109,abstraction:IsAChildOf,R-HSA-69190
R-HSA-69186,abstraction:IsAChildOf,R-HSA-69190
R-HSA-1234176,abstraction:IsAChildOf,R-HSA-1234174
R-HSA-1234158,abstraction:IsAChildOf,R-HSA-1234174
R-HSA-2474795,abstraction:IsAChildOf,R-HSA-9675143
R-HSA-165160,abstraction:IsAChildOf,R-HSA-109703
R-HSA-427589,abstraction:IsAChildOf,R-HSA-427652
R-HSA-9630221,abstraction:IsAChildOf,R-HSA-9616333
R-HSA-9630222,abstraction:IsAChildOf,R-HSA-9616333
R-HSA-5260271,abstraction:IsAChildOf,R-HSA-1643685
R-HSA-9675151,abstraction:IsAChildOf,R-HSA-1643685
R-HSA-9675143,abstraction:IsAChildOf,R-HSA-1643685
R-HSA-5619115,abstraction:IsAChildOf,R-HSA-1643685
R-HSA-9671793,abstraction:IsAChildOf,R-HSA-1643685
R-HSA-5668914,abstraction:IsAChildOf,R-HSA-1643685
R-HSA-5663202,abstraction:IsAChildOf,R-HSA-1643685
R-HSA-9675126,abstraction:IsAChildOf,R-HSA-1643685
R-HSA-9675135,abstraction:IsAChildOf,R-HSA-1643685
R-HSA-9675132,abstraction:IsAChildOf,R-HSA-1643685
R-HSA-9645723,abstraction:IsAChildOf,R-HSA-1643685
R-HSA-5663205,abstraction:IsAChildOf,R-HSA-1643685
R-HSA-9944997,abstraction:IsAChildOf,R-HSA-9944971
R-HSA-9033500,abstraction:IsAChildOf,R-HSA-9033241
R-HSA-9687136,abstraction:IsAChildOf,R-HSA-9687139
R-HSA-9659787,abstraction:IsAChildOf,R-HSA-9687139
R-HSA-5625886,abstraction:IsAChildOf,R-HSA-5625740
R-HSA-167246,abstraction:IsAChildOf,R-HSA-167169
R-HSA-167158,abstraction:IsAChildOf,R-HSA-167169
R-HSA-167242,abstraction:IsAChildOf,R-HSA-167169
R-HSA-72649,abstraction:IsAChildOf,R-HSA-72662
R-HSA-380972,abstraction:IsAChildOf,R-HSA-165159
R-HSA-165181,abstraction:IsAChildOf,R-HSA-165159
R-HSA-166208,abstraction:IsAChildOf,R-HSA-165159
R-HSA-6781827,abstraction:IsAChildOf,R-HSA-5696398
R-HSA-5696399,abstraction:IsAChildOf,R-HSA-5696398
R-HSA-193634,abstraction:IsAChildOf,R-HSA-193697
R-HSA-209563,abstraction:IsAChildOf,R-HSA-193697
R-HSA-877300,abstraction:IsAChildOf,R-HSA-913531
R-HSA-9909505,abstraction:IsAChildOf,R-HSA-913531
R-HSA-909733,abstraction:IsAChildOf,R-HSA-913531
R-HSA-1169410,abstraction:IsAChildOf,R-HSA-913531
R-HSA-2161541,abstraction:IsAChildOf,R-HSA-2161522
R-HSA-2161517,abstraction:IsAChildOf,R-HSA-2161522
R-HSA-5213460,abstraction:IsAChildOf,R-HSA-5218859
R-HSA-5620971,abstraction:IsAChildOf,R-HSA-5218859
R-HSA-6811438,abstraction:IsAChildOf,R-HSA-6811442
R-HSA-6811440,abstraction:IsAChildOf,R-HSA-6811442
R-HSA-8856688,abstraction:IsAChildOf,R-HSA-6811442
R-HSA-9750126,abstraction:IsAChildOf,R-HSA-6783310
R-HSA-3249367,abstraction:IsAChildOf,R-HSA-1834941
R-HSA-3270619,abstraction:IsAChildOf,R-HSA-1834941
R-HSA-380284,abstraction:IsAChildOf,R-HSA-380287
R-HSA-380270,abstraction:IsAChildOf,R-HSA-380287
R-HSA-9764265,abstraction:IsAChildOf,R-HSA-9764274
R-HSA-9944971,abstraction:IsAChildOf,R-HSA-9675151
R-HSA-9697154,abstraction:IsAChildOf,R-HSA-9675151
R-HSA-8943723,abstraction:IsAChildOf,R-HSA-6807070
R-HSA-8943724,abstraction:IsAChildOf,R-HSA-6807070
R-HSA-8948747,abstraction:IsAChildOf,R-HSA-6807070
R-HSA-8948751,abstraction:IsAChildOf,R-HSA-6807070
R-HSA-901042,abstraction:IsAChildOf,R-HSA-532668
R-HSA-77111,abstraction:IsAChildOf,R-HSA-74182
R-HSA-77108,abstraction:IsAChildOf,R-HSA-74182
R-HSA-5693554,abstraction:IsAChildOf,R-HSA-5693537
R-HSA-5693568,abstraction:IsAChildOf,R-HSA-5693537
R-HSA-9856872,abstraction:IsAChildOf,R-HSA-611105
R-HSA-6799198,abstraction:IsAChildOf,R-HSA-611105
R-HSA-9864848,abstraction:IsAChildOf,R-HSA-611105
R-HSA-9865881,abstraction:IsAChildOf,R-HSA-611105
R-HSA-167044,abstraction:IsAChildOf,R-HSA-187687
R-HSA-169893,abstraction:IsAChildOf,R-HSA-187687
R-HSA-187706,abstraction:IsAChildOf,R-HSA-187687
R-HSA-380259,abstraction:IsAChildOf,R-HSA-380284
R-HSA-5688354,abstraction:IsAChildOf,R-HSA-5687613
R-HSA-5688399,abstraction:IsAChildOf,R-HSA-5687613
R-HSA-5688890,abstraction:IsAChildOf,R-HSA-5687613
R-HSA-5688849,abstraction:IsAChildOf,R-HSA-5687613
R-HSA-5687583,abstraction:IsAChildOf,R-HSA-5687613
R-HSA-5688031,abstraction:IsAChildOf,R-HSA-5687613
R-HSA-5687868,abstraction:IsAChildOf,R-HSA-5687613
R-HSA-9617324,abstraction:IsAChildOf,R-HSA-442755
R-HSA-438066,abstraction:IsAChildOf,R-HSA-442755
R-HSA-438064,abstraction:IsAChildOf,R-HSA-442755
R-HSA-9609736,abstraction:IsAChildOf,R-HSA-442755
R-HSA-9020558,abstraction:IsAChildOf,R-HSA-451927
R-HSA-8985947,abstraction:IsAChildOf,R-HSA-451927
R-HSA-912526,abstraction:IsAChildOf,R-HSA-451927
R-HSA-9020958,abstraction:IsAChildOf,R-HSA-451927
R-HSA-8983432,abstraction:IsAChildOf,R-HSA-451927
R-HSA-5576891,abstraction:IsAChildOf,R-HSA-397014
R-HSA-445355,abstraction:IsAChildOf,R-HSA-397014
R-HSA-390522,abstraction:IsAChildOf,R-HSA-397014
R-HSA-2514859,abstraction:IsAChildOf,R-HSA-2514856
R-HSA-2485179,abstraction:IsAChildOf,R-HSA-2514856
R-HSA-176409,abstraction:IsAChildOf,R-HSA-176814
R-HSA-176412,abstraction:IsAChildOf,R-HSA-176814
R-HSA-2408499,abstraction:IsAChildOf,R-HSA-2408522
R-HSA-2408508,abstraction:IsAChildOf,R-HSA-2408522
R-HSA-2408557,abstraction:IsAChildOf,R-HSA-2408522
R-HSA-5263617,abstraction:IsAChildOf,R-HSA-2408522
R-HSA-2408550,abstraction:IsAChildOf,R-HSA-2408522
R-HSA-2408552,abstraction:IsAChildOf,R-HSA-2408522
R-HSA-8964043,abstraction:IsAChildOf,R-HSA-174824
R-HSA-8963899,abstraction:IsAChildOf,R-HSA-174824
R-HSA-8963898,abstraction:IsAChildOf,R-HSA-174824
R-HSA-9754560,abstraction:IsAChildOf,R-HSA-9705683
R-HSA-9705677,abstraction:IsAChildOf,R-HSA-9705683
R-HSA-9755779,abstraction:IsAChildOf,R-HSA-9705683
R-HSA-9754678,abstraction:IsAChildOf,R-HSA-9705683
R-HSA-9705671,abstraction:IsAChildOf,R-HSA-9705683
R-HSA-9933937,abstraction:IsAChildOf,R-HSA-9932451
R-HSA-9933939,abstraction:IsAChildOf,R-HSA-9932451
R-HSA-9933947,abstraction:IsAChildOf,R-HSA-9932451
R-HSA-9934037,abstraction:IsAChildOf,R-HSA-9932451
R-HSA-9933946,abstraction:IsAChildOf,R-HSA-9932451
R-HSA-2980766,abstraction:IsAChildOf,R-HSA-68875
R-HSA-2465910,abstraction:IsAChildOf,R-HSA-68875
R-HSA-162658,abstraction:IsAChildOf,R-HSA-68875
R-HSA-2299718,abstraction:IsAChildOf,R-HSA-68875
R-HSA-2187338,abstraction:IsAChildOf,R-HSA-9709957
R-HSA-381753,abstraction:IsAChildOf,R-HSA-9709957
R-HSA-9717189,abstraction:IsAChildOf,R-HSA-9709957
R-HSA-9659379,abstraction:IsAChildOf,R-HSA-9709957
R-HSA-159740,abstraction:IsAChildOf,R-HSA-159854
R-HSA-159763,abstraction:IsAChildOf,R-HSA-159854
R-HSA-159782,abstraction:IsAChildOf,R-HSA-159854
R-HSA-629587,abstraction:IsAChildOf,R-HSA-622323
R-HSA-629597,abstraction:IsAChildOf,R-HSA-622323
R-HSA-112122,abstraction:IsAChildOf,R-HSA-73943
R-HSA-112126,abstraction:IsAChildOf,R-HSA-73943
R-HSA-9013973,abstraction:IsAChildOf,R-HSA-168164
R-HSA-450294,abstraction:IsAChildOf,R-HSA-168164
R-HSA-9014325,abstraction:IsAChildOf,R-HSA-168164
R-HSA-445989,abstraction:IsAChildOf,R-HSA-168164
R-HSA-9013957,abstraction:IsAChildOf,R-HSA-168164
R-HSA-168927,abstraction:IsAChildOf,R-HSA-168164
R-HSA-5619084,abstraction:IsAChildOf,R-HSA-5619115
R-HSA-5619102,abstraction:IsAChildOf,R-HSA-5619115
R-HSA-77289,abstraction:IsAChildOf,R-HSA-8978868
R-HSA-75105,abstraction:IsAChildOf,R-HSA-8978868
R-HSA-200425,abstraction:IsAChildOf,R-HSA-8978868
R-HSA-2142753,abstraction:IsAChildOf,R-HSA-8978868
R-HSA-2046104,abstraction:IsAChildOf,R-HSA-8978868
R-HSA-390918,abstraction:IsAChildOf,R-HSA-8978868
R-HSA-9939291,abstraction:IsAChildOf,R-HSA-8931838
R-HSA-8932504,abstraction:IsAChildOf,R-HSA-8931838
R-HSA-8932506,abstraction:IsAChildOf,R-HSA-8931838
R-HSA-8932505,abstraction:IsAChildOf,R-HSA-8931838
R-HSA-163282,abstraction:IsAChildOf,R-HSA-75944
R-HSA-163316,abstraction:IsAChildOf,R-HSA-75944
R-HSA-9613354,abstraction:IsAChildOf,R-HSA-9663891
R-HSA-5205647,abstraction:IsAChildOf,R-HSA-9663891
R-HSA-9646399,abstraction:IsAChildOf,R-HSA-9663891
R-HSA-9664873,abstraction:IsAChildOf,R-HSA-9663891
R-HSA-5684264,abstraction:IsAChildOf,R-HSA-9020702
R-HSA-445989,abstraction:IsAChildOf,R-HSA-9020702
R-HSA-6782135,abstraction:IsAChildOf,R-HSA-6781827
R-HSA-6782210,abstraction:IsAChildOf,R-HSA-6781827
R-HSA-6781823,abstraction:IsAChildOf,R-HSA-6781827
R-HSA-9027604,abstraction:IsAChildOf,R-HSA-9018678
R-HSA-9018679,abstraction:IsAChildOf,R-HSA-9018678
R-HSA-9018683,abstraction:IsAChildOf,R-HSA-9018678
R-HSA-2142700,abstraction:IsAChildOf,R-HSA-9018678
R-HSA-9018677,abstraction:IsAChildOf,R-HSA-9018678
R-HSA-912694,abstraction:IsAChildOf,R-HSA-909733
R-HSA-2393930,abstraction:IsAChildOf,R-HSA-74259
R-HSA-5617472,abstraction:IsAChildOf,R-HSA-5619507
R-HSA-399956,abstraction:IsAChildOf,R-HSA-373755
R-HSA-399955,abstraction:IsAChildOf,R-HSA-373755
R-HSA-400685,abstraction:IsAChildOf,R-HSA-373755
R-HSA-399954,abstraction:IsAChildOf,R-HSA-373755
R-HSA-416700,abstraction:IsAChildOf,R-HSA-373755
R-HSA-196299,abstraction:IsAChildOf,R-HSA-195253
R-HSA-4641265,abstraction:IsAChildOf,R-HSA-195253
R-HSA-399710,abstraction:IsAChildOf,R-HSA-399721
R-HSA-399719,abstraction:IsAChildOf,R-HSA-399721
R-HSA-113418,abstraction:IsAChildOf,R-HSA-75955
R-HSA-112382,abstraction:IsAChildOf,R-HSA-75955
R-HSA-2691232,abstraction:IsAChildOf,R-HSA-2691230
R-HSA-416572,abstraction:IsAChildOf,R-HSA-400685
R-HSA-416550,abstraction:IsAChildOf,R-HSA-400685
R-HSA-5669034,abstraction:IsAChildOf,R-HSA-5668541
R-HSA-5676594,abstraction:IsAChildOf,R-HSA-5668541
R-HSA-5676590,abstraction:IsAChildOf,R-HSA-5668541
R-HSA-9673013,abstraction:IsAChildOf,R-HSA-9675126
R-HSA-9687139,abstraction:IsAChildOf,R-HSA-9675126
R-HSA-77042,abstraction:IsAChildOf,R-HSA-75064
R-HSA-75102,abstraction:IsAChildOf,R-HSA-75064
R-HSA-9627069,abstraction:IsAChildOf,R-HSA-111458
R-HSA-5205685,abstraction:IsAChildOf,R-HSA-5205647
R-HSA-8934903,abstraction:IsAChildOf,R-HSA-5205647
R-HSA-168255,abstraction:IsAChildOf,R-HSA-9824446
R-HSA-9820952,abstraction:IsAChildOf,R-HSA-9824446
R-HSA-9679506,abstraction:IsAChildOf,R-HSA-9824446
R-HSA-162906,abstraction:IsAChildOf,R-HSA-9824446
R-HSA-9609646,abstraction:IsAChildOf,R-HSA-9824446
R-HSA-5358751,abstraction:IsAChildOf,R-HSA-4839743
R-HSA-5358747,abstraction:IsAChildOf,R-HSA-4839743
R-HSA-5358749,abstraction:IsAChildOf,R-HSA-4839743
R-HSA-5358752,abstraction:IsAChildOf,R-HSA-4839743
R-HSA-5358606,abstraction:IsAChildOf,R-HSA-5358508
R-HSA-5358565,abstraction:IsAChildOf,R-HSA-5358508
R-HSA-171007,abstraction:IsAChildOf,R-HSA-167044
R-HSA-9820865,abstraction:IsAChildOf,R-HSA-9816359
R-HSA-9820841,abstraction:IsAChildOf,R-HSA-9816359
R-HSA-9821993,abstraction:IsAChildOf,R-HSA-9816359
R-HSA-9821002,abstraction:IsAChildOf,R-HSA-9816359
R-HSA-9819196,abstraction:IsAChildOf,R-HSA-9816359
R-HSA-381038,abstraction:IsAChildOf,R-HSA-381070
R-HSA-9683439,abstraction:IsAChildOf,R-HSA-9679504
R-HSA-9684325,abstraction:IsAChildOf,R-HSA-9679504
R-HSA-418886,abstraction:IsAChildOf,R-HSA-373752
R-HSA-418885,abstraction:IsAChildOf,R-HSA-373752
R-HSA-376172,abstraction:IsAChildOf,R-HSA-373752
R-HSA-418890,abstraction:IsAChildOf,R-HSA-373752
R-HSA-159236,abstraction:IsAChildOf,R-HSA-72202
R-HSA-159234,abstraction:IsAChildOf,R-HSA-72202
R-HSA-75035,abstraction:IsAChildOf,R-HSA-69473
R-HSA-389356,abstraction:IsAChildOf,R-HSA-388841
R-HSA-389948,abstraction:IsAChildOf,R-HSA-388841
R-HSA-9927353,abstraction:IsAChildOf,R-HSA-388841
R-HSA-9927354,abstraction:IsAChildOf,R-HSA-388841
R-HSA-389513,abstraction:IsAChildOf,R-HSA-388841
R-HSA-73930,abstraction:IsAChildOf,R-HSA-110381
R-HSA-168268,abstraction:IsAChildOf,R-HSA-168255
R-HSA-168275,abstraction:IsAChildOf,R-HSA-168255
R-HSA-168277,abstraction:IsAChildOf,R-HSA-168255
R-HSA-168270,abstraction:IsAChildOf,R-HSA-168255
R-HSA-168271,abstraction:IsAChildOf,R-HSA-168255
R-HSA-168273,abstraction:IsAChildOf,R-HSA-168255
R-HSA-168274,abstraction:IsAChildOf,R-HSA-168255
R-HSA-168276,abstraction:IsAChildOf,R-HSA-168255
R-HSA-5334118,abstraction:IsAChildOf,R-HSA-212165
R-HSA-5250913,abstraction:IsAChildOf,R-HSA-212165
R-HSA-212300,abstraction:IsAChildOf,R-HSA-212165
R-HSA-9917777,abstraction:IsAChildOf,R-HSA-212165
R-HSA-5250941,abstraction:IsAChildOf,R-HSA-212165
R-HSA-9842860,abstraction:IsAChildOf,R-HSA-212165
R-HSA-5221030,abstraction:IsAChildOf,R-HSA-212165
R-HSA-391906,abstraction:IsAChildOf,R-HSA-391903
R-HSA-391908,abstraction:IsAChildOf,R-HSA-391903
R-HSA-186763,abstraction:IsAChildOf,R-HSA-186797
R-HSA-70326,abstraction:IsAChildOf,R-HSA-71387
R-HSA-9033658,abstraction:IsAChildOf,R-HSA-71387
R-HSA-8982491,abstraction:IsAChildOf,R-HSA-71387
R-HSA-1630316,abstraction:IsAChildOf,R-HSA-71387
R-HSA-8853383,abstraction:IsAChildOf,R-HSA-71387
R-HSA-5661270,abstraction:IsAChildOf,R-HSA-71387
R-HSA-5653890,abstraction:IsAChildOf,R-HSA-71387
R-HSA-70370,abstraction:IsAChildOf,R-HSA-71387
R-HSA-71336,abstraction:IsAChildOf,R-HSA-71387
R-HSA-5652084,abstraction:IsAChildOf,R-HSA-71387
R-HSA-9616334,abstraction:IsAChildOf,R-HSA-9605308
R-HSA-9656249,abstraction:IsAChildOf,R-HSA-9605308
R-HSA-9629232,abstraction:IsAChildOf,R-HSA-9605308
R-HSA-9616333,abstraction:IsAChildOf,R-HSA-9605308
R-HSA-9605310,abstraction:IsAChildOf,R-HSA-9605308
R-HSA-5684996,abstraction:IsAChildOf,R-HSA-5683057
R-HSA-5687128,abstraction:IsAChildOf,R-HSA-5683057
R-HSA-947581,abstraction:IsAChildOf,R-HSA-196849
R-HSA-196807,abstraction:IsAChildOf,R-HSA-196849
R-HSA-196741,abstraction:IsAChildOf,R-HSA-196849
R-HSA-196757,abstraction:IsAChildOf,R-HSA-196849
R-HSA-964975,abstraction:IsAChildOf,R-HSA-196849
R-HSA-196836,abstraction:IsAChildOf,R-HSA-196849
R-HSA-196819,abstraction:IsAChildOf,R-HSA-196849
R-HSA-196843,abstraction:IsAChildOf,R-HSA-196849
R-HSA-199220,abstraction:IsAChildOf,R-HSA-196849
R-HSA-196780,abstraction:IsAChildOf,R-HSA-196849
R-HSA-9630794,abstraction:IsAChildOf,R-HSA-9630750
R-HSA-9630791,abstraction:IsAChildOf,R-HSA-9630750
R-HSA-9013700,abstraction:IsAChildOf,R-HSA-9013694
R-HSA-9013695,abstraction:IsAChildOf,R-HSA-9013694
R-HSA-9604323,abstraction:IsAChildOf,R-HSA-9013694
R-HSA-9674396,abstraction:IsAChildOf,R-HSA-9674415
R-HSA-9674404,abstraction:IsAChildOf,R-HSA-9674415
R-HSA-9674401,abstraction:IsAChildOf,R-HSA-9674415
R-HSA-9674403,abstraction:IsAChildOf,R-HSA-9674415
R-HSA-189085,abstraction:IsAChildOf,R-HSA-8935690
R-HSA-192456,abstraction:IsAChildOf,R-HSA-8935690
R-HSA-168336,abstraction:IsAChildOf,R-HSA-168270
R-HSA-168288,abstraction:IsAChildOf,R-HSA-168270
R-HSA-9664323,abstraction:IsAChildOf,R-HSA-9662851
R-HSA-9662834,abstraction:IsAChildOf,R-HSA-9662851
R-HSA-9664535,abstraction:IsAChildOf,R-HSA-9662851
R-HSA-9660821,abstraction:IsAChildOf,R-HSA-9662851
R-HSA-169911,abstraction:IsAChildOf,R-HSA-109581
R-HSA-5357769,abstraction:IsAChildOf,R-HSA-109581
R-HSA-75153,abstraction:IsAChildOf,R-HSA-109581
R-HSA-109606,abstraction:IsAChildOf,R-HSA-109581
R-HSA-162710,abstraction:IsAChildOf,R-HSA-163125
R-HSA-162699,abstraction:IsAChildOf,R-HSA-163125
R-HSA-162791,abstraction:IsAChildOf,R-HSA-163125
R-HSA-1257604,abstraction:IsAChildOf,R-HSA-9006925
R-HSA-1489509,abstraction:IsAChildOf,R-HSA-9006925
R-HSA-110320,abstraction:IsAChildOf,R-HSA-110313
R-HSA-5655862,abstraction:IsAChildOf,R-HSA-110313
R-HSA-110312,abstraction:IsAChildOf,R-HSA-110313
R-HSA-5656121,abstraction:IsAChildOf,R-HSA-110313
R-HSA-5656169,abstraction:IsAChildOf,R-HSA-110313
R-HSA-6807047,abstraction:IsAChildOf,R-HSA-191273
R-HSA-6807062,abstraction:IsAChildOf,R-HSA-191273
R-HSA-2894858,abstraction:IsAChildOf,R-HSA-2644603
R-HSA-2644605,abstraction:IsAChildOf,R-HSA-2644603
R-HSA-2660825,abstraction:IsAChildOf,R-HSA-2644603
R-HSA-2644602,abstraction:IsAChildOf,R-HSA-2644603
R-HSA-2691230,abstraction:IsAChildOf,R-HSA-2644603
R-HSA-9861718,abstraction:IsAChildOf,R-HSA-70268
R-HSA-9861559,abstraction:IsAChildOf,R-HSA-70268
R-HSA-179409,abstraction:IsAChildOf,R-HSA-179419
R-HSA-174184,abstraction:IsAChildOf,R-HSA-179419
R-HSA-9909615,abstraction:IsAChildOf,R-HSA-9909648
R-HSA-9909620,abstraction:IsAChildOf,R-HSA-9909648
R-HSA-9909649,abstraction:IsAChildOf,R-HSA-9909648
R-HSA-9636003,abstraction:IsAChildOf,R-HSA-73929
R-HSA-73928,abstraction:IsAChildOf,R-HSA-73929
R-HSA-73927,abstraction:IsAChildOf,R-HSA-73929
R-HSA-9730737,abstraction:IsAChildOf,R-HSA-73929
R-HSA-611105,abstraction:IsAChildOf,R-HSA-1428517
R-HSA-880009,abstraction:IsAChildOf,R-HSA-1428517
R-HSA-70268,abstraction:IsAChildOf,R-HSA-1428517
R-HSA-166187,abstraction:IsAChildOf,R-HSA-1428517
R-HSA-163210,abstraction:IsAChildOf,R-HSA-1428517
R-HSA-71403,abstraction:IsAChildOf,R-HSA-1428517
R-HSA-202433,abstraction:IsAChildOf,R-HSA-202403
R-HSA-202430,abstraction:IsAChildOf,R-HSA-202403
R-HSA-202427,abstraction:IsAChildOf,R-HSA-202403
R-HSA-202424,abstraction:IsAChildOf,R-HSA-202403
R-HSA-399997,abstraction:IsAChildOf,R-HSA-422356
R-HSA-400042,abstraction:IsAChildOf,R-HSA-422356
R-HSA-381676,abstraction:IsAChildOf,R-HSA-422356
R-HSA-400451,abstraction:IsAChildOf,R-HSA-422356
R-HSA-2453864,abstraction:IsAChildOf,R-HSA-2474795
R-HSA-6809583,abstraction:IsAChildOf,R-HSA-2474795
R-HSA-69895,abstraction:IsAChildOf,R-HSA-69560
R-HSA-177539,abstraction:IsAChildOf,R-HSA-162592
R-HSA-164843,abstraction:IsAChildOf,R-HSA-162592
R-HSA-175567,abstraction:IsAChildOf,R-HSA-162592
R-HSA-1839126,abstraction:IsAChildOf,R-HSA-5655253
R-HSA-6809371,abstraction:IsAChildOf,R-HSA-6805567
R-HSA-8941413,abstraction:IsAChildOf,R-HSA-1222556
R-HSA-9673324,abstraction:IsAChildOf,R-HSA-9664420
R-HSA-9669934,abstraction:IsAChildOf,R-HSA-9669937
R-HSA-9669926,abstraction:IsAChildOf,R-HSA-9669937
R-HSA-9669917,abstraction:IsAChildOf,R-HSA-9669937
R-HSA-9669924,abstraction:IsAChildOf,R-HSA-9669937
R-HSA-9669914,abstraction:IsAChildOf,R-HSA-9669937
R-HSA-9669936,abstraction:IsAChildOf,R-HSA-9669937
R-HSA-9669929,abstraction:IsAChildOf,R-HSA-9669937
R-HSA-9723905,abstraction:IsAChildOf,R-HSA-9723907
R-HSA-177135,abstraction:IsAChildOf,R-HSA-159424
R-HSA-177162,abstraction:IsAChildOf,R-HSA-159424
R-HSA-177128,abstraction:IsAChildOf,R-HSA-159424
R-HSA-204174,abstraction:IsAChildOf,R-HSA-9861718
R-HSA-8862803,abstraction:IsAChildOf,R-HSA-8863678
R-HSA-774815,abstraction:IsAChildOf,R-HSA-73886
R-HSA-157579,abstraction:IsAChildOf,R-HSA-73886
R-HSA-432722,abstraction:IsAChildOf,R-HSA-199992
R-HSA-432720,abstraction:IsAChildOf,R-HSA-199992
R-HSA-168330,abstraction:IsAChildOf,R-HSA-168274
R-HSA-168333,abstraction:IsAChildOf,R-HSA-168274
R-HSA-168303,abstraction:IsAChildOf,R-HSA-168268
R-HSA-168316,abstraction:IsAChildOf,R-HSA-168268
R-HSA-168298,abstraction:IsAChildOf,R-HSA-168268
R-HSA-168302,abstraction:IsAChildOf,R-HSA-168268
R-HSA-9632700,abstraction:IsAChildOf,R-HSA-9632693
R-HSA-9632697,abstraction:IsAChildOf,R-HSA-9632693
R-HSA-2559582,abstraction:IsAChildOf,R-HSA-2559583
R-HSA-2559585,abstraction:IsAChildOf,R-HSA-2559583
R-HSA-2559580,abstraction:IsAChildOf,R-HSA-2559583
R-HSA-2559586,abstraction:IsAChildOf,R-HSA-2559583
R-HSA-380612,abstraction:IsAChildOf,R-HSA-380615
R-HSA-8849932,abstraction:IsAChildOf,R-HSA-6794362
R-HSA-388844,abstraction:IsAChildOf,R-HSA-6794362
R-HSA-6794361,abstraction:IsAChildOf,R-HSA-6794362
R-HSA-5467348,abstraction:IsAChildOf,R-HSA-4839748
R-HSA-5467343,abstraction:IsAChildOf,R-HSA-4839748
R-HSA-9637698,abstraction:IsAChildOf,R-HSA-9637679
R-HSA-9824446,abstraction:IsAChildOf,R-HSA-5663205
R-HSA-9824443,abstraction:IsAChildOf,R-HSA-5663205
R-HSA-9824439,abstraction:IsAChildOf,R-HSA-5663205
R-HSA-69416,abstraction:IsAChildOf,R-HSA-140534
R-HSA-3371378,abstraction:IsAChildOf,R-HSA-140534
R-HSA-451307,abstraction:IsAChildOf,R-HSA-451306
R-HSA-451308,abstraction:IsAChildOf,R-HSA-451306
R-HSA-139915,abstraction:IsAChildOf,R-HSA-114452
R-HSA-111447,abstraction:IsAChildOf,R-HSA-114452
R-HSA-111446,abstraction:IsAChildOf,R-HSA-114452
R-HSA-111448,abstraction:IsAChildOf,R-HSA-114452
R-HSA-139910,abstraction:IsAChildOf,R-HSA-114452
R-HSA-2473224,abstraction:IsAChildOf,R-HSA-1502540
R-HSA-1296052,abstraction:IsAChildOf,R-HSA-1296071
R-HSA-1296061,abstraction:IsAChildOf,R-HSA-1296071
R-HSA-1296072,abstraction:IsAChildOf,R-HSA-1296071
R-HSA-1296346,abstraction:IsAChildOf,R-HSA-1296071
R-HSA-1296065,abstraction:IsAChildOf,R-HSA-1296071
R-HSA-1474228,abstraction:IsAChildOf,R-HSA-1474244
R-HSA-216083,abstraction:IsAChildOf,R-HSA-1474244
R-HSA-3000157,abstraction:IsAChildOf,R-HSA-1474244
R-HSA-1566977,abstraction:IsAChildOf,R-HSA-1474244
R-HSA-1474290,abstraction:IsAChildOf,R-HSA-1474244
R-HSA-1566948,abstraction:IsAChildOf,R-HSA-1474244
R-HSA-8941237,abstraction:IsAChildOf,R-HSA-1474244
R-HSA-3000178,abstraction:IsAChildOf,R-HSA-1474244
R-HSA-3000171,abstraction:IsAChildOf,R-HSA-1474244
R-HSA-173107,abstraction:IsAChildOf,R-HSA-162594
R-HSA-162592,abstraction:IsAChildOf,R-HSA-162594
R-HSA-162589,abstraction:IsAChildOf,R-HSA-162594
R-HSA-162585,abstraction:IsAChildOf,R-HSA-162594
R-HSA-350864,abstraction:IsAChildOf,R-HSA-209968
R-HSA-9020591,abstraction:IsAChildOf,R-HSA-447115
R-HSA-9020956,abstraction:IsAChildOf,R-HSA-447115
R-HSA-8984722,abstraction:IsAChildOf,R-HSA-447115
R-HSA-9020933,abstraction:IsAChildOf,R-HSA-447115
R-HSA-1236382,abstraction:IsAChildOf,R-HSA-5637815
R-HSA-3311021,abstraction:IsAChildOf,R-HSA-3304347
R-HSA-9734195,abstraction:IsAChildOf,R-HSA-9734207
R-HSA-9734281,abstraction:IsAChildOf,R-HSA-9734207
R-HSA-9734735,abstraction:IsAChildOf,R-HSA-9734207
R-HSA-5675221,abstraction:IsAChildOf,R-HSA-5673001
R-HSA-5658442,abstraction:IsAChildOf,R-HSA-5673001
R-HSA-9648002,abstraction:IsAChildOf,R-HSA-5673001
R-HSA-5674135,abstraction:IsAChildOf,R-HSA-5673001
R-HSA-5673000,abstraction:IsAChildOf,R-HSA-5673001
R-HSA-2132295,abstraction:IsAChildOf,R-HSA-1280218
R-HSA-983169,abstraction:IsAChildOf,R-HSA-1280218
R-HSA-202403,abstraction:IsAChildOf,R-HSA-1280218
R-HSA-8851680,abstraction:IsAChildOf,R-HSA-1280218
R-HSA-983705,abstraction:IsAChildOf,R-HSA-1280218
R-HSA-388841,abstraction:IsAChildOf,R-HSA-1280218
R-HSA-392517,abstraction:IsAChildOf,R-HSA-1280218
R-HSA-198933,abstraction:IsAChildOf,R-HSA-1280218
R-HSA-5685939,abstraction:IsAChildOf,R-HSA-5693538
R-HSA-5693567,abstraction:IsAChildOf,R-HSA-5693538
R-HSA-4755583,abstraction:IsAChildOf,R-HSA-5609975
R-HSA-4717374,abstraction:IsAChildOf,R-HSA-5609975
R-HSA-9931929,abstraction:IsAChildOf,R-HSA-5609975
R-HSA-4755579,abstraction:IsAChildOf,R-HSA-5609975
R-HSA-5609976,abstraction:IsAChildOf,R-HSA-5609975
R-HSA-5609978,abstraction:IsAChildOf,R-HSA-5609975
R-HSA-4085023,abstraction:IsAChildOf,R-HSA-5609975
R-HSA-4085011,abstraction:IsAChildOf,R-HSA-5609975
R-HSA-4719360,abstraction:IsAChildOf,R-HSA-5609975
R-HSA-4043916,abstraction:IsAChildOf,R-HSA-5609975
R-HSA-5609977,abstraction:IsAChildOf,R-HSA-5609975
R-HSA-5609974,abstraction:IsAChildOf,R-HSA-5609975
R-HSA-4755609,abstraction:IsAChildOf,R-HSA-5609975
R-HSA-4043911,abstraction:IsAChildOf,R-HSA-5609975
R-HSA-4719377,abstraction:IsAChildOf,R-HSA-5609975
R-HSA-432030,abstraction:IsAChildOf,R-HSA-445717
R-HSA-432040,abstraction:IsAChildOf,R-HSA-445717
R-HSA-432047,abstraction:IsAChildOf,R-HSA-445717
R-HSA-211994,abstraction:IsAChildOf,R-HSA-211976
R-HSA-420029,abstraction:IsAChildOf,R-HSA-421270
R-HSA-418990,abstraction:IsAChildOf,R-HSA-421270
R-HSA-373756,abstraction:IsAChildOf,R-HSA-421270
R-HSA-109703,abstraction:IsAChildOf,R-HSA-109704
R-HSA-165158,abstraction:IsAChildOf,R-HSA-109704
R-HSA-9833109,abstraction:IsAChildOf,R-HSA-9833110
R-HSA-168799,abstraction:IsAChildOf,R-HSA-5339562
R-HSA-5210891,abstraction:IsAChildOf,R-HSA-5339562
R-HSA-5336415,abstraction:IsAChildOf,R-HSA-5339562
R-HSA-8942233,abstraction:IsAChildOf,R-HSA-5339562
R-HSA-2029481,abstraction:IsAChildOf,R-HSA-2029480
R-HSA-2029482,abstraction:IsAChildOf,R-HSA-2029480
R-HSA-2029485,abstraction:IsAChildOf,R-HSA-2029480
R-HSA-1462054,abstraction:IsAChildOf,R-HSA-1461973
R-HSA-1461957,abstraction:IsAChildOf,R-HSA-1461973
R-HSA-9924644,abstraction:IsAChildOf,R-HSA-9734779
R-HSA-9725554,abstraction:IsAChildOf,R-HSA-9734779
R-HSA-71291,abstraction:IsAChildOf,R-HSA-1430728
R-HSA-211859,abstraction:IsAChildOf,R-HSA-1430728
R-HSA-2564830,abstraction:IsAChildOf,R-HSA-1430728
R-HSA-556833,abstraction:IsAChildOf,R-HSA-1430728
R-HSA-15869,abstraction:IsAChildOf,R-HSA-1430728
R-HSA-1475029,abstraction:IsAChildOf,R-HSA-1430728
R-HSA-163685,abstraction:IsAChildOf,R-HSA-1430728
R-HSA-1483249,abstraction:IsAChildOf,R-HSA-1430728
R-HSA-189445,abstraction:IsAChildOf,R-HSA-1430728
R-HSA-71387,abstraction:IsAChildOf,R-HSA-1430728
R-HSA-71737,abstraction:IsAChildOf,R-HSA-1430728
R-HSA-1428517,abstraction:IsAChildOf,R-HSA-1430728
R-HSA-196854,abstraction:IsAChildOf,R-HSA-1430728
R-HSA-202131,abstraction:IsAChildOf,R-HSA-1430728
R-HSA-1362409,abstraction:IsAChildOf,R-HSA-1430728
R-HSA-9762114,abstraction:IsAChildOf,R-HSA-9759194
R-HSA-9818035,abstraction:IsAChildOf,R-HSA-9759194
R-HSA-9818032,abstraction:IsAChildOf,R-HSA-9759194
R-HSA-9818030,abstraction:IsAChildOf,R-HSA-9759194
R-HSA-9818025,abstraction:IsAChildOf,R-HSA-9759194
R-HSA-9818028,abstraction:IsAChildOf,R-HSA-9759194
R-HSA-9818027,abstraction:IsAChildOf,R-HSA-9759194
R-HSA-9818749,abstraction:IsAChildOf,R-HSA-9759194
R-HSA-9818026,abstraction:IsAChildOf,R-HSA-9759194
R-HSA-9636467,abstraction:IsAChildOf,R-HSA-9637687
R-HSA-9636249,abstraction:IsAChildOf,R-HSA-9637687
R-HSA-9636383,abstraction:IsAChildOf,R-HSA-9637687
R-HSA-164944,abstraction:IsAChildOf,R-HSA-164952
R-HSA-164938,abstraction:IsAChildOf,R-HSA-164952
R-HSA-6804114,abstraction:IsAChildOf,R-HSA-6791312
R-HSA-6804116,abstraction:IsAChildOf,R-HSA-6791312
R-HSA-6804115,abstraction:IsAChildOf,R-HSA-6791312
R-HSA-111457,abstraction:IsAChildOf,R-HSA-111471
R-HSA-111469,abstraction:IsAChildOf,R-HSA-111471
R-HSA-111461,abstraction:IsAChildOf,R-HSA-111471
R-HSA-168179,abstraction:IsAChildOf,R-HSA-181438
R-HSA-168188,abstraction:IsAChildOf,R-HSA-181438
R-HSA-69205,abstraction:IsAChildOf,R-HSA-69206
R-HSA-69202,abstraction:IsAChildOf,R-HSA-69206
R-HSA-113510,abstraction:IsAChildOf,R-HSA-69206
R-HSA-68962,abstraction:IsAChildOf,R-HSA-69206
R-HSA-9918440,abstraction:IsAChildOf,R-HSA-2453864
R-HSA-9918443,abstraction:IsAChildOf,R-HSA-2453864
R-HSA-2466712,abstraction:IsAChildOf,R-HSA-2453864
R-HSA-9918436,abstraction:IsAChildOf,R-HSA-2453864
R-HSA-9918449,abstraction:IsAChildOf,R-HSA-2453864
R-HSA-9918454,abstraction:IsAChildOf,R-HSA-2453864
R-HSA-9918450,abstraction:IsAChildOf,R-HSA-2453864
R-HSA-9918438,abstraction:IsAChildOf,R-HSA-2453864
R-HSA-9918442,abstraction:IsAChildOf,R-HSA-2453864
R-HSA-606279,abstraction:IsAChildOf,R-HSA-774815
R-HSA-5632681,abstraction:IsAChildOf,R-HSA-5632684
R-HSA-5635838,abstraction:IsAChildOf,R-HSA-5632684
R-HSA-5635851,abstraction:IsAChildOf,R-HSA-5632684
R-HSA-5419276,abstraction:IsAChildOf,R-HSA-5368287
R-HSA-5368286,abstraction:IsAChildOf,R-HSA-5368287
R-HSA-5389840,abstraction:IsAChildOf,R-HSA-5368287
R-HSA-9937383,abstraction:IsAChildOf,R-HSA-5368287
R-HSA-5362798,abstraction:IsAChildOf,R-HSA-5358346
R-HSA-9637628,abstraction:IsAChildOf,R-HSA-9635486
R-HSA-9637679,abstraction:IsAChildOf,R-HSA-9635486
R-HSA-9637690,abstraction:IsAChildOf,R-HSA-9635486
R-HSA-9639775,abstraction:IsAChildOf,R-HSA-9635486
R-HSA-1222499,abstraction:IsAChildOf,R-HSA-9635486
R-HSA-9762293,abstraction:IsAChildOf,R-HSA-9759475
R-HSA-9762292,abstraction:IsAChildOf,R-HSA-9759475
R-HSA-9759811,abstraction:IsAChildOf,R-HSA-9759475
R-HSA-8849469,abstraction:IsAChildOf,R-HSA-8848021
R-HSA-8849474,abstraction:IsAChildOf,R-HSA-8848021
R-HSA-8849472,abstraction:IsAChildOf,R-HSA-8848021
R-HSA-8849473,abstraction:IsAChildOf,R-HSA-8848021
R-HSA-8849470,abstraction:IsAChildOf,R-HSA-8848021
R-HSA-8847993,abstraction:IsAChildOf,R-HSA-8848021
R-HSA-8849468,abstraction:IsAChildOf,R-HSA-8848021
R-HSA-8849471,abstraction:IsAChildOf,R-HSA-8848021
R-HSA-8857538,abstraction:IsAChildOf,R-HSA-8848021
R-HSA-622327,abstraction:IsAChildOf,R-HSA-181431
R-HSA-622323,abstraction:IsAChildOf,R-HSA-181431
R-HSA-8853334,abstraction:IsAChildOf,R-HSA-2033514
R-HSA-1839130,abstraction:IsAChildOf,R-HSA-2033514
R-HSA-2033515,abstraction:IsAChildOf,R-HSA-2033514
R-HSA-5654227,abstraction:IsAChildOf,R-HSA-5654708
R-HSA-5654706,abstraction:IsAChildOf,R-HSA-5654708
R-HSA-5654704,abstraction:IsAChildOf,R-HSA-5654708
R-HSA-5654710,abstraction:IsAChildOf,R-HSA-5654708
R-HSA-112399,abstraction:IsAChildOf,R-HSA-2428928
R-HSA-9768759,abstraction:IsAChildOf,R-HSA-9634815
R-HSA-9768919,abstraction:IsAChildOf,R-HSA-9634815
R-HSA-9022535,abstraction:IsAChildOf,R-HSA-9005891
R-HSA-9022534,abstraction:IsAChildOf,R-HSA-9005891
R-HSA-9022537,abstraction:IsAChildOf,R-HSA-9005891
R-HSA-9022538,abstraction:IsAChildOf,R-HSA-9005891
R-HSA-5223345,abstraction:IsAChildOf,R-HSA-382551
R-HSA-8981607,abstraction:IsAChildOf,R-HSA-382551
R-HSA-445717,abstraction:IsAChildOf,R-HSA-382551
R-HSA-8949215,abstraction:IsAChildOf,R-HSA-382551
R-HSA-174824,abstraction:IsAChildOf,R-HSA-382551
R-HSA-425407,abstraction:IsAChildOf,R-HSA-382551
R-HSA-917937,abstraction:IsAChildOf,R-HSA-382551
R-HSA-382556,abstraction:IsAChildOf,R-HSA-382551
R-HSA-9845576,abstraction:IsAChildOf,R-HSA-382551
R-HSA-983712,abstraction:IsAChildOf,R-HSA-382551
R-HSA-1480926,abstraction:IsAChildOf,R-HSA-382551
R-HSA-446219,abstraction:IsAChildOf,R-HSA-446193
R-HSA-9758890,abstraction:IsAChildOf,R-HSA-196741
R-HSA-9759218,abstraction:IsAChildOf,R-HSA-196741
R-HSA-9758881,abstraction:IsAChildOf,R-HSA-196741
R-HSA-69231,abstraction:IsAChildOf,R-HSA-69236
R-HSA-9772755,abstraction:IsAChildOf,R-HSA-9917777
R-HSA-9818564,abstraction:IsAChildOf,R-HSA-9917777
R-HSA-381771,abstraction:IsAChildOf,R-HSA-400508
R-HSA-400511,abstraction:IsAChildOf,R-HSA-400508
R-HSA-1839124,abstraction:IsAChildOf,R-HSA-5655302
R-HSA-73817,abstraction:IsAChildOf,R-HSA-8956320
R-HSA-500753,abstraction:IsAChildOf,R-HSA-8956320
R-HSA-3323169,abstraction:IsAChildOf,R-HSA-3296482
R-HSA-3296469,abstraction:IsAChildOf,R-HSA-3296482
R-HSA-140834,abstraction:IsAChildOf,R-HSA-140877
R-HSA-140875,abstraction:IsAChildOf,R-HSA-140877
R-HSA-140837,abstraction:IsAChildOf,R-HSA-140877
R-HSA-9634285,abstraction:IsAChildOf,R-HSA-1227990
R-HSA-9665737,abstraction:IsAChildOf,R-HSA-1227990
R-HSA-9664565,abstraction:IsAChildOf,R-HSA-1227990
R-HSA-9665348,abstraction:IsAChildOf,R-HSA-1227990
R-HSA-9665230,abstraction:IsAChildOf,R-HSA-1227990
R-HSA-9665686,abstraction:IsAChildOf,R-HSA-1227990
R-HSA-422475,abstraction:IsAChildOf,R-HSA-9675108
R-HSA-9619665,abstraction:IsAChildOf,R-HSA-9675108
R-HSA-446343,abstraction:IsAChildOf,R-HSA-446353
R-HSA-446388,abstraction:IsAChildOf,R-HSA-446353
R-HSA-195258,abstraction:IsAChildOf,R-HSA-194315
R-HSA-9012999,abstraction:IsAChildOf,R-HSA-194315
R-HSA-447115,abstraction:IsAChildOf,R-HSA-449147
R-HSA-449836,abstraction:IsAChildOf,R-HSA-449147
R-HSA-512988,abstraction:IsAChildOf,R-HSA-449147
R-HSA-8854691,abstraction:IsAChildOf,R-HSA-449147
R-HSA-446652,abstraction:IsAChildOf,R-HSA-449147
R-HSA-6785807,abstraction:IsAChildOf,R-HSA-449147
R-HSA-1266695,abstraction:IsAChildOf,R-HSA-449147
R-HSA-6783589,abstraction:IsAChildOf,R-HSA-449147
R-HSA-448424,abstraction:IsAChildOf,R-HSA-449147
R-HSA-6783783,abstraction:IsAChildOf,R-HSA-449147
R-HSA-451927,abstraction:IsAChildOf,R-HSA-449147
R-HSA-111464,abstraction:IsAChildOf,R-HSA-111469
R-HSA-111463,abstraction:IsAChildOf,R-HSA-111469
R-HSA-1295596,abstraction:IsAChildOf,R-HSA-5654726
R-HSA-9026290,abstraction:IsAChildOf,R-HSA-9025094
R-HSA-9026286,abstraction:IsAChildOf,R-HSA-9025094
R-HSA-9026403,abstraction:IsAChildOf,R-HSA-9025094
R-HSA-500657,abstraction:IsAChildOf,R-HSA-451326
R-HSA-451306,abstraction:IsAChildOf,R-HSA-451326
R-HSA-176417,abstraction:IsAChildOf,R-HSA-176408
R-HSA-174113,abstraction:IsAChildOf,R-HSA-176408
R-HSA-141405,abstraction:IsAChildOf,R-HSA-176408
R-HSA-5365859,abstraction:IsAChildOf,R-HSA-5362517
R-HSA-6807505,abstraction:IsAChildOf,R-HSA-73857
R-HSA-212436,abstraction:IsAChildOf,R-HSA-73857
R-HSA-674695,abstraction:IsAChildOf,R-HSA-73857
R-HSA-73856,abstraction:IsAChildOf,R-HSA-73857
R-HSA-73779,abstraction:IsAChildOf,R-HSA-73857
R-HSA-77075,abstraction:IsAChildOf,R-HSA-73857
R-HSA-76042,abstraction:IsAChildOf,R-HSA-73857
R-HSA-75955,abstraction:IsAChildOf,R-HSA-73857
R-HSA-2142770,abstraction:IsAChildOf,R-HSA-2142753
R-HSA-2142816,abstraction:IsAChildOf,R-HSA-2142753
R-HSA-2142688,abstraction:IsAChildOf,R-HSA-2142753
R-HSA-2142696,abstraction:IsAChildOf,R-HSA-2142753
R-HSA-2142670,abstraction:IsAChildOf,R-HSA-2142753
R-HSA-2142691,abstraction:IsAChildOf,R-HSA-2142753
R-HSA-2142712,abstraction:IsAChildOf,R-HSA-2142753
R-HSA-2162123,abstraction:IsAChildOf,R-HSA-2142753
R-HSA-73887,abstraction:IsAChildOf,R-HSA-162582
R-HSA-195721,abstraction:IsAChildOf,R-HSA-162582
R-HSA-354192,abstraction:IsAChildOf,R-HSA-162582
R-HSA-9006931,abstraction:IsAChildOf,R-HSA-162582
R-HSA-9716542,abstraction:IsAChildOf,R-HSA-162582
R-HSA-2586552,abstraction:IsAChildOf,R-HSA-162582
R-HSA-372790,abstraction:IsAChildOf,R-HSA-162582
R-HSA-2028269,abstraction:IsAChildOf,R-HSA-162582
R-HSA-5358351,abstraction:IsAChildOf,R-HSA-162582
R-HSA-9006335,abstraction:IsAChildOf,R-HSA-162582
R-HSA-9006925,abstraction:IsAChildOf,R-HSA-162582
R-HSA-165159,abstraction:IsAChildOf,R-HSA-162582
R-HSA-5683057,abstraction:IsAChildOf,R-HSA-162582
R-HSA-157118,abstraction:IsAChildOf,R-HSA-162582
R-HSA-9006927,abstraction:IsAChildOf,R-HSA-162582
R-HSA-9006934,abstraction:IsAChildOf,R-HSA-162582
R-HSA-9006936,abstraction:IsAChildOf,R-HSA-162582
R-HSA-5579016,abstraction:IsAChildOf,R-HSA-5579029
R-HSA-5579027,abstraction:IsAChildOf,R-HSA-5579029
R-HSA-5579021,abstraction:IsAChildOf,R-HSA-5579029
R-HSA-5579000,abstraction:IsAChildOf,R-HSA-5579029
R-HSA-5579006,abstraction:IsAChildOf,R-HSA-5579029
R-HSA-5579030,abstraction:IsAChildOf,R-HSA-5579029
R-HSA-5579028,abstraction:IsAChildOf,R-HSA-5579029
R-HSA-5579015,abstraction:IsAChildOf,R-HSA-5579029
R-HSA-5579020,abstraction:IsAChildOf,R-HSA-5579029
R-HSA-5579011,abstraction:IsAChildOf,R-HSA-5579029
R-HSA-5579026,abstraction:IsAChildOf,R-HSA-5579029
R-HSA-5579010,abstraction:IsAChildOf,R-HSA-5579029
R-HSA-5578998,abstraction:IsAChildOf,R-HSA-5579029
R-HSA-5579022,abstraction:IsAChildOf,R-HSA-5579029
R-HSA-5579002,abstraction:IsAChildOf,R-HSA-5579029
R-HSA-5578995,abstraction:IsAChildOf,R-HSA-5579029
R-HSA-5579004,abstraction:IsAChildOf,R-HSA-5579029
R-HSA-5579007,abstraction:IsAChildOf,R-HSA-5579029
R-HSA-5579005,abstraction:IsAChildOf,R-HSA-5579029
R-HSA-5579013,abstraction:IsAChildOf,R-HSA-5579029
R-HSA-5579012,abstraction:IsAChildOf,R-HSA-5579029
R-HSA-5579017,abstraction:IsAChildOf,R-HSA-5579029
R-HSA-5578996,abstraction:IsAChildOf,R-HSA-5579029
R-HSA-5578997,abstraction:IsAChildOf,R-HSA-5579029
R-HSA-5579014,abstraction:IsAChildOf,R-HSA-5579029
R-HSA-5579024,abstraction:IsAChildOf,R-HSA-5579029
R-HSA-5579019,abstraction:IsAChildOf,R-HSA-5579029
R-HSA-5579009,abstraction:IsAChildOf,R-HSA-5579029
R-HSA-5579032,abstraction:IsAChildOf,R-HSA-5579029
R-HSA-5578999,abstraction:IsAChildOf,R-HSA-5579029
R-HSA-9035968,abstraction:IsAChildOf,R-HSA-5579029
R-HSA-211163,abstraction:IsAChildOf,R-HSA-210745
R-HSA-1295596,abstraction:IsAChildOf,R-HSA-5654732
R-HSA-211945,abstraction:IsAChildOf,R-HSA-211859
R-HSA-156580,abstraction:IsAChildOf,R-HSA-211859
R-HSA-5423646,abstraction:IsAChildOf,R-HSA-211859
R-HSA-9694682,abstraction:IsAChildOf,R-HSA-9772572
R-HSA-9694676,abstraction:IsAChildOf,R-HSA-9772572
R-HSA-9694614,abstraction:IsAChildOf,R-HSA-9772572
R-HSA-3000484,abstraction:IsAChildOf,R-HSA-2173782
R-HSA-3000480,abstraction:IsAChildOf,R-HSA-2173782
R-HSA-2168880,abstraction:IsAChildOf,R-HSA-2173782
R-HSA-3000497,abstraction:IsAChildOf,R-HSA-2173782
R-HSA-3000471,abstraction:IsAChildOf,R-HSA-2173782
R-HSA-418217,abstraction:IsAChildOf,R-HSA-397795
R-HSA-392451,abstraction:IsAChildOf,R-HSA-397795
R-HSA-8964315,abstraction:IsAChildOf,R-HSA-397795
R-HSA-8964616,abstraction:IsAChildOf,R-HSA-397795
R-HSA-174143,abstraction:IsAChildOf,R-HSA-453276
R-HSA-4549356,abstraction:IsAChildOf,R-HSA-3781860
R-HSA-4549380,abstraction:IsAChildOf,R-HSA-3781860
R-HSA-4720489,abstraction:IsAChildOf,R-HSA-3781860
R-HSA-4793952,abstraction:IsAChildOf,R-HSA-3781860
R-HSA-4793954,abstraction:IsAChildOf,R-HSA-3781860
R-HSA-4570571,abstraction:IsAChildOf,R-HSA-3781860
R-HSA-4793950,abstraction:IsAChildOf,R-HSA-3781860
R-HSA-4793953,abstraction:IsAChildOf,R-HSA-3781860
R-HSA-4549349,abstraction:IsAChildOf,R-HSA-3781860
R-HSA-4724289,abstraction:IsAChildOf,R-HSA-3781860
R-HSA-4341670,abstraction:IsAChildOf,R-HSA-3781860
R-HSA-5633231,abstraction:IsAChildOf,R-HSA-3781860
R-HSA-4720454,abstraction:IsAChildOf,R-HSA-3781860
R-HSA-4724325,abstraction:IsAChildOf,R-HSA-3781860
R-HSA-4687000,abstraction:IsAChildOf,R-HSA-3781860
R-HSA-4551295,abstraction:IsAChildOf,R-HSA-3781860
R-HSA-4720475,abstraction:IsAChildOf,R-HSA-3781860
R-HSA-3322077,abstraction:IsAChildOf,R-HSA-8982491
R-HSA-70221,abstraction:IsAChildOf,R-HSA-8982491
R-HSA-9754119,abstraction:IsAChildOf,R-HSA-69231
R-HSA-190861,abstraction:IsAChildOf,R-HSA-190828
R-HSA-190873,abstraction:IsAChildOf,R-HSA-190828
R-HSA-420597,abstraction:IsAChildOf,R-HSA-418990
R-HSA-9759476,abstraction:IsAChildOf,R-HSA-418990
R-HSA-164940,abstraction:IsAChildOf,R-HSA-164938
R-HSA-167590,abstraction:IsAChildOf,R-HSA-164938
R-HSA-182218,abstraction:IsAChildOf,R-HSA-164938
R-HSA-164939,abstraction:IsAChildOf,R-HSA-164938
R-HSA-114508,abstraction:IsAChildOf,R-HSA-416476
R-HSA-881907,abstraction:IsAChildOf,R-HSA-416476
R-HSA-9630750,abstraction:IsAChildOf,R-HSA-9630747
R-HSA-9632693,abstraction:IsAChildOf,R-HSA-9630747
R-HSA-9646303,abstraction:IsAChildOf,R-HSA-9630747
R-HSA-9646304,abstraction:IsAChildOf,R-HSA-9630747
R-HSA-9931521,abstraction:IsAChildOf,R-HSA-9909396
R-HSA-9931509,abstraction:IsAChildOf,R-HSA-9909396
R-HSA-9931512,abstraction:IsAChildOf,R-HSA-9909396
R-HSA-1368108,abstraction:IsAChildOf,R-HSA-9909396
R-HSA-9933387,abstraction:IsAChildOf,R-HSA-9909396
R-HSA-9931529,abstraction:IsAChildOf,R-HSA-9909396
R-HSA-9931530,abstraction:IsAChildOf,R-HSA-9909396
R-HSA-9932298,abstraction:IsAChildOf,R-HSA-9909396
R-HSA-9931510,abstraction:IsAChildOf,R-HSA-9909396
R-HSA-453276,abstraction:IsAChildOf,R-HSA-69278
R-HSA-453274,abstraction:IsAChildOf,R-HSA-69278
R-HSA-68886,abstraction:IsAChildOf,R-HSA-69278
R-HSA-69242,abstraction:IsAChildOf,R-HSA-69278
R-HSA-453279,abstraction:IsAChildOf,R-HSA-69278
R-HSA-936837,abstraction:IsAChildOf,R-HSA-983712
R-HSA-2672351,abstraction:IsAChildOf,R-HSA-983712
R-HSA-9932451,abstraction:IsAChildOf,R-HSA-9932444
R-HSA-844455,abstraction:IsAChildOf,R-HSA-622312
R-HSA-844456,abstraction:IsAChildOf,R-HSA-622312
R-HSA-844615,abstraction:IsAChildOf,R-HSA-622312
R-HSA-844623,abstraction:IsAChildOf,R-HSA-622312
R-HSA-5624958,abstraction:IsAChildOf,R-HSA-5620920
R-HSA-5624138,abstraction:IsAChildOf,R-HSA-5620920
R-HSA-5620922,abstraction:IsAChildOf,R-HSA-5620920
R-HSA-5620916,abstraction:IsAChildOf,R-HSA-5620920
R-HSA-2022923,abstraction:IsAChildOf,R-HSA-1793185
R-HSA-2022870,abstraction:IsAChildOf,R-HSA-1793185
R-HSA-2024101,abstraction:IsAChildOf,R-HSA-1793185
R-HSA-9664422,abstraction:IsAChildOf,R-HSA-9664417
R-HSA-9828642,abstraction:IsAChildOf,R-HSA-9820965
R-HSA-9834752,abstraction:IsAChildOf,R-HSA-9820965
R-HSA-9828721,abstraction:IsAChildOf,R-HSA-9820965
R-HSA-9828806,abstraction:IsAChildOf,R-HSA-9820965
R-HSA-6807070,abstraction:IsAChildOf,R-HSA-1257604
R-HSA-199418,abstraction:IsAChildOf,R-HSA-1257604
R-HSA-198693,abstraction:IsAChildOf,R-HSA-1257604
R-HSA-198323,abstraction:IsAChildOf,R-HSA-1257604
R-HSA-180897,abstraction:IsAChildOf,R-HSA-176033
R-HSA-180910,abstraction:IsAChildOf,R-HSA-176033
R-HSA-3785653,abstraction:IsAChildOf,R-HSA-3229121
R-HSA-3274531,abstraction:IsAChildOf,R-HSA-3229121
R-HSA-3858516,abstraction:IsAChildOf,R-HSA-3229121
R-HSA-3828062,abstraction:IsAChildOf,R-HSA-3229121
R-HSA-3229133,abstraction:IsAChildOf,R-HSA-3229121
R-HSA-3282872,abstraction:IsAChildOf,R-HSA-3229121
R-HSA-3878781,abstraction:IsAChildOf,R-HSA-3229121
R-HSA-5357609,abstraction:IsAChildOf,R-HSA-3229121
R-HSA-3814836,abstraction:IsAChildOf,R-HSA-3229121
R-HSA-416993,abstraction:IsAChildOf,R-HSA-399719
R-HSA-1912399,abstraction:IsAChildOf,R-HSA-1912422
R-HSA-1912420,abstraction:IsAChildOf,R-HSA-1912422
R-HSA-1912408,abstraction:IsAChildOf,R-HSA-1912422
R-HSA-196025,abstraction:IsAChildOf,R-HSA-190873
R-HSA-9766229,abstraction:IsAChildOf,R-HSA-9764561
R-HSA-1474151,abstraction:IsAChildOf,R-HSA-8978934
R-HSA-389542,abstraction:IsAChildOf,R-HSA-8978934
R-HSA-2142789,abstraction:IsAChildOf,R-HSA-8978934
R-HSA-1280218,abstraction:IsAChildOf,R-HSA-168256
R-HSA-168249,abstraction:IsAChildOf,R-HSA-168256
R-HSA-1280215,abstraction:IsAChildOf,R-HSA-168256
R-HSA-8876493,abstraction:IsAChildOf,R-HSA-8876384
R-HSA-8875360,abstraction:IsAChildOf,R-HSA-8876384
R-HSA-8868773,abstraction:IsAChildOf,R-HSA-72312
R-HSA-8868766,abstraction:IsAChildOf,R-HSA-72312
R-HSA-190373,abstraction:IsAChildOf,R-HSA-190242
R-HSA-190370,abstraction:IsAChildOf,R-HSA-190242
R-HSA-190374,abstraction:IsAChildOf,R-HSA-190242
R-HSA-2160916,abstraction:IsAChildOf,R-HSA-2142845
R-HSA-9759194,abstraction:IsAChildOf,R-HSA-9755511
R-HSA-9708530,abstraction:IsAChildOf,R-HSA-9755511
R-HSA-6796648,abstraction:IsAChildOf,R-HSA-3700989
R-HSA-5628897,abstraction:IsAChildOf,R-HSA-3700989
R-HSA-6791312,abstraction:IsAChildOf,R-HSA-3700989
R-HSA-5633007,abstraction:IsAChildOf,R-HSA-3700989
R-HSA-5633008,abstraction:IsAChildOf,R-HSA-3700989
R-HSA-3304347,abstraction:IsAChildOf,R-HSA-3304351
R-HSA-3656534,abstraction:IsAChildOf,R-HSA-3304351
R-HSA-3304349,abstraction:IsAChildOf,R-HSA-3304351
R-HSA-3642278,abstraction:IsAChildOf,R-HSA-3304351
R-HSA-159231,abstraction:IsAChildOf,R-HSA-159234
R-HSA-159230,abstraction:IsAChildOf,R-HSA-159234
R-HSA-159227,abstraction:IsAChildOf,R-HSA-159234
R-HSA-5602358,abstraction:IsAChildOf,R-HSA-5260271
R-HSA-9652282,abstraction:IsAChildOf,R-HSA-1227986
R-HSA-8863795,abstraction:IsAChildOf,R-HSA-1227986
R-HSA-1251932,abstraction:IsAChildOf,R-HSA-1227986
R-HSA-1250196,abstraction:IsAChildOf,R-HSA-1227986
R-HSA-1306955,abstraction:IsAChildOf,R-HSA-1227986
R-HSA-6785631,abstraction:IsAChildOf,R-HSA-1227986
R-HSA-8847993,abstraction:IsAChildOf,R-HSA-1227986
R-HSA-1963640,abstraction:IsAChildOf,R-HSA-1227986
R-HSA-1963642,abstraction:IsAChildOf,R-HSA-1227986
R-HSA-1461973,abstraction:IsAChildOf,R-HSA-6803157
R-HSA-6799990,abstraction:IsAChildOf,R-HSA-6803157
R-HSA-6803544,abstraction:IsAChildOf,R-HSA-6803157
R-HSA-5250924,abstraction:IsAChildOf,R-HSA-5250913
R-HSA-427389,abstraction:IsAChildOf,R-HSA-5250913
R-HSA-9027276,abstraction:IsAChildOf,R-HSA-9006335
R-HSA-9027277,abstraction:IsAChildOf,R-HSA-9006335
R-HSA-9027284,abstraction:IsAChildOf,R-HSA-9006335
R-HSA-9027283,abstraction:IsAChildOf,R-HSA-9006335
R-HSA-191650,abstraction:IsAChildOf,R-HSA-157858
R-HSA-190828,abstraction:IsAChildOf,R-HSA-157858
R-HSA-9954716,abstraction:IsAChildOf,R-HSA-9948299
R-HSA-9954709,abstraction:IsAChildOf,R-HSA-9948299
R-HSA-9954714,abstraction:IsAChildOf,R-HSA-9948299
R-HSA-9930044,abstraction:IsAChildOf,R-HSA-8953854
R-HSA-927802,abstraction:IsAChildOf,R-HSA-8953854
R-HSA-9937008,abstraction:IsAChildOf,R-HSA-8953854
R-HSA-450531,abstraction:IsAChildOf,R-HSA-8953854
R-HSA-75067,abstraction:IsAChildOf,R-HSA-8953854
R-HSA-428359,abstraction:IsAChildOf,R-HSA-8953854
R-HSA-9836573,abstraction:IsAChildOf,R-HSA-8953854
R-HSA-72086,abstraction:IsAChildOf,R-HSA-8953854
R-HSA-75072,abstraction:IsAChildOf,R-HSA-8953854
R-HSA-194441,abstraction:IsAChildOf,R-HSA-8953854
R-HSA-72312,abstraction:IsAChildOf,R-HSA-8953854
R-HSA-72306,abstraction:IsAChildOf,R-HSA-8953854
R-HSA-429914,abstraction:IsAChildOf,R-HSA-8953854
R-HSA-72203,abstraction:IsAChildOf,R-HSA-8953854
